5185
143 68 3 100 75434 0.000001
360 91 3 100 12217 0.000001
301 48 3 100 74402 0.000002
251 201 3 100 34464 0.000003
324 123 3 100 26331 0.000003
189 394 3 100 1843819 0.000007
287 191 3 100 2160833 0.000007
131 111 3 100 1670232 0.000009
307 323 3 100 17948 0.000009
370 74 3 100 2401113 0.000009
399 220 3 100 962932 0.000009
363 248 3 100 2986 0.000013
231 246 3 100 57020 0.000014
220 400 3 100 9228 0.000015
151 186 3 100 96785 0.000016
349 307 3 100 511707 0.000017
300 331 3 100 593 0.000018
277 270 3 100 69413 0.000019
188 221 3 100 5730 0.000021
158 290 3 100 745500 0.000022
111 144 3 100 3941 0.000022
374 273 3 100 78577 0.000023
190 289 3 100 19492 0.000023
144 73 3 100 58258 0.000024
22 218 3 100 2195040 0.000024
119 200 3 100 1735298 0.000024
95 273 3 100 1930114 0.000024
329 46 3 100 870792 0.000025
143 365 3 100 56694 0.000026
210 148 3 100 2079159 0.000027
218 364 3 100 90093 0.000031
265 23 3 100 1660690 0.000032
278 328 3 100 2045168 0.000033
271 288 3 100 763760 0.000033
95 204 3 100 2543378 0.000033
370 153 3 100 14909 0.000034
93 344 3 100 63353 0.000035
276 177 3 100 2067178 0.000038
191 199 3 100 82747 0.000038
201 382 3 100 1871961 0.000039
276 286 3 100 2250277 0.000039
103 197 3 100 74959 0.000039
166 131 3 100 992686 0.000041
195 163 3 100 135211 0.000042
102 392 3 100 1743650 0.000043
79 399 3 100 2075432 0.000043
64 369 3 100 2248273 0.000043
395 212 3 100 77652 0.000043
333 21 3 100 57117 0.000045
190 283 3 100 91151 0.000045
402 385 3 100 442831 0.000045
298 362 3 100 11737 0.000045
389 374 3 100 69019 0.000046
357 36 3 100 1942608 0.000046
258 348 3 100 39111 0.000046
310 123 3 100 2010382 0.000047
384 300 3 100 80732 0.000047
114 131 3 100 70256 0.000048
88 301 3 100 14108 0.000048
291 401 3 100 77935 0.000050
334 282 3 100 17973 0.000052
112 366 3 100 650400 0.000053
244 318 3 100 2275029 0.000057
309 27 3 100 2329831 0.000057
99 400 3 100 8583 0.000059
66 117 3 100 11924 0.000060
187 48 3 100 10451 0.000060
221 156 3 100 81312 0.000060
231 393 3 100 56034 0.000063
168 333 3 100 421422 0.000064
99 358 3 100 2262318 0.000065
278 199 3 100 27273 0.000065
308 23 3 100 523426 0.000066
292 297 3 100 52811 0.000066
235 75 3 100 42232 0.000068
153 80 3 100 11526 0.000071
24 31 3 100 1028059 0.000075
90 223 3 100 85244 0.000076
382 326 3 100 91932 0.000077
305 56 3 100 2169237 0.000078
275 314 3 100 7652 0.000078
40 383 3 100 100803 0.000081
343 379 3 100 40303 0.000082
95 305 3 100 480 0.000083
211 116 3 100 2179128 0.000084
70 324 3 100 59037 0.000085
210 338 3 100 85829 0.000085
36 326 3 100 67736 0.000087
103 327 3 100 2340141 0.000091
277 107 3 100 61295 0.000091
391 202 3 100 30967 0.000091
254 146 3 100 985123 0.000094
154 36 3 100 1987643 0.000095
190 355 3 100 1843427 0.000097
343 54 3 100 68705 0.000098
135 54 3 100 1778213 0.000099
150 397 3 100 1885725 0.000100
256 376 3 100 2012532 0.000101
285 190 3 100 1938611 0.000104
284 365 3 100 93878 0.000106
395 158 3 100 1627366 0.000107
106 272 3 100 18009 0.000107
173 70 3 100 567182 0.000108
221 201 3 100 7326 0.000109
78 153 3 100 3449 0.000109
314 227 3 100 34279 0.000114
240 83 3 100 22395 0.000114
356 206 3 100 1759258 0.000116
309 24 3 100 86552 0.000116
44 366 3 100 1015151 0.000116
46 146 3 100 54763 0.000117
44 240 3 100 2277397 0.000118
246 359 3 100 81027 0.000120
104 44 3 100 104352 0.000121
383 316 3 100 28460 0.000121
272 29 3 100 2313676 0.000121
99 21 3 100 2078974 0.000122
165 324 3 100 1691078 0.000122
91 379 3 100 2370706 0.000123
187 328 3 100 57199 0.000123
123 141 3 100 379987 0.000124
20 297 3 100 31160 0.000126
161 320 3 100 103223 0.000126
325 307 3 100 102846 0.000126
385 224 3 100 1022097 0.000128
366 32 3 100 1826767 0.000129
336 252 3 100 1684422 0.000130
135 315 3 100 36063 0.000130
239 203 3 100 2204771 0.000131
179 291 3 100 71176 0.000131
377 362 3 100 23620 0.000133
333 224 3 100 21165 0.000133
304 31 3 100 61931 0.000133
143 42 3 100 104543 0.000134
268 258 3 100 27826 0.000134
362 263 3 100 1205 0.000135
42 258 3 100 582905 0.000136
284 97 3 100 1900411 0.000137
106 200 3 100 62576 0.000137
388 113 3 100 1693051 0.000138
147 90 3 100 2260978 0.000139
294 109 3 100 2467527 0.000140
60 88 3 100 58364 0.000140
230 181 3 100 375515 0.000140
232 38 3 100 62796 0.000143
227 80 3 100 2201866 0.000143
48 33 3 100 1870008 0.000147
371 161 3 100 964415 0.000149
393 364 3 100 990777 0.000149
193 144 3 100 74060 0.000152
395 109 3 100 16506 0.000154
372 228 3 100 43329 0.000155
60 87 3 100 5030 0.000159
24 112 3 100 15857 0.000160
86 164 3 100 607702 0.000160
58 70 3 100 1570325 0.000161
124 122 3 100 2302247 0.000161
53 359 3 100 4668 0.000162
114 223 3 100 17911 0.000163
168 33 3 100 80703 0.000164
140 362 3 100 87727 0.000164
85 268 3 100 91767 0.000165
250 321 3 100 14189 0.000166
391 173 3 100 321772 0.000167
343 276 3 100 2312315 0.000168
372 24 3 100 75155 0.000169
58 206 3 100 470361 0.000170
238 111 3 100 228841 0.000171
309 326 3 100 75624 0.000171
228 209 3 100 92619 0.000171
335 281 3 100 49411 0.000171
297 324 3 100 77492 0.000172
182 343 3 100 1003862 0.000174
248 202 3 100 41425 0.000176
145 108 3 100 1674885 0.000177
278 113 3 100 54748 0.000179
72 166 3 100 1844221 0.000180
369 193 3 100 45207 0.000180
240 250 3 100 2527379 0.000181
212 276 3 100 626341 0.000181
229 344 3 100 252140 0.000182
274 321 3 100 778268 0.000182
233 71 3 100 2404384 0.000182
254 280 3 100 45267 0.000183
216 26 3 100 856423 0.000184
256 43 3 100 566934 0.000185
179 240 3 100 445029 0.000186
83 42 3 100 900933 0.000187
295 100 3 100 43724 0.000187
354 364 3 100 61210 0.000188
245 155 3 100 100163 0.000190
269 230 3 100 2193539 0.000190
403 121 3 100 88871 0.000190
330 275 3 100 75659 0.000191
317 256 3 100 70951 0.000192
297 294 3 100 17099 0.000193
380 357 3 100 2922 0.000194
376 78 3 100 57137 0.000194
258 200 3 100 49622 0.000195
240 87 3 100 2185601 0.000198
105 165 3 100 44466 0.000198
200 151 3 100 627669 0.000199
117 203 3 100 22191 0.000199
165 261 3 100 2104639 0.000200
323 146 3 100 2565685 0.000201
395 82 3 100 134769 0.000204
50 397 3 100 82886 0.000204
252 83 3 100 2533858 0.000205
95 278 3 100 671651 0.000206
117 401 3 100 77273 0.000207
348 35 3 100 678603 0.000207
350 111 3 100 76742 0.000207
231 290 3 100 1953808 0.000207
254 226 3 100 102411 0.000207
207 60 3 100 2119039 0.000208
382 85 3 100 2396388 0.000210
298 355 3 100 35526 0.000211
113 279 3 100 1861660 0.000215
154 366 3 100 2140834 0.000215
129 184 3 100 1988029 0.000216
324 127 3 100 355028 0.000217
22 300 3 100 21414 0.000218
316 135 3 100 1693434 0.000218
101 223 3 100 2199368 0.000218
301 33 3 100 2230602 0.000219
277 367 3 100 1851981 0.000223
398 189 3 100 76997 0.000223
88 393 3 100 2277422 0.000223
294 36 3 100 2598367 0.000224
373 281 3 100 2560520 0.000225
192 261 3 100 41712 0.000226
235 155 3 100 1811378 0.000228
253 159 3 100 9175 0.000228
357 197 3 100 1850000 0.000230
293 68 3 100 1892962 0.000231
97 248 3 100 907717 0.000232
82 182 3 100 89513 0.000233
62 131 3 100 55236 0.000233
168 30 3 100 87897 0.000235
238 334 3 100 691427 0.000236
227 129 3 100 404690 0.000240
228 399 3 100 7781 0.000242
192 279 3 100 35341 0.000242
268 342 3 100 379068 0.000243
384 137 3 100 2559517 0.000244
313 161 3 100 2573724 0.000245
381 102 3 100 85746 0.000247
340 78 3 100 92134 0.000247
275 301 3 100 2014380 0.000248
256 67 3 100 75560 0.000248
375 43 3 100 2521808 0.000251
62 77 3 100 33646 0.000252
357 303 3 100 47263 0.000253
339 130 3 100 433 0.000253
224 176 3 100 131535 0.000254
130 349 3 100 86968 0.000255
385 61 3 100 72310 0.000256
49 314 3 100 42218 0.000257
78 329 3 100 48641 0.000257
347 72 3 100 2266120 0.000259
131 56 3 100 605439 0.000260
47 154 3 100 15934 0.000260
337 335 3 100 42099 0.000262
141 283 3 100 2314141 0.000263
306 82 3 100 93010 0.000263
331 332 3 100 35310 0.000264
214 113 3 100 2232573 0.000264
120 398 3 100 621166 0.000266
224 198 3 100 80904 0.000266
237 131 3 100 2450353 0.000267
383 358 3 100 1919269 0.000267
291 36 3 100 1685976 0.000269
137 194 3 100 700 0.000273
125 372 3 100 60677 0.000274
352 180 3 100 48410 0.000274
369 21 3 100 60842 0.000276
82 345 3 100 305663 0.000277
93 159 3 100 2251951 0.000277
24 307 3 100 1793442 0.000279
138 372 3 100 27880 0.000280
317 256 3 100 2040397 0.000281
137 260 3 100 100566 0.000281
349 169 3 100 13560 0.000281
233 392 3 100 24868 0.000282
220 74 3 100 2511855 0.000283
186 227 3 100 84997 0.000283
118 272 3 100 269091 0.000283
381 104 3 100 97174 0.000285
136 194 3 100 15302 0.000285
125 355 3 100 898083 0.000285
115 70 3 100 102476 0.000285
65 182 3 100 881500 0.000286
324 68 3 100 505867 0.000288
221 332 3 100 67548 0.000290
65 164 3 100 80396 0.000290
200 110 3 100 1016443 0.000291
97 355 3 100 68790 0.000293
144 245 3 100 1905242 0.000295
203 161 3 100 274687 0.000296
320 106 3 100 71900 0.000296
166 112 3 100 1680048 0.000296
121 95 3 100 2506600 0.000297
374 90 3 100 265285 0.000298
235 281 3 100 128254 0.000298
49 55 3 100 26433 0.000300
215 327 3 100 862785 0.000301
306 53 3 100 30628 0.000302
99 84 3 100 93062 0.000302
108 288 3 100 2281306 0.000304
212 199 3 100 41939 0.000305
228 36 3 100 26357 0.000306
231 208 3 100 64522 0.000306
297 99 3 100 44956 0.000306
158 233 3 100 1817 0.000306
219 136 3 100 96437 0.000307
247 29 3 100 40067 0.000308
63 97 3 100 40784 0.000309
159 379 3 100 347002 0.000309
244 69 3 100 72431 0.000309
186 52 3 100 87821 0.000311
273 23 3 100 95161 0.000312
189 105 3 100 50444 0.000312
284 108 3 100 450999 0.000314
293 97 3 100 85123 0.000315
247 163 3 100 1036578 0.000316
337 144 3 100 1775195 0.000317
74 88 3 100 51156 0.000317
143 391 3 100 26827 0.000318
299 233 3 100 960173 0.000323
210 235 3 100 2140853 0.000323
25 124 3 100 1667493 0.000325
202 74 3 100 86301 0.000327
38 198 3 100 44176 0.000328
204 313 3 100 54125 0.000329
62 268 3 100 97048 0.000330
32 319 3 100 718809 0.000330
285 145 3 100 1791723 0.000331
218 374 3 100 15225 0.000332
94 177 3 100 84810 0.000332
206 128 3 100 719536 0.000335
281 344 3 100 2068529 0.000335
288 93 3 100 30092 0.000339
380 268 3 100 94727 0.000342
236 402 3 100 1619763 0.000342
71 235 3 100 2159779 0.000343
166 320 3 100 27222 0.000344
392 322 3 100 1792615 0.000346
115 397 3 100 1623123 0.000346
73 69 3 100 65165 0.000347
246 156 3 100 74063 0.000348
275 97 3 100 80261 0.000348
20 334 3 100 77177 0.000349
333 156 3 100 958751 0.000350
390 41 3 100 1801941 0.000351
235 123 3 100 1873088 0.000353
269 393 3 100 1628073 0.000353
213 63 3 100 58907 0.000354
236 75 3 100 643569 0.000354
130 111 3 100 59020 0.000354
162 56 3 100 2354894 0.000355
160 112 3 100 64154 0.000355
34 118 3 100 2616634 0.000355
221 279 3 100 14781 0.000358
168 332 3 100 1581133 0.000359
313 169 3 100 872127 0.000360
156 22 3 100 39344 0.000360
171 283 3 100 909956 0.000361
87 398 3 100 1683093 0.000361
136 152 3 100 808910 0.000362
243 344 3 100 63443 0.000362
201 377 3 100 2212143 0.000362
229 359 3 100 85050 0.000364
256 318 3 100 43685 0.000364
196 227 3 100 37977 0.000365
111 252 3 100 62658 0.000365
62 290 3 100 585334 0.000368
35 60 3 100 2125370 0.000369
71 145 3 100 1851753 0.000371
42 203 3 100 78192 0.000372
129 152 3 100 7907 0.000372
295 351 3 100 61713 0.000373
184 249 3 100 60539 0.000375
183 52 3 100 789663 0.000375
128 273 3 100 1692771 0.000380
403 367 3 100 8847 0.000381
349 350 3 100 40268 0.000382
182 199 3 100 2285862 0.000382
59 329 3 100 41286 0.000382
35 115 3 100 20637 0.000383
151 139 3 100 53251 0.000384
235 244 3 100 34475 0.000384
147 227 3 100 77996 0.000385
97 205 3 100 869 0.000385
27 361 3 100 2143392 0.000385
297 179 3 100 682332 0.000386
390 293 3 100 2107152 0.000386
246 181 3 100 2110260 0.000386
167 282 3 100 2548188 0.000386
57 185 3 100 75995 0.000391
65 319 3 100 1982723 0.000392
180 29 3 100 2160423 0.000394
226 94 3 100 1814541 0.000395
400 39 3 100 29062 0.000395
261 129 3 100 2576901 0.000396
262 137 3 100 22536 0.000396
197 224 3 100 2417825 0.000397
256 314 3 100 71770 0.000398
188 341 3 100 100755 0.000401
112 262 3 100 231351 0.000401
398 261 3 100 38167 0.000401
225 39 3 100 90988 0.000402
158 258 3 100 1930203 0.000404
65 49 3 100 19417 0.000406
382 194 3 100 79539 0.000406
390 283 3 100 2352074 0.000407
273 41 3 100 36455 0.000407
359 382 3 100 2512965 0.000408
45 346 3 100 92448 0.000410
199 177 3 100 97596 0.000410
187 333 3 100 405009 0.000411
86 309 3 100 1007836 0.000411
258 374 3 100 65653 0.000413
388 330 3 100 76483 0.000414
322 142 3 100 2505324 0.000414
61 86 3 100 9675 0.000417
138 343 3 100 43779 0.000418
155 125 3 100 85743 0.000418
39 129 3 100 998210 0.000419
255 243 3 100 2581071 0.000419
332 265 3 100 2106072 0.000420
209 83 3 100 54523 0.000420
246 58 3 100 18145 0.000421
377 21 3 100 129160 0.000422
89 347 3 100 1027770 0.000422
249 314 3 100 49012 0.000423
149 349 3 100 2060224 0.000423
285 294 3 100 1708494 0.000423
184 265 3 100 2453872 0.000425
272 326 3 100 69022 0.000425
308 92 3 100 2016019 0.000425
247 31 3 100 2546678 0.000425
180 214 3 100 40284 0.000425
54 345 3 100 65669 0.000426
84 95 3 100 74182 0.000426
366 157 3 100 24718 0.000428
172 377 3 100 955971 0.000428
266 41 3 100 4544 0.000429
258 102 3 100 1930094 0.000432
311 130 3 100 1954936 0.000432
223 203 3 100 36589 0.000432
47 79 3 100 2577696 0.000433
62 214 3 100 2180153 0.000435
145 280 3 100 41457 0.000435
294 281 3 100 829089 0.000436
397 334 3 100 2520209 0.000436
185 162 3 100 49218 0.000437
150 389 3 100 101840 0.000438
278 228 3 100 1739744 0.000438
53 340 3 100 56583 0.000440
249 309 3 100 64253 0.000444
189 267 3 100 712820 0.000447
182 262 3 100 86095 0.000452
297 103 3 100 20462 0.000453
229 112 3 100 991480 0.000454
343 79 3 100 82138 0.000454
218 224 3 100 671288 0.000454
65 188 3 100 380790 0.000455
51 20 3 100 161254 0.000455
247 97 3 100 1128 0.000456
98 338 3 100 2250116 0.000456
245 289 3 100 24657 0.000457
286 116 3 100 35452 0.000457
186 373 3 100 1913256 0.000458
204 69 3 100 2498249 0.000459
182 138 3 100 55244 0.000459
45 290 3 100 88699 0.000461
217 42 3 100 1985085 0.000463
254 104 3 100 51708 0.000463
256 66 3 100 2036582 0.000464
115 203 3 100 368807 0.000465
316 49 3 100 75706 0.000466
178 321 3 100 1906047 0.000466
148 25 3 100 46170 0.000467
337 180 3 100 243116 0.000469
34 153 3 100 47393 0.000469
147 288 3 100 2151793 0.000470
34 272 3 100 84270 0.000471
336 226 3 100 1623825 0.000475
205 204 3 100 2110518 0.000476
178 66 3 100 2385553 0.000477
302 132 3 100 54036 0.000477
294 267 3 100 19901 0.000477
386 280 3 100 54055 0.000477
375 90 3 100 708552 0.000490
94 343 3 100 683578 0.000490
114 38 3 100 2365285 0.000491
212 207 3 100 63166 0.000491
72 129 3 100 2602881 0.000493
376 333 3 100 84721 0.000494
305 66 3 100 633042 0.000494
354 146 3 100 2145266 0.000494
176 236 3 100 2006996 0.000496
238 59 3 100 574123 0.000497
221 99 3 100 32423 0.000498
324 71 3 100 58452 0.000500
336 374 3 100 102008 0.000501
319 259 3 100 2274125 0.000501
234 308 3 100 815173 0.000502
165 153 3 100 2473357 0.000502
386 173 3 100 2294928 0.000503
356 63 3 100 85516 0.000504
315 152 3 100 50477 0.000505
349 345 3 100 92416 0.000506
151 291 3 100 1907463 0.000507
395 370 3 100 81223 0.000507
48 113 3 100 2373058 0.000509
347 55 3 100 505184 0.000515
254 180 3 100 2051886 0.000516
172 148 3 100 1854414 0.000516
51 152 3 100 11548 0.000517
212 26 3 100 1026126 0.000518
82 87 3 100 2558341 0.000519
44 131 3 100 1850956 0.000519
346 362 3 100 2437620 0.000519
327 130 3 100 2312257 0.000519
188 136 3 100 497078 0.000520
94 210 3 100 192326 0.000521
256 220 3 100 14529 0.000521
378 155 3 100 88567 0.000526
273 146 3 100 34049 0.000526
163 313 3 100 2473959 0.000528
78 268 3 100 828908 0.000529
391 366 3 100 818935 0.000530
264 334 3 100 796399 0.000531
387 312 3 100 2489398 0.000532
242 64 3 100 2069445 0.000532
69 104 3 100 19575 0.000536
326 376 3 100 87056 0.000537
355 158 3 100 2257557 0.000537
389 112 3 100 2478474 0.000539
369 286 3 100 40063 0.000539
376 278 3 100 63781 0.000540
239 68 3 100 2358245 0.000541
353 41 3 100 74704 0.000542
252 116 3 100 65823 0.000542
303 203 3 100 23292 0.000543
159 148 3 100 2489274 0.000543
344 157 3 100 2196149 0.000544
237 74 3 100 910777 0.000544
217 57 3 100 2510896 0.000545
145 239 3 100 2348365 0.000546
361 363 3 100 83744 0.000547
143 333 3 100 300813 0.000547
302 59 3 100 2370811 0.000549
328 193 3 100 54777 0.000551
264 220 3 100 2063296 0.000552
109 360 3 100 1689280 0.000552
368 103 3 100 2193431 0.000553
178 78 3 100 557443 0.000553
183 186 3 100 95384 0.000553
196 63 3 100 338416 0.000554
372 282 3 100 2038189 0.000554
195 23 3 100 34541 0.000554
148 220 3 100 46400 0.000555
343 87 3 100 47500 0.000555
331 234 3 100 50962 0.000555
390 104 3 100 824998 0.000556
58 255 3 100 88273 0.000556
47 153 3 100 50658 0.000559
177 283 3 100 1914240 0.000561
333 149 3 100 19830 0.000562
329 305 3 100 49899 0.000563
354 371 3 100 29750 0.000563
221 213 3 100 97366 0.000564
355 386 3 100 1933212 0.000564
96 38 3 100 2546933 0.000565
382 86 3 100 609163 0.000566
36 173 3 100 1659230 0.000566
60 374 3 100 32524 0.000568
283 237 3 100 79876 0.000569
38 236 3 100 11354 0.000570
388 307 3 100 77730 0.000570
150 385 3 100 54270 0.000571
210 48 3 100 93474 0.000572
183 313 3 100 46849 0.000574
189 347 3 100 714750 0.000575
361 209 3 100 652761 0.000576
397 119 3 100 104587 0.000576
147 336 3 100 1887122 0.000577
297 202 3 100 763014 0.000577
221 117 3 100 79459 0.000578
383 83 3 100 3473 0.000580
260 380 3 100 47553 0.000581
131 384 3 100 738774 0.000583
61 334 3 100 53598 0.000585
318 241 3 100 11390 0.000587
82 181 3 100 71389 0.000587
361 267 3 100 39497 0.000588
394 31 3 100 35671 0.000588
224 357 3 100 2668 0.000589
82 119 3 100 37296 0.000590
113 71 3 100 188816 0.000591
62 223 3 100 615703 0.000592
346 146 3 100 881357 0.000593
293 169 3 100 94025 0.000593
195 234 3 100 7901 0.000593
255 130 3 100 39169 0.000595
205 299 3 100 14907 0.000596
337 300 3 100 2490420 0.000599
112 283 3 100 30283 0.000599
231 280 3 100 46252 0.000601
37 205 3 100 1887904 0.000601
283 362 3 100 31787 0.000602
359 301 3 100 305821 0.000603
131 282 3 100 162081 0.000606
201 279 3 100 34287 0.000606
210 27 3 100 18733 0.000607
307 84 3 100 43652 0.000608
359 278 3 100 62138 0.000608
63 107 3 100 828339 0.000608
86 203 3 100 77504 0.000609
249 208 3 100 44973 0.000613
266 85 3 100 2037222 0.000613
210 295 3 100 778380 0.000615
315 205 3 100 55291 0.000616
175 225 3 100 95935 0.000618
174 331 3 100 79375 0.000618
95 208 3 100 148206 0.000618
390 291 3 100 2418641 0.000620
158 154 3 100 102946 0.000620
360 284 3 100 38566 0.000622
363 253 3 100 54853 0.000622
44 150 3 100 49819 0.000624
158 31 3 100 143184 0.000624
386 184 3 100 21682 0.000624
146 296 3 100 6489 0.000625
224 385 3 100 20380 0.000625
329 149 3 100 1630690 0.000626
372 297 3 100 2215856 0.000630
332 348 3 100 78236 0.000630
32 351 3 100 38604 0.000631
76 276 3 100 59370 0.000632
83 213 3 100 1787815 0.000633
233 299 3 100 2024815 0.000633
246 147 3 100 91998 0.000635
260 99 3 100 944432 0.000635
138 81 3 100 101576 0.000635
399 186 3 100 26922 0.000635
29 132 3 100 100759 0.000636
296 202 3 100 164373 0.000636
124 390 3 100 31407 0.000636
221 397 3 100 86225 0.000637
331 121 3 100 296887 0.000638
395 326 3 100 1906806 0.000639
130 202 3 100 10520 0.000639
160 117 3 100 2567760 0.000639
25 204 3 100 4835 0.000639
319 367 3 100 1843036 0.000640
44 401 3 100 85865 0.000642
49 158 3 100 87293 0.000642
167 211 3 100 856322 0.000643
162 357 3 100 19294 0.000643
110 39 3 100 99426 0.000643
78 219 3 100 6144 0.000643
385 61 3 100 2491658 0.000644
167 88 3 100 2251803 0.000644
351 279 3 100 2153141 0.000644
43 200 3 100 78239 0.000644
400 26 3 100 1362 0.000645
127 39 3 100 71927 0.000645
236 221 3 100 950367 0.000647
311 109 3 100 36015 0.000648
55 225 3 100 2499546 0.000648
298 167 3 100 706080 0.000649
111 280 3 100 2234590 0.000651
346 56 3 100 438314 0.000652
388 148 3 100 2493004 0.000652
224 77 3 100 337496 0.000652
399 376 3 100 66188 0.000653
297 121 3 100 1855309 0.000654
267 403 3 100 1973078 0.000655
397 20 3 100 925486 0.000655
111 350 3 100 1808279 0.000656
23 279 3 100 40889 0.000656
242 172 3 100 102728 0.000657
292 279 3 100 55019 0.000658
278 102 3 100 1809477 0.000658
266 335 3 100 756505 0.000658
159 80 3 100 625516 0.000659
324 211 3 100 68649 0.000660
388 135 3 100 2132864 0.000660
379 49 3 100 2122336 0.000660
160 196 3 100 51503 0.000661
267 172 3 100 35001 0.000662
189 204 3 100 101159 0.000664
393 282 3 100 2126087 0.000665
230 263 3 100 8737 0.000667
280 164 3 100 2064 0.000667
209 353 3 100 40962 0.000669
126 164 3 100 2191731 0.000673
90 317 3 100 100524 0.000674
109 66 3 100 59123 0.000674
91 362 3 100 914029 0.000674
322 321 3 100 191422 0.000675
130 297 3 100 63492 0.000677
53 341 3 100 2471139 0.000677
221 212 3 100 8904 0.000677
363 229 3 100 47861 0.000678
23 231 3 100 33342 0.000679
61 378 3 100 35804 0.000680
353 185 3 100 2257205 0.000681
188 283 3 100 82178 0.000681
61 104 3 100 927702 0.000682
366 340 3 100 647144 0.000683
185 148 3 100 1908545 0.000684
135 282 3 100 2186368 0.000685
265 267 3 100 2313649 0.000686
95 358 3 100 91431 0.000688
320 314 3 100 126 0.000688
304 211 3 100 41383 0.000692
48 271 3 100 77711 0.000694
375 275 3 100 618892 0.000694
83 319 3 100 93214 0.000694
23 315 3 100 1716039 0.000695
121 391 3 100 33617 0.000696
86 179 3 100 99437 0.000697
266 249 3 100 526440 0.000697
213 49 3 100 84182 0.000699
33 199 3 100 291074 0.000700
328 187 3 100 87978 0.000701
399 99 3 100 141442 0.000702
191 330 3 100 50222 0.000703
284 202 3 100 2521831 0.000704
130 44 3 100 73678 0.000704
79 120 3 100 31302 0.000705
336 396 3 100 1842241 0.000706
344 86 3 100 57877 0.000707
179 304 3 100 38161 0.000707
59 338 3 100 41921 0.000709
286 161 3 100 93116 0.000709
193 249 3 100 2041791 0.000711
172 210 3 100 11281 0.000712
139 334 3 100 19504 0.000714
321 339 3 100 52520 0.000715
114 123 3 100 33804 0.000716
252 344 3 100 281793 0.000716
341 24 3 100 1647035 0.000716
208 397 3 100 2348109 0.000716
377 20 3 100 2369010 0.000717
148 166 3 100 471989 0.000718
91 342 3 100 25504 0.000718
112 274 3 100 41967 0.000719
333 294 3 100 2021619 0.000720
395 85 3 100 94779 0.000721
366 177 3 100 2384094 0.000722
294 370 3 100 71906 0.000723
264 282 3 100 80547 0.000724
114 311 3 100 2278138 0.000724
192 261 3 100 29087 0.000725
322 324 3 100 2132020 0.000727
310 224 3 100 14961 0.000727
175 226 3 100 2105627 0.000727
153 385 3 100 84529 0.000728
103 223 3 100 21229 0.000729
63 88 3 100 870085 0.000729
239 142 3 100 785825 0.000729
124 177 3 100 2041429 0.000730
376 62 3 100 89662 0.000731
335 260 3 100 2408605 0.000731
262 107 3 100 1942473 0.000732
294 202 3 100 71927 0.000737
146 317 3 100 6499 0.000737
160 122 3 100 28832 0.000737
295 247 3 100 56881 0.000739
398 152 3 100 9267 0.000740
240 52 3 100 62922 0.000740
115 370 3 100 11960 0.000744
104 129 3 100 935094 0.000744
213 35 3 100 461761 0.000744
87 362 3 100 2169301 0.000744
172 108 3 100 2050523 0.000747
275 157 3 100 74749 0.000750
119 295 3 100 76469 0.000752
132 350 3 100 5719 0.000752
245 311 3 100 92425 0.000754
63 313 3 100 64111 0.000754
196 341 3 100 1915629 0.000755
217 51 3 100 13297 0.000755
135 171 3 100 89114 0.000760
98 393 3 100 552051 0.000764
326 310 3 100 99284 0.000765
360 104 3 100 50863 0.000765
379 302 3 100 998574 0.000766
196 40 3 100 2189440 0.000766
364 95 3 100 58100 0.000766
354 212 3 100 11979 0.000767
178 346 3 100 65235 0.000767
367 223 3 100 70710 0.000767
153 171 3 100 1682867 0.000769
125 347 3 100 12140 0.000769
250 146 3 100 285242 0.000770
338 174 3 100 109685 0.000772
114 242 3 100 2070870 0.000773
270 129 3 100 46188 0.000774
347 358 3 100 951418 0.000774
188 345 3 100 2289419 0.000775
386 224 3 100 8449 0.000776
62 229 3 100 23888 0.000779
362 122 3 100 85509 0.000779
190 36 3 100 62358 0.000780
92 201 3 100 385688 0.000780
182 259 3 100 25629 0.000782
262 203 3 100 90795 0.000786
392 57 3 100 1754350 0.000787
149 114 3 100 583918 0.000788
403 121 3 100 2426254 0.000788
167 87 3 100 154162 0.000788
125 97 3 100 2586165 0.000789
102 33 3 100 73352 0.000790
201 222 3 100 65868 0.000792
352 103 3 100 72035 0.000794
142 306 3 100 15840 0.000796
238 110 3 100 57416 0.000797
396 99 3 100 597129 0.000797
150 320 3 100 62150 0.000797
96 34 3 100 64814 0.000799
187 336 3 100 11667 0.000800
344 75 3 100 33868 0.000801
254 32 3 100 16650 0.000801
167 188 3 100 55937 0.000802
339 182 3 100 177391 0.000802
365 69 3 100 1732876 0.000804
126 309 3 100 2107806 0.000807
210 186 3 100 48251 0.000809
205 48 3 100 2519314 0.000810
272 291 3 100 89593 0.000812
202 390 3 100 79218 0.000812
245 322 3 100 87432 0.000813
114 75 3 100 1794450 0.000813
301 392 3 100 1661325 0.000814
235 268 3 100 9813 0.000816
339 367 3 100 357445 0.000817
218 400 3 100 1017985 0.000817
103 341 3 100 37988 0.000818
378 208 3 100 2556232 0.000820
153 137 3 100 2465130 0.000823
381 36 3 100 1693754 0.000827
195 285 3 100 90350 0.000828
237 345 3 100 100339 0.000829
77 64 3 100 1027991 0.000831
229 78 3 100 1597321 0.000832
324 197 3 100 127047 0.000833
266 203 3 100 82526 0.000836
71 172 3 100 441459 0.000837
389 127 3 100 2257681 0.000838
32 58 3 100 96208 0.000838
169 333 3 100 1629246 0.000838
243 299 3 100 74160 0.000838
119 102 3 100 245402 0.000839
93 70 3 100 620460 0.000840
72 52 3 100 15030 0.000843
176 106 3 100 2513788 0.000845
152 380 3 100 52801 0.000846
188 167 3 100 363133 0.000848
394 347 3 100 12268 0.000849
251 161 3 100 28460 0.000849
334 279 3 100 104492 0.000850
353 142 3 100 2224732 0.000851
312 185 3 100 2170472 0.000853
332 228 3 100 891023 0.000853
379 263 3 100 346006 0.000853
164 150 3 100 1611397 0.000854
162 84 3 100 6212 0.000854
196 360 3 100 91313 0.000854
238 36 3 100 2267616 0.000854
178 207 3 100 97774 0.000854
210 156 3 100 470719 0.000856
67 236 3 100 7308 0.000856
138 24 3 100 1873436 0.000856
254 92 3 100 2405285 0.000858
207 347 3 100 2109675 0.000862
233 217 3 100 490986 0.000862
324 101 3 100 1587321 0.000863
172 317 3 100 573999 0.000865
398 175 3 100 1732979 0.000866
286 29 3 100 76758 0.000868
254 391 3 100 220799 0.000868
28 209 3 100 206768 0.000869
223 258 3 100 23644 0.000870
93 55 3 100 7919 0.000870
402 326 3 100 27984 0.000871
167 345 3 100 2063982 0.000872
85 247 3 100 87297 0.000872
30 204 3 100 67822 0.000873
308 389 3 100 2162812 0.000874
122 118 3 100 54374 0.000874
319 54 3 100 25065 0.000874
347 348 3 100 2224961 0.000874
62 400 3 100 55102 0.000876
115 103 3 100 2028384 0.000876
360 267 3 100 710309 0.000876
86 31 3 100 1640086 0.000877
386 70 3 100 68484 0.000879
229 34 3 100 396161 0.000880
336 66 3 100 53559 0.000881
158 327 3 100 1802529 0.000882
216 206 3 100 2232721 0.000883
62 114 3 100 1768620 0.000883
204 69 3 100 1589651 0.000885
136 35 3 100 622753 0.000887
344 321 3 100 53168 0.000887
45 393 3 100 209479 0.000888
263 359 3 100 422477 0.000888
176 375 3 100 2802 0.000889
174 258 3 100 13669 0.000889
168 269 3 100 722458 0.000891
273 107 3 100 68739 0.000892
161 62 3 100 14399 0.000892
384 314 3 100 21557 0.000894
374 34 3 100 2269676 0.000894
215 394 3 100 29517 0.000895
106 155 3 100 2497837 0.000896
118 220 3 100 2502760 0.000896
48 384 3 100 58256 0.000898
67 144 3 100 2448020 0.000898
106 132 3 100 50532 0.000898
284 25 3 100 66899 0.000898
317 84 3 100 57282 0.000899
80 167 3 100 2190417 0.000899
180 241 3 100 25907 0.000900
223 109 3 100 118853 0.000902
289 165 3 100 6161 0.000902
268 88 3 100 33519 0.000902
177 160 3 100 75923 0.000905
40 144 3 100 20702 0.000906
235 192 3 100 2284061 0.000906
40 172 3 100 2502453 0.000906
291 322 3 100 1978715 0.000906
311 329 3 100 4585 0.000907
325 79 3 100 4452 0.000911
78 107 3 100 1614152 0.000912
56 281 3 100 70239 0.000912
331 54 3 100 84481 0.000913
301 379 3 100 353128 0.000915
181 157 3 100 79099 0.000916
286 95 3 100 42900 0.000917
267 387 3 100 19311 0.000918
305 143 3 100 31386 0.000918
324 248 3 100 2234831 0.000918
149 253 3 100 96081 0.000919
74 114 3 100 1733 0.000919
382 287 3 100 28248 0.000919
140 81 3 100 1808521 0.000920
143 28 3 100 91091 0.000922
359 55 3 100 2068258 0.000925
35 302 3 100 628141 0.000926
36 258 3 100 52012 0.000926
34 376 3 100 1911494 0.000927
383 337 3 100 924377 0.000927
136 114 3 100 157223 0.000927
207 303 3 100 158903 0.000927
212 342 3 100 424488 0.000928
382 231 3 100 1650656 0.000929
351 379 3 100 83854 0.000930
320 31 3 100 1789837 0.000931
320 384 3 100 78809 0.000931
361 154 3 100 2095555 0.000931
187 374 3 100 1628716 0.000932
103 207 3 100 901181 0.000932
132 218 3 100 4494 0.000932
56 264 3 100 235987 0.000933
228 294 3 100 2222897 0.000933
260 88 3 100 1962585 0.000934
254 87 3 100 40752 0.000934
242 187 3 100 15468 0.000935
77 141 3 100 674973 0.000942
370 79 3 100 92700 0.000943
175 203 3 100 1737895 0.000943
389 272 3 100 928349 0.000944
217 108 3 100 93877 0.000944
219 51 3 100 66173 0.000945
101 257 3 100 2203623 0.000946
292 83 3 100 61517 0.000946
252 149 3 100 96588 0.000946
114 67 3 100 2352801 0.000947
86 197 3 100 40537 0.000947
306 354 3 100 761362 0.000947
358 189 3 100 9241 0.000947
247 120 3 100 153332 0.000947
188 154 3 100 11810 0.000948
204 175 3 100 448707 0.000949
140 282 3 100 1642395 0.000953
97 330 3 100 71022 0.000953
48 138 3 100 1976819 0.000956
374 114 3 100 22696 0.000958
252 83 3 100 804954 0.000959
303 346 3 100 2000529 0.000960
134 194 3 100 41267 0.000961
139 248 3 100 37890 0.000962
245 357 3 100 1612317 0.000963
250 333 3 100 2416533 0.000965
190 384 3 100 69177 0.000966
94 80 3 100 417597 0.000968
168 330 3 100 83463 0.000969
170 163 3 100 82911 0.000969
342 348 3 100 55243 0.000971
397 217 3 100 566022 0.000971
52 170 3 100 82984 0.000971
137 169 3 100 1611377 0.000974
212 281 3 100 92916 0.000974
288 133 3 100 191424 0.000975
347 31 3 100 12598 0.000976
96 356 3 100 1016956 0.000977
238 355 3 100 1992309 0.000977
397 134 3 100 78600 0.000979
254 339 3 100 51525 0.000981
329 343 3 100 37943 0.000982
242 31 3 100 1888051 0.000987
74 120 3 100 2310724 0.000989
284 50 3 100 2196180 0.000990
200 206 3 100 2178416 0.000990
215 111 3 100 104695 0.000990
36 90 3 100 2060046 0.000992
343 299 3 100 198827 0.000992
110 369 3 100 7891 0.000993
57 288 3 100 2503068 0.000994
385 278 3 100 47884 0.000994
381 172 3 100 1660813 0.000994
120 64 3 100 1859620 0.000995
257 157 3 100 22584 0.000995
96 146 3 100 181714 0.000996
163 111 3 100 944717 0.000996
274 267 3 100 28990 0.000998
144 247 3 100 12390 0.000999
144 274 3 100 2405926 0.001000
302 158 3 100 512829 0.001000
167 158 3 100 512678 0.001000
137 158 3 100 512752 0.001000
148 158 3 100 512471 0.001000
324 158 3 100 512247 0.001000
189 158 3 100 512411 0.001000
382 158 3 100 512412 0.001000
200 158 3 100 512833 0.001000
150 158 3 100 512812 0.001000
129 158 3 100 512636 0.001000
115 158 3 100 512548 0.001000
281 158 3 100 512324 0.001000
365 158 3 100 512999 0.001000
398 158 3 100 512948 0.001000
27 158 3 100 512411 0.001000
46 158 3 100 512809 0.001000
74 158 3 100 512266 0.001000
80 158 3 100 512470 0.001000
247 158 3 100 512298 0.001000
370 158 3 100 512168 0.001000
68 158 3 100 512250 0.001000
191 158 3 100 512667 0.001000
268 158 3 100 512629 0.001000
403 158 3 100 512524 0.001000
116 158 3 100 512980 0.001000
98 158 3 100 512707 0.001000
278 158 3 100 512024 0.001000
22 158 3 100 512706 0.001000
155 158 3 100 512758 0.001000
96 158 3 100 512349 0.001000
112 158 3 100 512459 0.001000
386 158 3 100 512395 0.001000
383 158 3 100 512229 0.001000
174 158 3 100 512475 0.001000
194 158 3 100 512460 0.001000
152 158 3 100 512880 0.001000
100 158 3 100 512225 0.001000
133 158 3 100 512381 0.001000
301 158 3 100 512780 0.001000
315 158 3 100 512061 0.001000
56 158 3 100 512687 0.001000
95 158 3 100 512840 0.001000
92 158 3 100 512353 0.001000
111 158 3 100 512373 0.001000
294 158 3 100 512303 0.001000
131 158 3 100 512121 0.001000
60 158 3 100 512630 0.001000
298 158 3 100 512428 0.001000
238 158 3 100 512946 0.001000
385 158 3 100 512590 0.001000
189 252 3 100 2124721 0.001001
160 350 3 100 2017071 0.001003
308 347 3 100 1885865 0.001003
220 399 3 100 44254 0.001003
354 381 3 100 49723 0.001003
271 316 3 100 435527 0.001005
35 312 3 100 2063742 0.001013
362 113 3 100 99862 0.001013
94 349 3 100 75379 0.001014
236 260 3 100 296194 0.001014
369 86 3 100 941882 0.001016
94 361 3 100 1911884 0.001017
340 396 3 100 42399 0.001018
295 85 3 100 1013920 0.001019
386 92 3 100 2282076 0.001020
274 178 3 100 16238 0.001020
171 248 3 100 2571116 0.001021
303 122 3 100 2106633 0.001022
377 107 3 100 63566 0.001023
215 303 3 100 1677602 0.001023
101 282 3 100 102912 0.001023
347 184 3 100 90637 0.001025
160 54 3 100 48443 0.001025
284 248 3 100 1601036 0.001030
110 341 3 100 95908 0.001034
264 387 3 100 672678 0.001037
134 264 3 100 54047 0.001037
24 174 3 100 81934 0.001039
98 302 3 100 130901 0.001041
90 30 3 100 100188 0.001041
354 389 3 100 61386 0.001044
397 303 3 100 373563 0.001045
101 158 3 100 4722 0.001045
264 342 3 100 2513195 0.001045
104 32 3 100 224869 0.001047
98 215 3 100 69076 0.001048
393 227 3 100 42115 0.001048
207 135 3 100 1835498 0.001048
391 317 3 100 1010327 0.001052
176 387 3 100 41606 0.001052
305 245 3 100 53506 0.001053
190 332 3 100 20632 0.001053
381 127 3 100 26342 0.001054
248 48 3 100 409511 0.001055
147 267 3 100 1794391 0.001057
92 274 3 100 65747 0.001058
161 68 3 100 613700 0.001058
227 63 3 100 763925 0.001060
147 365 3 100 2322422 0.001062
201 334 3 100 3995 0.001063
274 320 3 100 37206 0.001065
366 36 3 100 2136049 0.001066
284 386 3 100 34520 0.001066
41 47 3 100 1006893 0.001069
283 351 3 100 70015 0.001070
284 26 3 100 97075 0.001071
30 276 3 100 377418 0.001071
238 261 3 100 72404 0.001072
107 115 3 100 34499 0.001073
169 385 3 100 1829 0.001074
339 151 3 100 770489 0.001075
53 245 3 100 98341 0.001075
380 76 3 100 11016 0.001078
107 264 3 100 2102258 0.001078
43 131 3 100 57303 0.001080
207 282 3 100 1002940 0.001081
349 291 3 100 2258809 0.001082
104 322 3 100 2214661 0.001083
144 59 3 100 3297 0.001083
84 210 3 100 35883 0.001083
245 28 3 100 66608 0.001083
399 26 3 100 2101187 0.001084
189 55 3 100 2572106 0.001085
177 44 3 100 70019 0.001087
228 380 3 100 67795 0.001087
307 99 3 100 70790 0.001089
105 198 3 100 2416958 0.001090
397 77 3 100 1926920 0.001091
271 272 3 100 2227773 0.001092
58 318 3 100 85070 0.001094
242 146 3 100 644401 0.001094
210 119 3 100 365077 0.001094
138 143 3 100 94896 0.001097
300 330 3 100 88043 0.001098
298 222 3 100 1619540 0.001098
313 44 3 100 47329 0.001099
134 233 3 100 860250 0.001099
143 29 3 100 49785 0.001099
265 146 3 100 44891 0.001101
219 382 3 100 485878 0.001101
190 23 3 100 324267 0.001103
357 375 3 100 86521 0.001103
241 377 3 100 252194 0.001104
107 20 3 100 93045 0.001105
40 127 3 100 816620 0.001105
205 173 3 100 101150 0.001107
341 363 3 100 399984 0.001108
278 309 3 100 18136 0.001108
179 282 3 100 307736 0.001109
34 333 3 100 686689 0.001111
328 44 3 100 2407055 0.001111
217 341 3 100 833520 0.001112
278 401 3 100 76908 0.001113
303 338 3 100 391807 0.001114
378 255 3 100 16854 0.001115
162 260 3 100 67963 0.001117
231 381 3 100 1015 0.001117
153 113 3 100 3517 0.001117
298 35 3 100 76043 0.001118
116 246 3 100 98485 0.001120
313 365 3 100 20134 0.001120
268 379 3 100 34327 0.001123
201 350 3 100 81986 0.001124
50 356 3 100 289777 0.001125
179 285 3 100 1837844 0.001125
311 334 3 100 2474556 0.001126
43 257 3 100 1919965 0.001127
150 202 3 100 67548 0.001129
75 353 3 100 38306 0.001130
178 40 3 100 2222170 0.001131
239 129 3 100 82883 0.001132
181 48 3 100 1785741 0.001133
204 215 3 100 2069086 0.001133
135 93 3 100 8815 0.001134
155 177 3 100 98783 0.001135
48 117 3 100 37619 0.001136
347 60 3 100 69456 0.001136
263 135 3 100 2365495 0.001138
369 53 3 100 892790 0.001138
30 314 3 100 1916920 0.001138
366 245 3 100 2446329 0.001138
200 107 3 100 1995261 0.001138
154 379 3 100 25666 0.001140
246 102 3 100 1666410 0.001142
32 383 3 100 85918 0.001143
342 63 3 100 91733 0.001143
36 30 3 100 57031 0.001143
163 338 3 100 896347 0.001145
288 252 3 100 9042 0.001146
306 224 3 100 1670990 0.001146
256 272 3 100 578100 0.001146
135 215 3 100 48581 0.001146
279 92 3 100 735411 0.001147
77 202 3 100 21230 0.001147
206 118 3 100 1005604 0.001147
263 35 3 100 84547 0.001147
55 268 3 100 31109 0.001148
351 314 3 100 83645 0.001148
274 29 3 100 543581 0.001149
224 342 3 100 64414 0.001150
255 258 3 100 703226 0.001153
191 237 3 100 2571187 0.001153
364 55 3 100 811531 0.001153
59 370 3 100 1868297 0.001154
133 232 3 100 1793144 0.001154
402 378 3 100 2419 0.001154
44 184 3 100 1804301 0.001155
96 82 3 100 1626008 0.001156
151 46 3 100 49472 0.001156
101 360 3 100 59896 0.001159
50 33 3 100 15552 0.001159
71 359 3 100 964529 0.001160
21 80 3 100 29724 0.001161
395 178 3 100 80065 0.001162
372 246 3 100 1843157 0.001164
210 220 3 100 77303 0.001164
209 347 3 100 1779833 0.001164
79 323 3 100 670319 0.001165
82 189 3 100 63857 0.001166
128 67 3 100 584508 0.001167
118 309 3 100 31666 0.001168
316 303 3 100 101308 0.001168
90 284 3 100 43506 0.001169
134 160 3 100 69754 0.001169
380 67 3 100 2197861 0.001171
188 107 3 100 40828 0.001173
389 56 3 100 80877 0.001173
196 367 3 100 2308185 0.001175
106 43 3 100 1705826 0.001175
42 73 3 100 103914 0.001178
85 212 3 100 2055468 0.001179
150 206 3 100 553047 0.001179
113 278 3 100 2258723 0.001180
233 33 3 100 39804 0.001181
235 126 3 100 2460384 0.001183
232 52 3 100 70935 0.001187
286 323 3 100 2400362 0.001188
297 300 3 100 51382 0.001188
270 294 3 100 1898808 0.001190
367 344 3 100 28969 0.001191
211 288 3 100 21832 0.001192
400 137 3 100 9110 0.001192
27 126 3 100 2187209 0.001194
136 361 3 100 2568343 0.001194
54 307 3 100 1824207 0.001195
84 297 3 100 2581693 0.001195
259 376 3 100 254 0.001195
365 60 3 100 25459 0.001196
98 401 3 100 75338 0.001196
330 62 3 100 72335 0.001196
304 258 3 100 895258 0.001197
154 44 3 100 43252 0.001197
104 258 3 100 28143 0.001199
293 141 3 100 203818 0.001201
270 29 3 100 56563 0.001201
308 38 3 100 2355402 0.001202
246 238 3 100 1586898 0.001203
232 190 3 100 74544 0.001205
97 347 3 100 939573 0.001207
163 232 3 100 73912 0.001208
315 268 3 100 52511 0.001211
27 391 3 100 74790 0.001212
294 29 3 100 984074 0.001212
374 191 3 100 74291 0.001213
377 319 3 100 485612 0.001213
338 35 3 100 3375 0.001213
63 242 3 100 89703 0.001213
401 73 3 100 60357 0.001213
68 141 3 100 58639 0.001214
225 323 3 100 5691 0.001214
129 258 3 100 32435 0.001214
314 70 3 100 90941 0.001215
31 170 3 100 5584 0.001216
356 176 3 100 81265 0.001216
384 289 3 100 2185387 0.001219
196 133 3 100 242467 0.001219
353 85 3 100 2554 0.001221
259 69 3 100 12826 0.001223
214 313 3 100 2381802 0.001224
325 49 3 100 39604 0.001225
201 306 3 100 548422 0.001225
22 174 3 100 274399 0.001225
84 232 3 100 38027 0.001225
75 215 3 100 519627 0.001226
118 201 3 100 48644 0.001226
115 64 3 100 50234 0.001228
155 282 3 100 86861 0.001229
256 150 3 100 95564 0.001230
222 173 3 100 2496157 0.001230
49 380 3 100 73805 0.001231
146 355 3 100 1813395 0.001231
393 354 3 100 46035 0.001232
255 158 3 100 18126 0.001233
170 239 3 100 97746 0.001233
320 391 3 100 989914 0.001234
331 114 3 100 2556881 0.001234
389 331 3 100 1881580 0.001235
284 176 3 100 16815 0.001237
290 95 3 100 24047 0.001239
324 59 3 100 68265 0.001239
342 270 3 100 67626 0.001241
230 391 3 100 2039364 0.001242
107 178 3 100 40801 0.001243
316 283 3 100 2415460 0.001244
390 245 3 100 74689 0.001246
50 37 3 100 281179 0.001247
248 92 3 100 51463 0.001248
42 189 3 100 2222764 0.001249
329 129 3 100 95547 0.001252
235 92 3 100 101414 0.001252
96 326 3 100 2383579 0.001253
242 249 3 100 2216351 0.001257
160 228 3 100 76272 0.001258
257 345 3 100 1738378 0.001258
123 76 3 100 2076427 0.001260
80 309 3 100 2048770 0.001261
87 130 3 100 365949 0.001261
103 68 3 100 288301 0.001262
136 151 3 100 92351 0.001264
161 241 3 100 891443 0.001264
310 143 3 100 535398 0.001265
63 232 3 100 33888 0.001265
163 44 3 100 64382 0.001268
211 381 3 100 2206247 0.001269
402 181 3 100 50601 0.001270
146 171 3 100 6786 0.001270
325 210 3 100 29825 0.001271
260 172 3 100 85220 0.001272
160 124 3 100 852012 0.001273
287 20 3 100 85863 0.001273
188 277 3 100 2588975 0.001274
383 286 3 100 2327646 0.001274
333 205 3 100 2038546 0.001275
296 142 3 100 342965 0.001275
306 238 3 100 1901231 0.001276
356 77 3 100 12799 0.001276
112 248 3 100 82601 0.001276
51 135 3 100 47432 0.001277
359 335 3 100 2249587 0.001279
370 94 3 100 1843025 0.001279
108 215 3 100 168664 0.001280
110 100 3 100 37744 0.001282
263 343 3 100 603172 0.001282
223 212 3 100 69405 0.001283
385 278 3 100 65297 0.001283
284 60 3 100 1891987 0.001284
362 144 3 100 90520 0.001285
61 188 3 100 101608 0.001285
113 44 3 100 159823 0.001286
104 57 3 100 14211 0.001286
208 334 3 100 482505 0.001287
187 394 3 100 735807 0.001288
362 207 3 100 505105 0.001288
153 207 3 100 91630 0.001289
217 107 3 100 73749 0.001289
179 105 3 100 30819 0.001289
256 235 3 100 25099 0.001289
328 259 3 100 41507 0.001289
110 392 3 100 80891 0.001289
141 210 3 100 1595438 0.001292
196 213 3 100 27393 0.001293
91 384 3 100 26569 0.001294
211 160 3 100 11705 0.001294
303 68 3 100 13704 0.001295
211 46 3 100 2253066 0.001296
380 356 3 100 30699 0.001298
213 78 3 100 328760 0.001298
237 175 3 100 1793446 0.001299
314 250 3 100 1672622 0.001300
360 142 3 100 2602868 0.001302
234 156 3 100 1844059 0.001302
290 144 3 100 505880 0.001303
66 222 3 100 2284214 0.001303
198 345 3 100 88598 0.001304
132 379 3 100 242607 0.001305
194 65 3 100 12117 0.001306
135 336 3 100 535396 0.001306
263 202 3 100 32955 0.001307
121 312 3 100 551635 0.001308
263 119 3 100 2614455 0.001308
143 127 3 100 2419637 0.001309
318 133 3 100 35965 0.001309
93 65 3 100 1909252 0.001309
232 318 3 100 67311 0.001309
217 386 3 100 738621 0.001309
317 88 3 100 1924321 0.001311
362 64 3 100 890639 0.001311
273 107 3 100 28816 0.001311
166 94 3 100 25004 0.001312
308 177 3 100 262633 0.001312
279 360 3 100 2312159 0.001312
81 341 3 100 95255 0.001312
266 168 3 100 1701435 0.001313
118 367 3 100 319579 0.001314
301 328 3 100 2007754 0.001314
83 354 3 100 28889 0.001315
234 179 3 100 29180 0.001316
343 393 3 100 19378 0.001318
310 120 3 100 1964577 0.001318
285 109 3 100 2268262 0.001318
395 196 3 100 1718313 0.001319
182 105 3 100 57395 0.001319
232 211 3 100 45913 0.001319
385 69 3 100 50766 0.001320
74 288 3 100 1907659 0.001320
260 270 3 100 96421 0.001322
104 259 3 100 80608 0.001323
274 77 3 100 45713 0.001326
386 275 3 100 33385 0.001326
285 187 3 100 104801 0.001327
105 352 3 100 46614 0.001327
66 203 3 100 2225852 0.001329
214 125 3 100 695493 0.001329
93 97 3 100 679674 0.001332
121 54 3 100 179088 0.001332
156 202 3 100 1762870 0.001333
192 345 3 100 2122210 0.001334
257 287 3 100 56035 0.001334
351 94 3 100 21722 0.001335
141 148 3 100 1693489 0.001335
124 28 3 100 57287 0.001336
47 278 3 100 692729 0.001336
387 376 3 100 1844706 0.001337
105 36 3 100 80130 0.001337
87 357 3 100 72222 0.001338
150 198 3 100 1842671 0.001338
178 124 3 100 47368 0.001341
52 212 3 100 1693448 0.001342
370 375 3 100 1016686 0.001342
293 273 3 100 43618 0.001342
389 333 3 100 72887 0.001344
39 288 3 100 103069 0.001344
102 158 3 100 42587 0.001346
55 349 3 100 72715 0.001346
44 261 3 100 2504414 0.001346
183 37 3 100 667219 0.001347
260 245 3 100 5676 0.001347
27 383 3 100 20233 0.001348
357 398 3 100 56583 0.001348
256 66 3 100 1632405 0.001350
120 125 3 100 76906 0.001350
86 34 3 100 20245 0.001350
204 208 3 100 31424 0.001352
166 176 3 100 2334941 0.001352
239 214 3 100 716556 0.001352
276 105 3 100 29667 0.001354
149 212 3 100 102895 0.001354
120 362 3 100 53205 0.001355
381 376 3 100 67619 0.001355
219 94 3 100 19359 0.001356
325 261 3 100 2152014 0.001357
125 363 3 100 13928 0.001358
195 218 3 100 1904381 0.001358
199 131 3 100 88351 0.001359
129 240 3 100 65986 0.001360
99 336 3 100 14789 0.001360
131 369 3 100 2693 0.001362
120 327 3 100 2145844 0.001363
165 335 3 100 412896 0.001364
277 59 3 100 943017 0.001366
368 97 3 100 35752 0.001367
22 181 3 100 102366 0.001367
76 25 3 100 2049650 0.001370
205 266 3 100 104058 0.001371
127 212 3 100 263306 0.001372
345 274 3 100 46298 0.001372
401 377 3 100 20295 0.001373
174 48 3 100 95117 0.001373
367 62 3 100 86485 0.001374
303 52 3 100 18104 0.001375
228 247 3 100 4042 0.001375
22 384 3 100 911202 0.001377
190 364 3 100 2520693 0.001378
371 231 3 100 757133 0.001378
68 231 3 100 1019218 0.001379
338 263 3 100 75774 0.001380
162 278 3 100 2587295 0.001380
119 167 3 100 687781 0.001380
352 245 3 100 68081 0.001382
223 341 3 100 139439 0.001382
198 383 3 100 332709 0.001383
176 279 3 100 565057 0.001385
172 211 3 100 1709097 0.001386
319 236 3 100 920025 0.001387
204 400 3 100 97327 0.001389
314 350 3 100 2066636 0.001391
43 311 3 100 1811799 0.001392
355 94 3 100 43234 0.001392
30 72 3 100 1570782 0.001393
387 169 3 100 41282 0.001394
340 375 3 100 94663 0.001394
144 235 3 100 2592982 0.001395
48 103 3 100 8896 0.001395
221 374 3 100 2495597 0.001397
247 374 3 100 84818 0.001397
193 362 3 100 27940 0.001398
271 35 3 100 694531 0.001399
135 179 3 100 728805 0.001402
322 347 3 100 2569869 0.001402
321 32 3 100 61384 0.001404
112 179 3 100 51755 0.001404
361 370 3 100 90066 0.001404
182 278 3 100 40644 0.001406
193 281 3 100 740424 0.001411
141 290 3 100 52947 0.001412
146 68 3 100 1646522 0.001413
331 333 3 100 633007 0.001413
288 385 3 100 16794 0.001416
316 193 3 100 42439 0.001418
390 175 3 100 78471 0.001420
195 219 3 100 28374 0.001422
163 103 3 100 2575232 0.001423
237 367 3 100 96867 0.001424
163 58 3 100 60441 0.001425
269 357 3 100 72007 0.001425
341 30 3 100 38112 0.001425
48 350 3 100 29054 0.001426
147 160 3 100 1809870 0.001426
165 330 3 100 50088 0.001427
217 41 3 100 907532 0.001428
145 216 3 100 1666852 0.001429
206 262 3 100 33089 0.001430
245 292 3 100 196904 0.001431
223 166 3 100 147226 0.001431
347 207 3 100 1569602 0.001431
280 130 3 100 335 0.001433
273 341 3 100 647147 0.001433
77 135 3 100 1658346 0.001434
61 28 3 100 639415 0.001435
347 130 3 100 53468 0.001436
238 87 3 100 84013 0.001436
192 240 3 100 781197 0.001436
181 327 3 100 5143 0.001437
402 237 3 100 66929 0.001437
26 140 3 100 1713669 0.001438
389 387 3 100 14969 0.001439
311 393 3 100 21258 0.001440
190 131 3 100 50028 0.001441
25 30 3 100 2249259 0.001442
74 134 3 100 165406 0.001444
283 289 3 100 56556 0.001445
308 72 3 100 104134 0.001445
239 311 3 100 92439 0.001447
143 157 3 100 82899 0.001448
216 274 3 100 690011 0.001449
243 234 3 100 80944 0.001449
160 248 3 100 560 0.001450
261 398 3 100 58509 0.001450
250 42 3 100 2087429 0.001452
355 103 3 100 84959 0.001453
195 170 3 100 695802 0.001457
107 236 3 100 1841301 0.001457
284 362 3 100 2173957 0.001460
62 281 3 100 24723 0.001462
251 302 3 100 27468 0.001463
245 27 3 100 21468 0.001463
187 367 3 100 62933 0.001465
249 111 3 100 487674 0.001465
47 29 3 100 2342223 0.001466
26 304 3 100 71363 0.001467
344 340 3 100 1570522 0.001467
80 79 3 100 178557 0.001468
20 103 3 100 4779 0.001469
114 168 3 100 92682 0.001471
234 100 3 100 32392 0.001474
105 233 3 100 52909 0.001474
373 112 3 100 68534 0.001474
371 389 3 100 2127767 0.001475
344 166 3 100 2474444 0.001476
150 49 3 100 745747 0.001477
55 374 3 100 102321 0.001478
375 110 3 100 388312 0.001479
44 345 3 100 25561 0.001480
261 113 3 100 1941892 0.001480
49 392 3 100 46098 0.001480
104 241 3 100 12061 0.001482
215 61 3 100 679055 0.001483
156 53 3 100 91697 0.001484
107 164 3 100 2364687 0.001485
152 229 3 100 103937 0.001486
76 337 3 100 93446 0.001486
76 359 3 100 100354 0.001487
191 116 3 100 625228 0.001488
255 85 3 100 2368908 0.001489
102 67 3 100 753354 0.001489
242 68 3 100 2341692 0.001490
262 36 3 100 92680 0.001491
72 139 3 100 80520 0.001491
236 31 3 100 311132 0.001494
177 265 3 100 2312049 0.001495
204 188 3 100 961 0.001495
92 190 3 100 27883 0.001496
65 351 3 100 104395 0.001497
249 101 3 100 589963 0.001500
34 123 3 100 889929 0.001502
99 287 3 100 2107268 0.001502
287 218 3 100 2047315 0.001503
242 161 3 100 2394337 0.001503
203 72 3 100 93339 0.001504
75 129 3 100 16685 0.001505
234 202 3 100 9888 0.001505
263 337 3 100 469197 0.001505
209 362 3 100 70108 0.001506
131 216 3 100 645814 0.001507
91 171 3 100 2161784 0.001508
327 107 3 100 2044592 0.001509
309 178 3 100 64607 0.001510
147 43 3 100 34717 0.001511
45 367 3 100 2063340 0.001512
95 389 3 100 45822 0.001513
121 361 3 100 1745930 0.001514
196 153 3 100 83199 0.001516
232 175 3 100 263617 0.001516
161 211 3 100 32221 0.001518
132 229 3 100 19763 0.001520
189 313 3 100 54453 0.001520
229 97 3 100 1947988 0.001522
167 392 3 100 77038 0.001523
330 325 3 100 4015 0.001523
157 150 3 100 2090136 0.001524
401 157 3 100 1727263 0.001525
133 185 3 100 671784 0.001526
53 85 3 100 13385 0.001527
145 89 3 100 2465986 0.001527
60 174 3 100 452761 0.001527
387 376 3 100 81427 0.001529
329 125 3 100 424942 0.001530
100 364 3 100 2042376 0.001531
21 388 3 100 2112333 0.001531
92 257 3 100 468622 0.001533
234 116 3 100 12360 0.001535
109 192 3 100 45027 0.001535
188 403 3 100 21537 0.001536
203 41 3 100 35519 0.001536
396 32 3 100 433008 0.001536
251 61 3 100 50616 0.001537
332 279 3 100 87774 0.001539
70 151 3 100 2274382 0.001540
265 317 3 100 43440 0.001540
387 400 3 100 42323 0.001540
118 120 3 100 2111038 0.001540
243 44 3 100 1887903 0.001545
402 251 3 100 150258 0.001547
189 96 3 100 19421 0.001547
164 352 3 100 19051 0.001548
221 215 3 100 11811 0.001551
245 243 3 100 2332820 0.001552
251 285 3 100 17849 0.001554
285 31 3 100 58163 0.001554
328 61 3 100 724170 0.001556
149 377 3 100 101101 0.001556
185 121 3 100 2578953 0.001557
125 334 3 100 1621628 0.001558
220 163 3 100 65075 0.001559
236 94 3 100 82006 0.001560
203 378 3 100 1715251 0.001561
265 399 3 100 1810404 0.001562
207 122 3 100 25234 0.001563
66 229 3 100 702394 0.001564
372 288 3 100 9728 0.001565
41 90 3 100 18527 0.001566
393 351 3 100 46343 0.001567
24 192 3 100 7721 0.001567
349 208 3 100 12714 0.001567
189 337 3 100 260791 0.001568
285 357 3 100 1892507 0.001568
219 21 3 100 54954 0.001568
53 90 3 100 1923241 0.001569
84 52 3 100 11019 0.001570
240 21 3 100 26530 0.001571
212 193 3 100 2113319 0.001572
382 222 3 100 60785 0.001573
329 63 3 100 1296 0.001573
292 123 3 100 104183 0.001577
360 103 3 100 763 0.001578
162 225 3 100 93162 0.001579
195 259 3 100 22932 0.001580
314 259 3 100 1850053 0.001581
115 250 3 100 37879 0.001581
388 54 3 100 165688 0.001583
223 392 3 100 373483 0.001584
78 84 3 100 85037 0.001584
377 103 3 100 827016 0.001585
144 391 3 100 75272 0.001586
348 280 3 100 65940 0.001587
265 279 3 100 512419 0.001589
32 187 3 100 1945250 0.001592
205 33 3 100 8222 0.001592
94 124 3 100 28647 0.001595
100 151 3 100 83157 0.001595
180 329 3 100 1140 0.001595
38 399 3 100 71791 0.001598
207 346 3 100 39583 0.001599
60 282 3 100 6614 0.001600
202 73 3 100 94734 0.001602
125 72 3 100 35960 0.001603
78 191 3 100 43019 0.001605
157 126 3 100 166776 0.001605
244 56 3 100 443190 0.001605
301 355 3 100 28562 0.001606
375 224 3 100 76005 0.001607
322 70 3 100 36763 0.001608
30 148 3 100 68060 0.001608
35 385 3 100 1958684 0.001611
30 278 3 100 45687 0.001612
338 320 3 100 864940 0.001614
242 209 3 100 50174 0.001615
25 111 3 100 20490 0.001615
334 147 3 100 9166 0.001615
110 318 3 100 1045328 0.001617
289 123 3 100 31300 0.001617
116 307 3 100 59931 0.001617
138 270 3 100 1829709 0.001619
22 106 3 100 25202 0.001619
315 345 3 100 1871570 0.001620
161 276 3 100 88961 0.001621
188 356 3 100 62869 0.001621
153 76 3 100 395599 0.001622
23 211 3 100 929830 0.001623
77 311 3 100 2348249 0.001624
64 171 3 100 86070 0.001625
350 258 3 100 2160281 0.001625
313 275 3 100 1387 0.001626
190 63 3 100 1839776 0.001627
174 221 3 100 2506802 0.001629
359 396 3 100 1017621 0.001629
385 199 3 100 2523174 0.001630
268 263 3 100 14083 0.001632
262 51 3 100 430518 0.001633
143 187 3 100 2588499 0.001634
397 384 3 100 361876 0.001634
191 229 3 100 81332 0.001634
104 293 3 100 94418 0.001634
305 324 3 100 1636 0.001636
276 332 3 100 47561 0.001636
200 227 3 100 73419 0.001638
172 121 3 100 33630 0.001641
144 234 3 100 1682276 0.001642
398 304 3 100 22636 0.001644
293 245 3 100 104735 0.001645
313 88 3 100 50357 0.001648
344 378 3 100 649828 0.001648
375 24 3 100 2449600 0.001649
377 240 3 100 45857 0.001650
202 37 3 100 68606 0.001650
249 138 3 100 85950 0.001650
322 22 3 100 10927 0.001653
157 123 3 100 50391 0.001653
129 377 3 100 2554315 0.001653
27 101 3 100 2302795 0.001655
196 243 3 100 29106 0.001658
158 110 3 100 68413 0.001660
63 258 3 100 41010 0.001662
54 26 3 100 32631 0.001664
392 181 3 100 8193 0.001665
136 174 3 100 1585499 0.001665
368 319 3 100 2281362 0.001666
175 187 3 100 27284 0.001666
27 77 3 100 66453 0.001666
70 108 3 100 52009 0.001667
321 403 3 100 762597 0.001667
133 161 3 100 467115 0.001668
224 151 3 100 1991919 0.001668
42 63 3 100 32061 0.001669
36 159 3 100 823658 0.001673
185 128 3 100 2255358 0.001674
397 173 3 100 254020 0.001675
225 346 3 100 1842950 0.001676
131 317 3 100 37329 0.001676
180 377 3 100 4416 0.001678
78 173 3 100 1968438 0.001679
217 145 3 100 89816 0.001680
379 252 3 100 1761512 0.001680
284 361 3 100 2336745 0.001680
135 310 3 100 97398 0.001682
121 329 3 100 1998039 0.001682
112 97 3 100 12300 0.001683
146 29 3 100 85700 0.001686
271 297 3 100 117371 0.001686
60 67 3 100 1594052 0.001687
207 318 3 100 42068 0.001687
81 62 3 100 86370 0.001689
305 260 3 100 2147534 0.001690
397 362 3 100 11067 0.001692
39 212 3 100 78180 0.001694
149 122 3 100 17477 0.001694
33 315 3 100 918161 0.001696
373 156 3 100 2339308 0.001697
34 147 3 100 526230 0.001697
183 376 3 100 42272 0.001698
57 136 3 100 529552 0.001698
96 70 3 100 2271 0.001698
33 355 3 100 19184 0.001699
79 175 3 100 41821 0.001700
84 279 3 100 88343 0.001701
136 171 3 100 170833 0.001702
367 323 3 100 2307750 0.001704
318 156 3 100 1021907 0.001704
97 188 3 100 102466 0.001704
358 381 3 100 5998 0.001704
83 41 3 100 1648547 0.001705
265 336 3 100 80942 0.001706
215 96 3 100 74986 0.001707
386 153 3 100 59244 0.001708
342 209 3 100 69230 0.001708
82 127 3 100 1907014 0.001709
242 23 3 100 3451 0.001710
25 325 3 100 101370 0.001712
45 283 3 100 549303 0.001712
23 63 3 100 88969 0.001712
105 184 3 100 89040 0.001714
89 358 3 100 10728 0.001715
381 298 3 100 88456 0.001715
159 38 3 100 2569222 0.001717
383 152 3 100 72387 0.001719
157 20 3 100 82652 0.001720
50 103 3 100 1961364 0.001720
146 56 3 100 26611 0.001721
385 279 3 100 102532 0.001722
169 394 3 100 344348 0.001722
150 98 3 100 6984 0.001727
45 289 3 100 251 0.001728
31 287 3 100 36264 0.001729
318 292 3 100 73508 0.001729
273 221 3 100 2046562 0.001730
263 92 3 100 72275 0.001732
167 182 3 100 2030300 0.001733
113 123 3 100 47491 0.001733
193 232 3 100 55620 0.001736
32 352 3 100 44847 0.001738
226 235 3 100 2289154 0.001740
41 146 3 100 900204 0.001740
149 377 3 100 57760 0.001743
234 289 3 100 310963 0.001746
225 395 3 100 1978888 0.001746
273 71 3 100 358709 0.001749
31 352 3 100 10921 0.001749
165 43 3 100 1142 0.001750
157 225 3 100 89108 0.001751
232 254 3 100 62438 0.001751
262 146 3 100 55705 0.001753
314 282 3 100 2498136 0.001756
152 207 3 100 970211 0.001758
96 142 3 100 1595372 0.001758
163 38 3 100 2019813 0.001759
151 70 3 100 2301279 0.001760
314 50 3 100 2274173 0.001761
348 78 3 100 2361706 0.001763
331 237 3 100 2256339 0.001763
329 177 3 100 33867 0.001764
362 279 3 100 343295 0.001764
250 174 3 100 2086737 0.001765
331 43 3 100 2149577 0.001766
185 100 3 100 47991 0.001768
335 192 3 100 3726 0.001768
86 126 3 100 96740 0.001771
261 29 3 100 2577391 0.001777
89 180 3 100 2084284 0.001779
169 314 3 100 2092057 0.001779
235 159 3 100 248903 0.001779
94 142 3 100 42611 0.001781
275 101 3 100 1751325 0.001782
320 241 3 100 1627912 0.001782
201 116 3 100 1032732 0.001782
180 208 3 100 2535997 0.001783
309 301 3 100 224209 0.001784
211 358 3 100 17242 0.001787
378 242 3 100 96689 0.001788
210 187 3 100 541593 0.001788
138 84 3 100 75973 0.001789
321 73 3 100 85811 0.001789
263 21 3 100 265164 0.001790
387 382 3 100 2236 0.001790
148 160 3 100 2493987 0.001791
23 191 3 100 2326719 0.001793
235 104 3 100 87031 0.001793
74 90 3 100 337463 0.001794
248 21 3 100 20756 0.001795
141 286 3 100 946221 0.001796
291 278 3 100 2178682 0.001796
360 224 3 100 2131141 0.001798
79 368 3 100 55388 0.001799
381 252 3 100 2147917 0.001799
31 186 3 100 209041 0.001799
364 287 3 100 2273403 0.001802
176 377 3 100 1954361 0.001804
67 177 3 100 81847 0.001805
275 235 3 100 71855 0.001806
259 210 3 100 553903 0.001807
36 46 3 100 188660 0.001807
84 110 3 100 299933 0.001809
399 363 3 100 806435 0.001810
157 333 3 100 76497 0.001811
48 260 3 100 58785 0.001813
64 95 3 100 74910 0.001813
31 291 3 100 40351 0.001814
268 51 3 100 20872 0.001814
258 249 3 100 77208 0.001815
29 42 3 100 414227 0.001815
326 88 3 100 36750 0.001816
83 151 3 100 2390873 0.001816
297 364 3 100 12418 0.001816
233 324 3 100 277532 0.001819
223 369 3 100 87341 0.001820
246 274 3 100 40250 0.001821
169 197 3 100 10479 0.001823
339 399 3 100 60441 0.001824
145 76 3 100 70587 0.001825
145 226 3 100 74302 0.001826
200 232 3 100 94546 0.001827
294 48 3 100 27749 0.001827
146 121 3 100 2374026 0.001829
295 209 3 100 84316 0.001830
88 105 3 100 614434 0.001831
194 31 3 100 2116670 0.001834
301 50 3 100 91884 0.001834
167 160 3 100 2611708 0.001835
56 37 3 100 1850228 0.001839
42 195 3 100 1858509 0.001839
131 373 3 100 81379 0.001840
69 172 3 100 1711377 0.001843
70 192 3 100 67515 0.001844
193 60 3 100 26003 0.001844
117 280 3 100 20521 0.001847
318 300 3 100 2285338 0.001848
152 337 3 100 569727 0.001851
364 180 3 100 1579480 0.001851
263 121 3 100 202 0.001852
248 268 3 100 2199173 0.001852
120 138 3 100 63849 0.001852
95 156 3 100 10904 0.001853
136 241 3 100 8594 0.001855
60 362 3 100 2325536 0.001856
227 83 3 100 37933 0.001856
201 225 3 100 1922849 0.001859
353 70 3 100 13274 0.001859
126 217 3 100 101255 0.001860
95 341 3 100 81807 0.001860
57 199 3 100 62869 0.001864
131 223 3 100 517 0.001864
296 109 3 100 33538 0.001864
93 61 3 100 2066283 0.001866
361 307 3 100 11598 0.001867
323 85 3 100 65622 0.001869
102 230 3 100 11289 0.001869
218 312 3 100 887879 0.001870
370 170 3 100 75517 0.001870
333 310 3 100 866898 0.001871
228 314 3 100 1623679 0.001871
147 215 3 100 882112 0.001871
369 183 3 100 52709 0.001871
374 329 3 100 100491 0.001872
116 159 3 100 96656 0.001872
229 172 3 100 13393 0.001876
150 220 3 100 305714 0.001877
364 311 3 100 1906055 0.001877
330 127 3 100 1747149 0.001877
395 265 3 100 102603 0.001878
293 240 3 100 65854 0.001878
31 102 3 100 42364 0.001879
166 379 3 100 52863 0.001880
227 87 3 100 86005 0.001883
163 403 3 100 78108 0.001883
29 110 3 100 195684 0.001884
143 376 3 100 1764398 0.001886
173 29 3 100 12124 0.001886
370 209 3 100 1654044 0.001887
251 255 3 100 360441 0.001888
252 88 3 100 1726877 0.001889
139 325 3 100 1754688 0.001889
216 88 3 100 932954 0.001889
26 82 3 100 47866 0.001890
368 206 3 100 2230961 0.001890
211 269 3 100 100847 0.001891
123 348 3 100 1044538 0.001891
357 123 3 100 52129 0.001892
154 196 3 100 360721 0.001892
205 294 3 100 58600 0.001892
114 96 3 100 1984944 0.001892
367 91 3 100 15429 0.001893
251 371 3 100 74914 0.001893
88 113 3 100 234989 0.001896
268 216 3 100 60610 0.001897
44 65 3 100 85976 0.001897
183 253 3 100 2031569 0.001899
171 173 3 100 85775 0.001901
295 26 3 100 14807 0.001901
376 166 3 100 95355 0.001904
312 174 3 100 71543 0.001906
100 254 3 100 100110 0.001907
109 323 3 100 57193 0.001908
310 284 3 100 2125728 0.001908
232 147 3 100 2075312 0.001909
50 26 3 100 1832088 0.001909
299 171 3 100 89692 0.001910
172 336 3 100 91402 0.001911
41 73 3 100 83283 0.001912
329 112 3 100 270602 0.001912
294 42 3 100 88618 0.001912
248 327 3 100 774495 0.001912
205 191 3 100 87019 0.001913
88 289 3 100 671888 0.001914
24 273 3 100 1753250 0.001914
20 165 3 100 16509 0.001914
335 400 3 100 726202 0.001914
212 345 3 100 38113 0.001915
264 59 3 100 2384758 0.001915
174 92 3 100 81619 0.001915
205 86 3 100 7731 0.001915
48 110 3 100 1637267 0.001918
196 238 3 100 2159637 0.001920
294 254 3 100 27385 0.001921
85 201 3 100 1877287 0.001922
181 251 3 100 32969 0.001923
296 31 3 100 865921 0.001924
362 213 3 100 573919 0.001924
307 28 3 100 86872 0.001926
393 375 3 100 98145 0.001927
285 336 3 100 104536 0.001927
338 217 3 100 65801 0.001928
115 215 3 100 8280 0.001928
51 255 3 100 53011 0.001930
389 251 3 100 48239 0.001931
243 166 3 100 64806 0.001931
227 177 3 100 102146 0.001931
403 230 3 100 414558 0.001932
89 205 3 100 17615 0.001933
89 193 3 100 17653 0.001935
337 306 3 100 1937236 0.001937
87 31 3 100 670 0.001937
195 77 3 100 1571957 0.001938
200 259 3 100 661076 0.001938
72 53 3 100 2385996 0.001939
41 265 3 100 156072 0.001940
286 299 3 100 1675543 0.001942
37 27 3 100 32712 0.001942
135 139 3 100 41541 0.001942
241 333 3 100 349172 0.001943
345 46 3 100 1776693 0.001943
247 245 3 100 70706 0.001943
27 137 3 100 19232 0.001945
205 311 3 100 127062 0.001946
177 34 3 100 979721 0.001947
136 283 3 100 1606687 0.001948
358 83 3 100 7238 0.001949
136 357 3 100 2424532 0.001950
48 63 3 100 83013 0.001952
265 66 3 100 151385 0.001952
352 282 3 100 60177 0.001953
148 291 3 100 178430 0.001953
216 32 3 100 2194282 0.001955
147 208 3 100 413257 0.001955
269 232 3 100 66021 0.001955
58 402 3 100 34931 0.001956
240 345 3 100 84428 0.001956
305 309 3 100 100744 0.001959
93 318 3 100 2028136 0.001963
154 164 3 100 2056319 0.001963
68 338 3 100 97095 0.001963
269 161 3 100 2176511 0.001965
49 147 3 100 1855140 0.001967
221 79 3 100 15202 0.001969
383 268 3 100 263793 0.001970
207 121 3 100 84042 0.001970
105 83 3 100 2087023 0.001971
24 170 3 100 59036 0.001972
379 289 3 100 311628 0.001974
272 306 3 100 64141 0.001975
128 53 3 100 1687634 0.001975
266 325 3 100 93921 0.001977
262 350 3 100 39580 0.001979
45 143 3 100 635127 0.001979
99 196 3 100 1948638 0.001980
180 358 3 100 283977 0.001984
87 381 3 100 24382 0.001984
118 403 3 100 2051065 0.001984
29 117 3 100 54951 0.001985
297 147 3 100 415993 0.001985
109 21 3 100 69845 0.001985
182 51 3 100 85291 0.001987
265 26 3 100 21328 0.001988
274 340 3 100 67743 0.001988
232 227 3 100 1910027 0.001989
161 238 3 100 98597 0.001989
290 261 3 100 38248 0.001989
367 210 3 100 69086 0.001989
67 269 3 100 69970 0.001992
172 32 3 100 904300 0.001992
330 320 3 100 82481 0.001992
388 153 3 100 598936 0.001992
290 120 3 100 2050987 0.001993
183 135 3 100 73862 0.001994
268 190 3 100 19485 0.001995
186 345 3 100 104123 0.001995
109 226 3 100 2385085 0.001995
118 376 3 100 385336 0.001996
87 34 3 100 6823 0.001998
354 281 3 100 390590 0.001998
389 36 3 100 91799 0.001999
191 240 3 100 20075 0.002001
269 177 3 100 421429 0.002003
334 223 3 100 174463 0.002004
194 331 3 100 89924 0.002006
303 390 3 100 802388 0.002008
46 335 3 100 835606 0.002008
292 255 3 100 53462 0.002008
152 325 3 100 12545 0.002013
62 254 3 100 54923 0.002017
70 357 3 100 49677 0.002019
296 273 3 100 483471 0.002019
241 195 3 100 77628 0.002021
231 92 3 100 82080 0.002022
95 311 3 100 1045416 0.002022
275 360 3 100 927365 0.002025
166 260 3 100 24612 0.002029
232 59 3 100 1630671 0.002029
283 74 3 100 608159 0.002029
378 259 3 100 12860 0.002029
50 295 3 100 870888 0.002030
209 191 3 100 89330 0.002031
382 257 3 100 16012 0.002031
266 158 3 100 2165276 0.002031
176 245 3 100 1865746 0.002031
213 250 3 100 94478 0.002032
96 334 3 100 1847353 0.002033
196 299 3 100 1669978 0.002033
183 141 3 100 1573268 0.002034
85 228 3 100 31860 0.002039
95 384 3 100 84867 0.002041
132 362 3 100 104133 0.002041
24 62 3 100 48139 0.002042
81 253 3 100 49364 0.002042
386 116 3 100 667111 0.002042
286 281 3 100 2219560 0.002043
331 31 3 100 55425 0.002043
265 384 3 100 97292 0.002045
291 380 3 100 34705 0.002045
120 302 3 100 507398 0.002046
134 356 3 100 76084 0.002047
322 200 3 100 208384 0.002051
238 230 3 100 24947 0.002052
250 80 3 100 2527416 0.002053
291 113 3 100 1993445 0.002053
278 39 3 100 2533928 0.002055
113 295 3 100 86890 0.002055
294 185 3 100 1707051 0.002057
342 270 3 100 87887 0.002058
52 162 3 100 2198763 0.002058
141 401 3 100 2156324 0.002061
67 385 3 100 29149 0.002063
383 24 3 100 1608 0.002067
155 167 3 100 16982 0.002067
281 106 3 100 56955 0.002070
138 358 3 100 1700088 0.002070
360 61 3 100 42256 0.002070
259 264 3 100 41978 0.002071
214 24 3 100 2489325 0.002071
384 112 3 100 38797 0.002072
219 221 3 100 97872 0.002073
279 198 3 100 135536 0.002074
136 47 3 100 11860 0.002074
253 68 3 100 84387 0.002075
238 21 3 100 1661513 0.002076
62 252 3 100 12617 0.002078
43 195 3 100 1791621 0.002079
239 163 3 100 957663 0.002080
104 342 3 100 6954 0.002081
311 209 3 100 1617365 0.002082
194 130 3 100 2379905 0.002086
290 174 3 100 2105889 0.002086
277 95 3 100 476300 0.002086
281 190 3 100 2280953 0.002087
184 324 3 100 83757 0.002087
221 246 3 100 2543615 0.002088
134 60 3 100 862396 0.002090
41 321 3 100 2133795 0.002093
56 172 3 100 35254 0.002094
53 267 3 100 48297 0.002096
269 343 3 100 12138 0.002104
22 227 3 100 2339201 0.002104
165 286 3 100 476886 0.002105
148 22 3 100 674951 0.002105
327 109 3 100 46521 0.002105
298 168 3 100 9424 0.002106
329 365 3 100 98716 0.002106
356 212 3 100 2078029 0.002107
64 212 3 100 2428231 0.002112
88 224 3 100 2559868 0.002112
316 209 3 100 1703678 0.002113
34 101 3 100 2499052 0.002113
358 142 3 100 934611 0.002113
48 397 3 100 633767 0.002113
331 319 3 100 90018 0.002114
179 248 3 100 29599 0.002115
338 170 3 100 43499 0.002115
337 359 3 100 20353 0.002115
292 363 3 100 2612676 0.002116
255 246 3 100 92731 0.002116
186 320 3 100 35774 0.002119
24 282 3 100 2532088 0.002120
81 355 3 100 1680784 0.002121
386 184 3 100 12945 0.002121
279 272 3 100 80017 0.002121
252 383 3 100 2173554 0.002124
378 140 3 100 48125 0.002126
76 126 3 100 39221 0.002128
98 202 3 100 751535 0.002128
240 183 3 100 2456406 0.002131
255 184 3 100 84627 0.002132
367 95 3 100 62822 0.002134
72 205 3 100 10407 0.002134
115 311 3 100 83970 0.002138
381 130 3 100 1707230 0.002139
85 67 3 100 2461848 0.002140
121 156 3 100 607722 0.002140
143 272 3 100 1578504 0.002141
358 243 3 100 629798 0.002142
265 183 3 100 466935 0.002142
202 268 3 100 39884 0.002142
87 274 3 100 64348 0.002143
179 403 3 100 32110 0.002144
380 390 3 100 2351172 0.002144
210 214 3 100 37520 0.002145
191 279 3 100 84471 0.002145
28 311 3 100 26986 0.002146
277 208 3 100 79313 0.002149
318 160 3 100 1760487 0.002149
221 380 3 100 26914 0.002150
50 133 3 100 95490 0.002151
292 336 3 100 78216 0.002152
361 321 3 100 67480 0.002153
288 280 3 100 1890706 0.002155
193 290 3 100 581936 0.002155
187 180 3 100 60910 0.002155
96 278 3 100 602504 0.002155
156 399 3 100 69173 0.002156
329 288 3 100 2390060 0.002158
209 33 3 100 2034506 0.002160
292 381 3 100 72931 0.002160
45 383 3 100 4921 0.002162
327 337 3 100 4672 0.002162
138 390 3 100 2154138 0.002163
135 46 3 100 75197 0.002163
45 186 3 100 72958 0.002164
390 63 3 100 1604997 0.002167
236 212 3 100 31513 0.002168
108 253 3 100 59502 0.002169
327 108 3 100 102521 0.002171
334 53 3 100 41029 0.002174
381 289 3 100 101254 0.002175
266 152 3 100 2314422 0.002175
36 248 3 100 618445 0.002176
384 102 3 100 16833 0.002177
100 238 3 100 2134041 0.002178
393 363 3 100 512642 0.002180
228 142 3 100 65019 0.002180
320 352 3 100 94622 0.002183
268 360 3 100 5780 0.002183
193 375 3 100 1644444 0.002183
319 348 3 100 2214258 0.002184
200 239 3 100 15600 0.002185
149 187 3 100 97691 0.002187
142 327 3 100 50742 0.002188
42 200 3 100 953887 0.002188
57 399 3 100 76390 0.002189
101 127 3 100 26500 0.002189
140 200 3 100 1773823 0.002189
22 189 3 100 2607074 0.002190
80 301 3 100 1500 0.002190
319 258 3 100 944894 0.002190
260 135 3 100 1646691 0.002194
57 214 3 100 2552965 0.002194
303 74 3 100 227484 0.002195
214 35 3 100 2240029 0.002196
311 342 3 100 15258 0.002196
243 125 3 100 1920153 0.002196
255 351 3 100 2525380 0.002198
255 278 3 100 1887321 0.002198
253 328 3 100 49478 0.002198
68 89 3 100 25705 0.002202
342 109 3 100 32159 0.002202
79 191 3 100 860387 0.002207
175 156 3 100 838150 0.002208
392 395 3 100 93349 0.002208
394 82 3 100 55329 0.002208
285 367 3 100 28375 0.002209
115 249 3 100 61328 0.002209
303 358 3 100 1895130 0.002212
330 78 3 100 215364 0.002212
98 226 3 100 2443138 0.002213
97 165 3 100 1723100 0.002215
403 362 3 100 65240 0.002215
71 192 3 100 92077 0.002215
39 341 3 100 2391776 0.002216
298 214 3 100 16921 0.002216
250 209 3 100 101557 0.002217
160 248 3 100 55150 0.002217
140 65 3 100 449248 0.002217
23 317 3 100 48685 0.002219
39 330 3 100 90546 0.002220
253 75 3 100 1582205 0.002220
99 375 3 100 2607210 0.002220
369 167 3 100 2178343 0.002220
56 372 3 100 72228 0.002221
230 243 3 100 6869 0.002222
394 364 3 100 2549126 0.002222
122 45 3 100 58260 0.002223
270 38 3 100 55554 0.002226
173 278 3 100 21016 0.002226
186 42 3 100 69329 0.002227
290 126 3 100 1989169 0.002229
22 23 3 100 1713937 0.002230
378 399 3 100 91840 0.002230
101 24 3 100 33294 0.002231
202 338 3 100 85715 0.002232
189 319 3 100 302045 0.002232
51 152 3 100 3134 0.002233
203 54 3 100 64570 0.002233
56 158 3 100 69548 0.002234
205 381 3 100 849345 0.002235
69 232 3 100 2344218 0.002235
128 43 3 100 95928 0.002238
91 136 3 100 34124 0.002239
107 80 3 100 2292525 0.002240
126 53 3 100 1772822 0.002240
291 307 3 100 15217 0.002241
171 149 3 100 81589 0.002242
155 323 3 100 96201 0.002243
253 99 3 100 41769 0.002244
224 382 3 100 1652084 0.002244
344 255 3 100 76591 0.002245
71 46 3 100 44322 0.002245
364 359 3 100 338141 0.002245
192 206 3 100 1915475 0.002246
85 391 3 100 30687 0.002246
271 219 3 100 2439664 0.002246
357 31 3 100 27924 0.002247
364 305 3 100 104640 0.002253
325 180 3 100 35963 0.002253
228 344 3 100 1810496 0.002254
154 272 3 100 7497 0.002255
270 380 3 100 2542631 0.002257
334 288 3 100 1593670 0.002258
313 148 3 100 70132 0.002259
119 197 3 100 88932 0.002259
118 238 3 100 95960 0.002265
42 26 3 100 2345787 0.002266
309 225 3 100 1595802 0.002266
104 125 3 100 1731314 0.002266
272 206 3 100 2552270 0.002266
285 146 3 100 2332424 0.002268
34 146 3 100 104102 0.002270
231 232 3 100 1841310 0.002272
357 270 3 100 37220 0.002272
43 152 3 100 86371 0.002273
257 127 3 100 420355 0.002273
97 241 3 100 27582 0.002273
342 370 3 100 1933240 0.002274
222 334 3 100 380305 0.002275
268 187 3 100 56229 0.002277
278 239 3 100 601922 0.002277
148 166 3 100 1807983 0.002277
55 68 3 100 2524168 0.002278
87 169 3 100 12262 0.002278
294 273 3 100 1632698 0.002278
112 384 3 100 2431162 0.002279
172 375 3 100 53429 0.002279
314 293 3 100 2076507 0.002280
399 233 3 100 82511 0.002283
86 298 3 100 855157 0.002283
314 309 3 100 1734802 0.002283
120 111 3 100 2343866 0.002284
314 84 3 100 28163 0.002284
101 315 3 100 1972606 0.002285
62 350 3 100 125101 0.002285
376 84 3 100 384558 0.002286
137 188 3 100 6309 0.002286
134 23 3 100 875187 0.002287
244 283 3 100 1909267 0.002287
191 157 3 100 1779643 0.002288
310 242 3 100 2518281 0.002288
57 79 3 100 52004 0.002290
247 74 3 100 417643 0.002291
264 350 3 100 77187 0.002292
368 305 3 100 1702777 0.002292
82 24 3 100 1926162 0.002293
272 155 3 100 1938956 0.002294
173 291 3 100 1648371 0.002294
280 197 3 100 44146 0.002295
379 373 3 100 40257 0.002296
348 139 3 100 102766 0.002298
309 335 3 100 1710384 0.002299
184 309 3 100 68725 0.002299
241 116 3 100 33168 0.002300
138 217 3 100 835674 0.002301
239 293 3 100 2452850 0.002303
346 281 3 100 1664484 0.002303
321 109 3 100 997094 0.002304
214 119 3 100 89236 0.002304
368 373 3 100 46162 0.002305
326 389 3 100 44280 0.002306
278 304 3 100 952117 0.002306
370 176 3 100 996505 0.002307
230 212 3 100 2369206 0.002309
327 58 3 100 20548 0.002310
139 62 3 100 221729 0.002311
372 248 3 100 1768600 0.002314
98 352 3 100 2311633 0.002315
188 99 3 100 1580859 0.002316
212 218 3 100 78691 0.002317
247 139 3 100 54380 0.002319
388 36 3 100 72769 0.002320
399 118 3 100 1690679 0.002323
356 254 3 100 2430118 0.002323
240 155 3 100 1672037 0.002325
400 303 3 100 35996 0.002326
69 166 3 100 65113 0.002326
342 70 3 100 29867 0.002326
84 63 3 100 88170 0.002329
239 265 3 100 1730501 0.002329
55 160 3 100 937266 0.002330
162 84 3 100 32203 0.002330
383 293 3 100 711672 0.002332
202 131 3 100 36122 0.002335
72 202 3 100 2432913 0.002335
116 271 3 100 44188 0.002336
358 363 3 100 1809860 0.002336
383 364 3 100 10077 0.002337
188 384 3 100 1846459 0.002338
145 270 3 100 93906 0.002339
195 97 3 100 23772 0.002340
26 89 3 100 2133447 0.002341
372 193 3 100 42200 0.002342
81 53 3 100 3062 0.002342
118 402 3 100 54751 0.002343
369 339 3 100 2041231 0.002343
278 199 3 100 2485831 0.002345
359 93 3 100 73479 0.002346
377 72 3 100 63641 0.002348
26 41 3 100 152070 0.002349
283 173 3 100 1843023 0.002350
40 154 3 100 64096 0.002354
32 183 3 100 27541 0.002355
369 256 3 100 103109 0.002356
173 259 3 100 851662 0.002357
75 176 3 100 101801 0.002361
335 212 3 100 387921 0.002362
124 215 3 100 95610 0.002362
226 306 3 100 1952126 0.002362
99 39 3 100 176570 0.002363
95 102 3 100 267724 0.002364
194 260 3 100 1936514 0.002364
130 344 3 100 2176868 0.002364
93 388 3 100 80838 0.002365
150 352 3 100 99574 0.002365
210 90 3 100 95498 0.002366
69 373 3 100 47280 0.002368
77 401 3 100 91520 0.002370
53 354 3 100 2226072 0.002372
124 52 3 100 150228 0.002372
367 97 3 100 1737387 0.002373
91 59 3 100 38908 0.002376
168 83 3 100 5554 0.002377
346 107 3 100 23852 0.002377
185 338 3 100 60675 0.002377
315 265 3 100 35531 0.002380
259 58 3 100 320522 0.002382
78 92 3 100 100867 0.002383
119 302 3 100 34216 0.002384
382 351 3 100 64139 0.002385
71 294 3 100 68209 0.002385
188 120 3 100 103807 0.002387
402 269 3 100 29445 0.002387
351 82 3 100 2354770 0.002388
179 136 3 100 456141 0.002388
250 403 3 100 2511320 0.002388
111 60 3 100 15539 0.002390
257 301 3 100 58221 0.002391
385 313 3 100 10428 0.002392
291 165 3 100 101268 0.002394
188 51 3 100 2189542 0.002394
300 244 3 100 1892301 0.002394
265 365 3 100 665458 0.002394
39 181 3 100 94909 0.002396
156 322 3 100 873315 0.002397
344 233 3 100 53025 0.002397
323 72 3 100 62406 0.002398
317 298 3 100 58868 0.002399
372 26 3 100 15044 0.002399
268 328 3 100 2556554 0.002401
338 156 3 100 1765513 0.002402
148 324 3 100 2575526 0.002402
84 234 3 100 193951 0.002405
169 188 3 100 677562 0.002405
43 82 3 100 812066 0.002407
295 385 3 100 1759713 0.002408
61 84 3 100 43274 0.002408
224 88 3 100 75577 0.002410
379 252 3 100 1712213 0.002412
44 173 3 100 1705696 0.002412
258 145 3 100 102682 0.002413
130 185 3 100 949344 0.002413
303 346 3 100 961470 0.002415
43 74 3 100 60263 0.002415
119 95 3 100 13079 0.002416
211 194 3 100 1036472 0.002416
386 46 3 100 2505471 0.002419
383 168 3 100 25910 0.002420
175 237 3 100 2152252 0.002423
163 39 3 100 960843 0.002423
315 199 3 100 267100 0.002425
101 43 3 100 96939 0.002426
162 34 3 100 629458 0.002426
98 367 3 100 26379 0.002428
368 363 3 100 1985262 0.002428
159 380 3 100 665919 0.002430
70 46 3 100 92238 0.002431
369 297 3 100 619380 0.002432
373 343 3 100 63622 0.002433
125 331 3 100 51750 0.002433
175 245 3 100 45841 0.002436
134 402 3 100 89926 0.002436
83 368 3 100 55041 0.002437
330 53 3 100 20596 0.002439
380 339 3 100 90789 0.002441
52 298 3 100 46622 0.002441
345 383 3 100 1691212 0.002441
329 177 3 100 53667 0.002441
282 145 3 100 985937 0.002444
196 61 3 100 4338 0.002448
278 132 3 100 1779573 0.002449
215 222 3 100 256555 0.002449
244 63 3 100 2011253 0.002450
190 170 3 100 207069 0.002451
397 304 3 100 13767 0.002454
229 342 3 100 2006109 0.002455
151 395 3 100 44979 0.002457
229 113 3 100 69063 0.002457
292 151 3 100 1636827 0.002458
321 254 3 100 16110 0.002459
361 112 3 100 16002 0.002459
315 330 3 100 50241 0.002460
215 101 3 100 83809 0.002460
352 158 3 100 96311 0.002460
202 126 3 100 831291 0.002461
298 168 3 100 67042 0.002462
32 152 3 100 399814 0.002462
196 147 3 100 2334077 0.002463
266 207 3 100 32711 0.002463
403 260 3 100 40193 0.002466
390 338 3 100 71584 0.002468
325 173 3 100 4311 0.002468
159 337 3 100 2141732 0.002469
399 246 3 100 56139 0.002470
292 303 3 100 2544557 0.002470
263 219 3 100 28991 0.002472
126 127 3 100 67402 0.002474
345 375 3 100 63077 0.002477
332 187 3 100 875682 0.002478
81 193 3 100 1746906 0.002478
21 141 3 100 27471 0.002480
372 39 3 100 40776 0.002480
112 367 3 100 2178864 0.002480
33 319 3 100 49167 0.002481
361 70 3 100 2584190 0.002482
388 264 3 100 2200461 0.002483
145 292 3 100 2566774 0.002483
30 334 3 100 4837 0.002484
340 364 3 100 2223 0.002485
92 219 3 100 103137 0.002486
300 35 3 100 11463 0.002487
260 175 3 100 10172 0.002487
252 175 3 100 104637 0.002487
289 386 3 100 58163 0.002488
59 397 3 100 21876 0.002490
352 120 3 100 81635 0.002490
305 290 3 100 1852020 0.002491
251 371 3 100 1681873 0.002491
134 360 3 100 9487 0.002491
195 246 3 100 1938693 0.002492
38 250 3 100 1739433 0.002492
350 33 3 100 70692 0.002493
214 238 3 100 90532 0.002493
322 370 3 100 44239 0.002493
97 123 3 100 42345 0.002494
362 187 3 100 1597544 0.002495
33 268 3 100 69955 0.002495
68 141 3 100 98490 0.002495
168 238 3 100 61471 0.002496
323 216 3 100 1684196 0.002496
39 261 3 100 56759 0.002497
259 154 3 100 2493632 0.002497
87 279 3 100 10327 0.002497
126 176 3 100 1647672 0.002497
363 67 3 100 613 0.002498
306 355 3 100 2386871 0.002499
232 342 3 100 12376 0.002500
120 155 3 100 2111350 0.002501
187 396 3 100 487865 0.002501
265 347 3 100 725694 0.002502
321 106 3 100 430213 0.002503
272 81 3 100 104229 0.002506
132 309 3 100 2324475 0.002506
323 346 3 100 2508111 0.002507
139 20 3 100 74981 0.002507
330 124 3 100 88564 0.002508
51 210 3 100 405372 0.002509
44 368 3 100 195963 0.002511
261 247 3 100 42742 0.002512
331 186 3 100 96734 0.002514
108 354 3 100 101925 0.002514
100 200 3 100 2507342 0.002516
334 168 3 100 57153 0.002517
154 391 3 100 1872224 0.002518
186 32 3 100 101094 0.002519
79 73 3 100 26874 0.002520
246 85 3 100 41915 0.002520
391 61 3 100 53753 0.002522
182 66 3 100 442596 0.002523
332 257 3 100 203698 0.002523
81 354 3 100 835754 0.002524
229 378 3 100 61442 0.002525
182 226 3 100 692069 0.002525
191 377 3 100 82884 0.002529
359 130 3 100 62997 0.002529
156 103 3 100 11608 0.002530
151 105 3 100 211716 0.002533
212 359 3 100 1869052 0.002534
155 265 3 100 16425 0.002536
190 392 3 100 274070 0.002537
94 20 3 100 80405 0.002537
346 402 3 100 79697 0.002538
402 30 3 100 61908 0.002540
174 369 3 100 48532 0.002541
34 277 3 100 2277492 0.002543
238 356 3 100 12252 0.002545
206 322 3 100 24949 0.002548
56 309 3 100 53279 0.002548
42 112 3 100 2291517 0.002549
349 315 3 100 26325 0.002551
70 33 3 100 856349 0.002551
299 279 3 100 2586785 0.002551
41 101 3 100 277377 0.002551
141 247 3 100 101280 0.002552
52 333 3 100 2191160 0.002553
38 100 3 100 25447 0.002555
253 340 3 100 1946876 0.002555
102 61 3 100 69355 0.002556
80 371 3 100 82223 0.002558
21 289 3 100 500336 0.002558
98 200 3 100 37106 0.002560
135 70 3 100 682778 0.002560
362 374 3 100 104465 0.002560
347 122 3 100 1658437 0.002560
287 314 3 100 2601145 0.002560
353 68 3 100 1830074 0.002560
334 49 3 100 2128063 0.002561
60 228 3 100 1911469 0.002562
328 339 3 100 2292971 0.002563
102 397 3 100 32187 0.002564
275 266 3 100 188731 0.002567
247 217 3 100 282113 0.002567
196 186 3 100 1628522 0.002569
368 336 3 100 22609 0.002570
384 281 3 100 1657617 0.002571
161 245 3 100 78913 0.002572
250 352 3 100 686765 0.002572
130 87 3 100 1633886 0.002574
32 222 3 100 1979909 0.002575
335 82 3 100 332150 0.002576
29 82 3 100 2395 0.002578
147 104 3 100 54476 0.002578
381 102 3 100 65951 0.002579
227 189 3 100 76518 0.002579
222 173 3 100 35744 0.002580
140 330 3 100 1608264 0.002581
177 55 3 100 62179 0.002582
336 208 3 100 83721 0.002583
297 267 3 100 482978 0.002583
220 127 3 100 94610 0.002585
134 188 3 100 100702 0.002586
85 227 3 100 1799358 0.002587
178 145 3 100 1626637 0.002587
352 150 3 100 74849 0.002590
385 97 3 100 74381 0.002591
328 375 3 100 577633 0.002592
93 324 3 100 54708 0.002595
237 42 3 100 2457197 0.002596
342 334 3 100 28570 0.002598
30 318 3 100 72427 0.002598
238 245 3 100 48957 0.002599
359 148 3 100 2536295 0.002601
41 97 3 100 813962 0.002601
58 38 3 100 45572 0.002602
237 67 3 100 74567 0.002603
306 354 3 100 80966 0.002604
260 179 3 100 1860058 0.002604
94 109 3 100 2334118 0.002606
284 239 3 100 306591 0.002607
306 296 3 100 2301684 0.002607
25 243 3 100 667206 0.002607
165 100 3 100 33249 0.002612
92 75 3 100 1622560 0.002615
81 136 3 100 1010 0.002617
182 403 3 100 1854136 0.002617
63 209 3 100 22326 0.002618
364 244 3 100 34141 0.002619
48 225 3 100 2325494 0.002619
107 109 3 100 1639943 0.002621
81 36 3 100 567984 0.002621
286 80 3 100 1759277 0.002623
141 185 3 100 2376385 0.002623
49 90 3 100 582812 0.002623
266 83 3 100 74842 0.002625
344 278 3 100 861008 0.002626
21 48 3 100 649680 0.002627
346 340 3 100 2508751 0.002627
387 242 3 100 49271 0.002630
168 104 3 100 96889 0.002630
29 315 3 100 386729 0.002631
35 130 3 100 2360203 0.002632
320 104 3 100 2596215 0.002633
367 50 3 100 2161 0.002634
299 121 3 100 1591668 0.002635
187 251 3 100 88817 0.002636
97 307 3 100 85092 0.002637
24 115 3 100 2310319 0.002637
173 137 3 100 2064169 0.002637
278 235 3 100 109617 0.002639
214 358 3 100 2349132 0.002639
401 293 3 100 2438012 0.002641
363 386 3 100 2586413 0.002642
48 299 3 100 47283 0.002642
380 204 3 100 1801904 0.002643
167 362 3 100 52158 0.002643
362 89 3 100 74900 0.002643
375 317 3 100 36603 0.002644
320 72 3 100 716698 0.002645
222 297 3 100 147 0.002646
377 232 3 100 2137056 0.002648
354 223 3 100 69337 0.002649
373 260 3 100 2553025 0.002651
308 294 3 100 34793 0.002652
214 148 3 100 723114 0.002654
280 371 3 100 64157 0.002656
46 213 3 100 1898946 0.002656
242 220 3 100 114373 0.002657
56 177 3 100 93591 0.002658
23 254 3 100 15526 0.002658
113 35 3 100 1596978 0.002659
322 148 3 100 35916 0.002661
266 189 3 100 261773 0.002662
227 247 3 100 2384695 0.002665
56 34 3 100 37937 0.002665
392 287 3 100 11634 0.002667
134 66 3 100 38653 0.002668
207 319 3 100 76955 0.002669
239 120 3 100 2282724 0.002671
276 135 3 100 1914398 0.002672
29 372 3 100 35225 0.002674
234 171 3 100 1659033 0.002674
390 177 3 100 66683 0.002675
361 313 3 100 7933 0.002676
63 371 3 100 2514763 0.002677
191 172 3 100 13821 0.002680
21 281 3 100 2175345 0.002681
343 380 3 100 1628752 0.002681
165 43 3 100 155220 0.002682
387 299 3 100 1979581 0.002683
360 168 3 100 11876 0.002684
182 287 3 100 514788 0.002684
240 347 3 100 1716277 0.002686
396 232 3 100 13071 0.002687
401 206 3 100 40523 0.002688
310 142 3 100 80417 0.002690
318 213 3 100 1039914 0.002692
248 151 3 100 2154921 0.002692
352 228 3 100 2067551 0.002692
302 366 3 100 30736 0.002693
202 248 3 100 28898 0.002695
399 324 3 100 636504 0.002695
403 349 3 100 78518 0.002696
151 358 3 100 1817002 0.002696
261 165 3 100 92869 0.002697
21 104 3 100 2158010 0.002698
38 345 3 100 30689 0.002698
105 224 3 100 80727 0.002699
34 266 3 100 2108290 0.002700
366 126 3 100 985192 0.002701
150 240 3 100 91653 0.002702
43 353 3 100 22541 0.002704
279 209 3 100 46531 0.002705
332 352 3 100 102452 0.002705
384 199 3 100 2488744 0.002706
76 392 3 100 527121 0.002707
244 221 3 100 51046 0.002710
72 389 3 100 894208 0.002712
151 311 3 100 73627 0.002712
291 402 3 100 97358 0.002712
378 66 3 100 36340 0.002712
150 312 3 100 2210082 0.002712
333 88 3 100 24639 0.002713
327 112 3 100 90738 0.002714
208 147 3 100 638042 0.002715
233 354 3 100 602725 0.002716
177 258 3 100 2012730 0.002717
163 131 3 100 968162 0.002719
79 22 3 100 25413 0.002720
47 146 3 100 87137 0.002721
63 342 3 100 49875 0.002721
235 363 3 100 1787109 0.002721
188 112 3 100 1873450 0.002722
150 69 3 100 2420380 0.002723
239 218 3 100 83325 0.002724
378 37 3 100 607373 0.002724
126 292 3 100 41341 0.002725
162 75 3 100 1808418 0.002725
358 23 3 100 1577878 0.002725
33 84 3 100 1975440 0.002728
37 396 3 100 92151 0.002729
343 28 3 100 721818 0.002729
283 158 3 100 1047697 0.002733
379 260 3 100 31428 0.002735
348 163 3 100 32415 0.002736
74 91 3 100 8456 0.002736
29 182 3 100 45818 0.002737
232 217 3 100 40433 0.002738
379 106 3 100 6675 0.002740
81 181 3 100 859054 0.002740
102 308 3 100 1787369 0.002743
43 90 3 100 946090 0.002743
143 144 3 100 55393 0.002744
85 89 3 100 825826 0.002745
376 204 3 100 55953 0.002746
328 51 3 100 1588686 0.002746
136 379 3 100 53540 0.002746
314 118 3 100 1589780 0.002747
67 58 3 100 62419 0.002747
334 34 3 100 1830494 0.002748
96 283 3 100 595174 0.002749
195 382 3 100 1894184 0.002750
225 42 3 100 96553 0.002752
400 251 3 100 2610839 0.002753
240 96 3 100 104483 0.002754
68 325 3 100 59575 0.002754
338 61 3 100 7071 0.002754
40 179 3 100 64760 0.002754
299 274 3 100 515155 0.002755
256 301 3 100 7018 0.002755
63 309 3 100 998720 0.002756
256 270 3 100 945854 0.002761
395 110 3 100 81401 0.002763
87 297 3 100 2228889 0.002764
270 269 3 100 50522 0.002764
50 309 3 100 1738824 0.002765
125 74 3 100 1855521 0.002765
273 308 3 100 294825 0.002766
69 374 3 100 63929 0.002770
399 102 3 100 2094945 0.002771
188 93 3 100 55677 0.002771
226 32 3 100 400568 0.002772
395 164 3 100 23556 0.002773
29 348 3 100 2545755 0.002773
136 226 3 100 500513 0.002773
65 249 3 100 2156423 0.002773
398 282 3 100 1918696 0.002774
185 117 3 100 13566 0.002775
364 325 3 100 634553 0.002776
247 68 3 100 58763 0.002776
148 339 3 100 48400 0.002776
319 73 3 100 14392 0.002777
359 362 3 100 23540 0.002779
365 362 3 100 23460 0.002781
50 325 3 100 2295294 0.002781
91 145 3 100 2086203 0.002782
32 109 3 100 10731 0.002783
86 217 3 100 66845 0.002785
156 401 3 100 924706 0.002785
25 382 3 100 13901 0.002786
139 294 3 100 61092 0.002786
100 154 3 100 45938 0.002788
172 312 3 100 30590 0.002790
22 71 3 100 957139 0.002790
272 87 3 100 83665 0.002790
98 91 3 100 2276055 0.002791
190 285 3 100 95520 0.002791
123 349 3 100 728766 0.002792
147 92 3 100 51299 0.002792
313 298 3 100 23381 0.002792
73 220 3 100 50480 0.002793
154 117 3 100 648113 0.002794
259 335 3 100 510522 0.002794
150 385 3 100 1760560 0.002796
143 38 3 100 2702 0.002796
20 109 3 100 95608 0.002797
170 183 3 100 81405 0.002799
253 225 3 100 70007 0.002800
231 323 3 100 700154 0.002801
380 132 3 100 30573 0.002806
123 105 3 100 697623 0.002807
244 47 3 100 85535 0.002807
299 185 3 100 62208 0.002807
94 71 3 100 21714 0.002807
64 95 3 100 2103016 0.002809
164 237 3 100 2595369 0.002809
86 68 3 100 90026 0.002810
243 392 3 100 2092872 0.002810
348 85 3 100 96749 0.002810
348 385 3 100 39460 0.002811
276 163 3 100 1786501 0.002811
89 208 3 100 983283 0.002812
97 82 3 100 8577 0.002813
102 282 3 100 57039 0.002814
301 319 3 100 912545 0.002814
119 166 3 100 1926348 0.002817
80 315 3 100 77885 0.002818
80 197 3 100 1657372 0.002818
80 330 3 100 92325 0.002820
89 179 3 100 171993 0.002821
106 314 3 100 54620 0.002821
238 137 3 100 2277292 0.002822
236 80 3 100 22625 0.002823
92 88 3 100 67421 0.002824
219 129 3 100 97224 0.002824
165 51 3 100 73727 0.002824
117 350 3 100 102454 0.002825
297 47 3 100 2018467 0.002826
118 91 3 100 2585363 0.002826
305 177 3 100 2071958 0.002827
281 234 3 100 2308977 0.002827
56 294 3 100 86931 0.002828
234 268 3 100 688000 0.002829
208 375 3 100 80337 0.002830
94 154 3 100 42947 0.002831
352 113 3 100 75638 0.002832
293 277 3 100 1839450 0.002832
165 373 3 100 507513 0.002833
174 121 3 100 56581 0.002834
146 361 3 100 1653335 0.002835
211 224 3 100 572742 0.002835
256 301 3 100 1676943 0.002835
367 236 3 100 1693443 0.002835
192 199 3 100 29216 0.002837
352 253 3 100 23081 0.002838
36 121 3 100 64284 0.002838
123 279 3 100 1571 0.002838
182 309 3 100 59908 0.002840
161 116 3 100 397286 0.002841
325 174 3 100 80492 0.002842
219 323 3 100 35037 0.002843
254 319 3 100 88904 0.002843
57 374 3 100 2041110 0.002846
116 70 3 100 747584 0.002846
264 85 3 100 33174 0.002847
172 219 3 100 2460118 0.002849
40 67 3 100 61590 0.002850
218 205 3 100 1848791 0.002851
264 252 3 100 2109338 0.002852
339 260 3 100 33838 0.002852
313 82 3 100 2239228 0.002854
22 289 3 100 15959 0.002857
220 258 3 100 2257102 0.002858
251 246 3 100 642 0.002859
233 316 3 100 578220 0.002860
283 72 3 100 57233 0.002860
370 358 3 100 270293 0.002861
233 145 3 100 218595 0.002862
86 344 3 100 2328797 0.002863
260 166 3 100 62019 0.002864
20 195 3 100 9207 0.002865
306 119 3 100 2283708 0.002865
399 266 3 100 20809 0.002865
72 194 3 100 96996 0.002867
231 151 3 100 2147591 0.002869
136 361 3 100 42082 0.002869
60 102 3 100 68229 0.002873
271 382 3 100 2390860 0.002876
355 222 3 100 67583 0.002876
145 218 3 100 963809 0.002877
205 385 3 100 27700 0.002877
391 258 3 100 157403 0.002878
341 157 3 100 2498787 0.002878
296 34 3 100 1765446 0.002879
209 295 3 100 33351 0.002881
63 83 3 100 1001729 0.002881
294 347 3 100 39200 0.002882
62 369 3 100 1796674 0.002883
324 37 3 100 821548 0.002883
55 301 3 100 1781934 0.002884
399 319 3 100 4725 0.002886
162 275 3 100 88758 0.002886
101 378 3 100 49459 0.002887
227 277 3 100 1048321 0.002888
384 311 3 100 2170892 0.002890
59 181 3 100 7001 0.002894
233 201 3 100 172395 0.002896
346 120 3 100 644686 0.002897
266 85 3 100 30910 0.002898
121 291 3 100 563607 0.002898
67 285 3 100 55348 0.002898
385 402 3 100 88845 0.002899
70 228 3 100 1992627 0.002900
111 58 3 100 53817 0.002900
209 323 3 100 2021508 0.002901
198 347 3 100 28530 0.002901
356 65 3 100 2156162 0.002902
292 288 3 100 84230 0.002903
102 281 3 100 31754 0.002904
170 250 3 100 869614 0.002906
251 173 3 100 37105 0.002906
76 193 3 100 48769 0.002907
170 335 3 100 801088 0.002907
341 109 3 100 64666 0.002907
102 39 3 100 2579290 0.002911
262 98 3 100 23652 0.002912
100 316 3 100 1591 0.002912
149 143 3 100 71304 0.002913
284 137 3 100 91168 0.002915
338 48 3 100 101806 0.002917
344 167 3 100 68085 0.002917
352 342 3 100 573382 0.002917
225 386 3 100 950577 0.002918
34 353 3 100 2321795 0.002919
174 330 3 100 408927 0.002919
337 28 3 100 2036175 0.002922
395 347 3 100 98526 0.002922
62 179 3 100 54459 0.002924
115 289 3 100 62792 0.002925
37 211 3 100 356846 0.002926
70 297 3 100 2255856 0.002926
114 289 3 100 19038 0.002927
375 403 3 100 65546 0.002929
92 349 3 100 77755 0.002930
379 96 3 100 195955 0.002931
260 254 3 100 1613610 0.002932
73 56 3 100 27609 0.002932
366 174 3 100 34751 0.002933
355 244 3 100 96797 0.002935
185 302 3 100 81093 0.002935
227 131 3 100 401609 0.002935
401 285 3 100 2353588 0.002936
347 219 3 100 2192771 0.002936
191 31 3 100 2507802 0.002936
221 322 3 100 2125259 0.002937
83 334 3 100 41652 0.002938
255 198 3 100 29355 0.002940
242 244 3 100 1990140 0.002940
222 181 3 100 39162 0.002941
388 132 3 100 2615254 0.002941
387 30 3 100 52290 0.002941
250 205 3 100 45738 0.002941
165 312 3 100 64224 0.002942
374 188 3 100 875565 0.002943
318 228 3 100 2039320 0.002944
246 249 3 100 834928 0.002947
361 312 3 100 47575 0.002948
227 282 3 100 66738 0.002949
44 225 3 100 27768 0.002950
226 393 3 100 410652 0.002950
50 296 3 100 2214463 0.002950
286 116 3 100 72446 0.002950
349 81 3 100 2078600 0.002951
31 136 3 100 1903548 0.002953
186 381 3 100 2163104 0.002953
244 358 3 100 62535 0.002954
324 251 3 100 76823 0.002954
244 279 3 100 2568043 0.002954
64 95 3 100 50088 0.002954
398 361 3 100 224 0.002958
158 74 3 100 44737 0.002958
327 207 3 100 22247 0.002960
251 191 3 100 733786 0.002961
288 136 3 100 2823 0.002961
376 161 3 100 30346 0.002964
344 391 3 100 531090 0.002964
29 30 3 100 1791288 0.002965
204 34 3 100 19550 0.002965
216 367 3 100 2268313 0.002965
100 272 3 100 752776 0.002967
351 364 3 100 54221 0.002967
304 56 3 100 39932 0.002969
78 38 3 100 1647475 0.002969
57 269 3 100 2219363 0.002970
281 219 3 100 2102070 0.002970
232 300 3 100 45411 0.002971
375 392 3 100 561249 0.002972
108 136 3 100 582931 0.002975
117 383 3 100 1685357 0.002977
369 207 3 100 60930 0.002977
381 227 3 100 276726 0.002980
232 164 3 100 1991628 0.002980
178 216 3 100 2286564 0.002982
183 108 3 100 1709945 0.002983
345 355 3 100 12060 0.002983
357 82 3 100 58212 0.002985
109 23 3 100 2326390 0.002987
84 89 3 100 2239447 0.002988
178 341 3 100 2329237 0.002989
52 396 3 100 15478 0.002990
236 256 3 100 90257 0.002990
156 75 3 100 164008 0.002990
40 129 3 100 1785022 0.002993
229 159 3 100 74970 0.002993
401 312 3 100 37973 0.002994
236 27 3 100 2009784 0.002995
231 315 3 100 2456989 0.002995
81 28 3 100 1729242 0.002996
39 102 3 100 256970 0.002996
148 275 3 100 1843635 0.002997
364 402 3 100 79039 0.003001
274 360 3 100 2019029 0.003001
177 384 3 100 2137425 0.003002
166 373 3 100 2225901 0.003002
155 350 3 100 1663622 0.003003
159 305 3 100 1748938 0.003005
186 49 3 100 82253 0.003005
140 42 3 100 2587937 0.003005
24 173 3 100 205393 0.003008
278 106 3 100 88360 0.003008
59 345 3 100 131992 0.003009
355 199 3 100 40559 0.003009
196 42 3 100 81489 0.003010
389 313 3 100 954131 0.003012
270 355 3 100 639144 0.003013
360 188 3 100 63789 0.003013
390 382 3 100 63413 0.003014
292 386 3 100 2002144 0.003017
238 162 3 100 1570377 0.003019
395 29 3 100 97401 0.003019
240 126 3 100 43371 0.003019
375 359 3 100 93279 0.003020
298 190 3 100 1636235 0.003020
286 291 3 100 56775 0.003022
236 111 3 100 2443951 0.003022
102 261 3 100 22859 0.003023
359 324 3 100 71623 0.003024
145 271 3 100 1676948 0.003024
223 73 3 100 93537 0.003025
221 167 3 100 97746 0.003026
112 362 3 100 2560710 0.003028
187 132 3 100 52022 0.003029
67 25 3 100 968075 0.003029
180 343 3 100 1638915 0.003030
79 156 3 100 101933 0.003030
83 223 3 100 2376180 0.003031
125 244 3 100 815087 0.003037
352 333 3 100 627451 0.003037
126 356 3 100 81530 0.003037
113 138 3 100 82576 0.003040
313 209 3 100 68833 0.003041
396 268 3 100 329034 0.003043
206 70 3 100 771957 0.003043
324 210 3 100 37220 0.003043
315 354 3 100 2257303 0.003045
294 395 3 100 1958075 0.003045
389 352 3 100 94403 0.003047
219 123 3 100 2453470 0.003049
377 145 3 100 1582721 0.003049
41 181 3 100 581203 0.003050
199 88 3 100 1887543 0.003050
206 189 3 100 2223422 0.003051
195 247 3 100 83445 0.003052
199 257 3 100 2155611 0.003053
302 294 3 100 84750 0.003054
218 293 3 100 2092967 0.003054
401 225 3 100 1660376 0.003057
120 366 3 100 74985 0.003058
131 400 3 100 9495 0.003059
392 96 3 100 166014 0.003060
324 259 3 100 53869 0.003060
154 183 3 100 70505 0.003060
288 400 3 100 36222 0.003061
94 70 3 100 26937 0.003065
242 126 3 100 89616 0.003065
401 251 3 100 81858 0.003066
57 90 3 100 13031 0.003068
328 61 3 100 5390 0.003068
212 242 3 100 8329 0.003070
348 361 3 100 40590 0.003071
199 258 3 100 1584301 0.003072
97 277 3 100 42814 0.003076
173 280 3 100 386692 0.003076
28 167 3 100 2559051 0.003078
293 146 3 100 13747 0.003079
378 66 3 100 67315 0.003080
237 204 3 100 2186111 0.003080
315 138 3 100 34195 0.003081
52 382 3 100 2145889 0.003083
354 338 3 100 2166530 0.003084
160 214 3 100 97427 0.003086
229 191 3 100 2574726 0.003091
298 176 3 100 86282 0.003097
382 259 3 100 38910 0.003097
21 268 3 100 998277 0.003099
91 41 3 100 86913 0.003099
217 260 3 100 31216 0.003099
391 98 3 100 1787407 0.003099
52 280 3 100 613262 0.003100
400 115 3 100 21960 0.003100
231 20 3 100 32790 0.003103
363 297 3 100 73240 0.003104
332 221 3 100 2150713 0.003107
77 368 3 100 79763 0.003107
391 271 3 100 1581026 0.003108
393 330 3 100 101223 0.003109
301 194 3 100 93217 0.003110
329 228 3 100 2090237 0.003110
369 83 3 100 1000404 0.003110
191 170 3 100 2256550 0.003111
98 226 3 100 66131 0.003112
284 117 3 100 86517 0.003112
49 321 3 100 103913 0.003113
182 144 3 100 36117 0.003113
62 116 3 100 53998 0.003114
48 294 3 100 100231 0.003116
169 150 3 100 78028 0.003117
150 397 3 100 99341 0.003118
132 308 3 100 2341648 0.003122
179 87 3 100 13252 0.003124
110 123 3 100 59379 0.003125
165 314 3 100 2276155 0.003126
296 143 3 100 26864 0.003127
328 68 3 100 85739 0.003127
27 294 3 100 28466 0.003128
281 377 3 100 82739 0.003130
78 266 3 100 83978 0.003131
298 367 3 100 62815 0.003131
361 272 3 100 87239 0.003131
97 95 3 100 24245 0.003132
328 108 3 100 763783 0.003132
355 44 3 100 903660 0.003133
105 24 3 100 870383 0.003134
111 79 3 100 1858298 0.003134
238 46 3 100 183877 0.003136
399 256 3 100 2354062 0.003137
396 164 3 100 2058966 0.003139
320 380 3 100 58479 0.003139
66 379 3 100 47326 0.003143
100 106 3 100 38291 0.003144
374 185 3 100 72137 0.003144
333 362 3 100 99991 0.003146
137 187 3 100 103656 0.003150
300 210 3 100 14048 0.003150
334 93 3 100 36188 0.003151
365 95 3 100 2097415 0.003151
152 180 3 100 43399 0.003152
376 397 3 100 37390 0.003153
180 323 3 100 566589 0.003154
379 315 3 100 77465 0.003155
370 193 3 100 14771 0.003155
373 71 3 100 95665 0.003156
270 192 3 100 866514 0.003157
100 374 3 100 715486 0.003159
361 107 3 100 841490 0.003159
181 60 3 100 88759 0.003159
193 331 3 100 5176 0.003161
288 255 3 100 1995234 0.003161
372 386 3 100 417434 0.003163
37 378 3 100 11961 0.003163
139 350 3 100 1591319 0.003164
155 254 3 100 102505 0.003164
168 343 3 100 39203 0.003165
120 132 3 100 93204 0.003165
353 189 3 100 46709 0.003165
70 236 3 100 11044 0.003166
302 49 3 100 97169 0.003167
370 256 3 100 2502250 0.003167
347 398 3 100 908 0.003168
245 276 3 100 2006752 0.003168
111 32 3 100 485502 0.003170
56 160 3 100 83911 0.003171
379 109 3 100 2234305 0.003171
222 79 3 100 2440366 0.003171
241 289 3 100 81690 0.003172
36 138 3 100 2424776 0.003173
76 294 3 100 838755 0.003174
387 386 3 100 9811 0.003175
252 220 3 100 84051 0.003179
43 22 3 100 2120673 0.003182
147 281 3 100 36580 0.003183
284 354 3 100 110209 0.003183
341 133 3 100 8944 0.003186
351 167 3 100 1776799 0.003187
95 257 3 100 20577 0.003187
95 109 3 100 95695 0.003188
33 173 3 100 30308 0.003189
25 394 3 100 44499 0.003189
119 121 3 100 26108 0.003189
110 318 3 100 2613671 0.003190
20 180 3 100 95732 0.003192
121 36 3 100 1614270 0.003193
55 119 3 100 35979 0.003195
79 182 3 100 9277 0.003196
262 22 3 100 74736 0.003196
306 257 3 100 73316 0.003197
373 215 3 100 1854825 0.003197
57 381 3 100 23565 0.003198
315 232 3 100 38239 0.003200
294 158 3 100 842466 0.003200
243 209 3 100 94275 0.003200
171 226 3 100 2596052 0.003202
280 124 3 100 72260 0.003202
267 61 3 100 34253 0.003203
386 70 3 100 1736441 0.003203
71 172 3 100 67475 0.003204
277 281 3 100 251374 0.003205
354 121 3 100 328283 0.003205
127 99 3 100 756959 0.003206
136 292 3 100 2076292 0.003207
24 46 3 100 48511 0.003211
202 367 3 100 2195654 0.003213
342 390 3 100 29865 0.003214
390 215 3 100 2258585 0.003214
158 183 3 100 100661 0.003221
81 291 3 100 2607354 0.003221
393 152 3 100 1855162 0.003222
69 120 3 100 2476576 0.003223
75 70 3 100 2223872 0.003223
190 161 3 100 81206 0.003225
355 29 3 100 913768 0.003225
383 220 3 100 85894 0.003225
260 328 3 100 882812 0.003225
198 248 3 100 5276 0.003225
151 302 3 100 87069 0.003225
46 128 3 100 61657 0.003227
124 137 3 100 1815966 0.003228
40 359 3 100 58906 0.003228
113 378 3 100 2314445 0.003229
350 108 3 100 954892 0.003229
298 207 3 100 76005 0.003232
125 376 3 100 2065754 0.003233
351 71 3 100 57442 0.003233
56 181 3 100 40736 0.003234
343 170 3 100 2341473 0.003235
22 35 3 100 92405 0.003238
105 385 3 100 82792 0.003238
311 302 3 100 2473053 0.003238
191 311 3 100 31987 0.003238
37 369 3 100 10304 0.003242
296 107 3 100 87325 0.003243
210 169 3 100 28975 0.003244
81 149 3 100 8839 0.003245
151 336 3 100 31141 0.003250
84 140 3 100 103462 0.003252
226 70 3 100 31495 0.003253
366 297 3 100 2184361 0.003253
339 186 3 100 554353 0.003257
182 23 3 100 530999 0.003258
48 65 3 100 2579383 0.003260
398 171 3 100 18202 0.003262
74 289 3 100 26653 0.003262
325 179 3 100 49834 0.003263
200 123 3 100 1760507 0.003265
281 279 3 100 68261 0.003265
317 161 3 100 35468 0.003267
211 182 3 100 24861 0.003269
360 169 3 100 345780 0.003270
129 315 3 100 60845 0.003271
208 198 3 100 42011 0.003271
45 266 3 100 33245 0.003272
335 52 3 100 71179 0.003272
154 182 3 100 2279413 0.003273
360 266 3 100 26305 0.003274
51 90 3 100 56257 0.003275
92 227 3 100 2269064 0.003275
377 99 3 100 63243 0.003276
103 247 3 100 2215228 0.003276
155 395 3 100 100720 0.003277
193 265 3 100 2111419 0.003278
248 372 3 100 2354755 0.003278
251 277 3 100 2329986 0.003281
312 364 3 100 70456 0.003282
338 328 3 100 54994 0.003283
315 158 3 100 91543 0.003283
346 137 3 100 46600 0.003284
293 176 3 100 2494774 0.003284
287 130 3 100 929084 0.003285
214 274 3 100 51821 0.003286
226 291 3 100 54295 0.003287
313 241 3 100 571868 0.003288
209 89 3 100 47765 0.003288
390 243 3 100 56169 0.003288
131 97 3 100 99328 0.003288
374 171 3 100 69240 0.003289
67 357 3 100 8 0.003289
71 94 3 100 35763 0.003290
187 216 3 100 60414 0.003293
294 213 3 100 236944 0.003294
281 179 3 100 727070 0.003296
177 283 3 100 2062162 0.003298
352 360 3 100 81454 0.003298
60 371 3 100 2163382 0.003300
90 353 3 100 2358287 0.003300
206 119 3 100 47231 0.003302
204 165 3 100 1592596 0.003303
69 49 3 100 739905 0.003303
388 239 3 100 40283 0.003304
265 40 3 100 70141 0.003305
271 311 3 100 641252 0.003305
308 314 3 100 665598 0.003306
345 252 3 100 22842 0.003306
354 101 3 100 53580 0.003307
250 276 3 100 2112353 0.003307
170 363 3 100 73165 0.003309
22 62 3 100 38346 0.003311
84 398 3 100 1669271 0.003312
154 284 3 100 293460 0.003315
401 382 3 100 2268309 0.003316
382 375 3 100 2567327 0.003316
355 260 3 100 2048874 0.003316
343 373 3 100 1808293 0.003317
360 208 3 100 1702749 0.003318
140 386 3 100 78499 0.003318
334 31 3 100 2227582 0.003318
399 354 3 100 8109 0.003320
111 327 3 100 45285 0.003320
292 146 3 100 2031814 0.003321
94 113 3 100 1675659 0.003324
232 108 3 100 82781 0.003326
275 184 3 100 2377858 0.003327
271 27 3 100 1879385 0.003327
199 126 3 100 14892 0.003327
79 23 3 100 95130 0.003328
213 266 3 100 1978580 0.003329
143 191 3 100 54631 0.003330
116 216 3 100 273514 0.003331
90 125 3 100 472158 0.003332
321 340 3 100 75968 0.003333
42 88 3 100 2451293 0.003335
381 21 3 100 64209 0.003336
241 164 3 100 62379 0.003336
262 358 3 100 17507 0.003337
268 320 3 100 69616 0.003338
225 103 3 100 460428 0.003339
346 359 3 100 49035 0.003342
189 300 3 100 1081 0.003342
391 121 3 100 1573278 0.003343
315 36 3 100 42260 0.003346
76 358 3 100 72320 0.003347
58 124 3 100 410388 0.003348
56 274 3 100 62097 0.003348
177 306 3 100 2506697 0.003349
40 105 3 100 4459 0.003349
29 239 3 100 39052 0.003350
188 245 3 100 96342 0.003351
69 262 3 100 2301516 0.003351
94 228 3 100 5744 0.003351
89 379 3 100 96992 0.003351
82 242 3 100 86763 0.003352
157 324 3 100 39369 0.003353
271 124 3 100 7259 0.003354
74 383 3 100 11282 0.003357
195 342 3 100 76202 0.003357
327 318 3 100 2226558 0.003359
329 333 3 100 83776 0.003360
100 97 3 100 647727 0.003362
395 171 3 100 698737 0.003363
161 329 3 100 2427089 0.003364
274 208 3 100 26216 0.003364
238 395 3 100 109466 0.003365
387 400 3 100 70183 0.003366
133 93 3 100 33504 0.003368
116 109 3 100 90384 0.003370
371 324 3 100 98233 0.003371
154 375 3 100 73225 0.003371
87 267 3 100 749013 0.003371
93 305 3 100 38714 0.003372
102 177 3 100 51624 0.003373
288 75 3 100 2406903 0.003374
195 33 3 100 79976 0.003374
180 84 3 100 1935618 0.003375
341 217 3 100 30019 0.003376
214 242 3 100 2098719 0.003376
77 398 3 100 15384 0.003376
271 252 3 100 9760 0.003380
212 312 3 100 76394 0.003380
385 239 3 100 1198 0.003380
157 71 3 100 78702 0.003382
336 338 3 100 766340 0.003383
95 254 3 100 363417 0.003386
205 207 3 100 74520 0.003388
304 247 3 100 2285980 0.003389
206 200 3 100 87563 0.003390
159 107 3 100 2455803 0.003391
319 219 3 100 6361 0.003391
42 274 3 100 1939953 0.003392
72 91 3 100 610681 0.003392
333 107 3 100 2230435 0.003393
348 255 3 100 2489441 0.003394
337 150 3 100 2352696 0.003394
187 161 3 100 82110 0.003395
27 307 3 100 41146 0.003395
296 311 3 100 380198 0.003396
397 201 3 100 2037179 0.003396
236 71 3 100 2485380 0.003397
189 54 3 100 1570801 0.003398
314 266 3 100 2292012 0.003398
267 235 3 100 598875 0.003399
213 268 3 100 45303 0.003399
77 247 3 100 465845 0.003399
370 350 3 100 20342 0.003399
312 32 3 100 2278003 0.003399
312 141 3 100 88772 0.003399
80 336 3 100 94332 0.003400
126 107 3 100 53101 0.003400
216 124 3 100 2037044 0.003402
270 251 3 100 33882 0.003402
65 48 3 100 72316 0.003404
326 186 3 100 1886911 0.003405
101 117 3 100 1837802 0.003405
389 290 3 100 85607 0.003407
36 335 3 100 43421 0.003408
21 394 3 100 391989 0.003409
203 356 3 100 42759 0.003413
144 65 3 100 1819240 0.003414
276 367 3 100 19826 0.003415
72 324 3 100 72346 0.003415
388 119 3 100 134285 0.003416
27 120 3 100 2356635 0.003417
107 346 3 100 58524 0.003418
153 169 3 100 835792 0.003419
90 217 3 100 39249 0.003421
351 248 3 100 32719 0.003421
342 369 3 100 702485 0.003421
350 255 3 100 2384413 0.003422
89 253 3 100 2138707 0.003424
121 276 3 100 39670 0.003424
376 296 3 100 2116607 0.003426
113 41 3 100 2074471 0.003426
100 51 3 100 90104 0.003428
193 108 3 100 38565 0.003428
91 114 3 100 419622 0.003429
173 177 3 100 94963 0.003430
278 91 3 100 915034 0.003431
221 263 3 100 106131 0.003432
84 223 3 100 16865 0.003433
29 181 3 100 35363 0.003433
292 139 3 100 2662 0.003436
139 368 3 100 51247 0.003436
197 40 3 100 11449 0.003437
283 100 3 100 2181424 0.003438
193 267 3 100 2053475 0.003439
198 244 3 100 998144 0.003440
367 98 3 100 46619 0.003440
170 366 3 100 67860 0.003440
85 182 3 100 78766 0.003440
323 209 3 100 83149 0.003440
139 319 3 100 655885 0.003444
322 33 3 100 275802 0.003445
57 74 3 100 1805006 0.003445
117 242 3 100 78506 0.003445
320 27 3 100 1675792 0.003445
54 24 3 100 1996784 0.003445
240 120 3 100 93233 0.003446
274 241 3 100 65825 0.003449
107 75 3 100 31809 0.003449
279 340 3 100 52048 0.003450
258 353 3 100 2015900 0.003450
42 96 3 100 57406 0.003450
313 393 3 100 94182 0.003452
78 196 3 100 1722712 0.003452
69 301 3 100 2219150 0.003453
208 137 3 100 2264863 0.003453
52 78 3 100 1580724 0.003453
212 154 3 100 2245556 0.003454
156 228 3 100 74995 0.003454
374 141 3 100 98739 0.003454
386 233 3 100 51309 0.003456
60 191 3 100 4267 0.003456
25 27 3 100 152486 0.003457
107 361 3 100 81121 0.003459
216 246 3 100 871919 0.003461
48 399 3 100 98507 0.003461
154 397 3 100 2594814 0.003462
336 46 3 100 1683285 0.003462
56 194 3 100 1594918 0.003463
158 88 3 100 103385 0.003465
41 230 3 100 1592 0.003465
29 119 3 100 475888 0.003467
174 321 3 100 2225022 0.003469
111 367 3 100 30930 0.003471
267 134 3 100 2487821 0.003471
344 143 3 100 51598 0.003472
65 99 3 100 30813 0.003472
251 397 3 100 53382 0.003473
63 175 3 100 512901 0.003474
311 52 3 100 25948 0.003476
383 325 3 100 74956 0.003477
36 389 3 100 1766240 0.003480
89 213 3 100 6521 0.003480
61 351 3 100 79259 0.003480
86 220 3 100 163713 0.003480
320 139 3 100 16874 0.003481
25 394 3 100 77192 0.003481
225 167 3 100 1025399 0.003481
218 284 3 100 43606 0.003484
119 273 3 100 37401 0.003486
398 232 3 100 2330395 0.003486
144 398 3 100 2098195 0.003487
157 337 3 100 14599 0.003487
380 336 3 100 2059849 0.003488
129 97 3 100 2276316 0.003488
132 152 3 100 1833210 0.003489
100 400 3 100 947525 0.003489
151 184 3 100 701548 0.003489
214 172 3 100 2127336 0.003490
337 128 3 100 32278 0.003493
380 319 3 100 2064430 0.003493
180 289 3 100 519076 0.003494
57 321 3 100 227863 0.003494
348 351 3 100 14906 0.003494
199 209 3 100 31656 0.003495
42 328 3 100 33502 0.003499
148 128 3 100 2477273 0.003499
231 364 3 100 58115 0.003500
344 322 3 100 76744 0.003501
342 78 3 100 2221527 0.003502
64 190 3 100 2039417 0.003503
327 33 3 100 583815 0.003504
193 22 3 100 97456 0.003505
89 187 3 100 953313 0.003505
345 383 3 100 742992 0.003505
20 312 3 100 2030640 0.003507
254 262 3 100 86928 0.003508
273 220 3 100 2436991 0.003509
83 94 3 100 2160229 0.003509
365 323 3 100 171625 0.003511
241 299 3 100 39689 0.003512
323 91 3 100 2154445 0.003512
393 20 3 100 2240657 0.003513
248 80 3 100 9701 0.003513
46 344 3 100 1030743 0.003514
250 258 3 100 1615816 0.003515
72 215 3 100 2488571 0.003515
304 205 3 100 2410891 0.003516
267 47 3 100 1638094 0.003519
245 74 3 100 51976 0.003519
393 384 3 100 85855 0.003522
307 383 3 100 1900950 0.003522
119 47 3 100 1661735 0.003522
259 391 3 100 2446729 0.003522
224 380 3 100 1898424 0.003523
389 373 3 100 30139 0.003524
385 274 3 100 599027 0.003525
354 125 3 100 1757887 0.003525
110 299 3 100 60950 0.003525
134 108 3 100 962798 0.003525
249 322 3 100 28262 0.003526
276 272 3 100 1769382 0.003527
311 102 3 100 38012 0.003527
179 394 3 100 36704 0.003528
39 337 3 100 3407 0.003528
208 383 3 100 13334 0.003529
32 224 3 100 101462 0.003530
246 169 3 100 81500 0.003530
382 246 3 100 1807371 0.003530
376 108 3 100 69732 0.003531
337 228 3 100 57825 0.003532
197 130 3 100 2602673 0.003532
47 128 3 100 2390289 0.003532
140 389 3 100 52686 0.003532
356 183 3 100 850832 0.003533
152 272 3 100 42363 0.003533
216 115 3 100 678692 0.003534
273 111 3 100 84384 0.003535
335 233 3 100 1615268 0.003537
41 241 3 100 10361 0.003537
321 79 3 100 2404446 0.003538
287 92 3 100 55279 0.003540
28 309 3 100 689214 0.003541
156 236 3 100 676875 0.003544
62 111 3 100 899760 0.003544
301 26 3 100 2085754 0.003544
300 367 3 100 893870 0.003546
154 301 3 100 2617145 0.003546
290 269 3 100 1603115 0.003546
75 254 3 100 41572 0.003547
260 348 3 100 728800 0.003547
371 252 3 100 2468878 0.003549
238 302 3 100 24189 0.003552
21 292 3 100 1806749 0.003553
273 58 3 100 38024 0.003553
194 199 3 100 84288 0.003556
80 349 3 100 3527 0.003556
257 42 3 100 80870 0.003558
37 268 3 100 2160703 0.003559
395 37 3 100 2231037 0.003559
60 330 3 100 38149 0.003560
296 184 3 100 2443657 0.003560
264 24 3 100 282492 0.003560
50 273 3 100 2255728 0.003561
118 367 3 100 2500192 0.003563
385 382 3 100 504410 0.003563
391 184 3 100 174322 0.003564
314 172 3 100 57951 0.003565
177 200 3 100 1570258 0.003565
96 376 3 100 88375 0.003565
344 81 3 100 78211 0.003566
130 47 3 100 211397 0.003567
386 168 3 100 87966 0.003568
382 222 3 100 1856299 0.003569
177 375 3 100 1043 0.003569
231 252 3 100 77214 0.003570
53 197 3 100 2219471 0.003571
140 188 3 100 1874274 0.003573
303 321 3 100 48372 0.003573
153 214 3 100 23159 0.003575
210 236 3 100 12894 0.003576
56 269 3 100 2466769 0.003576
322 353 3 100 2551260 0.003576
288 212 3 100 98423 0.003581
379 376 3 100 59023 0.003581
296 336 3 100 73078 0.003583
304 285 3 100 1775895 0.003584
103 274 3 100 849681 0.003585
149 25 3 100 32595 0.003587
199 171 3 100 72616 0.003587
247 219 3 100 351470 0.003588
348 183 3 100 28323 0.003588
323 20 3 100 8812 0.003589
144 321 3 100 1651382 0.003590
93 209 3 100 362904 0.003591
183 189 3 100 77972 0.003594
28 154 3 100 69482 0.003596
325 39 3 100 232184 0.003598
32 180 3 100 2466303 0.003598
232 135 3 100 67539 0.003599
86 148 3 100 12154 0.003600
216 392 3 100 1638752 0.003600
181 109 3 100 41462 0.003600
219 231 3 100 2397132 0.003603
316 383 3 100 54809 0.003603
189 364 3 100 42076 0.003603
300 252 3 100 907830 0.003604
179 349 3 100 61412 0.003605
40 284 3 100 65171 0.003606
181 319 3 100 60585 0.003610
335 303 3 100 64111 0.003611
334 266 3 100 60807 0.003611
390 65 3 100 805074 0.003613
325 361 3 100 1845051 0.003614
350 281 3 100 8035 0.003615
164 83 3 100 507998 0.003615
225 53 3 100 184 0.003615
222 134 3 100 58011 0.003615
340 360 3 100 53402 0.003616
239 91 3 100 910348 0.003617
331 280 3 100 52834 0.003618
175 57 3 100 908027 0.003620
297 389 3 100 23372 0.003621
344 227 3 100 5089 0.003622
346 110 3 100 942063 0.003623
109 175 3 100 34383 0.003626
243 232 3 100 97025 0.003627
189 324 3 100 15818 0.003627
342 329 3 100 613706 0.003628
227 146 3 100 2502815 0.003628
112 302 3 100 77245 0.003629
387 322 3 100 663462 0.003632
33 53 3 100 36384 0.003634
186 48 3 100 1973989 0.003635
101 225 3 100 4711 0.003635
298 174 3 100 983187 0.003636
107 394 3 100 913234 0.003640
32 215 3 100 52860 0.003641
46 113 3 100 68882 0.003642
118 331 3 100 2221420 0.003643
358 193 3 100 2400447 0.003644
108 318 3 100 71258 0.003644
275 304 3 100 95962 0.003645
369 73 3 100 2369684 0.003645
223 210 3 100 80432 0.003646
73 171 3 100 47616 0.003649
326 378 3 100 57584 0.003649
288 211 3 100 50914 0.003649
248 215 3 100 2471980 0.003651
113 105 3 100 52634 0.003651
375 192 3 100 2486829 0.003654
189 205 3 100 1844284 0.003654
295 311 3 100 95517 0.003654
101 233 3 100 224823 0.003655
27 97 3 100 76778 0.003655
361 185 3 100 2486084 0.003655
365 310 3 100 64396 0.003656
245 316 3 100 100670 0.003658
266 118 3 100 34580 0.003659
83 304 3 100 2500294 0.003659
93 139 3 100 9484 0.003661
56 45 3 100 2285378 0.003664
305 103 3 100 1736257 0.003665
163 80 3 100 621972 0.003665
399 108 3 100 947913 0.003665
80 127 3 100 2412512 0.003665
32 167 3 100 46633 0.003665
237 49 3 100 554191 0.003666
300 382 3 100 103183 0.003666
373 203 3 100 85540 0.003669
306 385 3 100 177828 0.003669
79 73 3 100 1744057 0.003671
133 369 3 100 32287 0.003672
208 319 3 100 2175157 0.003673
102 187 3 100 61468 0.003675
157 66 3 100 84270 0.003675
371 96 3 100 95453 0.003676
122 30 3 100 193095 0.003676
86 365 3 100 758173 0.003676
356 145 3 100 1884233 0.003677
216 158 3 100 1888584 0.003677
248 188 3 100 42505 0.003678
375 332 3 100 997937 0.003678
32 41 3 100 2552671 0.003679
246 61 3 100 33333 0.003680
155 120 3 100 183835 0.003682
304 246 3 100 2198239 0.003683
346 381 3 100 96024 0.003684
297 389 3 100 1614889 0.003685
197 212 3 100 63049 0.003688
252 23 3 100 75501 0.003692
345 237 3 100 102964 0.003692
139 232 3 100 2103900 0.003693
123 195 3 100 95948 0.003694
349 136 3 100 437915 0.003695
266 47 3 100 67450 0.003698
228 167 3 100 2222410 0.003699
321 307 3 100 39257 0.003702
166 174 3 100 1578951 0.003702
333 200 3 100 2365941 0.003702
72 339 3 100 91597 0.003703
289 234 3 100 13263 0.003704
21 340 3 100 973016 0.003704
383 254 3 100 17706 0.003705
352 253 3 100 32046 0.003705
245 65 3 100 66860 0.003706
344 134 3 100 100164 0.003706
297 218 3 100 81500 0.003706
396 333 3 100 1973112 0.003707
229 55 3 100 66210 0.003707
40 37 3 100 41367 0.003708
137 87 3 100 696762 0.003710
145 353 3 100 2582612 0.003712
207 352 3 100 73531 0.003714
257 35 3 100 475615 0.003718
81 325 3 100 65193 0.003718
86 71 3 100 2169 0.003722
253 77 3 100 219859 0.003723
126 373 3 100 1554 0.003723
58 174 3 100 45482 0.003723
124 149 3 100 1009799 0.003724
184 76 3 100 1837420 0.003724
316 49 3 100 324130 0.003725
277 215 3 100 1728576 0.003726
130 21 3 100 2227533 0.003726
191 208 3 100 10710 0.003727
115 81 3 100 97723 0.003730
26 239 3 100 2459550 0.003731
253 78 3 100 69157 0.003732
356 352 3 100 2314554 0.003733
30 57 3 100 79822 0.003733
190 35 3 100 71969 0.003734
231 257 3 100 1674383 0.003736
343 224 3 100 15545 0.003736
309 200 3 100 2323546 0.003738
252 110 3 100 2223150 0.003739
325 110 3 100 43990 0.003740
325 86 3 100 41062 0.003741
339 214 3 100 2454329 0.003741
180 96 3 100 1387 0.003741
138 180 3 100 633014 0.003742
268 54 3 100 2405935 0.003742
390 386 3 100 55715 0.003744
221 306 3 100 74006 0.003746
82 300 3 100 61659 0.003748
117 352 3 100 30923 0.003749
252 253 3 100 71523 0.003750
243 175 3 100 89583 0.003757
375 91 3 100 1728814 0.003759
31 254 3 100 2208494 0.003759
62 347 3 100 3507 0.003759
388 119 3 100 91390 0.003759
212 86 3 100 563985 0.003761
178 39 3 100 3298 0.003761
338 231 3 100 81051 0.003761
57 303 3 100 236328 0.003762
236 310 3 100 34608 0.003762
371 298 3 100 37968 0.003763
300 362 3 100 8012 0.003763
309 212 3 100 2453361 0.003764
83 227 3 100 69768 0.003765
343 151 3 100 64378 0.003766
108 179 3 100 2588469 0.003766
167 291 3 100 92411 0.003767
209 338 3 100 37432 0.003768
284 119 3 100 44122 0.003769
345 270 3 100 93609 0.003770
80 119 3 100 71430 0.003770
184 132 3 100 2332748 0.003770
34 109 3 100 1825243 0.003771
389 374 3 100 37684 0.003773
224 153 3 100 76808 0.003776
173 273 3 100 17047 0.003777
37 157 3 100 6302 0.003779
306 351 3 100 96985 0.003782
201 26 3 100 700572 0.003782
64 235 3 100 522873 0.003782
28 202 3 100 2472722 0.003785
292 274 3 100 1941211 0.003786
75 350 3 100 100782 0.003787
59 401 3 100 98291 0.003787
181 161 3 100 19668 0.003788
147 190 3 100 104803 0.003789
183 53 3 100 162786 0.003791
238 62 3 100 786048 0.003791
374 299 3 100 77879 0.003792
131 166 3 100 845102 0.003792
293 160 3 100 35762 0.003794
364 366 3 100 81743 0.003794
53 23 3 100 98207 0.003795
383 25 3 100 2056918 0.003796
155 393 3 100 8244 0.003797
235 181 3 100 7917 0.003798
293 174 3 100 18685 0.003802
170 282 3 100 188125 0.003802
39 167 3 100 75499 0.003805
61 71 3 100 15605 0.003806
274 376 3 100 30377 0.003807
167 282 3 100 415706 0.003808
191 90 3 100 58196 0.003808
284 202 3 100 1692654 0.003811
204 75 3 100 36338 0.003813
244 31 3 100 36704 0.003813
270 88 3 100 85844 0.003816
340 359 3 100 41972 0.003817
382 51 3 100 2565746 0.003817
258 83 3 100 65154 0.003818
176 71 3 100 27830 0.003818
103 246 3 100 366449 0.003820
337 228 3 100 11405 0.003821
350 277 3 100 18628 0.003823
140 92 3 100 2055978 0.003823
153 237 3 100 90540 0.003823
145 194 3 100 56176 0.003824
41 35 3 100 82693 0.003824
181 104 3 100 209169 0.003825
229 233 3 100 840864 0.003825
215 330 3 100 45482 0.003825
153 332 3 100 811558 0.003826
209 275 3 100 80392 0.003827
216 301 3 100 49670 0.003829
103 364 3 100 874437 0.003830
42 64 3 100 2027785 0.003833
231 83 3 100 1612224 0.003835
370 156 3 100 912030 0.003835
383 393 3 100 44732 0.003836
263 126 3 100 249222 0.003836
122 192 3 100 698087 0.003837
283 268 3 100 85371 0.003837
303 225 3 100 97759 0.003838
220 280 3 100 2185522 0.003841
41 127 3 100 2158161 0.003841
224 67 3 100 2080625 0.003844
84 260 3 100 93410 0.003845
38 102 3 100 100309 0.003849
87 46 3 100 510595 0.003849
290 203 3 100 2386130 0.003850
180 246 3 100 2039725 0.003854
356 293 3 100 65877 0.003855
166 386 3 100 357387 0.003858
248 327 3 100 2445739 0.003858
133 307 3 100 92710 0.003859
197 277 3 100 10987 0.003859
197 71 3 100 1611636 0.003861
75 186 3 100 2547451 0.003862
143 176 3 100 999750 0.003863
247 117 3 100 406912 0.003863
279 177 3 100 105379 0.003864
381 306 3 100 1021650 0.003864
107 207 3 100 54288 0.003865
360 173 3 100 65669 0.003865
45 115 3 100 21386 0.003866
312 363 3 100 59816 0.003868
81 304 3 100 49526 0.003871
67 125 3 100 12619 0.003873
135 55 3 100 1812927 0.003874
75 386 3 100 65141 0.003876
175 212 3 100 92903 0.003876
94 217 3 100 55564 0.003876
357 323 3 100 8925 0.003877
204 199 3 100 30316 0.003879
209 345 3 100 2074236 0.003880
26 185 3 100 2565764 0.003880
128 219 3 100 382426 0.003880
228 321 3 100 864096 0.003880
328 310 3 100 41083 0.003880
336 197 3 100 82924 0.003881
123 349 3 100 2374279 0.003882
132 46 3 100 5398 0.003882
44 158 3 100 23379 0.003883
232 123 3 100 2556138 0.003884
56 206 3 100 115869 0.003885
306 109 3 100 1897659 0.003887
80 235 3 100 887279 0.003887
171 403 3 100 31970 0.003888
187 28 3 100 1947375 0.003890
75 257 3 100 43484 0.003890
37 36 3 100 389407 0.003891
333 369 3 100 1827553 0.003891
196 231 3 100 1741148 0.003892
130 136 3 100 75669 0.003893
257 130 3 100 57536 0.003894
245 241 3 100 90691 0.003895
164 355 3 100 929926 0.003896
398 83 3 100 2605350 0.003898
236 345 3 100 91590 0.003898
143 348 3 100 224631 0.003898
99 329 3 100 2000121 0.003898
316 399 3 100 543528 0.003899
185 388 3 100 34857 0.003900
317 102 3 100 1625342 0.003901
37 108 3 100 75014 0.003902
364 353 3 100 77487 0.003903
119 222 3 100 55253 0.003903
293 236 3 100 85337 0.003903
391 91 3 100 93611 0.003904
131 358 3 100 64656 0.003904
370 379 3 100 1976464 0.003904
265 168 3 100 2231205 0.003905
132 365 3 100 1810593 0.003906
150 382 3 100 52729 0.003906
276 21 3 100 74275 0.003907
359 86 3 100 79931 0.003910
220 333 3 100 2519478 0.003910
227 47 3 100 12434 0.003911
131 302 3 100 957583 0.003911
267 311 3 100 73061 0.003911
343 308 3 100 52157 0.003912
232 158 3 100 1827783 0.003914
24 146 3 100 2612064 0.003914
137 343 3 100 76499 0.003916
247 128 3 100 60210 0.003918
80 48 3 100 2238772 0.003919
56 230 3 100 2376626 0.003919
199 185 3 100 938026 0.003920
385 115 3 100 6736 0.003921
126 318 3 100 7400 0.003921
286 377 3 100 1623286 0.003921
316 234 3 100 71879 0.003923
248 245 3 100 2818 0.003925
375 350 3 100 1609182 0.003926
81 245 3 100 1744329 0.003926
345 307 3 100 2381463 0.003928
46 213 3 100 2141640 0.003930
212 154 3 100 46074 0.003930
27 60 3 100 1628883 0.003931
113 266 3 100 32942 0.003931
304 257 3 100 54477 0.003931
301 101 3 100 289077 0.003932
209 189 3 100 92088 0.003935
344 80 3 100 361887 0.003936
159 192 3 100 21375 0.003936
361 395 3 100 2021932 0.003937
295 164 3 100 16035 0.003938
203 155 3 100 2325547 0.003939
152 159 3 100 103109 0.003940
20 158 3 100 74637 0.003941
217 372 3 100 1666116 0.003941
386 293 3 100 81565 0.003941
122 369 3 100 2078543 0.003942
205 216 3 100 55250 0.003942
181 325 3 100 433613 0.003943
173 63 3 100 20721 0.003943
257 204 3 100 1983 0.003944
185 106 3 100 83134 0.003945
308 109 3 100 2151126 0.003946
176 178 3 100 2306382 0.003946
42 151 3 100 145814 0.003947
213 195 3 100 89720 0.003948
337 59 3 100 1601126 0.003949
333 62 3 100 94994 0.003950
131 45 3 100 2466874 0.003950
279 191 3 100 2202169 0.003951
161 317 3 100 2487431 0.003953
383 188 3 100 41764 0.003956
329 195 3 100 1945498 0.003957
253 221 3 100 2612545 0.003957
27 391 3 100 1926160 0.003958
177 155 3 100 61933 0.003960
387 65 3 100 8367 0.003960
247 143 3 100 58044 0.003962
258 384 3 100 62773 0.003962
356 365 3 100 1853433 0.003962
248 227 3 100 2390252 0.003963
268 220 3 100 57894 0.003965
180 81 3 100 34217 0.003966
276 147 3 100 51984 0.003966
352 282 3 100 72227 0.003966
309 50 3 100 46058 0.003967
338 384 3 100 45239 0.003969
268 263 3 100 1836582 0.003970
200 237 3 100 903369 0.003970
306 189 3 100 80493 0.003971
184 171 3 100 43640 0.003971
95 232 3 100 36199 0.003973
325 219 3 100 21176 0.003975
169 296 3 100 1875315 0.003976
127 267 3 100 248175 0.003980
78 275 3 100 13352 0.003981
200 149 3 100 1607007 0.003981
187 329 3 100 57394 0.003982
320 218 3 100 280366 0.003982
382 386 3 100 1640101 0.003983
211 20 3 100 71969 0.003986
396 214 3 100 54626 0.003989
241 57 3 100 1208 0.003989
311 186 3 100 441844 0.003989
367 79 3 100 101723 0.003992
123 369 3 100 23729 0.003993
223 195 3 100 16237 0.003997
248 337 3 100 589683 0.003997
21 363 3 100 100629 0.003998
92 362 3 100 2205198 0.003998
374 364 3 100 488896 0.003999
362 310 3 100 6784 0.003999
307 312 3 100 29994 0.004001
186 41 3 100 284629 0.004002
347 113 3 100 12695 0.004002
366 201 3 100 63243 0.004005
138 64 3 100 83081 0.004006
175 122 3 100 104543 0.004007
168 45 3 100 437787 0.004007
27 331 3 100 92839 0.004008
403 342 3 100 212490 0.004009
156 315 3 100 75852 0.004010
232 130 3 100 81945 0.004010
93 89 3 100 335819 0.004010
320 175 3 100 1739487 0.004015
261 399 3 100 70649 0.004015
375 74 3 100 726751 0.004016
156 177 3 100 942288 0.004016
176 342 3 100 69845 0.004016
343 78 3 100 1007971 0.004017
226 169 3 100 904004 0.004017
239 137 3 100 89531 0.004017
178 368 3 100 1975363 0.004017
400 65 3 100 2074568 0.004018
141 366 3 100 2629 0.004019
266 334 3 100 325539 0.004020
231 105 3 100 89489 0.004020
163 184 3 100 678183 0.004020
221 242 3 100 160141 0.004021
291 162 3 100 61113 0.004022
21 228 3 100 1598382 0.004022
291 136 3 100 93774 0.004023
277 334 3 100 51560 0.004023
108 385 3 100 71879 0.004027
106 214 3 100 54833 0.004027
93 160 3 100 2085808 0.004031
48 241 3 100 2369709 0.004031
236 82 3 100 1604503 0.004031
278 280 3 100 1726251 0.004034
143 30 3 100 2126609 0.004034
330 224 3 100 949609 0.004035
39 297 3 100 76870 0.004036
177 123 3 100 16897 0.004036
209 253 3 100 5202 0.004045
32 371 3 100 73861 0.004045
119 263 3 100 2251929 0.004046
192 59 3 100 354834 0.004046
86 365 3 100 89622 0.004047
371 36 3 100 2222717 0.004048
401 150 3 100 64219 0.004048
75 304 3 100 89380 0.004048
159 81 3 100 3564 0.004048
343 121 3 100 1852735 0.004051
130 177 3 100 30259 0.004052
139 189 3 100 2528928 0.004054
123 70 3 100 1951556 0.004054
57 371 3 100 29854 0.004055
359 65 3 100 2215173 0.004056
318 81 3 100 10617 0.004057
121 189 3 100 71122 0.004062
271 157 3 100 2530798 0.004066
34 259 3 100 1876284 0.004067
195 143 3 100 59406 0.004067
117 58 3 100 2473237 0.004068
251 389 3 100 548852 0.004068
297 34 3 100 77936 0.004069
323 175 3 100 2009492 0.004069
255 260 3 100 45038 0.004070
345 193 3 100 18254 0.004071
302 95 3 100 414317 0.004071
269 372 3 100 287902 0.004072
297 85 3 100 55716 0.004073
107 133 3 100 32539 0.004074
85 146 3 100 1692448 0.004075
30 274 3 100 1754191 0.004075
262 355 3 100 1984390 0.004076
331 183 3 100 62312 0.004076
295 323 3 100 1630823 0.004077
233 150 3 100 1978771 0.004080
79 135 3 100 1678217 0.004081
96 322 3 100 173015 0.004081
367 238 3 100 18543 0.004083
189 253 3 100 46521 0.004084
96 126 3 100 91993 0.004085
141 192 3 100 983872 0.004089
242 169 3 100 28679 0.004090
232 346 3 100 56437 0.004091
178 290 3 100 2580168 0.004092
21 46 3 100 2075202 0.004092
79 20 3 100 68650 0.004093
127 28 3 100 268037 0.004094
231 370 3 100 103558 0.004095
403 206 3 100 93595 0.004095
113 354 3 100 42045 0.004095
325 319 3 100 1741316 0.004096
270 368 3 100 2135255 0.004097
181 89 3 100 71548 0.004100
175 372 3 100 566756 0.004100
162 377 3 100 1854041 0.004101
226 107 3 100 39966 0.004101
134 344 3 100 353399 0.004102
371 88 3 100 1933923 0.004105
240 292 3 100 29177 0.004105
63 215 3 100 28029 0.004106
124 387 3 100 1780760 0.004107
292 143 3 100 83466 0.004107
269 341 3 100 75343 0.004108
125 378 3 100 2181987 0.004109
297 129 3 100 1801081 0.004111
336 103 3 100 2016641 0.004116
324 165 3 100 88989 0.004117
392 176 3 100 28609 0.004117
42 44 3 100 1760166 0.004118
124 148 3 100 2180588 0.004118
103 144 3 100 2564230 0.004118
153 284 3 100 45411 0.004121
74 291 3 100 89647 0.004124
239 68 3 100 1884688 0.004125
32 136 3 100 2139178 0.004128
358 395 3 100 2090517 0.004129
227 32 3 100 1609938 0.004129
200 251 3 100 41152 0.004129
42 130 3 100 98575 0.004129
246 81 3 100 38559 0.004130
73 96 3 100 615273 0.004131
127 205 3 100 84946 0.004132
147 203 3 100 637387 0.004135
368 298 3 100 1718428 0.004135
256 389 3 100 2315441 0.004135
20 317 3 100 90676 0.004136
305 302 3 100 49005 0.004136
85 23 3 100 18124 0.004137
402 353 3 100 21225 0.004138
88 125 3 100 24011 0.004139
159 280 3 100 2104020 0.004141
83 179 3 100 2131797 0.004142
107 401 3 100 4982 0.004142
378 379 3 100 647478 0.004145
40 162 3 100 1826070 0.004146
354 384 3 100 63429 0.004146
233 331 3 100 2594389 0.004147
268 188 3 100 89748 0.004147
255 67 3 100 1710249 0.004149
345 399 3 100 53105 0.004149
46 347 3 100 2511 0.004149
169 165 3 100 55075 0.004150
363 320 3 100 49962 0.004150
347 332 3 100 2218130 0.004151
395 295 3 100 74034 0.004152
137 254 3 100 96130 0.004153
109 272 3 100 8149 0.004154
149 150 3 100 15709 0.004155
246 77 3 100 438559 0.004156
97 386 3 100 102848 0.004157
333 302 3 100 538649 0.004157
94 97 3 100 68034 0.004159
50 384 3 100 659787 0.004159
311 259 3 100 2529814 0.004159
380 368 3 100 14958 0.004160
139 145 3 100 1923493 0.004160
251 341 3 100 1718729 0.004161
380 390 3 100 1743807 0.004161
214 133 3 100 71994 0.004163
248 35 3 100 1649332 0.004166
126 133 3 100 61175 0.004167
242 145 3 100 2305120 0.004170
301 356 3 100 532897 0.004172
24 57 3 100 3597 0.004174
34 170 3 100 31487 0.004175
32 392 3 100 978474 0.004176
298 200 3 100 5638 0.004176
224 32 3 100 383811 0.004178
252 284 3 100 1853114 0.004178
198 28 3 100 82771 0.004179
220 229 3 100 83749 0.004180
132 390 3 100 2407749 0.004182
105 283 3 100 2025841 0.004183
291 229 3 100 1038143 0.004185
266 141 3 100 44973 0.004185
21 79 3 100 525091 0.004186
236 65 3 100 355976 0.004187
307 163 3 100 7254 0.004188
67 335 3 100 36377 0.004190
113 318 3 100 1911091 0.004190
102 248 3 100 343729 0.004191
182 95 3 100 43282 0.004191
179 36 3 100 57791 0.004193
271 267 3 100 702290 0.004194
166 316 3 100 64714 0.004194
282 119 3 100 861411 0.004194
144 206 3 100 2117100 0.004194
275 234 3 100 73230 0.004195
357 35 3 100 45569 0.004195
67 222 3 100 72610 0.004198
178 155 3 100 133732 0.004199
133 28 3 100 741971 0.004199
354 90 3 100 2434406 0.004200
312 189 3 100 1891459 0.004203
161 103 3 100 85146 0.004203
182 277 3 100 41367 0.004205
78 90 3 100 1790999 0.004205
241 118 3 100 1972436 0.004206
248 218 3 100 169651 0.004206
211 311 3 100 966 0.004206
381 305 3 100 77038 0.004209
202 201 3 100 41560 0.004209
74 93 3 100 2390801 0.004211
244 143 3 100 1580337 0.004212
351 268 3 100 20459 0.004213
177 394 3 100 1637230 0.004213
235 347 3 100 83607 0.004214
281 23 3 100 109876 0.004215
73 102 3 100 55114 0.004216
328 127 3 100 1752198 0.004217
122 174 3 100 60806 0.004218
193 43 3 100 2155697 0.004218
27 393 3 100 61608 0.004219
272 180 3 100 13357 0.004219
69 168 3 100 99265 0.004219
368 240 3 100 583113 0.004220
54 131 3 100 882556 0.004221
245 87 3 100 38828 0.004221
149 284 3 100 2546929 0.004222
181 236 3 100 45550 0.004224
56 168 3 100 2293435 0.004225
361 201 3 100 1953263 0.004226
91 138 3 100 336 0.004226
207 234 3 100 2402170 0.004226
219 264 3 100 71680 0.004228
279 389 3 100 1891546 0.004228
357 344 3 100 22569 0.004229
179 239 3 100 44142 0.004231
115 154 3 100 2270362 0.004233
30 224 3 100 38970 0.004233
299 99 3 100 78614 0.004234
375 353 3 100 92083 0.004234
34 234 3 100 53857 0.004236
204 183 3 100 10634 0.004236
354 135 3 100 19178 0.004237
276 310 3 100 96525 0.004237
146 38 3 100 2356186 0.004239
199 75 3 100 973981 0.004239
47 328 3 100 85928 0.004239
294 22 3 100 2176484 0.004240
222 191 3 100 2096266 0.004241
302 81 3 100 644295 0.004245
201 115 3 100 100130 0.004246
243 343 3 100 69306 0.004247
166 205 3 100 5208 0.004247
64 38 3 100 1612212 0.004249
388 164 3 100 79884 0.004252
359 175 3 100 3862 0.004253
56 48 3 100 23037 0.004254
143 166 3 100 774559 0.004256
281 166 3 100 46779 0.004256
324 333 3 100 1805087 0.004256
213 274 3 100 45419 0.004256
232 284 3 100 2302110 0.004257
226 40 3 100 2593762 0.004259
383 334 3 100 101536 0.004259
34 177 3 100 50404 0.004260
333 290 3 100 2243460 0.004262
357 125 3 100 2425138 0.004262
241 29 3 100 87387 0.004262
30 295 3 100 31051 0.004262
256 368 3 100 1970365 0.004263
315 381 3 100 489792 0.004268
213 375 3 100 71966 0.004269
395 396 3 100 97116 0.004270
309 59 3 100 65211 0.004270
115 63 3 100 599911 0.004272
150 398 3 100 2586349 0.004273
173 68 3 100 2151014 0.004275
294 152 3 100 1772155 0.004275
216 371 3 100 27433 0.004277
75 175 3 100 650349 0.004277
96 275 3 100 37703 0.004278
352 367 3 100 794209 0.004279
29 95 3 100 1613033 0.004281
126 227 3 100 30250 0.004282
382 87 3 100 739393 0.004283
236 183 3 100 1606166 0.004283
357 61 3 100 1737116 0.004285
343 319 3 100 9147 0.004285
169 316 3 100 16263 0.004286
151 236 3 100 571107 0.004287
229 189 3 100 2458902 0.004288
191 130 3 100 66219 0.004289
25 81 3 100 2523308 0.004290
383 334 3 100 10634 0.004292
347 110 3 100 2389308 0.004293
340 393 3 100 2555286 0.004294
168 350 3 100 17979 0.004295
20 67 3 100 56966 0.004296
87 366 3 100 71887 0.004298
44 218 3 100 2120300 0.004298
214 238 3 100 20033 0.004298
373 201 3 100 2345294 0.004300
326 377 3 100 651328 0.004300
66 122 3 100 9780 0.004300
135 342 3 100 125066 0.004302
92 199 3 100 423653 0.004302
330 186 3 100 15616 0.004303
395 345 3 100 207297 0.004304
167 187 3 100 2522263 0.004305
213 400 3 100 49060 0.004305
168 361 3 100 67510 0.004308
180 306 3 100 606380 0.004309
362 150 3 100 206791 0.004309
173 257 3 100 539489 0.004309
188 112 3 100 1663751 0.004310
51 249 3 100 2105911 0.004311
231 320 3 100 2411751 0.004312
153 29 3 100 258305 0.004313
314 125 3 100 16618 0.004313
380 97 3 100 852233 0.004313
298 54 3 100 56926 0.004316
243 172 3 100 2552857 0.004318
389 249 3 100 1694524 0.004321
248 215 3 100 1651654 0.004322
79 390 3 100 93167 0.004324
169 286 3 100 2372210 0.004325
191 336 3 100 2048769 0.004325
26 83 3 100 21209 0.004325
44 304 3 100 2084141 0.004326
321 319 3 100 100642 0.004327
346 55 3 100 2029931 0.004327
325 50 3 100 55806 0.004327
39 381 3 100 57774 0.004328
174 272 3 100 2604107 0.004328
209 293 3 100 1656652 0.004328
207 179 3 100 96298 0.004328
335 271 3 100 1820180 0.004330
236 71 3 100 74768 0.004335
47 60 3 100 46882 0.004336
379 123 3 100 141257 0.004336
127 258 3 100 80859 0.004336
324 185 3 100 1973880 0.004338
150 383 3 100 2022603 0.004339
257 334 3 100 102533 0.004341
55 299 3 100 2483012 0.004342
354 385 3 100 2174041 0.004344
66 143 3 100 2595 0.004344
374 247 3 100 1587802 0.004345
136 359 3 100 40417 0.004346
321 188 3 100 36658 0.004346
30 71 3 100 51227 0.004347
228 357 3 100 72153 0.004347
355 101 3 100 81716 0.004348
103 383 3 100 1931040 0.004349
73 140 3 100 5071 0.004350
379 115 3 100 87830 0.004351
68 247 3 100 2203 0.004352
347 290 3 100 33987 0.004353
216 282 3 100 1978230 0.004354
247 304 3 100 77953 0.004357
280 78 3 100 1775545 0.004359
173 349 3 100 2027224 0.004361
174 261 3 100 19153 0.004365
135 127 3 100 601932 0.004366
222 342 3 100 2584961 0.004367
166 83 3 100 67901 0.004368
402 321 3 100 2564761 0.004368
238 362 3 100 69112 0.004371
176 221 3 100 31024 0.004371
69 166 3 100 214485 0.004373
60 306 3 100 2507589 0.004373
76 158 3 100 62771 0.004373
322 378 3 100 789585 0.004374
352 253 3 100 99529 0.004374
126 273 3 100 95374 0.004375
73 212 3 100 2565106 0.004376
358 34 3 100 66522 0.004377
317 141 3 100 101811 0.004378
156 220 3 100 38320 0.004380
393 104 3 100 2045376 0.004383
396 285 3 100 96604 0.004384
204 381 3 100 2457528 0.004385
259 118 3 100 76478 0.004385
328 208 3 100 2485344 0.004387
285 101 3 100 16502 0.004387
157 376 3 100 28725 0.004388
65 400 3 100 2127036 0.004390
289 29 3 100 84146 0.004390
121 305 3 100 1654214 0.004392
323 232 3 100 81852 0.004393
160 245 3 100 74497 0.004393
28 366 3 100 32699 0.004394
319 38 3 100 98435 0.004394
90 154 3 100 1807282 0.004395
51 313 3 100 2123278 0.004395
108 372 3 100 95149 0.004395
329 147 3 100 68696 0.004395
349 114 3 100 7388 0.004395
237 255 3 100 2276455 0.004398
316 359 3 100 41320 0.004399
403 106 3 100 2315101 0.004400
362 152 3 100 84607 0.004401
380 273 3 100 18818 0.004401
290 39 3 100 919379 0.004402
231 144 3 100 1830017 0.004402
183 173 3 100 4527 0.004404
313 163 3 100 63794 0.004405
301 125 3 100 755574 0.004406
94 74 3 100 20846 0.004409
219 144 3 100 981423 0.004409
31 299 3 100 51581 0.004409
170 98 3 100 102941 0.004410
365 233 3 100 24773 0.004411
58 214 3 100 2344111 0.004411
176 297 3 100 1732880 0.004411
267 328 3 100 113456 0.004412
248 306 3 100 94997 0.004412
303 325 3 100 1737657 0.004413
58 382 3 100 35328 0.004414
131 272 3 100 11509 0.004415
280 165 3 100 6417 0.004415
48 117 3 100 2058214 0.004415
402 205 3 100 2027296 0.004415
288 187 3 100 2401256 0.004416
159 385 3 100 56258 0.004417
59 139 3 100 81616 0.004417
235 268 3 100 5983 0.004417
27 161 3 100 10091 0.004419
36 232 3 100 74485 0.004419
34 340 3 100 983026 0.004420
283 268 3 100 713055 0.004421
193 371 3 100 99054 0.004423
253 56 3 100 1878599 0.004426
41 89 3 100 2304 0.004426
101 246 3 100 8973 0.004427
105 46 3 100 1646033 0.004430
71 126 3 100 2472236 0.004432
84 64 3 100 618970 0.004432
161 308 3 100 2344583 0.004433
100 296 3 100 515995 0.004433
212 186 3 100 27699 0.004434
372 382 3 100 93400 0.004440
313 230 3 100 48904 0.004440
403 76 3 100 25186 0.004441
243 334 3 100 92481 0.004441
43 224 3 100 271442 0.004442
137 29 3 100 2558802 0.004444
77 20 3 100 2589486 0.004445
252 258 3 100 49677 0.004445
307 314 3 100 2266530 0.004447
400 297 3 100 2097856 0.004449
397 236 3 100 2180377 0.004450
175 313 3 100 78312 0.004451
256 164 3 100 60299 0.004451
106 45 3 100 49114 0.004452
290 20 3 100 1929056 0.004452
151 360 3 100 2305566 0.004453
345 49 3 100 1653286 0.004454
298 255 3 100 1986949 0.004455
327 62 3 100 618174 0.004455
114 187 3 100 72867 0.004455
304 32 3 100 55381 0.004458
251 67 3 100 68290 0.004461
169 395 3 100 48186 0.004462
169 344 3 100 63178 0.004463
60 374 3 100 156895 0.004465
57 112 3 100 17333 0.004465
323 332 3 100 2523495 0.004467
41 402 3 100 2466900 0.004467
278 275 3 100 11403 0.004471
185 397 3 100 93954 0.004471
38 257 3 100 70321 0.004475
204 47 3 100 53989 0.004476
115 87 3 100 39667 0.004476
78 59 3 100 80564 0.004476
230 84 3 100 1880429 0.004478
131 300 3 100 222104 0.004479
214 122 3 100 61282 0.004480
116 392 3 100 1728098 0.004481
344 289 3 100 737687 0.004481
211 174 3 100 281655 0.004481
72 115 3 100 48645 0.004481
40 105 3 100 43331 0.004481
133 102 3 100 65630 0.004482
86 110 3 100 1712154 0.004486
136 277 3 100 37942 0.004487
322 334 3 100 1887198 0.004488
121 387 3 100 902509 0.004491
115 380 3 100 66786 0.004491
398 344 3 100 14628 0.004491
249 224 3 100 70753 0.004491
298 194 3 100 80021 0.004495
174 120 3 100 2468964 0.004495
380 113 3 100 24877 0.004496
325 189 3 100 2234664 0.004496
128 268 3 100 82423 0.004497
53 187 3 100 1857550 0.004497
84 279 3 100 56862 0.004499
201 243 3 100 103833 0.004501
92 128 3 100 1019359 0.004501
293 262 3 100 2261090 0.004501
234 139 3 100 16734 0.004502
308 249 3 100 28352 0.004503
264 125 3 100 76490 0.004504
51 371 3 100 70904 0.004504
78 81 3 100 1604178 0.004506
306 348 3 100 23676 0.004509
223 244 3 100 1570310 0.004510
317 118 3 100 490246 0.004511
114 269 3 100 71832 0.004514
403 24 3 100 26170 0.004514
246 24 3 100 18742 0.004516
139 328 3 100 31574 0.004516
389 277 3 100 39787 0.004516
294 309 3 100 835664 0.004517
149 43 3 100 21904 0.004518
179 328 3 100 95949 0.004518
142 297 3 100 84922 0.004520
317 400 3 100 1037765 0.004522
22 115 3 100 41014 0.004522
333 265 3 100 1656033 0.004522
258 57 3 100 60178 0.004523
76 154 3 100 21433 0.004526
345 104 3 100 126140 0.004526
300 318 3 100 46399 0.004528
342 153 3 100 16266 0.004529
93 236 3 100 1950939 0.004529
27 297 3 100 1969547 0.004530
139 343 3 100 1016487 0.004530
211 81 3 100 51544 0.004531
142 190 3 100 2588751 0.004531
205 113 3 100 228720 0.004532
67 151 3 100 761509 0.004533
304 331 3 100 41298 0.004533
204 224 3 100 95940 0.004533
145 80 3 100 67401 0.004534
117 178 3 100 16495 0.004535
57 309 3 100 2126753 0.004536
344 35 3 100 166629 0.004537
315 334 3 100 39738 0.004537
160 146 3 100 1599411 0.004537
370 311 3 100 68159 0.004538
134 391 3 100 1805283 0.004542
52 334 3 100 29482 0.004543
108 236 3 100 1793702 0.004543
343 294 3 100 101014 0.004544
367 106 3 100 28084 0.004544
55 169 3 100 22450 0.004545
89 338 3 100 1833293 0.004546
283 251 3 100 103250 0.004546
231 246 3 100 3785 0.004548
123 27 3 100 28698 0.004549
143 94 3 100 2092859 0.004550
170 378 3 100 99815 0.004551
303 152 3 100 2067683 0.004551
29 327 3 100 34993 0.004552
275 341 3 100 50641 0.004553
177 338 3 100 2101656 0.004554
351 34 3 100 1317 0.004555
296 129 3 100 1900736 0.004556
120 383 3 100 731012 0.004556
269 55 3 100 89718 0.004557
150 372 3 100 1806011 0.004558
139 28 3 100 2294493 0.004558
299 298 3 100 81666 0.004559
113 251 3 100 2105938 0.004560
20 230 3 100 2568443 0.004560
43 365 3 100 1870012 0.004562
332 110 3 100 2305379 0.004563
24 95 3 100 2002246 0.004563
93 82 3 100 50719 0.004564
49 148 3 100 912425 0.004565
86 185 3 100 3733 0.004565
195 150 3 100 1903669 0.004568
152 84 3 100 68704 0.004568
123 173 3 100 2537146 0.004570
93 371 3 100 28452 0.004570
65 390 3 100 12949 0.004572
285 61 3 100 537557 0.004573
354 244 3 100 1676794 0.004573
251 357 3 100 59829 0.004573
403 147 3 100 19527 0.004573
94 82 3 100 16797 0.004573
33 346 3 100 28841 0.004575
176 178 3 100 2335328 0.004575
238 95 3 100 2347044 0.004577
310 382 3 100 21518 0.004578
138 109 3 100 23288 0.004578
197 267 3 100 880442 0.004579
131 179 3 100 26536 0.004580
47 34 3 100 1676330 0.004581
183 101 3 100 100138 0.004583
52 257 3 100 78705 0.004583
49 311 3 100 2605244 0.004584
275 136 3 100 127076 0.004585
398 244 3 100 87233 0.004585
148 334 3 100 1972708 0.004585
386 350 3 100 98198 0.004586
391 402 3 100 4986 0.004587
65 231 3 100 391501 0.004587
283 53 3 100 1721148 0.004588
372 258 3 100 153805 0.004588
153 233 3 100 30779 0.004589
256 98 3 100 1699119 0.004591
278 41 3 100 2227951 0.004594
97 397 3 100 42623 0.004594
391 392 3 100 63270 0.004595
104 226 3 100 12980 0.004595
363 317 3 100 2214257 0.004596
243 369 3 100 6125 0.004596
333 307 3 100 18156 0.004597
292 204 3 100 41601 0.004598
123 320 3 100 74628 0.004601
383 390 3 100 85595 0.004602
300 362 3 100 274050 0.004602
31 85 3 100 24935 0.004602
113 228 3 100 637937 0.004603
134 121 3 100 58508 0.004603
232 376 3 100 1580001 0.004603
110 108 3 100 44874 0.004604
344 48 3 100 35115 0.004604
280 120 3 100 1711566 0.004604
48 306 3 100 842324 0.004605
172 45 3 100 24068 0.004606
98 147 3 100 25526 0.004606
218 172 3 100 323058 0.004607
234 90 3 100 104550 0.004607
265 328 3 100 219671 0.004609
129 367 3 100 1873390 0.004610
163 223 3 100 695923 0.004613
227 386 3 100 734335 0.004613
102 213 3 100 23073 0.004614
220 176 3 100 1669300 0.004616
214 25 3 100 2505024 0.004617
256 301 3 100 1856 0.004618
159 361 3 100 763372 0.004618
91 34 3 100 1987428 0.004618
127 199 3 100 1921713 0.004620
211 187 3 100 68930 0.004620
331 309 3 100 2432722 0.004620
235 101 3 100 1743517 0.004620
144 201 3 100 89113 0.004620
207 367 3 100 2131814 0.004620
110 160 3 100 89160 0.004621
90 182 3 100 17605 0.004626
107 349 3 100 51403 0.004627
74 72 3 100 43960 0.004627
221 263 3 100 71431 0.004627
209 314 3 100 36542 0.004628
226 313 3 100 1570255 0.004629
251 157 3 100 282116 0.004629
386 233 3 100 91380 0.004629
338 71 3 100 720505 0.004630
216 151 3 100 1857283 0.004630
61 82 3 100 44219 0.004631
306 99 3 100 625517 0.004632
222 56 3 100 2593416 0.004632
299 358 3 100 2033703 0.004633
157 207 3 100 52208 0.004633
294 319 3 100 25583 0.004634
58 334 3 100 4804 0.004635
256 24 3 100 49258 0.004636
325 385 3 100 147650 0.004637
226 307 3 100 743890 0.004638
66 367 3 100 283420 0.004639
46 242 3 100 122329 0.004640
256 190 3 100 922204 0.004640
370 136 3 100 2027881 0.004642
90 305 3 100 82938 0.004643
257 328 3 100 23203 0.004644
225 43 3 100 67201 0.004645
85 392 3 100 1652734 0.004645
371 136 3 100 194732 0.004645
122 94 3 100 941301 0.004645
141 251 3 100 2395034 0.004646
287 125 3 100 69987 0.004647
115 25 3 100 37688 0.004648
245 84 3 100 95794 0.004648
174 264 3 100 31660 0.004649
38 106 3 100 89885 0.004651
242 107 3 100 62296 0.004652
333 339 3 100 70237 0.004652
165 168 3 100 41504 0.004653
314 391 3 100 18992 0.004654
25 167 3 100 2068388 0.004655
170 344 3 100 97727 0.004657
131 350 3 100 1833 0.004657
205 63 3 100 118355 0.004658
241 41 3 100 875378 0.004658
43 260 3 100 256928 0.004660
188 342 3 100 49672 0.004661
300 205 3 100 50067 0.004662
248 200 3 100 384912 0.004664
398 347 3 100 2268767 0.004664
182 353 3 100 40922 0.004665
170 365 3 100 69464 0.004669
161 312 3 100 1796234 0.004670
366 152 3 100 100948 0.004677
350 322 3 100 2347056 0.004677
89 160 3 100 43353 0.004678
129 87 3 100 38659 0.004680
241 113 3 100 2157470 0.004681
334 56 3 100 21468 0.004684
278 187 3 100 9455 0.004685
293 286 3 100 806782 0.004686
293 286 3 100 47472 0.004687
119 168 3 100 20811 0.004687
54 296 3 100 28223 0.004687
249 172 3 100 460217 0.004688
297 118 3 100 47616 0.004690
135 130 3 100 1079 0.004692
124 390 3 100 76736 0.004693
65 35 3 100 33566 0.004693
22 138 3 100 2452697 0.004694
78 375 3 100 81586 0.004696
381 339 3 100 84313 0.004697
47 150 3 100 95151 0.004698
155 281 3 100 534709 0.004699
138 100 3 100 47194 0.004699
346 292 3 100 54412 0.004700
42 99 3 100 20298 0.004700
91 62 3 100 39961 0.004701
113 197 3 100 664337 0.004702
186 145 3 100 2466919 0.004702
268 28 3 100 52135 0.004703
357 307 3 100 690469 0.004704
381 292 3 100 10910 0.004704
321 312 3 100 2488969 0.004705
180 312 3 100 30253 0.004706
270 28 3 100 651820 0.004706
102 345 3 100 2399492 0.004706
37 367 3 100 80695 0.004706
62 345 3 100 1626476 0.004707
242 61 3 100 54859 0.004707
109 189 3 100 1834484 0.004713
141 403 3 100 1753466 0.004713
141 274 3 100 53114 0.004713
286 372 3 100 2221027 0.004714
133 76 3 100 18383 0.004714
255 243 3 100 79225 0.004714
79 161 3 100 95060 0.004715
256 371 3 100 1596253 0.004718
86 39 3 100 239913 0.004719
217 159 3 100 565233 0.004719
393 338 3 100 102652 0.004720
194 330 3 100 868946 0.004720
88 195 3 100 79357 0.004720
228 226 3 100 8350 0.004722
105 205 3 100 28718 0.004723
59 99 3 100 253538 0.004723
383 128 3 100 2140104 0.004725
139 295 3 100 46753 0.004728
117 62 3 100 70685 0.004729
77 363 3 100 333446 0.004731
257 269 3 100 77941 0.004735
221 184 3 100 81571 0.004736
165 61 3 100 1015422 0.004736
293 150 3 100 20638 0.004739
395 394 3 100 269799 0.004741
281 311 3 100 2482125 0.004742
149 105 3 100 44412 0.004743
69 326 3 100 451393 0.004744
20 217 3 100 2593347 0.004744
256 307 3 100 2174352 0.004751
373 48 3 100 22409 0.004752
379 23 3 100 5824 0.004753
169 45 3 100 1858070 0.004753
276 234 3 100 32498 0.004754
238 121 3 100 4516 0.004754
335 302 3 100 411412 0.004755
309 36 3 100 779 0.004757
218 83 3 100 4895 0.004758
118 271 3 100 50902 0.004758
309 117 3 100 104362 0.004758
249 296 3 100 24186 0.004759
166 89 3 100 11946 0.004759
347 43 3 100 84544 0.004760
276 97 3 100 1033419 0.004761
130 248 3 100 59899 0.004762
47 52 3 100 92751 0.004762
308 289 3 100 633485 0.004764
365 206 3 100 2021254 0.004767
142 164 3 100 89232 0.004767
86 275 3 100 636462 0.004768
368 139 3 100 81800 0.004769
394 109 3 100 26751 0.004769
150 241 3 100 81233 0.004769
23 27 3 100 90791 0.004770
42 113 3 100 31867 0.004772
64 394 3 100 84669 0.004774
102 132 3 100 56171 0.004774
78 238 3 100 13180 0.004775
235 167 3 100 36896 0.004777
264 220 3 100 2087353 0.004777
343 82 3 100 5988 0.004778
91 34 3 100 2389331 0.004781
334 284 3 100 2113288 0.004781
328 310 3 100 38996 0.004782
273 249 3 100 88713 0.004782
332 345 3 100 94672 0.004783
86 52 3 100 34141 0.004784
319 124 3 100 1710994 0.004784
260 182 3 100 2115720 0.004785
397 74 3 100 58170 0.004786
243 248 3 100 2286165 0.004787
255 22 3 100 78684 0.004787
100 302 3 100 36020 0.004787
210 263 3 100 18313 0.004788
334 346 3 100 1950809 0.004790
204 101 3 100 43393 0.004792
94 333 3 100 28564 0.004794
218 93 3 100 2408464 0.004795
342 36 3 100 2335560 0.004797
388 172 3 100 1640943 0.004799
276 101 3 100 62068 0.004799
35 55 3 100 1700150 0.004799
323 58 3 100 86790 0.004800
181 252 3 100 2082297 0.004800
63 189 3 100 3794 0.004801
135 148 3 100 89439 0.004802
252 307 3 100 49153 0.004803
294 109 3 100 2359987 0.004804
329 226 3 100 200705 0.004804
350 186 3 100 2466737 0.004805
356 382 3 100 1959940 0.004808
338 301 3 100 98543 0.004809
146 299 3 100 32135 0.004810
191 289 3 100 58142 0.004810
112 270 3 100 720 0.004811
194 97 3 100 564659 0.004812
244 359 3 100 54707 0.004812
199 226 3 100 579026 0.004814
156 341 3 100 42534 0.004814
340 241 3 100 174803 0.004816
184 325 3 100 47963 0.004816
168 47 3 100 127804 0.004816
314 131 3 100 2245356 0.004818
331 87 3 100 35213 0.004818
386 194 3 100 65002 0.004819
273 253 3 100 102598 0.004820
324 84 3 100 394286 0.004820
165 29 3 100 18729 0.004820
144 64 3 100 1750651 0.004821
379 304 3 100 63972 0.004822
327 73 3 100 95933 0.004823
265 358 3 100 91514 0.004823
21 132 3 100 1815428 0.004824
159 382 3 100 1004113 0.004825
372 184 3 100 2413894 0.004826
160 139 3 100 503338 0.004827
222 154 3 100 35156 0.004828
60 225 3 100 83215 0.004829
187 243 3 100 64784 0.004831
258 199 3 100 33773 0.004833
107 23 3 100 52030 0.004833
215 307 3 100 1026267 0.004833
51 334 3 100 1776980 0.004834
369 107 3 100 94240 0.004835
32 103 3 100 36257 0.004835
371 342 3 100 23940 0.004835
158 94 3 100 67090 0.004838
353 45 3 100 754468 0.004838
236 105 3 100 53308 0.004838
224 271 3 100 48260 0.004840
201 181 3 100 225841 0.004841
42 127 3 100 43826 0.004841
402 363 3 100 97151 0.004842
273 304 3 100 1923135 0.004842
97 38 3 100 2468535 0.004843
281 325 3 100 9865 0.004844
341 145 3 100 341748 0.004844
149 377 3 100 1701418 0.004845
295 207 3 100 26630 0.004845
120 338 3 100 1618702 0.004847
255 203 3 100 127349 0.004849
107 276 3 100 83605 0.004850
260 324 3 100 25637 0.004850
150 45 3 100 97309 0.004850
330 83 3 100 729758 0.004850
144 191 3 100 51336 0.004851
190 314 3 100 1781736 0.004853
221 293 3 100 1703207 0.004853
175 312 3 100 1654274 0.004855
130 37 3 100 193200 0.004856
145 154 3 100 442679 0.004857
143 50 3 100 70709 0.004858
167 210 3 100 89342 0.004859
228 155 3 100 59762 0.004860
134 64 3 100 63115 0.004861
247 168 3 100 2128439 0.004862
51 130 3 100 1859540 0.004862
311 374 3 100 31170 0.004862
355 202 3 100 88555 0.004864
204 251 3 100 1626322 0.004865
226 125 3 100 319789 0.004868
56 67 3 100 2223972 0.004868
305 344 3 100 1749996 0.004870
292 143 3 100 1929114 0.004870
77 339 3 100 659656 0.004874
320 222 3 100 78421 0.004875
401 379 3 100 2143568 0.004877
335 182 3 100 44484 0.004879
331 36 3 100 66516 0.004879
265 74 3 100 1634507 0.004881
222 216 3 100 88088 0.004882
251 120 3 100 90656 0.004885
393 52 3 100 2616718 0.004886
303 338 3 100 731937 0.004888
178 288 3 100 76455 0.004888
170 183 3 100 1876553 0.004890
104 342 3 100 32836 0.004891
60 216 3 100 858687 0.004891
269 195 3 100 1001392 0.004892
59 79 3 100 91780 0.004892
81 221 3 100 27762 0.004892
161 302 3 100 2322085 0.004893
263 167 3 100 43562 0.004894
378 211 3 100 1640943 0.004894
218 136 3 100 951444 0.004895
172 274 3 100 32112 0.004897
125 354 3 100 2108072 0.004901
30 232 3 100 21300 0.004902
354 403 3 100 74123 0.004902
195 317 3 100 1866791 0.004904
348 126 3 100 1847970 0.004904
176 129 3 100 79348 0.004905
84 31 3 100 85550 0.004905
346 198 3 100 1577 0.004906
325 381 3 100 63156 0.004906
50 200 3 100 25000 0.004907
395 107 3 100 345467 0.004908
347 383 3 100 98860 0.004908
390 96 3 100 86138 0.004908
107 166 3 100 30746 0.004908
369 98 3 100 449813 0.004909
196 338 3 100 291887 0.004909
161 124 3 100 797 0.004909
46 97 3 100 81479 0.004912
228 403 3 100 29392 0.004914
237 373 3 100 80009 0.004914
147 137 3 100 495737 0.004914
326 393 3 100 10185 0.004915
336 176 3 100 62009 0.004916
54 115 3 100 66704 0.004916
106 113 3 100 34567 0.004918
395 252 3 100 2089591 0.004919
182 290 3 100 72462 0.004919
170 86 3 100 80473 0.004919
273 202 3 100 2008082 0.004920
118 116 3 100 2280482 0.004921
347 212 3 100 2020937 0.004925
366 339 3 100 75268 0.004926
382 391 3 100 31263 0.004926
227 279 3 100 101371 0.004927
339 196 3 100 1749171 0.004928
163 89 3 100 104524 0.004929
317 392 3 100 2338786 0.004930
141 275 3 100 25415 0.004930
102 372 3 100 2142667 0.004930
229 271 3 100 67560 0.004930
216 120 3 100 2351291 0.004931
229 75 3 100 93748 0.004932
20 133 3 100 26872 0.004934
52 73 3 100 26651 0.004934
219 295 3 100 59340 0.004935
225 390 3 100 9835 0.004935
278 291 3 100 54928 0.004935
322 207 3 100 56313 0.004936
157 51 3 100 65337 0.004936
305 253 3 100 1991164 0.004936
90 320 3 100 87371 0.004940
21 216 3 100 2277702 0.004940
284 135 3 100 52003 0.004941
332 293 3 100 1835139 0.004941
321 174 3 100 30163 0.004942
267 135 3 100 24137 0.004943
82 274 3 100 78323 0.004944
395 62 3 100 36867 0.004944
74 228 3 100 282990 0.004945
324 319 3 100 86446 0.004946
317 86 3 100 44057 0.004946
258 141 3 100 1731761 0.004946
158 131 3 100 70262 0.004947
281 277 3 100 1843444 0.004949
259 261 3 100 2031988 0.004950
65 235 3 100 2562807 0.004950
59 83 3 100 44512 0.004950
294 295 3 100 19212 0.004952
336 391 3 100 101377 0.004953
348 164 3 100 52718 0.004954
152 55 3 100 2270418 0.004955
149 145 3 100 66634 0.004956
351 91 3 100 2002404 0.004956
47 319 3 100 100482 0.004957
235 26 3 100 55299 0.004961
255 311 3 100 1806898 0.004961
346 394 3 100 744715 0.004964
265 318 3 100 5107 0.004964
175 199 3 100 858867 0.004965
380 138 3 100 652340 0.004965
114 203 3 100 38511 0.004966
371 148 3 100 13369 0.004967
20 312 3 100 92395 0.004967
199 131 3 100 38802 0.004968
343 51 3 100 81685 0.004968
278 401 3 100 1639613 0.004971
25 326 3 100 89927 0.004971
176 68 3 100 923807 0.004971
333 403 3 100 26079 0.004972
219 182 3 100 95028 0.004974
261 112 3 100 1747904 0.004974
273 363 3 100 6646 0.004975
29 176 3 100 316172 0.004976
103 180 3 100 1972422 0.004977
42 102 3 100 1996324 0.004978
193 128 3 100 93305 0.004980
259 102 3 100 15715 0.004980
24 102 3 100 67742 0.004982
344 56 3 100 69395 0.004982
122 299 3 100 2089 0.004982
192 66 3 100 8902 0.004984
379 44 3 100 802916 0.004986
48 64 3 100 19862 0.004988
320 390 3 100 1795143 0.004990
202 221 3 100 343371 0.004992
270 130 3 100 73239 0.004992
124 203 3 100 352591 0.004993
248 145 3 100 24081 0.004994
321 81 3 100 16386 0.004995
131 319 3 100 2469390 0.004996
170 243 3 100 28231 0.004997
279 278 3 100 1860742 0.004998
67 125 3 100 45586 0.004999
53 309 3 100 5593 0.004999
