7753
164 247 3 100 1684620 0.000002
313 273 3 100 74626 0.000002
380 306 3 100 93629 0.000002
125 301 3 100 99584 0.000002
385 122 3 100 19637 0.000003
69 238 3 100 50475 0.000003
165 54 3 100 81454 0.000004
349 264 3 100 2211625 0.000004
198 45 3 100 2148863 0.000005
23 127 3 100 93173 0.000006
256 175 3 100 2161530 0.000006
208 98 3 100 1782449 0.000007
153 175 3 100 1780587 0.000008
195 30 3 100 738722 0.000008
156 176 3 100 1796286 0.000009
289 133 3 100 334951 0.000010
397 338 3 100 264723 0.000011
42 35 3 100 10274 0.000011
67 196 3 100 272862 0.000012
90 193 3 100 1710075 0.000014
337 50 3 100 56117 0.000014
155 175 3 100 619136 0.000015
131 279 3 100 89572 0.000015
158 196 3 100 1788886 0.000015
29 42 3 100 3457 0.000015
37 317 3 100 639398 0.000017
237 366 3 100 66982 0.000017
301 256 3 100 1906613 0.000018
32 221 3 100 1861509 0.000018
331 224 3 100 2112413 0.000019
400 376 3 100 784664 0.000019
83 210 3 100 76657 0.000020
398 160 3 100 94385 0.000020
240 402 3 100 32424 0.000020
112 221 3 100 179998 0.000022
101 153 3 100 1597309 0.000024
389 230 3 100 26069 0.000025
144 329 3 100 2202227 0.000025
401 289 3 100 826802 0.000026
45 141 3 100 11896 0.000026
99 191 3 100 24434 0.000026
372 191 3 100 153218 0.000026
379 370 3 100 2440171 0.000027
105 228 3 100 47755 0.000027
353 303 3 100 66411 0.000027
228 349 3 100 70699 0.000028
267 350 3 100 1676660 0.000028
107 239 3 100 2306477 0.000029
138 49 3 100 750099 0.000029
26 242 3 100 12977 0.000030
131 180 3 100 55839 0.000030
307 225 3 100 2241092 0.000030
127 366 3 100 44314 0.000030
311 357 3 100 2225146 0.000031
342 94 3 100 1949927 0.000032
175 263 3 100 1876076 0.000032
146 58 3 100 94501 0.000033
357 211 3 100 32776 0.000033
135 161 3 100 17374 0.000033
180 313 3 100 39168 0.000034
256 288 3 100 37857 0.000034
397 207 3 100 71117 0.000034
67 255 3 100 6252 0.000037
222 58 3 100 64840 0.000037
401 340 3 100 46199 0.000038
90 183 3 100 325428 0.000038
138 390 3 100 66916 0.000038
333 85 3 100 50051 0.000038
363 225 3 100 92878 0.000039
371 285 3 100 76171 0.000040
350 251 3 100 43343 0.000041
353 344 3 100 875377 0.000042
272 186 3 100 2554542 0.000042
122 24 3 100 2301630 0.000043
61 88 3 100 65815 0.000044
209 115 3 100 2067108 0.000045
394 330 3 100 1676425 0.000045
336 235 3 100 92276 0.000046
240 179 3 100 11910 0.000047
74 167 3 100 90489 0.000047
248 382 3 100 592866 0.000048
148 222 3 100 1619606 0.000050
377 78 3 100 975115 0.000050
364 187 3 100 476690 0.000051
123 116 3 100 32302 0.000052
202 211 3 100 354526 0.000054
133 335 3 100 296468 0.000054
116 93 3 100 301198 0.000054
236 141 3 100 22045 0.000055
203 164 3 100 80404 0.000055
118 331 3 100 2176074 0.000056
359 382 3 100 220231 0.000056
378 355 3 100 62056 0.000058
391 153 3 100 93157 0.000060
383 26 3 100 64452 0.000061
390 286 3 100 36053 0.000062
131 392 3 100 2465892 0.000062
33 150 3 100 16512 0.000062
82 387 3 100 103731 0.000063
110 358 3 100 11197 0.000063
289 109 3 100 27906 0.000064
325 387 3 100 2196806 0.000064
33 269 3 100 2522706 0.000065
377 263 3 100 27153 0.000067
154 243 3 100 17197 0.000067
188 142 3 100 4274 0.000067
187 300 3 100 4285 0.000067
98 338 3 100 88995 0.000067
375 114 3 100 2019966 0.000068
216 58 3 100 97042 0.000069
45 304 3 100 55074 0.000069
72 71 3 100 51173 0.000069
267 307 3 100 403149 0.000071
188 219 3 100 92044 0.000071
253 282 3 100 797912 0.000071
272 344 3 100 6507 0.000072
95 78 3 100 16395 0.000072
220 313 3 100 92760 0.000072
113 208 3 100 31574 0.000072
189 220 3 100 6973 0.000073
279 53 3 100 103206 0.000073
378 51 3 100 816842 0.000074
155 77 3 100 643184 0.000075
139 131 3 100 50874 0.000076
205 398 3 100 73117 0.000076
360 136 3 100 90318 0.000076
260 174 3 100 2325606 0.000076
75 131 3 100 101889 0.000076
114 205 3 100 390342 0.000077
234 348 3 100 96252 0.000077
279 349 3 100 37717 0.000077
370 292 3 100 49529 0.000078
383 382 3 100 82913 0.000078
100 55 3 100 99028 0.000080
231 87 3 100 100826 0.000081
339 217 3 100 1969744 0.000083
146 363 3 100 23580 0.000083
56 277 3 100 49090 0.000083
370 142 3 100 2299235 0.000084
113 251 3 100 21814 0.000085
100 164 3 100 125067 0.000087
384 70 3 100 1710452 0.000087
332 124 3 100 35755 0.000088
149 161 3 100 1566648 0.000089
193 114 3 100 1821815 0.000090
158 309 3 100 325391 0.000090
263 252 3 100 7888 0.000091
225 399 3 100 1599588 0.000091
370 266 3 100 33491 0.000091
83 100 3 100 1012692 0.000095
297 211 3 100 1858919 0.000095
166 242 3 100 63886 0.000096
200 186 3 100 78343 0.000097
117 200 3 100 2316742 0.000097
337 347 3 100 50379 0.000098
33 285 3 100 58569 0.000098
343 296 3 100 536127 0.000099
194 263 3 100 48722 0.000099
144 76 3 100 18772 0.000099
401 134 3 100 82374 0.000100
135 203 3 100 91368 0.000100
239 228 3 100 635240 0.000100
255 196 3 100 47257 0.000101
145 312 3 100 2155584 0.000101
62 299 3 100 1624273 0.000101
79 150 3 100 68779 0.000102
190 241 3 100 2505475 0.000102
80 75 3 100 19387 0.000102
86 65 3 100 101655 0.000103
330 139 3 100 6479 0.000104
99 123 3 100 97474 0.000105
30 31 3 100 2108793 0.000105
149 110 3 100 36656 0.000105
127 251 3 100 53730 0.000106
20 403 3 100 103883 0.000106
102 163 3 100 61684 0.000107
317 42 3 100 66760 0.000107
170 132 3 100 398811 0.000109
324 66 3 100 833715 0.000109
192 289 3 100 445767 0.000109
23 182 3 100 260245 0.000110
295 140 3 100 2020839 0.000110
250 362 3 100 99320 0.000110
259 214 3 100 34721 0.000110
352 184 3 100 6662 0.000110
365 321 3 100 525559 0.000110
147 381 3 100 54314 0.000111
386 380 3 100 45596 0.000111
260 306 3 100 2061764 0.000111
285 228 3 100 490673 0.000111
144 227 3 100 45261 0.000112
105 205 3 100 93677 0.000112
198 41 3 100 6593 0.000113
169 248 3 100 94 0.000113
314 280 3 100 7143 0.000114
327 154 3 100 87824 0.000115
345 320 3 100 64798 0.000115
94 113 3 100 69891 0.000115
300 330 3 100 1555413 0.000116
186 338 3 100 915488 0.000117
137 95 3 100 823996 0.000117
316 291 3 100 3807 0.000118
234 30 3 100 22445 0.000118
325 236 3 100 2267253 0.000120
177 259 3 100 622699 0.000120
25 169 3 100 67601 0.000120
226 217 3 100 1718060 0.000121
394 140 3 100 62845 0.000122
27 233 3 100 888207 0.000122
109 339 3 100 1569309 0.000124
100 221 3 100 67268 0.000125
221 205 3 100 15802 0.000126
134 273 3 100 2378912 0.000126
284 225 3 100 37000 0.000126
145 304 3 100 77619 0.000126
393 381 3 100 498148 0.000127
153 125 3 100 428062 0.000129
206 379 3 100 1700468 0.000129
298 104 3 100 98729 0.000131
327 204 3 100 1728944 0.000132
111 40 3 100 1895461 0.000132
297 312 3 100 2049490 0.000133
127 175 3 100 54646 0.000133
192 367 3 100 6897 0.000133
296 213 3 100 100423 0.000135
58 243 3 100 1912320 0.000136
363 320 3 100 777229 0.000137
101 399 3 100 128279 0.000138
351 198 3 100 58843 0.000139
175 179 3 100 1947206 0.000141
260 188 3 100 36869 0.000141
61 212 3 100 32516 0.000142
126 56 3 100 1847661 0.000142
164 40 3 100 9211 0.000142
353 228 3 100 2297476 0.000143
364 401 3 100 81258 0.000145
208 180 3 100 34429 0.000145
158 209 3 100 82694 0.000146
257 211 3 100 75005 0.000146
202 295 3 100 98583 0.000147
249 388 3 100 2446559 0.000147
369 171 3 100 41491 0.000148
84 113 3 100 2563677 0.000149
244 118 3 100 104522 0.000150
391 31 3 100 103134 0.000151
346 82 3 100 38171 0.000152
148 35 3 100 2430940 0.000153
306 367 3 100 102458 0.000153
195 124 3 100 91061 0.000153
157 173 3 100 94164 0.000154
376 163 3 100 42404 0.000154
381 282 3 100 31210 0.000154
239 132 3 100 60994 0.000155
206 251 3 100 2382234 0.000155
105 138 3 100 86073 0.000155
323 380 3 100 44374 0.000157
71 291 3 100 2141271 0.000158
38 212 3 100 2372163 0.000159
93 104 3 100 1769092 0.000160
257 178 3 100 2377544 0.000160
45 210 3 100 713722 0.000160
95 375 3 100 257644 0.000162
101 126 3 100 93252 0.000162
316 313 3 100 55996 0.000162
352 227 3 100 2529553 0.000164
24 267 3 100 83856 0.000164
216 100 3 100 1819852 0.000165
395 302 3 100 13278 0.000167
53 66 3 100 893365 0.000167
61 103 3 100 16336 0.000168
64 72 3 100 43340 0.000168
145 53 3 100 665990 0.000169
231 277 3 100 53782 0.000171
56 328 3 100 807162 0.000171
24 310 3 100 1859039 0.000171
144 110 3 100 504193 0.000171
188 32 3 100 44904 0.000172
248 20 3 100 87428 0.000172
181 176 3 100 422233 0.000173
103 160 3 100 23591 0.000174
181 275 3 100 68905 0.000174
48 45 3 100 1913139 0.000175
207 143 3 100 75049 0.000175
370 238 3 100 6629 0.000176
62 105 3 100 638406 0.000178
312 90 3 100 85938 0.000178
313 390 3 100 654062 0.000180
387 177 3 100 218935 0.000180
177 61 3 100 42468 0.000180
50 304 3 100 17905 0.000180
236 185 3 100 4134 0.000181
324 389 3 100 737993 0.000181
325 155 3 100 54030 0.000182
275 305 3 100 103483 0.000182
146 400 3 100 8877 0.000182
68 55 3 100 471120 0.000184
112 88 3 100 2390 0.000184
105 140 3 100 542750 0.000184
217 55 3 100 1635 0.000185
317 296 3 100 851821 0.000186
240 156 3 100 654339 0.000186
257 332 3 100 2389557 0.000186
323 225 3 100 27015 0.000187
379 141 3 100 100332 0.000187
207 114 3 100 1866367 0.000188
147 203 3 100 28758 0.000188
175 225 3 100 2502291 0.000189
201 55 3 100 35105 0.000189
263 242 3 100 2125997 0.000190
82 280 3 100 90417 0.000191
154 209 3 100 1811945 0.000191
225 193 3 100 2307068 0.000192
134 78 3 100 655509 0.000192
230 305 3 100 3980 0.000193
137 121 3 100 2291484 0.000193
348 371 3 100 1828409 0.000193
346 322 3 100 4595 0.000194
334 340 3 100 11828 0.000194
252 292 3 100 22276 0.000194
179 285 3 100 2306598 0.000197
113 214 3 100 2079458 0.000198
64 134 3 100 2067643 0.000198
341 276 3 100 1725443 0.000199
375 258 3 100 1827965 0.000200
122 76 3 100 66311 0.000201
77 106 3 100 16106 0.000203
330 148 3 100 52220 0.000203
74 134 3 100 33201 0.000204
194 189 3 100 30015 0.000204
131 259 3 100 90953 0.000204
369 264 3 100 101252 0.000205
97 200 3 100 903171 0.000206
218 223 3 100 78559 0.000206
176 291 3 100 30938 0.000207
359 196 3 100 446068 0.000208
382 335 3 100 64966 0.000209
183 296 3 100 54029 0.000210
360 31 3 100 2300470 0.000210
381 340 3 100 753210 0.000212
258 365 3 100 75695 0.000213
116 163 3 100 48040 0.000213
112 347 3 100 441397 0.000214
347 284 3 100 81157 0.000215
391 253 3 100 2022632 0.000217
340 85 3 100 2530189 0.000217
322 109 3 100 11346 0.000218
213 199 3 100 95077 0.000219
167 72 3 100 31754 0.000220
85 258 3 100 18520 0.000220
382 203 3 100 62132 0.000220
315 197 3 100 2165520 0.000221
271 159 3 100 73065 0.000221
293 108 3 100 2524409 0.000221
138 28 3 100 2072907 0.000221
270 399 3 100 84422 0.000222
381 219 3 100 31021 0.000222
147 154 3 100 200936 0.000222
45 183 3 100 88196 0.000222
34 170 3 100 1639308 0.000223
192 227 3 100 96800 0.000224
219 273 3 100 54685 0.000224
361 342 3 100 53836 0.000224
167 38 3 100 81854 0.000225
150 109 3 100 2381034 0.000225
368 284 3 100 2451824 0.000226
63 296 3 100 1734828 0.000226
91 269 3 100 89030 0.000227
397 299 3 100 16623 0.000228
62 227 3 100 86851 0.000229
95 234 3 100 79816 0.000229
280 110 3 100 71463 0.000230
261 29 3 100 89718 0.000230
137 178 3 100 87810 0.000230
174 234 3 100 2054398 0.000230
358 327 3 100 2236391 0.000231
148 246 3 100 1012580 0.000231
251 149 3 100 1013940 0.000233
274 226 3 100 1653787 0.000233
32 242 3 100 5386 0.000235
270 335 3 100 78803 0.000235
137 219 3 100 1635072 0.000236
240 139 3 100 919399 0.000238
397 355 3 100 11060 0.000238
29 324 3 100 1743519 0.000238
175 311 3 100 3633 0.000239
325 287 3 100 367754 0.000239
187 307 3 100 2226436 0.000239
401 366 3 100 2525625 0.000240
147 89 3 100 17385 0.000240
354 306 3 100 1016600 0.000240
112 253 3 100 71631 0.000241
107 214 3 100 1553705 0.000241
163 376 3 100 95787 0.000241
146 203 3 100 21772 0.000242
89 54 3 100 2576030 0.000242
314 103 3 100 2497551 0.000243
339 355 3 100 102723 0.000243
326 229 3 100 869364 0.000244
179 277 3 100 762538 0.000244
383 361 3 100 20618 0.000244
358 33 3 100 41791 0.000244
38 357 3 100 107526 0.000244
119 379 3 100 2431961 0.000245
259 213 3 100 2480172 0.000245
376 104 3 100 69839 0.000246
53 150 3 100 17824 0.000246
295 378 3 100 5845 0.000247
217 190 3 100 181851 0.000247
154 307 3 100 2342975 0.000247
123 246 3 100 23345 0.000248
343 251 3 100 490741 0.000249
390 172 3 100 83715 0.000251
136 341 3 100 98384 0.000252
318 217 3 100 1635210 0.000252
242 101 3 100 189725 0.000252
275 83 3 100 1772895 0.000254
70 316 3 100 2558122 0.000255
323 39 3 100 66795 0.000256
278 214 3 100 38352 0.000258
352 63 3 100 18297 0.000258
119 338 3 100 95285 0.000260
248 274 3 100 2370063 0.000261
293 45 3 100 92121 0.000262
400 288 3 100 59673 0.000262
343 371 3 100 1599770 0.000263
348 200 3 100 2402102 0.000263
195 41 3 100 2501551 0.000264
104 255 3 100 36191 0.000266
127 263 3 100 2430872 0.000266
52 108 3 100 93171 0.000266
347 38 3 100 2073497 0.000267
137 232 3 100 8498 0.000269
79 402 3 100 95199 0.000269
267 103 3 100 104283 0.000269
345 261 3 100 39595 0.000269
159 121 3 100 63175 0.000269
232 41 3 100 404032 0.000271
144 283 3 100 2216564 0.000272
374 234 3 100 17032 0.000272
43 222 3 100 90646 0.000274
207 314 3 100 19653 0.000274
379 251 3 100 80983 0.000274
392 227 3 100 1787695 0.000276
233 89 3 100 86359 0.000277
134 48 3 100 2057419 0.000278
95 115 3 100 7214 0.000280
289 33 3 100 85693 0.000280
119 268 3 100 1978483 0.000280
274 147 3 100 13046 0.000281
271 347 3 100 102685 0.000281
131 191 3 100 59115 0.000282
93 30 3 100 102604 0.000282
321 215 3 100 36756 0.000282
313 157 3 100 2563 0.000283
142 203 3 100 86734 0.000283
291 74 3 100 76672 0.000284
248 275 3 100 52574 0.000284
382 366 3 100 12129 0.000284
59 329 3 100 2346311 0.000284
359 94 3 100 22420 0.000285
51 396 3 100 42005 0.000285
52 210 3 100 45220 0.000285
77 272 3 100 60002 0.000286
403 39 3 100 1677039 0.000289
28 217 3 100 2120518 0.000289
234 59 3 100 38782 0.000289
239 363 3 100 1832213 0.000292
90 395 3 100 683606 0.000293
72 117 3 100 63580 0.000293
327 51 3 100 554658 0.000294
228 231 3 100 3079 0.000294
305 51 3 100 544172 0.000294
341 201 3 100 1947041 0.000299
105 327 3 100 677052 0.000300
71 181 3 100 970948 0.000300
246 322 3 100 68310 0.000300
212 93 3 100 1928721 0.000301
45 292 3 100 2418218 0.000301
77 124 3 100 98521 0.000302
214 385 3 100 2552003 0.000304
180 286 3 100 598553 0.000304
283 240 3 100 1759647 0.000305
159 305 3 100 1746354 0.000307
102 379 3 100 473815 0.000307
260 320 3 100 468601 0.000308
145 114 3 100 1781207 0.000309
119 128 3 100 78797 0.000310
76 46 3 100 1855320 0.000310
220 81 3 100 1045336 0.000312
381 230 3 100 1698036 0.000312
41 179 3 100 28162 0.000312
318 341 3 100 1695879 0.000313
235 387 3 100 72124 0.000314
71 292 3 100 79271 0.000315
243 363 3 100 727698 0.000315
73 127 3 100 1987369 0.000315
216 242 3 100 78549 0.000315
61 90 3 100 42574 0.000315
75 160 3 100 78583 0.000316
172 45 3 100 603369 0.000317
326 123 3 100 65481 0.000317
237 50 3 100 72442 0.000318
269 186 3 100 1839752 0.000319
109 247 3 100 14835 0.000319
106 144 3 100 2012469 0.000320
165 333 3 100 42466 0.000320
238 332 3 100 73492 0.000321
101 264 3 100 24699 0.000321
356 328 3 100 26794 0.000322
307 196 3 100 4240 0.000322
290 45 3 100 462349 0.000322
274 281 3 100 2445182 0.000323
246 271 3 100 10777 0.000323
138 231 3 100 754406 0.000325
252 103 3 100 56399 0.000325
78 187 3 100 76715 0.000326
23 342 3 100 1144 0.000326
304 152 3 100 104553 0.000326
256 132 3 100 1957544 0.000327
89 70 3 100 1874391 0.000328
137 353 3 100 2205242 0.000328
98 149 3 100 66223 0.000328
132 216 3 100 48879 0.000328
49 203 3 100 776597 0.000329
344 361 3 100 93805 0.000329
162 115 3 100 36938 0.000329
261 306 3 100 51874 0.000330
343 33 3 100 13062 0.000330
203 187 3 100 81896 0.000331
30 380 3 100 8134 0.000331
43 139 3 100 1805051 0.000331
264 297 3 100 10995 0.000334
198 119 3 100 55775 0.000335
200 289 3 100 2695 0.000335
304 288 3 100 1630151 0.000335
132 341 3 100 843056 0.000337
321 47 3 100 702496 0.000337
99 90 3 100 1022979 0.000340
402 39 3 100 22598 0.000341
273 51 3 100 2496685 0.000341
179 260 3 100 27888 0.000343
328 168 3 100 99101 0.000344
54 38 3 100 19267 0.000345
242 123 3 100 2206937 0.000346
354 44 3 100 653503 0.000346
371 330 3 100 2587202 0.000346
339 158 3 100 2240292 0.000348
204 28 3 100 556331 0.000349
56 55 3 100 1610686 0.000349
303 274 3 100 2362809 0.000350
377 43 3 100 11019 0.000351
89 345 3 100 491369 0.000353
70 257 3 100 18677 0.000355
266 296 3 100 1939696 0.000356
231 258 3 100 1688795 0.000358
327 168 3 100 101320 0.000358
119 391 3 100 46831 0.000359
145 182 3 100 2220350 0.000361
333 272 3 100 93876 0.000361
341 390 3 100 35981 0.000364
29 320 3 100 1826518 0.000365
129 203 3 100 34859 0.000365
325 30 3 100 76295 0.000365
245 120 3 100 2499 0.000365
304 218 3 100 507447 0.000365
61 347 3 100 43061 0.000366
300 330 3 100 42018 0.000366
203 26 3 100 19365 0.000366
151 197 3 100 1857645 0.000367
359 33 3 100 820045 0.000367
84 293 3 100 15180 0.000367
211 46 3 100 97735 0.000368
124 118 3 100 103862 0.000369
377 378 3 100 37294 0.000369
280 93 3 100 428925 0.000369
164 196 3 100 765785 0.000370
88 221 3 100 1047891 0.000372
375 30 3 100 90290 0.000372
82 350 3 100 14041 0.000373
376 380 3 100 41343 0.000374
245 385 3 100 857610 0.000375
271 221 3 100 811756 0.000375
122 380 3 100 102643 0.000375
39 368 3 100 83629 0.000377
163 286 3 100 44135 0.000378
252 397 3 100 1687597 0.000379
295 310 3 100 290 0.000380
208 262 3 100 2515004 0.000381
143 309 3 100 1679743 0.000384
44 152 3 100 1947181 0.000385
243 257 3 100 47008 0.000385
216 261 3 100 61293 0.000386
252 304 3 100 1550196 0.000386
388 153 3 100 98802 0.000387
237 297 3 100 2456306 0.000387
179 106 3 100 7204 0.000388
341 331 3 100 632941 0.000389
45 236 3 100 1599454 0.000389
370 130 3 100 60252 0.000389
355 252 3 100 2385960 0.000390
362 137 3 100 1605826 0.000390
107 147 3 100 54292 0.000391
168 171 3 100 99286 0.000391
336 337 3 100 390687 0.000392
279 239 3 100 58831 0.000392
95 231 3 100 94848 0.000392
323 74 3 100 9427 0.000395
132 224 3 100 94665 0.000396
108 71 3 100 468474 0.000396
54 125 3 100 19402 0.000397
24 322 3 100 827382 0.000397
334 289 3 100 68730 0.000398
105 236 3 100 2311498 0.000398
311 110 3 100 16201 0.000400
350 200 3 100 2435022 0.000401
268 230 3 100 298139 0.000401
263 315 3 100 1711925 0.000402
159 114 3 100 17102 0.000403
72 80 3 100 38832 0.000404
72 42 3 100 597926 0.000404
311 396 3 100 16655 0.000406
134 244 3 100 2361978 0.000406
227 154 3 100 2525037 0.000407
332 277 3 100 32766 0.000408
382 126 3 100 130775 0.000408
346 66 3 100 89791 0.000408
360 26 3 100 1983221 0.000410
76 368 3 100 42952 0.000410
367 234 3 100 2266753 0.000410
317 375 3 100 26992 0.000410
207 255 3 100 1880417 0.000411
126 272 3 100 67432 0.000411
60 368 3 100 2368119 0.000412
328 94 3 100 48776 0.000413
346 277 3 100 1923950 0.000414
179 84 3 100 1015939 0.000415
358 263 3 100 1892997 0.000415
252 56 3 100 64724 0.000415
77 103 3 100 101269 0.000416
125 174 3 100 51702 0.000417
357 131 3 100 2144279 0.000418
390 60 3 100 1928173 0.000419
127 365 3 100 299642 0.000419
182 27 3 100 55522 0.000420
324 315 3 100 378908 0.000420
173 370 3 100 2335179 0.000420
296 74 3 100 1828222 0.000422
26 177 3 100 1595642 0.000424
116 130 3 100 367050 0.000424
327 22 3 100 2328157 0.000424
329 93 3 100 2336947 0.000425
259 375 3 100 1789724 0.000426
373 311 3 100 2576946 0.000426
329 42 3 100 75324 0.000427
256 173 3 100 59415 0.000428
366 171 3 100 39439 0.000428
239 90 3 100 2423924 0.000429
247 307 3 100 1688452 0.000429
244 121 3 100 1687349 0.000430
82 186 3 100 16683 0.000430
291 400 3 100 40679 0.000431
235 55 3 100 42054 0.000432
27 301 3 100 80674 0.000432
253 186 3 100 1672941 0.000433
221 400 3 100 686433 0.000433
109 378 3 100 90177 0.000434
25 158 3 100 1036854 0.000435
124 398 3 100 1038827 0.000436
308 96 3 100 37728 0.000436
214 193 3 100 2262973 0.000437
336 258 3 100 240833 0.000438
168 98 3 100 2277553 0.000438
348 213 3 100 2506853 0.000438
185 46 3 100 488257 0.000438
106 147 3 100 3707 0.000439
327 257 3 100 64747 0.000439
374 262 3 100 81136 0.000439
212 367 3 100 1668241 0.000440
158 350 3 100 54506 0.000441
263 99 3 100 1821297 0.000443
289 337 3 100 85790 0.000443
394 120 3 100 397460 0.000444
93 351 3 100 2561750 0.000444
30 277 3 100 18534 0.000445
279 307 3 100 2586955 0.000447
277 82 3 100 864559 0.000448
219 344 3 100 47729 0.000448
385 336 3 100 1923109 0.000448
119 177 3 100 93381 0.000449
397 235 3 100 65777 0.000449
280 373 3 100 2306222 0.000450
336 245 3 100 1735346 0.000450
67 135 3 100 717474 0.000451
281 291 3 100 39140 0.000452
274 280 3 100 479066 0.000452
171 253 3 100 62466 0.000453
401 309 3 100 181355 0.000453
67 200 3 100 2491766 0.000453
402 76 3 100 8535 0.000453
241 223 3 100 1717800 0.000454
307 244 3 100 3861 0.000454
288 377 3 100 785051 0.000454
306 276 3 100 866684 0.000454
123 385 3 100 72769 0.000457
168 286 3 100 162297 0.000457
330 180 3 100 1931575 0.000457
318 45 3 100 2314367 0.000457
125 193 3 100 980311 0.000459
339 244 3 100 87608 0.000459
359 131 3 100 32261 0.000460
43 304 3 100 2060060 0.000461
82 165 3 100 9120 0.000462
176 307 3 100 27683 0.000463
356 109 3 100 62798 0.000464
296 119 3 100 2528550 0.000465
197 179 3 100 2074902 0.000465
70 206 3 100 30599 0.000467
158 244 3 100 988409 0.000468
355 400 3 100 1620370 0.000468
116 334 3 100 1877469 0.000469
217 210 3 100 2262808 0.000470
364 66 3 100 31741 0.000471
311 230 3 100 34726 0.000471
143 315 3 100 1627046 0.000472
177 340 3 100 769506 0.000473
132 272 3 100 800332 0.000474
164 152 3 100 686233 0.000474
68 257 3 100 758726 0.000476
335 66 3 100 89018 0.000476
85 263 3 100 796 0.000478
392 271 3 100 98475 0.000478
30 300 3 100 2213794 0.000478
311 47 3 100 74812 0.000479
149 41 3 100 1901885 0.000480
277 397 3 100 329417 0.000481
123 185 3 100 93403 0.000481
66 205 3 100 100651 0.000481
362 243 3 100 65749 0.000481
28 135 3 100 2487464 0.000483
215 171 3 100 844632 0.000483
376 115 3 100 27788 0.000483
57 119 3 100 2407950 0.000483
163 352 3 100 23746 0.000484
364 50 3 100 1978782 0.000484
321 170 3 100 42621 0.000484
42 23 3 100 2362864 0.000486
91 33 3 100 5428 0.000486
239 45 3 100 426657 0.000487
226 195 3 100 1568622 0.000488
21 298 3 100 872469 0.000488
80 309 3 100 72329 0.000489
131 188 3 100 1691913 0.000489
344 287 3 100 170754 0.000490
327 282 3 100 46567 0.000490
359 351 3 100 6139 0.000490
114 137 3 100 41939 0.000491
221 114 3 100 52114 0.000491
364 57 3 100 2096 0.000492
267 89 3 100 728033 0.000493
330 267 3 100 58137 0.000494
41 212 3 100 36797 0.000495
191 57 3 100 34532 0.000495
157 98 3 100 1720852 0.000499
247 246 3 100 79232 0.000499
61 82 3 100 32832 0.000499
273 366 3 100 36037 0.000501
55 308 3 100 72915 0.000501
237 26 3 100 80614 0.000501
403 174 3 100 98418 0.000502
119 54 3 100 1640214 0.000502
128 395 3 100 104194 0.000504
47 192 3 100 944471 0.000505
43 236 3 100 2017989 0.000505
323 194 3 100 1672072 0.000506
301 278 3 100 1594742 0.000506
352 390 3 100 1667891 0.000506
214 145 3 100 63602 0.000507
81 86 3 100 72225 0.000507
132 323 3 100 65105 0.000507
230 200 3 100 1594416 0.000507
80 337 3 100 2314385 0.000508
87 52 3 100 18849 0.000509
286 73 3 100 33889 0.000509
372 129 3 100 2443 0.000509
335 113 3 100 4671 0.000510
106 245 3 100 46547 0.000511
239 326 3 100 2117701 0.000511
103 95 3 100 104159 0.000512
283 218 3 100 1556509 0.000514
135 159 3 100 44143 0.000516
256 153 3 100 32140 0.000517
52 272 3 100 753680 0.000517
228 290 3 100 16837 0.000518
260 299 3 100 2143608 0.000519
113 379 3 100 711220 0.000520
316 141 3 100 387525 0.000520
291 163 3 100 51162 0.000521
91 111 3 100 2237091 0.000521
35 238 3 100 1756651 0.000521
170 129 3 100 62032 0.000522
328 273 3 100 2398909 0.000522
294 115 3 100 395771 0.000522
374 266 3 100 1977421 0.000522
315 38 3 100 60605 0.000523
337 92 3 100 475719 0.000523
383 129 3 100 1008194 0.000524
106 175 3 100 2469047 0.000524
252 351 3 100 88721 0.000525
43 337 3 100 5054 0.000526
291 360 3 100 80901 0.000527
344 134 3 100 34053 0.000528
197 290 3 100 55514 0.000528
377 141 3 100 42430 0.000528
41 264 3 100 90834 0.000528
344 231 3 100 1714152 0.000529
165 77 3 100 24498 0.000530
100 34 3 100 44345 0.000530
253 326 3 100 245527 0.000531
108 165 3 100 64600 0.000531
169 274 3 100 186696 0.000531
43 371 3 100 75062 0.000531
258 354 3 100 794997 0.000531
347 329 3 100 51688 0.000531
75 188 3 100 2539537 0.000532
216 364 3 100 4623 0.000533
304 400 3 100 1942646 0.000533
37 283 3 100 1986798 0.000534
143 221 3 100 74734 0.000534
114 349 3 100 260905 0.000535
227 378 3 100 156588 0.000535
163 154 3 100 81134 0.000536
103 262 3 100 104459 0.000537
161 238 3 100 323494 0.000537
352 339 3 100 68949 0.000538
246 382 3 100 34988 0.000538
386 131 3 100 64092 0.000540
399 151 3 100 2011172 0.000541
132 131 3 100 1919056 0.000541
166 22 3 100 79423 0.000542
167 118 3 100 1880 0.000542
100 376 3 100 419449 0.000543
313 94 3 100 31075 0.000543
306 233 3 100 9949 0.000544
206 183 3 100 2119917 0.000544
333 226 3 100 32849 0.000544
111 319 3 100 2118118 0.000545
112 344 3 100 1764711 0.000545
316 160 3 100 48942 0.000545
239 325 3 100 1811482 0.000547
219 97 3 100 59496 0.000547
161 265 3 100 240923 0.000547
85 335 3 100 96645 0.000548
327 199 3 100 1614445 0.000549
126 284 3 100 2285861 0.000549
107 111 3 100 2393098 0.000550
289 68 3 100 46556 0.000551
394 115 3 100 1570705 0.000551
23 215 3 100 2103342 0.000551
55 123 3 100 81892 0.000551
104 293 3 100 67089 0.000552
138 102 3 100 33039 0.000553
281 171 3 100 2160864 0.000553
373 25 3 100 47679 0.000554
104 57 3 100 983711 0.000554
284 44 3 100 90606 0.000554
177 57 3 100 1570692 0.000555
319 318 3 100 1854150 0.000556
46 240 3 100 2299073 0.000557
376 171 3 100 37649 0.000559
239 395 3 100 64010 0.000559
157 88 3 100 98063 0.000559
399 98 3 100 1990254 0.000560
74 370 3 100 27104 0.000561
163 170 3 100 46951 0.000561
178 37 3 100 1905670 0.000561
63 115 3 100 63199 0.000561
402 218 3 100 1016386 0.000562
25 185 3 100 2056285 0.000564
348 228 3 100 67783 0.000565
163 64 3 100 1028218 0.000565
235 191 3 100 1263 0.000565
225 60 3 100 951068 0.000566
48 358 3 100 75540 0.000569
22 86 3 100 18409 0.000569
41 207 3 100 2494665 0.000571
294 139 3 100 86138 0.000573
187 111 3 100 86224 0.000574
384 197 3 100 1671913 0.000575
152 140 3 100 2489722 0.000575
143 33 3 100 48927 0.000575
148 239 3 100 2096152 0.000576
206 336 3 100 1683088 0.000576
91 340 3 100 1648115 0.000576
171 316 3 100 87556 0.000577
91 257 3 100 1025141 0.000578
101 278 3 100 23633 0.000578
334 147 3 100 992010 0.000580
280 124 3 100 75138 0.000581
32 350 3 100 21684 0.000582
122 314 3 100 2076036 0.000582
365 362 3 100 94996 0.000585
32 384 3 100 725612 0.000585
55 23 3 100 29101 0.000585
124 45 3 100 86416 0.000585
63 292 3 100 2155613 0.000586
287 88 3 100 573086 0.000586
306 153 3 100 1719730 0.000586
193 194 3 100 25557 0.000587
64 139 3 100 40732 0.000587
125 358 3 100 93557 0.000587
148 85 3 100 484227 0.000588
193 279 3 100 17118 0.000588
226 39 3 100 78132 0.000589
261 54 3 100 593852 0.000589
187 24 3 100 45483 0.000589
343 68 3 100 187955 0.000589
168 45 3 100 139932 0.000591
365 197 3 100 2557 0.000591
55 359 3 100 1916035 0.000592
213 108 3 100 904271 0.000592
211 318 3 100 77247 0.000592
161 53 3 100 858788 0.000593
189 72 3 100 129683 0.000593
182 38 3 100 42496 0.000594
151 329 3 100 7810 0.000594
148 362 3 100 41877 0.000594
228 24 3 100 11531 0.000595
62 164 3 100 2301228 0.000595
180 257 3 100 1940456 0.000598
287 186 3 100 24530 0.000598
227 300 3 100 1855516 0.000598
389 53 3 100 97263 0.000598
400 243 3 100 2531881 0.000599
164 293 3 100 2174150 0.000601
347 239 3 100 76426 0.000601
32 135 3 100 28133 0.000602
240 58 3 100 41542 0.000602
78 228 3 100 1943676 0.000602
338 165 3 100 10745 0.000602
67 180 3 100 58452 0.000603
98 20 3 100 2363929 0.000604
260 154 3 100 2284306 0.000605
78 298 3 100 72768 0.000605
270 174 3 100 53574 0.000607
199 257 3 100 2566683 0.000608
366 178 3 100 90345 0.000608
118 380 3 100 2255371 0.000608
378 315 3 100 1586 0.000610
359 192 3 100 2316765 0.000611
42 91 3 100 1891963 0.000611
67 346 3 100 53307 0.000612
236 329 3 100 2367636 0.000612
357 355 3 100 60885 0.000612
286 218 3 100 22025 0.000613
353 129 3 100 12157 0.000613
170 350 3 100 384476 0.000613
85 334 3 100 1930001 0.000614
193 156 3 100 11983 0.000615
98 272 3 100 2395337 0.000615
301 325 3 100 2571767 0.000616
49 59 3 100 35414 0.000617
172 293 3 100 88440 0.000618
343 357 3 100 16009 0.000619
279 390 3 100 2409626 0.000619
48 139 3 100 57289 0.000620
295 284 3 100 1683476 0.000623
132 140 3 100 1922687 0.000623
110 304 3 100 2385550 0.000623
159 187 3 100 56095 0.000623
84 188 3 100 2443133 0.000623
212 78 3 100 515678 0.000625
190 396 3 100 80316 0.000626
22 367 3 100 94053 0.000626
99 317 3 100 13434 0.000626
397 66 3 100 1860868 0.000626
50 325 3 100 2343181 0.000628
23 300 3 100 984374 0.000630
287 360 3 100 2445497 0.000630
330 242 3 100 4754 0.000631
153 34 3 100 39943 0.000632
48 164 3 100 33237 0.000633
46 238 3 100 2161922 0.000633
34 161 3 100 39123 0.000633
23 377 3 100 59257 0.000633
389 298 3 100 34627 0.000634
156 172 3 100 2580705 0.000634
28 94 3 100 2388337 0.000635
65 395 3 100 774475 0.000636
247 91 3 100 21507 0.000637
104 321 3 100 86637 0.000638
249 369 3 100 1707120 0.000638
45 35 3 100 27929 0.000638
318 247 3 100 1000798 0.000638
94 20 3 100 2116548 0.000638
393 40 3 100 90635 0.000639
271 294 3 100 563387 0.000639
127 224 3 100 35454 0.000640
317 124 3 100 46538 0.000640
339 92 3 100 47299 0.000641
292 69 3 100 101724 0.000641
290 226 3 100 23493 0.000642
275 59 3 100 336513 0.000643
223 170 3 100 38492 0.000643
22 238 3 100 1946783 0.000644
122 283 3 100 2411136 0.000644
399 380 3 100 1604100 0.000646
21 207 3 100 49746 0.000646
334 241 3 100 81392 0.000648
213 310 3 100 603330 0.000649
252 358 3 100 23469 0.000649
381 53 3 100 2183219 0.000649
329 219 3 100 2131547 0.000651
97 284 3 100 864045 0.000651
77 276 3 100 52740 0.000652
205 120 3 100 38508 0.000652
100 31 3 100 2504414 0.000652
29 336 3 100 43221 0.000652
159 222 3 100 65909 0.000653
76 363 3 100 2132874 0.000653
84 199 3 100 24264 0.000653
185 329 3 100 2174538 0.000654
367 158 3 100 66321 0.000657
34 104 3 100 47378 0.000658
39 115 3 100 995959 0.000658
143 261 3 100 65222 0.000662
314 362 3 100 8630 0.000664
289 138 3 100 915364 0.000665
93 260 3 100 38565 0.000665
242 292 3 100 2257465 0.000666
60 43 3 100 1817394 0.000667
314 122 3 100 1576731 0.000668
356 158 3 100 8456 0.000669
326 228 3 100 2562753 0.000669
221 195 3 100 482855 0.000670
368 213 3 100 58965 0.000671
390 98 3 100 34244 0.000671
369 43 3 100 254364 0.000672
182 154 3 100 730927 0.000672
396 275 3 100 85259 0.000675
86 241 3 100 28415 0.000675
342 217 3 100 2118223 0.000675
168 91 3 100 495645 0.000676
78 213 3 100 84154 0.000677
127 32 3 100 2474857 0.000677
140 21 3 100 514588 0.000677
71 244 3 100 96998 0.000677
28 290 3 100 832872 0.000677
212 87 3 100 69599 0.000677
151 391 3 100 44777 0.000678
117 82 3 100 102006 0.000678
161 158 3 100 11262 0.000680
395 210 3 100 8395 0.000680
306 188 3 100 35090 0.000680
211 104 3 100 65087 0.000681
115 61 3 100 23594 0.000682
248 385 3 100 1816107 0.000682
216 64 3 100 2070078 0.000683
297 336 3 100 719203 0.000684
364 46 3 100 1927512 0.000685
122 51 3 100 66425 0.000685
84 349 3 100 1626478 0.000685
251 280 3 100 527922 0.000686
313 26 3 100 62863 0.000686
108 48 3 100 2058573 0.000686
99 321 3 100 97325 0.000686
266 360 3 100 8850 0.000686
208 38 3 100 2072889 0.000687
323 306 3 100 52446 0.000687
161 240 3 100 796984 0.000687
45 279 3 100 1619361 0.000689
306 345 3 100 43070 0.000689
363 276 3 100 101025 0.000690
119 281 3 100 370010 0.000690
106 235 3 100 56080 0.000691
240 267 3 100 100552 0.000692
82 105 3 100 782433 0.000693
122 300 3 100 1660540 0.000693
217 27 3 100 17457 0.000693
30 286 3 100 285558 0.000693
55 87 3 100 2349837 0.000693
135 36 3 100 1904577 0.000694
326 60 3 100 1602909 0.000695
157 339 3 100 28633 0.000697
329 140 3 100 2232785 0.000697
99 184 3 100 83902 0.000698
109 363 3 100 36123 0.000699
66 258 3 100 80636 0.000699
319 76 3 100 2495724 0.000700
388 250 3 100 947872 0.000700
189 393 3 100 13607 0.000701
315 294 3 100 2020065 0.000702
196 392 3 100 2057614 0.000704
70 94 3 100 83814 0.000705
189 37 3 100 392375 0.000705
286 395 3 100 35328 0.000705
321 187 3 100 7593 0.000708
310 356 3 100 2384796 0.000708
127 81 3 100 52422 0.000708
248 396 3 100 70515 0.000708
334 258 3 100 2291314 0.000709
236 202 3 100 79683 0.000710
390 134 3 100 972815 0.000712
65 99 3 100 45922 0.000712
90 321 3 100 2064579 0.000713
276 372 3 100 73003 0.000714
70 167 3 100 53045 0.000714
396 242 3 100 2294775 0.000714
366 198 3 100 583570 0.000715
166 272 3 100 877835 0.000715
215 376 3 100 70288 0.000716
29 224 3 100 459610 0.000717
353 160 3 100 862641 0.000718
369 152 3 100 31438 0.000720
211 146 3 100 2149737 0.000720
94 327 3 100 92978 0.000721
138 376 3 100 1841497 0.000722
123 163 3 100 80245 0.000722
32 249 3 100 1793097 0.000723
255 93 3 100 2207035 0.000723
103 339 3 100 2557414 0.000723
139 343 3 100 1687838 0.000724
90 274 3 100 2497593 0.000724
182 344 3 100 658782 0.000727
154 168 3 100 61099 0.000728
86 365 3 100 68813 0.000729
293 38 3 100 2552275 0.000729
116 185 3 100 71995 0.000730
136 357 3 100 133350 0.000731
133 96 3 100 589602 0.000732
76 107 3 100 2477233 0.000733
399 319 3 100 16290 0.000733
85 393 3 100 1664676 0.000734
285 312 3 100 77880 0.000734
231 347 3 100 1025638 0.000734
325 188 3 100 51005 0.000735
96 326 3 100 292044 0.000735
97 256 3 100 24080 0.000736
278 154 3 100 2342864 0.000737
154 52 3 100 1822553 0.000737
185 288 3 100 429626 0.000737
368 212 3 100 52747 0.000739
347 58 3 100 1878030 0.000739
249 161 3 100 851474 0.000739
191 196 3 100 67730 0.000740
85 161 3 100 496152 0.000743
371 251 3 100 1882313 0.000743
128 75 3 100 485238 0.000744
245 180 3 100 2419777 0.000747
41 125 3 100 2478754 0.000749
187 235 3 100 2134405 0.000750
29 388 3 100 532699 0.000750
222 148 3 100 55468 0.000751
309 50 3 100 89701 0.000753
34 103 3 100 102607 0.000753
34 366 3 100 2614 0.000753
206 230 3 100 6005 0.000754
54 363 3 100 1721477 0.000754
391 384 3 100 1551566 0.000755
371 306 3 100 100334 0.000755
194 153 3 100 64631 0.000755
331 215 3 100 189329 0.000755
235 24 3 100 62174 0.000755
23 123 3 100 2129397 0.000756
267 218 3 100 1938547 0.000758
190 204 3 100 117994 0.000758
191 330 3 100 2516553 0.000758
104 154 3 100 1670 0.000758
177 299 3 100 5751 0.000759
349 228 3 100 665790 0.000759
347 193 3 100 339325 0.000759
330 314 3 100 47352 0.000761
20 113 3 100 1881916 0.000762
86 147 3 100 2139349 0.000762
85 76 3 100 2589165 0.000762
375 272 3 100 1578520 0.000762
219 60 3 100 920751 0.000763
141 77 3 100 1899149 0.000765
83 141 3 100 441086 0.000768
168 172 3 100 786515 0.000768
106 160 3 100 430760 0.000770
311 100 3 100 2188435 0.000770
398 301 3 100 15533 0.000770
115 57 3 100 46175 0.000771
200 220 3 100 2046565 0.000771
361 33 3 100 864432 0.000773
382 334 3 100 100578 0.000773
74 179 3 100 1917021 0.000777
55 85 3 100 5198 0.000780
369 89 3 100 459920 0.000781
221 313 3 100 147620 0.000781
281 185 3 100 102506 0.000782
270 238 3 100 1874247 0.000782
306 256 3 100 32460 0.000782
391 249 3 100 1037939 0.000782
199 172 3 100 7242 0.000783
244 54 3 100 1688950 0.000784
403 226 3 100 1797712 0.000784
216 21 3 100 104764 0.000785
355 207 3 100 852416 0.000785
73 242 3 100 2271187 0.000786
201 386 3 100 897280 0.000786
70 243 3 100 23472 0.000786
355 76 3 100 71960 0.000789
326 180 3 100 1840465 0.000790
158 88 3 100 2006845 0.000790
176 35 3 100 664816 0.000791
355 283 3 100 71546 0.000791
234 86 3 100 82952 0.000793
174 354 3 100 82552 0.000793
394 86 3 100 36451 0.000794
254 255 3 100 60752 0.000795
276 200 3 100 2355110 0.000797
42 70 3 100 23136 0.000798
275 307 3 100 13161 0.000802
284 121 3 100 12817 0.000802
247 384 3 100 18491 0.000802
39 54 3 100 31773 0.000803
265 304 3 100 30309 0.000804
391 111 3 100 207583 0.000805
147 403 3 100 2385174 0.000806
124 290 3 100 94769 0.000806
372 332 3 100 41451 0.000807
385 23 3 100 2028594 0.000808
324 317 3 100 104426 0.000808
287 319 3 100 2370576 0.000808
390 107 3 100 1772353 0.000809
123 398 3 100 66754 0.000810
122 314 3 100 557953 0.000810
42 101 3 100 72041 0.000811
218 257 3 100 7160 0.000811
122 286 3 100 10237 0.000811
297 271 3 100 101276 0.000811
295 268 3 100 2058448 0.000811
365 348 3 100 2562622 0.000812
316 68 3 100 63781 0.000813
398 239 3 100 1845117 0.000814
167 278 3 100 41768 0.000815
246 255 3 100 30848 0.000815
273 299 3 100 46830 0.000816
148 314 3 100 56746 0.000817
188 397 3 100 57760 0.000817
21 324 3 100 1732409 0.000817
323 252 3 100 2522684 0.000818
280 84 3 100 243315 0.000818
77 240 3 100 90588 0.000819
198 369 3 100 1822526 0.000820
125 217 3 100 55777 0.000820
204 261 3 100 519235 0.000821
247 380 3 100 1656300 0.000821
184 199 3 100 2531765 0.000822
125 254 3 100 3075 0.000823
382 36 3 100 485791 0.000823
36 138 3 100 707656 0.000823
101 21 3 100 4677 0.000824
393 240 3 100 2081448 0.000824
193 290 3 100 662924 0.000824
155 323 3 100 7054 0.000825
133 179 3 100 2546608 0.000826
271 362 3 100 35100 0.000828
95 50 3 100 6488 0.000829
289 271 3 100 1650975 0.000829
374 176 3 100 47627 0.000829
113 331 3 100 52693 0.000829
181 137 3 100 895505 0.000831
307 175 3 100 5784 0.000831
116 307 3 100 16679 0.000831
168 62 3 100 852243 0.000833
25 199 3 100 103519 0.000834
52 32 3 100 28928 0.000835
65 101 3 100 94276 0.000835
385 263 3 100 83553 0.000835
55 171 3 100 58600 0.000835
245 282 3 100 481723 0.000835
362 154 3 100 460178 0.000836
365 393 3 100 23740 0.000836
46 260 3 100 77307 0.000836
344 112 3 100 45900 0.000837
57 237 3 100 89217 0.000837
356 28 3 100 73164 0.000837
302 171 3 100 2241118 0.000838
216 26 3 100 7465 0.000838
251 268 3 100 92932 0.000838
95 198 3 100 2123205 0.000840
33 51 3 100 461865 0.000841
120 246 3 100 1834645 0.000842
85 213 3 100 715360 0.000842
351 392 3 100 51653 0.000843
238 248 3 100 384063 0.000845
311 229 3 100 2237279 0.000847
150 321 3 100 244278 0.000847
114 224 3 100 188817 0.000847
167 214 3 100 2344023 0.000848
245 227 3 100 2099822 0.000849
51 342 3 100 102173 0.000849
376 76 3 100 44179 0.000849
249 180 3 100 30090 0.000851
351 355 3 100 55930 0.000851
119 248 3 100 771236 0.000851
104 236 3 100 74015 0.000851
160 387 3 100 58083 0.000852
328 57 3 100 2142235 0.000852
88 340 3 100 1811724 0.000852
103 158 3 100 1192 0.000855
20 309 3 100 278294 0.000855
378 311 3 100 82708 0.000855
121 278 3 100 2531615 0.000856
292 279 3 100 102115 0.000856
154 391 3 100 24230 0.000857
266 275 3 100 67750 0.000857
323 364 3 100 31119 0.000859
395 134 3 100 1747517 0.000861
224 335 3 100 419078 0.000861
73 392 3 100 1778793 0.000861
284 394 3 100 89224 0.000862
100 239 3 100 2274729 0.000863
251 316 3 100 2299 0.000864
104 136 3 100 1710482 0.000865
74 373 3 100 26321 0.000865
321 182 3 100 18885 0.000867
24 241 3 100 71678 0.000867
367 44 3 100 1815891 0.000868
389 200 3 100 2258365 0.000868
63 178 3 100 2062060 0.000868
385 229 3 100 426096 0.000869
303 388 3 100 102813 0.000870
209 179 3 100 2532047 0.000871
284 151 3 100 70051 0.000873
75 154 3 100 79705 0.000873
322 166 3 100 2019431 0.000873
381 97 3 100 102515 0.000875
198 156 3 100 1697111 0.000876
283 370 3 100 2219849 0.000877
52 126 3 100 505208 0.000877
167 335 3 100 2111792 0.000877
297 23 3 100 12736 0.000878
222 392 3 100 67556 0.000879
90 166 3 100 80249 0.000879
335 381 3 100 2163204 0.000879
269 306 3 100 55362 0.000880
327 390 3 100 341411 0.000880
177 306 3 100 101745 0.000880
171 135 3 100 439910 0.000880
42 403 3 100 26283 0.000881
240 390 3 100 40641 0.000882
283 126 3 100 808902 0.000882
311 401 3 100 80900 0.000883
82 213 3 100 68078 0.000885
192 265 3 100 1826810 0.000885
302 233 3 100 1961133 0.000885
319 172 3 100 2298587 0.000885
381 380 3 100 8477 0.000886
314 218 3 100 2541589 0.000886
80 63 3 100 2362851 0.000887
217 89 3 100 919377 0.000887
399 225 3 100 67084 0.000888
159 62 3 100 862905 0.000891
93 218 3 100 402789 0.000891
28 325 3 100 13352 0.000892
364 352 3 100 1942729 0.000892
212 131 3 100 76653 0.000892
354 73 3 100 294130 0.000892
370 61 3 100 787735 0.000892
359 161 3 100 44863 0.000892
279 214 3 100 33637 0.000893
96 136 3 100 944031 0.000893
326 56 3 100 1691165 0.000893
178 296 3 100 129555 0.000893
164 175 3 100 36387 0.000893
161 389 3 100 1702660 0.000894
386 349 3 100 62577 0.000894
61 305 3 100 94907 0.000895
323 377 3 100 91029 0.000895
259 132 3 100 46649 0.000895
76 148 3 100 67637 0.000896
138 102 3 100 2206895 0.000896
113 343 3 100 70959 0.000896
264 294 3 100 5096 0.000896
107 71 3 100 75254 0.000896
292 83 3 100 2568485 0.000896
156 399 3 100 66936 0.000897
255 330 3 100 14002 0.000898
229 241 3 100 1908550 0.000899
136 346 3 100 22546 0.000900
320 214 3 100 67903 0.000901
218 190 3 100 2140252 0.000902
27 74 3 100 72974 0.000902
251 399 3 100 409569 0.000902
29 166 3 100 2590831 0.000904
85 136 3 100 915422 0.000904
99 145 3 100 603963 0.000907
385 123 3 100 12487 0.000907
342 324 3 100 76523 0.000909
208 305 3 100 202005 0.000909
78 223 3 100 717348 0.000910
182 45 3 100 79202 0.000910
319 27 3 100 1034989 0.000911
188 199 3 100 96934 0.000911
221 174 3 100 2525686 0.000912
45 177 3 100 52494 0.000915
58 265 3 100 65652 0.000915
25 127 3 100 92186 0.000916
163 166 3 100 251663 0.000917
363 401 3 100 525551 0.000917
254 48 3 100 68327 0.000918
288 385 3 100 87362 0.000919
174 401 3 100 2249776 0.000920
279 46 3 100 83990 0.000920
344 381 3 100 81133 0.000920
83 101 3 100 82359 0.000920
211 255 3 100 91621 0.000921
189 251 3 100 482024 0.000922
129 264 3 100 1879614 0.000922
139 175 3 100 1926176 0.000922
295 330 3 100 1877200 0.000923
374 63 3 100 5004 0.000923
164 255 3 100 306 0.000923
45 324 3 100 2056466 0.000924
268 249 3 100 41391 0.000924
349 30 3 100 821149 0.000925
105 80 3 100 470538 0.000926
261 66 3 100 729438 0.000926
386 128 3 100 813967 0.000926
312 365 3 100 418018 0.000927
267 153 3 100 1911681 0.000927
77 108 3 100 943251 0.000928
279 301 3 100 12265 0.000928
266 92 3 100 1711664 0.000928
296 144 3 100 60876 0.000929
232 117 3 100 40375 0.000929
198 53 3 100 9789 0.000929
46 311 3 100 1886296 0.000930
65 328 3 100 1827187 0.000932
274 156 3 100 91856 0.000934
61 176 3 100 1781415 0.000935
262 344 3 100 32438 0.000935
270 322 3 100 29174 0.000936
341 284 3 100 149263 0.000936
68 174 3 100 30536 0.000936
48 83 3 100 83744 0.000936
303 52 3 100 2255 0.000937
365 57 3 100 87227 0.000937
308 136 3 100 86243 0.000938
180 181 3 100 75310 0.000939
330 283 3 100 3839 0.000939
242 394 3 100 100430 0.000939
56 187 3 100 38646 0.000940
26 72 3 100 2038491 0.000941
289 299 3 100 27698 0.000943
185 213 3 100 36581 0.000943
155 314 3 100 2036014 0.000944
344 391 3 100 1601783 0.000944
103 231 3 100 2334574 0.000945
286 58 3 100 60148 0.000946
289 87 3 100 2443388 0.000946
301 217 3 100 2345372 0.000949
178 254 3 100 890478 0.000949
324 68 3 100 2402720 0.000949
104 321 3 100 40535 0.000949
177 81 3 100 82008 0.000951
44 232 3 100 79284 0.000951
82 359 3 100 2163688 0.000952
168 238 3 100 716847 0.000953
39 189 3 100 1920276 0.000955
277 339 3 100 1747059 0.000955
253 180 3 100 2090987 0.000957
219 22 3 100 2229893 0.000957
176 179 3 100 18978 0.000958
250 341 3 100 82341 0.000958
258 116 3 100 54644 0.000960
257 160 3 100 2113511 0.000960
184 289 3 100 1641121 0.000961
151 334 3 100 24917 0.000961
224 256 3 100 40274 0.000961
390 377 3 100 48824 0.000961
379 294 3 100 23043 0.000961
364 315 3 100 1681156 0.000962
302 82 3 100 960182 0.000962
80 393 3 100 2208490 0.000962
32 100 3 100 78944 0.000962
27 254 3 100 231025 0.000962
143 293 3 100 83017 0.000962
22 310 3 100 111416 0.000963
55 85 3 100 2041164 0.000963
388 256 3 100 1044120 0.000966
202 295 3 100 287589 0.000966
187 282 3 100 599929 0.000967
188 197 3 100 1681279 0.000968
143 201 3 100 61560 0.000968
46 114 3 100 2585008 0.000969
92 102 3 100 42365 0.000969
97 262 3 100 2357053 0.000971
195 161 3 100 1587870 0.000971
186 214 3 100 332276 0.000972
216 219 3 100 2092416 0.000973
278 299 3 100 2494225 0.000975
270 42 3 100 38597 0.000976
387 298 3 100 31317 0.000976
110 320 3 100 1961689 0.000976
62 36 3 100 51524 0.000976
331 192 3 100 102827 0.000977
272 87 3 100 1917063 0.000977
164 231 3 100 2539190 0.000978
339 71 3 100 11810 0.000979
297 109 3 100 75009 0.000979
136 220 3 100 1881934 0.000980
399 62 3 100 1600136 0.000980
108 388 3 100 22241 0.000981
231 93 3 100 2124035 0.000981
361 202 3 100 57052 0.000982
50 116 3 100 63678 0.000982
54 401 3 100 87511 0.000982
368 184 3 100 25031 0.000982
369 189 3 100 366044 0.000984
328 361 3 100 77833 0.000985
124 109 3 100 9548 0.000985
80 352 3 100 94507 0.000986
292 115 3 100 680717 0.000986
23 258 3 100 66175 0.000986
402 165 3 100 91097 0.000987
30 105 3 100 88413 0.000988
286 65 3 100 2511723 0.000988
394 217 3 100 2442739 0.000989
124 160 3 100 11730 0.000990
206 255 3 100 60086 0.000992
244 377 3 100 25945 0.000992
287 87 3 100 2461789 0.000993
352 218 3 100 25970 0.000993
204 149 3 100 2344330 0.000994
353 67 3 100 2416901 0.000997
321 336 3 100 13970 0.000997
206 320 3 100 82822 0.000998
91 243 3 100 61654 0.000999
65 279 3 100 2291023 0.000999
257 59 3 100 2421506 0.001000
89 311 3 100 512542 0.001000
103 311 3 100 512908 0.001000
234 311 3 100 512153 0.001000
348 311 3 100 512650 0.001000
48 311 3 100 512178 0.001000
387 311 3 100 512295 0.001000
106 311 3 100 512467 0.001000
104 311 3 100 512457 0.001000
228 311 3 100 512033 0.001000
287 311 3 100 512602 0.001000
208 311 3 100 512382 0.001000
310 311 3 100 512964 0.001000
274 311 3 100 512554 0.001000
215 311 3 100 512192 0.001000
223 311 3 100 512937 0.001000
264 311 3 100 512401 0.001000
176 311 3 100 512545 0.001000
78 311 3 100 512994 0.001000
374 311 3 100 512210 0.001000
49 311 3 100 512134 0.001000
320 311 3 100 512504 0.001000
203 311 3 100 512400 0.001000
353 311 3 100 512291 0.001000
343 311 3 100 512057 0.001000
136 311 3 100 512767 0.001000
333 311 3 100 512562 0.001000
284 311 3 100 512167 0.001000
29 311 3 100 512153 0.001000
207 311 3 100 512706 0.001000
142 311 3 100 512055 0.001000
258 311 3 100 512643 0.001000
262 311 3 100 512194 0.001000
59 311 3 100 512103 0.001000
97 311 3 100 512619 0.001000
181 311 3 100 512259 0.001000
249 311 3 100 512763 0.001000
277 311 3 100 512627 0.001000
194 311 3 100 512300 0.001000
322 311 3 100 512011 0.001000
358 311 3 100 512134 0.001000
169 311 3 100 512665 0.001000
44 311 3 100 512287 0.001000
306 311 3 100 512907 0.001000
272 311 3 100 512619 0.001000
108 311 3 100 512081 0.001000
190 311 3 100 512741 0.001000
81 311 3 100 512417 0.001000
330 311 3 100 512176 0.001000
244 311 3 100 512599 0.001000
394 311 3 100 512695 0.001000
120 144 3 100 80648 0.001000
119 38 3 100 389887 0.001000
218 85 3 100 797890 0.001001
354 75 3 100 2295349 0.001001
398 124 3 100 2124619 0.001002
239 220 3 100 222613 0.001002
299 383 3 100 73384 0.001003
86 292 3 100 45556 0.001004
273 402 3 100 1663 0.001005
209 121 3 100 25436 0.001005
209 394 3 100 2542991 0.001005
60 279 3 100 32674 0.001006
117 72 3 100 716841 0.001007
126 67 3 100 100287 0.001007
47 370 3 100 644523 0.001010
98 121 3 100 2003331 0.001010
393 306 3 100 1616445 0.001011
322 32 3 100 43860 0.001011
123 57 3 100 71759 0.001011
86 302 3 100 103124 0.001012
381 397 3 100 82087 0.001012
236 322 3 100 1570598 0.001015
168 37 3 100 2015138 0.001016
251 229 3 100 2005270 0.001016
89 202 3 100 79094 0.001016
21 348 3 100 68982 0.001016
155 361 3 100 74211 0.001017
179 366 3 100 653372 0.001017
98 217 3 100 993939 0.001018
47 235 3 100 32809 0.001019
140 77 3 100 2526169 0.001019
82 45 3 100 28407 0.001019
220 261 3 100 1793311 0.001020
396 260 3 100 85550 0.001021
275 238 3 100 343934 0.001021
27 148 3 100 10325 0.001023
302 350 3 100 17402 0.001023
385 50 3 100 35625 0.001024
392 197 3 100 35099 0.001025
225 350 3 100 942707 0.001026
279 372 3 100 100262 0.001027
317 180 3 100 1982852 0.001027
397 275 3 100 415945 0.001027
364 95 3 100 269383 0.001027
252 343 3 100 92888 0.001031
84 107 3 100 8461 0.001031
341 359 3 100 101052 0.001032
333 204 3 100 672415 0.001032
64 294 3 100 2132940 0.001033
329 216 3 100 22401 0.001034
319 53 3 100 2241619 0.001034
301 117 3 100 53054 0.001035
120 84 3 100 85793 0.001035
382 324 3 100 44104 0.001035
75 399 3 100 1885257 0.001036
138 58 3 100 1737892 0.001037
351 40 3 100 66000 0.001038
110 251 3 100 49513 0.001040
342 227 3 100 15988 0.001040
376 384 3 100 2476725 0.001041
151 72 3 100 38907 0.001041
212 262 3 100 2400439 0.001041
24 272 3 100 621024 0.001041
259 198 3 100 69335 0.001042
365 255 3 100 314163 0.001044
82 271 3 100 27532 0.001045
399 376 3 100 969303 0.001047
58 387 3 100 3921 0.001047
141 125 3 100 5846 0.001049
282 403 3 100 596373 0.001049
175 100 3 100 228693 0.001052
181 382 3 100 49509 0.001052
383 134 3 100 77470 0.001053
146 401 3 100 54914 0.001054
295 164 3 100 71086 0.001054
382 39 3 100 23091 0.001054
256 38 3 100 12741 0.001055
345 255 3 100 135876 0.001055
386 241 3 100 29078 0.001056
138 305 3 100 1994702 0.001056
21 380 3 100 235823 0.001058
220 23 3 100 1022716 0.001060
343 76 3 100 96622 0.001060
360 228 3 100 662944 0.001060
396 59 3 100 87851 0.001061
296 61 3 100 1631260 0.001061
396 142 3 100 493443 0.001061
282 24 3 100 829301 0.001062
222 27 3 100 59152 0.001063
95 39 3 100 1775226 0.001063
238 400 3 100 98685 0.001066
62 307 3 100 20835 0.001066
277 352 3 100 29857 0.001067
141 40 3 100 2035629 0.001068
118 108 3 100 101714 0.001069
161 32 3 100 7740 0.001070
359 386 3 100 80310 0.001071
310 331 3 100 8153 0.001072
142 22 3 100 46293 0.001073
198 159 3 100 2495448 0.001073
70 58 3 100 96344 0.001073
394 34 3 100 2440 0.001073
128 242 3 100 20483 0.001074
355 346 3 100 84220 0.001074
127 105 3 100 87018 0.001074
132 380 3 100 74869 0.001075
379 105 3 100 1716045 0.001075
261 339 3 100 587774 0.001075
166 224 3 100 12808 0.001076
315 389 3 100 482483 0.001076
131 280 3 100 1012102 0.001077
147 90 3 100 91188 0.001077
247 144 3 100 1802665 0.001077
323 178 3 100 815745 0.001078
123 115 3 100 2096873 0.001078
222 219 3 100 1858753 0.001079
95 243 3 100 306183 0.001080
270 368 3 100 163211 0.001080
255 200 3 100 91150 0.001080
99 197 3 100 78077 0.001081
209 121 3 100 677909 0.001083
330 221 3 100 2297619 0.001084
243 99 3 100 1692794 0.001085
249 306 3 100 615713 0.001086
140 399 3 100 2516651 0.001087
103 217 3 100 85851 0.001087
269 369 3 100 18567 0.001088
289 40 3 100 484211 0.001090
127 389 3 100 81627 0.001090
312 324 3 100 47727 0.001091
344 25 3 100 2187233 0.001091
335 115 3 100 1992672 0.001093
398 167 3 100 88559 0.001094
394 42 3 100 2588649 0.001094
160 373 3 100 462264 0.001095
293 87 3 100 1613294 0.001096
195 228 3 100 19036 0.001096
225 386 3 100 33250 0.001096
348 308 3 100 2120403 0.001097
259 263 3 100 1742840 0.001097
284 155 3 100 102978 0.001097
84 34 3 100 3250 0.001098
158 372 3 100 101122 0.001098
192 65 3 100 1775827 0.001099
174 127 3 100 341315 0.001099
50 370 3 100 10800 0.001099
190 344 3 100 2590731 0.001100
56 68 3 100 62088 0.001100
89 147 3 100 2212341 0.001100
240 359 3 100 2535449 0.001101
299 146 3 100 411223 0.001101
64 281 3 100 24805 0.001101
216 129 3 100 1657444 0.001101
221 64 3 100 670342 0.001103
115 386 3 100 2284865 0.001103
84 304 3 100 2044482 0.001104
68 261 3 100 1655079 0.001104
177 266 3 100 43174 0.001104
289 306 3 100 2014741 0.001105
173 255 3 100 50214 0.001105
303 159 3 100 1583975 0.001107
182 288 3 100 12409 0.001108
185 165 3 100 49951 0.001108
154 99 3 100 82103 0.001110
173 271 3 100 270313 0.001110
331 44 3 100 222450 0.001110
36 32 3 100 1571653 0.001111
23 251 3 100 2500574 0.001111
53 171 3 100 1598563 0.001112
120 191 3 100 1627905 0.001113
164 309 3 100 50246 0.001113
222 96 3 100 64572 0.001113
162 56 3 100 2337989 0.001114
233 78 3 100 103527 0.001116
235 129 3 100 23094 0.001116
196 329 3 100 18432 0.001116
191 224 3 100 58024 0.001116
35 346 3 100 57044 0.001116
22 289 3 100 2003692 0.001118
273 141 3 100 1795740 0.001119
316 348 3 100 2472597 0.001119
151 157 3 100 681805 0.001119
144 356 3 100 9698 0.001120
86 247 3 100 6533 0.001120
135 301 3 100 48404 0.001120
24 66 3 100 1695309 0.001123
119 258 3 100 29979 0.001123
350 224 3 100 311807 0.001123
139 82 3 100 2234729 0.001123
75 288 3 100 2257410 0.001123
293 167 3 100 47135 0.001124
69 80 3 100 33298 0.001124
43 272 3 100 2202341 0.001124
282 333 3 100 96248 0.001125
177 47 3 100 2194482 0.001125
50 103 3 100 267452 0.001126
285 28 3 100 53290 0.001126
34 139 3 100 2066834 0.001127
332 349 3 100 71305 0.001127
380 58 3 100 2581 0.001127
198 240 3 100 2001078 0.001127
224 216 3 100 875339 0.001128
190 327 3 100 101620 0.001128
114 262 3 100 277183 0.001129
61 222 3 100 74642 0.001130
144 346 3 100 71767 0.001130
247 307 3 100 280133 0.001131
365 224 3 100 36070 0.001131
117 362 3 100 2587629 0.001132
264 79 3 100 1817583 0.001134
219 223 3 100 1904910 0.001134
292 305 3 100 1939982 0.001136
333 169 3 100 2546878 0.001136
169 152 3 100 71658 0.001136
294 93 3 100 250745 0.001137
310 98 3 100 3236 0.001137
356 57 3 100 745968 0.001138
355 56 3 100 69704 0.001138
307 70 3 100 2098370 0.001138
331 270 3 100 266207 0.001140
301 58 3 100 2319733 0.001141
48 24 3 100 1700337 0.001141
34 83 3 100 561829 0.001143
321 22 3 100 161209 0.001144
386 395 3 100 73764 0.001145
381 283 3 100 56492 0.001145
178 33 3 100 634 0.001145
36 218 3 100 1768888 0.001145
289 41 3 100 74776 0.001146
328 256 3 100 99444 0.001147
323 188 3 100 33439 0.001147
253 38 3 100 72538 0.001147
106 398 3 100 38516 0.001147
84 204 3 100 602555 0.001147
403 45 3 100 43502 0.001147
150 184 3 100 31697 0.001149
273 35 3 100 2526227 0.001150
150 338 3 100 60068 0.001150
58 287 3 100 2343943 0.001151
112 339 3 100 2411212 0.001152
288 55 3 100 182985 0.001153
351 234 3 100 18453 0.001153
138 254 3 100 1769023 0.001153
128 105 3 100 2178345 0.001153
343 252 3 100 970114 0.001153
63 207 3 100 2485859 0.001154
259 49 3 100 60714 0.001154
139 152 3 100 103554 0.001154
243 144 3 100 1978919 0.001156
62 88 3 100 99955 0.001156
84 127 3 100 71203 0.001156
253 379 3 100 680830 0.001158
359 35 3 100 820652 0.001158
192 45 3 100 1034586 0.001158
124 85 3 100 280396 0.001159
182 81 3 100 836341 0.001159
184 87 3 100 3148 0.001160
301 141 3 100 103267 0.001160
199 123 3 100 99541 0.001160
131 227 3 100 1656819 0.001161
118 213 3 100 2498062 0.001164
170 276 3 100 61780 0.001165
340 56 3 100 713767 0.001166
41 360 3 100 43021 0.001166
240 292 3 100 40486 0.001166
44 77 3 100 43625 0.001166
276 75 3 100 100058 0.001167
400 234 3 100 592013 0.001168
328 199 3 100 17642 0.001169
334 222 3 100 96649 0.001169
78 243 3 100 2472616 0.001170
360 43 3 100 1367 0.001170
194 36 3 100 104610 0.001170
279 99 3 100 31064 0.001170
271 169 3 100 44780 0.001170
136 256 3 100 66323 0.001170
74 381 3 100 54091 0.001171
74 102 3 100 1664440 0.001172
194 216 3 100 12511 0.001172
376 242 3 100 25892 0.001173
246 201 3 100 2595685 0.001174
353 241 3 100 100283 0.001175
160 164 3 100 2582385 0.001175
322 193 3 100 2533300 0.001175
139 101 3 100 991508 0.001175
169 92 3 100 48584 0.001176
129 66 3 100 81203 0.001176
394 83 3 100 1563846 0.001177
327 200 3 100 94353 0.001178
301 210 3 100 58303 0.001180
280 145 3 100 1885296 0.001180
43 224 3 100 917443 0.001180
253 366 3 100 91655 0.001181
105 396 3 100 2035173 0.001182
318 160 3 100 22590 0.001182
170 250 3 100 34049 0.001183
313 394 3 100 2316917 0.001183
371 332 3 100 57483 0.001184
378 200 3 100 367784 0.001184
269 239 3 100 25025 0.001184
292 262 3 100 2202204 0.001185
354 209 3 100 61864 0.001186
270 36 3 100 79050 0.001186
143 336 3 100 2463841 0.001187
402 49 3 100 87803 0.001188
335 191 3 100 40945 0.001189
85 186 3 100 97534 0.001189
398 232 3 100 819866 0.001190
339 300 3 100 2154205 0.001191
350 204 3 100 2226500 0.001191
128 65 3 100 86678 0.001192
276 254 3 100 2076078 0.001192
32 234 3 100 2412252 0.001193
96 188 3 100 1751486 0.001193
392 49 3 100 2462174 0.001194
105 113 3 100 2229503 0.001195
160 40 3 100 2545736 0.001196
95 46 3 100 101282 0.001196
75 394 3 100 34111 0.001196
164 206 3 100 2421372 0.001197
299 97 3 100 66975 0.001197
26 334 3 100 1577463 0.001198
33 23 3 100 31076 0.001198
108 145 3 100 486608 0.001199
342 392 3 100 790400 0.001199
208 119 3 100 2074339 0.001199
40 45 3 100 867808 0.001200
54 64 3 100 61074 0.001201
255 160 3 100 810866 0.001202
266 155 3 100 149090 0.001202
195 173 3 100 965974 0.001202
203 200 3 100 26925 0.001203
357 332 3 100 2295499 0.001204
98 330 3 100 1915751 0.001205
237 85 3 100 1652960 0.001205
200 249 3 100 2024069 0.001205
26 337 3 100 1918953 0.001206
129 217 3 100 106768 0.001206
106 147 3 100 68560 0.001207
105 376 3 100 88903 0.001208
279 102 3 100 195072 0.001208
178 355 3 100 50701 0.001208
300 87 3 100 33931 0.001210
283 130 3 100 541745 0.001210
191 346 3 100 414836 0.001212
70 237 3 100 57759 0.001212
166 236 3 100 2236091 0.001212
200 160 3 100 14228 0.001214
209 314 3 100 53690 0.001214
255 70 3 100 1693728 0.001216
220 171 3 100 424571 0.001216
55 82 3 100 1803888 0.001217
140 64 3 100 22933 0.001217
311 125 3 100 778246 0.001217
301 364 3 100 2128774 0.001219
20 346 3 100 2027343 0.001219
120 130 3 100 1872522 0.001221
363 265 3 100 608771 0.001221
348 379 3 100 85525 0.001221
65 75 3 100 192356 0.001222
151 95 3 100 65775 0.001225
373 300 3 100 90864 0.001225
186 238 3 100 15173 0.001225
176 107 3 100 1678029 0.001226
73 230 3 100 1805496 0.001227
82 57 3 100 76380 0.001227
61 154 3 100 625901 0.001227
268 98 3 100 34364 0.001227
394 280 3 100 64050 0.001227
99 31 3 100 12077 0.001228
110 365 3 100 22539 0.001230
148 167 3 100 482947 0.001230
145 63 3 100 61299 0.001230
151 117 3 100 99608 0.001231
256 209 3 100 670226 0.001232
157 185 3 100 101205 0.001232
213 236 3 100 23813 0.001232
45 40 3 100 2179617 0.001232
393 164 3 100 2548677 0.001232
368 287 3 100 191786 0.001232
253 183 3 100 981627 0.001233
217 182 3 100 19768 0.001234
145 198 3 100 4569 0.001234
152 91 3 100 37203 0.001236
367 113 3 100 13727 0.001238
215 120 3 100 1848942 0.001238
131 92 3 100 1358 0.001240
122 147 3 100 15260 0.001240
165 200 3 100 25373 0.001241
312 198 3 100 2468427 0.001241
330 151 3 100 92134 0.001241
163 116 3 100 64942 0.001241
245 137 3 100 805699 0.001242
268 176 3 100 31952 0.001244
268 290 3 100 70311 0.001246
401 162 3 100 85133 0.001248
212 166 3 100 1586698 0.001248
52 225 3 100 35809 0.001248
291 163 3 100 2509842 0.001248
386 388 3 100 35687 0.001248
126 205 3 100 19704 0.001249
55 349 3 100 6639 0.001250
74 43 3 100 2418013 0.001250
234 149 3 100 72139 0.001252
279 180 3 100 64004 0.001252
361 104 3 100 46342 0.001252
354 309 3 100 2230863 0.001253
268 45 3 100 38115 0.001253
265 134 3 100 44816 0.001253
358 272 3 100 97905 0.001253
230 363 3 100 339052 0.001254
213 222 3 100 33900 0.001254
391 279 3 100 1583258 0.001254
318 165 3 100 70590 0.001255
225 90 3 100 49481 0.001257
193 221 3 100 1839910 0.001258
107 42 3 100 48792 0.001258
55 103 3 100 28544 0.001258
100 181 3 100 63032 0.001259
38 373 3 100 30844 0.001260
218 263 3 100 1866138 0.001262
293 262 3 100 54017 0.001262
104 376 3 100 28724 0.001263
335 247 3 100 1697563 0.001264
65 233 3 100 2236515 0.001264
345 311 3 100 23613 0.001264
106 230 3 100 104720 0.001265
23 120 3 100 81442 0.001265
170 304 3 100 220114 0.001268
342 368 3 100 711943 0.001269
55 63 3 100 2313355 0.001269
77 317 3 100 1654389 0.001269
310 399 3 100 14679 0.001270
35 161 3 100 93188 0.001270
31 143 3 100 79279 0.001271
264 365 3 100 768550 0.001271
136 109 3 100 2587377 0.001271
110 254 3 100 102448 0.001271
336 255 3 100 895635 0.001271
29 380 3 100 483350 0.001272
221 377 3 100 43853 0.001272
125 205 3 100 1647712 0.001272
344 105 3 100 2283312 0.001272
348 120 3 100 41680 0.001274
130 182 3 100 102982 0.001275
342 87 3 100 342710 0.001275
96 247 3 100 150 0.001276
30 38 3 100 1817680 0.001276
208 38 3 100 2580507 0.001276
40 286 3 100 73515 0.001276
341 249 3 100 808501 0.001276
190 398 3 100 68380 0.001277
148 356 3 100 64063 0.001277
163 353 3 100 103007 0.001278
62 299 3 100 1727663 0.001279
380 248 3 100 14918 0.001279
170 93 3 100 37375 0.001279
24 100 3 100 2255631 0.001280
54 249 3 100 29154 0.001281
209 401 3 100 2465410 0.001281
23 78 3 100 22455 0.001281
260 290 3 100 67452 0.001281
354 184 3 100 2447445 0.001281
398 228 3 100 39388 0.001282
99 254 3 100 35901 0.001282
132 238 3 100 2517475 0.001283
392 355 3 100 38786 0.001283
80 75 3 100 64418 0.001283
64 311 3 100 4484 0.001284
36 273 3 100 62025 0.001284
126 301 3 100 782125 0.001285
57 101 3 100 44806 0.001285
137 53 3 100 70191 0.001286
349 69 3 100 51359 0.001286
111 240 3 100 87897 0.001286
30 346 3 100 88504 0.001287
117 63 3 100 26923 0.001287
250 61 3 100 55688 0.001288
142 259 3 100 58385 0.001288
27 198 3 100 11647 0.001289
284 84 3 100 401964 0.001289
47 347 3 100 26292 0.001289
380 372 3 100 3919 0.001290
327 106 3 100 14414 0.001292
77 227 3 100 14852 0.001292
52 399 3 100 2473376 0.001292
118 221 3 100 219670 0.001292
184 142 3 100 2360317 0.001293
376 137 3 100 12501 0.001293
133 387 3 100 5503 0.001293
280 112 3 100 87857 0.001294
201 252 3 100 2290484 0.001294
59 387 3 100 19052 0.001295
254 67 3 100 2485952 0.001296
196 231 3 100 48736 0.001296
375 61 3 100 1872139 0.001296
307 34 3 100 965136 0.001297
34 313 3 100 260065 0.001299
278 139 3 100 2389158 0.001300
311 181 3 100 63935 0.001301
115 41 3 100 2177583 0.001302
48 35 3 100 233356 0.001302
155 188 3 100 729656 0.001302
328 193 3 100 81216 0.001303
359 153 3 100 2075057 0.001305
172 154 3 100 2424119 0.001306
130 63 3 100 1737784 0.001308
117 204 3 100 50394 0.001309
84 393 3 100 52076 0.001310
361 277 3 100 54647 0.001310
184 206 3 100 1937206 0.001310
293 28 3 100 1675602 0.001310
382 266 3 100 975136 0.001310
213 141 3 100 18198 0.001311
377 191 3 100 14855 0.001311
307 317 3 100 36345 0.001314
299 181 3 100 57061 0.001315
230 367 3 100 102117 0.001317
139 123 3 100 394793 0.001317
360 162 3 100 49602 0.001318
322 105 3 100 70695 0.001318
54 251 3 100 556721 0.001318
296 281 3 100 100543 0.001318
21 178 3 100 968528 0.001319
75 332 3 100 7485 0.001320
163 144 3 100 796657 0.001321
226 71 3 100 2302876 0.001321
254 171 3 100 58897 0.001322
33 238 3 100 69089 0.001325
331 304 3 100 470359 0.001326
80 32 3 100 295492 0.001326
319 79 3 100 2450886 0.001327
111 170 3 100 2064100 0.001327
185 80 3 100 56469 0.001328
169 85 3 100 71322 0.001328
399 155 3 100 2049805 0.001328
230 118 3 100 2314822 0.001329
338 200 3 100 91085 0.001329
314 31 3 100 39017 0.001330
145 231 3 100 451680 0.001330
335 354 3 100 719950 0.001331
139 207 3 100 8903 0.001334
318 250 3 100 197895 0.001334
376 104 3 100 99845 0.001335
274 257 3 100 48829 0.001335
30 295 3 100 1763579 0.001336
218 317 3 100 846264 0.001336
321 394 3 100 253781 0.001336
391 190 3 100 242745 0.001337
100 29 3 100 34911 0.001338
139 213 3 100 2264722 0.001339
166 300 3 100 90728 0.001339
393 84 3 100 79522 0.001341
157 204 3 100 55461 0.001342
221 297 3 100 36896 0.001343
128 203 3 100 2509334 0.001344
40 25 3 100 2090575 0.001344
127 393 3 100 52721 0.001346
25 269 3 100 96152 0.001346
47 307 3 100 2265152 0.001348
21 88 3 100 1844204 0.001349
69 169 3 100 65332 0.001350
326 284 3 100 6365 0.001350
34 374 3 100 2336987 0.001351
141 163 3 100 1775198 0.001352
108 216 3 100 34009 0.001353
35 210 3 100 1939916 0.001353
399 391 3 100 33307 0.001353
313 350 3 100 865440 0.001354
171 187 3 100 1820934 0.001355
365 156 3 100 24556 0.001357
357 74 3 100 2185654 0.001357
129 320 3 100 1017120 0.001357
363 127 3 100 1777898 0.001358
320 365 3 100 693585 0.001358
220 40 3 100 32708 0.001359
355 135 3 100 3962 0.001361
344 43 3 100 1574538 0.001361
189 149 3 100 76360 0.001361
271 395 3 100 73769 0.001362
199 343 3 100 2075362 0.001362
218 255 3 100 2320982 0.001363
146 397 3 100 58345 0.001363
251 192 3 100 18484 0.001365
92 199 3 100 73982 0.001365
95 359 3 100 952689 0.001366
139 329 3 100 47140 0.001367
58 388 3 100 352628 0.001367
42 41 3 100 3940 0.001368
258 374 3 100 2497161 0.001368
117 358 3 100 2310505 0.001369
341 271 3 100 45895 0.001369
58 327 3 100 47208 0.001370
378 389 3 100 2005799 0.001372
104 91 3 100 2569703 0.001372
326 66 3 100 69757 0.001373
112 105 3 100 29906 0.001374
170 155 3 100 1920133 0.001375
176 79 3 100 60107 0.001375
380 373 3 100 70711 0.001376
116 367 3 100 595934 0.001376
184 58 3 100 2187486 0.001377
203 194 3 100 40663 0.001377
119 346 3 100 89954 0.001377
145 38 3 100 500742 0.001378
260 356 3 100 628655 0.001379
137 222 3 100 31373 0.001379
387 255 3 100 6702 0.001379
257 182 3 100 2164769 0.001379
96 112 3 100 8002 0.001379
168 180 3 100 1894175 0.001379
298 322 3 100 9078 0.001380
246 108 3 100 11807 0.001380
111 31 3 100 95311 0.001380
144 267 3 100 85068 0.001381
328 361 3 100 85709 0.001381
136 75 3 100 58709 0.001381
241 127 3 100 2017416 0.001383
361 201 3 100 59373 0.001385
269 172 3 100 785026 0.001385
60 149 3 100 1883886 0.001385
127 225 3 100 689496 0.001386
177 134 3 100 84632 0.001386
238 130 3 100 1716 0.001386
316 63 3 100 77581 0.001387
41 81 3 100 50668 0.001387
233 111 3 100 16254 0.001387
133 243 3 100 2490508 0.001388
253 243 3 100 91989 0.001389
105 267 3 100 37272 0.001389
87 208 3 100 338363 0.001389
141 349 3 100 88299 0.001389
74 96 3 100 20431 0.001391
42 129 3 100 260654 0.001392
108 254 3 100 2132967 0.001392
305 314 3 100 1727281 0.001392
253 261 3 100 39699 0.001393
114 389 3 100 1623935 0.001394
355 307 3 100 453370 0.001394
275 312 3 100 776522 0.001394
272 361 3 100 23624 0.001396
119 95 3 100 48748 0.001396
233 295 3 100 2300349 0.001397
267 107 3 100 1611380 0.001397
268 63 3 100 24943 0.001398
293 359 3 100 813179 0.001398
343 99 3 100 2544322 0.001398
84 383 3 100 2540029 0.001399
138 222 3 100 28518 0.001401
47 334 3 100 43865 0.001402
334 253 3 100 71151 0.001404
229 241 3 100 2464588 0.001404
95 251 3 100 1934948 0.001404
327 70 3 100 46886 0.001404
62 132 3 100 2483585 0.001404
197 107 3 100 37205 0.001404
139 91 3 100 2270695 0.001405
57 123 3 100 41752 0.001406
238 369 3 100 17778 0.001406
41 70 3 100 3245 0.001406
47 361 3 100 2486201 0.001406
340 51 3 100 606631 0.001407
258 396 3 100 369081 0.001407
331 260 3 100 1907543 0.001407
57 360 3 100 42034 0.001409
131 349 3 100 40030 0.001409
343 165 3 100 1998531 0.001410
37 162 3 100 27038 0.001410
169 256 3 100 2597021 0.001413
149 168 3 100 42250 0.001413
359 213 3 100 76589 0.001414
380 70 3 100 94621 0.001414
165 262 3 100 23522 0.001415
218 244 3 100 73176 0.001415
130 36 3 100 1840111 0.001415
399 164 3 100 94250 0.001415
44 334 3 100 437648 0.001417
195 207 3 100 2316927 0.001417
87 275 3 100 98753 0.001417
97 287 3 100 94594 0.001418
352 329 3 100 69638 0.001418
272 83 3 100 21451 0.001418
221 300 3 100 30236 0.001419
166 267 3 100 56960 0.001419
109 272 3 100 1060 0.001420
207 290 3 100 849489 0.001420
144 107 3 100 33879 0.001420
321 139 3 100 78302 0.001421
373 120 3 100 13679 0.001421
176 284 3 100 1806640 0.001422
70 156 3 100 59092 0.001422
354 202 3 100 74369 0.001423
381 390 3 100 24065 0.001424
224 252 3 100 68842 0.001424
161 374 3 100 2165140 0.001425
163 389 3 100 40125 0.001425
250 25 3 100 43304 0.001427
127 272 3 100 2287444 0.001428
28 256 3 100 1891326 0.001429
380 233 3 100 94657 0.001430
22 36 3 100 76542 0.001430
299 323 3 100 104788 0.001430
329 265 3 100 102954 0.001430
248 224 3 100 56761 0.001431
340 256 3 100 2003456 0.001432
367 26 3 100 14229 0.001432
202 51 3 100 2088447 0.001432
330 24 3 100 63225 0.001433
398 98 3 100 473229 0.001434
35 95 3 100 2484849 0.001434
308 139 3 100 1916598 0.001434
279 152 3 100 15764 0.001435
224 320 3 100 2365442 0.001435
175 32 3 100 867378 0.001435
92 58 3 100 56938 0.001436
61 353 3 100 81964 0.001436
97 80 3 100 47355 0.001436
247 69 3 100 28889 0.001438
63 248 3 100 10348 0.001438
403 295 3 100 2277037 0.001438
54 250 3 100 389943 0.001438
29 167 3 100 2334246 0.001440
40 282 3 100 2813 0.001440
194 90 3 100 33574 0.001441
115 339 3 100 148270 0.001442
129 101 3 100 2163178 0.001442
265 124 3 100 78373 0.001443
321 98 3 100 59797 0.001443
260 288 3 100 93625 0.001444
162 130 3 100 91282 0.001444
319 347 3 100 1883747 0.001444
267 211 3 100 1039952 0.001444
121 339 3 100 1826429 0.001445
242 355 3 100 77571 0.001445
30 33 3 100 25501 0.001445
256 335 3 100 2434617 0.001445
241 220 3 100 1628238 0.001445
76 288 3 100 70890 0.001447
199 76 3 100 6183 0.001448
139 397 3 100 2161831 0.001448
381 388 3 100 103803 0.001449
313 225 3 100 79382 0.001449
272 102 3 100 67907 0.001449
181 322 3 100 51609 0.001450
339 296 3 100 2194502 0.001451
235 136 3 100 431167 0.001452
344 179 3 100 38244 0.001453
322 308 3 100 1105 0.001453
50 101 3 100 620069 0.001453
382 360 3 100 29134 0.001454
328 188 3 100 2299409 0.001455
90 220 3 100 2495893 0.001456
217 50 3 100 2095556 0.001456
176 362 3 100 40336 0.001456
269 68 3 100 71257 0.001456
47 157 3 100 3381 0.001457
391 114 3 100 2283763 0.001457
284 346 3 100 913387 0.001458
201 156 3 100 9561 0.001458
235 272 3 100 50108 0.001458
101 102 3 100 50950 0.001460
145 76 3 100 36347 0.001460
149 45 3 100 72478 0.001461
60 73 3 100 26859 0.001461
119 152 3 100 93301 0.001462
82 144 3 100 23193 0.001462
88 132 3 100 990181 0.001462
177 108 3 100 70375 0.001462
346 219 3 100 24381 0.001463
90 231 3 100 1798483 0.001463
230 146 3 100 42966 0.001463
357 71 3 100 780333 0.001464
139 249 3 100 214219 0.001464
369 317 3 100 2103217 0.001464
251 398 3 100 208479 0.001465
183 21 3 100 68057 0.001465
240 311 3 100 2050700 0.001467
183 190 3 100 54516 0.001467
252 81 3 100 96808 0.001467
348 22 3 100 24366 0.001468
309 134 3 100 1552969 0.001469
210 392 3 100 21822 0.001470
226 175 3 100 94568 0.001470
215 23 3 100 2090920 0.001471
401 137 3 100 95993 0.001471
206 258 3 100 69318 0.001472
182 247 3 100 54831 0.001473
339 268 3 100 77648 0.001474
288 111 3 100 79582 0.001474
105 84 3 100 2433054 0.001475
74 47 3 100 70725 0.001475
83 271 3 100 509743 0.001475
354 330 3 100 1626865 0.001475
182 106 3 100 2287231 0.001476
388 175 3 100 59348 0.001476
33 65 3 100 6293 0.001476
139 68 3 100 634188 0.001476
126 399 3 100 7239 0.001476
205 300 3 100 17417 0.001476
304 246 3 100 1023358 0.001476
320 251 3 100 2567039 0.001477
265 369 3 100 1924876 0.001478
267 308 3 100 98737 0.001478
79 110 3 100 26119 0.001480
58 373 3 100 80773 0.001480
325 132 3 100 314741 0.001480
322 202 3 100 97975 0.001481
267 352 3 100 83689 0.001482
338 370 3 100 701523 0.001482
217 154 3 100 66732 0.001484
93 299 3 100 1954435 0.001484
288 149 3 100 2090332 0.001484
173 119 3 100 95770 0.001484
293 50 3 100 83277 0.001485
81 367 3 100 2444624 0.001485
255 167 3 100 61757 0.001487
45 231 3 100 15842 0.001487
274 401 3 100 41405 0.001487
221 164 3 100 156628 0.001488
314 182 3 100 73738 0.001488
100 190 3 100 143759 0.001489
392 50 3 100 63838 0.001489
69 30 3 100 9779 0.001490
312 53 3 100 1770139 0.001493
193 319 3 100 794622 0.001494
350 22 3 100 2086593 0.001495
379 20 3 100 54660 0.001496
30 256 3 100 1797615 0.001496
182 381 3 100 14178 0.001497
205 403 3 100 45825 0.001498
293 387 3 100 52025 0.001498
125 62 3 100 32783 0.001498
109 39 3 100 98127 0.001498
129 195 3 100 2146870 0.001499
154 327 3 100 2490735 0.001499
368 178 3 100 86892 0.001499
236 29 3 100 10738 0.001501
152 130 3 100 99395 0.001501
372 181 3 100 2428348 0.001502
283 268 3 100 1751452 0.001502
45 385 3 100 28744 0.001502
336 252 3 100 91968 0.001503
233 137 3 100 25441 0.001503
56 281 3 100 93184 0.001503
397 23 3 100 70251 0.001504
352 248 3 100 808247 0.001505
187 338 3 100 17650 0.001505
149 35 3 100 97130 0.001506
228 352 3 100 8514 0.001506
61 209 3 100 31660 0.001507
68 204 3 100 432270 0.001507
259 109 3 100 552310 0.001508
186 150 3 100 1952441 0.001509
252 227 3 100 2034475 0.001510
106 270 3 100 408361 0.001510
154 326 3 100 611970 0.001511
214 312 3 100 35054 0.001512
162 247 3 100 100608 0.001512
39 38 3 100 286665 0.001513
299 205 3 100 2462063 0.001513
286 174 3 100 375828 0.001514
55 128 3 100 64947 0.001514
216 141 3 100 94150 0.001514
266 56 3 100 24213 0.001514
136 153 3 100 72345 0.001514
187 268 3 100 1560224 0.001514
177 393 3 100 790608 0.001514
116 136 3 100 1644185 0.001515
167 263 3 100 96966 0.001515
336 335 3 100 571408 0.001515
134 35 3 100 53226 0.001516
52 267 3 100 98043 0.001516
67 108 3 100 1869015 0.001519
173 23 3 100 6790 0.001520
22 40 3 100 1971855 0.001520
150 311 3 100 929472 0.001520
339 187 3 100 96729 0.001521
198 124 3 100 46825 0.001522
56 236 3 100 50853 0.001524
55 109 3 100 345024 0.001525
261 263 3 100 44278 0.001526
185 345 3 100 402222 0.001527
42 76 3 100 2479633 0.001527
48 345 3 100 416985 0.001528
50 23 3 100 905587 0.001528
265 126 3 100 2482125 0.001528
92 354 3 100 70392 0.001528
148 231 3 100 881231 0.001530
340 86 3 100 34133 0.001530
242 127 3 100 64104 0.001530
378 203 3 100 2588644 0.001531
68 379 3 100 42654 0.001531
183 353 3 100 622644 0.001532
398 194 3 100 54117 0.001532
91 57 3 100 1855631 0.001532
187 390 3 100 1554994 0.001533
187 356 3 100 90258 0.001534
244 322 3 100 468265 0.001534
347 237 3 100 65239 0.001537
391 363 3 100 949908 0.001537
295 268 3 100 71450 0.001538
360 95 3 100 2219371 0.001539
369 292 3 100 68076 0.001541
20 309 3 100 75290 0.001542
388 82 3 100 44484 0.001542
115 213 3 100 65709 0.001543
114 23 3 100 1987052 0.001544
255 362 3 100 465328 0.001544
262 206 3 100 41620 0.001546
160 126 3 100 23299 0.001546
367 353 3 100 33731 0.001547
377 101 3 100 61014 0.001547
345 135 3 100 72596 0.001548
52 380 3 100 752697 0.001548
373 227 3 100 86382 0.001550
390 336 3 100 2148696 0.001552
309 159 3 100 92932 0.001552
275 167 3 100 1793810 0.001552
196 351 3 100 48742 0.001554
343 275 3 100 22108 0.001555
51 256 3 100 412049 0.001556
389 85 3 100 918864 0.001556
327 321 3 100 15562 0.001557
389 325 3 100 1730618 0.001557
115 217 3 100 85386 0.001557
378 133 3 100 68695 0.001557
111 251 3 100 52396 0.001558
65 185 3 100 25336 0.001559
81 194 3 100 2141310 0.001560
145 194 3 100 9471 0.001560
384 111 3 100 11852 0.001561
358 122 3 100 1626719 0.001562
86 221 3 100 12261 0.001562
151 94 3 100 1705874 0.001563
303 294 3 100 90319 0.001564
375 221 3 100 840625 0.001564
148 326 3 100 990864 0.001564
365 319 3 100 100868 0.001564
255 129 3 100 426858 0.001566
189 235 3 100 119756 0.001566
238 397 3 100 1650508 0.001566
340 302 3 100 31304 0.001567
286 403 3 100 101139 0.001568
314 262 3 100 92252 0.001568
177 372 3 100 792117 0.001568
99 166 3 100 14279 0.001569
193 250 3 100 46201 0.001569
61 353 3 100 98007 0.001569
212 45 3 100 19233 0.001570
387 393 3 100 9253 0.001571
33 112 3 100 1885080 0.001572
239 119 3 100 2301137 0.001573
78 361 3 100 19484 0.001573
29 137 3 100 430389 0.001574
39 247 3 100 54256 0.001574
352 164 3 100 39205 0.001574
230 381 3 100 1831174 0.001574
79 158 3 100 67945 0.001575
326 25 3 100 2411313 0.001575
242 206 3 100 13739 0.001578
182 323 3 100 1808759 0.001578
61 329 3 100 90236 0.001578
57 290 3 100 22500 0.001579
275 169 3 100 42059 0.001579
135 284 3 100 1680048 0.001579
49 226 3 100 2207590 0.001579
131 375 3 100 2575800 0.001581
231 300 3 100 1601559 0.001582
225 291 3 100 16754 0.001583
354 183 3 100 68450 0.001583
213 70 3 100 60279 0.001583
280 242 3 100 566110 0.001585
211 198 3 100 2509499 0.001585
230 375 3 100 98188 0.001586
26 153 3 100 48666 0.001586
193 151 3 100 69688 0.001586
199 336 3 100 105207 0.001590
234 129 3 100 52828 0.001591
360 220 3 100 744298 0.001592
247 342 3 100 1703394 0.001592
317 83 3 100 14452 0.001594
396 312 3 100 101970 0.001594
124 76 3 100 2053504 0.001595
88 301 3 100 12857 0.001596
179 112 3 100 547 0.001599
188 191 3 100 27655 0.001599
356 49 3 100 74455 0.001599
192 269 3 100 2562454 0.001600
103 58 3 100 4154 0.001601
184 349 3 100 55672 0.001601
87 309 3 100 43063 0.001602
74 270 3 100 1578975 0.001602
290 252 3 100 80758 0.001603
60 32 3 100 12362 0.001604
403 308 3 100 599997 0.001606
109 137 3 100 276520 0.001607
31 91 3 100 2171273 0.001607
146 244 3 100 22033 0.001608
334 50 3 100 2284372 0.001609
56 179 3 100 603878 0.001609
398 89 3 100 10192 0.001609
320 304 3 100 41799 0.001609
293 67 3 100 66265 0.001610
43 334 3 100 61357 0.001611
273 137 3 100 2206446 0.001612
194 32 3 100 33172 0.001612
53 324 3 100 1715161 0.001613
303 239 3 100 712038 0.001613
321 366 3 100 37271 0.001613
325 130 3 100 103502 0.001615
154 47 3 100 2171766 0.001616
52 145 3 100 27499 0.001616
94 72 3 100 1606379 0.001617
308 330 3 100 102130 0.001617
317 73 3 100 80691 0.001619
340 69 3 100 55532 0.001621
94 22 3 100 90991 0.001622
184 352 3 100 455668 0.001623
147 66 3 100 21250 0.001623
25 197 3 100 48729 0.001625
143 130 3 100 2104405 0.001626
73 204 3 100 92734 0.001626
60 124 3 100 2107648 0.001626
394 305 3 100 35289 0.001628
306 352 3 100 1754860 0.001630
290 74 3 100 2250014 0.001631
82 317 3 100 54305 0.001631
379 206 3 100 2351910 0.001632
157 351 3 100 1724065 0.001632
21 106 3 100 449433 0.001633
372 123 3 100 99101 0.001633
285 163 3 100 66244 0.001634
293 106 3 100 57945 0.001634
43 364 3 100 103703 0.001634
60 196 3 100 37808 0.001634
133 37 3 100 1727779 0.001634
267 309 3 100 1830422 0.001635
181 162 3 100 82687 0.001636
317 91 3 100 78502 0.001637
261 277 3 100 2082887 0.001637
172 309 3 100 2400565 0.001637
42 204 3 100 861675 0.001637
363 274 3 100 85983 0.001638
399 254 3 100 399156 0.001638
251 164 3 100 87003 0.001638
102 196 3 100 26204 0.001639
316 247 3 100 167392 0.001639
232 258 3 100 2043776 0.001640
53 152 3 100 913560 0.001642
353 352 3 100 1759341 0.001644
183 331 3 100 43767 0.001644
102 322 3 100 6277 0.001644
116 158 3 100 6492 0.001645
79 197 3 100 2133847 0.001648
400 381 3 100 3352 0.001649
42 344 3 100 772192 0.001649
337 184 3 100 667297 0.001651
257 115 3 100 79294 0.001652
303 163 3 100 2476739 0.001653
229 308 3 100 2181383 0.001653
87 356 3 100 65169 0.001655
196 94 3 100 1011675 0.001655
79 178 3 100 89877 0.001655
154 368 3 100 8482 0.001655
107 276 3 100 103069 0.001655
296 194 3 100 91569 0.001655
218 45 3 100 30058 0.001656
38 325 3 100 823140 0.001657
130 285 3 100 873 0.001657
205 402 3 100 2262694 0.001658
205 101 3 100 55419 0.001658
388 272 3 100 21896 0.001658
82 240 3 100 86057 0.001658
284 157 3 100 90414 0.001658
144 357 3 100 99679 0.001659
74 249 3 100 12917 0.001660
233 365 3 100 91407 0.001661
191 155 3 100 62771 0.001662
316 221 3 100 1655141 0.001662
255 376 3 100 66271 0.001663
384 112 3 100 58018 0.001663
227 341 3 100 14514 0.001663
200 324 3 100 67149 0.001665
26 251 3 100 1975003 0.001666
206 81 3 100 852167 0.001666
340 185 3 100 2303053 0.001666
122 377 3 100 62217 0.001666
205 264 3 100 1783197 0.001666
212 102 3 100 46118 0.001667
239 37 3 100 1867442 0.001667
122 310 3 100 75173 0.001667
162 154 3 100 20400 0.001668
208 354 3 100 90272 0.001668
271 160 3 100 8616 0.001670
21 329 3 100 1696862 0.001671
113 341 3 100 431534 0.001672
300 82 3 100 1564055 0.001673
54 403 3 100 2404307 0.001673
162 144 3 100 2420428 0.001673
367 323 3 100 1614189 0.001674
356 70 3 100 95241 0.001675
275 122 3 100 1755649 0.001676
176 238 3 100 64915 0.001676
117 279 3 100 2183361 0.001677
103 293 3 100 53354 0.001677
380 355 3 100 1926509 0.001677
104 179 3 100 1846256 0.001679
388 378 3 100 162311 0.001679
376 135 3 100 2084460 0.001682
384 76 3 100 2458758 0.001682
185 127 3 100 91864 0.001683
217 320 3 100 66645 0.001683
188 86 3 100 1653648 0.001683
195 133 3 100 2293270 0.001684
350 395 3 100 63947 0.001685
144 240 3 100 2371893 0.001685
254 190 3 100 1826312 0.001686
256 128 3 100 1661519 0.001687
203 352 3 100 70228 0.001688
127 267 3 100 91427 0.001688
101 131 3 100 41269 0.001689
233 132 3 100 55556 0.001691
82 232 3 100 94843 0.001694
354 295 3 100 1662074 0.001694
164 403 3 100 2535871 0.001695
129 48 3 100 35256 0.001696
134 365 3 100 85776 0.001696
248 391 3 100 73194 0.001696
40 26 3 100 2019 0.001696
362 296 3 100 76634 0.001697
201 274 3 100 951542 0.001698
326 170 3 100 14002 0.001698
162 200 3 100 83712 0.001698
244 338 3 100 111341 0.001699
112 122 3 100 257038 0.001700
141 259 3 100 826177 0.001700
291 364 3 100 103055 0.001701
51 334 3 100 2568957 0.001701
300 258 3 100 1984534 0.001703
209 198 3 100 7557 0.001703
337 273 3 100 696604 0.001705
262 206 3 100 959575 0.001705
147 190 3 100 2529 0.001705
29 389 3 100 47395 0.001705
211 268 3 100 2389941 0.001706
259 216 3 100 15017 0.001707
343 401 3 100 100028 0.001708
23 22 3 100 278330 0.001709
268 193 3 100 41787 0.001710
355 239 3 100 65635 0.001710
41 309 3 100 33585 0.001711
273 344 3 100 2174673 0.001711
189 397 3 100 1625520 0.001712
189 111 3 100 1558401 0.001713
28 238 3 100 1878135 0.001714
330 290 3 100 1716662 0.001715
76 175 3 100 2221595 0.001715
72 254 3 100 898752 0.001715
36 228 3 100 21424 0.001716
220 365 3 100 59295 0.001716
348 206 3 100 84505 0.001716
58 401 3 100 35384 0.001716
124 43 3 100 460125 0.001716
169 92 3 100 89946 0.001716
370 377 3 100 113819 0.001717
388 213 3 100 389443 0.001718
123 165 3 100 635346 0.001718
375 157 3 100 1839898 0.001719
158 330 3 100 50001 0.001720
254 86 3 100 100042 0.001720
130 147 3 100 37163 0.001720
327 275 3 100 15867 0.001720
402 136 3 100 59689 0.001721
325 292 3 100 2199779 0.001721
241 394 3 100 1796605 0.001722
301 53 3 100 1803680 0.001722
151 21 3 100 1834278 0.001723
174 156 3 100 170847 0.001723
174 188 3 100 35104 0.001724
242 346 3 100 84808 0.001724
126 282 3 100 2531866 0.001725
257 187 3 100 31833 0.001726
328 73 3 100 1898469 0.001726
308 141 3 100 73850 0.001726
317 135 3 100 428446 0.001728
167 357 3 100 505417 0.001728
53 95 3 100 1804957 0.001728
154 178 3 100 25331 0.001729
312 316 3 100 52488 0.001729
49 192 3 100 83986 0.001729
400 215 3 100 95405 0.001729
79 47 3 100 9893 0.001730
197 82 3 100 2012378 0.001731
161 344 3 100 2155962 0.001731
65 179 3 100 45434 0.001731
73 102 3 100 21581 0.001731
104 180 3 100 354854 0.001732
305 308 3 100 59650 0.001732
158 347 3 100 65900 0.001733
356 43 3 100 574187 0.001733
37 129 3 100 21081 0.001733
335 44 3 100 64095 0.001734
104 61 3 100 55038 0.001735
177 361 3 100 56774 0.001736
359 299 3 100 47316 0.001736
63 62 3 100 82056 0.001736
52 184 3 100 19652 0.001737
229 291 3 100 80452 0.001737
209 231 3 100 52543 0.001738
38 69 3 100 1607040 0.001738
294 107 3 100 16021 0.001739
94 128 3 100 434072 0.001740
319 243 3 100 17147 0.001741
60 213 3 100 88308 0.001741
246 328 3 100 17282 0.001741
86 127 3 100 30794 0.001742
46 265 3 100 41423 0.001743
92 75 3 100 94008 0.001743
318 36 3 100 1899558 0.001743
122 26 3 100 59567 0.001745
61 197 3 100 31605 0.001747
46 253 3 100 1930757 0.001748
88 289 3 100 565073 0.001749
128 237 3 100 40090 0.001749
305 384 3 100 95350 0.001749
223 103 3 100 47858 0.001750
288 44 3 100 33991 0.001750
270 58 3 100 1609500 0.001751
95 334 3 100 99842 0.001751
389 354 3 100 2514873 0.001752
206 34 3 100 1721092 0.001752
348 394 3 100 54423 0.001753
97 216 3 100 2043884 0.001753
91 351 3 100 111769 0.001754
271 42 3 100 62049 0.001754
176 99 3 100 8066 0.001755
291 96 3 100 100253 0.001756
253 55 3 100 1644452 0.001756
236 270 3 100 2852 0.001756
254 392 3 100 619 0.001756
163 261 3 100 3333 0.001757
136 92 3 100 1777093 0.001758
195 142 3 100 681744 0.001758
342 60 3 100 68375 0.001759
34 402 3 100 8938 0.001759
149 339 3 100 82581 0.001760
308 369 3 100 2428751 0.001761
50 317 3 100 819741 0.001761
70 95 3 100 71733 0.001761
276 143 3 100 9150 0.001762
37 188 3 100 416753 0.001763
27 357 3 100 1712341 0.001764
202 223 3 100 2008335 0.001764
294 282 3 100 1964340 0.001764
109 348 3 100 72671 0.001765
159 247 3 100 2034595 0.001765
183 340 3 100 2253953 0.001766
141 103 3 100 23912 0.001766
220 108 3 100 65590 0.001767
132 71 3 100 26880 0.001768
197 67 3 100 18754 0.001769
23 368 3 100 10056 0.001770
83 400 3 100 87266 0.001770
271 102 3 100 313007 0.001770
297 267 3 100 32730 0.001770
182 313 3 100 937615 0.001771
402 58 3 100 6950 0.001772
32 236 3 100 99769 0.001773
249 150 3 100 62414 0.001773
142 189 3 100 1646275 0.001773
99 239 3 100 31129 0.001773
62 89 3 100 848704 0.001774
389 253 3 100 50447 0.001774
54 370 3 100 75107 0.001775
264 308 3 100 52562 0.001776
245 356 3 100 97340 0.001778
222 362 3 100 96017 0.001779
44 336 3 100 13161 0.001779
182 138 3 100 74659 0.001779
37 379 3 100 102813 0.001779
248 65 3 100 2455719 0.001780
171 330 3 100 143857 0.001781
184 77 3 100 2541170 0.001781
99 87 3 100 1988383 0.001781
220 297 3 100 102406 0.001781
369 254 3 100 101258 0.001782
133 314 3 100 2200510 0.001782
351 345 3 100 2153797 0.001783
67 402 3 100 110862 0.001784
102 296 3 100 66209 0.001784
237 255 3 100 79644 0.001784
199 389 3 100 2567044 0.001785
87 146 3 100 2379677 0.001785
325 108 3 100 63085 0.001788
133 309 3 100 268045 0.001790
348 295 3 100 75424 0.001790
372 88 3 100 48065 0.001790
181 25 3 100 1711280 0.001790
122 304 3 100 2061436 0.001791
47 78 3 100 1996994 0.001791
194 97 3 100 2118027 0.001793
174 30 3 100 1581729 0.001794
111 293 3 100 1975992 0.001795
191 260 3 100 68420 0.001795
74 168 3 100 84605 0.001796
27 314 3 100 22494 0.001797
131 316 3 100 80323 0.001797
295 392 3 100 75004 0.001797
368 284 3 100 96541 0.001797
282 398 3 100 44410 0.001798
95 173 3 100 43652 0.001798
74 392 3 100 14891 0.001799
151 296 3 100 68655 0.001800
142 206 3 100 97870 0.001800
354 37 3 100 26591 0.001802
117 236 3 100 704331 0.001803
114 200 3 100 5094 0.001804
260 115 3 100 88587 0.001804
48 194 3 100 60077 0.001804
220 271 3 100 26777 0.001806
69 237 3 100 22704 0.001806
261 56 3 100 17334 0.001807
258 123 3 100 82249 0.001807
173 257 3 100 40422 0.001807
367 141 3 100 57106 0.001808
310 293 3 100 1904743 0.001808
263 132 3 100 991231 0.001808
118 250 3 100 407550 0.001809
82 244 3 100 53033 0.001809
333 350 3 100 2364385 0.001810
205 198 3 100 2516721 0.001810
333 354 3 100 81994 0.001812
53 101 3 100 94020 0.001813
43 114 3 100 900865 0.001814
286 142 3 100 40979 0.001814
208 292 3 100 6481 0.001817
295 108 3 100 30963 0.001818
389 77 3 100 50930 0.001818
310 164 3 100 329730 0.001819
213 201 3 100 33788 0.001820
241 101 3 100 1953624 0.001820
265 172 3 100 435107 0.001821
208 298 3 100 613268 0.001823
369 344 3 100 249444 0.001823
79 282 3 100 94082 0.001825
200 163 3 100 75675 0.001825
169 29 3 100 21244 0.001826
262 346 3 100 444160 0.001826
170 344 3 100 365100 0.001827
297 131 3 100 907258 0.001830
401 315 3 100 1551419 0.001830
186 81 3 100 742638 0.001831
57 32 3 100 2150134 0.001831
309 206 3 100 18275 0.001832
188 122 3 100 477466 0.001832
169 295 3 100 14320 0.001832
344 349 3 100 2382031 0.001833
363 300 3 100 20495 0.001833
150 403 3 100 87289 0.001833
90 68 3 100 28626 0.001833
245 356 3 100 6299 0.001835
202 326 3 100 1239 0.001835
25 70 3 100 2052726 0.001836
399 89 3 100 2144686 0.001837
133 57 3 100 51040 0.001837
357 324 3 100 1633383 0.001838
316 57 3 100 24887 0.001838
112 239 3 100 101863 0.001840
51 56 3 100 39224 0.001841
185 70 3 100 48251 0.001841
179 58 3 100 570052 0.001841
219 307 3 100 995697 0.001842
117 328 3 100 98099 0.001842
219 48 3 100 1577307 0.001843
327 351 3 100 831325 0.001844
228 328 3 100 38718 0.001845
184 304 3 100 1028061 0.001846
349 334 3 100 25982 0.001846
353 389 3 100 1792124 0.001847
197 188 3 100 19927 0.001847
381 380 3 100 1729930 0.001848
41 367 3 100 186913 0.001848
363 199 3 100 2300152 0.001849
369 242 3 100 2170877 0.001849
308 339 3 100 64314 0.001850
27 192 3 100 95742 0.001850
318 181 3 100 2174948 0.001851
86 266 3 100 103005 0.001852
176 243 3 100 90622 0.001853
128 365 3 100 587105 0.001854
221 23 3 100 689436 0.001856
342 271 3 100 2597164 0.001857
30 221 3 100 2379062 0.001858
359 49 3 100 26454 0.001858
198 298 3 100 61940 0.001858
271 281 3 100 3074 0.001860
165 290 3 100 2497206 0.001861
371 26 3 100 15484 0.001861
255 95 3 100 70306 0.001861
360 53 3 100 1816997 0.001861
45 235 3 100 1979728 0.001861
87 215 3 100 12193 0.001862
403 137 3 100 13367 0.001862
178 287 3 100 680148 0.001863
30 57 3 100 2324674 0.001863
357 121 3 100 1706678 0.001863
258 129 3 100 2110104 0.001863
230 134 3 100 2569644 0.001863
280 332 3 100 36251 0.001865
36 58 3 100 38107 0.001865
20 252 3 100 1923021 0.001866
83 43 3 100 2336920 0.001867
259 65 3 100 104508 0.001867
163 280 3 100 907101 0.001867
178 371 3 100 21854 0.001867
351 356 3 100 34358 0.001868
179 224 3 100 2504643 0.001868
211 30 3 100 19245 0.001870
158 184 3 100 1769770 0.001870
363 21 3 100 2144472 0.001871
205 98 3 100 2059088 0.001871
66 345 3 100 59941 0.001872
125 66 3 100 59028 0.001872
75 326 3 100 1592472 0.001873
206 230 3 100 307884 0.001873
351 229 3 100 835127 0.001873
157 327 3 100 66330 0.001874
162 264 3 100 1690931 0.001875
291 259 3 100 629665 0.001875
327 64 3 100 60655 0.001876
151 77 3 100 40063 0.001876
356 55 3 100 1869848 0.001876
75 193 3 100 349379 0.001876
231 303 3 100 1924933 0.001877
33 47 3 100 38881 0.001877
72 36 3 100 273975 0.001877
351 81 3 100 2400764 0.001878
122 88 3 100 2522854 0.001879
373 135 3 100 1801063 0.001879
276 314 3 100 33953 0.001880
240 323 3 100 1654017 0.001880
222 393 3 100 1707376 0.001880
161 169 3 100 1692397 0.001881
313 142 3 100 1742896 0.001882
349 196 3 100 58303 0.001884
36 71 3 100 3203 0.001885
60 362 3 100 43450 0.001885
342 236 3 100 4538 0.001887
49 346 3 100 63738 0.001887
57 346 3 100 55101 0.001889
61 80 3 100 36366 0.001890
302 24 3 100 897547 0.001890
390 314 3 100 2579299 0.001890
94 144 3 100 26671 0.001890
270 168 3 100 73161 0.001890
309 275 3 100 444634 0.001891
63 163 3 100 44924 0.001891
200 76 3 100 2260753 0.001891
150 95 3 100 1865502 0.001892
287 257 3 100 2324652 0.001895
297 106 3 100 51406 0.001895
271 146 3 100 2284213 0.001895
112 227 3 100 51295 0.001896
244 185 3 100 66022 0.001896
40 96 3 100 937038 0.001897
189 218 3 100 1905547 0.001897
133 220 3 100 2402960 0.001897
276 330 3 100 74540 0.001898
249 119 3 100 18672 0.001898
175 28 3 100 1750025 0.001900
89 178 3 100 90260 0.001900
278 268 3 100 94819 0.001900
222 299 3 100 30524 0.001901
342 338 3 100 2446825 0.001901
152 399 3 100 71037 0.001901
221 61 3 100 18243 0.001902
218 51 3 100 26445 0.001902
131 342 3 100 30456 0.001903
349 210 3 100 2376502 0.001904
50 43 3 100 59023 0.001905
126 253 3 100 1925244 0.001905
124 35 3 100 81549 0.001906
24 259 3 100 97267 0.001907
31 215 3 100 43913 0.001907
57 386 3 100 781495 0.001908
330 147 3 100 2133767 0.001908
324 372 3 100 13865 0.001908
315 270 3 100 88064 0.001908
23 387 3 100 2399776 0.001909
361 216 3 100 49289 0.001909
235 59 3 100 3129 0.001910
381 206 3 100 18378 0.001910
399 89 3 100 55841 0.001910
170 275 3 100 76118 0.001911
269 131 3 100 88964 0.001912
88 125 3 100 1853477 0.001912
74 258 3 100 36112 0.001913
151 356 3 100 23529 0.001914
168 378 3 100 2151002 0.001915
368 180 3 100 44674 0.001915
165 76 3 100 1766674 0.001915
235 71 3 100 43328 0.001917
97 262 3 100 79315 0.001918
210 290 3 100 94670 0.001919
340 364 3 100 18842 0.001919
401 21 3 100 32610 0.001920
104 204 3 100 605472 0.001920
273 330 3 100 523017 0.001920
51 339 3 100 58961 0.001921
226 286 3 100 29878 0.001922
214 303 3 100 79337 0.001924
91 247 3 100 1670908 0.001924
323 255 3 100 2440384 0.001924
254 403 3 100 172872 0.001925
282 256 3 100 14811 0.001925
357 173 3 100 2315673 0.001926
277 166 3 100 80548 0.001927
346 188 3 100 2225864 0.001927
285 173 3 100 188041 0.001927
62 112 3 100 9200 0.001927
279 364 3 100 185193 0.001928
297 351 3 100 31426 0.001929
205 398 3 100 621948 0.001929
375 153 3 100 1579896 0.001930
118 218 3 100 1851000 0.001931
331 160 3 100 2551233 0.001931
228 355 3 100 9754 0.001933
174 269 3 100 101206 0.001933
183 283 3 100 33973 0.001933
341 222 3 100 36200 0.001934
43 314 3 100 1746942 0.001935
86 355 3 100 46151 0.001935
220 234 3 100 1990842 0.001935
30 352 3 100 17614 0.001937
26 186 3 100 20827 0.001937
76 348 3 100 23503 0.001938
221 48 3 100 1617063 0.001939
180 289 3 100 2368950 0.001939
351 204 3 100 6441 0.001939
162 354 3 100 9873 0.001940
159 64 3 100 93615 0.001940
304 136 3 100 530003 0.001941
91 255 3 100 5663 0.001941
138 356 3 100 24219 0.001941
322 167 3 100 79896 0.001942
63 208 3 100 82750 0.001942
182 159 3 100 2004454 0.001942
375 137 3 100 208064 0.001942
304 140 3 100 1288 0.001943
384 250 3 100 2399538 0.001943
246 351 3 100 14290 0.001944
293 228 3 100 45074 0.001945
109 126 3 100 50719 0.001946
53 69 3 100 71072 0.001946
355 201 3 100 1853938 0.001946
154 308 3 100 51845 0.001947
287 21 3 100 951570 0.001947
121 317 3 100 2135098 0.001947
317 339 3 100 2204249 0.001948
142 364 3 100 2368240 0.001948
166 258 3 100 78140 0.001949
23 245 3 100 292198 0.001950
340 198 3 100 2480597 0.001950
326 241 3 100 2513429 0.001950
151 257 3 100 2584630 0.001950
270 314 3 100 449368 0.001951
161 166 3 100 1669598 0.001951
58 289 3 100 2558910 0.001951
365 250 3 100 2287004 0.001952
38 320 3 100 31588 0.001952
326 101 3 100 15830 0.001953
393 293 3 100 745254 0.001954
308 160 3 100 2543885 0.001955
191 318 3 100 77644 0.001955
130 194 3 100 2357678 0.001955
197 40 3 100 517925 0.001957
233 312 3 100 77964 0.001958
61 380 3 100 2487132 0.001959
299 218 3 100 83903 0.001960
179 93 3 100 28925 0.001960
43 26 3 100 1580022 0.001961
51 156 3 100 59853 0.001962
403 58 3 100 33686 0.001962
192 38 3 100 200613 0.001965
35 92 3 100 2582247 0.001965
379 367 3 100 1648490 0.001965
294 293 3 100 779903 0.001965
125 108 3 100 795533 0.001965
121 231 3 100 91568 0.001966
34 20 3 100 2395205 0.001966
386 76 3 100 2556183 0.001967
395 263 3 100 35117 0.001968
119 359 3 100 102829 0.001968
197 298 3 100 1594472 0.001969
333 53 3 100 17126 0.001969
44 316 3 100 17643 0.001970
35 82 3 100 95701 0.001970
165 164 3 100 2221120 0.001972
197 247 3 100 2352694 0.001972
149 388 3 100 1042586 0.001973
285 363 3 100 22624 0.001974
212 88 3 100 74560 0.001975
234 125 3 100 1701414 0.001975
263 60 3 100 38831 0.001976
22 152 3 100 2405971 0.001977
221 45 3 100 751844 0.001978
389 125 3 100 1999414 0.001979
251 90 3 100 28761 0.001979
378 48 3 100 1022746 0.001980
31 229 3 100 119758 0.001980
198 226 3 100 21846 0.001980
128 47 3 100 20974 0.001981
137 91 3 100 2310 0.001981
176 220 3 100 38909 0.001982
359 120 3 100 2111010 0.001982
51 39 3 100 6734 0.001983
285 398 3 100 52577 0.001984
152 318 3 100 139278 0.001985
375 43 3 100 85949 0.001986
145 94 3 100 2054704 0.001986
326 312 3 100 2453110 0.001986
208 304 3 100 35019 0.001986
138 277 3 100 34718 0.001987
190 242 3 100 396466 0.001987
318 243 3 100 92947 0.001987
36 187 3 100 2059858 0.001987
284 49 3 100 1814403 0.001988
160 152 3 100 61038 0.001990
313 138 3 100 35423 0.001990
186 77 3 100 2447260 0.001991
169 64 3 100 61368 0.001991
173 177 3 100 92654 0.001992
120 152 3 100 103669 0.001993
118 79 3 100 21525 0.001993
301 295 3 100 706579 0.001993
30 358 3 100 531198 0.001993
318 391 3 100 2214901 0.001994
366 356 3 100 86640 0.001995
157 45 3 100 2109508 0.001995
180 152 3 100 94397 0.001995
328 140 3 100 657800 0.001996
33 56 3 100 33945 0.001996
92 268 3 100 1765094 0.001996
138 24 3 100 1558438 0.001996
69 384 3 100 94736 0.001997
206 345 3 100 70389 0.001997
238 345 3 100 43431 0.001997
239 136 3 100 7901 0.001998
122 91 3 100 32260 0.001998
374 84 3 100 590161 0.001998
209 142 3 100 2369541 0.001999
192 248 3 100 584329 0.002000
245 221 3 100 980248 0.002002
214 326 3 100 30552 0.002006
179 394 3 100 53915 0.002007
143 391 3 100 1756823 0.002007
292 128 3 100 711788 0.002007
215 325 3 100 18699 0.002007
327 293 3 100 40185 0.002009
234 193 3 100 98601 0.002010
335 277 3 100 56551 0.002010
333 246 3 100 25767 0.002012
54 194 3 100 88944 0.002013
54 359 3 100 2013600 0.002014
122 375 3 100 613267 0.002015
128 156 3 100 17182 0.002015
334 114 3 100 2398281 0.002015
326 242 3 100 389337 0.002016
156 237 3 100 2201646 0.002016
119 112 3 100 2538844 0.002016
320 116 3 100 537754 0.002017
277 93 3 100 1800697 0.002018
241 114 3 100 53902 0.002019
89 47 3 100 2071408 0.002019
58 310 3 100 86016 0.002020
393 147 3 100 2134008 0.002020
29 312 3 100 1576534 0.002021
335 150 3 100 816681 0.002022
107 281 3 100 71458 0.002022
199 324 3 100 68204 0.002023
379 36 3 100 1658614 0.002025
340 28 3 100 19083 0.002025
365 285 3 100 7576 0.002026
247 392 3 100 24278 0.002026
284 389 3 100 46674 0.002026
288 161 3 100 2537446 0.002027
264 217 3 100 60361 0.002027
126 214 3 100 18206 0.002027
280 133 3 100 2254647 0.002028
74 295 3 100 335028 0.002029
92 156 3 100 21687 0.002029
40 318 3 100 4504 0.002029
280 178 3 100 183413 0.002030
358 249 3 100 22703 0.002032
274 386 3 100 283366 0.002032
223 166 3 100 850555 0.002032
32 351 3 100 2336405 0.002033
90 317 3 100 39172 0.002035
112 258 3 100 2472382 0.002036
242 33 3 100 15103 0.002036
187 81 3 100 1960308 0.002039
400 365 3 100 66553 0.002039
36 371 3 100 1576968 0.002042
27 49 3 100 74319 0.002042
280 264 3 100 1755997 0.002044
260 53 3 100 199850 0.002045
173 270 3 100 44338 0.002045
390 386 3 100 67725 0.002045
341 52 3 100 440570 0.002046
173 329 3 100 935236 0.002046
178 42 3 100 47031 0.002046
86 354 3 100 104409 0.002046
389 47 3 100 72294 0.002047
184 358 3 100 672191 0.002047
228 35 3 100 2699 0.002048
178 48 3 100 93024 0.002049
98 172 3 100 58112 0.002049
135 290 3 100 87570 0.002050
161 257 3 100 2396711 0.002051
399 311 3 100 74892 0.002051
134 236 3 100 580954 0.002053
77 74 3 100 93952 0.002054
99 292 3 100 6897 0.002054
391 274 3 100 918571 0.002054
331 188 3 100 894412 0.002054
312 233 3 100 2419592 0.002055
346 73 3 100 8147 0.002055
301 268 3 100 2082522 0.002056
395 150 3 100 99381 0.002056
261 80 3 100 1552903 0.002056
86 243 3 100 2050670 0.002057
85 200 3 100 89686 0.002057
166 51 3 100 831758 0.002057
192 225 3 100 468318 0.002057
193 198 3 100 640235 0.002058
327 173 3 100 1944043 0.002059
248 158 3 100 29470 0.002059
280 300 3 100 12738 0.002060
201 122 3 100 490011 0.002061
289 123 3 100 63512 0.002062
43 124 3 100 662817 0.002062
71 45 3 100 62477 0.002063
182 336 3 100 2108128 0.002064
365 331 3 100 18529 0.002064
21 50 3 100 45741 0.002064
71 136 3 100 77148 0.002065
23 239 3 100 2227110 0.002065
132 316 3 100 2036839 0.002066
126 265 3 100 1604328 0.002067
29 180 3 100 94846 0.002067
211 316 3 100 11728 0.002068
192 335 3 100 2271536 0.002068
345 52 3 100 1902609 0.002069
247 172 3 100 102857 0.002069
183 42 3 100 13310 0.002070
135 238 3 100 42086 0.002073
270 29 3 100 78460 0.002073
91 170 3 100 22447 0.002073
347 183 3 100 632976 0.002074
127 274 3 100 375260 0.002074
73 255 3 100 49023 0.002074
328 30 3 100 13512 0.002075
58 142 3 100 711212 0.002075
85 71 3 100 814068 0.002076
86 316 3 100 529297 0.002077
194 296 3 100 49148 0.002078
31 202 3 100 839424 0.002082
47 32 3 100 2124056 0.002082
204 133 3 100 1828268 0.002082
400 245 3 100 33197 0.002083
59 171 3 100 1616963 0.002083
157 397 3 100 26816 0.002084
61 216 3 100 30452 0.002085
92 354 3 100 966185 0.002088
308 80 3 100 66767 0.002089
88 200 3 100 1561510 0.002089
177 280 3 100 2213315 0.002089
195 83 3 100 971977 0.002090
119 44 3 100 38435 0.002090
280 191 3 100 24314 0.002090
126 158 3 100 636839 0.002090
330 42 3 100 2044041 0.002090
333 137 3 100 1644659 0.002090
335 282 3 100 433913 0.002092
382 159 3 100 2453 0.002092
132 223 3 100 35458 0.002093
171 385 3 100 45782 0.002094
352 365 3 100 2361774 0.002095
24 80 3 100 2271879 0.002095
324 79 3 100 209275 0.002095
382 262 3 100 2086037 0.002095
65 190 3 100 1024189 0.002096
184 223 3 100 87461 0.002096
167 214 3 100 504284 0.002096
25 367 3 100 2055799 0.002097
83 87 3 100 975 0.002097
105 301 3 100 1933679 0.002098
66 396 3 100 12980 0.002098
281 207 3 100 354007 0.002099
329 221 3 100 777241 0.002099
25 85 3 100 44031 0.002099
141 55 3 100 9 0.002099
21 278 3 100 335500 0.002100
144 31 3 100 1965542 0.002100
373 252 3 100 84143 0.002101
319 271 3 100 202073 0.002101
155 394 3 100 601817 0.002101
309 147 3 100 1956898 0.002102
314 274 3 100 20734 0.002102
59 54 3 100 1654240 0.002103
169 45 3 100 49180 0.002103
391 316 3 100 871633 0.002103
30 119 3 100 1832471 0.002104
192 136 3 100 92923 0.002104
368 287 3 100 438486 0.002105
352 244 3 100 69418 0.002105
170 182 3 100 101987 0.002105
355 398 3 100 6413 0.002106
80 107 3 100 1726520 0.002109
179 131 3 100 1620899 0.002110
120 203 3 100 41809 0.002110
179 358 3 100 77901 0.002111
352 363 3 100 1702581 0.002112
183 240 3 100 1741902 0.002113
96 391 3 100 966705 0.002113
90 373 3 100 18334 0.002114
378 89 3 100 86618 0.002114
187 222 3 100 24583 0.002114
160 354 3 100 33775 0.002115
335 284 3 100 27021 0.002115
228 307 3 100 30448 0.002116
328 41 3 100 1977338 0.002116
343 286 3 100 709970 0.002116
213 22 3 100 100940 0.002117
175 251 3 100 1643099 0.002118
40 280 3 100 84866 0.002118
48 289 3 100 846423 0.002118
261 263 3 100 5904 0.002118
304 172 3 100 24148 0.002118
82 77 3 100 46374 0.002118
315 91 3 100 1931384 0.002119
26 394 3 100 1787485 0.002123
193 189 3 100 617 0.002123
383 372 3 100 2024109 0.002124
319 153 3 100 76757 0.002125
326 236 3 100 2336665 0.002125
190 361 3 100 2478418 0.002125
334 167 3 100 2549010 0.002125
331 30 3 100 1313 0.002126
329 385 3 100 1795595 0.002126
300 163 3 100 879656 0.002127
232 310 3 100 90248 0.002129
88 49 3 100 64599 0.002130
23 168 3 100 59508 0.002131
125 220 3 100 1881698 0.002133
367 95 3 100 50004 0.002133
209 250 3 100 2170528 0.002134
285 101 3 100 57307 0.002135
24 80 3 100 102986 0.002136
317 339 3 100 444645 0.002136
396 369 3 100 19240 0.002136
322 133 3 100 1735096 0.002137
236 132 3 100 1917567 0.002138
226 126 3 100 452715 0.002138
265 120 3 100 47821 0.002139
391 172 3 100 46288 0.002139
84 368 3 100 252024 0.002140
183 312 3 100 2282016 0.002140
35 261 3 100 2130371 0.002140
282 351 3 100 1692538 0.002140
310 317 3 100 75632 0.002141
169 362 3 100 2101028 0.002142
380 236 3 100 82043 0.002143
114 274 3 100 35775 0.002143
299 265 3 100 2426048 0.002143
42 56 3 100 88596 0.002144
279 240 3 100 20276 0.002144
112 357 3 100 40691 0.002145
206 280 3 100 22526 0.002145
221 109 3 100 2081810 0.002145
335 81 3 100 14135 0.002146
339 232 3 100 18349 0.002146
218 81 3 100 67289 0.002147
147 88 3 100 65333 0.002148
400 84 3 100 2356908 0.002149
384 308 3 100 78191 0.002149
141 74 3 100 45635 0.002149
331 57 3 100 2275146 0.002150
133 283 3 100 2443954 0.002150
402 348 3 100 54903 0.002151
147 335 3 100 1009840 0.002151
392 248 3 100 103663 0.002151
305 343 3 100 2452391 0.002151
58 390 3 100 967544 0.002152
45 224 3 100 49951 0.002152
45 66 3 100 2208805 0.002153
217 25 3 100 4468 0.002153
150 68 3 100 1957445 0.002153
29 288 3 100 1979399 0.002154
341 386 3 100 99444 0.002154
43 403 3 100 75239 0.002156
122 65 3 100 821249 0.002157
29 21 3 100 31490 0.002157
108 51 3 100 2510485 0.002157
201 136 3 100 479720 0.002158
28 360 3 100 70461 0.002160
81 363 3 100 1660659 0.002160
269 75 3 100 353554 0.002160
244 36 3 100 93010 0.002160
238 121 3 100 52868 0.002161
101 184 3 100 80130 0.002162
302 376 3 100 59568 0.002162
146 121 3 100 1765568 0.002162
321 364 3 100 2381169 0.002163
193 256 3 100 1888750 0.002163
312 68 3 100 2237209 0.002164
309 21 3 100 1842035 0.002164
338 126 3 100 5223 0.002165
225 104 3 100 2371444 0.002166
334 358 3 100 89096 0.002167
156 255 3 100 79304 0.002171
25 65 3 100 2211537 0.002171
361 370 3 100 27040 0.002171
374 360 3 100 99976 0.002172
227 147 3 100 1579822 0.002172
80 307 3 100 73248 0.002172
110 232 3 100 102569 0.002173
389 219 3 100 96090 0.002175
357 218 3 100 1750030 0.002175
200 46 3 100 1895432 0.002175
324 301 3 100 986649 0.002176
130 56 3 100 1022513 0.002177
353 376 3 100 14876 0.002177
295 377 3 100 2243250 0.002177
285 291 3 100 55070 0.002177
56 93 3 100 74961 0.002179
60 97 3 100 45232 0.002180
401 154 3 100 48664 0.002181
253 319 3 100 562906 0.002181
173 359 3 100 607035 0.002181
275 95 3 100 2295682 0.002181
337 223 3 100 43305 0.002181
303 245 3 100 735298 0.002184
45 396 3 100 34297 0.002185
267 91 3 100 60044 0.002185
104 22 3 100 915683 0.002186
241 64 3 100 1585217 0.002186
137 234 3 100 2388494 0.002187
190 111 3 100 465244 0.002188
46 193 3 100 2382561 0.002189
257 77 3 100 2554456 0.002191
223 287 3 100 59157 0.002191
256 255 3 100 2339079 0.002191
103 112 3 100 4528 0.002191
169 33 3 100 79580 0.002192
386 200 3 100 1975295 0.002193
322 83 3 100 875365 0.002193
119 246 3 100 1691051 0.002194
21 88 3 100 1769067 0.002194
388 364 3 100 2533883 0.002197
292 52 3 100 21176 0.002198
180 128 3 100 18993 0.002198
144 393 3 100 17237 0.002198
282 322 3 100 19897 0.002199
222 403 3 100 102365 0.002199
297 195 3 100 1880624 0.002200
108 341 3 100 79503 0.002202
170 304 3 100 79584 0.002203
358 124 3 100 2333921 0.002203
379 231 3 100 1636982 0.002203
204 362 3 100 2066502 0.002204
287 250 3 100 95017 0.002204
249 94 3 100 620710 0.002206
62 359 3 100 9730 0.002207
112 338 3 100 58771 0.002209
174 283 3 100 49449 0.002210
295 328 3 100 47730 0.002210
41 63 3 100 62013 0.002211
171 99 3 100 15912 0.002211
101 177 3 100 322338 0.002212
58 281 3 100 61812 0.002214
126 274 3 100 725091 0.002214
306 117 3 100 91169 0.002214
89 234 3 100 87148 0.002214
205 117 3 100 74085 0.002215
81 391 3 100 85793 0.002216
38 135 3 100 493150 0.002216
230 93 3 100 290 0.002218
159 300 3 100 2494118 0.002218
195 374 3 100 2569692 0.002219
280 65 3 100 386182 0.002221
387 56 3 100 92350 0.002222
285 116 3 100 672 0.002222
204 74 3 100 1653620 0.002222
60 228 3 100 34539 0.002222
203 351 3 100 1789872 0.002225
50 58 3 100 2414267 0.002225
210 275 3 100 16445 0.002225
382 165 3 100 2260454 0.002226
212 279 3 100 2590672 0.002228
254 202 3 100 6090 0.002231
186 106 3 100 5684 0.002231
109 345 3 100 33592 0.002233
387 295 3 100 103928 0.002233
301 52 3 100 79845 0.002233
117 338 3 100 518291 0.002233
379 232 3 100 543460 0.002234
178 84 3 100 31848 0.002235
339 331 3 100 5358 0.002236
44 106 3 100 90057 0.002238
327 291 3 100 1031157 0.002238
110 73 3 100 2434857 0.002238
96 395 3 100 32229 0.002239
301 280 3 100 652208 0.002239
317 294 3 100 62667 0.002240
70 71 3 100 2506185 0.002241
65 345 3 100 1719961 0.002242
325 379 3 100 2136644 0.002243
161 94 3 100 538868 0.002243
308 64 3 100 2244712 0.002244
154 159 3 100 2163214 0.002244
235 362 3 100 2549849 0.002245
315 151 3 100 16140 0.002245
318 261 3 100 55868 0.002246
227 321 3 100 94750 0.002247
365 197 3 100 2325618 0.002247
310 244 3 100 83265 0.002247
397 175 3 100 1907563 0.002248
145 351 3 100 857569 0.002249
332 238 3 100 505421 0.002250
66 80 3 100 66918 0.002250
144 373 3 100 81142 0.002250
99 268 3 100 80152 0.002250
131 172 3 100 1038023 0.002251
282 261 3 100 709837 0.002252
262 72 3 100 4682 0.002253
227 108 3 100 2103 0.002253
182 45 3 100 75954 0.002255
72 40 3 100 640628 0.002256
87 189 3 100 240214 0.002257
385 100 3 100 95033 0.002257
242 106 3 100 823573 0.002257
230 347 3 100 2529327 0.002257
24 201 3 100 100631 0.002257
139 94 3 100 2365186 0.002258
359 65 3 100 102044 0.002259
152 194 3 100 916226 0.002260
271 129 3 100 22437 0.002261
334 252 3 100 19908 0.002261
69 164 3 100 1862579 0.002262
143 299 3 100 56726 0.002263
338 282 3 100 27647 0.002263
87 86 3 100 3873 0.002267
327 153 3 100 1564218 0.002269
74 148 3 100 49479 0.002270
309 205 3 100 18427 0.002270
101 115 3 100 55513 0.002271
342 225 3 100 999824 0.002271
184 368 3 100 13371 0.002271
274 145 3 100 3962 0.002271
349 358 3 100 65369 0.002272
287 280 3 100 2567051 0.002272
374 166 3 100 55259 0.002272
245 172 3 100 39642 0.002274
38 209 3 100 714786 0.002274
120 63 3 100 65244 0.002274
95 122 3 100 37123 0.002276
360 187 3 100 1938849 0.002276
391 42 3 100 88256 0.002277
33 246 3 100 33076 0.002278
278 192 3 100 2468856 0.002278
81 105 3 100 93355 0.002279
382 96 3 100 1678593 0.002279
183 98 3 100 11569 0.002279
45 381 3 100 1025011 0.002279
53 170 3 100 1770189 0.002279
73 334 3 100 2570935 0.002280
349 161 3 100 88271 0.002280
164 193 3 100 1671434 0.002281
272 64 3 100 103340 0.002283
309 283 3 100 2240146 0.002284
73 259 3 100 54909 0.002284
397 400 3 100 2009979 0.002285
72 157 3 100 83821 0.002287
47 202 3 100 1745029 0.002287
132 355 3 100 80388 0.002288
394 284 3 100 14114 0.002289
399 91 3 100 16045 0.002289
191 358 3 100 33026 0.002290
228 388 3 100 1996647 0.002290
367 168 3 100 18442 0.002290
356 187 3 100 802954 0.002291
112 222 3 100 315919 0.002293
143 166 3 100 50609 0.002293
214 72 3 100 7563 0.002294
299 60 3 100 44338 0.002294
106 323 3 100 2221555 0.002295
132 218 3 100 49759 0.002295
165 151 3 100 84618 0.002295
125 248 3 100 76951 0.002297
94 88 3 100 39012 0.002299
84 176 3 100 2278349 0.002302
255 86 3 100 76019 0.002302
42 76 3 100 100875 0.002302
228 302 3 100 343298 0.002303
156 318 3 100 18793 0.002304
108 55 3 100 48961 0.002304
303 368 3 100 2501788 0.002304
143 147 3 100 2226954 0.002305
279 82 3 100 38700 0.002306
379 221 3 100 1721354 0.002306
216 287 3 100 77627 0.002308
138 238 3 100 557545 0.002309
308 339 3 100 62559 0.002311
297 384 3 100 67855 0.002314
261 367 3 100 28501 0.002314
117 269 3 100 31946 0.002315
347 118 3 100 1708646 0.002316
67 232 3 100 2338445 0.002317
295 95 3 100 1801242 0.002318
81 73 3 100 593846 0.002318
66 166 3 100 2479674 0.002319
274 375 3 100 18493 0.002319
45 253 3 100 2390744 0.002319
155 365 3 100 42475 0.002320
124 265 3 100 2479054 0.002320
220 203 3 100 9671 0.002320
351 204 3 100 554121 0.002321
282 272 3 100 5671 0.002321
222 309 3 100 10711 0.002322
65 374 3 100 816706 0.002323
74 266 3 100 14246 0.002323
301 249 3 100 70275 0.002324
226 103 3 100 65587 0.002324
316 333 3 100 1590270 0.002326
65 41 3 100 15099 0.002326
216 91 3 100 52811 0.002327
151 99 3 100 52604 0.002327
35 28 3 100 1798817 0.002328
338 23 3 100 97200 0.002328
369 144 3 100 18565 0.002329
284 355 3 100 11600 0.002329
170 293 3 100 163993 0.002331
400 381 3 100 66996 0.002331
377 274 3 100 94772 0.002333
153 401 3 100 58580 0.002333
177 78 3 100 101315 0.002335
30 210 3 100 102857 0.002335
142 111 3 100 2082353 0.002335
78 118 3 100 734434 0.002336
188 329 3 100 72516 0.002336
213 47 3 100 50632 0.002336
137 185 3 100 285506 0.002336
371 284 3 100 1872382 0.002337
222 275 3 100 65231 0.002337
44 155 3 100 45681 0.002337
225 139 3 100 23294 0.002337
233 326 3 100 852400 0.002338
398 309 3 100 98552 0.002339
386 399 3 100 2264701 0.002339
280 147 3 100 1252 0.002340
301 403 3 100 97274 0.002342
58 90 3 100 80806 0.002344
388 181 3 100 36058 0.002344
347 95 3 100 533631 0.002346
292 28 3 100 18046 0.002346
226 199 3 100 1980780 0.002347
289 232 3 100 1761546 0.002348
324 118 3 100 1565484 0.002348
56 161 3 100 1648184 0.002350
61 373 3 100 36001 0.002351
395 249 3 100 938751 0.002351
246 60 3 100 1752027 0.002353
193 222 3 100 1852364 0.002353
112 270 3 100 10159 0.002354
72 240 3 100 99295 0.002354
254 348 3 100 2304262 0.002355
391 284 3 100 6472 0.002356
213 298 3 100 53512 0.002356
219 32 3 100 2581406 0.002356
223 105 3 100 2574351 0.002356
41 311 3 100 191400 0.002356
337 249 3 100 379134 0.002357
128 58 3 100 12917 0.002358
171 255 3 100 61028 0.002358
371 136 3 100 1686215 0.002359
207 241 3 100 61900 0.002359
304 85 3 100 78962 0.002360
391 339 3 100 15140 0.002360
225 391 3 100 2779 0.002361
148 379 3 100 179610 0.002361
196 28 3 100 59961 0.002362
49 25 3 100 2065700 0.002363
241 278 3 100 1854807 0.002364
145 394 3 100 13666 0.002365
245 398 3 100 86392 0.002365
370 27 3 100 1926226 0.002366
220 107 3 100 68578 0.002366
46 236 3 100 2580593 0.002370
86 342 3 100 83116 0.002370
145 155 3 100 2459718 0.002370
213 102 3 100 2318878 0.002373
280 134 3 100 1856408 0.002374
292 78 3 100 989723 0.002374
30 369 3 100 102404 0.002375
119 220 3 100 2538538 0.002375
380 327 3 100 795842 0.002375
122 354 3 100 55323 0.002375
114 209 3 100 2124315 0.002377
25 239 3 100 55807 0.002377
272 119 3 100 1676522 0.002377
223 186 3 100 1967963 0.002377
57 186 3 100 78692 0.002378
247 146 3 100 51655 0.002378
22 136 3 100 848035 0.002379
329 153 3 100 2353572 0.002380
311 172 3 100 2495940 0.002380
402 383 3 100 1323 0.002385
272 357 3 100 144736 0.002386
393 164 3 100 59628 0.002387
340 33 3 100 241089 0.002389
225 275 3 100 747609 0.002391
347 217 3 100 6546 0.002391
29 317 3 100 22081 0.002392
274 279 3 100 84095 0.002392
239 322 3 100 8755 0.002392
184 57 3 100 1615215 0.002393
69 194 3 100 1775721 0.002393
276 36 3 100 74659 0.002394
172 285 3 100 1571644 0.002394
39 144 3 100 86453 0.002394
54 200 3 100 1648651 0.002394
32 36 3 100 45543 0.002395
33 167 3 100 23276 0.002395
164 185 3 100 41093 0.002396
252 340 3 100 41614 0.002397
231 240 3 100 457428 0.002399
145 397 3 100 2593248 0.002399
254 371 3 100 68577 0.002400
123 162 3 100 68665 0.002400
241 59 3 100 918544 0.002401
345 79 3 100 32779 0.002401
139 191 3 100 30634 0.002402
61 215 3 100 276323 0.002403
126 226 3 100 6159 0.002405
39 157 3 100 15005 0.002406
83 291 3 100 223790 0.002407
190 186 3 100 860818 0.002407
100 349 3 100 101600 0.002408
88 402 3 100 2077910 0.002409
127 228 3 100 96891 0.002410
267 65 3 100 102575 0.002410
342 81 3 100 534714 0.002411
211 232 3 100 1863987 0.002411
52 384 3 100 71700 0.002413
183 279 3 100 91932 0.002413
348 315 3 100 1044443 0.002414
318 285 3 100 98753 0.002415
335 99 3 100 428940 0.002415
163 181 3 100 325306 0.002415
363 202 3 100 58261 0.002416
74 40 3 100 319480 0.002416
286 38 3 100 54156 0.002417
53 75 3 100 728635 0.002418
365 31 3 100 1699341 0.002418
388 121 3 100 81324 0.002419
165 74 3 100 2439905 0.002420
138 65 3 100 100515 0.002421
33 154 3 100 2251351 0.002421
288 254 3 100 2009788 0.002423
84 87 3 100 883594 0.002424
156 87 3 100 44004 0.002424
363 294 3 100 828828 0.002428
193 194 3 100 54599 0.002431
129 341 3 100 49885 0.002432
68 366 3 100 151683 0.002432
75 293 3 100 2597002 0.002434
150 95 3 100 80097 0.002434
329 264 3 100 1728081 0.002434
398 253 3 100 34087 0.002435
109 179 3 100 56372 0.002435
235 151 3 100 76204 0.002436
126 174 3 100 451488 0.002436
305 117 3 100 2405353 0.002436
104 143 3 100 1946375 0.002437
39 147 3 100 66234 0.002437
265 266 3 100 589009 0.002437
156 180 3 100 1724486 0.002438
101 132 3 100 1574003 0.002439
94 365 3 100 922546 0.002439
95 143 3 100 102823 0.002439
148 122 3 100 1828566 0.002439
309 131 3 100 1970 0.002443
90 216 3 100 488420 0.002443
134 271 3 100 86885 0.002443
387 118 3 100 729637 0.002444
39 248 3 100 79879 0.002444
286 238 3 100 2458478 0.002444
126 165 3 100 524312 0.002445
77 222 3 100 39244 0.002445
207 205 3 100 26129 0.002445
285 178 3 100 2563399 0.002445
179 329 3 100 2293061 0.002445
64 132 3 100 2508511 0.002445
227 226 3 100 6770 0.002446
366 123 3 100 22547 0.002446
342 214 3 100 45125 0.002447
168 226 3 100 49242 0.002447
125 203 3 100 59827 0.002447
399 88 3 100 2042153 0.002448
35 195 3 100 35659 0.002448
241 385 3 100 53431 0.002448
30 258 3 100 2580839 0.002449
317 342 3 100 35870 0.002450
237 263 3 100 476299 0.002450
283 159 3 100 1643883 0.002450
138 376 3 100 5523 0.002451
346 116 3 100 1625061 0.002452
232 351 3 100 79084 0.002453
81 25 3 100 101164 0.002453
324 137 3 100 77737 0.002454
96 203 3 100 2372182 0.002456
186 228 3 100 370999 0.002456
338 156 3 100 326400 0.002458
145 93 3 100 178527 0.002458
336 28 3 100 5502 0.002459
149 368 3 100 1896393 0.002459
336 57 3 100 1047686 0.002460
242 357 3 100 72234 0.002460
106 121 3 100 820178 0.002461
141 28 3 100 17674 0.002462
26 350 3 100 60467 0.002463
211 311 3 100 104731 0.002463
360 134 3 100 2103968 0.002464
224 323 3 100 2473482 0.002465
281 311 3 100 1769350 0.002465
177 330 3 100 2526514 0.002465
73 300 3 100 60836 0.002467
172 66 3 100 2595933 0.002468
392 253 3 100 23072 0.002469
400 202 3 100 104105 0.002469
261 338 3 100 103892 0.002470
369 287 3 100 83857 0.002471
265 358 3 100 44685 0.002471
43 368 3 100 52161 0.002472
297 75 3 100 24089 0.002473
338 401 3 100 818389 0.002474
59 22 3 100 38891 0.002474
238 245 3 100 2433150 0.002474
391 160 3 100 44498 0.002475
161 348 3 100 64444 0.002475
376 22 3 100 54550 0.002477
355 192 3 100 77743 0.002477
290 150 3 100 91245 0.002478
168 100 3 100 583005 0.002478
386 403 3 100 99320 0.002478
207 136 3 100 1658992 0.002480
313 345 3 100 73649 0.002480
198 305 3 100 1893294 0.002480
260 152 3 100 132017 0.002481
47 383 3 100 788193 0.002481
166 287 3 100 35626 0.002481
352 35 3 100 603162 0.002481
39 211 3 100 1684412 0.002482
149 319 3 100 2579666 0.002482
388 397 3 100 49225 0.002483
366 31 3 100 274246 0.002483
368 140 3 100 86832 0.002485
153 349 3 100 45578 0.002485
138 237 3 100 111603 0.002486
314 403 3 100 58327 0.002486
379 281 3 100 1945029 0.002487
371 152 3 100 2984 0.002488
98 60 3 100 29153 0.002489
335 260 3 100 8652 0.002489
158 354 3 100 27656 0.002489
392 246 3 100 531882 0.002491
238 197 3 100 1626454 0.002492
366 76 3 100 1863456 0.002493
252 68 3 100 88907 0.002493
70 223 3 100 1045331 0.002494
195 186 3 100 88006 0.002495
260 108 3 100 79720 0.002496
158 321 3 100 26803 0.002496
65 280 3 100 1664221 0.002497
392 147 3 100 89312 0.002497
208 214 3 100 2268084 0.002499
121 282 3 100 71005 0.002500
283 289 3 100 42452 0.002501
31 300 3 100 1636420 0.002501
259 389 3 100 59098 0.002501
27 186 3 100 2305207 0.002502
68 380 3 100 32181 0.002503
255 125 3 100 26332 0.002505
319 219 3 100 96030 0.002506
208 97 3 100 87780 0.002506
352 277 3 100 982339 0.002507
403 315 3 100 104502 0.002508
196 29 3 100 1941566 0.002508
347 85 3 100 52533 0.002508
352 198 3 100 2016950 0.002508
134 228 3 100 42036 0.002510
51 268 3 100 75755 0.002510
247 187 3 100 2216099 0.002512
242 103 3 100 2265994 0.002512
103 312 3 100 2577992 0.002512
64 67 3 100 42705 0.002513
170 42 3 100 2108458 0.002514
267 24 3 100 33189 0.002515
39 81 3 100 83888 0.002515
80 316 3 100 2458345 0.002515
397 101 3 100 27383 0.002518
120 203 3 100 2552792 0.002518
119 159 3 100 2163365 0.002518
202 86 3 100 2165330 0.002518
127 195 3 100 2405365 0.002519
345 98 3 100 36125 0.002520
86 283 3 100 78542 0.002521
71 346 3 100 931210 0.002522
57 312 3 100 234572 0.002522
254 381 3 100 7808 0.002523
348 286 3 100 1736758 0.002523
327 54 3 100 41612 0.002523
357 311 3 100 42465 0.002524
120 191 3 100 76100 0.002524
205 218 3 100 92300 0.002526
237 220 3 100 673905 0.002526
224 385 3 100 22197 0.002527
363 20 3 100 97682 0.002528
398 320 3 100 145051 0.002528
42 385 3 100 1830326 0.002528
287 302 3 100 65366 0.002529
91 389 3 100 12975 0.002529
260 111 3 100 1773305 0.002529
290 318 3 100 701934 0.002530
167 286 3 100 33893 0.002531
261 59 3 100 836039 0.002532
312 253 3 100 65288 0.002532
160 127 3 100 14018 0.002532
103 307 3 100 94835 0.002532
50 195 3 100 5208 0.002533
207 270 3 100 2963 0.002533
230 63 3 100 69044 0.002534
253 259 3 100 80478 0.002535
260 201 3 100 22812 0.002535
400 137 3 100 72488 0.002535
72 264 3 100 15055 0.002537
166 334 3 100 877046 0.002538
62 194 3 100 54442 0.002538
60 266 3 100 17009 0.002539
113 298 3 100 438219 0.002540
39 277 3 100 103236 0.002542
54 216 3 100 81035 0.002543
109 196 3 100 5949 0.002544
294 83 3 100 2033386 0.002544
66 266 3 100 86141 0.002545
389 95 3 100 2330210 0.002545
98 34 3 100 67875 0.002545
42 86 3 100 5284 0.002546
140 267 3 100 69416 0.002546
325 372 3 100 103390 0.002547
322 180 3 100 665342 0.002548
303 93 3 100 26754 0.002548
240 86 3 100 56850 0.002548
172 262 3 100 8206 0.002549
90 221 3 100 41836 0.002549
396 95 3 100 92606 0.002550
392 156 3 100 1571554 0.002551
141 244 3 100 71163 0.002552
302 82 3 100 1818018 0.002553
364 252 3 100 101707 0.002554
304 70 3 100 1012405 0.002555
22 42 3 100 32340 0.002555
394 355 3 100 61336 0.002555
274 366 3 100 9114 0.002557
403 224 3 100 6673 0.002560
306 275 3 100 2108654 0.002561
321 199 3 100 98730 0.002561
24 162 3 100 54629 0.002562
305 76 3 100 24938 0.002562
143 44 3 100 70262 0.002564
269 125 3 100 58181 0.002564
271 171 3 100 81043 0.002565
177 284 3 100 64029 0.002565
33 365 3 100 52746 0.002565
179 38 3 100 104516 0.002566
277 93 3 100 61670 0.002566
245 367 3 100 843897 0.002567
54 79 3 100 73903 0.002567
71 305 3 100 508737 0.002568
35 159 3 100 48838 0.002569
49 246 3 100 69427 0.002569
304 242 3 100 2521575 0.002570
88 355 3 100 62894 0.002571
154 323 3 100 2109848 0.002571
97 223 3 100 522413 0.002572
145 194 3 100 90469 0.002572
201 123 3 100 11068 0.002573
143 389 3 100 1673641 0.002573
96 167 3 100 58685 0.002573
206 82 3 100 268517 0.002575
151 23 3 100 2574132 0.002575
353 218 3 100 518108 0.002576
92 30 3 100 28292 0.002576
162 133 3 100 22827 0.002578
137 363 3 100 2523845 0.002578
374 141 3 100 48326 0.002580
257 50 3 100 1908216 0.002581
60 334 3 100 37873 0.002581
50 163 3 100 1659042 0.002581
184 149 3 100 598425 0.002581
143 285 3 100 681883 0.002582
206 153 3 100 87512 0.002582
263 91 3 100 259378 0.002583
111 189 3 100 20801 0.002583
227 183 3 100 87533 0.002583
233 376 3 100 641358 0.002583
381 278 3 100 37989 0.002584
325 347 3 100 86104 0.002584
178 54 3 100 33691 0.002584
28 378 3 100 2223651 0.002584
374 279 3 100 97323 0.002585
290 128 3 100 161895 0.002586
293 56 3 100 594 0.002586
75 151 3 100 164594 0.002587
366 207 3 100 2385180 0.002587
101 57 3 100 16368 0.002588
176 401 3 100 3116 0.002589
347 384 3 100 595850 0.002591
93 172 3 100 91154 0.002593
232 65 3 100 104465 0.002594
237 322 3 100 18622 0.002594
34 198 3 100 2052989 0.002595
232 123 3 100 350 0.002595
365 170 3 100 1768443 0.002596
234 179 3 100 2366886 0.002597
211 181 3 100 1812069 0.002597
265 326 3 100 183008 0.002598
25 53 3 100 841669 0.002599
37 38 3 100 62596 0.002599
189 113 3 100 1572918 0.002600
133 58 3 100 19797 0.002602
224 120 3 100 23732 0.002602
136 281 3 100 47062 0.002602
117 198 3 100 2377335 0.002603
71 159 3 100 1763271 0.002603
209 130 3 100 2225134 0.002605
397 269 3 100 2498972 0.002605
366 217 3 100 69253 0.002606
96 255 3 100 325070 0.002606
44 243 3 100 2152581 0.002606
48 218 3 100 62225 0.002606
293 312 3 100 708992 0.002606
277 209 3 100 250796 0.002607
258 272 3 100 503897 0.002609
145 370 3 100 2266229 0.002610
90 341 3 100 991444 0.002610
256 154 3 100 44591 0.002612
202 112 3 100 1780477 0.002613
94 395 3 100 45578 0.002613
283 225 3 100 98622 0.002614
243 297 3 100 28519 0.002615
218 350 3 100 54140 0.002616
112 118 3 100 55356 0.002616
389 98 3 100 39990 0.002617
42 212 3 100 469471 0.002618
383 387 3 100 71814 0.002618
54 289 3 100 14369 0.002619
228 210 3 100 1797278 0.002621
87 156 3 100 1820358 0.002621
45 399 3 100 29493 0.002621
204 313 3 100 2283686 0.002621
244 114 3 100 2133212 0.002622
276 31 3 100 1978759 0.002622
393 58 3 100 54339 0.002622
111 140 3 100 61283 0.002624
267 324 3 100 659395 0.002625
359 226 3 100 69319 0.002625
124 99 3 100 2530195 0.002626
178 88 3 100 95462 0.002628
153 227 3 100 60033 0.002628
120 166 3 100 2469142 0.002628
25 277 3 100 1566654 0.002630
262 60 3 100 12097 0.002630
278 336 3 100 76601 0.002630
99 176 3 100 80089 0.002631
79 362 3 100 574074 0.002633
154 270 3 100 104448 0.002633
345 20 3 100 2577 0.002634
165 233 3 100 2518563 0.002634
96 76 3 100 57322 0.002634
349 67 3 100 696865 0.002634
35 67 3 100 2003453 0.002634
90 77 3 100 14185 0.002634
351 239 3 100 43420 0.002635
310 28 3 100 35096 0.002636
320 66 3 100 1888761 0.002636
30 39 3 100 9777 0.002636
143 356 3 100 2742 0.002637
43 87 3 100 31035 0.002637
214 46 3 100 58539 0.002638
99 204 3 100 2323456 0.002638
197 212 3 100 44602 0.002642
166 259 3 100 103473 0.002643
143 353 3 100 88372 0.002644
270 71 3 100 2580612 0.002645
84 37 3 100 2142409 0.002647
316 242 3 100 20286 0.002648
343 367 3 100 2013214 0.002649
101 265 3 100 71146 0.002649
329 381 3 100 1750882 0.002650
192 401 3 100 1670236 0.002650
378 42 3 100 310596 0.002655
301 124 3 100 1877558 0.002655
130 81 3 100 1871509 0.002655
79 74 3 100 93756 0.002655
402 48 3 100 1668767 0.002658
77 349 3 100 2542614 0.002659
240 361 3 100 963947 0.002659
270 170 3 100 1903953 0.002660
327 85 3 100 2127501 0.002661
222 296 3 100 123096 0.002663
110 329 3 100 1589999 0.002663
366 194 3 100 2588167 0.002664
59 354 3 100 18752 0.002664
228 46 3 100 17861 0.002664
195 230 3 100 65907 0.002665
115 114 3 100 24661 0.002665
127 269 3 100 52977 0.002665
382 375 3 100 885634 0.002665
166 35 3 100 975345 0.002666
135 358 3 100 60519 0.002667
31 103 3 100 1747966 0.002668
134 123 3 100 48087 0.002668
300 243 3 100 90109 0.002669
110 192 3 100 813962 0.002669
347 165 3 100 29508 0.002672
21 124 3 100 89261 0.002672
129 167 3 100 51711 0.002673
302 26 3 100 29516 0.002673
153 335 3 100 43734 0.002673
110 41 3 100 35896 0.002673
89 135 3 100 1734670 0.002674
227 229 3 100 102965 0.002674
105 140 3 100 248472 0.002676
388 90 3 100 36735 0.002678
55 118 3 100 34584 0.002679
133 56 3 100 10746 0.002679
155 123 3 100 13031 0.002679
288 219 3 100 92385 0.002680
158 111 3 100 85360 0.002681
352 348 3 100 824868 0.002681
323 360 3 100 53934 0.002682
242 205 3 100 786370 0.002682
165 69 3 100 7827 0.002683
361 354 3 100 990768 0.002684
27 255 3 100 213409 0.002685
352 173 3 100 1887761 0.002685
31 257 3 100 260573 0.002687
285 95 3 100 1682622 0.002687
369 320 3 100 43504 0.002688
54 287 3 100 1739531 0.002688
270 288 3 100 2170459 0.002689
377 256 3 100 2361512 0.002689
178 137 3 100 26021 0.002691
154 243 3 100 41946 0.002691
323 52 3 100 2011194 0.002693
162 263 3 100 26603 0.002694
314 37 3 100 21263 0.002695
197 254 3 100 100400 0.002695
173 170 3 100 96264 0.002696
69 257 3 100 2000890 0.002696
324 210 3 100 1741282 0.002696
68 94 3 100 37026 0.002696
68 364 3 100 2174459 0.002696
348 275 3 100 445641 0.002697
386 91 3 100 1575264 0.002697
211 77 3 100 52109 0.002697
138 181 3 100 2188347 0.002697
40 313 3 100 2476202 0.002698
387 143 3 100 616476 0.002698
167 348 3 100 27666 0.002699
302 317 3 100 39612 0.002700
74 197 3 100 2156931 0.002701
310 115 3 100 94148 0.002701
337 315 3 100 690648 0.002702
399 390 3 100 85875 0.002706
47 35 3 100 98790 0.002706
344 268 3 100 58061 0.002706
299 173 3 100 2478861 0.002706
384 94 3 100 2409605 0.002707
37 80 3 100 37359 0.002709
270 198 3 100 17801 0.002710
327 21 3 100 2183889 0.002710
185 130 3 100 709593 0.002713
346 182 3 100 64723 0.002714
139 384 3 100 11844 0.002715
356 337 3 100 1787985 0.002717
114 350 3 100 40579 0.002717
315 378 3 100 6417 0.002718
248 158 3 100 2465330 0.002719
181 68 3 100 489290 0.002719
64 106 3 100 782381 0.002720
300 88 3 100 14736 0.002720
377 227 3 100 2562105 0.002721
309 264 3 100 1805646 0.002721
358 289 3 100 47772 0.002722
379 212 3 100 2050666 0.002722
58 234 3 100 61252 0.002722
176 282 3 100 1712770 0.002724
366 128 3 100 2197590 0.002724
42 56 3 100 8002 0.002724
133 81 3 100 61720 0.002724
265 190 3 100 32827 0.002725
272 278 3 100 193726 0.002725
122 44 3 100 462364 0.002727
102 376 3 100 540866 0.002728
234 163 3 100 2052102 0.002728
185 350 3 100 8997 0.002729
100 28 3 100 103520 0.002730
336 373 3 100 1898313 0.002731
177 394 3 100 2305450 0.002732
155 379 3 100 4324 0.002732
47 90 3 100 2115006 0.002733
321 320 3 100 137081 0.002736
110 28 3 100 1686730 0.002736
65 30 3 100 101724 0.002736
276 42 3 100 154495 0.002738
361 81 3 100 15635 0.002739
87 359 3 100 2412426 0.002739
76 400 3 100 51121 0.002739
334 359 3 100 790896 0.002740
319 272 3 100 26558 0.002740
61 310 3 100 490821 0.002740
26 72 3 100 2489657 0.002740
89 52 3 100 60012 0.002741
58 40 3 100 36732 0.002741
74 393 3 100 1692411 0.002742
345 395 3 100 1614656 0.002743
196 74 3 100 63631 0.002743
66 403 3 100 81261 0.002743
147 393 3 100 43219 0.002743
275 121 3 100 1659 0.002744
331 339 3 100 435645 0.002745
348 66 3 100 15988 0.002747
369 348 3 100 19587 0.002747
128 38 3 100 1759282 0.002748
102 22 3 100 1803323 0.002748
68 320 3 100 78491 0.002748
72 106 3 100 1792936 0.002748
131 326 3 100 29024 0.002748
142 181 3 100 80187 0.002750
44 111 3 100 87595 0.002751
240 264 3 100 6302 0.002751
349 376 3 100 2593527 0.002751
300 206 3 100 60007 0.002751
160 189 3 100 48857 0.002751
70 201 3 100 9246 0.002752
379 332 3 100 734 0.002754
33 90 3 100 2511884 0.002754
242 312 3 100 13358 0.002754
67 97 3 100 28360 0.002755
257 351 3 100 86902 0.002755
248 140 3 100 2102667 0.002756
47 201 3 100 57212 0.002757
59 122 3 100 15423 0.002757
118 177 3 100 2092873 0.002757
219 240 3 100 2423 0.002758
303 341 3 100 80571 0.002758
280 350 3 100 1864431 0.002759
131 394 3 100 75130 0.002759
349 211 3 100 92359 0.002762
181 113 3 100 84389 0.002763
352 311 3 100 806592 0.002763
274 136 3 100 32070 0.002764
35 217 3 100 11901 0.002764
273 109 3 100 67259 0.002764
181 112 3 100 210259 0.002768
176 84 3 100 1875216 0.002768
312 172 3 100 47410 0.002770
24 308 3 100 9059 0.002771
402 120 3 100 22904 0.002771
217 63 3 100 2321572 0.002773
142 165 3 100 97401 0.002773
271 256 3 100 59203 0.002775
137 395 3 100 69571 0.002775
387 337 3 100 1040863 0.002776
165 248 3 100 249554 0.002776
258 268 3 100 52783 0.002777
370 333 3 100 2506861 0.002777
260 31 3 100 2355714 0.002779
327 281 3 100 749026 0.002780
52 208 3 100 103937 0.002780
222 341 3 100 2595490 0.002780
79 117 3 100 81149 0.002781
219 20 3 100 12822 0.002781
288 303 3 100 92976 0.002782
164 249 3 100 60532 0.002784
24 136 3 100 292337 0.002784
61 31 3 100 2111676 0.002784
61 370 3 100 274878 0.002786
291 255 3 100 35051 0.002788
327 272 3 100 94073 0.002789
93 382 3 100 1858110 0.002790
222 252 3 100 35090 0.002790
296 215 3 100 38470 0.002790
338 340 3 100 100121 0.002791
102 292 3 100 39905 0.002792
324 316 3 100 153339 0.002793
197 326 3 100 2201211 0.002794
362 341 3 100 97036 0.002794
63 382 3 100 60288 0.002795
311 398 3 100 1830031 0.002796
142 355 3 100 39813 0.002796
301 172 3 100 9398 0.002798
351 103 3 100 2146420 0.002798
195 389 3 100 2283319 0.002798
352 223 3 100 84942 0.002798
210 220 3 100 2043184 0.002799
351 380 3 100 19476 0.002801
74 372 3 100 30270 0.002802
251 55 3 100 74000 0.002803
323 32 3 100 73776 0.002803
128 248 3 100 13178 0.002804
278 98 3 100 1951553 0.002804
68 48 3 100 11505 0.002805
123 364 3 100 89190 0.002805
301 285 3 100 771690 0.002806
160 59 3 100 2201009 0.002806
270 119 3 100 7546 0.002806
142 179 3 100 1951781 0.002807
267 269 3 100 572831 0.002807
400 257 3 100 41153 0.002808
318 45 3 100 524985 0.002810
104 350 3 100 2460728 0.002810
47 313 3 100 102352 0.002810
40 221 3 100 80442 0.002811
171 41 3 100 51628 0.002813
34 255 3 100 2431538 0.002813
28 219 3 100 2335950 0.002814
132 92 3 100 439243 0.002815
143 324 3 100 2504900 0.002815
284 204 3 100 1936013 0.002815
337 211 3 100 57052 0.002816
154 68 3 100 982931 0.002817
395 303 3 100 73632 0.002818
121 127 3 100 73707 0.002819
43 262 3 100 1612145 0.002820
398 265 3 100 708759 0.002820
240 249 3 100 37468 0.002820
344 224 3 100 96585 0.002821
313 156 3 100 2272128 0.002821
33 246 3 100 587699 0.002822
399 168 3 100 2431644 0.002822
335 327 3 100 1595988 0.002822
77 259 3 100 510114 0.002824
90 349 3 100 2116197 0.002824
150 264 3 100 2504675 0.002824
161 236 3 100 81080 0.002825
160 278 3 100 3241 0.002825
260 51 3 100 1582174 0.002827
97 56 3 100 59746 0.002828
360 170 3 100 1809207 0.002828
86 97 3 100 74843 0.002828
33 120 3 100 1602191 0.002828
351 263 3 100 136594 0.002830
366 393 3 100 79534 0.002831
378 97 3 100 97734 0.002831
86 373 3 100 1017970 0.002832
230 150 3 100 250334 0.002832
85 345 3 100 35132 0.002832
176 395 3 100 2080592 0.002833
70 286 3 100 103592 0.002834
298 330 3 100 99940 0.002834
403 141 3 100 35086 0.002836
123 81 3 100 183701 0.002837
52 219 3 100 1829817 0.002838
293 403 3 100 35573 0.002840
94 26 3 100 55902 0.002840
115 47 3 100 2059127 0.002841
102 107 3 100 1755869 0.002841
102 78 3 100 2548408 0.002842
228 20 3 100 63270 0.002843
60 343 3 100 2064252 0.002843
247 180 3 100 92752 0.002843
222 122 3 100 554134 0.002844
149 339 3 100 18216 0.002844
276 380 3 100 2371335 0.002844
299 340 3 100 81357 0.002845
358 204 3 100 71467 0.002845
148 28 3 100 2270090 0.002845
374 202 3 100 2581508 0.002846
129 362 3 100 22149 0.002847
367 189 3 100 718755 0.002848
189 87 3 100 266662 0.002849
245 364 3 100 2435050 0.002850
168 156 3 100 95713 0.002851
130 140 3 100 1992887 0.002851
184 351 3 100 1045013 0.002852
345 217 3 100 2444328 0.002852
363 339 3 100 568865 0.002853
321 378 3 100 210249 0.002853
177 387 3 100 10534 0.002853
288 342 3 100 2368738 0.002854
127 321 3 100 27462 0.002854
235 290 3 100 725841 0.002856
206 174 3 100 1852119 0.002858
367 161 3 100 46625 0.002858
308 315 3 100 15823 0.002861
47 22 3 100 63879 0.002861
186 370 3 100 18662 0.002862
257 28 3 100 293958 0.002863
226 140 3 100 1929225 0.002863
150 56 3 100 29202 0.002864
37 289 3 100 379814 0.002864
241 161 3 100 1660590 0.002864
101 272 3 100 83718 0.002865
87 194 3 100 2011533 0.002865
299 38 3 100 62381 0.002866
258 312 3 100 49519 0.002866
305 195 3 100 43488 0.002867
234 70 3 100 4175 0.002867
161 61 3 100 75158 0.002868
165 336 3 100 32553 0.002868
86 361 3 100 73820 0.002869
360 320 3 100 51383 0.002870
148 57 3 100 37424 0.002871
329 266 3 100 991654 0.002871
250 224 3 100 45087 0.002873
197 280 3 100 873447 0.002873
211 353 3 100 49621 0.002873
120 138 3 100 899644 0.002873
41 240 3 100 92032 0.002875
104 168 3 100 40276 0.002876
100 365 3 100 587461 0.002876
273 194 3 100 1893635 0.002877
382 39 3 100 2092818 0.002877
307 169 3 100 75305 0.002878
318 107 3 100 2066061 0.002878
215 96 3 100 63543 0.002878
235 269 3 100 1043439 0.002881
56 66 3 100 2251005 0.002882
381 326 3 100 54039 0.002882
99 276 3 100 10875 0.002883
267 61 3 100 514189 0.002884
241 355 3 100 34247 0.002886
371 280 3 100 49855 0.002889
192 292 3 100 85959 0.002890
286 351 3 100 1022660 0.002890
208 41 3 100 77189 0.002891
301 283 3 100 50576 0.002891
361 387 3 100 73194 0.002891
126 28 3 100 2065203 0.002891
208 186 3 100 1790245 0.002892
384 334 3 100 2498827 0.002892
67 391 3 100 2341743 0.002892
190 116 3 100 89957 0.002892
251 332 3 100 2151782 0.002892
204 231 3 100 2025175 0.002892
372 227 3 100 49541 0.002892
59 61 3 100 2023420 0.002892
122 226 3 100 89750 0.002894
68 129 3 100 37301 0.002896
262 165 3 100 12236 0.002896
178 158 3 100 736797 0.002897
240 376 3 100 95521 0.002898
127 396 3 100 76156 0.002898
156 120 3 100 544285 0.002898
236 383 3 100 82825 0.002899
306 333 3 100 449432 0.002900
111 130 3 100 1796009 0.002900
271 361 3 100 480469 0.002901
75 234 3 100 33961 0.002901
128 267 3 100 102425 0.002901
201 77 3 100 42603 0.002901
182 317 3 100 31928 0.002902
233 388 3 100 2272761 0.002903
402 168 3 100 216824 0.002903
198 362 3 100 974893 0.002903
31 162 3 100 1707856 0.002904
319 157 3 100 84963 0.002904
152 88 3 100 64686 0.002905
224 353 3 100 37786 0.002905
391 81 3 100 4107 0.002906
157 306 3 100 468953 0.002907
233 316 3 100 87523 0.002907
352 90 3 100 39900 0.002907
115 197 3 100 1982214 0.002910
226 30 3 100 85174 0.002911
77 327 3 100 88515 0.002912
24 103 3 100 86298 0.002912
110 231 3 100 340385 0.002913
391 205 3 100 39723 0.002914
174 303 3 100 387694 0.002915
203 78 3 100 33888 0.002916
368 304 3 100 189250 0.002917
257 330 3 100 43579 0.002919
177 108 3 100 446236 0.002919
226 66 3 100 91429 0.002920
161 102 3 100 76931 0.002920
387 336 3 100 333628 0.002920
259 56 3 100 9859 0.002920
318 73 3 100 103523 0.002921
49 306 3 100 41760 0.002922
275 206 3 100 1674773 0.002922
263 157 3 100 2571669 0.002924
106 48 3 100 85645 0.002924
351 340 3 100 2154176 0.002926
318 200 3 100 1921477 0.002926
399 184 3 100 795664 0.002927
31 128 3 100 73492 0.002927
133 53 3 100 49983 0.002929
234 258 3 100 59503 0.002930
348 144 3 100 2442815 0.002931
361 237 3 100 961395 0.002931
330 192 3 100 2378755 0.002931
109 172 3 100 303988 0.002931
393 24 3 100 724100 0.002933
295 165 3 100 1857145 0.002933
361 342 3 100 2137496 0.002933
92 390 3 100 601230 0.002933
225 230 3 100 38294 0.002933
116 238 3 100 49158 0.002934
222 133 3 100 23576 0.002935
153 254 3 100 58070 0.002935
94 315 3 100 44348 0.002935
140 94 3 100 69333 0.002936
339 125 3 100 20863 0.002936
86 303 3 100 64910 0.002936
172 308 3 100 1557412 0.002936
319 311 3 100 75713 0.002938
248 300 3 100 700305 0.002938
66 293 3 100 20115 0.002938
345 255 3 100 219339 0.002940
317 337 3 100 1902 0.002941
202 340 3 100 45180 0.002942
69 165 3 100 45136 0.002944
125 344 3 100 1647531 0.002945
344 225 3 100 1025216 0.002945
206 145 3 100 89548 0.002945
85 343 3 100 6773 0.002946
141 391 3 100 92078 0.002946
238 64 3 100 849614 0.002946
289 176 3 100 95344 0.002947
105 135 3 100 2326754 0.002948
403 170 3 100 2529133 0.002948
254 87 3 100 2365849 0.002949
227 242 3 100 139424 0.002950
390 180 3 100 24089 0.002952
308 96 3 100 2510582 0.002955
370 177 3 100 82128 0.002957
59 209 3 100 944789 0.002957
165 211 3 100 306211 0.002957
358 178 3 100 508463 0.002959
275 188 3 100 29159 0.002960
359 345 3 100 94765 0.002961
21 283 3 100 672649 0.002961
197 374 3 100 95674 0.002962
77 311 3 100 607806 0.002963
380 190 3 100 1996513 0.002963
90 210 3 100 159 0.002963
272 110 3 100 98091 0.002964
185 372 3 100 37614 0.002965
307 344 3 100 38160 0.002965
285 20 3 100 76685 0.002967
199 363 3 100 69960 0.002967
403 168 3 100 1742652 0.002967
39 349 3 100 620243 0.002970
359 363 3 100 1660371 0.002971
318 216 3 100 815045 0.002971
298 78 3 100 65468 0.002972
262 84 3 100 1786193 0.002972
58 93 3 100 34250 0.002972
85 282 3 100 1041820 0.002972
75 67 3 100 69156 0.002972
59 128 3 100 61235 0.002973
307 279 3 100 45839 0.002973
152 243 3 100 36795 0.002973
271 58 3 100 30799 0.002973
53 174 3 100 2542347 0.002974
168 275 3 100 2478107 0.002974
393 185 3 100 57048 0.002975
269 158 3 100 979618 0.002975
138 92 3 100 2389517 0.002975
161 295 3 100 100503 0.002976
160 102 3 100 1902356 0.002977
252 41 3 100 1761447 0.002977
294 227 3 100 853441 0.002977
292 197 3 100 231052 0.002977
35 319 3 100 703076 0.002978
267 221 3 100 24113 0.002979
291 232 3 100 99300 0.002979
38 358 3 100 2206996 0.002980
331 323 3 100 89628 0.002981
131 211 3 100 2235249 0.002981
377 151 3 100 11399 0.002982
212 43 3 100 2047713 0.002982
102 315 3 100 36092 0.002983
33 143 3 100 77247 0.002984
103 100 3 100 97027 0.002984
333 154 3 100 11941 0.002984
181 139 3 100 63706 0.002985
383 35 3 100 1814566 0.002985
291 180 3 100 50523 0.002985
301 156 3 100 54590 0.002987
315 35 3 100 1000005 0.002987
215 261 3 100 1805229 0.002987
361 178 3 100 8292 0.002987
322 58 3 100 337411 0.002988
366 221 3 100 4468 0.002988
338 222 3 100 66638 0.002989
269 127 3 100 4700 0.002989
253 140 3 100 92729 0.002989
293 317 3 100 1980424 0.002990
46 94 3 100 1752587 0.002991
30 48 3 100 2555391 0.002992
367 333 3 100 36129 0.002992
174 74 3 100 1969620 0.002992
317 47 3 100 2366735 0.002993
161 117 3 100 6652 0.002993
161 54 3 100 1722942 0.002994
255 165 3 100 2420269 0.002995
219 85 3 100 69047 0.002995
399 78 3 100 54139 0.002996
199 105 3 100 85763 0.002996
227 150 3 100 99298 0.002996
153 87 3 100 92439 0.002997
144 292 3 100 1593909 0.002997
287 214 3 100 73245 0.002998
32 229 3 100 2343 0.002998
377 196 3 100 50938 0.003001
309 152 3 100 25844 0.003001
294 129 3 100 349347 0.003002
353 132 3 100 228442 0.003003
388 324 3 100 686163 0.003004
396 183 3 100 13725 0.003004
98 366 3 100 1649925 0.003005
29 253 3 100 46646 0.003005
30 228 3 100 96905 0.003006
357 403 3 100 2071994 0.003006
308 250 3 100 2264911 0.003007
100 90 3 100 50927 0.003009
300 328 3 100 330986 0.003009
166 104 3 100 2135807 0.003009
263 27 3 100 2014134 0.003009
207 69 3 100 59519 0.003010
333 28 3 100 1857230 0.003011
221 334 3 100 1745658 0.003012
195 381 3 100 54310 0.003012
172 59 3 100 45756 0.003012
102 254 3 100 894020 0.003013
129 58 3 100 22397 0.003013
262 387 3 100 71435 0.003014
272 280 3 100 452503 0.003014
396 131 3 100 94640 0.003016
270 23 3 100 2354421 0.003017
114 122 3 100 61206 0.003018
397 349 3 100 60724 0.003018
360 350 3 100 2325149 0.003018
88 97 3 100 1593648 0.003019
64 315 3 100 60358 0.003020
389 217 3 100 2248798 0.003021
168 357 3 100 986213 0.003021
64 107 3 100 71405 0.003023
184 114 3 100 1758076 0.003024
347 346 3 100 2356262 0.003024
73 401 3 100 542404 0.003027
36 267 3 100 62017 0.003027
267 104 3 100 22091 0.003028
278 400 3 100 324088 0.003028
269 335 3 100 26503 0.003029
21 386 3 100 77774 0.003030
342 75 3 100 67717 0.003030
256 279 3 100 990518 0.003031
147 274 3 100 65244 0.003031
97 269 3 100 12814 0.003031
270 171 3 100 35127 0.003031
349 295 3 100 35188 0.003031
146 59 3 100 2264272 0.003032
163 299 3 100 2469807 0.003033
227 325 3 100 88629 0.003034
304 154 3 100 238828 0.003034
118 360 3 100 441710 0.003035
31 184 3 100 823181 0.003035
325 115 3 100 934401 0.003035
198 370 3 100 756103 0.003036
265 274 3 100 57111 0.003037
196 236 3 100 2110869 0.003038
243 127 3 100 67387 0.003038
176 144 3 100 2096265 0.003039
138 316 3 100 2118354 0.003040
165 187 3 100 738056 0.003040
392 350 3 100 70930 0.003040
250 224 3 100 34265 0.003041
251 157 3 100 1628858 0.003042
344 153 3 100 57410 0.003043
209 194 3 100 2233682 0.003043
402 291 3 100 1626931 0.003043
137 217 3 100 38345 0.003043
223 162 3 100 604113 0.003043
386 290 3 100 855771 0.003043
397 257 3 100 2536116 0.003045
232 295 3 100 65655 0.003046
394 403 3 100 65240 0.003048
329 195 3 100 3497 0.003050
323 21 3 100 1718209 0.003050
263 396 3 100 45438 0.003050
28 302 3 100 2224943 0.003053
204 399 3 100 2139600 0.003054
186 382 3 100 12092 0.003055
113 46 3 100 54135 0.003056
268 198 3 100 2373105 0.003056
94 124 3 100 84743 0.003057
246 393 3 100 104732 0.003058
105 223 3 100 620 0.003059
395 351 3 100 959356 0.003059
373 112 3 100 31442 0.003061
366 174 3 100 577698 0.003062
250 52 3 100 73041 0.003062
251 85 3 100 30901 0.003064
287 68 3 100 19010 0.003064
364 23 3 100 962125 0.003064
57 312 3 100 19331 0.003065
216 135 3 100 47340 0.003066
322 306 3 100 813337 0.003067
245 289 3 100 104737 0.003068
343 82 3 100 85432 0.003068
188 393 3 100 83587 0.003069
275 330 3 100 40171 0.003070
193 87 3 100 2415955 0.003070
176 86 3 100 97115 0.003070
228 371 3 100 930884 0.003071
321 128 3 100 973403 0.003071
284 393 3 100 70506 0.003071
20 83 3 100 1332 0.003072
133 237 3 100 640310 0.003072
122 380 3 100 83815 0.003072
122 148 3 100 2046991 0.003073
123 391 3 100 1797 0.003073
208 51 3 100 67169 0.003074
247 286 3 100 2018996 0.003076
123 222 3 100 770672 0.003076
374 363 3 100 2378 0.003078
179 227 3 100 5869 0.003079
106 161 3 100 86660 0.003080
37 213 3 100 30206 0.003080
382 243 3 100 2528572 0.003082
292 332 3 100 10819 0.003083
357 340 3 100 77977 0.003083
235 269 3 100 2114638 0.003084
399 267 3 100 2417166 0.003084
326 346 3 100 1345 0.003085
58 392 3 100 1737602 0.003087
70 401 3 100 20648 0.003087
127 268 3 100 58706 0.003087
354 214 3 100 30175 0.003088
333 129 3 100 238528 0.003089
272 277 3 100 436833 0.003089
245 132 3 100 221176 0.003090
356 142 3 100 68669 0.003091
137 230 3 100 35947 0.003091
131 197 3 100 95574 0.003091
217 52 3 100 81727 0.003092
342 368 3 100 1771659 0.003093
296 240 3 100 677668 0.003093
266 187 3 100 1691321 0.003093
347 235 3 100 67830 0.003095
111 376 3 100 1641380 0.003095
362 372 3 100 2532057 0.003096
361 226 3 100 86868 0.003097
223 33 3 100 632161 0.003098
136 93 3 100 1710271 0.003099
108 266 3 100 10369 0.003099
170 83 3 100 98034 0.003099
206 131 3 100 9573 0.003101
306 41 3 100 1671009 0.003103
62 157 3 100 18270 0.003104
304 363 3 100 2058603 0.003104
256 348 3 100 942822 0.003104
226 137 3 100 2440054 0.003106
225 165 3 100 59907 0.003107
333 256 3 100 79573 0.003108
347 355 3 100 2075871 0.003108
363 196 3 100 1997123 0.003109
121 79 3 100 42208 0.003109
95 70 3 100 159628 0.003109
384 388 3 100 1607800 0.003109
338 205 3 100 17262 0.003109
382 223 3 100 840667 0.003110
301 138 3 100 1873004 0.003110
170 80 3 100 12670 0.003110
236 90 3 100 64199 0.003112
44 221 3 100 96586 0.003112
127 154 3 100 2132572 0.003113
275 302 3 100 32757 0.003113
262 322 3 100 1961740 0.003115
338 317 3 100 1831265 0.003115
73 163 3 100 33415 0.003116
333 308 3 100 20855 0.003116
67 165 3 100 46331 0.003117
114 126 3 100 24985 0.003117
364 244 3 100 23646 0.003117
138 215 3 100 522011 0.003118
156 345 3 100 549730 0.003118
267 344 3 100 101776 0.003118
398 374 3 100 392899 0.003118
75 183 3 100 1613551 0.003119
344 318 3 100 1703353 0.003119
93 271 3 100 341595 0.003120
206 321 3 100 1559679 0.003122
118 398 3 100 17308 0.003122
107 228 3 100 888907 0.003122
71 343 3 100 206896 0.003123
328 250 3 100 61479 0.003124
171 172 3 100 23288 0.003124
346 179 3 100 1730720 0.003125
118 276 3 100 1975572 0.003125
298 137 3 100 1833024 0.003125
361 285 3 100 1850284 0.003125
292 136 3 100 98819 0.003126
166 199 3 100 86055 0.003126
23 64 3 100 853050 0.003126
171 198 3 100 75175 0.003126
190 237 3 100 21389 0.003127
170 310 3 100 2103698 0.003128
338 237 3 100 922515 0.003129
201 358 3 100 86857 0.003129
326 332 3 100 21690 0.003129
306 45 3 100 70052 0.003130
299 64 3 100 99833 0.003130
119 71 3 100 2337993 0.003132
381 53 3 100 2467100 0.003132
123 121 3 100 2165226 0.003132
337 286 3 100 211417 0.003132
49 286 3 100 11452 0.003133
33 126 3 100 997384 0.003133
334 92 3 100 97385 0.003134
354 365 3 100 2100083 0.003136
135 222 3 100 62063 0.003136
101 242 3 100 1589498 0.003136
335 89 3 100 14538 0.003138
378 270 3 100 2441760 0.003139
44 278 3 100 2043820 0.003139
107 111 3 100 52324 0.003139
232 233 3 100 763021 0.003139
169 403 3 100 44885 0.003140
135 238 3 100 44741 0.003140
244 369 3 100 39669 0.003141
334 108 3 100 2552485 0.003141
143 189 3 100 94190 0.003142
357 369 3 100 33840 0.003143
332 308 3 100 209395 0.003145
286 168 3 100 88365 0.003146
112 49 3 100 880376 0.003147
226 215 3 100 39247 0.003147
63 286 3 100 1023579 0.003148
181 285 3 100 69843 0.003150
363 164 3 100 854781 0.003150
77 214 3 100 2318532 0.003151
284 146 3 100 755311 0.003152
237 218 3 100 54570 0.003152
244 84 3 100 64911 0.003152
289 388 3 100 2591935 0.003152
343 187 3 100 51772 0.003152
253 164 3 100 63786 0.003154
44 384 3 100 63872 0.003154
345 338 3 100 2224595 0.003154
132 249 3 100 39130 0.003155
131 286 3 100 30976 0.003157
356 331 3 100 7953 0.003157
145 192 3 100 5114 0.003158
160 343 3 100 31079 0.003158
366 119 3 100 7501 0.003159
346 236 3 100 211732 0.003160
359 96 3 100 1722781 0.003161
189 241 3 100 87086 0.003161
107 202 3 100 87319 0.003162
51 46 3 100 343072 0.003163
206 86 3 100 3472 0.003163
119 306 3 100 54879 0.003164
119 384 3 100 407463 0.003166
391 350 3 100 38251 0.003167
138 94 3 100 584777 0.003168
279 78 3 100 185815 0.003168
399 291 3 100 14778 0.003168
241 339 3 100 1687497 0.003168
136 138 3 100 1006657 0.003169
189 348 3 100 102497 0.003169
124 185 3 100 51745 0.003170
58 365 3 100 542758 0.003170
56 214 3 100 85867 0.003171
303 58 3 100 1873566 0.003172
157 44 3 100 609789 0.003172
357 84 3 100 101799 0.003173
201 208 3 100 1934260 0.003173
237 352 3 100 1784318 0.003175
22 294 3 100 58343 0.003175
368 53 3 100 370570 0.003175
80 313 3 100 2085843 0.003175
234 321 3 100 23903 0.003176
232 319 3 100 56097 0.003178
204 176 3 100 17810 0.003178
198 369 3 100 101876 0.003179
220 239 3 100 948925 0.003180
310 165 3 100 917936 0.003181
106 370 3 100 52616 0.003181
56 323 3 100 2656 0.003181
380 142 3 100 40253 0.003182
134 35 3 100 82326 0.003183
267 261 3 100 1645279 0.003183
239 28 3 100 36937 0.003184
51 56 3 100 2256581 0.003185
264 122 3 100 104850 0.003186
79 342 3 100 104374 0.003186
385 126 3 100 1979619 0.003187
357 61 3 100 38346 0.003188
38 312 3 100 317983 0.003189
288 107 3 100 54716 0.003189
33 399 3 100 2038459 0.003189
297 268 3 100 61326 0.003190
295 287 3 100 2093495 0.003192
183 348 3 100 92820 0.003192
129 390 3 100 97117 0.003193
264 272 3 100 98555 0.003194
156 344 3 100 51933 0.003196
23 122 3 100 68026 0.003196
108 172 3 100 62074 0.003196
20 216 3 100 770320 0.003196
339 276 3 100 1610763 0.003196
174 261 3 100 2416562 0.003197
72 178 3 100 286251 0.003197
31 212 3 100 657922 0.003198
391 26 3 100 185572 0.003199
335 191 3 100 2406321 0.003199
360 64 3 100 53901 0.003199
55 130 3 100 2290086 0.003199
347 176 3 100 43310 0.003200
24 232 3 100 953626 0.003200
294 240 3 100 52776 0.003200
364 399 3 100 1862864 0.003201
59 269 3 100 28618 0.003203
334 230 3 100 1680122 0.003204
264 326 3 100 34346 0.003204
296 257 3 100 3129 0.003205
123 130 3 100 1768961 0.003206
196 347 3 100 90603 0.003206
161 330 3 100 66584 0.003208
324 43 3 100 73594 0.003208
94 102 3 100 2112866 0.003208
244 292 3 100 1591594 0.003210
156 25 3 100 84063 0.003212
334 57 3 100 67913 0.003213
99 282 3 100 37764 0.003215
374 361 3 100 2193023 0.003215
295 372 3 100 604584 0.003215
141 108 3 100 89068 0.003217
274 305 3 100 706279 0.003217
121 144 3 100 76337 0.003220
346 77 3 100 1780816 0.003221
234 29 3 100 365509 0.003223
237 381 3 100 30837 0.003223
273 243 3 100 89986 0.003224
380 325 3 100 507 0.003225
181 173 3 100 86373 0.003226
306 213 3 100 299602 0.003226
326 233 3 100 1640991 0.003226
128 236 3 100 48013 0.003227
243 216 3 100 82635 0.003228
152 108 3 100 1692283 0.003229
308 153 3 100 1830649 0.003230
100 52 3 100 93420 0.003231
300 387 3 100 170643 0.003232
76 283 3 100 50469 0.003233
176 189 3 100 2207365 0.003233
377 260 3 100 56300 0.003234
213 283 3 100 740591 0.003235
286 230 3 100 31360 0.003235
191 58 3 100 74350 0.003237
38 234 3 100 2232290 0.003237
314 401 3 100 18985 0.003238
22 56 3 100 15230 0.003240
238 187 3 100 2476598 0.003240
35 395 3 100 24526 0.003241
302 184 3 100 87918 0.003243
115 35 3 100 89168 0.003243
361 62 3 100 646355 0.003244
400 43 3 100 70905 0.003245
126 196 3 100 89503 0.003247
198 173 3 100 7840 0.003247
159 254 3 100 1875968 0.003248
198 166 3 100 82506 0.003248
380 244 3 100 2272333 0.003248
130 42 3 100 477529 0.003249
203 308 3 100 2050032 0.003251
59 44 3 100 766565 0.003252
189 138 3 100 30241 0.003252
299 240 3 100 47328 0.003253
256 316 3 100 2359302 0.003253
321 374 3 100 2327632 0.003253
145 282 3 100 2207079 0.003254
79 117 3 100 63592 0.003254
119 373 3 100 62000 0.003256
111 265 3 100 2268973 0.003256
30 33 3 100 2013600 0.003258
85 154 3 100 2137525 0.003258
302 96 3 100 64705 0.003259
354 177 3 100 1020997 0.003259
23 192 3 100 60789 0.003259
333 261 3 100 2369237 0.003260
179 362 3 100 1741515 0.003260
299 88 3 100 2494400 0.003260
226 130 3 100 1591976 0.003260
280 392 3 100 1613 0.003260
211 299 3 100 60652 0.003261
377 266 3 100 970696 0.003261
261 308 3 100 30406 0.003262
402 330 3 100 19359 0.003263
64 60 3 100 1813171 0.003264
199 130 3 100 93108 0.003265
257 162 3 100 4120 0.003267
190 316 3 100 6053 0.003268
224 268 3 100 53275 0.003268
25 89 3 100 2492318 0.003268
330 202 3 100 64642 0.003270
306 75 3 100 95943 0.003270
397 266 3 100 13784 0.003271
350 171 3 100 148289 0.003272
44 153 3 100 99113 0.003273
326 35 3 100 62182 0.003275
162 171 3 100 693609 0.003275
167 53 3 100 1650563 0.003275
374 36 3 100 77192 0.003275
226 148 3 100 68548 0.003276
328 281 3 100 594362 0.003276
338 281 3 100 1919452 0.003278
28 204 3 100 114841 0.003279
60 264 3 100 493431 0.003279
42 373 3 100 2528646 0.003279
193 90 3 100 40812 0.003283
318 47 3 100 101435 0.003285
275 177 3 100 2596830 0.003286
328 25 3 100 46348 0.003286
107 390 3 100 47714 0.003287
212 180 3 100 36477 0.003287
376 291 3 100 47863 0.003287
49 347 3 100 883917 0.003287
276 273 3 100 4702 0.003289
243 326 3 100 91030 0.003290
270 114 3 100 480684 0.003290
390 161 3 100 708640 0.003291
314 166 3 100 2271799 0.003291
303 267 3 100 567476 0.003294
89 297 3 100 928822 0.003294
216 91 3 100 81415 0.003295
41 329 3 100 3684 0.003295
169 176 3 100 81387 0.003296
113 56 3 100 91678 0.003297
324 265 3 100 9255 0.003298
92 203 3 100 1664604 0.003299
363 338 3 100 69887 0.003299
43 299 3 100 10315 0.003299
246 83 3 100 64004 0.003301
264 143 3 100 90159 0.003302
57 356 3 100 457926 0.003302
374 37 3 100 17188 0.003303
369 45 3 100 1999303 0.003303
127 270 3 100 1939401 0.003303
387 395 3 100 18957 0.003304
316 24 3 100 2573586 0.003304
31 294 3 100 2267699 0.003305
134 311 3 100 94402 0.003305
29 213 3 100 983728 0.003307
209 33 3 100 2407404 0.003307
351 202 3 100 87678 0.003308
126 208 3 100 2079084 0.003308
107 401 3 100 75951 0.003311
331 191 3 100 40995 0.003311
190 365 3 100 158582 0.003311
356 329 3 100 101593 0.003312
337 87 3 100 1554725 0.003313
64 385 3 100 1022055 0.003313
211 140 3 100 905414 0.003314
237 173 3 100 22946 0.003314
294 174 3 100 2257615 0.003317
201 277 3 100 102257 0.003317
320 56 3 100 29845 0.003317
286 67 3 100 800811 0.003318
358 136 3 100 1931815 0.003319
213 282 3 100 1582138 0.003319
138 38 3 100 919997 0.003321
190 352 3 100 29583 0.003321
369 177 3 100 41152 0.003321
354 365 3 100 65570 0.003322
306 62 3 100 9997 0.003322
60 29 3 100 87784 0.003322
34 201 3 100 1904249 0.003323
105 49 3 100 2196607 0.003323
161 138 3 100 2513995 0.003326
55 370 3 100 103427 0.003326
318 401 3 100 79424 0.003328
82 30 3 100 44260 0.003328
277 105 3 100 66901 0.003328
259 43 3 100 702892 0.003329
274 33 3 100 32805 0.003329
22 142 3 100 100546 0.003331
101 278 3 100 9490 0.003331
285 88 3 100 43040 0.003331
184 267 3 100 1632058 0.003333
153 27 3 100 4133 0.003334
329 317 3 100 1725190 0.003334
302 96 3 100 25326 0.003335
253 347 3 100 369281 0.003337
156 218 3 100 44559 0.003337
347 123 3 100 1907930 0.003337
167 62 3 100 1895986 0.003339
198 178 3 100 1574714 0.003339
113 138 3 100 1790656 0.003340
378 122 3 100 406244 0.003340
331 395 3 100 1830499 0.003340
170 144 3 100 93993 0.003340
142 247 3 100 2384199 0.003340
330 168 3 100 2041849 0.003340
383 130 3 100 90065 0.003341
321 389 3 100 42397 0.003342
122 377 3 100 49988 0.003342
215 30 3 100 41621 0.003342
248 151 3 100 41466 0.003342
199 198 3 100 26901 0.003343
164 205 3 100 53348 0.003343
217 312 3 100 778410 0.003343
347 43 3 100 10586 0.003344
175 104 3 100 104507 0.003345
58 37 3 100 843055 0.003345
92 200 3 100 14242 0.003345
243 133 3 100 18202 0.003345
134 219 3 100 78662 0.003346
241 134 3 100 80233 0.003347
184 361 3 100 1801062 0.003347
293 103 3 100 35539 0.003347
263 223 3 100 97339 0.003348
187 50 3 100 2423917 0.003348
331 360 3 100 1580205 0.003349
77 172 3 100 700192 0.003351
222 47 3 100 33034 0.003351
370 94 3 100 3657 0.003352
282 115 3 100 100538 0.003352
223 94 3 100 982014 0.003353
182 76 3 100 284253 0.003353
59 112 3 100 2479075 0.003354
37 21 3 100 81107 0.003354
270 399 3 100 31834 0.003355
228 327 3 100 59555 0.003355
42 192 3 100 829407 0.003356
36 287 3 100 795155 0.003356
370 250 3 100 101833 0.003357
117 248 3 100 60306 0.003357
212 254 3 100 368654 0.003359
283 378 3 100 98945 0.003359
21 259 3 100 93797 0.003359
130 125 3 100 25949 0.003360
67 32 3 100 2341026 0.003360
120 213 3 100 1858302 0.003363
171 396 3 100 890681 0.003363
28 133 3 100 21352 0.003364
352 38 3 100 1632861 0.003364
38 145 3 100 34017 0.003365
343 287 3 100 35979 0.003366
394 271 3 100 2232895 0.003366
318 386 3 100 2032162 0.003367
400 280 3 100 1838538 0.003370
400 154 3 100 54978 0.003371
231 311 3 100 2508767 0.003371
300 328 3 100 7753 0.003373
210 60 3 100 2389319 0.003374
30 174 3 100 2495945 0.003375
139 216 3 100 9080 0.003375
42 170 3 100 1896987 0.003375
48 84 3 100 664098 0.003375
205 138 3 100 1844474 0.003376
37 231 3 100 1582128 0.003378
199 55 3 100 51900 0.003379
175 374 3 100 29340 0.003380
159 53 3 100 2153619 0.003380
164 236 3 100 12791 0.003380
57 221 3 100 525658 0.003381
323 214 3 100 380783 0.003381
366 142 3 100 199591 0.003382
238 96 3 100 81933 0.003383
318 114 3 100 104522 0.003383
292 271 3 100 2293755 0.003383
181 396 3 100 1821231 0.003384
97 118 3 100 63930 0.003384
126 36 3 100 99906 0.003384
70 403 3 100 17090 0.003385
85 331 3 100 2168356 0.003386
249 222 3 100 1738820 0.003386
337 60 3 100 79716 0.003387
129 255 3 100 102219 0.003387
401 36 3 100 95410 0.003387
315 248 3 100 58599 0.003388
105 229 3 100 12281 0.003388
295 385 3 100 65439 0.003389
100 193 3 100 2423754 0.003389
95 290 3 100 6326 0.003390
333 77 3 100 50936 0.003390
164 71 3 100 43795 0.003390
96 125 3 100 2157852 0.003390
384 385 3 100 107849 0.003390
308 269 3 100 146070 0.003390
267 33 3 100 2509703 0.003391
361 271 3 100 1610517 0.003392
51 318 3 100 2360928 0.003394
50 244 3 100 70667 0.003394
340 68 3 100 17411 0.003395
101 171 3 100 46274 0.003395
329 341 3 100 29141 0.003396
347 374 3 100 5247 0.003396
341 67 3 100 38344 0.003397
364 343 3 100 64424 0.003397
348 318 3 100 1896785 0.003398
80 344 3 100 42254 0.003398
26 21 3 100 845156 0.003398
201 310 3 100 2191743 0.003399
319 50 3 100 376925 0.003400
121 402 3 100 2200770 0.003400
316 295 3 100 42870 0.003402
373 313 3 100 2465023 0.003402
218 153 3 100 97273 0.003402
48 304 3 100 1470 0.003403
23 59 3 100 1855749 0.003403
253 239 3 100 9747 0.003404
157 270 3 100 70062 0.003405
366 158 3 100 1662458 0.003405
172 265 3 100 514158 0.003405
244 109 3 100 1752397 0.003405
375 102 3 100 949594 0.003405
187 379 3 100 1038098 0.003406
327 384 3 100 754933 0.003407
198 364 3 100 99218 0.003408
309 174 3 100 7534 0.003408
386 281 3 100 8433 0.003408
94 205 3 100 1955909 0.003409
196 63 3 100 31088 0.003409
110 399 3 100 60231 0.003410
33 312 3 100 1005209 0.003411
341 365 3 100 465779 0.003413
174 92 3 100 2159634 0.003414
86 311 3 100 12686 0.003414
161 37 3 100 55468 0.003415
261 68 3 100 267035 0.003415
217 41 3 100 8111 0.003415
155 394 3 100 25636 0.003416
318 139 3 100 2002558 0.003416
333 236 3 100 1888986 0.003416
230 216 3 100 1978808 0.003418
173 359 3 100 59188 0.003419
377 262 3 100 37891 0.003420
208 290 3 100 32872 0.003421
402 298 3 100 35225 0.003422
55 394 3 100 2319236 0.003422
289 125 3 100 102931 0.003423
281 326 3 100 77827 0.003424
137 61 3 100 8029 0.003425
202 145 3 100 49064 0.003426
281 274 3 100 6919 0.003427
246 194 3 100 9143 0.003429
254 243 3 100 2065555 0.003429
316 20 3 100 81415 0.003429
79 150 3 100 1020323 0.003430
352 52 3 100 4909 0.003430
66 70 3 100 2192111 0.003431
88 319 3 100 1642971 0.003431
352 341 3 100 56330 0.003432
192 257 3 100 2149278 0.003432
44 24 3 100 1954182 0.003433
195 255 3 100 455482 0.003434
41 288 3 100 99583 0.003435
391 24 3 100 1566599 0.003435
204 256 3 100 2158433 0.003436
109 215 3 100 2294381 0.003436
145 177 3 100 1570165 0.003436
273 131 3 100 75618 0.003436
31 220 3 100 334713 0.003437
372 210 3 100 67627 0.003437
165 99 3 100 76360 0.003438
83 117 3 100 86536 0.003439
214 177 3 100 102380 0.003439
265 150 3 100 62456 0.003439
103 251 3 100 21956 0.003440
32 96 3 100 2554027 0.003442
101 55 3 100 94841 0.003442
161 180 3 100 2235714 0.003442
314 101 3 100 13366 0.003445
300 243 3 100 174772 0.003445
143 159 3 100 777742 0.003445
161 174 3 100 16999 0.003445
35 156 3 100 55891 0.003446
254 273 3 100 2413172 0.003447
96 248 3 100 320459 0.003448
369 264 3 100 97625 0.003449
83 328 3 100 1602413 0.003450
52 272 3 100 53388 0.003450
398 169 3 100 1941782 0.003450
49 158 3 100 165107 0.003451
398 115 3 100 61748 0.003451
403 224 3 100 62394 0.003451
136 383 3 100 25635 0.003452
403 321 3 100 7464 0.003453
117 394 3 100 2542169 0.003453
102 162 3 100 83355 0.003454
175 88 3 100 56139 0.003454
72 153 3 100 12882 0.003455
240 62 3 100 45218 0.003455
146 143 3 100 2059778 0.003456
301 390 3 100 29489 0.003456
157 223 3 100 5206 0.003457
82 308 3 100 1952951 0.003457
358 67 3 100 17416 0.003458
93 168 3 100 513871 0.003458
374 39 3 100 56131 0.003459
53 163 3 100 69281 0.003461
200 365 3 100 9832 0.003462
369 330 3 100 1981680 0.003462
393 40 3 100 430922 0.003462
58 177 3 100 57572 0.003463
386 331 3 100 69703 0.003464
306 272 3 100 4541 0.003464
187 402 3 100 1187 0.003465
330 156 3 100 2535851 0.003466
196 388 3 100 104531 0.003466
176 111 3 100 2448319 0.003466
140 180 3 100 2555103 0.003467
134 148 3 100 73074 0.003467
278 137 3 100 31028 0.003467
21 185 3 100 65925 0.003468
176 287 3 100 526831 0.003468
126 218 3 100 414593 0.003468
315 86 3 100 17178 0.003468
106 110 3 100 58733 0.003469
263 114 3 100 2118115 0.003469
62 57 3 100 37125 0.003470
26 97 3 100 97025 0.003471
99 202 3 100 1776255 0.003471
111 45 3 100 1903591 0.003473
122 129 3 100 2449612 0.003473
246 23 3 100 2557384 0.003474
85 104 3 100 28292 0.003474
175 97 3 100 54780 0.003474
319 76 3 100 26740 0.003474
228 287 3 100 100966 0.003474
273 244 3 100 19284 0.003474
257 249 3 100 27767 0.003476
258 74 3 100 82884 0.003479
159 225 3 100 11904 0.003479
161 217 3 100 34426 0.003479
164 232 3 100 1923147 0.003480
172 265 3 100 2274390 0.003480
159 228 3 100 27641 0.003481
251 388 3 100 87397 0.003483
164 118 3 100 2533748 0.003483
270 113 3 100 100769 0.003483
145 332 3 100 891198 0.003484
321 216 3 100 1281 0.003485
182 80 3 100 51553 0.003485
165 356 3 100 796525 0.003485
207 185 3 100 2420903 0.003486
77 68 3 100 38891 0.003486
391 363 3 100 2180689 0.003487
326 300 3 100 18443 0.003488
197 174 3 100 84928 0.003488
88 332 3 100 550721 0.003488
327 214 3 100 2233388 0.003489
350 232 3 100 9422 0.003489
25 111 3 100 2596944 0.003491
228 207 3 100 43956 0.003493
323 101 3 100 1572394 0.003493
203 51 3 100 2133948 0.003494
225 235 3 100 369911 0.003495
72 63 3 100 1797309 0.003497
291 387 3 100 641487 0.003497
315 298 3 100 1764490 0.003497
306 57 3 100 185514 0.003497
261 25 3 100 745700 0.003498
359 204 3 100 910151 0.003499
269 334 3 100 956523 0.003499
376 386 3 100 2383319 0.003500
138 79 3 100 164966 0.003500
34 101 3 100 28017 0.003501
281 376 3 100 72655 0.003501
175 265 3 100 51945 0.003502
81 163 3 100 2549001 0.003502
158 106 3 100 66282 0.003503
144 337 3 100 92305 0.003504
244 310 3 100 2417217 0.003505
121 249 3 100 56387 0.003506
271 138 3 100 615259 0.003506
330 387 3 100 60477 0.003508
366 168 3 100 808763 0.003509
23 262 3 100 32178 0.003511
377 185 3 100 35827 0.003512
57 295 3 100 62951 0.003513
385 212 3 100 2445060 0.003513
135 347 3 100 2208033 0.003514
95 131 3 100 74081 0.003514
214 72 3 100 2122612 0.003515
360 221 3 100 892055 0.003516
402 295 3 100 91291 0.003517
400 220 3 100 81687 0.003518
242 379 3 100 1702346 0.003518
47 319 3 100 47426 0.003519
119 330 3 100 83778 0.003519
379 375 3 100 121139 0.003520
177 86 3 100 19757 0.003521
348 207 3 100 58792 0.003522
247 211 3 100 2055509 0.003522
397 148 3 100 2339314 0.003523
34 181 3 100 1736810 0.003523
190 307 3 100 5066 0.003524
323 56 3 100 2500427 0.003525
271 300 3 100 68486 0.003526
392 192 3 100 37024 0.003526
271 122 3 100 74485 0.003527
263 37 3 100 29875 0.003528
171 237 3 100 37644 0.003528
245 161 3 100 223033 0.003528
197 231 3 100 2128242 0.003529
363 320 3 100 12546 0.003529
85 182 3 100 84004 0.003529
211 384 3 100 993104 0.003531
23 268 3 100 38901 0.003531
267 262 3 100 2135692 0.003534
79 65 3 100 3041 0.003534
240 287 3 100 1033657 0.003534
274 201 3 100 64275 0.003534
268 396 3 100 45117 0.003534
288 158 3 100 1769997 0.003535
53 96 3 100 26920 0.003536
366 183 3 100 59797 0.003536
67 25 3 100 358405 0.003537
393 164 3 100 100884 0.003537
356 230 3 100 66735 0.003538
155 232 3 100 44274 0.003539
332 306 3 100 2431570 0.003539
66 63 3 100 49227 0.003540
322 141 3 100 54659 0.003540
402 170 3 100 10598 0.003541
265 356 3 100 57529 0.003541
97 247 3 100 1832177 0.003541
40 330 3 100 87539 0.003541
391 188 3 100 17368 0.003542
98 378 3 100 71302 0.003542
37 343 3 100 81198 0.003542
52 119 3 100 12281 0.003542
153 176 3 100 18850 0.003543
247 36 3 100 2565909 0.003543
200 247 3 100 25113 0.003543
150 322 3 100 82682 0.003544
361 176 3 100 749053 0.003544
368 95 3 100 100652 0.003545
35 154 3 100 87231 0.003548
84 257 3 100 1640846 0.003549
225 340 3 100 110224 0.003549
92 67 3 100 7924 0.003549
89 106 3 100 15942 0.003551
89 222 3 100 918979 0.003551
366 219 3 100 11260 0.003552
271 41 3 100 34492 0.003552
314 244 3 100 88555 0.003552
134 318 3 100 357731 0.003553
74 315 3 100 3435 0.003554
264 169 3 100 11826 0.003555
294 87 3 100 41314 0.003555
226 154 3 100 99000 0.003556
56 359 3 100 92098 0.003556
363 36 3 100 2583908 0.003556
367 240 3 100 1581996 0.003557
129 65 3 100 297361 0.003557
304 148 3 100 1751679 0.003558
362 39 3 100 27493 0.003558
322 245 3 100 2360252 0.003558
25 26 3 100 32125 0.003559
247 168 3 100 2199354 0.003559
207 334 3 100 832482 0.003559
271 319 3 100 1014728 0.003560
89 331 3 100 108530 0.003560
26 264 3 100 90420 0.003562
271 230 3 100 2296085 0.003562
253 103 3 100 62663 0.003562
224 133 3 100 554 0.003562
68 55 3 100 92651 0.003563
125 235 3 100 89747 0.003563
33 35 3 100 4437 0.003565
133 385 3 100 50009 0.003565
269 348 3 100 2491091 0.003565
394 321 3 100 50403 0.003565
46 101 3 100 2374936 0.003565
277 197 3 100 2559667 0.003565
125 72 3 100 102961 0.003566
136 337 3 100 1922106 0.003567
161 392 3 100 5422 0.003571
333 222 3 100 12829 0.003571
214 30 3 100 65838 0.003572
363 330 3 100 750555 0.003572
282 165 3 100 461955 0.003572
123 288 3 100 80230 0.003572
360 388 3 100 2139704 0.003572
27 159 3 100 6359 0.003573
299 119 3 100 1556383 0.003574
22 385 3 100 2035065 0.003574
369 167 3 100 69552 0.003574
166 207 3 100 712 0.003575
398 91 3 100 62703 0.003576
79 163 3 100 36117 0.003576
32 160 3 100 59480 0.003576
382 183 3 100 778701 0.003577
110 306 3 100 9951 0.003578
185 110 3 100 238723 0.003578
382 179 3 100 66234 0.003578
295 236 3 100 6135 0.003578
89 43 3 100 461925 0.003579
401 287 3 100 48 0.003579
23 229 3 100 101703 0.003579
229 140 3 100 32751 0.003581
83 302 3 100 92651 0.003582
395 350 3 100 1664140 0.003584
36 301 3 100 1030101 0.003584
140 116 3 100 540524 0.003584
75 121 3 100 696736 0.003585
371 233 3 100 25510 0.003585
271 355 3 100 46380 0.003585
260 62 3 100 2010056 0.003587
113 233 3 100 34475 0.003587
35 241 3 100 814593 0.003587
282 146 3 100 9743 0.003588
380 282 3 100 92577 0.003589
96 200 3 100 1961914 0.003590
363 85 3 100 1976404 0.003590
70 342 3 100 15724 0.003591
51 338 3 100 2401090 0.003593
398 28 3 100 3687 0.003593
355 370 3 100 1760253 0.003594
120 381 3 100 24762 0.003595
308 277 3 100 34385 0.003596
366 189 3 100 2349429 0.003596
21 60 3 100 1667905 0.003597
119 68 3 100 10678 0.003597
248 100 3 100 93724 0.003601
144 47 3 100 47446 0.003601
279 328 3 100 27671 0.003602
339 361 3 100 2027343 0.003602
332 246 3 100 451721 0.003603
323 114 3 100 2284546 0.003604
22 56 3 100 97348 0.003604
246 244 3 100 7428 0.003605
141 373 3 100 2539525 0.003606
344 309 3 100 89061 0.003607
97 342 3 100 89234 0.003608
379 184 3 100 73211 0.003608
71 239 3 100 1674602 0.003608
198 157 3 100 2486322 0.003608
281 375 3 100 75012 0.003608
108 348 3 100 59334 0.003609
300 64 3 100 166221 0.003609
159 378 3 100 2320353 0.003609
252 220 3 100 2136483 0.003610
163 259 3 100 2082325 0.003611
247 205 3 100 24654 0.003611
366 200 3 100 272021 0.003612
313 41 3 100 42218 0.003612
32 316 3 100 41651 0.003612
215 185 3 100 32806 0.003613
324 364 3 100 55798 0.003613
186 291 3 100 1602681 0.003613
348 263 3 100 16106 0.003615
238 183 3 100 378703 0.003615
77 235 3 100 7662 0.003618
62 117 3 100 70918 0.003618
251 107 3 100 60392 0.003618
310 132 3 100 1578473 0.003618
150 360 3 100 521061 0.003619
168 196 3 100 39660 0.003619
47 212 3 100 453885 0.003619
330 150 3 100 1820686 0.003620
391 224 3 100 54669 0.003621
361 190 3 100 70886 0.003622
335 108 3 100 88520 0.003622
203 135 3 100 35457 0.003623
123 366 3 100 435776 0.003623
396 108 3 100 2502930 0.003624
109 22 3 100 2328678 0.003625
361 276 3 100 2433418 0.003625
213 362 3 100 24865 0.003625
220 42 3 100 1986868 0.003625
358 318 3 100 24921 0.003627
96 108 3 100 79547 0.003628
230 168 3 100 1918608 0.003628
124 243 3 100 68409 0.003629
254 228 3 100 2358691 0.003630
26 169 3 100 64040 0.003630
87 352 3 100 1942458 0.003631
79 169 3 100 150102 0.003631
133 368 3 100 2454477 0.003632
54 92 3 100 77250 0.003632
259 89 3 100 14546 0.003633
104 40 3 100 46840 0.003633
161 361 3 100 80536 0.003633
348 44 3 100 2368573 0.003634
318 361 3 100 2458304 0.003635
79 143 3 100 2081918 0.003635
175 68 3 100 96994 0.003637
211 179 3 100 33932 0.003638
359 135 3 100 52576 0.003638
177 183 3 100 29911 0.003639
175 335 3 100 85724 0.003640
382 266 3 100 2047018 0.003641
199 51 3 100 2181072 0.003641
55 335 3 100 67 0.003642
95 287 3 100 879361 0.003643
318 350 3 100 65372 0.003644
325 168 3 100 1913456 0.003645
222 143 3 100 337195 0.003645
323 366 3 100 359392 0.003645
20 55 3 100 93340 0.003646
347 327 3 100 95430 0.003646
112 385 3 100 1592754 0.003646
153 236 3 100 2086729 0.003647
74 353 3 100 90770 0.003647
369 113 3 100 986192 0.003647
343 192 3 100 744372 0.003647
178 113 3 100 2270921 0.003648
378 291 3 100 1910033 0.003649
176 351 3 100 2168061 0.003649
212 352 3 100 5411 0.003650
174 392 3 100 44627 0.003650
232 275 3 100 2567461 0.003651
195 381 3 100 82446 0.003651
174 363 3 100 2171431 0.003652
355 357 3 100 2240583 0.003653
253 210 3 100 50262 0.003654
174 114 3 100 901329 0.003655
117 316 3 100 83843 0.003656
183 344 3 100 2496913 0.003656
256 178 3 100 92697 0.003657
276 309 3 100 72215 0.003658
384 259 3 100 1617169 0.003658
264 365 3 100 1778827 0.003658
260 221 3 100 2334832 0.003659
180 112 3 100 2079511 0.003659
102 367 3 100 11517 0.003659
170 304 3 100 33851 0.003660
107 180 3 100 375461 0.003660
306 125 3 100 94816 0.003660
360 352 3 100 76221 0.003660
182 154 3 100 28439 0.003660
185 230 3 100 104392 0.003661
351 180 3 100 2371750 0.003661
102 128 3 100 29066 0.003662
239 332 3 100 40573 0.003662
237 319 3 100 101638 0.003663
167 205 3 100 745354 0.003663
357 189 3 100 639438 0.003664
324 262 3 100 4112 0.003664
202 296 3 100 1616500 0.003664
83 238 3 100 883757 0.003665
244 225 3 100 1751190 0.003665
189 312 3 100 1959319 0.003665
77 50 3 100 2165680 0.003665
397 82 3 100 87500 0.003665
35 68 3 100 1930501 0.003667
295 306 3 100 1662306 0.003667
88 165 3 100 31059 0.003669
258 285 3 100 655911 0.003669
74 360 3 100 442510 0.003671
208 116 3 100 695928 0.003672
223 306 3 100 2587348 0.003674
266 179 3 100 55327 0.003675
158 205 3 100 2188045 0.003675
183 293 3 100 89223 0.003676
336 229 3 100 1979162 0.003676
59 61 3 100 2556402 0.003676
41 257 3 100 2443015 0.003677
235 82 3 100 926568 0.003677
322 390 3 100 37091 0.003677
378 197 3 100 757749 0.003677
59 102 3 100 84731 0.003678
287 85 3 100 1911366 0.003679
145 194 3 100 88624 0.003681
225 40 3 100 2369009 0.003682
26 333 3 100 61033 0.003682
86 220 3 100 49361 0.003683
215 155 3 100 69670 0.003683
280 247 3 100 864918 0.003684
298 170 3 100 691392 0.003684
85 252 3 100 75978 0.003684
220 29 3 100 883088 0.003684
234 141 3 100 2004052 0.003685
163 167 3 100 5720 0.003686
175 338 3 100 17508 0.003686
354 263 3 100 2192899 0.003686
313 94 3 100 103591 0.003686
94 358 3 100 5766 0.003686
274 383 3 100 54251 0.003687
39 334 3 100 21151 0.003687
370 119 3 100 1779579 0.003687
164 163 3 100 96364 0.003688
308 370 3 100 61280 0.003688
40 293 3 100 935510 0.003689
172 31 3 100 35710 0.003690
73 342 3 100 2540441 0.003690
314 251 3 100 1669099 0.003690
54 59 3 100 80808 0.003692
35 345 3 100 96382 0.003692
86 374 3 100 2111977 0.003696
59 121 3 100 2305747 0.003696
293 259 3 100 32264 0.003697
234 25 3 100 14146 0.003698
340 274 3 100 65979 0.003698
26 290 3 100 100303 0.003698
327 301 3 100 62908 0.003698
128 93 3 100 82950 0.003699
247 200 3 100 1630889 0.003700
91 203 3 100 69761 0.003700
347 265 3 100 18260 0.003701
109 74 3 100 71619 0.003701
297 276 3 100 24092 0.003702
347 369 3 100 19156 0.003705
183 92 3 100 45587 0.003705
133 173 3 100 1715942 0.003705
245 40 3 100 885480 0.003706
246 400 3 100 1854347 0.003706
377 357 3 100 36938 0.003708
233 256 3 100 29224 0.003709
205 137 3 100 327202 0.003710
29 56 3 100 2167635 0.003713
194 237 3 100 2462427 0.003713
53 372 3 100 52832 0.003714
242 103 3 100 15338 0.003714
177 51 3 100 3718 0.003716
42 326 3 100 295154 0.003716
102 298 3 100 2473065 0.003717
307 236 3 100 37382 0.003717
227 183 3 100 589446 0.003718
198 243 3 100 1885053 0.003720
75 226 3 100 53229 0.003720
172 191 3 100 39385 0.003721
196 224 3 100 2028544 0.003722
375 360 3 100 55540 0.003722
74 221 3 100 10599 0.003723
181 336 3 100 10072 0.003723
172 384 3 100 1892079 0.003724
370 99 3 100 50745 0.003724
226 155 3 100 78216 0.003724
41 190 3 100 14033 0.003724
223 221 3 100 1902271 0.003725
173 123 3 100 2519998 0.003725
230 228 3 100 257316 0.003726
209 195 3 100 47658 0.003726
26 361 3 100 30113 0.003727
328 113 3 100 52112 0.003727
344 92 3 100 2206379 0.003727
188 241 3 100 768608 0.003729
162 30 3 100 2490949 0.003730
51 398 3 100 66740 0.003731
254 86 3 100 2187935 0.003732
155 132 3 100 86361 0.003732
58 117 3 100 2196312 0.003733
60 295 3 100 2328565 0.003733
363 312 3 100 2105197 0.003733
251 316 3 100 91248 0.003734
237 303 3 100 2168490 0.003736
293 270 3 100 85644 0.003736
65 226 3 100 39692 0.003737
265 213 3 100 2047433 0.003737
231 134 3 100 35395 0.003737
253 79 3 100 692373 0.003737
35 77 3 100 1638792 0.003738
105 371 3 100 1785507 0.003738
141 268 3 100 432071 0.003738
45 46 3 100 66866 0.003739
105 312 3 100 2292196 0.003740
91 239 3 100 1645624 0.003740
289 47 3 100 876941 0.003741
119 75 3 100 1637013 0.003741
336 340 3 100 1776368 0.003741
91 275 3 100 1005920 0.003741
63 25 3 100 8986 0.003741
195 32 3 100 146410 0.003741
264 150 3 100 61272 0.003742
51 126 3 100 38323 0.003742
265 255 3 100 8024 0.003742
34 237 3 100 2498053 0.003742
147 162 3 100 2433909 0.003743
254 378 3 100 1838974 0.003743
79 324 3 100 855717 0.003743
343 210 3 100 92711 0.003743
350 223 3 100 45528 0.003743
219 284 3 100 812991 0.003744
378 355 3 100 454 0.003745
75 87 3 100 2741 0.003745
378 363 3 100 15158 0.003747
373 206 3 100 1777061 0.003749
361 127 3 100 2093126 0.003750
333 107 3 100 2351844 0.003752
40 309 3 100 90316 0.003752
177 127 3 100 266739 0.003752
337 383 3 100 2269477 0.003753
130 47 3 100 65228 0.003754
132 294 3 100 74501 0.003754
376 330 3 100 57996 0.003754
357 139 3 100 372181 0.003755
30 359 3 100 14834 0.003756
237 169 3 100 88473 0.003757
255 102 3 100 31184 0.003758
149 74 3 100 444439 0.003758
232 322 3 100 84229 0.003759
323 282 3 100 2499242 0.003760
236 101 3 100 99106 0.003760
135 184 3 100 2444706 0.003760
298 233 3 100 2094521 0.003760
337 372 3 100 725855 0.003761
319 220 3 100 2551315 0.003762
370 68 3 100 1637594 0.003764
40 280 3 100 28515 0.003767
70 255 3 100 72005 0.003768
346 256 3 100 31206 0.003768
57 254 3 100 33791 0.003769
229 195 3 100 247883 0.003770
354 325 3 100 61234 0.003770
122 276 3 100 71992 0.003770
329 302 3 100 33498 0.003771
154 224 3 100 2172172 0.003771
361 279 3 100 81555 0.003772
114 356 3 100 22666 0.003772
221 132 3 100 2223562 0.003772
278 126 3 100 79608 0.003774
164 111 3 100 29939 0.003774
102 152 3 100 101819 0.003774
195 227 3 100 2126512 0.003778
215 229 3 100 893914 0.003778
138 320 3 100 51443 0.003778
353 372 3 100 2474371 0.003779
229 151 3 100 2076824 0.003779
104 377 3 100 87963 0.003780
129 229 3 100 1775515 0.003781
360 269 3 100 82536 0.003782
257 200 3 100 42425 0.003782
386 274 3 100 87582 0.003783
42 391 3 100 635147 0.003783
73 262 3 100 97813 0.003783
344 219 3 100 1951943 0.003783
66 220 3 100 401092 0.003784
383 244 3 100 480665 0.003785
188 335 3 100 1706072 0.003785
202 27 3 100 2123833 0.003785
396 113 3 100 83635 0.003786
148 100 3 100 1890947 0.003786
186 329 3 100 12901 0.003786
316 400 3 100 2098925 0.003787
114 160 3 100 18621 0.003787
307 28 3 100 49462 0.003787
352 198 3 100 42858 0.003788
254 283 3 100 259413 0.003789
253 103 3 100 92789 0.003791
138 185 3 100 1557390 0.003791
317 156 3 100 25607 0.003791
196 321 3 100 2091391 0.003793
361 178 3 100 65009 0.003794
274 267 3 100 1552998 0.003795
220 291 3 100 34912 0.003797
159 211 3 100 2464968 0.003797
147 43 3 100 713345 0.003798
66 194 3 100 68055 0.003799
323 115 3 100 37387 0.003800
90 377 3 100 73918 0.003803
269 335 3 100 1883699 0.003803
59 86 3 100 1677499 0.003803
359 237 3 100 2299773 0.003804
132 382 3 100 272011 0.003804
51 272 3 100 61102 0.003804
75 296 3 100 88806 0.003806
92 158 3 100 960637 0.003807
72 122 3 100 955513 0.003807
127 302 3 100 280138 0.003808
371 107 3 100 15278 0.003808
194 344 3 100 2452243 0.003808
283 136 3 100 85557 0.003809
72 78 3 100 1587293 0.003809
122 356 3 100 41612 0.003810
316 331 3 100 18849 0.003810
92 281 3 100 14493 0.003811
389 95 3 100 2117088 0.003812
296 363 3 100 50161 0.003813
30 331 3 100 40660 0.003813
383 42 3 100 1681011 0.003814
338 118 3 100 86339 0.003820
243 333 3 100 19565 0.003822
250 186 3 100 12813 0.003822
177 26 3 100 102528 0.003822
286 23 3 100 646894 0.003823
40 137 3 100 1710703 0.003824
75 269 3 100 82003 0.003826
239 254 3 100 598609 0.003826
370 64 3 100 2057730 0.003827
273 181 3 100 659454 0.003827
246 48 3 100 1002035 0.003830
195 198 3 100 51494 0.003830
51 162 3 100 2382627 0.003830
23 100 3 100 4253 0.003830
365 351 3 100 354915 0.003831
120 68 3 100 55289 0.003831
173 144 3 100 70682 0.003832
250 161 3 100 2234696 0.003832
32 240 3 100 288825 0.003834
280 279 3 100 138463 0.003834
362 105 3 100 306578 0.003836
399 191 3 100 579960 0.003836
110 170 3 100 2374811 0.003837
265 155 3 100 2531059 0.003838
47 247 3 100 28768 0.003840
394 154 3 100 4341 0.003842
222 319 3 100 1007423 0.003842
253 280 3 100 1730651 0.003842
257 349 3 100 30275 0.003842
141 123 3 100 273895 0.003842
69 270 3 100 63248 0.003843
276 34 3 100 26821 0.003844
91 135 3 100 66639 0.003845
161 255 3 100 104253 0.003845
98 207 3 100 80369 0.003846
65 213 3 100 58681 0.003847
286 192 3 100 58528 0.003847
351 38 3 100 44937 0.003849
36 62 3 100 13906 0.003850
219 73 3 100 17439 0.003851
29 318 3 100 70587 0.003851
58 262 3 100 429935 0.003853
381 160 3 100 38949 0.003854
373 321 3 100 1572190 0.003854
247 304 3 100 15328 0.003854
78 243 3 100 217782 0.003855
360 89 3 100 77934 0.003855
228 222 3 100 2289318 0.003857
248 326 3 100 75614 0.003857
390 29 3 100 2224245 0.003858
208 180 3 100 135431 0.003858
84 117 3 100 1034268 0.003858
181 189 3 100 59071 0.003859
114 319 3 100 2037034 0.003859
238 114 3 100 77136 0.003859
303 110 3 100 708656 0.003859
346 25 3 100 813779 0.003860
165 102 3 100 2172873 0.003860
167 66 3 100 84465 0.003860
96 115 3 100 2253187 0.003860
275 96 3 100 2419627 0.003861
219 142 3 100 1929518 0.003861
319 103 3 100 2575043 0.003864
151 80 3 100 15051 0.003866
174 133 3 100 1915 0.003867
394 187 3 100 82035 0.003867
49 204 3 100 69162 0.003868
331 307 3 100 2454008 0.003870
388 291 3 100 76850 0.003870
165 75 3 100 46767 0.003870
189 357 3 100 50038 0.003871
148 218 3 100 101628 0.003872
141 35 3 100 541539 0.003872
291 89 3 100 40260 0.003873
162 168 3 100 2240755 0.003873
277 154 3 100 1840897 0.003874
203 80 3 100 1766002 0.003875
192 171 3 100 1706833 0.003876
132 150 3 100 2149255 0.003876
370 361 3 100 2044541 0.003876
174 393 3 100 1989028 0.003877
265 38 3 100 449453 0.003877
157 318 3 100 2318781 0.003877
214 152 3 100 91551 0.003878
286 336 3 100 21119 0.003879
265 77 3 100 66677 0.003879
387 322 3 100 2201387 0.003879
288 102 3 100 61999 0.003881
50 242 3 100 1859068 0.003882
348 352 3 100 82166 0.003883
69 311 3 100 605143 0.003884
295 370 3 100 1919089 0.003884
233 357 3 100 11256 0.003885
192 340 3 100 549737 0.003885
45 147 3 100 992815 0.003886
196 168 3 100 2044257 0.003886
207 64 3 100 10848 0.003886
143 400 3 100 104650 0.003887
71 293 3 100 27878 0.003887
307 330 3 100 91198 0.003887
315 385 3 100 28350 0.003888
97 312 3 100 2477690 0.003888
216 382 3 100 2182730 0.003888
252 336 3 100 29962 0.003889
35 394 3 100 8304 0.003894
200 401 3 100 2202467 0.003894
204 299 3 100 15641 0.003894
23 383 3 100 2365708 0.003895
294 85 3 100 41735 0.003895
175 233 3 100 133414 0.003896
87 272 3 100 2033922 0.003897
287 277 3 100 1882 0.003898
141 267 3 100 86525 0.003898
138 51 3 100 1594693 0.003899
174 169 3 100 88377 0.003899
92 284 3 100 188779 0.003899
131 89 3 100 27154 0.003899
21 261 3 100 61191 0.003900
55 351 3 100 76224 0.003900
125 124 3 100 592048 0.003902
387 286 3 100 769463 0.003902
264 214 3 100 2338287 0.003903
45 383 3 100 8351 0.003903
194 392 3 100 832178 0.003903
382 262 3 100 2480384 0.003904
388 140 3 100 19663 0.003904
327 266 3 100 81969 0.003905
397 203 3 100 1625759 0.003907
32 152 3 100 26717 0.003911
289 70 3 100 2135033 0.003913
174 279 3 100 25048 0.003913
106 335 3 100 333917 0.003914
172 319 3 100 48234 0.003914
210 190 3 100 136058 0.003914
311 309 3 100 2119186 0.003916
131 373 3 100 2192669 0.003916
234 117 3 100 25426 0.003916
286 53 3 100 1787728 0.003917
22 144 3 100 764622 0.003917
305 252 3 100 97862 0.003917
365 369 3 100 1698968 0.003917
104 348 3 100 281736 0.003919
203 85 3 100 88764 0.003919
181 56 3 100 61275 0.003920
247 275 3 100 97319 0.003920
208 66 3 100 2449453 0.003921
152 283 3 100 1645645 0.003922
246 272 3 100 459720 0.003922
390 378 3 100 2596859 0.003925
156 376 3 100 201326 0.003925
197 85 3 100 171210 0.003926
247 107 3 100 1038235 0.003926
375 317 3 100 856045 0.003927
235 192 3 100 2579439 0.003927
184 176 3 100 91491 0.003927
397 403 3 100 73176 0.003928
313 306 3 100 91672 0.003928
345 331 3 100 12343 0.003929
135 367 3 100 187130 0.003929
131 298 3 100 81994 0.003929
64 272 3 100 33077 0.003930
77 80 3 100 704382 0.003930
310 172 3 100 63890 0.003930
378 374 3 100 2071000 0.003931
328 250 3 100 18641 0.003933
181 77 3 100 79410 0.003933
243 263 3 100 27690 0.003934
46 365 3 100 2465463 0.003936
159 93 3 100 2036084 0.003936
377 401 3 100 94327 0.003936
218 303 3 100 1890052 0.003936
331 255 3 100 78816 0.003937
89 220 3 100 2237571 0.003937
312 355 3 100 2146257 0.003938
166 296 3 100 2592899 0.003938
343 190 3 100 102893 0.003941
189 347 3 100 3038 0.003942
108 204 3 100 19171 0.003942
222 138 3 100 90929 0.003942
341 118 3 100 1948781 0.003942
117 214 3 100 712651 0.003943
302 248 3 100 56029 0.003943
153 231 3 100 104301 0.003944
306 360 3 100 2530067 0.003946
239 131 3 100 1411 0.003946
134 208 3 100 17618 0.003947
238 85 3 100 10058 0.003947
346 23 3 100 948090 0.003948
317 235 3 100 1960355 0.003948
111 39 3 100 2236929 0.003949
118 164 3 100 2591805 0.003950
282 285 3 100 2554865 0.003952
152 134 3 100 2352903 0.003952
303 370 3 100 8776 0.003953
185 247 3 100 98989 0.003953
149 356 3 100 2116558 0.003954
61 374 3 100 55897 0.003955
90 94 3 100 103387 0.003955
302 256 3 100 780265 0.003956
103 367 3 100 99160 0.003956
144 230 3 100 93774 0.003956
304 212 3 100 2104891 0.003956
24 285 3 100 26480 0.003957
25 330 3 100 82075 0.003957
340 298 3 100 61600 0.003958
46 258 3 100 2140905 0.003959
355 51 3 100 5110 0.003959
310 258 3 100 7507 0.003959
83 82 3 100 63688 0.003960
105 61 3 100 9997 0.003960
159 78 3 100 30813 0.003962
319 248 3 100 1739242 0.003964
300 334 3 100 145356 0.003965
345 158 3 100 61341 0.003965
88 96 3 100 2257284 0.003966
140 213 3 100 74570 0.003968
77 191 3 100 35272 0.003970
32 38 3 100 1734168 0.003970
383 214 3 100 2392531 0.003971
380 264 3 100 92860 0.003971
374 146 3 100 19742 0.003973
364 196 3 100 970896 0.003973
132 230 3 100 66766 0.003973
66 50 3 100 65882 0.003973
191 257 3 100 488879 0.003974
393 378 3 100 91238 0.003974
388 368 3 100 49088 0.003976
35 390 3 100 90415 0.003977
300 209 3 100 964283 0.003978
362 176 3 100 1955985 0.003978
32 35 3 100 1900970 0.003979
32 157 3 100 87279 0.003979
114 388 3 100 2067293 0.003979
369 295 3 100 1739086 0.003979
403 332 3 100 5378 0.003980
97 87 3 100 147553 0.003980
267 112 3 100 30089 0.003980
285 185 3 100 79770 0.003981
57 350 3 100 2533602 0.003983
124 185 3 100 2392708 0.003983
100 335 3 100 173248 0.003983
363 120 3 100 14780 0.003983
400 399 3 100 638627 0.003984
69 335 3 100 43970 0.003984
358 197 3 100 1792571 0.003985
221 215 3 100 2034452 0.003985
245 372 3 100 87981 0.003985
362 279 3 100 11320 0.003986
73 121 3 100 2266238 0.003986
356 46 3 100 102640 0.003986
340 208 3 100 346217 0.003988
174 356 3 100 55398 0.003988
151 251 3 100 2298922 0.003989
119 395 3 100 677571 0.003989
132 285 3 100 817191 0.003990
238 33 3 100 1913323 0.003991
388 189 3 100 84607 0.003992
314 136 3 100 2019228 0.003993
208 28 3 100 488149 0.003993
84 153 3 100 750112 0.003993
334 302 3 100 43343 0.003993
22 363 3 100 33070 0.003994
204 211 3 100 2253515 0.003995
297 356 3 100 2352833 0.003995
87 271 3 100 1799553 0.003995
196 271 3 100 42637 0.003995
163 375 3 100 5070 0.003996
388 36 3 100 194702 0.003996
378 133 3 100 711069 0.003998
144 271 3 100 91828 0.004000
31 225 3 100 35181 0.004000
106 230 3 100 741772 0.004001
20 183 3 100 2487214 0.004002
103 175 3 100 2577170 0.004002
295 333 3 100 1595499 0.004003
344 300 3 100 2096320 0.004003
399 242 3 100 931983 0.004004
54 400 3 100 858484 0.004004
130 163 3 100 2342619 0.004005
27 375 3 100 561742 0.004005
183 378 3 100 8799 0.004006
397 198 3 100 18827 0.004007
22 220 3 100 1837460 0.004007
182 359 3 100 245341 0.004007
297 155 3 100 1608504 0.004007
287 233 3 100 550250 0.004008
127 325 3 100 681334 0.004008
147 231 3 100 102133 0.004009
309 67 3 100 56127 0.004009
378 42 3 100 247900 0.004009
95 201 3 100 34537 0.004010
106 112 3 100 104238 0.004011
114 224 3 100 2405392 0.004013
378 395 3 100 49763 0.004013
283 75 3 100 834112 0.004013
22 47 3 100 2330970 0.004014
363 292 3 100 793248 0.004014
31 247 3 100 25147 0.004015
328 239 3 100 75352 0.004015
154 350 3 100 307775 0.004016
34 238 3 100 72520 0.004016
292 62 3 100 170763 0.004017
98 207 3 100 1625451 0.004019
359 364 3 100 1656740 0.004019
244 128 3 100 2113637 0.004019
35 46 3 100 2115722 0.004019
230 337 3 100 430980 0.004020
177 383 3 100 78001 0.004020
263 272 3 100 2027 0.004020
93 295 3 100 1758626 0.004021
128 119 3 100 19574 0.004022
270 349 3 100 58644 0.004022
302 183 3 100 602899 0.004022
374 246 3 100 43873 0.004022
92 38 3 100 26402 0.004023
32 48 3 100 908408 0.004023
360 289 3 100 1766333 0.004023
132 262 3 100 96337 0.004023
97 380 3 100 35680 0.004023
133 239 3 100 83138 0.004024
248 206 3 100 83707 0.004024
274 45 3 100 80399 0.004025
276 364 3 100 901980 0.004025
301 255 3 100 68216 0.004026
261 215 3 100 1773615 0.004026
180 299 3 100 210062 0.004026
279 57 3 100 65086 0.004027
222 182 3 100 977232 0.004027
278 330 3 100 2246564 0.004032
29 97 3 100 11603 0.004033
73 243 3 100 46307 0.004033
135 267 3 100 2589221 0.004033
359 374 3 100 24030 0.004033
20 385 3 100 104847 0.004034
122 211 3 100 54204 0.004034
151 307 3 100 24105 0.004034
122 198 3 100 2212835 0.004035
342 227 3 100 57244 0.004035
246 331 3 100 92829 0.004035
254 93 3 100 86491 0.004035
174 117 3 100 571330 0.004036
282 39 3 100 35885 0.004036
179 318 3 100 11974 0.004036
299 72 3 100 1595577 0.004037
207 91 3 100 173531 0.004039
110 343 3 100 2307900 0.004040
67 213 3 100 1657095 0.004040
322 304 3 100 1876493 0.004040
291 375 3 100 2455777 0.004040
359 347 3 100 652956 0.004041
20 45 3 100 4799 0.004042
78 192 3 100 311031 0.004042
26 344 3 100 22622 0.004043
199 196 3 100 1953748 0.004043
36 105 3 100 907500 0.004044
254 55 3 100 59282 0.004044
132 322 3 100 50351 0.004045
214 192 3 100 21518 0.004045
138 238 3 100 824834 0.004045
50 115 3 100 7970 0.004046
390 68 3 100 369737 0.004046
369 364 3 100 751009 0.004046
198 234 3 100 72104 0.004046
106 158 3 100 1843567 0.004047
53 282 3 100 82322 0.004049
293 59 3 100 24980 0.004049
39 390 3 100 851618 0.004050
230 43 3 100 2098883 0.004050
247 81 3 100 38341 0.004050
57 125 3 100 93311 0.004050
208 257 3 100 825261 0.004050
166 379 3 100 69654 0.004051
195 218 3 100 1927642 0.004051
384 227 3 100 840154 0.004051
368 253 3 100 48185 0.004052
123 174 3 100 411165 0.004052
23 181 3 100 2231522 0.004053
37 51 3 100 49332 0.004053
397 94 3 100 33069 0.004054
280 21 3 100 91428 0.004054
366 117 3 100 693441 0.004055
399 21 3 100 102562 0.004055
280 318 3 100 35471 0.004056
315 143 3 100 460693 0.004056
317 386 3 100 80568 0.004058
64 148 3 100 478796 0.004058
257 283 3 100 767121 0.004059
37 27 3 100 103323 0.004060
374 183 3 100 2377917 0.004060
361 220 3 100 13122 0.004060
397 395 3 100 1904081 0.004061
396 230 3 100 1616857 0.004061
35 73 3 100 22521 0.004061
362 123 3 100 226476 0.004062
401 133 3 100 41295 0.004062
351 213 3 100 16054 0.004063
69 114 3 100 14909 0.004064
98 193 3 100 1638212 0.004065
223 49 3 100 779042 0.004065
113 39 3 100 42916 0.004065
399 134 3 100 1963615 0.004066
334 82 3 100 104333 0.004067
36 118 3 100 31910 0.004067
46 113 3 100 119660 0.004068
91 328 3 100 95723 0.004070
83 163 3 100 98215 0.004073
221 333 3 100 2063486 0.004073
200 324 3 100 1898783 0.004075
232 104 3 100 1699247 0.004076
227 179 3 100 772712 0.004077
34 105 3 100 1820337 0.004078
20 298 3 100 1950913 0.004080
377 370 3 100 55810 0.004080
323 351 3 100 98316 0.004081
216 164 3 100 1702180 0.004081
294 176 3 100 798795 0.004082
150 347 3 100 58772 0.004084
210 338 3 100 1735857 0.004084
109 153 3 100 1706741 0.004085
21 312 3 100 77000 0.004085
372 109 3 100 249984 0.004086
370 294 3 100 1609318 0.004086
234 91 3 100 29729 0.004088
106 217 3 100 1022259 0.004089
191 75 3 100 1789489 0.004089
153 122 3 100 76917 0.004089
239 348 3 100 1593289 0.004089
48 258 3 100 45916 0.004089
60 265 3 100 40496 0.004089
159 162 3 100 2429182 0.004089
355 63 3 100 31323 0.004090
163 170 3 100 92567 0.004090
91 167 3 100 2276758 0.004090
370 142 3 100 2012347 0.004090
304 230 3 100 31938 0.004092
59 267 3 100 66217 0.004093
290 25 3 100 53016 0.004093
289 196 3 100 1576549 0.004093
143 161 3 100 56552 0.004094
312 307 3 100 1862317 0.004096
169 316 3 100 50165 0.004097
257 400 3 100 2378007 0.004097
312 157 3 100 53596 0.004099
296 360 3 100 874287 0.004099
254 330 3 100 99207 0.004099
251 261 3 100 25537 0.004100
172 130 3 100 57069 0.004101
48 178 3 100 90980 0.004102
60 391 3 100 2562484 0.004103
70 399 3 100 2327092 0.004103
240 262 3 100 26185 0.004103
107 57 3 100 27336 0.004104
388 229 3 100 10807 0.004104
182 339 3 100 42932 0.004105
164 49 3 100 69408 0.004106
344 45 3 100 39399 0.004108
242 310 3 100 99372 0.004108
308 353 3 100 4513 0.004109
20 255 3 100 41656 0.004111
332 372 3 100 31368 0.004111
258 328 3 100 992039 0.004112
41 381 3 100 1593647 0.004113
237 46 3 100 268949 0.004114
170 355 3 100 16740 0.004114
124 313 3 100 95651 0.004114
335 61 3 100 2436303 0.004114
248 215 3 100 1045795 0.004115
298 120 3 100 1642791 0.004117
24 130 3 100 71546 0.004117
45 387 3 100 76831 0.004118
277 355 3 100 68584 0.004118
86 192 3 100 1904410 0.004118
290 222 3 100 55269 0.004118
45 50 3 100 2582861 0.004118
285 378 3 100 74789 0.004119
121 370 3 100 1727533 0.004120
58 233 3 100 2384407 0.004122
85 253 3 100 1891463 0.004124
384 88 3 100 2275 0.004124
330 66 3 100 2168986 0.004125
368 399 3 100 8470 0.004125
236 195 3 100 849517 0.004125
154 310 3 100 1871373 0.004125
246 275 3 100 100571 0.004126
105 199 3 100 19709 0.004127
183 102 3 100 1555306 0.004127
62 112 3 100 2370345 0.004128
317 80 3 100 2537991 0.004129
38 141 3 100 2428654 0.004130
218 24 3 100 2243429 0.004132
343 159 3 100 127100 0.004132
74 52 3 100 43563 0.004134
121 296 3 100 465609 0.004134
324 58 3 100 40253 0.004137
319 32 3 100 217505 0.004138
124 190 3 100 46064 0.004139
111 69 3 100 47565 0.004139
281 194 3 100 21628 0.004139
79 352 3 100 16733 0.004140
350 275 3 100 1974028 0.004140
54 377 3 100 62712 0.004142
374 77 3 100 2492495 0.004144
401 368 3 100 42834 0.004144
88 182 3 100 1015281 0.004146
35 84 3 100 86115 0.004148
132 310 3 100 38942 0.004149
210 304 3 100 101631 0.004150
73 177 3 100 51822 0.004151
400 166 3 100 505853 0.004151
342 33 3 100 1844425 0.004152
66 383 3 100 2082442 0.004152
68 268 3 100 9720 0.004152
188 123 3 100 25527 0.004152
101 143 3 100 253593 0.004152
336 112 3 100 2025317 0.004155
328 186 3 100 79654 0.004156
51 371 3 100 2007821 0.004157
54 290 3 100 49876 0.004157
61 302 3 100 99890 0.004160
154 149 3 100 2194119 0.004161
54 96 3 100 220930 0.004162
259 108 3 100 2224554 0.004164
179 166 3 100 2136884 0.004164
128 100 3 100 21514 0.004165
234 37 3 100 935148 0.004165
215 161 3 100 1800223 0.004165
394 392 3 100 35361 0.004167
395 304 3 100 28316 0.004167
304 287 3 100 37153 0.004168
146 152 3 100 88771 0.004168
272 359 3 100 97328 0.004168
166 125 3 100 1024382 0.004169
117 337 3 100 937472 0.004170
295 181 3 100 94370 0.004170
230 180 3 100 92888 0.004171
208 97 3 100 101946 0.004171
394 128 3 100 1626567 0.004171
294 98 3 100 64852 0.004172
101 292 3 100 161603 0.004173
46 52 3 100 54357 0.004174
210 164 3 100 2168012 0.004174
22 370 3 100 180512 0.004175
53 59 3 100 56228 0.004176
81 192 3 100 2509754 0.004176
179 118 3 100 12082 0.004176
43 382 3 100 1867772 0.004176
212 390 3 100 1024550 0.004177
210 389 3 100 852247 0.004177
276 311 3 100 2446104 0.004178
393 199 3 100 22865 0.004178
229 380 3 100 2322906 0.004180
309 100 3 100 97628 0.004180
373 171 3 100 580714 0.004180
393 203 3 100 14297 0.004181
121 399 3 100 12404 0.004182
380 153 3 100 79575 0.004183
301 207 3 100 98186 0.004183
276 76 3 100 9266 0.004184
125 44 3 100 1618895 0.004184
334 225 3 100 84886 0.004184
284 171 3 100 65215 0.004184
304 32 3 100 72242 0.004186
393 235 3 100 61218 0.004186
194 73 3 100 2469495 0.004186
288 108 3 100 2399311 0.004186
77 178 3 100 69558 0.004188
150 41 3 100 29820 0.004188
333 168 3 100 1752556 0.004189
77 251 3 100 84168 0.004190
147 391 3 100 55602 0.004190
87 190 3 100 2307459 0.004190
38 82 3 100 35599 0.004191
248 179 3 100 593632 0.004193
183 99 3 100 33732 0.004193
74 266 3 100 925068 0.004194
359 383 3 100 1654311 0.004194
212 66 3 100 2137341 0.004194
268 264 3 100 2308589 0.004194
159 292 3 100 97987 0.004195
274 241 3 100 2553440 0.004195
51 265 3 100 65859 0.004195
193 207 3 100 15103 0.004196
400 168 3 100 2016380 0.004197
44 299 3 100 2390568 0.004197
236 374 3 100 11227 0.004198
142 398 3 100 95236 0.004198
107 227 3 100 1949109 0.004198
140 171 3 100 2117092 0.004198
254 84 3 100 32542 0.004199
199 354 3 100 1594736 0.004199
71 290 3 100 21460 0.004199
24 64 3 100 2569133 0.004199
320 207 3 100 567948 0.004200
301 24 3 100 436398 0.004200
107 397 3 100 2576277 0.004201
299 60 3 100 2084104 0.004201
325 289 3 100 2426904 0.004203
35 243 3 100 1617276 0.004203
257 92 3 100 101800 0.004204
86 377 3 100 656302 0.004205
150 28 3 100 1646983 0.004206
351 295 3 100 5326 0.004206
330 247 3 100 528268 0.004207
205 173 3 100 1586885 0.004207
148 360 3 100 1791247 0.004208
277 238 3 100 38322 0.004208
36 211 3 100 97426 0.004209
246 91 3 100 2109666 0.004211
112 103 3 100 62697 0.004212
341 337 3 100 87232 0.004213
366 322 3 100 33787 0.004214
398 86 3 100 55710 0.004215
200 169 3 100 988369 0.004215
336 382 3 100 288453 0.004216
318 233 3 100 89630 0.004218
390 254 3 100 31610 0.004219
317 81 3 100 10228 0.004220
191 232 3 100 55344 0.004222
259 114 3 100 54918 0.004223
253 129 3 100 1640648 0.004224
386 236 3 100 67108 0.004227
314 256 3 100 77473 0.004229
336 264 3 100 8775 0.004229
225 111 3 100 72080 0.004230
70 117 3 100 835230 0.004230
114 150 3 100 5100 0.004233
261 153 3 100 73772 0.004233
118 232 3 100 194442 0.004234
99 369 3 100 84761 0.004235
29 314 3 100 1589035 0.004235
399 229 3 100 1725742 0.004236
224 230 3 100 28574 0.004237
293 241 3 100 728024 0.004238
187 23 3 100 14175 0.004239
303 273 3 100 68075 0.004239
71 306 3 100 9343 0.004240
228 194 3 100 46181 0.004240
143 381 3 100 1026845 0.004241
400 95 3 100 97410 0.004241
296 155 3 100 58354 0.004242
79 390 3 100 1792425 0.004243
24 371 3 100 2200410 0.004243
367 94 3 100 78862 0.004243
346 319 3 100 27730 0.004243
55 91 3 100 19716 0.004244
79 122 3 100 2373243 0.004245
33 103 3 100 2510107 0.004246
177 249 3 100 34907 0.004247
205 234 3 100 2570749 0.004247
285 146 3 100 2109096 0.004247
22 208 3 100 42768 0.004249
184 256 3 100 88989 0.004250
50 149 3 100 1625573 0.004250
143 267 3 100 73637 0.004250
264 381 3 100 2055922 0.004251
150 394 3 100 43393 0.004252
110 390 3 100 36063 0.004252
144 56 3 100 102293 0.004252
156 343 3 100 2126396 0.004252
391 123 3 100 55312 0.004252
161 177 3 100 101723 0.004253
177 237 3 100 75025 0.004254
43 357 3 100 203370 0.004254
259 171 3 100 44622 0.004254
73 337 3 100 63303 0.004256
268 84 3 100 2568654 0.004257
380 126 3 100 22506 0.004258
131 158 3 100 2227805 0.004259
252 101 3 100 80707 0.004259
26 387 3 100 442002 0.004260
90 214 3 100 250171 0.004260
30 328 3 100 21312 0.004261
304 57 3 100 2439329 0.004263
323 70 3 100 1686300 0.004265
86 206 3 100 2394268 0.004266
249 385 3 100 2050555 0.004266
86 228 3 100 2099353 0.004266
320 327 3 100 38253 0.004267
238 212 3 100 46622 0.004268
150 334 3 100 1720938 0.004269
377 280 3 100 1759666 0.004271
171 58 3 100 2343794 0.004271
178 209 3 100 2071721 0.004271
192 259 3 100 1745144 0.004273
390 59 3 100 68458 0.004274
62 191 3 100 97305 0.004275
194 235 3 100 1044718 0.004275
325 378 3 100 2159181 0.004275
51 129 3 100 11884 0.004277
100 388 3 100 38587 0.004278
372 103 3 100 70270 0.004279
166 137 3 100 43880 0.004280
113 199 3 100 1785283 0.004280
158 197 3 100 5902 0.004280
318 170 3 100 2367941 0.004280
154 48 3 100 2192543 0.004280
196 132 3 100 50054 0.004280
149 199 3 100 2226300 0.004282
356 85 3 100 1886767 0.004283
227 353 3 100 64507 0.004285
324 397 3 100 20445 0.004285
176 98 3 100 30305 0.004285
95 137 3 100 23473 0.004286
379 97 3 100 1687209 0.004287
399 110 3 100 14794 0.004288
215 380 3 100 2455930 0.004288
173 328 3 100 102942 0.004290
270 384 3 100 2008166 0.004290
402 134 3 100 200699 0.004291
290 234 3 100 2025167 0.004292
307 190 3 100 1034221 0.004293
164 299 3 100 49154 0.004293
71 294 3 100 1892855 0.004294
254 71 3 100 74835 0.004297
112 182 3 100 1618817 0.004299
340 287 3 100 127624 0.004300
274 361 3 100 56450 0.004300
331 88 3 100 2109475 0.004300
85 180 3 100 2081292 0.004301
172 139 3 100 2203606 0.004301
53 132 3 100 1642349 0.004302
99 26 3 100 589255 0.004304
33 346 3 100 59794 0.004305
366 400 3 100 40904 0.004305
225 358 3 100 2181057 0.004306
282 256 3 100 2170429 0.004306
370 57 3 100 50895 0.004307
347 317 3 100 12228 0.004307
389 285 3 100 90617 0.004308
238 390 3 100 56309 0.004309
338 330 3 100 11630 0.004309
177 198 3 100 40486 0.004310
296 79 3 100 1176 0.004310
394 255 3 100 87725 0.004311
173 274 3 100 2041125 0.004312
204 135 3 100 59692 0.004312
93 241 3 100 78934 0.004312
336 163 3 100 8106 0.004313
89 339 3 100 2157438 0.004313
331 384 3 100 86503 0.004314
101 135 3 100 74650 0.004314
179 279 3 100 81198 0.004315
267 180 3 100 99850 0.004316
271 152 3 100 80592 0.004317
236 124 3 100 73550 0.004317
362 215 3 100 21278 0.004318
147 282 3 100 53256 0.004320
44 99 3 100 120672 0.004320
207 165 3 100 95075 0.004320
196 283 3 100 82313 0.004321
295 377 3 100 55245 0.004321
159 256 3 100 2340883 0.004321
201 32 3 100 43740 0.004321
199 153 3 100 38242 0.004322
311 219 3 100 77981 0.004322
126 385 3 100 2578429 0.004323
256 292 3 100 920555 0.004324
176 117 3 100 80635 0.004324
76 378 3 100 101291 0.004325
24 180 3 100 2106 0.004326
378 90 3 100 21174 0.004326
55 300 3 100 73896 0.004326
346 49 3 100 79640 0.004327
137 349 3 100 690405 0.004328
157 35 3 100 1582443 0.004329
396 397 3 100 1693812 0.004329
309 159 3 100 24361 0.004329
283 174 3 100 98368 0.004330
34 68 3 100 1990342 0.004333
167 309 3 100 58775 0.004333
201 122 3 100 2169381 0.004333
311 185 3 100 61036 0.004333
297 210 3 100 36644 0.004334
135 297 3 100 80587 0.004334
274 322 3 100 453318 0.004334
384 265 3 100 53423 0.004335
83 217 3 100 304805 0.004336
129 391 3 100 2421523 0.004336
273 218 3 100 97992 0.004337
349 386 3 100 47499 0.004337
112 28 3 100 683636 0.004337
254 321 3 100 829258 0.004338
77 285 3 100 473391 0.004340
220 167 3 100 47865 0.004341
58 191 3 100 2398624 0.004341
318 220 3 100 381862 0.004344
358 213 3 100 19044 0.004344
256 111 3 100 22486 0.004345
66 238 3 100 62702 0.004345
125 109 3 100 61324 0.004345
325 394 3 100 71785 0.004346
172 55 3 100 88902 0.004346
379 295 3 100 2447790 0.004347
387 96 3 100 47079 0.004347
322 294 3 100 2161852 0.004348
125 153 3 100 1799579 0.004349
322 100 3 100 1804277 0.004349
338 152 3 100 2499729 0.004349
282 345 3 100 2585600 0.004350
108 340 3 100 505748 0.004350
325 268 3 100 460530 0.004350
289 161 3 100 38576 0.004351
387 176 3 100 180526 0.004352
140 157 3 100 370301 0.004353
181 192 3 100 82448 0.004353
403 357 3 100 399468 0.004353
196 338 3 100 56197 0.004353
81 342 3 100 1826466 0.004354
207 365 3 100 30914 0.004354
33 387 3 100 18858 0.004355
337 372 3 100 2512981 0.004355
195 259 3 100 9531 0.004357
206 312 3 100 43739 0.004357
60 243 3 100 2015869 0.004358
320 393 3 100 665531 0.004359
359 140 3 100 38812 0.004361
77 368 3 100 90607 0.004362
387 35 3 100 40865 0.004363
115 63 3 100 1897600 0.004363
165 209 3 100 31405 0.004365
120 398 3 100 60610 0.004365
133 205 3 100 1868007 0.004366
72 388 3 100 2378208 0.004367
33 88 3 100 1955798 0.004370
81 238 3 100 55133 0.004371
350 321 3 100 50342 0.004372
229 256 3 100 2056524 0.004372
333 198 3 100 88157 0.004372
291 121 3 100 100434 0.004373
229 69 3 100 38001 0.004375
122 76 3 100 90933 0.004375
269 400 3 100 919161 0.004375
277 186 3 100 91267 0.004376
91 107 3 100 2125365 0.004376
365 212 3 100 2368230 0.004376
383 318 3 100 84385 0.004377
72 140 3 100 2484535 0.004378
258 265 3 100 2156675 0.004378
114 267 3 100 10531 0.004379
226 290 3 100 78332 0.004380
150 349 3 100 47925 0.004380
230 367 3 100 67382 0.004381
193 239 3 100 2000303 0.004381
43 65 3 100 1906474 0.004381
103 168 3 100 64427 0.004382
255 356 3 100 101903 0.004382
187 164 3 100 1753970 0.004383
386 262 3 100 2160389 0.004383
83 292 3 100 648567 0.004384
171 40 3 100 1858088 0.004384
48 141 3 100 248389 0.004385
262 226 3 100 1839044 0.004385
290 76 3 100 36461 0.004386
280 285 3 100 97274 0.004387
221 180 3 100 1654278 0.004388
38 128 3 100 89787 0.004388
58 59 3 100 808355 0.004388
123 298 3 100 46867 0.004388
246 155 3 100 2290252 0.004389
167 161 3 100 2036914 0.004389
23 353 3 100 36131 0.004389
110 394 3 100 51450 0.004390
92 97 3 100 2184213 0.004391
284 26 3 100 15764 0.004394
35 303 3 100 101471 0.004394
132 215 3 100 36997 0.004394
332 377 3 100 2224740 0.004394
242 82 3 100 59999 0.004395
148 79 3 100 4872 0.004395
199 304 3 100 15945 0.004396
316 368 3 100 1577394 0.004396
336 64 3 100 330548 0.004396
64 231 3 100 179569 0.004396
304 280 3 100 83073 0.004397
357 183 3 100 209078 0.004398
268 233 3 100 104850 0.004398
313 349 3 100 89754 0.004399
400 378 3 100 1867667 0.004400
128 350 3 100 2379983 0.004401
286 23 3 100 800976 0.004401
129 325 3 100 2195528 0.004402
161 269 3 100 832447 0.004402
320 261 3 100 46949 0.004403
272 335 3 100 999224 0.004404
224 389 3 100 93722 0.004404
288 381 3 100 35722 0.004405
182 246 3 100 77526 0.004405
386 275 3 100 67114 0.004405
263 248 3 100 567904 0.004405
146 384 3 100 61874 0.004407
214 323 3 100 323224 0.004407
22 333 3 100 31620 0.004408
179 33 3 100 1858183 0.004408
92 157 3 100 42835 0.004408
93 66 3 100 20642 0.004408
204 157 3 100 13499 0.004409
318 354 3 100 44586 0.004409
134 111 3 100 42067 0.004409
380 179 3 100 14508 0.004410
32 277 3 100 2423862 0.004411
58 388 3 100 79176 0.004411
103 143 3 100 2143329 0.004417
47 90 3 100 97519 0.004417
79 379 3 100 95843 0.004418
268 293 3 100 41026 0.004419
207 253 3 100 12686 0.004420
378 23 3 100 2348674 0.004420
240 89 3 100 87785 0.004421
136 110 3 100 2368539 0.004423
91 162 3 100 40504 0.004423
195 77 3 100 481814 0.004423
61 167 3 100 428909 0.004423
401 351 3 100 61342 0.004423
157 362 3 100 5740 0.004430
29 190 3 100 2031467 0.004431
299 126 3 100 27075 0.004431
290 65 3 100 1950594 0.004431
131 121 3 100 71287 0.004432
322 73 3 100 43883 0.004432
265 25 3 100 1622510 0.004433
85 68 3 100 37021 0.004433
274 65 3 100 24024 0.004433
381 287 3 100 574410 0.004434
158 41 3 100 1963222 0.004434
309 284 3 100 350921 0.004435
106 150 3 100 54346 0.004435
379 37 3 100 46362 0.004436
170 23 3 100 43767 0.004436
46 315 3 100 2597196 0.004437
90 185 3 100 22912 0.004438
84 226 3 100 53792 0.004438
56 119 3 100 17431 0.004439
390 193 3 100 622862 0.004442
77 269 3 100 6156 0.004442
204 239 3 100 90758 0.004442
59 171 3 100 2272122 0.004442
260 295 3 100 82402 0.004443
286 83 3 100 81874 0.004443
317 68 3 100 1562749 0.004444
334 360 3 100 93123 0.004444
31 150 3 100 438167 0.004446
155 300 3 100 100884 0.004447
165 143 3 100 2301015 0.004448
75 366 3 100 1598591 0.004448
172 267 3 100 1564285 0.004449
238 48 3 100 31915 0.004450
141 56 3 100 700 0.004451
290 30 3 100 218708 0.004452
213 146 3 100 27188 0.004453
349 111 3 100 64997 0.004453
210 124 3 100 87036 0.004454
246 192 3 100 44938 0.004454
376 377 3 100 135422 0.004455
380 74 3 100 1803168 0.004455
289 219 3 100 907954 0.004455
331 147 3 100 1873921 0.004456
99 189 3 100 2127930 0.004457
114 196 3 100 91014 0.004457
388 250 3 100 2020623 0.004458
99 314 3 100 2446162 0.004458
286 105 3 100 104494 0.004459
130 403 3 100 177858 0.004459
96 282 3 100 2311260 0.004460
77 106 3 100 919442 0.004460
60 165 3 100 51536 0.004463
106 183 3 100 16352 0.004463
316 58 3 100 75576 0.004463
309 335 3 100 1826351 0.004463
387 333 3 100 33782 0.004464
71 171 3 100 6075 0.004465
213 295 3 100 45302 0.004465
229 132 3 100 649575 0.004466
351 289 3 100 636449 0.004468
76 190 3 100 615467 0.004468
221 141 3 100 53274 0.004468
246 188 3 100 977747 0.004469
315 168 3 100 2575334 0.004469
373 128 3 100 81295 0.004470
81 66 3 100 42248 0.004470
171 243 3 100 100499 0.004470
401 111 3 100 352353 0.004471
289 321 3 100 102506 0.004472
261 322 3 100 34461 0.004472
48 370 3 100 1991221 0.004473
35 211 3 100 85239 0.004473
84 362 3 100 73716 0.004473
114 389 3 100 1987311 0.004474
205 326 3 100 2391305 0.004474
195 208 3 100 2736 0.004475
294 180 3 100 2418310 0.004475
85 349 3 100 358587 0.004475
263 63 3 100 29404 0.004476
258 237 3 100 2346938 0.004476
221 202 3 100 7949 0.004476
142 287 3 100 2411785 0.004476
155 262 3 100 82052 0.004477
335 367 3 100 1821962 0.004477
213 75 3 100 982340 0.004477
123 68 3 100 21850 0.004478
129 237 3 100 1996633 0.004479
87 88 3 100 78733 0.004479
325 187 3 100 883200 0.004482
319 302 3 100 25023 0.004484
265 234 3 100 93307 0.004484
396 80 3 100 1914164 0.004485
343 323 3 100 101132 0.004486
382 217 3 100 1013816 0.004487
215 385 3 100 92931 0.004487
152 336 3 100 92299 0.004488
112 173 3 100 2319368 0.004491
90 310 3 100 103902 0.004491
259 194 3 100 40723 0.004492
281 52 3 100 92283 0.004492
108 50 3 100 217030 0.004492
214 181 3 100 66874 0.004495
347 39 3 100 455141 0.004498
37 93 3 100 1616358 0.004498
249 212 3 100 882717 0.004499
215 236 3 100 92431 0.004500
30 401 3 100 89533 0.004500
146 278 3 100 109487 0.004501
258 160 3 100 21348 0.004503
356 316 3 100 2381197 0.004504
90 109 3 100 81044 0.004505
389 99 3 100 199680 0.004505
348 247 3 100 8995 0.004505
301 129 3 100 45065 0.004506
246 191 3 100 69997 0.004509
48 257 3 100 1740810 0.004509
208 61 3 100 2415301 0.004511
337 357 3 100 70739 0.004512
377 265 3 100 58482 0.004512
139 234 3 100 29440 0.004512
315 326 3 100 28423 0.004513
117 345 3 100 94330 0.004514
131 56 3 100 381854 0.004514
189 264 3 100 649483 0.004514
133 315 3 100 12961 0.004515
298 370 3 100 750856 0.004517
239 121 3 100 606595 0.004518
366 233 3 100 1894529 0.004520
225 361 3 100 19359 0.004520
62 355 3 100 2510127 0.004521
377 177 3 100 14645 0.004522
301 346 3 100 52263 0.004522
164 267 3 100 89044 0.004523
284 326 3 100 60550 0.004523
37 63 3 100 2508601 0.004526
135 306 3 100 73876 0.004527
365 224 3 100 225917 0.004527
368 25 3 100 34221 0.004527
168 386 3 100 75662 0.004528
180 162 3 100 2405951 0.004529
239 119 3 100 20412 0.004530
397 84 3 100 2150746 0.004530
74 200 3 100 83937 0.004531
182 142 3 100 22482 0.004531
244 386 3 100 37849 0.004533
98 179 3 100 2039059 0.004533
395 315 3 100 54440 0.004535
54 164 3 100 597799 0.004536
324 171 3 100 71188 0.004536
25 51 3 100 83859 0.004536
349 223 3 100 767463 0.004538
209 199 3 100 922142 0.004538
211 232 3 100 37080 0.004539
43 344 3 100 97224 0.004539
223 322 3 100 619462 0.004539
228 71 3 100 59797 0.004539
255 268 3 100 38597 0.004539
94 365 3 100 1865076 0.004540
54 345 3 100 2107811 0.004540
348 182 3 100 64296 0.004540
306 334 3 100 62083 0.004541
138 149 3 100 4047 0.004541
50 355 3 100 2475067 0.004542
360 344 3 100 2079065 0.004543
254 348 3 100 6690 0.004545
142 182 3 100 466826 0.004547
82 126 3 100 82295 0.004548
287 247 3 100 11872 0.004549
36 267 3 100 790317 0.004549
219 160 3 100 44416 0.004550
163 239 3 100 443251 0.004551
281 35 3 100 8756 0.004551
105 148 3 100 2426391 0.004551
122 171 3 100 25877 0.004551
156 43 3 100 16464 0.004552
248 399 3 100 43926 0.004552
141 70 3 100 32534 0.004552
318 33 3 100 70278 0.004553
212 232 3 100 6543 0.004553
264 376 3 100 599625 0.004554
254 50 3 100 95347 0.004555
141 120 3 100 26520 0.004555
359 401 3 100 299391 0.004555
198 28 3 100 585452 0.004555
358 120 3 100 37168 0.004555
257 23 3 100 624457 0.004555
126 339 3 100 2378480 0.004555
164 303 3 100 9990 0.004555
159 275 3 100 4309 0.004556
376 186 3 100 503842 0.004556
158 81 3 100 66790 0.004556
272 266 3 100 2563461 0.004557
377 35 3 100 2455040 0.004558
151 152 3 100 75448 0.004558
328 54 3 100 40598 0.004558
192 288 3 100 1707071 0.004559
330 274 3 100 14150 0.004561
391 88 3 100 103299 0.004562
221 47 3 100 1007466 0.004562
60 276 3 100 166528 0.004564
130 255 3 100 72622 0.004564
34 47 3 100 5897 0.004564
368 207 3 100 44363 0.004565
207 155 3 100 40578 0.004566
390 279 3 100 725552 0.004567
168 339 3 100 133895 0.004568
223 330 3 100 1767226 0.004569
302 59 3 100 32577 0.004570
247 198 3 100 1946014 0.004571
239 81 3 100 2288231 0.004572
328 378 3 100 1549534 0.004572
36 350 3 100 27948 0.004572
166 126 3 100 1747568 0.004573
68 27 3 100 69764 0.004574
149 76 3 100 69383 0.004574
65 169 3 100 73909 0.004575
51 71 3 100 907435 0.004575
232 165 3 100 104190 0.004576
256 273 3 100 1654049 0.004577
84 55 3 100 2535693 0.004577
124 60 3 100 178613 0.004578
330 293 3 100 64348 0.004578
291 155 3 100 20734 0.004580
112 257 3 100 66290 0.004581
54 55 3 100 104073 0.004581
177 336 3 100 1574208 0.004581
293 215 3 100 60345 0.004581
355 395 3 100 2361844 0.004582
172 178 3 100 2449181 0.004585
118 69 3 100 340558 0.004585
378 85 3 100 70255 0.004585
253 272 3 100 39958 0.004587
283 362 3 100 36714 0.004587
62 300 3 100 78571 0.004587
185 383 3 100 64299 0.004588
238 215 3 100 34475 0.004588
388 171 3 100 84708 0.004588
69 53 3 100 38488 0.004592
192 91 3 100 2362406 0.004592
219 87 3 100 1908929 0.004593
142 149 3 100 57037 0.004594
263 233 3 100 1637880 0.004595
284 150 3 100 14543 0.004596
142 189 3 100 101863 0.004597
362 34 3 100 32081 0.004598
351 46 3 100 62146 0.004602
383 357 3 100 2162621 0.004603
172 256 3 100 91879 0.004603
377 297 3 100 16446 0.004604
112 144 3 100 2024379 0.004605
39 397 3 100 27159 0.004605
70 324 3 100 2547121 0.004607
291 388 3 100 79646 0.004607
151 51 3 100 2710 0.004607
216 238 3 100 269314 0.004607
133 38 3 100 87295 0.004608
193 266 3 100 1589194 0.004609
28 299 3 100 2214595 0.004610
397 155 3 100 35783 0.004611
327 224 3 100 63530 0.004612
274 23 3 100 20641 0.004612
215 68 3 100 2031634 0.004613
201 343 3 100 7420 0.004613
363 82 3 100 8192 0.004614
248 68 3 100 2389699 0.004614
349 191 3 100 2461394 0.004615
236 90 3 100 74896 0.004616
98 122 3 100 759548 0.004616
346 26 3 100 30968 0.004617
77 348 3 100 21991 0.004618
218 80 3 100 2521442 0.004619
237 208 3 100 1946358 0.004620
294 304 3 100 903535 0.004621
364 81 3 100 101100 0.004622
238 314 3 100 104129 0.004623
251 53 3 100 68333 0.004623
248 170 3 100 2063869 0.004626
135 103 3 100 28423 0.004626
137 192 3 100 1919735 0.004626
324 292 3 100 3962 0.004627
183 344 3 100 66871 0.004627
71 390 3 100 2127291 0.004627
148 289 3 100 872849 0.004628
353 322 3 100 16933 0.004629
321 203 3 100 54950 0.004629
116 118 3 100 57450 0.004629
349 325 3 100 147 0.004629
267 285 3 100 828638 0.004630
402 266 3 100 37670 0.004630
301 390 3 100 187390 0.004631
226 152 3 100 77558 0.004633
348 294 3 100 41819 0.004634
202 84 3 100 2451154 0.004634
173 387 3 100 47117 0.004635
97 193 3 100 1839757 0.004636
260 22 3 100 2543710 0.004639
250 23 3 100 2484627 0.004640
41 193 3 100 44414 0.004640
396 248 3 100 1886521 0.004641
227 129 3 100 48956 0.004641
388 362 3 100 34480 0.004641
312 286 3 100 28718 0.004641
137 179 3 100 78839 0.004643
160 31 3 100 1021153 0.004643
31 203 3 100 24762 0.004643
172 311 3 100 2219306 0.004644
160 277 3 100 13070 0.004644
113 190 3 100 92728 0.004645
395 51 3 100 2298503 0.004645
369 238 3 100 41908 0.004645
55 142 3 100 4304 0.004645
227 95 3 100 2275606 0.004646
396 116 3 100 6668 0.004646
384 96 3 100 646942 0.004647
344 289 3 100 88643 0.004647
178 280 3 100 1036286 0.004647
157 114 3 100 32492 0.004648
347 59 3 100 416231 0.004648
87 323 3 100 1918277 0.004648
377 158 3 100 1696199 0.004649
65 149 3 100 9900 0.004649
131 82 3 100 23333 0.004650
32 69 3 100 1915158 0.004650
72 32 3 100 2342845 0.004650
113 333 3 100 59851 0.004651
74 230 3 100 91482 0.004651
24 64 3 100 1599959 0.004651
329 67 3 100 33603 0.004654
295 257 3 100 15484 0.004654
122 234 3 100 17667 0.004658
365 209 3 100 919882 0.004658
351 321 3 100 2344323 0.004659
222 286 3 100 1871702 0.004660
69 26 3 100 73833 0.004661
367 264 3 100 735296 0.004661
394 247 3 100 12358 0.004662
209 356 3 100 47155 0.004663
296 376 3 100 608066 0.004663
195 340 3 100 2322150 0.004664
179 36 3 100 56409 0.004664
376 293 3 100 2432428 0.004665
339 269 3 100 11906 0.004665
86 142 3 100 1990982 0.004666
36 288 3 100 365702 0.004666
27 44 3 100 29725 0.004666
80 302 3 100 73391 0.004667
275 61 3 100 1819328 0.004668
235 363 3 100 2154240 0.004669
49 257 3 100 771711 0.004669
401 291 3 100 34798 0.004669
78 59 3 100 98225 0.004669
263 186 3 100 44092 0.004670
170 118 3 100 32335 0.004671
400 388 3 100 192729 0.004671
332 184 3 100 48722 0.004671
117 284 3 100 1859593 0.004672
75 27 3 100 30255 0.004672
240 71 3 100 82057 0.004674
334 64 3 100 9606 0.004675
321 255 3 100 89461 0.004676
225 293 3 100 368610 0.004676
87 391 3 100 241470 0.004677
207 42 3 100 2104881 0.004680
220 393 3 100 97356 0.004680
200 226 3 100 1975264 0.004681
232 56 3 100 48063 0.004681
397 131 3 100 2273953 0.004681
215 354 3 100 242266 0.004682
298 219 3 100 2402793 0.004682
320 347 3 100 1723476 0.004683
265 312 3 100 1963428 0.004683
32 151 3 100 86700 0.004683
232 74 3 100 34564 0.004684
83 62 3 100 2253531 0.004686
49 396 3 100 2531380 0.004687
219 45 3 100 93803 0.004688
76 171 3 100 100693 0.004688
377 193 3 100 77498 0.004689
229 383 3 100 1699889 0.004689
135 131 3 100 93392 0.004690
337 49 3 100 13425 0.004690
70 361 3 100 1623056 0.004691
188 295 3 100 30430 0.004691
126 161 3 100 662370 0.004691
70 369 3 100 99572 0.004692
166 250 3 100 64349 0.004695
308 375 3 100 85013 0.004695
342 236 3 100 2483628 0.004696
208 212 3 100 1758105 0.004696
181 374 3 100 187897 0.004698
181 201 3 100 31970 0.004698
178 45 3 100 652424 0.004699
338 42 3 100 1584495 0.004700
365 32 3 100 76046 0.004700
325 67 3 100 8236 0.004702
319 29 3 100 905391 0.004702
158 369 3 100 9575 0.004703
311 108 3 100 75811 0.004704
326 288 3 100 70745 0.004704
100 51 3 100 11792 0.004704
218 168 3 100 45056 0.004705
389 51 3 100 844109 0.004706
361 144 3 100 25429 0.004708
96 49 3 100 74555 0.004708
66 168 3 100 83387 0.004708
72 373 3 100 2345690 0.004708
183 327 3 100 42992 0.004709
61 268 3 100 849089 0.004710
76 321 3 100 24592 0.004711
133 176 3 100 948928 0.004711
226 106 3 100 1821194 0.004711
333 306 3 100 2228720 0.004712
287 370 3 100 2222217 0.004712
65 277 3 100 184351 0.004713
201 75 3 100 413904 0.004713
318 78 3 100 97410 0.004714
41 109 3 100 33936 0.004715
360 255 3 100 87957 0.004716
154 43 3 100 84372 0.004717
23 349 3 100 2584 0.004719
215 297 3 100 857137 0.004720
264 29 3 100 697858 0.004721
397 261 3 100 2158013 0.004722
118 230 3 100 91967 0.004722
347 156 3 100 99973 0.004722
312 154 3 100 101235 0.004723
233 30 3 100 71124 0.004723
309 337 3 100 912038 0.004723
165 400 3 100 2563887 0.004724
371 276 3 100 88975 0.004726
293 402 3 100 52917 0.004726
390 121 3 100 563802 0.004726
288 231 3 100 24992 0.004728
180 299 3 100 2200385 0.004729
329 307 3 100 503704 0.004729
316 308 3 100 2093 0.004729
301 321 3 100 2364020 0.004730
161 176 3 100 2174556 0.004730
297 195 3 100 932876 0.004731
347 137 3 100 72943 0.004731
234 280 3 100 18224 0.004732
33 236 3 100 72212 0.004733
110 153 3 100 1902289 0.004734
251 59 3 100 295426 0.004734
288 163 3 100 85696 0.004734
307 357 3 100 1646459 0.004734
196 319 3 100 58112 0.004734
46 317 3 100 33475 0.004735
226 388 3 100 2063315 0.004736
147 78 3 100 1944117 0.004737
41 192 3 100 2267476 0.004738
394 314 3 100 50090 0.004738
214 322 3 100 975282 0.004738
32 396 3 100 56987 0.004738
31 149 3 100 965828 0.004738
112 305 3 100 1577775 0.004739
112 305 3 100 8817 0.004740
108 283 3 100 1888130 0.004741
311 393 3 100 46172 0.004742
72 149 3 100 302289 0.004742
135 51 3 100 92281 0.004742
341 232 3 100 38968 0.004742
148 300 3 100 84752 0.004743
342 263 3 100 35652 0.004743
68 285 3 100 1691405 0.004744
257 136 3 100 36535 0.004744
213 383 3 100 84922 0.004746
208 248 3 100 97262 0.004747
261 120 3 100 56250 0.004747
40 26 3 100 1758709 0.004749
147 129 3 100 35109 0.004750
257 332 3 100 38601 0.004751
206 88 3 100 89701 0.004752
27 373 3 100 16923 0.004752
160 23 3 100 46367 0.004752
120 280 3 100 93031 0.004754
24 133 3 100 2556249 0.004754
254 161 3 100 129633 0.004755
177 186 3 100 48835 0.004756
337 180 3 100 750062 0.004757
86 339 3 100 29814 0.004757
292 286 3 100 86038 0.004757
177 288 3 100 914459 0.004759
358 37 3 100 26733 0.004759
77 85 3 100 2544216 0.004760
228 179 3 100 65135 0.004760
267 227 3 100 75080 0.004761
359 134 3 100 50312 0.004762
23 315 3 100 30106 0.004762
96 390 3 100 398042 0.004763
311 68 3 100 86330 0.004764
351 257 3 100 650878 0.004764
27 320 3 100 118412 0.004764
94 221 3 100 51709 0.004764
316 214 3 100 48540 0.004765
47 205 3 100 440915 0.004765
179 379 3 100 20062 0.004767
281 172 3 100 80210 0.004767
386 224 3 100 124376 0.004768
260 27 3 100 169262 0.004768
93 37 3 100 89460 0.004769
165 323 3 100 96395 0.004769
177 245 3 100 101066 0.004769
131 206 3 100 741559 0.004770
305 326 3 100 70538 0.004771
247 222 3 100 103402 0.004772
75 153 3 100 545858 0.004772
176 147 3 100 51032 0.004772
319 171 3 100 202411 0.004773
279 281 3 100 2175301 0.004773
34 312 3 100 104374 0.004774
257 269 3 100 75774 0.004775
303 98 3 100 467580 0.004775
392 228 3 100 634164 0.004775
268 128 3 100 14484 0.004775
205 210 3 100 515276 0.004775
51 337 3 100 498464 0.004775
37 231 3 100 1578071 0.004776
341 30 3 100 1939368 0.004776
110 107 3 100 78904 0.004779
226 187 3 100 46299 0.004779
398 251 3 100 997590 0.004779
143 181 3 100 201794 0.004779
181 27 3 100 2079452 0.004780
184 295 3 100 1982178 0.004783
300 337 3 100 511044 0.004783
27 87 3 100 738265 0.004784
245 118 3 100 2493683 0.004784
47 104 3 100 53020 0.004784
376 397 3 100 35972 0.004784
53 329 3 100 40400 0.004786
226 118 3 100 2311165 0.004786
179 356 3 100 2312779 0.004787
212 109 3 100 41952 0.004788
369 296 3 100 2311527 0.004788
383 257 3 100 44560 0.004788
394 184 3 100 2202140 0.004788
209 365 3 100 104766 0.004789
33 154 3 100 1583039 0.004790
192 177 3 100 2052018 0.004790
204 237 3 100 14297 0.004791
241 108 3 100 113322 0.004791
109 186 3 100 50599 0.004792
37 325 3 100 2281055 0.004792
74 375 3 100 90179 0.004794
335 99 3 100 750708 0.004794
346 53 3 100 85848 0.004794
369 318 3 100 930130 0.004796
145 269 3 100 63290 0.004797
91 30 3 100 2234720 0.004797
59 290 3 100 65453 0.004797
94 392 3 100 627760 0.004798
331 360 3 100 1971277 0.004799
154 92 3 100 8723 0.004801
75 86 3 100 20746 0.004802
347 161 3 100 22373 0.004802
85 278 3 100 1967655 0.004802
226 164 3 100 176195 0.004804
63 232 3 100 20462 0.004806
185 196 3 100 58168 0.004806
151 29 3 100 1728 0.004807
226 356 3 100 19265 0.004807
212 147 3 100 38657 0.004808
241 110 3 100 3501 0.004808
393 221 3 100 1995106 0.004809
93 242 3 100 1863680 0.004809
135 134 3 100 2557350 0.004810
38 124 3 100 61679 0.004810
167 208 3 100 2001159 0.004810
117 85 3 100 494814 0.004811
245 393 3 100 32675 0.004811
359 147 3 100 15506 0.004811
93 399 3 100 10901 0.004812
315 382 3 100 1766552 0.004812
26 31 3 100 54752 0.004812
101 269 3 100 67996 0.004814
376 99 3 100 1597763 0.004815
332 32 3 100 2388548 0.004816
189 310 3 100 553552 0.004817
175 52 3 100 695708 0.004817
242 85 3 100 40018 0.004818
370 251 3 100 2355990 0.004820
184 166 3 100 28409 0.004821
401 327 3 100 49641 0.004822
86 222 3 100 66134 0.004822
132 117 3 100 100446 0.004822
256 52 3 100 2531974 0.004822
158 35 3 100 19132 0.004822
106 349 3 100 62489 0.004823
214 93 3 100 18191 0.004823
135 278 3 100 2046341 0.004826
226 293 3 100 17999 0.004826
71 154 3 100 3552 0.004826
188 321 3 100 15239 0.004827
114 312 3 100 75760 0.004828
232 46 3 100 1672009 0.004829
242 302 3 100 49890 0.004829
111 97 3 100 80705 0.004830
147 94 3 100 42953 0.004832
314 200 3 100 25912 0.004832
100 257 3 100 32061 0.004832
60 220 3 100 67911 0.004833
238 169 3 100 29891 0.004833
403 70 3 100 335176 0.004834
83 257 3 100 67439 0.004834
143 89 3 100 1904886 0.004835
151 125 3 100 1759326 0.004836
377 33 3 100 73645 0.004837
352 164 3 100 219754 0.004837
54 233 3 100 57228 0.004838
367 86 3 100 2323312 0.004839
344 197 3 100 94416 0.004840
400 22 3 100 471330 0.004840
257 123 3 100 32395 0.004841
401 230 3 100 104358 0.004841
85 208 3 100 1884729 0.004841
325 226 3 100 93091 0.004841
88 323 3 100 9845 0.004841
43 384 3 100 2416142 0.004842
61 273 3 100 66608 0.004843
305 397 3 100 2030406 0.004845
140 68 3 100 2419478 0.004846
290 381 3 100 51314 0.004846
28 30 3 100 2280370 0.004847
278 145 3 100 33707 0.004848
154 60 3 100 21154 0.004849
334 360 3 100 72635 0.004849
146 331 3 100 62215 0.004851
85 335 3 100 2004298 0.004851
250 245 3 100 47516 0.004852
227 65 3 100 1577394 0.004853
39 53 3 100 1740900 0.004853
326 90 3 100 48895 0.004853
24 304 3 100 808886 0.004853
237 200 3 100 57478 0.004853
377 301 3 100 73554 0.004855
92 354 3 100 1008791 0.004856
40 45 3 100 2533784 0.004856
341 284 3 100 74241 0.004856
273 138 3 100 19704 0.004856
292 32 3 100 53191 0.004857
160 120 3 100 2304808 0.004857
128 204 3 100 767676 0.004858
388 343 3 100 1613119 0.004858
140 248 3 100 52928 0.004858
294 105 3 100 1724456 0.004859
137 142 3 100 1955120 0.004859
140 32 3 100 51360 0.004860
376 305 3 100 976063 0.004861
238 341 3 100 100260 0.004862
250 92 3 100 62041 0.004863
265 347 3 100 34944 0.004863
214 365 3 100 158911 0.004864
303 199 3 100 70310 0.004865
80 178 3 100 35998 0.004866
266 338 3 100 17546 0.004867
312 360 3 100 78737 0.004867
66 30 3 100 1975282 0.004867
276 120 3 100 2016151 0.004868
159 381 3 100 21388 0.004868
395 318 3 100 91238 0.004869
355 174 3 100 499562 0.004869
128 250 3 100 98789 0.004870
365 177 3 100 2352957 0.004870
60 208 3 100 54374 0.004870
403 394 3 100 981544 0.004870
292 333 3 100 792283 0.004871
390 40 3 100 3469 0.004871
171 47 3 100 42837 0.004871
363 378 3 100 89163 0.004872
37 135 3 100 1027398 0.004872
197 54 3 100 14967 0.004873
376 127 3 100 87618 0.004874
249 93 3 100 1935000 0.004874
221 243 3 100 1806815 0.004875
52 76 3 100 1661291 0.004875
172 183 3 100 52383 0.004876
139 131 3 100 43840 0.004876
253 211 3 100 36046 0.004877
283 236 3 100 433648 0.004878
403 72 3 100 714626 0.004878
320 305 3 100 1975946 0.004878
217 99 3 100 3939 0.004880
330 331 3 100 2060169 0.004880
361 241 3 100 4675 0.004880
177 384 3 100 2290279 0.004881
172 400 3 100 834080 0.004881
79 122 3 100 1020989 0.004881
218 78 3 100 1769272 0.004882
142 360 3 100 81416 0.004882
215 341 3 100 23499 0.004883
85 380 3 100 1608249 0.004883
370 28 3 100 31977 0.004883
47 280 3 100 26239 0.004884
233 197 3 100 59228 0.004884
137 21 3 100 346897 0.004885
46 395 3 100 2330293 0.004885
377 350 3 100 447699 0.004886
72 143 3 100 45075 0.004886
166 323 3 100 84326 0.004889
35 115 3 100 18567 0.004890
240 256 3 100 59897 0.004891
401 303 3 100 530472 0.004891
166 123 3 100 56501 0.004891
82 129 3 100 2563959 0.004892
75 34 3 100 1936954 0.004892
239 346 3 100 11070 0.004892
144 233 3 100 407602 0.004892
207 184 3 100 14641 0.004893
96 136 3 100 22176 0.004893
67 225 3 100 1576170 0.004894
360 146 3 100 63843 0.004894
399 350 3 100 19039 0.004894
147 344 3 100 47158 0.004895
88 155 3 100 7912 0.004895
374 190 3 100 6304 0.004896
156 28 3 100 1019848 0.004899
392 390 3 100 63233 0.004900
100 355 3 100 183232 0.004901
267 364 3 100 66672 0.004902
287 90 3 100 54327 0.004902
280 66 3 100 1966189 0.004902
317 97 3 100 99912 0.004904
167 369 3 100 21616 0.004905
270 373 3 100 90783 0.004905
151 294 3 100 61152 0.004905
217 322 3 100 773399 0.004906
95 119 3 100 1662086 0.004909
30 399 3 100 1856492 0.004909
202 394 3 100 64895 0.004910
165 23 3 100 73958 0.004910
348 304 3 100 1646024 0.004910
267 262 3 100 2289646 0.004913
334 144 3 100 772158 0.004914
76 261 3 100 1010033 0.004915
60 391 3 100 2316826 0.004916
76 33 3 100 100207 0.004916
215 199 3 100 2015691 0.004917
343 143 3 100 884276 0.004917
54 32 3 100 56441 0.004917
210 335 3 100 1959208 0.004918
33 160 3 100 670676 0.004919
268 42 3 100 61718 0.004919
187 183 3 100 2153141 0.004919
317 290 3 100 1035105 0.004920
172 156 3 100 53190 0.004921
65 120 3 100 10652 0.004921
366 263 3 100 82859 0.004922
393 204 3 100 1816286 0.004922
259 209 3 100 102419 0.004922
307 214 3 100 1696178 0.004923
138 76 3 100 57761 0.004924
383 306 3 100 79317 0.004924
283 310 3 100 10222 0.004927
328 363 3 100 32894 0.004927
359 291 3 100 1758436 0.004928
364 204 3 100 101233 0.004929
362 308 3 100 2414376 0.004930
303 189 3 100 72860 0.004930
391 230 3 100 86146 0.004931
238 353 3 100 254267 0.004931
192 264 3 100 100687 0.004932
298 154 3 100 29067 0.004932
235 166 3 100 3950 0.004935
298 246 3 100 32502 0.004935
88 115 3 100 9608 0.004935
64 91 3 100 73345 0.004936
65 201 3 100 2316098 0.004938
37 294 3 100 2071954 0.004939
307 121 3 100 39055 0.004939
304 89 3 100 2492662 0.004940
95 256 3 100 1693865 0.004941
398 201 3 100 61151 0.004943
380 266 3 100 89646 0.004943
90 297 3 100 1740885 0.004943
330 208 3 100 2132423 0.004943
207 240 3 100 44495 0.004944
370 134 3 100 708 0.004944
292 134 3 100 37435 0.004945
157 253 3 100 2187576 0.004947
382 302 3 100 849581 0.004947
158 220 3 100 642577 0.004949
306 73 3 100 76829 0.004951
103 110 3 100 2235294 0.004952
372 223 3 100 110083 0.004954
80 78 3 100 1605017 0.004954
353 227 3 100 44950 0.004954
298 258 3 100 2332326 0.004954
170 347 3 100 63245 0.004955
273 103 3 100 1962628 0.004956
224 258 3 100 18980 0.004956
381 290 3 100 104022 0.004957
321 206 3 100 292521 0.004957
287 27 3 100 1775992 0.004958
94 67 3 100 64316 0.004958
220 85 3 100 2517393 0.004959
202 155 3 100 1997 0.004960
211 287 3 100 38950 0.004960
305 120 3 100 77331 0.004960
322 199 3 100 816238 0.004960
173 34 3 100 63302 0.004960
162 366 3 100 274828 0.004960
335 252 3 100 772014 0.004961
360 234 3 100 32225 0.004962
293 355 3 100 1624555 0.004962
266 334 3 100 80387 0.004963
277 259 3 100 18326 0.004963
350 288 3 100 62332 0.004965
262 311 3 100 64206 0.004965
188 191 3 100 54281 0.004968
100 259 3 100 911091 0.004968
134 28 3 100 35536 0.004969
259 106 3 100 27666 0.004969
110 320 3 100 761229 0.004969
26 203 3 100 97519 0.004970
157 110 3 100 59579 0.004970
348 321 3 100 1904187 0.004970
313 255 3 100 2447655 0.004970
207 258 3 100 80759 0.004971
336 68 3 100 99654 0.004971
267 115 3 100 43289 0.004972
293 81 3 100 20733 0.004976
381 56 3 100 78030 0.004976
384 26 3 100 2014846 0.004979
186 400 3 100 637743 0.004979
233 398 3 100 47578 0.004980
258 202 3 100 22645 0.004980
297 196 3 100 1638058 0.004981
381 359 3 100 40415 0.004982
185 55 3 100 470871 0.004983
338 403 3 100 42898 0.004983
149 324 3 100 142594 0.004983
306 361 3 100 89938 0.004984
153 140 3 100 2108814 0.004984
29 195 3 100 2043372 0.004985
37 271 3 100 2437481 0.004985
152 26 3 100 32122 0.004985
69 396 3 100 56225 0.004986
369 320 3 100 388375 0.004986
233 73 3 100 1676385 0.004986
389 51 3 100 13950 0.004986
84 116 3 100 2298381 0.004987
242 304 3 100 48895 0.004988
286 304 3 100 43376 0.004990
242 85 3 100 99342 0.004990
112 250 3 100 67269 0.004991
35 109 3 100 2528463 0.004991
93 99 3 100 454619 0.004992
259 389 3 100 101360 0.004994
253 55 3 100 1925175 0.004994
194 319 3 100 2567590 0.004994
324 194 3 100 1813583 0.004994
292 331 3 100 1951163 0.004994
61 32 3 100 417328 0.004995
44 148 3 100 2300483 0.004996
132 90 3 100 53496 0.004996
325 403 3 100 44418 0.004996
386 244 3 100 16039 0.004997
318 190 3 100 68001 0.004998
154 48 3 100 266796 0.004998
301 62 3 100 1894199 0.004999
227 75 3 100 44364 0.004999
