0a03001b 0a060016 10000 100 25419 11999 17480 17595
0a000012 0a050003 10000 100 59451 4999 28411 28838
0a04001e 0a01001a 10000 100 30995 15999 19216 19440
0a0a0014 0a03001c 10000 100 51538 9999 25804 26229
0a070010 0a000012 10000 100 16226 22999 14334 14561
0a07000a 0a06001c 10000 100 15084 23999 13892 14195
0a020010 0a010017 10000 100 84943 2999 36861 37257
0a0a0011 0a030002 10000 100 65355 10999 30484 30789
0a030008 0a0b000a 10000 100 73015 12999 33135 33317
0a0b0014 0a03000b 10000 100 65232 15999 30384 30750
0a020001 0a0a000a 10000 100 36541 29000 20899 21277
0a06000d 0a010002 10000 100 28540 40999 18337 18640
0a0a001a 0a0b0009 10000 100 94943 20999 40241 40564
0a05001f 0a020002 10000 100 67406 42999 31032 31461
0a050008 0a070012 10000 100 23860 58999 16662 17080
0a090007 0a000010 10000 100 9799 65999 12834 12443
0a0a001a 0a060011 10000 100 14894 65999 13859 14119
0a080009 0a01000e 10000 100 80764 49999 35604 35873
0a08001f 0a0a000f 10000 100 83120 36999 53128 36658
0a050016 0a0a0012 10000 100 62480 65999 29463 29838
0a0b0016 0a0b0008 10000 100 66563 69999 26508 26951
0a090014 0a060001 10000 100 95965 62999 40969 40891
0a00000d 0a0b0003 10000 100 90910 67999 38881 39228
0a07001a 0a070019 10000 100 104259 70999 38946 39398
0a040014 0a03000f 10000 100 8777 98999 12402 12100
0a04001f 0a0b0009 10000 100 7408 101999 11708 11647
0a070010 0a04001a 10000 100 61379 69999 43893 29471
0a0a001d 0a0a000e 10000 100 2044 116999 5217 5644
0a0b0004 0a08001b 10000 100 91758 87999 39271 39514
0a05001b 0a070020 10000 100 55786 82999 45409 27635
0a0a000b 0a0b0018 10000 100 98378 88999 41419 41694
0a080008 0a0a0007 10000 100 19515 116999 15289 15659
0a00000d 0a010006 10000 100 30707 105000 27536 19348
0a00000c 0a06000b 10000 100 43924 108999 23573 23716
0a0b001b 0a0a0017 10000 100 8138 123999 11645 11896
0a070004 0a0b0013 10000 100 102754 96999 43013 43141
0a0b000a 0a05000b 10000 100 57282 119999 27808 28129
0a010007 0a09000b 10000 100 57317 132000 35184 28140
0a070012 0a07000e 10000 100 49123 150999 20747 21186
0a04001d 0a0a0016 10000 100 48117 141999 35718 25104
0a00001e 0a070006 10000 100 81221 152999 35767 36035
0a020008 0a010003 10000 100 76909 129999 60237 34609
0a040012 0a010019 10000 100 38919 146999 44756 22053
0a040009 0a090015 10000 100 79356 136999 61498 35408
0a0b0009 0a050008 10000 100 8035 183999 14825 11863
0a050002 0a000007 10000 100 26898 188999 20065 18083
0a02001a 0a09000e 10000 100 59382 175999 35577 28816
0a090012 0a080019 10000 100 77338 141000 70951 34746
0a060013 0a050007 10000 100 63405 174999 37456 30150
0a07001f 0a0b001e 10000 100 290888 110999 105074 105264
0a0b0009 0a030019 10000 100 57375 172000 45518 28159
0a05001d 0a0a000a 10000 100 513 219000 11039 9379
0a080015 0a02000e 10000 100 57201 203000 28345 28103
0a060010 0a030005 10000 100 263607 101999 130514 96257
0a00001f 0a050002 10000 100 52104 201999 30600 26410
0a08001c 0a0b0015 10000 100 62100 204999 29635 29717
0a070010 0a020010 10000 100 91133 195999 39310 39299
0a000018 0a03000f 10000 100 18232 217999 18066 15233
0a070012 0a070003 10000 100 43988 223999 20009 19496
0a040008 0a06001b 10000 100 74999 184999 62782 33967
0a0b001c 0a04000b 10000 100 100938 175999 74841 42544
0a04000e 0a060018 10000 100 92043 181999 74835 39606
0a060009 0a060006 10000 100 91563 222999 34763 35212
0a060005 0a0a0002 10000 100 104675 215999 45797 43771
0a000019 0a020002 10000 100 8936 248999 12823 12151
0a040004 0a030017 10000 100 536070 14999 262100 186241
0a0a0008 0a07001b 10000 100 97929 241999 42425 41551
0a08000e 0a040012 10000 100 101132 221999 71211 42606
0a01001d 0a020002 10000 100 350975 143000 151792 125106
0a070005 0a050014 10000 100 44445 257000 40943 23883
0a070016 0a000017 10000 100 33876 275999 22707 20393
0a090019 0a080006 10000 100 61062 255999 43271 29369
0a030009 0a0a0017 10000 100 7636 288000 11589 11735
0a040006 0a07000d 10000 100 63019 248000 55505 30026
0a0a0013 0a0a0011 10000 100 608996 101999 205502 206074
0a070015 0a030004 10000 100 22608 291999 16749 16680
0a00000c 0a070003 10000 100 4700 299999 12672 10765
0a000003 0a00000a 10000 100 66918 295000 26622 27064
0a04001a 0a070014 10000 100 71793 275999 48343 32911
0a040019 0a030002 10000 100 1164 313000 12998 9587
0a0b0011 0a010011 10000 100 94559 300999 40225 40441
0a090020 0a020015 10000 100 9118 324000 19546 12225
0a010020 0a090017 10000 100 69779 293000 51198 32251
0a030013 0a050002 10000 100 59998 319000 28696 29013
0a05001e 0a060002 10000 100 79575 288000 62217 35493
0a060010 0a020001 10000 100 93835 299000 52456 40194
0a060014 0a0b000a 10000 100 34609 326000 30008 20643
0a070011 0a080008 10000 100 69962 324000 32227 32309
0a090010 0a03000c 10000 100 627606 105000 251598 216469
0a050003 0a020018 10000 100 39873 342000 22398 22374
0a010013 0a09001f 10000 100 82560 262999 103180 36479
0a07000b 0a050015 10000 100 68797 300999 68625 31921
0a080002 0a0b0009 10000 100 95172 331000 41247 40638
0a060016 0a0a000c 10000 100 736403 97999 275035 252390
0a070007 0a040004 10000 100 3925 355999 17806 10502
0a070007 0a050016 10000 100 401894 125999 251893 141922
0a030017 0a050012 10000 100 28822 348000 38234 18730
0a0a0020 0a06001e 10000 100 91274 346999 43931 39344
0a0a001b 0a05001d 10000 100 599721 130999 265859 207254
0a0a0008 0a060010 10000 100 19516 389999 15975 15660
0a02001e 0a0b0010 10000 100 99068 366000 44254 41930
0a040019 0a070003 10000 100 62848 360000 53388 29956
0a00001b 0a08001a 10000 100 86226 366999 54347 37683
0a00001d 0a05001e 10000 100 295736 243999 177378 106876
0a08001d 0a02000a 10000 100 422957 253999 168968 148877
0a080011 0a000019 10000 100 73835 389999 33913 33595
0a030007 0a00000a 10000 100 25017 406000 20798 17466
0a08000c 0a080015 10000 100 56801 404000 24699 23720
0a0a0012 0a040020 10000 100 63261 377000 62250 30104
0a000005 0a040008 10000 100 46968 397000 51950 24721
0a06001a 0a070017 10000 100 8407 436999 16049 11982
0a08001f 0a040010 10000 100 996624 46999 416257 338334
0a010015 0a05000d 10000 100 87913 366999 100814 38238
0a030003 0a070017 10000 100 266811 348000 120310 97313
0a090004 0a08000f 10000 100 17033 440000 30462 14834
0a010008 0a090002 10000 100 513335 167999 311302 178735
0a000009 0a00000d 10000 100 534697 128999 352563 181546
0a01001d 0a010003 10000 100 393301 248999 235193 134856
0a0b001a 0a09000f 10000 100 40363 444000 40648 22530
0a080015 0a020012 10000 100 71926 426000 59805 32953
0a060006 0a070017 10000 100 28916 456999 30862 18760
0a080013 0a04000a 10000 100 7245 465000 31487 11595
0a060004 0a06000c 10000 100 57559 476000 23803 23977
0a01000f 0a0a0015 10000 100 19072 480999 27031 15502
0a0b0017 0a020016 10000 100 80995 451999 61249 35947
0a040005 0a090010 10000 100 85687 442000 84244 37510
0a05000c 0a08000e 10000 100 75442 442000 86656 34124
0a0a0013 0a000006 10000 100 4198 522000 10430 10589
0a090012 0a040019 10000 100 69807 438999 94380 32260
0a040012 0a020015 10000 100 72826 436000 97896 33256
0a0b0020 0a01001b 10000 100 769919 41999 493652 263469
0a020013 0a010007 10000 100 39777 478999 58110 22343
0a090019 0a060002 10000 100 5760 506000 31377 11104
0a00001b 0a04001d 10000 100 9767 524000 20370 12432
0a0b001f 0a060003 10000 100 739434 29999 515052 253391
0a0b0018 0a09001c 10000 100 32854 515999 34421 20051
0a080003 0a030020 10000 100 164034 415999 137948 63380
0a09000c 0a09001d 10000 100 32965 532000 26782 15846
0a06000b 0a08001d 10000 100 84828 449999 113773 37220
0a0b0003 0a0a000e 10000 100 406925 406000 158319 143593
0a090012 0a040001 10000 100 485931 161000 405067 169674
0a08000a 0a04001e 10000 100 42156 536000 33126 23135
0a040005 0a020015 10000 100 62558 480999 89500 29863
0a09000d 0a090013 10000 100 55651 549000 23177 23352
0a08000c 0a06001b 10000 100 29218 529999 43162 18856
0a05000d 0a050014 10000 100 5352 567000 6305 6734
0a040004 0a0a0014 10000 100 79355 528999 45684 35407
0a03001b 0a050017 10000 100 82809 494999 82903 36559
0a080004 0a0b001b 10000 100 814 556999 23791 9475
0a070001 0a02001e 10000 100 89031 506000 77509 38611
0a030018 0a00001e 10000 100 52649 550999 38829 26600
0a08001a 0a010005 10000 100 81055 478999 112384 35982
0a090019 0a080019 10000 100 95774 476999 117605 40830
0a050020 0a030006 10000 100 90137 494999 103168 38980
0a06001d 0a090007 10000 100 906469 69999 529157 308562
0a030009 0a04000f 10000 100 4786 577999 23606 10792
0a040016 0a020005 10000 100 32147 559999 42944 19824
0a06000b 0a0a0013 10000 100 52812 559000 46390 26652
0a02000b 0a05000f 10000 100 62071 515000 91682 29707
0a01000b 0a08001d 10000 100 64790 518000 90571 30608
0a040010 0a09000b 10000 100 84168 536000 73648 37009
0a060016 0a050014 10000 100 88771 491000 119343 38528
0a01000b 0a04001e 10000 100 67613 543999 73386 31542
0a010004 0a0a0001 10000 100 14932 599000 20151 14131
0a090009 0a030011 10000 100 34080 599000 30693 20458
0a050010 0a030005 10000 100 79508 534999 100352 35472
0a070005 0a01001d 10000 100 470607 257999 389934 164617
0a0a000f 0a080008 10000 100 10493 626000 23719 12665
0a050015 0a020016 10000 100 8604 638000 14108 12045
0a05000c 0a09001d 10000 100 40149 630000 23700 22462
0a060007 0a070016 10000 100 44209 599999 58840 23807
0a0b0015 0a010001 10000 100 397841 366000 294161 140594
0a010008 0a080016 10000 100 102851 542999 120093 43172
0a030020 0a04001b 10000 100 97054 577999 85450 41255
0a0b000f 0a0a0010 10000 100 66675 614999 53242 31227
0a08000d 0a040010 10000 100 45501 617999 59299 24236
0a01001e 0a03001e 10000 100 230249 494999 185172 85245
0a040018 0a010018 10000 100 342044 513000 168134 122171
0a020011 0a0b0015 10000 100 95916 640000 41559 40876
0a0b0010 0a050007 10000 100 43597 616000 71645 23611
0a07000a 0a03001b 10000 100 30756 644999 53107 19364
0a0a0014 0a050005 10000 100 3340 678000 31558 10314
0a05001b 0a090003 10000 100 52302 617000 93347 26474
0a02001d 0a020010 10000 100 29879 699999 14394 14828
0a040003 0a0b0020 10000 100 5328 692000 25291 10966
0a030003 0a010002 10000 100 48439 652000 68733 25207
0a090011 0a080012 10000 100 334532 404999 317805 119690
0a0a0003 0a030010 10000 100 30390 681999 44242 19247
0a070020 0a060010 10000 100 66968 638000 90916 31320
0a060008 0a060013 10000 100 721769 362999 368459 243329
0a03000c 0a070003 10000 100 63170 649999 85182 30074
0a04000e 0a02000c 10000 100 439924 402999 337515 154491
0a01000e 0a08000b 10000 100 55760 671999 69476 27626
0a01000a 0a040014 10000 100 66689 680000 63567 31231
0a04000e 0a09001c 10000 100 19166 707999 38130 15532
0a06001d 0a06000d 10000 100 749603 415000 332066 252512
0a0b0018 0a08001d 10000 100 95131 625000 123756 40624
0a090012 0a01001e 10000 100 77236 659999 92799 34714
0a04001a 0a000001 10000 100 93285 672999 81605 40018
0a090008 0a050018 10000 100 74590 616000 140393 33836
0a050016 0a09001f 10000 100 72667 596999 159954 33206
0a03001e 0a06001c 10000 100 64192 662000 103620 30401
0a040013 0a080019 10000 100 10049 732000 34006 12523
0a00001b 0a040016 10000 100 32589 711999 54456 19966
0a060012 0a0b0003 10000 100 31565 694999 71673 19638
0a040012 0a040014 10000 100 56246 724999 43948 23542
0a08000e 0a0b0012 10000 100 82653 693999 76321 36509
0a05001d 0a0a0002 10000 100 65815 668999 104550 30936
0a060018 0a01001a 10000 100 536155 497000 276720 186268
0a05000a 0a020014 10000 100 101159 698999 78910 42615
0a020014 0a070013 10000 100 45545 723000 57128 24250
0a0b0001 0a040019 10000 100 55360 708999 76933 27483
0a05001b 0a07000b 10000 100 939128 68999 724887 319351
0a060020 0a020007 10000 100 117046 649999 149014 47868
0a060002 0a080006 10000 100 44993 720999 81579 24058
0a000015 0a000013 10000 100 380914 564999 242077 130753
0a08001c 0a060010 10000 100 77458 675999 133094 34785
0a0b0020 0a030013 10000 100 96217 662999 149283 40987
0a03001b 0a0a0012 10000 100 44866 742999 71153 24017
0a03000d 0a010014 10000 100 95570 690999 125644 40765
0a0b001b 0a06000b 10000 100 89042 694999 129647 38615
0a080006 0a020016 10000 100 8828 784999 41661 12117
0a080005 0a0a0009 10000 100 99315 728000 106271 42009
0a070019 0a010006 10000 100 20108 800999 35446 15849
0a0a0016 0a0a001a 10000 100 2169327 118999 721448 721370
0a060004 0a050004 10000 100 34284 822999 22202 20524
0a090020 0a050016 10000 100 91418 683000 167401 39390
0a030013 0a0b0008 10000 100 84791 715999 137851 37208
0a090004 0a010005 10000 100 11532 818999 35731 13013
0a0b0020 0a07001e 10000 100 77353 739999 116934 34751
0a01000b 0a050015 10000 100 173328 736000 122526 66446
0a080011 0a080020 10000 100 38449 845000 17227 17663
0a0b0015 0a050004 10000 100 98200 671999 194701 41637
0a090019 0a050015 10000 100 99153 797999 70492 41958
0a010002 0a020009 10000 100 61945 748999 125178 29667
0a0a0009 0a05001e 10000 100 82672 770999 110393 36515
0a0b001d 0a07001a 10000 100 19047 848000 38339 15494
0a05000a 0a070004 10000 100 8026 844000 45227 11860
0a04000a 0a000008 10000 100 85640 775999 117122 37495
0a070003 0a08001c 10000 100 82699 756999 136298 36523
0a0b0019 0a030011 10000 100 25900 852000 43352 17764
0a00001e 0a000006 10000 100 101598 857000 38444 38515
0a0b0015 0a02001d 10000 100 22427 854999 41857 16607
0a03001b 0a0a0019 10000 100 50156 850999 53166 25772
0a090008 0a05000c 10000 100 232078 707999 200773 85845
0a04001e 0a010003 10000 100 1659581 48999 866165 557269
0a0b000c 0a070016 10000 100 20326 877999 39942 15919
0a070018 0a01000f 10000 100 54749 846999 71873 27288
0a00000e 0a030003 10000 100 1084 897000 27739 9562
0a02000f 0a000009 10000 100 963461 282999 656205 327384
0a05000c 0a010009 10000 100 166696 696000 244978 64263
0a05000e 0a090015 10000 100 35081 919000 24242 20794
0a080010 0a0a0020 10000 100 81822 840999 108956 36227
0a090004 0a010002 10000 100 97288 794000 158407 41330
0a090011 0a080014 10000 100 27470 938999 19329 18282
0a000019 0a080018 10000 100 33151 899999 65948 20161
0a070005 0a0b000b 10000 100 519613 424000 544191 180806
0a040001 0a0a0013 10000 100 266839 738000 230653 97322
0a01000a 0a090008 10000 100 2251490 2999 966246 752732
0a090003 0a09001f 10000 100 2101587 13999 956092 699002
0a04001c 0a03000f 10000 100 2395 925999 45466 9997
0a02000f 0a00000f 10000 100 926244 317999 656144 315090
0a03000c 0a03000a 10000 100 19266 961999 13192 11324
0a08001e 0a020003 10000 100 13124 947999 28982 13537
0a020020 0a0a0004 10000 100 16186 962999 17157 14548
0a05001f 0a010006 10000 100 12528 943999 43903 13347
0a06001a 0a060013 10000 100 54277 966999 25426 22896
0a060020 0a03000f 10000 100 7071 951000 42064 11539
0a03001f 0a080010 10000 100 965103 239000 757216 327924
0a080014 0a050004 10000 100 44605 884000 112934 23934
0a040020 0a0a000e 10000 100 1524 966999 31781 9718
0a070013 0a0a0002 10000 100 1019771 418999 583300 345971
0a0b001f 0a0b001b 10000 100 11513 995000 9346 8767
0a03001e 0a040018 10000 100 80425 852000 153157 35765
0a020003 0a020009 10000 100 910769 568000 441115 305744
0a040005 0a0a001a 10000 100 25257 992000 20268 17543
0a080013 0a030006 10000 100 56001 953999 58771 27704
0a090016 0a010020 10000 100 23201 971999 55282 16870
0a080005 0a03000c 10000 100 64542 949999 78723 30529
0a030012 0a040020 10000 100 54645 982999 55293 27254
0a090012 0a030001 10000 100 51296 934000 111078 26152
0a030007 0a0a0003 10000 100 51614 999000 51609 26254
0a020015 0a0b0013 10000 100 503526 560999 494049 175489
0a0a0019 0a080006 10000 100 20271 1015999 39623 15901
0a020007 0a09001f 10000 100 63257 925999 131374 30102
0a060010 0a00000a 10000 100 60050 964000 99965 29045
0a070004 0a05001d 10000 100 34386 992000 74325 20556
0a050001 0a090020 10000 100 92680 854999 213285 39809
0a09001c 0a0b0015 10000 100 145219 814000 255092 57160
0a000007 0a00001a 10000 100 962076 717999 353707 322685
0a040013 0a080020 10000 100 75343 947000 126400 34093
0a000002 0a050020 10000 100 58338 1046000 28213 28467
0a040013 0a09000e 10000 100 5332 1028000 57648 10967
0a070014 0a0b001d 10000 100 90122 1023999 64427 38976
0a09000c 0a03000a 10000 100 1583321 1999 1088331 532082
0a010011 0a0a0017 10000 100 52419 1036000 56664 26511
0a040018 0a0b0015 10000 100 104785 989000 103721 43806
0a02001e 0a08001c 10000 100 91973 900999 200675 39583
0a09001e 0a090020 10000 100 44579 1082000 19794 19686
0a050010 0a05000c 10000 100 19284 1092000 19396 11330
0a0a001d 0a0b001b 10000 100 14437 1077999 35170 13973
0a010008 0a010002 10000 100 1771118 407000 708809 589857
0a07000c 0a03000c 10000 100 79317 1056000 60847 35395
0a060012 0a07000b 10000 100 984 1110000 8870 9530
0a080007 0a05000f 10000 100 78483 977999 143851 35128
0a030011 0a020001 10000 100 7417 1075999 46309 11650
0a000016 0a040017 10000 100 73263 1031000 94961 33396
0a080005 0a030009 10000 100 924 1116999 8966 9511
0a020012 0a040008 10000 100 22237 1070999 55360 16546
0a03001e 0a03000f 10000 100 85126 1090000 40207 33075
0a05000b 0a010002 10000 100 45346 1054999 81791 24186
0a070017 0a080020 10000 100 89581 961999 174820 38787
0a010017 0a09000f 10000 100 54370 1036000 101083 27166
0a060004 0a05000c 10000 100 253020 680999 458698 92762
0a07000e 0a0b0001 10000 100 90838 1111999 39070 39205
0a0a0018 0a030019 10000 100 59801 1103999 54261 28950
0a070004 0a0a000b 10000 100 26677 1124999 34027 18013
0a0a0019 0a0b0004 10000 100 81924 1092000 69814 36260
0a030005 0a090005 10000 100 17484 1139999 27990 14979
0a08001d 0a060010 10000 100 71006 979000 193199 32659
0a070014 0a080017 10000 100 149755 992000 183233 58657
0a060004 0a0a001d 10000 100 47642 1108000 73034 24936
0a05000f 0a090002 10000 100 98968 969000 213484 41883
0a010010 0a020016 10000 100 5069 1131000 52803 10883
0a05000d 0a02000e 10000 100 57881 1080000 104496 28320
0a050001 0a03000c 10000 100 29779 1137999 46690 19036
0a040012 0a060001 10000 100 643639 460000 725282 221769
0a07001b 0a07000f 10000 100 1791878 592999 601105 596716
0a010011 0a010008 10000 100 38514 1177000 17418 17683
0a070001 0a080019 10000 100 51406 1152000 43193 26187
0a080018 0a00001f 10000 100 41155 1118000 78253 22799
0a080012 0a080011 10000 100 60001 1165000 31293 24790
0a020020 0a0b0013 10000 100 11046 1146000 51827 12857
0a0b001b 0a000015 10000 100 297693 810999 387205 107518
0a04001d 0a0b0008 10000 100 47489 1139999 60109 24888
0a060014 0a07000c 10000 100 87830 1132999 70143 38211
0a06001b 0a06000a 10000 100 1813373 447999 755335 603809
0a080010 0a020004 10000 100 58777 1080999 123859 28623
0a01001e 0a06000e 10000 100 24844 1147999 61074 17411
0a08000c 0a060009 10000 100 64882 1015000 196762 30638
0a060009 0a010002 10000 100 31668 1116000 100940 19671
0a040010 0a05001c 10000 100 62446 1113999 107190 29827
0a000014 0a030008 10000 100 49054 1095000 127544 25404
0a07001b 0a070018 10000 100 101297 1178999 43842 38419
0a08000c 0a020009 10000 100 32631 1146000 76880 19979
0a070014 0a010014 10000 100 96160 1083999 141877 40969
0a000011 0a0a0018 10000 100 88931 1118999 112119 38579
0a09000f 0a06001b 10000 100 103965 1051000 183376 43544
0a05001f 0a080013 10000 100 93765 968000 267642 40172
0a080002 0a020015 10000 100 13906 1170999 65000 13803
0a030015 0a060013 10000 100 95170 1131000 105742 40637
0a050002 0a040002 10000 100 55781 1146000 92816 27633
0a030003 0a05001a 10000 100 85707 1188999 50260 37517
0a0b001e 0a020017 10000 100 271940 850999 389473 99016
0a0a000f 0a00001f 10000 100 99004 1108999 134807 41910
0a02000a 0a080008 10000 100 40309 1129999 115031 22513
0a06000b 0a060020 10000 100 20813 1229000 16109 11835
0a020016 0a060009 10000 100 70623 1101999 155447 32536
0a05000a 0a070010 10000 100 55557 1216999 43354 27561
0a050003 0a060018 10000 100 48309 1213000 48014 25165
0a0b001a 0a01001d 10000 100 65326 1121000 140695 30780
0a0b0012 0a040019 10000 100 714668 1018999 244870 245220
0a00000d 0a010006 10001 100 358060 836000 433038 127450
0a020006 0a03000f 10000 100 88603 1172000 102584 38474
0a020005 0a010019 10000 100 9595 1268000 12100 12377
0a040007 0a010017 10000 100 1567918 147999 1137393 527000
0a010011 0a060017 10000 100 28708 1229999 56217 18693
0a080018 0a040006 10000 100 4477 1244000 43474 10678
0a020005 0a090012 10000 100 1786534 27999 1262353 599200
0a020009 0a06001b 10000 100 41719 1268999 22884 22980
0a060008 0a02001c 10000 100 401307 747999 547594 141734
0a04000a 0a02001d 10000 100 87983 1144000 153315 38260
0a080006 0a0b001d 10000 100 22696 1263999 47810 16708
0a050002 0a09001b 10000 100 99531 1234999 76876 42079
0a060010 0a050014 10000 100 28325 1244000 71827 18555
0a07000f 0a090006 10000 100 17956 1270000 46226 15130
0a010018 0a030001 10000 100 78878 1165000 157608 35255
0a0a0016 0a000005 10000 100 100043 1216000 107353 42242
0a090017 0a02000b 10000 100 39796 1216000 108450 22349
0a0b0019 0a060006 10000 100 89958 1232000 96230 38908
0a040009 0a0a000f 10000 100 102826 1229999 99459 43164
0a090013 0a04000c 10000 100 84961 1255000 79251 37263
0a050007 0a050008 10000 100 1005544 930000 406789 337040
0a0b000b 0a020019 10000 100 83529 1191999 150198 36789
0a01001a 0a0a000c 10000 100 75474 1250000 101438 34135
0a02001d 0a090007 10000 100 92214 1167000 185804 39660
0a000019 0a03001b 10000 100 26485 1299999 53900 17951
0a07001e 0a03000e 10000 100 889927 568999 787701 303100
0a000004 0a020002 10000 100 8142 1337999 22346 11897
0a07001d 0a0a001a 10000 100 1357 1325999 34840 9649
0a050003 0a09000b 10000 100 36079 1327000 35876 21129
0a050015 0a09001f 10000 100 41785 1242999 126825 23001
0a090002 0a02001e 10000 100 28777 1337999 33025 18715
0a060017 0a020011 10000 100 58619 1327000 46651 28572
0a0a000b 0a090019 10000 100 100785 1231000 146055 42495
0a00000e 0a030012 10000 100 66371 1270000 110741 31129
0a000001 0a02001e 10000 100 9818 1350999 31507 12449
0a00001c 0a040002 10000 100 97868 1234999 150254 41531
0a09000e 0a0b0003 10000 100 92560 1219999 166029 39771
0a0a000b 0a020015 10000 100 2538601 400000 988457 847556
0a03001c 0a060018 10000 100 63662 1191999 197150 30232
0a020009 0a040014 10000 100 58017 1312000 80328 28364
0a00000c 0a02001e 10000 100 91198 1173999 219129 39320
0a0a0001 0a030007 10000 100 79681 1229000 166034 35527
0a090005 0a060012 10000 100 54147 1340999 56160 27095
0a060015 0a030003 10000 100 102092 1105999 292361 42929
0a030005 0a000020 10000 100 82264 1183999 216510 36369
0a050001 0a040012 10000 100 70825 1358999 42328 32601
0a000018 0a00001c 10000 100 125485 1307000 94428 46405
0a04001e 0a070008 10000 100 41764 1325000 80336 22994
0a0a0017 0a010020 10000 100 62524 1322000 84856 29852
0a040003 0a09001b 10000 100 81384 1320999 89723 36087
0a030001 0a0b0017 10000 100 123146 1100999 309889 49881
0a00001c 0a060014 10000 100 79447 1255999 155158 35437
0a0b0012 0a050005 10000 100 35136 1368999 43297 20812
0a090002 0a07000e 10000 100 80896 1296000 116670 35916
0a010005 0a070013 10000 100 87724 1258000 156714 38177
0a05001d 0a0a0006 10000 100 53066 1325999 89032 26734
0a0b0004 0a0b0007 10000 100 32331 1391000 27229 15643
0a00001f 0a040011 10000 100 8706 1384000 39549 12078
0a09001a 0a08000d 10000 100 22166 1364999 58713 16523
0a070006 0a0a0004 10000 100 28010 1374000 52687 18455
0a050020 0a07001f 10000 100 32441 1314000 117832 19919
0a000003 0a020015 10000 100 27783 1371999 60786 18382
0a00001f 0a090008 10000 100 718978 559000 879450 246645
0a090013 0a070006 10000 100 5853 1420000 35106 11134
0a0a0011 0a070001 10000 100 357 1415000 40367 9329
0a09000a 0a090020 10000 100 87477 1420000 44300 33858
0a070015 0a0b0015 10000 100 90248 1271999 193664 39016
0a020013 0a080004 10000 100 48885 1314999 152868 25350
0a01000f 0a05001c 10000 100 16307 1454999 18158 14587
0a040017 0a05001f 10000 100 64064 1319999 153424 30360
0a0a0015 0a0a0001 10000 100 999 1469000 4708 5295
0a090006 0a0b0002 10000 100 850424 576000 898331 290044
0a050018 0a050014 10000 100 20599 1461999 13187 11766
0a040018 0a0b0005 10000 100 97847 1333999 142614 41524
0a02001c 0a090011 10000 100 80479 1296999 180391 35782
0a0b0014 0a0a000d 10000 100 81488 1433999 48027 36120
0a020006 0a060019 10000 100 53940 1374999 114193 27013
0a0b0009 0a000001 10000 100 54330 1386000 108628 27153
0a07001c 0a04000b 10000 100 103301 1358999 136563 43316
0a09000f 0a05001f 10000 100 89017 1435000 63912 38607
0a07000e 0a0a000d 10000 100 23293 1443999 55090 16899
0a04000a 0a08001f 10000 100 367612 714000 785390 130614
0a050004 0a070020 10000 100 92027 1464000 40332 39600
0a090011 0a00001f 10000 100 38099 1476000 30667 21791
0a03001f 0a080013 10000 100 65909 1353999 152761 30966
0a070005 0a09000b 10000 100 38838 1443999 71304 22027
0a050010 0a00000d 10000 100 98420 1389000 127426 41708
0a05001f 0a090011 10000 100 61718 1350999 166526 29594
0a05000e 0a06001a 10000 100 8598 1472000 45910 12043
0a030007 0a090014 10000 100 94023 1469999 51278 40255
0a010020 0a0b0006 10000 100 45257 1490999 32581 24158
0a07000f 0a04001c 10000 100 59992 1495999 30224 29011
0a0b0016 0a060004 10000 100 93458 1433000 93629 40074
0a04000b 0a0b0013 10000 100 28293 1479999 48081 18545
0a050001 0a05000a 10000 100 59074 1479999 48236 24478
0a080010 0a020002 10000 100 45458 1382999 150503 24222
0a03001d 0a090020 10000 100 98014 1376999 157606 41578
0a090006 0a0a0016 10000 100 709581 801999 738546 243546
0a01001d 0a02000e 10000 100 101608 1327999 214522 42759
0a08001b 0a090010 10000 100 62104 1335000 208399 29718
0a05000c 0a08000b 10000 100 21137 1516999 27513 16194
0a04000d 0a040015 10000 100 2577052 282999 1262702 856020
0a0b000e 0a0b0001 10000 100 45506 1531999 20550 19998
0a020006 0a04001a 10000 100 4047 1490000 73592 10541
0a020001 0a080011 10000 100 61162 1358000 209204 29401
0a070002 0a030015 10000 100 63124 1420999 146325 30060
0a070006 0a080002 10000 100 11407 1492999 78622 12973
0a070002 0a0a0004 10000 100 274240 1396000 175853 99767
0a050001 0a090012 10000 100 79743 1464000 110378 35547
0a090014 0a09000d 10000 100 672765 1263000 321009 227141
0a080001 0a08001f 10000 100 116146 1518999 65057 43324
0a090007 0a060019 10000 100 96877 1356999 229935 41199
0a00001b 0a09001a 10000 100 677571 702000 892517 232965
0a000010 0a08001c 10000 100 240878 1075000 527387 88753
0a0b0005 0a09000d 10000 100 87876 1413999 190496 38226
0a060002 0a07001d 10000 100 86720 1410000 194503 37841
0a04001d 0a080003 10000 100 370756 1043000 565267 131651
0a05001e 0a000017 10000 100 43228 1469000 145642 23478
0a080011 0a0b000d 10000 100 28155 1582000 37762 18501
0a050003 0a050015 10000 100 164017 1552999 68815 59135
0a020011 0a04000f 10000 100 90718 1526999 97114 39166
0a010006 0a01001b 10000 100 1655583 742999 882423 551704
0a030012 0a0a0009 10000 100 472138 1105999 529301 165122
0a09001e 0a020020 10000 100 70930 1466999 168573 32634
0a06001e 0a020012 10000 100 74096 1585999 52396 33678
0a08001c 0a080010 10000 100 2145901 546000 1094586 713628
0a080018 0a05000a 10000 100 963539 474999 1168981 327408
0a010017 0a050001 10000 100 323218 999000 650630 115947
0a0b0015 0a010014 10000 100 1912587 582000 1072107 640827
0a0b0006 0a01000e 10000 100 559320 794000 861888 193911
0a06001b 0a01001c 10000 100 61629 1618000 42604 29566
0a03000a 0a09001c 10000 100 102602 1464999 199798 43092
0a06001c 0a09001f 10000 100 102130 1423999 243451 42941
0a030006 0a05000d 10000 100 207232 1518999 148845 77649
0a0a001d 0a040018 10000 100 868962 634000 1034594 296176
0a080008 0a000012 10000 100 53130 1569000 101712 26754
0a000014 0a0a0019 10000 100 437324 1136000 537272 153628
0a040011 0a08000f 10000 100 81761 1417999 257891 36208
0a05001f 0a030015 10000 100 990419 719000 958701 336287
0a0a0014 0a070019 10000 100 3085 1665000 13043 10233
0a010002 0a090006 10000 100 56661 1614999 63286 27915
0a0b0020 0a000001 10000 100 13198 1629000 49381 13561
0a0b001d 0a060001 10000 100 95285 1425999 257258 40674
0a08001a 0a03000a 10000 100 826810 393999 1290461 282257
0a090014 0a050017 10000 100 55589 1606999 78822 27572
0a040016 0a0b001e 10000 100 15723 1644000 42449 14400
0a000005 0a020016 10000 100 33945 1574000 114234 20415
0a09001a 0a040019 10000 100 2664 1618000 71253 10083
0a05001c 0a060015 10000 100 74672 1454999 236746 33863
0a0a001d 0a080010 10000 100 76523 1507000 185024 34486
0a010012 0a010009 10000 100 772982 1433000 261234 260240
0a00001f 0a01001f 10000 100 85124 1562000 133330 37315
0a0a001f 0a0a0012 10000 100 2066197 784999 917513 687309
0a010018 0a05000b 10000 100 58676 1556000 147857 28590
0a000016 0a0a0013 10000 100 148172 1598999 109093 58135
0a070006 0a0a0004 10001 100 14820 1681999 30157 14096
0a030013 0a0a000e 10000 100 62154 1541999 170552 29734
0a00001c 0a030005 10000 100 27465 1645999 66895 18280
0a050017 0a020002 10000 100 4158 1644999 68417 10576
0a00001b 0a0a0016 10000 100 57288 1600999 113884 28131
0a06000a 0a0b000f 10000 100 1924150 92999 1622238 644634
0a09000d 0a000001 10000 100 82029 1613999 105407 36294
0a090009 0a010020 10000 100 205007 1312000 409073 76906
0a04001c 0a010018 10000 100 50358 1636000 87977 25836
0a04001d 0a070017 10000 100 98398 1672000 52207 41701
0a04000f 0a030006 10000 100 171922 1644000 85617 65981
0a0b0008 0a000017 10000 100 117592 1600000 133629 48042
0a090013 0a070002 10000 100 91780 1694999 45788 39521
0a00000c 0a010013 10000 100 26350 1701999 42909 17908
0a03000b 0a010011 10000 100 54878 1575999 169812 27329
0a00001e 0a020007 10000 100 49932 1721000 25785 25700
0a080019 0a040007 10000 100 415290 1139999 607041 146347
0a070018 0a0a001b 10000 100 101667 1561000 189641 42777
0a020014 0a050003 10000 100 58199 1680999 75452 28422
0a07000f 0a050004 10000 100 43445 1706000 51222 23547
0a060019 0a07001d 10000 100 9310 1724000 36605 12286
0a01000b 0a02000d 10000 100 58434 1699999 63742 28497
0a010004 0a080015 10000 100 16794 1655000 110257 14758
0a080008 0a000017 10000 100 62319 1717999 51382 29787
0a000014 0a070008 10000 100 20803 1735999 37667 16072
0a08001a 0a070006 10000 100 100197 1642000 133454 42292
0a04000f 0a09001b 10000 100 97653 1628000 148955 41462
0a060009 0a05000c 10000 100 89979 1531999 245117 38914
0a040012 0a01000f 10000 100 57791 1662000 119649 28292
0a010003 0a05001a 10000 100 36565 1642000 152567 21284
0a070013 0a0a0005 10000 100 83462 1659000 150573 36768
0a030017 0a000014 10000 100 347285 1002000 810376 123894
0a0b001c 0a010009 10000 100 45038 1712999 103157 24088
0a0b0016 0a08001d 10000 100 72771 1704999 111963 33239
0a07001d 0a03001e 10000 100 750177 1528000 289923 256952
0a09001a 0a030019 10000 100 1631890 96000 1722923 548116
0a080008 0a030020 10000 100 884935 1425999 394367 301441
0a000012 0a000015 10000 100 58224 1796999 24806 24190
0a000004 0a030020 10000 100 64272 1595999 227965 30427
0a070016 0a0b0006 10000 100 100943 1742999 85924 42546
0a090010 0a010011 10000 100 70048 1698999 130127 32337
0a00001d 0a020017 10000 100 71238 1750000 79527 32733
0a050020 0a060004 10000 100 26617 1773000 59698 17993
0a0a0006 0a0a0020 10000 100 1826747 1020999 812015 608227
0a070004 0a090006 10000 100 50048 1752000 83893 25737
0a050002 0a020015 10000 100 50187 1770000 66948 25782
0a09001a 0a09000d 10000 100 63295 1815999 27006 25874
0a03000a 0a09001a 10000 100 68381 1619999 224569 31788
0a060002 0a08000b 10000 100 37671 1744000 100732 21654
0a010015 0a010001 10000 100 47681 1822999 22495 20709
0a0b0018 0a020001 10000 100 91169 1610000 238017 39311
0a060003 0a01000c 10000 100 98832 1809999 41905 41840
0a0b0006 0a020019 10000 100 20870 1835000 26229 16093
0a05001a 0a010003 10000 100 41165 1779999 86868 22802
0a090010 0a020014 10000 100 98678 1647000 228523 41790
0a040001 0a05001c 10000 100 94431 1753000 122536 40385
0a030013 0a050007 10000 100 12997 1815999 62499 13497
0a040015 0a0a001a 10000 100 63853 1801999 82587 30293
0a060011 0a03001b 10000 100 94652 1693999 193443 40471
0a0b000a 0a010014 10000 100 103927 1753999 134340 43531
0a080007 0a010003 10000 100 19526 1840999 48027 15663
0a060005 0a070006 10000 100 128039 1536000 354005 51493
0a070010 0a090019 10000 100 310727 1283999 607388 111827
0a060018 0a01001b 10000 100 753867 582999 1311892 258163
0a080008 0a050014 10000 100 78656 1848000 49286 35184
0a010009 0a04001c 10000 100 15687 1879000 18423 14388
0a0a000d 0a010018 10000 100 1593508 638000 1259789 535450
0a0b0012 0a01001b 10000 100 80152 1861000 42632 35678
0a020012 0a08001f 10000 100 73556 1789000 118678 33505
0a030006 0a0a001d 10000 100 96645 1655999 252509 41124
0a040004 0a020002 10000 100 5304 1897000 13469 10958
0a070002 0a080017 10000 100 43626 1840000 73515 23621
0a080013 0a06001b 10000 100 98614 1871999 41635 41770
0a07000c 0a08001c 10000 100 47406 1842000 73412 24861
0a0b0019 0a060005 10000 100 45848 1877999 39060 24347
0a08000d 0a060020 10000 100 7277 1910000 12915 11605
0a05001f 0a00001d 10000 100 31794 1781000 143408 19712
0a050013 0a020014 10000 100 1039781 362999 1561413 352589
0a080009 0a030018 10000 100 50420 1810999 116006 25856
0a04001b 0a070011 10000 100 28422 1881999 45292 18586
0a01000d 0a010017 10000 100 430881 1748999 179801 147265
0a00000c 0a000007 10000 100 7386 1923999 8017 7400
0a060001 0a02001f 10000 100 90597 1797999 134368 39128
0a02000a 0a000017 10000 100 37695 1828999 113556 21661
0a000017 0a06000d 10000 100 33755 1850999 91835 20354
0a050016 0a030009 10000 100 36193 1773999 173357 21165
0a060016 0a0b0016 10000 100 37391 1874000 77635 21549
0a020017 0a040009 10000 100 63180 1899000 56537 30078
0a060019 0a090005 10000 100 86609 1894000 63775 37805
0a080016 0a08001f 10000 100 35792 1938000 25906 16782
0a08001d 0a01000a 10000 100 79281 1922000 44695 35384
0a06001a 0a00001b 10000 100 53899 1804999 166859 27000
0a080001 0a04001d 10000 100 124466 1525000 448427 50304
0a08000e 0a0a0011 10000 100 800501 1007999 966198 273562
0a060006 0a010002 10000 100 72085 1900999 74669 33019
0a050014 0a01001b 10000 100 83621 1737000 245099 36818
0a090020 0a00001a 10000 100 15731 1923999 62307 14402
0a000003 0a00000f 10000 100 78920 1925999 65551 31028
0a09001e 0a08000e 10000 100 71655 1812999 179686 32866
0a05000b 0a08001e 10000 100 274533 1505999 487952 99876
0a08000a 0a0a0020 10000 100 604969 1268999 725377 208995
0a0b0007 0a000015 10000 100 30750 1949999 49484 19362
0a04001f 0a0b001e 10000 100 54246 1951999 48487 27127
0a0b000f 0a020013 10000 100 100929 1910000 90663 42541
0a06000a 0a010011 10000 100 99720 1670999 332459 42139
0a0b0014 0a030013 10000 100 4444 1994999 10301 10668
0a010002 0a01000d 10000 100 17351 2001999 11980 10696
0a00000b 0a0b0019 10000 100 3084 1994000 26305 10232
0a090007 0a090014 10000 100 768323 1652999 368007 258703
0a0a0012 0a040017 10000 100 1781658 181000 1840976 597578
0a04000d 0a030019 10000 100 63873 1905000 120817 30299
0a000017 0a06001d 10000 100 76752 1779999 247112 34559
0a090020 0a0b000a 10000 100 43355 2001000 27196 23519
0a090014 0a08001d 10000 100 698182 652000 1377978 239776
0a020009 0a02001c 10000 100 79577 1998999 31835 31254
0a000003 0a020016 10000 100 55742 1889999 141776 27621
0a030014 0a00000f 10000 100 387192 1087999 946917 137079
0a07000b 0a030014 10000 100 700908 1678000 367273 240679
0a0b000e 0a020001 10000 100 19103 2026000 20293 15512
0a070014 0a07000f 10000 100 63448 1984000 71072 25923
0a010001 0a000004 10000 100 95632 1944999 110282 40785
0a040018 0a07001a 10000 100 80802 1923999 131399 35886
0a04000f 0a0a000a 10000 100 103753 1955999 103765 43476
0a040015 0a020018 10000 100 35267 1998000 64193 20854
0a01000e 0a0b0002 10000 100 73678 2007999 54282 33544
0a070016 0a070001 10000 100 1801322 1214999 852278 599830
0a08001c 0a090020 10000 100 670621 1312999 756575 230680
0a040009 0a04001e 10000 100 3174 2053999 18231 6021
0a0a001f 0a04001a 10000 100 78638 1984000 88981 35178
0a010010 0a090007 10000 100 1609683 143999 1930064 540795
0a01000f 0a0a0010 10000 100 91678 1991000 87871 39489
0a0a001c 0a040017 10000 100 73157 1990000 90097 33362
0a0a0016 0a000013 10000 100 94442 1971999 114087 40389
0a01000e 0a030002 10000 100 966790 1449999 636207 328480
0a03000b 0a070008 10000 100 84242 1955999 131423 37032
0a000013 0a090009 10000 100 1720043 400000 1687624 577231
0a030009 0a08000c 10000 100 216119 1923000 164759 80585
0a0b000c 0a08000f 10000 100 50735 2027000 61367 25957
0a0b000b 0a090011 10000 100 701434 870000 1223892 240847
0a070011 0a030020 10000 100 127997 1902000 195165 51480
0a010011 0a060005 10000 100 49415 2060999 38043 25519
0a050017 0a070019 10000 100 13495 2023000 76276 13656
0a02000b 0a050020 10000 100 9600 2024999 75110 12379
0a03000f 0a01001f 10000 100 84323 2008999 95923 37058
0a070017 0a030002 10000 100 656386 1598000 513484 225971
0a0a0006 0a020012 10000 100 764369 1214999 897087 261631
0a040008 0a070001 10000 100 363669 1853999 260324 129306
0a080015 0a020017 10000 100 695387 920000 1204253 238850
0a030006 0a0b0004 10000 100 294183 1711999 412440 106364
0a020017 0a090004 10000 100 1607655 324000 1802638 540115
0a080020 0a00001a 10000 100 42729 2046000 80698 23318
0a0a0014 0a020017 10000 100 22681 2063999 66768 16703
0a050005 0a0a0004 10000 100 29069 2069000 64154 18809
0a080015 0a08000b 10000 100 2040921 563000 1571476 678959
0a000003 0a040004 10000 100 22888 2085000 53210 16769
0a000003 0a070007 10000 100 348096 1412999 727886 124169
0a060009 0a050003 10000 100 93771 1776000 365719 40174
0a0b000c 0a0a0019 10000 100 10146 2089999 52291 12554
0a070019 0a050015 10000 100 38441 1982999 161197 21900
0a030017 0a020002 10000 100 780325 662000 1484319 266906
0a0a001d 0a02001a 10000 100 77399 2083000 70522 34766
0a040007 0a010002 10000 100 376416 1994000 160149 133508
0a02000e 0a030010 10000 100 353155 1981999 176691 125834
0a080005 0a00001c 10000 100 599080 1296999 869633 207049
0a030016 0a070007 10001 100 1019054 939999 1227558 345742
0a0b000a 0a030002 10000 100 87476 2040000 129202 38098
0a050006 0a030016 10000 100 76101 2030999 138733 34335
0a03001f 0a040017 10000 100 12009 2164000 13121 13181
0a000020 0a03001a 10000 100 51072 2013000 165131 26080
0a03000f 0a0b0011 10000 100 2079198 1155999 1024197 695847
0a020003 0a020020 10000 100 19066 2171000 10905 11260
0a030017 0a070011 10000 100 87098 2125999 57408 37977
0a050007 0a03001e 10000 100 88575 2037000 149099 38465
0a040014 0a0b0008 10000 100 56027 2027000 159170 27712
0a09000e 0a0a0008 10000 100 2243210 1129000 1057663 750005
0a02001c 0a0a001f 10000 100 39857 2162999 24195 22368
0a050001 0a060010 10000 100 356976 1255999 933668 127088
0a0b000b 0a080014 10000 100 609423 1482000 714481 210466
0a040013 0a09000b 10000 100 365434 1724000 472965 129886
0a08000f 0a080009 10000 100 226306 2099999 99567 79697
0a05001a 0a08001c 10000 100 126995 1958000 253108 51144
0a050010 0a030018 10000 100 86099 2158000 55792 37642
0a010003 0a010004 10000 100 660115 1923999 289827 222970
0a070015 0a03000c 10000 100 589703 1198000 1017032 203956
0a040010 0a0b0015 10000 100 69682 2177000 38473 32220
0a090012 0a0a001b 10000 100 8473 2177000 44617 12003
0a03001a 0a01000d 10000 100 1666573 170000 2058783 559583
0a07000f 0a0b0009 10000 100 19884 2187000 42212 15777
0a0b0018 0a000005 10000 100 66308 2129999 99774 31109
0a070010 0a0a0019 10000 100 7515 2223000 15891 11696
0a030003 0a0b001b 10000 100 423456 1992999 247120 149052
0a0b0004 0a03001b 10000 100 458797 1358999 881543 160715
0a0b0013 0a060010 10000 100 86401 2122999 118018 37739
0a0b0012 0a050010 10000 100 30836 2141000 100295 19390
0a070014 0a0b001a 10000 100 838955 1737999 504131 286267
0a0a001d 0a030007 10000 100 49857 2158000 84170 25676
0a090002 0a020010 10000 100 90923 2154999 88057 39232
0a0a000a 0a050014 10000 100 203153 1820000 424606 76297
0a030017 0a000011 10000 100 494421 1007999 1238301 172483
0a000017 0a05000b 10000 100 32564 2220999 31741 19958
0a06001b 0a030006 10000 100 54693 2216999 35935 27270
0a0b001d 0a040016 10000 100 11612 2197000 58440 13038
0a08001a 0a0b0009 10000 100 45624 2157000 102306 24275
0a01001f 0a040020 10000 100 66683 2230000 32301 31229
0a020008 0a01001e 10000 100 85080 2125000 138222 37301
0a000006 0a020003 10000 100 44793 2230000 34624 23994
0a000009 0a0a0004 10000 100 68333 2226000 39899 31773
0a000005 0a08000b 10000 100 861443 1147000 1131549 293693
0a030011 0a07000d 10000 100 351717 1874999 413900 125359
0a040016 0a030014 10000 100 34953 2203999 85353 20753
0a0b0008 0a040005 10000 100 21883 2246000 45474 16432
0a0a000f 0a080014 10000 100 92644 2102000 194776 39798
0a07001f 0a050008 10000 100 43544 2132999 164174 23594
0a00001a 0a040007 10000 100 48035 2223000 77076 25078
0a010007 0a08001b 10000 100 500325 2063000 237580 174434
0a080003 0a080015 10000 100 1770545 1500000 800866 589674
0a010002 0a00000f 10000 100 89173 2144000 157968 38656
0a020020 0a02001c 10000 100 11735 2298000 8903 8838
0a0b000f 0a050008 10000 100 895348 538999 1768226 304881
0a000016 0a060016 10000 100 81944 2200000 113801 36266
0a030006 0a0b0017 10000 100 2037333 1413999 901821 682020
0a0a0018 0a0a000d 10000 100 1924995 1557999 758869 640680
0a00001e 0a04000e 10000 100 75534 2209000 108438 34154
0a040018 0a00000f 10000 100 60002 2220000 100399 29030
0a050019 0a04000d 10000 100 83567 2145999 175408 36801
0a080001 0a090015 10000 100 39498 2227999 94707 22254
0a08001a 0a080015 10000 100 64626 2282000 41499 26316
0a01000f 0a090016 10000 100 534345 1650999 674827 185673
0a000005 0a01000a 10000 100 43562 2305000 24459 23600
0a000017 0a030002 10000 100 249806 2203000 127393 91703
0a08000d 0a0a001e 10000 100 217810 2242000 96055 81141
0a04001f 0a090005 10000 100 515557 1628000 712910 179462
0a08001e 0a050011 10000 100 12461 2256000 90382 13325
0a020016 0a0a0014 10000 100 35209 2249000 97998 20835
0a02000d 0a0b0014 10000 100 2242003 1020999 1328907 749604
0a000011 0a020008 10000 100 59243 2233999 117438 28772
0a02001f 0a070007 10000 100 53233 2288000 65290 26787
0a02000b 0a03001b 10000 100 806276 2021999 336650 275472
0a040009 0a060013 10000 100 101264 1965000 393908 42648
0a060006 0a0a0010 10000 100 74159 2288000 71125 33698
0a04000e 0a08000a 10000 100 103046 2305000 55289 43234
0a000001 0a030001 10000 100 2519797 29000 2335862 841339
0a070012 0a08000f 10000 100 249352 1652000 714816 91557
0a010011 0a080005 10000 100 80378 2308000 60597 35750
0a01001b 0a01000a 10000 100 30167 2354999 16322 14936
0a01000b 0a040005 10000 100 987156 1128000 1244207 335212
0a070016 0a0b0012 10000 100 58142 2289999 82254 28404
0a08000f 0a050007 10000 100 19240 2284000 88617 15556
0a03001c 0a0a0001 10000 100 169916 2109999 267371 65324
0a010020 0a020009 10000 100 299816 1696999 681250 108213
0a0b0009 0a000004 10000 100 92056 2314999 64347 39610
0a0b0011 0a09000f 10000 100 55671 2296999 82954 27598
0a05001e 0a060011 10000 100 75573 2079000 305379 34166
0a060015 0a07000c 10000 100 98509 2039000 348704 41736
0a010020 0a01001a 10000 100 73902 2318999 68948 29376
0a000001 0a060003 10000 100 65890 2144000 248431 30960
0a0a001b 0a080008 10000 100 39893 2249999 153002 22380
0a020018 0a070008 10000 100 59832 2271000 133909 28960
0a01001e 0a080003 10000 100 637975 2093999 312822 219895
0a0b0002 0a040006 10000 100 287049 2252000 154873 104004
0a0a0004 0a060019 10000 100 79970 2367000 40173 35619
0a0a001c 0a09001c 10000 100 54292 2282000 126947 27141
0a09000e 0a090018 10000 100 976826 1995999 417463 327559
0a0a0011 0a060010 10000 100 29736 2392000 22828 19022
0a08001a 0a08000a 10000 100 77403 2386999 30443 30527
0a000018 0a020005 10000 100 2175363 266999 2153171 727603
0a03001c 0a090014 10000 100 1006566 1350999 1069303 341623
0a080012 0a00000b 10000 100 1629645 734999 1686020 547382
0a010020 0a0b0015 10000 100 73052 2285000 136939 33329
0a0b0008 0a010020 10000 100 70553 2271000 152697 32514
0a0b0001 0a0a000d 10000 100 17084 2393999 30607 14851
0a020004 0a0a0005 10000 100 54691 2295999 133386 27269
0a060003 0a050008 10000 100 20627 2416999 16635 16015
0a020006 0a080012 10000 100 19491 2386999 47123 15636
0a02001a 0a0b0007 10000 100 73452 2341000 93372 33457
0a06000e 0a090001 10000 100 64481 2403999 30876 30494
0a020020 0a06000e 10000 100 2317720 74999 2361392 774616
0a000012 0a05000f 10000 100 55950 2356000 87773 27687
0a03001f 0a04000f 10000 100 76622 2285999 159384 34517
0a010019 0a09001d 10000 100 61476 2289999 156386 29502
0a010009 0a030006 10000 100 545617 1052999 1396539 189388
0a03000d 0a0b0014 10000 100 53985 2370999 79927 27028
0a06000c 0a01001e 10000 100 513565 1714000 739225 178809
0a0b001c 0a09001a 10000 100 2298033 1544000 909450 768117
0a010018 0a050003 10000 100 79253 2289999 164600 35375
0a090016 0a0b0020 10000 100 99325 2217999 237350 42013
0a030005 0a02000d 10000 100 17563 2422999 32819 15004
0a0b0003 0a030017 10000 100 682112 894999 1563261 234464
0a02001e 0a000004 10000 100 2419767 812000 1646844 808316
0a080019 0a04001a 10000 100 92514 2112999 345874 39756
0a070009 0a07000e 10000 100 1890687 1564999 894657 629348
0a0b0001 0a00000f 10000 100 102026 2396999 63514 42908
0a030014 0a01001d 10000 100 78703 2311999 149724 35199
0a060006 0a0a000e 10000 100 2292433 1268999 1194896 766264
0a05001e 0a0a000d 10000 100 232121 1902999 568236 85859
0a00000d 0a0b0001 10000 100 123 2442000 29742 9254
0a010015 0a040005 10000 100 63389 2194999 278401 30144
0a040009 0a01001f 10000 100 396533 1789000 685157 140160
0a05001c 0a070005 10000 100 91704 2256999 219172 39497
0a06001d 0a05000e 10000 100 61599 2309999 166200 29556
0a0a000f 0a0a0014 10000 100 10215 2468000 9332 8336
0a040006 0a03000b 10000 100 301355 1487999 990388 108720
0a020004 0a0a000d 10000 100 22018 2435999 43116 16476
0a09001a 0a060005 10000 100 85287 2295000 185692 37367
0a0a0002 0a0b0007 10000 100 26423 2406000 75096 17931
0a0b0010 0a0b0011 10000 100 60824 2449999 31142 25053
0a050011 0a080002 10000 100 1727700 88999 2395017 579758
0a09000f 0a04000b 10000 100 80749 2292000 193319 35869
0a060001 0a040003 10000 100 36711 2370000 117350 21331
0a04000a 0a040019 10000 100 77811 2448999 45001 30658
0a010002 0a070006 10000 100 47632 2413999 80427 24933
0a090011 0a070005 10000 100 104736 2399999 98293 43790
0a040006 0a030009 10000 100 74923 2452999 46337 33943
0a000006 0a020008 10000 100 223464 1894000 624485 82997
0a0b0003 0a00001d 10000 100 89508 2390999 131661 38764
0a050007 0a070008 10000 100 32945 2413999 108928 20080
0a04001f 0a0b0008 10000 100 57278 2396000 131027 28128
0a0b0013 0a010015 10000 100 99046 2235000 292308 41923
0a00000a 0a09001e 10000 100 102734 2367000 163059 43134
0a080020 0a040016 10000 100 90660 2354999 176647 39148
0a020007 0a0a001c 10000 100 3248 2501000 35532 10285
0a0b0013 0a0b001d 10000 100 87231 2498999 39366 33780
0a060019 0a030011 10000 100 328072 1507000 1034805 117546
0a010013 0a090007 10000 100 842415 1585000 957183 287405
0a000013 0a070007 10000 100 42387 2511999 30315 23209
0a0a0014 0a080010 10000 100 23909 2505999 36930 17096
0a08000b 0a000009 10000 100 64382 2399999 143765 30462
0a05000b 0a010001 10000 100 69561 2383999 166284 32181
0a050018 0a0a000b 10000 100 1917521 567000 1983554 642452
0a020019 0a02000d 10000 100 38513 2507999 42850 17683
0a030019 0a0b0018 10000 100 9306 2546000 12675 12285
0a050009 0a090011 10000 100 27002 2498999 60691 18132
0a0b0005 0a0b0010 10000 100 24440 2547999 13104 13041
0a090007 0a070008 10000 100 651330 1227999 1336403 224307
0a05001d 0a0b000c 10000 100 1665 2484999 80206 9763
0a09000f 0a0b001e 10000 100 1712481 712999 1857247 574735
0a040007 0a010012 10000 100 14242 2516000 55231 13911
0a000009 0a020010 10000 100 433637 2288999 284308 152418
0a0b0005 0a05000b 10000 100 20401 2537000 36644 15943
0a0b0003 0a040013 10000 100 27275 2508999 65402 18219
0a03001f 0a030016 10000 100 119482 2527000 57557 44423
0a090018 0a080005 10000 100 788410 1288999 1300172 269570
0a03000c 0a0b0019 10000 100 42842 2566999 24000 23354
0a060008 0a070010 10000 100 290774 2204999 387781 105227
0a01000f 0a07000f 10000 100 30148 2439000 154998 19169
0a04000d 0a030015 10000 100 1043732 2158999 437899 353884
0a060019 0a070018 10000 100 936656 1456999 1140757 318529
0a02000f 0a090003 10000 100 64631 2520999 78738 30557
0a00000d 0a020019 10000 100 2608531 105999 2497370 870656
0a03000e 0a000009 10000 100 1785 2543999 72051 9801
0a01001e 0a0a0001 10000 100 401 2586999 31270 9343
0a070014 0a0b0015 10000 100 55950 2539000 82098 27687
0a03001d 0a060017 10000 100 370683 2397999 223631 131627
0a0b0020 0a09001e 10000 100 1987561 552999 2068674 665586
0a09001b 0a000016 10000 100 2437885 320000 2303898 814298
0a08001f 0a06000a 10000 100 71382 2492999 136074 32779
0a0b001f 0a080012 10000 100 932547 1981999 650623 317168
0a050016 0a030004 10000 100 49134 2492999 140631 25429
0a040009 0a000015 10000 100 8463 2609000 42886 12000
0a080007 0a050011 10000 100 880954 546999 2106008 300136
0a00001b 0a050019 10000 100 82434 2387999 266323 36423
0a03001a 0a0a001d 10000 100 90920 2537999 118283 39231
0a040002 0a090006 10000 100 1733138 132000 2532530 581560
0a0a0009 0a010005 10000 100 75971 2497000 167624 34294
0a07001f 0a060015 10000 100 68188 2573999 91401 31726
0a070014 0a0b0016 10000 100 4348 2629999 37704 10637
0a040013 0a050007 10000 100 22255 2641999 27251 16552
0a09000c 0a050001 10000 100 558630 2409000 264763 193690
0a05001f 0a0b001d 10000 100 87482 2628000 47056 38100
0a090005 0a090013 10000 100 97298 2638000 37364 37093
0a04000b 0a050001 10000 100 66461 2631000 48874 31158
0a04001f 0a07000b 10000 100 2218524 167999 2513281 741860
0a05001f 0a010015 10000 100 12670 2576999 109372 13392
0a000019 0a0a0006 10000 100 77929 2586999 106495 34936
0a040003 0a040011 10000 100 8708 2684999 9408 7838
0a000003 0a06000e 10000 100 28346 2675999 22195 18562
0a010019 0a080018 10000 100 16628 2602999 96408 14705
0a01001f 0a050003 10000 100 35375 2507000 193566 20888
0a010017 0a040011 10000 100 61492 2410999 290202 29507
0a090012 0a020010 10000 100 68016 2626999 74574 31671
0a070001 0a000008 10000 100 87194 2605999 99606 38008
0a0a001e 0a050003 10000 100 2496227 309999 2396031 833567
0a0a0010 0a0a0020 10000 100 96555 2660000 47332 36856
0a080015 0a0b0011 10000 100 13312 2648999 64081 13598
0a050011 0a090018 10000 100 47521 2631999 82427 24898
0a010010 0a000003 10000 100 47217 2533000 182131 24800
0a030005 0a090016 10000 100 34839 2629999 90783 20717
0a09001f 0a010017 10000 100 46137 2557999 163100 24440
0a070005 0a04001d 10000 100 92347 2393000 330426 39703
0a060015 0a0a001e 10000 100 68950 2603999 123820 31970
0a0a0003 0a030011 10000 100 52252 2647000 81248 26458
0a0b0015 0a05000e 10000 100 58256 2680000 51229 28440
0a060018 0a00000a 10000 100 8825 2684999 51187 12116
0a07000c 0a060005 10000 100 43358 2657000 82376 23520
0a020010 0a06000d 10000 100 88536 2507000 237043 38453
0a090014 0a090010 10000 100 25454 2729999 15965 13366
0a040003 0a0a0019 10000 100 241116 2233000 520155 88830
0a060015 0a01000a 10000 100 601103 1835999 918373 207712
0a07000a 0a080017 10000 100 687591 1569000 1185676 236279
0a0b0002 0a010015 10000 100 12544 2699000 57533 13352
0a020006 0a090003 10000 100 83660 2635000 122457 36831
0a040010 0a08000c 10000 100 737350 757999 2001505 252709
0a0b0011 0a0b0004 10000 100 77026 2712000 51707 30407
0a070003 0a02001d 10000 100 58204 1794999 968966 28424
0a02000c 0a000014 10000 100 1605693 591999 2172217 539472
0a0b001b 0a040017 10000 100 37470 2658999 105289 21574
0a060018 0a040017 10000 100 54194 2733000 31795 27110
0a070001 0a0a000e 10000 100 97329 2654999 111656 41343
0a060007 0a04001e 10000 100 2158484 1227999 1540754 722017
0a040003 0a010003 10000 100 19682 2755000 22100 15713
0a0b0018 0a0a001e 10000 100 359103 2586999 193166 127799
0a000013 0a0b0020 10000 100 343388 2024999 756144 122601
0a070005 0a030007 10000 100 86526 2737999 44097 37779
0a04001c 0a01001f 10000 100 50496 2664000 118244 25880
0a070006 0a00001c 10000 100 1728764 1657000 1125246 580114
0a080015 0a070009 10000 100 28148 2723999 60140 18499
0a09000d 0a000005 10000 100 70422 2668999 115959 32456
0a03001e 0a050006 10000 100 71577 2749000 37655 32841
0a070007 0a0b000a 10000 100 98027 2706000 86034 41582
0a0b000d 0a090020 10000 100 284174 2383999 411599 103054
0a04001e 0a080008 10000 100 148820 2454000 343260 58358
0a0b001a 0a050016 10000 100 845102 1770000 1027547 288295
0a000009 0a050012 10000 100 2101090 21999 2776485 703068
0a030009 0a010017 10000 100 93217 2442000 358014 39997
0a01000e 0a070012 10000 100 80827 2727999 72069 35894
0a050010 0a05001c 10000 100 963130 2321000 480971 323038
0a060008 0a01000f 10000 100 69884 2635999 166348 32284
0a080012 0a06000a 10000 100 42687 2615999 189229 23305
0a00001f 0a04001d 10000 100 6308 2737999 82520 11295
0a030005 0a060007 10000 100 349616 2392000 433657 124671
0a05001b 0a0a0004 10000 100 9877 2769999 56370 12468
0a090010 0a060017 10000 100 700826 2428000 399021 240652
0a08000b 0a060013 10000 100 69315 2681999 149077 32102
0a00000b 0a050019 10000 100 51673 2713999 118077 26272
0a060002 0a00000d 10000 100 677815 1201000 1632717 233043
0a05000f 0a080017 10000 100 98020 2788000 45898 41580
0a07000d 0a07001a 10000 100 79881 2792000 42006 31351
0a03000a 0a040015 10000 100 1661276 411999 2426454 557827
0a090005 0a0b0005 10000 100 8414 2801999 37046 11984
0a060007 0a000009 10000 100 43413 2723999 117078 23537
0a080006 0a0b0014 10000 100 12131 2794000 47529 13220
0a02000b 0a060017 10000 100 72475 2700999 143512 33144
0a00001b 0a0a000f 10000 100 20699 2818999 32666 16038
0a090015 0a020017 10000 100 2522231 1453000 1399260 842149
0a080017 0a020019 10000 100 1673425 1041999 1810422 561837
0a030005 0a050020 10000 100 15037 2730999 124108 14180
0a02001f 0a020017 10000 100 77362 2807000 53583 30514
0a07000e 0a010002 10000 100 770039 1162999 1701636 263507
0a050008 0a090002 10000 100 2926 2856000 11108 10167
0a020013 0a010018 10000 100 4752 2828999 38274 10782
0a070016 0a0b0008 10000 100 142483 2635999 231836 56253
0a04001e 0a0a001a 10000 100 9274 2808000 60486 12275
0a090009 0a020008 10000 100 738316 1209000 1660003 253033
0a020016 0a06001e 10000 100 901491 924000 1945700 306908
0a02001f 0a060010 10000 100 972524 1698999 1171829 330376
0a03001f 0a060017 10000 100 52524 2844000 27297 26560
0a00001f 0a01000b 10000 100 27173 2814000 63344 18187
0a02001b 0a030012 10000 100 706 2867999 16874 9441
0a050020 0a06000f 10000 100 15538 2830000 55601 14341
0a030010 0a000020 10000 100 126455 2631999 255208 50971
0a0a0020 0a04001e 10000 100 2277977 1196000 1695555 761484
0a0b0020 0a0a0002 10000 100 2143112 1786999 1106202 716945
0a060012 0a08001e 10000 100 61456 2615000 279419 29495
0a010011 0a03000d 10000 100 72585 2726999 167840 33179
0a020015 0a060006 10000 100 100106 2828999 67585 42263
0a090010 0a02000b 10000 100 97621 2665999 233507 41452
0a050007 0a010001 10000 100 582840 1299999 1602966 201683
0a09001b 0a020002 10000 100 54515 2781000 123773 27213
0a0a0019 0a030013 10000 100 60159 2795000 111614 29080
0a03001b 0a0b000e 10000 100 48887 2873999 33025 25350
0a090003 0a09000d 10000 100 46588 2876000 31976 20359
0a070006 0a090010 10000 100 2093516 659999 2249305 700567
0a030016 0a000008 10000 100 51047 2877999 34326 26072
0a05000a 0a0a0004 10000 100 5272 2876000 36610 10948
0a030004 0a0a001d 10000 100 73959 2854000 61657 33634
0a040002 0a09000d 10000 100 37152 2887999 30745 21472
0a040018 0a0a000e 10000 100 10352 2909000 13991 12620
0a010015 0a090012 10000 100 86404 2821999 101467 37740
0a0b0001 0a01001f 10000 100 22843 2867999 56435 16755
0a03001d 0a040011 10000 100 85522 2880000 46986 37457
0a080006 0a060018 10000 100 43363 2831000 101063 23521
0a080018 0a0a000f 10000 100 572449 1590999 1342473 198251
0a010014 0a050018 10000 100 47482 2830000 103788 24885
0a0a0020 0a05001d 10000 100 1938988 926999 2009956 649536
0a040008 0a040011 10000 100 19374 2925000 13134 11359
0a0a001d 0a090015 10000 100 68129 2769999 172211 31707
0a080013 0a0b0014 10000 100 97101 2629999 322531 41270
0a090014 0a030012 10000 100 780595 1044999 1913520 266992
0a010014 0a00000f 10000 100 598929 1508999 1454840 207001
0a07001f 0a050015 10000 100 75608 2830000 134146 34177
0a050002 0a0a000a 10000 100 411514 2422999 541532 145108
0a090020 0a01001f 10000 100 623527 1525000 1440905 215118
0a0b001b 0a02001f 10000 100 25423 2918000 48394 17596
0a02000f 0a06000b 10000 100 13643 2884999 82191 13719
0a06000b 0a030010 10000 100 89836 2922000 47830 38869
0a02001f 0a040010 10000 100 409095 2402000 574135 144303
0a01001c 0a010015 10000 100 825202 2565000 412811 277488
0a070012 0a010015 10000 100 22889 2939000 39320 16770
0a040011 0a060005 10000 100 1999791 56999 2922753 669623
0a040015 0a030004 10000 100 1825488 1739000 1242608 612049
0a040014 0a0b0009 10000 100 18332 2964000 22255 15265
0a030001 0a050008 10000 100 98301 2768000 218871 41670
0a05000e 0a0b0001 10000 100 788446 2334999 655004 269582
0a060007 0a040009 10000 100 468456 2814000 182438 163913
0a080012 0a030009 10000 100 71845 2694000 303314 32927
0a030008 0a03000f 10000 100 2579093 1961000 1037638 856688
0a050001 0a070006 10000 100 27561 2928000 73222 18311
0a050014 0a090011 10000 100 84136 2854999 151410 36999
0a05000b 0a0b0014 10000 100 256494 2504000 504191 93904
0a010006 0a06000c 10000 100 92612 2871999 137754 39788
0a050011 0a000009 10000 100 33572 2961000 49107 20296
0a000003 0a040010 10000 100 19704 2991000 20336 15720
0a010011 0a0b001f 10000 100 78879 2847000 164688 35255
0a060001 0a040008 10000 100 19088 2941000 73179 15507
0a0b0011 0a070010 10000 100 70590 2854000 160969 32526
0a060009 0a03000c 10000 100 15406 2995999 20738 14298
0a010008 0a040003 10000 100 67153 2749000 275330 31380
0a05000c 0a0a000e 10000 100 978599 1456000 1570504 332381
0a050002 0a01001a 10000 100 22447 2985999 41366 16613
0a08001b 0a040019 10000 100 10137 2958999 76934 12551
0a090004 0a080010 10000 100 68134 2955999 83208 31709
0a010012 0a050007 10000 100 103927 2828999 217485 43531
0a06000a 0a010002 10000 100 122262 2586999 459829 49583
0a03000a 0a030005 10000 100 2352206 2102999 944624 781765
0a050002 0a080009 10000 100 474178 2150000 899132 165806
0a090020 0a040013 10000 100 41982 2965000 84432 23064
0a04000e 0a02000a 10000 100 1017522 1214000 1841467 345236
0a02000d 0a0b0001 10000 100 8004 3039000 21394 11853
0a010010 0a08000d 10000 100 1798363 2216999 844053 603092
0a04000a 0a07000e 10000 100 916566 815999 2245560 311901
0a030006 0a0b0017 10001 100 37112 3040999 21527 21459
0a07000e 0a050001 10000 100 47448 3003000 60903 24874
0a06000e 0a0b000e 10000 100 76397 2811000 257281 34430
0a05001e 0a01000e 10000 100 1654708 666999 2401773 555664
0a080018 0a01001e 10000 100 6036 3021999 50224 11208
0a030019 0a02000d 10000 100 243250 2700999 371758 89543
0a02000a 0a09001e 10000 100 16308 3010000 65325 14587
0a02001e 0a090016 10000 100 651529 2455999 620451 224370
0a08001d 0a050009 10000 100 782210 2503000 575388 267525
0a000012 0a01001b 10000 100 586507 2122000 957785 202903
0a030019 0a010013 10000 100 94410 2990000 94859 40378
0a0a001a 0a090008 10000 100 7508 3050000 36424 11694
0a040006 0a020016 10000 100 94799 2768000 318580 40518
0a070003 0a080010 10000 100 86378 1665999 1420666 37731
0a0b000d 0a070001 10000 100 4290 3033000 54945 10618
0a0a000a 0a000020 10000 100 80433 2880000 207945 35768
0a030015 0a0a0006 10000 100 89608 2951000 141254 38796
0a07000b 0a08000c 10000 100 980166 733999 2362771 332898
0a02000f 0a08001d 10000 100 83063 2907999 192273 36640
0a010005 0a030017 10000 100 159039 2915000 189030 61736
0a010011 0a090016 10000 100 7998 3065000 40175 11851
0a0b000c 0a000003 10000 100 74184 2870000 240742 33706
0a0a000b 0a030016 10000 100 307086 2285999 830659 110616
0a02001a 0a090020 10000 100 33660 3040000 77581 20324
0a000009 0a00001c 10000 100 55898 3083999 34433 23431
0a070010 0a04000d 10000 100 23809 3043999 75346 17064
0a000009 0a080011 10000 100 17180 3080999 41331 14881
0a0a000a 0a070018 10000 100 92041 3043000 80543 39605
0a08001b 0a040008 10000 100 86191 2905000 222034 37672
0a02001d 0a030010 10000 100 66591 3017000 110109 31200
0a0a0003 0a09000a 10000 100 44068 3049000 82221 23762
0a010018 0a05000e 10000 100 2156329 2281000 853145 721312
0a07001a 0a070004 10000 100 102244 3066999 67387 38737
0a090020 0a02001e 10000 100 13915 3070999 65841 13806
0a02000c 0a080003 10000 100 585204 2700999 437988 202471
0a070019 0a000007 10000 100 97912 2912999 226413 41545
0a0b0004 0a01000a 10000 100 96287 3003000 139761 41010
0a090001 0a010001 10000 100 235244 2856000 290170 86889
0a030005 0a040011 10000 100 12282 3135999 26768 13268
0a070018 0a010001 10000 100 1034141 907999 2256676 350723
0a000008 0a040011 10000 100 4762 3116999 48076 10785
0a050011 0a0b0008 10000 100 94339 3033000 132210 40356
0a020015 0a000019 10000 100 44851 3086999 79390 24013
0a05001a 0a02000b 10000 100 26588 3102999 63788 17984
0a060016 0a07001a 10000 100 92600 2801999 365847 39784
0a020019 0a0a0003 10000 100 101924 3095000 75321 42860
0a03000e 0a070002 10000 100 316712 2259000 913529 113804
0a08001c 0a060013 10000 100 1587784 649999 2523481 533557
0a090016 0a06000f 10000 100 99676 2984000 190631 42125
0a060005 0a040015 10000 100 954465 631000 2545150 324413
0a030014 0a07001c 10000 100 103714 2918000 258895 43463
0a0a000d 0a030013 10000 100 94945 3134000 43297 40565
0a090020 0a0b0018 10000 100 82643 3030000 148611 36505
0a080002 0a0a001b 10000 100 75759 2972999 208432 34226
0a0a0016 0a060006 10000 100 29102 3128999 52995 18819
0a06000d 0a030009 10000 100 377197 2546000 636033 133773
0a090003 0a050001 10000 100 33729 3142999 39678 20346
0a0a0003 0a060005 10000 100 96216 2971000 215858 40987
0a0a0002 0a050004 10000 100 749901 1427000 1760086 256848
0a090002 0a07000f 10000 100 18397 3121000 67107 15286
0a030005 0a0b0010 10000 100 41627 3128999 59817 22950
0a0a0012 0a060016 10000 100 39784 3151999 38018 22345
0a040012 0a03001e 10000 100 2130081 10999 3182414 712652
0a000015 0a09000c 10000 100 2239155 255999 2939302 748662
0a0a0015 0a0a0013 10000 100 63147 3171999 28355 25827
0a010017 0a08000f 10000 100 32138 3088000 113428 19822
0a0a001a 0a09001a 10000 100 42529 3138000 70639 23254
0a010003 0a050002 10000 100 329384 2906000 303891 117982
0a080014 0a0a001a 10000 100 80228 3063999 146565 35702
0a08000b 0a090004 10000 100 79921 3089000 122064 35604
0a0a0018 0a05001a 10000 100 76359 3069999 142782 34418
0a040019 0a05000d 10000 100 103478 3129999 83209 43372
0a030007 0a040014 10000 100 191299 2814000 400967 72381
0a070002 0a08000e 10000 100 100148 2933999 281112 42276
0a040002 0a0a0002 10000 100 760913 1430999 1785177 260495
0a07001c 0a0b0013 10000 100 1781814 1079000 2141928 597628
0a06001e 0a060009 10000 100 1939240 2399000 822365 645377
0a0b0016 0a030018 10000 100 908035 920000 2306619 309079
0a0a0002 0a030018 10000 100 45811 3122999 106836 24335
0a0b001f 0a0a000d 10000 100 464345 2188999 1041257 162552
0a00001f 0a050009 10000 100 60252 3069000 169738 29110
0a050013 0a07001e 10000 100 48306 3105999 138840 25164
0a05001f 0a020003 10000 100 1835992 730999 2515899 615518
0a080015 0a05000e 10000 100 34587 3154999 98369 20636
0a040009 0a02001e 10000 100 59217 3079999 173965 28763
0a000009 0a08000f 10000 100 63871 3184999 71781 30299
0a06000c 0a03000a 10000 100 44218 3145999 114343 23810
0a040006 0a0b0008 10000 100 2013264 149999 3111749 674072
0a060017 0a01000b 10000 100 839305 2974000 288021 286379
0a070019 0a070016 10000 100 104814 3193999 68328 39575
0a000016 0a070011 10000 100 16376 3242000 22533 14609
0a08001d 0a010010 10000 100 34346 3186000 78887 20544
0a050017 0a07000b 10000 100 91530 3030000 239249 39441
0a00001d 0a060020 10000 100 42920 3242999 28243 23379
0a060019 0a01001a 10000 100 1696595 291999 2979454 569497
0a040004 0a070003 10000 100 88734 1642999 1630231 38516
0a04001e 0a0a0020 10000 100 103878 3108000 171785 43516
0a060015 0a06000e 10000 100 82033 3190000 92228 32055
0a030005 0a040010 10000 100 1002912 2344999 942143 340407
0a030005 0a060004 10000 100 2076985 1897999 1392094 695108
0a01000e 0a04000b 10000 100 852204 1046000 2248408 290645
0a08001f 0a040009 10000 100 93098 3073999 222494 39959
0a010016 0a03000b 10000 100 11176 3242999 54042 12899
0a0b0019 0a0b001d 10000 100 5479 3292999 6841 6774
0a03001a 0a08000e 10000 100 414662 2462000 837849 146146
0a060014 0a06001e 10000 100 1773209 2677000 627149 590557
0a00000d 0a090009 10000 100 2067645 2341999 962222 692027
0a0a0012 0a01001f 10000 100 359250 2396999 910767 127846
0a020003 0a020001 10000 100 751145 3040999 275710 253021
0a040018 0a030006 10000 100 95464 3095999 221436 40731
0a010017 0a080017 10000 100 48908 3249999 67919 25357
0a070019 0a0a001f 10000 100 179163 2942000 381248 68375
0a010004 0a070010 10000 100 74588 3170000 157736 33836
0a03001a 0a090020 10000 100 61712 3089999 238168 29592
0a0b0009 0a030017 10000 100 676390 2860999 469051 232572
0a010008 0a030014 10000 100 201989 2713000 621472 75910
0a030002 0a04000e 10000 100 922573 773000 2561552 313885
0a080007 0a000015 10000 100 483889 1968000 1369090 169005
0a090003 0a0b001a 10000 100 67926 3127000 210886 31642
0a0a001c 0a06000d 10000 100 41425 3307000 32414 22886
0a0a0016 0a000006 10000 100 31000 3281000 65423 19442
0a01001e 0a090009 10000 100 50339 3237999 109532 25830
0a06000d 0a09001e 10000 100 15784 3298999 52411 14419
0a08001e 0a02001a 10000 100 908296 2150000 1202708 309162
0a010011 0a040016 10000 100 7244 3305999 48597 11594
0a0a0004 0a030001 10000 100 42030 3186000 169753 23095
0a06000a 0a0b001d 10000 100 44461 3315999 43476 23888
0a03000e 0a090020 10000 100 45535 3281000 79411 24247
0a02001e 0a01001f 10000 100 182300 3067999 296273 69409
0a0a0005 0a08000c 10000 100 2359240 152999 3215840 788318
0a070002 0a000015 10000 100 98049 3187000 187747 41589
0a0b000a 0a07001f 10000 100 70220 3200000 175039 32392
0a070005 0a020003 10000 100 95022 3183000 194222 40590
0a090009 0a030007 10000 100 94578 3206000 173749 40448
0a080004 0a070007 10000 100 312862 2663000 718273 112526
0a080003 0a05001c 10000 100 889970 1791999 1590863 303114
0a000004 0a0b001b 10000 100 53717 3255000 128837 26942
0a070016 0a000005 10000 100 29432 3268000 118831 18925
0a07000e 0a03000f 10000 100 632091 2997000 391122 217951
0a070016 0a020005 10000 100 81427 3226000 162215 36101
0a0b0012 0a030019 10000 100 40911 3297000 93258 22721
0a04000f 0a050014 10000 100 9382 3373000 27898 12309
0a04000a 0a0b0019 10000 100 59419 3217999 183496 28828
0a0a0011 0a02000f 10000 100 2254985 1229000 2174304 753896
0a0b001b 0a04001f 10000 100 126134 3180000 223567 50868
0a02001a 0a020003 10000 100 8958 3396999 9938 7918
0a070003 0a0a0007 10000 100 31055 2442999 964609 19460
0a0a000f 0a030011 10000 100 993395 1860000 1549619 337270
0a04000b 0a020009 10000 100 832351 2186000 1227487 284077
0a060017 0a040001 10000 100 54147 3383000 31520 27095
0a090002 0a0b0016 10000 100 2586696 1853999 1561529 863438
0a020012 0a0a0010 10000 100 23241 3340999 75443 16882
0a03000d 0a07000d 10000 100 241337 2905000 511562 88900
0a06001b 0a07001f 10000 100 40995 3360000 56818 22748
0a080008 0a040013 10000 100 272573 3177999 239219 99218
0a06001b 0a01000f 10000 100 43701 3350999 71440 23645
0a010002 0a050010 10000 100 27774 3350000 75250 18379
0a0b0001 0a060013 10000 100 451890 3152999 274527 158443
0a060003 0a0a0005 10000 100 208457 3284000 145189 78041
0a0a0017 0a08000b 10000 100 13886 3393000 46212 13797
0a0b0011 0a0b000d 10000 100 95005 3371999 68762 36344
0a060018 0a010016 10000 100 16965 3397999 48053 14813
0a0a0003 0a00000c 10000 100 71904 3324999 122001 32946
0a070015 0a080011 10000 100 486961 2510000 937286 170019
0a060008 0a010008 10000 100 44260 3384999 67462 23824
0a000012 0a090006 10000 100 25227 3344000 109177 17533
0a04001d 0a00001f 10000 100 94324 3099999 355796 40351
0a030004 0a040012 10000 100 27878 3438000 20542 18412
0a000003 0a000002 10000 100 92379 3420999 42153 35473
0a020008 0a030008 10000 100 91149 3148999 324456 39304
0a030017 0a03000a 10000 100 9573 3462999 11228 8130
0a060018 0a090005 10000 100 2110322 1095000 2380783 706114
0a06001d 0a0b001f 10000 100 2996 3458000 18034 10189
0a0a0012 0a020002 10000 100 916713 2360000 1116645 311948
0a06000e 0a0b0010 10000 100 47841 3435999 42989 25000
0a070014 0a050005 10000 100 84879 3322999 156522 37236
0a0b001b 0a020019 10000 100 1805750 473000 3010254 605533
0a090016 0a0a001a 10000 100 65253 3289999 196225 30756
0a020004 0a04000f 10000 100 24600 3432000 56238 17333
0a0b001a 0a0a000d 10000 100 19251 3403999 88697 15560
0a07000c 0a050005 10000 100 25930 3412999 82745 17774
0a0b0008 0a060004 10000 100 67901 3439999 56644 31634
0a07001a 0a08000f 10000 100 867947 2686000 813680 295836
0a030018 0a040004 10000 100 883936 912000 2587840 301121
0a000006 0a06000f 10000 100 31254 3467000 33117 19523
0a060006 0a0a001c 10000 100 86457 3418000 82550 37757
0a02001a 0a06001a 10000 100 31104 3468999 31867 19475
0a06000b 0a090008 10000 100 207113 2893000 609490 77611
0a040008 0a050004 10000 100 95673 3245000 257786 40798
0a08000d 0a050019 10000 100 68629 3266999 236392 31867
0a010010 0a08000c 10000 100 1674826 199999 3308586 562301
0a050013 0a02000f 10000 100 41406 3395000 114910 22880
0a030013 0a020017 10000 100 1682261 2624000 887706 564757
0a040006 0a0b0017 10000 100 62633 3405000 106902 29887
0a000003 0a060003 10000 100 1658383 1175000 2337273 556870
0a01000e 0a07000b 10000 100 1014108 2939000 573372 344113
0a040010 0a040004 10000 100 691622 3191999 321874 233375
0a0b001f 0a0a001f 10000 100 842146 3047999 467266 287319
0a06000e 0a0b001b 10000 100 65835 3477000 41243 30943
0a060008 0a04000f 10000 100 1745506 2425000 1093825 585640
0a070005 0a070013 10000 100 12278 3511999 9775 9027
0a0b000e 0a020003 10000 100 11157 3445000 77029 12893
0a000003 0a000012 10000 100 42910 3501999 20489 19136
0a0a001b 0a090017 10000 100 8654 3454000 68663 12061
0a0a0011 0a0b0016 10000 100 21053 3445999 76795 16167
0a010010 0a070006 10000 100 1810503 264000 3259963 607115
0a07001c 0a050012 10000 100 670244 2959999 565042 230544
0a07000c 0a060020 10000 100 51631 3468000 57054 26259
0a090013 0a05001a 10000 100 1587102 382000 3143459 533338
0a010001 0a060018 10000 100 54875 3433999 92079 27328
0a070017 0a03001c 10000 100 47085 3412000 117510 24758
0a050005 0a0b0014 10000 100 62941 3367999 161516 29986
0a0b0012 0a07000c 10000 100 40114 3419000 119571 22451
0a070015 0a040013 10000 100 31551 3429000 112372 19634
0a090005 0a03000e 10000 100 62051 3419000 126082 29701
0a06000c 0a09001f 10000 100 103676 3337999 212696 43451
0a01001d 0a090008 10000 100 82225 3441000 117525 36356
0a030007 0a06000c 10000 100 361926 2320000 1246805 128733
0a080017 0a050012 10000 100 50930 3409999 161099 26019
0a010002 0a01001a 10000 100 2400810 2060000 1514756 797810
0a06001c 0a05000c 10000 100 2005577 2464000 1112265 671536
0a010008 0a0b0001 10000 100 62055 3406000 171504 29702
0a05000b 0a060006 10000 100 159821 3207000 371797 61986
0a000001 0a060007 10000 100 2170446 152000 3427066 725968
0a050004 0a09001d 10000 100 5870 3533000 49372 11139
0a000019 0a0b000b 10000 100 9094 3537000 50116 12217
0a020010 0a010011 10000 100 90471 3392000 198250 39087
0a000004 0a02000f 10000 100 35274 3442000 150088 20856
0a04001b 0a090006 10000 100 1625760 2432000 1161796 546093
0a030005 0a090016 10001 100 3810 3585000 10438 10465
0a090011 0a08001c 10000 100 1585306 2402000 1197113 532733
0a0a0007 0a010002 10000 100 8369 3524999 74654 11970
0a050005 0a090010 10000 100 60468 3435999 167364 29179
0a070006 0a04000a 10000 100 1720807 2528999 1075790 577491
0a06001c 0a060018 10000 100 53940 3576000 29264 22773
0a050017 0a08000c 10000 100 15020 3530999 76139 14175
0a030004 0a01000e 10000 100 95793 3469999 138309 40836
0a04000e 0a09001c 10001 100 76701 3480000 128877 34543
0a050006 0a090013 10000 100 6776 3550999 61588 11445
0a060017 0a0a0018 10000 100 78557 3537000 77244 35152
0a0a001b 0a020007 10000 100 21452 3563999 50696 16295
0a03000c 0a06001c 10000 100 24322 3537999 77330 17244
0a060002 0a09001c 10000 100 149542 3343000 273681 58589
0a010011 0a0b0010 10000 100 66382 3435999 183354 31133
0a080007 0a080015 10000 100 63611 3569000 52420 25976
0a050014 0a05000c 10000 100 386397 3281000 340716 132569
0a0a001b 0a07001a 10000 100 81364 3383000 239899 36081
0a050006 0a05000e 10000 100 857578 3265999 360864 288170
0a08001a 0a00001b 10000 100 48038 3448999 183342 25079
0a030010 0a000008 10000 100 24034 3565000 67480 17152
0a020020 0a05000d 10000 100 47542 3599999 35056 24904
0a01000a 0a02000f 10000 100 1648223 1100999 2535887 553512
0a010011 0a00000c 10000 100 6394 3605000 35626 11322
0a020006 0a050011 10000 100 582225 2858999 782651 201487
0a000007 0a08001a 10000 100 1927477 974999 2667833 645730
0a02001c 0a020011 10000 100 89428 3609999 34972 34498
0a030018 0a0b001e 10000 100 104426 3449999 196237 43691
0a05000d 0a040019 10000 100 96705 3555000 95764 41144
0a090002 0a09000e 10000 100 1693367 2595999 1055036 564178
0a010017 0a080003 10000 100 21825 3576999 74841 16414
0a090006 0a050004 10000 100 59216 3520999 131847 28763
0a0b0007 0a030015 10000 100 143622 3579000 76834 56633
0a00000b 0a090004 10000 100 1842889 1582000 2074125 617801
0a0b0005 0a00001a 10000 100 774396 2596999 1059694 264947
0a03000d 0a080020 10000 100 76193 3605999 51039 34365
0a0a0008 0a06000b 10000 100 193358 3415000 244260 73056
0a050009 0a09000d 10000 100 79945 3580999 79556 35611
0a090019 0a0a0018 10000 100 44272 3625000 38467 23827
0a0b000f 0a0a000c 10000 100 2209183 1887000 1776599 738763
0a050007 0a0b0015 10000 100 91764 3606999 58151 39516
0a080002 0a030017 10000 100 710486 2325999 1343550 243836
0a09000b 0a01001b 10000 100 102989 3484999 186726 43216
0a060001 0a01000e 10000 100 41196 3533000 140508 22812
0a040020 0a070019 10000 100 182414 3320000 354339 69446
0a010007 0a020003 10000 100 54222 3589000 87838 27119
0a050012 0a020010 10000 100 65335 3550000 129823 30783
0a0a0006 0a08001a 10000 100 545714 2984999 698553 189419
0a0b0009 0a02001d 10000 100 61847 3553999 131344 29636
0a0b0009 0a040015 10000 100 60456 3563999 122129 29175
0a060016 0a0b001a 10000 100 1817772 957999 2728637 609503
0a050005 0a01000b 10000 100 30172 3602999 85228 19177
0a090012 0a01001b 10000 100 2373087 9999 3683988 792902
0a07000e 0a08001d 10000 100 819891 2661999 1032044 279967
0a040003 0a06001d 10000 100 710431 2301000 1398131 243818
0a070005 0a04001f 10000 100 2219124 469000 3231253 742052
0a080015 0a0a0008 10000 100 2555660 492000 3209556 853184
0a0b0018 0a01001b 10000 100 64885 3533999 168365 30639
0a000009 0a05001e 10000 100 66700 3618000 89705 31235
0a020001 0a040011 10000 100 57164 3647000 64981 28091
0a03001a 0a00001c 10000 100 763266 2478000 1235335 261263
0a030006 0a060017 10000 100 39609 3576000 137343 22289
0a06000b 0a04001b 10000 100 48989 3586999 128562 25383
0a080019 0a02000b 10000 100 1638612 1547999 2168253 550344
0a050019 0a08000b 10000 100 70249 3570999 148717 32401
0a020005 0a050009 10000 100 21178 3651000 69827 16207
0a0a0008 0a020011 10000 100 11985 3678999 44568 13158
0a060013 0a09001e 10000 100 63364 3677000 48769 30136
0a020006 0a03001c 10000 100 80087 3608999 118400 35657
0a010014 0a01001c 10000 100 31240 3690000 39465 15279
0a0a0008 0a080002 10000 100 689474 2726999 1012975 236897
0a010019 0a060001 10000 100 50350 3553000 187805 25834
0a050014 0a020005 10000 100 58903 3664999 76914 28663
0a070001 0a09000d 10000 100 82492 3697999 44144 36442
0a08000c 0a030007 10000 100 98723 3376000 370044 41805
0a080018 0a04000c 10000 100 57465 3677000 70708 28187
0a08000c 0a010018 10000 100 19514 3660000 89538 15659
0a07001b 0a00001c 10000 100 232359 3037000 715086 85935
0a0a0004 0a00001a 10000 100 72364 3614000 141196 33109
0a050007 0a000010 10000 100 822739 1461000 2294401 280909
0a05000c 0a00000e 10000 100 1039291 1016999 2740455 352417
0a030020 0a060018 10000 100 62765 3693999 65268 29929
0a060001 0a01000d 10000 100 20940 3687999 78551 16115
0a060009 0a000011 10000 100 358853 3063000 704087 127719
0a0a001d 0a010016 10000 100 59227 3638999 129106 28767
0a090011 0a010019 10000 100 91783 3498999 274290 39522
0a06001a 0a03000f 10000 100 71430 3706000 68354 32794
0a090008 0a0b0012 10000 100 18108 3684999 90925 15194
0a0a001e 0a040008 10000 100 102405 3598000 183178 43029
0a0b0005 0a05000d 10000 100 5689 3769999 12182 11081
0a010015 0a08001f 10000 100 1593001 391999 3390730 535288
0a00001f 0a000006 10000 100 10082 3774000 9026 8293
0a0a001c 0a050006 10000 100 77178 3746000 39537 34695
0a040005 0a090008 10000 100 94623 3677999 109150 40462
0a080005 0a010011 10000 100 1772999 926999 2862825 594715
0a050016 0a0b0006 10000 100 27488 3735000 58112 18288
0a01000d 0a030003 10000 100 70930 3536000 258494 32634
0a04001d 0a03000b 10000 100 1862045 907999 2887304 624131
0a080002 0a030018 10000 100 16463 3742999 55409 14637
0a0b0013 0a040004 10000 100 247075 3004999 794763 90798
0a0a0007 0a000005 10000 100 7569 3765000 43163 11714
0a02000d 0a030001 10000 100 960467 1291999 2524589 326395
0a06000e 0a04000e 10000 100 24401 3774000 44498 17269
0a0a0015 0a050016 10000 100 201505 3553999 269259 75755
0a060001 0a07001b 10000 100 79267 3749000 75062 35379
0a07001e 0a0a0016 10000 100 635928 2804000 1023561 219209
0a010006 0a040011 10000 100 81033 3676000 153555 35975
0a0a000e 0a040008 10000 100 94458 3709000 121623 40394
0a070010 0a060016 10000 100 73461 3609999 222022 33460
0a060010 0a04000d 10000 100 430584 3471999 360763 151410
0a03001b 0a07000a 10000 100 95828 3629999 204385 40848
0a040020 0a0a0004 10000 100 1869905 1177000 2658014 626723
0a0b0012 0a0b000a 10000 100 1854599 3151000 684149 617432
0a010015 0a010020 10000 100 57242 3779999 59260 23876
0a0a0010 0a05000c 10000 100 2610597 114999 3727847 871332
0a08001f 0a08000f 10000 100 460038 3518999 325295 156887
0a0a0013 0a0b0019 10000 100 39639 3808999 37467 22299
0a01001c 0a070002 10000 100 236661 3386000 461461 87358
0a050002 0a08001f 10000 100 22227 3784000 63597 16543
0a080020 0a060002 10000 100 9539 3817000 31562 12360
0a010011 0a00000b 10000 100 43626 3736999 112512 23621
0a090003 0a060003 10000 100 147498 3501999 350339 57920
0a010012 0a06000f 10000 100 2265336 2243000 1614207 757316
0a0b0017 0a08001a 10000 100 758470 2925000 935900 259682
0a080002 0a08000e 10000 100 49173 3838999 22736 21202
0a08001f 0a0b001f 10000 100 80950 3510000 353541 35933
0a080010 0a010018 10000 100 87524 3615000 251765 38113
0a020002 0a04001a 10000 100 2494045 74999 3792667 832838
0a020001 0a09001d 10000 100 1006 3792999 74925 9537
0a000006 0a020017 10000 100 70754 3733000 136785 32578
0a000001 0a010020 10000 100 30680 3717999 152133 19340
0a07001e 0a050012 10000 100 119820 3709000 162053 48771
0a06001f 0a040020 10000 100 14937 3841999 31448 14133
0a030020 0a0b0013 10000 100 65801 3716000 158260 30932
0a01001a 0a050010 10000 100 2201710 808000 3067125 736295
0a01000a 0a010015 10000 100 13482 3863000 12340 9412
0a060001 0a0a0005 10000 100 2350648 2609999 1265712 785491
0a060012 0a06001a 10000 100 93477 3765999 111109 35840
0a09001f 0a0b0008 10000 100 1702698 1797999 2082389 571512
0a07001f 0a01000e 10000 100 286550 3701999 178990 103845
0a010008 0a080012 10000 100 2034266 2017000 1864706 681008
0a0a000e 0a020009 10000 100 95606 3722000 167975 40776
0a09000f 0a090006 10000 100 2260959 2603999 1286406 751629
0a0b001f 0a010008 10000 100 4843 3880999 11148 10811
0a01001c 0a080001 10000 100 784416 1629999 2262806 268246
0a090015 0a03001d 10000 100 11100 3817000 77196 12874
0a020014 0a0a000f 10000 100 85768 3850000 48365 37536
0a000011 0a020014 10000 100 46173 3703000 196911 24451
0a080016 0a0b0007 10000 100 38744 3691999 209043 21997
0a040007 0a070006 10000 100 96943 3784000 122858 41220
0a030011 0a060003 10000 100 12481 3892000 19807 13332
0a04001c 0a02001c 10000 100 28674 3872000 40227 18682
0a090011 0a04001a 10000 100 1946610 1508999 2403541 652052
0a0b0011 0a02001c 10000 100 1893640 2873000 1039661 634564
0a09000a 0a0b0003 10000 100 75633 3870000 49625 34185
0a03001c 0a010016 10000 100 16098 3818999 104536 14520
0a070016 0a070017 10000 100 38106 3902000 22752 17553
0a03000f 0a020011 10000 100 47980 3810000 115575 25045
0a090010 0a080004 10000 100 1801270 389000 3537966 604053
0a08000b 0a0b000f 10000 100 100376 3704999 228874 42349
0a0b0020 0a0b0016 10000 100 69154 3887999 48828 27811
0a030019 0a01001d 10000 100 2175092 172999 3764126 727516
0a06000b 0a0a001a 10000 100 54091 3911000 34654 27077
0a000002 0a0a001b 10000 100 101897 3782999 163171 42851
0a000016 0a0a001f 10000 100 45696 3905000 41702 24298
0a02001e 0a0b0017 10000 100 37203 3739000 207833 21488
0a05001e 0a080001 10000 100 48598 3836000 111753 25258
0a02001a 0a040020 10000 100 144879 3703999 247257 57051
0a050006 0a000014 10000 100 23473 3837000 116572 16957
0a030016 0a000003 10000 100 90868 3900999 53853 39214
0a02001c 0a080018 10000 100 70991 3861999 100005 32654
0a0b0019 0a000002 10000 100 859541 2534999 1430833 293069
0a000013 0a04001f 10000 100 45435 3913999 55863 24215
0a060008 0a050015 10000 100 2263712 324999 3645405 756781
0a09000c 0a08001b 10000 100 2521317 1018999 2958329 841841
0a0b000d 0a030010 10000 100 780949 2714999 1262736 267106
0a0a0012 0a030004 10000 100 104235 3893000 86148 43630
0a030012 0a04000a 10000 100 739020 2612999 1369939 253258
0a04001a 0a080017 10000 100 58050 3844000 139383 28375
0a090006 0a01000b 10000 100 18903 3908000 77008 15448
0a00001e 0a0a0006 10000 100 64723 3908000 77689 30587
0a0b000a 0a00001b 10000 100 96338 3936000 50629 41026
0a0b0009 0a000006 10000 100 81193 3781000 206849 36026
0a0b0003 0a030016 10000 100 5884 3955000 35977 11144
0a08000b 0a05000d 10000 100 74049 3840000 153478 33663
0a06000c 0a080007 10000 100 15438 3922000 74464 14309
0a02000b 0a040006 10000 100 556598 3031999 967572 193025
0a05000e 0a040012 10000 100 58705 3814999 187550 28600
0a070004 0a090004 10000 100 1741566 1613000 2389580 584349
0a010007 0a010008 10000 100 67183 3968000 37310 27149
0a050020 0a010017 10000 100 64100 3788999 219509 30372
0a05001a 0a0b000c 10000 100 2032241 3164000 852791 680329
0a090014 0a0b0013 10000 100 163688 3501000 518084 63269
0a050003 0a0a001b 10000 100 59988 3967000 55102 29010
0a00000d 0a0b0020 10000 100 46526 3919999 105776 24579
0a01000a 0a03001d 10000 100 307674 3445999 582897 110819
0a04000a 0a090001 10000 100 55656 3880999 152065 27593
0a01001d 0a070020 10000 100 91768 3967000 66173 39518
0a040003 0a08000d 10000 100 819595 1484000 2550537 279872
0a050004 0a04001b 10000 100 76471 3954000 84131 34454
0a010001 0a000001 10000 100 84282 3762999 277308 37045
0a020016 0a01000f 10000 100 5539 3996000 52230 11033
0a01001c 0a000004 10000 100 95470 3847000 201528 40733
0a030018 0a040004 10001 100 302800 3778999 270127 109198
0a06001e 0a050016 10000 100 1894604 146999 3902638 634888
0a000001 0a03001e 10000 100 46724 3964999 87347 24643
0a08000f 0a080004 10000 100 11690 4041999 11430 8823
0a000006 0a010006 10000 100 28686 3984999 72264 18686
0a07001d 0a030015 10000 100 64641 4008000 50981 30560
0a000011 0a030004 10000 100 2169999 943000 3116295 725825
0a01000c 0a050007 10000 100 1608719 1381000 2679720 540471
0a040016 0a050017 10000 100 22546 4015000 48251 16660
0a0a0011 0a070003 10000 100 35089 3004000 1059822 20797
0a050018 0a030001 10000 100 51315 3993000 72107 26158
0a050010 0a030013 10000 100 965481 3618000 447476 328045
0a0b0020 0a01001a 10000 100 85451 3996000 69554 37419
0a06001b 0a04001f 10000 100 2171513 897000 3176610 726325
0a0a0004 0a070004 10000 100 30561 4010999 63561 19302
0a030012 0a040002 10000 100 75155 3825999 249895 34032
0a040020 0a0b0014 10000 100 15407 4052000 24399 14299
0a08001d 0a0b0002 10000 100 32189 4052000 25303 19838
0a050017 0a08000b 10000 100 23397 3977999 100343 16932
0a050002 0a060008 10000 100 18031 4034000 44981 15169
0a080017 0a04000d 10000 100 101698 3924999 154334 42787
0a020016 0a050004 10000 100 24404 4013000 66542 17270
0a060002 0a080004 10000 100 31953 3969000 123279 19762
0a0b0019 0a090012 10000 100 14519 4044999 53362 13999
0a090016 0a070014 10000 100 79933 4049999 49434 35608
0a0a0018 0a050003 10000 100 27699 4028000 72357 18355
0a080007 0a060006 10000 100 1046008 3412999 691130 354643
0a040019 0a050001 10000 100 39 4066000 40074 9227
0a020012 0a040001 10000 100 28048 4030999 76289 18467
0a020012 0a060015 10000 100 33911 3983999 124831 20404
0a000012 0a060015 10000 100 23393 4067999 41231 16931
0a050002 0a05001b 10000 100 73719 4047000 68481 29318
0a000014 0a0a000a 10000 100 397094 3921000 194669 140340
0a060009 0a0b000f 10000 100 67612 4066000 52332 31542
0a070008 0a0a0015 10000 100 1636046 3216999 905350 549492
0a0a0001 0a02001a 10000 100 71777 3955000 167578 32905
0a03000f 0a08001d 10000 100 2244888 143999 3980101 750558
0a040015 0a0a000c 10000 100 2076811 1552999 2573420 695053
0a040010 0a0a001f 10000 100 102922 4009999 117768 43194
0a050019 0a02000c 10000 100 20651 4019000 109583 16023
0a050007 0a080001 10000 100 196869 3789999 339210 74225
0a0b0009 0a0b0011 10000 100 2095404 2896999 1236529 696947
0a04001d 0a02001e 10000 100 71474 4075999 57541 32808
0a07001c 0a0a0013 10000 100 3694 4101999 33462 10428
0a0b000f 0a0a0016 10000 100 35764 4079000 57191 21013
0a01000a 0a0b0014 10000 100 86163 4102999 38781 37663
0a02000b 0a09000c 10000 100 71856 3918999 230102 32931
0a080005 0a030004 10000 100 598009 2893999 1255213 206691
0a01001d 0a0b0010 10000 100 32717 4118000 32851 20007
0a0b000d 0a050019 10000 100 971830 2252999 1898910 330138
0a0b000f 0a04001b 10000 100 95512 3967000 191575 40746
0a030017 0a010020 10000 100 83680 4082999 80127 36837
0a0a0011 0a030018 10000 100 397059 3478999 684841 140329
0a030004 0a010001 10000 100 66077 4035000 131594 31035
0a050016 0a060001 10000 100 49239 4021000 148586 25463
0a02000d 0a02000a 10000 100 1024776 3661999 513771 343394
0a08000c 0a000013 10000 100 2059507 1137999 3046451 689346
0a070009 0a000001 10000 100 2504678 313000 3881846 836348
0a010020 0a0b0007 10000 100 1719363 1708000 2488364 577014
0a080011 0a02001a 10000 100 62306 3944999 255145 29783
0a040019 0a010020 10000 100 1754602 3446999 753482 588643
0a030009 0a080001 10000 100 909365 2844999 1360879 309520
0a090008 0a060019 10000 100 337929 3663000 542907 120808
0a01000b 0a04000d 10000 100 51804 4088999 117365 26314
0a040008 0a090005 10000 100 28998 4120000 94599 18786
0a0b0002 0a090019 10000 100 509509 2890000 1325045 177465
0a040006 0a07001c 10000 100 7500 4172999 43660 11676
0a0a0001 0a0a0012 10000 100 44717 4192000 26541 19730
0a03001c 0a0b0011 10000 100 98378 4168999 51923 41694
0a070016 0a070004 10000 100 562673 4011999 213509 190790
0a07001b 0a04001a 10000 100 32458 4089999 136858 19924
0a090005 0a070020 10000 100 74846 4159999 67329 33918
0a0a0014 0a080019 10000 100 59311 4074999 152340 28793
0a070008 0a050004 10000 100 78839 4152999 77626 35242
0a04001f 0a080004 10000 100 13809 4170000 61217 13772
0a02000d 0a07001a 10000 100 89210 4107999 123761 38668
0a08000f 0a09000a 10000 100 2152253 2713999 1520620 719962
0a090009 0a0b000a 10000 100 102341 4059000 176080 43008
0a090020 0a06000f 10000 100 80653 4165000 71518 35838
0a00000b 0a0b000b 10000 100 89058 4039000 197590 38620
0a09000a 0a020020 10000 100 21672 4219999 21672 16365
0a050005 0a040010 10000 100 15373 4140999 102203 14288
0a080011 0a050010 10000 100 859051 2788999 1456991 292897
0a000008 0a060001 10000 100 652712 3805999 440757 224764
0a09001f 0a07000a 10000 100 12556 4205000 42293 13356
0a09001c 0a0a0020 10000 100 344645 3837999 413589 123019
0a040004 0a06001d 10000 100 2465 4231999 20338 10019
0a080013 0a06000c 10000 100 1896111 3070999 1184067 635385
0a07000f 0a04001c 10001 100 91698 4015000 241258 39495
0a030002 0a05001f 10000 100 538226 3644000 612321 186946
0a0a0006 0a03000e 10000 100 38238 4220999 39429 21835
0a0a0020 0a040015 10000 100 603436 3707999 553860 208489
0a01000b 0a06000a 10000 100 178566 4080000 181868 68184
0a090015 0a050005 10000 100 22668 4200999 61916 16699
0a030013 0a0a000d 10000 100 996185 3719000 544225 338193
0a040017 0a080011 10000 100 1856853 2491000 1772396 622408
0a060005 0a070013 10000 100 84902 4107000 157767 37244
0a0b0009 0a0b0017 10000 100 801570 3716000 551128 269680
0a00001f 0a040010 10000 100 48228 4141999 129963 25139
0a08001d 0a060007 10000 100 77174 4068999 203558 34694
0a07001f 0a090009 10000 100 58569 4198999 74241 28556
0a0a0019 0a04000d 10000 100 230038 4028000 248265 85177
0a050013 0a070012 10000 100 602486 2837999 1440896 208170
0a060012 0a000020 10000 100 96527 4020000 262250 41087
0a040010 0a08001d 10000 100 2062724 2318999 1965138 690407
0a05001d 0a0b000d 10000 100 17991 4243000 45243 15141
0a04001b 0a000016 10000 100 180662 3989000 302995 68870
0a060006 0a000008 10000 100 97367 4035999 264720 41355
0a0b001f 0a040018 10000 100 2541055 3999 4298731 848372
0a050015 0a080008 10000 100 73940 4171000 135393 33628
0a03000b 0a07000e 10000 100 35667 4244999 64858 20982
0a07000a 0a04001d 10000 100 21487 4237000 73034 16306
0a0a000a 0a05000f 10000 100 35388 4240999 72701 20892
0a050008 0a070009 10000 100 42287 4285999 33562 23177
0a040003 0a0a0003 10000 100 93615 4119000 201409 40124
0a07001a 0a0a001f 10000 100 1593459 1167000 3156289 535434
0a090001 0a060006 10000 100 93592 4079000 245048 40117
0a06000b 0a0a000a 10000 100 82879 4272999 52306 36581
0a090010 0a090001 10000 100 1831233 3271000 1055134 609709
0a000009 0a080010 10000 100 1621773 3733000 594242 544786
0a060012 0a010005 10000 100 95434 4198000 129302 40721
0a040009 0a040016 10000 100 96240 4269000 58870 36755
0a04000a 0a060012 10000 100 1628282 458000 3871392 546931
0a060003 0a06000d 10000 100 13639 4321000 12531 9478
0a03001e 0a050019 10000 100 66110 4211999 123643 31046
0a010017 0a070007 10000 100 2103706 2811999 1524049 703936
0a070008 0a030003 10000 100 86435 4287000 51699 37750
0a090016 0a030019 10000 100 709627 3187999 1153040 243561
0a040003 0a060006 10000 100 733727 2824999 1520018 251519
0a0a001e 0a060005 10000 100 1793469 1430999 2914579 601480
0a040018 0a030003 10000 100 2057288 989000 3356912 688606
0a05000f 0a090003 10000 100 49736 4309999 44015 25637
0a01000c 0a0b0015 10000 100 29135 4314000 46035 18830
0a020007 0a050016 10000 100 73255 4248000 118155 33394
0a040014 0a050009 10000 100 43468 4264000 102474 23555
0a07001e 0a020009 10000 100 97202 4242000 126038 41303
0a00000a 0a010014 10000 100 3110 4320000 50584 10241
0a060015 0a070014 10000 100 1782141 453000 3918098 597748
0a020008 0a040003 10000 100 2103761 2670000 1701649 703953
0a03000d 0a0a001b 10000 100 37191 4328000 45227 21485
0a0b0008 0a08000c 10000 100 69514 4237999 138266 32166
0a00001b 0a08000e 10000 100 1847044 478999 3900408 619177
0a080014 0a06001f 10000 100 102068 4191000 190558 42921
0a030015 0a0a000f 10000 100 70191 4327000 56485 32383
0a070014 0a01001d 10000 100 1996162 1477000 2908798 668416
0a0a0014 0a050012 10000 100 35787 4328000 59022 21020
0a020010 0a090016 10000 100 150191 4301000 87117 58812
0a0b000d 0a0a0011 10000 100 1875936 857000 3531582 628714
0a010004 0a000006 10000 100 67904 4283000 108580 31635
0a040002 0a05000f 10000 100 903745 2386000 2006982 307660
0a010010 0a010002 10000 100 2027357 3409999 983596 674480
0a010019 0a0a0004 10000 100 61481 4340000 58255 29503
0a050017 0a0a001d 10000 100 653863 2478999 1920226 225133
0a0b000f 0a030001 10000 100 21794 4368000 33787 16404
0a08000a 0a080007 10000 100 48404 4356999 44896 20956
0a04001d 0a040014 10000 100 53715 4381000 27002 22701
0a06001c 0a040017 10000 100 424143 3555000 855712 149272
0a0b000e 0a05000f 10000 100 7290 4399000 12620 11609
0a050008 0a030004 10000 100 2584584 360999 4052016 862747
0a00001a 0a010006 10000 100 141474 3942000 472737 55930
0a050014 0a080018 10000 100 35513 4233999 180811 20932
0a080012 0a05001e 10000 100 55486 4237999 177199 27523
0a08001a 0a080013 10000 100 1978016 3575000 843746 658184
0a08000e 0a000013 10000 100 90949 4264000 156409 39240
0a070006 0a08000e 10000 100 89539 4151000 270503 38774
0a03001f 0a070016 10000 100 32883 4351999 71112 20060
0a040008 0a03000f 10000 100 1679134 1386999 3037459 563726
0a000002 0a03000c 10000 100 1867370 1412000 3014330 625881
0a060011 0a0b0010 10000 100 39069 4364999 65321 22116
0a050014 0a04001d 10000 100 790688 3523000 908853 270330
0a04001a 0a050005 10000 100 16005 4361000 71456 14490
0a01001f 0a02001c 10000 100 25670 4394999 38089 17690
0a0a0005 0a040014 10000 100 1802520 766999 3666432 604469
0a0a0006 0a090019 10000 100 211740 3954000 481429 79137
0a09000d 0a08000a 10000 100 85402 4279999 159546 37404
0a0b000c 0a0a0009 10000 100 2604113 1830999 2612895 869196
0a000011 0a070008 10000 100 907354 3586000 858514 308846
0a070011 0a07001e 10000 100 1574884 3908000 539442 525050
0a03000a 0a090005 10000 100 18086 4427999 22163 15187
0a060006 0a060001 10000 100 775692 3847999 611596 261137
0a090010 0a06001e 10000 100 54465 4331999 129030 27197
0a080017 0a050019 10000 100 1749341 1621999 2840258 586914
0a000007 0a0a0019 10000 100 157721 4362000 101494 61298
0a05000f 0a050010 10000 100 29230 4447999 16187 14620
0a090003 0a0a001e 10000 100 71387 4240999 223796 32781
0a050005 0a0a000a 10000 100 87445 4367000 103007 38088
0a010003 0a080004 10000 100 45121 4381000 89416 24114
0a080015 0a0a0007 10000 100 67824 4225999 249364 31610
0a010004 0a0a0013 10000 100 11928 4403999 72558 13139
0a070006 0a03000f 10000 100 77490 4308000 172747 34795
0a050002 0a02001b 10000 100 2364354 1315999 3167649 790016
0a0b0013 0a010010 10000 100 2385932 280999 4203588 797136
0a09000f 0a06001e 10000 100 53813 4442999 43581 26973
0a09000d 0a080016 10000 100 52320 4401999 86211 26480
0a070013 0a070006 10000 100 2312129 3661000 831253 768526
0a020002 0a0b000d 10000 100 69285 4440999 51681 32093
0a00001d 0a06000e 10000 100 48118 4403999 90000 25104
0a020003 0a01001b 10000 100 549262 3550000 945929 190600
0a00000c 0a04000f 10000 100 669672 3677000 821949 230360
0a00000d 0a070010 10000 100 56283 4340000 161776 27794
0a05000f 0a090008 10000 100 75582 4344999 158236 34169
0a010012 0a060002 10000 100 40434 4392000 111990 22553
0a0a0005 0a0a0002 10000 100 2247862 3527000 979717 747300
0a09001c 0a000019 10000 100 67885 4401999 105143 31629
0a000010 0a00000f 10000 100 44476 4487999 22531 19653
0a07000a 0a010004 10000 100 51396 4407999 103495 26184
0a010007 0a060009 10000 100 1675536 658999 3856075 562544
0a070006 0a000008 10000 100 545890 3928000 587360 189475
0a05000c 0a0b0004 10000 100 42314 4435999 82280 23185
0a030008 0a07001d 10000 100 494189 3611000 908882 172409
0a050005 0a070018 10000 100 25228 4477000 43210 17534
0a05001d 0a05000b 10000 100 98628 4442999 78380 37534
0a02001e 0a070010 10000 100 26231 4402999 118552 17870
0a04001e 0a050015 10000 100 24209 4497000 25430 17208
0a080012 0a07000d 10000 100 6148 4460999 62242 11244
0a02001e 0a040016 10000 100 75946 4343999 180007 34286
0a020012 0a020003 10000 100 2069826 3736000 792239 688501
0a070018 0a050006 10000 100 97916 4336999 191627 41546
0a01000b 0a010016 10000 100 2356706 3305999 1224233 783251
0a080003 0a08001f 10000 100 1856521 3495999 1036201 618062
0a080010 0a07000a 10000 100 51986 4324999 209258 26373
0a020016 0a060006 10000 100 1571346 2892000 1646896 528128
0a04000b 0a040018 10000 100 1566570 3911999 628208 522313
0a04001a 0a08001f 10000 100 2359792 728000 3814901 788510
0a08000d 0a020016 10000 100 90729 4172000 373691 39170
0a090009 0a000008 10000 100 6238 4504000 41892 11272
0a01001f 0a02000c 10000 100 99720 4410999 134998 42139
0a020007 0a05000b 10000 100 80225 4421999 125839 35701
0a0a0013 0a01000d 10000 100 286395 3874999 675666 103780
0a020003 0a01000f 10000 100 697733 3242999 1308129 239632
0a040003 0a0b0017 10000 100 88137 4296000 259689 38310
0a020002 0a030019 10000 100 2438718 956999 3599531 814565
0a00000d 0a060017 10000 100 69373 4414000 142965 32121
0a0a0010 0a04000f 10000 100 10473 4477000 80207 12658
0a06000b 0a07000f 10000 100 102741 4423999 134117 43136
0a090003 0a03000a 10000 100 1625636 806999 3751138 546053
0a0a0006 0a050015 10000 100 55070 4401999 159743 27390
0a070006 0a040003 10000 100 633375 3763999 801082 218377
0a040014 0a00001b 10000 100 60697 4513999 52693 29252
0a050008 0a0a000f 10000 100 430537 3482999 1084276 151395
0a040016 0a030011 10000 100 221237 4343999 226027 82269
0a090001 0a060012 10000 100 1789405 1943999 2628479 600134
0a07001d 0a070010 10000 100 33624 4557000 16107 16072
0a020018 0a090006 10000 100 19818 4511000 65085 15756
0a030016 0a020013 10000 100 88465 4416999 160209 38415
0a0a0017 0a06000a 10000 100 75054 4401000 176674 34000
0a030013 0a020018 10000 100 4845 4545999 33783 10811
0a060015 0a060012 10000 100 60623 4521999 62606 24989
0a0a0004 0a010013 10000 100 84369 4421999 162697 37073
0a08000f 0a070018 10000 100 27143 4550000 35405 18177
0a0a0003 0a050002 10000 100 60836 4375000 211221 29297
0a01000c 0a0a0013 10000 100 82745 4461999 125789 36538
0a010006 0a03000c 10000 100 15264 4532999 57684 14253
0a09000c 0a04001a 10000 100 544851 3784000 807364 189143
0a090015 0a090012 10000 100 80544 4546999 45238 31563
0a070019 0a01001a 10000 100 676665 3262999 1330628 232675
0a09000d 0a0b0011 10000 100 2006133 622000 3979542 671714
0a060009 0a080013 10000 100 71149 4381999 221896 32704
0a000011 0a0a0016 10000 100 10870 4572999 36697 12801
0a09000a 0a040015 10000 100 2651 4559999 50464 10079
0a000009 0a08001a 10000 100 25154 4520999 90462 17510
0a07000a 0a06000b 10000 100 1587168 1531000 3080983 533360
0a0b000c 0a000001 10000 100 1642511 899999 3714098 551638
0a090004 0a030004 10000 100 394622 3994000 628133 139534
0a0b001f 0a060012 10000 100 548463 3480000 1142675 190329
0a070017 0a090017 10000 100 835808 2469999 2152900 285229
0a0b0018 0a0b000d 10000 100 858224 4131000 494350 288392
0a00000e 0a040003 10000 100 66965 4511000 115953 31320
0a04000a 0a040012 10000 100 48967 4595000 33385 21136
0a01001b 0a05000d 10000 100 2092178 995999 3632678 700124
0a030003 0a030006 10000 100 88134 4562000 67561 34069
0a060015 0a06000d 10000 100 2575464 3190999 1439510 855481
0a010016 0a060016 10000 100 85801 4487999 143565 37547
0a010005 0a0a0014 10000 100 4590 4545999 87721 10730
0a08000a 0a03000b 10000 100 31784 4516000 118151 19708
0a0a0011 0a00000e 10000 100 80843 4407999 226155 35899
0a0b0011 0a000019 10000 100 56295 4556000 81371 27798
0a010015 0a03001f 10000 100 37255 4539999 99168 21505
0a02001c 0a090011 10001 100 443848 3853999 786218 155777
0a060007 0a03000c 10000 100 1998697 366000 4275134 669257
0a020008 0a050004 10000 100 2432202 2743000 1908392 812418
0a09000a 0a06001f 10000 100 656183 2798999 1854634 225906
0a0b0004 0a050004 10000 100 93549 4579999 74544 40103
0a010012 0a01000c 10000 100 2351948 2792999 1862757 781667
0a010002 0a03001e 10000 100 1879473 2821999 1833781 629877
0a08000d 0a05001a 10000 100 92293 4603999 53574 39686
0a060020 0a0a0012 10000 100 1868827 665000 3995508 626363
0a08000b 0a010011 10000 100 1579513 742999 3927248 530833
0a010012 0a080006 10000 100 65154 4393000 277929 30725
0a050019 0a000016 10000 100 54428 4632999 38094 27185
0a02000f 0a050007 10000 100 797287 2296999 2374383 272503
0a020016 0a020014 10000 100 1651752 3065000 1611279 550447
0a020014 0a0a000a 10000 100 34236 4635000 41805 20508
0a03001b 0a08001d 10000 100 15492 4616000 61175 14326
0a07001d 0a01001c 10000 100 43720 4577000 101300 23651
0a000004 0a080012 10000 100 1598927 3148000 1531035 537230
0a030002 0a09001d 10000 100 80992 4572999 106752 35946
0a070014 0a04000d 10000 100 2206796 284999 4396419 737984
0a09000b 0a050003 10000 100 75678 4599999 83700 34200
0a090004 0a0b0007 10000 100 432893 3428000 1260132 152164
0a040016 0a080013 10000 100 57608 4558000 130403 28233
0a05001e 0a00000f 10000 100 104541 4638999 51344 43728
0a040009 0a01001e 10000 100 282169 3948000 743014 102397
0a000001 0a03001c 10000 100 74511 4590000 101831 33811
0a050008 0a000008 10000 100 71828 4498000 196497 32922
0a030016 0a000004 10000 100 40804 4609000 86449 22687
0a000004 0a030012 10000 100 35707 4604999 92754 20994
0a0a001d 0a05000c 10000 100 58662 4584999 113206 28586
0a000003 0a010004 10000 100 16566 4632999 66768 14685
0a040014 0a05001b 10000 100 523582 3039000 1661340 182122
0a040001 0a050002 10000 100 53928 4542000 160318 27009
0a00001c 0a080017 10000 100 64704 4467999 235182 30581
0a090004 0a090014 10000 100 2292206 3478999 1225251 761951
0a050007 0a05000b 10000 100 81049 4610999 95956 31740
0a06000c 0a020015 10000 100 25915 4680000 31613 17769
0a02000b 0a02001a 10000 100 967810 4381999 333400 324581
0a040001 0a03000c 10000 100 21336 4677999 38039 16257
0a050001 0a070019 10000 100 356740 4133000 583557 127012
0a0a0008 0a040020 10000 100 2527784 3442000 1276898 843987
0a000018 0a060020 10000 100 2276339 1139999 3581704 760944
0a0b0010 0a020002 10000 100 51912 4642000 84092 26349
0a040014 0a00001c 10000 100 7406 4653000 73146 11646
0a080007 0a050015 10000 100 94004 4373000 353216 40248
0a0a001f 0a070019 10000 100 1977486 3298000 1432149 662255
0a010015 0a090007 10000 100 3440 4695999 34252 10346
0a0b0008 0a090009 10000 100 505695 4309000 423075 176214
0a040009 0a030006 10000 100 23190 4656000 76619 16866
0a02000d 0a080003 10000 100 2431591 1598999 3134030 812223
0a010003 0a000002 10000 100 24639 4668000 66748 17345
0a000020 0a060013 10000 100 26704 4681000 56616 18021
0a0b001b 0a0b0016 10000 100 99699 4686000 57297 37892
0a070010 0a06001c 10000 100 1831092 3657000 1087625 613904
0a00001c 0a05000e 10000 100 79247 4551999 194476 35373
0a06000d 0a090001 10000 100 955964 2997000 1749915 324908
0a020010 0a08000e 10000 100 94964 4586999 160548 40571
0a020009 0a05000a 10000 100 2455884 3504999 1255285 820242
0a080009 0a080015 10000 100 28555 4746000 17187 14404
0a0b0010 0a09000a 10000 100 2072211 640999 4129374 693535
0a020013 0a000008 10000 100 78193 4623000 149916 35035
0a070004 0a000016 10000 100 62459 4643000 131958 29832
0a090009 0a01000f 10000 100 28685 4703999 71993 18686
0a000011 0a0b0009 10000 100 80953 4621000 155387 35934
0a030019 0a000001 10000 100 707635 4178000 599481 242893
0a09000c 0a090002 10000 100 64264 4758000 25989 26184
0a010006 0a090011 10000 100 45074 4769999 29445 24099
0a04000f 0a070006 10000 100 123947 4405000 395129 50137
0a070011 0a00000c 10001 100 79230 4730999 76392 35367
0a0a000c 0a080007 10000 100 92371 4756999 52823 39711
0a010014 0a09001f 10000 100 2219201 1726000 3085026 742077
0a020007 0a09000d 10000 100 552 4764000 49117 9392
0a060012 0a00001d 10000 100 1579304 2030999 2783778 530751
0a05001a 0a070019 10000 100 48841 4704999 109895 25336
0a00000f 0a040015 10000 100 16955 4746000 71206 14809
0a090008 0a010008 10000 100 57330 4673000 145679 28144
0a070013 0a050009 10000 100 8923 4798000 21496 12147
0a050001 0a000012 10000 100 55209 4683999 135715 27435
0a020019 0a090020 10000 100 55889 4670999 148797 27668
0a050006 0a030003 10000 100 1688913 1835999 2984706 566947
0a060007 0a040010 10000 100 25193 4768999 51962 17522
0a020017 0a080003 10000 100 15307 4786999 40942 14267
0a02000f 0a01001d 10000 100 1726533 961999 3867943 579385
0a080012 0a010005 10000 100 50338 4754000 76222 25830
0a030003 0a060019 10000 100 1715286 1696000 3135249 575663
0a07000b 0a06000e 10000 100 31216 4753000 79217 19511
0a04000f 0a0a001a 10000 100 75559 4589000 243959 34162
0a0a000f 0a04001d 10000 100 1896092 815999 4018303 635379
0a080016 0a000009 10000 100 1689643 2814000 2021788 567196
0a08001f 0a0a000b 10000 100 408009 4036999 800063 143956
0a030003 0a060012 10000 100 2164266 1141000 3696339 723929
0a040014 0a030014 10000 100 4396 4798000 39870 10652
0a070002 0a03001b 10000 100 9 4788999 50578 9218
0a0a000e 0a01001e 10000 100 1726988 3040999 1799077 579530
0a030001 0a030009 10000 100 45463 4806000 34518 19984
0a040004 0a02000a 10000 100 45109 4682000 159625 24111
0a06001e 0a020019 10000 100 43225 4767000 77704 23477
0a070004 0a02001d 10000 100 54363 4708999 136227 27164
0a040018 0a050015 10000 100 103412 4635000 211868 43351
0a050009 0a040004 10000 100 35980 4785000 62216 21082
0a040019 0a040017 10000 100 53385 4813999 36314 22596
0a03000c 0a03001a 10000 100 203680 4748999 102095 72226
0a020011 0a080004 10000 100 76936 4638999 214423 34618
0a0b0019 0a090020 10000 100 585412 4518999 337781 202537
0a05001a 0a0a0016 10000 100 302974 4218000 639840 109254
0a060009 0a030002 10000 100 1751913 1626999 3234606 587752
0a00000f 0a06000a 10000 100 31266 4781999 79792 19527
0a050018 0a050001 10000 100 2148686 3687999 1174057 714550
0a010012 0a000012 10000 100 1845084 1734000 3130202 618535
0a07001b 0a05001d 10000 100 96040 4640000 225415 40931
0a010016 0a020008 10000 100 1646099 1863999 3002441 552816
0a050004 0a09000f 10000 100 788551 4310999 556264 269615
0a0b0007 0a0b0018 10000 100 1701077 3873999 993312 566738
0a09000b 0a06000f 10000 100 592866 3782000 1086056 204999
0a020020 0a00001b 10000 100 29885 4824000 45293 19070
0a040012 0a05001d 10000 100 27463 4817000 55533 18280
0a0b000b 0a02000d 10000 100 2085922 1340000 3542568 698060
0a05000e 0a00000e 10000 100 344280 4225999 660874 122902
0a02001a 0a0a001a 10000 100 47621 4792000 100341 24930
0a08001b 0a05000a 10000 100 457721 4581000 312059 160370
0a03000a 0a0b0011 10000 100 103697 4656000 240971 43458
0a000007 0a060011 10000 100 35652 4873999 23341 20977
0a0a0019 0a07001d 10000 100 2105484 861000 4038333 704520
0a08000f 0a070019 10000 100 82454 4767000 136284 36430
0a020007 0a00001e 10000 100 2386209 1325000 3579887 797224
0a080005 0a0b0005 10000 100 76806 4797000 108375 34576
0a050015 0a0b0018 10000 100 26703 4787999 118739 18021
0a070012 0a0a0020 10000 100 7408 4852999 54250 11647
0a090006 0a0a0001 10000 100 56105 4741999 166206 27737
0a030018 0a010018 10000 100 126183 4695999 212849 50884
0a00000a 0a0b0020 10000 100 2314016 541000 4370090 773385
0a030011 0a09001a 10000 100 56634 4772000 141150 27906
0a02001e 0a03001d 10000 100 79463 4854999 58242 35442
0a040019 0a0a0005 10000 100 82207 4746000 168714 36351
0a040012 0a000020 10000 100 2067403 3379000 1536047 691950
0a020007 0a000006 10000 100 994395 2351999 2566716 337590
0a070010 0a08001d 10000 100 2548807 783999 4138001 850930
0a05001b 0a0a0002 10000 100 1576633 1093000 3831112 529881
0a090011 0a010015 10000 100 55465 4767999 158544 27517
0a04001f 0a00001c 10000 100 16546 4867999 58918 14679
0a04000a 0a0b000e 10000 100 101218 4637999 293960 42634
0a02001d 0a010013 10000 100 42684 4827999 104914 23304
0a04001e 0a070019 10000 100 66969 4826999 107927 31321
0a080016 0a04001e 10000 100 85268 4644999 294560 37361
0a070019 0a030002 10000 100 911841 2269000 2672469 310328
0a040006 0a05001b 10000 100 1804939 3713000 1234330 605273
0a090010 0a0a001b 10000 100 713890 3197000 1750674 244956
0a06001e 0a03001e 10000 100 35515 4793000 157360 20933
0a02001d 0a090005 10000 100 752212 3759000 1191866 257618
0a0a000e 0a050012 10000 100 1569111 1113999 3837411 527397
0a010014 0a010012 10000 100 2387634 3445999 1505957 793456
0a030011 0a09001e 10000 100 1642572 2567999 2385544 551657
0a08000c 0a01000e 10000 100 22775 4937999 18986 16733
0a070002 0a090008 10000 100 9200 4878000 81353 12251
0a070002 0a05000d 10000 100 1755824 515000 4445200 589050
0a05000d 0a070017 10000 100 67758 4806000 157382 31589
0a0a0009 0a03001a 10000 100 45379 4896000 71117 24197
0a040013 0a080011 10000 100 91590 4671999 297669 39461
0a080016 0a090010 10000 100 991306 3752000 1217970 336570
0a0a000f 0a0a0012 10000 100 63997 4932999 37851 26099
0a060017 0a0b0010 10000 100 4640 4939999 32158 10746
0a040013 0a090008 10000 100 39860 4865999 106564 22369
0a020011 0a06000f 10000 100 18188 4924000 53771 15219
0a0b0004 0a04000c 10000 100 85211 4823000 156119 37343
0a030020 0a000020 10000 100 168984 4736999 245428 65010
0a080013 0a06000f 10000 100 31544 4800999 186837 19632
0a000001 0a070005 10000 100 2403246 1193999 3801362 802860
0a010019 0a090009 10000 100 43940 4922000 81080 23721
0a080003 0a020017 10000 100 70237 4971999 38091 32397
0a0a0020 0a080004 10000 100 47354 4902000 109394 24844
0a070018 0a0b0015 10000 100 13708 4963999 48653 13740
0a01001e 0a000004 10000 100 5979 4956000 58828 11174
0a06001d 0a060005 10000 100 1872444 4026000 992120 623326
0a01001b 0a010017 10000 100 42217 4974000 48555 18914
0a060006 0a02000d 10000 100 2458897 1407999 3615141 821237
0a07000f 0a08000d 10000 100 19664 4941000 84159 15707
0a090007 0a05001f 10000 100 1842096 3165999 1859277 617548
0a080016 0a060007 10000 100 76462 4706000 321231 34451
0a09000a 0a01001f 10000 100 159561 4941000 94409 61903
0a010003 0a030002 10000 100 81394 4891000 145131 36090
0a020009 0a0b001f 10000 100 1870548 2634000 2402144 626944
0a08000d 0a090005 10000 100 70300 4856000 180163 32417
0a0a000d 0a02001d 10000 100 573886 4504000 533853 198726
0a040003 0a020012 10000 100 58411 4921000 117665 28490
0a050002 0a090010 10000 100 36164 4851000 187985 21156
0a0a0018 0a05000d 10000 100 1803051 2109000 2933309 604654
0a09001d 0a02001b 10000 100 1667638 1484999 3559841 559924
0a010011 0a0b0018 10000 100 2598795 2752999 2292136 867433
0a01001b 0a01000c 10000 100 1690186 4236000 810001 563130
0a01001b 0a090015 10000 100 60110 4930000 117402 29064
0a060010 0a090010 10000 100 77618 4852999 196625 34836
0a000017 0a05001c 10000 100 29737 4994000 59867 19023
0a00001c 0a09000a 10000 100 83234 4924000 132473 36695
0a020003 0a00001d 10000 100 252668 4872999 185849 92649
0a070004 0a06000a 10000 100 970175 4529000 530019 329593
0a07000d 0a050003 10000 100 5631 4976999 82828 11063
0a060013 0a0a000a 10000 100 777781 3627000 1434011 266061
0a050006 0a010009 10000 100 12661 4980000 81231 13389
0a030009 0a030014 10000 100 597557 4834999 230557 202306
0a000006 0a020005 10000 100 32507 4951999 122716 19940
0a07000b 0a010004 10000 100 2494829 1007999 4066761 833104
0a08000b 0a030017 10000 100 61706 4891000 190563 29591
0a03001e 0a0b0016 10000 100 2293389 411000 4676157 766569
0a030017 0a010020 10001 100 51321 4995999 92108 26160
0a07000b 0a09000a 10000 100 79207 4931999 159432 35360
0a050020 0a030008 10000 100 2429099 1108999 3985539 811394
0a000005 0a030006 10000 100 296619 4491000 604025 107159
0a08000e 0a0b0003 10000 100 977016 2256999 2839470 331859
0a050005 0a010009 10000 100 82800 4810000 287654 36556
0a07001f 0a040002 10000 100 1859418 3448999 1658234 623260
0a000011 0a000008 10000 100 335092 4924999 184173 115630
0a0a0004 0a09001f 10000 100 949989 3974000 1145614 322934
0a040017 0a050019 10000 100 82686 4949000 172087 36519
0a0a0020 0a06000f 10000 100 80872 4833999 287092 35908
0a05001c 0a08001e 10000 100 73324 4844000 277204 33416
0a010009 0a050014 10000 100 1812149 1685000 3437064 607657
0a01000f 0a02000e 10000 100 1855503 956999 4168848 621976
0a080005 0a06001f 10000 100 458105 3595999 1530365 160493
0a030011 0a0b0008 10000 100 65280 4934000 194750 30765
0a020013 0a060019 10000 100 41327 4997999 131635 22854
0a0a0015 0a0b0020 10000 100 93605 4977999 158762 40121
0a0a0002 0a03001d 10000 100 502480 4375999 765019 175139
0a0b0016 0a00000a 10000 100 37596 4925999 215290 21630
0a0b0001 0a040006 10000 100 96133 4976000 169147 40960
0a090006 0a05000d 10000 100 98087 4821999 325543 41601
0a0a0002 0a07001a 10000 100 741301 4031999 1121397 254019
0a050010 0a080005 10000 100 2458575 684000 4477281 821134
0a030014 0a04000f 10000 100 74753 4947000 215381 33888
0a020004 0a080007 10000 100 1726632 828999 4339118 579416
0a07000a 0a04000f 10000 100 1717249 2158999 3019829 576306
0a0a001b 0a020008 10000 100 2555458 1410000 3769070 853120
0a09000e 0a0a000f 10000 100 212374 4869000 310721 79340
0a090008 0a0a0002 10000 100 82304 4969999 214073 36382
0a060011 0a0a0017 10000 100 1661139 3425000 1764905 557783
0a050011 0a0a0004 10000 100 796919 2321999 2874920 272385
0a0b001c 0a01000d 10000 100 629644 4315000 887117 217137
0a050014 0a070009 10000 100 1841229 505000 4700265 617255
0a030017 0a09001f 10000 100 2389038 262000 4946469 798160
0a070017 0a010012 10000 100 717403 3738000 1475233 246126
0a00000e 0a08001b 10000 100 169757 4924000 291620 65273
0a080015 0a070017 10000 100 2396070 2431000 2786383 800487
0a030003 0a070008 10000 100 1582151 2465000 2769466 531693
0a050010 0a050019 10000 100 1806871 4455999 781404 601667
0a050005 0a01000d 10000 100 2496238 2541999 2699926 833570
0a05000a 0a0b000b 10000 100 1957561 3259999 1989389 655679
0a0b000c 0a04001d 10000 100 1852035 1721000 3534246 620820
0a010003 0a0b001b 10000 100 253316 4762999 496577 92856
0a030018 0a0a0009 10000 100 795053 4172999 1088133 271773
0a01000d 0a060010 10000 100 1830938 3886000 1378167 613854
0a040009 0a02000a 10000 100 403176 4196000 1073389 142348
0a08001c 0a050018 10000 100 411059 3976000 1294921 144962
0a040002 0a0a0011 10000 100 2593680 1188999 4081948 865750
0a060004 0a0b001b 10000 100 1611572 3886999 1385852 541415
0a030002 0a0b0004 10000 100 2076566 550999 4723549 694974
0a0a0001 0a07001c 10000 100 1048319 4290000 985482 355398
0a08001d 0a000002 10000 100 193221 4958999 332497 73012
0a050017 0a050005 10000 100 2039007 3723999 1568156 678331
0a070001 0a040016 10000 100 1582628 952999 4345868 531861
0a000015 0a010014 10000 100 832829 4104000 1200554 284245
0a050006 0a060015 10000 100 643006 4569000 749365 221551
0a060012 0a010004 10000 100 2109718 3359000 1960012 705921
0a070016 0a070009 10000 100 1016025 4741999 578029 340502
0a030012 0a01000c 10000 100 243816 4740000 581078 89724
0a060017 0a010010 10000 100 220752 4921000 400438 82113
0a09001f 0a06000b 10000 100 2355977 1528000 3801392 787243
0a0b0008 0a0a0011 10000 100 2379016 721999 4608851 794861
0a01000d 0a0a0001 10000 100 1599006 1577999 3759394 537271
0a02001d 0a030009 10000 100 1048418 3537999 1802961 355430
0a000020 0a05001b 10000 100 2285880 1557999 3788403 764090
0a020016 0a01000d 10000 100 1755313 1188999 4158757 588886
0a02001f 0a01000f 10000 100 758114 4357999 989857 259568
0a07001e 0a07001c 10000 100 2426588 3882000 1468562 806320
0a060005 0a010010 10000 100 380961 4831000 522591 135008
0a02000e 0a02000b 10000 100 1669504 4343999 1014891 556312
0a0b0016 0a09000e 10000 100 114891 4938999 425254 47147
0a040020 0a00001a 10000 100 1955067 2468000 2905086 654850
0a0b0016 0a0b0006 10000 100 1874079 1794000 3587818 623865
0a040003 0a0b001e 10000 100 609614 4499000 884150 210528
0a090001 0a010007 10000 100 2093262 2302999 3081983 700486
0a090020 0a010006 10000 100 755995 4435999 954453 258859
0a05000b 0a060012 10000 100 1775152 541999 4857333 595434
0a040003 0a090012 10000 100 1698529 2631999 2769150 570132
0a0b000a 0a02001c 10000 100 483721 4733000 680408 168952
0a04001f 0a070001 10000 100 449945 4834999 584186 157790
0a090001 0a020012 10000 100 2066302 2432000 2989035 691582
0a0b000e 0a030012 10000 100 1875226 831999 4595325 628487
0a050007 0a090004 10000 100 821273 4176000 1253667 280424
0a040004 0a01001b 10000 100 2014782 2278000 3154122 674574
0a040014 0a060016 10000 100 2228970 1621000 3815858 745295
0a060008 0a040005 10000 100 1697606 784999 4652210 569821
0a020014 0a000013 10000 100 892895 3014000 2426546 304080
0a070006 0a010014 10000 100 1590753 1296000 4148080 534537
0a06000c 0a020003 10000 100 2352228 440000 5009635 786012
0a090018 0a0a0003 10000 100 961881 4192999 1261321 326863
0a000004 0a050011 10000 100 2530557 2745000 2726108 844905
0a090008 0a020009 10000 100 1916214 2990000 2483322 642018
0a010002 0a070009 10000 100 2353625 1871999 3601498 786475
0a070019 0a06000a 10000 100 1866054 2115000 3362749 625460
0a05000b 0a010014 10000 100 1767865 2400999 3078490 593026
0a05001d 0a020019 10000 100 2334642 3867000 1621129 780200
0a070001 0a040005 10000 100 840241 4440000 1048560 286694
0a020009 0a050001 10000 100 1698445 4780000 709874 570105
0a000019 0a050007 10000 100 2310267 1494000 4002610 772155
0a06001e 0a010015 10000 100 860659 3638000 1860409 293427
0a040002 0a050017 10000 100 2061680 382999 5115905 690057
0a05000e 0a080005 10000 100 2421147 786000 4713506 808773
0a070009 0a070010 10000 100 1778870 4644999 865936 592415
0a010002 0a050013 10000 100 942709 3233000 2278544 320528
0a050007 0a0a0001 10000 100 256514 4917000 595249 93926
0a02000e 0a05001b 10000 100 913911 3775000 1738790 311021
0a010011 0a090009 10000 100 1644224 1660000 3854496 552201
0a05000d 0a040009 10000 100 944707 3115000 2400694 321183
0a050004 0a03000b 10000 100 1934880 4636999 894649 648176
0a030001 0a080002 10000 100 677521 4120999 1416119 232949
0a010015 0a090005 10000 100 1756214 3167999 2369561 589175
0a090012 0a000011 10000 100 641039 4654000 888981 220906
0a000012 0a050008 10000 100 2114009 3118999 2425136 707340
0a000011 0a030008 10000 100 2113849 2255000 3290528 707289
0a090002 0a0a001d 10000 100 550425 4238999 1328588 190973
0a080019 0a010016 10000 100 2016845 1860000 3714240 675249
0a080006 0a050015 10000 100 1942030 4621000 955345 650540
0a0a0015 0a0b0002 10000 100 752548 4165000 1414462 257726
0a060002 0a070014 10000 100 1975375 1858000 3722978 661549
0a0a0011 0a0a0008 10000 100 1997647 3697999 1886580 664666
0a010004 0a030001 10000 100 1774198 1015999 4571963 595114
0a020014 0a07001f 10000 100 891396 3821999 1789110 303585
0a080014 0a050013 10000 100 1795276 2841000 2772032 602074
0a01000b 0a0a001b 10000 100 1709480 4161999 1453574 573744
0a000009 0a00000c 10000 100 1013364 4954000 671873 339619
0a010011 0a0a0017 10001 100 1878559 1417000 4213257 629584
0a0a0006 0a020012 10001 100 2061082 2909999 2724313 689866
0a0b0006 0a090007 10000 100 2601662 1634999 4004291 868381
0a01000b 0a0b0017 10000 100 582211 4597000 1053571 201482
0a050007 0a050011 10000 100 2355596 3212000 2438811 782881
0a050014 0a020019 10000 100 1900798 2376000 3283622 636931
0a0a000f 0a080003 10000 100 1845017 3000000 2661682 618513
0a05001d 0a09000e 10000 100 1700147 4610000 1053381 570665
0a09000f 0a04000d 10000 100 1844080 2726000 2940959 618198
0a0a001b 0a000003 10000 100 2338182 1026000 4643051 781364
0a060019 0a020012 10000 100 1007569 3204999 2468089 341944
0a090020 0a030017 10000 100 2172509 840999 4836108 726659
0a090002 0a07001c 10000 100 1873080 1252000 4426139 627770
0a040014 0a030001 10000 100 1929008 787999 4893260 646250
0a010011 0a01001a 10000 100 1651842 4677999 1004760 550476
0a090014 0a010012 10000 100 2284549 3537999 2147725 763664
0a060016 0a0a0013 10000 100 1617667 1456999 4230870 543426
0a080007 0a03000a 10000 100 2088146 1711000 3977725 698803
0a06000a 0a050016 10000 100 918887 4588000 1102115 312659
0a07000d 0a090004 10000 100 2049164 2445000 3247738 685929
0a050015 0a090016 10000 100 2242418 2288000 3406004 749736
0a080016 0a060013 10000 100 2572214 1500999 4197364 858650
0a050011 0a02001f 10000 100 633852 4408999 1290333 218529
0a050011 0a050014 10000 100 896760 4895000 806696 301108
0a020001 0a090012 10000 100 2040363 2959999 2749934 683021
0a050012 0a0b0004 10000 100 2538057 1440000 4273692 847382
0a0b001a 0a030016 10000 100 2319236 1807999 3914540 775117
0a030011 0a0b0013 10000 100 2135248 707999 5016393 714352
0a06001b 0a04001a 10000 100 2294501 3350000 2375495 766941
0a010015 0a05001f 10000 100 1953602 1948000 3782920 654366
0a05000a 0a090009 10000 100 974449 3480000 2251704 331007
0a09001f 0a030018 10000 100 2180380 778999 4954443 729255
0a080004 0a090009 10000 100 2564074 2691999 3041507 855969
0a09000c 0a030001 10000 100 423851 4844000 893351 149179
0a00000c 0a020001 10000 100 1980379 3647000 2091349 663211
0a090012 0a0b0015 10000 100 2234215 2596999 3142124 747035
0a090014 0a080003 10000 100 1856202 4662000 1077190 622200
0a060011 0a0a0011 10000 100 983440 3570999 2169960 333976
0a0a000f 0a040007 10000 100 2240619 1925999 3815042 749145
0a0a0020 0a00000c 10000 100 791624 4227999 1519574 270629
0a080020 0a090004 10000 100 753987 4954000 796783 258201
0a09000d 0a00001c 10000 100 800700 4253999 1502103 273626
0a090005 0a080005 10000 100 2367542 2995999 2761420 791066
0a030015 0a090007 10000 100 2036128 1224000 4540255 681619
0a09000b 0a030018 10000 100 1962252 4242000 1523917 657226
0a050020 0a01000b 10000 100 318110 4903000 865325 114266
0a0b000d 0a0a001a 10000 100 2127140 1270999 4504515 711680
0a090013 0a090010 10000 100 1692441 4956000 825847 563882
0a000005 0a01000a 10001 100 1620604 4214999 1572553 544397
0a080018 0a020008 10000 100 1925755 1690000 4097952 645163
0a040005 0a060018 10000 100 1601949 3609999 2178358 538228
0a05000e 0a03000b 10000 100 2303454 2066000 3737541 769898
0a0a0011 0a0a0010 10000 100 1624539 4137000 1669784 541462
0a000015 0a0a0004 10000 100 2235548 4061000 1747339 747477
0a000019 0a070013 10000 100 1907586 1164000 4645535 639165
0a060020 0a020009 10000 100 2358446 465999 5346261 788064
0a030011 0a0b001e 10000 100 1834338 4237999 1574566 614973
0a0a000e 0a000017 10000 100 2061434 4218999 1595365 689978
0a090001 0a070011 10000 100 1865474 4447999 1368259 625259
0a020005 0a040002 10000 100 1764975 3347999 2472332 592070
0a02001c 0a0a001c 10000 100 1949553 4205000 1618835 653024
0a050007 0a070008 10001 100 926987 4414000 1428967 315328
0a08000e 0a000003 10000 100 1822902 985999 4871092 611206
0a060011 0a000012 10000 100 908291 4320000 1542241 309161
0a00001e 0a090015 10000 100 2314523 2399999 3467229 773563
0a00000c 0a03001d 10000 100 2388532 1727999 4145518 797998
0a010003 0a040005 10000 100 2504939 3191999 2682416 836431
0a070015 0a02000f 10000 100 2035077 4093000 1782067 681268
0a00001c 0a05000a 10000 100 2470393 1364999 4512137 825023
0a090018 0a060009 10000 100 755062 4617999 1264553 258561
0a03000f 0a000009 10000 100 2284612 701000 5182880 763684
0a08000a 0a010013 10000 100 1984196 3007000 2878078 664464
0a080019 0a020016 10000 100 2301901 573000 5312964 769385
0a070006 0a09000f 10000 100 1864860 4147999 1754838 625063
0a0b0013 0a0a0005 10000 100 883640 3547999 2356474 301027
0a080015 0a010006 10000 100 2462407 2210000 3694926 822391
0a010004 0a02001c 10000 100 1853684 4226999 1681542 621363
0a010006 0a050011 10000 100 1698423 895999 5014953 570098
0a06000d 0a020008 10000 100 654140 4767999 1143091 225237
0a010007 0a050016 10000 100 2089995 3125999 2792688 699410
0a010018 0a040014 10000 100 580343 4669000 1260674 200854
0a060013 0a040008 10000 100 2395176 2883999 3047869 800186
0a05000e 0a030010 10000 100 2078425 4302000 1630743 695584
0a0b0005 0a06001d 10000 100 1690544 3530999 2414043 567500
0a04001c 0a070002 10000 100 1671284 4107000 1841077 561137
0a05001c 0a01001d 10000 100 2450494 4277999 1673013 818456
0a040009 0a090017 10000 100 765065 4988000 963986 261869
0a0a0019 0a00001d 10000 100 777660 4006000 1952504 266023
0a0a0011 0a000013 10000 100 884067 3501999 2459211 301163
0a030013 0a050018 10000 100 2371963 2269000 3692377 792527
0a080019 0a07001c 10000 100 1589145 1381999 4589474 534008
0a07001d 0a02000c 10000 100 578752 4993000 983648 200329
0a070001 0a06000c 10000 100 1827434 3840999 2138203 612702
0a000011 0a030012 10000 100 1723160 3177999 2802313 578259
0a030018 0a0a000e 10000 100 1701637 1966999 4018194 571157
0a020004 0a02001d 10000 100 2093459 4695999 1289205 696309
0a02001e 0a0b001f 10000 100 2011295 3004000 2982320 673412
0a070009 0a050002 10000 100 2034988 676999 5309551 681239
0a0a0013 0a060004 10000 100 1743388 1487999 4502127 584947
0a0a0014 0a090010 10000 100 1991326 4154999 1836153 666822
0a070010 0a080004 10000 100 2339567 1688000 4305696 781823
0a0b0015 0a05001a 10000 100 1597442 3589999 2405720 536739
0a000002 0a060016 10000 100 936255 4714000 1287961 318401
0a0a0016 0a07001f 10000 100 1881295 3873999 2136071 630491
0a060010 0a04001c 10000 100 1815836 1113000 4897107 608868
0a08000a 0a06000f 10000 100 2193119 1828999 4182702 733469
0a030005 0a05001f 10000 100 1788201 1325999 4692210 599748
0a09000f 0a040006 10000 100 2387997 818999 5200328 797812
0a030009 0a020008 10000 100 1631263 1670999 4348346 547915
0a01000d 0a030017 10000 100 1045777 3860999 2163370 354569
0a040020 0a080006 10000 100 2007562 1930999 4100648 672186
0a040008 0a070002 10000 100 1012087 4870000 1162543 343435
0a000012 0a040016 10000 100 814858 4846999 1196982 278310
0a040004 0a07000d 10000 100 2026044 3896999 2148559 678285
0a05000a 0a080013 10000 100 2348821 2586999 3459706 784876
0a0a0003 0a020012 10000 100 2568084 2507999 3538740 857298
0a08000f 0a01000e 10000 100 942133 3454000 2601952 320344
0a02001f 0a030020 10000 100 1665597 3797000 2261529 559256
0a00001f 0a09001f 10000 100 1753055 2047000 4015202 588133
0a06001e 0a08001f 10000 100 1825696 3017999 3045022 612131
0a030008 0a020020 10000 100 1685270 2374999 3688575 565751
0a020019 0a0a001b 10000 100 1811336 1930999 4146687 607382
0a030020 0a0b0015 10000 100 1906800 4542000 1536081 638913
0a02001a 0a070011 10000 100 2036590 3079999 3009708 681767
0a0a0020 0a070016 10000 100 1946390 4628000 1462662 651982
0a08000f 0a0a0012 10000 100 2312098 2464000 3629192 772756
0a0a000e 0a03001a 10000 100 854891 4440000 1654954 291520
0a010020 0a00000a 10000 100 2047521 2583999 3516882 685388
0a010016 0a02001d 10000 100 2017254 3033000 3068970 675380
0a080008 0a040006 10000 100 2546463 333000 5769291 850149
0a06001d 0a060019 10000 100 1955140 4248000 1855722 650634
0a03001a 0a04001f 10000 100 1811654 3295999 2825336 607484
0a00001e 0a07001f 10000 100 717319 4899999 1225911 246099
0a040013 0a000007 10000 100 1599661 3135000 2991630 537480
0a010019 0a050002 10000 100 2496396 1941000 4187083 833621
0a02000e 0a0b0018 10000 100 2076732 1351999 4777721 695027
0a080006 0a010002 10000 100 2449532 3139999 2993453 818148
0a000012 0a0a0003 10000 100 2271219 3797000 2338037 759260
0a05001f 0a06001c 10000 100 1669756 2844999 3291110 560632
0a070002 0a050012 10000 100 2180847 654999 5481691 729404
0a0b001a 0a020006 10000 100 2404572 2616999 3523823 803300
0a070011 0a0b0007 10000 100 988371 4715999 1429661 335600
0a03001a 0a020020 10000 100 1760657 2387999 3758527 590642
0a09001c 0a06000e 10000 100 2498744 3187999 2959879 834387
0a05001b 0a020019 10000 100 2443892 1338999 4817425 816282
0a08000a 0a030012 10000 100 1826539 2726000 3430938 612400
0a010015 0a08001b 10000 100 2393379 2792000 3366994 799595
0a040012 0a0a000d 10000 100 2461897 3637000 2522318 822228
0a050013 0a000009 10000 100 1029486 4703999 1460288 349187
0a070018 0a020007 10000 100 2070916 2706000 3458737 693105
0a05000e 0a01001f 10000 100 2554307 1858000 4311998 852736
0a04001d 0a000018 10000 100 2191817 947999 5223712 733037
0a050018 0a030019 10000 100 1682106 4225999 1948932 564707
0a04001c 0a04000a 10000 100 2196163 4891000 1284392 730234
0a040011 0a070013 10000 100 1568081 3821000 2359294 527052
0a030017 0a080015 10000 100 2075633 911000 5271061 694660
0a07000b 0a02000c 10000 100 2485953 2461000 3726377 830171
0a0b0010 0a0a001d 10000 100 1901279 2843000 3351677 637085
0a020010 0a030001 10000 100 1961375 1918999 4276244 656930
0a060020 0a0b0010 10000 100 2269129 724999 5474917 758560
0a000006 0a0a0016 10000 100 2337225 3810000 2391808 781058
0a090004 0a06001c 10000 100 1866295 1645999 4556809 625537
0a050015 0a070001 10000 100 2363059 480999 5723288 789586
0a050013 0a06000b 10000 100 2424456 351999 5861434 809863
0a030016 0a070007 10000 100 2595083 659999 5554410 866214
0a01000c 0a080002 10001 100 2477731 4945999 1270970 827448
0a000015 0a030018 10000 100 2119452 4251999 1970697 709128
0a0b0013 0a0a001a 10000 100 818811 4954000 1270595 279606
0a080007 0a040007 10000 100 1609810 4418000 1807974 540835
0a070017 0a0b0006 10000 100 2123501 2246000 3989201 710470
0a020019 0a01001b 10000 100 2339995 4388999 1846475 781960
0a04001b 0a0b0004 10000 100 2455499 1526999 4709779 820104
0a0b0002 0a040018 10000 100 2361820 800000 5449878 789174
0a070016 0a06001d 10000 100 2544309 572000 5678605 849444
0a010020 0a080015 10000 100 1746051 1469999 4793305 585830
0a070019 0a03001a 10000 100 1898652 3716000 2548942 636214
0a030004 0a0a0014 10000 100 2365555 3982000 2283439 790415
0a070003 0a070014 10000 100 82960 4850000 1419501 32367
0a0b0006 0a080011 10000 100 1908358 3627000 2649979 639427
0a08001f 0a00001b 10000 100 899300 3765000 2522926 306192
0a01001c 0a09001c 10000 100 1709597 2471000 3822797 573781
0a050019 0a0b000e 10000 100 2455845 4116999 2186087 820230
0a060012 0a010016 10000 100 2088534 968000 5337267 698927
0a0b0020 0a08001a 10000 100 2574617 2906000 3402736 859450
0a08000e 0a020008 10000 100 2478377 2477000 3831977 827670
0a060002 0a04000a 10000 100 2130577 3726999 2585528 712811
0a0b000b 0a09001e 10000 100 2075527 3985999 2328161 694626
0a040005 0a030001 10000 100 2007749 3223000 3092702 672246
0a080015 0a020015 10000 100 2094577 982000 5337498 700922
0a060005 0a08000d 10000 100 1908737 987000 5335788 639549
0a080020 0a030019 10000 100 2095926 2948999 3381186 701369
0a0b0007 0a09001c 10000 100 765621 4778000 1553418 262047
0a02000a 0a09001f 10000 100 1936457 3648999 2688774 648696
0a0a0011 0a040013 10000 100 2595406 3674999 2664816 866318
0a05000a 0a020001 10000 100 1802730 3745000 2595304 604536
0a0b0016 0a070018 10000 100 1912007 1237000 5103864 640626
0a04000a 0a0a0015 10000 100 1896219 3229999 3113936 635420
0a070020 0a050013 10000 100 2227075 2880000 3466258 744673
0a0b0016 0a03001e 10000 100 2012585 2017000 4338251 673840
0a07001b 0a020006 10000 100 1994297 1965000 4393034 667803
0a0b0006 0a060020 10000 100 2073020 1201000 5158252 693809
0a0a000b 0a000011 10000 100 1675844 2301000 4066405 562642
0a040015 0a05000c 10000 100 2219834 643000 5733914 742279
0a0a001d 0a050004 10000 100 1920870 2703000 3683584 643554
0a01001e 0a0a0003 10000 100 1681853 2272000 4115275 564626
0a05001d 0a09001a 10000 100 1735980 2242000 4149843 582500
0a040006 0a0a0003 10000 100 2159940 1485999 4906009 722499
0a05001b 0a060019 10000 100 2136975 3024000 3377164 714920
0a040013 0a0a0010 10000 100 2219096 1448000 4953439 742043
0a000007 0a0a000a 10000 100 1868122 3857000 2544750 626137
0a02001f 0a040018 10000 100 1779402 4824000 1582238 596840
0a02001f 0a0b0007 10000 100 2434061 4122999 2285461 813028
0a0a001d 0a020002 10000 100 2026344 4582000 1832308 678381
0a0b0010 0a030013 10000 100 2409581 4067999 2346335 804949
0a010014 0a03000e 10000 100 2191388 1637000 4785125 732885
0a08001f 0a030009 10000 100 2431520 3595000 2828557 812200
0a07000c 0a050016 10000 100 2520117 2481000 3942857 841457
0a03000c 0a04001e 10000 100 2509730 3926999 2498511 838026
0a01001d 0a060015 10000 100 2474710 715999 5712681 826451
0a0a0017 0a090001 10000 100 1622171 2942999 3486518 544914
0a00001d 0a020018 10000 100 1599371 4666000 1766297 537387
0a02001d 0a0b001e 10000 100 2057631 4921000 1513220 688715
0a06001f 0a000020 10000 100 2483174 2713000 3722300 829251
0a080003 0a010010 10000 100 1820301 4185000 2254195 610343
0a06001c 0a0a0016 10000 100 1828603 1835999 4611344 613092
0a04000c 0a070008 10000 100 2561490 2308999 4143940 855111
0a03000d 0a050005 10000 100 2071515 3609999 2843749 693312
0a02001a 0a040002 10000 100 2507011 971999 5484168 837125
0a09001e 0a040016 10000 100 1660115 4270000 2191381 557440
0a0a0002 0a040010 10000 100 2489375 2095000 4369800 831297
0a090019 0a000013 10000 100 2101554 4279999 2191152 703232
0a090006 0a060019 10000 100 2274867 2946999 3525449 760458
0a000006 0a05000f 10000 100 2292127 833999 5642608 766166
0a040009 0a060006 10000 100 689000 4666000 1817296 236745
0a06000e 0a050006 10000 100 2098868 3363000 3122259 702341
0a0b0018 0a00000c 10000 100 909423 4951999 1544833 309538
0a040011 0a050014 10000 100 1874616 4146000 2352195 628277
0a070004 0a010010 10000 100 2132694 2456999 4047060 713504
0a030012 0a020018 10000 100 2330162 3853000 2662975 778721
0a0a0004 0a050018 10000 100 2113687 3018999 3501431 707237
0a060001 0a02001b 10000 100 2087043 2357999 4186413 698434
0a01000c 0a080002 10000 100 2025043 1196999 5351133 677965
0a08000f 0a05000f 10000 100 1978236 4104000 2456894 662495
0a000004 0a05000c 10000 100 1573067 3895000 2682134 528694
0a040004 0a060009 10000 100 1723089 2893000 3690151 578237
0a010017 0a000008 10000 100 2065669 1592000 4998046 691380
0a0b0016 0a090008 10000 100 2365824 970999 5627337 790501
0a02000e 0a04001e 10000 100 2513100 1111999 5488143 839135
0a07001a 0a09001d 10000 100 1935058 3908000 2695251 648248
0a08001e 0a02000b 10000 100 2480542 828999 5797447 828378
0a00001e 0a080005 10000 100 1873174 2668999 3958707 627800
0a040016 0a03000a 10000 100 1900622 4508999 2120976 636875
0a080014 0a00001b 10000 100 2453500 2651999 3982828 819448
0a080001 0a070011 10000 100 1863283 2909999 3726088 624543
0a070007 0a090020 10000 100 1878467 2841000 3796527 629555
0a070014 0a0b0010 10000 100 2479852 3537999 3104306 828158
0a04001c 0a0b0006 10000 100 2262467 1600999 5048644 756367
0a00000a 0a040008 10000 100 1932403 3320000 3331083 647368
0a080004 0a030001 10000 100 2479107 2220000 4432743 827904
0a020005 0a000009 10000 100 2557067 4155999 2503115 853650
0a03000e 0a070007 10000 100 2239743 4810000 1855464 748865
0a050009 0a010015 10000 100 2207808 2456999 4218088 738308
0a07000a 0a02001d 10000 100 1917638 2795999 3879449 642489
0a000015 0a08000f 10000 100 1844779 1807999 4870637 618422
0a06001f 0a040008 10000 100 1902892 2893000 3796108 637617
0a03000f 0a0a0007 10000 100 1894977 3448999 3245152 635007
0a08001d 0a060008 10000 100 2100341 1175000 5521418 702828
0a030020 0a0b000b 10000 100 2328300 2978000 3721436 778110
0a04001b 0a00000e 10000 100 2403222 3700999 2999547 802853
0a010016 0a040017 10000 100 1024426 4748999 1952831 347507
0a01001e 0a000019 10000 100 2184273 2471000 4230957 730546
0a07001b 0a0b0015 10000 100 2110824 3591000 3113105 706290
0a04001a 0a060013 10000 100 1765622 4341000 2364309 592293
0a04001b 0a080002 10000 100 2544196 2615000 4091538 849408
0a050014 0a070016 10000 100 2200821 2023000 4686267 736011
0a030004 0a040003 10000 100 2313645 4739000 1970466 773266
0a030008 0a0a000e 10000 100 2172135 3165999 3544904 726539
0a070004 0a05000c 10000 100 2564655 1154999 5559844 856155
0a000008 0a010005 10000 100 2422463 4745000 1978134 809194
0a080010 0a0a0020 10001 100 1944864 2609999 4113987 651478
0a040003 0a08000c 10000 100 2320186 1003999 5725609 775421
0a030017 0a01001b 10000 100 2474480 2478000 4257798 826377
0a090010 0a080019 10000 100 2135981 2897999 3838098 714586
0a04000a 0a060005 10000 100 2587733 1039999 5698366 863785
0a09000e 0a000001 10000 100 2451917 3379000 3364059 818927
0a0a0010 0a09001a 10000 100 1928928 2991000 3753979 646209
0a0b0004 0a060002 10000 100 1031372 4838000 1907956 349806
0a02000d 0a09001c 10000 100 2484161 4007000 2740024 829583
0a04001a 0a0a0011 10000 100 1600382 4350999 2403000 537711
0a01001d 0a0b0011 10000 100 2144993 4722999 2032009 717562
0a0b0012 0a07000c 10001 100 2606772 3589000 3167587 870062
0a070011 0a00000c 10000 100 1760878 4684999 2072266 590713
0a0b001e 0a080011 10000 100 1866046 4167999 2589799 625457
0a020001 0a090004 10000 100 1816962 3714999 3048774 609244
0a000020 0a0b0007 10000 100 2409361 1291000 5474639 804879
0a020020 0a08001a 10000 100 1701814 3595000 3170897 571214
0a08001d 0a0b0004 10000 100 2523249 688000 6080812 842490
0a0a0007 0a09001e 10000 100 2600438 1891000 4879488 867974
0a030004 0a0b0006 10000 100 1673538 4976000 1799702 561873
0a04000c 0a050017 10000 100 1598892 4204000 2597025 537219
0a060015 0a050005 10000 100 2285746 2727999 4074346 764047
0a090003 0a020019 10000 100 2593507 2255000 4547534 865695
0a00000c 0a040003 10000 100 2386644 3547999 3258954 797379
0a09000a 0a050011 10000 100 2196566 2589999 4223676 734603
0a070007 0a030010 10000 100 2394658 4735999 2079158 800020
0a000005 0a02001e 10000 100 2072580 3899000 2923652 693653
0a080016 0a090008 10000 100 2407021 2748000 4078130 804099
0a020013 0a070009 10000 100 2186272 2922000 3910984 731201
0a010009 0a030006 10001 100 2028617 3514000 3324355 679139
0a000001 0a0b0008 10000 100 1816676 2546999 4295627 609152
0a080020 0a02001b 10000 100 2375337 1381000 5469470 793638
0a0b001b 0a020012 10000 100 1812563 3804000 3049327 607790
0a00001e 0a080011 10000 100 1968735 2886999 3972643 659362
0a0a000e 0a00000f 10000 100 2470935 4200999 2660877 825212
0a05000c 0a070004 10000 100 2429850 4761999 2107771 811635
0a080002 0a0b001f 10000 100 2077888 4009999 2860097 695413
0a090015 0a05001c 10000 100 1628656 4942000 1929011 547050
0a0b0008 0a040001 10000 100 1872798 3314000 3559509 627680
0a030019 0a050009 10000 100 2446612 4549000 2329237 817183
0a050015 0a09000d 10000 100 2360364 4245999 2632711 788693
0a000017 0a0a000f 10000 100 1843375 2675999 4211855 617957
0a070015 0a00001a 10000 100 2324068 1897999 4993281 776709
0a010008 0a070007 10000 100 2298669 2593999 4299746 768320
0a0a0001 0a000001 10000 100 2512172 4372000 2527994 838823
0a050020 0a000017 10000 100 1792856 4823000 2079391 601284
0a0a0008 0a070007 10000 100 1720661 3318000 3585282 577444
0a000012 0a0b0014 10000 100 1805779 4491000 2413322 605542
0a05001b 0a000002 10000 100 1931263 4308000 2606618 646987
0a040010 0a030017 10000 100 2556586 4730999 2185731 853496
0a010007 0a020014 10000 100 1749943 3609999 3310081 587106
0a020016 0a01001d 10000 100 2084338 2667000 4257693 697538
0a0b001d 0a010017 10000 100 2565115 2651000 4280030 856317
0a040020 0a050015 10000 100 2591157 4802999 2129893 864912
0a0a0013 0a01001a 10000 100 1580632 3586999 3351520 531191
0a050010 0a000006 10000 100 2298313 1755000 5186654 768207
0a010011 0a070008 10000 100 2378047 2712000 4230259 794536
0a05000d 0a0b001a 10000 100 2103696 2356000 4594510 703932
0a080001 0a06001f 10000 100 2353861 3680000 3271795 786550
0a09001f 0a030013 10000 100 2474656 4965999 1988079 826433
0a0b0016 0a0b000f 10000 100 2396080 1958999 5004671 796250
0a00000d 0a050006 10000 100 1660048 3706000 3264711 557418
0a080011 0a05001e 10000 100 1687999 3301000 3675065 566655
0a060006 0a0a0016 10000 100 2232676 3539000 3439278 746527
0a050018 0a060005 10000 100 2199331 3446999 3540463 735519
0a090009 0a070011 10000 100 2566809 3207999 3779890 856875
0a02000d 0a040007 10000 100 2055807 4693000 2303656 688116
0a050015 0a010009 10000 100 2163088 4573999 2425782 723552
0a0b000c 0a040005 10000 100 2048597 3278999 3721238 685732
0a0b0006 0a010005 10000 100 2214224 3853000 3147472 740438
0a0a0004 0a0b0004 10000 100 2514394 4643000 2361685 839564
0a080013 0a090011 10000 100 2156761 2121000 4886899 721451
0a00000c 0a030011 10000 100 2577967 4369999 2639751 860553
0a040019 0a0a0011 10000 100 2473000 4473000 2540022 825888
0a0b0015 0a060018 10000 100 2229229 3916000 3100882 745393
0a0b0009 0a000011 10000 100 2579951 3690000 3327980 861203
0a07001a 0a0b000c 10000 100 2408665 2988000 4033786 804640
0a00001e 0a09000f 10000 100 2191082 2893000 4132194 732787
0a090005 0a0a0020 10000 100 1917823 4081999 2949720 642548
0a030001 0a020002 10000 100 2542254 4487999 2545939 848756
0a0a0007 0a050019 10000 100 1693029 4087999 2947636 568310
0a0a0007 0a080009 10000 100 2404907 1446000 5592108 803407
0a0a0009 0a090004 10000 100 1842590 4068999 2979141 617706
0a0a0009 0a050011 10000 100 1955374 2980000 4068271 654949
0a07001a 0a05000b 10000 100 1955996 4017999 3031090 655148
0a0b001b 0a06000f 10000 100 2495470 3547999 3502021 833309
0a0a0008 0a080012 10000 100 1843102 2916999 4136392 617870
0a000001 0a040012 10000 100 2237251 4013000 3043938 748037
0a0b0007 0a090008 10000 100 2464092 2668999 4389745 822945
0a07000c 0a06000b 10000 100 1864799 4492999 2568772 625043
0a0b0020 0a02000c 10000 100 2157504 3833000 3229934 721704
0a08001c 0a04000a 10000 100 1743602 4138000 2933216 585016
0a050015 0a000016 10000 100 2310198 1917000 5158008 772133
0a010016 0a0a0015 10000 100 2259550 2409999 4667896 755403
0a040017 0a0b0005 10000 100 1648484 4602000 2480380 553595
0a060008 0a0b0009 10000 100 2415697 2036000 5049977 806968
0a05001a 0a07001e 10000 100 2281343 4663999 2423548 762592
0a040019 0a080014 10000 100 1952265 4625999 2462326 653923
0a010006 0a0b001b 10000 100 2314082 4473999 2618822 773406
0a020007 0a050005 10000 100 2534605 2737999 4375796 846232
0a00001f 0a01001f 10001 100 2274558 3549000 3565926 760359
0a030017 0a050012 10001 100 2552860 4454999 2661833 852257
0a030018 0a0b0010 10000 100 2508540 3478999 3638000 837630
0a060012 0a0b001a 10000 100 2046230 2929999 4194876 684960
0a080017 0a060012 10000 100 2435012 3899000 3229343 813348
0a01001b 0a0a0011 10000 100 1942232 3618999 3510144 650605
0a01001e 0a0b0015 10000 100 2206807 4657999 2471745 737988
0a000016 0a05000e 10000 100 2158674 2730999 4406718 722094
0a0b0008 0a020013 10000 100 2253371 3387999 3751183 753364
0a00000b 0a05000f 10000 100 2242869 4460000 2685120 749896
0a040004 0a0b0009 10000 100 2551992 2846000 4307167 851980
0a00000a 0a020008 10000 100 2547135 3660000 3501263 850379
0a020009 0a050011 10000 100 2289850 4095999 3069226 765406
0a010002 0a060015 10000 100 2084515 4296000 2870053 697595
0a0b001a 0a070001 10000 100 2134026 4647000 2521656 713945
0a000007 0a0b0012 10000 100 1601176 4278999 2890662 537980
0a030001 0a09001c 10000 100 2503060 4774999 2395362 835815
0a080001 0a060001 10000 100 2135819 2282999 4892630 714534
0a06000b 0a0a001c 10000 100 1826663 3753999 3422053 612440
0a06000f 0a040007 10000 100 2168340 4675000 2505323 725279
0a000010 0a080020 10000 100 2610045 4581000 2604309 871156
0a060018 0a080010 10000 100 1872995 4903000 2284212 627743
0a090011 0a060009 10000 100 2249019 4309000 2881825 751926
0a0b001a 0a04000e 10000 100 1911193 4105000 3088190 640365
0a060016 0a010004 10000 100 2132723 3295999 3898265 713513
0a050006 0a0b001e 10000 100 2595740 4004999 3199309 866424
0a0b001a 0a0a0002 10000 100 1992256 4628000 2576823 667135
0a01000f 0a020008 10000 100 2027225 4184000 3030684 678678
0a01001e 0a03001b 10000 100 2573692 3954000 3263239 859139
0a00000b 0a070012 10000 100 2106233 3438000 3782729 704775
0a080012 0a0b001d 10000 100 1612471 4296999 2926453 541702
0a040019 0a06000a 10000 100 2045366 3069999 4170660 684668
0a060015 0a07001a 10000 100 2289787 2631000 4621071 765386
0a060020 0a010017 10000 100 1799124 4026000 3227472 603351
0a02001c 0a00001a 10000 100 1818210 4995999 2258453 609658
0a070020 0a080007 10000 100 1947766 4380000 2878145 652437
0a0a0019 0a08000f 10000 100 2080953 4523000 2739043 696424
0a0a0005 0a000004 10000 100 2174756 2913999 4352632 727393
0a07001a 0a0a0016 10000 100 2442750 3559999 3711197 815901
0a07001a 0a0a001b 10000 100 2281091 3295000 3978496 762511
0a0a0015 0a060005 10000 100 1752581 4808999 2466677 587981
0a090011 0a01000e 10000 100 2435691 3908000 3378563 813565
0a090019 0a010019 10000 100 2119277 4989000 2300282 709072
0a010012 0a0a001a 10000 100 2374301 4426000 2868772 793291
0a020016 0a000004 10000 100 2594223 2546999 4764936 865924
0a080018 0a050018 10000 100 2611074 4943000 2387438 871485
0a010018 0a000013 10000 100 1914208 4001000 3330249 641361
0a08001e 0a0a0018 10000 100 1710029 4225999 3106109 573935
0a060020 0a010019 10000 100 2347325 3144999 4192452 784382
0a0a000c 0a080005 10000 100 1817494 4531999 2805462 609414
0a0a0005 0a0b0005 10000 100 2491100 4864000 2478736 831864
0a0a0009 0a00000d 10000 100 1911071 4028000 3317389 640326
0a020017 0a060019 10000 100 1924969 4257000 3097772 644912
0a060014 0a050010 10000 100 1811611 4545999 2815982 607470
0a030005 0a00000a 10000 100 2605944 3827999 3535479 869797
0a000007 0a0a0003 10000 100 2045415 3759000 3612952 684683
0a080014 0a010005 10000 100 1574061 4866999 2507667 529027
0a07001b 0a060008 10000 100 1875335 4943000 2473892 628522
0a0b0016 0a010015 10000 100 2537686 1381000 6038214 847248
0a05001c 0a060018 10000 100 2549732 2670000 4780270 851226
0a080011 0a04001d 10000 100 2607546 4120999 3332605 870325
0a080013 0a09001d 10000 100 1704076 4095999 3358263 571968
0a020004 0a06001b 10000 100 2379451 4520999 2934191 795000
0a060006 0a0b000b 10000 100 2430175 2912000 4559997 811754
0a020016 0a00000b 10000 100 2363560 5000000 2485699 789746
0a0b0002 0a000014 10000 100 2517893 3005999 4479899 840715
0a010012 0a080011 10000 100 2498886 4758000 2730303 834433
0a0a0015 0a060015 10000 100 1696021 4858999 2650465 569298
0a080013 0a050005 10000 100 2598798 2987000 4523334 867434
0a0a0018 0a06001f 10000 100 2091561 4832000 2681523 699926
0a00000f 0a0a000b 10000 100 2472327 3989999 3528065 825673
0a0b0017 0a060019 10000 100 1862400 4052000 3514632 624245
0a080007 0a0b000f 10000 100 2347851 3723000 3862271 784566
0a0a0003 0a080009 10000 100 1759646 4393000 3210212 590319
0a0b0010 0a06001e 10000 100 2225251 4632999 2982909 744074
0a0b0016 0a090018 10000 100 1702053 4191000 3430464 571290
0a080005 0a0b0014 10000 100 2506179 4904000 2726055 836843
0a0a0019 0a080009 10000 100 2354811 2919000 4714841 786854
0a05000f 0a000012 10000 100 2589386 4910999 2725861 864330
0a080007 0a000005 10000 100 2473055 4415999 3223791 825906
0a0b0016 0a090014 10000 100 1671556 4321000 3325168 561224
0a030012 0a080009 10000 100 2375049 4449999 3220168 793545
0a06000d 0a000014 10000 100 2604912 4729999 2957328 869452
0a000005 0a06001a 10000 100 2369601 3697999 3992995 791741
0a080020 0a0b000f 10000 100 2420356 4459000 3257750 808504
0a06001a 0a01000d 10000 100 2528924 4678999 3077497 844352
0a060017 0a030019 10000 100 2594238 4486000 3284982 865928
0a060005 0a080016 10000 100 2005742 3959999 3829793 671589
0a00001a 0a060002 10000 100 2579952 3972999 3822127 861203
0a080013 0a020011 10000 100 2372541 3454000 4359641 792712
0a080005 0a0a0015 10000 100 2530599 3644000 4216452 844919
0a080013 0a00001c 10000 100 2226318 4670999 3219324 744431
0a080005 0a060012 10000 100 2362596 4681000 3218169 789438
0a06001f 0a080016 10000 100 2214231 4321000 3582127 740440
0a0b0016 0a0a001b 10000 100 2415578 4815999 3141681 806929
0a070012 0a070003 10001 100 512579 1000000 7651921 174238
0a070008 0a070003 10000 100 512517 1000000 7656221 174218
0a07000f 0a070003 10000 100 512235 1000000 7663420 174128
0a070018 0a070003 10000 100 512982 1000000 7727345 174367
0a03000d 0a070003 10000 100 512366 1000000 7871214 178410
0a050016 0a070003 10000 100 512437 1000000 8079351 178432
0a090010 0a070003 10000 100 512797 1000000 8242083 178548
0a000005 0a070003 10000 100 512640 1000000 8321339 178497
0a02001e 0a070003 10000 100 512294 1000000 8582414 178387
0a030015 0a070003 10000 100 512679 1000000 8688659 178510
0a030006 0a070003 10000 100 512671 1000000 8692533 178507
0a03001e 0a070003 10000 100 512891 1000000 8705996 178578
0a05000e 0a070003 10000 100 512310 1000000 8710249 178392
0a050018 0a070003 10000 100 512270 1000000 8718430 178379
0a050002 0a070003 10000 100 512039 1000000 8729507 178305
0a080018 0a070003 10000 100 512630 1000000 8814984 178494
0a0a000f 0a070003 10000 100 512826 1000000 8825951 178557
0a0a0006 0a070003 10000 100 512347 1000000 8827578 178404
0a0a0017 0a070003 10000 100 512482 1000000 8830583 178447
0a02001c 0a070003 10000 100 512514 1000000 8841945 178457
0a0a000b 0a070003 10000 100 512960 1000000 8845416 178600
0a02000e 0a070003 10000 100 513015 1000000 8848406 178633
0a00000c 0a070003 10001 100 512385 1000000 8857119 178416
0a000003 0a070003 10000 100 512284 1000000 8865343 178384
0a00000b 0a070003 10000 100 512073 1000000 8866531 178316
0a01001c 0a070003 10000 100 512328 1000000 8867801 178398
0a01000a 0a070003 10000 100 512296 1000000 8870399 178387
0a010008 0a070003 10000 100 512841 1000000 8877463 178562
0a040009 0a070003 10000 100 512872 1000000 8887360 178572
0a040007 0a070003 10000 100 512873 1000000 8887814 178572
0a010006 0a070003 10000 100 512840 1000000 8889743 178561
0a04000f 0a070003 10000 100 512567 1000000 8890594 178474
0a05001f 0a070003 10000 100 512651 1000000 8893192 178501
0a090016 0a070003 10000 100 512768 1000000 8895396 178538
0a09000d 0a070003 10000 100 512883 1000000 8896843 178575
0a090015 0a070003 10000 100 512946 1000000 8897816 178595
0a09001a 0a070003 10000 100 512895 1000000 8898277 178579
0a09000f 0a070003 10000 100 512919 1000000 8900726 178587
0a08000a 0a070003 10000 100 512261 1000000 8909359 178376
0a080020 0a070003 10000 100 512957 1000000 8910901 178599
0a080009 0a070003 10000 100 512020 1000000 8912443 178299
0a0b0008 0a070003 10000 100 512670 1000000 8912961 178507
0a08001d 0a070003 10000 100 512936 1000000 8913985 178592
0a0b0006 0a070003 10000 100 512043 1000000 8913989 178306
0a0b000f 0a070003 10000 100 512264 1000000 8913993 178377
0a0b0018 0a070003 10000 100 512092 1000000 8915565 178322
0a060016 0a070003 10000 100 512118 1000000 8916098 178330
0a06000f 0a070003 10000 100 512683 1000000 8916612 178511
0a060005 0a070003 10000 100 512872 1000000 8918154 178572
0a06001b 0a070003 10000 100 512896 1000000 8918668 178579
0a090004 0a070003 10000 100 528810 2053999 7922647 183841
0a070003 0a030010 10000 100 519929 2797000 7230144 180907
0a070003 0a0a000d 10000 100 2521923 183999 10015278 842050
0a07000c 0a070003 10000 100 1965606 4942000 6027632 654090
0a04000b 0a070003 10000 100 2092470 3523000 7566841 700217
0a070003 0a070018 10000 100 2211118 3112999 8046259 735173
0a070003 0a040013 10000 100 2504579 2083999 9240200 836316
