0a0b000e 0a030007 10000 100 19637 2999 15281 15698
0a000017 0a000010 10000 100 10274 10999 7926 8355
0a00000a 0a000017 10000 100 3457 14999 5721 6112
0a010012 0a06001b 10000 100 50475 2999 25449 25874
0a090006 0a07001e 10000 100 74626 1999 33417 33848
0a00001a 0a03001a 10000 100 11896 25999 13098 13129
0a06001d 0a0b001f 10000 100 32424 19999 19493 19913
0a040012 0a010003 10000 100 81454 3999 35677 36110
0a09001e 0a00001f 10000 100 56117 13999 27314 27741
0a0b0009 0a08001f 10000 100 93629 1999 39694 40128
0a0b0012 0a060013 10000 100 26069 24999 17399 17818
0a000007 0a06001f 10000 100 12977 29999 13077 13490
0a03000a 0a08001a 10000 100 99584 1999 42167 42096
0a000004 0a03000c 10000 100 93173 5999 39887 39983
0a030014 0a04000e 10000 100 17374 32999 14527 14944
0a010010 0a07000c 10000 100 6252 36999 12619 11277
0a020010 0a05000c 10000 100 24434 25999 24781 17280
0a020016 0a060011 10000 100 47755 26999 25435 24973
0a0a0012 0a050020 10000 100 32776 32999 20519 20026
0a010020 0a05001f 10000 100 76657 19999 34097 34528
0a06001a 0a0a001b 10000 100 66982 16999 39354 31325
0a050001 0a090006 10000 100 39168 33999 22409 22148
0a0b001b 0a04000d 10000 100 94385 19999 39935 40370
0a06001d 0a040020 10000 100 11910 46999 13022 13134
0a060011 0a0a000a 10000 100 70699 27999 33414 32560
0a03000c 0a0a001b 10000 100 44314 29999 32526 23841
0a09001a 0a020002 10000 100 50051 38000 25389 25738
0a0a000e 0a08001c 10000 100 66411 26999 37328 31142
0a0a000b 0a070008 10000 100 43343 40999 24467 23515
0a030008 0a030001 10000 100 32302 51999 15327 15634
0a030010 0a080004 10000 100 89572 14999 52575 38784
0a07000d 0a08000d 10000 100 37857 33999 35382 21713
0a060019 0a03001a 10000 100 22045 54999 16066 16484
0a030010 0a050001 10000 100 55839 29999 42328 27652
0a0a0020 0a08000a 10000 100 76171 39999 33927 34358
0a01000a 0a020005 10000 100 65815 43999 30508 30936
0a02001b 0a0a0013 10000 100 11197 62999 12490 12905
0a0b001e 0a0a0001 10000 100 46199 38000 39180 24459
0a050009 0a03001b 10000 100 4274 67000 10200 10613
0a050008 0a080019 10000 100 4285 67000 10577 10617
0a00000e 0a040003 10000 100 16512 61999 16424 14668
0a040007 0a060020 10000 100 17197 67000 14745 14887
0a0b0013 0a08000b 10000 100 36053 61999 21280 21120
0a05000a 0a060009 10000 100 6973 72999 11597 11508
0a09001d 0a060018 10000 100 92276 45999 39664 39680
0a010017 0a040014 10000 100 90489 46999 38681 39093
0a07001d 0a0a0005 10000 100 6507 71999 14899 11359
0a02000c 0a01001b 10000 100 16395 71999 16948 14615
0a0b001a 0a05001c 10000 100 71117 33999 55371 32694
0a06000b 0a010007 10000 100 64840 36999 52644 30624
0a010015 0a010014 10000 100 51173 68999 21433 21872
0a030017 0a0b0013 10000 100 66916 38000 52781 31304
0a0b0007 0a0a0010 10000 100 62056 58000 33330 29703
0a02001e 0a05001d 10000 100 31574 71999 19635 19641
0a050018 0a040011 10000 100 80404 54999 36802 35758
0a08000e 0a02001a 10000 100 27906 63999 28728 18421
0a0b0001 0a05000c 10000 100 153218 25999 67436 59811
0a03001f 0a010007 10000 100 94501 32999 61413 40423
0a0b000c 0a000007 10000 100 64452 60999 33992 30485
0a00001a 0a08001d 10000 100 55074 68999 28716 27392
0a03001f 0a0a0018 10000 100 23580 82999 16780 16991
0a02001e 0a070008 10000 100 21814 85000 15999 16410
0a0b0006 0a070014 10000 100 27153 67000 35171 18180
0a070014 0a070009 10000 100 7888 90999 15642 7576
0a010005 0a080002 10000 100 49090 82999 24998 25415
0a090019 0a030009 10000 100 35755 87999 20779 21010
0a0a0018 0a06000e 10000 100 92878 38999 69993 39873
0a05001a 0a0b001b 10000 100 73117 76000 34169 33350
0a050009 0a060008 10000 100 92044 70999 39850 39606
0a080004 0a0a000a 10000 100 37717 76999 33908 21668
0a060009 0a090006 10000 100 92760 71999 39711 39835
0a030018 0a030010 10000 100 50874 76000 36746 21761
0a01001d 0a010018 10000 100 19387 101999 11046 11363
0a0a0015 0a030015 10000 100 90318 76000 38647 39038
0a090017 0a030018 10000 100 6479 103999 11721 11350
0a060017 0a0a0009 10000 100 96252 76999 40722 40999
0a03001d 0a010019 10000 100 18772 98999 20830 15406
0a0a000d 0a050005 10000 100 6662 109999 11145 11408
0a040016 0a070005 10000 100 94 112999 8455 9245
0a09001e 0a0a0008 10000 100 50379 97999 25642 25843
0a0a001f 0a080011 10000 100 49529 77999 45866 25571
0a060014 0a020004 10000 100 100826 80999 43067 42508
0a090007 0a080005 10000 100 7143 114000 11284 11562
0a050013 0a000016 10000 100 6593 112999 12999 11386
0a040013 0a06001f 10000 100 63886 96000 30198 30304
0a060005 0a010007 10000 100 97042 68999 57424 41251
0a090009 0a080010 10000 100 3807 117999 10050 10464
0a080004 0a010002 10000 100 103206 72999 55307 43285
0a02000f 0a09001f 10000 100 88995 67000 61431 38600
0a070010 0a060003 10000 100 34721 109999 20452 20679
0a0b000f 0a0b0009 10000 100 45596 110999 19589 20026
0a0b0014 0a040006 10000 100 93157 59999 71189 39977
0a0a001f 0a070017 10000 100 33491 90999 41109 20270
0a03000c 0a070008 10000 100 53730 105999 26710 26946
0a01001c 0a040003 10000 100 68779 101999 31660 31915
0a010018 0a030010 10000 100 101889 76000 58379 42848
0a020013 0a040010 10000 100 61684 106999 31743 29584
0a030014 0a050018 10000 100 91368 99999 39045 39374
0a01001f 0a0b0010 10000 100 103731 62999 76240 43469
0a09000a 0a000017 10000 100 66760 106999 32911 31254
0a040002 0a02001b 10000 100 36656 105000 34999 21313
0a030020 0a0b000a 10000 100 54314 110999 30834 27148
0a060017 0a00000b 10000 100 22445 117999 24457 16612
0a02000b 0a02001e 10000 100 69891 114999 28808 28047
0a0a0006 0a09000d 10000 100 64798 114999 30298 30611
0a00000e 0a08000a 10000 100 58569 97999 47335 28556
0a020003 0a01000e 10000 100 101655 102999 42336 42774
0a020010 0a030008 10000 100 97474 105000 41073 41390
0a05000d 0a0a001c 10000 100 6897 132999 13176 11483
0a05000f 0a070014 10000 100 48722 98999 48069 25297
0a000001 0a0b0020 10000 100 103883 105999 43082 43517
0a02001d 0a06000a 10000 100 179998 21999 127546 68642
0a03001d 0a060010 10000 100 45261 111999 38472 24159
0a000006 0a040016 10000 100 67601 119999 31396 31538
0a070007 0a0a0017 10000 100 99320 109999 41574 42011
0a08000e 0a030012 10000 100 334951 9999 145005 119824
0a050015 0a050007 10000 100 78343 96999 58548 30843
0a0b001a 0a09001f 10000 100 264723 10999 146387 96630
0a020011 0a010004 10000 100 99028 79999 78014 41918
0a040011 0a000015 10000 100 9211 141999 18237 12255
0a01000a 0a060001 10000 100 32516 141999 19642 19943
0a030001 0a02000a 10000 100 301198 53999 108841 108670
0a0b001e 0a030013 10000 100 82374 99999 63464 36404
0a030012 0a09001c 10000 100 296468 53999 109548 107111
0a090014 0a040007 10000 100 87824 114999 49392 38209
0a0a000c 0a050013 10000 100 58843 138999 29507 28644
0a0a001e 0a040018 10000 100 41491 147999 22601 22907
0a05001d 0a050001 10000 100 34429 145000 26789 16330
0a0a0007 0a01001f 10000 100 38171 152000 21497 21814
0a080017 0a020015 10000 100 98729 130999 46839 41807
0a0b0005 0a040010 10000 100 42404 154000 23970 23214
0a080015 0a060002 10000 100 100423 134999 44841 42364
0a0b0018 0a08001b 10000 100 13278 166999 13301 13587
0a090010 0a0b0009 10000 100 44374 156999 23701 23860
0a01000a 0a020014 10000 100 16336 167999 14668 14596
0a090009 0a090006 10000 100 55996 161999 23122 23462
0a070011 0a050009 10000 100 36869 141000 45060 21382
0a020016 0a05001a 10000 100 93677 111999 74445 40144
0a01000d 0a010015 10000 100 43340 167999 18837 19274
0a0b000a 0a080007 10000 100 31210 154000 34524 19509
0a02001d 0a020005 10000 100 2390 183999 5328 5755
0a04000a 0a04001a 10000 100 94164 154000 35610 36060
0a03001e 0a08001d 10000 100 77619 125999 63678 34836
0a080009 0a06000e 10000 100 37000 125999 64804 21424
0a020014 0a04000d 10000 100 23591 174000 16843 16994
0a060019 0a050006 10000 100 4134 181000 10519 10568
0a0b000c 0a0b000b 10000 100 82913 77999 114041 32352
0a0b0017 0a030019 10000 100 62845 121999 70671 29955
0a020016 0a030017 10000 100 86073 154999 38394 37634
0a03001f 0a0b001d 10000 100 8877 181999 11916 12132
0a070001 0a030003 10000 100 104522 149999 45007 43722
0a00001f 0a08001d 10000 100 17905 179999 15092 15113
0a0a001f 0a06001b 10000 100 6629 175999 19331 11398
0a010010 0a050011 10000 100 272862 11999 183588 99311
0a08001f 0a0a001c 10000 100 102458 152999 43095 43046
0a050009 0a00000d 10000 100 44904 172000 24445 24030
0a060014 0a080002 10000 100 53782 170999 26655 26963
0a060013 0a08001e 10000 100 3980 192999 11175 10519
0a0a0007 0a09000f 10000 100 4595 193999 10317 10731
0a000004 0a050003 10000 100 260245 109999 94960 95151
0a030020 0a050018 10000 100 28758 187999 18494 18709
0a09001b 0a0a0001 10000 100 11828 193999 12692 13107
0a0a0019 0a0b001e 10000 100 81258 145000 62187 36047
0a020011 0a040011 10000 100 125067 87000 122130 50511
0a070009 0a080011 10000 100 22276 193999 16140 16558
0a050017 0a080014 10000 100 98583 146999 65796 41760
0a07000c 0a050011 10000 100 47257 100999 113592 24813
0a01001a 0a020017 10000 100 16106 203000 14587 14522
0a090005 0a020007 10000 100 85938 177999 40170 37591
0a04001e 0a01000a 10000 100 42468 179999 38254 23235
0a05000f 0a05000a 10000 100 30015 203999 14453 14887
0a05001c 0a03001c 10000 100 75049 174999 44953 33999
0a050016 0a010004 10000 100 35105 188999 32002 20802
0a050010 0a030009 10000 100 91061 152999 68417 39276
0a000005 0a070018 10000 100 83856 163999 59171 36894
0a0b0014 0a00000c 10000 100 103134 150999 75639 43262
0a070020 0a08001e 10000 100 103483 181999 44963 43374
0a050002 0a070020 10000 100 68905 174000 54302 31956
0a06001c 0a030011 10000 100 60994 154999 73379 29347
0a01001f 0a080005 10000 100 90417 190999 38746 39070
0a09000f 0a02001a 10000 100 11346 217999 13139 12953
0a010017 0a030013 10000 100 33201 203999 31269 20177
0a06000a 0a05001a 10000 100 15802 125999 110294 14425
0a060007 0a06000c 10000 100 78559 205999 30467 30912
0a0a0014 0a0b000b 10000 100 220231 55999 181223 81931
0a030001 0a040010 10000 100 48040 212999 25051 25079
0a070005 0a000001 10000 100 87428 172000 66210 38083
0a000012 0a09000a 10000 100 639398 16999 221404 220366
0a020002 0a07000f 10000 100 18520 219999 18739 15326
0a0a0019 0a050008 10000 100 476690 50999 193164 166625
0a090012 0a040008 10000 100 54030 181999 62244 27057
0a040014 0a010015 10000 100 31754 219999 24268 19699
0a0b001a 0a080018 10000 100 16623 228000 16368 14703
0a0a0016 0a0a0003 10000 100 53836 223999 23058 22740
0a07000f 0a0a001a 10000 100 75695 212999 35689 34205
0a00000d 0a06001f 10000 100 5386 234999 13770 10984
0a04000b 0a05001e 10000 100 82694 145999 103992 36522
0a0b001a 0a0a0010 10000 100 11060 237999 12446 12862
0a030007 0a010019 10000 100 66311 201000 52384 31110
0a090010 0a06000e 10000 100 27015 186999 66498 18136
0a07001c 0a04000c 10000 100 73065 221000 33050 33333
0a0b000a 0a060008 10000 100 31021 221999 35975 19449
0a07000e 0a050020 10000 100 75005 145999 112560 33984
0a060002 0a050014 10000 100 95077 219000 40171 40607
0a060008 0a07001e 10000 100 54685 223999 35424 27267
0a0b000c 0a0a0016 10000 100 20618 243999 15777 16012
0a080014 0a0b0007 10000 100 5845 246999 12802 11131
0a030020 0a020006 10000 100 17385 239999 20169 14947
0a020007 0a050004 10000 100 325428 38000 224863 116670
0a020012 0a03000b 10000 100 93252 161999 101070 40008
0a0b0010 0a04001e 10000 100 218935 179999 83734 81501
0a060006 0a010004 10000 100 1635 184999 79074 9753
0a03001f 0a050018 10000 100 21772 241999 22488 16397
0a010002 0a040003 10000 100 17824 246000 20605 15088
0a030008 0a070003 10000 100 23345 248000 19034 16916
0a040014 0a000013 10000 100 81854 224999 42079 36238
0a0a0008 0a080009 10000 100 81157 214999 52766 36015
0a050017 0a050020 10000 100 354526 53999 214117 122048
0a070012 0a00000a 10000 100 89718 230000 39287 38831
0a0b0008 0a03001a 10000 100 100332 186999 83874 42335
0a040017 0a030011 10000 100 398811 108999 162431 140905
0a04001d 0a080010 10000 100 30938 206999 65264 19422
0a080005 0a02001b 10000 100 71463 230000 44097 32805
0a02000c 0a0b0004 10000 100 257644 161999 116245 94288
0a0a000d 0a01000c 10000 100 18297 257999 20784 15254
0a0a001e 0a070015 10000 100 101252 204999 75450 42645
0a0a0013 0a00000e 10000 100 41791 243999 36455 23003
0a07001b 0a09001c 10000 100 78803 234999 49986 35231
0a090010 0a000014 10000 100 66795 255999 31058 31265
0a02000c 0a020020 10000 100 7214 279999 9278 7345
0a0b0013 0a040019 10000 100 83715 250999 38578 36848
0a0a0006 0a070012 10000 100 39595 268999 22072 22285
0a020012 0a0b001c 10000 100 128279 137999 154615 51570
0a030016 0a060015 10000 100 8498 268999 24069 12011
0a090006 0a04000a 10000 100 2563 282999 10309 10050
0a0b0003 0a060017 10000 100 17032 271999 21560 14834
0a0a001a 0a09000e 10000 100 525559 109999 183757 182770
0a020008 0a07001a 10000 100 89030 226999 66948 38611
0a030015 0a0a0002 10000 100 98384 251999 42867 41696
0a080003 0a060003 10000 100 38352 257999 37150 21872
0a05001c 0a090007 10000 100 19653 273999 21390 15704
0a050004 0a080015 10000 100 54029 210000 88369 27057
0a030010 0a070010 10000 100 90953 203999 94515 39241
0a07001f 0a030020 10000 100 13046 280999 17812 13512
0a04000c 0a030006 10000 100 63175 268999 34104 30076
0a09000e 0a060004 10000 100 36756 282000 21338 21345
0a0b0016 0a0b000a 10000 100 498148 126999 176341 169482
0a07001b 0a0b001c 10000 100 84422 221999 82120 37090
0a030020 0a040007 10000 100 200936 221999 82989 75557
0a0b001d 0a08000d 10000 100 59673 262000 44554 28909
0a040010 0a0b0005 10000 100 95787 241000 65897 40834
0a050010 0a00000b 10000 100 738722 7999 300727 253163
0a01001c 0a0b001f 10000 100 95199 268999 40432 40646
0a020015 0a07000c 10000 100 36191 266000 49130 21165
0a0b001d 0a0b0005 10000 100 784664 18999 296199 264101
0a0a0014 0a02000b 10000 100 22420 284999 30427 16604
0a0b0005 0a020015 10000 100 69839 246000 70118 32270
0a01001a 0a07001d 10000 100 60002 286000 33396 29030
0a090017 0a040001 10000 100 52220 203000 116830 26448
0a060016 0a020006 10000 100 86359 277000 43188 37725
0a000018 0a06000b 10000 100 90646 273999 46252 39143
0a060017 0a010008 10000 100 38782 288999 33544 22009
0a03001b 0a050018 10000 100 86734 282999 39563 37845
0a070005 0a070020 10000 100 52574 284000 39527 22336
0a010015 0a030002 10000 100 63580 293000 30610 30206
0a080010 0a010017 10000 100 76672 284000 39700 34533
0a0b000b 0a09001c 10000 100 64966 208999 114812 30664
0a000020 0a0b0019 10000 100 42005 284999 38978 23087
0a090020 0a0a0010 10000 100 102723 242999 82397 43131
0a010001 0a020019 10000 100 93171 266000 62210 39982
0a010001 0a05001f 10000 100 45220 284999 44434 24146
0a030010 0a05000c 10000 100 59115 282000 47510 28731
0a070003 0a07001c 10000 100 10777 322999 8177 8531
0a02001d 0a07000a 10000 100 71631 241000 90303 32859
0a070003 0a09000f 10000 100 68310 299999 33634 31765
0a000004 0a0a0003 10000 100 1144 326000 9474 9581
0a05000d 0a060010 10000 100 96800 223999 114637 41174
0a0b000b 0a050018 10000 100 62132 219999 119061 29727
0a01000a 0a020007 10000 100 42574 315000 24084 23269
0a040012 0a09001a 10000 100 42466 320000 23022 23234
0a04000b 0a090002 10000 100 325391 89999 253230 116658
0a02000c 0a060017 10000 100 79816 228999 115526 35570
0a00000b 0a0b0009 10000 100 8134 331000 14368 11895
0a01001a 0a030009 10000 100 98521 302000 46647 41740
0a02001a 0a070004 10000 100 14835 319000 30751 14100
0a0a0011 0a090015 10000 100 26794 322000 28102 18050
0a0b000b 0a0a001b 10000 100 12129 284000 66253 13219
0a06001a 0a00001f 10000 100 72442 317999 32912 33134
0a010018 0a04000d 10000 100 78583 315999 34968 35160
0a0a0004 0a00000e 10000 100 13062 329999 21523 13518
0a070005 0a0b000b 10000 100 592866 47999 306129 204999
0a060018 0a0b0010 10000 100 72124 313999 40522 33032
0a07001c 0a0a0008 10000 100 102685 280999 74153 43119
0a010011 0a010004 10000 100 471120 183999 172162 160556
0a030016 0a04001f 10000 100 87810 230000 129789 38205
0a030011 0a060005 10000 100 48879 328000 32812 25348
0a02000a 0a00000b 10000 100 102604 282000 80648 43093
0a04000f 0a020020 10000 100 36938 328999 34169 21404
0a0b001f 0a000014 10000 100 22598 340999 24014 16677
0a0a0005 0a0a0016 10000 100 93805 328999 36084 35945
0a0b0006 0a000018 10000 100 11019 351000 15859 12848
0a010003 0a000013 10000 100 19267 344999 21963 15565
0a06001b 0a090019 10000 100 73492 320999 46087 33470
0a000013 0a0a0012 10000 100 107526 243999 124378 44714
0a06001f 0a020012 10000 100 189725 251999 116412 71862
0a020011 0a06000a 10000 100 67268 125000 245860 31416
0a070002 0a030005 10000 100 2499 364999 9718 10030
0a090013 0a030008 10000 100 65481 317000 58486 30829
0a000016 0a040020 10000 100 28162 311999 65673 18503
0a040020 0a070011 10000 100 27888 342999 36662 18416
0a04001e 0a070010 10000 100 622699 119999 259986 214853
0a050013 0a030004 10000 100 55775 335000 45694 27631
0a07000a 0a080007 10000 100 797912 70999 311229 272703
0a02000f 0a040002 10000 100 66223 328000 55171 31082
0a020001 0a080012 10000 100 15180 366999 18953 14226
0a01000b 0a060010 10000 100 86851 228999 157199 37883
0a020012 0a070015 10000 100 24699 320999 66728 17364
0a070015 0a080016 10000 100 10995 333999 55160 12841
0a01001f 0a0a000b 10000 100 14041 373000 17634 13846
0a080014 0a090003 10000 100 290 380000 11729 9308
0a070009 0a020014 10000 100 56399 324999 66964 27831
0a050018 0a000007 10000 100 19365 366000 28144 15596
0a03000c 0a04001c 10000 100 54646 132999 261375 27255
0a0b0005 0a0b0009 10000 100 41343 373999 23133 18619
0a03000e 0a050018 10000 100 34859 364999 32236 20723
0a0b0006 0a0b0007 10000 100 37294 369000 28680 17278
0a05000d 0a08000e 10000 100 445767 108999 289520 156422
0a090015 0a040015 10000 100 99101 344000 54658 41941
0a050018 0a050008 10000 100 81896 331000 67770 32011
0a060005 0a06001f 10000 100 78549 315000 83962 30909
0a010013 0a07000e 10000 100 18677 355000 45000 15376
0a09001a 0a07001d 10000 100 93876 360999 40610 40208
0a010014 0a080011 10000 100 79271 315000 86804 35380
0a0b0008 0a070008 10000 100 80983 273999 128118 35944
0a090010 0a010017 10000 100 9427 395000 12194 12324
0a08000e 0a00000e 10000 100 85693 279999 127667 37512
0a08001d 0a040005 10000 100 104553 326000 82914 43732
0a030009 0a030003 10000 100 103862 369000 40158 39271
0a030017 0a00001e 10000 100 750099 29000 384974 256927
0a030004 0a09001f 10000 100 95285 259999 154063 40674
0a040010 0a08000b 10000 100 44135 378000 37586 23784
0a090006 0a0b0013 10000 100 654062 179999 235931 225212
0a010003 0a03000a 10000 100 19402 397000 19001 15608
0a030004 0a03000d 10000 100 78797 309999 107876 30989
0a040020 0a020017 10000 100 7204 387999 31088 11582
0a070012 0a08001f 10000 100 51874 329999 89535 26337
0a090004 0a02001b 10000 100 16201 400000 21392 14553
0a00001a 0a050004 10000 100 88196 221999 200151 38328
0a000014 0a0a001d 10000 100 83629 377000 48792 36821
0a000008 0a060016 10000 100 888207 121999 303845 302534
0a060020 0a07000e 10000 100 47008 384999 41414 24734
0a080004 0a06001c 10000 100 58831 391999 35551 28640
0a090004 0a0b0019 10000 100 16655 406000 21985 14713
0a030004 0a0b0014 10000 100 46831 358999 69050 24677
0a040015 0a040018 10000 100 99286 391000 37803 37760
0a02001f 0a05001a 10000 100 390342 76999 354178 138118
0a010015 0a01001d 10000 100 38832 404000 29670 17785
0a090019 0a080002 10000 100 32766 407999 26771 20023
0a09000a 0a0b0004 10000 100 26992 409999 26511 18113
0a01000a 0a0a0008 10000 100 43061 366000 71939 23424
0a060005 0a070012 10000 100 61293 386000 51966 29443
0a02001d 0a0a0008 10000 100 441397 213999 226400 154978
0a040008 0a01001a 10000 100 643184 74999 366653 221608
0a0a0002 0a0b0013 10000 100 35981 364000 78188 21082
0a0b0007 0a000020 10000 100 816842 73999 369533 278960
0a070018 0a020014 10000 100 104283 268999 177184 43645
0a03000a 0a04001b 10000 100 51702 416999 31222 26282
0a050003 0a000008 10000 100 55522 420000 29100 27550
0a02000c 0a060014 10000 100 94848 391999 57900 40534
0a020017 0a030020 10000 100 3707 438999 11382 10432
0a01001b 0a050008 10000 100 76715 326000 124567 34547
0a030007 0a0b0009 10000 100 102643 375000 76444 43105
0a050020 0a00001b 10000 100 97735 368000 83928 41488
0a0a001b 0a040018 10000 100 39439 427999 24207 22235
0a020018 0a030020 10000 100 54292 391000 62435 27141
0a090015 0a02000b 10000 100 48776 413000 44999 25315
0a060018 0a010004 10000 100 42054 431999 29448 23102
0a010019 0a0a001d 10000 100 42952 409999 51622 23390
0a0a001f 0a03000f 10000 100 60252 389000 72955 29110
0a0b000b 0a03000b 10000 100 130775 407999 54430 52399
0a040006 0a03000a 10000 100 428062 128999 335243 150572
0a0b001f 0a010019 10000 100 8535 453000 11939 12023
0a0b0011 0a040006 10000 100 98802 386999 79147 41830
0a03000b 0a07001d 10000 100 67432 411000 55319 31469
0a000008 0a08001a 10000 100 80674 431999 36913 35845
0a080010 0a0b001d 10000 100 40679 431000 38106 22647
0a0b0006 0a01001b 10000 100 975115 49999 420999 331236
0a090001 0a02000d 10000 100 37728 436000 35363 21672
0a00000b 0a080002 10000 100 18534 444999 28122 15330
0a01001f 0a040012 10000 100 9120 462000 12541 12225
0a090012 0a00000b 10000 100 76295 364999 109894 34397
0a0b0004 0a00000b 10000 100 90290 371999 102975 39029
0a080006 0a080010 10000 100 39140 451999 23660 17899
0a0b001a 0a060018 10000 100 65777 449000 30921 30924
0a050002 0a04001d 10000 100 422233 172999 307220 148646
0a0a0014 0a050011 10000 100 446068 207999 279404 156519
0a0b0003 0a070013 10000 100 81136 438999 49195 36008
0a09001b 0a08000e 10000 100 68730 398000 90395 31900
0a060008 0a0a0005 10000 100 47729 447999 42086 24964
0a060011 0a060014 10000 100 3079 293999 197145 5991
0a070018 0a080020 10000 100 403149 70999 422226 142339
0a030011 0a06000d 10000 100 94665 395999 97650 40475
0a08000e 0a09001e 10000 100 85790 442999 54300 37543
0a020008 0a00000e 10000 100 5428 485999 11935 10998
0a0a0014 0a0a000c 10000 100 6139 489999 8134 7001
0a070009 0a010005 10000 100 64724 415000 84754 30587
0a0b001e 0a08000e 10000 100 826802 25999 474244 282255
0a0a0014 0a030010 10000 100 32261 460000 41010 19861
0a040010 0a0a000d 10000 100 23746 484000 17196 17044
0a0a0019 0a010006 10000 100 2096 492000 10592 9901
0a07000d 0a04001a 10000 100 59415 427999 79533 28827
0a05000c 0a010006 10000 100 34532 494999 20736 20618
0a0b0001 0a03000e 10000 100 2443 509000 9663 10012
0a01000a 0a01001f 10000 100 32832 498999 20416 15804
0a0a0018 0a09000d 10000 100 777229 136999 382673 265885
0a0b0005 0a020020 10000 100 27788 482999 37449 18384
0a080012 0a00001a 10000 100 92121 262000 259492 39631
0a09001c 0a02001e 10000 100 4671 510000 14046 10756
0a0a0011 0a02001a 10000 100 62798 464000 60154 29940
0a040018 0a07000a 10000 100 62466 453000 78718 29834
0a020004 0a010001 10000 100 18849 509000 22843 15431
0a0a0004 0a080015 10000 100 536127 98999 434625 186259
0a060015 0a000016 10000 100 404032 270999 263182 142637
0a02001a 0a0b0007 10000 100 90177 433999 101357 38993
0a07001e 0a0a001b 10000 100 36037 501000 34480 21115
0a010004 0a090001 10000 100 72915 501000 34683 33285
0a09000e 0a040017 10000 100 42621 484000 51993 23284
0a08000a 0a060011 10000 100 490673 110999 427594 171253
0a0a000e 0a0a0005 10000 100 875377 41999 496947 294050
0a030014 0a04000c 10000 100 44143 515999 25535 23786
0a01001e 0a020003 10000 100 72225 506999 35092 33064
0a04000b 0a0a000b 10000 100 54506 440999 102219 27210
0a060005 0a0a0019 10000 100 4623 533000 12086 10740
0a01001a 0a020014 10000 100 101269 415999 129940 42650
0a030008 0a050006 10000 100 93403 480999 65022 40056
0a000018 0a09001e 10000 100 5054 525999 20160 10878
0a090014 0a040015 10000 100 101320 357999 188406 42666
0a040012 0a01001a 10000 100 24498 529999 17207 17300
0a080020 0a050011 10000 100 4240 322000 226927 10602
0a050001 0a08000b 10000 100 598553 304000 245210 206880
0a040014 0a030003 10000 100 1880 541999 9893 9832
0a090004 0a00001c 10000 100 74812 478999 73295 33907
0a0b0015 0a07001c 10000 100 98475 478000 75893 41725
0a08000b 0a010016 10000 100 33889 509000 46559 20397
0a070004 0a070003 10000 100 79232 498999 57182 31128
0a080010 0a040010 10000 100 51162 520999 37648 26109
0a020002 0a070014 10000 100 796 478000 82976 9470
0a020017 0a070002 10000 100 46547 510999 51110 24586
0a070003 0a0b000b 10000 100 34988 537999 24477 20764
0a01001d 0a090002 10000 100 72329 488999 73789 33097
0a06001a 0a000007 10000 100 80614 501000 62346 35825
0a03000d 0a0b0018 10000 100 104194 503999 60018 43617
0a010013 0a05001b 10000 100 30599 467000 97312 19314
0a070019 0a060013 10000 100 298139 400999 164179 107661
0a0b0006 0a03001a 10000 100 42430 528000 37463 23223
0a090020 0a070001 10000 100 87608 458999 106873 38140
0a010005 0a090015 10000 100 807162 170999 395058 275770
0a09001a 0a06000f 10000 100 32849 543999 23315 20049
0a090004 0a060013 10000 100 34726 471000 101120 20680
0a0a0017 0a060020 10000 100 65749 480999 92770 30915
0a060018 0a05000c 10000 100 1263 564999 9289 9619
0a080010 0a0a0015 10000 100 80901 527000 48103 35917
0a08000e 0a010011 10000 100 46556 550999 24819 24589
0a0b0020 0a04001b 10000 100 98418 501999 73852 41707
0a060008 0a02000e 10000 100 59496 546999 29322 28853
0a040015 0a08000b 10000 100 162297 456999 122141 62809
0a04001c 0a090004 10000 100 3633 239000 341827 10408
0a040010 0a040007 10000 100 81134 536000 47498 31767
0a090006 0a02000b 10000 100 31075 542999 41464 19466
0a000003 0a020003 10000 100 18409 568999 15737 15290
0a0a0005 0a08000c 10000 100 170754 489999 98417 65592
0a040017 0a03000e 10000 100 62032 522000 67737 29695
0a020002 0a09001c 10000 100 96645 547999 42424 41124
0a01001f 0a050007 10000 100 16683 429999 161085 14722
0a090009 0a04000d 10000 100 48942 545000 46964 25368
0a030011 0a090010 10000 100 65105 506999 85044 30709
0a06001d 0a040009 10000 100 654339 185999 408377 225300
0a06001c 0a060011 10000 100 635240 99999 494485 214749
0a0b0002 0a000006 10000 100 47679 554000 40570 24948
0a030017 0a020013 10000 100 33039 552999 41690 20125
0a090013 0a060012 10000 100 869364 243999 351273 296305
0a090008 0a000013 10000 100 60605 523000 74016 29223
0a020012 0a080003 10000 100 23633 577999 24484 17008
0a020015 0a080012 10000 100 67089 551999 52021 31359
0a090016 0a000017 10000 100 75324 427000 177050 34087
0a020019 0a040012 10000 100 64600 531000 73751 30547
0a07000d 0a040006 10000 100 32140 516999 89285 19822
0a0b000f 0a030010 10000 100 64092 540000 67939 30369
0a0a0005 0a030013 10000 100 34053 528000 80101 20450
0a0b001e 0a090002 10000 100 181355 453000 155779 69092
0a08001f 0a060016 10000 100 9949 543999 64898 12491
0a020013 0a0b0008 10000 100 473815 306999 302561 165674
0a020019 0a010014 10000 100 468474 395999 213873 163919
0a00000d 0a0a000b 10000 100 21684 582000 28525 16369
0a0b0005 0a040018 10000 100 37649 559000 53512 21647
0a09001f 0a040012 10000 100 10745 601999 12555 12761
0a050019 0a000009 10000 100 556331 349000 267061 192924
0a040013 0a000003 10000 100 79423 541999 75208 35429
0a010004 0a000004 10000 100 29101 585000 33323 18819
0a010004 0a030008 10000 100 81892 550999 68409 36250
0a030008 0a0b000e 10000 100 72769 456999 163304 33238
0a070008 0a040002 10000 100 1013940 232999 388387 344044
0a090014 0a07000e 10000 100 64747 438999 183402 30594
0a070009 0a0a000c 10000 100 88721 524999 98590 38512
0a030001 0a03000f 10000 100 367050 424000 201750 126179
0a0a0004 0a070008 10000 100 490741 248999 376808 171275
0a090014 0a080007 10000 100 46567 489999 136000 24592
0a0a001a 0a0a0017 10000 100 94996 585000 41432 36341
0a040010 0a040017 10000 100 46951 560999 66908 20475
0a0b0007 0a090008 10000 100 1586 609999 18158 9738
0a00001d 0a0a0013 10000 100 75540 568999 59801 34156
0a0a000d 0a090020 10000 100 68949 537999 91951 31970
0a0a0007 0a01000f 10000 100 89791 407999 227064 38854
0a09000e 0a00001c 10000 100 702496 337000 298538 241202
0a060006 0a05000b 10000 100 181851 246999 389157 69266
0a00001e 0a010008 10000 100 35414 617000 21044 20901
0a03001d 0a02001b 10000 100 504193 170999 467285 175718
0a07001b 0a04001b 10000 100 53574 607000 31362 26896
0a000018 0a0a0020 10000 100 75062 531000 108742 34003
0a080005 0a030009 10000 100 75138 581000 59122 34027
0a00000d 0a030014 10000 100 28133 601999 39130 18494
0a050003 0a000013 10000 100 42496 594000 47457 23244
0a090012 0a08000c 10000 100 367754 239000 402619 130659
0a04000a 0a020005 10000 100 98063 559000 84255 41593
0a03000c 0a0a001a 10000 100 299642 418999 224781 108157
0a020010 0a09000a 10000 100 13434 626000 18617 13637
0a0a0004 0a0a0012 10000 100 16009 618999 25753 10251
0a03001c 0a00000e 10000 100 48927 574999 70778 25363
0a080009 0a000019 10000 100 90606 554000 92569 39130
0a05000a 0a010015 10000 100 129683 592999 54471 52034
0a050008 0a000005 10000 100 45483 589000 61430 24230
0a010015 0a000017 10000 100 597926 404000 247589 206664
0a020014 0a02000c 10000 100 104159 511999 139838 39366
0a0a000e 0a03000e 10000 100 12157 613000 38937 13228
0a01000b 0a020016 10000 100 638406 177999 475018 220033
0a030004 0a04001e 10000 100 93381 449000 204759 40049
0a020016 0a030019 10000 100 542750 183999 470549 188440
0a0b0012 0a010002 10000 100 97263 598000 60130 41322
0a010002 0a01000f 10000 100 893365 166999 493241 299991
0a070004 0a020008 10000 100 21507 636999 23981 16312
0a060011 0a08000f 10000 100 16837 518000 143479 14772
0a08000f 0a06000f 10000 100 23493 641999 20524 16963
0a0a001b 0a04001f 10000 100 90345 608000 54781 39047
0a0a0012 0a0a0010 10000 100 60885 612000 52749 25072
0a03000a 0a0a0013 10000 100 93557 586999 78134 40105
0a010020 0a020011 10000 100 1012692 94999 570203 343644
0a09000a 0a030009 10000 100 46538 640000 25275 24583
0a040019 0a080012 10000 100 88440 617999 47356 38407
0a0a0019 0a01000f 10000 100 31741 471000 195100 19695
0a00001e 0a050018 10000 100 776597 328999 338491 265667
0a00000f 0a04000e 10000 100 39123 632999 36170 22134
0a0a0008 0a06001c 10000 100 76426 600999 69389 34439
0a060003 0a03001e 10000 100 63602 506999 164401 30213
0a080020 0a070001 10000 100 3861 453999 218104 10481
0a04000c 0a050008 10000 100 56095 622999 50970 27734
0a06001d 0a010007 10000 100 41542 601999 73420 22923
0a00001d 0a040011 10000 100 33237 632999 43007 20189
0a050020 0a09000b 10000 100 77247 591999 85149 34717
0a05001a 0a030005 10000 100 38508 652000 25618 21921
0a090007 0a0a0017 10000 100 8630 663999 15501 12053
0a000003 0a0a001c 10000 100 94053 626000 55362 40264
0a070009 0a0a0013 10000 100 23469 648999 33080 16955
0a08000b 0a060007 10000 100 22025 613000 70224 16478
0a040001 0a0a0017 10000 100 41877 594000 90449 23030
0a020001 0a050014 10000 100 24264 653000 34287 17225
0a0b0012 0a080017 10000 100 34627 634000 54473 20649
0a010010 0a0a0007 10000 100 53307 612000 77975 26811
0a080011 0a010012 10000 100 101724 640999 49570 42796
0a0b0016 0a000015 10000 100 90635 639000 53280 39140
0a0a0008 0a090016 10000 100 51688 531000 161539 26277
0a050008 0a02001c 10000 100 86224 573999 119528 37682
0a010010 0a050001 10000 100 58452 603000 91128 28503
0a01001b 0a080017 10000 100 72768 604999 93066 33238
0a03000c 0a06000d 10000 100 35454 640000 58456 20913
0a020014 0a070013 10000 100 104459 537000 161993 43702
0a09001c 0a01000f 10000 100 89018 476000 223269 38607
0a06000c 0a040017 10000 100 38492 643000 56390 21916
0a000016 0a060001 10000 100 36797 494999 205083 21359
0a06000f 0a000014 10000 100 78132 589000 113994 35016
0a070017 0a0a0015 10000 100 8850 685999 17046 12124
0a01000f 0a05001a 10000 100 100651 480999 223613 42452
0a00000f 0a020015 10000 100 47378 657999 48247 24852
0a000002 0a05001c 10000 100 49746 645999 60360 25640
0a0b000a 0a0a0001 10000 100 753210 212000 494393 257953
0a060009 0a01001e 10000 100 1045336 311999 395222 354413
0a04000c 0a06000b 10000 100 65909 653000 55628 30966
0a05000b 0a0b0019 10000 100 80316 626000 83288 35730
0a020003 0a06001e 10000 100 28415 675000 37763 18584
0a01001a 0a080001 10000 100 52740 652000 61258 26629
0a0b0019 0a070020 10000 100 85259 675000 38926 37358
0a05000a 0a0b0016 10000 100 13607 701000 13505 13707
0a080019 0a090017 10001 100 42018 366000 350512 23091
0a040004 0a0b0014 10000 100 44777 678000 38729 23989
0a01000d 0a030018 10000 100 40732 586999 131222 22664
0a050007 0a09001f 10000 100 915488 116999 602655 311541
0a020012 0a040006 10000 100 1597309 23999 697629 536697
0a050020 0a020015 10000 100 65087 680999 43399 30703
0a020015 0a09000e 10000 100 86637 638000 86843 37814
0a000004 0a0b0006 10000 100 59257 632999 95234 28776
0a060011 0a000005 10000 100 11531 595000 133951 13012
0a050012 0a08000f 10000 100 55514 528000 201861 27548
0a050015 0a08000e 10000 100 2695 335000 395891 10093
0a090006 0a000007 10000 100 62863 685999 45125 29961
0a0a0004 0a010011 10000 100 187955 589000 142597 71280
0a040004 0a090016 10000 100 7810 594000 137960 11791
0a09001e 0a020009 10000 100 475719 523000 211665 166314
0a040006 0a00000f 10000 100 39943 631999 103675 22396
0a03001c 0a070012 10000 100 65222 662000 74099 30746
0a010017 0a0a001f 10000 100 27104 560999 176983 18165
0a08001e 0a000020 10000 100 544172 293999 444068 188910
0a06001c 0a0b0018 10000 100 64010 559000 179117 30343
0a090010 0a08001f 10000 100 52446 687000 53370 26520
0a090009 0a03001a 10000 100 387525 519999 221336 137186
0a0a0011 0a04000b 10000 100 8456 668999 72636 11998
0a080013 0a030018 10000 100 86138 573000 169002 37655
0a04001d 0a080020 10000 100 27683 462999 281380 18350
0a08000d 0a0b0006 10000 100 785051 453999 290738 268464
0a040009 0a04001d 10000 100 1796286 8999 737057 598172
0a00000a 0a09001d 10000 100 43221 652000 94978 23476
0a01000c 0a020020 10000 100 63199 560999 187636 30084
0a0a001d 0a060002 10000 100 58965 671000 78105 28683
0a040018 0a090009 10000 100 87556 577000 174197 38124
0a01000e 0a020010 10000 100 45922 711999 39296 24371
0a08001f 0a0a0006 10000 100 43070 689000 64855 23427
0a0a0014 0a00000e 10000 100 820045 366999 387509 280016
0a0b0018 0a05001f 10000 100 8395 680000 77027 11978
0a080002 0a0b001a 10000 100 329417 480999 276715 117992
0a030008 0a040010 10000 100 80245 721999 36989 35707
0a020010 0a020007 10000 100 1022979 340000 419831 342788
0a04000a 0a090020 10000 100 28633 697000 63718 18669
0a020003 0a0a001a 10000 100 68813 729000 31949 31926
0a02000e 0a07000d 10000 100 24080 736000 25171 17166
0a020017 0a060018 10000 100 56080 690999 70209 27729
0a0b001c 0a09000c 10000 100 16290 733000 30197 14581
0a07000a 0a090013 10000 100 245527 531000 233492 90287
0a0a0003 0a02000b 10000 100 1949927 31999 732969 653144
0a00000f 0a0a001b 10000 100 2614 752999 12336 10067
0a020010 0a050005 10000 100 83902 698000 68079 36908
0a090020 0a020009 10000 100 47299 640999 126884 24827
0a09000e 0a050008 10000 100 7593 707999 60912 11721
0a09001d 0a09001e 10000 100 390687 391999 379748 133988
0a020010 0a09000e 10000 100 97325 685999 87399 41342
0a05001b 0a060013 10000 100 6005 754000 19425 11198
0a030002 0a01001f 10000 100 102006 678000 95712 42901
0a060004 0a0b0005 10000 100 70288 715999 58016 32414
0a020011 0a00000f 10000 100 44345 529999 245998 23851
0a0a001a 0a050012 10000 100 2557 591000 188074 10048
0a04000e 0a04000b 10000 100 11262 680000 100610 8686
0a01001b 0a060002 10000 100 84154 676999 103946 37004
0a08000b 0a0b0018 10000 100 35328 705000 76913 20873
0a010014 0a070001 10000 100 96998 676999 107252 41237
0a03000c 0a01001e 10000 100 52422 707999 76410 26512
0a0b001b 0a08001a 10000 100 15533 769999 15663 14339
0a070005 0a0b0019 10000 100 70515 707999 79325 32502
0a080001 0a0b0001 10000 100 73003 714000 73903 33313
0a0a001c 0a04000b 10000 100 66321 657000 131252 31113
0a040002 0a04000e 10000 100 1566648 88999 699309 522338
0a02001a 0a0a0018 10000 100 36123 698999 90638 21143
0a060018 0a000005 10000 100 62174 755000 35235 29740
0a040008 0a04001c 10000 100 619136 14999 776033 209427
0a02001a 0a090020 10000 100 1569309 123999 667180 527460
0a0b0017 0a030005 10000 100 397460 444000 348499 140457
0a06000b 0a040001 10000 100 55468 751000 45699 27518
0a05000f 0a040006 10000 100 64631 755000 42345 30557
0a090011 0a090008 10000 100 378908 420000 378884 130096
0a090011 0a0b0012 10000 100 737993 181000 618400 252914
0a00001d 0a030018 10000 100 57289 619999 181805 28131
0a0a0009 0a060011 10000 100 67783 564999 237545 31597
0a090002 0a00001f 10000 100 89701 752999 54399 38825
0a050014 0a040019 10000 100 7242 782999 24904 11594
0a0a000f 0a000019 10000 100 653503 346000 462195 225017
0a04000e 0a070016 10000 100 240923 546999 261552 88768
0a0a001d 0a060001 10000 100 52747 738999 72665 26632
0a08000a 0a090005 10000 100 77880 733999 80401 34920
0a0b000d 0a010013 10000 100 1710452 87000 728414 574070
0a0a0018 0a080001 10000 100 101025 689999 126117 42572
0a0a000a 0a070015 10000 100 2211625 3999 812631 739576
0a04001e 0a080018 10000 100 5751 759000 58423 11101
0a0a001e 0a000018 10000 100 254364 671999 145975 93207
0a09001b 0a06001e 10000 100 81392 648000 171327 36090
0a060001 0a020004 10000 100 69599 676999 142980 32193
0a06001d 0a070018 10000 100 100552 692000 129342 42421
0a030009 0a0b001b 10000 100 1038827 436000 385698 352269
0a040017 0a0a000b 10000 100 384476 613000 209097 136179
0a08001f 0a07000d 10000 100 32460 782000 42805 19925
0a010013 0a040014 10000 100 53045 714000 111601 26727
0a070004 0a0b000d 10000 100 18491 801999 24257 15316
0a07000b 0a07000c 10000 100 60752 795000 31585 25030
0a080005 0a02000a 10000 100 428925 369000 460655 150848
0a0a000f 0a08001f 10000 100 1016600 239999 589898 344926
0a030015 0a0a0012 10000 100 133350 730999 99596 53239
0a05000e 0a080004 10000 100 17118 587999 244247 14862
0a010004 0a020002 10000 100 5198 779999 52739 10924
0a010013 0a02000b 10000 100 83814 705000 127948 36880
0a03000a 0a07000b 10000 100 3075 822999 10837 10230
0a020015 0a040007 10000 100 1670 757999 77386 9765
0a000016 0a070015 10000 100 90834 528000 307553 39203
0a000002 0a080017 10000 100 872469 487999 347787 297329
0a0a001e 0a040005 10000 100 31438 720000 116820 19582
0a00000f 0a040017 10000 100 1639308 222999 614414 550567
0a030001 0a050006 10000 100 71995 729999 107666 32975
0a090011 0a01000f 10000 100 833715 108999 729613 284528
0a070003 0a07000c 10000 100 30848 814999 25483 15153
0a05000b 0a050019 10000 100 117994 757999 82839 43931
0a02000c 0a00001f 10000 100 6488 828999 12467 11352
0a0b0017 0a020003 10000 100 36451 794000 48395 21248
0a030008 0a0b001b 10000 100 66754 809999 32879 31252
0a02000b 0a090014 10000 100 92978 720999 123285 39905
0a090009 0a010011 10000 100 63781 813000 31406 30270
0a0b0001 0a090019 10000 100 41451 806999 37468 22894
0a05000e 0a05000f 10000 100 25557 586999 260325 13414
0a090011 0a09000a 10000 100 104426 808000 39844 39451
0a07001c 0a0a0017 10000 100 35100 827999 24053 20800
0a04000c 0a02001f 10000 100 17102 402999 451192 14856
0a000017 0a010013 10000 100 23136 797999 57761 16849
0a04001b 0a0a000f 10000 100 82552 792999 63361 36476
0a020012 0a000002 10000 100 4677 823999 32545 10758
0a030007 0a08000b 10000 100 10237 810999 47175 12583
0a010001 0a00000d 10000 100 28928 835000 23953 18764
0a040014 0a080003 10000 100 41768 814999 44375 22995
0a0a001a 0a0b0016 10000 100 23740 836000 24437 17042
0a050006 0a00001b 10000 100 488257 438000 422883 170449
0a00000f 0a020014 10000 100 102607 752999 108439 43094
0a02000d 0a090013 10000 100 292044 734999 126611 105649
0a060005 0a000007 10000 100 7465 837999 24374 11665
0a040008 0a090010 10000 100 7054 824999 37496 11534
0a05000e 0a040009 10000 100 11983 614999 247936 13157
0a070002 0a0b000e 10000 100 857610 375000 488271 292421
0a05000c 0a050011 10000 100 67730 739999 127624 27340
0a0b0003 0a04001d 10000 100 47627 828999 40476 24932
0a030009 0a08000f 10000 100 94769 805999 65790 40509
0a020016 0a090014 10000 100 677052 299999 572697 232799
0a08001f 0a050009 10000 100 35090 680000 192720 20797
0a070008 0a090009 10000 100 2299 863999 12272 9966
0a020006 0a0a0006 10000 100 491369 353000 528741 171476
0a020007 0a0b0018 10000 100 683606 293000 589649 234958
0a0a000c 0a0a0010 10000 100 55930 850999 33268 23441
0a09000e 0a050003 10000 100 18885 867000 18405 15442
0a0b0005 0a010019 10000 100 44179 849000 36952 23798
0a0b000c 0a03000e 10000 100 1008194 524000 364228 342159
0a08001a 0a07000d 10000 100 1906613 17999 871483 638854
0a080006 0a050006 10000 100 102506 782000 108997 43061
0a04000d 0a0b0010 10000 100 58083 852000 39793 28385
0a090018 0a060004 10000 100 189329 755000 140481 71736
0a070020 0a010008 10000 100 336513 643000 253278 120340
0a000017 0a020012 10000 100 72041 810999 86306 33005
0a090010 0a0a0019 10000 100 31119 858999 39783 19480
0a0a0011 0a000009 10000 100 73164 836999 66264 33365
0a07001c 0a080013 10000 100 563387 639000 265246 195259
0a070008 0a070019 10000 100 92932 837999 66395 35650
0a010017 0a0b0002 10000 100 26321 864999 40776 17899
0a01000e 0a020012 10000 100 94276 835000 71325 40336
0a07001e 0a080018 10000 100 46830 815999 91286 24677
0a070017 0a070020 10000 100 67750 857000 52251 27346
0a060019 0a050017 10000 100 79683 710000 202546 35528
0a090018 0a06000d 10000 100 2112413 18999 894358 706814
0a0a0020 0a08001f 10000 100 100334 755000 158436 42336
0a070012 0a010003 10000 100 593852 589000 325009 205315
0a0b0007 0a090004 10000 100 82708 854999 59176 36526
0a030015 0a0a0007 10000 100 22546 899999 20180 16660
0a040016 0a07001f 10000 100 186696 531000 390651 70862
0a080016 0a000004 10000 100 12736 877999 44824 13413
0a000017 0a0b0020 10000 100 26283 880999 43201 17887
0a0a0010 0a010019 10000 100 71960 788999 136820 32964
0a0b000a 0a0b0009 10000 100 8477 885999 43869 7764
0a0b000f 0a0a000a 10000 100 62577 894000 36847 29869
0a03000d 0a010018 10000 100 485238 743999 187254 169452
0a02000a 0a070011 10000 100 38565 665000 266353 21940
0a090004 0a0a0012 10000 100 2225146 30999 901996 744040
0a0a0014 0a04000e 10000 100 44863 891999 41135 24016
0a040011 0a07000c 10000 100 306 922999 10890 9313
0a0b0003 0a01000c 10000 100 5004 922999 12612 10862
0a07001a 0a08001f 10000 100 55362 880000 56414 27484
0a020011 0a0b0005 10000 100 419449 542999 394167 147724
0a040007 0a040015 10000 100 61099 728000 209793 25141
0a020014 0a04000b 10000 100 1192 854999 82924 9596
0a070015 0a080013 10000 100 5096 895999 43070 10892
0a0b000b 0a09001b 10000 100 100578 773000 167979 42429
0a03001e 0a010002 10000 100 665990 168999 773307 229136
0a080013 0a020020 10000 100 395771 522000 423490 139901
0a060020 0a0a0018 10000 100 727698 315000 632780 249528
0a08001c 0a010001 10000 100 2255 937000 10974 9952
0a020020 0a01000a 10000 100 23594 681999 266750 16995
0a080004 0a08001a 10000 100 12265 928000 21960 9023
0a000008 0a010017 10000 100 72974 902000 48125 33304
0a09000a 0a080015 10000 100 851821 185999 765636 290507
0a060005 0a000002 10000 100 104764 784999 167631 43799
0a060015 0a030002 10000 100 40375 929000 23785 22534
0a070019 0a070006 10000 100 41391 924000 29063 18635
0a0a0005 0a02001d 10000 100 45900 836999 120291 24364
0a070008 0a080005 10000 100 527922 685999 274133 183541
0a08001c 0a0b0011 10000 100 102813 870000 90990 43160
0a01000a 0a08001e 10000 100 94907 894999 66790 40553
0a070010 0a030011 10000 100 46649 894999 67532 24619
0a08001f 0a080001 10000 100 866684 453999 508909 291176
0a000014 0a010003 10000 100 31773 803000 160956 19705
0a07001b 0a09000f 10000 100 29174 935999 28733 18842
0a010001 0a07001d 10000 100 753680 516999 450419 258103
0a060010 0a0b0007 10000 100 156588 534999 435140 60920
0a010011 0a04001b 10000 100 30536 935999 34956 19294
0a040009 0a0b001c 10000 100 66936 897000 74441 31310
0a00001c 0a05000d 10000 100 944471 505000 467633 321107
0a010007 0a070016 10000 100 65652 915000 57748 30884
0a0a000c 0a0b0015 10000 100 51653 842999 129943 26266
0a010005 0a050008 10000 100 38646 939999 35325 21966
0a080011 0a080004 10000 100 102115 855999 120011 38696
0a02001e 0a0a0004 10000 100 70959 895999 82994 32644
0a05000a 0a000012 10000 100 392375 705000 275025 138784
0a0b0020 0a000014 10000 100 1677039 288999 692003 563040
0a01000e 0a0b0018 10000 100 774475 635999 345040 264973
0a08000b 0a010007 10000 100 60148 946000 36031 29077
0a0b0013 0a02000f 10000 100 34244 671000 311800 20511
0a08000e 0a080018 10000 100 27698 943000 42207 14115
0a080016 0a07001c 10000 100 101276 810999 174303 42652
0a040001 0a090007 10000 100 56746 817000 168314 27942
0a00000b 0a08000b 10000 100 285558 693000 292652 103512
0a02001e 0a090018 10000 100 52693 828999 159733 26614
0a010020 0a03001a 10000 100 441086 768000 222317 154878
0a020009 0a020013 10000 100 42365 969000 22925 18962
0a090010 0a0b0006 10000 100 91029 894999 99025 39266
0a000005 0a09000f 10000 100 827382 397000 597729 282440
0a050020 0a07000c 10000 100 91621 921000 73993 39471
0a02001c 0a000015 10000 100 1895461 132000 863934 635162
0a010019 0a040001 10000 100 67637 895999 100153 31550
0a04000c 0a08001e 10000 100 1746354 306999 689436 585927
0a080005 0a020001 10000 100 243315 818000 179375 89564
0a030009 0a02001a 10000 100 9548 984999 13685 12362
0a09001d 0a07000f 10000 100 240833 438000 561225 88739
0a06000d 0a07000d 10000 100 40274 961000 39891 22502
0a070016 0a08001d 10000 100 30309 804000 201804 19221
0a0b0010 0a080017 10000 100 31317 975999 30055 19544
0a020015 0a09000e 10001 100 40535 948999 57568 22601
0a0a000f 0a010016 10000 100 294130 891999 115412 106347
0a020018 0a010014 10000 100 75254 895999 111985 34064
0a070007 0a0a0002 10000 100 82341 957999 51143 36393
0a070011 0a09000d 10000 100 468601 308000 701393 163960
0a010005 0a010004 10000 100 1610686 349000 661324 536876
0a07001b 0a000017 10000 100 38597 975999 34554 21950
0a0a001d 0a050005 10000 100 25031 982000 28594 17471
0a010010 0a030014 10000 100 717474 451000 561102 246149
0a030009 0a04000d 10000 100 11730 989999 22228 13076
0a070006 0a050001 10000 100 30090 850999 162947 19151
0a04001e 0a08001f 10000 100 101745 880000 135504 42802
0a0a001b 0a050013 10000 100 583570 715000 300989 201932
0a0b000a 0a02000e 10000 100 102515 875000 143753 43064
0a01001f 0a020016 10000 100 782433 693000 326515 267596
0a050019 0a070012 10000 100 519235 821000 199573 180685
0a010007 0a060020 10000 100 1912320 135999 885717 640726
0a040003 0a09000e 10000 100 244278 846999 175374 89872
0a01001a 0a06001d 10000 100 90588 818999 204352 39125
0a08000c 0a020005 10000 100 573086 586000 437443 198470
0a0a001e 0a020006 10000 100 459920 781000 242576 161089
0a000007 0a04001e 10000 100 1595642 424000 600988 536148
0a01001f 0a060002 10000 100 68078 885000 140216 31691
0a04001e 0a01001e 10000 100 82008 951000 74389 36287
0a07001e 0a0b001f 10000 100 1663 1005000 25131 9762
0a050013 0a010002 10000 100 9789 929000 103463 12440
0a02000e 0a050015 10000 100 903171 205999 826878 307476
0a070001 0a0b0006 10000 100 25945 992000 41620 17778
0a030016 0a02000c 10000 100 823996 116999 916702 281326
0a010020 0a020012 10000 100 82359 920000 113804 36399
0a090020 0a010014 10000 100 11810 979000 56238 13102
0a07000b 0a00001d 10000 100 68327 917999 117454 31771
0a070020 0a010020 10000 100 1772895 253999 782709 594681
0a080002 0a01001f 10000 100 864559 447999 589017 294721
0a03000b 0a010005 10000 100 1847661 141999 895283 619375
0a030012 0a02000d 10000 100 589602 732000 305394 203924
0a040011 0a070004 10000 100 1684620 1999 1036606 565543
0a04001e 0a0a0001 10000 100 769506 473000 565768 263336
0a000008 0a040001 10000 100 10325 1023000 15855 12611
0a030003 0a090018 10000 100 2176074 55999 983994 727831
0a040010 0a01000d 10000 100 1028218 564999 476338 348766
0a00001f 0a030001 10000 100 63678 982000 59366 30237
0a000009 0a090012 10000 100 13352 891999 149881 13610
0a080018 0a0b000c 10000 100 73384 1002999 40996 33435
0a00000e 0a07001a 10000 100 2522706 64999 979313 842301
0a0a0016 0a050017 10000 100 57052 982000 62904 28055
0a010013 0a060020 10000 100 23472 786000 261563 16956
0a020001 0a020018 10000 100 8461 1031000 16836 7759
0a000006 0a050014 10000 100 103519 833999 216428 43401
0a00001c 0a060018 10000 100 32809 1018999 31469 20036
0a00001b 0a070011 10000 100 77307 836000 216717 34736
0a06000b 0a0b0015 10000 100 67556 879000 173722 31524
0a0a0003 0a090011 10000 100 76523 908999 144866 34486
0a0b001f 0a040012 10000 100 91097 987000 68798 39288
0a08001b 0a0a000b 10000 100 17402 1023000 33086 14952
0a0b0013 0a0b0006 10000 100 48824 961000 95189 21090
0a03001a 0a03000a 10000 100 5846 1049000 8295 6892
0a060004 0a040018 10000 100 844632 482999 574662 288145
0a000006 0a03000c 10000 100 92186 916000 142874 39651
0a03001c 0a050016 10000 100 61560 968000 90900 29544
0a000019 0a060015 10000 100 79284 951000 108163 35384
0a050006 0a060002 10000 100 36581 943000 118723 21289
0a05001e 0a020020 10000 100 2067108 44999 1016916 691856
0a050006 0a08000d 10000 100 429626 737000 325770 151088
0a05001e 0a030006 10000 100 25436 1005000 60999 17600
0a030005 0a03001d 10000 100 80648 1000000 66673 31596
0a010014 0a050002 10000 100 970948 299999 766994 329856
0a0a000c 0a000015 10000 100 66000 1038000 31865 30995
0a0b000b 0a000014 10000 100 23091 1054000 17441 16834
0a01001f 0a07001c 10000 100 27532 1044999 29697 18302
0a040008 0a0a0016 10000 100 74211 1016999 58128 33715
0a010007 0a0b0010 10000 100 3921 1046999 28599 10500
0a06001d 0a030018 10000 100 919399 237999 841967 312823
0a090015 0a0a0016 10000 100 77833 984999 95020 34905
0a090001 0a030015 10000 100 86243 938000 142710 37688
0a010006 0a06001a 10000 100 89217 836999 245165 38671
0a070013 0a0a0005 10000 100 32438 934999 147537 19918
0a010011 0a07000e 10000 100 758726 476000 608454 259764
0a000002 0a0a0009 10000 100 68982 1015999 68820 31980
0a000008 0a07000b 10000 100 231025 961999 122979 85508
0a090005 0a0a001a 10000 100 418018 926999 158366 147251
0a03001c 0a080012 10000 100 83017 961999 125180 36625
0a02001f 0a030016 10000 100 41939 491000 596296 23050
0a08000c 0a050007 10000 100 24530 598000 489456 17310
0a06001d 0a0b0013 10000 100 40641 881999 205506 22635
0a00000b 0a020016 10000 100 88413 987999 101188 38398
0a080016 0a02001a 10000 100 75009 979000 111554 33986
0a04000e 0a00000d 10000 100 7740 1069999 20564 11768
0a03000b 0a010010 10000 100 100287 1007000 84177 42320
0a09000e 0a09001d 10000 100 13970 997000 94389 9584
0a0a0016 0a00000e 10000 100 864432 773000 318811 294680
0a0b0017 0a00000f 10000 100 2440 1072999 19230 10011
0a0a0002 0a090018 10000 100 632941 389000 705975 218223
0a0b0014 0a02001c 10000 100 207583 805000 290844 77761
0a090017 0a070018 10000 100 58137 493999 602787 28402
0a020003 0a08001b 10000 100 103124 1012000 88286 43259
0a080004 0a060003 10000 100 33637 893000 207421 20317
0a04001d 0a000010 10000 100 664816 791000 310578 228760
0a010001 0a03000b 10000 100 505208 876999 225304 176042
0a0b0019 0a070011 10000 100 85550 1020999 82387 37466
0a01000d 0a030013 10000 100 2067643 197999 907539 692027
0a0b0008 0a080013 10000 100 23043 961000 145074 16819
0a040004 0a010015 10000 100 38907 1041000 65320 22049
0a07001a 0a0a001e 10000 100 18567 1087999 18759 15341
0a020007 0a040013 10000 100 80249 879000 229654 35709
0a0b000e 0a030008 10000 100 12487 907000 205788 13334
0a050017 0a080014 10001 100 287589 965999 147556 104177
0a08001a 0a030002 10000 100 53054 1034999 78741 26730
0a000005 0a06001e 10000 100 71678 867000 250326 32874
0a000006 0a04000b 10000 100 1036854 435000 682516 351622
0a040004 0a09001b 10000 100 24917 961000 157677 17434
0a07000f 0a0a000f 10000 100 794997 531000 589832 271739
0a040010 0a040013 10000 100 251663 916999 203887 88072
0a03001b 0a000003 10000 100 46293 1072999 48391 24489
0a020003 0a080011 10000 100 45556 1003999 117765 24254
0a030007 0a000020 10000 100 66425 684999 437885 31147
0a01001d 0a0a000d 10000 100 94507 985999 137271 40425
0a050009 0a0b001a 10000 100 57760 817000 306287 28282
0a030005 0a020001 10000 100 85793 1034999 89201 37544
0a020001 0a00000f 10000 100 3250 1098000 26759 10286
0a050016 0a0b000f 10000 100 897280 786000 341130 305530
0a030013 0a01001b 10000 100 655509 192000 935312 225690
0a0b000a 0a0b001a 10000 100 82087 1012000 115548 32072
0a06000b 0a000008 10000 100 59152 1062999 65655 28743
0a050003 0a08000d 10000 100 12409 1108000 21199 13309
0a09000f 0a00000d 10000 100 43860 1010999 119693 23696
0a090003 0a090018 10000 100 8153 1072000 59544 7661
0a03001c 0a06000a 10000 100 74734 533999 598688 33882
0a070009 0a0a0004 10000 100 92888 1031000 103090 39876
0a050002 0a0b000b 10000 100 49509 1051999 83103 25565
0a060018 0a03000e 10000 100 23094 1116000 20092 16835
0a060001 0a030010 10000 100 76653 891999 244438 34527
0a020003 0a070004 10000 100 6533 1119999 17046 11367
0a08000f 0a00001a 10000 100 462349 322000 816566 161897
0a03001d 0a0a0011 10000 100 9698 1119999 18904 12410
0a060005 0a020011 10000 100 1819852 164999 974043 610199
0a010005 0a010011 10000 100 62088 1100000 40884 25473
0a000003 0a090003 10000 100 111416 962999 178278 46005
0a080004 0a00001b 10000 100 83990 920000 221613 36936
0a00001d 0a010020 10000 100 83744 935999 205761 36858
0a09000d 0a060003 10000 100 67903 900999 241440 31635
0a01000d 0a080006 10000 100 24805 1100999 43127 17398
0a010012 0a01001d 10000 100 33298 1123999 20357 15968
0a06000d 0a09001c 10000 100 419078 861000 284787 147605
0a0a0010 0a080008 10000 100 71546 791000 355690 32832
0a090012 0a050009 10000 100 51005 734999 412574 26059
0a000010 0a0a0007 10000 100 57044 1116000 33037 28053
0a04001e 0a070017 10000 100 43174 1103999 45266 23461
0a010013 0a010007 10000 100 96344 1072999 76403 36788
0a05001d 0a08001e 10000 100 202005 908999 244525 75915
0a04001f 0a00000e 10000 100 634 1144999 10073 9418
0a050006 0a040012 10000 100 49951 1108000 47097 25706
0a08000d 0a0b000e 10000 100 87362 919000 238650 38062
0a08000a 0a000009 10000 100 53290 1126000 31796 26805
0a080014 0a040011 10000 100 71086 1054000 104337 32684
0a0a0006 0a07000c 10000 100 135876 1054999 103690 54078
0a010004 0a040018 10000 100 58600 835000 323802 28566
0a0a0017 0a030016 10000 100 1605826 389999 768834 539514
0a02001e 0a0b0008 10000 100 711220 519999 641593 244086
0a030014 0a08001a 10000 100 48404 1119999 41777 25196
0a0a0004 0a010019 10000 100 96622 1059999 103307 41117
0a00000d 0a0b000d 10000 100 725612 585000 580521 248830
0a040007 0a0b0014 10000 100 24230 857000 308564 17214
0a06000b 0a02000d 10000 100 64572 1113000 52740 30538
0a0a0004 0a0a0020 10000 100 1599770 262999 906816 533275
0a020010 0a03001e 10000 100 603963 907000 263177 208658
0a0b000b 0a000011 10000 100 485791 822999 347269 169629
0a05001b 0a07000c 10000 100 60086 992000 179330 29057
0a060016 0a01001b 10000 100 103527 1116000 57708 43403
0a070018 0a020006 10000 100 728033 492999 681293 249635
0a040003 0a050005 10000 100 31697 1149000 28785 19680
0a05000c 0a06000d 10000 100 58024 1116000 62035 28366
0a020006 0a050017 10000 100 79094 1015999 162989 35324
0a080004 0a0b0001 10000 100 100262 1026999 153133 42312
0a0b001c 0a06000e 10000 100 67084 888000 292409 31358
0a030017 0a060014 10000 100 754406 324999 856495 258336
0a0b0011 0a070007 10000 100 947872 699999 483732 322226
0a0a001a 0a010006 10000 100 87227 937000 247854 38018
0a00000d 0a020011 10000 100 78944 961999 223243 35276
0a050001 0a050002 10000 100 75310 938999 246499 29842
0a040013 0a06000d 10000 100 12808 1075999 109574 13436
0a0a0005 0a0b000a 10000 100 81133 920000 266986 36007
0a07000d 0a000013 10000 100 12741 1054999 132343 13415
0a090005 0a090011 10000 100 47727 1090999 97074 20724
0a030011 0a0a0002 10000 100 843056 337000 852068 287625
0a020019 0a0b0011 10000 100 22241 981000 208233 16547
0a0a001a 0a06000d 10000 100 36070 1131000 59476 21126
0a0b001b 0a040014 10000 100 88559 1093999 97091 38460
0a0b000b 0a090011 10000 100 44104 1034999 158875 23774
0a080012 0a040014 10000 100 47135 1123999 70941 24774
0a070018 0a0a000b 10000 100 1676660 27999 1167532 562903
0a05000f 0a060005 10000 100 12511 1172000 24083 13341
0a0a0015 0a000018 10000 100 1367 1170000 26864 9652
0a07001b 0a0a001d 10000 100 163211 1080000 118139 63101
0a020020 0a010006 10000 100 46175 770999 427373 24452
0a070010 0a050013 10000 100 69335 1041999 157076 32109
0a07001c 0a040016 10000 100 44780 1170000 29269 23990
0a01000f 0a07000f 10000 100 80636 698999 501053 35832
0a0a0010 0a0a0007 10000 100 84220 1074000 127856 32785
0a040017 0a080001 10000 100 61780 1165000 40412 29614
0a05001b 0a09000d 10000 100 82822 997999 207595 36563
0a03000c 0a0b0012 10000 100 81627 1090000 116621 36165
0a040017 0a070007 10000 100 34049 1183000 23920 20448
0a07001c 0a06000a 10000 100 811756 375000 837527 277287
0a02001b 0a070008 10000 100 49513 1039999 173420 25566
0a06000e 0a0b000f 10000 100 33250 1095999 118810 20193
0a0b0014 0a07000a 10000 100 2022632 216999 998252 677162
0a04001a 0a07000c 10000 100 50214 1105000 111945 25790
0a0b0019 0a010008 10000 100 87851 1061000 156180 38218
0a020017 0a0b001b 10000 100 38516 1147000 73576 21924
0a01000a 0a06000b 10000 100 74642 1129999 94259 33853
0a060017 0a020003 10000 100 82952 792999 432794 36604
0a08000d 0a010004 10000 100 182985 1152999 73032 69629
0a000013 0a060001 10000 100 2372163 158999 1067281 792591
0a03001d 0a0a0007 10000 100 71767 1129999 96685 32902
0a020015 0a060019 10000 100 74015 850999 377553 33652
0a040003 0a02001a 10000 100 2381034 224999 1003879 795522
0a090019 0a0a000a 10000 100 71305 1126999 102314 32754
0a040016 0a020009 10000 100 48584 1175999 54181 25253
0a0a001e 0a05000a 10000 100 366044 984000 249568 130097
0a010017 0a0b000a 10000 100 54091 1170999 63478 27077
0a0a000f 0a05001e 10000 100 61864 1185999 51389 29641
0a04000e 0a06001b 10000 100 323494 537000 701024 116035
0a090018 0a05000d 10000 100 102827 977000 262090 43164
0a0b000f 0a0b0018 10000 100 73764 1144999 94230 29332
0a05000b 0a06001e 10000 100 2505475 101999 1140309 836618
0a000020 0a0a0003 10000 100 102173 849000 394348 42955
0a0b001f 0a060007 10000 100 1016386 561999 681893 344857
0a060002 0a090003 10000 100 603330 648999 595459 208455
0a070008 0a0b001c 10000 100 409569 902000 344583 144470
0a04000b 0a0b0001 10000 100 101122 1098000 150544 42603
0a03000d 0a06001f 10000 100 20483 1074000 175614 15969
0a03001e 0a050013 10000 100 4569 1234000 18966 10723
0a04000b 0a050011 10000 100 1788886 14999 1238271 599968
0a080004 0a020010 10000 100 31064 1170000 84365 19463
0a0b001f 0a00001e 10000 100 87803 1188000 66658 38203
0a03000c 0a020016 10000 100 87018 1074000 181470 37952
0a040003 0a09001f 10000 100 60068 1149999 107019 29051
0a000019 0a01001a 10000 100 43625 1165999 91528 23620
0a050005 0a020004 10000 100 3148 1160000 98204 10253
0a080002 0a0a000d 10000 100 29857 1067000 192238 19061
0a000019 0a040005 10000 100 1947181 384999 877668 652250
0a000001 0a090002 10000 100 278294 854999 407946 101111
0a040016 0a040005 10000 100 71658 1136000 128349 28627
0a06001f 0a0b0017 10000 100 100430 938999 327156 42366
0a0a0007 0a080002 10000 100 1923950 413999 852336 644570
0a03000a 0a05000e 10000 100 980311 458999 807998 332944
0a00000e 0a000004 10000 100 31076 1198000 69512 15226
0a0a000a 0a00000b 10000 100 821149 925000 342593 280384
0a080018 0a02000e 10000 100 66975 1196999 72027 31323
0a010004 0a0a000a 10000 100 6639 1250000 19760 11401
0a03000b 0a05001a 10000 100 19704 1248999 23033 15720
0a040010 0a030001 10000 100 64942 1240999 31410 30657
0a010001 0a06000e 10000 100 35809 1247999 24570 21027
0a04001f 0a0a0010 10000 100 50701 1208000 65157 25946
0a0a0014 0a0b000f 10000 100 80310 1070999 208229 35728
0a06001e 0a06000c 10000 100 1717800 453999 825300 572258
0a030008 0a010006 10000 100 71759 1010999 269201 32900
0a09001c 0a05000c 10000 100 40945 1188999 91552 22732
0a09000b 0a04000d 10000 100 22590 1182000 99047 16674
0a02001b 0a0a001a 10000 100 22539 1229999 51232 16658
0a0a0016 0a020015 10000 100 46342 1252000 30042 24505
0a0b000e 0a00001f 10000 100 35625 1023999 260197 20968
0a02000d 0a070004 10000 100 150 1276000 8885 9263
0a040011 0a090002 10000 100 50246 1113000 173904 25800
0a0a001c 0a02001e 10000 100 13727 1237999 49521 13746
0a050002 0a030016 10000 100 895505 831000 457108 304946
0a070010 0a00001e 10000 100 60714 1154000 134178 29258
0a070019 0a04001d 10000 100 31952 1244000 46365 19762
0a0a0002 0a0a0014 10000 100 101052 1031999 258479 38341
0a050014 0a030008 10000 100 99541 1160000 132046 42082
0a080001 0a010018 10000 100 100058 1167000 125711 42247
0a05000a 0a070008 10000 100 482024 921999 371308 168393
0a060001 0a01001b 10000 100 515678 625000 669297 179500
0a030020 0a020007 10000 100 91188 1077000 218137 39317
0a040005 0a020008 10000 100 37203 1235999 63483 21488
0a0a0020 0a090019 10000 100 57483 1183999 115779 28193
0a010013 0a06001a 10000 100 57759 1211999 88241 28281
0a020015 0a0b0005 10000 100 28724 1263000 38720 18698
0a0b000f 0a03000d 10000 100 813967 925999 377518 278009
0a070019 0a08000f 10000 100 70311 1245999 57680 32421
0a010018 0a0b0017 10000 100 34111 1196000 107784 20468
0a07000f 0a030001 10000 100 54644 960000 345675 27254
0a030012 0a0b0010 10000 100 5503 1293000 13124 11022
0a040004 0a02000c 10000 100 65775 1224999 82754 30923
0a06001a 0a080016 10000 100 2456306 386999 921001 820377
0a010003 0a0b001e 10000 100 87511 982000 326217 38109
0a01000b 0a080018 10000 100 1624273 100999 1207548 545602
0a0b000f 0a0b0011 10000 100 35687 1247999 61724 16748
0a0a001a 0a07000c 10000 100 314163 1044000 265809 112957
0a0b0005 0a030016 10000 100 12501 1293000 17363 13338
0a0b000c 0a030013 10000 100 77470 1052999 258155 34789
0a00001c 0a0a0008 10000 100 26292 1288999 22757 17889
0a04000a 0a050006 10000 100 101205 1232000 80964 42630
0a0a000a 0a010012 10000 100 51359 1286000 27514 26172
0a08000e 0a030017 10000 100 915364 665000 649411 311501
0a0b001a 0a070020 10000 100 415945 1026999 288826 146572
0a010008 0a0b0010 10000 100 19052 1294999 21350 15496
0a08001a 0a05001f 10000 100 58303 1180000 136651 28456
0a00001f 0a020014 10000 100 267452 1126000 190718 97534
0a03001b 0a070010 10000 100 58385 1288000 28910 28482
0a080007 0a09001a 10000 100 96248 1124999 191976 40997
0a03000d 0a01000e 10000 100 86678 1191999 125084 37827
0a020017 0a04000d 10000 100 430760 769999 548529 151466
0a000008 0a050013 10000 100 11647 1288999 30981 13049
0a0b000f 0a06001e 10000 100 29078 1056000 265279 18812
0a010004 0a020014 10000 100 28544 1258000 64081 18641
0a070007 0a01000a 10000 100 55688 1288000 36022 27603
0a09000e 0a000003 10000 100 161209 1144000 181297 62445
0a01000b 0a000011 10000 100 51524 975999 349415 26225
0a040004 0a030002 10000 100 99608 1231000 94532 42103
0a0b0009 0a010007 10000 100 2581 1126999 198693 10056
0a05000b 0a090014 10000 100 101620 1128000 197741 42762
0a01000b 0a020005 10000 100 99955 1155999 170443 42214
0a0b0006 0a05000c 10000 100 14855 1311000 15633 14107
0a00000d 0a06000a 10000 100 1861509 17999 1309608 623960
0a030002 0a01000c 10000 100 26923 1286999 42365 18091
0a090014 0a020017 10000 100 14414 1291999 37475 13966
0a03000f 0a050003 10000 100 102982 1275000 54533 43214
0a03001e 0a01000c 10000 100 61299 1229999 100073 29445
0a04000b 0a070001 10000 100 988409 467999 862696 335613
0a020001 0a03000c 10000 100 71203 1155999 174776 32722
0a02001f 0a0a000a 10000 100 260905 534999 796544 95362
0a040010 0a0a000e 10000 100 103007 1278000 54820 43222
0a05001d 0a02000f 10000 100 1782449 6999 1326180 597846
0a04001a 0a07001c 10000 100 270313 1110000 225281 98480
0a060002 0a06000b 10000 100 33900 1253999 81365 16161
0a020015 0a010006 10000 100 983711 554000 781956 334063
0a05000b 0a0b001b 10000 100 68380 1276999 59375 31788
0a0a0016 0a080002 10000 100 54647 1309999 27641 27255
0a0a000d 0a060007 10000 100 25970 992999 344757 17786
0a080009 0a030006 10000 100 12817 801999 535836 13439
0a040011 0a050011 10000 100 765785 369999 968724 262100
0a000010 0a04000e 10000 100 93188 1270000 71135 39987
0a070017 0a040008 10000 100 149090 1201999 139908 58444
0a030018 0a040005 10000 100 103554 1154000 189493 43412
0a010016 0a03000c 10000 100 1987369 315000 1029015 665510
0a0a0010 0a010005 10000 100 69704 1137999 206566 32227
0a010009 0a080004 10000 100 32674 1005999 338889 19993
0a090018 0a000019 10000 100 222450 1110000 235668 82672
0a04001b 0a03000c 10000 100 341315 1098999 246710 121922
0a010003 0a01000d 10000 100 61074 1201000 144738 25133
0a010013 0a090009 10000 100 2558122 255000 1091901 854003
0a02000c 0a00001b 10000 100 101282 1196000 152672 42654
0a06000e 0a020007 10000 100 49481 1257000 93560 25540
0a020008 0a060020 10000 100 61654 999000 354967 29574
0a000015 0a08000b 10000 100 73515 1276000 79159 33492
0a04000c 0a01000b 10000 100 862905 890999 466135 294176
0a000011 0a030017 10000 100 707656 822999 537887 242899
0a02001d 0a0a0005 10000 100 1764711 545000 817096 591986
0a040015 0a020008 10000 100 495645 675999 687413 172890
0a080018 0a050002 10000 100 57061 1314999 49329 28058
0a090017 0a06001f 10000 100 4754 631000 735125 10782
0a0a001d 0a08000c 10000 100 191786 1232000 135150 72537
0a010014 0a080010 10000 100 2141271 157999 1209903 716340
0a010018 0a040007 10000 100 79705 872999 495339 35535
0a0a0012 0a030010 10000 100 2144279 418000 950514 717334
0a000005 0a090003 10000 100 1859039 170999 1198084 623138
0a06000a 0a0b001d 10000 100 686433 433000 936674 235893
0a06000a 0a090006 10000 100 147620 781000 591619 57959
0a06000a 0a050010 10000 100 482855 670000 705336 168659
0a020010 0a07000b 10000 100 35901 1281999 93792 21056
0a090003 0a0b001c 10000 100 14679 1270000 109225 14050
0a08001a 0a03001a 10000 100 103267 1160000 222620 43305
0a070002 0a080007 10000 100 481723 835000 547864 168297
0a0a0010 0a030014 10000 100 3962 1361000 23354 10513
0a03001f 0a0b001e 10000 100 54914 1054000 331325 27340
0a010012 0a040016 10000 100 65332 1350000 36814 30782
0a020005 0a06000a 10000 100 1047891 371999 1015026 355261
0a09000b 0a040012 10000 100 70590 1255000 132938 32526
0a02000d 0a02001d 10000 100 8002 1379000 9875 7612
0a080005 0a02001d 10000 100 87857 1294000 97397 38220
0a0b0005 0a06001f 10000 100 25892 1172999 218893 17761
0a06000a 0a02001f 10000 100 52114 491000 901386 26414
0a020011 0a050002 10000 100 63032 1258999 134632 30030
0a0a0015 0a04000f 10000 100 49602 1317999 75653 25594
0a07000a 0a0a001b 10000 100 91655 1180999 213695 39481
0a030010 0a020009 10000 100 1358 1239999 154830 9649
0a050018 0a05000f 10000 100 40663 1376999 22648 18402
0a07001c 0a0b0018 10000 100 73769 1361999 38091 33574
0a050006 0a01001d 10000 100 56469 1327999 72606 27853
0a0b0003 0a070017 10000 100 1977421 522000 879068 662234
0a030018 0a05001c 10000 100 8903 1333999 67153 12141
0a04001b 0a060017 10000 100 2054398 230000 1172096 687650
0a060002 0a03001a 10000 100 18198 1311000 91701 15223
0a010018 0a090019 10000 100 7485 1319999 84394 11672
0a070011 0a08000f 10000 100 67452 1281000 124048 31475
0a060016 0a02001c 10000 100 16254 1386999 18870 14570
0a040004 0a04000a 10000 100 681805 1118999 288587 230126
0a0b000e 0a070014 10000 100 83553 835000 572672 36797
0a080017 0a09000f 10000 100 9078 1379999 27829 12212
0a0b001e 0a04000f 10000 100 85133 1247999 161433 37318
0a0a000b 0a06000d 10000 100 311807 1123000 287703 112173
0a0b0005 0a020015 10001 100 99845 1335000 75787 42179
0a090018 0a07001b 10000 100 266207 1139999 271880 97120
0a030002 0a050019 10000 100 50394 1309000 103424 25848
0a01001d 0a010018 10001 100 64418 1283000 129459 26234
0a080009 0a0b0017 10000 100 89224 862000 551549 38673
0a04000a 0a050019 10000 100 55461 1342000 72218 27515
0a040019 0a00001a 10000 100 603369 317000 1101212 208468
0a08001d 0a060007 10000 100 507447 364999 1053986 176790
0a020018 0a000017 10000 100 48792 1258000 161940 25320
0a000006 0a07001a 10000 100 96152 1345999 75193 40967
0a050003 0a0a0005 10000 100 658782 726999 694806 226768
0a030016 0a010002 10000 100 70191 1286000 136638 32383
0a03000c 0a0b0016 10000 100 52721 1345999 76797 26623
0a090015 0a07000d 10000 100 99444 1147000 275916 42051
0a0a001a 0a040009 10000 100 24556 1356999 67354 17319
0a090015 0a050014 10000 100 17642 1168999 255760 15029
0a07001a 0a06001c 10000 100 25025 1183999 241163 17469
0a020009 0a050014 10000 100 73982 1364999 61862 33642
0a050009 0a050014 10000 100 96934 911000 515967 36977
0a000012 0a04000f 10000 100 27038 1410000 18714 18144
0a010017 0a02000d 10000 100 20431 1391000 38084 15952
0a06000f 0a050010 10000 100 1568622 487999 941608 527225
0a020011 0a00000a 10000 100 34911 1337999 91734 20740
0a05000f 0a000011 10000 100 104610 1170000 259918 43750
0a080018 0a03001f 10000 100 411223 1100999 330399 145015
0a030016 0a06000b 10000 100 31373 1379000 53446 19561
0a0b0019 0a03001b 10000 100 493443 1061000 374389 172155
0a030001 0a09001b 10000 100 1877469 469000 967247 629220
0a080004 0a020013 10000 100 195072 1208000 228461 73635
0a020017 0a060013 10000 100 104720 1265000 173185 43785
0a0a0002 0a07001c 10000 100 45895 1368999 69462 24362
0a030011 0a0b0009 10000 100 74869 1075000 363610 33926
0a00000b 0a0a0007 10000 100 88504 1286999 152382 38442
0a0b0011 0a07000d 10000 100 1044120 965999 475697 354024
0a07000a 0a000013 10000 100 72538 1147000 294957 33164
0a04001d 0a01001c 10000 100 60107 1374999 67980 29064
0a040013 0a07001d 10000 100 877835 715000 728543 299108
0a000004 0a01001b 10000 100 22455 1281000 163565 16616
0a04001d 0a040020 10000 100 18978 957999 488864 11232
0a0a0001 0a020002 10000 100 2530189 216999 1229945 844772
0a02001b 0a07000b 10000 100 102448 1270999 175989 43043
0a0b0008 0a0a001f 10000 100 2440171 26999 1420494 815045
0a06000d 0a060005 10000 100 875339 1128000 320043 294038
0a02000d 0a030015 10000 100 944031 893000 558217 320966
0a030019 0a000002 10000 100 514588 676999 774320 179152
0a050011 0a060014 10000 100 48736 1296000 155738 25302
0a040001 0a0a0011 10000 100 64063 1276999 174831 30360
0a060013 0a0a001c 10000 100 102117 1317000 135660 42937
0a09001b 0a06000b 10000 100 96649 1168999 283741 41126
0a0b0017 0a080005 10000 100 64050 1227000 226095 30356
0a0b001e 0a0a001b 10000 100 2525625 239999 1218416 843266
0a09000f 0a090001 10000 100 1105 1453000 6021 5328
0a080004 0a040005 10000 100 15764 1435000 24994 14413
0a070007 0a000006 10000 100 43304 1427000 34247 23502
0a010003 0a070006 10000 100 29154 1281000 182445 18836
0a000002 0a0b0009 10000 100 235823 1057999 406709 87090
0a040013 0a070018 10000 100 56960 1418999 47536 28010
0a05000f 0a020007 10000 100 33574 1441000 25821 20296
0a050014 0a010019 10000 100 6183 1448000 20123 11255
0a04000d 0a0b0002 10000 100 462264 1095000 373290 161870
0a080009 0a040004 10000 100 70051 872999 595494 32338
0a00001c 0a04000a 10000 100 3381 1456999 12410 10328
0a010007 0a090014 10000 100 47208 1369999 99481 24798
0a040018 0a030014 10000 100 439910 880000 589687 154487
0a070001 0a030006 10000 100 1687349 429999 1040056 566431
0a0b0010 0a07000c 10000 100 6702 1379000 91111 11421
0a040011 0a040005 10000 100 686233 473999 997624 231589
0a0a001f 0a03001b 10000 100 2299235 83999 1388042 768502
0a000014 0a020020 10000 100 995959 657999 818079 338105
0a0a0019 0a02000c 10000 100 269383 1026999 455169 98167
0a0b000b 0a0a0015 10000 100 29134 1453999 28255 18830
0a070019 0a01000c 10000 100 24943 1397999 84754 17442
0a00000b 0a00000e 10000 100 25501 1445000 37886 13396
0a030010 0a0a000a 10000 100 40030 1409000 76486 22424
0a070016 0a030009 10000 100 78373 1443000 42776 35093
0a09001b 0a030020 10000 100 992010 580000 906643 336811
0a030015 0a07000d 10000 100 66323 1170000 316963 31114
0a030007 0a030020 10000 100 15260 1239999 249975 10012
0a090015 0a0a0016 10001 100 85709 1381000 109266 37517
0a070004 0a010012 10000 100 28889 1438000 53346 18751
0a020001 0a0b0016 10000 100 52076 1309999 181721 26401
0a0a001c 0a000007 10000 100 14229 1431999 59973 13906
0a080018 0a090010 10000 100 104788 1430000 62128 43807
0a0a000c 0a060017 10000 100 18453 1152999 341310 15304
0a030003 0a020019 10000 100 101714 1069000 426626 42792
0a02000e 0a01001d 10000 100 47355 1435999 60207 24845
0a030017 0a06000b 10000 100 28518 1400999 95706 18632
0a050003 0a01001e 10000 100 836341 1159000 338878 285400
0a020012 0a020013 10000 100 50950 1459999 38041 21786
0a0b0002 0a030005 10000 100 13679 1420999 77064 13730
0a01001c 0a02001b 10000 100 26119 1479999 20491 17834
0a0b000a 0a0b0013 10000 100 24065 1423999 78249 12921
0a000015 0a080007 10000 100 2813 1440000 62419 10130
0a050002 0a09000f 10000 100 51609 1449999 53345 26252
0a010012 0a00000b 10000 100 9779 1490000 13572 12436
0a0a0003 0a060010 10000 100 15988 1039999 463987 14485
0a04001d 0a0a0017 10000 100 40336 1456000 48565 22522
0a060006 0a000008 10000 100 17457 693000 812498 14970
0a0b0016 0a020001 10000 100 79522 1340999 165672 35476
0a080012 0a070013 10000 100 54017 1262000 245300 27053
0a050004 0a05000b 10000 100 54516 1466999 44036 22973
0a000004 0a07000f 10000 100 66175 985999 525672 31067
0a0a0016 0a050016 10000 100 59373 1384999 127458 28813
0a07001b 0a000011 10000 100 79050 1185999 328462 35310
0a090014 0a000020 10000 100 554658 293999 1221025 192373
0a050004 0a000002 10000 100 68057 1464999 50759 31684
0a09000e 0a030018 10000 100 78302 1420999 95060 35070
0a03001a 0a0a000a 10000 100 88299 1389000 128311 38361
0a04000f 0a03000f 10000 100 91282 1443999 73704 39347
0a050003 0a0b000a 10000 100 14178 1497000 22939 13890
0a070005 0a06000d 10000 100 56761 1430999 89154 27947
0a040002 0a040015 10000 100 42250 1412999 108159 18925
0a00001d 0a000010 10000 100 233356 1301999 219988 82030
0a02000e 0a08000c 10000 100 94594 1417999 106254 40453
0a09001d 0a070002 10000 100 1735346 449999 1074737 582282
0a020009 0a010007 10000 100 56938 1435999 89594 28003
0a020016 0a01001d 10000 100 470538 925999 600608 164595
0a04000e 0a010002 10000 100 858788 592999 935738 292813
0a010019 0a00001b 10000 100 1855320 309999 1219155 621902
0a03000a 0a01000b 10000 100 32783 1497999 31817 20028
0a06000a 0a0b0006 10000 100 43853 1271999 257958 23693
0a07000a 0a070012 10000 100 39699 1392999 137076 18078
0a090017 0a090007 10000 100 47352 760999 769800 20604
0a01000a 0a0a000e 10000 100 81964 1435999 95566 36273
0a090009 0a01000c 10000 100 77581 1386999 145299 34824
0a07001f 0a080005 10000 100 479066 451999 1082046 167416
0a0b0009 0a0b0001 10000 100 3919 1289999 244354 6260
0a03001f 0a0b001a 10000 100 58345 1363000 171652 28469
0a0b0009 0a070005 10000 100 14918 1278999 256401 14127
0a030002 0a010015 10000 100 716841 1007000 530722 245931
0a040006 0a04001c 10000 100 1780587 7999 1531373 592995
0a090010 0a05000f 10000 100 1672072 506000 1037850 561389
0a03001e 0a010019 10000 100 36347 1459999 86336 21215
0a01000c 0a070005 10000 100 10348 1438000 109138 12618
0a080016 0a09001d 10000 100 719203 684000 863609 246717
0a05000a 0a040002 10000 100 76360 1361000 186716 34418
0a03000e 0a01000f 10000 100 81203 1175999 371778 36029
0a050003 0a070004 10000 100 54831 1472999 75583 27314
0a060002 0a020019 10000 100 904271 591999 957142 307828
0a02001a 0a000014 10000 100 98127 1497999 51261 41614
0a08000d 0a02001c 10000 100 79582 1474000 77086 35495
0a030009 0a020002 10000 100 280396 1159000 392831 101799
0a01000a 0a05001e 10000 100 31660 1507000 45397 19669
0a07001a 0a010011 10000 100 71257 1456000 98444 32739
0a00001c 0a09001b 10000 100 43865 1402000 154362 23697
0a060016 0a030016 10000 100 25441 1502999 54335 17602
0a010019 0a08000d 10000 100 70890 1446999 110878 32622
0a000004 0a030005 10000 100 81442 1265000 293484 36106
0a0b000a 0a0b0011 10000 100 103803 1448999 111604 39252
0a090006 0a06000e 10000 100 79382 1448999 112892 35416
0a040005 0a03000f 10000 100 99395 1500999 62995 42035
0a09000e 0a0b0017 10000 100 253781 1335999 228069 93021
0a070008 0a05000d 10000 100 18484 1364999 200029 15314
0a010013 0a040009 10000 100 59092 1422000 143554 28723
0a030009 0a00001a 10000 100 86416 585000 981687 37744
0a020009 0a0a000f 10000 100 70392 1528000 38774 32447
0a050008 0a09001f 10000 100 17650 1505000 62161 15032
0a0b000a 0a060013 10000 100 1698036 311999 1257459 569974
0a09001b 0a07000a 10000 100 71151 1404000 168235 32705
0a000006 0a050006 10000 100 2056285 564000 1008718 688269
0a050016 0a040009 10000 100 9561 1458000 115434 12367
0a000013 0a0b0002 10000 100 30844 1260000 314356 19392
0a05000c 0a0a0007 10000 100 414836 1211999 362777 146202
0a0b0011 0a01001f 10000 100 44484 1541999 33217 23895
0a050008 0a080007 10000 100 599929 966999 608900 207321
0a0a000f 0a050017 10000 100 74369 1423000 155639 33766
0a05001e 0a090007 10000 100 53690 1214000 365403 26933
0a010017 0a00001c 10000 100 70725 1474999 105165 32569
0a0b0010 0a0b0016 10000 100 9253 1570999 9851 8028
0a04000d 0a03000b 10000 100 23299 1546000 34886 16901
0a0a0018 0a0b001e 10000 100 525551 916999 664597 182767
0a090014 0a09000e 10000 100 15562 1557000 26259 10108
0a070016 0a030013 10000 100 44816 1252999 330638 24001
0a020017 0a030020 10001 100 68560 1206999 376900 31845
0a090004 0a0b001e 10000 100 80900 882999 701067 35917
0a000011 0a07001e 10000 100 62025 1283999 302937 29693
0a050011 0a0a000c 10000 100 48742 1554000 33225 25304
0a0a0006 0a030014 10000 100 72596 1547999 40007 33183
0a0a0008 0a06001a 10000 100 65239 1536999 52024 30752
0a03001e 0a05000f 10000 100 9471 1559999 29420 12338
0a04000f 0a070004 10000 100 100608 1512000 78987 42439
0a030014 0a000011 10000 100 1904577 693999 897391 638171
0a0b0006 0a020012 10000 100 61014 1546999 44798 29354
0a0a0004 0a070020 10000 100 22108 1554999 38736 16504
0a09000f 0a050017 10000 100 97975 1480999 112772 41565
0a02000e 0a080009 10000 100 864045 650999 942974 294557
0a00000e 0a000020 10000 100 461865 840999 754599 157487
0a0b0002 0a080019 10000 100 90864 1224999 371484 39213
0a020016 0a0b0005 10000 100 88903 1208000 388666 38570
0a0a0009 0a030005 10000 100 41680 1273999 328740 22967
0a00000a 0a06000d 10000 100 459610 716999 887086 160990
0a0a000e 0a06001e 10000 100 100283 1175000 429115 42319
0a090014 0a0b0013 10000 100 341411 880000 730037 121953
0a01001b 0a0a0016 10000 100 19484 1572999 39752 15634
0a01001c 0a04000b 10000 100 67945 1575000 38314 31648
0a050020 0a03001f 10000 100 2149737 720000 893361 719142
0a010001 0a070018 10000 100 98043 1515999 97534 41587
0a090003 0a02000f 10000 100 3236 1136999 478412 10281
0a0a001d 0a04001f 10000 100 86892 1498999 117902 37896
0a06000e 0a080010 10000 100 16754 1582999 34991 14745
0a030015 0a010018 10000 100 58709 1381000 237090 28601
0a0a0009 0a0b0008 10000 100 85525 1221000 397350 37458
0a020010 0a040013 10000 100 14279 1569000 50026 13922
0a090010 0a050009 10000 100 33439 1147000 476111 20253
0a080016 0a050020 10000 100 1858919 94999 1529279 623100
0a03001f 0a070001 10000 100 22033 1608000 19984 16480
0a06000a 0a080016 10000 100 36896 1343000 285095 21390
0a080012 0a0b0010 10000 100 52025 1497999 131021 26385
0a0a0008 0a000013 10000 100 2073497 266999 1363872 693961
0a060013 0a03001f 10000 100 42966 1463000 169592 23394
0a00000e 0a01000e 10000 100 6293 1476000 157033 11290
0a090014 0a010013 10000 100 46886 1404000 232003 24695
0a02000b 0a000001 10000 100 2116548 638000 998164 708183
0a0b001b 0a05000f 10000 100 54117 1531999 104242 27085
0a060007 0a07000e 10000 100 7160 810999 825272 11568
0a0b0007 0a030012 10000 100 68695 1557000 79627 31888
0a0b001b 0a020006 10000 100 10192 1608999 27847 12568
0a060014 0a0a0008 10000 100 1025638 733999 903264 347910
0a040012 0a070013 10000 100 23522 1415000 222285 16972
0a000014 0a070004 10000 100 54256 1574000 65377 27130
0a070020 0a040016 10000 100 42059 1579000 62693 23104
0a06001d 0a080011 10000 100 40486 1165999 476339 22570
0a01001f 0a03001d 10000 100 23193 1461999 180998 16867
0a01000e 0a010018 10000 100 192356 1221999 421644 68495
0a06000d 0a070009 10000 100 68842 1423999 220046 31936
0a020011 0a05000b 10000 100 143759 1489000 155425 56677
0a010011 0a0b0008 10000 100 42654 1531000 113754 23294
0a060005 0a03001a 10000 100 94150 1513999 132607 40295
0a060009 0a000015 10000 100 32708 1358999 288682 20004
0a03001d 0a070018 10000 100 85068 1381000 268774 37297
0a00001a 0a000010 10000 100 27929 638000 1013152 14189
0a0b000a 0a080008 10000 100 56492 1144999 506470 27861
0a09000e 0a0a001b 10000 100 37271 1613000 38580 21510
0a05000a 0a060018 10000 100 119756 1565999 86692 48750
0a070011 0a08000d 10000 100 93625 1443999 208943 40127
0a010001 0a03001e 10000 100 27499 1616000 37432 18291
0a04001f 0a000012 10000 100 1905670 560999 1094359 638536
0a0b001d 0a0b000a 10000 100 3352 1649000 7667 6078
0a030001 0a04000b 10000 100 6492 1644999 14230 11354
0a0b001c 0a0b0014 10000 100 33307 1353000 307871 15971
0a01001a 0a020019 10000 100 943251 928000 736915 320701
0a080007 0a0b0020 10000 100 596373 1049000 616016 206152
0a02001d 0a020016 10000 100 29906 1374000 291067 14837
0a040010 0a0b0012 10000 100 40125 1425000 242601 22454
0a080019 0a090017 10000 100 1555413 116000 1551869 522860
0a03000f 0a08000a 10000 100 873 1657000 11426 9494
0a000012 0a080008 10000 100 1986798 533999 1135218 665327
0a080005 0a0b0002 10000 100 2306222 449999 1219529 770814
0a010004 0a03000d 10000 100 64947 1513999 156424 30658
0a050002 0a04000f 10000 100 82687 1636000 38093 36520
0a070018 0a0a000d 10000 100 83689 1482000 192222 36840
0a0b0008 0a000001 10000 100 54660 1495999 182335 27259
0a020013 0a050011 10000 100 26204 1639000 41242 17861
0a050013 0a030009 10000 100 46825 1521999 158669 24675
0a070020 0a080020 10000 100 13161 801999 879668 13549
0a020013 0a09000f 10000 100 6277 1644000 39002 11285
0a0b001e 0a030016 10000 100 95993 1471000 212371 40900
0a0a0017 0a040007 10000 100 460178 836000 847374 161172
0a02001e 0a060003 10000 100 2079458 197999 1486648 695930
0a09000a 0a010020 10000 100 14452 1593999 91558 13978
0a0b0009 0a0b0002 10000 100 70711 1376000 311248 28324
0a0a000a 0a060011 10000 100 665790 759000 931453 229072
0a01001f 0a010006 10000 100 76380 1227000 463898 30184
0a020019 0a060005 10000 100 34009 1353000 338021 20436
0a010007 0a0b0002 10000 100 80773 1479999 211932 35876
0a060014 0a07000f 10000 100 1688795 357999 1335691 566909
0a04001a 0a000004 10000 100 6790 1520000 174013 11449
0a060013 0a0b0004 10000 100 98188 1585999 108251 41633
0a07001f 0a040009 10000 100 91856 934000 760381 39546
0a070012 0a01000f 10000 100 729438 925999 768472 250100
0a010020 0a07001c 10000 100 509743 1474999 220912 177540
0a05000f 0a00000d 10000 100 33172 1611999 84083 20168
0a07001c 0a04000d 10000 100 8616 1670000 28109 12049
0a000001 0a090002 10001 100 75290 1541999 156704 34076
0a060017 0a040002 10000 100 72139 1252000 448310 33037
0a05000e 0a08000f 10000 100 662924 823999 882201 228124
0a00000f 0a010020 10000 100 561829 1142999 563380 194745
0a0a000f 0a050004 10000 100 68450 1582999 123938 31810
0a030004 0a080006 10000 100 370010 689999 1018404 131397
0a0b0001 0a030008 10000 100 99101 1632999 75956 41941
0a020005 0a08001a 10000 100 12857 1595999 112985 13452
0a070003 0a020019 10000 100 11807 1379999 333909 13101
0a0b000d 0a02001c 10000 100 11852 1561000 155421 13115
0a08001f 0a040006 10000 100 1719730 586000 1130572 577131
0a0a001e 0a080011 10000 100 68076 1541000 177272 31690
0a0b0009 0a060016 10000 100 94657 1430000 288317 40473
0a050010 0a060011 10000 100 19036 1095999 624722 15491
0a050004 0a090018 10000 100 43767 1644000 80906 23666
0a0a001c 0a0a000e 10000 100 33731 1546999 177971 16107
0a020012 0a030010 10000 100 41269 1688999 36364 22836
0a080015 0a03001d 10000 100 60876 929000 798793 29310
0a000017 0a03000e 10000 100 260654 1392000 335873 95281
0a0a0008 0a05000e 10000 100 339325 759000 969300 121270
0a00001a 0a05001f 10000 100 713722 159999 1570847 244902
0a000003 0a000011 10000 100 76542 1430000 303656 30252
0a04000a 0a02000f 10000 100 1720852 498999 1235124 577505
0a020014 0a080012 10000 100 53354 1677000 62555 26826
0a070010 0a060005 10000 100 15017 1706999 34031 14174
0a020014 0a010007 10000 100 4154 1600999 141381 10575
0a00000f 0a090006 10000 100 260065 1299000 443626 95093
0a0a0011 0a00001e 10000 100 74455 1598999 145318 33793
0a070018 0a090001 10000 100 98737 1477999 267353 41809
0a0b0017 0a090017 10000 100 1676425 44999 1700417 562828
0a080012 0a00001f 10000 100 83277 1484999 261031 36708
0a050005 0a0a000a 10000 100 55672 1600999 145637 27598
0a01001c 0a00001c 10000 100 9893 1729999 16842 12473
0a040015 0a00001a 10000 100 139932 591000 1156344 55422
0a0b001a 0a000004 10000 100 70251 1503999 243384 32402
0a030001 0a080020 10000 100 16679 831000 916571 14721
0a090002 0a04000c 10000 100 92932 1551999 196355 39890
0a04001e 0a020019 10000 100 70375 1461999 287018 32441
0a050003 0a040007 10000 100 730927 671999 1077540 250592
0a0a0002 0a080001 10000 100 1725443 199000 1553160 579021
0a000012 0a03000e 10000 100 21081 1732999 19618 16176
0a07000c 0a040014 10000 100 61757 1487000 265646 29607
0a0b000b 0a070017 10000 100 975136 1309999 442684 331242
0a070019 0a02000f 10000 100 34364 1227000 525953 20549
0a0b0011 0a0b0007 10000 100 162311 1678999 74459 58573
0a0a0001 0a020003 10000 100 34133 1529999 226066 20475
0a060001 0a020013 10000 100 46118 1667000 89071 24433
0a020016 0a070018 10000 100 37272 1389000 370334 21511
0a0a000b 0a0b0018 10000 100 63947 1685000 74399 30323
0a070017 0a020009 10000 100 1711664 928000 832556 574473
0a080019 0a020004 10000 100 33931 1209999 550872 20411
0a040016 0a020002 10000 100 71322 1327999 433976 32760
0a01001b 0a06000c 10000 100 717348 910000 852559 246108
0a070005 0a0b0014 10000 100 73194 1696000 67484 33374
0a0a0001 0a08001b 10000 100 31304 1567000 197097 19539
0a03000b 0a0b001c 10000 100 7239 1476000 288555 11593
0a0b0014 0a05000b 10000 100 242745 1337000 427842 89366
0a0b0017 0a08001e 10000 100 35289 1628000 136929 20861
0a0b000e 0a060012 10000 100 426096 868999 897738 149928
0a03000e 0a00001d 10000 100 35256 1696000 71276 20850
0a010001 0a050005 10000 100 19652 1737000 31816 15703
0a02001f 0a06000d 10000 100 188817 846999 922814 71556
0a01001a 0a060010 10000 100 14852 1291999 478330 14106
0a010006 0a020012 10000 100 44806 1284999 485800 23998
0a09000f 0a020016 10000 100 70695 1317999 454395 32559
0a0b0015 0a0a0010 10000 100 38786 1283000 490504 22010
0a010016 0a020013 10000 100 21581 1730999 42905 16336
0a000007 0a040006 10000 100 48666 1585999 189369 25280
0a090013 0a040017 10000 100 14002 1698000 78654 13834
0a030001 0a0a001c 10000 100 595934 1376000 400728 206012
0a03000a 0a060006 10000 100 55777 819999 956805 27632
0a00000f 0a0b001f 10000 100 8938 1758999 18206 12152
0a0b001d 0a060004 10000 100 95405 1729000 51075 40712
0a06000c 0a020014 10000 100 47858 1750000 30909 25006
0a08000a 0a040010 10000 100 66244 1634000 146981 31089
0a000019 0a09001b 10000 100 437648 1417000 364010 153732
0a02001a 0a030016 10000 100 276520 1606999 174025 100528
0a080001 0a03001c 10000 100 9150 1761999 19255 12235
0a05000c 0a040008 10000 100 62771 1662000 120010 29931
0a020010 0a00000c 10000 100 12077 1227999 554053 13202
0a0a000e 0a04000d 10000 100 862641 717999 1064651 294092
0a0b001a 0a01000f 10000 100 1860868 626000 1156774 623739
0a080010 0a0a0019 10000 100 103055 1701000 83427 43237
0a07001e 0a000020 10000 100 2496685 340999 1443715 833713
0a010009 0a010016 10000 100 26859 1461000 324517 13831
0a0a0001 0a010012 10000 100 55532 1621000 166623 27553
0a06000e 0a0b001c 10000 100 1599588 90999 1697614 537457
0a01000a 0a0a000e 10001 100 98007 1569000 220480 41576
0a080012 0a020017 10000 100 57945 1634000 155534 28341
0a050006 0a0a0006 10000 100 402222 1526999 263188 142042
0a07001c 0a000017 10000 100 62049 1753999 36505 29700
0a020009 0a010018 10000 100 94008 1742999 47540 40250
0a060013 0a0a0018 10000 100 339052 1253999 537675 121183
0a080007 0a000005 10000 100 829301 1062000 729681 283070
0a04000b 0a0a0008 10000 100 65900 1732999 63342 30963
0a070003 0a090015 10000 100 17282 1740999 55763 14914
0a080014 0a030019 10000 100 2020839 109999 1686855 676573
0a02001c 0a06001d 10000 100 87897 1286000 512312 38233
0a090014 0a070020 10000 100 15867 1719999 78809 14446
0a06001b 0a070005 10000 100 384063 845000 954007 136047
0a050018 0a0a000d 10000 100 70228 1688000 112301 32394
0a040013 0a080019 10000 100 90728 1338999 463772 39169
0a03001c 0a090002 10000 100 1679743 384000 1419446 563920
0a01000e 0a050006 10000 100 25336 1559000 245375 17568
0a0a0001 0a010005 10000 100 713767 1165999 638393 244916
0a03000d 0a06001a 10000 100 40090 1748999 56170 22443
0a000016 0a0a0015 10000 100 43021 1165999 639882 23412
0a06001f 0a0a0010 10000 100 77571 1445000 361042 34821
0a080016 0a070018 10000 100 32730 1770000 36187 20011
0a040011 0a04001c 10000 100 36387 893000 914127 16987
0a040016 0a020009 10001 100 89946 1716000 97757 38904
0a0a001a 0a09000c 10000 100 100868 1564000 250721 42522
0a09001a 0a050019 10000 100 672415 1031999 783016 231269
0a000014 0a05000a 10000 100 1920276 955000 860018 643364
0a020004 0a070020 10000 100 98753 1417000 398367 41814
0a010007 0a0b0011 10000 100 352628 1366999 449650 125665
0a00001e 0a05000d 10000 100 83986 1729000 88315 36935
0a00000b 0a00000c 10000 100 2108793 105000 1713202 701369
0a00000c 0a03001c 10000 100 79279 1270999 548380 35383
0a030003 0a06000a 10000 100 219670 1291999 527475 81752
0a04001e 0a0a0016 10000 100 56774 1735999 83484 27951
0a01001d 0a00000d 10000 100 295492 1325999 494099 106783
0a08000d 0a000019 10000 100 33991 1750000 72340 20430
0a010012 0a06001a 10000 100 22704 1806000 17039 16711
0a030004 0a02000c 10000 100 48748 1396000 428679 25306
0a04001a 0a030004 10000 100 95770 1484000 341353 40829
0a090008 0a0b0012 10000 100 482483 1075999 752347 168540
0a050008 0a0a0011 10000 100 90258 1533999 295074 39019
0a03001a 0a020014 10000 100 23912 1765999 63104 17097
0a010020 0a0b001d 10000 100 87266 1770000 60331 38031
0a06000b 0a0a0017 10000 100 96017 1778999 52528 40923
0a0a0009 0a000003 10000 100 24366 1467999 365404 17258
0a0b0019 0a090005 10000 100 101970 1593999 239648 42874
0a00001b 0a070016 10000 100 41423 1742999 91501 22885
0a020015 0a01000a 10000 100 55038 1734999 99728 27380
0a030004 0a07000f 10000 100 29979 1123000 711749 19100
0a00001f 0a0a001f 10000 100 10800 1098999 739373 12778
0a080007 0a0b001b 10000 100 44410 1797999 41277 23872
0a090013 0a01000f 10000 100 69757 1373000 468590 32244
0a04001d 0a020010 10000 100 8066 1755000 86976 11873
0a080014 0a070019 10001 100 71450 1538000 305459 32801
0a090003 0a0a0011 10000 100 2384796 707999 1138450 796757
0a0b0009 0a010013 10000 100 94621 1413999 433625 40461
0a05001d 0a0a000f 10000 100 90272 1667999 181330 39024
0a060016 0a0a001a 10000 100 91407 1660999 188572 39387
0a08000b 0a03001b 10000 100 40979 1814000 36333 22743
0a00001d 0a0a0006 10000 100 416985 1528000 322557 146905
0a020005 0a0a0001 10000 100 1811724 852000 998981 607506
0a00000a 0a0b0011 10000 100 532699 750000 1102021 185131
0a0b0018 0a030013 10000 100 1747517 861000 992780 586315
0a010003 0a070007 10000 100 389943 1438000 416203 137975
0a060002 0a060019 10000 100 23813 1232000 622315 12825
0a020003 0a030020 10000 100 2139349 761999 1095998 715710
0a04001e 0a030013 10000 100 84632 1386000 473704 37157
0a0b000d 0a02001d 10000 100 58018 1662999 199023 28364
0a00001d 0a05000f 10000 100 60077 1804000 58607 29054
0a02000c 0a060020 10000 100 306183 1080000 784373 110327
0a05000c 0a070011 10000 100 68420 1794999 69509 31800
0a08001e 0a090001 10000 100 59650 1732000 133193 28902
0a03000b 0a08001a 10000 100 782125 1284999 580471 267497
0a050004 0a0a000e 10000 100 622644 1531999 336767 214835
0a05001e 0a050013 10000 100 7557 1703000 168193 7470
0a000012 0a0b0008 10000 100 102813 1778999 92971 43160
0a080015 0a080006 10000 100 100543 1317999 554432 38178
0a0a0002 0a080009 10000 100 149263 935999 936603 58500
0a070013 0a05001b 10000 100 41620 1546000 327942 22948
0a090001 0a03001a 10000 100 73850 1726000 147986 33600
0a070017 0a080015 10000 100 1939696 355999 1518159 649778
0a000015 0a000007 10000 100 2019 1696000 178459 5636
0a050017 0a090013 10000 100 1239 1835000 39773 9611
0a070001 0a09001f 10000 100 111341 1698999 175911 45981
0a010005 0a080006 10000 100 93184 1502999 373139 39986
0a09000b 0a070007 10000 100 197895 1333999 543651 74553
0a080012 0a010010 10000 100 66265 1610000 268959 31096
0a040009 0a040019 10000 100 2580705 634000 1244968 857220
0a07001c 0a080006 10000 100 3074 1860000 19437 10229
0a070002 0a0a0011 10001 100 6299 1835000 44762 11292
0a0a0020 0a000007 10000 100 15484 1861000 19418 14323
0a040001 0a070003 10000 100 1012580 230999 1649594 343608
0a000001 0a02001e 10000 100 1881916 761999 1118908 630689
0a030020 0a05000b 10000 100 2529 1704999 176203 10040
0a070015 0a090001 10000 100 52562 1776000 106958 26572
0a09000e 0a02000f 10000 100 59797 1443000 440287 28949
0a0a000f 0a000012 10000 100 26591 1801999 82968 17985
0a070017 0a010005 10000 100 24213 1513999 371741 17209
0a050003 0a030017 10000 100 74659 1778999 108801 33858
0a070009 0a01001e 10000 100 96808 1466999 422868 41176
0a0a000d 0a0b0013 10000 100 1667891 506000 1384475 560005
0a080010 0a02000d 10000 100 100253 1755999 134784 42310
0a040016 0a00000a 10000 100 21244 1825999 65242 16228
0a04001f 0a07000b 10000 100 890478 948999 945073 303276
0a07000c 0a090017 10000 100 14002 898000 997253 13834
0a0a0018 0a070016 10000 100 608771 1221000 674424 210242
0a070015 0a0a001a 10000 100 768550 1270999 625216 263015
0a040017 0a08001d 10000 100 220114 1268000 628301 81894
0a0a0013 0a090014 10000 100 2236391 230999 1666567 747746
0a050020 0a00000b 10000 100 19245 1869999 28046 15558
0a08000b 0a04001b 10000 100 375828 1513999 386769 133320
0a01000a 0a04001d 10000 100 1781415 934999 966464 597500
0a08000b 0a0b0020 10000 100 101139 1567999 335146 42608
0a020003 0a070017 10000 100 103005 1851999 51364 43221
0a0a0011 0a010013 10000 100 95241 1675000 228843 40660
0a080009 0a040008 10000 100 102978 1097000 807600 43212
0a0a0011 0a010006 10000 100 745968 1137999 767593 255559
0a02000a 0a020015 10000 100 1769092 159999 1745799 589194
0a05001a 0a0b0020 10000 100 45825 1497999 408122 24340
0a060018 0a030015 10000 100 431167 1451999 455022 151597
0a01000a 0a01001d 10000 100 36366 1889999 17115 16981
0a02001e 0a0a0002 10000 100 431534 1672000 235732 151714
0a00000e 0a00001c 10000 100 38881 1876999 31667 17801
0a0b0020 0a06000f 10000 100 1797712 783999 1125844 602884
0a050014 0a09001d 10000 100 105207 1590000 321292 43956
0a03000f 0a030020 10000 100 37163 1719999 191787 17236
0a070012 0a090020 10000 100 587774 1075000 837643 203308
0a0a000a 0a050011 10000 100 58303 1884000 29435 28456
0a020019 0a03001e 10000 100 486608 1198999 715322 169906
0a08001c 0a04000c 10000 100 1583975 1106999 808151 532292
0a01000c 0a080015 10000 100 1734828 225999 1691267 582116
0a080005 0a090019 10000 100 36251 1864999 53146 21184
0a01000c 0a01000b 10000 100 82056 1735999 182314 32062
0a01001c 0a04001f 10000 100 89877 1655000 264862 38882
0a0a001d 0a080009 10000 100 2451824 225999 1694720 818897
0a02000c 0a04001a 10000 100 43652 1797999 124800 23629
0a020004 0a05001d 10000 100 338363 1389000 534273 120947
0a060002 0a010013 10000 100 60279 1582999 340900 29119
0a060018 0a010008 10000 100 3129 1910000 14946 10247
0a02000b 0a000003 10000 100 90991 1621999 304223 39254
0a05001a 0a020012 10000 100 55419 1657999 268359 27502
0a0a000d 0a040011 10000 100 39205 1574000 352379 22160
0a04001f 0a080015 10000 100 129555 893000 1033513 51993
0a040017 0a02000a 10000 100 37375 1278999 649285 21544
0a07001c 0a020013 10000 100 313007 1770000 158698 112572
0a04000a 0a090014 10000 100 66330 1874000 55109 31116
0a010010 0a0b001f 10000 100 110862 1783999 146161 45812
0a020003 0a06000a 10000 100 12261 1562000 368665 13261
0a09001a 0a0a000f 10000 100 81994 1812000 119120 36282
0a050006 0a03000c 10000 100 91864 1683000 248883 39548
0a090011 0a010011 10000 100 2402720 948999 983006 802677
0a010006 0a0a0015 10000 100 42034 1409000 523382 23096
0a08000e 0a000016 10000 100 74776 1146000 786447 33896
0a040007 0a020010 10000 100 82103 1110000 822764 36317
0a030004 0a040005 10000 100 93301 1461999 471911 40024
0a08001c 0a080013 10000 100 90319 1564000 370838 34799
0a070002 0a0a0011 10000 100 97340 1778000 158410 41347
0a010006 0a030008 10000 100 41752 1405999 530590 22990
0a01001f 0a060015 10000 100 94843 1693999 242830 40532
0a030020 0a01000f 10000 100 21250 1623000 315353 16230
0a080006 0a040018 10000 100 2160864 552999 1385628 722810
0a040004 0a01001a 10000 100 40063 1876000 62905 22434
0a06000e 0a010009 10000 100 951068 565999 1372994 323295
0a06001c 0a060009 10000 100 222613 1002000 937095 78484
0a080016 0a020017 10000 100 51406 1894999 44213 26187
0a010009 0a00000d 10000 100 12362 1603999 336077 13294
0a000008 0a05000d 10000 100 95742 1850000 91851 40820
0a040001 0a020002 10000 100 484227 587999 1353930 169113
0a020003 0a03000c 10000 100 30794 1742000 200437 19376
0a0a0016 0a060005 10000 100 49289 1909000 33698 25479
0a040004 0a0a0011 10000 100 23529 1913999 32869 16975
0a050010 0a000016 10000 100 2501551 264000 1683070 835316
0a000017 0a000016 10000 100 3940 1368000 579515 6266
0a040002 0a000010 10000 100 97130 1505999 442674 41280
0a07000a 0a060020 10000 100 91989 1389000 560811 39588
0a010009 0a050011 10000 100 37808 1634000 316298 21697
0a000019 0a09001d 10000 100 13161 1778999 171503 13549
0a060003 0a090005 10000 100 35054 1512000 439689 20785
0a020007 0a010011 10000 100 28626 1832999 119390 18667
0a0a001f 0a01000a 10000 100 787735 891999 1062512 269354
0a010011 0a070012 10000 100 1655079 1103999 851364 555782
0a0b0001 0a020005 10000 100 48065 1789999 165549 25087
0a01000b 0a02001d 10000 100 9200 1926999 29853 12251
0a0a001c 0a03001a 10000 100 57106 1807999 149295 28072
0a090011 0a0b0001 10000 100 13865 1907999 49441 13790
0a030004 0a0a0007 10000 100 89954 1376999 580497 38906
0a09000a 0a010016 10000 100 80691 1618999 338838 35850
0a03001d 0a020018 10000 100 33879 1420000 538313 20394
0a030020 0a0b0020 10000 100 2385174 805999 1152475 796893
0a07001b 0a040015 10000 100 73161 1889999 68573 33364
0a04000f 0a0a000f 10000 100 9873 1940000 21301 12466
0a090007 0a050003 10000 100 73738 1487999 473519 33564
0a08001c 0a07001f 10000 100 2362809 349999 1616524 789506
0a070008 0a0b001b 10000 100 208479 1464999 502550 78048
0a070001 0a050006 10000 100 66022 1895999 74395 31018
0a090005 0a090009 10000 100 52488 1729000 241514 22293
0a050011 0a0b0015 10000 100 2057614 703999 1268556 688710
0a010003 0a0a0018 10000 100 1721477 754000 1218998 577705
0a020003 0a0a0010 10000 100 46151 1935000 41315 24444
0a0a0017 0a080015 10000 100 76634 1696999 280968 34521
0a0b0015 0a060010 10000 100 1787695 275999 1703116 599571
0a08001e 0a0b000d 10000 100 95350 1748999 230698 40695
0a090014 0a01000d 10000 100 60655 1876000 103988 29239
0a02001a 0a03000b 10000 100 50719 1946000 37874 25952
0a0a0002 0a06000b 10000 100 36200 1933999 50187 21168
0a04001b 0a040009 10000 100 170847 1722999 261528 61382
0a030019 0a01000d 10000 100 22933 1216999 768953 16784
0a010013 0a02000c 10000 100 71733 1760999 225280 32891
0a000019 0a090009 10000 100 17643 1969999 16773 15030
0a080002 0a040013 10000 100 80548 1926999 60782 35804
0a01001c 0a080007 10000 100 94082 1825000 162809 40273
0a000016 0a01001e 10000 100 50668 1386999 602287 25936
0a07001a 0a050007 10000 100 1839752 319000 1670364 616767
0a040004 0a050012 10000 100 1857645 366999 1623915 622677
0a06001f 0a05001b 10000 100 13739 1577999 412976 13750
0a000002 0a090011 10000 100 1732409 817000 1175253 581311
0a02001c 0a09000c 10000 100 2118118 545000 1447338 708701
0a0b001b 0a060011 10000 100 39388 1281999 712631 22218
0a080004 0a050001 10000 100 64004 1252000 742708 30341
0a04000b 0a020005 10000 100 2006845 790000 1205453 671942
0a05000c 0a09000b 10000 100 77644 1955000 40809 34844
0a02001a 0a07001d 10000 100 1060 1420000 576280 9554
0a07001a 0a030010 10000 100 88964 1912000 84675 38590
0a080015 0a05000f 10000 100 91569 1655000 342377 39454
0a000016 0a010013 10000 100 3245 1405999 591472 10284
0a06001a 0a07000c 10000 100 79644 1783999 214638 35515
0a070012 0a070014 10000 100 44278 1526000 473324 19589
0a00001c 0a0a001f 10000 100 644523 1010000 991462 222052
0a090013 0a020012 10000 100 15830 1953000 49047 14434
0a01000f 0a0a0006 10000 100 59941 1871999 131777 28995
0a03000a 0a01000f 10000 100 59028 1871999 132396 28703
0a0a0001 0a0a0019 10000 100 18842 1918999 90500 11189
0a0a0013 0a07001d 10000 100 97905 1252999 757440 41543
0a07000a 0a0b0008 10000 100 680830 1157999 855198 234039
0a030017 0a0a0011 10000 100 24219 1941000 72496 17211
0a030007 0a0b0006 10000 100 62217 1665999 347795 29754
0a05001d 0a080011 10000 100 6481 1817000 197208 11350
0a090009 0a070004 10000 100 167392 1639000 375299 64485
0a080016 0a090005 10000 100 2049490 132999 1881669 686033
0a0b001f 0a010007 10000 100 6950 1771999 242940 11500
0a04000c 0a01000d 10000 100 93615 1940000 75453 40124
0a090016 0a060005 10000 100 22401 1033999 983614 16598
0a05001e 0a030006 10001 100 677909 1082999 935644 233073
0a07000c 0a0b0005 10000 100 66271 1662999 355675 31097
0a000011 0a010014 10000 100 3203 1884999 133716 10271
0a07001d 0a010020 10000 100 21451 1417999 601802 16294
0a06000f 0a060006 10000 100 1718060 120999 1898982 572341
0a030010 0a0a0003 10000 100 30456 1902999 117987 19268
0a060016 0a030011 10000 100 55556 1691000 331352 27561
0a0a0008 0a010007 10000 100 1878030 738999 1285089 629415
0a040017 0a070020 10000 100 76118 1910999 113607 34341
0a06000f 0a08000b 10000 100 29878 1922000 102664 19068
0a08000a 0a0b001b 10000 100 52577 1984000 40919 26577
0a030007 0a090003 10000 100 75173 1667000 359435 34038
0a08000a 0a04001a 10000 100 188041 1926999 101865 71308
0a04001a 0a04001e 10000 100 92654 1991999 39366 35561
0a020013 0a080015 10000 100 66209 1783999 247818 31078
0a03000d 0a00001c 10000 100 20974 1981000 51673 16126
0a04001a 0a0a001f 10000 100 2335179 420000 1614028 780372
0a090006 0a030017 10000 100 35423 1990000 45160 20904
0a060008 0a010009 10000 100 920751 763000 1272411 313271
0a0a001b 0a0a0011 10000 100 86640 1994999 40937 33575
0a01001f 0a070001 10000 100 53033 1809000 229396 26723
0a0a001a 0a08000a 10000 100 7576 2026000 13506 11716
0a07001d 0a0a0016 10000 100 23624 1396000 644209 17005
0a0a000a 0a09001b 10000 100 25982 1845999 195383 17790
0a040016 0a01000d 10000 100 61368 1991000 51184 29467
0a04001c 0a020011 10000 100 228693 1051999 991117 84731
0a000009 0a08000f 10000 100 832872 676999 1366983 284259
0a02001d 0a030007 10000 100 257038 1699999 346411 94094
0a000018 0a0a0019 10000 100 103703 1634000 412495 43460
0a0a0010 0a05001c 10000 100 852416 784999 1261996 290712
0a09001a 0a070003 10000 100 25767 2011999 35644 17721
0a030009 0a000010 10000 100 81549 1905999 142669 36140
0a010006 0a08000f 10000 100 22500 1579000 470039 16630
0a0a0003 0a010009 10000 100 68375 1758999 290141 31786
0a030007 0a000007 10000 100 59567 1745000 305267 28875
0a030010 0a090009 10000 100 80323 1796999 254694 35732
0a04000e 0a06001d 10000 100 796984 687000 1365076 272406
0a0a0004 0a0b001e 10000 100 100028 1708000 344698 42238
0a020009 0a040009 10000 100 21687 2028999 24088 16370
0a04001f 0a0a0020 10000 100 21854 1866999 187657 16423
0a06001f 0a030008 10000 100 2206937 346000 1710712 738029
0a03000c 0a070018 10000 100 91427 1688000 368815 39393
0a030002 0a090015 10000 100 98099 1842000 215755 41605
0a09001d 0a070009 10000 100 91968 1502999 557713 39582
0a09001c 0a000019 10000 100 64095 1734000 328117 30370
0a050006 0a010013 10000 100 48251 1840999 221581 25147
0a020017 0a07001b 10000 100 408361 1510000 552731 144068
0a03000d 0a040009 10000 100 17182 2014999 47867 14882
0a04001b 0a07001a 10000 100 101206 1933000 134312 42630
0a00001d 0a00001a 10000 100 1913139 174999 1893003 636763
0a0a000c 0a0a0011 10000 100 34358 1868000 200676 16307
0a030015 0a040006 10000 100 72345 1513999 555134 33103
0a020018 0a080001 10000 100 103069 1655000 414323 43241
0a090002 0a05001b 10000 100 18275 1832000 237886 15247
0a030003 0a01001c 10000 100 21525 1992999 76926 16318
0a040010 0a070012 10000 100 3333 1757000 313253 10312
0a06000a 0a01000d 10000 100 670342 1103000 967401 230575
0a010009 0a0a0017 10000 100 43450 1884999 186341 23549
0a050013 0a00001a 10000 100 2148863 4999 2066458 718847
0a090015 0a05000e 10000 100 81216 1302999 769482 36033
0a01001f 0a09000a 10000 100 54305 1631000 441855 27145
0a040004 0a080015 10000 100 68655 1799999 273482 31876
0a02001c 0a070008 10000 100 52396 1557999 516047 26504
0a060018 0a010014 10000 100 43328 1917000 157341 23510
0a040020 0a080002 10000 100 762538 243999 1830718 261030
0a09000f 0a040014 10000 100 79896 1941999 132822 35596
0a040003 0a0b0020 10000 100 87289 1832999 242550 38038
0a06000e 0a0a000b 10000 100 942707 1026000 1050684 320527
0a030008 0a040012 10000 100 635346 1717999 359047 219023
0a070001 0a010003 10000 100 1688950 783999 1293737 566959
0a0b0002 0a060010 10000 100 86382 1549999 528017 37733
0a090008 0a07001b 10000 100 88064 1907999 170263 38286
0a0b001d 0a0a001a 10000 100 66553 2039000 39521 31188
0a0b0015 0a00001f 10000 100 63838 1489000 589974 30288
0a070005 0a0b000e 10000 100 1816107 681999 1398832 608955
0a05001f 0a0b0015 10000 100 21822 1469999 611782 16413
0a000010 0a06001b 10000 100 1756651 520999 1563778 589330
0a050011 0a090016 10000 100 18432 1116000 969084 15297
0a03001c 0a090008 10000 100 1627046 471999 1613449 546520
0a0a001a 0a090018 10000 100 18529 2063999 21514 15328
0a040005 0a09000b 10000 100 139278 1984999 101493 55197
0a0b001d 0a060017 10000 100 592013 1167999 919011 204711
0a070001 0a09000f 10000 100 468265 1533999 553196 163852
0a050020 0a090009 10000 100 11728 2067999 21528 13075
0a070005 0a04000b 10000 100 29470 2059000 32401 18937
0a03001a 0a01001a 10000 100 1899149 764999 1326514 636388
0a06000b 0a080018 10000 100 30524 1900999 190542 19290
0a080020 0a06000e 10000 100 2241092 29999 2062516 749312
0a020007 0a05000e 10000 100 1710075 13999 2080459 573949
0a070012 0a010005 10000 100 17334 1807000 289286 14931
0a010015 0a000011 10000 100 273975 1876999 219839 99682
0a0b0011 0a04001c 10000 100 59348 1476000 624778 28805
0a030006 0a080003 10000 100 2531615 855999 1245984 845244
0a05001e 0a060014 10000 100 52543 1737999 363991 26566
0a0b000e 0a09001d 10000 100 1923109 447999 1654547 644301
0a0b000b 0a04000c 10000 100 2453 2092000 10685 10015
0a070020 0a090005 10000 100 776522 1394000 710573 265643
0a060017 0a03000e 10000 100 52828 1590999 514292 26657
0a060001 0a020005 10000 100 74560 1975000 130854 33827
0a0b001d 0a070002 10000 100 33197 2083000 23013 20176
0a0b001f 0a030015 10000 100 59689 1721000 385323 28914
0a0b0020 0a030016 10000 100 13367 1861999 245066 13615
0a01000c 0a05001d 10000 100 82750 1941999 165181 36540
0a0b0013 0a010009 10000 100 1928173 418999 1688199 645968
0a09001d 0a09001c 10000 100 571408 1515000 592296 193662
0a000014 0a000013 10000 100 286665 1513000 594447 99641
0a03001d 0a0a0012 10000 100 99679 1659000 449612 42126
0a060007 0a070001 10000 100 73176 1415000 693938 33368
0a020004 0a090002 10000 100 43063 1601999 508440 23425
0a050003 0a00001a 10000 100 79202 910000 1201179 35358
0a060012 0a080010 10000 100 80452 1737000 374497 35774
0a090015 0a00000b 10000 100 13512 2075000 36571 13677
0a01000f 0a0b0019 10000 100 12980 2098000 14713 13491
0a0b0018 0a040003 10000 100 99381 2056000 56914 42031
0a060003 0a08001c 10000 100 79337 1923999 189401 35401
0a050014 0a090011 10000 100 68204 2023000 90544 31731
0a02001c 0a00000c 10000 100 95311 1379999 735320 40682
0a01000a 0a060005 10000 100 30452 2085000 30694 19267
0a03001a 0a010004 10000 100 9 2099000 17035 9218
0a030013 0a000010 10000 100 53226 1515999 600635 26785
0a0a0001 0a000009 10000 100 19083 2024999 91966 15506
0a0a001c 0a000019 10000 100 1815891 867999 1249889 608886
0a0b001e 0a000002 10000 100 32610 1920000 198563 19973
0a000016 0a090002 10000 100 33585 1711000 408278 20300
0a050004 0a000017 10000 100 13310 2069999 49558 13597
0a04001a 0a07001b 10000 100 44338 2044999 74789 23848
0a04000d 0a040005 10000 100 61038 1990000 130403 25121
0a060018 0a07001d 10000 100 50108 1458000 663009 25756
0a090012 0a03000f 10000 100 103502 1614999 507177 43395
0a090012 0a0b0010 10000 100 2196806 63999 2059700 734680
0a0a0010 0a0b001b 10000 100 6413 2105999 17964 11328
0a00001a 0a04001e 10000 100 52494 915000 1209327 26535
0a07000a 0a050007 10000 100 1672941 433000 1691478 561682
0a04001e 0a010006 10000 100 1570692 555000 1569754 527918
0a040014 0a070014 10000 100 96966 1515000 609900 41227
0a08000f 0a070009 10000 100 80758 1603000 528484 35872
0a090006 0a0a000b 10000 100 865440 1353999 778164 295003
0a09001d 0a07000c 10000 100 895635 1270999 861370 304988
0a060003 0a090013 10000 100 30552 2005999 128740 19299
0a060012 0a06001e 10000 100 1908550 898999 1236369 635249
0a080004 0a0a0019 10000 100 185193 1928000 207751 70366
0a090018 0a00000b 10000 100 1313 2125999 10632 9635
0a020003 0a0a000f 10000 100 104409 2046000 91558 43686
0a010006 0a030004 10000 100 2407950 482999 1654886 804412
0a07001d 0a020013 10000 100 67907 1448999 689401 31636
0a03001b 0a05001b 10000 100 97870 1799999 338470 41532
0a050007 0a060003 10000 100 332276 971999 1166737 118938
0a03000b 0a060003 10000 100 18206 2027000 112070 15225
0a070015 0a01001c 10000 100 1817583 1134000 1005392 609442
0a030017 0a080002 10000 100 34718 1987000 154060 20678
0a00001f 0a090012 10000 100 2343181 627999 1513131 783025
0a070010 0a0b0004 10000 100 1789724 426000 1715241 600251
0a01000b 0a080020 10000 100 20835 1066000 1081197 16082
0a060016 0a090005 10000 100 77964 1958000 190095 34947
0a080016 0a0a000c 10000 100 31426 1928999 219933 19578
0a040010 0a03001d 10000 100 796657 1320999 828185 272301
0a0b0013 0a030013 10000 100 972815 711999 1437885 330469
0a070002 0a030016 10000 100 805699 1242000 910817 275287
0a020007 0a0b0002 10000 100 18334 2113999 39683 15266
0a010016 0a050019 10000 100 92734 1626000 528973 39827
0a08001b 0a01001f 10000 100 960182 961999 1193777 326304
0a04001b 0a0b001e 10000 100 2249776 920000 1236703 752168
0a05001c 0a07000c 10000 100 1880417 411000 1746839 630194
0a090017 0a080008 10000 100 3839 938999 1218944 10474
0a020006 0a04001f 10000 100 90260 1899999 258823 39020
0a010012 0a0b000d 10000 100 94736 1997000 162176 40498
0a070003 0a0a000c 10000 100 14290 1943999 215249 13926
0a040016 0a080014 10000 100 14320 1832000 328632 13936
0a090013 0a080009 10000 100 6365 1350000 811133 11313
0a090010 0a04001f 10000 100 815745 1077999 1084416 278594
0a07001b 0a00000a 10000 100 78460 2073000 90150 35121
0a0a000d 0a070005 10000 100 808247 1505000 658736 276118
0a050008 0a06000b 10000 100 24583 2113999 50007 17327
0a010003 0a05000f 10000 100 88944 2013000 151511 38583
0a000007 0a050007 10000 100 20827 1936999 229689 16079
0a010017 0a040015 10000 100 84605 1796000 376234 37149
0a09001e 0a07001e 10000 100 696604 1704999 467603 239255
0a07000f 0a0b0019 10000 100 369081 1407000 767188 131099
0a060011 0a0a000d 10000 100 8514 1505999 668931 12016
0a060010 0a0a0002 10000 100 14514 1662999 513573 13998
0a05000f 0a080015 10000 100 49148 2077999 99077 25434
0a07001a 0a040019 10000 100 785026 1384999 792767 268456
0a020005 0a030011 10000 100 990181 1461999 715928 336210
0a09001f 0a03000b 10000 100 5223 2164999 13136 10932
0a0b0008 0a020016 10000 100 1716045 1075000 1104484 575921
0a010017 0a070006 10000 100 12917 1660000 520382 13471
0a000005 0a070010 10000 100 97267 1907000 273621 41323
0a08000a 0a020012 10000 100 57307 2135000 46094 28137
0a06000f 0a04001c 10000 100 94568 1469999 712272 40444
0a040017 0a050003 10000 100 101987 2105000 77873 42880
0a07000c 0a02000c 10000 100 70306 1861000 323045 32419
0a030005 0a040005 10000 100 103669 1992999 196930 43449
0a00000b 0a0a000d 10000 100 17614 1936999 253492 15020
0a0b001d 0a060020 10000 100 2531881 599000 1592919 845329
0a07000b 0a020003 10000 100 100042 1719999 473391 42242
0a04000d 0a0a000f 10000 100 33775 2115000 79058 20361
0a05001f 0a08000f 10000 100 94670 1918999 275373 40477
0a030011 0a010014 10000 100 26880 1768000 426563 18078
0a030005 0a050018 10000 100 41809 2109999 85546 23008
0a070020 0a06001b 10000 100 343934 1020999 1175165 122791
0a000008 0a00001e 10000 100 74319 2041999 155437 29510
0a090011 0a01001c 10000 100 209275 2095000 103256 78318
0a010009 0a060002 10000 100 88308 1740999 457467 38364
0a08000a 0a080010 10000 100 55070 2177000 23645 23150
0a060003 0a0b000e 10000 100 2552003 304000 1897137 851983
0a010009 0a0a001d 10000 100 2368119 411999 1789237 791251
0a010011 0a050019 10000 100 432270 1507000 694742 151965
0a0a0010 0a0b001d 10000 100 1620370 467999 1734681 544322
0a070005 0a07001f 10000 100 2370063 261000 1942330 787664
0a05001c 0a08000f 10000 100 849489 1420000 784785 289745
0a020014 0a02001d 10000 100 4528 2190999 14210 6470
0a0a000e 0a0b0005 10000 100 14876 2177000 28612 14113
0a08000a 0a0a0018 10000 100 22624 1974000 231651 16685
0a09000c 0a060020 10000 100 17147 1740999 467400 14871
0a0b001b 0a02000f 10000 100 473229 1433999 775832 165487
0a080005 0a05000c 10000 100 24314 2089999 119896 17241
0a0a0003 0a0a001d 10000 100 711943 1268999 943014 240077
0a06001f 0a03000c 10000 100 64104 1529999 682064 30373
0a040017 0a040008 10000 100 1920133 1374999 837561 639078
0a010016 0a07000c 10000 100 49023 2073999 140961 25394
0a09001e 0a06000c 10000 100 43305 2181000 34623 23503
0a030020 0a020005 10000 100 65333 2148000 68487 30782
0a00000e 0a010005 10000 100 33945 1995999 221065 20415
0a010002 0a020012 10000 100 94020 1812999 406065 40254
0a090020 0a070019 10000 100 77648 1474000 746077 34846
0a0b001b 0a060015 10000 100 819866 1190000 1031432 279959
0a0a0007 0a060008 10000 100 24381 1463000 761631 17263
0a080003 0a070019 10000 100 94819 1899999 324892 40525
0a04001f 0a000017 10000 100 47031 2046000 179311 24741
0a01000d 0a080013 10000 100 2132940 1033000 1194617 713582
0a070016 0a030005 10000 100 47821 2138999 89383 24994
0a050004 0a080008 10000 100 33973 1933000 296595 20424
0a02001b 0a060015 10000 100 102569 2173000 56925 43081
0a08000a 0a030001 10000 100 672 2222000 8898 9430
0a09000a 0a020008 10000 100 78502 1637000 594048 35134
0a070001 0a000011 10000 100 93010 2160000 71145 39930
0a060015 0a090003 10000 100 90248 2128999 102634 39016
0a00001d 0a000005 10000 100 1700337 1141000 1093794 566486
0a01001d 0a09001e 10000 100 2314385 507999 1727927 773503
0a090014 0a080012 10000 100 40185 2008999 227025 22473
0a0b000a 0a010002 10000 100 2183219 648999 1587716 730194
0a040001 0a040014 10000 100 482947 1229999 1008424 164448
0a08000e 0a000015 10000 100 484211 1090000 1149051 169108
0a05000e 0a02001f 10000 100 1821815 89999 2150053 610843
0a0b0005 0a0b000d 10000 100 2476725 1041000 1199277 822886
0a0b0007 0a020006 10000 100 86618 2113999 127325 37808
0a0b0019 0a0a001e 10000 100 19240 2135999 107340 15556
0a090009 0a010006 10000 100 24887 1838000 405495 17424
0a030016 0a020008 10000 100 2310 1981000 262638 9969
0a040001 0a06000b 10000 100 1619606 49999 2195221 544062
0a080013 0a02000a 10000 100 250745 1136999 1109207 92018
0a010008 0a090016 10000 100 2346311 284000 1962446 784057
0a050007 0a020017 10000 100 5684 2230999 16904 11080
0a00000a 0a0b0012 10000 100 47395 1704999 542981 24857
0a01000c 0a040010 10000 100 44924 1891000 358083 24036
0a02001a 0a0a0009 10000 100 72671 1765000 485266 33207
0a02001f 0a070013 10000 100 277183 1129000 1122993 100740
0a060019 0a00000a 10000 100 10738 1500999 751640 12759
0a0b0013 0a0b000f 10000 100 67725 2044999 207860 27338
0a0b000a 0a05001b 10000 100 18378 1910000 343355 15280
0a08001b 0a0b0005 10000 100 59568 2161999 91617 28876
0a080015 0a010017 10000 100 1828222 422000 1831620 612954
0a000008 0a090007 10000 100 22494 1796999 459025 16628
0a02001d 0a0a0012 10000 100 40691 2145000 112250 22651
0a050013 0a080017 10000 100 61940 1858000 402652 29665
0a060004 0a030005 10000 100 1848942 1237999 1022750 619800
0a060004 0a090012 10000 100 18699 2007000 254667 15383
0a090001 0a01001d 10000 100 66767 2089000 172942 31256
0a0b0019 0a06001f 10000 100 2294775 714000 1548338 767028
0a02001a 0a0a0006 10000 100 33592 2233000 29413 20302
0a05001a 0a080019 10000 100 17417 1476000 787284 14957
0a000011 0a010007 10000 100 38107 1864999 398683 21793
0a09001a 0a010002 10000 100 17126 1968999 295152 14864
0a010004 0a02001a 10000 100 345024 1525000 739585 123155
0a070009 0a0b001a 10000 100 1687597 378999 1885706 566526
0a010009 0a02000e 10000 100 45232 2180000 84873 24150
0a0a001c 0a060017 10000 100 2266753 409999 1857583 757785
0a06001b 0a0b001d 10000 100 98685 1066000 1203243 41792
0a080008 0a03000f 10000 100 541745 1209999 1059477 188118
0a02000d 0a0b0018 10000 100 32229 2239000 30785 19851
0a080008 0a03000b 10000 100 808902 881999 1390199 276343
0a04001b 0a080008 10000 100 49449 2210000 62442 25530
0a08001f 0a030002 10000 100 91169 2213999 59346 39311
0a02001d 0a09001f 10000 100 58771 2209000 64489 28621
0a040005 0a030019 10000 100 2489722 574999 1699878 831408
0a0b0012 0a07000a 10000 100 50447 1773999 501695 25865
0a07001f 0a0b001e 10000 100 41405 1487000 793179 22879
0a040016 0a00000e 10000 100 79580 2191999 89030 35495
0a0a0014 0a060002 10000 100 76589 1413999 869887 34507
0a020010 0a050012 10000 100 78077 1080999 1205176 34998
0a09001e 0a050005 10000 100 667297 1650999 635303 229570
0a00001f 0a020012 10000 100 620069 1453000 834381 213981
0a080013 0a020018 10000 100 16021 1739000 548731 14495
0a060009 0a07001c 10000 100 26777 1806000 482025 18045
0a080016 0a030010 10000 100 907258 1830000 460831 308815
0a080007 0a09000f 10000 100 19897 2198999 94324 15782
0a04000a 0a0b001a 10000 100 26816 2083999 209737 18057
0a00000a 0a000002 10000 100 31490 2157000 138458 15359
0a030013 0a0a001a 10000 100 85776 1696000 599553 37539
0a08001d 0a08000d 10000 100 1630151 335000 1960708 543304
0a020005 0a00001e 10000 100 64599 2129999 166087 30547
0a0b0011 0a060002 10000 100 389443 1717999 578496 137815
0a00001e 0a0a0007 10000 100 63738 1887000 410395 30256
0a080009 0a020001 10000 100 401964 1288999 1010161 141944
0a0b000d 0a090001 10000 100 78191 2148999 150594 35035
0a00000c 0a060004 10000 100 43913 1907000 392695 23712
0a0a0010 0a06001c 10000 100 65635 1709999 593555 30879
0a00000e 0a070003 10000 100 33076 2278000 25937 20137
0a030011 0a07001d 10000 100 800332 473999 1830063 273508
0a0a0003 0a020004 10000 100 342710 1275000 1029069 122384
0a000018 0a09001b 10000 100 61357 1611000 693271 29464
0a01000f 0a01001d 10000 100 66918 2249999 56330 27064
0a090017 0a040004 10000 100 92134 1240999 1066428 39635
0a060003 0a010015 10000 100 7563 2294000 14538 11712
0a010002 0a010012 10000 100 71072 1946000 364805 28440
0a050011 0a02000b 10000 100 1011675 1655000 656679 343304
0a07001c 0a03000e 10000 100 22437 2260999 50842 16610
0a020008 0a07000c 10000 100 5663 1941000 370915 11073
0a000016 0a0a001c 10000 100 186913 1848000 464058 70932
0a060009 0a0a001a 10000 100 59295 1716000 597458 28788
0a020012 0a050005 10000 100 80130 2161999 151674 35671
0a090014 0a050019 10000 100 1728944 132000 2181746 580172
0a0b000e 0a020011 10000 100 95033 2256999 58235 40593
0a0a0015 0a00000c 10000 100 2300470 210000 2106741 768912
0a0b0015 0a050012 10000 100 35099 1025000 1293443 20800
0a02000b 0a03000d 10000 100 434072 1740000 579864 152557
0a040009 0a07000c 10000 100 79304 2171000 149030 35391
0a090002 0a070020 10000 100 444634 1891000 429959 156044
0a05000c 0a0a0013 10000 100 33026 2289999 31389 20121
0a030010 0a0b0015 10000 100 2465892 61999 2261220 823537
0a030005 0a070003 10000 100 1834645 841999 1482834 615087
0a090003 0a070001 10000 100 83265 2246999 78136 36704
0a040009 0a09000b 10000 100 18793 2304000 22135 15413
0a000005 0a01001d 10001 100 102986 2135999 190431 43215
0a020008 0a0a000c 10000 100 111769 1753999 573869 46118
0a09001c 0a080002 10000 100 56551 2010000 318943 27880
0a04001f 0a00001d 10000 100 93024 2049000 280825 39935
0a010007 0a0b001e 10000 100 35384 1716000 614005 20891
0a020005 0a08000e 10000 100 565073 1748999 581120 195814
0a020002 0a04000e 10000 100 496152 742999 1588769 173052
0a0a0011 0a000018 10000 100 574187 1732999 601007 198822
0a000009 0a0a0015 10000 100 70461 2160000 174768 32469
0a09000d 0a0a001a 10000 100 693585 1358000 976902 238258
0a020010 0a06001c 10000 100 31129 1773000 562660 19483
0a0a0007 0a010016 10000 100 8147 2054999 281121 11899
0a07001a 0a010018 10000 100 353554 2160000 179050 125962
0a09001f 0a0a001f 10000 100 701523 1482000 857492 240875
0a03000a 0a05001a 10000 100 1647712 1271999 1068813 553348
0a070006 0a040003 10000 100 62414 1773000 567937 29817
0a050007 0a06001b 10000 100 15173 1224999 1116099 14224
0a0a000a 0a0a0013 10000 100 65369 2272000 69749 26553
0a0a001f 0a0b0006 10000 100 113819 1716999 625637 46789
0a070010 0a02001a 10000 100 552310 1508000 835425 191607
0a06000a 0a040011 10000 100 156628 1487999 855786 60933
0a09001c 0a01001e 10000 100 14135 2145999 200097 13876
0a06000b 0a060008 10000 100 1858753 1079000 1267456 618807
0a030004 0a000013 10000 100 389887 1000000 1347695 137957
0a04001d 0a060020 10000 100 90622 1853000 495181 39136
0a0b0011 0a07001d 10000 100 21896 1657999 690222 16437
0a020012 0a04001e 10000 100 322338 2211999 137552 115650
0a00000e 0a02001d 10000 100 1885080 1572000 777987 631733
0a090012 0a020019 10000 100 63085 1788000 562445 30047
0a000019 0a020017 10000 100 90057 2237999 113725 38955
0a01001a 0a010017 10000 100 93952 2053999 297904 35992
0a020019 0a00001d 10000 100 2058573 685999 1666663 689032
0a09001f 0a080007 10000 100 27647 2262999 90520 18338
0a060009 0a080016 10000 100 102406 1781000 573826 43029
0a010015 0a04000a 10000 100 83821 2286999 68630 36882
0a030011 0a06000c 10000 100 35458 2092999 263853 20915
0a030012 0a010006 10000 100 51040 1837000 519966 26070
0a05000e 0a070007 10000 100 46201 1569000 789690 24460
0a040005 0a0b001c 10000 100 71037 1900999 459262 32669
0a080010 0a070010 10000 100 629665 1874999 488301 217144
0a000019 0a040008 10000 100 45681 2337000 26850 24294
0a0a0001 0a000020 10000 100 606631 1407000 956988 209542
0a05001f 0a070020 10000 100 16445 2224999 139862 14631
0a000005 0a07001d 10000 100 621024 1041000 1324840 214302
0a0a000d 0a060010 10000 100 2529553 163999 2202047 844569
0a040006 0a0b001e 10000 100 58580 2333000 33721 28560
0a0b0010 0a010005 10000 100 92350 2222000 144916 39704
0a080016 0a0b000d 10000 100 67855 2314000 54271 31620
0a09000c 0a040006 10000 100 76757 2125000 243976 34560
0a0a0002 0a0b000f 10000 100 99444 2154000 217259 42051
0a0a0015 0a000007 10000 100 1983221 409999 1962635 664152
0a08000b 0a01000e 10000 100 2511723 987999 1385506 838679
0a090007 0a020014 10000 100 2497551 242999 2130818 834006
0a0b000d 0a050012 10000 100 1671913 574999 1798938 561338
0a02001d 0a07001b 10000 100 10159 2354000 19938 12558
0a0a000a 0a04000e 10000 100 88271 2279999 93940 38352
0a000020 0a000014 10000 100 6734 1982999 391928 7191
0a030004 0a000019 10000 100 38435 2089999 285966 21898
0a0a001a 0a0a0009 10000 100 2562622 812000 1564491 851249
0a000010 0a01001f 10000 100 95701 1969999 407223 40807
0a0a0008 0a050004 10000 100 632976 2073999 303236 218234
0a050004 0a02000f 10000 100 11569 2279000 98888 13024
0a060002 0a050016 10000 100 33788 1820000 558011 20365
0a090018 0a08001d 10000 100 470359 1325999 1054868 164537
0a010003 0a0a001f 10000 100 75107 1775000 607315 34017
0a040002 0a000016 10000 100 1901885 480000 1904701 637279
0a000016 0a01000c 10000 100 62013 2210999 173780 29689
0a06000b 0a090002 10000 100 10711 2321999 63139 12750
0a020008 0a040017 10000 100 22447 2073000 312732 16613
0a0b001d 0a0b000a 10001 100 66996 2331000 54885 27089
0a000020 0a040009 10000 100 59853 1962000 423891 28967
0a0b001c 0a040011 10000 100 94250 1415000 971236 40327
0a090007 0a00000c 10000 100 39017 1330000 1056934 22100
0a030002 0a07001a 10000 100 31946 2314999 72310 19760
0a05000e 0a040004 10000 100 69688 1585999 801475 32222
0a040008 0a0a001a 10000 100 42475 2320000 67923 23237
0a0b001f 0a0b000c 10000 100 1323 2384999 5252 5398
0a050013 0a06000f 10000 100 21846 1979999 410985 16421
0a06000b 0a070020 10000 100 65231 2337000 54021 30749
0a07001f 0a06000f 10000 100 1653787 232999 2158194 555353
0a000015 0a09000b 10000 100 4504 2028999 363327 10702
0a07000d 0a05001e 10000 100 670226 1232000 1161089 230538
0a030005 0a01000c 10000 100 65244 2273999 120953 30753
0a000017 0a010005 10000 100 88596 2144000 251231 38472
0a0a0002 0a010001 10000 100 440570 2046000 352413 154698
0a01000a 0a0b0002 10000 100 36001 2350999 48342 21104
0a0a0009 0a0b0017 10000 100 54423 1753000 648762 27183
0a010005 0a060019 10000 100 50853 1523999 878504 25995
0a03000e 0a070015 10000 100 1879614 921999 1481741 629937
0a020018 0a060003 10000 100 1553705 241000 2166441 522298
0a02000f 0a040019 10000 100 58112 2049000 359383 28394
0a06000a 0a080019 10000 100 30236 1418999 989420 19198
0a050011 0a000009 10000 100 59961 2361999 48326 29001
0a06001a 0a020002 10000 100 1652960 1204999 1205360 555073
0a0a0002 0a050016 10000 100 1947041 299000 2112972 652205
0a000011 0a060011 10000 100 21424 1716000 696187 16286
0a040012 0a040004 10000 100 84618 2295000 120142 32913
0a03000c 0a06000e 10000 100 689496 1386000 1031307 236904
0a00000e 0a040014 10000 100 23276 2394999 24747 16894
0a000020 0a07000d 10000 100 412049 1556000 868326 145279
0a010016 0a070010 10000 100 54909 2284000 140798 27339
0a000014 0a04000a 10000 100 15005 2406000 19650 14170
0a0b0012 0a01001a 10000 100 50930 1817999 609275 26019
0a070006 0a0b0011 10000 100 2446559 146999 2281702 817166
0a05001b 0a07000f 10000 100 69318 1472000 957939 32103
0a01001f 0a00001a 10000 100 28407 1018999 1411707 18582
0a0b0004 0a030016 10000 100 208064 1941999 489766 77915
0a01001f 0a01001a 10000 100 46374 2118000 313772 20275
0a04001f 0a020001 10000 100 31848 2235000 197547 19729
0a0a0006 0a01001c 10000 100 32779 2400999 32046 20027
0a050005 0a0a001d 10000 100 13371 2271000 163426 13616
0a030008 0a04000f 10000 100 68665 2399999 34452 31879
0a04001f 0a08000c 10000 100 680148 1863000 576191 233820
0a090003 0a040011 10000 100 329730 1819000 621203 118092
0a000004 0a0a001d 10000 100 10056 1770000 670704 12525
0a040008 0a090007 10000 100 2036014 943999 1497299 681583
0a07000d 0a04001c 10000 100 2161530 5999 2435460 723038
0a040014 0a0a0012 10000 100 505417 1727999 713770 176109
0a020004 0a0a0011 10000 100 65169 1655000 786929 30729
0a080006 0a05001c 10000 100 354007 2099000 344472 126122
0a0b0003 0a0a0015 10000 100 99976 2171999 271904 42221
0a090012 0a030011 10000 100 314741 1479999 964928 113142
0a070010 0a01000e 10000 100 104508 1866999 578634 43717
0a020010 0a080011 10000 100 6897 2053999 394021 11483
0a040015 0a040019 10000 100 786515 768000 1680278 264708
0a010003 0a070008 10000 100 556721 1317999 1132024 193064
0a09000b 0a070012 10000 100 55868 2246000 204044 27661
0a010006 0a0a0007 10000 100 55101 1889000 561503 27400
0a040004 0a020010 10000 100 52604 2327000 125802 26586
0a0a0016 0a0a001f 10000 100 27040 2171000 282244 13904
0a080001 0a000011 10000 100 74659 2393999 59419 33858
0a020018 0a080006 10000 100 71458 2021999 431949 32803
0a06000f 0a020014 10000 100 65587 2324000 130322 30863
0a08000e 0a030008 10000 100 63512 2062000 392746 30184
0a080001 0a090007 10000 100 33953 1879999 579207 20418
0a080005 0a04001f 10000 100 183413 2030000 431784 69781
0a020011 0a0a000a 10000 100 101600 2407999 55272 42756
0a080007 0a07000d 10000 100 14811 1925000 540344 14093
0a0b0020 0a00001a 10000 100 43502 1147000 1319686 23581
0a06000f 0a010014 10000 100 2302876 1320999 1146496 769713
0a020003 0a0a0003 10000 100 83116 2370000 100417 36657
0a07000c 0a03000e 10000 100 426858 1565999 907006 150172
0a06000c 0a08000c 10000 100 59157 2190999 284995 28744
0a090008 0a040004 10000 100 16140 2245000 234751 14533
0a02001d 0a06001c 10000 100 101863 1840000 640273 42840
0a050009 0a05000c 10000 100 27655 1598999 882339 14101
0a0a001c 0a040015 10000 100 18442 2289999 193640 15301
0a0b001b 0a07000a 10000 100 34087 2435000 54047 20461
0a070006 0a04000e 10000 100 851474 738999 1750253 290396
0a07000b 0a040018 10000 100 58897 1322000 1169930 28661
0a0b0020 0a090001 10000 100 599997 1606000 886330 207343
0a03001a 0a000009 10000 100 17674 2462000 32608 15040
0a0b0015 0a00001e 10000 100 2462174 1193999 1301015 822316
0a03000d 0a0a001a 10000 100 587105 1853999 641166 203094
0a030017 0a0b0005 10001 100 5523 2451000 44447 11028
0a070002 0a0b001b 10000 100 86392 2364999 130937 37736
0a0a001e 0a07000b 10000 100 101258 1781999 714581 42647
0a000014 0a070005 10000 100 79879 2443999 54036 35590
0a080016 0a010018 10000 100 24089 2472999 25865 17169
0a0a001b 0a030008 10000 100 22547 2445999 53682 16660
0a04001d 0a060009 10000 100 38909 1981999 517994 22050
0a0a0020 0a040005 10000 100 2984 2488000 12477 10185
0a03001a 0a010017 10000 100 45635 2148999 353373 24279
0a080005 0a030020 10000 100 1252 2340000 164825 9616
0a09000a 0a030014 10000 100 428446 1727999 777610 150695
0a060018 0a040004 10000 100 76204 2435999 70180 34368
0a0b0015 0a070005 10000 100 103663 2151000 357644 43447
0a03000e 0a0a0002 10000 100 49885 2432000 76898 25685
0a0a0002 0a070006 10000 100 808501 1276000 1233018 276214
0a0b0011 0a050002 10000 100 36058 2344000 167077 21122
0a06000a 0a01000a 10000 100 18243 1902000 609548 15237
0a020003 0a090009 10000 100 529297 2076999 434604 183997
0a0a0005 0a060014 10000 100 1714152 528999 1982944 575285
0a0b001b 0a090002 10000 100 98552 2338999 173094 41750
0a0a001d 0a08000c 10001 100 438486 2105000 408933 154016
0a01001a 0a06000b 10000 100 39244 2445000 72208 22172
0a04000b 0a09000e 10000 100 26803 2495999 22271 18053
0a070002 0a040019 10000 100 39642 2273999 245867 22300
0a080004 0a0b0013 10000 100 2409626 618999 1901083 804963
0a03000b 0a06000f 10000 100 6159 2405000 115088 11247
0a0a0018 0a07001f 10000 100 85983 1637999 882191 37605
0a0a000d 0a070001 10000 100 69418 2105000 416700 32135
0a04000b 0a0a000f 10000 100 27656 2488999 33215 18341
0a010011 0a0a001b 10000 100 151683 2432000 90360 59305
0a000020 0a010005 10000 100 39224 1840999 682266 22166
0a070016 0a040019 10000 100 435107 1820999 705803 152904
0a040015 0a01000b 10000 100 852243 832999 1694141 290657
0a010007 0a090003 10000 100 86016 2020000 507487 37616
0a08000f 0a040003 10000 100 91245 2478000 51482 39335
0a06000f 0a03000b 10000 100 452715 2138000 392421 158707
0a090018 0a070011 10000 100 1907543 1407000 1123907 639151
0a05001c 0a02001f 10000 100 1866367 187999 2343849 625560
0a06000b 0a0b0020 10000 100 102365 2198999 335367 43016
0a07001f 0a080006 10000 100 2445182 322999 2212223 816710
0a040006 0a0a000a 10000 100 45578 2484999 51216 24261
0a050005 0a06000c 10000 100 87461 2096000 440277 38093
0a0a0013 0a070006 10000 100 22703 2031999 506431 16710
0a01001f 0a06001d 10000 100 86057 1657999 881581 37629
0a07000f 0a030008 10000 100 82249 1807000 732832 36364
0a070003 0a050016 10000 100 2595685 1173999 1367654 866407
0a07000a 0a050004 10000 100 981627 1232999 1309081 333381
0a0a0003 0a060003 10000 100 45125 2446999 95800 24116
0a02000e 0a070013 10001 100 79315 1918000 627407 35394
0a010017 0a0b0015 10000 100 14891 1799000 746611 14118
0a0a0015 0a060011 10000 100 662944 1059999 1485879 228131
0a05001a 0a030002 10000 100 74085 2214999 331243 33675
0a06001f 0a0a0007 10000 100 84808 1724000 823476 37214
0a030010 0a080005 10000 100 1012102 1077000 1471128 343440
0a06000d 0a0b000e 10000 100 22197 2527000 23939 16533
0a01000d 0a010010 10000 100 42705 2513000 38053 19071
0a0b001f 0a0a0009 10000 100 54903 2151000 400054 27337
0a00001e 0a06000f 10000 100 2207590 1579000 972287 738238
0a070006 0a08001f 10000 100 615713 1085999 1466880 212541
0a07000c 0a04000d 10000 100 810866 1201999 1351060 276986
0a02000c 0a09001b 10000 100 99842 1750999 802127 42178
0a030007 0a000005 10000 100 2301630 42999 2510439 769299
0a04000d 0a03000c 10000 100 14018 2531999 24130 13839
0a02001a 0a050011 10000 100 5949 2543999 12159 11165
0a04001e 0a01001b 10000 100 101315 2334999 221501 42665
0a0a0006 0a02000f 10000 100 36125 2520000 37820 21144
0a02001d 0a060010 10000 100 51295 1895999 662609 26152
0a02000b 0a020005 10000 100 39012 2298999 260089 17858
0a0a001c 0a02000c 10000 100 50004 2132999 426480 25723
0a05001c 0a06001e 10000 100 61900 2358999 201881 29653
0a0b001d 0a050017 10000 100 104105 2468999 93311 43588
0a000008 0a0a0012 10000 100 1712341 1763999 798497 574690
0a030004 0a070005 10000 100 771236 850999 1711551 263905
0a00000c 0a060012 10000 100 119758 1979999 583620 48751
0a06000e 0a0b0014 10000 100 2779 2360999 203377 10120
0a040015 0a06000f 10000 100 49242 2446999 120289 25464
0a05001b 0a0a0006 10000 100 70389 1997000 570464 32446
0a010009 0a070017 10000 100 17009 2539000 29020 14827
0a080005 0a06001f 10000 100 566110 1585000 983070 196161
0a060011 0a090015 10000 100 38718 1845000 724405 21989
0a000002 0a00001f 10000 100 45741 2063999 506324 20073
0a090002 0a030010 10000 100 1970 2442999 127359 9861
0a0b001c 0a020006 10001 100 55841 1910000 661259 27652
0a070012 0a0a001c 10000 100 28501 2314000 259095 18627
0a07001d 0a050007 10000 100 2554542 41999 2531139 852826
0a050010 0a04001a 10000 100 965974 1201999 1371353 328203
0a000010 0a050010 10000 100 35659 2448000 127059 20979
0a01001a 0a09000a 10000 100 1654389 1268999 1306255 555546
0a010015 0a070015 10000 100 15055 2537000 39058 14186
0a000016 0a05001c 10000 100 2494665 571000 2005362 833051
0a020007 0a09000a 10000 100 39172 2034999 542183 22149
0a09001d 0a000009 10000 100 5502 2458999 119441 11022
0a090008 0a080013 10000 100 2020065 702000 1879310 676310
0a07000c 0a020003 10000 100 76019 2301999 280435 34309
0a0b0003 0a020001 10000 100 590161 1998000 584481 204103
0a070006 0a030004 10000 100 18672 1897999 685416 15374
0a00000e 0a06001b 10000 100 69089 1325000 1260624 32030
0a060009 0a020019 10000 100 65590 1766999 818779 30864
0a090011 0a030016 10000 100 77737 2454000 132024 34874
0a0b0011 0a0b001a 10000 100 49225 2482999 103217 21218
0a060005 0a08000c 10000 100 77627 2308000 278676 34839
0a0a0010 0a05000d 10000 100 77743 2477000 110200 34876
0a05001b 0a0b0008 10000 100 1700468 128999 2458283 570768
0a0b0018 0a070014 10000 100 35117 1968000 619579 20806
0a040008 0a0b0017 10000 100 601817 2101000 486682 207956
0a020011 0a00000c 10000 100 2504414 652000 1935689 836263
0a0a0003 0a0b0015 10000 100 790400 1198999 1390905 270222
0a050004 0a080004 10000 100 91932 2413000 176962 39570
0a020002 0a050007 10000 100 97534 1188999 1401298 41424
0a040014 0a08000b 10000 100 33893 2530999 60667 20399
0a000007 0a0a000b 10000 100 60467 2462999 130026 29179
0a090006 0a0a0006 10000 100 73649 2479999 115018 33535
0a020003 0a080008 10000 100 78542 2520999 75008 35147
0a0a0009 0a05001b 10000 100 84505 1716000 882404 37117
0a04001d 0a0b001e 10000 100 3116 2589000 10964 10243
0a000017 0a020003 10000 100 5284 2546000 54132 10952
0a06001e 0a0b000e 10000 100 53431 2448000 153157 26850
0a070016 0a0a0013 10000 100 44685 2471000 130181 23960
0a0b0004 0a02001f 10000 100 2019966 67999 2533896 676279
0a0b001a 0a020012 10000 100 27383 2517999 86647 18254
0a02001b 0a08001d 10000 100 2385550 622999 1982024 797013
0a0b0001 0a050002 10000 100 2428348 1502000 1104467 811139
0a0b0015 0a07000a 10000 100 23072 2468999 138422 16828
0a010020 0a080010 10000 100 223790 2406999 201023 83116
0a070018 0a000005 10000 100 33189 2514999 93504 20173
0a0a0013 0a070014 10000 100 1892997 415000 2194347 634343
0a02001d 0a06000b 10000 100 315919 2292999 316913 113535
0a060011 0a0a0010 10000 100 9754 1933000 677680 12428
0a06001f 0a00000e 10000 100 15103 2036000 575672 14201
0a0b000a 0a080003 10000 100 37989 2583999 27906 21755
0a02000a 0a060007 10000 100 402789 890999 1721028 142224
0a080008 0a06001d 10000 100 1759647 304999 2307234 590319
0a01000f 0a070017 10000 100 86141 2544999 67839 37656
0a020009 0a00000b 10000 100 28292 2576000 38506 18545
0a0b001d 0a030016 10000 100 72488 2534999 81260 33148
0a080020 0a09000a 10000 100 36345 1314000 1305450 21214
0a03001e 0a060014 10000 100 451680 1330000 1290942 158376
0a0b0020 0a010007 10000 100 33686 1962000 659463 20332
0a030014 0a08000f 10000 100 87570 2050000 572604 38128
0a070012 0a09001f 10000 100 103892 2469999 152637 43520
0a090015 0a07001e 10000 100 2398909 522000 2100866 801426
0a09000b 0a08000a 10000 100 98753 2415000 208634 41814
0a000002 0a020017 10000 100 449433 1632999 990685 157626
0a02000f 0a010009 10000 100 29153 2488999 134813 18836
0a05001c 0a07001b 10000 100 2963 2533000 92801 10178
0a020001 0a02001e 10000 100 2563677 148999 2477423 851602
0a020017 0a03001d 10000 100 2012469 320000 2307214 673803
0a06000d 0a030005 10000 100 23732 2602000 26803 17040
0a00001e 0a070003 10000 100 69427 2569000 60535 32138
0a080012 0a020019 10000 100 2524409 221000 2409916 842861
0a080004 0a01001f 10000 100 38700 2305999 325247 21983
0a030005 0a05000c 10001 100 76100 2524000 112494 34335
0a02000d 0a040014 10000 100 58685 2573000 63755 28593
0a000014 0a080002 10000 100 103236 2541999 97603 43295
0a020004 0a060004 10000 100 12193 1861999 777884 13240
0a070010 0a060002 10000 100 2480172 244999 2398552 828260
0a000005 0a04000f 10000 100 54629 2562000 82223 27249
0a0a0009 0a0a0020 10000 100 1828409 192999 2453562 608774
0a05001c 0a05001a 10000 100 26129 2445000 202942 13597
0a07000a 0a070010 10000 100 80478 2534999 113012 31542
0a06001a 0a09000f 10000 100 18622 2593999 54273 15358
0a000014 0a01001e 10000 100 83888 2514999 133378 36904
0a090002 0a05001a 10000 100 18427 2269999 379779 15296
0a090009 0a0a0009 10000 100 2472597 1118999 1531587 825759
0a03001c 0a0a0011 10000 100 2742 2637000 13708 10108
0a0a0009 0a080014 10000 100 75424 1789999 860731 34119
0a07000e 0a050008 10000 100 31833 1726000 925071 19724
0a01001e 0a0b0014 10000 100 85793 2216000 435893 37544
0a000001 0a0a0007 10000 100 2027343 1219000 1433165 678716
0a040017 0a0a0005 10000 100 365100 1827000 825362 129779
0a04001a 0a07000e 10000 100 40422 1807000 847878 22549
0a030009 0a000018 10000 100 460125 1716000 940230 161155
0a04001e 0a0b0001 10000 100 792117 1567999 1088829 270802
0a060001 0a0a001c 10000 100 1668241 440000 2218272 560132
0a03001a 0a070001 10000 100 71163 2552000 106711 32709
0a060013 0a01000c 10000 100 69044 2533999 125234 32016
0a010001 0a0b000d 10000 100 71700 2413000 247882 32881
0a00000e 0a0a001a 10000 100 52746 2565000 96507 26631
0a04000f 0a030012 10000 100 22827 2577999 84162 16750
0a080014 0a020019 10000 100 30963 1817999 845116 19430
0a0a0006 0a000001 10000 100 2577 2634000 29992 10055
0a020014 0a060006 10000 100 85851 1087000 1578118 37563
0a070011 0a0a0011 10000 100 628655 1379000 1286793 216820
0a090003 0a000009 10000 100 35096 2635999 29982 20799
0a080015 0a01000a 10000 100 1631260 1061000 1605992 547914
0a010017 0a070017 10000 100 14246 2322999 344814 13912
0a090014 0a010003 10000 100 41612 2523000 144826 22945
0a0b000c 0a0b0010 10000 100 71814 2618000 52648 28677
0a040018 0a050008 10000 100 1820934 1355000 1316184 610545
0a000005 0a050016 10000 100 100631 2256999 416317 42446
0a04000f 0a010005 10000 100 2337989 1113999 1562040 781302
0a01000a 0a060004 10000 100 276323 2403000 273757 100464
0a050019 0a040002 10000 100 2344330 994000 1685305 783393
0a00000b 0a000014 10000 100 9777 2635999 43339 8196
0a06000e 0a030018 10000 100 23294 2337000 342733 16899
0a08001d 0a0b001d 10000 100 1942646 533000 2147134 650753
0a090002 0a030013 10000 100 1552969 1469000 1211604 522063
0a07000d 0a030011 10000 100 1957544 326999 2354769 655674
0a060003 0a00001b 10000 100 58539 2638000 44793 28546
0a06001b 0a03000f 10000 100 1716 1386000 1297214 9779
0a02000b 0a03001d 10000 100 26671 1889999 794624 18011
0a060002 0a000003 10000 100 100940 2116999 568702 42545
0a020005 0a0a0010 10000 100 62894 2570999 114868 29971
0a070012 0a070014 10001 100 5904 2118000 569598 6910
0a020010 0a04001d 10000 100 80089 2631000 56732 35657
0a010006 0a050007 10000 100 78692 2377999 310298 35195
0a08000c 0a08001b 10000 100 65366 2528999 159554 26552
0a060015 0a030008 10000 100 350 2595000 93612 9327
0a020007 0a01001a 10000 100 14185 2634000 55813 13892
0a08000c 0a070007 10000 100 95017 2203999 485888 40588
0a070014 0a010009 10000 100 38831 1975999 714773 22025
0a03001d 0a080008 10000 100 2216564 271999 2419345 741202
0a060002 0a080017 10000 100 53512 2356000 335602 26876
0a09001b 0a0a0013 10000 100 89096 2167000 525005 38632
0a010008 0a0a000f 10000 100 18752 2664000 29283 15400
0a08001f 0a0a000d 10000 100 1754860 1629999 1066589 588726
0a02000d 0a0b0014 10000 100 966705 2112999 584329 328452
0a090020 0a050008 10000 100 96729 1520999 1179316 41151
0a040014 0a060003 10001 100 504284 2096000 605357 175747
0a040010 0a080005 10000 100 907101 1866999 834675 308765
0a000011 0a00000d 10000 100 1571653 1111000 1591557 523986
0a05001b 0a080005 10000 100 22526 2145000 557969 16654
0a01001e 0a020016 10000 100 93355 2279000 424293 40041
0a0b0014 0a040019 10000 100 46288 2138999 564989 24488
0a060011 0a000010 10000 100 2699 2047999 656240 10094
0a070011 0a010002 10000 100 199850 2044999 660001 75210
0a030006 0a060014 10000 100 91568 1965999 739662 39454
0a010015 0a07000b 10000 100 898752 1714999 991676 306016
0a08000f 0a03000d 10000 100 161895 2586000 121534 62665
0a090011 0a08001a 10000 100 986649 2175999 532332 335034
0a060002 0a00001c 10000 100 50632 2335999 373307 25924
0a040001 0a0b0008 10000 100 179610 2360999 349305 68518
0a09000c 0a07001c 10000 100 202073 2101000 609671 75936
0a080018 0a010009 10000 100 44338 2294000 417344 23848
0a09001f 0a040009 10000 100 326400 2458000 253828 116996
0a0a0014 0a00001e 10000 100 26454 1858000 856348 17941
0a0b0011 0a020007 10000 100 36735 2677999 37137 21339
0a010003 0a01001c 10000 100 73903 2566999 148673 29376
0a070004 0a0b0015 10000 100 24278 2026000 689774 17230
0a050012 0a020018 10000 100 37205 1404000 1313965 21489
0a000010 0a04000c 10000 100 48838 2569000 149444 25335
0a0b0011 0a030006 10000 100 81324 2419000 299774 36068
0a090008 0a050012 10000 100 2165520 221000 2498085 724346
0a02000f 0a00000f 10000 100 67875 2544999 174915 31626
0a0a0008 0a040012 10000 100 29508 2671999 48468 18949
0a05001d 0a02000e 10000 100 87780 2505999 216145 38195
0a020019 0a0a0002 10000 100 79503 2201999 521431 35470
0a0a0001 0a00000e 10000 100 241089 2389000 334963 88821
0a050014 0a07000e 10000 100 2566683 608000 2116540 856834
0a05001d 0a08001d 10000 100 35019 1985999 739334 20774
0a03001a 0a070010 10000 100 826177 1699999 1025834 282040
0a010017 0a040001 10000 100 49479 2269999 458297 25540
0a040008 0a030008 10000 100 13031 2678999 49318 13508
0a0b0014 0a000017 10000 100 88256 2276999 451831 38348
0a07001f 0a0b000f 10000 100 283366 2031999 698946 102780
0a070004 0a040019 10000 100 102857 2069000 663660 43174
0a08001b 0a000007 10000 100 29516 2673000 60723 18952
0a06000b 0a080015 10000 100 123096 2663000 71155 49865
0a07000c 0a0a0017 10000 100 465328 1544000 1191956 162881
0a030001 0a030015 10000 100 1644185 1515000 1221980 547949
0a000012 0a01001d 10000 100 37359 2709000 28253 21538
0a060019 0a07001b 10000 100 2852 1755999 982572 10143
0a080009 0a04000a 10000 100 90414 1657999 1083202 39069
0a09000e 0a050014 10000 100 98730 2560999 180775 41807
0a03001e 0a0b0017 10000 100 13666 2364999 377839 13726
0a040012 0a010012 10000 100 7827 2683000 61170 11796
0a040008 0a0b0008 10000 100 4324 2732000 12215 10629
0a0a0014 0a080018 10000 100 47316 1735999 1008484 24832
0a04000b 0a050005 10000 100 1769770 1869999 874534 593651
0a01001b 0a060011 10000 100 1943676 601999 2142940 651082
0a050006 0a0a000b 10000 100 8997 2729000 16190 12171
0a090005 0a07000a 10000 100 65288 2531999 213299 30768
0a06001b 0a0a001e 10000 100 17778 1405999 1339813 15073
0a03000e 0a040014 10000 100 51711 2673000 72875 26285
0a000014 0a030020 10000 100 66234 2436999 310439 31086
0a0a0020 0a070008 10000 100 1882313 742999 2005735 630816
0a03001c 0a000019 10000 100 70262 2563999 185565 32405
0a070018 0a020008 10000 100 60044 2184999 568156 29043
0a060001 0a00001a 10000 100 19233 1569999 1184044 15554
0a02001e 0a080017 10000 100 438219 2540000 214114 153930
0a030012 0a010005 10000 100 10746 2678999 75801 12761
0a020019 0a010004 10000 100 48961 2304000 451145 25374
0a09000b 0a070004 10000 100 1000798 638000 2117454 339715
0a08001a 0a010001 10000 100 79845 2233000 523607 35579
0a080008 0a06000e 10000 100 98622 2614000 142877 41772
0a0a000e 0a060011 10000 100 2297476 143000 2614725 767923
0a03000a 0a070005 10000 100 76951 2296999 461985 34623
0a040018 0a0b000e 10000 100 45782 2093999 666379 24326
0a010003 0a060005 10000 100 81035 2543000 217523 35976
0a0b0004 0a000018 10000 100 85949 1985999 776982 37594
0a090003 0a09000a 10000 100 75632 2141000 622152 29945
0a0b0008 0a090019 10000 100 734 2753999 10964 9450
0a040014 0a060003 10000 100 2344023 848000 1917050 783295
0a010007 0a080006 10000 100 61812 2213999 552587 29624
0a020020 0a060002 10000 100 65709 1543000 1224557 30902
0a07001f 0a03001e 10000 100 3962 2271000 498231 10513
0a000002 0a080003 10000 100 335500 2099999 671777 120000
0a030012 0a090002 10000 100 268045 1789999 982943 97723
0a010010 0a020019 10000 100 1869015 1518999 1254394 626438
0a050016 0a030008 10000 100 11068 2573000 201234 12864
0a03001e 0a000013 10000 100 500742 1378000 1400225 174567
0a010009 0a060011 10000 100 34539 2222000 556753 20621
0a090007 0a070013 10000 100 92252 1567999 1210974 39672
0a0b0020 0a06000d 10000 100 6673 2560000 219208 11412
0a0b0014 0a04000d 10000 100 44498 2475000 305950 23900
0a070012 0a080002 10000 100 2082887 1637000 1144086 697058
0a010008 0a000003 10000 100 38891 2474000 307089 22044
0a030016 0a050006 10000 100 285506 2335999 446309 103495
0a04001a 0a040017 10000 100 96264 2696000 86428 36762
0a04001d 0a020018 10000 100 1678029 1226000 1557454 563357
0a0b0003 0a040013 10000 100 55259 2272000 512744 27451
0a070011 0a050016 10000 100 22812 2534999 249755 16745
0a02001b 0a000016 10000 100 35896 2673000 112444 21055
0a050007 0a01001e 10000 100 742638 1830999 955290 254462
0a08000f 0a010017 10000 100 2250014 1631000 1155901 752259
0a00001a 0a060014 10000 100 15842 1487000 1301492 14438
0a0a0007 0a050003 10000 100 64723 2713999 74976 30587
0a040020 0a020001 10000 100 1015939 415000 2374289 344714
0a00001f 0a000018 10000 100 59023 1905000 884402 24461
0a09000b 0a060020 10000 100 92947 1987000 803063 39895
0a070011 0a020019 10000 100 79720 2495999 296411 35539
0a03000c 0a07001a 10000 100 52977 2664999 127661 26705
0a080011 0a010001 10000 100 21176 2197999 595224 16206
0a04001f 0a010003 10000 100 33691 2583999 209554 20334
0a03001c 0a040013 10000 100 50609 2292999 501778 25917
0a060006 0a050003 10000 100 19768 1234000 1560817 15740
0a090012 0a0a0008 10000 100 86104 2583999 211211 37644
0a070011 0a040005 10000 100 132017 2481000 315166 52812
0a03001c 0a080018 10000 100 56726 2262999 533834 27936
0a02001b 0a09000d 10000 100 1961689 975999 1821506 657031
0a00000a 0a030016 10000 100 430389 1574000 1224078 151332
0a040014 0a0a0009 10000 100 27666 2699000 99309 18344
0a04001b 0a00000b 10000 100 1581729 1794000 1004582 531558
0a00000d 0a070006 10000 100 1793097 723000 2076233 601361
0a00000d 0a000011 10000 100 45543 2394999 404253 20009
0a0a0016 0a01001e 10000 100 15635 2739000 61105 14372
0a070008 0a040011 10000 100 87003 1637999 1163840 37947
0a080002 0a05001e 10000 100 250796 2606999 195952 92035
0a020018 0a06001c 10000 100 2306477 29000 2776422 770896
0a080015 0a030004 10000 100 2528550 465000 2342213 844232
0a000005 0a090001 10000 100 9059 2771000 40041 12206
0a0b001f 0a030005 10000 100 22904 2771000 41496 16775
0a0b000f 0a0b0020 10000 100 99320 2478000 335118 37771
0a07001d 0a01000d 10000 100 103340 2282999 531158 43328
0a000015 0a080005 10000 100 84866 2118000 696349 37232
0a080015 0a060004 10000 100 38470 2789999 25162 21909
0a08001c 0a06001c 10000 100 712038 1613000 1202171 244348
0a010010 0a02000e 10000 100 28360 2755000 60465 18567
0a07001f 0a0b0004 10000 100 18493 2318999 496799 15317
0a020011 0a000009 10000 100 103520 2729999 86235 43401
0a080011 0a000009 10000 100 18046 2345999 472162 15174
0a05001b 0a060013 10001 100 307884 1873000 945686 110887
0a04000d 0a05000a 10000 100 48857 2750999 70699 25341
0a020009 0a0a000f 10001 100 966185 2088000 734818 328286
0a030016 0a060008 10000 100 1635072 235999 2589433 549180
0a060005 0a03000e 10000 100 1657444 1100999 1725141 556554
0a030005 0a05000c 10000 100 1627905 1113000 1715534 546810
0a020010 0a070019 10000 100 80152 2249999 579060 35678
0a08001d 0a070003 10000 100 1023358 1476000 1353496 347165
0a03000d 0a070005 10000 100 13178 2804000 26589 13555
0a090012 0a0b0001 10000 100 103390 2546999 283595 43344
0a0b0014 0a070006 10000 100 1037939 782000 2050174 351969
0a040007 0a0a001d 10000 100 8482 1655000 1178793 12006
0a09000f 0a040013 10000 100 2019431 872999 1961022 676107
0a0a0008 0a020002 10000 100 52533 2507999 328609 26563
0a020006 0a060017 10000 100 87148 2213999 622848 37993
0a04000d 0a080003 10000 100 3241 2824999 13302 10283
0a03000d 0a010007 10000 100 12917 2357999 480319 13471
0a040005 0a05000f 10000 100 916226 2259999 580265 311777
0a0a0018 0a050017 10000 100 58261 2416000 425751 28442
0a030008 0a020020 10000 100 2096873 1077999 1764268 701672
0a030013 0a030008 10000 100 48087 2667999 176148 20854
0a050008 0a080020 10000 100 2226436 239000 2607908 744469
0a080020 0a04001c 10000 100 5784 831000 2016611 11112
0a010002 0a040018 10000 100 1598563 1111999 1735675 537113
0a04000f 0a040007 10000 100 20400 1667999 1180035 11703
0a01000a 0a050012 10000 100 31605 1747000 1101259 19651
0a080010 0a040010 10001 100 2509842 1247999 1601518 838062
0a080005 0a080019 10000 100 12738 2060000 789622 9174
0a08000f 0a09000b 10000 100 701934 2530000 320070 241007
0a02000e 0a070013 10000 100 2357053 970999 1880876 787602
0a05000b 0a0a0005 10000 100 2590731 1100000 1753827 864776
0a0a001e 0a0a0005 10000 100 249444 1822999 1032302 87347
0a0a0009 0a01000f 10000 100 15988 2746999 108470 14485
0a050002 0a02001e 10000 100 84389 2762999 93353 37080
0a08000d 0a040002 10000 100 2090332 1484000 1372873 699518
0a030018 0a05000c 10000 100 30634 2402000 455098 19325
0a0b0005 0a000003 10000 100 54550 2477000 380533 27224
0a09001c 0a070011 10000 100 8652 2488999 369246 12060
0a07000a 0a09000c 10000 100 562906 2181000 677662 195105
0a020012 0a070016 10000 100 71146 2648999 211831 32704
0a030003 0a070007 10000 100 407550 1809000 1052065 143793
0a080003 0a09001d 10000 100 76601 2629999 231103 34511
0a02000e 0a060005 10000 100 2043884 1753000 1108165 684178
0a0b0012 0a00001c 10000 100 72294 2047000 814561 33086
0a01001c 0a030002 10000 100 81149 2781000 81985 36012
0a020002 0a060002 10000 100 715360 841999 2021094 245441
0a060011 0a08001b 10000 100 343298 2302999 560529 122572
0a04001e 0a0b0016 10000 100 790608 1513999 1349893 270304
0a0a001e 0a08000c 10000 100 83857 2471000 394162 36894
0a030013 0a07001c 10000 100 86885 2442999 422641 37894
0a03000c 0a060011 10000 100 96891 2409999 456535 41203
0a08001a 0a0b0020 10000 100 97274 2341999 524646 41326
0a03000f 0a01000c 10000 100 1737784 1307999 1558648 583093
0a09001f 0a0a0001 10000 100 100121 2791000 77990 42267
0a08000b 0a000013 10000 100 54156 2416999 452302 27098
0a020012 0a010006 10000 100 16368 2588000 282070 14606
0a040002 0a0b0011 10000 100 1042586 1972999 898427 353518
0a010018 0a040004 10000 100 164594 2586999 284838 63559
0a0a001c 0a090010 10000 100 1614189 1673999 1197864 542283
0a060020 0a020010 10000 100 1692794 1085000 1787656 568235
0a02000b 0a010015 10000 100 1606379 1616999 1256572 539691
0a010014 0a030015 10000 100 77148 2064999 810627 34686
0a0b001e 0a090008 10000 100 1551419 1830000 1047987 521551
0a02000e 0a010005 10000 100 59746 2827999 50018 28933
0a04001e 0a0b0010 10000 100 10534 2853000 26355 12693
0a040017 0a08001d 10001 100 79584 2203000 676787 35496
0a03001c 0a0a000e 10000 100 88372 2644000 236026 38385
0a08001d 0a040019 10000 100 24148 2118000 762804 17188
0a0b0018 0a08001c 10000 100 73632 2818000 64610 33530
0a040018 0a020010 10000 100 15912 2210999 673833 14460
0a030002 0a050015 10000 100 2316742 96999 2788469 774288
0a030018 0a030008 10000 100 394793 1317000 1568577 135348
0a050020 0a01001a 10000 100 52109 2697000 189765 26412
0a0b0006 0a07001f 10000 100 94772 2333000 554230 40510
0a07001f 0a07000e 10000 100 48829 1335000 1553455 21092
0a070008 0a020007 10000 100 28761 1978999 909481 18710
0a08000d 0a08001c 10000 100 92976 2782000 106741 35664
0a04001b 0a050009 10000 100 35104 1724000 1165064 20801
0a00000a 0a090011 10000 100 1743519 237999 2651096 584989
0a000013 0a09000d 10000 100 31588 1951999 940070 19646
0a07001e 0a02001a 10000 100 67259 2763999 128899 31414
0a030013 0a07001e 10000 100 2378912 125999 2767968 794812
0a000017 0a010005 10001 100 8002 2723999 170075 11852
0a0b0003 0a03001a 10000 100 48326 2579999 314310 25171
0a0a0018 0a080019 10000 100 20495 1832999 1061789 15973
0a080007 0a07001d 10000 100 5671 2321000 575890 11076
0a00001a 0a0b000e 10000 100 28744 1502000 1394965 18705
0a09001c 0a0a000f 10000 100 719950 1330999 1568088 246956
0a08001e 0a090007 10000 100 1727281 1392000 1507352 579624
0a020010 0a080001 10000 100 10875 2883000 17387 12802
0a0b0015 0a070003 10000 100 531882 2491000 409681 184855
0a00001f 0a050010 10000 100 5208 2533000 368479 10928
0a04001f 0a020005 10000 100 95462 2628000 274184 40730
0a01000b 0a020006 10000 100 848704 1773999 1128458 289479
0a01001f 0a0a0014 10000 100 2163688 952000 1950975 723744
0a030007 0a020008 10000 100 32260 1998000 905120 19861
0a0a0014 0a000010 10000 100 820652 1157999 1745216 280225
0a050012 0a010010 10000 100 18754 1768999 1134514 15400
0a080002 0a090020 10000 100 1747059 955000 1948594 586153
0a070013 0a010015 10000 100 4682 2252999 652036 10759
0a0a000c 0a050019 10000 100 6441 1938999 968592 11337
0a03000c 0a09000e 10000 100 27462 2854000 54287 18279
0a06001e 0a02001f 10000 100 53902 2018999 890859 27001
0a040003 0a010005 10000 100 29202 2863999 48144 18851
0a060016 0a090013 10000 100 852400 2337999 574758 290707
0a060004 0a02000d 10000 100 63543 2877999 34892 30194
0a000003 0a000017 10000 100 32340 2554999 360024 15646
0a020003 0a02000e 10000 100 74843 2827999 87815 29677
0a060005 0a01000d 10000 100 2070078 683000 2234166 692837
0a01000b 0a05000f 10000 100 54442 2537999 379996 27189
0a05000d 0a000013 10000 100 200613 1965000 953198 75454
0a0a0011 0a010004 10000 100 1869848 1876000 1042319 626705
0a070011 0a020020 10000 100 88587 1804000 1115586 38469
0a030016 0a0b0018 10000 100 69571 2775000 144895 32184
0a09001f 0a0b001e 10000 100 818389 2474000 447507 279471
0a0a0018 0a03000c 10000 100 1777898 1358000 1566086 596344
0a030017 0a06001a 10000 100 111603 2485999 440414 46064
0a07000b 0a0b0015 10000 100 619 1755999 1170681 9413
0a040020 0a02001d 10000 100 547 1598999 1328945 9390
0a060011 0a00001b 10000 100 17861 2664000 266331 15099
0a04001f 0a030016 10000 100 26021 2690999 240732 17803
0a000013 0a090012 10000 100 823140 1657000 1275074 281037
0a08001b 0a000005 10000 100 897547 1889999 1042127 305615
0a07000b 0a050017 10000 100 6090 2230999 701792 11225
0a080007 0a070012 10000 100 709837 2252000 681385 243628
0a06000c 0a040013 10000 100 850555 2031999 901771 290102
0a090008 0a0b0007 10000 100 6417 2717999 216393 11330
0a08001c 0a0a0002 10000 100 80571 2758000 176444 35812
0a040020 0a0a001b 10000 100 653372 1016999 1918160 224976
0a0b0020 0a090008 10000 100 104502 2507999 428162 43715
0a030007 0a090007 10001 100 557953 809999 2127084 193458
0a0b0015 0a030020 10000 100 89312 2497000 440329 38701
0a03000e 0a060006 10000 100 106768 1206000 1731470 44471
0a08001a 0a040019 10000 100 9398 2798000 142078 12314
0a01000c 0a0b000b 10000 100 60288 2795000 145225 29121
0a030013 0a060011 10000 100 42036 2510000 431063 23096
0a0b000c 0a0b0001 10000 100 2024109 2124000 817476 673410
0a06000d 0a0a000e 10000 100 37786 2905000 36568 21690
0a060003 0a05000e 10000 100 2262973 436999 2506076 756529
0a00000b 0a05001f 10000 100 102857 2334999 608365 43174
0a080004 0a06001d 10000 100 20276 2144000 799509 15903
0a0b0017 0a0a0010 10000 100 61336 2554999 388746 29457
0a070010 0a010005 10000 100 9859 2919999 24163 12462
0a000005 0a01000f 10000 100 1695309 1123000 1823135 569071
0a050002 0a02001d 10000 100 210259 2768000 178248 78648
0a0a0004 0a070009 10000 100 970114 1152999 1793722 329574
0a08001c 0a070002 10000 100 735298 2184000 763370 252037
0a080013 0a080007 10000 100 1964340 1763999 1184282 653670
0a090016 0a070016 10000 100 102954 1430000 1518480 43205
0a05001b 0a040006 10000 100 87512 2582000 366930 38110
0a08001b 0a060016 10000 100 1961133 885000 2065050 656853
0a060009 0a050018 10000 100 9671 2320000 630178 12402
0a02001c 0a05000a 10000 100 20801 2582999 370108 16071
0a040005 0a020005 10000 100 64686 2905000 49146 30575
0a0b0020 0a03001a 10000 100 35086 2835999 118342 20796
0a030018 0a070006 10000 100 214219 1464000 1490415 79946
0a00000b 0a0a001e 10000 100 102404 2374999 579654 43029
0a0a0020 0a080005 10000 100 49855 2889000 67722 25675
0a040002 0a00001a 10000 100 72478 1461000 1497628 33145
0a03001d 0a0b0002 10000 100 81142 2249999 709711 36010
0a02000d 0a050009 10000 100 1751486 1193000 1769398 587616
0a06000e 0a060013 10000 100 38294 2932999 31538 17613
0a020001 0a0a001d 10000 100 252024 2139999 826159 92443
0a090011 0a090009 10000 100 153339 2792999 175641 55610
0a0a0012 0a010014 10000 100 780333 1464000 1506388 266909
0a0a001d 0a030019 10000 100 86832 2484999 487246 37877
0a070016 0a05000b 10000 100 32827 2724999 247313 20042
0a060016 0a0b0005 10000 100 641358 2582999 390651 221008
0a09000a 0a080013 10000 100 62667 2239999 733881 29898
0a08001d 0a030019 10000 100 1288 1943000 1033279 9627
0a0b0003 0a080004 10000 100 97323 2585000 391286 41341
0a00001e 0a08001f 10000 100 41760 2922000 59202 22993
0a090001 0a090017 10000 100 102130 1616999 1364534 38701
0a01001c 0a010017 10000 100 93756 2654999 326779 35929
0a05000f 0a02000e 10000 100 2118027 1793000 1189639 708672
0a070019 0a00001a 10000 100 38115 1252999 1729873 21796
0a020015 0a040015 10000 100 40276 2876000 107008 22503
0a05001d 0a080017 10000 100 613268 1822999 1160981 211728
0a0a001d 0a080009 10001 100 96541 1796999 1187062 41091
0a070014 0a020010 10000 100 1821297 442999 2543321 610677
0a06000b 0a030012 10000 100 23576 2935000 53098 16990
0a01000a 0a040007 10000 100 625901 1227000 1761400 215908
0a03000d 0a020016 10000 100 2178345 1152999 1836072 728588
0a07001d 0a020004 10000 100 1917063 977000 2012203 642305
0a060016 0a090009 10000 100 87523 2906999 82293 38113
0a040008 0a050009 10000 100 729656 1301999 1688235 250170
0a020002 0a0a0006 10000 100 35132 2831999 158739 20810
0a050006 0a0b0001 10000 100 37614 2965000 26023 21635
0a02001d 0a030003 10000 100 55356 2615999 376519 27482
0a09001e 0a050020 10000 100 57052 2815999 176576 28055
0a0a001e 0a0a0009 10000 100 19587 2746999 250177 11442
0a010011 0a03000e 10000 100 37301 2896000 102125 21520
0a010016 0a0b0015 10000 100 1778793 861000 2139022 596630
0a060011 0a000001 10000 100 63270 2843000 157247 30106
0a030012 0a01001e 10000 100 61720 2723999 276772 29595
0a0a001d 0a050001 10000 100 44674 1915000 1086335 23956
0a07001d 0a0a0012 10000 100 144736 2386000 615672 57005
0a07001a 0a03000c 10000 100 4700 2988999 13360 10765
0a0b0006 0a040004 10000 100 11399 2981999 20629 12970
0a06001e 0a0a0010 10000 100 34247 2886000 117181 20512
0a030016 0a0a000e 10000 100 2205242 328000 2675726 737472
0a09000e 0a0b0007 10000 100 210249 2853000 151043 78645
0a060005 0a020008 10000 100 52811 2327000 677221 26652
0a02000b 0a0b0018 10000 100 45578 2612999 391282 24261
0a0b0007 0a02000e 10000 100 97734 2831000 176133 41488
0a03000c 0a070014 10000 100 2430872 266000 2742335 811977
0a03000c 0a0b0019 10000 100 76156 2897999 110355 34353
0a030010 0a090013 10000 100 29024 2748000 260840 18794
0a030013 0a070001 10000 100 2361978 406000 2603841 789224
0a030013 0a00001d 10000 100 2057419 277999 2732366 688648
0a030011 0a0a0010 10000 100 80388 2288000 722799 35753
0a07001f 0a080004 10000 100 84095 2392000 618870 36985
0a010017 0a07000f 10000 100 36112 1912999 1098576 21139
0a05000b 0a030001 10000 100 89957 2892000 119631 38907
0a070004 0a080020 10000 100 1688452 429000 2584900 566800
0a080017 0a01001b 10000 100 65468 2971999 42297 30825
0a0a0006 0a010001 10000 100 1902609 2069000 948158 637526
0a0a0016 0a0b0010 10000 100 73194 2890999 128293 33374
0a03000d 0a070018 10000 100 102425 2900999 119769 43035
0a030018 0a0b000d 10000 100 11844 2714999 305932 13112
0a020006 0a010003 10000 100 2576030 241999 2779965 859918
0a04000e 0a0a0009 10000 100 64444 2475000 547526 30482
0a020003 0a0a0016 10000 100 73820 2869000 156754 33590
0a040018 0a07000c 10000 100 61028 2357999 668192 29358
0a0a0018 0a000001 10000 100 97682 2527999 498261 41472
0a06001c 0a00001a 10000 100 426657 487000 2539582 150107
0a01001a 0a090014 10000 100 88515 2912000 114851 38446
0a09000b 0a0a0002 10000 100 1695879 313000 2714944 569253
0a010002 0a040005 10000 100 913560 1642000 1386640 310908
0a050017 0a0a0001 10000 100 45180 2942000 86750 24133
0a010007 0a020007 10000 100 80806 2344000 686205 35887
0a000012 0a000013 10000 100 62596 2599000 431918 25635
0a030006 0a080007 10000 100 71005 2500000 536358 32658
0a010012 0a040012 10000 100 45136 2944000 92657 24119
0a07001b 0a06001b 10000 100 1874247 782000 2255023 628159
0a020001 0a050019 10000 100 602555 1147000 1890606 208192
0a000002 0a04001f 10000 100 968528 1319000 1718921 329051
0a030019 0a070018 10000 100 69416 2546000 492977 32135
0a0a0003 0a060019 10000 100 4538 1887000 1152280 10713
0a05000d 0a030015 10000 100 92923 2103999 935426 39887
0a050002 0a000006 10000 100 1711280 1789999 1250000 574335
0a010006 0a0b000f 10000 100 781495 1907999 1132735 267280
0a06001f 0a080011 10000 100 2257465 666000 2375627 754705
0a0b000e 0a000004 10000 100 2028594 808000 2235198 679132
0a08001d 0a020002 10000 100 78962 2360000 683823 35281
0a050010 0a060013 10000 100 65907 2664999 379470 30966
0a040013 0a08000c 10000 100 35626 2481000 566947 20968
0a06000f 0a00000b 10000 100 85174 2910999 137102 37331
0a02000e 0a07001a 10000 100 12814 3030999 17380 13438
0a000005 0a020014 10000 100 86298 2912000 137956 37706
0a000014 0a03001d 10000 100 86453 2393999 655969 37755
0a0a0011 0a050008 10000 100 802954 2291000 759168 274378
0a030008 0a01001e 10000 100 183701 2837000 213442 69873
0a0a001f 0a04001e 10000 100 82128 2956999 93861 36325
0a0b0019 0a050004 10000 100 13725 3004000 46904 13745
0a020011 0a020007 10000 100 50927 3008999 42856 21778
0a03001b 0a0a0010 10000 100 39813 2795999 257680 22354
0a0a000a 0a050020 10000 100 92359 2762000 291967 39707
0a090002 0a040005 10000 100 25844 3001000 53614 17746
0a070013 0a0a0007 10000 100 444160 1825999 1231202 155893
0a0b0006 0a050011 10000 100 50938 3001000 59470 26022
0a050007 0a040003 10000 100 1952441 1508999 1551525 653979
0a05001a 0a0b001b 10001 100 621948 1928999 1132794 214597
0a0a001b 0a00000c 10000 100 274246 2482999 582574 99769
0a020003 0a08001c 10000 100 64910 2935999 130230 30647
0a020014 0a020011 10000 100 97027 2984000 82766 37007
0a040006 0a09001c 10000 100 43734 2673000 394109 23655
0a06000d 0a09000d 10000 100 2365442 1435000 1632945 790364
0a070008 0a060012 10000 100 2005270 1015999 2052273 671422
0a020018 0a02001c 10000 100 2393098 550000 2518447 795265
0a08000a 0a000001 10000 100 76685 2967000 102424 34537
0a01000f 0a0b0020 10000 100 81261 2743000 326933 36048
0a010011 0a00001d 10000 100 11505 2805000 265547 13004
0a09001f 0a06000b 10000 100 66638 2988999 83002 31215
0a020012 0a020020 10000 100 55513 2271000 801340 23307
0a0b0014 0a05001a 10000 100 39723 2913999 159654 22326
0a010001 0a0b0009 10000 100 752697 1547999 1526194 257773
0a050011 0a010017 10000 100 63631 2743000 334873 30222
0a07001b 0a090007 10000 100 449368 1951000 1127247 157605
0a05000b 0a06001f 10000 100 396466 1987000 1091396 140139
0a0b0004 0a07000f 10000 100 1827965 199999 2881758 612872
0a010001 0a05001d 10000 100 103937 2779999 302760 43535
0a0b001f 0a040015 10000 100 216824 2903000 181379 80810
0a03001d 0a0b0016 10000 100 17237 2197999 886626 14900
0a0b0019 0a030010 10000 100 94640 3016000 71346 40467
0a070003 0a010009 10000 100 1752027 2353000 734855 587804
0a03001b 0a050002 10000 100 80187 2749999 338576 35689
0a090017 0a000005 10000 100 63225 1433000 1655956 30092
0a080018 0a05001a 10000 100 2462063 1513000 1576779 822281
0a080011 0a020020 10000 100 680717 985999 2103922 234002
0a020002 0a0a0004 10000 100 6773 2945999 145228 11444
0a050002 0a010011 10000 100 489290 2719000 372240 170795
0a050020 0a0a000e 10000 100 49621 2873000 219519 25600
0a090006 0a0b0017 10000 100 2316917 1183000 1910487 774344
0a020020 0a090020 10000 100 148270 1441999 1652546 58167
0a0a0008 0a0b000d 10000 100 595850 2590999 505070 205985
0a0b0010 0a03001c 10000 100 616476 2697999 398627 212785
0a000011 0a070018 10000 100 62017 3027000 72897 29690
0a030007 0a0a000f 10000 100 55323 2374999 725978 27471
0a0a0004 0a08000b 10000 100 709970 2115999 985094 243671
0a08001a 0a080008 10000 100 50576 2890999 211057 21666
0a080018 0a060007 10000 100 83903 1959999 1142173 36909
0a0a001e 0a03001d 10000 100 18565 2328999 773299 15340
0a05001c 0a010012 10000 100 59519 3010000 94206 28860
0a050016 0a01001a 10000 100 42603 2900999 203340 23278
0a03001a 0a0b0014 10000 100 92078 2945999 158644 39617
0a07001b 0a030004 10000 100 7546 2805999 299319 11706
0a020006 0a010001 10000 100 60012 2740999 364448 29033
0a02001e 0a00001b 10000 100 54135 3056000 50078 27091
0a01000e 0a000016 10000 100 15099 2325999 782665 14200
0a040017 0a080012 10000 100 163993 2331000 777866 63367
0a00000a 0a07000a 10000 100 46646 3004999 104319 24618
0a050006 0a090016 10000 100 2174538 653999 2455996 727324
0a0a000d 0a090016 10000 100 69638 1417999 1692450 32206
0a040002 0a090020 10000 100 82581 1760000 1351885 36486
0a09001e 0a070006 10000 100 379134 2357000 755224 134408
0a090001 0a090020 10000 100 64314 1850000 1262824 26200
0a09000d 0a08001d 10000 100 41799 1608999 1503850 23005
0a05000b 0a02001c 10000 100 465244 2187999 925160 162855
0a0b0015 0a0a000b 10000 100 70930 3040000 74617 32634
0a07001f 0a0a001b 10000 100 9114 2556999 558011 12224
0a030010 0a0b0017 10000 100 75130 2759000 356238 34024
0a020019 0a070017 10000 100 10369 3099000 16396 12625
0a030018 0a090016 10000 100 47140 1366999 1748909 24776
0a040003 0a02000c 10001 100 80097 2433999 682113 35660
0a080010 0a07000c 10000 100 35051 2788000 329023 20784
0a0b0014 0a01001e 10000 100 4107 2906000 211772 10560
0a0a0005 0a040020 10000 100 38244 1453000 1666653 21837
0a00000e 0a03001c 10000 100 77247 2984000 136672 34717
0a040010 0a050002 10000 100 325306 2415000 706226 116631
0a05001d 0a000016 10000 100 77189 2890999 232621 34699
0a020011 0a0a001a 10000 100 587461 2876000 248895 203208
0a010017 0a0b0001 10000 100 30270 2801999 326107 19208
0a09001f 0a05001a 10000 100 17262 3108999 19312 14908
0a020006 0a010013 10000 100 1874391 328000 2801044 628205
0a05000e 0a05000a 10000 100 617 2122999 1006830 5172
0a09000d 0a030001 10000 100 537754 2017000 1113057 186795
0a010018 0a010010 10000 100 69156 2971999 158932 27811
0a070018 0a020015 10000 100 22091 3027999 103554 16499
0a02000e 0a06000c 10000 100 522413 2572000 559842 181732
0a070019 0a05000e 10000 100 41787 1709999 1421905 23001
0a070007 0a06000d 10000 100 45087 2873000 259425 24104
0a070006 0a0a001e 10000 100 1707120 638000 2494748 572973
0a060010 0a09000e 10000 100 94750 2246999 886448 40503
0a0b000a 0a090013 10000 100 54039 2882000 253240 27060
0a06000e 0a070020 10000 100 747609 2390999 746288 256099
0a060012 0a06001e 10001 100 2464588 1404000 1734270 818880
0a0b0002 0a02001d 10000 100 31442 3060999 77667 19584
0a080001 0a000017 10000 100 154495 2737999 402238 60220
0a040014 0a09001c 10000 100 2111792 876999 2264527 706600
0a030016 0a060013 10000 100 35947 3090999 51229 21071
0a07000b 0a0b0020 10000 100 172872 1925000 1218174 66300
0a0b001b 0a030009 10000 100 2124619 1002000 2143140 710843
0a0b001b 0a06001c 10000 100 1845117 814000 2331629 618545
0a050010 0a050007 10000 100 88006 2494999 654578 34028
0a0a0014 0a05000d 10000 100 2316765 610999 2539394 774296
0a07001c 0a040018 10000 100 81043 2565000 585640 35978
0a00001e 0a08000b 10000 100 11452 3132999 19001 12987
0a000016 0a03000a 10000 100 2478754 748999 2403987 827791
0a04001c 0a070014 10000 100 1876076 31999 3121785 628759
0a08001a 0a070006 10000 100 70275 2324000 830661 32409
0a01000a 0a090016 10000 100 90236 1577999 1576833 39012
0a0a0010 0a050016 10000 100 1853938 1946000 1211184 621445
0a06000b 0a0b0016 10000 100 1707376 1879999 1277354 573055
0a050016 0a07001f 10000 100 951542 1698000 1460249 323447
0a04001b 0a08001c 10000 100 387694 2915000 243606 137240
0a020020 0a0b000f 10000 100 2284865 1103000 2056934 763765
0a0a000f 0a060003 10000 100 30175 3088000 71975 19178
0a00000a 0a09000a 10000 100 22081 2392000 769429 16496
0a01000b 0a04000a 10000 100 18270 3103999 59034 15246
0a01000b 0a0a0014 10000 100 9730 2207000 956056 12421
0a010008 0a03000d 10000 100 61235 2972999 192668 29424
0a01000a 0a0a001f 10000 100 274878 2785999 380775 99987
0a040011 0a050006 10000 100 41093 2396000 772873 22779
0a020008 0a0a0001 10000 100 1648115 576000 2594172 553477
0a030008 0a0b0014 10000 100 1797 3073000 99048 9805
0a0b0010 0a080014 10000 100 103928 2233000 939119 43532
0a0a0003 0a010018 10000 100 67717 3030000 142613 31576
0a040016 0a0b0020 10000 100 44885 3139999 32912 24024
0a03000a 0a050018 10000 100 59827 2446999 726631 28959
0a06000e 0a05000e 10000 100 2307068 192000 2983048 771100
0a010011 0a02000b 10000 100 37026 2696000 480565 21432
0a0a0011 0a090018 10000 100 7953 3157000 19695 11837
0a090001 0a090008 10000 100 15823 2860999 315773 10192
0a06001f 0a0a0012 10000 100 72234 2459999 718272 33067
0a08001e 0a050010 10000 100 43488 2867000 311495 23561
0a040012 0a09001d 10000 100 32553 2867999 310839 19954
0a07001a 0a03000a 10000 100 58181 2563999 614994 28416
0a080014 0a090015 10000 100 47730 2210000 969026 24965
0a09001a 0a040016 10000 100 2546878 1136000 2045066 850282
0a0b0002 0a070009 10000 100 84143 2101000 1080577 37001
0a03001b 0a040012 10000 100 97401 2772999 409051 41366
0a08000c 0a060003 10000 100 73245 2997999 184277 33391
0a050001 0a040005 10000 100 94397 1994999 1187508 40374
0a05001b 0a030010 10000 100 9573 3101000 82053 12370
0a08000d 0a060008 10000 100 92385 2680000 503393 39715
0a03000c 0a07001f 10000 100 375260 2073999 1110193 133138
0a03001e 0a05000d 10000 100 5114 3158000 26745 10897
0a080005 0a03001e 10000 100 1885296 1180000 2005686 631802
0a050007 0a0a001f 10000 100 18662 2861999 323965 15371
0a070014 0a090008 10000 100 1711925 402000 2784225 574557
0a030002 0a09001f 10000 100 518291 2233000 953517 180367
0a00000c 0a050017 10000 100 839424 2082000 1105174 286417
0a050018 0a01001b 10000 100 33888 2916000 278537 20397
0a020011 0a06001c 10000 100 2274729 863000 2331836 760414
0a06001c 0a09000f 10000 100 8755 2392000 804566 12093
0a040016 0a00001a 10000 100 49180 2102999 1093643 25444
0a09000a 0a0a0003 10000 100 35870 2449999 747177 21047
0a060016 0a080014 10000 100 2300349 1397000 1800959 768873
0a050002 0a08000a 10000 100 69843 3150000 48371 32271
0a0a000b 0a050019 10000 100 2226500 1191000 2008215 744489
0a0a0008 0a060018 10000 100 67830 3095000 105041 31612
0a070004 0a080020 10001 100 280133 1131000 2070220 101714
0a0b0010 0a030003 10000 100 729637 2443999 758397 250164
0a03001e 0a05000f 10001 100 90469 2572000 632204 39087
0a05001b 0a020003 10000 100 3472 3163000 41214 10357
0a06000f 0a060004 10000 100 39247 3147000 57995 17933
0a070014 0a06001f 10000 100 2125997 190000 3016253 711299
0a08001d 0a030015 10000 100 530003 1941000 1265346 184238
0a09000c 0a060008 10000 100 96030 2505999 701029 40928
0a05001b 0a03001e 10000 100 89548 2945000 262520 38776
0a060008 0a000001 10000 100 12822 2781000 427959 13441
0a050006 0a03000f 10000 100 709593 2713000 496469 243550
0a0b001a 0a0a000a 10000 100 60724 3017999 193677 29261
0a090003 0a020020 10000 100 94148 2700999 510734 40295
0a050014 0a0a0004 10000 100 2075362 1361999 1852751 694574
0a050017 0a000020 10000 100 2088447 1431999 1784872 698899
0a02001a 0a040019 10000 100 303988 2931000 286697 109594
0a020020 0a000016 10000 100 2177583 1301999 1917137 728329
0a08000c 0a010011 10000 100 19010 3063999 156144 15482
0a060012 0a090001 10000 100 2181383 1652999 1568236 729591
0a030012 0a010002 10000 100 49983 2929000 292963 25716
0a010009 0a09001b 10000 100 37873 2580999 641579 21718
0a05000e 0a09000c 10000 100 794622 1494000 1730500 271619
0a0a000d 0a020007 10000 100 39900 2906999 320737 22382
0a07001c 0a0a0016 10000 100 480469 2900999 326885 167880
0a010004 0a030003 10000 100 34584 2678999 550398 20635
0a0a001b 0a0b0016 10000 100 79534 2831000 398757 35480
0a000012 0a050009 10000 100 416753 1763000 1467189 146831
0a01000c 0a080011 10000 100 2155613 586000 2646291 721083
0a000012 0a060002 10000 100 30206 3079999 152364 19188
0a080014 0a0b0015 10000 100 75004 1796999 1435484 33984
0a060020 0a080016 10000 100 28519 2615000 617569 18633
0a080001 0a07000b 10000 100 2076078 1191999 2043864 694818
0a020007 0a05001f 10000 100 159 2962999 273574 9266
0a07000e 0a020020 10000 100 79294 1652000 1584605 35388
0a0a001d 0a08001d 10000 100 189250 2916999 320426 71710
0a02000b 0a0a001a 10000 100 922546 2439000 800201 313876
0a010005 0a060003 10000 100 85867 3171000 68435 37568
0a000008 0a07000c 10000 100 213409 2684999 554811 79687
0a03000b 0a080009 10000 100 2285861 549000 2691610 764084
0a02000b 0a000007 10000 100 55902 2840000 401238 27672
0a04001d 0a020003 10000 100 97115 3069999 171310 41275
0a00001c 0a000010 10000 100 98790 2706000 536889 37586
0a000019 0a02001c 10000 100 87595 2750999 492165 38136
0a09000c 0a04000a 10000 100 84963 2903999 339501 37263
0a060010 0a06000f 10000 100 6770 2445999 799909 7203
0a050008 0a060018 10000 100 2134405 750000 2496514 714066
0a04000a 0a08001f 10000 100 468953 2906999 339962 164072
0a070007 0a06000d 10001 100 34265 3040999 206703 20518
0a090009 0a06001f 10000 100 20286 2648000 599740 15906
0a000019 0a0b000d 10000 100 63872 3154000 93790 30299
0a010014 0a08001e 10000 100 508737 2567999 681353 177218
0a0a0013 0a030007 10000 100 1626719 1562000 1688459 546415
0a0b0017 0a020020 10000 100 1570705 550999 2700798 527922
0a060013 0a050015 10000 100 1594416 506999 2745272 535740
0a09000c 0a07001d 10000 100 26558 2739999 513381 17975
0a04001d 0a06001b 10000 100 64915 1675999 1577766 30648
0a09000b 0a010016 10000 100 103523 2920999 332895 43402
0a020010 0a080007 10000 100 37764 3214999 39211 21683
0a000007 0a010015 10000 100 2038491 940999 2314902 682391
0a0b0016 0a08001f 10000 100 1616445 1010999 2245368 543020
0a06001c 0a030015 10000 100 7901 1998000 1258434 11820
0a06001f 0a020017 10000 100 823573 2256999 1000178 281191
0a02001c 0a040017 10000 100 2064100 1327000 1933098 690862
0a010006 0a090005 10000 100 234572 2521999 738301 86674
0a01001c 0a0a0003 10000 100 104374 3186000 76579 43674
0a070010 0a070014 10000 100 1742840 1097000 2166109 580517
0a040017 0a01001d 10000 100 12670 3109999 153684 13392
0a050016 0a0a0013 10000 100 86857 3128999 136971 37885
0a07001a 0a09001c 10000 100 26503 3029000 238100 17957
0a070001 0a0a001e 10000 100 39669 3141000 126145 22308
0a0a0008 0a04001d 10000 100 43310 3200000 67829 23504
0a060013 0a040003 10000 100 250334 2831999 436078 91872
0a09001c 0a080007 10000 100 433913 2092000 1176674 152506
0a080013 0a080012 10000 100 779903 1965000 1305064 262516
0a05000d 0a06000e 10000 100 468318 2056999 1213852 163869
0a06001a 0a0b000a 10000 100 30837 3223000 49446 19390
0a050016 0a030007 10000 100 490011 2060999 1211873 171026
0a090013 0a0a0007 10000 100 1345 3085000 190223 9645
0a060007 0a01001e 10000 100 67289 2147000 1128714 31423
0a090007 0a07001f 10000 100 20734 2102000 1174929 16049
0a07000a 0a010004 10000 100 1644452 1755999 1521478 552274
0a070004 0a03001f 10000 100 51655 2377999 899822 26267
0a03001a 0a020019 10000 100 89068 3216999 61432 38623
0a090005 0a040019 10000 100 47410 2769999 508550 24862
0a090019 0a090001 10000 100 209395 3144999 135142 74116
0a050002 0a030018 10000 100 63706 2984999 296893 30246
0a010015 0a000015 10000 100 640628 2256000 1025958 220775
0a020009 0a0b0013 10000 100 601230 2932999 349594 207752
0a02000d 0a07000c 10000 100 325070 2605999 678010 116555
0a030019 0a01001a 10000 100 2526169 1018999 2266445 843455
0a050002 0a04001a 10000 100 86373 3226000 61529 37730
0a000006 0a020002 10000 100 44031 2099000 1188731 23750
0a090007 0a030007 10000 100 1576731 667999 2621571 529912
0a010005 0a02000a 10000 100 74961 2178999 1111895 33955
0a0b0017 0a0b0020 10000 100 65240 3047999 243109 26512
0a060009 0a040018 10000 100 424571 1216000 2075257 149424
0a07001b 0a010007 10000 100 1609500 1750999 1540801 540721
0a00001c 0a050016 10000 100 57212 2756999 535273 28106
0a060013 0a02000a 10000 100 290 2217999 1074275 9308
0a080016 0a050010 10000 100 1880624 2200000 1092481 630261
0a01001c 0a030002 10001 100 63592 3253999 40998 30209
0a040018 0a000016 10000 100 51628 2812999 483661 26258
0a0b0019 0a02000c 10000 100 92606 2550000 747330 39786
0a080018 0a0a0001 10000 100 81357 2844999 452681 36079
0a07001d 0a080003 10000 100 193726 2724999 574525 73189
0a0b001b 0a09000d 10000 100 145051 2527999 771840 57106
0a05000b 0a06001a 10000 100 21389 3127000 174368 16274
0a0b001d 0a07000e 10000 100 41153 2808000 494871 22799
0a060006 0a020006 10000 100 919377 886999 2416678 312816
0a0b001a 0a070017 10000 100 13784 3271000 33246 13764
0a010015 0a06001d 10000 100 99295 2354000 950892 42003
0a09001c 0a020006 10000 100 14538 3138000 167503 14005
0a0b0006 0a070011 10000 100 56300 3233999 74969 27799
0a030010 0a08000b 10000 100 30976 3157000 152385 19434
0a0a0011 0a03001b 10000 100 68669 3090999 218912 31880
0a080005 0a0b0015 10000 100 1613 3259999 50115 9746
0a030012 0a010007 10000 100 19797 2602000 712106 15750
0a050011 0a0a0008 10000 100 90603 3206000 108259 39129
0a050001 0a03000d 10000 100 18993 2197999 1117752 15477
0a060010 0a050004 10000 100 87533 2582999 733703 38116
0a090012 0a060019 10000 100 2267253 119999 3196996 757945
0a070020 0a08001b 10000 100 32757 3112999 205706 20020
0a08000b 0a040015 10000 100 88365 3145999 172892 38383
0a0b0018 0a070006 10000 100 938751 2350999 968436 319215
0a0a0012 0a0a001e 10000 100 33840 3142999 176925 16142
0a080001 0a07001e 10000 100 4702 3288999 32039 10766
0a010001 0a0b001c 10000 100 2473376 1291999 2029323 826008
0a090010 0a0a0015 10000 100 53934 2681999 639582 27011
0a01000a 0a090003 10000 100 490821 2739999 582154 171300
0a0b0010 0a0b0018 10000 100 18957 3304000 18844 11225
0a01001b 0a030003 10000 100 734434 2335999 986855 251745
0a0a0005 0a06000d 10000 100 96585 2821000 502328 41105
0a06000e 0a040012 10000 100 59907 3106999 217109 28984
0a070006 0a02000b 10000 100 620710 2206000 1118938 214186
0a03001b 0a05000a 10000 100 1646275 1773000 1552058 552873
0a0a001c 0a05000a 10000 100 718755 2847999 477741 246574
0a070009 0a08001d 10000 100 1550196 386000 2939789 521144
0a04000b 0a02001c 10000 100 85360 2680999 645632 37390
0a0b0014 0a0a000b 10000 100 38251 3167000 159828 21839
0a070013 0a010009 10000 100 12097 2629999 697189 13209
0a010020 0a020004 10000 100 975 2096999 1230351 9527
0a05000c 0a090017 10000 100 2516553 757999 2571204 840271
0a03000e 0a09000d 10000 100 1017120 1356999 1972560 345107
0a000015 0a02000d 10000 100 937038 1897000 1432981 318652
0a050004 0a0a0009 10000 100 92820 3191999 138526 39854
0a040013 0a070010 10000 100 103473 2642999 687936 43371
0a07001c 0a03001f 10000 100 2284213 1894999 1436666 763541
0a0a0012 0a0a0001 10000 100 77977 3082999 248799 30711
0a040016 0a04001d 10000 100 81387 3295999 35954 31848
0a08001b 0a050005 10000 100 87918 3242999 89318 38240
0a08001b 0a02000d 10000 100 64705 3259000 74333 30581
0a0a0020 0a090017 10000 100 2587202 346000 2988422 863600
0a040019 0a010008 10000 100 45756 3011999 323116 24318
0a080009 0a0a0007 10000 100 913387 1458000 1877178 310838
0a0a0012 0a01000a 10000 100 38346 3187999 147927 21870
0a0b0016 0a050006 10000 100 57048 2975000 361344 28054
0a080004 0a01001b 10000 100 185815 3167999 168941 70565
0a00001a 0a0b0019 10000 100 34297 2184999 1153770 20528
0a0a001e 0a09000d 10000 100 43504 2687999 651634 23582
0a020016 0a06000c 10000 100 620 3059000 281750 9413
0a04000e 0a030002 10000 100 6652 2993000 348600 11405
0a04000c 0a070004 10000 100 2034595 1765000 1577068 681113
0a07000b 0a0a0020 10000 100 68577 2399999 942173 31851
0a010014 0a00001a 10000 100 62477 2063000 1279177 29837
0a05000a 0a030017 10000 100 30241 3252000 92065 19199
0a020017 0a04001c 10000 100 2469047 524000 2820561 824592
0a090009 0a09001a 10000 100 1590270 2325999 1018742 530143
0a070020 0a030006 10000 100 1659 2743999 601680 9761
0a010010 0a040012 10000 100 46331 3116999 229124 24502
0a090013 0a090019 10000 100 21690 3128999 221743 12131
0a0a0015 0a01000d 10000 100 53901 3199000 152004 27001
0a060010 0a020019 10000 100 2103 2252999 1100032 9903
0a020012 0a080003 10001 100 9490 3331000 24093 12344
0a0a001c 0a09001a 10000 100 36129 2991999 363840 21145
0a070020 0a040014 10000 100 1793810 1551999 1804245 601589
0a040007 0a04001f 10000 100 25331 1729000 1627270 13327
0a000018 0a0b0020 10000 100 75239 2155999 1201554 34059
0a01001e 0a010016 10000 100 593846 2318000 1040367 201073
0a0b0013 0a020018 10000 100 1772353 809000 2549661 594508
0a0a001e 0a04001e 10000 100 41152 3321000 39311 22798
0a08001f 0a01000b 10000 100 9997 3321999 38717 12506
0a020004 0a020003 10000 100 3873 2266999 1094182 6245
0a060019 0a09000f 10000 100 1570598 1015000 2347012 527888
0a08000b 0a060013 10000 100 31360 3235000 127336 19557
0a090014 0a050014 10000 100 1614445 549000 2813512 542365
0a070013 0a05001b 10001 100 959575 1704999 1659198 326094
0a08001b 0a02000d 10001 100 25326 3334999 29271 17565
0a06001a 0a04001a 10000 100 22946 3314000 51213 16788
0a01000c 0a04001f 10000 100 2062060 867999 2498521 690179
0a000013 0a05001e 10000 100 714786 2273999 1092772 245258
0a06000f 0a01000f 10000 100 91429 2919999 447285 39394
0a000014 0a050020 10000 100 1684412 2481999 889042 565461
0a02001e 0a010005 10000 100 91678 3297000 76301 39489
0a070003 0a0b0016 10000 100 104732 3057999 315482 43789
0a030006 0a03000c 10000 100 73707 2818999 554511 29314
0a09001a 0a090001 10000 100 20855 3115999 258381 11848
0a000001 0a010020 10000 100 1332 3072000 303750 9641
0a0a000b 0a000003 10000 100 2086593 1495000 1881289 698290
0a06000e 0a020015 10000 100 2371444 2165999 1210912 792346
0a0b001d 0a020001 10000 100 2356908 2148999 1228282 787556
0a090018 0a05000c 10000 100 40995 3311000 66972 22748
0a0a000a 0a010010 10000 100 696865 2634000 744588 239339
0a09000c 0a000008 10000 100 1034989 911000 2467639 350994
0a010018 0a05000e 10000 100 349379 1876000 1502735 124580
0a020008 0a07000e 10000 100 1025141 577999 2802578 347751
0a000002 0a0b000f 10000 100 77774 3030000 350785 34886
0a00001a 0a06000d 10000 100 49951 2151999 1230327 25706
0a030004 0a0a0014 10000 100 102829 1968000 1414497 43165
0a03000a 0a020019 10000 100 795533 1965000 1417922 271926
0a06001a 0a070014 10000 100 476299 2449999 933584 166500
0a010009 0a040002 10000 100 1883886 1384999 1999042 631335
0a000018 0a0a001d 10000 100 52161 2471999 913596 26429
0a02000c 0a03001c 10000 100 102823 2439000 948281 43163
0a01000d 0a090008 10000 100 60358 3020000 367698 29144
0a04000f 0a070014 10000 100 26603 2694000 694295 17989
0a09001c 0a020010 10000 100 428940 2415000 973363 150853
0a080010 0a060015 10000 100 99300 2978999 409369 42005
0a010007 0a08000c 10000 100 2343943 1150999 2237992 783269
0a010009 0a000018 10000 100 1817394 666999 2722624 609382
0a060004 0a00000b 10000 100 41621 3341999 50768 22948
0a09001e 0a090008 10000 100 690648 2701999 691895 233048
0a0a001f 0a000008 10000 100 1926226 2366000 1028681 645329
0a060010 0a080019 10000 100 1855516 598000 2800261 621980
0a07000b 0a0b000a 10000 100 7808 2523000 875847 11790
0a08000a 0a020005 10000 100 43040 3331000 68030 23418
0a0a001c 0a04000e 10000 100 46625 2857999 542332 24611
0a090007 0a0b0020 10000 100 58327 2485999 915113 28463
0a090007 0a000012 10000 100 21263 2694999 706132 16234
0a090015 0a070007 10000 100 61479 3124000 277668 29503
0a03001c 0a05000a 10000 100 94190 3141999 260002 40308
0a020011 0a010001 10000 100 93420 3230999 171018 40062
0a060005 0a060008 10000 100 2092416 973000 2431074 695960
0a0b0014 0a0b000d 10000 100 1551566 755000 2649441 517358
0a080002 0a020016 10000 100 66901 3327999 76731 31299
0a040006 0a060010 10000 100 60033 2628000 776827 29040
0a06000f 0a040001 10000 100 68548 3275999 129784 31841
0a040019 0a070013 10000 100 8206 2549000 857741 11918
0a050012 0a040020 10000 100 2074902 465000 2943646 694426
0a05000d 0a080011 10000 100 85959 2890000 519370 37597
0a040013 0a07000f 10000 100 78140 1948999 1462481 35018
0a070007 0a010001 10000 100 73041 3062000 350966 33325
0a05000a 0a0a0009 10000 100 102497 3168999 243983 43058
0a050016 0a080002 10000 100 102257 3317000 99202 42982
0a00000b 0a060011 10000 100 96905 3005999 412604 41208
0a070005 0a040004 10000 100 41466 3341999 77266 22899
0a08001f 0a010018 10000 100 95943 3269999 150752 40884
0a05000d 0a070005 10000 100 584329 2000000 1421560 202175
0a09000e 0a09000d 10000 100 137081 2736000 686404 50239
0a040006 0a000008 10000 100 4133 3334000 89199 10568
0a060007 0a000020 10000 100 26445 1902000 1521582 17938
0a02001f 0a07001f 10000 100 35775 2142999 1280654 21016
0a060010 0a060012 10000 100 102965 2674000 750361 38968
0a080011 0a090019 10000 100 10819 3082999 341921 12784
0a050011 0a00000a 10000 100 1941566 2507999 919091 650392
0a070011 0a08001f 10000 100 2061764 110999 3316521 690084
0a040015 0a040009 10000 100 95713 2850999 576769 36571
0a020012 0a07001d 10000 100 83718 2864999 563198 36849
0a050014 0a020016 10000 100 85763 2995999 432305 37535
0a020016 0a060012 10000 100 12281 3387999 40462 13268
0a04000d 0a0a0004 10000 100 31079 3158000 271050 19467
0a050005 0a0a000d 10000 100 455668 1623000 1806953 159683
0a020014 0a060014 10000 100 2334574 944999 2487472 780179
0a040016 0a07000d 10000 100 2597021 1412999 2019693 866850
0a09001b 0a07000f 10000 100 2291314 708999 2725455 765890
0a050010 0a0b000a 10000 100 54310 3011999 422542 27147
0a0a0016 0a04001f 10000 100 8292 2987000 448257 11945
0a040007 0a05001e 10000 100 1811945 190999 3244804 607577
0a0a000a 0a05001f 10000 100 2376502 1904000 1531872 794026
0a010005 0a040020 10000 100 603878 1608999 1827339 208631
0a080008 0a08000e 10000 100 42452 2501000 935456 18990
0a02001c 0a030019 10000 100 61283 2624000 812915 29440
0a090008 0a070005 10000 100 58599 3387999 49077 28566
0a08001b 0a040018 10000 100 2241118 837999 2599532 749320
0a00001d 0a08000e 10000 100 846423 2118000 1320133 288733
0a040004 0a02000b 10000 100 1705874 1562999 1877655 572559
0a0b0010 0a09001d 10000 100 333628 2919999 520671 119386
0a0a0002 0a010010 10000 100 38344 3396999 46154 21869
0a000019 0a040006 10000 100 99113 3272999 170742 41945
0a0b001e 0a000011 10000 100 95410 3386999 57068 40714
0a060001 0a02000a 10000 100 1928721 300999 3143535 646143
0a050007 0a060011 10000 100 370999 2455999 989255 131728
0a020013 0a080011 10000 100 39905 2792000 653263 22384
0a04000e 0a01000a 10000 100 75158 2867999 578707 34033
0a09001e 0a08000b 10000 100 211417 3131999 315392 79019
0a010005 0a04000e 10000 100 1648184 2350000 1097760 553499
0a080013 0a03000e 10000 100 349347 3001999 447501 124569
0a03000e 0a0b0013 10000 100 97117 3193000 256750 41275
0a000013 0a010012 10000 100 1607040 1737999 1716049 539918
0a03001f 0a030006 10000 100 1765568 2161999 1293912 588035
0a000006 0a050012 10000 100 48729 1624999 1831418 25300
0a01001a 0a070010 10000 100 510114 2824000 633231 177674
0a030014 0a0a0013 10000 100 60519 2667000 790442 29195
0a0b0016 0a040011 10001 100 59628 2386999 1071402 28895
0a08001f 0a09001a 10000 100 449432 2899999 559204 157626
0a01001e 0a000006 10000 100 101164 2452999 1008355 42616
0a0a0003 0a01001e 10000 100 534714 2410999 1050669 185792
0a050004 0a0a0001 10000 100 2253953 1765999 1697861 753551
0a0b000f 0a080006 10000 100 8433 3408000 56498 11990
0a060011 0a090014 10000 100 59555 3354999 110144 28872
0a050001 0a07000e 10000 100 1940456 598000 2867711 650021
0a030005 0a03000f 10000 100 1872522 1221000 2245772 623351
0a050003 0a00001a 10001 100 75954 2255000 1213295 34288
0a020015 0a050001 10000 100 354854 1732000 1736390 126393
0a0a0016 0a06000f 10000 100 86868 3096999 371498 37888
0a030002 0a070005 10000 100 60306 3357000 112109 29127
0a090001 0a030018 10000 100 1916598 1433999 2035394 642141
0a07001b 0a040018 10000 100 35127 3030999 439038 20809
0a0b0020 0a09000e 10000 100 7464 3452999 18836 11665
0a00000f 0a030018 10000 100 2066834 1126999 2345965 691752
0a000011 0a0a0020 10000 100 1576968 2041999 1431052 529988
0a05000a 0a06001e 10000 100 87086 3161000 312693 37973
0a00001f 0a070001 10000 100 70667 3393999 81312 32550
0a040020 0a08000a 10000 100 2306598 196999 3279647 770935
0a090002 0a04001b 10000 100 7534 3408000 69422 11703
0a00001f 0a09000a 10000 100 819741 1760999 1716520 279919
0a060006 0a05001f 10000 100 2262808 469999 3007969 756476
0a0a0015 0a09000d 10000 100 51383 2870000 609313 26180
0a080012 0a010005 10000 100 594 2586000 894081 9405
0a070010 0a0b0012 10000 100 59098 2501000 979696 28725
0a090006 0a03001b 10000 100 1742896 1881999 1598787 584775
0a070012 0a090001 10000 100 30406 3262000 218798 19252
0a030018 0a060005 10000 100 9080 3374999 106767 12213
0a040008 0a0b0017 10001 100 25636 3416000 66896 17680
0a090008 0a020003 10000 100 17178 3468000 17569 14881
0a000005 0a020011 10000 100 2255631 1280000 2208005 754103
0a020019 0a040019 10000 100 62074 3196000 293659 29708
0a05000b 0a090009 10000 100 6053 3268000 223685 11213
0a0b001f 0a080017 10000 100 35225 3422000 70266 20840
0a040007 0a090001 10000 100 51845 1946999 1548047 26328
0a010003 0a08000e 10000 100 14369 2618999 880441 13951
0a06001b 0a0a0006 10000 100 43431 1997000 1502894 23543
0a0a001b 0a030004 10000 100 7501 3158999 341764 11692
0a000003 0a06001b 10000 100 1946783 644000 2857166 652107
0a090009 0a000001 10000 100 81415 3429000 72292 36097
0a040001 0a010006 10000 100 37424 2870999 630556 21559
0a050017 0a03001e 10000 100 49064 3425999 76604 25407
0a01000c 0a05001c 10000 100 2485859 1154000 2349190 830141
0a090003 0a080012 10000 100 1904743 1807999 1695809 638224
0a00000a 0a050001 10000 100 94846 2066999 1437258 40533
0a010011 0a09000d 10000 100 78491 2748000 757197 35131
0a05001d 0a08000f 10000 100 32872 3420999 84798 20056
0a05000d 0a070016 10000 100 1826810 885000 2621520 612487
0a010009 0a00000a 10000 100 87784 3321999 187218 38197
0a050014 0a0a0018 10000 100 69960 2967000 542287 32309
0a060003 0a04001e 10000 100 102380 3439000 72441 43021
0a07001f 0a00000e 10000 100 32805 3328999 184095 20035
0a050014 0a010004 10000 100 51900 3379000 136911 26345
0a020012 0a010004 10000 100 94841 3442000 75590 40532
0a05000e 0a05000f 10001 100 54599 2431000 1088326 23000
0a01000b 0a080018 10001 100 1727663 1278999 2241080 579746
0a010016 0a060013 10000 100 1805496 1227000 2293127 605452
0a08001a 0a080003 10000 100 1594742 506000 3015903 531620
0a010015 0a040006 10000 100 12882 3455000 67189 13460
0a0a000d 0a06000c 10000 100 84942 2798000 724511 37256
0a07001e 0a070001 10000 100 19284 3474000 49386 11330
0a0b0007 0a00001d 10000 100 1022746 1979999 1547419 346954
0a060002 0a020013 10000 100 2318878 2373000 1154532 774987
0a020020 0a060006 10000 100 85386 1557000 1971384 37399
0a020017 0a0a001f 10000 100 52616 3180999 347943 26590
0a080011 0a03000d 10000 100 711788 2007000 1524127 244268
0a04000f 0a070015 10000 100 1690931 1874999 1656837 567624
0a000014 0a0a000a 10000 100 620243 2969999 562565 214036
0a090012 0a080011 10000 100 2199779 1721000 1812984 735662
0a02001d 0a00001e 10000 100 880376 3147000 387085 299936
0a0a0013 0a010010 10000 100 17416 3458000 76576 14957
0a000002 0a030009 10000 100 89261 2671999 864530 38685
0a010008 0a07001a 10000 100 28618 3203000 334554 18664
0a06000f 0a050014 10000 100 1980780 2347000 1191167 663340
0a0a0001 0a010011 10000 100 17411 3395000 144017 14955
0a080007 0a020020 10000 100 100538 3351999 187828 42416
0a070018 0a01000e 10000 100 102575 2409999 1130243 43083
0a070012 0a01001d 10000 100 1552903 2056000 1484538 522041
0a040018 0a040019 10000 100 23288 3124000 416619 12657
0a010016 0a080019 10000 100 60836 2467000 1074499 29297
0a0b001b 0a070016 10000 100 708759 2820000 723287 243268
0a070005 0a01000e 10000 100 2455719 1779999 1763960 820189
0a030013 0a040001 10000 100 73074 3467000 77165 33336
0a080006 0a07001f 10000 100 6919 3426999 119301 11490
0a010008 0a030007 10000 100 15423 2756999 789788 14304
0a09001a 0a03000e 10000 100 238528 3089000 460523 87986
0a020020 0a02001f 10000 100 24661 2664999 888496 13112
0a0b001b 0a0b0003 10000 100 392899 3118000 435677 134712
0a03000e 0a020012 10000 100 2163178 1441999 2111857 723581
0a04000a 0a000019 10000 100 609789 3171999 382673 210584
0a0b0005 0a080010 10000 100 47863 3286999 267915 25007
0a0b0015 0a05000d 10000 100 37024 3526000 30391 21431
0a010013 0a050016 10000 100 9246 2752000 805418 12266
0a040001 0a090013 10000 100 990864 1564000 1993848 336429
0a070014 0a0b0019 10000 100 45438 3050000 508227 24216
0a09000d 0a010005 10000 100 29845 3317000 241280 19057
0a070016 0a090013 10000 100 183008 2598000 960504 69651
0a07001b 0a050013 10000 100 17801 2710000 848621 15080
0a0b0007 0a000017 10000 100 310596 2654999 903801 111785
0a010004 0a0a001f 10000 100 103427 3325999 233162 43356
0a0b0016 0a010007 10000 100 54339 2622000 938170 27156
0a010013 0a08000b 10000 100 103592 2834000 726597 43424
0a01001c 0a050012 10000 100 2133847 1647999 1912622 713888
0a050003 0a090006 10000 100 937615 1771000 1791182 318852
0a010014 0a0a0007 10000 100 931210 2521999 1040405 316725
0a050010 0a03001b 10000 100 681744 1758000 1804827 234346
0a0b0020 0a080014 10000 100 2277037 1438000 2125235 761183
0a0b0002 0a030014 10000 100 1801063 1879000 1684841 603987
0a070009 0a0a0001 10000 100 41614 2396999 1167422 22946
0a020009 0a010010 10000 100 7924 3549000 15959 11827
0a0a000f 0a0a001a 10001 100 65570 3321999 243384 26618
0a000004 0a040015 10000 100 59508 2131000 1435317 28856
0a0a0019 0a00001f 10000 100 1978782 484000 3083816 662685
0a01001b 0a060020 10000 100 2472616 1170000 2399324 825765
0a030016 0a030006 10000 100 2291484 192999 3377299 761704
0a06000d 0a030012 10000 100 554 3562000 8810 9392
0a080001 0a090017 10000 100 74540 1897999 1674431 33820
0a08001b 0a09000a 10000 100 39612 2700000 873363 22290
0a070014 0a030011 10000 100 991231 1807999 1766015 336546
0a0a0007 0a030001 10000 100 1625061 2452000 1122298 545869
0a080020 0a00000f 10000 100 965136 1296999 2279199 327935
0a07001d 0a02001b 10000 100 98091 2964000 613478 41602
0a0a0011 0a060013 10000 100 66735 3537999 40002 31246
0a09000e 0a060005 10000 100 1281 3484999 93769 9625
0a0b001c 0a020008 10000 100 16045 2288999 1289813 14503
0a07001e 0a03001a 10000 100 1795740 1118999 2460573 602238
0a060011 0a05001c 10000 100 43956 3493000 86634 23726
0a000003 0a080013 10000 100 58343 3174999 405151 28468
0a0b001b 0a020020 10000 100 61748 3451000 129395 29604
0a070013 0a040012 10000 100 12236 2896000 684873 13253
0a0a001f 0a070007 10000 100 101833 3357000 223962 42831
0a070001 0a020001 10000 100 64911 3151999 429705 30647
0a000003 0a010005 10000 100 15230 3239999 342207 14242
0a0a000b 0a040018 10000 100 148289 3272000 310585 58173
0a080012 0a060011 10000 100 45074 1944999 1639534 24099
0a030020 0a09001c 10000 100 1009840 2151000 1434006 342701
0a00000a 0a09000d 10000 100 1826518 364999 3220798 612394
0a08001a 0a0b0013 10000 100 29489 3455999 130311 18943
0a09001c 0a080009 10000 100 27021 2115000 1471713 18138
0a0a001e 0a09000a 10000 100 2103217 1464000 2122994 703779
0a000001 0a060005 10000 100 770320 3196000 392826 263597
0a020007 0a060005 10000 100 488420 2442999 1146070 170501
0a040006 0a04001d 10000 100 18850 3543000 49021 11191
0a09000c 0a09000b 10000 100 1854150 555999 3036451 617288
0a080003 0a0b001d 10000 100 324088 3027999 564569 116241
0a050014 0a03000f 10000 100 93108 3265000 327685 39962
0a07001c 0a010007 10000 100 30799 2972999 620394 19378
0a00000f 0a020012 10000 100 28017 3501000 94071 18457
0a00001f 0a000004 10000 100 905587 1528000 2067928 304025
0a080006 0a090013 10000 100 77827 3423999 172387 34903
0a07001f 0a050016 10000 100 64275 3533999 63466 30428
0a00000d 0a060019 10000 100 99769 1773000 1824833 42155
0a03000e 0a0a0017 10000 100 22149 2847000 751058 16518
0a050003 0a01001d 10000 100 51553 3484999 114359 26234
0a020002 0a020015 10000 100 28292 3474000 125711 14305
0a04000a 0a0a000c 10000 100 1724065 1631999 1970361 578564
0a060015 0a09000c 10000 100 56097 3177999 424900 27734
0a06001d 0a020003 10000 100 56850 2547999 1054997 27975
0a07001f 0a08001e 10000 100 706279 3216999 386253 242443
0a000012 0a000002 10000 100 81107 3354000 251725 31759
0a0a0017 0a0a0002 10000 100 97036 2794000 812299 37009
0a030006 0a01001c 10000 100 42208 3108999 498038 23152
0a0a0010 0a080020 10000 100 453370 1394000 2213118 158932
0a040013 0a000020 10000 100 831758 2056999 1550776 283887
0a00000d 0a060012 10000 100 2343 2997999 610076 9980
0a030004 0a08001f 10000 100 54879 3164000 444153 27329
0a0a0013 0a050019 10000 100 71467 2844999 763838 32806
0a030008 0a0a0019 10000 100 89190 2805000 804437 38662
0a0b0010 0a09001e 10000 100 1040863 2775999 833499 352936
0a04000a 0a07001b 10000 100 70062 3405000 206079 32341
0a04001e 0a020003 10000 100 19757 3520999 90369 15737
0a070003 0a070001 10000 100 7428 3605000 10846 7413
0a00000c 0a03000d 10000 100 73492 2926999 689650 33470
0a0b000d 0a0b000e 10000 100 107849 3389999 226962 40577
0a0b0006 0a050006 10000 100 35827 3511999 106337 21033
0a080008 0a0b0007 10000 100 98945 3359000 260690 41876
0a030015 0a080006 10000 100 47062 2602000 1018885 24751
0a0b000f 0a090018 10000 100 69703 3464000 160124 32226
0a02001b 0a08001f 10000 100 9951 3578000 46737 12491
0a0b001e 0a08000c 10000 100 48 3579000 46327 9230
0a060003 0a00000b 10000 100 65838 3572000 54642 30944
0a07000c 0a03000a 10000 100 26332 2504999 1123904 17902
0a06001f 0a090005 10000 100 13358 2753999 875379 13612
0a010018 0a060017 10000 100 33961 2900999 728729 20420
0a020017 0a00001d 10000 100 85645 2923999 705739 37497
0a0a0004 0a08000c 10000 100 35979 3366000 264452 21081
0a07001e 0a030010 10000 100 75618 3435999 195588 34181
0a00001c 0a090006 10000 100 102352 2809999 821640 43012
0a07001c 0a07000d 10000 100 59203 2775000 857123 24519
0a02001f 0a0a000b 10000 100 40579 2716999 915401 22615
0a06000e 0a0a0001 10000 100 110224 3549000 83612 45608
0a0b0003 0a000012 10000 100 17188 3302999 329627 14884
0a03000e 0a010007 10000 100 22397 3013000 620215 16597
0a050007 0a0b000b 10000 100 12092 3054999 579110 13207
0a0b0005 0a030014 10000 100 2084460 1681999 1954111 697577
0a0b0001 0a060010 10000 100 49541 2892000 744510 25575
0a01000d 0a020017 10000 100 782381 2720000 917374 267579
0a0b0017 0a010020 10000 100 1563846 1177000 2460947 525651
0a070016 0a070017 10000 100 589009 2436999 1201537 199479
0a080007 0a03001f 10000 100 9743 3588000 51662 12425
0a0a0003 0a06000e 10000 100 999824 2271000 1368888 339388
0a050010 0a04000e 10000 100 1587870 970999 2669858 533584
0a06001e 0a030013 10000 100 80233 3347000 295811 35704
0a01001c 0a0a0017 10000 100 574074 2632999 1011818 198786
0a0a0013 0a04001f 10000 100 508463 2958999 686218 177115
0a0b001e 0a040007 10000 100 48664 2181000 1464367 25279
0a030005 0a0b000a 10000 100 24762 3595000 51220 17384
0a05000a 0a0b001a 10000 100 1625520 1711999 1934410 546016
0a02000b 0a090008 10000 100 44348 2935000 711479 23852
0a090014 0a07001d 10000 100 94073 2788999 857615 40271
0a070010 0a020006 10000 100 14546 3632999 16733 14008
0a09000a 0a050001 10000 100 1982852 1026999 2623283 664018
0a010004 0a09001c 10000 100 67 3641999 9947 9236
0a01000b 0a040011 10000 100 2301228 595000 3058339 769170
0a05000b 0a0a001a 10000 100 158582 3311000 342885 61574
0a09001d 0a010006 10000 100 1047686 2459999 1197069 355196
0a0a001e 0a040014 10000 100 69552 3573999 83260 32178
0a09000e 0a03000d 10000 100 973403 3070999 588306 330657
0a010013 0a0b001e 10000 100 20648 3086999 575407 16022
0a040003 0a09000f 10000 100 82682 3543999 119134 36518
0a080006 0a0b0004 10000 100 75012 3608000 56292 33987
0a0a0005 0a040006 10000 100 57410 3043000 622923 28170
0a040018 0a090017 10000 100 143857 1781000 1887427 56708
0a09000f 0a03001a 10000 100 54659 3540000 128529 27259
0a050017 0a06000c 10000 100 2008335 1763999 1906703 672434
0a09001c 0a0b000a 10000 100 2163204 879000 2793352 723589
0a01000b 0a030002 10000 100 70918 3618000 54639 32631
0a060008 0a020002 10000 100 69047 2994999 677846 32016
0a04000b 0a090017 10000 100 50001 1719999 1952951 25722
0a0b0003 0a000011 10000 100 77192 3275000 398728 34700
0a060017 0a05000e 10000 100 98601 2010000 1663803 41766
0a07000a 0a0a0008 10000 100 369281 3337000 338478 131163
0a09001e 0a010009 10000 100 79716 3386999 289074 35538
0a04000e 0a020013 10000 100 76931 2919999 756334 34616
0a050011 0a01000c 10000 100 31088 3409000 268581 19470
0a080004 0a090015 10000 100 27671 3602000 75758 18346
0a03000e 0a050010 10000 100 2146870 1498999 2178868 718193
0a030007 0a06000f 10000 100 89750 2893999 784982 38841
0a06000e 0a060018 10000 100 369911 3494999 186376 127125
0a070004 0a0a0003 10000 100 1703394 1592000 2089527 571735
0a02000e 0a0a0003 10000 100 89234 3608000 76413 38676
0a0b0017 0a09000e 10000 100 50403 3565000 121434 25851
0a060011 0a080020 10000 100 30448 2115999 1570712 19265
0a000001 0a010004 10000 100 93340 3645999 41286 40036
0a000016 0a08000d 10000 100 99583 3435000 254564 42095
0a0b001c 0a0b0013 10000 100 85875 2706000 984456 33330
0a07001c 0a0a0010 10000 100 46380 3585000 105913 24517
0a07000a 0a030019 10000 100 92729 2988999 702556 39825
0a03001d 0a090016 10000 100 2202227 24999 3668044 736476
0a060005 0a030014 10000 100 47340 3066000 627719 24840
0a070003 0a010020 10000 100 64004 3301000 392849 30341
0a020012 0a040018 10000 100 46274 3395000 299318 24483
0a010001 0a030004 10000 100 12281 3542000 152463 13268
0a060011 0a08000c 10000 100 100966 3474000 221170 42553
0a000020 0a090020 10000 100 58961 1920999 1775069 28681
0a030016 0a01000a 10000 100 8029 3425000 271120 11861
0a02000f 0a0b0007 10000 100 71302 3542000 154497 32753
0a04001f 0a04000b 10000 100 736797 2896999 800353 248292
0a020004 0a05000a 10000 100 240214 2256999 1441244 88541
0a0a0006 0a07000c 10001 100 219339 2939999 758623 81646
0a05000b 0a0a000d 10000 100 29583 3321000 379315 18973
0a0a0013 0a08000e 10000 100 47772 2722000 978521 24978
0a080018 0a01000d 10000 100 99833 3129999 571400 42175
0a030008 0a08000d 10000 100 80230 3572000 130380 35703
0a0a000d 0a010001 10000 100 4909 3429999 273599 10832
0a0a0020 0a060016 10000 100 25510 3585000 119677 17639
0a070015 0a03001c 10000 100 90159 3301999 403180 38987
0a0b0012 0a02000f 10000 100 39990 2616999 1089227 22411
0a04001e 0a050004 10000 100 29911 3638999 68393 19078
0a0b0013 0a09001d 10000 100 2148696 1551999 2156489 718793
0a030020 0a0b0016 10000 100 43219 2743000 966307 23475
0a00001c 0a000003 10000 100 63879 2860999 850426 26061
0a020013 0a090008 10000 100 36092 2982999 728852 21133
0a09001f 0a000004 10000 100 97200 2328000 1384181 41302
0a01000d 0a020018 10000 100 71405 3023000 689520 32786
0a060004 0a050006 10000 100 32806 3612999 100475 20035
0a040020 0a0b0017 10000 100 53915 2007000 1707009 27005
0a05001d 0a000020 10000 100 67169 3073999 640641 31385
0a08001f 0a060002 10000 100 299602 3226000 488810 108144
0a07001f 0a0b000c 10000 100 54251 3687000 32981 27128
0a04000e 0a04001b 10000 100 16999 3445000 276299 10584
0a0b0017 0a080009 10000 100 14114 2288999 1432501 13870
0a060004 0a040008 10000 100 69670 3683000 38830 32216
0a070013 0a0b0010 10000 100 71435 3014000 708993 32796
0a0a0016 0a0a000f 10000 100 990768 2684000 1040342 332158
0a0a0013 0a09000b 10000 100 24921 3627000 98061 17435
0a060010 0a040003 10000 100 99298 2995999 729774 42004
0a070018 0a050020 10000 100 1039952 1443999 2282969 352644
0a07001a 0a04000b 10000 100 979618 2975000 752463 332723
0a000015 0a00001a 10000 100 867808 1199999 2527657 291552
0a030018 0a0a0004 10000 100 1687838 724000 3005468 566603
0a07000a 0a020014 10000 100 62663 3562000 167738 29897
0a0b0009 0a0a0010 10000 100 1926509 1677000 2054338 645420
0a070009 0a010011 10000 100 88907 2492999 1239810 38571
0a080015 0a07000e 10000 100 3129 3204999 529035 10247
0a060015 0a0a000c 10000 100 79084 2452999 1281390 35320
0a09001a 0a01001a 10000 100 50936 3389999 344809 26021
0a0a0002 0a0a001a 10000 100 465779 3412999 323035 158786
0a010015 0a04001f 10000 100 286251 3197000 539985 103734
0a020002 0a050003 10000 100 84004 3529000 208208 36956
0a000003 0a03001b 10000 100 100546 3331000 406275 42419
0a070005 0a020011 10000 100 93724 3601000 136329 40159
0a0b0011 0a090011 10000 100 686163 3004000 733761 235807
0a0b000c 0a03000f 10000 100 90065 3340999 396772 38957
0a000007 0a02000e 10000 100 97025 3471000 266802 41246
0a060017 0a09000e 10000 100 23903 3176000 563577 17094
0a0a001f 0a02000b 10000 100 3657 3351999 388383 10416
0a04001c 0a00000d 10000 100 867378 1435000 2306040 295654
0a020017 0a04000e 10000 100 86660 3079999 664437 37822
0a09000b 0a0b001e 10000 100 79424 3327999 417046 35429
0a050003 0a09000a 10000 100 31928 2902000 845094 19754
0a090008 0a020008 10000 100 1931384 2118999 1628515 647026
0a0a0009 0a05001c 10000 100 58792 3521999 226028 28627
0a09000f 0a0b0013 10000 100 37091 3677000 71114 21453
0a060009 0a070012 10000 100 1793311 1020000 2729779 601430
0a05000b 0a050007 10000 100 860818 2406999 1342792 289238
0a050012 0a060001 10000 100 44602 2641999 1110933 23933
0a0a0004 0a050008 10000 100 51772 3151999 603797 26304
0a070014 0a020008 10000 100 259378 2582999 1173201 94858
0a010019 0a0a0009 10000 100 23503 1938000 1818629 16966
0a09001a 0a06000b 10000 100 12829 3570999 186464 13443
0a050006 0a02001b 10000 100 238723 3578000 179526 88048
0a0b0007 0a0a0010 10001 100 454 3745000 12607 9360
0a060018 0a08000f 10000 100 725841 2856000 902576 248903
0a070014 0a000012 10000 100 29875 3527999 232712 19067
0a020007 0a06000a 10000 100 41836 2549000 1212059 23017
0a010016 0a0b001e 10000 100 542404 3027000 734162 188329
0a090020 0a060015 10000 100 18349 2145999 1616511 15271
0a04000a 0a06000c 10000 100 5206 3457000 305677 10927
0a08000e 0a07001c 10000 100 1650975 828999 2933841 554423
0a070014 0a06000c 10000 100 97339 3347999 416269 41346
0a030013 0a000010 10001 100 82326 3183000 583140 36389
0a08001e 0a0a0004 10000 100 2452391 2151000 1615183 819078
0a0b0020 0a06000d 10001 100 62394 3451000 316387 29811
0a010017 0a080014 10000 100 335028 2028999 1738526 119849
0a060010 0a090012 10000 100 88629 3033999 734169 38482
0a0b0003 0a0a0018 10000 100 2378 3078000 690844 9991
0a030012 0a0b000e 10000 100 50009 3565000 204628 25725
0a04000e 0a0b0015 10000 100 5422 3570999 198636 10996
0a0a001b 0a050004 10000 100 59797 3536000 235238 28949
0a020017 0a02001b 10000 100 58733 3468999 302353 24368
0a030013 0a09000b 10000 100 357731 3553000 219542 127344
0a01000e 0a00000b 10000 100 101724 2736000 1036651 42796
0a0b0014 0a06000d 10000 100 54669 3621000 151822 27262
0a07001b 0a02001e 10000 100 100769 3482999 290453 42490
0a020007 0a09000e 10000 100 2064579 712999 3061101 691016
0a06000b 0a00001c 10000 100 33034 3350999 423550 20124
0a020016 0a030019 10001 100 248472 2675999 1099237 91260
0a0b0014 0a080009 10000 100 6472 2356000 1419883 11347
0a010017 0a090008 10000 100 3435 3553999 222016 10345
0a05001b 0a01001e 10000 100 852167 1665999 2110348 290633
0a030014 0a06000b 10000 100 62063 3135999 640697 29705
0a030003 0a0b001b 10000 100 17308 3122000 654746 14922
0a070015 0a090013 10000 100 34346 3203999 572935 20544
0a0a0003 0a060006 10000 100 2118223 675000 3102548 708735
0a00000b 0a0a0013 10000 100 531198 1992999 1785508 184636
0a050016 0a030015 10000 100 479720 2158000 1621765 167625
0a080016 0a080001 10000 100 24092 3701999 80112 12930
0a020015 0a030015 10000 100 1710482 864999 2917597 574080
0a010003 0a020009 10000 100 77250 3631999 151991 34718
0a0b0006 0a0a0012 10000 100 36938 3707999 76324 21404
0a06001b 0a030006 10000 100 52868 2161000 1624763 26670
0a030010 0a040019 10000 100 1038023 2250999 1535549 352011
0a050006 0a060013 10000 100 104392 3661000 125558 43680
0a0a0001 0a07001f 10000 100 65979 3697999 91196 30989
0a070016 0a0a001e 10000 100 1924876 1477999 2311826 644882
0a060006 0a09000d 10000 100 66645 1683000 2107085 31217
0a090015 0a030019 10000 100 657800 1995999 1795580 226439
0a0a0009 0a070014 10000 100 16106 3615000 176660 14522
0a0a001d 0a010002 10000 100 370570 3174999 616688 131591
0a030010 0a050009 10000 100 1691913 488999 3303618 567938
0a020010 0a020004 10000 100 1988383 1781000 2011789 661609
0a0b001d 0a000018 10000 100 70905 3245000 549136 32626
0a0b0004 0a07001d 10000 100 1578520 761999 3033717 530500
0a080006 0a0b0005 10000 100 72655 3501000 295327 33202
0a050004 0a020009 10000 100 45587 3704999 92649 24264
0a0b0014 0a000007 10000 100 185572 3199000 598865 70487
0a090007 0a0b001e 10000 100 18985 3237999 560375 15474
0a01001a 0a060018 10000 100 7662 3618000 180377 11744
0a02001e 0a060016 10000 100 34475 3586999 213227 20585
0a010015 0a020017 10000 100 1792936 2748000 1053006 601310
0a090011 0a070016 10000 100 9255 3298000 503632 12269
0a020017 0a030006 10000 100 820178 2461000 1343884 280058
0a07001f 0a030015 10000 100 32070 2763999 1041402 19800
0a08000d 0a020018 10000 100 54716 3188999 616970 27277
0a040018 0a06001a 10000 100 37644 3527999 278692 21645
0a040017 0a010020 10000 100 98034 3099000 707953 41584
0a000020 0a070019 10000 100 75755 2510000 1297859 34224
0a090011 0a000018 10000 100 73594 3207999 600092 33518
0a000018 0a030018 10000 100 1805051 331000 3477557 605309
0a020006 0a020017 10000 100 15942 3550999 257802 10230
0a000012 0a0a0004 10000 100 81198 3542000 268386 36028
0a04000c 0a06000e 10000 100 11904 3478999 331845 13132
0a010014 0a0a0004 10000 100 206896 3122999 688804 77526
0a040002 0a0a001d 10000 100 1896393 2458999 1353269 635476
0a090012 0a020020 10000 100 934401 3034999 777809 317777
0a06001d 0a070015 10000 100 6302 2750999 1062674 11293
0a00001d 0a08001d 10000 100 1470 3403000 411499 9685
0a0b001c 0a080010 10000 100 14778 3167999 647240 14082
0a020002 0a010014 10000 100 814068 2076000 1739619 278042
0a0b0003 0a000014 10000 100 56131 3458999 356714 27745
0a010010 0a060015 10000 100 2338445 2317000 1500059 781448
0a050002 0a09001d 10000 100 10072 3723000 94072 12530
0a04001c 0a06000e 10000 100 2502291 188999 3629219 835568
0a010007 0a03001b 10000 100 711212 2075000 1743331 244083
0a0a000a 0a080014 10000 100 35188 3030999 788160 20828
0a07000e 0a04000f 10000 100 4120 3266999 553586 10564
0a040020 0a0a0013 10000 100 77901 2111000 1709658 34927
0a080003 0a030016 10000 100 31028 3467000 353689 19451
0a04001a 0a090016 10000 100 935236 2046000 1775131 318060
0a020018 0a050017 10000 100 87319 3161999 660684 38048
0a09000f 0a010020 10000 100 875365 2193000 1631090 298287
0a0a0004 0a01001f 10000 100 85432 3067999 756218 37413
0a020006 0a090018 10000 100 108530 3559999 264780 45050
0a090017 0a050001 10000 100 1931575 456999 3369900 647087
0a04001b 0a0b0015 10000 100 44627 3650000 179129 23941
0a0b000a 0a0b0009 10001 100 1729930 1848000 1982692 576263
0a01001d 0a0b0016 10000 100 2208490 961999 2869848 738542
0a080008 0a060007 10000 100 1556509 514000 3320282 523226
0a04001a 0a0a0014 10000 100 607035 2181000 1653929 209672
0a030018 0a010011 10000 100 634188 1476000 2359173 218637
0a03000b 0a050011 10000 100 89503 3246999 588912 38762
0a080009 0a0a0010 10000 100 11600 2328999 1506994 13034
0a000020 0a00001b 10000 100 343072 3163000 674309 118260
0a020009 0a080006 10000 100 14493 3811000 26710 13991
0a0b0001 0a05001f 10000 100 67627 3436999 402840 31547
0a020002 0a030015 10000 100 915422 903999 2937593 311520
0a040001 0a060014 10000 100 881231 1529999 2312283 300225
0a000020 0a09001b 10000 100 2568957 1701000 2141430 857577
0a010018 0a050009 10000 100 2539537 532000 3310528 847871
0a0a001f 0a020010 10000 100 50745 3723999 120677 25960
0a07001c 0a000016 10000 100 34492 3552000 292995 20590
0a07000a 0a06001c 10000 100 9747 3403999 441222 12426
0a020003 0a0b0002 10000 100 1017970 2831999 1015081 345379
0a080019 0a020005 10000 100 14736 2720000 1127571 14069
0a00001e 0a04000b 10000 100 165107 3451000 396651 63739
0a08001a 0a040009 10000 100 54590 2987000 861446 27237
0a05001b 0a01001f 10000 100 268517 2575000 1273989 97890
0a010013 0a0b0020 10000 100 17090 3384999 464872 14853
0a0b001c 0a01001b 10000 100 54139 2995999 856058 27092
0a08001d 0a010013 10000 100 1012405 2554999 1297106 343537
0a01001f 0a00000b 10000 100 44260 3327999 526296 23824
0a010020 0a000018 10000 100 2336920 1866999 1989957 780945
0a04000f 0a040018 10000 100 693609 3275000 583140 234026
0a020002 0a0b0016 10000 100 1664676 733999 3124650 558945
0a05000a 0a02001c 10000 100 1558401 1712999 2148066 523847
0a080001 0a090002 10000 100 72215 3657999 204816 33061
0a030009 0a050006 10000 100 51745 3170000 693023 26296
0a0b0004 0a0a0015 10000 100 55540 3722000 148060 27556
0a0a0015 0a060009 10000 100 744298 1592000 2278869 255009
0a05001e 0a050010 10000 100 47658 3726000 144878 20702
0a000009 0a030012 10000 100 21352 3363999 507124 16263
0a020018 0a0b001e 10000 100 75951 3311000 560416 34287
0a09001d 0a0b0002 10000 100 1898313 2730999 1141244 636105
0a05000e 0a020007 10000 100 40812 3282999 590433 22689
0a00000d 0a060017 10000 100 2412252 1193000 2680458 805834
0a040006 0a07000b 10000 100 58070 2935000 940076 28381
0a030017 0a01000e 10000 100 100515 2420999 1454196 42409
0a060002 0a080008 10000 100 740591 3235000 640715 253776
0a04000c 0a060011 10000 100 27641 3481000 394783 18336
0a010020 0a030002 10000 100 86536 3439000 436821 37782
0a080018 0a000013 10000 100 62381 2866000 1010105 29807
0a000011 0a01000b 10000 100 13906 3850000 26147 13803
0a000003 0a010005 10001 100 97348 3603999 273267 41349
0a0a0010 0a070009 10000 100 2385960 389999 3487376 797144
0a05000c 0a010007 10000 100 74350 3236999 642473 33760
0a040003 0a010011 10000 100 1957445 2152999 1728249 655627
0a02000d 0a070005 10000 100 320459 3448000 433489 115033
0a000002 0a070010 10000 100 93797 3359000 522633 40182
0a040015 0a020011 10000 100 583005 2478000 1403751 201736
0a050020 0a080018 10000 100 60652 3261000 621795 29238
0a050010 0a0b000a 10001 100 82446 3651000 234923 36427
0a010011 0a010004 10001 100 92651 3563000 323196 35560
0a01001d 0a080020 10000 100 73248 2171999 1715190 33392
0a030006 0a070006 10000 100 56387 3506000 382002 27827
0a090020 0a090018 10000 100 5358 2236000 1652668 6736
0a070004 0a03001d 10000 100 1802665 1077000 2811689 604515
0a0a000e 0a010010 10000 100 2416901 997000 2892346 807368
0a0b000a 0a04000d 10000 100 38949 3853999 36720 22063
0a040004 0a01001d 10000 100 15051 3866000 25821 14185
0a07001d 0a080002 10000 100 436833 3089000 803489 153471
0a070011 0a04001b 10000 100 2325606 76000 3817098 777217
0a01001c 0a040016 10000 100 150102 3631000 263814 58784
0a01000e 0a090015 10000 100 1827187 931999 2962842 612623
0a08001e 0a030002 10000 100 2405353 2435999 1459640 803550
0a0a000b 0a06000c 10000 100 45528 3742999 156111 24245
0a07000b 0a010010 10000 100 2485952 1296000 2604944 830171
0a020019 0a0a0009 10000 100 59334 3608999 292951 28801
0a080008 0a0a001f 10000 100 2219849 876999 3027035 742284
0a050002 0a05000a 10000 100 59071 3859000 45196 24477
0a07001d 0a080005 10000 100 452503 3014000 890539 158639
0a02001d 0a090020 10000 100 2411212 1152000 2754320 805486
0a090009 0a090018 10000 100 18849 3810000 97205 11191
0a00000a 0a0b0009 10000 100 483350 1271999 2635326 168833
0a05001c 0a01000d 10000 100 10848 3886000 21554 12794
0a020018 0a0b0013 10000 100 47714 3286999 620680 24960
0a06000f 0a040008 10000 100 78216 3723999 184131 35043
0a030003 0a0b0009 10000 100 2255371 608000 3301031 754020
0a010018 0a06000f 10000 100 53229 3720000 191720 26786
0a09001c 0a040003 10000 100 816681 2021999 1889816 278909
0a04000e 0a000012 10000 100 55468 3415000 496997 27518
0a05001b 0a09001d 10000 100 1683088 576000 3340571 565037
0a08000b 0a09001d 10000 100 21119 3879000 40328 16188
0a000017 0a060001 10000 100 469471 2618000 1302333 164238
0a070016 0a07001f 10000 100 57111 3037000 884624 23834
0a000007 0a09001a 10000 100 61033 3681999 241070 29360
0a010012 0a07001b 10000 100 63248 3843000 81905 30099
0a07000a 0a020014 10001 100 92789 3791000 136133 39844
0a080004 0a080020 10000 100 2586955 447000 3480898 859281
0a000017 0a0a0005 10000 100 772192 1649000 2278907 264211
0a07000e 0a090019 10000 100 2389557 185999 3743004 798342
0a020016 0a060019 10000 100 2311498 398000 3531820 772549
0a0b0016 0a06001d 10000 100 2081448 823999 3105848 696583
0a000004 0a000003 10000 100 278330 1709000 2221433 96882
0a01001a 0a010011 10000 100 38891 3485999 448985 17804
0a080005 0a01000e 10000 100 386182 2220999 1714908 136741
0a030007 0a0b0006 10001 100 49988 3341999 594534 25718
0a060015 0a01000e 10000 100 104465 2593999 1343149 43704
0a030010 0a020006 10000 100 27154 3899000 39796 18181
0a03000d 0a050018 10000 100 2509334 1343999 2594930 837884
0a010001 0a07001d 10001 100 53388 3449999 489410 26837
0a01000e 0a040020 10000 100 45434 1730999 2209281 24215
0a090001 0a080002 10000 100 34385 3595999 345711 20556
0a090007 0a020012 10000 100 13366 3445000 496824 13615
0a03000a 0a060018 10000 100 89747 3563000 379078 38840
0a000013 0a03001e 10000 100 34017 3364999 577574 20438
0a080010 0a0b0010 10000 100 641487 3497000 446059 221049
0a0a0011 0a09001e 10000 100 1787985 2716999 1226334 599664
0a070005 0a090013 10000 100 75614 3857000 86548 34179
0a080001 0a00000f 10000 100 26821 3844000 99610 18059
0a04001b 0a030012 10000 100 1915 3867000 77438 9843
0a000007 0a040016 10000 100 64040 3629999 316344 30353
0a000008 0a04000c 10000 100 6359 3572999 373639 11311
0a020018 0a02001c 10001 100 52324 3138999 808560 22241
0a0a0009 0a070020 10000 100 445641 2697000 1250728 156382
0a0a0012 0a020001 10000 100 101799 3173000 776445 42820
0a080013 0a020002 10000 100 41735 3895000 54484 22985
0a05000a 0a0a0012 10000 100 50038 3870999 79347 25734
0a00000e 0a070003 10001 100 587699 2821999 1130141 203284
0a040004 0a000002 10000 100 1834278 1722999 2233315 614954
0a02001a 0a010017 10000 100 71619 3700999 255889 32855
0a060020 0a03001d 10000 100 1978919 1155999 2802243 662729
0a0b0015 0a040009 10000 100 1571554 2550999 1407302 528194
0a0b001f 0a040017 10000 100 10598 3540999 418158 12714
0a000002 0a050006 10000 100 65925 3468000 492643 30971
0a03000a 0a010015 10000 100 102961 3566000 395666 43207
0a0a000f 0a090012 10000 100 61234 3769999 191933 29424
0a08001f 0a07001d 10000 100 4541 3464000 498012 10714
0a06000b 0a030007 10000 100 554134 2844000 1118598 192206
0a03000f 0a000011 10000 100 1840111 1415000 2548189 616882
0a060014 0a08001c 10000 100 1924933 1876999 2087994 644900
0a07001d 0a030004 10000 100 1676522 2377000 1588081 562859
0a050011 0a0b0011 10000 100 104531 3465999 499132 43725
0a04001e 0a020019 10001 100 446236 2919000 1047281 156572
0a030004 0a0b0002 10000 100 62000 3256000 710320 29685
0a0a0006 0a090018 10000 100 12343 3929000 37334 13288
0a040015 0a050011 10000 100 39660 3618999 348213 22305
0a030013 0a05001d 10000 100 17618 3946999 20454 15022
0a040012 0a070005 10000 100 249554 2775999 1191457 91622
0a010017 0a040020 10000 100 1917021 777000 3190758 642292
0a06001a 0a09000c 10000 100 101638 3663000 306288 42768
0a00001e 0a000006 10000 100 2065700 2363000 1606324 687150
0a040005 0a060020 10000 100 36795 2972999 996852 21358
0a03000b 0a000011 10000 100 99906 3383999 586615 42199
0a070002 0a04000e 10000 100 223033 3527999 442698 82859
0a040019 0a05000c 10000 100 39385 3720999 250279 22217
0a04000b 0a020017 10000 100 66282 3503000 468876 31101
0a080012 0a0b0020 10000 100 35573 2840000 1133129 20952
0a090015 0a070007 10001 100 18641 3932999 41431 15364
0a010013 0a06000c 10000 100 1045331 2494000 1480677 354411
0a060017 0a010013 10000 100 4175 2867000 1107909 10582
0a020018 0a060011 10000 100 888907 3122000 853657 302758
0a090019 0a070003 10000 100 451721 3602999 373102 158389
0a08001b 0a070005 10000 100 56029 3943000 33403 27712
0a00001e 0a0a0008 10000 100 883917 3286999 689850 301115
0a070012 0a010008 10000 100 836039 2531999 1445178 285303
0a03001a 0a040010 10000 100 1775198 1351999 2625502 595449
0a060017 0a03000a 10000 100 1701414 1975000 2002517 571086
0a0a001e 0a06001f 10000 100 2170877 1848999 2128884 726121
0a000007 0a08000f 10000 100 100303 3697999 281335 42326
0a010020 0a08001b 10000 100 92651 3582000 398885 39800
0a030014 0a06001b 10000 100 42086 2073000 1908401 23112
0a0b0012 0a060008 10000 100 96090 2174999 1806503 40947
0a02000f 0a000001 10000 100 2363929 604000 3378546 789864
0a08000b 0a05000d 10000 100 58528 3847000 136577 28543
0a000016 0a05000b 10000 100 14033 3723999 260025 13844
0a030013 0a060008 10000 100 78662 3346000 638615 35185
0a030019 0a02000b 10000 100 69333 2935999 1048933 32108
0a060016 0a0a0012 10000 100 11256 3884999 100946 12924
0a090015 0a02001e 10000 100 52112 3726999 259070 26413
0a06001b 0a0b001a 10000 100 1650508 1565999 2421501 554273
0a050002 0a010005 10000 100 61275 3919999 67621 29437
0a07000a 0a05001f 10000 100 50262 3654000 334135 25806
0a020007 0a0b0006 10000 100 73918 3802999 185305 33621
0a06001c 0a000009 10000 100 36937 3184000 804883 21403
0a060015 0a060016 10000 100 763021 3138999 850939 256944
0a070018 0a0a0005 10000 100 101776 3118000 874124 42812
0a030014 0a080009 10000 100 1680048 1579000 2414280 564033
0a000008 0a050007 10000 100 2305207 2501999 1491862 770474
0a0a000d 0a0a0002 10000 100 56330 3432000 564534 23569
0a020015 0a050019 10000 100 605472 1920000 2076875 209156
0a00000b 0a090018 10000 100 40660 3812999 184427 22641
0a060001 0a0a000d 10000 100 5411 3650000 348240 10992
0a060013 0a0b000a 10000 100 1831174 1574000 2424376 613930
0a01001d 0a0a0005 10000 100 42254 3397999 600498 23166
0a03000b 0a04001b 10000 100 451488 2435999 1563818 158299
0a030004 0a010011 10000 100 10678 3596999 404691 12739
0a08001c 0a02000a 10000 100 26754 2547999 1454658 18037
0a0a001b 0a03001b 10000 100 199591 3382000 620971 75127
0a080002 0a02000a 10001 100 61670 2566000 1438478 29579
0a0b0020 0a090019 10000 100 5378 3980000 24701 10982
0a020016 0a01000a 10000 100 9997 3959999 45429 12506
0a000010 0a0b0018 10000 100 24526 3240999 765224 17309
0a020015 0a0b0006 10000 100 87963 3779999 226680 38254
0a000006 0a06001c 10000 100 55807 2377000 1629913 27641
0a000012 0a08000e 10000 100 379814 2863999 1143347 134641
0a0b000f 0a07001f 10000 100 87582 3782999 225217 38132
0a02000c 0a030007 10000 100 37123 2275999 1734088 21463
0a02000f 0a05001c 10000 100 80369 3846000 169791 35747
0a070004 0a05001a 10000 100 24654 3611000 405485 17350
0a060003 0a040005 10000 100 91551 3877999 140153 39448
0a01001c 0a01000e 10000 100 3041 3533999 487180 5979
0a04001e 0a000007 10000 100 102528 3821999 199431 43068
0a040008 0a060015 10000 100 44274 3539000 482471 23828
0a02001a 0a040020 10000 100 56372 2435000 1586960 27822
0a060007 0a020002 10000 100 797890 1000999 3024291 272696
0a0b0008 0a050005 10000 100 73211 3608000 417298 33380
0a010018 0a080015 10000 100 88806 3805999 219399 38539
0a0a000e 0a0a000d 10000 100 1759341 1644000 2383466 585966
0a050016 0a070009 10000 100 2290484 1294000 2733636 765609
0a080014 0a0b000e 10000 100 65439 3389000 640385 30816
0a0b0009 0a090014 10000 100 795842 2374999 1655259 272025
0a02001b 0a05000d 10000 100 813962 2668999 1361607 278008
0a0a0019 0a00001b 10000 100 1927512 684999 3346474 645756
0a060004 0a070012 10000 100 1805229 2987000 1044856 605366
0a010003 0a0b0020 10000 100 2404307 1673000 2359083 803200
0a0a0001 0a050006 10000 100 2303053 1665999 2366692 769769
0a010017 0a0a000e 10000 100 90770 3647000 385883 39183
0a0a0005 0a0b0014 10000 100 1601783 943999 3089289 538175
0a000017 0a020008 10000 100 1891963 610999 3422314 634012
0a070020 0a030007 10000 100 1755649 1675999 2357884 588994
0a040017 0a08001d 10002 100 33851 3660000 375927 20385
0a06001a 0a040016 10000 100 88473 3756999 279430 38417
0a010013 0a0a0003 10000 100 15724 3591000 446119 14400
0a02000b 0a030009 10000 100 84743 3056999 981495 37193
0a09000d 0a01000f 10000 100 1888761 2635999 1402808 632957
0a0a0011 0a00001b 10000 100 102640 3985999 54634 43104
0a05000e 0a06000a 10000 100 1839910 1258000 2782865 616817
0a07000e 0a04001f 10000 100 2377544 159999 3881116 794375
0a070012 0a010011 10000 100 267035 3415000 626448 97400
0a030004 0a010003 10000 100 1640214 501999 3541249 550872
0a0a0014 0a06000f 10000 100 69319 2625000 1420240 32104
0a040003 0a0a0015 10000 100 521061 3618999 426394 181284
0a060020 0a03000c 10000 100 67387 3037999 1010198 31455
0a0a0008 0a0b0003 10000 100 5247 3396000 653854 10940
0a08001c 0a0a001f 10000 100 8776 3952999 97157 12100
0a0a001e 0a070015 10001 100 97625 3448999 601345 41453
0a02000a 0a0a000c 10000 100 2561750 444000 3607260 855194
0a08000e 0a04001d 10000 100 95344 2946999 1104486 40693
0a07001b 0a0b001c 10001 100 31834 3354999 696750 19724
0a09000a 0a09001e 10000 100 1902 2941000 1111096 5599
0a07000c 0a010013 10000 100 1693728 1216000 2838544 568549
0a090007 0a070001 10000 100 88555 3552000 505572 38459
0a070002 0a0a001c 10000 100 843897 2566999 1490778 287894
0a02000e 0a030003 10000 100 63930 3383999 674245 30318
0a030002 0a090009 10000 100 83843 3655999 402968 36889
0a020015 0a000003 10000 100 915683 2186000 1875611 311603
0a060015 0a07000f 10000 100 2043776 1639999 2421908 684144
0a03000b 0a04000b 10000 100 636839 2089999 1972291 219516
0a090018 0a090010 10000 100 89628 2981000 1083191 34562
0a04001c 0a020015 10000 100 104507 3344999 720424 43717
0a04000f 0a03001d 10000 100 2420428 1673000 2392680 808528
0a090009 0a080014 10000 100 42870 3402000 663921 23363
0a04001c 0a02000e 10000 100 54780 3474000 593650 27297
0a0a0013 0a030009 10000 100 2333921 2203000 1865831 779954
0a00000a 0a02000e 10000 100 11603 4033000 36241 13035
0a04001c 0a020005 10000 100 56139 3454000 618447 27748
0a060017 0a00000a 10000 100 365509 3223000 850105 129910
0a09000d 0a070008 10000 100 2567039 1477000 2597412 856948
0a07000a 0a040011 10000 100 63786 3154000 922282 30272
0a030018 0a020012 10000 100 991508 1175000 2904994 336650
0a0b0006 0a070013 10000 100 37891 3419999 660685 21724
0a050009 0a020003 10000 100 1653648 1683000 2398897 555309
0a0a001d 0a07000a 10000 100 48185 4052000 31654 25126
0a070016 0a040003 10000 100 62456 3439000 645607 29831
0a070003 0a05000f 10000 100 9143 3429000 655786 12233
0a02001b 0a060014 10000 100 340385 2912999 1172224 121609
0a020020 0a000010 10000 100 89168 3242999 843318 38655
0a05000d 0a00001a 10000 100 1034586 1157999 2929175 350865
0a03001a 0a000015 10000 100 2035629 1067999 3021550 681460
0a090012 0a0b0008 10000 100 2136644 2243000 1848355 714814
0a0b001b 0a000009 10000 100 3687 3592999 499016 10425
0a000004 0a070002 10000 100 292198 1949999 2143169 105698
0a0b0008 0a0b0004 10000 100 121139 3520000 573331 44968
0a030006 0a03001d 10000 100 76337 3220000 873374 30171
0a03000c 0a00000d 10000 100 2474857 676999 3416503 826498
0a06000c 0a04000f 10000 100 604113 3043000 1051153 208706
0a00000a 0a09000b 10000 100 70587 3850999 243260 32525
0a02000b 0a0a0013 10000 100 5766 3686000 411206 11106
0a0a0008 0a0a001e 10000 100 19156 3704999 393476 11289
0a05000e 0a050013 10000 100 640235 2057999 2040855 216393
0a020008 0a02001c 10000 100 2237091 520999 3580458 743746
0a03000e 0a07000c 10000 100 102219 3386999 714932 42969
0a03000d 0a030004 10000 100 19574 4022000 80234 11438
0a07001c 0a030007 10000 100 74485 3527000 575903 33803
0a070015 0a040016 10000 100 11826 3555000 548022 13107
0a030020 0a07001f 10000 100 65244 3030999 1072669 30753
0a00001c 0a09000c 10000 100 47426 3518999 585774 24867
0a04001d 0a080009 10000 100 1806640 1422000 2682958 605833
0a040018 0a0b0019 10000 100 890681 3363000 742899 303341
0a080003 0a040007 10000 100 2342864 737000 3368909 782908
0a090013 0a06001f 10000 100 389337 2015999 2090080 137781
0a000004 0a080019 10000 100 984374 630000 3476209 334291
0a010001 0a060008 10000 100 1829817 2837999 1268301 613480
0a02000a 0a040019 10000 100 91154 2592999 1514295 39306
0a00001f 0a020020 10000 100 7970 4046000 61443 11842
0a030008 0a06000b 10000 100 770672 3076000 1031518 263710
0a0a0004 0a05000b 10000 100 102893 3941000 168018 43185
0a090001 0a0a001f 10000 100 61280 3687999 422456 29439
0a020014 0a080020 10000 100 94835 2531999 1579111 40530
0a030007 0a0b0004 10000 100 613267 2014999 2096235 211727
0a01001c 0a040003 10001 100 1020323 3429999 681342 346163
0a050007 0a01001a 10000 100 2447260 1991000 2121685 817390
0a050002 0a01001a 10000 100 79410 3932999 179829 35425
0a080002 0a02000a 10000 100 1800697 2017999 2095060 603870
0a0b0012 0a020002 10000 100 918864 1556000 2558783 312652
0a0b0006 0a0b001e 10000 100 94327 3936000 179684 36112
0a0a0004 0a020010 10000 100 2544322 1397999 2718026 849448
0a06000a 0a04001b 10000 100 2525686 912000 3204247 843285
0a090015 0a000006 10000 100 46348 3285999 832214 24507
0a04001c 0a0b0003 10000 100 29340 3380000 740035 18896
0a080003 0a03000b 10000 100 79608 3774000 346077 35504
0a060008 0a06000c 10000 100 1904910 1134000 2987421 634038
0a0b001a 0a0b0020 10000 100 73176 3928000 194941 29128
0a02001c 0a080012 10000 100 1975992 1794999 2328130 661761
0a04001e 0a000020 10000 100 3718 3716000 407148 10435
0a090002 0a010010 10000 100 56127 4009000 114228 27744
0a000016 0a06001d 10000 100 92032 2874999 1249298 39602
0a010007 0a0b0013 10000 100 967544 2151999 1972797 328736
0a010007 0a060017 10000 100 61252 2722000 1402815 29430
0a000012 0a000008 10000 100 103323 4060000 65198 39083
0a0b0016 0a0b0007 10000 100 91238 3974000 152726 35093
0a00000d 0a04000d 10000 100 59480 3576000 551010 28848
0a090014 0a08001a 10000 100 62908 3697999 432061 29975
0a080009 0a0b0012 10000 100 46674 2026000 2104395 24627
0a04001c 0a09001f 10000 100 17508 3686000 445132 14986
0a010017 0a000015 10000 100 319480 2416000 1715304 114705
0a050015 0a04000d 10000 100 14228 1214000 2917314 13906
0a04001e 0a080009 10000 100 64029 2565000 1567244 30349
0a06001f 0a05001a 10000 100 786370 2681999 1450366 268902
0a01001a 0a05000c 10000 100 35272 3969999 163189 20855
0a04000d 0a040011 10000 100 2582385 1175000 2959074 857773
0a04001c 0a09001c 10000 100 85724 3640000 494406 37522
0a01000b 0a010006 10000 100 37125 3469999 665567 17224
0a03000f 0a03000a 10000 100 25949 3360000 776680 13540
0a0a001b 0a060008 10000 100 11260 3552000 584853 12926
0a03001d 0a09001e 10000 100 92305 3504000 633319 39689
0a050012 0a050009 10000 100 19927 1846999 2291001 11551
0a000013 0a030014 10000 100 493150 2216000 1922168 172061
0a0b000d 0a020005 10000 100 2275 4124000 14396 9958
0a060005 0a020008 10001 100 81415 3295000 843953 36097
0a01001e 0a0a001c 10000 100 2444624 1484999 2654024 816516
0a010011 0a0b0009 10000 100 32181 2503000 1638062 19835
0a000003 0a08000e 10000 100 2003692 1118000 3025896 670902
0a08001b 0a01001f 10001 100 1818018 2553000 1590969 609597
0a050008 0a0b0013 10000 100 1554994 1533000 2612881 522726
0a00000d 0a090009 10000 100 41651 3612000 535855 22958
0a0a0006 0a0b0018 10000 100 1614656 2743000 1405233 542432
0a060010 0a030020 10000 100 1579822 2171999 1976666 530932
0a07001b 0a0a000a 10000 100 58644 4022000 127020 28580
0a07000e 0a070006 10000 100 27767 3475999 673345 14137
0a0b0014 0a07001f 10000 100 918571 2053999 2097833 312558
0a0b0016 0a080012 10000 100 745254 1954000 2200352 255315
0a060011 0a0a0020 10000 100 930884 3070999 1083732 316621
0a070005 0a05001b 10000 100 83707 4023999 131858 36846
0a010006 0a090005 10001 100 19331 3065000 1093068 15585
0a060008 0a000003 10000 100 2229893 956999 3202272 745606
0a010016 0a040010 10000 100 33415 3115999 1043295 20246
0a0a000b 0a060015 10000 100 9422 3488999 671241 12322
0a090011 0a05001f 10000 100 1741282 2696000 1464303 584243
0a050004 0a0b0007 10000 100 8799 4006000 154404 12107
0a0a0020 0a020018 10000 100 15278 3808000 353828 14257
0a07000a 0a01001c 10000 100 692373 3736999 424875 237855
0a070007 0a050007 10000 100 12813 3821999 340843 13438
0a08000b 0a010010 10000 100 800811 3318000 847049 273661
0a04000e 0a080014 10000 100 100503 2975999 1189333 42405
0a08001e 0a010019 10000 100 24938 2562000 1603520 17441
0a0b001e 0a030012 10000 100 41295 4061999 103659 22844
0a090011 0a030003 10000 100 1565484 2347999 1820890 526190
0a070002 0a060010 10000 100 2099822 849000 3321100 702647
0a0a0018 0a09001f 10000 100 69887 3298999 873562 32285
0a040009 0a06001a 10000 100 2201646 2015999 2157490 736275
0a070002 0a08000e 10000 100 104737 3067999 1105998 43791
0a020008 0a0b0012 10000 100 12975 2528999 1646261 13490
0a070016 0a0a0011 10000 100 57529 3540999 634640 28208
0a050008 0a0b001f 10000 100 1187 3465000 711075 9595
0a030003 0a060002 10000 100 2498062 1164000 3012117 834169
0a02001b 0a0b001c 10000 100 60231 3409999 766394 29103
0a04001e 0a0b000c 10000 100 78001 4020000 157202 34974
0a0a0008 0a02000c 10000 100 533631 2345999 1833554 185430
0a02000a 0a080018 10000 100 1954435 1484000 2695572 654633
0a020009 0a070019 10000 100 1765094 1995999 2183607 592108
0a03001a 0a070018 10000 100 86525 3897999 282117 37778
0a03000e 0a01000e 10000 100 297361 3556999 623818 107412
0a080020 0a010013 10000 100 2098370 1137999 3043643 702167
0a010012 0a09001c 10000 100 43970 3983999 198266 23731
0a03000d 0a020011 10000 100 21514 4165000 18855 16314
0a0a0005 0a090002 10000 100 89061 3606999 578422 38621
0a0b0013 0a04000e 10000 100 708640 3291000 894579 243230
0a0a001a 0a070007 10000 100 2287004 1951999 2233811 764465
0a04001a 0a03001d 10000 100 70682 3831999 354008 32555
0a060008 0a06001d 10000 100 2423 2758000 1428605 5766
0a0b0014 0a090020 10000 100 15140 2360000 1826980 14213
0a010018 0a07001a 10000 100 82003 3825999 361463 36285
0a0a0008 0a090014 10000 100 95430 3645999 541911 40720
0a050011 0a07001c 10000 100 42637 3995000 195678 23289
0a010005 0a090010 10000 100 2656 3180999 1009881 10080
0a020013 0a0b0005 10000 100 540866 2727999 1463276 187822
0a09001b 0a070009 10000 100 19908 2260999 1930592 15785
0a0a0004 0a05001f 10000 100 92711 3742999 451368 39819
0a020013 0a04000f 10000 100 83355 3454000 740797 36733
0a080014 0a080009 10000 100 1683476 622999 3573164 560921
0a0b0006 0a0a001f 10000 100 55810 4080000 116173 27642
0a0b0018 0a08001d 10000 100 28316 4166999 30284 18552
0a0a0005 0a070019 10000 100 58061 2706000 1491719 28378
0a04000d 0a000015 10000 100 2545736 1196000 3002459 849916
0a03001e 0a02000a 10000 100 178527 2458000 1740550 68171
0a090008 0a000010 10000 100 1000005 2987000 1213536 339446
0a0b000c 0a070001 10000 100 480665 3785000 415918 167943
0a090003 0a040019 10000 100 63890 3930000 270931 30305
0a070008 0a010004 10000 100 74000 2802999 1398475 33648
0a08001d 0a060013 10000 100 31938 4092000 110051 19758
0a0b0007 0a0b0012 10000 100 2005799 1371999 2830621 667367
0a0a000f 0a010018 10000 100 2295349 1000999 3201705 767227
0a060019 0a0b000c 10000 100 82825 2899000 1305902 36564
0a000015 0a000006 10000 100 2090575 1343999 2861611 695355
0a0b0007 0a0b0018 10000 100 49763 4013000 195149 21406
0a06001c 0a090019 10000 100 40573 3661999 548316 22613
0a01000a 0a08001b 10000 100 99890 4159999 51404 42193
0a090014 0a070017 10000 100 81969 3905000 307957 36274
0a0b001e 0a0a001d 10000 100 42834 4144000 69234 23352
0a040003 0a02000c 10000 100 1865502 1892000 2321759 625268
0a060008 0a010016 10000 100 17439 3850999 363759 14964
0a0b0007 0a030007 10000 100 406244 3340000 875421 143360
0a030019 0a0b001c 10000 100 2516651 1087000 3128803 840302
0a030007 0a0a0011 10000 100 41612 3810000 406513 22945
0a04001e 0a03000c 10000 100 266739 3752000 464647 97290
0a020019 0a07000b 10000 100 2132967 1392000 2824733 713591
0a0b0017 0a0b0015 10000 100 35361 4166999 50097 16644
0a040011 0a070006 10000 100 60532 2784000 1433515 29200
0a0a0001 0a080017 10000 100 61600 3957999 259719 29557
0a030005 0a010011 10000 100 55289 3831000 388879 27460
0a060001 0a040013 10000 100 1586698 1247999 2972158 533194
0a08000a 0a050006 10000 100 79770 3981000 239386 35555
0a0a0008 0a000018 10000 100 10586 3344000 876653 12710
0a020016 0a050014 10000 100 19709 4126999 94552 15721
0a05000b 0a0a0016 10000 100 2478418 2125000 2096816 827683
0a010018 0a0b001c 10000 100 1885257 1036000 3189169 631789
0a080002 0a0a0010 10000 100 68584 4118000 108135 31853
0a000001 0a070009 10000 100 1923021 1866000 2360305 644273
0a090006 0a000016 10000 100 42218 3612000 617526 23155
0a03000b 0a07001f 10000 100 725091 2213999 2015620 248663
0a08001f 0a03000a 10000 100 94816 3660000 569859 40524
0a080020 0a040016 10000 100 75305 2877999 1352627 34080
0a09000b 0a00001c 10000 100 101435 3285000 945997 42703
0a030010 0a080017 10000 100 81994 3929000 303478 36282
0a070009 0a060010 10000 100 2034475 1510000 2722762 681075
0a090008 0a0b000e 10000 100 28350 3887999 345010 18563
0a020005 0a03000a 10000 100 1853477 1912000 2321835 621297
0a010016 0a04001e 10000 100 51822 4151000 82889 26320
0a010006 0a00000d 10000 100 2150134 1830999 2404588 719269
0a01000c 0a08000b 10000 100 1023579 3148000 1087794 347236
0a000011 0a060007 10000 100 1768888 1144999 3092426 593368
0a0a0015 0a020006 10000 100 77934 3854999 383108 34937
0a080009 0a00001e 10000 100 1814403 1988000 2250921 608394
0a060003 0a05000d 10000 100 21518 4044999 195017 16316
0a070003 0a090018 10000 100 92829 4035000 205804 39857
0a03000a 0a0a0005 10000 100 1647531 2945000 1295823 553290
0a010006 0a0a0011 10000 100 457926 3301999 939604 160436
0a05001f 0a05000b 10000 100 136058 3913999 327634 49896
0a09001f 0a06001a 10000 100 922515 3128999 1113462 313866
0a020014 0a0a001c 10000 100 99160 3956000 288076 41960
0a03001d 0a060013 10000 100 93774 3956000 288311 40175
0a010013 0a010014 10000 100 2506185 2240999 2003630 832605
0a080013 0a02000f 10000 100 64852 4172000 74153 30628
0a09001b 0a020009 10000 100 97385 3134000 1113047 41361
0a02001c 0a010012 10000 100 47565 4139000 109828 24912
0a03001f 0a040005 10000 100 88771 4167999 82706 38528
0a0b0016 0a050014 10000 100 22865 4178000 73357 16762
0a060015 0a080014 10000 100 65655 3046000 1205807 30885
0a04001b 0a080004 10000 100 25048 3912999 340340 17476
0a030007 0a080001 10000 100 71992 3769999 483690 32974
0a06001a 0a060009 10000 100 673905 2526000 1729787 227521
0a070010 0a000018 10000 100 702892 3328999 927048 241329
0a0a001b 0a06000a 10000 100 4468 2988000 1268050 10675
0a070004 0a0b0009 10000 100 1656300 821000 3438175 556188
0a01000e 0a06000f 10000 100 39692 3736999 525914 22316
0a070009 0a000016 10000 100 1761447 2977000 1286283 590911
0a040003 0a000016 10000 100 29820 4187999 75777 19049
0a08000a 0a04001f 10000 100 2563399 2445000 1819171 855737
0a010014 0a08000f 10000 100 21460 4198999 66279 16297
0a020013 0a03000d 10000 100 29066 3661999 603838 18808
0a080019 0a05001b 10000 100 60007 2750999 1516053 29032
0a0a0001 0a05001d 10000 100 346217 3988000 280405 123537
0a060007 0a0a000b 10000 100 54140 2615999 1652631 27093
0a02000d 0a020019 10000 100 79547 3628000 642989 31244
0a0b001b 0a020008 10000 100 62703 3576000 695316 29910
0a030003 0a0a0015 10000 100 441710 3034999 1236468 155078
0a050019 0a04001d 10000 100 17810 3177999 1096085 15083
0a0a0014 0a01000e 10000 100 102044 2259000 2016161 42913
0a04001c 0a010011 10000 100 96994 3637000 638636 41236
0a070009 0a09001d 10000 100 29962 3889000 386871 19095
0a03001d 0a00001c 10000 100 47446 3601000 675381 24874
0a090011 0a070013 10000 100 4112 3664000 612805 10561
0a080020 0a080004 10000 100 45839 2972999 1305736 20104
0a080010 0a020006 10000 100 40260 3873000 405834 22497
0a030013 0a060019 10000 100 580954 2053000 2225990 201064
0a080012 0a020014 10000 100 35539 3347000 932537 20941
0a0b001f 0a00001d 10000 100 1668767 2658000 1621807 560301
0a01000d 0a07001d 10000 100 33077 3930000 349948 20137
0a02000a 0a07001c 10000 100 341595 3119999 1160009 122012
0a020002 0a070009 10000 100 75978 3684000 596109 34296
0a010008 0a010003 10000 100 1654240 2102999 2177485 551258
0a090020 0a04000b 10000 100 2240292 348000 3932584 749041
0a010003 0a08000f 10000 100 49876 4157000 123786 25682
0a0b0016 0a000005 10000 100 724100 2932999 1349568 248330
0a020010 0a0a001e 10000 100 84761 4235000 48052 37199
0a03001d 0a07001c 10000 100 91828 4000000 283290 39537
0a040002 0a010017 10000 100 444439 3758000 525753 155982
0a0a0006 0a04000b 10000 100 61341 3964999 319729 29458
0a0b0014 0a090009 10000 100 871633 2102999 2181833 297062
0a0b001b 0a020003 10000 100 55710 4214999 71915 27610
0a010003 0a0b0006 10000 100 62712 4141999 144932 29912
0a060010 0a040007 10000 100 2525037 407000 3882277 843078
0a09000b 0a0a000b 10000 100 65372 3644000 648110 30794
0a090001 0a07001a 10000 100 146070 3389999 902452 57447
0a020019 0a000020 10000 100 2510485 2157000 2135684 838267
0a070014 0a07001d 10000 100 2027 4020000 275422 5639
0a01001c 0a0a000d 10000 100 16733 4139999 155943 14738
0a09000d 0a090014 10000 100 38253 4266999 30041 17600
0a0b0016 0a060018 10000 100 61218 4185999 111840 29419
0a02001f 0a03000b 10000 100 24985 3116999 1182137 17456
0a04001c 0a040020 10000 100 1947206 141000 4158870 648018
0a060012 0a050010 10000 100 247883 3769999 529906 91072
0a0a0002 0a09001e 10000 100 87232 4212999 88362 38020
0a040013 0a060019 10000 100 2236091 1211999 3089511 747650
0a080003 0a030018 10000 100 2389158 1299999 3004586 798199
0a06000e 0a02001c 10000 100 72080 4230000 75227 33018
0a000007 0a09001e 10000 100 1918953 1206000 3101888 642925
0a06000c 0a00000e 10000 100 632161 3098000 1210030 217973
0a090011 0a0b001a 10000 100 20445 4284999 23176 15957
0a000006 0a000007 10000 100 32125 3559000 749992 15577
0a090019 0a06001b 10000 100 505421 2249999 2060321 176111
0a0a0009 0a0a000d 10000 100 82166 3883000 429500 32097
0a0b0008 0a060015 10000 100 543460 2233999 2079006 188682
0a060018 0a07001a 10000 100 1043439 2880999 1432934 353791
0a020017 0a09001c 10000 100 333917 3913999 401100 119478
0a04001e 0a070006 10000 100 34907 4246999 68507 20738
0a040020 0a010007 10000 100 570052 1840999 2475985 197468
0a06000d 0a060013 10000 100 28574 4237000 80222 14410
0a090009 0a06000a 10000 100 1655141 1662000 2656903 555802
0a04001b 0a0a0011 10000 100 55398 3988000 332294 27495
0a0b001f 0a080014 10000 100 91291 3517000 803547 39350
0a08000e 0a08001f 10000 100 2014741 1105000 3215548 670320
0a010007 0a04001e 10000 100 57572 3462999 858436 28222
0a0a0015 0a0a000d 10000 100 76221 3660000 661455 30134
0a050016 0a05001d 10000 100 1934260 3173000 1149151 643737
0a060006 0a000006 10000 100 4468 2152999 2169908 10675
0a000020 0a0b001b 10000 100 66740 3730999 592140 31248
0a010014 0a04000c 10000 100 1763271 2602999 1720275 591510
0a070009 0a020012 10000 100 80707 4258999 66355 35855
0a020003 0a060020 10000 100 2050670 2056999 2269063 686426
0a020011 0a09001c 10000 100 173248 3983000 343381 66421
0a010017 0a010001 10000 100 43563 4133999 194544 19360
0a090008 0a080017 10000 100 1764490 3497000 833683 591915
0a06001d 0a0b0005 10000 100 95521 2897999 1433012 40749
0a080015 0a040008 10000 100 58354 4242000 89509 28472
0a03000f 0a010005 10000 100 1022513 2177000 2156547 346879
0a08001e 0a070009 10000 100 97862 3917000 417055 41529
0a0b0019 0a02001e 10000 100 83635 3785999 550200 36823
0a04001e 0a00001c 10000 100 2194482 1124999 3211713 733905
0a06001a 0a0a000d 10000 100 1784318 3174999 1162642 598460
0a080007 0a000014 10000 100 35885 4035999 306337 21051
0a040003 0a0b0017 10000 100 43393 4251999 90828 23531
0a0a0015 0a07001a 10000 100 82536 3782000 561006 36471
0a04001c 0a060016 10000 100 133414 3896000 447770 53259
0a080013 0a010020 10000 100 2033386 2543999 1800242 680711
0a010017 0a020013 10000 100 1664440 1172000 3173618 558870
0a040005 0a020019 10000 100 1692283 3229000 1117567 568072
0a0a0004 0a040012 10000 100 1998531 1410000 2936912 669204
0a0b001a 0a01001f 10000 100 87500 3664999 682533 38106
0a030010 0a060010 10000 100 1656819 1160999 3187020 556354
0a02000f 0a07001d 10000 100 2395337 614999 3734103 800237
0a05000a 0a0a0008 10000 100 3038 3942000 408097 10218
0a07001e 0a090017 10000 100 523017 1920000 2430942 181926
0a01000b 0a05000c 10000 100 97305 4275000 76009 41336
0a040016 0a0a0017 10000 100 2101028 2141999 2209328 703048
0a080015 0a01001c 10000 100 1176 4309999 41975 9591
0a01000e 0a060002 10000 100 58681 3847000 508026 28592
0a060008 0a00001d 10000 100 1577307 1843000 2513101 530096
0a020008 0a070004 10000 100 1670908 1923999 2432219 561001
0a0b0006 0a070017 10000 100 970696 3261000 1095357 329776
0a07000c 0a050015 10000 100 91150 1080000 3278416 39304
0a010016 0a09001e 10000 100 63303 4256000 104195 30117
0a060020 0a060005 10000 100 82635 3227999 1134666 32263
0a070010 0a040018 10000 100 44622 4253999 109538 23939
0a08000e 0a03000a 10000 100 102931 3422999 941766 43197
0a01001a 0a04001f 10000 100 69558 4187999 178826 32180
0a01001b 0a05000d 10000 100 311031 4041999 326587 111924
0a040016 0a090009 10000 100 50165 4096999 271728 25775
0a000011 0a08001a 10000 100 1030101 3583999 785212 349384
0a090001 0a0a000e 10000 100 4513 4108999 260324 10705
0a03000c 0a08001b 10000 100 280138 3808000 561553 101716
0a03001b 0a0b001b 10000 100 95236 4198000 171681 40658
0a080020 0a0a0005 10000 100 38160 2965000 1405309 21810
0a01001d 0a01000c 10000 100 2362851 886999 3485953 785279
0a020017 0a02001d 10000 100 104238 4010999 362017 39391
0a03000d 0a000013 10000 100 1759282 2748000 1625504 590187
0a09001a 0a07000d 10000 100 79573 3108000 1265827 35492
0a040011 0a05001a 10000 100 53348 3343000 1030943 26824
0a0b001b 0a040016 10000 100 1941782 3449999 927115 650461
0a030008 0a0a001b 10000 100 435776 3622999 754152 153118
0a070004 0a08001d 10000 100 15328 3853999 523172 14273
0a080011 0a08001e 10000 100 1939982 1136000 3241191 645630
0a03001d 0a080011 10000 100 1593909 2997000 1381898 535578
0a000011 0a050020 10000 100 97426 4209000 170140 41374
0a060017 0a030002 10000 100 25426 3916000 463214 17597
0a05001f 0a08001d 10000 100 101631 4150000 229440 42766
0a06000b 0a03001c 10000 100 337195 3644999 735124 120558
0a080016 0a05001f 10000 100 36644 4334000 46178 21310
0a090015 0a080006 10000 100 594362 3275999 1104248 205493
0a000016 0a090016 10000 100 3684 3295000 1085906 10424
0a080003 0a080018 10000 100 2494225 974999 3406126 828655
0a0a0018 0a09000d 10001 100 12546 3529000 852958 13352
0a010017 0a07001b 10000 100 1578975 1601999 2781100 530646
0a03001d 0a010005 10000 100 102293 4251999 131258 42993
0a040009 0a030005 10000 100 544285 2897999 1486394 188946
0a000002 0a020005 10000 100 1844204 1348999 3036550 618238
0a050002 0a0b0019 10000 100 1821231 3383999 1003170 610656
0a040013 0a050014 10000 100 86055 3125999 1262568 37628
0a040018 0a050013 10000 100 75175 3125999 1263428 34039
0a080011 0a01001b 10000 100 989723 2373999 2016269 336048
0a000003 0a05001d 10000 100 42768 4249000 143484 23331
0a070012 0a040006 10000 100 73772 4232999 159736 33575
0a010007 0a000015 10000 100 36732 2740999 1652654 21338
0a000018 0a080018 10000 100 10315 3298999 1096554 12608
0a08000c 0a080002 10000 100 1882 3897999 497716 5592
0a030007 0a050020 10000 100 54204 4034000 361869 27113
0a000003 0a000015 10000 100 1971855 1520000 2878975 656152
0a020001 0a0a000a 10000 100 1626478 684999 3715829 546338
0a060011 0a05001f 10000 100 1797278 2621000 1780029 602745
0a000018 0a06000d 10000 100 917443 1180000 3221169 312182
0a09001f 0a030003 10000 100 86339 3820000 582419 37719
0a090002 0a020011 10000 100 97628 4179999 222940 41454
0a070016 0a03000b 10000 100 2482125 1528000 2875583 828900
0a08001c 0a070018 10000 100 567476 3294000 1111070 196613
0a060010 0a06001f 10000 100 139424 2949999 1460750 51004
0a03000d 0a02000a 10000 100 82950 3699000 713163 36604
0a040006 0a030007 10000 100 76917 4088999 323773 34612
0a060015 0a09000f 10000 100 84229 3759000 653885 37028
0a06001c 0a0a0018 10000 100 1832213 291999 4121371 614278
0a000008 0a0b0004 10000 100 561742 4004999 408548 194717
0a02000a 0a0b000b 10000 100 1858110 2789999 1624939 622826
0a040001 0a01001c 10000 100 4872 4394999 20546 10820
0a08000a 0a0b0007 10000 100 74789 4119000 296980 33900
0a040003 0a0a0008 10000 100 58772 4083999 332102 28621
0a080017 0a030016 10000 100 1833024 3125000 1292323 614552
0a000002 0a070012 10000 100 61191 3899999 517456 29410
0a02001b 0a0b0013 10000 100 36063 4251999 166802 21124
0a00001b 0a010001 10000 100 54357 4173999 245026 27162
0a060006 0a040007 10000 100 66732 1484000 2935654 31245
0a06001c 0a030010 10000 100 1411 3945999 475481 9666
0a060019 0a020007 10000 100 64199 3112000 1310300 30404
0a090006 0a08001f 10000 100 91672 3928000 495192 39487
0a040019 0a09000c 10000 100 48234 3913999 509585 25141
0a020012 0a030014 10000 100 74650 4314000 109814 33856
0a010004 0a0a0014 10000 100 1916035 591999 3831894 641961
0a090001 0a090020 10001 100 62559 2311000 2112903 25624
0a090016 0a050010 10000 100 3497 3050000 1374717 10365
0a050009 0a030007 10000 100 477466 1832000 2593561 166888
0a000002 0a080008 10000 100 672649 2961000 1464603 231344
0a0a0014 0a0a0006 10000 100 94765 2961000 1465063 36267
0a040019 0a040007 10000 100 2424119 1306000 3120069 805515
0a02001b 0a010016 10000 100 2434857 2237999 2188435 813298
0a010003 0a010008 10000 100 80808 3691999 734846 31648
0a00000e 0a0b0010 10000 100 18858 4355000 72015 15434
0a0a001b 0a09000f 10000 100 33787 4213999 213484 20365
0a01000e 0a05000b 10000 100 1024189 2096000 2332900 347431
0a060009 0a020018 10000 100 68578 2366000 2063171 31851
0a02001f 0a0b0012 10000 100 1623935 1394000 3035272 545494
0a09000b 0a060006 10000 100 1635210 251999 4179922 549224
0a06001a 0a00001b 10000 100 268949 4113999 319132 98028
0a030014 0a0a001c 10000 100 187130 3929000 505187 71001
0a0b0004 0a01000a 10000 100 1872139 1296000 3139180 627469
0a040017 0a000017 10000 100 2108458 2514000 1921458 705502
0a010008 0a040018 10000 100 1616963 2083000 2353988 543186
0a000005 0a01001d 10000 100 2271879 2095000 2342607 759471
0a070002 0a0b0001 10000 100 87981 3984999 452888 38260
0a030010 0a050012 10000 100 95574 3090999 1348170 40766
0a040020 0a02000a 10000 100 28925 1959999 2480424 18763
0a050010 0a070010 10000 100 9531 4356999 83765 12357
0a010014 0a08001f 10000 100 9343 4239999 201742 12297
0a00001d 0a04001f 10000 100 90980 4101999 340421 39250
0a070006 0a06000b 10000 100 1738820 3386000 1057831 583440
0a00000d 0a040005 10000 100 26717 3911000 533473 18025
0a040014 0a090002 10000 100 58775 4333000 112092 28622
0a070015 0a030007 10000 100 104850 3186000 1259953 43827
0a08001f 0a070020 10000 100 2108654 2560999 1885360 705565
0a020012 0a030011 10000 100 1574003 2439000 2010208 529008
0a04001c 0a070016 10000 100 51945 3501999 947354 26360
0a03000c 0a070019 10000 100 58706 3086999 1363123 28600
0a0a0008 0a060006 10000 100 6546 2390999 2059269 11371
0a00001d 0a020001 10000 100 664098 3374999 1075321 228515
0a060007 0a00001a 10000 100 30058 1655999 2794898 19141
0a00001d 0a060007 10000 100 62225 2605999 1845863 29757
0a050010 0a010020 10000 100 971977 2089999 2362397 330185
0a04001d 0a02000f 10000 100 30305 4284999 169256 19220
0a040007 0a07001b 10000 100 104448 2632999 1822415 43698
0a0a000a 0a0b000f 10000 100 47499 4336999 118629 24891
0a030011 0a030010 10000 100 1919056 541000 3914773 638718
0a09000f 0a010007 10000 100 337411 2988000 1469414 120627
0a000005 0a08000a 10000 100 26480 3956999 500445 17950
0a00000e 0a000010 10000 100 4437 3565000 893216 6425
0a070015 0a07001d 10000 100 98555 3193999 1266498 37511
0a060008 0a080020 10000 100 995697 1842000 2620424 338022
0a010005 0a030004 10000 100 17431 4439000 24337 14962
0a020015 0a0a0009 10000 100 281736 3918999 545767 102243
0a050014 0a08001d 10000 100 15945 4395999 70216 14471
0a0a001b 0a060006 10000 100 69253 2605999 1861081 32082
0a030014 0a080016 10000 100 80587 4334000 134165 35817
0a060020 0a030012 10000 100 18202 3344999 1123348 15224
0a060013 0a060011 10000 100 257316 3726000 742936 89943
0a030005 0a0b001b 10000 100 60610 4364999 104603 29224
0a07000b 0a05000b 10000 100 1826312 1685999 2783958 612328
0a0a0007 0a00001e 10000 100 79640 4327000 143224 35514
0a090015 0a050007 10000 100 79654 4155999 316714 35518
0a080012 0a070010 10000 100 32264 3697000 777438 19862
0a0b001f 0a080010 10000 100 1626931 3043000 1431504 546483
0a070015 0a040003 10000 100 61272 3742000 733251 29436
0a0b0009 0a090012 10000 100 507 3225000 1250834 9377
0a09000d 0a090004 10000 100 512504 1000000 3476587 174214
0a0b0007 0a020007 10000 100 21174 4325999 150845 16206
0a02001e 0a000014 10000 100 42916 4065000 412054 23378
0a040007 0a090013 10000 100 611970 1510999 2966097 211297
0a09000d 0a070012 10000 100 46949 4402999 74972 24715
0a000007 0a09001b 10000 100 1577463 1198000 3281125 530146
0a090013 0a000010 10000 100 62182 3275000 1204130 29743
0a030007 0a000019 10000 100 462364 2726999 1753394 161902
0a060011 0a0b0011 10000 100 1996647 2289999 2190736 668586
0a050009 0a050012 10000 100 1681279 968000 3512789 560187
0a000019 0a06000a 10000 100 96586 3112000 1369088 41105
0a03001a 0a010005 10000 100 700 4451000 30090 9439
0a030006 0a09000a 10000 100 2135098 1946999 2534186 714304
0a020010 0a050017 10000 100 1776255 3471000 1012535 595803
0a010006 0a080014 10000 100 62951 3513000 971390 29989
0a010014 0a040018 10000 100 6075 4465000 20729 11220
0a040009 0a0a0005 10000 100 51933 3196000 1290732 26356
0a06000b 0a070009 10000 100 35090 2789999 1696738 20797
0a03001e 0a02001f 10000 100 1781207 308999 4178578 597433
0a080009 0a0b0016 10000 100 70506 3070999 1417645 32499
0a040009 0a020004 10000 100 44004 2423999 2066597 23742
0a080002 0a050007 10000 100 91267 4375999 117675 39342
0a020015 0a000015 10000 100 46840 3632999 860694 24680
0a040003 0a0a000a 10000 100 47925 4380000 114745 25027
0a06000f 0a08000f 10000 100 78332 4380000 114876 35080
0a000003 0a09001a 10000 100 31620 4407999 87280 19656
0a000007 0a0a0005 10000 100 22622 4042999 452382 16684
0a07001f 0a01000e 10000 100 24024 4433000 63172 17148
0a00000b 0a090015 10000 100 21312 4261000 235427 16250
0a060014 0a030013 10000 100 35395 3736999 759650 20895
0a000007 0a0a0016 10000 100 30113 3726999 770019 19158
0a010020 0a01001f 10000 100 63688 3959999 538404 26000
0a030013 0a02001c 10000 100 42067 4408999 89961 23106
0a0a0010 0a000020 10000 100 5110 3958999 539993 10896
0a07001e 0a060020 10000 100 89986 3223999 1275600 38917
0a030002 0a060019 10000 100 704331 1802999 2696908 241805
0a0b0011 0a0a001d 10000 100 49088 3976000 524105 25415
0a0a0010 0a01000c 10000 100 31323 4089999 410482 19545
0a03001f 0a0b000d 10000 100 61874 4407000 94304 29644
0a040009 0a0a0006 10000 100 549730 3118000 1384360 190750
0a000007 0a070015 10000 100 90420 3562000 941585 39071
0a05001c 0a0a001a 10000 100 30914 4354000 150038 19415
0a010005 0a01000f 10000 100 2251005 2882000 1622462 748336
0a050010 0a05001d 10000 100 2736 4474999 30645 5866
0a01001a 0a07001a 10000 100 6156 4441999 64024 11246
0a070008 0a020002 10000 100 30901 3063999 1442287 19410
0a04001e 0a06001a 10000 100 75025 4253999 252774 33991
0a000017 0a010019 10001 100 100875 2301999 2205116 42524
0a080016 0a070019 10000 100 61326 3190000 1318884 29454
0a070018 0a06000a 10000 100 24113 2978999 1530126 17177
0a00000e 0a0a0007 10000 100 59794 4304999 204216 28948
0a0b0014 0a0a0018 10000 100 949908 1536999 2973735 322908
0a05001c 0a07000a 10000 100 12686 4420000 90853 13397
0a0b0010 0a08000b 10000 100 769463 3902000 609348 263307
0a0b0010 0a09001a 10000 100 33782 4464000 47599 20363
0a0b0007 0a050015 10000 100 367784 1183999 3327683 130669
0a010016 0a070013 10000 100 97813 3782999 729576 41513
0a000014 0a0b0013 10000 100 851618 4049999 463497 290442
0a0b001f 0a030013 10000 100 200699 4290999 222516 75481
0a04000a 0a00001a 10000 100 2109508 1994999 2518775 705854
0a09001a 0a040007 10000 100 11941 2984000 1531369 13144
0a000019 0a020010 10000 100 120672 4320000 195714 49059
0a09001c 0a020019 10000 100 88520 3621999 895387 38448
0a090007 0a060007 10000 100 2541589 885999 3632500 848543
0a020012 0a080011 10000 100 161603 4172999 348518 62571
0a020017 0a040003 10000 100 54346 4434999 87234 27159
0a04001b 0a040016 10000 100 88377 3899000 626804 34146
0a010009 0a030009 10000 100 2107648 1626000 2900871 705243
0a050014 0a040006 10000 100 38242 4322000 205169 21836
0a08001c 0a07001e 10000 100 68075 4238999 288479 31690
0a080011 0a01000b 10000 100 170763 4016999 510646 65595
0a090006 0a02000b 10001 100 103591 3686000 843110 43424
0a070018 0a02001d 10000 100 30089 3980000 549494 19151
0a090016 0a0a0002 10000 100 29141 3396000 1133572 18832
0a08000d 0a0b000a 10000 100 35722 4405000 125121 20999
0a080012 0a07001b 10000 100 85644 3736000 794461 37496
0a060006 0a00001f 10000 100 2095556 1456000 3077786 701251
0a06000d 0a090010 10000 100 2473482 2465000 2068795 826042
0a080006 0a010001 10000 100 92283 4492000 43181 39682
0a05000b 0a080020 10000 100 5066 3523999 1012869 10882
0a01000f 0a01000c 10000 100 49227 3540000 997428 21219
0a090018 0a0b000d 10000 100 86503 4314000 224024 37771
0a070012 0a09000f 10000 100 34461 4472000 67152 20580
0a020014 0a090005 10000 100 2577992 2511999 2027864 860561
0a090008 0a090013 10000 100 28423 4512999 28462 14347
0a0b0013 0a050001 10000 100 24089 2952000 1591974 17169
0a050004 0a020010 10000 100 33732 4192999 351305 20347
0a070017 0a050008 10000 100 1691321 3092999 1451707 567748
0a040006 0a020004 10000 100 92439 2997000 1548339 39732
0a02000f 0a060006 10000 100 993939 1018000 3527400 337444
0a070012 0a000006 10000 100 745700 3497999 1048164 255473
0a090012 0a0b0017 10000 100 71785 4346000 203050 32908
0a07000c 0a02000a 10000 100 2207035 723000 3827381 738061
0a0a0016 0a05000b 10000 100 70886 3621999 928394 32620
0a0a001b 0a0b001d 10000 100 40904 4304999 245533 22719
0a0a0019 0a070001 10000 100 23646 3116999 1434329 17012
0a05001c 0a030015 10000 100 1658992 2479999 2072042 557065
0a020008 0a010006 10000 100 1855631 1531999 3020776 622017
0a0b0011 0a05000a 10000 100 84607 3991999 561903 37149
0a00001f 0a010007 10000 100 2414267 2224999 2330506 806495
0a060020 0a090013 10000 100 91030 3289999 1269097 39266
0a020013 0a0a001c 10000 100 11517 3658999 900297 13008
0a02000a 0a040015 10000 100 513871 3458000 1103260 178907
0a03000a 0a060009 10000 100 1881698 2132999 2428369 630620
0a0a0013 0a060002 10000 100 19044 4343999 217461 15493
0a0a000a 0a02001c 10000 100 64997 4453000 108888 30674
0a0a0014 0a040006 10000 100 2075057 1304999 3258832 694476
0a0b0013 0a090007 10000 100 2579299 1889999 2673873 860994
0a0b001c 0a07000b 10000 100 399156 1637999 2926034 141031
0a08000f 0a06000b 10000 100 55269 4118000 447698 27454
0a09000d 0a05001c 10000 100 567948 4199999 365861 196764
0a02001b 0a0b0017 10000 100 51450 4389999 177047 26201
0a0a000a 0a0b0005 10000 100 2593527 2750999 1816981 865701
0a08000b 0a010020 10000 100 81874 4442999 125810 36244
0a010014 0a080012 10000 100 27878 3886999 682830 18412
0a04001a 0a090015 10000 100 102942 4290000 280343 43201
0a030009 0a05000b 10000 100 46064 4139000 431399 24416
0a0b0018 0a090008 10000 100 54440 4534999 36256 27189
0a080013 0a060010 10000 100 853441 2977000 1594699 291040
0a060019 0a090016 10000 100 2367636 612000 3959814 791096
0a0a0011 0a090016 10000 100 101593 3311999 1260951 42754
0a07001c 0a040005 10000 100 80592 4316999 256184 35818
0a03001a 0a030008 10000 100 273895 3841999 733131 95417
0a01000f 0a080012 10000 100 20115 2938000 1639781 15851
0a050014 0a0b0012 10000 100 2567044 1784999 2792826 856950
0a020007 0a02000b 10000 100 103387 3955000 624586 39103
0a050005 0a04001d 10000 100 91491 3926999 653012 39414
0a09000f 0a010016 10000 100 43883 4432000 148274 23703
0a0b001a 0a02000b 10000 100 33069 4054000 529253 20135
0a010012 0a040011 10000 100 1862579 2262000 2323229 624302
0a000020 0a03000b 10000 100 38323 3742000 843287 21862
0a000011 0a08000c 10000 100 795155 3356000 1229358 271805
0a00001a 0a0b001c 10000 100 29493 2621000 1965397 18944
0a080011 0a010020 10000 100 2568485 895999 3690582 857426
0a01000a 0a0b0009 10000 100 2487132 1958999 2628804 830564
0a060002 0a080007 10000 100 1582138 3318999 1271193 531688
0a030004 0a0b000d 10000 100 407463 3165999 1425773 143766
0a0b0006 0a04001e 10000 100 14645 4521999 70278 14040
0a0b0009 0a03001b 10000 100 40253 3181999 1412168 22495
0a040017 0a03001d 10000 100 93993 3340000 1254330 40245
0a070015 0a060006 10000 100 60361 2027000 2567458 29145
0a03000d 0a060019 10000 100 48013 3226999 1367515 25071
0a0a0008 0a070016 10000 100 18260 3700999 895389 15242
0a040005 0a09001d 10000 100 92299 4487999 109887 39688
0a020014 0a090020 10000 100 2557414 723000 3876242 853761
0a030012 0a090008 10000 100 12961 4514999 84498 13485
0a040011 0a010014 10000 100 43795 3389999 1209762 23675
0a040004 0a080020 10000 100 24105 4034000 566922 17174
0a070002 0a06000a 10000 100 980248 2001999 2600031 332924
0a080009 0a03001f 10000 100 755311 3151999 1450378 258640
0a0b0004 0a06000a 10000 100 840625 1564000 3039017 286816
0a03001f 0a080003 10000 100 109487 4500999 102516 45357
0a020010 0a000007 10000 100 589255 4303999 299920 203798
0a0a0013 0a030005 10000 100 37168 4555000 48977 21477
0a09000e 0a0b0012 10000 100 42397 3341999 1262034 23212
0a03001a 0a030005 10000 100 26520 4555000 49200 13722
0a09001f 0a050015 10000 100 91085 1329000 3275941 39284
0a0a0020 0a080009 10000 100 1872382 2337000 2267996 627546
0a010006 0a03000a 10000 100 93311 4049999 557185 40027
0a0b0016 0a040011 10002 100 100884 3537000 1070489 42527
0a03001d 0a06001d 10000 100 2371893 1685000 2922500 792505
0a03000a 0a02001a 10000 100 61324 4344999 264530 29453
0a040013 0a05001c 10000 100 712 3575000 1038145 9443
0a0b0011 0a000011 10000 100 194702 3996000 617944 73501
0a090010 0a00000d 10000 100 73776 2802999 1811113 33576
0a00000c 0a07000e 10000 100 260573 2687000 1928095 95256
0a0b0005 0a0b000f 10000 100 2383319 3500000 1115491 792029
0a090019 0a0b0001 10000 100 31368 4111000 504643 19560
0a030009 0a010019 10000 100 2053504 1595000 3021125 687364
0a060011 0a010014 10000 100 59797 4538999 79241 28949
0a060008 0a04000d 10000 100 44416 4550000 68694 23873
0a070001 0a0b000f 10000 100 37849 4532999 87318 21711
0a0a0003 0a060010 10001 100 57244 4035000 586421 28117
0a020007 0a07001f 10000 100 2497593 724000 3898284 834019
0a010018 0a08000d 10000 100 2257410 1123000 3500104 754688
0a04000c 0a01001b 10000 100 30813 3962000 661447 19382
0a01001a 0a0a001d 10000 100 90607 4362000 262404 39131
0a060010 0a050004 10001 100 589446 3717999 907068 203859
0a010002 0a010018 10000 100 728635 2418000 2208544 245588
0a000011 0a030003 10000 100 31910 4067000 561155 19749
0a020007 0a050006 10000 100 22912 4438000 190852 16777
0a050012 0a0b0003 10000 100 95674 2961999 1667622 40798
0a07000f 0a090005 10000 100 49519 2866000 1763961 25568
0a090011 0a040018 10000 100 71188 4536000 94238 32717
0a09001c 0a020020 10000 100 1992672 1093000 3537829 667268
0a07000a 0a050001 10000 100 2090987 956999 3674061 699727
0a080012 0a0a0014 10000 100 813179 1397999 3233102 277757
0a050011 0a09001f 10000 100 56197 4353000 279220 27766
0a06000b 0a0a0002 10000 100 2595490 2779999 1852635 866344
0a020008 0a030014 10000 100 66639 3844999 787930 31215
0a030009 0a020010 10000 100 2530195 2625999 2007062 844774
0a07000d 0a03000d 10000 100 1661519 1686999 2947104 557904
0a06000d 0a070019 10000 100 53275 3268000 1367437 26800
0a050007 0a080010 10000 100 1602681 3612999 1023494 538477
0a08001f 0a010006 10000 100 185514 3497000 1139790 70469
0a010010 0a000006 10000 100 358405 3537000 1101898 127560
0a05001d 0a02000e 10001 100 101946 4171000 467972 42867
0a09000e 0a0a0019 10000 100 2381169 2162999 2476589 795565
0a01000f 0a00001f 10000 100 65882 3972999 667089 30958
0a040004 0a040005 10000 100 75448 4558000 82253 29886
0a000001 0a0b000e 10000 100 104847 4034000 607583 43826
0a080017 0a090017 10000 100 99940 2834000 1809994 42209
0a0a001d 0a05001c 10000 100 44363 4564999 79796 23856
0a000014 0a0b001a 10000 100 27159 4604999 40382 18182
0a050003 0a070003 10000 100 77526 4405000 243770 34807
0a02001d 0a020014 10000 100 62697 4211999 436886 25668
0a000015 0a090002 10000 100 90316 3752000 896939 39038
0a040009 0a000006 10000 100 84063 3212000 1437338 36975
0a01001c 0a040010 10000 100 36117 3576000 1075932 21141
0a0a000e 0a09000f 10000 100 16933 4629000 23278 14802
0a07000f 0a0b0003 10000 100 2497161 1368000 3285088 833865
0a03001d 0a00000c 10000 100 1965542 2099999 2554473 658310
0a050007 0a090016 10000 100 12901 3785999 869475 13466
0a060003 0a010015 10001 100 2122612 3514999 1140956 710185
0a0b0005 0a0b0006 10000 100 135422 4454999 201821 49692
0a05001c 0a040008 10000 100 40578 4565999 91622 22615
0a0b000f 0a08000f 10000 100 855771 3043000 1615167 291817
0a000011 0a050008 10000 100 2059858 1987000 2671237 689459
0a03001e 0a090005 10000 100 2155584 100999 4557739 721074
0a00001d 0a03001a 10000 100 248389 4385000 273951 91234
0a010004 0a03001b 10000 100 4304 4644999 13990 10623
0a05001c 0a020008 10000 100 173531 4039000 620239 66511
0a0b0020 0a0a0012 10000 100 399468 4353000 306295 141130
0a03001c 0a0b001d 10000 100 104650 3886999 773426 43763
0a04000d 0a080002 10000 100 13070 4643999 17479 13520
0a0b0006 0a080016 10000 100 16446 4603999 57859 14631
0a040014 0a01000f 10000 100 84465 3860000 803071 37104
0a000012 0a000020 10000 100 49332 4053000 613314 21253
0a0b0019 0a030001 10000 100 6668 4645999 21151 11410
0a0b0018 0a0a000b 10000 100 1664140 3583999 1083373 558774
0a05000c 0a060015 10000 100 55344 4222000 445908 27478
0a020009 0a04000a 10000 100 42835 4407999 261587 23352
0a000011 0a020016 10000 100 907500 4043999 627271 308892
0a040019 0a010004 10000 100 88902 4346000 325837 38570
0a08001a 0a05001c 10000 100 98186 4183000 489230 41633
0a030009 0a090006 10000 100 95651 4113999 558354 40791
0a01000f 0a040013 10000 100 2479674 2318999 2353522 828101
0a0a0017 0a000014 10000 100 27493 3557999 1115393 18289
0a030014 0a020014 10000 100 28423 4625999 47553 18587
0a0b001f 0a070017 10000 100 37670 4629999 43889 21653
0a01001a 0a040019 10000 100 700192 3350999 1323097 240434
0a01000e 0a040002 10000 100 9900 4649000 25460 12475
0a05001f 0a030009 10000 100 87036 4453999 221013 37957
0a01001e 0a05000f 10000 100 2141310 1559999 3115623 716353
0a000018 0a020004 10000 100 31035 2637000 2040991 19453
0a0a0007 0a000007 10000 100 30968 4616999 63396 19432
0a030019 0a030001 10000 100 540524 3583999 1096525 183472
0a060009 0a000004 10000 100 1022716 1059999 3621384 346944
0a07000a 0a07001d 10000 100 39958 4586999 94582 18161
0a06001d 0a070006 10000 100 37468 2820000 1861663 21573
0a08000f 0a00000b 10000 100 218708 4452000 230364 81429
0a050003 0a03001b 10000 100 22482 4531000 151390 16624
0a080013 0a06001d 10000 100 52776 3200000 1483584 26641
0a050010 0a00000d 10000 100 146410 3740999 943919 57556
0a08000d 0a020013 10000 100 61999 3880999 804145 29684
0a08000b 0a020016 10000 100 104494 4459000 226307 43713
0a000008 0a000019 10000 100 29725 4666000 22248 14779
0a010019 0a0b001d 10000 100 51121 2739000 1949857 26096
0a090016 0a08001b 10000 100 33498 3771000 918165 20272
0a0a0008 0a030003 10000 100 1708646 2315999 2374009 573477
0a09001d 0a0b000b 10000 100 288453 4216000 476269 104469
0a01000e 0a040016 10000 100 73909 4575000 117988 33618
0a0b001e 0a02001c 10000 100 352353 4471000 222463 125562
0a080008 0a010018 10000 100 834112 4013000 681037 284671
0a0b0001 0a02001a 10000 100 249984 4086000 609348 91760
0a04001a 0a0b0010 10000 100 47117 4635000 60358 24768
0a020013 0a040005 10000 100 101819 3774000 923092 42826
0a050003 0a020017 10000 100 2287231 1476000 3221582 764537
0a0b0010 0a02000d 10000 100 47079 4347000 351132 24756
0a010002 0a02000d 10000 100 26920 3536000 1163212 18090
0a010012 0a000007 10000 100 73833 4661000 38682 33594
0a080007 0a0a000c 10000 100 1692538 2139999 2562817 568153
0a0b0009 0a060019 10000 100 82043 2142999 2559937 36298
0a040020 0a000013 10000 100 104516 2566000 2137099 43720
0a060013 0a030003 10000 100 2314822 1329000 3377584 773658
0a090015 0a010006 10000 100 2142235 852000 3854656 716664
0a090015 0a010003 10000 100 40598 4558000 149245 22621
0a08001f 0a00001a 10000 100 70052 3129999 1580389 32338
0a0a0001 0a07000d 10000 100 2003456 1431999 3279147 670826
0a040011 0a02001c 10000 100 29939 3774000 938682 19087
0a040012 0a020010 10000 100 76360 3438000 1275413 34418
0a020008 0a090015 10000 100 95723 4069999 645038 40814
0a080010 0a050001 10000 100 50523 2984999 1730075 25889
0a01000a 0a040014 10000 100 428909 4422999 292352 150843
0a010007 0a0a001a 10000 100 542758 3170000 1546113 188442
0a020007 0a02001a 10000 100 81044 4505000 212390 31738
0a040002 0a090020 10001 100 18216 2844000 1874119 15228
0a0b0013 0a010011 10000 100 369737 4046000 672335 131309
0a090019 0a050005 10000 100 48722 4670999 47771 25297
0a07000f 0a03000e 10000 100 2110104 1863000 2857783 706044
0a010004 0a020008 10000 100 19716 4244000 477037 15724
0a020005 0a090019 10000 100 550721 3488000 1233272 191083
0a01001d 0a020018 10000 100 1726520 2109000 2612637 579381
0a090013 0a010009 10000 100 1602909 694999 4026729 538550
0a070003 0a05000c 10000 100 69997 4508999 212783 32320
0a010020 0a090015 10000 100 1602413 3449999 1273099 538392
0a0b0011 0a080010 10000 100 76850 3870000 853181 34590
0a050002 0a050016 10000 100 31970 4697999 26392 15528
0a060004 0a060012 10000 100 893914 3778000 946561 300167
0a060002 0a03001f 10000 100 27188 4453000 273183 18192
0a09001e 0a0a0012 10000 100 70739 4512000 215377 32573
0a01001a 0a0a0009 10000 100 21991 4617999 110007 16467
0a090014 0a050015 10000 100 94353 1178000 3550116 40360
0a090012 0a010010 10000 100 8236 4701999 26377 11927
0a020012 0a03001c 10000 100 253593 4152000 577917 92960
0a01000c 0a000006 10000 100 8986 3740999 989347 12167
0a09000d 0a0b0016 10000 100 665531 4359000 373275 228989
0a080004 0a010006 10000 100 65086 4027000 705918 30703
0a080015 0a06001d 10000 100 677668 3092999 1639926 232996
0a03000a 0a030009 10000 100 592048 3902000 832158 200482
0a09001e 0a00001e 10000 100 13425 4689999 45843 13634
0a08001a 0a03000e 10000 100 45065 4505999 232439 24096
0a0b0014 0a080004 10000 100 1583258 1253999 3486540 532062
0a0a000a 0a090012 10000 100 147 4629000 111594 9262
0a02000d 0a010019 10000 100 57322 2634000 2107001 28142
0a010007 0a02000a 10000 100 34250 2971999 1770706 20513
0a0a0007 0a050009 10000 100 2225864 1926999 2815843 744270
0a04001a 0a0a0014 10001 100 59188 3419000 1324193 28754
0a020011 0a0b0011 10000 100 38587 4277999 466059 21947
0a010016 0a06001f 10000 100 2271187 786000 3961222 759250
0a080008 0a04000c 10000 100 1643883 2449999 2297587 552077
0a08001d 0a040007 10000 100 238828 3033999 1716222 88082
0a0b0008 0a000012 10000 100 46362 4435999 314872 24512
0a01000e 0a080004 10000 100 2291023 999000 3752074 765797
0a060017 0a07000f 10000 100 59503 2929999 1821650 28855
0a080010 0a040008 10000 100 20734 4579999 172287 16049
0a08000f 0a000006 10000 100 53016 4093000 659700 26718
0a010004 0a020002 10001 100 2041164 962999 3790404 683277
0a090020 0a060006 10000 100 1969744 82999 4672698 659701
0a01000a 0a0b0003 10000 100 55897 3955000 804210 27670
0a02000c 0a000014 10000 100 1775226 1062999 3697892 595458
0a06000f 0a040005 10000 100 77558 4632999 129959 34817
0a020009 0a080009 10000 100 188779 3899000 864425 71544
0a07000f 0a07001d 10000 100 503897 2609000 2154429 171368
0a020007 0a0a0002 10000 100 991444 2609999 2156611 336615
0a02000a 0a06001e 10000 100 78934 4311999 454801 35272
0a050006 0a070004 10000 100 98989 3952999 814214 41890
0a08000c 0a000002 10000 100 951570 1946999 2820586 323456
0a07000f 0a010017 10000 100 82884 3478999 1289985 36583
0a020009 0a000013 10000 100 26402 4022999 748120 17925
0a020009 0a04000b 10000 100 960637 3807000 964958 326449
0a060012 0a030019 10000 100 32751 3580999 1192003 20018
0a010006 0a07000b 10000 100 33791 3769000 1005335 20366
0a030007 0a0b0009 10001 100 83815 3072000 1703604 36880
0a080020 0a000009 10000 100 49462 3787000 988882 25534
0a050013 0a04001a 10000 100 7840 3246999 1530312 11800
0a040009 0a0b0005 10000 100 201326 3924999 853032 75697
0a000020 0a07001d 10000 100 61102 3804000 974423 29382
0a01001d 0a08001b 10000 100 73391 4667000 111787 33437
0a000010 0a0b0017 10000 100 8304 3893999 886198 11949
0a050016 0a0a0004 10000 100 7420 4612999 167259 11651
0a0a0020 0a080001 10000 100 88975 4726000 54891 38593
0a050011 0a080008 10000 100 82313 4321000 460682 36384
0a070012 0a030005 10000 100 56250 4747000 36447 27783
0a08001d 0a08000c 10000 100 37153 4167999 617012 17232
0a0a0013 0a000012 10000 100 26733 4759000 26144 18031
0a0b001e 0a080010 10000 100 34798 4669000 116235 20704
0a01000d 0a040001 10000 100 478796 4057999 727372 167329
0a03001b 0a040002 10000 100 57037 4593999 191414 28050
0a07000f 0a070019 10000 100 52783 2776999 2008501 22403
0a02000d 0a050018 10000 100 2372182 2455999 2329606 792597
0a070004 0a01001e 10000 100 38341 4049999 736963 21868
0a020005 0a040012 10000 100 31059 3668999 1118784 19461
0a060003 0a050002 10000 100 66874 4494999 292986 31290
0a06001d 0a01000b 10000 100 45218 3455000 1333108 24145
0a090018 0a07000c 10000 100 78816 3937000 851110 35235
0a010013 0a07000c 10000 100 72005 3768000 1021116 32994
0a01001c 0a0b0008 10000 100 95843 4418000 371781 40852
0a040010 0a040014 10000 100 5720 3686000 1103860 6851
0a090015 0a06001c 10000 100 75352 4015000 775002 34096
0a0a0007 0a060019 10000 100 211732 3160000 1630175 79135
0a09000f 0a08001f 10000 100 813337 3066999 1724250 277808
0a010003 0a010004 10000 100 104073 4581000 211066 39338
0a05001b 0a050004 10000 100 2119917 543999 4249085 705052
0a02000f 0a030006 10000 100 2003331 1010000 3783105 670786
0a0b0003 0a03001f 10000 100 19742 3972999 822383 15732
0a020010 0a050019 10000 100 2323456 2638000 2157974 776498
0a020018 0a010006 10000 100 27336 4104000 692030 18239
0a0b0002 0a03000d 10000 100 81295 4470000 327126 36059
0a040012 0a050020 10000 100 306211 2956999 1840780 110336
0a060016 0a0b0011 10000 100 2272761 2903000 1895363 759769
0a06001c 0a090012 10000 100 1811482 546999 4251918 607429
0a030005 0a030017 10000 100 899644 2873000 1930247 302062
0a07000f 0a08000a 10000 100 655911 3668999 1135302 225819
0a070014 0a050007 10000 100 44092 4669999 134363 23770
0a050017 0a020003 10000 100 2165330 2517999 2286901 724285
0a0b0009 0a080007 10000 100 92577 3589000 1219049 39776
0a0b0010 0a04001d 10000 100 180526 4351999 456669 68826
0a080015 0a0a0018 10000 100 50161 3812999 999700 25773
0a030002 0a0a0006 10000 100 94330 4513999 300048 40353
0a02001f 0a030007 10000 100 61206 3017999 1797073 29415
0a08001e 0a090013 10000 100 70538 4771000 44543 32509
0a010018 0a090013 10000 100 1592472 1873000 2943070 535103
0a030012 0a040020 10000 100 2546608 826000 3991595 850195
0a020006 0a030020 10000 100 2212341 1100000 3717622 739805
0a04001c 0a000009 10000 100 1750025 1899999 2917942 587133
0a0a001c 0a02000b 10000 100 78862 4243000 575542 35249
0a08001d 0a00000d 10000 100 72242 4185999 632783 33070
0a000014 0a09001b 10000 100 21151 3687000 1132986 16198
0a080009 0a040018 10000 100 65215 4184000 636314 30744
0a070018 0a01000a 10000 100 514189 2883999 1937380 179008
0a060010 0a0a000e 10000 100 64507 4284999 537419 30518
0a07001f 0a070018 10000 100 1552998 3795000 1029184 517832
0a030001 0a06001b 10000 100 49158 2933999 1890953 25437
0a03000c 0a07001d 10000 100 2287444 1428000 3399374 764606
0a040004 0a00000a 10000 100 1728 4806999 21047 9783
0a0a0003 0a070014 10000 100 35652 4742999 88862 20977
0a000002 0a020005 10001 100 1769067 2194000 2638066 593426
0a000001 0a07000c 10000 100 41656 4111000 721986 22960
0a04000e 0a02000b 10000 100 538868 2243000 2590578 187167
0a060004 0a000004 10000 100 2090920 1471000 3362611 699706
0a0b000c 0a000010 10000 100 1814566 2984999 1848818 608446
0a09000f 0a030012 10000 100 1735096 2137000 2698590 582202
0a080015 0a0a0015 10000 100 874287 4099000 737608 297926
0a070016 0a01001a 10000 100 66677 3879000 958376 31227
0a070003 0a07001d 10000 100 459720 3922000 916028 156785
0a07001f 0a09000f 10000 100 453318 4334000 504568 158915
0a090006 0a0a000a 10000 100 89754 4399000 440038 38842
0a08001a 0a0a0007 10000 100 52263 4521999 317161 26461
0a030017 0a09000d 10000 100 51443 3778000 1061832 26199
0a080018 0a03000b 10000 100 27075 4431000 408921 18155
0a0a0007 0a09000c 10000 100 27730 4243000 597118 18365
0a080008 0a04001b 10000 100 98368 4329999 510681 41691
0a0b001f 0a090017 10000 100 19359 3262999 1577685 15594
0a090006 0a040009 10000 100 2272128 2821000 2020132 759551
0a00001d 0a07000f 10000 100 45916 4088999 755266 24369
0a00000d 0a04000a 10000 100 87279 3978999 866386 38035
0a020012 0a06001f 10000 100 1589498 3135999 1709426 534120
0a070002 0a0b0016 10000 100 32675 4811000 34660 19993
0a090014 0a06000d 10000 100 63530 4611999 233680 30190
0a030014 0a030010 10000 100 93392 4689999 155724 35813
0a080006 0a040019 10000 100 80210 4767000 78821 35696
0a070014 0a01000c 10000 100 29404 4475999 371232 18916
0a0b001a 0a040008 10000 100 35783 4610999 236417 21019
0a090016 0a02000a 10000 100 2336947 424999 4422832 780953
0a000012 0a060014 10000 100 1582128 3377999 1470487 531685
0a050002 0a05000d 10000 100 82448 4353000 495999 32188
0a04001d 0a030002 10000 100 80635 4323999 527066 35832
0a050016 0a00000d 10000 100 43740 4321000 530636 23657
0a010011 0a000008 10000 100 69764 4573999 280503 32246
0a0b0001 0a020014 10000 100 70270 4278999 575642 32408
0a03001a 0a010013 10000 100 32534 4551999 302749 19948
0a02000c 0a08000f 10000 100 6326 3389999 1465168 11301
0a08000e 0a09000e 10000 100 102506 4472000 384444 43061
0a030009 0a060020 10000 100 68409 3628999 1230154 31797
0a090020 0a080015 10000 100 2194502 1451000 3409087 733927
0a010009 0a070015 10000 100 493431 3278999 1581427 172151
0a040015 0a06001b 10000 100 716847 952999 3909061 245933
0a0b001e 0a090014 10000 100 49641 4821999 43093 25607
0a020012 0a07001a 10000 100 67996 4813999 51860 31665
0a040019 0a03000f 10000 100 57069 4100999 765280 28061
0a040002 0a09000c 10000 100 2579666 2481999 2384845 861112
0a090011 0a010007 10000 100 40253 4137000 730167 22495
0a030007 0a040018 10000 100 25877 4551000 318593 17757
0a00000b 0a0b001e 10000 100 89533 4499999 369888 38772
0a010005 0a0a0014 10000 100 92098 3556000 1314040 39623
0a0b0004 0a040006 10000 100 1579896 1930000 2940726 530956
0a0a000e 0a060007 10000 100 518108 2576000 2296622 180309
0a020002 0a09001b 10000 100 1930001 613999 4258793 646568
0a050020 0a060015 10001 100 37080 4538999 333811 21449
0a030009 0a070016 10000 100 2479054 2320000 2553624 827887
0a090002 0a000002 10000 100 1842035 2164000 2710143 617528
0a000003 0a0a001f 10000 100 180512 4174999 699505 68822
0a0b0017 0a050008 10000 100 82035 3867000 1008725 36296
0a080010 0a030006 10000 100 100434 4373000 503619 42368
0a03000b 0a040012 10000 100 524312 2445000 2431961 182355
0a03001b 0a05000a 10001 100 101863 4597000 281702 42840
0a040017 0a0a0010 10000 100 16740 4113999 764799 14741
0a0a0001 0a08000c 10000 100 127624 4300000 579744 51360
0a0b001d 0a080005 10000 100 1838538 3370000 1510538 616363
0a05001a 0a060007 10000 100 92300 2526000 2355255 39688
0a09000b 0a0a000f 10000 100 44586 4408999 473959 23928
0a02001a 0a050007 10000 100 50599 4792000 92048 25913
0a080009 0a000007 10000 100 15764 4394000 492600 14413
0a060017 0a000006 10000 100 14146 3697999 1189525 13880
0a06001f 0a020014 10000 100 2265994 2511999 2376183 757527
0a080007 0a040012 10000 100 461955 3572000 1316576 161756
0a0a0018 0a080013 10000 100 828828 2428000 2461775 282919
0a000010 0a0a0006 10000 100 96382 3691999 1201257 41040
0a090013 0a010005 10000 100 1691165 893000 4000377 567698
0a090018 0a050009 10000 100 894412 2053999 2839573 304581
0a080011 0a050012 10000 100 231052 2977000 1916827 85517
0a010006 0a06000a 10000 100 525658 3380999 1513583 182801
0a000016 0a02001a 10000 100 33936 4714999 180624 20412
0a030019 0a060002 10000 100 74570 3968000 928799 33830
0a01000a 0a07001e 10000 100 66608 4843000 54854 31205
0a05000d 0a01000e 10000 100 1775827 1098999 3799510 595650
0a000008 0a09000d 10000 100 118412 4764000 135597 48305
0a0b0005 0a050007 10000 100 503842 4556000 343851 175590
0a070003 0a070020 10000 100 100571 4126000 774729 38187
0a06001f 0a020014 10001 100 15338 3713999 1187013 14277
0a040012 0a010018 10000 100 46767 3870000 1031261 24656
0a020002 0a010011 10000 100 37021 4433000 472951 21430
0a090003 0a040012 10000 100 917936 3180999 1725109 312339
0a0b0014 0a020005 10000 100 103299 4562000 344319 43315
0a080003 0a03001e 10000 100 33707 4847999 58905 20339
0a000020 0a03000e 10000 100 11884 4277000 631161 13125
0a080011 0a030015 10000 100 98819 3125999 1782468 41835
0a03001f 0a090018 10000 100 62215 4851000 57660 29753
0a02001f 0a05001e 10000 100 2124315 2377000 2532306 710745
0a05001c 0a050005 10000 100 14641 4892999 17360 9798
0a030014 0a08001f 10000 100 73876 4526999 385222 33608
0a0b0005 0a0b001a 10000 100 35972 4784000 129044 16839
0a09000a 0a0b000f 10000 100 80568 4057999 855600 35811
0a04001e 0a050007 10000 100 48835 4755999 157795 25334
0a0b0014 0a030008 10000 100 55312 4251999 662373 27468
0a020008 0a04000f 10000 100 40504 4422999 492066 22591
0a06001a 0a060007 10000 100 54570 3151999 1763186 22990
0a03001f 0a010008 10000 100 2264272 3031999 1883819 756960
0a020001 0a06000f 10000 100 53792 4438000 478043 26966
0a000003 0a030015 10000 100 848035 2379000 2539728 289264
0a06001e 0a02001b 10000 100 3501 4807999 112778 10366
0a080018 0a06001d 10000 100 47328 3252999 1668012 24836
0a0a0009 0a050003 10000 100 64296 4539999 381106 30435
0a0a0009 0a080013 10000 100 41819 4634000 288774 23012
0a030015 0a020009 10000 100 1777093 1758000 3165189 596071
0a00001f 0a040010 10000 100 1659042 2580999 2342498 557096
0a07000f 0a04000d 10000 100 21348 4503000 420635 16261
0a030015 0a0b000c 10000 100 25635 3452000 1472217 17679
0a09000a 0a01001e 10000 100 10228 4219999 704451 12580
0a030006 0a0b001f 10000 100 2200770 3399999 1527233 735994
0a030010 0a0b0004 10000 100 2575800 1580999 3348592 859844
0a060018 0a0a0017 10000 100 2549849 2245000 2685849 851263
0a0b0017 0a000017 10000 100 2588649 1093999 3837941 864079
0a050009 0a0b0016 10000 100 83587 3069000 1863632 36808
0a07000a 0a050020 10000 100 36046 4877000 55871 21118
0a040012 0a050015 10000 100 25373 1240999 3692677 17580
0a050004 0a080012 10000 100 89223 3676000 1259044 38672
0a03001e 0a050003 10000 100 2220350 360999 4576567 742460
0a030011 0a070006 10000 100 39130 3154999 1782594 22136
0a090011 0a080011 10000 100 3962 4627000 311253 10513
0a090008 0a03001c 10000 100 460693 4055999 883316 161352
0a060015 0a010005 10000 100 48063 4681000 259802 25087
0a070018 0a07001a 10000 100 572831 2807000 2133862 194133
0a0a0020 0a030015 10000 100 1686215 2358999 2582055 566068
0a0a0009 0a090008 10000 100 1044443 2413999 2528029 354127
0a01001e 0a01000f 10000 100 42248 4470000 472196 18924
0a020017 0a0a000a 10000 100 62489 4823000 120098 29841
0a0a000d 0a000010 10000 100 603162 2481000 2462310 208401
0a0b0011 0a060012 10000 100 10807 4104000 839582 12781
0a040009 0a060007 10000 100 44559 3337000 1606609 23919
0a0b000e 0a03000b 10000 100 1979619 3187000 1756814 662953
0a01001c 0a090011 10000 100 855717 3742999 1201229 291800
0a08001f 0a000016 10000 100 1671009 3102999 1841295 561049
0a07000c 0a020013 10000 100 31184 3758000 1186725 19501
0a010012 0a05000f 10000 100 1775721 2393000 2554571 595616
0a0b000c 0a09000b 10000 100 84385 4376999 570760 37078
0a07001e 0a050002 10000 100 659454 3827000 1121128 226983
0a000004 0a05000d 10000 100 60789 3259000 1689558 29282
0a03001e 0a05000f 10002 100 88624 3680999 1268530 38481
0a08001a 0a07000c 10000 100 68216 4026000 923615 31735
0a0a0004 0a0a001c 10000 100 2013214 2648999 2301095 669816
0a000011 0a08000d 10000 100 365702 4666000 285544 129972
0a030012 0a06001a 10000 100 640310 3072000 1881313 220657
0a020017 0a050004 10000 100 16352 4462999 490859 14601
0a00001a 0a0b000c 10000 100 8351 3902999 1051071 11964
0a010003 0a02000d 10000 100 220930 4161999 792486 82170
0a0b0007 0a0a0018 10000 100 15158 3746999 1207670 14219
0a070001 0a02001f 10000 100 2133212 2622000 2332935 713685
0a040013 0a09001b 10000 100 877046 2537999 2417063 298840
0a000010 0a010016 10000 100 22521 4061000 897001 16652
0a07000f 0a090015 10000 100 992039 4112000 846047 336820
0a0a0016 0a04001f 10001 100 65009 3794000 1164127 30678
0a040019 0a090002 10000 100 2400565 1637000 3321135 801972
0a0a000e 0a030011 10000 100 228442 3003000 1955343 84651
0a040001 0a000010 10000 100 2430940 152999 4806039 811999
0a08001b 0a050004 10000 100 602899 4022000 938457 208302
0a07000e 0a0a000a 10000 100 30275 3841999 1118739 19210
0a030008 0a080017 10000 100 46867 4388000 575136 24688
0a040014 0a0a001e 10000 100 21616 4904999 58197 16347
0a00001a 0a00001b 10000 100 66866 3739000 1225502 27048
0a090019 0a08001f 10000 100 2431570 3539000 1426551 812216
0a060020 0a09001a 10000 100 19565 3821999 1144821 15675
0a060015 0a010017 10000 100 34564 4683999 283845 20629
0a01001f 0a03000b 10000 100 82295 4547999 420006 36379
0a0a000e 0a0b0012 10000 100 1792124 1846999 3121129 601034
0a030020 0a0b0014 10000 100 55602 4190000 778648 27576
0a060001 0a07000b 10000 100 368654 3359000 1610332 130947
0a090013 0a08000d 10000 100 70745 4703999 265753 32575
0a020005 0a020020 10000 100 9608 4935000 35272 8142
0a0a0002 0a060015 10000 100 38968 4741999 231651 22069
0a060012 0a010012 10000 100 38001 4375000 599347 21759
0a0b001d 0a040007 10000 100 54978 3370999 1603470 27361
0a08000f 0a0b000a 10000 100 51314 4845999 128513 26158
0a000010 0a05001f 10000 100 1939916 1353000 3622419 649848
0a080009 0a090013 10000 100 60550 4523000 452655 29205
0a010013 0a0a001e 10000 100 99572 4691999 283875 42092
0a0a000c 0a060012 10000 100 835127 1873000 3103380 284996
0a03001e 0a07001a 10000 100 63290 4797000 179824 30113
0a080009 0a040003 10000 100 14543 4596000 382488 14007
0a090018 0a090020 10000 100 435645 2745000 2233719 148836
0a060007 0a05000b 10000 100 2140252 902000 4077152 715999
0a040015 0a02000f 10000 100 2277553 438000 4541658 761348
0a05001e 0a0a0011 10000 100 47155 4662999 317258 24781
0a080012 0a000009 10000 100 1675602 1309999 3670345 562565
0a09000a 0a090020 10001 100 444645 2135999 2844364 151808
0a060008 0a080009 10000 100 812991 3743999 1236656 277682
0a030018 0a030010 10001 100 43840 4876000 106277 19449
0a020005 0a040008 10000 100 7912 4895000 87836 11824
0a080005 0a09000b 10000 100 35471 4055999 927739 20919
0a020020 0a00001c 10000 100 2059127 2841000 2143289 689209
0a070017 0a09001f 10000 100 17546 4866999 118689 14999
0a050013 0a0a001e 10000 100 1822526 819999 4166221 611086
0a01000e 0a080002 10000 100 184351 4713000 274971 70081
0a05001b 0a020005 10000 100 89701 4752000 236688 38825
0a0a0007 0a07000d 10000 100 31206 3768000 1220712 19508
0a010004 0a01001f 10000 100 1803888 1216999 3773680 600682
0a060007 0a09000a 10000 100 846264 1335999 3657868 288682
0a0b001b 0a050016 10000 100 61151 4943000 51225 29398
0a090017 0a050017 10000 100 64642 3269999 1724622 30561
0a01001d 0a04001f 10000 100 35998 4865999 129302 21088
0a060006 0a010001 10000 100 81727 3092000 1903356 36197
0a01000e 0a030005 10000 100 10652 4921000 76585 12731
0a080002 0a070010 10000 100 18326 4963000 34734 15264
0a050008 0a01001e 10000 100 1960308 2039000 2960065 656574
0a070019 0a0b0019 10000 100 45117 3533999 1465554 24113
0a090015 0a010016 10000 100 1898469 1726000 3273764 636155
0a060014 0a06001d 10000 100 457428 2399000 2600821 156021
0a080019 0a090015 10000 100 330986 3008999 1992886 118510
0a000015 0a090006 10000 100 2476202 2697999 2305485 826944
0a090002 0a04000c 10001 100 24361 4329000 675898 17256
0a000003 0a040005 10000 100 2405971 1977000 3029644 803748
0a0a001b 0a04001b 10000 100 577698 3062000 1944993 199992
0a05001c 0a050006 10000 100 2420903 3485999 1521300 804440
0a020014 0a070008 10000 100 21956 3439999 1569051 16456
0a00001e 0a050019 10000 100 69162 3867999 1141676 32053
0a000005 0a060015 10000 100 953626 3200000 1809700 324129
0a0a001d 0a000006 10000 100 34221 4526999 486103 20504
0a060017 0a020008 10000 100 29729 4087999 925911 19020
0a000017 0a050019 10000 100 861675 1637000 3380468 293768
0a04001e 0a070002 10000 100 101066 4768999 248479 42585
0a0a0019 0a090008 10000 100 1681156 961999 4055951 564388
0a070010 0a020017 10000 100 27666 4969000 49580 18344
0a050009 0a090016 10000 100 72516 2335999 2684482 33157
0a06000d 0a07000f 10000 100 18980 4956000 64969 15473
0a090009 0a090001 10000 100 2093 4728999 292102 5660
0a060001 0a070013 10000 100 2400439 1041000 3980228 801931
0a040019 0a00000c 10000 100 35710 3690000 1332980 20995
0a070002 0a050001 10000 100 2419777 747000 4276211 808319
0a060002 0a0a0017 10000 100 24865 3625000 1398866 17417
0a05001c 0a040012 10000 100 95075 4320000 704049 40607
0a030010 0a030006 10000 100 71287 4432000 592458 28509
0a0b000f 0a06000d 10000 100 124376 4767999 257554 50275
0a000005 0a030015 10000 100 292337 2784000 2243024 105743
0a010012 0a0b0019 10000 100 56225 4985999 41731 27775
0a03000e 0a060012 10000 100 1775515 3781000 1247728 595551
0a070011 0a080018 10000 100 2143608 519000 4509790 717119
0a0b0020 0a040015 10000 100 1742652 2967000 2063211 584696
0a010020 0a080011 10000 100 648567 4383999 647528 223392
0a0a000a 0a06000c 10000 100 767463 4538000 495284 262652
0a090013 0a020007 10000 100 48895 4852999 180293 25353
0a070010 0a05001e 10000 100 102419 4922000 111315 43033
0a020017 0a090010 10000 100 2221555 2295000 2738439 742861
0a020016 0a0b0019 10000 100 2035173 1182000 3852411 681298
0a060007 0a040006 10000 100 97273 3402000 1633975 41325
0a030010 0a01001f 10000 100 23333 4649999 386624 16912
0a030018 0a060017 10000 100 29440 4512000 524731 18928
0a07000c 0a0a0011 10000 100 101903 4381999 655702 42853
0a000019 0a080003 10000 100 2043820 3138999 1899455 684158
0a060014 0a02000a 10000 100 2124035 981000 4057867 710656
0a0b0015 0a0b0013 10000 100 63233 4899999 139213 25855
0a0b000f 0a070001 10000 100 16039 4996999 43138 14501
0a040001 0a06001c 10000 100 2096152 576000 4464438 701441
0a000001 0a00001a 10000 100 4799 4041999 998620 6557
0a05000e 0a05001c 10000 100 15103 4196000 844900 9961
0a0a001d 0a0b001c 10000 100 8470 4125000 915936 12002
0a0b0011 0a030019 10000 100 19663 3903999 1137281 15707
0a070007 0a070002 10000 100 47516 4852000 190326 20656
0a030011 0a020009 10000 100 439243 2814999 2228978 154258
0a04001a 0a00000f 10000 100 63302 4959999 85558 30117
0a070018 0a090011 10000 100 659395 2625000 2421975 226964
0a06000f 0a040007 10000 100 99000 3556000 1492080 41893
0a05000a 0a02001e 10000 100 1572918 2599999 2448330 528646
0a05000a 0a020004 10000 100 266662 2848999 2200872 97265
0a000007 0a0b0010 10000 100 442002 4259999 790465 155171
0a08001c 0a02001b 10000 100 708656 3859000 1191629 243235
0a000006 0a010013 10000 100 2052726 1835999 3215667 687100
0a07000f 0a050017 10000 100 22645 4980000 72968 16692
0a06000f 0a0a0011 10000 100 19265 4806999 246278 15564
0a030017 0a01001c 10000 100 164966 3500000 1554306 63678
0a000007 0a000002 10000 100 845156 3397999 1656539 284072
0a030007 0a01000e 10000 100 821249 2157000 2897963 280416
0a04000e 0a060019 10000 100 81080 2824999 2230652 35990
0a0a0019 0a0a000d 10000 100 1942729 891999 4163818 646539
0a0b0006 0a08001a 10000 100 73554 4854999 202803 33505
0a040005 0a000007 10000 100 32122 4984999 75741 19816
0a090010 0a070009 10000 100 2522684 818000 4243645 842294
0a01001f 0a090001 10000 100 1952951 3457000 1604854 654143
0a010017 0a06000a 10000 100 10599 3723000 1340746 12714
0a080020 0a05000b 10000 100 1034221 4292999 770971 350749
0a080015 0a0b0005 10000 100 608066 4662999 403037 210017
0a040007 0a060020 10001 100 41946 2690999 2375719 23052
0a050005 0a0a0013 10000 100 672191 2047000 3020270 231197
0a040012 0a05001e 10000 100 31405 4364999 703246 19572
0a0b0016 0a000015 10001 100 430922 3461999 1606456 151518
0a030008 0a010011 10000 100 21850 4478000 590755 16422
0a080011 0a08000b 10000 100 86038 4756999 312910 33383
0a070007 0a020009 10000 100 62041 4863000 209938 29698
0a0b0005 0a03000c 10000 100 87618 4873999 199917 38144
0a090016 0a060008 10000 100 2131547 650999 4423189 713136
0a010014 0a06001c 10000 100 1674602 3608000 1467944 562229
0a0a0004 0a04000c 10000 100 127100 4132000 944791 51177
0a050017 0a040008 10000 100 1997 4959999 117201 9869
0a080019 0a0b0010 10000 100 170643 3232000 1845672 65556
0a030006 0a080015 10000 100 465609 4133999 944277 162971
0a010013 0a030002 10000 100 835230 4230000 850654 285029
0a07001f 0a00001a 10000 100 80399 4024999 1055794 35757
0a080019 0a090015 10001 100 7753 3373000 1708308 11773
0a05001b 0a00000f 10000 100 1721092 1752000 3330313 577582
0a080005 0a080004 10000 100 138463 3834000 1248601 50696
0a060020 0a070014 10000 100 27690 3933999 1149117 18352
0a01000f 0a05000f 10000 100 68055 3798999 1285048 31684
0a030014 0a06001b 10001 100 44741 3139999 1945432 23977
0a030017 0a040002 10000 100 4047 4540999 544999 10541
0a090020 0a03000a 10000 100 20863 2935999 2155240 16091
0a040010 0a0b0004 10000 100 5070 3996000 1096797 10883
0a0a000d 0a0a0009 10000 100 824868 2680999 2412729 277365
0a04000a 0a02001b 10000 100 59579 4969999 123824 28879
0a030002 0a0a0013 10000 100 2310505 1368999 3724989 772231
0a0b000a 0a08000f 10000 100 104022 4956999 137973 43562
0a0b0012 0a090012 10000 100 1730618 1557000 3538024 580723
0a04000b 0a01001e 10000 100 66790 4556000 540222 31264
0a0a0002 0a080009 10001 100 74241 4856000 240230 33725
0a060018 0a01001f 10000 100 926568 3677000 1419326 315194
0a050013 0a0a001e 10001 100 101876 3178999 1918086 42844
0a060001 0a050001 10000 100 36477 3286999 1810321 21256
0a020004 0a03001f 10000 100 2379677 1784999 3312863 795072
0a0a001f 0a010006 10000 100 50895 4307000 791706 26008
0a080010 0a0b0011 10000 100 79646 4606999 491871 35516
0a0b000a 0a010005 10000 100 78030 4976000 124873 34983
0a07000b 0a010004 10000 100 59282 4043999 1057030 28784
0a0b0017 0a090007 10000 100 50090 4738000 363596 25751
0a080017 0a070003 10000 100 32502 4935000 166914 19938
0a020009 0a050018 10000 100 1664604 3298999 1802955 558922
0a03000f 0a00001c 10000 100 65228 3753999 1349113 30748
0a040014 0a05001a 10000 100 745354 3663000 1440223 255347
0a04000c 0a080011 10000 100 97987 4194999 908901 41569
0a040011 0a00001e 10000 100 69408 4106000 998277 32132
0a0b0006 0a00000e 10000 100 73645 4837000 268952 33534
0a0a0017 0a020016 10000 100 306578 3836000 1271447 110453
0a010017 0a0a0015 10000 100 442510 3670999 1437123 155349
0a050003 0a09001d 10000 100 2108128 2063999 3045249 705397
0a0b000d 0a070007 10000 100 2399538 1943000 3166683 801628
0a020007 0a090003 10000 100 103902 4491000 618953 43523
0a05001c 0a07000f 10000 100 80759 4970999 139059 35872
0a050006 0a0b000c 10000 100 64299 4588000 522539 30436
0a080009 0a050019 10000 100 1936013 2814999 2295796 648553
0a050010 0a07000c 10000 100 455482 3433999 1678608 159623
0a000015 0a06000a 10000 100 80442 2811000 2302427 35770
0a030012 0a06001c 10000 100 83138 4023999 1089709 36664
0a09001d 0a01000d 10000 100 330548 4395999 718426 118369
0a060013 0a0a001c 10001 100 67382 4381000 733545 31453
0a02000c 0a030010 10000 100 74081 3514000 1600673 33673
0a070002 0a030011 10000 100 221176 3089999 2026941 82249
0a050014 0a050013 10000 100 26901 3343000 1774192 13844
0a050019 0a080018 10000 100 15641 3893999 1224865 14374
0a050018 0a050015 10000 100 26925 1203000 3916862 13852
0a08001f 0a010016 10000 100 76829 4950999 170643 34584
0a09001f 0a0b0020 10000 100 42898 4982999 139899 23372
0a02000a 0a000012 10000 100 89460 4768999 354430 38748
0a030011 0a060007 10000 100 49759 2295000 2828741 25645
0a08001e 0a030005 10000 100 77331 4959999 164149 34744
0a02000a 0a01000f 10000 100 20642 4407999 716496 16020
0a090015 0a000016 10000 100 1977338 2115999 3008752 662208
0a000008 0a0b0002 10000 100 16923 4752000 374535 14799
0a0b0004 0a04000a 10000 100 1839898 1719000 3408581 616814
0a000019 0a060020 10000 100 2152581 2605999 2523346 720082
0a08000e 0a04000e 10000 100 38576 4350999 779725 21943
0a050019 0a030014 10000 100 59692 4311999 819749 28915
0a070013 0a09000f 10000 100 1961740 3115000 2016917 657047
0a030009 0a010009 10000 100 178613 4577999 553966 68199
0a09001a 0a030016 10000 100 1644659 2089999 3042888 552340
0a03000d 0a070007 10000 100 98789 4870000 264907 41826
0a040019 0a040009 10000 100 53190 4921000 215026 22533
0a0a000b 0a09000e 10000 100 50342 4372000 765061 25831
0a030010 0a010005 10000 100 381854 4513999 623074 135310
0a0a0017 0a080004 10000 100 11320 3985999 1153754 12945
0a020006 0a080016 10000 100 928822 3294000 1846320 315946
0a0b0003 0a070003 10000 100 43873 4022000 1119215 23700
0a030015 0a060009 10000 100 1881934 979999 4161998 630695
0a02001c 0a02000e 10000 100 80705 4830000 312460 31615
0a090016 0a010010 10000 100 33603 4654000 489328 20306
0a080012 0a0b001f 10000 100 52917 4726000 417380 26686
0a0b0015 0a060011 10000 100 634164 4774999 369204 218629
0a060001 0a060015 10000 100 6543 4552999 592657 7130
0a0b0020 0a010013 10000 100 335176 4833999 313113 119896
0a000015 0a080005 10001 100 28515 3766999 1380221 18632
0a03001f 0a03001c 10000 100 2059778 3455999 1691956 685193
0a080014 0a050002 10000 100 94370 4170000 979165 40366
0a0a0016 0a080004 10000 100 81555 3772000 1377303 36142
0a080012 0a010008 10000 100 24980 4048999 1101253 17454
0a020011 0a05000e 10000 100 2423754 3389000 1761311 809623
0a08000b 0a08001d 10000 100 43376 4989999 160540 19285
0a050018 0a030014 10000 100 35457 3622999 1528880 20914
0a040013 0a020015 10000 100 2135807 3008999 2142959 714530
0a050019 0a04000a 10000 100 13499 4408999 743454 13657
0a01001b 0a060020 10001 100 217782 3854999 1298621 81132
0a060010 0a03000e 10000 100 48956 4641000 512705 25372
0a070004 0a050001 10000 100 92752 2843000 2311607 39832
0a050006 0a050011 10000 100 58168 4806000 348840 24172
0a080001 0a00000c 10000 100 1978759 2622000 2533081 662678
0a050018 0a020002 10000 100 88764 3918999 1236173 38526
0a080012 0a000013 10000 100 2552275 729000 4426411 852070
0a000010 0a040009 10000 100 55891 3445999 1710025 27668
0a00000c 0a020008 10000 100 2171273 1606999 3549076 726248
0a0b0017 0a07000c 10000 100 87725 4310999 845956 38178
0a020008 0a050018 10000 100 69761 3700000 1456987 32245
0a0a0014 0a030005 10000 100 2111010 1981999 3177570 706350
0a000013 0a090005 10000 100 317983 3188999 1972047 114210
0a090002 0a080009 10000 100 350921 4434999 728667 125088
0a090003 0a07000f 10000 100 7507 3958999 1205270 11694
0a01000f 0a010013 10000 100 2192111 3431000 1735208 728891
0a040004 0a000020 10000 100 2710 4606999 559836 10097
0a02001e 0a030017 10000 100 1790656 3340000 1829857 600549
0a07000d 0a04001f 10000 100 92697 3657000 1513023 39815
0a010010 0a0b0014 10000 100 2341743 2892000 2280574 782550
0a090010 0a020020 10000 100 37387 3799999 1373216 21547
0a02001f 0a0a0011 10000 100 22666 3772000 1402381 16698
0a0b001c 0a0b0005 10000 100 969303 1046999 4127402 325074
0a020011 0a0a0010 10000 100 183232 4900999 273485 69723
0a09000f 0a05000e 10000 100 2533300 1175000 4002732 845799
0a04001f 0a02001e 10000 100 2270921 3648000 1530216 759149
0a01000a 0a00000c 10000 100 2111676 2784000 2394341 706563
0a080017 0a040017 10000 100 691392 3684000 1494859 237526
0a00001b 0a02001e 10000 100 119660 4067999 1111047 48720
0a030008 0a04001b 10000 100 411165 4052000 1129492 144996
0a0b0009 0a05000b 10000 100 1996513 2962999 2218599 668543
0a00000b 0a0a0014 10000 100 14834 3755999 1425911 14100
0a010018 0a000008 10000 100 30255 4671999 510151 19204
0a0a0014 0a030014 10000 100 52576 3638000 1545727 26577
0a050003 0a040007 10001 100 28439 3660000 1523911 18592
0a0b0014 0a050009 10000 100 17368 3542000 1642329 14942
0a09001d 0a070015 10000 100 8775 4229000 956260 12100
0a0a001d 0a02000c 10000 100 100652 3544999 1640287 42453
0a0b0018 0a09000b 10000 100 91238 4869000 316343 39333
0a06000b 0a030017 10000 100 90929 3942000 1243412 39234
0a06000d 0a0b0012 10000 100 93722 4403999 782724 40158
0a0b0011 0a040018 10000 100 84708 4588000 602737 37182
0a040004 0a080013 10000 100 61152 4904999 286048 29398
0a0a0008 0a040009 10000 100 99973 4721999 469135 42220
0a02000d 0a00001e 10000 100 74555 4708000 485864 33825
0a060011 0a05000f 10000 100 46181 4239999 954215 24454
0a04001c 0a010001 10000 100 695708 4817000 377788 238953
0a02001e 0a09001a 10000 100 59851 4650999 545697 28966
0a090012 0a06000f 10000 100 93091 4840999 356785 39956
0a060015 0a040012 10000 100 104190 4576000 621820 43616
0a080006 0a05000f 10000 100 21628 4139000 1060041 16351
0a0a0018 0a030005 10000 100 14780 3983000 1216200 14083
0a02001f 0a04000d 10000 100 18621 3787000 1412568 15358
0a030001 0a030003 10000 100 57450 4629000 571447 23943
0a030015 0a02001a 10000 100 2587377 1270999 3931062 863656
0a010016 0a060020 10000 100 46307 4033000 1169622 24494
0a050012 0a000015 10000 100 517925 1956999 3245723 180250
0a06000c 0a050007 10000 100 1967963 2377000 2825781 659100
0a0b0007 0a020002 10000 100 70255 4584999 619042 32403
0a030017 0a000009 10000 100 2072907 221000 4983171 693757
0a0b001a 0a04001c 10000 100 1907563 2247999 2956240 639158
0a07001e 0a030017 10000 100 19704 4856000 349006 15720
0a070016 0a07000c 10000 100 8024 3742000 1463090 7619
0a000013 0a03000d 10000 100 89787 4388000 817210 38853
0a050017 0a0b0017 10000 100 64895 4910000 297160 30642
0a090013 0a080019 10000 100 18443 3488000 1721418 15301
0a07000c 0a040012 10000 100 2420269 2994999 2215015 808477
0a090012 0a0b0020 10000 100 44418 4995999 214361 23874
0a060001 0a02001a 10000 100 41952 4787999 422708 23054
0a0a001b 0a070014 10000 100 82859 4922000 290339 36575
0a08000e 0a060015 10000 100 1761546 2347999 2865019 590942
0a070003 0a05000d 10000 100 44938 4453999 760906 24040
0a0a0004 0a05000d 10000 100 744372 3647000 1569608 255032
0a00001c 0a070004 10000 100 28768 3840000 1376937 18712
0a010010 0a050015 10000 100 2491766 453000 4766443 832093
0a080011 0a030013 10000 100 37435 4944999 276186 21563
0a020007 0a060003 10000 100 250171 4259999 962661 91819
0a000011 0a070018 10001 100 790317 4549000 674373 270196
0a010002 0a0b0001 10000 100 52832 3713999 1510337 26659
0a070018 0a040006 10000 100 1911681 926999 4298029 640521
0a090017 0a0b0010 10000 100 60477 3507999 1719012 29182
0a0b0013 0a07000b 10000 100 31610 4218999 1009692 19653
0a060007 0a070014 10000 100 1866138 1262000 3966739 625487
0a0a0002 0a030003 10000 100 1948781 3942000 1287318 652777
0a02001b 0a020018 10000 100 78904 4779000 451187 31023
0a0a0007 0a01001a 10000 100 1780816 3220999 2012182 597308
0a000003 0a03001d 10000 100 764622 3917000 1316886 261712
0a0a0012 0a030018 10000 100 372181 3755000 1479391 132122
0a000013 0a0a0013 10000 100 2206996 2980000 2254849 738048
0a040008 0a070013 10000 100 82052 4477000 758164 36301
0a04000d 0a010008 10000 100 2201009 2805999 2432963 736071
0a090005 0a010002 10000 100 1770139 1492999 3746765 593784
0a050012 0a04001b 10000 100 84928 3488000 1751921 37252
0a080012 0a06001e 10000 100 728024 4237999 1002090 249632
0a030006 0a090020 10000 100 1826429 1445000 3796218 612365
0a09000b 0a00000e 10000 100 70278 4552999 690891 32410
0a05001d 0a070005 10000 100 97262 4747000 497127 41322
0a0a000d 0a080002 10000 100 982339 2507000 2738062 333609
0a0a0009 0a070004 10000 100 8995 4505000 741062 12170
0a010008 0a070018 10000 100 66217 4093000 1154339 31080
0a04000b 0a0a001e 10000 100 9575 4702999 545215 12371
0a02000e 0a0b0009 10000 100 35680 4022999 1227008 20986
0a050016 0a090003 10000 100 2191743 3399000 1851291 733014
0a0b000d 0a070016 10000 100 53423 4335000 916574 26848
0a03000a 0a000019 10000 100 1618895 4184000 1069450 543835
0a060006 0a000016 10000 100 8111 3415000 1838599 11887
0a00000c 0a06000e 10000 100 35181 4000000 1254269 20826
0a0b0009 0a040006 10000 100 79575 4183000 1071985 35493
0a050017 0a02001d 10000 100 1780477 2612999 2644583 597184
0a0b0010 0a000010 10000 100 40865 4362999 895803 22706
0a03001c 0a070018 10000 100 73637 4250000 1009037 33531
0a09001b 0a010006 10000 100 67913 3213000 2046244 31638
0a070013 0a020001 10000 100 1786193 2971999 2288592 599075
0a000003 0a0a0018 10000 100 33070 3994000 1268938 20135
0a0b0016 0a050018 10000 100 14297 4180999 1082591 13928
0a050009 0a06001e 10000 100 768608 3729000 1534704 263034
0a090014 0a080006 10000 100 749026 2779999 2483851 256568
0a080011 0a070013 10000 100 2202204 1185000 4083678 736469
0a02001e 0a05000b 10000 100 92728 4644999 625020 39825
0a040006 0a060014 10000 100 104301 3943999 1327230 43651
0a010019 0a0a0018 10000 100 2132874 653000 4618721 713561
0a080019 0a060020 10000 100 90109 2668999 2608162 38971
0a080003 0a02000f 10000 100 1951553 2804000 2473584 653695
0a0b0016 0a030020 10000 100 2134008 2020000 3257994 713939
0a0b000a 0a08000c 10000 100 574410 4433999 844527 198894
0a09000c 0a08001b 10000 100 25023 4484000 794854 17468
0a090009 0a060003 10000 100 48540 4765000 514225 25239
0a010008 0a020013 10000 100 84731 3677999 1601700 37189
0a030018 0a04001c 10000 100 1926176 921999 4360448 645313
0a000017 0a090013 10000 100 295154 3716000 1568395 106675
0a09000e 0a07000c 10000 100 89461 4675999 611138 38749
0a04001a 0a030008 10000 100 2519998 3725000 1562160 841404
0a050008 0a070019 10000 100 1560224 1513999 3773646 524461
0a0b0013 0a010008 10000 100 68458 4274000 1013955 31813
0a070018 0a020020 10000 100 43289 4971999 316647 23497
0a000002 0a090016 10000 100 1696862 1670999 3617690 569583
0a030003 0a060015 10000 100 194442 4233999 1055033 73418
0a050020 0a050002 10000 100 1812069 2596999 2692388 603392
0a050004 0a090014 10000 100 42992 4708999 580862 23402
0a01000b 0a030011 10000 100 2483585 1404000 3890218 829383
0a000018 0a030009 10000 100 662817 2062000 3233169 228090
0a020017 0a060013 10001 100 741772 4001000 1296090 254170
0a02001d 0a07000f 10000 100 2472382 2036000 3264401 825690
0a0b0011 0a0a0019 10000 100 2533883 2197000 3104401 846000
0a050020 0a060015 10000 100 1863987 2410999 2890910 624768
0a07001d 0a0a0014 10000 100 97328 4167999 1133961 41343
0a070004 0a070020 10000 100 97319 3919999 1382030 37100
0a00001a 0a0b0010 10000 100 76831 4118000 1185616 34584
0a010020 0a040010 10000 100 98215 4073000 1232436 41642
0a00001a 0a080004 10000 100 1619361 689000 4616710 543984
0a06000f 0a080012 10000 100 17999 4826000 481211 15144
0a04000a 0a09000b 10000 100 2318781 3876999 1430442 774956
0a020019 0a0a0001 10000 100 505748 4349999 958598 176231
0a070014 0a070005 10000 100 567904 4405000 904496 192510
0a000009 0a060006 10000 100 2120518 288999 5020986 709484
0a05000e 0a06000b 10000 100 1852364 2353000 2958611 620926
0a060009 0a060017 10000 100 1990842 1935000 3380285 662427
0a06000e 0a080012 10000 100 368610 4675999 639431 130933
0a060005 0a0b000b 10000 100 2182730 3887999 1429515 730037
0a08001b 0a010008 10000 100 32577 4570000 747939 19962
0a080014 0a0b0006 10001 100 55245 4321000 997087 27446
0a080019 0a01000d 10000 100 166221 3608999 1711284 64095
0a06001c 0a030004 10001 100 20412 4530000 791004 15946
0a000013 0a01001f 10000 100 35599 4191000 1132827 20960
0a050009 0a030008 10000 100 25527 4152000 1171994 17645
0a0b0009 0a03000b 10000 100 22506 4257999 1066092 16647
0a0a0008 0a09000a 10000 100 12228 4307000 1019718 13251
0a050020 0a0b000d 10000 100 993104 3530999 1795975 337176
0a080012 0a090005 10000 100 708992 2605999 2721593 243342
0a050003 0a090010 10000 100 1808759 1577999 3751138 606527
0a080013 0a04001d 10000 100 798795 4081999 1247146 273001
0a010018 0a020003 10000 100 20746 4801999 527155 16053
0a01000d 0a0b000e 10000 100 1022055 3312999 2016270 346733
0a080019 0a01001f 10000 100 1564055 1673000 3656535 525718
0a030020 0a080007 10000 100 53256 4320000 1010715 26794
0a020011 0a000020 10000 100 11792 4703999 626801 13096
0a050012 0a07000b 10000 100 100400 2694999 2637311 42357
0a07000b 0a010014 10000 100 74835 4296999 1035899 33915
0a0b000a 0a010002 10001 100 2467100 3131999 2200918 823939
0a000010 0a060006 10000 100 11901 2763999 2568947 13131
0a0a0007 0a000006 10000 100 813779 3860000 1474116 277949
0a050019 0a030012 10000 100 1828268 2082000 3253427 612969
0a09001b 0a08001b 10000 100 43343 3993000 1343507 23515
0a04000a 0a0a0017 10000 100 5740 4429999 907084 11098
0a020006 0a000018 10000 100 461925 3579000 1758724 161746
0a00000f 0a00001c 10000 100 5897 4564000 774761 6908
0a080012 0a01001e 10000 100 20733 4976000 364479 16049
0a05001a 0a030016 10000 100 327202 3710000 1630730 117268
0a05001e 0a0a001a 10000 100 104766 4788999 551849 43800
0a060011 0a06000b 10000 100 2289318 3857000 1486013 760996
0a090020 0a080001 10000 100 1610763 3196000 2147015 541140
0a0a001e 0a02001e 10000 100 986192 3647000 1696731 334888
0a08001c 0a05000a 10000 100 72860 4930000 414680 33267
0a070005 0a080019 10000 100 700305 2938000 2409137 240470
0a060004 0a0a0002 10000 100 23499 4883000 464671 16965
0a040009 0a000018 10000 100 16464 4551999 795749 14637
0a040007 0a010001 10000 100 1822553 737000 4611696 611094
0a07000b 0a0a0009 10001 100 6690 4545000 805163 11417
0a080010 0a0b0004 10000 100 2455777 4040000 1311015 820208
0a08001c 0a0a001d 10000 100 2501788 2304000 3048390 835392
0a000010 0a0b0013 10000 100 90415 3976999 1375479 39069
0a050019 0a06001a 10000 100 14297 4791000 562912 13928
0a080012 0a060004 10000 100 60345 4581000 773471 29140
0a0b000b 0a0b0004 10000 100 885634 2664999 2690725 297440
0a050008 0a0b0008 10000 100 1038098 3406000 1952233 352035
0a020011 0a070010 10000 100 911091 4968000 391068 310088
0a05000c 0a010018 10000 100 1789489 4088999 1271784 600160
0a0b000f 0a070020 10000 100 67114 4405000 956296 31367
0a01000e 0a0a0006 10000 100 1719961 2242000 3120378 577205
0a050005 0a040002 10000 100 598425 2580999 2781764 206824
0a050003 0a04000c 10000 100 2004454 1941999 3422166 671161
0a04000e 0a04001e 10000 100 101723 4252999 1112646 38555
0a09000a 0a040009 10000 100 25607 3791000 1577003 17670
0a0a0019 0a0a0004 10000 100 64424 3396999 1971507 26236
0a07001b 0a0b0002 10000 100 90783 4904999 465261 39187
0a04000d 0a020013 10000 100 1902356 2977000 2393491 637445
0a0a0017 0a060004 10000 100 21278 4317999 1054224 16239
0a02000b 0a010010 10000 100 64316 4957999 414667 30441
0a090009 0a010007 10000 100 75576 4462999 910554 34167
0a01001e 0a0a0018 10000 100 1660659 2160000 3213656 557629
0a000017 0a000004 10000 100 2362864 485999 4888521 785283
0a080005 0a000002 10000 100 91428 4054000 1323461 39393
0a06000a 0a00001a 10000 100 751844 1978000 3402875 257500
0a020015 0a020008 10000 100 2569703 1371999 4009676 853592
0a080020 0a060019 10000 100 37382 3716999 1664788 21546
0a03001c 0a04000e 10000 100 56552 4094000 1288438 27880
0a06000a 0a00001d 10000 100 1617063 1938999 3443989 543233
0a040002 0a090011 10000 100 142594 4982999 401547 56304
0a09000c 0a00001f 10000 100 376925 3399999 1984605 133686
0a08000d 0a04000e 10000 100 2537446 2027000 3357663 847171
0a05001d 0a070013 10000 100 2515004 380999 5005891 839760
0a0a001a 0a06000d 10001 100 225917 4526999 860062 83812
0a07000b 0a020001 10000 100 32542 4198999 1188683 19951
0a02000e 0a070004 10000 100 1832177 3540999 1848098 614266
0a010002 0a090011 10000 100 1715161 1613000 3777083 575623
0a06001a 0a08001c 10000 100 2168490 3736000 1654221 725327
0a0b001e 0a08001c 10000 100 530472 4891000 499521 184388
0a040014 0a01000b 10000 100 1895986 3338999 2051668 635330
0a00001a 0a060019 10000 100 1599454 389000 5002371 537414
0a0b0002 0a040018 10000 100 580714 4179999 1212745 200988
0a0b0006 0a070016 10000 100 58482 4512000 880889 28513
0a06000e 0a0a0013 10000 100 2181057 4305999 1086951 729487
0a02001c 0a0b0005 10000 100 1641380 3095000 2303583 551260
0a05001f 0a060009 10000 100 2043184 2798999 2599639 683954
0a030004 0a090017 10000 100 83778 3518999 1880219 36869
0a050018 0a0a000c 10000 100 1789872 2224999 3174247 600298
0a08001c 0a040010 10000 100 2476739 1652999 3747230 827131
0a03001b 0a02001c 10000 100 2082353 2334999 3065240 696888
0a0a000c 0a06001c 10000 100 43420 2635000 2767561 23539
0a04000c 0a0b000a 10000 100 21388 4867999 534565 16274
0a07000b 0a02000a 10000 100 86491 4035000 1373164 37768
0a07001c 0a030017 10000 100 615259 3506000 1902978 212395
0a070010 0a05000f 10000 100 40723 4492000 917247 22661
0a030011 0a030019 10000 100 1922687 622999 4786708 639911
0a000005 0a03000f 10000 100 71546 4116999 1293879 32832
0a040008 0a030011 10000 100 86361 3732000 1680140 37726
0a06000f 0a050008 10000 100 46299 4779000 634143 24491
0a050005 0a08000e 10000 100 1641121 961000 4452764 551177
0a080008 0a070019 10000 100 1751452 1502000 3912443 587605
0a020019 0a00001f 10000 100 217030 4492000 923229 80876
0a06000b 0a050003 10000 100 977232 4027000 1391926 331928
0a060016 0a00000b 10000 100 71124 4722999 697873 32696
0a000016 0a0b000a 10000 100 1593647 4113000 1308090 535494
0a09000e 0a05001b 10000 100 292521 4956999 464573 105817
0a0b0017 0a040007 10000 100 4341 3841999 1579734 10635
0a040009 0a0a0004 10000 100 2126396 4251999 1170575 711427
0a050003 0a090020 10000 100 42932 4105000 1317762 23383
0a090002 0a030020 10000 100 1956898 2102000 3321411 655452
0a07001f 0a0a0016 10000 100 56450 4300000 1123693 27847
0a090001 0a0b0004 10000 100 85013 4695000 729769 37279
0a080001 0a0b0009 10000 100 2371335 2844000 2582837 792311
0a060003 0a02000a 10000 100 18191 4823000 604402 15220
0a030004 0a070019 10000 100 1978483 279999 5149145 662574
0a040013 0a000010 10000 100 975345 2665999 2763775 331309
0a08001c 0a02000f 10000 100 467580 4774999 655741 163617
0a070001 0a080011 10000 100 1591594 3210000 2222049 534822
0a06000a 0a000004 10000 100 689436 1856000 3576655 236885
0a08000d 0a07000b 10000 100 2009788 2422999 3009757 672914
0a0a000e 0a0b0001 10000 100 2474371 3778999 1655582 826342
0a04001a 0a07001f 10000 100 2041125 4311999 1124336 683264
0a050003 0a0a0014 10000 100 245341 4007000 1432915 90228
0a09000b 0a060016 10000 100 89630 4218000 1225489 38803
0a060002 0a080014 10000 100 45302 4465000 979070 24172
0a050020 0a08000c 10000 100 38950 4959999 484644 22063
0a000013 0a030009 10000 100 61679 4810000 636117 29582
0a09000b 0a02001f 10000 100 104522 3383000 2064943 43722
0a080019 0a040010 10000 100 879656 2126999 3321470 299706
0a030020 0a03000e 10000 100 35109 4749999 701368 16563
0a01000d 0a020008 10000 100 73345 4936000 515372 33423
0a050015 0a090011 10000 100 67149 1665000 3786443 31378
0a010009 0a080001 10000 100 166528 4564000 888093 64209
0a0b001e 0a060013 10000 100 104358 4840999 611677 43669
0a0b001c 0a02001b 10000 100 14794 4288000 1166203 14087
0a0b0005 0a090017 10000 100 57996 3753999 1704993 28357
0a070007 0a04000e 10000 100 2234696 3831999 1627608 747189
0a0a0006 0a09001f 10000 100 2224595 3154000 2306161 743864
0a080011 0a00000d 10000 100 53191 4857000 605241 26774
0a0a000e 0a060010 10000 100 44950 4954000 508584 24044
0a000016 0a05000e 10000 100 44414 4640000 822786 23873
0a030011 0a080013 10000 100 74501 3753999 1710365 33808
0a090010 0a060003 10000 100 380783 3380999 2084838 134952
0a070008 0a090009 10001 100 91248 3733999 1733012 39336
0a0a0017 0a00000f 10000 100 32081 4597999 870164 19803
0a030012 0a000013 10000 100 87295 4608000 860198 38040
0a090011 0a0a0019 10000 100 55798 3612999 1855671 27639
0a08001c 0a050014 10000 100 70310 4865000 603709 32421
0a010017 0a060013 10000 100 91482 4650999 818103 39411
0a010003 0a0a0014 10000 100 2013600 2014000 3455565 674180
0a09000b 0a01001b 10000 100 97410 4714000 756081 41369
0a00001c 0a020007 10001 100 97519 4416999 1053260 41419
0a02000a 0a020010 10000 100 454619 4991999 478538 155107
0a070018 0a060010 10000 100 75080 4760999 709884 34008
0a080018 0a070016 10000 100 2426048 2142999 3328357 810387
0a090020 0a080019 10000 100 2154205 1191000 4280992 720617
0a000001 0a080017 10000 100 1950913 4080000 1392674 653475
0a010014 0a080013 10000 100 1892855 4294000 1178810 634297
0a0a0017 0a030008 10000 100 226476 4061999 1411380 83991
0a030009 0a050006 10001 100 2392708 3983000 1490626 799381
0a050006 0a010004 10000 100 470871 4982999 491223 164701
0a060003 0a0a001a 10000 100 158911 4864000 610559 61679
0a08000c 0a020007 10000 100 54327 4902000 574157 27152
0a090016 0a06000a 10000 100 777241 2099000 3377229 265888
0a050001 0a08000e 10000 100 2368950 1938999 3537492 791532
0a060019 0a020012 10000 100 99106 3759999 1717386 41943
0a070011 0a080014 10000 100 82402 4442999 1034447 36413
0a07000e 0a000009 10000 100 293958 2863000 2615762 106277
0a01000e 0a0b0003 10000 100 816706 2322999 3156173 278917
0a06001e 0a03000c 10000 100 2017416 1382999 4096383 675432
0a0b0016 0a040011 10000 100 2548677 1232000 4247466 850888
0a07000b 0a080008 10000 100 259413 3788999 1692627 94869
0a090015 0a050009 10000 100 2299409 1454999 4026958 768557
0a00000d 0a0b0019 10000 100 56987 4738000 744555 28019
0a08000c 0a0a0015 10000 100 2445497 630000 4853315 816811
0a04000c 0a080019 10000 100 2494118 2217999 3265976 832861
0a0a0017 0a0b0001 10000 100 2532057 3095999 2388041 845401
0a09001d 0a010011 10000 100 99654 4970999 514136 42118
0a060015 0a020015 10000 100 1699247 4075999 1409980 570361
0a030016 0a060017 10000 100 2388494 2187000 3300095 797986
0a07000d 0a040007 10000 100 44591 2612000 2875760 23929
0a02001d 0a0b000e 10000 100 1592754 3645999 1842331 535193
0a09001d 0a040010 10000 100 8106 4312999 1177019 11886
0a04000e 0a0a0016 10000 100 80536 3632999 1858167 35800
0a060002 0a0b000c 10000 100 84922 4746000 745436 37250
0a070008 0a0b0011 10000 100 87397 3482999 2010569 38073
0a00000d 0a040004 10000 100 86700 4682999 810845 37834
0a010017 0a0b0004 10000 100 90179 4793999 699907 38994
0a06000b 0a09000c 10000 100 1007423 3841999 1653433 341897
0a070014 0a000008 10000 100 2014134 3008999 2488370 674351
0a03001c 0a08000a 10000 100 681883 2582000 2917975 234391
0a020003 0a06000b 10000 100 66134 4821999 678458 31054
0a06001f 0a090003 10000 100 99372 4107999 1393118 42028
0a00000c 0a070004 10000 100 25147 4015000 1486314 17508
0a05000a 0a090003 10000 100 553552 4817000 684763 192019
0a020007 0a060014 10000 100 1798483 1463000 4038850 603131
0a080016 0a040008 10000 100 1608504 4007000 1497163 540402
0a04001c 0a070008 10000 100 1643099 2118000 3387659 551826
0a0a0005 0a08000e 10000 100 88643 4647000 861083 38487
0a050009 0a09000e 10000 100 15239 4826999 682579 14245
0a020009 0a02000e 10000 100 2184213 4390999 1119256 726287
0a06001c 0a090013 10000 100 2117701 510999 5000101 708552
0a000006 0a000020 10000 100 83859 4536000 975137 32655
0a0a0009 0a060002 10000 100 2506853 438000 5073272 837074
0a020005 0a090010 10000 100 9845 4840999 670972 12457
0a03001a 0a000010 10000 100 541539 3872000 1639991 188052
0a060018 0a07001a 10001 100 2114638 3083999 2429009 707541
0a060014 0a080019 10000 100 1601559 1582000 3931668 538103
0a00001f 0a040002 10000 100 1625573 4250000 1263813 546033
0a09000b 0a05000b 10000 100 68001 4997999 515997 31666
0a070011 0a000008 10000 100 169262 4767999 746014 65099
0a07000b 0a00001f 10000 100 95347 4555000 960603 40694
0a0b0012 0a08000a 10000 100 90617 4308000 1208449 39134
0a030004 0a0b0008 10000 100 2431961 244999 5271468 812341
0a02001d 0a08001e 10001 100 8817 4740000 776867 12113
0a05001d 0a000013 10000 100 2072889 687000 4829899 693752
0a08001a 0a080014 10000 100 706579 1992999 3524286 238315
0a06000a 0a03001a 10000 100 53274 4467999 1052378 26800
0a06000a 0a050017 10000 100 7949 4475999 1044892 11835
0a06001b 0a02000d 10000 100 81933 3383000 2139092 36263
0a02001e 0a050014 10000 100 1785283 4279999 1243230 598784
0a030016 0a060006 10000 100 38345 3043000 2480643 21869
0a070002 0a000015 10000 100 885480 3706000 1818309 301631
0a02000c 0a010013 10000 100 159628 3108999 2415621 61924
0a0a0013 0a030015 10000 100 1931815 3318999 2207540 647164
0a010009 0a070016 10000 100 40496 4088999 1440178 22573
0a030016 0a0a000a 10000 100 690405 4328000 1201925 237210
0a06000b 0a08000b 10000 100 1871702 4660000 870021 627313
0a050020 0a040020 10000 100 33932 3638000 1893447 20411
0a03001a 0a070019 10000 100 432071 3738000 1793657 151901
0a08000d 0a060014 10000 100 24992 4728000 809694 17458
0a0a0014 0a030013 10000 100 50312 4761999 775797 25822
0a000004 0a060004 10000 100 2103342 550999 4988777 703819
0a04001d 0a08000c 10000 100 526831 3468000 2071797 183192
0a00001c 0a0b000c 10000 100 788193 2481000 3059544 269501
0a0b0012 0a020010 10000 100 199680 4505000 1036386 75155
0a050020 0a070019 10000 100 2389941 1706000 3836394 798464
0a090020 0a07001a 10000 100 11906 4664999 877566 13132
0a05001b 0a09000e 10000 100 1559679 3122000 2420602 524271
0a03001a 0a0b0002 10000 100 2539525 3605999 1937264 847867
0a0b0001 0a06000c 10000 100 110083 4954000 590386 45563
0a020014 0a040015 10000 100 64427 4381999 1164435 30477
0a090010 0a07000c 10000 100 2440384 1923999 3622848 815113
0a080011 0a09001a 10000 100 792283 4871000 676632 270856
0a000002 0a010009 10000 100 1667905 3596999 1950712 560009
0a01000d 0a010009 10000 100 1813171 3263999 2283937 603744
0a050009 0a05000c 10001 100 54281 4968000 580488 22898
0a070014 0a04000a 10000 100 2571669 2923999 2625177 858476
0a060017 0a000012 10000 100 935148 4165000 1384275 318032
0a0b000a 0a0a0014 10000 100 40415 4982000 567673 22547
0a090014 0a0b000d 10000 100 754933 3406999 2145510 258520
0a080020 0a090017 10000 100 91198 3886999 1666329 39320
0a070012 0a060004 10000 100 1773615 4026000 1529630 594927
0a02000b 0a05001a 10000 100 1955909 3409000 2149148 655120
0a01000d 0a060014 10000 100 179569 4395999 1163112 68505
0a040018 0a060020 10000 100 100499 4470000 1093474 42388
0a020006 0a030014 10000 100 1734670 2674000 2890288 582065
0a0a0019 0a070009 10000 100 101707 2553999 3011148 42790
0a0a0014 0a0b0003 10000 100 24030 4033000 1532705 17150
0a03000f 0a0b0020 10000 100 177858 4459000 1107679 67942
0a080006 0a000010 10000 100 8756 4551000 1017927 12094
0a0a000c 0a050017 10000 100 87678 3308000 2261367 38163
0a050011 0a09000c 10000 100 58112 4734000 835368 28394
0a060016 0a07000d 10000 100 29224 3709000 1863742 18858
0a050017 0a080015 10000 100 1616500 3664000 1911620 543038
0a060004 0a0a000f 10000 100 242266 4682000 894329 89213
0a0b000f 0a020008 10000 100 1575264 2697000 2879435 529427
0a060008 0a00001a 10000 100 93803 4688000 889883 40184
0a010018 0a030006 10000 100 696736 3585000 1994692 239297
0a070018 0a020018 10000 100 1611380 1397000 4183055 541353
0a0b0009 0a070001 10000 100 2272333 3248000 2332079 759616
0a020003 0a0b0006 10000 100 656302 4205000 1375242 225944
0a0b0018 0a0a000c 10000 100 959356 3059000 2521987 326024
0a040020 0a060010 10000 100 5869 3079000 2502045 11139
0a000007 0a0b0017 10000 100 1787485 2122999 3458439 599504
0a000018 0a08001d 10000 100 2060060 460999 5122522 689523
0a070020 0a090017 10000 100 40171 3069999 2513799 22469
0a09000e 0a0b0003 10000 100 2327632 3252999 2332180 777880
0a020016 0a02001e 10000 100 2229503 1195000 4390861 741241
0a0a0012 0a090019 10000 100 2295499 1203999 4383435 767275
0a02000b 0a0b0015 10000 100 627760 4798000 789883 216519
0a00001e 0a090004 10000 100 512134 1000000 4589554 178336
0a0a0014 0a030019 10000 100 38812 4361000 1230336 22019
0a090014 0a000003 10000 100 2328157 424000 5169650 778064
0a000011 0a0a000b 10000 100 27948 4571999 1021661 18435
0a040019 0a070016 10000 100 514158 3405000 2188932 178999
0a03000f 0a000017 10000 100 477529 3249000 2346521 166909
0a08000c 0a070004 10000 100 11872 4549000 1047091 13121
0a080001 0a050015 10000 100 2355110 796999 4799295 786965
0a010017 0a0b0016 10000 100 1692411 2742000 2855959 568112
0a030007 0a060017 10000 100 17667 4657999 940664 15037
0a040003 0a070015 10000 100 2504675 2824000 2776628 836347
0a04000c 0a070020 10000 100 4309 4556000 1045369 10624
0a050015 0a040010 10000 100 75675 1825000 3776656 34199
0a030020 0a060014 10000 100 102133 4009000 1593564 42942
0a040005 0a080008 10000 100 1645645 3922000 1683452 552671
0a0b0020 0a010015 10000 100 714626 4878000 728121 245207
0a040005 0a030013 10000 100 2352903 3951999 1657220 786228
0a0b000b 0a040020 10000 100 66234 3578000 2032095 31086
0a090010 0a0a001b 10000 100 359392 3644999 1966826 127891
0a06001f 0a0b0008 10000 100 1702346 3517999 2095663 571384
0a040012 0a090010 10000 100 96395 4768999 844742 41044
0a010009 0a040012 10000 100 51536 4462999 1150885 26229
0a050016 0a010018 10000 100 413904 4713000 901785 145888
0a0a0003 0a0a001d 10001 100 1771659 3092999 2521787 590046
0a04001d 0a030020 10000 100 51032 4772000 843083 26067
0a020003 0a060009 10000 100 49361 3683000 1933755 25502
0a02001a 0a000003 10000 100 2328678 3625000 1992566 778231
0a06000e 0a0a0016 10000 100 19359 4519999 1098570 15594
0a040001 0a060007 10000 100 101628 3872000 1746958 42765
0a04000e 0a07000c 10000 100 104253 3844999 1775201 43636
0a09000e 0a050018 10000 100 54950 4629000 992027 27352
0a0a0008 0a000014 10000 100 455141 4498000 1123494 159514
0a0a000c 0a070014 10000 100 136594 2830000 2792095 54323
0a0a0014 0a030020 10000 100 15506 4811000 813869 14330
0a03001b 0a050003 10000 100 466826 4546999 1078755 163376
0a070008 0a020018 10000 100 60392 3618000 2013233 29155
0a010009 0a05001d 10000 100 54374 4870000 761588 27168
0a010003 0a08000c 10000 100 1739531 2687999 2944960 583667
0a08001d 0a080005 10000 100 83073 4396999 1239924 32403
0a0a000f 0a090002 10000 100 2230863 1252999 4385865 745931
0a0a0014 0a0b001e 10000 100 299391 4555000 1084828 108077
0a010019 0a080008 10000 100 50469 3233000 2407331 25872
0a0b000c 0a08001f 10000 100 79317 4924000 716602 35395
0a0b0004 0a020013 10000 100 949594 3405000 2237816 322808
0a04000b 0a05001a 10000 100 2188045 3674999 1968845 731784
0a030020 0a000018 10000 100 713345 3798000 1846784 244781
0a040013 0a0b0008 10000 100 69654 4050999 1594739 32211
0a010012 0a02001f 10000 100 14909 4063999 1582139 14124
0a070019 0a03000d 10000 100 14484 4774999 873375 13988
0a030003 0a010012 10000 100 340558 4584999 1063893 121680
0a070010 0a0b0012 10001 100 101360 4994000 656430 42679
0a010003 0a00000d 10000 100 56441 4917000 736664 27844
0a040002 0a0a0011 10000 100 2116558 3954000 1700145 708186
0a09001e 0a0b0001 10000 100 725855 3761000 1893568 248907
0a070006 0a060001 10000 100 882717 4499000 1157877 300716
0a010011 0a0a0019 10000 100 2174459 2696000 2961731 727298
0a020006 0a06000b 10000 100 918979 3550999 2108060 312688
0a07001f 0a06001e 10000 100 2553440 4194999 1464566 852458
0a030010 0a050020 10000 100 2235249 2981000 2678857 747381
0a09001b 0a06000e 10000 100 84886 4184000 1478139 37239
0a030002 0a0a0017 10000 100 2587629 1131999 4532594 863752
0a080019 0a05001e 10000 100 964283 3977999 1688480 327647
0a02001a 0a060004 10000 100 2294381 3435999 2231143 766902
0a07001e 0a000010 10000 100 2526227 1149999 4518147 843474
0a010015 0a040002 10000 100 302289 4741999 930657 109035
0a000010 0a020001 10000 100 86115 4147999 1526022 37647
0a07001a 0a0a0009 10000 100 2491091 3565000 2109033 831862
0a080014 0a070019 10000 100 2058448 810999 4863440 688992
0a000004 0a030007 10000 100 68026 3196000 2479272 31674
0a02000a 0a080014 10000 100 1758626 4021000 1654306 589977
0a0b0006 0a05000e 10000 100 77498 4688999 986356 34798
0a03000c 0a090012 10000 100 681334 4008000 1668413 234215
0a01000c 0a060015 10000 100 20462 4806000 870861 15962
0a000010 0a050020 10000 100 85239 4473000 1204600 37352
0a000004 0a020011 10000 100 4253 3830000 1848337 10607
0a0a0005 0a00001a 10000 100 39399 4107999 1570639 22222
0a00000c 0a050005 10000 100 823181 3034999 2643838 281050
0a020002 0a080007 10000 100 1041820 2971999 2707558 353257
0a010003 0a060016 10000 100 57228 4838000 841809 28112
0a04000e 0a0b0012 10000 100 1702660 894000 4787629 571500
0a000006 0a0a001c 10000 100 2055799 2096999 3586106 688114
0a09000b 0a00001a 10001 100 524985 2809999 2873344 182571
0a050015 0a060009 10000 100 2046565 770999 4912421 685067
0a020009 0a0a000f 10002 100 1008791 4856000 829391 342350
0a02001b 0a090016 10000 100 1589999 2663000 3022952 534281
0a05001f 0a010009 10000 100 2389319 3373999 2314429 798250
0a020005 0a0b001f 10000 100 2077910 2409000 3280795 695420
0a06001c 0a0a0007 10000 100 11070 4891999 798097 12865
0a0b0009 0a070015 10000 100 92860 3970999 1720289 39867
0a030020 0a02000b 10000 100 42953 4832000 860792 23390
0a020014 0a04001c 10000 100 2577170 4002000 1691117 860298
0a020020 0a01000c 10000 100 1897600 4362999 1331098 635877
0a000006 0a080002 10000 100 1566654 2629999 3065308 526580
0a07001e 0a030016 10000 100 2206446 1611999 4084200 737857
0a01001d 0a090009 10000 100 2458345 2514999 3184398 821045
0a060004 0a0b000e 10000 100 92931 4486999 1213324 39890
0a090007 0a07000d 10000 100 77473 4229000 1472475 34790
0a050009 0a080014 10000 100 30430 4690999 1011135 19260
0a040018 0a00001c 10000 100 42837 4871000 833051 23353
0a090014 0a080010 10000 100 1031157 2237999 3468602 349737
0a07001e 0a0a0005 10000 100 2174673 1711000 3995974 727367
0a09001f 0a09000a 10000 100 1831265 3115000 2592200 609719
0a010011 0a070019 10000 100 9720 4152000 1555363 12417
0a080020 0a030006 10000 100 39055 4938999 768624 22112
0a07001d 0a09001c 10000 100 999224 4403999 1303805 339196
0a020007 0a0a000a 10000 100 2116197 2824000 2884049 708056
0a0a0004 0a090010 10000 100 101132 4486000 1223013 42606
0a07000a 0a03000e 10000 100 1640648 4224000 1485185 551011
0a050009 0a09001c 10000 100 1706072 3785000 1924349 572622
0a0b0004 0a09000a 10000 100 856045 3926999 1783237 291904
0a040008 0a080019 10000 100 100884 4447000 1264628 42527
0a040012 0a050008 10000 100 738056 3040000 2673418 252950
0a030016 0a000002 10000 100 346897 4884999 829738 123770
0a00001c 0a020015 10000 100 53020 4784000 931075 26719
0a080012 0a020004 10000 100 1613294 1095999 4620223 541981
0a080013 0a020004 10000 100 41314 3555000 2164608 22850
0a010008 0a08000f 10000 100 65453 4797000 923950 30820
0a010004 0a080019 10000 100 73896 4325999 1395944 33614
0a070005 0a0b001c 10000 100 43926 4551999 1170031 23717
0a0a000f 0a04001e 10000 100 1020997 3259000 2463275 346379
0a05000a 0a060007 10000 100 1905547 1897000 3828967 638497
0a010007 0a0b0011 10001 100 79176 4410999 1315612 35350
0a080004 0a080006 10000 100 2175301 4773000 954496 723343
0a030008 0a03000f 10000 100 1768961 3206000 2521521 589152
0a07000f 0a090004 10000 100 512643 1000000 4731112 178498
0a070020 0a050009 10000 100 29159 2959999 2775452 18838
0a080012 0a09000a 10000 100 1980424 2990000 2746896 663226
0a04000e 0a090017 10000 100 66584 3207999 2529123 31198
0a070018 0a060007 10000 100 1938547 757999 4981403 649395
0a08000a 0a03001f 10000 100 2109096 4246999 1492553 705722
0a000006 0a010002 10000 100 841669 2599000 3143155 287166
0a070003 0a00001d 10000 100 1002035 3830000 1913570 340127
0a000007 0a050018 10000 100 97519 4969999 775119 41419
0a0a001c 0a06001d 10000 100 1581996 3556999 2188394 531643
0a00000f 0a0b0003 10000 100 2336987 1350999 4394477 780966
0a02000b 0a020013 10000 100 2112866 3207999 2539130 702719
0a07001b 0a02001f 10000 100 480684 3289999 2457559 167949
0a0a001a 0a00000d 10000 100 76046 4700000 1049490 34318
0a010017 0a000018 10000 100 2418013 1250000 4502921 807739
0a01001a 0a01001d 10000 100 704382 3930000 1822943 237581
0a050010 0a01001a 10000 100 481814 4422999 1332085 168326
0a030020 0a0a0005 10000 100 47158 4895000 860134 24782
0a02000f 0a0a001b 10000 100 1649925 3004999 2750438 554072
0a030008 0a030006 10000 100 2165226 3131999 2623514 720012
0a010007 0a000012 10000 100 843055 3344999 2410644 287625
0a000007 0a00000c 10000 100 54752 4812000 943753 23048
0a0b0017 0a070004 10000 100 12358 4662000 1095942 13292
0a060001 0a080004 10000 100 2590672 2227999 3530691 864757
0a040009 0a050001 10000 100 1724486 2438000 3321743 578699
0a0b0003 0a050017 10000 100 2581508 2846000 2914250 861732
0a000010 0a020020 10000 100 18567 4890000 872142 15341
0a000018 0a0a0012 10000 100 203370 4253999 1508177 76367
0a060013 0a09001e 10000 100 430980 4020000 1742613 151537
0a090016 0a030019 10000 100 2232785 697000 5068324 746562
0a020005 0a02000e 10000 100 1593648 3018999 2747254 531255
0a06001e 0a010008 10000 100 918544 2400999 3366230 312549
0a00000c 0a060001 10000 100 657922 3197999 2573766 226478
0a08000b 0a0a000c 10000 100 1022660 2890000 2882085 346926
0a060016 0a0b001b 10000 100 47578 4980000 792218 24916
0a010009 0a0a0004 10000 100 2064252 2843000 2929228 690911
0a050007 0a0b001d 10000 100 637743 4978999 793368 219821
0a090019 0a0b0006 10000 100 2224740 4394000 1378512 743911
0a070019 0a080012 10000 100 41026 4419000 1354561 22758
0a030019 0a04000a 10000 100 370301 4353000 1421230 131490
0a020003 0a090020 10000 100 29814 4756999 1017290 19047
0a04000f 0a0a001b 10000 100 274828 4959999 815251 99971
0a080014 0a060019 10000 100 6135 3578000 2197634 11240
0a060017 0a03001a 10000 100 2004052 3684999 2090884 671032
0a020008 0a070020 10000 100 1005920 3740999 2040263 341400
0a01001d 0a090006 10000 100 2085843 3174999 2606518 698035
0a010008 0a000019 10000 100 766565 3252000 2529561 262365
0a03000d 0a050019 10000 100 767676 4858000 923622 262720
0a080019 0a060020 10001 100 174772 3445000 2338738 66924
0a0b0002 0a090006 10000 100 2465023 3402000 2382182 823259
0a0b0020 0a040017 10000 100 2529133 2948000 2836327 844434
0a0b0008 0a05001b 10000 100 2351910 1631999 4152628 785895
0a030019 0a070005 10000 100 52928 4858000 926719 26689
0a090002 0a09001e 10000 100 912038 4722999 1061948 306166
0a00001b 0a09000a 10000 100 33475 4734999 1050294 20265
0a06001d 0a0a0014 10000 100 2535449 1100999 4686451 846517
0a01000e 0a060016 10000 100 2236515 1263999 4523709 747801
0a04001f 0a05001e 10000 100 2071721 4270999 1517451 693378
0a07000d 0a02001c 10000 100 22486 4344999 1444531 16625
0a06001f 0a01001f 10000 100 59999 4394999 1395643 29014
0a000007 0a010015 10001 100 2489657 2739999 3056874 831387
0a080016 0a050010 10001 100 932876 4730999 1070160 317274
0a040010 0a080018 10000 100 2469807 3033000 2768906 824836
0a0a0016 0a03001d 10000 100 25429 4708000 1095814 17598
0a000018 0a0a0005 10000 100 97224 4538999 1265016 41310
0a090009 0a0a001d 10000 100 1577394 4395999 1409284 530124
0a030014 0a000020 10000 100 92281 4741999 1063607 39682
0a070005 0a030019 10000 100 2102667 2756000 3049842 703588
0a030012 0a000012 10000 100 1727779 1634000 4172695 579784
0a0b001c 0a000002 10000 100 102562 4054999 1752526 43079
0a070005 0a060004 10000 100 1045795 4114999 1696348 354575
0a060015 0a00001b 10000 100 1672009 4828999 982585 561369
0a09001f 0a080006 10000 100 1919452 3278000 2533938 643085
0a000013 0a060017 10000 100 2232290 3236999 2575426 746403
0a070016 0a060017 10000 100 93307 4484000 1329138 40025
0a02000c 0a050013 10000 100 2123205 840000 4973735 710375
0a000006 0a090017 10000 100 82075 3956999 1857950 36308
0a080019 0a07000f 10000 100 1984534 1703000 4112858 664587
0a070008 0a070012 10000 100 25537 4100000 1715872 13408
0a09000a 0a02000e 10000 100 99912 4904000 912962 42200
0a060017 0a090004 10000 100 512153 1000000 4817346 178342
0a010008 0a05001e 10000 100 944789 2956999 2860503 321209
0a07000c 0a070019 10000 100 38597 4538999 1278700 17710
0a040020 0a030010 10000 100 1620899 2109999 3708058 544491
0a08000c 0a09000c 10000 100 2370576 808000 5011390 792068
0a010015 0a01000c 10000 100 1797309 3497000 2325343 598515
0a030002 0a080004 10000 100 2183361 1677000 4146122 730239
0a09001d 0a060012 10000 100 1979162 3676000 2147279 662807
0a0b0014 0a060013 10000 100 86146 4930999 892565 37657
0a06001c 0a020007 10000 100 2423924 429000 5394736 809677
0a09000a 0a090020 10000 100 2204249 1948000 3878190 732898
0a06000c 0a02000b 10000 100 982014 3353000 2473249 333505
0a020018 0a050001 10000 100 375461 3660000 2166634 133202
0a000009 0a050019 10000 100 114841 3278999 2548278 47131
0a060001 0a030020 10000 100 38657 4807999 1019546 21969
0a010015 0a030007 10000 100 955513 3807000 2022138 324763
0a010004 0a01000c 10000 100 2313355 1268999 4560750 768934
0a040019 0a050004 10000 100 52383 4876000 954769 26500
0a02000c 0a050016 10000 100 34537 4009999 1821383 20620
0a010015 0a03001c 10000 100 45075 4885999 948735 24100
0a06001d 0a020006 10000 100 87785 4420999 1414299 38197
0a00001b 0a06001d 10000 100 2299073 556999 5280393 768450
0a05001b 0a070008 10000 100 2382234 154999 5683233 795921
0a0a000f 0a050005 10000 100 2447445 1281000 4557547 817449
0a060019 0a030011 10000 100 1917567 2138000 3701739 642466
0a0b0002 0a09000e 10000 100 1572190 3853999 1985771 528413
0a050019 0a06001c 10000 100 90758 4441999 1398321 39179
0a03001d 0a060016 10000 100 407602 4891999 951271 143810
0a070016 0a000013 10000 100 449453 3876999 1967511 157632
0a06001d 0a0a0016 10000 100 963947 2658999 3185511 327539
0a02001f 0a040003 10000 100 5100 4232999 1613058 10893
0a09001b 0a00001f 10000 100 2284372 1608999 4241440 763592
0a08001b 0a07000d 10000 100 780265 3956000 1895011 266887
0a07001c 0a09000c 10000 100 1014728 3559999 2295370 344311
0a070013 0a06000f 10000 100 1839044 4385000 1471100 616540
0a010020 0a01000b 10000 100 2253531 4686000 1170802 749176
0a0a0015 0a03001f 10000 100 63843 4893999 963129 30290
0a0a000f 0a080014 10000 100 1662074 1693999 4163665 558097
0a0a0017 0a04001d 10000 100 1955985 3977999 1881568 655144
0a01001e 0a090004 10000 100 512417 1000000 4860017 178426
0a08001c 0a010007 10000 100 1873566 3171999 2689766 627941
0a06001f 0a08001b 10000 100 49890 4828999 1034064 25687
0a050020 0a030019 10000 100 905414 3314000 2549822 308209
0a050004 0a0a0005 10001 100 66871 4627000 1237550 31289
0a0b0009 0a070017 10000 100 89646 4943000 923420 38808
0a030016 0a0a0018 10000 100 2523845 2577999 3288429 842681
0a050018 0a090001 10000 100 2050032 3250999 2616478 686207
0a03001e 0a090019 10000 100 891198 3484000 2383628 303522
0a0a001f 0a030013 10000 100 708 4943999 924173 9441
0a06001d 0a08000c 10000 100 1033657 3533999 2335860 350568
0a03000c 0a07001b 10000 100 1939401 3302999 2566944 649668
0a080014 0a090017 10000 100 1877200 922999 4948084 629134
0a06001d 0a010014 10000 100 82057 4674000 1198637 36303
0a060007 0a07000c 10000 100 2320982 1363000 4510995 775691
0a0a0009 0a090001 10000 100 2120403 1097000 4777317 709448
0a0b000b 0a06000c 10000 100 840667 3109999 2765399 286830
0a0a001e 0a09000d 10001 100 388375 4985999 890907 137458
0a060002 0a010018 10000 100 982340 4477000 1400271 333609
0a06001d 0a070013 10000 100 26185 4102999 1774701 17855
0a070016 0a0a0008 10000 100 34944 4863000 1015453 20750
0a070010 0a02001f 10000 100 54918 4223000 1656952 27342
0a030017 0a060004 10000 100 522011 3118000 2764999 181604
0a030015 0a030017 10000 100 1006657 3168999 2714116 337412
0a03000b 0a060007 10000 100 414593 3468000 2416027 146124
0a000010 0a08001c 10000 100 101471 4394000 1492279 42715
0a020005 0a050003 10000 100 1015281 4146000 1740633 344488
0a02000b 0a06000a 10000 100 51709 4764000 1126235 26284
0a0a0014 0a050019 10000 100 910151 3498999 2391686 309771
0a010002 0a080007 10000 100 82322 4048999 1842212 36387
0a090009 0a000005 10000 100 2573586 3304000 2587868 859105
0a0b0008 0a0a001c 10000 100 1648490 1965000 3927200 553597
0a060012 0a040004 10000 100 2076824 3778999 2113632 695057
0a040010 0a070010 10000 100 2082325 3611000 2282789 696879
0a0a000a 0a05000c 10000 100 2461394 4615000 1280933 822051
0a000010 0a040007 10000 100 87231 3547999 2351206 38020
0a000002 0a090005 10000 100 77000 4085000 1817135 34638
0a080008 0a090003 10000 100 10222 4926999 975954 12578
0a01001b 0a010008 10000 100 98225 4669000 1234894 37405
0a07001c 0a080019 10000 100 68486 3526000 2378066 31822
0a01000a 0a070019 10000 100 849089 4709999 1197149 289617
0a02001c 0a03000f 10000 100 1796009 2899999 3007336 602324
0a050002 0a0b0003 10000 100 187897 4697999 1209364 71262
0a0b0012 0a050015 10000 100 2258365 867999 5040325 755008
0a05001a 0a070015 10000 100 1783197 1665999 4243821 598086
0a070008 0a090019 10000 100 2151782 2892000 3019191 719811
0a010018 0a020004 10000 100 2741 3745000 2166578 10107
0a070019 0a060016 10000 100 104850 4397999 1513602 43827
0a0a000b 0a050015 10000 100 2435022 400999 5511274 813351
0a070004 0a06000b 10000 100 103402 4772000 1141444 43348
0a0b0010 0a09000f 10000 100 2201387 3879000 2035648 736192
0a07001e 0a060007 10000 100 97992 4336999 1577860 41571
0a05001f 0a0b0012 10000 100 852247 4177000 1738207 290658
0a0b001d 0a060009 10000 100 81687 3517999 2397753 36184
0a060009 0a06001c 10000 100 948925 3180000 2738330 318338
0a05001c 0a06001d 10000 100 44495 4943999 974910 23899
0a0b0011 0a0a0017 10000 100 34480 4641000 1278732 20586
0a060006 0a01000c 10000 100 2321572 2772999 3148996 775880
0a050018 0a01001d 10000 100 1766002 3874999 2048489 592414
0a04000f 0a050015 10000 100 83712 1698000 4226599 36848
0a08001f 0a0a0015 10000 100 2530067 3945999 1980219 844733
0a03000f 0a07000c 10000 100 72622 4564000 1364271 33191
0a0a001c 0a020003 10000 100 2323312 4839000 1089379 776452
0a060010 0a010018 10000 100 44364 4998999 933176 23857
0a010004 0a0a000c 10000 100 76224 3899999 2032619 34375
0a07000b 0a04000e 10000 100 129633 4754999 1177832 52018
0a06001d 0a090010 10000 100 1654017 1879999 4053276 555427
0a030006 0a0b001c 10000 100 12404 4181999 1751575 13307
0a04000d 0a00000c 10000 100 1021153 4643000 1293634 346429
0a080011 0a07001c 10000 100 2293755 3383000 2555068 766702
0a030020 0a04000f 10000 100 2433909 3742999 2195376 812980
0a050019 0a010017 10000 100 1653620 2222000 3717212 555300
0a090008 0a0b000b 10000 100 1766552 4812000 1127934 592590
0a09001f 0a090017 10000 100 11630 4309000 1631931 8804
0a0a0008 0a030016 10000 100 72943 4730999 1211331 33294
0a080008 0a030015 10000 100 85557 3808999 2135895 37469
0a090012 0a070019 10000 100 460530 4349999 1595110 161300
0a0a0003 0a09001f 10000 100 2446825 1900999 4046338 817251
0a040011 0a060019 10000 100 12791 3380000 2568785 13431
0a0a0012 0a05000a 10000 100 639438 3664000 2284876 220378
0a09000f 0a050001 10000 100 665342 2547999 3401409 228929
0a020019 0a050019 10000 100 19171 3942000 2012250 15534
0a06001f 0a020002 10000 100 40018 4818000 1136656 22420
0a05001c 0a09001b 10000 100 832482 3559000 2396026 284119
0a080019 0a09001e 10000 100 511044 4782999 1174870 177971
0a0a000c 0a0b0009 10000 100 19476 2801000 3160125 15632
0a01000b 0a080019 10000 100 78571 4586999 1374544 35156
0a02000c 0a0a0014 10000 100 952689 1366000 4596094 323829
0a07001a 0a09001b 10000 100 956523 3498999 2463235 325087
0a020010 0a05000a 10000 100 2127930 4457000 1505741 711933
0a04001d 0a090004 10000 100 512545 1000000 4964636 178467
0a08000d 0a040010 10000 100 85696 4734000 1232947 37513
0a080013 0a08001d 10000 100 903535 4621000 1346107 303353
0a09000c 0a00000d 10000 100 217505 4138000 1829594 81044
0a070010 0a020019 10000 100 2224554 4164000 1803613 743851
0a000013 0a03001a 10000 100 2428654 4129999 1838277 811252
0a06000e 0a000015 10000 100 2369009 3681999 2290934 791551
0a000015 0a080012 10000 100 935510 3689000 2285026 318147
0a020001 0a0a0017 10000 100 73716 4473000 1501204 33557
0a0b0009 0a010017 10000 100 1803168 4454999 1520843 604691
0a0a0008 0a04000e 10000 100 22373 4801999 1174579 16589
0a040011 0a080012 10000 100 2174150 600999 5375771 727200
0a08001a 0a0b0013 10001 100 187390 4630999 1346104 71084
0a040004 0a03000a 10000 100 1759326 4836000 1142580 590201
0a050002 0a000008 10000 100 2079452 4780000 1198722 695928
0a05000c 0a07000e 10000 100 488879 3974000 2004956 170648
0a060017 0a080005 10000 100 18224 4732000 1247230 15231
0a0a0016 0a06001e 10000 100 4675 4879999 1099605 10757
0a00001e 0a0b0019 10000 100 2531380 4687000 1292657 845169
0a08000f 0a060017 10000 100 2025167 4291999 1688784 678004
0a08000b 0a06001b 10000 100 2458478 2443999 3538207 821088
0a01001a 0a070008 10000 100 84168 4190000 1792624 37009
0a060017 0a040010 10000 100 2052102 2727999 3256979 686900
0a08001f 0a09001b 10000 100 62083 4540999 1444887 29711
0a09001c 0a070004 10000 100 1697563 1263999 4721905 569807
0a08000d 0a0a0003 10000 100 2368738 2854000 3133960 791464
0a09000d 0a0a0008 10000 100 1723476 4682999 1311467 578360
0a030011 0a060013 10000 100 66766 3972999 2022624 31256
0a040001 0a080019 10000 100 84752 4742999 1254611 37196
0a080019 0a09001b 10000 100 145356 3964999 2032714 57203
0a070001 0a02001a 10000 100 1752397 3405000 2593212 587922
0a05000f 0a0b0015 10000 100 832178 3902999 2095405 284021
0a090003 0a030011 10000 100 1578473 3618000 2380821 530485
0a030015 0a02000a 10000 100 1710271 3099000 2900726 574012
0a040007 0a080020 10000 100 2342975 246999 5754271 782944
0a02000b 0a0a001a 10001 100 1865076 4539999 1463811 625132
0a090016 0a080020 10000 100 503704 4728999 1276042 175546
0a040011 0a080018 10000 100 49154 4292999 1712632 25436
0a0a0015 0a07000c 10000 100 87957 4715999 1289969 38252
0a06000c 0a09000f 10000 100 619462 4538999 1467074 213771
0a00000c 0a050018 10000 100 24762 4643000 1364368 17384
0a060008 0a03001b 10000 100 1929518 3860999 2147826 646414
0a030011 0a09000f 10000 100 50351 4044999 1964863 25834
0a01000a 0a00000d 10000 100 417328 4995000 1016390 147030
0a0a0005 0a000018 10000 100 1574538 1361000 4651387 529180
0a0b0003 0a05000b 10000 100 6304 4896000 1116576 11294
0a040012 0a0a0011 10000 100 796525 3484999 2528921 272259
0a010010 0a06000e 10000 100 1576170 4893999 1121790 529717
0a090013 0a060011 10000 100 2562753 668999 5347558 855531
0a06000c 0a00001e 10000 100 779042 4065000 1954086 266480
0a00000c 0a040003 10000 100 438167 4446000 1574803 153913
0a0b001d 0a0b0011 10000 100 192729 4670999 1350906 68614
0a000019 0a000005 10000 100 1954182 3432999 2591975 650312
0a040010 0a040017 10001 100 92567 4089999 1935612 35533
0a030014 0a0a0008 10000 100 2208033 3514000 2513125 738395
0a0a001f 0a09001a 10000 100 2506861 2776999 3252735 837077
0a030011 0a0b000b 10000 100 272011 3804000 2226231 99039
0a03001b 0a0a0015 10000 100 81416 4882000 1148385 36097
0a060003 0a090010 10000 100 323224 4407000 1624377 115949
0a030010 0a05001b 10000 100 741559 4769999 1264368 254102
0a06001b 0a020002 10000 100 10058 3946999 2090195 12526
0a04001b 0a030002 10000 100 571330 4035999 2002201 197877
0a0b0002 0a05001b 10000 100 1777061 3749000 2290058 596061
0a020007 0a080016 10000 100 1740885 4943000 1096471 584116
0a02001d 0a070007 10000 100 67269 4990999 1048857 31417
0a0a0011 0a020002 10000 100 1886767 4283000 1756990 632288
0a05001a 0a0b001f 10000 100 2262694 1657999 4383034 756440
0a0b0012 0a03000a 10000 100 1999414 1978999 4062825 669487
0a010012 0a010002 10000 100 38488 4591999 1449924 17675
0a010003 0a0b001d 10000 100 858484 4003999 2038380 292716
0a050008 0a00001f 10000 100 2423917 3347999 2694565 809675
0a010007 0a070013 10000 100 429935 3853000 2193334 151187
0a090017 0a08000f 10000 100 1716662 1714999 4331847 576119
0a0a000c 0a060002 10000 100 16054 4062999 1984684 14506
0a07001b 0a08000d 10000 100 2170459 2688999 3359777 725972
0a05001b 0a04001b 10000 100 1852119 2857999 3191092 620847
0a0a000c 0a050019 10001 100 554121 2321000 3728244 192201
0a08001a 0a080005 10000 100 652208 2239000 3811601 220348
0a06001e 0a020019 10000 100 113322 4791000 1263270 46630
0a06000f 0a03000f 10000 100 1591976 3259999 2794274 534944
0a080016 0a0a0011 10000 100 2352833 3995000 2060619 786206
0a05000e 0a07000d 10000 100 1888750 2162999 3892690 632953
0a0a0015 0a060017 10000 100 32225 4962000 1094335 19849
0a000020 0a070016 10000 100 65859 4194999 1862682 30950
0a09000c 0a040018 10000 100 202411 4773000 1286104 76045
0a070019 0a000017 10000 100 61718 4918999 1141805 29594
0a04000e 0a060006 10000 100 34426 3478999 2582634 20569
0a080020 0a0a0012 10000 100 1646459 4734000 1328212 552932
0a070019 0a050013 10000 100 2373105 3056000 3007734 792908
0a0a0011 0a090009 10000 100 2381197 4504000 1565986 795574
0a000004 0a060012 10000 100 101703 3579000 2491526 42789
0a0b0020 0a0b0017 10000 100 981544 4870000 1201316 329114
0a090012 0a050008 10000 100 883200 4481999 1590149 300871
0a090018 0a010006 10000 100 2275146 2150000 3922533 760547
0a08000f 0a01000e 10000 100 1950594 4431000 1641892 653373
0a06000f 0a030019 10000 100 1929225 2863000 3210842 646320
0a010016 0a0a0003 10000 100 2540441 3690000 2385667 848160
0a0a0016 0a01000b 10000 100 646355 3243999 2832145 222653
0a010003 0a0a0006 10000 100 2107811 4539999 1539031 705295
0a0a0014 0a0a0008 10000 100 652956 4041000 2038114 220602
0a07001c 0a060013 10000 100 2296085 3562000 2517244 767463
0a0b0006 0a060010 10000 100 2562105 2720999 3360399 855323
0a070008 0a04000a 10000 100 1628858 3041999 3039879 547115
0a080011 0a090018 10000 100 1951163 4994000 1090579 653555
0a090018 0a04000d 10000 100 2551233 1930999 4153608 851721
0a06001f 0a08001d 10000 100 48895 4988000 1097468 25353
0a06000c 0a020016 10000 100 2574351 2356000 3730264 859365
0a020013 0a07000b 10000 100 894020 3013000 3075164 304456
0a020018 0a060010 10000 100 1949109 4198000 1892790 652882
0a07000a 0a010004 10001 100 1925175 4994000 1098159 644978
0a04001d 0a080007 10000 100 1712770 2723999 3369053 574827
0a020006 0a00001c 10000 100 2071408 2018999 4075072 693262
0a040020 0a09000b 10000 100 11974 4035999 2059269 13154
0a010014 0a0b0013 10000 100 2127291 4627000 1468828 711728
0a060015 0a070020 10000 100 2567461 3651000 2445368 857083
0a08001f 0a0a0016 10000 100 89938 4983999 1114923 38901
0a08000e 0a060008 10000 100 907954 4454999 1645446 309053
0a0b0013 0a080004 10000 100 725552 4566999 1534861 248810
0a00000e 0a03000b 10000 100 997384 3132999 2969829 338577
0a0a0012 0a050004 10000 100 209078 4397999 1707109 78255
0a02000a 0a0b001c 10000 100 10901 4812000 1294196 12811
0a030011 0a090003 10000 100 38942 4148999 1957351 22060
0a060007 0a08001c 10000 100 1890052 3936000 2171604 633385
0a060001 0a0b0013 10000 100 1024550 4177000 1932625 347562
0a0b001d 0a000003 10000 100 471330 4839999 1272009 164864
0a070017 0a040020 10000 100 55327 3674999 2437404 27472
0a080014 0a0b0001 10000 100 604584 3214999 2897803 208872
0a000015 0a090017 10000 100 87539 3540999 2573244 38118
0a070006 0a02000a 10000 100 1935000 4873999 1243516 648214
0a090002 0a080008 10000 100 2240146 2284000 3835818 748994
0a0b0008 0a000011 10000 100 1658614 2024999 4095950 556944
0a0a0008 0a030008 10000 100 1907930 3337000 2784498 639275
0a0a0008 0a0a0007 10000 100 2356262 3024000 3099306 783094
0a00000d 0a0a000c 10000 100 2336405 2033000 4092934 780780
0a030003 0a060013 10000 100 91967 4721999 1406480 39581
0a020013 0a000003 10000 100 1803323 2748000 3384699 604741
0a070018 0a090002 10000 100 1830422 1634999 4497778 613689
0a080008 0a0a0017 10000 100 36714 4586999 1546078 21332
0a0a000d 0a050013 10001 100 42858 3788000 2345873 23360
0a0a0003 0a07001c 10000 100 2597164 1856999 4277847 866896
0a00001c 0a080020 10000 100 2265152 1348000 4787444 757257
0a05001a 0a05001f 10000 100 515276 4774999 1360805 175132
0a0a0008 0a010008 10000 100 416231 4648000 1488898 146664
0a00000c 0a080019 10000 100 1636420 2501000 3637348 549612
0a0b000d 0a010019 10000 100 2458758 1681999 4456623 821192
0a0b0011 0a070007 10001 100 2020623 4458000 1681761 676504
0a01001f 0a03000e 10000 100 2563959 4891999 1248257 855932
0a0a001a 0a00000c 10000 100 1699341 2418000 3723247 570392
0a090010 0a0a000c 10000 100 98316 4081000 2060792 41674
0a09001e 0a0b0001 10001 100 2512981 4355000 1788772 839097
0a0a0017 0a090001 10000 100 2414376 4930000 1214495 806529
0a02000f 0a090017 10000 100 1915751 1204999 4941134 641870
0a090001 0a0a001e 10000 100 2428751 1760999 4385532 811283
0a09001d 0a0a0001 10000 100 1776368 3740999 2405544 595839
0a060013 0a030013 10000 100 2569644 1863000 4285715 857813
0a060003 0a09000f 10000 100 975282 4738000 1412232 331289
0a01000d 0a030011 10000 100 2508511 2445000 3708232 837620
0a0b0007 0a050018 10000 100 2588644 1531000 4626190 864077
0a090014 0a0a000c 10000 100 831325 1843999 4314526 283748
0a040017 0a090003 10000 100 2103698 3128000 3030985 703933
0a0b0019 0a060013 10000 100 1616857 4061000 2102062 543152
0a07001a 0a0b001d 10000 100 919161 4375000 1788403 312747
0a050011 0a030011 10000 100 50054 4279999 1887670 25739
0a00001f 0a06001f 10000 100 1859068 3882000 2287717 623148
0a010010 0a060002 10000 100 1657095 4040000 2132828 556443
0a04000a 0a000010 10000 100 1582443 4329000 1844407 531786
0a07000b 0a090017 10000 100 99207 4099000 2075515 41975
0a0b001e 0a0a000c 10000 100 61342 4422999 1751621 29459
0a0a0005 0a000006 10000 100 2187233 1090999 5086532 731524
0a080005 0a08000a 10000 100 97274 4387000 1792384 37086
0a09001f 0a040005 10000 100 2499729 4348999 1830897 834718
0a000004 0a070013 10000 100 32178 3510999 2670363 19834
0a0b0013 0a000015 10000 100 3469 4871000 1312705 10356
0a0b000d 0a060010 10000 100 840154 4050999 2134452 286666
0a0b0017 0a060006 10000 100 2442739 989000 5196819 815897
0a0a0005 0a06000e 10000 100 1025216 2945000 3241953 347775
0a020013 0a020018 10000 100 1755869 2841000 3347940 584824
0a000018 0a02001f 10000 100 900865 1814000 4375839 306708
0a00000a 0a060002 10000 100 983728 3307000 2883918 334069
0a090005 0a04000a 10000 100 53596 4099000 2092905 26903
0a090009 0a0b001d 10000 100 2098925 3787000 2405101 702360
0a05001f 0a09001f 10000 100 1735857 4083999 2109810 582461
0a0b0016 0a050019 10000 100 1816286 4922000 1274571 609012
0a02001b 0a09000d 10001 100 761229 4969000 1233016 260596
0a0b0017 0a03000d 10000 100 1626567 4171000 2031400 546367
0a05001b 0a090005 10000 100 43739 4356999 1845683 23657
0a030003 0a080001 10000 100 1975572 3125000 3078162 661627
0a0a0004 0a03001c 10000 100 884276 4917000 1286960 301230
0a050010 0a050013 10000 100 51494 3830000 2375741 21975
0a030013 0a000009 10000 100 35536 4969000 1236957 20940
0a06001c 0a000012 10000 100 1867442 1667000 4539129 625904
0a06001e 0a01000d 10000 100 1585217 2186000 4021000 532704
0a040014 0a010002 10000 100 1650563 3275000 2932372 554291
0a060001 0a000018 10000 100 2047713 2981999 3228575 685449
0a060008 0a00000d 10000 100 2581406 2356000 3854840 861684
0a040013 0a070007 10000 100 64349 4695000 1518254 30452
0a010017 0a070017 10001 100 925068 4193999 2019577 314698
0a0b0012 0a000020 10001 100 13950 4985999 1228845 13817
0a08000c 0a060016 10000 100 550250 4008000 2207139 190917
0a030002 0a09001e 10000 100 937472 4170000 2045886 318791
0a040011 0a08001c 10000 100 9990 4555000 1661740 12504
0a070020 0a05001b 10000 100 1674773 2922000 3294829 562284
0a000006 0a01000e 10000 100 2211537 2171000 4047410 739547
0a050017 0a000008 10000 100 2123833 3785000 2435065 710576
0a07001e 0a020014 10000 100 1962628 4956000 1264326 657347
0a0a000c 0a000013 10000 100 44937 3848999 2374333 24040
0a060004 0a080016 10000 100 857137 4720000 1508254 292269
0a01000b 0a02001d 10001 100 2370345 4127999 2100680 791994
0a040001 0a08000e 10000 100 872849 4628000 1604036 297451
0a010012 0a07000e 10000 100 2000890 2696000 3536266 669975
0a09001b 0a01001f 10000 100 104333 4067000 2165794 43661
0a00000c 0a040002 10000 100 965828 4738000 1495243 328156
0a010020 0a060006 10000 100 304805 4335999 1898105 109871
0a030015 0a09001e 10000 100 1922106 3566999 2668484 643965
0a04001f 0a00001a 10000 100 652424 4699000 1536645 224657
0a03000f 0a01001e 10000 100 1871509 2654999 3586993 627252
0a08000e 0a00001c 10000 100 876941 3740999 2501723 298806
0a0b001d 0a0b001c 10000 100 638627 3983999 2259152 215864
0a03001e 0a0a000c 10000 100 857569 2249000 3996836 292408
0a010019 0a020018 10000 100 2477233 733000 5512858 827289
0a090016 0a070017 10000 100 991654 2870999 3375312 336697
0a030015 0a02001b 10000 100 2368539 4422999 1825385 791401
0a0b0005 0a020010 10000 100 1597763 4814999 1434496 536857
0a0b0005 0a08001e 10000 100 976063 4860999 1388515 331539
0a060018 0a040013 10000 100 3950 4935000 1314884 10510
0a060009 0a080010 10000 100 34912 3797000 2453619 20740
0a010002 0a040010 10000 100 69281 3461000 2795517 32091
0a0a001b 0a030002 10000 100 693441 4054999 2202208 238212
0a09001b 0a01000d 10000 100 9606 4675000 1584180 12381
0a03000a 0a040006 10000 100 1799579 4348999 1910343 603497
0a040015 0a0b000f 10000 100 75662 4527999 1733486 34195
0a0a000c 0a080014 10000 100 5326 4205999 2055585 10965
0a030018 0a01001f 10000 100 2234729 1123000 5140063 747199
0a0b0013 0a00000a 10000 100 2224245 3857999 2406774 743737
0a050016 0a030007 10001 100 2169381 4333000 1932846 725627
0a02001f 0a070018 10000 100 10531 4379000 1887050 12692
0a050011 0a06000d 10000 100 2028544 3722000 2545483 679116
0a02001f 0a000004 10000 100 1987052 1544000 4725743 665408
0a0a000c 0a00001b 10000 100 62146 4602000 1670585 29731
0a040013 0a030016 10000 100 43880 4279999 1992644 23702
0a0b000e 0a060001 10000 100 2445060 3513000 2759889 816671
0a00001c 0a060001 10000 100 453885 3618999 2656683 159097
0a05001d 0a030001 10000 100 695928 3671999 2604203 239024
0a06000f 0a030016 10000 100 2440054 3105999 3170385 815008
0a00000c 0a020014 10000 100 1747966 2667999 3609813 586458
0a0a0012 0a010017 10000 100 2185654 1356999 4921625 731004
0a060010 0a01000e 10000 100 1577394 4852999 1426668 530124
0a040018 0a010007 10000 100 2343794 4270999 2011651 783221
0a020017 0a04000b 10000 100 1843567 4047000 2236641 618034
0a0a0002 0a00000b 10000 100 1939368 4775999 1508248 649658
0a080002 0a06001b 10000 100 38322 4207999 2077401 21862
0a03000c 0a050010 10000 100 2405365 2518999 3767474 803554
0a0a000c 0a0a0006 10000 100 2153797 1783000 4504526 716232
0a020010 0a090007 10000 100 2446162 4458000 1832177 817024
0a090017 0a07001f 10000 100 14150 4560999 1729263 13881
0a01000e 0a050016 10000 100 2316098 4937999 1352350 774082
0a020013 0a080017 10000 100 2473065 3716999 2579996 825909
0a09000b 0a060005 10000 100 815045 2971000 3326012 278370
0a01001e 0a0a0003 10000 100 1826466 4354000 1943180 612377
0a06001a 0a05001d 10000 100 1946358 4619999 1677661 651971
0a030017 0a02000b 10000 100 584777 3167999 3131349 202319
0a030011 0a060004 10000 100 36997 4394000 1905630 21423
0a0b0013 0a05000e 10000 100 622862 4441999 1858431 214905
0a070001 0a06000e 10000 100 1751190 3664999 2636125 587521
0a0b000f 0a060019 10000 100 67108 4226999 2074429 31365
0a040001 0a030007 10000 100 1828566 2439000 3863741 613080
0a070005 0a04000b 10001 100 2465330 2719000 3584107 823357
0a06001b 0a01000d 10000 100 849614 2945999 3357476 289785
0a030003 0a060007 10000 100 1851000 1930999 4373425 620474
0a090007 0a040013 10000 100 2271799 3291000 3013610 759446
0a020015 0a03001c 10000 100 1946375 2436999 3867928 651977
0a06001e 0a020012 10000 100 1953624 1820000 4486253 654373
0a0a0010 0a0a001f 10000 100 1760253 3593999 2713433 586273
0a030003 0a04001e 10000 100 2092873 2756999 3551956 700361
0a080013 0a04001b 10000 100 2257615 3317000 2992198 754768
0a04001b 0a010017 10000 100 1969620 2991999 3319352 659661
0a06001f 0a020002 10001 100 99342 4989999 1323154 42018
0a010014 0a040007 10000 100 3552 4826000 1487540 10382
0a09000d 0a08001e 10000 100 1975946 4878000 1439376 661747
0a050013 0a040009 10000 100 1697111 876000 5442150 569663
0a050019 0a0a0017 10000 100 2066502 2203999 4116207 691646
0a040007 0a020009 10000 100 8723 4800999 1523981 12083
0a00000f 0a06001b 10000 100 72520 4015999 2310664 33159
0a06001c 0a07000b 10000 100 598609 3825999 2500898 206898
0a09000a 0a00001c 10000 100 2366735 2993000 3336920 790793
0a080016 0a050011 10000 100 1638058 4981000 1350114 550167
0a02000f 0a05001c 10001 100 1625451 4019000 2313935 545994
0a010016 0a09001b 10000 100 2570935 2279999 4053465 858226
0a090007 0a030015 10000 100 2019228 3993000 2342160 676042
0a04000a 0a07000a 10000 100 2187576 4947000 1390591 731634
0a050005 0a07000d 10000 100 88989 4250000 2088069 38598
0a01001a 0a020017 10001 100 919442 4460000 1880295 312837
0a02000c 0a08000c 10000 100 879361 3642999 2704662 299611
0a000015 0a030016 10000 100 1710703 3824000 2524690 574150
0a000009 0a030014 10000 100 2487464 482999 5866825 830670
0a01001a 0a0a000a 10000 100 2542614 2658999 3690982 848887
0a070006 0a0b000e 10000 100 2050555 4265999 2085534 686390
0a090006 0a07000c 10000 100 2447655 4969999 1381561 817517
0a07001d 0a070017 10000 100 2563461 4557000 1795449 851517
0a020003 0a0b0003 10000 100 2111977 3696000 2656958 706659
0a00001a 0a0b000a 10000 100 1025011 2279000 4075342 347709
0a02000d 0a0b0013 10000 100 398042 4762999 1592473 140659
0a07000a 0a080005 10000 100 1730651 3841999 2513844 580733
0a030011 0a090009 10000 100 2036839 2066000 4289844 681847
0a050005 0a040013 10000 100 28409 4820999 1536979 18582
0a0b0012 0a0a000f 10000 100 2514873 1752000 4609200 839718
0a0a001a 0a0a000c 10000 100 354915 3831000 2531464 122173
0a06000a 0a02001a 10000 100 2081810 2145000 4217812 696698
0a04000b 0a000016 10000 100 1963222 4433999 1929087 657537
0a090020 0a0a0016 10000 100 2027343 3602000 2761332 678716
0a050005 0a08001d 10000 100 1028061 1845999 4520011 348716
0a090015 0a0a0018 10000 100 32894 4926999 1440898 20064
0a03000b 0a07000a 10000 100 1925244 1905000 4462905 645000
0a030004 0a0b0018 10000 100 677571 3989000 2381352 232965
0a07001b 0a010014 10000 100 2580612 2645000 3726805 861430
0a010006 0a0a000b 10000 100 2533602 3983000 2392177 845911
0a00001a 0a080011 10000 100 2418218 300999 6074950 807805
0a070003 0a050009 10000 100 977747 4468999 1911020 332093
0a040002 0a050014 10000 100 2226300 4282000 2100801 744425
0a0a0016 0a06001a 10000 100 961395 2931000 3452429 326692
0a010018 0a080012 10000 100 2597002 2433999 3949468 866844
0a09001e 0a0b000c 10000 100 2269477 3752999 2632105 758672
0a050014 0a050011 10000 100 1953748 4042999 2342341 650173
0a01001c 0a0b0013 10000 100 1792425 4243000 2143780 601131
0a02000d 0a030015 10001 100 22176 4892999 1494951 16526
0a0a000f 0a070014 10000 100 2192899 3686000 2703366 733384
0a04000a 0a02001f 10000 100 32492 4648000 1745206 19935
0a020002 0a0a000a 10000 100 358587 4474999 1921107 127634
0a00000b 0a080019 10000 100 2213794 478000 5918321 740285
0a040004 0a07000e 10000 100 2584630 1949999 4446733 862762
0a03001c 0a050002 10000 100 201794 4779000 1618569 75847
0a02001c 0a000014 10000 100 2236929 3949000 2452143 747934
0a020008 0a06001c 10000 100 1645624 3739999 2661409 552664
0a070002 0a030003 10000 100 2493683 4784000 1620732 832722
0a040010 0a06001c 10000 100 443251 4551000 1855445 155586
0a010007 0a08000e 10000 100 2558910 1951000 4460588 854255
0a0a0012 0a090011 10000 100 1633383 1838000 4575443 548609
0a020020 0a050012 10000 100 1982214 2909999 3506418 663814
0a040011 0a070018 10000 100 89044 4523000 1894530 38615
0a0a0018 0a01001f 10000 100 8192 4614000 1811151 11913
0a040017 0a0a0008 10000 100 63245 4955000 1472597 30098
0a000018 0a000007 10000 100 1580022 1961000 4467268 526756
0a02001f 0a050011 10000 100 91014 4457000 1972684 39261
0a08000b 0a000004 10000 100 646894 3823000 2609135 222841
0a06001b 0a060001 10000 100 46622 4268000 2164782 20370
0a050018 0a000020 10000 100 2133948 3494000 2938835 713920
0a07000e 0a020009 10000 100 101800 4204000 2232573 42820
0a09001c 0a090014 10000 100 1595988 2821999 3619472 532019
0a0a0005 0a020016 10000 100 2283312 1271999 5171410 763253
0a0a000f 0a0a001a 10000 100 2100083 3135999 3307901 698505
0a0a000f 0a090017 10000 100 1626865 1474999 4970402 546462
0a050008 0a000004 10000 100 14175 4238999 2209277 13889
0a020016 0a08001a 10000 100 1933679 2098000 4354510 647791
0a020005 0a09000c 10000 100 1642971 3431000 3023248 551785
0a010007 0a010008 10000 100 808355 4388000 2068353 271912
0a010007 0a0b0015 10000 100 1737602 3086999 3369906 583034
0a060019 0a050010 10000 100 849517 4125000 2333246 289754
0a0a0012 0a060007 10000 100 1750030 2174999 4284496 587134
0a040013 0a03000a 10000 100 1024382 4168999 2291508 347493
0a050003 0a010019 10000 100 284253 3353000 3110304 103079
0a07000d 0a0a0009 10000 100 942822 3103999 3359761 320564
0a01001e 0a06001b 10000 100 55133 4370999 2097185 27410
0a09000c 0a010019 10001 100 26740 3474000 2997453 18033
0a030002 0a060003 10000 100 712651 3943000 2529626 244559
0a010020 0a06001b 10000 100 883757 3664999 2811938 301064
0a030011 0a030002 10000 100 100446 4821999 1656515 38131
0a050014 0a0a000f 10000 100 1594736 4198999 2280176 535858
0a0a001a 0a05001e 10000 100 919882 4657999 1822736 312993
0a020014 0a02001b 10000 100 2235294 4951999 1529519 743155
0a000010 0a09000c 10000 100 703076 2978000 3505712 241388
0a080007 0a0a0006 10000 100 2585600 4349999 2134951 863072
0a010018 0a0a001b 10000 100 1598591 4447999 2037753 537122
0a00001c 0a05001a 10000 100 440915 4765000 1721695 154808
0a09000a 0a08000f 10000 100 1035105 4919999 1569152 351047
0a040011 0a040010 10000 100 96364 3687999 2801208 36794
0a04001e 0a08000d 10000 100 914459 4759000 1730250 311196
0a0b0005 0a080012 10000 100 2432428 4664999 1824478 812490
0a0a000d 0a0a001a 10000 100 2361774 2095000 4395027 784919
0a000019 0a090004 10000 100 512287 1000000 5490319 178384
0a08000e 0a050011 10000 100 1576549 4093000 2399017 529854
0a040013 0a030008 10000 100 56501 4891000 1602078 27864
0a000001 0a050004 10000 100 2487214 4002000 2491533 830590
0a030018 0a020008 10000 100 2270695 1404999 5090301 759077
0a0a0007 0a010002 10000 100 85848 4793999 1701962 37562
0a01001a 0a08000a 10000 100 473391 4340000 2156290 165538
0a030010 0a0b0002 10000 100 2192669 3916000 2581388 733310
0a010004 0a03000f 10000 100 2290086 3199000 3298464 765482
0a030011 0a070013 10000 100 96337 4022999 2474647 41026
0a070011 0a02001c 10000 100 1773305 2528999 3968829 594828
0a040018 0a000015 10000 100 1858088 4383999 2114081 622819
0a0b0019 0a020019 10000 100 2502930 3624000 2874296 835773
0a02000f 0a030007 10000 100 759548 4616000 1884069 260042
0a040017 0a030003 10000 100 32335 4670999 1829781 19885
0a06001b 0a0b0013 10000 100 56309 4309000 2193432 27802
0a030007 0a080019 10000 100 1660540 693000 5810169 557591
0a0b0014 0a000005 10000 100 1566599 3435000 3070011 526562
0a030020 0a01001b 10000 100 1944117 4736999 1768083 651239
0a030018 0a060002 10000 100 2264722 1338999 5169157 757104
0a060007 0a040015 10000 100 45056 4704999 1803677 24094
0a0a001c 0a070015 10000 100 735296 4661000 1847988 252036
0a07000e 0a0a000c 10000 100 86902 2755000 3754506 37899
0a06001d 0a07000d 10000 100 59897 4891000 1620568 28981
0a040014 0a05001d 10000 100 2001159 4810000 1704096 670076
0a090012 0a08000e 10000 100 2426904 4203000 2312010 810661
0a090001 0a01000d 10000 100 2244712 2243999 4271136 750501
0a09001e 0a020004 10000 100 1554725 3312999 3202183 522640
0a060006 0a020010 10000 100 3939 4879999 1635945 10506
0a080017 0a040007 10000 100 29067 4931999 1585073 18808
0a000015 0a000007 10001 100 1758709 4748999 1769817 585764
0a04000d 0a030005 10000 100 2304808 4857000 1665818 770346
0a0a001e 0a09000b 10000 100 930130 4795999 1728677 316380
0a08001e 0a0b001a 10000 100 2030406 4845000 1679953 679727
0a050012 0a020002 10000 100 171210 3925999 2604235 65753
0a070017 0a09001b 10000 100 80387 4963000 1567864 35753
0a0b001d 0a040013 10000 100 505853 4151000 2380223 176264
0a080017 0a0a001f 10000 100 750856 4517000 2014742 257169
0a010010 0a00000d 10000 100 2341026 3360000 3172994 782305
0a050010 0a05001c 10000 100 2316927 1417000 5117965 770107
0a02000d 0a03000a 10000 100 2157852 3389999 3145151 721815
0a08001a 0a000005 10000 100 436398 4199999 2336039 153317
0a070004 0a050008 10000 100 2216099 2511999 4024578 741053
0a060013 0a050001 10000 100 92888 4171000 2367153 39876
0a090015 0a0b0007 10000 100 1549534 4571999 1967145 520933
0a09000a 0a060018 10000 100 1960355 3948000 2593425 656589
0a030016 0a03001b 10000 100 1955120 4858999 1682665 650627
0a09001b 0a0a0015 10000 100 93123 4444000 2101757 39967
0a06001b 0a00001d 10000 100 31915 4449999 2096366 19750
0a050020 0a050013 10000 100 2509499 1585000 4964157 833696
0a070020 0a04001e 10000 100 2596830 3285999 3266298 866789
0a06001e 0a0b0017 10000 100 1796605 1722000 4833251 602514
0a0a000b 0a08000d 10000 100 62332 4964999 1593897 29791
0a0b0013 0a030006 10000 100 563802 4726000 1836059 195392
0a02000e 0a020004 10000 100 147553 3980000 2585014 53697
0a05000a 0a070015 10000 100 649483 4513999 2052936 223685
0a06001e 0a080003 10000 100 1854807 2364000 4204274 621738
0a060019 0a030009 10000 100 73550 4316999 2252087 33504
0a050014 0a000020 10000 100 2181072 3641000 2930281 729491
0a0b000f 0a0b001c 10000 100 2264701 2338999 4232833 752857
0a07000e 0a090017 10000 100 43579 2919000 3653597 23606
0a030011 0a020007 10000 100 53496 4995999 1576955 26871
0a04000c 0a07000b 10000 100 1875968 3248000 3325169 628725
0a04000b 0a000010 10000 100 19132 4821999 1753194 15521
0a070001 0a090003 10000 100 2417217 3504999 3070686 807469
0a040019 0a07000d 10000 100 91879 4603000 1974754 39553
0a0a000c 0a01001e 10000 100 2400764 1877999 4699909 802035
0a0a000c 0a08000e 10000 100 636449 4467999 2113183 219391
0a060004 0a060019 10000 100 92431 4499999 2081426 35490
0a0b0017 0a07001c 10000 100 2232895 3366000 3217587 746597
0a00000c 0a080013 10000 100 2267699 3305000 3278711 758088
0a030007 0a090007 10000 100 2076036 582000 6002301 694805
0a010004 0a0b0017 10000 100 2319236 3422000 3163042 775117
0a03000e 0a090012 10000 100 2195528 4401999 2183048 734256
0a06001c 0a030004 10000 100 2301137 1572999 5012145 769141
0a030019 0a00000d 10000 100 51360 4859999 1725549 26172
0a0a0003 0a00000e 10000 100 1844425 4152000 2436119 618308
0a030017 0a0b0005 10000 100 1841497 721999 5866534 617341
0a07000d 0a080004 10000 100 990518 3030999 3559844 336318
0a0a000d 0a000013 10000 100 1632861 3363999 3227912 548442
0a02001a 0a040006 10000 100 1706741 4085000 2507404 572836
0a060013 0a0a0008 10000 100 2529327 2256999 4336860 844496
0a05001d 0a050001 10001 100 135431 3857999 2735919 49695
0a010019 0a04001c 10000 100 2221595 1714999 4879043 742873
0a030004 0a070003 10000 100 1691051 2194000 4400540 567662
0a0b0011 0a0a0004 10000 100 1613119 4858000 1737082 541925
0a080013 0a020016 10000 100 1724456 4858999 1737557 578689
0a0a0016 0a04001d 10000 100 749053 3543999 3052737 256576
0a060010 0a040020 10000 100 772712 4076999 2521794 264393
0a06001b 0a050004 10000 100 378703 3615000 2984078 134271
0a04000f 0a00000b 10000 100 2490949 3729999 2870447 831816
0a020018 0a0b001a 10000 100 2576277 4200999 2402276 859997
0a05001d 0a030004 10000 100 2074339 1198999 5404684 694231
0a000019 0a080018 10000 100 2390568 4197000 2407027 798665
0a00000c 0a04000f 10000 100 1707856 2903999 3700782 573208
0a01000e 0a080005 10000 100 1664221 2497000 4108232 558800
0a000004 0a0a000e 10000 100 36131 4388999 2216631 21145
0a070001 0a03000d 10000 100 2113637 4019000 2589205 707221
0a060019 0a020007 10001 100 74896 4616000 1994037 33934
0a070019 0a020001 10000 100 2568654 4257000 2353641 857480
0a06001c 0a0a0009 10000 100 1593289 4088999 2521931 535380
0a07001a 0a09001c 10001 100 1883699 3802999 2811241 631275
0a050004 0a06001d 10000 100 1741902 2112999 4503923 584456
0a0b001d 0a02000c 10000 100 97410 4240999 2376521 41369
0a010002 0a010008 10000 100 56228 4176000 2442803 23536
0a0b0007 0a000017 10001 100 247900 4009000 2609981 91077
0a07000f 0a06001a 10000 100 2346938 4475999 2143812 784258
0a00000f 0a000001 10000 100 2395205 1965999 4655450 795955
0a0a001e 0a06001b 10000 100 41908 4644999 1977075 23040
0a0a0001 0a050013 10000 100 2480597 1949999 4672352 828396
0a08001d 0a040001 10000 100 1751679 3557999 3065780 587677
0a080018 0a04001a 10000 100 2478861 2706000 3918638 827825
0a0a0006 0a090004 10000 100 23613 1263999 5361471 17001
0a000017 0a0b0014 10000 100 635147 3782999 2843263 218959
0a000006 0a020006 10000 100 2492318 3268000 3363024 832270
0a08000a 0a02000c 10000 100 1682622 2687000 3944047 564872
0a0a0009 0a08000b 10000 100 1736758 2523000 4108856 582749
0a00000c 0a060009 10000 100 334713 3436999 3195030 119748
0a05001a 0a02000f 10000 100 2059088 1871000 4762351 689197
0a030017 0a06001b 10000 100 557545 2308999 4328389 193328
0a0b0007 0a030012 10001 100 711069 3997999 2641657 244038
0a060016 0a010016 10000 100 1676385 4985999 1654903 562815
0a080018 0a030004 10000 100 1556383 3573999 3073133 523186
0a030005 0a050018 10001 100 2552792 2517999 4129159 852236
0a02000a 0a06001f 10000 100 1863680 4808999 1840135 624670
0a00001b 0a06001b 10000 100 2161922 632999 6016492 723164
0a060001 0a01000f 10000 100 2137341 4193999 2464573 715037
0a000005 0a050001 10000 100 2106 4325999 2333221 9904
0a060007 0a000005 10000 100 2243429 4132000 2528324 750075
0a000005 0a08001d 10000 100 808886 4852999 1807819 276337
0a05000b 0a090004 10000 100 512741 1000000 5662375 178530
0a07000f 0a070016 10000 100 2156675 4377999 2285908 717183
0a070020 0a01000a 10000 100 1819328 4668000 1996820 610016
0a08000d 0a04000b 10000 100 1769997 3534999 3130864 593723
0a08000e 0a020004 10000 100 2443388 946000 5721537 816105
0a06001c 0a030006 10000 100 606595 4518000 2150594 209531
0a050011 0a060019 10000 100 2110869 3037999 3630876 706304
0a010018 0a040006 10000 100 545858 4772000 1901230 189465
0a000019 0a040001 10000 100 2300483 4995999 1678685 768916
0a08001d 0a06001f 10000 100 2521575 2569999 4104771 841939
0a080012 0a0a0010 10000 100 1624555 4962000 1713948 545707
0a000006 0a02001c 10000 100 2596944 3491000 3185458 866825
0a030018 0a02000b 10000 100 2365186 2258000 4420516 790282
0a010016 0a030006 10000 100 2266238 3985999 2693567 757605
0a030006 0a0a001f 10000 100 1727533 4120000 2559708 579705
0a04001e 0a050013 10000 100 40486 4309999 2370029 22570
0a090016 0a09000a 10000 100 1725190 3334000 3348220 574700
0a06001c 0a01001e 10000 100 2288231 4571999 2110831 764873
0a080018 0a010015 10000 100 1595577 4036999 2650824 536127
0a040001 0a020011 10000 100 1890947 3785999 2906606 633672
0a01001c 0a030007 10001 100 1020989 4880999 1816918 346376
0a080003 0a05000d 10000 100 2468856 2278000 4419971 824516
0a06001b 0a040016 10000 100 29891 4832999 1865906 19072
0a060005 0a06001b 10000 100 269314 4606999 2092155 93905
0a05001e 0a0b001e 10000 100 2465410 1281000 5419066 823383
0a02000e 0a05000e 10000 100 1839757 4636000 2064440 616768
0a0b0003 0a01001a 10000 100 2492495 4144000 2558983 832326
0a010018 0a00000f 10000 100 1936954 4891999 1811996 648870
0a0b0018 0a000020 10000 100 2298503 4644999 2060124 768267
0a0a0012 0a0b0020 10000 100 2071994 3005999 3702800 693465
0a080001 0a030005 10000 100 2016151 4867999 1842913 675027
0a00000d 0a00001d 10000 100 908408 4022999 2688212 304958
0a06001b 0a060004 10000 100 34475 4588000 2127631 16345
0a080002 0a040007 10000 100 1840897 3873999 2844038 617149
0a00000d 0a06001d 10000 100 288825 3834000 2885016 104588
0a06001b 0a090007 10000 100 104129 4623000 2096265 43596
0a040013 0a090010 10000 100 84326 4889000 1834284 37059
0a01001e 0a040010 10000 100 2549001 3501999 3222132 850992
0a03001b 0a070004 10000 100 2384199 3340000 3391437 796566
0a00001c 0a050017 10000 100 1745029 2286999 4445212 585488
0a07001b 0a0b000d 10000 100 2008166 4290000 2442750 672380
0a070004 0a020018 10000 100 1038235 3925999 2807789 352079
0a090017 0a06000a 10000 100 2297619 1083999 5651418 767969
0a03000b 0a070016 10000 100 1604328 2066999 4668446 539020
0a0a0019 0a050011 10000 100 970896 3972999 2765698 329840
0a020017 0a060006 10000 100 1022259 4088999 2651834 346798
0a010018 0a050004 10000 100 1613551 3118999 3621984 542063
0a0b0003 0a0a0016 10000 100 2193023 3214999 3526724 733439
0a090010 0a010001 10000 100 2011194 2693000 4048808 673379
0a00000a 0a08000d 10000 100 1979399 2154000 4588458 662882
0a03001c 0a04000c 10000 100 777742 3445000 3298196 266049
0a040014 0a04000e 10000 100 2036914 4388999 2354401 677631
0a06001b 0a0a0002 10000 100 100260 4862000 1881758 42312
0a00001c 0a080005 10000 100 26239 4884000 1860642 17872
0a000018 0a090007 10000 100 1746942 1935000 4809771 586115
0a00001d 0a0a001f 10000 100 1991221 4473000 2272343 666788
0a090018 0a0a0015 10000 100 1580205 3348999 3398414 531055
0a09001d 0a02001d 10000 100 2025317 4154999 2593630 678052
0a03000f 0a05000f 10000 100 2357678 1955000 4794426 787802
0a0a001a 0a0a001e 10000 100 1698968 3917000 2834582 566032
0a030005 0a080005 10000 100 93031 4754000 2001199 39937
0a050011 0a09000e 10000 100 2091391 3792999 2962375 699872
0a01000f 0a0b000c 10000 100 2082442 4152000 2606281 696916
0a03001c 0a09001d 10000 100 2463841 1186999 5576243 822865
0a080017 0a030005 10000 100 1642791 4116999 2646504 551727
0a040019 0a08000a 10000 100 1571644 2393999 4374135 528223
0a080018 0a020005 10000 100 2494400 3259999 3508541 832951
0a000018 0a07001d 10000 100 2202341 1123999 5645105 736512
0a08000e 0a010013 10000 100 2135033 3912999 2857283 714283
0a05001e 0a0b0017 10000 100 2542991 1005000 5765748 849007
0a020002 0a050015 10000 100 89686 2056999 4714170 38821
0a020008 0a040014 10000 100 2276758 4089999 2683488 761079
0a080001 0a010019 10000 100 9266 4184000 2591939 12272
0a0b001c 0a0b0009 10000 100 1604100 645999 6131408 534707
0a090016 0a0b000a 10000 100 1750882 2650000 4128561 587422
0a030005 0a060002 10000 100 1858302 3363000 3416365 622887
0a070015 0a0a001a 10001 100 1778827 3657999 3121727 596641
0a090001 0a04000d 10000 100 2543885 1955000 4831536 849293
0a0a0012 0a030006 10000 100 1706678 1863000 4924106 572816
0a09001b 0a0a0014 10000 100 790896 2739999 4050936 270396
0a050013 0a040013 10000 100 82506 3248000 3543017 36462
0a060006 0a090005 10000 100 778410 3343000 3448393 266263
0a0a0019 0a01001e 10000 100 101100 4622000 2171143 42596
0a060009 0a00000a 10000 100 883088 3684000 3109478 300835
0a0b0017 0a050005 10000 100 2202140 4787999 2007524 736448
0a0b000f 0a070013 10000 100 2160389 4382999 2413606 722658
0a060004 0a090004 10000 100 512192 1000000 5797140 178354
0a0a0006 0a060006 10000 100 2444328 2851999 3951240 816421
0a090014 0a04001a 10000 100 1944043 2059000 4744930 651215
0a07001f 0a000004 10000 100 20641 4611999 2193895 16020
0a090017 0a080012 10000 100 64348 4577999 2228501 30451
0a07000b 0a09000e 10000 100 829258 4337999 2470757 283056
0a0a000c 0a020014 10000 100 2146420 2798000 4011547 718034
0a0b0009 0a040020 10000 100 14508 4409999 2400603 13996
0a090005 0a08000b 10000 100 28718 4641000 2170920 18696
0a010013 0a090011 10000 100 2547121 4606999 2205412 850375
0a000003 0a0b000e 10000 100 2035065 3573999 3246172 681264
0a06001b 0a0a000e 10000 100 254267 4930999 1891575 93176
0a060013 0a060005 10000 100 1978808 3418000 3406413 658453
0a020006 0a090020 10000 100 2157438 4312999 2523073 721683
0a020008 0a020018 10000 100 2125365 4375999 2460889 706841
0a090010 0a000002 10000 100 1718209 3050000 3787078 576629
0a050015 0a070006 10000 100 2024069 1204999 5638069 677638
0a02001c 0a070016 10000 100 2268973 3256000 3590823 758511
0a040013 0a080015 10000 100 2592899 3937999 2909072 865485
0a07000b 0a0a0009 10000 100 2304262 2354999 4492143 770172
0a080018 0a010009 10001 100 2084104 4200999 2647897 697463
0a05001c 0a000017 10000 100 2104881 4680000 2170659 704327
0a06001b 0a070002 10000 100 2433150 2474000 4378056 812737
0a030005 0a040013 10000 100 2469142 2628000 4225219 824623
0a04001e 0a080005 10000 100 2213315 2089000 4775168 740132
0a03001b 0a08000c 10000 100 2411785 4475999 2389985 805670
0a04001f 0a080005 10000 100 1036286 4647000 2219664 351425
0a070016 0a060002 10000 100 2047433 3736999 3129934 685344
0a09001a 0a050013 10000 100 88157 4372000 2495968 38316
0a080001 0a0a0019 10000 100 901980 4024999 2843426 307080
0a04001e 0a09001d 10000 100 1574208 4581000 2288300 529074
0a09000c 0a0a0008 10000 100 1883747 1443999 5426204 631291
0a040001 0a0a0015 10000 100 1791247 4207999 2663398 600754
0a070011 0a040007 10000 100 2284306 604999 6266572 763571
0a060009 0a040014 10000 100 47865 4341000 2531067 25008
0a0b0008 0a060014 10000 100 1636982 2203000 4670442 549807
0a0a000c 0a0a0001 10000 100 2154176 2926000 3949514 716368
0a08001a 0a08000a 10000 100 771690 2805999 4070385 259811
0a06000c 0a090004 10000 100 512937 1000000 5877054 178592
0a070018 0a050001 10000 100 99850 4316000 2561893 42181
0a070016 0a000006 10000 100 1622510 4433000 2449634 545022
0a06001b 0a02001f 10000 100 77136 3859000 3027450 34682
0a0b000d 0a070010 10000 100 1617169 3657999 3229838 543267
0a01000d 0a090004 10000 100 4484 1283999 5604743 10680
0a070002 0a0a0019 10000 100 2435050 2850000 4039329 813360
0a080007 0a08000a 10000 100 2554865 3951999 2937730 848690
0a0a0018 0a090020 10000 100 568865 2853000 4038962 197073
0a02001d 0a050003 10000 100 1618817 4298999 2593251 543810
0a0b001a 0a0b001d 10000 100 2009979 2285000 4612293 668735
0a030007 0a080008 10000 100 2411136 644000 6253413 805462
0a03000f 0a030019 10000 100 1992887 2850999 4047992 663097
0a020009 0a050015 10000 100 14242 3344999 3554521 13911
0a00000a 0a040014 10000 100 2334246 1440000 5464994 780074
0a09000f 0a050014 10000 100 816238 4959999 1945136 278767
0a0b0019 0a070005 10000 100 1886521 4641000 2265831 632209
0a090016 0a0b000e 10000 100 1795595 2125999 4781128 602191
0a09001a 0a0a000b 10000 100 2364385 1809999 5097165 790025
0a070016 0a040008 10000 100 2531059 3837999 3071700 845066
0a070009 0a060009 10000 100 2136483 3609999 3303598 714762
0a03000f 0a040010 10000 100 2342619 4004999 2908999 782830
0a050001 0a080018 10000 100 210062 4026000 2888864 78585
0a03000e 0a0b0014 10000 100 2421523 4335999 2583885 808893
0a070018 0a070012 10000 100 1645279 3183000 3736989 548299
0a090002 0a070015 10000 100 1805646 2720999 4199916 605500
0a000010 0a06001e 10000 100 814593 3586999 3336531 278225
0a080005 0a030012 10000 100 2254647 2027999 4896689 753788
0a0b000b 0a070013 10000 100 2086037 2095000 4834716 698097
0a06001e 0a090020 10000 100 1687497 3167999 3761866 566479
0a08000b 0a010002 10000 100 1787728 3917000 3013285 599582
0a05000d 0a0a0001 10000 100 549737 3884999 3050251 190752
0a04001e 0a0b0017 10000 100 2305450 2732000 4205256 770552
0a030019 0a040018 10000 100 2117092 4198000 2740899 708357
0a090011 0a05000f 10000 100 1813583 4994000 1945195 608132
0a02000c 0a030016 10000 100 23473 4285999 2657722 16957
0a0b000c 0a0a0012 10000 100 2162621 4603000 2346454 723387
0a040003 0a09001b 10000 100 1720938 4269000 2682267 577533
0a030002 0a020002 10000 100 494814 4811000 2140785 172609
0a03001e 0a02000b 10000 100 2054704 1985999 4966246 687748
0a08000f 0a010019 10000 100 36461 4386000 2569739 21251
0a070015 0a0b0005 10000 100 599625 4553999 2402370 207224
0a060012 0a0b0009 10000 100 2322906 4179999 2777022 776322
0a06000f 0a040011 10000 100 176195 4804000 2154412 67394
0a03000b 0a080007 10000 100 2531866 1724999 5233938 845324
0a020019 0a080008 10000 100 1888130 4741000 2223574 632739
0a040013 0a03000b 10000 100 1747568 4572999 2393548 586331
0a030014 0a050005 10000 100 2444706 3759999 3206759 816542
0a08000d 0a020019 10000 100 2399311 4185999 2780959 801555
0a090001 0a070007 10000 100 2264911 3007000 3964708 757165
0a060005 0a040011 10000 100 1702180 4081000 2893954 571331
0a020014 0a03001c 10000 100 2143329 4416999 2558710 717014
0a090002 0a09001c 10000 100 1826351 4462999 2514428 608100
0a05000f 0a090004 10000 100 512300 1000000 5978232 178389
0a080005 0a030013 10000 100 1856408 2373999 4605017 622266
0a080020 0a060003 10000 100 1696178 4923000 2056403 569349
0a060012 0a030011 10000 100 649575 4466000 2513918 223730
0a060004 0a04000e 10000 100 1800223 4165000 2815298 603718
0a0a001f 0a000009 10000 100 31977 4883000 2098521 19770
0a050004 0a0a0005 10000 100 2496913 3655999 3327328 833786
0a000020 0a09001e 10000 100 498464 4774999 2210272 173823
0a01001c 0a03001c 10000 100 2081918 3635000 3350280 696733
0a0b001a 0a050013 10000 100 18827 4007000 2979270 15424
0a050013 0a060017 10000 100 72104 4046000 2943270 33025
0a07001b 0a040017 10000 100 1903953 2660000 4329827 637972
0a03000b 0a04000e 10000 100 662370 4690999 2299065 227947
0a080008 0a060019 10000 100 433648 4878000 2112212 152421
0a040007 0a010009 10000 100 21154 4849000 2141972 16199
0a010013 0a0b001c 10000 100 2327092 4102999 2888040 777708
0a090018 0a0b0018 10000 100 1830499 3340000 3651440 613714
0a09000f 0a08001d 10000 100 1876493 4040000 2952456 628893
0a000003 0a00001c 10000 100 2330970 4014000 2978556 774739
0a010019 0a0b0007 10000 100 101291 4324999 2667587 42657
0a01001c 0a030007 10000 100 2373243 4244999 2747899 792952
0a02000f 0a05000e 10000 100 1638212 4065000 2928785 550216
0a0a001a 0a040017 10000 100 1768443 2595999 4403012 593211
0a09001b 0a0a0015 10001 100 72635 4849000 2150086 33195
0a080005 0a070004 10000 100 864918 3684000 3315652 294836
0a060013 0a000018 10000 100 2098883 4049999 2951063 702346
0a060006 0a09000f 10000 100 773399 4905999 2095977 264613
0a030007 0a08001d 10000 100 2061436 1791000 5212875 689979
0a02000c 0a070008 10000 100 1934948 1404000 5604657 648197
0a05000e 0a06001c 10000 100 2000303 4381000 2631950 669787
0a00001c 0a020007 10000 100 2115006 2733000 4285344 707674
0a050010 0a030012 10000 100 2293270 1683999 5340912 766531
0a090014 0a000002 10000 100 2183889 2710000 4315881 730408
0a07001e 0a05000f 10000 100 1893635 2876999 4150037 634562
0a030011 0a08000a 10000 100 817191 3989999 3038399 279072
0a000018 0a060019 10000 100 2017989 505000 6523847 675631
0a070018 0a08000a 10000 100 828638 4629999 2400082 282858
0a010002 0a090016 10000 100 40400 4786000 2245175 22542
0a070020 0a02000c 10000 100 2295682 2181000 4851499 767334
0a02001d 0a07000e 10000 100 66290 4581000 2451970 31104
0a0b000d 0a02000d 10000 100 646942 4647000 2388622 222856
0a09000c 0a040019 10000 100 2298587 885000 6152252 768294
0a06001b 0a050008 10000 100 2476598 3239999 3799498 827086
0a050004 0a090005 10000 100 2282016 2139999 4902211 762823
0a070018 0a0a0019 10000 100 66672 4902000 2140548 31226
0a0a001e 0a00001a 10000 100 1999303 3302999 3741245 669451
0a040019 0a090001 10000 100 1557412 2935999 4110339 523530
0a060017 0a040020 10000 100 2366886 2596999 4449379 790841
0a0b000d 0a02000b 10000 100 2409605 2707000 4342862 804957
0a040009 0a000009 10000 100 1019848 4898999 2150867 345996
0a06001b 0a00000e 10000 100 1913323 3990999 3060488 641062
0a070003 0a0b001d 10000 100 1854347 3706000 3346044 621591
0a03001c 0a0b0014 10000 100 1756823 2007000 5046365 589385
0a030011 0a040003 10000 100 2149255 3876000 3178178 718972
0a02001d 0a000009 10000 100 683636 4336999 2720829 234967
0a0b001c 0a040004 10000 100 2011172 541000 6517391 673372
0a040007 0a000018 10000 100 84372 4716999 2343013 37074
0a030018 0a0b001a 10000 100 2161831 1448000 5612065 723135
0a06001e 0a04000e 10000 100 1660590 2863999 4196404 557607
0a050015 0a0a001a 10000 100 9832 3461999 3599834 12453
0a05000e 0a070017 10000 100 1589194 4609000 2453781 534023
0a03001c 0a03000f 10000 100 2104405 1626000 5437754 699919
0a010004 0a020004 10000 100 2349837 693000 6371198 785216
0a0b000c 0a000017 10000 100 1681011 3814000 3250385 564342
0a0b001c 0a02000f 10000 100 1990254 559999 6506596 666464
0a04001b 0a070012 10000 100 2416562 3197000 3870317 807260
0a06001b 0a050012 10000 100 1626454 2491999 4575536 546330
0a06001e 0a060009 10000 100 1628238 1445000 5623332 542677
0a03000e 0a06001a 10000 100 1996633 4479000 2592308 668582
0a090013 0a000006 10000 100 2411313 1575000 5497715 805519
0a04000e 0a0b0003 10000 100 2165140 1425000 5650786 724224
0a04000e 0a040016 10000 100 1692397 1881000 5197407 563868
0a020011 0a07000e 10000 100 32061 4832000 2248922 19797
0a000005 0a01000d 10001 100 1599959 4650999 2430823 537576
0a080017 0a060008 10000 100 2402793 4682000 2400384 802700
0a01001d 0a01001b 10000 100 1605017 4954000 2129106 535016
0a03001b 0a0a0019 10000 100 2368240 1948000 5135682 791290
0a0b0006 0a07000d 10000 100 2361512 2688999 4395904 789075
0a02001d 0a08001e 10000 100 1577775 4739000 2347038 530246
0a02001b 0a0a0004 10000 100 2307900 4040000 3047562 771367
0a000005 0a0a0020 10000 100 2200410 4243000 2844823 735864
0a0b0008 0a080006 10000 100 1945029 2487000 4602845 651531
0a050004 0a020013 10000 100 1555306 4126999 2963186 522826
0a050017 0a020001 10000 100 2451154 4634000 2456906 818682
0a0b0016 0a06000a 10000 100 1995106 4808999 2285808 668078
0a0a001e 0a080015 10000 100 2311527 4787999 2307838 772573
0a01000f 0a06001b 10000 100 62702 4344999 2751017 29909
0a0b001c 0a050005 10000 100 795664 2926999 4170928 271968
0a0a0019 0a050019 10000 100 101233 4929000 2169559 42639
0a01000f 0a060009 10000 100 401092 3784000 3314662 141665
0a01001a 0a00001f 10000 100 2165680 3664999 3435560 724397
0a090014 0a040006 10000 100 1564218 2269000 4835119 525770
0a070015 0a00000a 10000 100 697858 4721000 2387471 239672
0a0b0012 0a000020 10000 100 844109 4706000 2402778 287962
0a06000f 0a020017 10000 100 1821194 4710999 2401136 610644
0a03001c 0a0b000a 10000 100 1026845 4240999 2876153 348312
0a040020 0a080004 10000 100 81198 4315000 2803871 36028
0a03001c 0a0b0012 10000 100 1673641 2573000 4550926 561906
0a020001 0a050009 10000 100 2443133 622999 6501199 816024
0a09000f 0a020011 10000 100 1804277 4348999 2777350 605046
0a070011 0a000020 10000 100 1582174 2827000 4299911 531700
0a04001b 0a020009 10000 100 2159634 3413999 3713475 722401
0a0b001c 0a05000c 10000 100 579960 3836000 3291927 200731
0a00001c 0a0a0016 10000 100 2486201 1405999 5722812 830251
0a09001c 0a020010 10001 100 750708 4793999 2336370 257121
0a080017 0a07000f 10000 100 2332326 4954000 2177127 779429
0a030016 0a040020 10000 100 78839 4643000 2489244 35242
0a01000f 0a040015 10000 100 83387 4708000 2424756 36744
0a0a0019 0a0b001c 10000 100 1862864 3200999 3933843 624393
0a0b001c 0a01000b 10000 100 1600136 979999 6155390 537632
0a03001e 0a04001e 10000 100 1570165 3435999 3702002 527734
0a040020 0a030003 10000 100 12082 4176000 2966341 13204
0a02001c 0a00001a 10000 100 1903591 3472999 3669489 637856
0a09000f 0a070002 10000 100 2360252 3557999 3589143 788657
0a070014 0a060016 10000 100 1637880 4595000 2552334 550094
0a000020 0a010014 10000 100 907435 4575000 2574359 308872
0a09001b 0a03001d 10000 100 772158 4913999 2237198 264200
0a000007 0a070008 10000 100 1975003 1665999 5489661 661430
0a0b001b 0a070008 10000 100 997590 4779000 2377494 338658
0a05001a 0a030017 10000 100 1844474 3376000 3782450 618324
0a030002 0a080009 10000 100 1859593 4671999 2486818 623316
0a09001b 0a040014 10000 100 2549010 2125000 5035484 850995
0a0b001c 0a0a000b 10000 100 19039 4893999 2267012 15492
0a090007 0a070008 10000 100 1669099 3690000 3472801 560407
0a09001b 0a060013 10000 100 1680122 3203999 3958826 564057
0a00001c 0a01001b 10000 100 1996994 1791000 5373274 668697
0a0a000d 0a040011 10001 100 219754 4837000 2327991 81779
0a040012 0a08000f 10000 100 2497206 1861000 5304060 833880
0a010020 0a07000e 10000 100 67439 4833999 2332403 31471
0a000020 0a010005 10001 100 2256581 3184999 3982737 754422
0a0b0019 0a0b001a 10000 100 1693812 4329000 2840690 564336
0a0a0005 0a0a000a 10000 100 2382031 1832999 5338529 791616
0a030011 0a06001b 10000 100 2517475 1283000 5889605 840581
0a0a0016 0a060009 10000 100 13122 4060000 3112777 13537
0a05000f 0a060018 10000 100 1044718 4275000 2899241 354215
0a040003 0a000009 10000 100 1646983 4205999 2968864 553099
0a040002 0a010019 10000 100 69383 4573999 2601852 32124
0a0a0013 0a050012 10000 100 1792571 3984999 3191640 601193
0a010003 0a040011 10000 100 597799 4536000 2641987 206624
0a02001b 0a000009 10000 100 1686730 2736000 4443489 566233
0a090019 0a00000d 10000 100 2388548 4815999 2366068 798003
0a02001d 0a03001d 10000 100 2024379 4604999 2577626 677737
0a0a000d 0a04001a 10000 100 1887761 2684999 4497864 632621
0a0a000d 0a0a0018 10000 100 1702581 2112000 5071522 567234
0a00000b 0a000013 10000 100 1817680 1276000 5907602 605233
0a070019 0a070015 10000 100 2308589 4193999 2992111 767362
0a04000e 0a07001a 10000 100 832447 4401999 2786949 284107
0a04001d 0a0b0018 10000 100 2080592 2833000 4357250 696309
0a09001f 0a000017 10000 100 1584495 4700000 2491383 532473
0a040020 0a000011 10000 100 56409 4663999 2528086 27834
0a010013 0a0a0016 10000 100 1623056 4690999 2501159 545212
0a0a001e 0a0a0019 10000 100 751009 4046000 3149073 252978
0a0a0019 0a000004 10000 100 962125 3063999 4135870 326941
0a0a001e 0a080014 10000 100 1739086 3978999 3222071 583525
0a0a0005 0a09000b 10000 100 1703353 3118999 4082265 571721
0a020013 0a01001b 10000 100 2548408 2841999 4359876 850787
0a010008 0a01000a 10000 100 2023420 2892000 4313306 673175
0a080017 0a060016 10000 100 2094521 3759999 3448402 700904
0a020016 0a020001 10000 100 2433054 1474999 5733751 808466
0a0b0006 0a000010 10000 100 2455040 4558000 2650769 819957
0a00000e 0a04000d 10000 100 670676 4918999 2290130 230697
0a080014 0a07000e 10000 100 15484 4654000 2555879 14323
0a07000e 0a090019 10001 100 38601 4751000 2459126 21951
0a0b000d 0a0b0011 10000 100 1607800 3108999 4102452 535921
0a0a0012 0a04001a 10000 100 2315673 1925999 5286176 773931
0a090010 0a020012 10000 100 1572394 3493000 3721415 528478
0a030007 0a010019 10001 100 90933 4375000 2848126 39235
0a040007 0a00001d 10001 100 266796 4997999 2227215 97308
0a02001f 0a050015 10000 100 5094 1804000 5421655 10891
0a020015 0a040020 10000 100 1846256 1678999 5551550 618910
0a000017 0a05000d 10000 100 829407 3356000 3876281 283104
0a070003 0a020008 10000 100 2109666 4211000 3022284 705904
0a04000d 0a000004 10000 100 46367 4752000 2482243 24513
0a060009 0a0b0016 10000 100 97356 4680000 2554283 41352
0a00000e 0a030005 10000 100 1602191 2827999 4406447 538320
0a030002 0a0b0017 10000 100 2542169 3452999 3783169 848729
0a040020 0a0b0008 10000 100 20062 4767000 2475008 15834
0a09000b 0a00001a 10000 100 2314367 456999 6786966 773497
0a06000c 0a08001f 10000 100 2587348 3674000 3571081 863647
0a020001 0a08001d 10000 100 2044482 1103999 6141445 684369
0a060011 0a040020 10000 100 65135 4760000 2486016 30719
0a000012 0a030014 10000 100 1027398 4871999 2374797 348488
0a000005 0a01000d 10000 100 2569133 4198999 3048331 857634
0a04001b 0a0b0016 10000 100 1989028 3876999 3371906 666071
0a010009 0a080014 10000 100 2328565 3733000 3517329 778194
0a060007 0a01001d 10000 100 2521442 4618999 2631484 841881
0a03001c 0a030020 10000 100 2226954 2305000 4945535 740394
0a09001c 0a070009 10000 100 772014 4961000 2292669 264154
0a070004 0a08000b 10000 100 2018996 3076000 4178384 675953
0a04001d 0a020001 10000 100 1875216 2768000 4487857 628484
0a050015 0a00001b 10000 100 1895432 2174999 5080999 635153
0a010019 0a09000e 10000 100 24592 4710999 2549652 17330
0a050019 0a060014 10000 100 2025175 2892000 4368751 678007
0a060019 0a0b0003 10000 100 11227 4198000 3063563 12915
0a060012 0a0b000c 10000 100 1699889 4688999 2573284 570582
0a05001e 0a050014 10000 100 922142 4538000 2732478 309491
0a050012 0a01001f 10000 100 2012378 1730999 5539732 673774
0a04000b 0a050012 10000 100 5902 4279999 2994704 11150
0a000015 0a00001a 10001 100 2533784 4856000 2420201 841729
0a00001a 0a090011 10000 100 2056466 924000 6352928 688327
0a080014 0a0b0006 10000 100 2243250 2177000 5101902 750018
0a01000f 0a00000b 10000 100 1975282 4866999 2412188 661519
0a09000a 0a01001d 10000 100 2537991 4128999 3150191 847346
0a000004 0a0a000a 10000 100 2584 4719000 2560873 10057
0a09000f 0a080013 10000 100 2161852 4348000 2937409 723141
0a08001d 0a060001 10000 100 2104891 3956000 3330458 704330
0a000017 0a0b0002 10000 100 2528646 3278999 4007775 844263
0a0b0019 0a01001d 10000 100 1914164 4485000 2803662 641347
0a00001a 0a030020 10000 100 992815 3886000 3404057 337069
0a070015 0a0b000a 10000 100 2055922 4250999 3040385 688153
0a05001e 0a070007 10000 100 2170528 2134000 5157526 726010
0a020005 0a02000d 10000 100 2257284 3965999 3331654 750407
0a0b0014 0a02001f 10000 100 2283763 1456999 5841432 763397
0a00001a 0a000015 10000 100 2179617 1232000 6066474 724770
0a03000c 0a040007 10000 100 2132572 3112999 4191247 713464
0a000017 0a0b000e 10000 100 1830326 2527999 4776532 613658
0a00001a 0a060018 10000 100 1979728 1861000 5444447 662988
0a010007 0a030002 10000 100 2196312 3733000 3576800 734522
0a020004 0a020005 10000 100 78733 4479000 2837923 30968
0a020001 0a030002 10000 100 1034268 3857999 3461705 350764
0a09000c 0a00000a 10000 100 905391 4701999 2620735 308202
0a050008 0a050004 10000 100 2153141 4918999 2404609 716022
0a010019 0a040018 10000 100 100693 4688000 2638519 42466
0a0b000b 0a02000d 10000 100 1678593 2279000 5050786 563552
0a090016 0a070015 10000 100 1728081 2433999 4899204 579896
0a050005 0a0a000c 10000 100 1045013 2851999 4481986 354310
0a00000e 0a060019 10000 100 72212 4733000 2604481 33060
0a070015 0a060003 10000 100 2338287 3902999 3436095 781398
0a050019 0a090006 10000 100 2283686 2621000 4719021 763372
0a030017 0a010007 10000 100 1737892 1036999 6306649 583127
0a090013 0a06001e 10000 100 2513429 1949999 5394004 839240
0a0b000b 0a050004 10000 100 778701 3576999 3770971 266371
0a010015 0a01001b 10000 100 1587293 3808999 3540086 529160
0a030012 0a04001d 10000 100 948928 4710999 2639591 322579
0a000020 0a09000b 10000 100 2360928 3393999 3956835 788873
0a00001c 0a00000d 10000 100 2124056 2082000 5271002 706423
0a030010 0a04000b 10000 100 2227805 4258999 3100363 744922
0a070003 0a040008 10000 100 2290252 4388999 2970437 765535
0a020003 0a060011 10000 100 2099353 4265999 3094485 702496
0a050005 0a050014 10000 100 2531765 822000 6539499 841052
0a050012 0a080017 10000 100 1594472 1968999 5396862 535758
0a0a0016 0a07001c 10000 100 1610517 3392000 3974790 541062
0a050018 0a090004 10000 100 512400 1000000 6367601 178421
0a0a0015 0a050008 10000 100 1938849 2275999 5091721 649492
0a060004 0a0b0009 10000 100 2455930 4288000 3081728 820257
0a080014 0a040012 10000 100 1857145 2932999 4438542 622517
0a040020 0a06000d 10000 100 2504643 1868000 5504258 836336
0a04001e 0a0b000d 10000 100 2290279 4880999 2494252 765544
0a000012 0a02000a 10000 100 1616358 4498000 2884092 542992
0a040007 0a010011 10000 100 982931 2817000 4572745 333814
0a080005 0a070015 10000 100 1755997 2043999 5349873 589105
0a05001d 0a000013 10001 100 2580507 1276000 6121184 861396
0a030012 0a090007 10000 100 2200510 1781999 5616298 735911
0a050012 0a010003 10000 100 14967 4872999 2527054 14143
0a05000e 0a020004 10000 100 2415955 3069999 4333649 807050
0a070011 0a00000c 10000 100 2355714 2778999 4627829 787159
0a00001b 0a07000a 10000 100 1930757 1747999 5660799 646825
0a0b000b 0a08001b 10000 100 849581 4947000 2464662 289775
0a000014 0a010002 10000 100 1740900 4852999 2561321 584120
0a070011 0a01000b 10000 100 2010056 3586999 3837450 673015
0a0b0006 0a080005 10000 100 1759666 4270999 3158911 590325
0a00000e 0a040007 10000 100 2251351 2420999 5013793 752687
0a02000d 0a020020 10000 100 2253187 3860000 3575842 749065
0a0b0008 0a02000e 10000 100 1687209 4287000 3152345 566386
0a090003 0a090004 10000 100 512964 1000000 6442229 174361
0a0b0010 0a090004 10000 100 512295 1000000 6443259 178387
0a0a001a 0a04001e 10000 100 2352957 4870000 2575823 786246
0a00000a 0a040013 10000 100 2590831 903999 6543400 864808
0a020001 0a040006 10000 100 750112 3993000 3455180 256931
0a090005 0a050013 10000 100 2468427 1240999 6208882 824379
0a090013 0a050001 10000 100 1840465 790000 6663664 616995
0a0a0016 0a0a0003 10001 100 2137496 2932999 4522258 710846
0a0b000c 0a07000e 10000 100 44560 4787999 2670115 23920
0a09001b 0a020019 10000 100 2552485 3141000 4317976 852137
0a030014 0a070018 10000 100 2589221 4033000 3426101 864277
0a050013 0a0a0019 10000 100 99218 3408000 4051910 41978
0a0a0010 0a0a0012 10000 100 2240583 3652999 3808468 744894
0a08001d 0a010006 10000 100 2439329 4263000 3199767 814776
0a000004 0a090008 10000 100 30106 4761999 2701171 19156
0a010008 0a020003 10000 100 1677499 3802999 3662484 563187
0a05001d 0a000009 10000 100 488149 3993000 3474076 170415
0a050015 0a070004 10000 100 25113 3543000 3926034 17497
0a0b0008 0a060001 10000 100 2050666 2722000 4749161 686425
0a040007 0a0a000b 10000 100 307775 4015999 3456292 110852
0a0b000d 0a000007 10000 100 2014846 4978999 2493588 674594
0a0b000c 0a060003 10000 100 2392531 3970999 3503278 799324
0a05001e 0a03001b 10000 100 2369541 1998999 5477151 791721
0a060004 0a050014 10000 100 2015691 4917000 2562829 674864
0a010009 0a060009 10000 100 67911 4832999 2647012 31638
0a020001 0a020004 10000 100 883594 2423999 5056835 296772
0a020015 0a0a000b 10000 100 2460728 2809999 4671317 821838
0a040015 0a000012 10000 100 2015138 1015999 6465779 674688
0a0a0007 0a040020 10000 100 1730720 3125000 4356869 580755
0a090012 0a040015 10000 100 1913456 3644999 3837822 641105
0a03000d 0a0a000b 10000 100 2379983 4401000 3082071 795170
0a04001d 0a03001d 10000 100 2096265 3039000 4447562 701478
0a060007 0a01001b 10000 100 1769272 4882000 2605099 593491
0a000009 0a02000b 10000 100 2388337 635000 6857403 797936
0a020008 0a00000b 10000 100 2234720 4797000 2696684 747196
0a0a0016 0a08000a 10000 100 1850284 3125000 4370128 620245
0a030004 0a010018 10000 100 1637013 3740999 3754346 549817
0a080014 0a08001f 10000 100 1662306 3667000 3829165 553932
0a020003 0a03001b 10000 100 1990982 4666000 2831407 666712
0a07000e 0a07001a 10000 100 75774 4774999 2725264 29991
0a0a0014 0a02000d 10000 100 1722781 3161000 4340135 578138
0a05001e 0a040020 10000 100 2532047 871000 6634599 845398
0a020003 0a05001b 10000 100 2394268 4265999 3241615 799895
0a00000b 0a080014 10000 100 1763579 1335999 6171931 591608
0a040006 0a060019 10000 100 2086729 3647000 3861365 698334
0a0b000b 0a040012 10000 100 2260454 2226000 5288165 755692
0a00001a 0a07000a 10000 100 2390744 2318999 5196312 798721
0a060011 0a090004 10000 100 512033 1000000 6515672 178303
0a04000e 0a040013 10000 100 1669598 1951000 5565520 556342
0a080005 0a01000f 10000 100 1966189 4902000 2615076 658517
0a0b000d 0a09001b 10000 100 2498827 2892000 4625949 834414
0a0a001a 0a060001 10000 100 2368230 4375999 3145123 791287
0a000005 0a030012 10000 100 2556249 4754000 2770551 853388
0a030014 0a080003 10000 100 2046341 4826000 2699312 684995
0a0b0012 0a060006 10000 100 2248798 3020999 4506863 751855
0a010019 0a05000b 10000 100 615467 4467999 3061310 212462
0a0a0015 0a06000a 10000 100 892055 3516000 4013655 303796
0a000018 0a070013 10000 100 1612145 2820000 4710049 541598
0a05001f 0a09001c 10000 100 1959208 4917999 2614186 656222
0a020005 0a050015 10000 100 1561510 2089000 5444486 524888
0a00000d 0a000013 10000 100 1734168 3969999 3565563 577665
0a070008 0a010008 10000 100 295426 4734000 2803708 106762
0a0b0003 0a050004 10000 100 2377917 4060000 3480673 794494
0a000016 0a07000e 10000 100 2443015 3677000 3864754 815986
0a010009 0a0b0014 10000 100 2562484 4102999 3443028 855445
0a0a000c 0a09000e 10000 100 2344323 4658999 2889175 783391
0a070005 0a040020 10000 100 593632 4192999 3358434 205244
0a08000e 0a0b0011 10000 100 2591935 3151999 4402008 865161
0a070020 0a02000d 10000 100 2419627 3860999 3693131 808271
0a05000a 0a090005 10000 100 1959319 3664999 3891803 656257
0a04001b 0a02001f 10000 100 901329 3654999 3905644 306856
0a06000f 0a030003 10000 100 2311165 4786000 2775071 772442
0a0b0006 0a04000b 10000 100 1696199 4649000 2914390 569355
0a0a0008 0a0a0010 10000 100 2075871 3108000 4463942 690496
0a080014 0a09001a 10000 100 1595499 4002999 3569845 536102
0a0a0009 0a09000b 10000 100 1896785 3397999 4176324 635601
0a05001d 0a050007 10000 100 1790245 2892000 4687003 596178
0a0a0016 0a03000c 10000 100 2093126 3749999 3829053 700442
0a02001d 0a04001a 10000 100 2319368 4491000 3089892 775159
0a01000b 0a0a0010 10000 100 2510127 4520999 3062299 838153
0a000004 0a070019 10000 100 38901 3530999 4061628 22047
0a09001c 0a05000c 10001 100 2406321 3199000 4395974 803875
0a08000c 0a000008 10000 100 1775992 4957999 2639997 595703
0a08000c 0a080005 10000 100 2567051 2272000 5332728 852712
0a080003 0a090017 10000 100 2246564 4031999 3573919 751109
0a040019 0a0b001d 10000 100 834080 4880999 2725412 284661
0a0a0018 0a0b0007 10000 100 89163 4871999 2735781 38653
0a05000f 0a0a0005 10000 100 2452243 3808000 3801161 819031
0a00000d 0a000010 10000 100 1900970 3978999 3635815 632746
0a00000a 0a090007 10000 100 1589035 4235000 3380320 533972
0a03000b 0a05001d 10000 100 2079084 3308000 4308350 695811
0a010007 0a05000c 10000 100 2398624 4341000 3275851 801335
0a030004 0a04000c 10000 100 2163365 2517999 5100846 723641
0a030007 0a020005 10000 100 2522854 1879000 5740647 842348
0a0a0016 0a080001 10000 100 2433418 3625000 3994939 812823
0a03001c 0a090011 10000 100 2504900 2814999 4811491 836419
0a030007 0a040001 10000 100 2046991 3073000 4554230 685203
0a0b001d 0a0b0007 10000 100 1867667 4400000 3229015 621752
0a09001c 0a0a001c 10000 100 1821962 4477000 3154118 610890
0a0b0006 0a0a000b 10000 100 447699 4885999 2749380 157056
0a02000d 0a080007 10000 100 2311260 4460000 3177553 772472
0a050001 0a02001d 10000 100 2079511 3658999 3982921 695947
0a0a0014 0a080010 10000 100 1758436 4928000 2718456 589916
0a010002 0a040017 10000 100 1770189 2279000 5368043 593800
0a03001b 0a090004 10000 100 512055 1000000 6649103 178310
0a05000f 0a06001a 10000 100 2462427 3713000 3938988 822397
0a000018 0a0b000b 10000 100 1867772 4176000 3476599 626025
0a080005 0a0a000b 10000 100 1864431 2759000 4893852 624910
0a00000f 0a090005 10000 100 104374 4773999 2879434 43674
0a05001e 0a03000f 10000 100 2225134 2605000 5049722 744037
0a0a000b 0a070020 10000 100 1974028 4139999 3515563 661118
0a030019 0a010011 10000 100 2419478 4845999 2809935 808208
0a05001a 0a04001a 10000 100 1586885 4206999 3452191 533254
0a00000d 0a02000d 10000 100 2554027 3442000 4217465 852646
0a030019 0a050001 10000 100 2555103 3467000 4196546 853006
0a080014 0a08000c 10000 100 2093495 3191999 4472757 696320
0a080002 0a050012 10000 100 2559667 3565000 4100660 854512
0a010009 0a0b0014 10001 100 2316826 4916000 2752586 774315
0a0b0014 0a0a0018 10001 100 2180689 3487000 4185572 729353
0a0b0008 0a06000a 10000 100 1721354 2305999 5366813 577666
0a00000d 0a010012 10000 100 1915158 4649999 3026006 641665
0a09001c 0a01000a 10000 100 2436303 4113999 3564192 813776
0a000020 0a09001f 10000 100 2401090 3592999 4085691 802140
0a070014 0a02001f 10000 100 2118115 3468999 4210770 708700
0a050019 0a0b001c 10000 100 2139600 3053999 4632613 715790
0a0a0010 0a04001b 10000 100 499562 4869000 2819658 174190
0a010019 0a00000e 10000 100 100207 4916000 2774064 42295
0a040004 0a070008 10000 100 2298922 3989000 3705029 768401
0a00001f 0a0a0010 10000 100 2475067 4542000 3152107 826580
0a0a0010 0a0b0018 10000 100 2361844 4582000 3112852 789182
0a000020 0a0a0020 10000 100 2007821 4157000 3539242 672269
0a09001b 0a02001f 10000 100 2398281 2014999 5681535 801210
0a030012 0a060020 10000 100 2490508 1387999 6310556 831675
0a09000c 0a01001c 10000 100 2450886 1327000 6374543 818581
0a0b000b 0a060006 10000 100 1013816 4486999 3215539 344004
0a0b001c 0a06001f 10000 100 931983 4003999 3701148 316988
0a0a0005 0a050012 10000 100 94416 4839999 2868166 40380
0a00001a 0a01000f 10000 100 2208805 2152999 5556206 738642
0a030017 0a000013 10000 100 919997 3321000 4388840 313030
0a00000d 0a080002 10000 100 2423862 4410999 3301379 809657
0a0a0014 0a0b000c 10000 100 1654311 4193999 3519388 555521
0a030017 0a07000b 10000 100 1769023 1152999 6564395 593412
0a08001d 0a020006 10000 100 2492662 4939999 2779837 832380
0a04001d 0a05000a 10000 100 2207365 3233000 4486964 738166
0a09001a 0a070012 10000 100 2369237 3259999 4461994 791624
0a000018 0a01000e 10000 100 1906474 4381000 3342508 638794
0a0a0014 0a06001a 10000 100 2299773 3804000 3920188 768689
0a0a0005 0a060008 10000 100 1951943 3782999 3941239 653820
0a0a0014 0a0a0019 10000 100 1656740 4019000 3705384 552089
0a00001e 0a07000e 10000 100 771711 4669000 3059890 264057
0a090010 0a010013 10000 100 1686300 4264999 3464344 566096
0a04000e 0a0a0005 10000 100 2155962 1730999 5999131 721195
0a040007 0a00001c 10000 100 2171766 1616000 6114957 726406
0a010002 0a02000c 10000 100 1804957 1727999 6003557 605279
0a030014 0a030013 10000 100 2557350 4810000 2927773 849500
0a010011 0a08000a 10000 100 1691405 4743999 2993788 567775
0a020016 0a0a0020 10000 100 1785507 3738000 4003240 598856
0a0b000f 0a010019 10000 100 2556183 1966999 5775788 853367
0a030004 0a02001d 10000 100 2538844 2015999 5735148 847634
0a000020 0a04000f 10000 100 2382627 3830000 3926150 796047
0a05000f 0a010016 10000 100 2469495 4185999 3571542 824736
0a040020 0a090016 10000 100 2293061 2445000 5314129 766464
0a090001 0a040006 10000 100 1830649 3229999 4531364 613762
0a010002 0a04001b 10000 100 2542347 2974000 4790829 848786
0a0a0015 0a010002 10000 100 1816997 1861000 5908087 609255
0a050019 0a050020 10000 100 2253515 3995000 3776780 749170
0a000008 0a020004 10000 100 738265 4784000 2988319 253017
0a00001a 0a00001f 10000 100 2582861 4118000 3656310 857925
0a03001e 0a040008 10000 100 2459718 2370000 5404478 821500
0a090016 0a040006 10000 100 2353572 2380000 5397488 786458
0a03001c 0a020006 10000 100 1904886 4834999 2943182 638270
0a09000b 0a000011 10000 100 1899558 1742999 6035396 636519
0a070008 0a010002 10000 100 68333 4623000 3160917 31773
0a040004 0a000004 10000 100 2574132 2575000 5213043 859295
0a090001 0a02000d 10001 100 2510582 2955000 4833480 838298
0a000017 0a040017 10000 100 1896987 3374999 4415320 635666
0a03001b 0a040020 10000 100 1951781 2807000 4987423 653768
0a040006 0a030019 10000 100 2108814 4983999 2823270 705616
0a08001a 0a090012 10000 100 2571767 616000 7192816 858507
0a030016 0a05000d 10000 100 1919735 4625999 3186893 643176
0a03001e 0a080007 10000 100 2207079 3253999 4558928 738075
0a07000e 0a030008 10000 100 32395 4840999 2982878 19904
0a06000c 0a06000a 10000 100 1902271 3725000 4103355 633178
0a030017 0a06001b 10001 100 824834 4044999 3788513 281594
0a0b0008 0a080014 10000 100 2447790 4347000 3491409 817560
0a04001d 0a0a000c 10000 100 2168061 3648999 4191224 725190
0a03001e 0a0b001a 10000 100 2593248 2399000 5444358 865596
0a00000f 0a050002 10000 100 1736810 3523000 4330954 582766
0a0a001b 0a04000b 10000 100 1662458 3405000 4452927 558220
0a090017 0a070004 10000 100 528268 4206999 3651995 183667
0a070011 0a000003 10000 100 2543710 4638999 3226509 849237
0a090013 0a060016 10000 100 1640991 3226000 4639758 551120
0a09001a 0a090004 10000 100 512562 1000000 6870703 174232
0a0a0005 0a080019 10000 100 2096320 4002999 3867889 701495
0a0a0005 0a020009 10000 100 2206379 3726999 4149126 737835
0a040016 0a090004 10000 100 512665 1000000 6876621 178505
0a090005 0a060016 10000 100 2419592 2054999 5822092 808260
0a08000b 0a000004 10001 100 800976 4401000 3479540 273714
0a05000f 0a09000c 10000 100 2567590 4994000 2893216 857125
0a09001a 0a020018 10000 100 2351844 3752000 4135611 785874
0a040020 0a0a0017 10000 100 1741515 3259999 4635072 584333
0a05001e 0a05000f 10000 100 2233682 3043000 4858207 742624
0a0a0009 0a050015 10000 100 2402102 262999 7638647 802479
0a02001b 0a040006 10000 100 1902289 4734000 3171472 637424
0a030004 0a010014 10000 100 2337993 3131999 4775343 781304
0a04001d 0a02001c 10000 100 2448319 3465999 4441648 817744
0a040001 0a000009 10000 100 2270090 2844999 5063386 758883
0a00001d 0a090004 10000 100 512178 1000000 6915426 178350
0a090005 0a010011 10000 100 2237209 2164000 5751908 748024
0a020016 0a030014 10000 100 2326754 2948000 4973640 777600
0a06000a 0a09001b 10000 100 1745658 3011999 4912118 585689
0a020004 0a040009 10000 100 1820358 2621000 5309931 610361
0a080009 0a090004 10000 100 512167 1000000 6932825 178346
0a00000f 0a050016 10000 100 1904249 3322999 4612036 638066
0a0a0015 0a030013 10000 100 2103968 2464000 5471619 704019
0a06000a 0a00001c 10000 100 1007466 4562000 3374259 341911
0a050010 0a0b0012 10000 100 2283319 2798000 5139438 763255
0a08001d 0a0a0018 10000 100 2058603 3103999 4833716 689042
0a030007 0a03000e 10000 100 2449612 3472999 4465213 813934
0a02001f 0a09000c 10000 100 2037034 3859000 4079828 681925
0a05001a 0a090013 10000 100 2391305 4473999 3468586 798916
0a050013 0a06001d 10000 100 2001078 1126999 6817350 670050
0a00000a 0a010005 10000 100 2167635 3713000 4234491 725053
0a050013 0a0a0017 10000 100 974893 2903000 5044966 331149
0a01001a 0a060003 10000 100 2318532 3151000 4798412 774876
0a070018 0a00000e 10000 100 2509703 3390999 4564315 838017
0a040007 0a090014 10000 100 2490735 1498999 6459465 831748
0a0a0009 0a08001d 10000 100 1646024 4910000 3054643 552792
0a07000d 0a09001c 10000 100 2434617 1445000 6520145 813222
0a000018 0a0b000d 10000 100 2416142 4841999 3124899 807110
0a06000f 0a0b0011 10000 100 2063315 4735999 3237080 690596
0a05001a 0a060017 10000 100 2570749 4246999 3727551 858166
0a090014 0a020002 10000 100 2127501 2661000 5315139 711796
0a0a0014 0a0a0018 10000 100 1660371 2971000 5010453 553282
0a070013 0a090004 10000 100 512194 1000000 6985100 178355
0a020016 0a00001e 10000 100 2196607 3322999 4669460 734616
0a090018 0a030020 10000 100 1873921 4455999 3538224 628054
0a080014 0a0a001f 10000 100 1919089 3883999 4110718 642969
0a09001a 0a08001f 10000 100 2228720 4712000 3283146 745215
0a030017 0a010019 10000 100 57761 4924000 3072314 28282
0a070018 0a070013 10000 100 2135692 3533999 4462595 710254
0a070015 0a090004 10000 100 512401 1000000 7002827 178421
0a050010 0a0b0003 10000 100 2569692 2219000 5784464 857828
0a050013 0a0a001f 10000 100 756103 3036000 4978311 258909
0a0a0018 0a000002 10000 100 2144472 1871000 6144669 717395
0a0a0009 0a03001d 10000 100 2442815 2931000 5086530 815922
0a030012 0a04001a 10000 100 1715942 3704999 4313313 575873
0a020001 0a0b000c 10000 100 2540029 1399000 6620977 848029
0a0a001b 0a03000d 10000 100 2197590 2723999 5296579 734946
0a040011 0a05001b 10000 100 2421372 1196999 6823832 808845
0a050008 0a040011 10000 100 1753970 4382999 3640812 588441
0a09000c 0a070005 10000 100 1739242 3963999 4062515 583575
0a090004 0a050002 10000 100 63935 1301000 6733135 30319
0a070004 0a050020 10000 100 2055509 3521999 4516552 688021
0a030012 0a080008 10000 100 2443954 2150000 5893738 816302
0a050012 0a080005 10000 100 873447 2873000 5182937 297657
0a010017 0a050012 10000 100 2156931 2700999 5357252 721505
0a000012 0a060014 10001 100 1578071 4775999 3286165 530356
0a02001f 0a06000d 10001 100 2405392 4013000 4050674 803562
0a010002 0a030011 10000 100 1642349 4302000 3763701 551570
0a02001f 0a0b0012 10001 100 1987311 4473999 3593996 665491
0a040007 0a04000c 10000 100 2163214 2243999 5827791 719352
0a04000e 0a010003 10000 100 1722942 2994000 5078265 578190
0a00000a 0a05000b 10000 100 2031467 4431000 3641506 680082
0a090005 0a0a0015 10000 100 78737 4866999 3210384 35209
0a010009 0a060020 10000 100 2015869 4357999 3719541 674921
0a030003 0a040011 10000 100 2591805 3950000 4134915 865119
0a0b001a 0a07001a 10000 100 2498972 2605000 5482669 834460
0a03001e 0a0a001f 10000 100 2266229 2609999 5484434 757602
0a0a001f 0a030004 10000 100 1779579 3687000 4408276 596897
0a05001e 0a00000e 10000 100 2407404 3307000 4793232 804222
0a0a001a 0a050012 10001 100 2325618 2246999 5856218 777221
0a070005 0a040017 10000 100 2063869 4625999 3478545 690773
0a040017 0a000004 10000 100 43767 4435999 3668592 23666
0a00000e 0a0b001c 10000 100 2038459 3188999 4917262 682381
0a000004 0a030008 10000 100 2129397 756000 7351156 712418
0a04000f 0a040015 10000 100 2240755 3873000 4236410 744949
0a090014 0a060003 10000 100 2233388 3488999 4621250 746755
0a0b0002 0a090004 10000 100 2576946 426000 7686242 860211
0a09000c 0a010002 10000 100 2241619 1033999 7078531 749481
0a050012 0a090013 10000 100 2201211 2794000 5325439 736136
0a0b000b 0a000014 10001 100 2092818 2876999 5246085 700344
0a07000e 0a04000d 10000 100 2113511 960000 7163909 707181
0a09001a 0a000009 10000 100 1857230 3010999 5113454 622544
0a050012 0a070004 10000 100 2352694 1971999 6154432 786161
0a03000b 0a090020 10000 100 2378480 4555000 3572273 794674
0a050012 0a060014 10000 100 2128242 3529000 4599540 712033
0a00000e 0a020007 10000 100 2511884 2753999 5378541 838730
0a0a001b 0a05001c 10000 100 2385180 2586999 5545563 796895
0a08000c 0a0a001f 10000 100 2222217 4712000 3420983 743072
0a0a001e 0a090017 10000 100 1981680 3461999 4673701 663643
0a0a0007 0a000004 10000 100 948090 3948000 4187900 322311
0a050010 0a060007 10000 100 1927642 4050999 4085649 645798
0a0a001f 0a080013 10000 100 1609318 4086000 4054557 540663
0a07000d 0a080011 10000 100 920555 4323999 3820251 313208
0a00000a 0a050010 10000 100 2043372 4984999 3163143 684014
0a0a0018 0a080011 10000 100 793248 4014000 4135080 271164
0a040012 0a010017 10000 100 2439905 2419999 5729847 814960
0a090017 0a030020 10000 100 2133767 1907999 6243077 713862
0a060018 0a0a0018 10000 100 2154240 4669000 3482432 720629
0a0a0009 0a000019 10000 100 2368573 3634000 4519030 791412
0a020004 0a0b0014 10000 100 241470 4676999 3478098 88943
0a03000b 0a0b000e 10000 100 2578429 4322999 3836680 860701
0a090018 0a020005 10000 100 2109475 4300000 3860604 705843
0a0a0009 0a09000e 10000 100 1904187 4969999 3192176 638047
0a0b0013 0a0b0007 10000 100 2596859 3924999 4241606 862558
0a020007 0a060009 10000 100 2495893 1456000 6712290 833444
0a030017 0a08001e 10000 100 1994702 1056000 7123891 667933
0a040011 0a0b0020 10000 100 2535871 1694999 6488925 846652
0a0b001c 0a040008 10000 100 2049805 1327999 6857575 686134
0a060010 0a02000c 10000 100 2275606 4645999 3548635 760710
0a050010 0a060010 10000 100 2126512 3778000 4428041 711464
0a010008 0a090004 10000 100 512103 1000000 7206423 178326
0a04000c 0a010002 10000 100 2153619 3380000 4828479 720415
0a04000b 0a060009 10000 100 642577 4949000 3260820 221414
0a090018 0a0a0015 10001 100 1971277 4799000 3410951 660207
0a000009 0a06001b 10000 100 1878135 1714000 6496157 629449
0a070011 0a06000a 10000 100 2334832 3658999 4553070 780261
0a00000f 0a07000c 10000 100 2431538 2812999 5400551 812206
0a050005 0a05001b 10000 100 1937206 1309999 6903922 644711
0a040011 0a060014 10000 100 2539190 977999 7236611 847745
0a09000a 0a010011 10000 100 1562749 4444000 3772458 525284
0a00000a 0a090005 10000 100 1576534 2020999 6195661 529849
0a00000e 0a040007 10001 100 1583039 4789999 3429051 531992
0a090018 0a080020 10000 100 2454008 3870000 4349507 819626
0a02001f 0a090005 10000 100 75760 4827999 3393856 34226
0a08001a 0a060006 10000 100 2345372 948999 7273718 783742
0a060016 0a050012 10000 100 59228 4884000 3342297 28767
0a08001a 0a0a0019 10000 100 2128774 1219000 7014432 712218
0a010008 0a02001d 10000 100 2479075 3354000 4880556 827894
0a070005 0a010011 10000 100 2389699 4614000 3620852 798387
0a040015 0a0a0012 10000 100 986213 3020999 5214365 334895
0a090010 0a010005 10000 100 2500427 3524999 4711557 834941
0a010008 0a030006 10000 100 2305747 3696000 4541718 770662
0a090012 0a0b0007 10000 100 2159181 4275000 3964591 722256
0a0a001b 0a050015 10000 100 272021 3612000 4634203 99042
0a040007 0a090010 10000 100 2109848 2570999 5681626 705962
0a04000c 0a02000a 10000 100 2036084 3936000 4319484 681605
0a020001 0a000012 10000 100 2142409 2647000 5610963 716720
0a020001 0a04001d 10000 100 2278349 2301999 5957769 761603
0a09001e 0a050001 10000 100 750062 4756999 3503917 256915
0a030017 0a000005 10000 100 1558438 1995999 6265567 523859
0a010015 0a030019 10000 100 2484535 4377999 3887993 829702
0a070018 0a070013 10001 100 2289646 4912999 3353532 761101
0a090010 0a080007 10000 100 2499242 3759999 4508882 834562
0a08001a 0a010002 10000 100 1803680 1722000 6549040 604855
0a06000a 0a060004 10000 100 2034452 3984999 4289323 676828
0a02000e 0a090005 10000 100 2477690 3887999 4386398 827435
0a010015 0a00000d 10000 100 2342845 4649999 3627767 782902
0a02001f 0a0b0011 10000 100 2067293 3978999 4298808 691915
0a040012 0a000004 10000 100 73958 4910000 3369883 33634
0a00000b 0a030004 10000 100 1832471 2103999 6176471 614360
0a06000a 0a030011 10000 100 2223562 3772000 4508925 743518
0a030012 0a05001a 10000 100 1868007 4366000 3915045 626100
0a00000f 0a020016 10000 100 1820337 4078000 4206818 610354
0a06000a 0a09001a 10000 100 2063486 4073000 4213215 690650
0a05001d 0a060003 10000 100 2268084 2498999 5788502 758226
0a010015 0a0b0002 10000 100 2345690 4708000 3580581 783843
0a02000f 0a040020 10000 100 2039059 4532999 3762910 682588
0a090005 0a080020 10000 100 1862317 4095999 4202546 624218
0a0a001f 0a01000d 10000 100 2057730 3827000 4476469 688747
0a010001 0a010019 10000 100 1661291 4874999 3437919 553592
0a040020 0a0a0011 10000 100 2312779 4786999 3529533 772974
0a04001e 0a090017 10000 100 2526514 2465000 5851609 843566
0a040020 0a00000e 10000 100 1858183 4407999 3912238 622849
0a080014 0a02000c 10000 100 1801242 2318000 6002827 604044
0a0a001f 0a0a0016 10000 100 2044541 3876000 4447015 680164
0a05001d 0a060001 10000 100 1758105 4695999 3627970 589810
0a040020 0a040013 10000 100 2136884 4164000 4161367 710650
0a0a0018 0a050014 10000 100 2300152 1848999 6482932 768810
0a08000c 0a020004 10000 100 2461789 992999 7345533 822193
0a010019 0a070012 10000 100 1010033 4915000 3429728 342763
0a030017 0a020013 10001 100 2206895 895999 7448765 738016
0a0b001a 0a050018 10000 100 1625759 3906999 4438386 546093
0a010015 0a0b0011 10000 100 2378208 4367000 3986454 794587
0a020016 0a040001 10000 100 2426391 4551000 3804282 810497
0a010007 0a060016 10000 100 2384407 4121999 4243397 796632
0a00000e 0a020005 10000 100 1955798 4369999 3999630 655084
0a010017 0a050015 10000 100 83937 4531000 3842330 36920
0a050010 0a0a0001 10000 100 2322150 4663999 3709782 776080
0a0b0007 0a07001b 10000 100 2441760 3138999 5242619 815569
0a0a001f 0a03001b 10001 100 2012347 4089999 4297633 673764
0a030012 0a0a001d 10000 100 2454477 3631999 4756730 819776
0a070004 0a000011 10000 100 2565909 3543000 4846363 856571
0a010008 0a01000a 10001 100 2556402 3676000 4718093 849197
0a02000c 0a030004 10000 100 1662086 4909000 3485321 558101
0a0a001b 0a05000f 10000 100 2588167 2664000 5731952 863924
0a03000b 0a000009 10000 100 2065203 2890999 5505346 691215
0a040011 0a060015 10000 100 1923147 3480000 4916505 644313
0a0a0003 0a060019 10001 100 2483628 4695999 3705516 829397
0a02001b 0a040017 10000 100 2374811 3837000 4566360 793469
0a010008 0a040018 10001 100 2272122 4441999 3962924 759549
0a00001d 0a07000e 10000 100 1740810 4508999 3900456 584092
0a00001b 0a02001f 10000 100 2585008 969000 7448165 862883
0a0b0007 0a080010 10000 100 1910033 3648999 4774631 639979
0a000009 0a07000d 10000 100 1891326 1428999 6997944 633793
0a0b000b 0a070017 10001 100 2047018 3641000 4786190 685212
0a000009 0a060008 10000 100 2335950 2814000 5620763 780634
0a000009 0a08001b 10000 100 2224943 3053000 5382486 743976
0a06000c 0a090017 10000 100 1767226 4569000 3874910 592821
0a030015 0a090004 10000 100 512767 1000000 7450533 178538
0a090017 0a000017 10000 100 2044041 2089999 6362626 684228
0a08000c 0a020002 10000 100 1911366 3678999 4774990 640421
0a04001b 0a0a0018 10000 100 2171431 3651999 4815694 726299
0a0a0015 0a08000e 10000 100 1766333 4022999 4448083 592520
0a0a0018 0a050011 10000 100 1997123 3108999 5363426 668738
0a060009 0a000017 10000 100 1986868 3625000 4849141 665349
0a0a0018 0a040011 10000 100 854781 3150000 5326016 291485
0a0a0018 0a090017 10000 100 750555 3572000 4904282 257072
0a010003 0a050015 10000 100 1648651 2393999 6085941 553664
0a0a0018 0a000011 10000 100 2583908 3556000 4933259 862515
0a060008 0a020004 10000 100 1908929 4592999 3897074 639610
0a000010 0a000009 10000 100 1798817 2328000 6164098 599013
0a000009 0a080018 10000 100 2214595 4610000 3882777 740557
0a000009 0a00000b 10000 100 2280370 4846999 3647811 758040
0a040011 0a05000e 10000 100 1671434 2281000 6225878 561185
0a07000e 0a030015 10000 100 36535 4743999 3774928 21275
0a08001a 0a010007 10000 100 2319733 1141000 7380487 775276
0a05001f 0a040011 10000 100 2168012 4173999 4350582 725174
0a090007 0a050015 10000 100 25912 4832000 3695793 17768
0a0a001b 0a05000a 10000 100 2349429 3595999 4943008 785086
0a00000f 0a06001a 10000 100 2498053 3742000 4806473 834166
0a06001a 0a050015 10000 100 57478 4852999 3696074 28192
0a01001a 0a020002 10000 100 2544216 4760000 3798845 849415
0a000010 0a070012 10000 100 2130371 2139999 6430637 712745
0a040012 0a010019 10000 100 1766674 1915000 6656915 592629
0a07000d 0a07000c 10000 100 2339079 2190999 6380957 777426
0a09000f 0a090004 10000 100 512011 1000000 7573518 174056
0a00001b 0a02000b 10000 100 1752587 2991000 5582833 587983
0a020019 0a090004 10000 100 512081 1000000 7578697 178319
0a04000c 0a050020 10000 100 2464968 3797000 4781829 823241
0a040012 0a040011 10000 100 2221120 1971999 6613336 738466
0a040011 0a030003 10000 100 2533748 3482999 5104649 845957
0a060018 0a05000d 10000 100 2579439 3926999 4666989 861039
0a0a001f 0a070008 10000 100 2355990 4819999 3779159 787247
0a050005 0a010006 10000 100 1615215 2393000 6206998 542611
0a090017 0a040003 10000 100 1820686 3619999 4986885 610466
0a0b0007 0a0b0003 10000 100 2071000 3930999 4677076 688892
0a040012 0a020013 10000 100 2172873 3860000 4750102 726776
0a040015 0a090020 10000 100 133895 4568000 4043100 53428
0a0a0015 0a040017 10000 100 1809207 2827999 5788263 606685
0a090010 0a02001f 10000 100 2284546 3603999 5013280 763663
0a000017 0a010019 10000 100 2479633 1526999 7092493 828088
0a0a0015 0a0a000b 10000 100 2325149 3017999 5603715 772831
0a09000c 0a020014 10000 100 2575043 3863999 4760264 859586
0a00000e 0a020014 10000 100 2510107 4245999 4383423 838146
0a08001f 0a090004 10000 100 512907 1000000 7630394 178583
0a05001d 0a01000f 10000 100 2449453 3921000 4717123 818107
0a01001e 0a05000d 10000 100 2509754 4176000 4463277 838033
0a070001 0a090004 10000 100 512599 1000000 7640223 178484
0a040019 0a01000f 10000 100 2595933 2468000 6202147 866486
0a07000b 0a020003 10001 100 2187935 3732000 4938275 731749
0a0a0018 0a020002 10000 100 1976404 3589999 5081908 661893
0a04000c 0a04000f 10000 100 2429182 4088999 4584051 807181
0a09000b 0a050002 10000 100 2174948 1850999 6823175 727455
0a0a0015 0a0b0011 10000 100 2139704 3572000 5104749 715824
0a0b0012 0a02000c 10000 100 2330210 2544999 6132274 778736
0a080007 0a07000d 10001 100 2170429 4305999 4372001 725963
0a0b000b 0a070013 10001 100 2480384 3903999 4776100 828328
0a05001d 0a01000a 10000 100 2415301 4511000 4169902 806841
0a000004 0a01000d 10000 100 853050 3125999 5557158 290915
0a07000b 0a07001e 10000 100 2413172 3446999 5240366 801889
0a020004 0a0a0014 10000 100 2412426 2739000 5948482 805890
0a07000b 0a060011 10000 100 2358691 3629999 5088306 788142
0a020002 0a010019 10000 100 2589165 761999 7968441 864259
0a000009 0a0b0007 10000 100 2223651 2583999 6146818 743547
0a060004 0a010011 10000 100 2031634 4612999 4122516 680135
0a0a000d 0a050013 10000 100 2016950 2507999 6228891 675283
0a020002 0a040007 10000 100 2137525 3258000 5483928 715111
0a050013 0a04000c 10000 100 2495448 1072999 7669725 833302
0a020004 0a05000f 10000 100 2011533 2864999 5883340 673503
0a070007 0a000004 10000 100 2484627 4640000 4109900 829732
0a0a0015 0a0a0005 10000 100 2079065 4543000 4210102 691565
0a050001 0a04000f 10000 100 2405951 4529000 4228994 803741
0a040012 0a060016 10000 100 2518563 2634000 6153063 840944
0a040007 0a090003 10000 100 1871373 4125000 4664746 627208
0a0a001b 0a060016 10000 100 1894529 4519999 4274030 634864
0a0b001c 0a020006 10000 100 2144686 1837000 6961287 717464
0a090005 0a040007 10000 100 101235 4722999 4078797 42639
0a000016 0a05000d 10000 100 2267476 4738000 4065262 758016
0a000012 0a01000c 10000 100 2508601 4525999 4281989 837649
0a0b000f 0a050015 10000 100 1975295 2193000 6616529 661523
0a050001 0a080018 10001 100 2200385 4728999 4091515 735856
0a09001a 0a060019 10000 100 1888986 3416000 5405940 633029
0a040012 0a03001c 10000 100 2301015 4447999 4382611 769102
0a050002 0a090004 10000 100 512259 1000000 7831359 178376
0a0a001f 0a010011 10000 100 1637594 3763999 5067911 550003
0a040019 0a070018 10000 100 1564285 4448999 4386384 525791
0a090013 0a060019 10000 100 2336665 2125000 6714653 780863
0a020004 0a0a000d 10000 100 1942458 3631000 5214133 650677
0a06000a 0a060020 10000 100 1806815 4874999 3970917 601649
0a000012 0a080013 10000 100 2071954 4938999 3911155 693452
0a02000e 0a090004 10000 100 512619 1000000 7854597 178491
0a050013 0a08001e 10000 100 1893294 2479999 6378146 634453
0a0b0007 0a050012 10000 100 757749 3677000 5185052 259451
0a050015 0a040016 10000 100 988369 4214999 4648786 335600
0a020004 0a07001c 10000 100 1799553 3995000 4880393 603488
0a05001c 0a090004 10000 100 512706 1000000 7877387 178519
0a0a0015 0a02000c 10000 100 2219371 1539000 7344082 742131
0a09000c 0a010019 10000 100 2495724 699999 8184298 833390
0a08001a 0a030009 10000 100 1877558 2654999 6233792 629249
0a0b0003 0a090004 10000 100 512210 1000000 7892060 178360
0a0a001b 0a010019 10000 100 1863456 2492999 6399379 624598
0a020004 0a07001d 10000 100 2033922 3896999 4999088 680883
0a07000b 0a020004 10000 100 2365849 2948999 5947562 790509
0a020004 0a090010 10000 100 1918277 4648000 4253654 642694
0a020004 0a05000b 10000 100 2307459 4190000 4714295 771225
0a0b0012 0a02000c 10001 100 2117088 3811999 5097292 708356
0a05001a 0a050013 10000 100 2516721 1809999 7100582 836084
0a020001 0a030001 10000 100 2298381 4987000 3925722 768228
0a000010 0a02000c 10000 100 2484849 1433999 7482222 829803
0a000012 0a090012 10000 100 2281055 4792000 4131559 762500
0a08001a 0a070019 10000 100 2082522 2056000 6867861 696942
0a02000c 0a07000d 10000 100 1693865 4941000 3988142 568593
0a09000b 0a0b0014 10000 100 2214901 1994000 6936628 740655
0a0a000c 0a07000e 10000 100 650878 4764000 4168552 224147
0a030002 0a050013 10000 100 2377335 2602999 6330591 794292
0a040019 0a0b000d 10000 100 1892079 3723999 5211731 634049
0a040007 0a06000d 10000 100 2172172 3771000 5169534 726551
0a020015 0a090004 10000 100 512457 1000000 7941138 178439
0a07000b 0a060020 10000 100 2065555 3429000 5517956 691343
0a050013 0a04001f 10000 100 1574714 3338999 5608133 529236
0a040012 0a0b001d 10000 100 2563887 4723999 4224119 855909
0a090017 0a090004 10000 100 512176 1000000 7948804 174109
0a020001 0a010004 10000 100 2535693 4577000 4375615 846595
0a050005 0a010007 10000 100 2187486 1376999 7582037 731605
0a07000e 0a050003 10000 100 2164769 1379000 7580115 724105
0a020002 0a090018 10000 100 2168356 3386000 5574801 725284
0a04000e 0a030017 10000 100 2513995 3325999 5635433 839421
0a0b001c 0a020005 10000 100 2042153 2448000 6519488 683609
0a07001d 0a090004 10000 100 512619 1000000 7975592 178491
0a05000d 0a070015 10000 100 100687 4931999 4044993 42464
0a04000e 0a04001d 10000 100 2174556 4729999 4253540 723089
0a000010 0a010010 10000 100 2003453 2634000 6356501 670825
0a0a0004 0a090004 10000 100 512057 1000000 7998212 178311
0a090008 0a040015 10000 100 2575334 4468999 4535215 859680
0a080002 0a090004 10000 100 512627 1000000 8008030 178493
0a08001a 0a030017 10000 100 1873004 3109999 5900589 627745
0a000012 0a07001c 10000 100 2437481 4984999 4030461 814153
0a0b001a 0a0b0018 10000 100 1904081 4061000 4960283 633773
0a05000d 0a0b001e 10000 100 1670236 2650000 6379150 560786
0a020003 0a05000d 10000 100 1904410 4118000 4914361 638118
0a07000e 0a010008 10000 100 2421506 1000000 8041901 808888
0a07000e 0a080008 10000 100 767121 4059000 4986613 262543
0a040007 0a040002 10000 100 2194119 4160999 4896870 729549
0a04000c 0a0b0007 10000 100 2320353 3608999 5449128 775474
0a07000b 0a0b0007 10000 100 1838974 3742999 5330274 616503
0a040007 0a00001d 10000 100 2192543 4279999 4796272 733270
0a050015 0a0b001e 10000 100 2202467 3893999 5190252 736553
0a0b000b 0a060020 10000 100 2528572 3082000 6007874 844240
0a020014 0a090004 10000 100 512908 1000000 8093291 178583
0a09000b 0a060009 10000 100 381862 4343999 4754983 135312
0a07000d 0a090009 10000 100 2359302 3252999 5850919 788337
0a07000d 0a07001e 10000 100 1654049 4577000 4533600 551197
0a060012 0a07000d 10000 100 2056524 4372000 4755138 688361
0a000010 0a01001a 10000 100 1638792 3738000 5419520 550401
0a030017 0a050006 10000 100 1557390 3791000 5368497 523523
0a050005 0a03001b 10000 100 2360317 1293000 7873877 788678
0a00000b 0a010006 10000 100 2324674 1863000 7304503 776903
0a050005 0a070018 10000 100 1632058 3333000 5837193 548185
0a02000d 0a050015 10000 100 1961914 3589999 5582865 657103
0a00000e 0a090005 10000 100 1005209 3410999 5763773 341173
0a00000f 0a010011 10000 100 1990342 4333000 4844369 666492
0a0b001c 0a060012 10000 100 1725742 4236000 4950284 579116
0a020002 0a07000a 10000 100 1891463 4124000 5087054 633837
0a00001b 0a05000e 10000 100 2382561 2188999 7032387 796026
0a050015 0a090011 10001 100 1898783 4074999 5147066 636256
0a000010 0a020009 10000 100 2582247 1965000 7266185 861968
0a030017 0a000020 10000 100 1594693 3899000 5333739 535844
0a050005 0a02001f 10000 100 1758076 3024000 6212882 589801
0a0b001a 0a040001 10000 100 2339314 3523000 5714018 781742
0a050015 0a06000f 10000 100 1975264 4681000 4557756 661513
0a05000d 0a07001a 10000 100 2562454 1600000 7649023 855435
0a050013 0a04000a 10000 100 2486322 3608000 5642154 830289
0a05001d 0a07000e 10000 100 825261 4049999 5211771 281746
0a05000d 0a09001c 10000 100 2271536 2067999 7195278 759361
0a00000b 0a06000a 10000 100 2379062 1858000 7412459 794876
0a07000e 0a00001f 10000 100 1908216 2580999 6695152 639382
0a00000b 0a07000d 10000 100 1797615 1495999 7784775 602853
0a040019 0a070016 10001 100 2274390 3480000 5807725 760305
0a00000f 0a050013 10000 100 2052989 2595000 6693684 687184
0a08000c 0a07000e 10000 100 2324652 1894999 7394985 776896
0a07000d 0a010001 10000 100 2531974 4821999 4468362 845359
0a000010 0a060020 10000 100 1617276 4203000 5098164 543301
0a020002 0a0b0009 10000 100 1608249 4883000 4435972 540320
0a070016 0a090005 10000 100 1963428 4682999 4636403 657603
0a08001a 0a01000b 10000 100 1894199 4998999 4326377 634743
0a050015 0a010019 10000 100 2260753 1891000 7450897 755803
0a050005 0a0a0016 10000 100 1801062 3347000 6009511 603987
0a05000d 0a040018 10000 100 1706833 3876000 5484220 572866
0a000003 0a060009 10000 100 1837460 4007000 5366399 616003
0a0b001c 0a030013 10000 100 1963615 4066000 5321460 657678
0a09000b 0a020018 10000 100 2066061 2877999 6547153 691505
0a0a001b 0a040015 10000 100 808763 3508999 5922197 276298
0a00000b 0a00000e 10001 100 2013600 3258000 6178104 669940
0a07000e 0a01001a 10000 100 2554456 2190999 7245207 852784
0a05000d 0a070010 10000 100 1745144 4272999 5164644 585525
0a090017 0a01000f 10000 100 2168986 4125000 5314595 725486
0a05000d 0a08000d 10000 100 1707071 4558999 4886535 572957
0a090017 0a05000d 10000 100 2378755 2931000 6515977 794762
0a05000d 0a04001e 10000 100 2052018 4789999 4667828 686873
0a08001a 0a09000e 10000 100 2364020 4729999 4729307 789909
0a05000d 0a020008 10000 100 2362406 4591999 4869628 789361
0a000010 0a010011 10000 100 1930501 3667000 5806802 646744
0a080013 0a050001 10000 100 2418310 4474999 5011490 807834
0a050013 0a000009 10000 100 585452 4555000 4932973 202550
0a0b001c 0a070018 10000 100 2417166 3083999 6417252 807453
0a050011 0a040015 10000 100 2044257 3886000 5619117 684297
0a0b001a 0a020001 10000 100 2150746 4530000 4982366 719464
0a050019 0a07000d 10000 100 2158433 3435999 6086086 722001
0a0b001d 0a040015 10000 100 2016380 4197000 5326833 675100
0a090017 0a040009 10000 100 2535851 3465999 6063668 846646
0a030017 0a050002 10000 100 2188347 2697000 6838193 731881
0a040019 0a030018 10000 100 2203606 4301000 5246685 736933
0a050005 0a01001a 10000 100 2541170 1781000 7766860 848409
0a030017 0a090009 10000 100 2118354 3040000 6520144 708776
0a0b001a 0a070012 10000 100 2158013 4721999 4838608 721867
0a020006 0a060009 10000 100 2237571 3937000 5624772 748139
0a090017 0a090018 10000 100 2060169 4879999 4685289 685318
0a09000b 0a030018 10000 100 2002558 3416000 6171799 670539
0a07001b 0a000004 10000 100 2354421 3017000 6573844 786729
0a0b001a 0a030010 10000 100 2273953 4681000 4914001 760150
0a070004 0a050015 10000 100 1630889 3700000 5901997 547796
0a09000b 0a0b000f 10000 100 2032162 3367000 6237556 680304
0a090017 0a05001d 10000 100 2132423 4943000 4664776 713417
0a050005 0a080014 10000 100 1982178 4782999 4825483 663802
0a0a0013 0a090004 10000 100 512134 1000000 8633069 178336
0a030017 0a020009 10000 100 2389517 2975000 6668324 798329
0a000010 0a00001b 10000 100 2115722 4019000 5634623 703664
0a020002 0a05001d 10000 100 1884729 4840999 4814825 631620
0a030007 0a050013 10000 100 2212835 4035000 5631908 739978
0a050013 0a060020 10000 100 1885053 3720000 5954322 631724
0a040019 0a04001f 10000 100 2449181 4584999 5110568 813780
0a020002 0a080003 10000 100 1967655 4801999 4898468 659001
0a07000e 0a050015 10000 100 42425 3782000 5924620 23221
0a060009 0a020002 10000 100 2517393 4958999 4759073 840555
0a020002 0a09001c 10001 100 2004298 4851000 4868057 671111
0a090013 0a090005 10000 100 2453110 1985999 7740620 815084
0a07001f 0a090004 10000 100 512554 1000000 8739749 178470
0a07000e 0a0b001d 10000 100 2378007 4096999 5647104 794523
0a070003 0a000004 10000 100 2557384 3474000 6276089 853751
0a00001b 0a060019 10000 100 2580593 2370000 7428267 861424
0a040015 0a070020 10000 100 2478107 2974000 6824418 827584
0a00000b 0a0b001c 10000 100 1856492 4909000 4896550 622293
0a0a000c 0a050001 10000 100 2371750 3661000 6146344 792459
0a04000c 0a07000d 10000 100 2340883 4321000 5489967 782259
0a070004 0a050013 10000 100 1946014 4571000 5244662 651861
0a09000b 0a050015 10000 100 1921477 2926000 6890819 643748
0a000004 0a06001c 10000 100 2227110 2064999 7760840 744684
0a00000b 0a07000f 10000 100 2580839 2448999 7410219 861503
0a000010 0a02001a 10000 100 2528463 4990999 4877738 844205
0a090005 0a0a0010 10000 100 2146257 3937999 5959159 717982
0a000004 0a0b0010 10000 100 2399776 1909000 7992031 801704
0a040015 0a0b0007 10000 100 2151002 1915000 7992676 719562
0a09000b 0a0a0016 10000 100 2458304 3635000 6291807 821032
0a00000b 0a00001d 10000 100 2555391 2991999 6953478 848858
0a09000b 0a040017 10000 100 2367941 4279999 5669492 791194
0a00000b 0a04001b 10000 100 2495945 3374999 6589264 833461
0a01001b 0a090004 10000 100 512994 1000000 9013096 178611
0a0a0018 0a090005 10000 100 2105197 3733000 6282787 704428
0a020006 0a090004 10000 100 512542 1000000 9032444 178466
0a000004 0a010008 10000 100 1855749 3403000 6653913 622055
0a0b0007 0a000004 10000 100 2348674 4420000 5639097 784829
0a00001b 0a07000f 10000 100 2140905 3958999 6110086 716223
0a000004 0a050002 10000 100 2231522 4053000 6022172 746142
0a020001 0a07000e 10000 100 1640846 3549000 6530634 551074
0a06000a 0a050001 10000 100 1654278 4388000 5693998 555511
0a000004 0a070008 10000 100 2500574 1111000 8971962 835004
0a000004 0a0b000c 10000 100 2365708 3895000 6190223 790464
0a060013 0a040015 10000 100 1918608 3628000 6482036 642815
0a020016 0a090005 10000 100 2292196 3739999 6414466 766188
0a020017 0a090004 10000 100 512467 1000000 9175667 178442
0a00001b 0a020012 10000 100 2374936 3565000 6639883 793509
0a0a000e 0a090004 10000 100 512291 1000000 9222273 178386
0a08000c 0a090004 10000 100 512602 1000000 9233758 178485
0a04000e 0a07000e 10000 100 2396711 2050999 8240838 800692
0a05001d 0a090004 10000 100 512382 1000000 9348128 178415
0a030012 0a060009 10000 100 2402960 1897000 8456230 802753
0a0b0017 0a090004 10000 100 512695 1000000 9377405 178515
0a030004 0a060009 10000 100 2538538 2374999 8002673 847536
0a00001b 0a0a001a 10000 100 2465463 3936000 6480329 823400
0a04000e 0a050001 10000 100 2235714 3442000 6998621 747530
0a040003 0a090004 10000 100 929472 1520000 8921697 316154
0a05000d 0a07000e 10000 100 2149278 3432000 7014202 718979
0a070006 0a090004 10000 100 512763 1000000 9446799 178537
0a07000e 0a000004 10000 100 624457 4555000 5916042 215431
0a0b001a 0a07000e 10000 100 2536116 3044999 7428246 846730
0a00001b 0a0b0018 10000 100 2330293 4884999 5603294 778763
0a00001b 0a090008 10000 100 2597196 4436999 6100380 866906
0a09001a 0a040015 10000 100 1752556 4189000 6396822 587973
0a040015 0a050001 10000 100 1894175 1379000 9223870 634735
0a020002 0a050001 10000 100 2081292 4301000 6302249 696533
0a0a0009 0a090004 10000 100 512650 1000000 9664584 178501
0a09000c 0a060009 10000 100 2551315 3762000 6911128 851748
0a090004 0a03000a 10000 100 778246 1216999 9462709 266210
0a0b001c 0a090004 10000 100 74892 2050999 8761088 33933
0a00000a 0a090004 10000 100 512153 1000000 9879185 178342
0a070004 0a040015 10000 100 2199354 3559000 7371774 735526
0a000016 0a090004 10000 100 191400 2356000 8645365 72414
0a090017 0a040015 10000 100 2041849 3340000 7773556 683512
0a050020 0a090004 10000 100 104731 2462999 8716298 43789
0a0a0012 0a090004 10000 100 42465 2524000 8700712 23234
0a0b001c 0a040015 10000 100 2431644 2821999 8493578 812240
0a090004 0a020011 10000 100 2188435 769999 10589924 731909
0a090004 0a060012 10000 100 2237279 846999 10717958 748046
0a080006 0a090004 10000 100 1769350 2465000 9476763 593516
0a09000c 0a090004 10000 100 75713 2938000 9113881 29971
0a030013 0a090004 10000 100 94402 3305000 8926987 40376
0a020003 0a090004 10000 100 12686 3413999 8889192 13397
0a06001d 0a090004 10000 100 2050700 1466999 11118362 686436
0a01001a 0a090004 10000 100 607806 2962999 9686991 209934
0a090004 0a0b001b 10000 100 1830031 2795999 10255927 613564
0a090004 0a060008 10000 100 77981 4322000 9035571 34952
0a010012 0a090004 10000 100 605143 3883999 9562097 209051
0a090004 0a050006 10000 100 61036 4333000 9114190 29361
0a090004 0a040019 10000 100 2495940 2380000 11103417 833459
0a090004 0a0b0016 10000 100 46172 4741999 9192590 24451
0a060014 0a090004 10000 100 2508767 3370999 10587448 837702
0a070013 0a090004 10001 100 64206 4964999 9104873 30406
0a090004 0a090002 10000 100 2119186 3916000 10207010 704803
0a090004 0a010011 10000 100 86330 4764000 9359029 37716
0a0a000d 0a090004 10000 100 806592 2762999 11386715 275573
0a00001b 0a090004 10000 100 1886296 930000 13388284 632137
0a090004 0a020019 10000 100 75811 4703999 9684963 34242
0a080001 0a090004 10000 100 2446104 4178000 10666321 817005
0a040019 0a090004 10000 100 2219306 4643999 10771825 742110
