0a0b000e 0a030007 10000 100 19637 2999 15281 15698
0a000017 0a000010 10000 100 10274 10999 7926 8355
0a00000a 0a000017 10000 100 3457 14999 5721 6112
0a010012 0a06001b 10000 100 50475 2999 25564 25874
0a090006 0a07001e 10000 100 74626 1999 33727 33848
0a040012 0a010003 10000 100 81454 3999 35677 36110
0a00001a 0a03001a 10000 100 11896 25999 15464 13129
0a09001e 0a00001f 10000 100 56117 13999 27729 27741
0a0b0009 0a08001f 10000 100 93629 1999 39833 40128
0a03000a 0a08001a 10000 100 99584 1999 43537 42096
0a000007 0a06001f 10000 100 12977 29999 15689 13490
0a06001d 0a0b001f 10000 100 32424 19999 27962 19913
0a000004 0a03000c 10000 100 93173 5999 42922 39983
0a0b0012 0a060013 10000 100 26069 24999 24309 17818
0a010010 0a07000c 10000 100 6252 36999 12443 11277
0a030014 0a04000e 10000 100 17374 32999 17312 14944
0a020010 0a05000c 10000 100 24434 25999 24939 17280
0a010020 0a05001f 10000 100 76657 19999 34355 34528
0a0a0012 0a050020 10000 100 32776 32999 23992 20026
0a050001 0a090006 10000 100 39168 33999 25319 22148
0a07000d 0a08000d 10000 100 37857 33999 27229 21713
0a020016 0a060011 10000 100 47755 26999 36746 24973
0a09001a 0a020002 10000 100 50051 38000 27038 25738
0a030008 0a030001 10000 100 32302 51999 15199 15634
0a06001a 0a0a001b 10000 100 66982 16999 50815 31325
0a06001d 0a040020 10000 100 11910 46999 21942 13134
0a03000c 0a0a001b 10000 100 44314 29999 39420 23841
0a0b001b 0a04000d 10000 100 94385 19999 50134 40370
0a0a000e 0a08001c 10000 100 66411 26999 45092 31142
0a030010 0a080004 10000 100 89572 14999 57279 38784
0a0a000b 0a070008 10000 100 43343 40999 31600 23515
0a01000a 0a020005 10000 100 65815 43999 30743 30936
0a00000e 0a040003 10000 100 16512 61999 16650 14668
0a02001b 0a0a0013 10000 100 11197 62999 17376 12905
0a050008 0a080019 10000 100 4285 67000 14335 10617
0a0a0020 0a08000a 10000 100 76171 39999 46130 34358
0a010017 0a040014 10000 100 90489 46999 39260 39093
0a07001d 0a0a0005 10000 100 6507 71999 15696 11359
0a05000a 0a060009 10000 100 6973 72999 15895 11508
0a02000c 0a01001b 10000 100 16395 71999 17122 14615
0a0b001e 0a0a0001 10000 100 46199 38000 51665 24459
0a010015 0a010014 10000 100 51173 68999 21433 21872
0a030010 0a050001 10000 100 55839 29999 61518 27652
0a050009 0a03001b 10000 100 4274 67000 24791 10613
0a060019 0a03001a 10000 100 22045 54999 36936 16484
0a040007 0a060020 10000 100 17197 67000 25342 14887
0a060011 0a0a000a 10000 100 70699 27999 65347 32560
0a08000e 0a02001a 10000 100 27906 63999 31993 18421
0a070014 0a070009 10000 100 7888 90999 7185 7576
0a00001a 0a08001d 10000 100 55074 68999 30115 27392
0a03001f 0a0a0018 10000 100 23580 82999 16864 16991
0a03001f 0a010007 10000 100 94501 32999 67887 40423
0a050018 0a040011 10000 100 80404 54999 51543 35758
0a030018 0a030010 10000 100 50874 76000 31375 21761
0a02001e 0a070008 10000 100 21814 85000 24987 16410
0a02001e 0a05001d 10000 100 31574 71999 38703 19641
0a010005 0a080002 10000 100 49090 82999 27931 25415
0a0b0013 0a08000b 10000 100 36053 61999 49106 21120
0a01001d 0a010018 10000 100 19387 101999 11027 11363
0a080004 0a0a000a 10000 100 37717 76999 37075 21668
0a05001a 0a0b001b 10000 100 73117 76000 40135 33350
0a06000b 0a010007 10000 100 64840 36999 81707 30624
0a0b001a 0a05001c 10000 100 71117 33999 84988 32694
0a0b0006 0a070014 10000 100 27153 67000 53174 18180
0a0a0018 0a06000e 10000 100 92878 38999 84962 39873
0a09001e 0a0a0008 10000 100 50379 97999 26590 25843
0a0a001f 0a080011 10000 100 49529 77999 46703 25571
0a02000f 0a09001f 10000 100 88995 67000 60741 38600
0a030017 0a0b0013 10000 100 66916 38000 91221 31304
0a040016 0a070005 10000 100 94 112999 17101 9245
0a060005 0a010007 10000 100 97042 68999 61332 41251
0a0b000f 0a0b0009 10000 100 45596 110999 19589 20026
0a09001d 0a060018 10000 100 92276 45999 85085 39680
0a0a000d 0a050005 10000 100 6662 109999 24367 11408
0a0b000c 0a0b000b 10000 100 82913 77999 57241 32352
0a0b000c 0a000007 10000 100 64452 60999 74629 30485
0a03001d 0a010019 10000 100 18772 98999 38382 15406
0a090007 0a080005 10000 100 7143 114000 23838 11562
0a060017 0a00000b 10000 100 22445 117999 20022 16612
0a080004 0a010002 10000 100 103206 72999 65185 43285
0a050015 0a050007 10000 100 78343 96999 41343 30843
0a0b0007 0a0a0010 10000 100 62056 58000 80681 29703
0a090017 0a030018 10000 100 6479 103999 35115 11350
0a050013 0a000016 10000 100 6593 112999 26185 11386
0a090019 0a030009 10000 100 35755 87999 53232 21010
0a01001c 0a040003 10000 100 68779 101999 39934 31915
0a0a001f 0a070017 10000 100 33491 90999 50976 20270
0a02000b 0a02001e 10000 100 69891 114999 28175 28047
0a090009 0a080010 10000 100 3807 117999 25371 10464
0a05000d 0a0a001c 10000 100 6897 132999 13150 11483
0a03000c 0a070008 10000 100 53730 105999 41212 26946
0a040002 0a02001b 10000 100 36656 105000 45351 21313
0a00000e 0a08000a 10000 100 58569 97999 54509 28556
0a000006 0a040016 10000 100 67601 119999 37800 31538
0a0b0014 0a040006 10000 100 93157 59999 98734 39977
0a040011 0a000015 10000 100 9211 141999 18179 12255
0a01000a 0a060001 10000 100 32516 141999 19738 19943
0a05001d 0a050001 10000 100 34429 145000 19337 16330
0a0a0015 0a030015 10000 100 90318 76000 88950 39038
0a020013 0a040010 10000 100 61684 106999 58906 29584
0a020011 0a010004 10000 100 99028 79999 86940 41918
0a07000c 0a050011 10000 100 47257 100999 66807 24813
0a09000a 0a000017 10000 100 66760 106999 61244 31254
0a01001f 0a0b0010 10000 100 103731 62999 108832 43469
0a0b0001 0a05000c 10000 100 153218 25999 147378 59811
0a030020 0a0b000a 10000 100 54314 110999 62611 27148
0a05000f 0a070014 10000 100 48722 98999 83331 25297
0a0b000a 0a080007 10000 100 31210 154000 30458 19509
0a070010 0a060003 10000 100 34721 109999 74566 20679
0a06000a 0a05001a 10000 100 15802 125999 59098 14425
0a040013 0a06001f 10000 100 63886 96000 89499 30304
0a090009 0a090006 10000 100 55996 161999 24150 23462
0a01000d 0a010015 10000 100 43340 167999 18837 19274
0a02001d 0a020005 10000 100 2390 183999 5328 5755
0a04000a 0a04001a 10000 100 94164 154000 35610 36060
0a020003 0a01000e 10000 100 101655 102999 86665 42774
0a0a001e 0a040018 10000 100 41491 147999 42156 22907
0a0a0006 0a09000d 10000 100 64798 114999 76050 30611
0a010018 0a030010 10000 100 101889 76000 115667 42848
0a0a0007 0a01001f 10000 100 38171 152000 40210 21814
0a070011 0a050009 10000 100 36869 141000 51978 21382
0a01000a 0a020014 10000 100 16336 167999 25483 14596
0a0b0018 0a08001b 10000 100 13278 166999 28745 13587
0a060009 0a090006 10000 100 92760 71999 129172 39835
0a090014 0a040007 10000 100 87824 114999 86576 38209
0a00001f 0a08001d 10000 100 17905 179999 22374 15113
0a06001c 0a030011 10000 100 60994 154999 49367 29347
0a020011 0a040011 10000 100 125067 87000 117821 50511
0a000001 0a0b0020 10000 100 103883 105999 99054 43517
0a060017 0a0a0009 10000 100 96252 76999 128302 40999
0a080009 0a06000e 10000 100 37000 125999 80833 21424
0a02001d 0a06000a 10000 100 179998 21999 187110 68642
0a0b0005 0a040010 10000 100 42404 154000 55155 23214
0a020014 0a04000d 10000 100 23591 174000 35891 16994
0a0a0019 0a0b001e 10000 100 81258 145000 65478 36047
0a070007 0a0a0017 10000 100 99320 109999 100839 42011
0a050017 0a050020 10000 100 354526 53999 160146 122048
0a03001f 0a0b001d 10000 100 8877 181999 32317 12132
0a05000f 0a05000a 10000 100 30015 203999 14453 14887
0a0a001f 0a06001b 10000 100 6629 175999 43343 11398
0a0a0007 0a09000f 10000 100 4595 193999 25815 10731
0a09001b 0a0a0001 10000 100 11828 193999 27459 13107
0a060006 0a010004 10000 100 1635 184999 37038 9753
0a04001e 0a01000a 10000 100 42468 179999 44919 23235
0a03001d 0a060010 10000 100 45261 111999 113202 24159
0a01001a 0a020017 10000 100 16106 203000 22966 14522
0a090010 0a0b0009 10000 100 44374 156999 72829 23860
0a020010 0a030008 10000 100 97474 105000 125385 41390
0a060014 0a020004 10000 100 100826 80999 150589 42508
0a060013 0a08001e 10000 100 3980 192999 40343 10519
0a0a000c 0a050013 10000 100 58843 138999 94597 28644
0a050009 0a060008 10000 100 92044 70999 163018 39606
0a060007 0a06000c 10000 100 78559 205999 30467 30912
0a020002 0a07000f 10000 100 18520 219999 21596 15326
0a030007 0a010019 10000 100 66311 201000 41010 31110
0a010017 0a030013 10000 100 33201 203999 38624 20177
0a060014 0a080002 10000 100 53782 170999 72917 26963
0a04001d 0a080010 10000 100 30938 206999 37049 19422
0a090010 0a06000e 10000 100 27015 186999 57881 18136
0a060019 0a050006 10000 100 4134 181000 64277 10568
0a0a0016 0a0a0003 10000 100 53836 223999 22490 22740
0a0b001a 0a09001f 10000 100 264723 10999 236402 96630
0a09000f 0a02001a 10000 100 11346 217999 30406 12953
0a030010 0a070010 10000 100 90953 203999 46588 39241
0a070009 0a080011 10000 100 22276 193999 59902 16558
0a0b001e 0a030013 10000 100 82374 99999 154025 36404
0a060008 0a07001e 10000 100 54685 223999 31948 27267
0a090012 0a040008 10000 100 54030 181999 74220 27057
0a080014 0a0b0007 10000 100 5845 246999 10806 11131
0a050009 0a00000d 10000 100 44904 172000 86966 24030
0a0b0017 0a030019 10000 100 62845 121999 137585 29955
0a020007 0a050004 10000 100 325428 38000 221984 116670
0a080017 0a020015 10000 100 98729 130999 130503 41807
0a040014 0a010015 10000 100 31754 219999 42014 19699
0a010010 0a050011 10000 100 272862 11999 252126 99311
0a030020 0a050018 10000 100 28758 187999 77564 18709
0a010002 0a040003 10000 100 17824 246000 20475 15088
0a03001e 0a08001d 10000 100 77619 125999 140830 34836
0a030001 0a040010 10000 100 48040 212999 54473 25079
0a0b001a 0a0a0010 10000 100 11060 237999 32595 12862
0a00000d 0a06001f 10000 100 5386 234999 37164 10984
0a000005 0a070018 10000 100 83856 163999 109184 36894
0a020011 0a06000a 10000 100 67268 125000 150643 31416
0a070012 0a00000a 10000 100 89718 230000 46094 38831
0a070005 0a000001 10000 100 87428 172000 104380 38083
0a050016 0a010004 10000 100 35105 188999 88537 20802
0a090005 0a020007 10000 100 85938 177999 101950 37591
0a080003 0a060003 10000 100 38352 257999 26912 21872
0a03000c 0a04001c 10000 100 54646 132999 152410 27255
0a090017 0a040001 10000 100 52220 203000 82776 26448
0a030016 0a060015 10000 100 8498 268999 17943 12011
0a02000c 0a020020 10000 100 7214 279999 8376 7345
0a030008 0a070003 10000 100 23345 248000 40645 16916
0a07001b 0a09001c 10000 100 78803 234999 54245 35231
0a0b0003 0a060017 10000 100 17032 271999 17561 14834
0a030014 0a050018 10000 100 91368 99999 193576 39374
0a0b001a 0a080018 10000 100 16623 228000 66253 14703
0a020008 0a07001a 10000 100 89030 226999 68556 38611
0a0b0014 0a00000c 10000 100 103134 150999 144658 43262
0a020016 0a05001a 10000 100 93677 111999 184381 40144
0a04001c 0a090004 10000 100 3633 239000 58046 10408
0a0b001d 0a0b0005 10000 100 784664 18999 279953 264101
0a08001f 0a0a001c 10000 100 102458 152999 148392 43046
0a030020 0a020006 10000 100 17385 239999 62469 14947
0a0b0008 0a03001a 10000 100 100332 186999 115754 42335
0a03001f 0a050018 10000 100 21772 241999 61466 16397
0a0b0016 0a0b000a 10000 100 498148 126999 178129 169482
0a0a000d 0a01000c 10000 100 18297 257999 48964 15254
0a0a0014 0a02000b 10000 100 22420 284999 22254 16604
0a0b001d 0a08000d 10000 100 59673 262000 45982 28909
0a01001f 0a080005 10000 100 90417 190999 118001 39070
0a0a001e 0a070015 10000 100 101252 204999 104336 42645
0a04000b 0a05001e 10000 100 82694 145999 164565 36522
0a0b000c 0a0a0016 10000 100 20618 243999 66991 16012
0a060011 0a060014 10000 100 3079 293999 19764 5991
0a060017 0a010008 10000 100 38782 288999 29542 22009
0a07001f 0a030020 10000 100 13046 280999 39204 13512
0a080010 0a010017 10000 100 76672 284000 36487 34533
0a020016 0a030017 10000 100 86073 154999 166798 37634
0a090006 0a04000a 10000 100 2563 282999 43310 10050
0a0b000b 0a09001c 10000 100 64966 208999 118333 30664
0a08000e 0a030012 10000 100 334951 9999 317895 119824
0a050002 0a070020 10000 100 68905 174000 154912 31956
0a07000e 0a050020 10000 100 75005 145999 184222 33984
0a030004 0a09001f 10000 100 95285 259999 71758 40674
0a070003 0a07001c 10000 100 10777 322999 9297 8531
0a05001c 0a090007 10000 100 19653 273999 58734 15704
0a070005 0a070020 10000 100 52574 284000 49277 22336
0a0a0013 0a00000e 10000 100 41791 243999 90369 23003
0a000004 0a0a0003 10000 100 1144 326000 9262 9581
0a070003 0a09000f 10000 100 68310 299999 35984 31765
0a09000e 0a060004 10000 100 36756 282000 54273 21345
0a0b0008 0a070008 10000 100 80983 273999 63096 35944
0a0a0014 0a0b000b 10000 100 220231 55999 281756 81931
0a0b000b 0a0a001b 10000 100 12129 284000 54837 13219
0a02001a 0a070004 10000 100 14835 319000 20060 14100
0a040014 0a000013 10000 100 81854 224999 114867 36238
0a0b000a 0a060008 10000 100 31021 221999 119554 19449
0a020012 0a070015 10000 100 24699 320999 25141 17364
0a070015 0a080016 10000 100 10995 333999 13969 12841
0a020012 0a0b001c 10000 100 128279 137999 212564 51570
0a040010 0a0b0005 10000 100 95787 241000 109772 40834
0a06001a 0a00001f 10000 100 72442 317999 34143 33134
0a060005 0a06001f 10000 100 78549 315000 38654 30909
0a04000c 0a030006 10000 100 63175 268999 86567 30076
0a080015 0a060002 10000 100 100423 134999 221036 42364
0a010011 0a010004 10000 100 471120 183999 172162 160556
0a050004 0a080015 10000 100 54029 210000 146409 27057
0a02000c 0a060017 10000 100 79816 228999 128546 35570
0a0b0010 0a04001e 10000 100 218935 179999 180244 81501
0a090010 0a000014 10000 100 66795 255999 104288 31265
0a050017 0a080014 10000 100 98583 146999 213423 41760
0a08000e 0a00000e 10000 100 85693 279999 81067 37512
0a010003 0a000013 10000 100 19267 344999 16585 15565
0a04000f 0a020020 10000 100 36938 328999 32981 21404
0a010015 0a030002 10000 100 63580 293000 70959 30206
0a0a0005 0a0a0016 10000 100 93805 328999 36431 35945
0a070001 0a030003 10000 100 104522 149999 216147 43722
0a070009 0a020014 10000 100 56399 324999 43536 27831
0a00000b 0a0b0009 10000 100 8134 331000 37719 11895
0a070012 0a08001f 10000 100 51874 329999 39318 26337
0a050015 0a08000e 10000 100 2695 335000 34964 10093
0a060018 0a0b0010 10000 100 72124 313999 56369 33032
0a0b000b 0a050018 10000 100 62132 219999 152945 29727
0a050013 0a030004 10000 100 55775 335000 39241 27631
0a000016 0a040020 10000 100 28162 311999 63431 18503
0a0b0013 0a040019 10000 100 83715 250999 124465 36848
0a05001c 0a03001c 10000 100 75049 174999 200731 33999
0a030004 0a03000d 10000 100 78797 309999 67261 30989
0a020012 0a03000b 10000 100 93252 161999 216160 40008
0a02000f 0a040002 10000 100 66223 328000 51209 31082
0a000020 0a0b0019 10000 100 42005 284999 94572 23087
0a0a0008 0a080009 10000 100 81157 214999 165080 36015
0a0b0005 0a020015 10000 100 69839 246000 135549 32270
0a000018 0a06000b 10000 100 90646 273999 107889 39143
0a07001c 0a04000c 10000 100 73065 221000 161539 33333
0a07001b 0a0b001c 10000 100 84422 221999 160798 37090
0a080020 0a050011 10000 100 4240 322000 62595 10602
0a0a0006 0a070012 10000 100 39595 268999 115802 22285
0a030015 0a0a0002 10000 100 98384 251999 135716 41696
0a020015 0a07000c 10000 100 36191 266000 122512 21165
0a080014 0a090003 10000 100 290 380000 8620 9308
0a07000f 0a0a001a 10000 100 75695 212999 176815 34205
0a0a0011 0a090015 10000 100 26794 322000 68180 18050
0a0b0006 0a000018 10000 100 11019 351000 39511 12848
0a0b0006 0a0b0007 10000 100 37294 369000 22325 17278
0a03000e 0a050018 10000 100 34859 364999 26507 20723
0a0a0004 0a00000e 10000 100 13062 329999 61657 13518
0a0b0005 0a0b0009 10000 100 41343 373999 18183 18619
0a0b001f 0a000014 10000 100 22598 340999 51294 16677
0a060016 0a020006 10000 100 86359 277000 115953 37725
0a050018 0a050008 10000 100 81896 331000 62136 32011
0a010001 0a05001f 10000 100 45220 284999 108251 24146
0a050010 0a030009 10000 100 91061 152999 240563 39276
0a070002 0a030005 10000 100 2499 364999 28913 10030
0a01001c 0a0b001f 10000 100 95199 268999 126489 40646
0a01001b 0a050008 10000 100 76715 326000 71766 34547
0a080005 0a02001b 10000 100 71463 230000 170422 32805
0a030020 0a040007 10000 100 200936 221999 180318 75557
0a010013 0a07000e 10000 100 18677 355000 48878 15376
0a020001 0a080012 10000 100 15180 366999 37786 14226
0a030009 0a030003 10000 100 103862 369000 39237 39271
0a02001d 0a07000a 10000 100 71631 241000 168714 32859
0a080012 0a00001a 10000 100 92121 262000 147767 39631
0a050018 0a000007 10000 100 19365 366000 45292 15596
0a030016 0a04001f 10000 100 87810 230000 182592 38205
0a040020 0a070011 10000 100 27888 342999 71897 18416
0a090010 0a010017 10000 100 9427 395000 19995 12324
0a01001a 0a030009 10000 100 98521 302000 115643 41740
0a030001 0a02000a 10000 100 301198 53999 364223 108670
0a000014 0a0a001d 10000 100 83629 377000 41565 36821
0a070020 0a08001e 10000 100 103483 181999 237687 43374
0a02000a 0a00000b 10000 100 102604 282000 142035 43093
0a01000b 0a060010 10000 100 86851 228999 197193 37883
0a01001f 0a0a000b 10000 100 14041 373000 54055 13846
0a040015 0a040018 10000 100 99286 391000 37689 37760
0a030010 0a05000c 10000 100 59115 282000 147382 28731
0a010003 0a03000a 10000 100 19402 397000 34553 15608
0a090004 0a0b0019 10000 100 16655 406000 27133 14713
0a0a0002 0a0b0013 10000 100 35981 364000 69156 21082
0a010015 0a01001d 10000 100 38832 404000 29670 17785
0a040012 0a09001a 10000 100 42466 320000 114196 23234
0a010018 0a04000d 10000 100 78583 315999 118781 35160
0a00001a 0a050004 10000 100 88196 221999 213540 38328
0a090019 0a080002 10000 100 32766 407999 29023 20023
0a000013 0a0a0012 10000 100 107526 243999 195381 44714
0a01001a 0a07001d 10000 100 60002 286000 155271 29030
0a090020 0a0a0010 10000 100 102723 242999 199740 43131
0a010001 0a020019 10000 100 93171 266000 177160 39982
0a060015 0a000016 10000 100 404032 270999 172928 142637
0a040020 0a020017 10000 100 7204 387999 58534 11582
0a030012 0a09001c 10000 100 296468 53999 394853 107111
0a0a000e 0a0a0005 10000 100 875377 41999 408780 294050
0a01000a 0a020007 10000 100 42574 315000 136488 23269
0a030011 0a06000d 10000 100 94665 395999 61371 40475
0a020018 0a030020 10000 100 54292 391000 66443 27141
0a080010 0a0b001d 10000 100 40679 431000 27549 22647
0a030004 0a0b0014 10000 100 46831 358999 102839 24677
0a02000c 0a0b0004 10000 100 257644 161999 300398 94288
0a060018 0a010004 10000 100 42054 431999 33569 23102
0a080004 0a06001c 10000 100 58831 391999 73597 28640
0a090004 0a02001b 10000 100 16201 400000 65614 14553
0a020017 0a030020 10000 100 3707 438999 28074 10432
0a04000c 0a02001f 10000 100 17102 402999 64613 14856
0a03000a 0a04001b 10000 100 51702 416999 50613 26282
0a010019 0a0a001d 10000 100 42952 409999 59133 23390
0a0a001b 0a040018 10000 100 39439 427999 41459 22235
0a09000a 0a0b0004 10000 100 26992 409999 59841 18113
0a080006 0a080010 10000 100 39140 451999 20033 17899
0a000008 0a08001a 10000 100 80674 431999 40141 35845
0a01000a 0a0a0008 10000 100 43061 366000 108473 23424
0a030011 0a060005 10000 100 48879 328000 147133 25348
0a06001f 0a020012 10000 100 189725 251999 223341 71862
0a03001b 0a050018 10000 100 86734 282999 197660 37845
0a06001c 0a060011 10000 100 635240 99999 382869 214749
0a040010 0a08000b 10000 100 44135 378000 107935 23784
0a010014 0a080011 10000 100 79271 315000 174753 35380
0a060002 0a050014 10000 100 95077 219000 271084 40607
0a0b001f 0a010019 10000 100 8535 453000 44250 12023
0a01001f 0a050007 10000 100 16683 429999 67546 14722
0a00000b 0a080002 10000 100 18534 444999 53680 15330
0a01001f 0a040012 10000 100 9120 462000 37193 12225
0a0a0014 0a0a000c 10000 100 6139 489999 10341 7001
0a0b0011 0a040006 10000 100 98802 386999 116249 41830
0a020008 0a00000e 10000 100 5428 485999 20418 10998
0a090013 0a030008 10000 100 65481 317000 193921 30829
0a080020 0a070001 10000 100 3861 453999 56961 10481
0a060008 0a0a0005 10000 100 47729 447999 68592 24964
0a090012 0a00000b 10000 100 76295 364999 152624 34397
0a04000b 0a090002 10000 100 325391 89999 428255 116658
0a030007 0a0b0009 10000 100 102643 375000 143277 43105
0a01000a 0a01001f 10000 100 32832 498999 20319 15804
0a020002 0a070014 10000 100 796 478000 41800 9470
0a040010 0a0a000d 10000 100 23746 484000 36408 17044
0a000004 0a050003 10000 100 260245 109999 411582 95151
0a0a0019 0a010006 10000 100 2096 492000 29710 9901
0a090016 0a000017 10000 100 75324 427000 95558 34087
0a050020 0a00001b 10000 100 97735 368000 158536 41488
0a080019 0a090017 10001 100 42018 366000 162410 23091
0a070004 0a070003 10000 100 79232 498999 35403 31128
0a05000d 0a060010 10000 100 96800 223999 310871 41174
0a06001b 0a090019 10000 100 73492 320999 217077 33470
0a08001d 0a040005 10000 100 104553 326000 212521 43732
0a0a0019 0a01000f 10000 100 31741 471000 71272 19695
0a010013 0a05001b 10000 100 30599 467000 79853 19314
0a08000e 0a09001e 10000 100 85790 442999 103896 37543
0a050003 0a000008 10000 100 55522 420000 127923 27550
0a000012 0a09000a 10000 100 639398 16999 531541 220366
0a0b001a 0a060018 10000 100 65777 449000 100606 30924
0a0b0004 0a00000b 10000 100 90290 371999 178003 39029
0a0b0005 0a020020 10000 100 27788 482999 68160 18384
0a0a0014 0a030010 10000 100 32261 460000 93037 19861
0a040008 0a04001c 10000 100 619136 14999 540993 209427
0a090015 0a02000b 10000 100 48776 413000 143657 25315
0a080010 0a040010 10000 100 51162 520999 37100 26109
0a09000e 0a040017 10000 100 42621 484000 76125 23284
0a020014 0a02000c 10000 100 104159 511999 48751 39366
0a030014 0a04000c 10000 100 44143 515999 45317 23786
0a070018 0a020014 10000 100 104283 268999 292552 43645
0a030008 0a0b000e 10000 100 72769 456999 106822 33238
0a090004 0a060013 10000 100 34726 471000 95027 20680
0a060011 0a08000f 10000 100 16837 518000 48072 14772
0a0b0001 0a03000e 10000 100 2443 509000 59034 10012
0a000016 0a060001 10000 100 36797 494999 74877 21359
0a0b000b 0a03000b 10000 100 130775 407999 162304 52399
0a060020 0a07000e 10000 100 47008 384999 186122 24734
0a040010 0a040007 10000 100 81134 536000 35239 31767
0a04000b 0a0a000b 10000 100 54506 440999 131953 27210
0a05000c 0a010006 10000 100 34532 494999 79126 20618
0a090014 0a080007 10000 100 46567 489999 85365 24592
0a090015 0a040015 10000 100 99101 344000 232328 41941
0a040014 0a030003 10000 100 1880 541999 34926 9832
0a07001c 0a0a0008 10000 100 102685 280999 296065 43119
0a090004 0a00001c 10000 100 74812 478999 99128 33907
0a090008 0a000013 10000 100 60605 523000 55893 29223
0a04001d 0a080020 10000 100 27683 462999 116525 18350
0a020004 0a010001 10000 100 18849 509000 70984 15431
0a050019 0a000009 10000 100 556331 349000 231057 192924
0a03000b 0a07001d 10000 100 67432 411000 169962 31469
0a090001 0a02000d 10000 100 37728 436000 146091 21672
0a0a001f 0a03000f 10000 100 60252 389000 193458 29110
0a08001f 0a060016 10000 100 9949 543999 39091 12491
0a060005 0a0a0019 10000 100 4623 533000 50229 10740
0a0a0005 0a030013 10000 100 34053 528000 57382 20450
0a030008 0a050006 10000 100 93403 480999 104470 40056
0a0b0002 0a000006 10000 100 47679 554000 33923 24948
0a07001e 0a0a001b 10000 100 36037 501000 90609 21115
0a02001f 0a030016 10000 100 41939 491000 102762 23050
0a040010 0a040017 10000 100 46951 560999 33077 20475
0a000018 0a09001e 10000 100 5054 525999 68727 10878
0a09001c 0a02001e 10000 100 4671 510000 85431 10756
0a030017 0a020013 10000 100 33039 552999 45856 20125
0a01000c 0a020020 10000 100 63199 560999 41543 30084
0a090017 0a070018 10000 100 58137 493999 108918 28402
0a040012 0a01001a 10000 100 24498 529999 73040 17300
0a00000d 0a0a000b 10000 100 21684 582000 21117 16369
0a07000d 0a040006 10000 100 32140 516999 87333 19822
0a07000d 0a04001a 10000 100 59415 427999 176509 28827
0a010002 0a01000f 10000 100 893365 166999 438872 299991
0a010017 0a0a001f 10000 100 27104 560999 46187 18165
0a020012 0a080003 10000 100 23633 577999 30557 17008
0a0a0017 0a060020 10000 100 65749 480999 128495 30915
0a05000e 0a05000f 10000 100 25557 586999 22555 13414
0a080005 0a02000a 10000 100 428925 369000 241094 150848
0a0b0006 0a03001a 10000 100 42430 528000 83714 23223
0a070003 0a0b000b 10000 100 34988 537999 75286 20764
0a050002 0a04001d 10000 100 422233 172999 441091 148646
0a03001d 0a02001b 10000 100 504193 170999 443864 175718
0a090020 0a070001 10000 100 87608 458999 155928 38140
0a06000a 0a02001f 10000 100 52114 491000 124104 26414
0a0b0015 0a07001c 10000 100 98475 478000 139371 41725
0a090014 0a040015 10000 100 101320 357999 261008 42666
0a020017 0a070002 10000 100 46547 510999 110192 24586
0a070009 0a010005 10000 100 64724 415000 206451 30587
0a090011 0a090008 10000 100 378908 420000 201920 130096
0a030001 0a03000f 10000 100 367050 424000 199275 126179
0a0a001a 0a050012 10000 100 2557 591000 34354 10048
0a060006 0a05000b 10000 100 181851 246999 378456 69266
0a08000b 0a010016 10000 100 33889 509000 117346 20397
0a09001d 0a07000f 10000 100 240833 438000 188843 88739
0a000003 0a020003 10000 100 18409 568999 57855 15290
0a09001d 0a09001e 10000 100 390687 391999 234863 133988
0a09001b 0a08000e 10000 100 68730 398000 230780 31900
0a05000e 0a080004 10000 100 17118 587999 42452 14862
0a00000d 0a030014 10000 100 28133 601999 29022 18494
0a030004 0a04001e 10000 100 93381 449000 182048 40049
0a06001d 0a010007 10000 100 41542 601999 29247 22923
0a000018 0a0a0020 10000 100 75062 531000 100577 34003
0a0a0008 0a090016 10000 100 51688 531000 101078 26277
0a0a001a 0a0a0017 10000 100 94996 585000 47532 36341
0a080005 0a030009 10000 100 75138 581000 52802 34027
0a0b0005 0a040018 10000 100 37649 559000 79278 21647
0a090009 0a04000d 10000 100 48942 545000 96046 25368
0a090017 0a06001f 10000 100 4754 631000 10834 10782
0a0a0007 0a01000f 10000 100 89791 407999 234943 38854
0a040017 0a03000e 10000 100 62032 522000 121359 29695
0a0a0012 0a0a0010 10000 100 60885 612000 31421 25072
0a070009 0a0a000c 10000 100 88721 524999 119720 38512
0a09001f 0a040012 10000 100 10745 601999 43036 12761
0a0a0004 0a0a0012 10000 100 16009 618999 26422 10251
0a08000c 0a050007 10000 100 24530 598000 47656 17310
0a060005 0a070012 10000 100 61293 386000 262311 29443
0a010004 0a000004 10000 100 29101 585000 65462 18819
0a060011 0a000005 10000 100 11531 595000 58074 13012
0a05000e 0a040009 10000 100 11983 614999 38458 13157
0a0b0012 0a010002 10000 100 97263 598000 55641 41322
0a050008 0a000005 10000 100 45483 589000 65231 24230
0a070004 0a020008 10000 100 21507 636999 18061 16312
0a08000e 0a010011 10000 100 46556 550999 105771 24589
0a050020 0a09000b 10000 100 77247 591999 65569 34717
0a0a0009 0a060011 10000 100 67783 564999 97485 31597
0a0a000e 0a03000e 10000 100 12157 613000 49675 13228
0a050003 0a000013 10000 100 42496 594000 68996 23244
0a0b0003 0a070013 10000 100 81136 438999 224447 36008
0a020019 0a040012 10000 100 64600 531000 133456 30547
0a03000d 0a0b0018 10000 100 104194 503999 160623 43617
0a010005 0a090015 10000 100 807162 170999 497057 275770
0a060018 0a05000c 10000 100 1263 564999 103101 9619
0a040004 0a090016 10000 100 7810 594000 74211 11791
0a060008 0a02000e 10000 100 59496 546999 121408 28853
0a02001a 0a0b0007 10000 100 90177 433999 234497 38993
0a0b000f 0a030010 10000 100 64092 540000 132295 30369
0a00000f 0a04000e 10000 100 39123 632999 39496 22134
0a0b0007 0a090008 10000 100 1586 609999 64693 9738
0a0a000d 0a090020 10000 100 68949 537999 136968 31970
0a01001a 0a020014 10000 100 101269 415999 259035 42650
0a060003 0a03001e 10000 100 63602 506999 170711 30213
0a00001d 0a040011 10000 100 33237 632999 45684 20189
0a020001 0a050014 10000 100 24264 653000 25931 17225
0a080010 0a0a0015 10000 100 80901 527000 152333 35917
0a040018 0a07000a 10000 100 62466 453000 226903 29834
0a0a0011 0a02001a 10000 100 62798 464000 216131 29940
0a070009 0a0a0013 10000 100 23469 648999 31746 16955
0a040006 0a00000f 10000 100 39943 631999 48762 22396
0a010010 0a0a0007 10000 100 53307 612000 69343 26811
0a00001a 0a000010 10000 100 27929 638000 47183 14189
0a00001e 0a010008 10000 100 35414 617000 68571 20901
0a04000e 0a070016 10000 100 240923 546999 138674 88768
0a09001a 0a07001d 10000 100 93876 360999 324839 40208
0a040019 0a080012 10000 100 88440 617999 72243 38407
0a040002 0a04000e 10000 100 1566648 88999 602036 522338
0a0a0011 0a04000b 10000 100 8456 668999 22635 11998
0a020010 0a09000a 10000 100 13434 626000 69418 13637
0a000002 0a05001c 10000 100 49746 645999 49802 25640
0a020011 0a00000f 10000 100 44345 529999 165988 23851
0a04000e 0a04000b 10000 100 11262 680000 16937 8686
0a000003 0a0a001c 10000 100 94053 626000 71241 40264
0a01000d 0a030018 10000 100 40732 586999 111365 22664
0a010004 0a030008 10000 100 81892 550999 147381 36250
0a0a001c 0a04000b 10000 100 66321 657000 42883 31113
0a050012 0a08000f 10000 100 55514 528000 172205 27548
0a090007 0a0a0017 10000 100 8630 663999 36235 12053
0a07001b 0a04001b 10000 100 53574 607000 96130 26896
0a020015 0a080012 10000 100 67089 551999 151713 31359
0a08000f 0a06000f 10000 100 23493 641999 62221 16963
0a040001 0a0a0017 10000 100 41877 594000 110512 23030
0a000016 0a070015 10000 100 90834 528000 177392 39203
0a010010 0a050001 10000 100 58452 603000 104384 28503
0a070017 0a0a0015 10000 100 8850 685999 22398 12124
0a01001d 0a090002 10000 100 72329 488999 220409 33097
0a03001c 0a06000a 10000 100 74734 533999 175499 33882
0a040004 0a0b0014 10000 100 44777 678000 32315 23989
0a090014 0a07000e 10000 100 64747 438999 275098 30594
0a05000a 0a0b0016 10000 100 13607 701000 13506 13707
0a04000c 0a050008 10000 100 56095 622999 92638 27734
0a0b0019 0a070020 10000 100 85259 675000 41053 37358
0a02000c 0a060014 10000 100 94848 391999 327564 40534
0a09000e 0a050008 10000 100 7593 707999 12849 11721
0a06001c 0a0b0018 10000 100 64010 559000 162968 30343
0a04000a 0a090020 10000 100 28633 697000 25084 18669
0a08000b 0a060007 10000 100 22025 613000 109265 16478
0a07000a 0a090013 10000 100 245527 531000 195025 90287
0a010004 0a090001 10000 100 72915 501000 227022 33285
0a090006 0a02000b 10000 100 31075 542999 187638 19466
0a020020 0a01000a 10000 100 23594 681999 52043 16995
0a01001e 0a020003 10000 100 72225 506999 227088 33064
0a05000b 0a0b0019 10000 100 80316 626000 108110 35730
0a080011 0a010012 10000 100 101724 640999 94470 42796
0a09001a 0a06000f 10000 100 32849 543999 194215 20049
0a05000a 0a010015 10000 100 129683 592999 146092 52034
0a090020 0a020009 10000 100 47299 640999 98262 24827
0a09001c 0a01000f 10000 100 89018 476000 266060 38607
0a010013 0a040014 10000 100 53045 714000 30512 26727
0a020010 0a020007 10000 100 1022979 340000 405078 342788
0a09000a 0a030009 10000 100 46538 640000 105451 24583
0a020002 0a09001c 10000 100 96645 547999 199742 41124
0a020003 0a06001e 10000 100 28415 675000 73329 18584
0a01000e 0a020010 10000 100 45922 711999 39436 24371
0a0b0018 0a05001f 10000 100 8395 680000 73047 11978
0a03000c 0a06000d 10000 100 35454 640000 113290 20913
0a03001c 0a00000e 10000 100 48927 574999 180200 25363
0a08000b 0a0b0018 10000 100 35328 705000 50216 20873
0a020014 0a070013 10000 100 104459 537000 218359 43702
0a02000e 0a07000d 10000 100 24080 736000 20346 17166
0a06000c 0a040017 10000 100 38492 643000 114221 21916
0a0a0005 0a08000c 10000 100 170754 489999 268624 65592
0a00000a 0a09001d 10000 100 43221 652000 107337 23476
0a0b0013 0a02000f 10000 100 34244 671000 92553 20511
0a030011 0a090010 10000 100 65105 506999 258237 30709
0a0b001e 0a090002 10000 100 181355 453000 313285 69092
0a0a001e 0a040005 10000 100 31438 720000 46544 19582
0a040018 0a090009 10000 100 87556 577000 192198 38124
0a000004 0a0b0006 10000 100 59257 632999 136213 28776
0a0a001b 0a04001f 10000 100 90345 608000 161302 39047
0a01001b 0a080017 10000 100 72768 604999 165237 33238
0a0b0020 0a04001b 10000 100 98418 501999 268762 41707
0a080013 0a030018 10000 100 86138 573000 200519 37655
0a00000f 0a020015 10000 100 47378 657999 116272 24852
0a000005 0a09000f 10000 100 827382 397000 378446 282440
0a020003 0a0a001a 10000 100 68813 729000 49140 31926
0a040013 0a000003 10000 100 79423 541999 237367 35429
0a06000b 0a040001 10000 100 55468 751000 28660 27518
0a060006 0a000008 10000 100 17457 693000 90853 14970
0a090012 0a050009 10000 100 51005 734999 49354 26059
0a090017 0a090007 10000 100 47352 760999 23572 20604
0a05000c 0a050011 10000 100 67730 739999 45659 27340
0a06001a 0a000007 10000 100 80614 501000 285265 35825
0a00000f 0a0a001b 10000 100 2614 752999 33283 10067
0a050008 0a02001c 10000 100 86224 573999 212999 37682
0a01001a 0a080001 10000 100 52740 652000 135583 26629
0a03000c 0a01001e 10000 100 52422 707999 79631 26512
0a01000f 0a05001a 10000 100 100651 480999 306869 42452
0a040007 0a040015 10000 100 61099 728000 61015 25141
0a0b0012 0a080017 10000 100 34627 634000 157846 20649
0a05000f 0a040006 10000 100 64631 755000 37219 30557
0a0b001c 0a09000c 10000 100 16290 733000 60114 14581
0a05001b 0a060013 10000 100 6005 754000 40243 11198
0a0b001b 0a08001a 10000 100 15533 769999 25812 14339
0a060001 0a020004 10000 100 69599 676999 119593 32193
0a06000f 0a000014 10000 100 78132 589000 208601 35016
0a03000a 0a0a0013 10000 100 93557 586999 211439 40105
0a04001e 0a080018 10000 100 5751 759000 42930 11101
0a05000b 0a050019 10000 100 117994 757999 46446 43931
0a010004 0a020002 10000 100 5198 779999 25393 10924
0a020015 0a040007 10000 100 1670 757999 47651 9765
0a04000c 0a06000b 10000 100 65909 653000 152845 30966
0a08001f 0a050009 10000 100 35090 680000 125891 20797
0a02000b 0a090014 10000 100 92978 720999 87941 39905
0a05001a 0a030005 10000 100 38508 652000 157419 21921
0a060019 0a050017 10000 100 79683 710000 100810 35528
0a00001d 0a0a0013 10000 100 75540 568999 242375 34156
0a030008 0a040010 10000 100 80245 721999 89575 35707
0a050014 0a040019 10000 100 7242 782999 29895 11594
0a0a001d 0a060002 10000 100 58965 671000 144102 28683
0a060004 0a0b0005 10000 100 70288 715999 100712 32414
0a08001f 0a07000d 10000 100 32460 782000 36101 19925
0a07000b 0a07000c 10000 100 60752 795000 26662 25030
0a020015 0a09000e 10000 100 86637 638000 185069 37814
0a00001d 0a030018 10000 100 57289 619999 203315 28131
0a030007 0a000020 10000 100 66425 684999 139221 31147
0a060007 0a07000e 10000 100 7160 810999 15483 11568
0a02001a 0a0a0018 10000 100 36123 698999 127906 21143
0a090010 0a08001f 10000 100 52446 687000 142818 26520
0a000014 0a010003 10000 100 31773 803000 27029 19705
0a040008 0a01001a 10000 100 643184 74999 756002 221608
0a030001 0a050006 10000 100 71995 729999 101250 32975
0a030007 0a08000b 10000 100 10237 810999 22402 12583
0a03000a 0a07000b 10000 100 3075 822999 10999 10230
0a070003 0a07000c 10000 100 30848 814999 19114 15153
0a08001f 0a0a0006 10000 100 43070 689000 146212 23427
0a0b0016 0a000015 10000 100 90635 639000 198191 39140
0a040008 0a090010 10000 100 7054 824999 14586 11534
0a010013 0a060020 10000 100 23472 786000 55188 16956
0a040009 0a04001d 10000 100 1796286 8999 837529 598172
0a060005 0a000002 10000 100 104764 784999 66438 43799
0a070004 0a0b000d 10000 100 18491 801999 50245 15316
0a08001f 0a080001 10000 100 866684 453999 399061 291176
0a080009 0a030006 10000 100 12817 801999 53135 13439
0a02000c 0a00001f 10000 100 6488 828999 26637 11352
0a020012 0a000002 10000 100 4677 823999 31702 10758
0a03000c 0a0a001a 10000 100 299642 418999 438229 108157
0a070020 0a080020 10000 100 13161 801999 55431 13549
0a02000d 0a090013 10000 100 292044 734999 123551 105649
0a040016 0a07001f 10000 100 186696 531000 330437 70862
0a090011 0a09000a 10000 100 104426 808000 53755 39451
0a050020 0a020015 10000 100 65087 680999 181444 30703
0a0a0008 0a06001c 10000 100 76426 600999 262704 34439
0a0a0005 0a02001d 10000 100 45900 836999 29269 24364
0a030002 0a01001f 10000 100 102006 678000 188734 42901
0a090006 0a000007 10000 100 62863 685999 182439 29961
0a070016 0a08001d 10000 100 30309 804000 64617 19221
0a010001 0a00000d 10000 100 28928 835000 35003 18764
0a0b0003 0a04001d 10000 100 47627 828999 41408 24932
0a01001b 0a060002 10000 100 84154 676999 194364 37004
0a040017 0a030011 10000 100 398811 108999 762568 140905
0a09001b 0a06001e 10000 100 81392 648000 223742 36090
0a07001e 0a080018 10000 100 46830 815999 57146 24677
0a060020 0a0a0018 10000 100 727698 315000 558285 249528
0a080001 0a0b0001 10000 100 73003 714000 161505 33313
0a000017 0a010013 10000 100 23136 797999 78787 16849
0a0a000c 0a0a0010 10000 100 55930 850999 25841 23441
0a060005 0a000007 10000 100 7465 837999 39697 11665
0a080020 0a04001c 10000 100 5784 831000 47691 11112
0a0a0019 0a050008 10000 100 476690 50999 828044 166625
0a06000a 0a090006 10000 100 147620 781000 101329 57959
0a070008 0a070019 10000 100 92932 837999 46224 35650
0a040014 0a080003 10000 100 41768 814999 69326 22995
0a030001 0a080020 10000 100 16679 831000 53393 14721
0a030015 0a0a0012 10000 100 133350 730999 156797 53239
0a020020 0a010006 10000 100 46175 770999 117969 24452
0a070017 0a070020 10000 100 67750 857000 32029 27346
0a02000a 0a070011 10000 100 38565 665000 226166 21940
0a020014 0a04000b 10000 100 1192 854999 36631 9596
0a09000e 0a050003 10000 100 18885 867000 25783 15442
0a020010 0a050005 10000 100 83902 698000 195185 36908
0a050009 0a0b001a 10000 100 57760 817000 79066 28282
0a02001e 0a090018 10000 100 52693 828999 67608 26614
0a080011 0a080004 10000 100 102115 855999 40704 38696
0a040001 0a090007 10000 100 56746 817000 81440 27942
0a04000a 0a020005 10000 100 98063 559000 340885 41593
0a01000f 0a07000f 10000 100 80636 698999 201776 35832
0a010004 0a040018 10000 100 58600 835000 68931 28566
0a0b0017 0a020003 10000 100 36451 794000 110484 21248
0a030008 0a0b001b 10000 100 66754 809999 94676 31252
0a0b000a 0a0b0009 10000 100 8477 885999 21254 7764
0a0b0001 0a090019 10000 100 41451 806999 101069 22894
0a0a001d 0a060001 10000 100 52747 738999 170092 26632
0a04001b 0a0a000f 10000 100 82552 792999 116270 36476
0a000017 0a020012 10000 100 72041 810999 99245 33005
0a0a0011 0a000009 10000 100 73164 836999 75353 33365
0a0a0004 0a010011 10000 100 187955 589000 326079 71280
0a060018 0a000005 10000 100 62174 755000 161629 29740
0a07001c 0a0a0017 10000 100 35100 827999 90043 20800
0a010013 0a02000b 10000 100 83814 705000 217669 36880
0a0a0010 0a010019 10000 100 71960 788999 133989 32964
0a06001d 0a0b0013 10000 100 40641 881999 41598 22635
0a040007 0a0b0014 10000 100 24230 857000 67632 17214
0a0a001a 0a0b0016 10000 100 23740 836000 91768 17042
0a010017 0a0b0002 10000 100 26321 864999 64820 17899
0a020017 0a060018 10000 100 56080 690999 238876 27729
0a04000d 0a0b0010 10000 100 58083 852000 79683 28385
0a01000e 0a020012 10000 100 94276 835000 98213 40336
0a000006 0a050014 10000 100 103519 833999 100488 43401
0a03001c 0a070012 10000 100 65222 662000 272604 30746
0a0b000f 0a0a000a 10000 100 62577 894000 44409 29869
0a070015 0a080013 10000 100 5096 895999 45960 10892
0a02001f 0a05001a 10000 100 390342 76999 865411 138118
0a070019 0a060013 10000 100 298139 400999 542764 107661
0a090010 0a0a0019 10000 100 31119 858999 85091 19480
0a0a0010 0a080008 10000 100 71546 791000 153404 32832
0a080004 0a08001a 10000 100 12265 928000 16724 9023
0a080016 0a000004 10000 100 12736 877999 67483 13413
0a070019 0a070006 10000 100 41391 924000 22812 18635
0a08001c 0a010001 10000 100 2255 937000 10674 9952
0a090017 0a080008 10000 100 3839 938999 11145 10474
0a040015 0a08000b 10000 100 162297 456999 493782 62809
0a060015 0a030002 10000 100 40375 929000 22377 22534
0a0b0005 0a010019 10000 100 44179 849000 102763 23798
0a080002 0a0b001a 10000 100 329417 480999 473060 117992
0a080009 0a000019 10000 100 90606 554000 401655 39130
0a00001b 0a070011 10000 100 77307 836000 120843 34736
0a000017 0a0b0020 10000 100 26283 880999 76236 17887
0a090002 0a00001f 10000 100 89701 752999 204913 38825
0a070018 0a080020 10000 100 403149 70999 887176 142339
0a020010 0a09000e 10000 100 97325 685999 272610 41342
0a080004 0a060003 10000 100 33637 893000 67088 20317
0a09000d 0a060003 10000 100 67903 900999 62531 31635
0a08000a 0a090005 10000 100 77880 733999 230841 34920
0a040006 0a03000a 10000 100 428062 128999 836077 150572
0a06000b 0a0b0015 10000 100 67556 879000 87074 31524
0a08000e 0a080018 10000 100 27698 943000 23130 14115
0a030017 0a060014 10000 100 754406 324999 641358 258336
0a03000a 0a060006 10000 100 55777 819999 146978 27632
0a0b0003 0a01000c 10000 100 5004 922999 44565 10862
0a090004 0a0b001e 10000 100 80900 882999 85205 35917
0a070005 0a0b0019 10000 100 70515 707999 260939 32502
0a070008 0a090009 10000 100 2299 863999 106186 9966
0a060017 0a020003 10000 100 82952 792999 177335 36604
0a030009 0a00001a 10000 100 86416 585000 387931 37744
0a07000c 0a090017 10000 100 14002 898000 75990 13834
0a040011 0a04001c 10000 100 36387 893000 82197 16987
0a000009 0a090012 10000 100 13352 891999 84561 13610
0a0a000c 0a0b0015 10000 100 51653 842999 134906 26266
0a0b000b 0a09001b 10000 100 100578 773000 205330 42429
0a07001b 0a09000f 10000 100 29174 935999 44803 18842
0a050013 0a010002 10000 100 9789 929000 55047 12440
0a050001 0a050002 10000 100 75310 938999 45357 29842
0a06001f 0a0b0017 10000 100 100430 938999 47273 42366
0a040017 0a0a000b 10000 100 384476 613000 375670 136179
0a040015 0a00001a 10000 100 139932 591000 399211 55422
0a070006 0a050001 10000 100 30090 850999 140804 19151
0a030015 0a0a0007 10000 100 22546 899999 92405 16660
0a080016 0a07001c 10000 100 101276 810999 182638 42652
0a050009 0a050014 10000 100 96934 911000 83226 36977
0a0b000e 0a030008 10000 100 12487 907000 87494 13334
0a07001a 0a08001f 10000 100 55362 880000 114497 27484
0a08000b 0a010007 10000 100 60148 946000 48559 29077
0a020009 0a020013 10000 100 42365 969000 25891 18962
0a010006 0a06001a 10000 100 89217 836999 158442 38671
0a010020 0a03001a 10000 100 441086 768000 227456 154878
0a0a0018 0a080001 10000 100 101025 689999 305690 42572
0a04001d 0a040020 10000 100 18978 957999 38370 11232
0a0b0013 0a0b0006 10000 100 48824 961000 35970 21090
0a0b0020 0a000014 10000 100 1677039 288999 709124 563040
0a02000a 0a020015 10000 100 1769092 159999 839268 589194
0a08000d 0a0b000e 10000 100 87362 919000 81721 38062
0a080004 0a00001b 10000 100 83990 920000 81366 36936
0a010005 0a010004 10000 100 1610686 349000 652396 536876
0a040011 0a07000c 10000 100 306 922999 79724 9313
0a0a0014 0a04000e 10000 100 44863 891999 111895 24016
0a060002 0a020019 10000 100 904271 591999 413338 307828
0a01001a 0a06001d 10000 100 90588 818999 187266 39125
0a09000e 0a09001d 10000 100 13970 997000 10912 9584
0a00000f 0a020014 10000 100 102607 752999 258952 43094
0a00001a 0a04001e 10000 100 52494 915000 98533 26535
0a080009 0a040004 10000 100 70051 872999 141998 32338
0a07001b 0a000017 10000 100 38597 975999 42931 21950
0a030009 0a02001a 10000 100 9548 984999 40995 12362
0a0a0014 0a050011 10000 100 446068 207999 820044 156519
0a0a0005 0a0b000a 10000 100 81133 920000 108686 36007
0a010019 0a040001 10000 100 67637 895999 135672 31550
0a020015 0a060019 10000 100 74015 850999 180801 33652
0a02001e 0a0a0004 10000 100 70959 895999 138000 32644
0a04001e 0a08001f 10000 100 101745 880000 156372 42802
0a0a000d 0a060007 10000 100 25970 992999 43586 17786
0a030005 0a03001d 10000 100 80648 1000000 37559 31596
0a020013 0a0b0008 10000 100 473815 306999 731469 165674
0a01000b 0a000011 10000 100 51524 975999 63491 26225
0a030009 0a04000d 10000 100 11730 989999 50633 13076
0a06001d 0a070018 10000 100 100552 692000 350197 42421
0a0b001c 0a06000e 10000 100 67084 888000 155457 31358
0a0a001d 0a050005 10000 100 25031 982000 62205 17471
0a090020 0a010014 10000 100 11810 979000 65270 13102
0a020001 0a020018 10000 100 8461 1031000 13351 7759
0a0a0003 0a090011 10000 100 76523 908999 136557 34486
0a050020 0a07000c 10000 100 91621 921000 126584 39471
0a01000a 0a08001e 10000 100 94907 894999 153094 40553
0a010014 0a070001 10000 100 96998 676999 373995 41237
0a020019 0a0b0011 10000 100 22241 981000 74318 16547
0a090016 0a060005 10000 100 22401 1033999 21609 16598
0a03001a 0a03000a 10000 100 5846 1049000 7399 6892
0a060001 0a030010 10000 100 76653 891999 164524 34527
0a040008 0a0a0016 10000 100 74211 1016999 41307 33715
0a0b000e 0a070014 10000 100 83553 835000 225032 36797
0a0b0008 0a080013 10000 100 23043 961000 99552 16819
0a0b000b 0a000011 10000 100 485791 822999 237643 169629
0a0a0003 0a060010 10000 100 15988 1039999 21137 14485
0a0b000a 0a0b001a 10000 100 82087 1012000 53069 32072
0a060010 0a0b0007 10000 100 156588 534999 530385 60920
0a04001e 0a01001e 10000 100 82008 951000 117229 36287
0a0b000b 0a090011 10000 100 44104 1034999 37351 23774
0a06000d 0a07000d 10000 100 40274 961000 112987 22502
0a010020 0a020012 10000 100 82359 920000 155153 36399
0a07001e 0a0b001f 10000 100 1663 1005000 70443 9762
0a0a001a 0a010006 10000 100 87227 937000 139116 38018
0a08001b 0a0a000b 10000 100 17402 1023000 54337 14952
0a040004 0a09001b 10000 100 24917 961000 117595 17434
0a08001d 0a08000d 10000 100 1630151 335000 744124 543304
0a050002 0a0b000b 10000 100 49509 1051999 27506 25565
0a090003 0a090018 10000 100 8153 1072000 9085 7661
0a080006 0a050006 10000 100 102506 782000 299509 43061
0a04000e 0a06001b 10000 100 323494 537000 544846 116035
0a010007 0a0b0010 10000 100 3921 1046999 35501 10500
0a020007 0a040013 10000 100 80249 879000 204667 35709
0a000006 0a03000c 10000 100 92186 916000 168209 39651
0a040010 0a040013 10000 100 251663 916999 168676 88072
0a00000b 0a020016 10000 100 88413 987999 99806 38398
0a00001d 0a010020 10000 100 83744 935999 153336 36858
0a070010 0a030011 10000 100 46649 894999 194768 24619
0a010011 0a04001b 10000 100 30536 935999 154235 19294
0a06001e 0a06000c 10000 100 1717800 453999 636242 572258
0a090009 0a010011 10000 100 63781 813000 277463 30270
0a070001 0a0b0006 10000 100 25945 992000 100992 17778
0a07000f 0a030001 10000 100 54644 960000 133760 27254
0a0b000f 0a06001e 10000 100 29078 1056000 38181 18812
0a010007 0a070016 10000 100 65652 915000 179456 30884
0a07000b 0a00001d 10000 100 68327 917999 176606 31771
0a01001d 0a0a000d 10000 100 94507 985999 108756 40425
0a0b000c 0a030013 10000 100 77470 1052999 42587 34789
0a070013 0a0a0005 10000 100 32438 934999 161207 19918
0a090001 0a030015 10000 100 86243 938000 158530 37688
0a080002 0a0a000d 10000 100 29857 1067000 29747 19061
0a0b000b 0a000014 10000 100 23091 1054000 43086 16834
0a010020 0a020011 10000 100 1012692 94999 1006423 343644
0a0b0017 0a00000f 10000 100 2440 1072999 28870 10011
0a04000e 0a00000d 10000 100 7740 1069999 33566 11768
0a020018 0a010014 10000 100 75254 895999 208232 34064
0a000008 0a040001 10000 100 10325 1023000 82081 12611
0a010018 0a040007 10000 100 79705 872999 232090 35535
0a0a0002 0a080009 10000 100 149263 935999 170304 58500
0a000004 0a07000f 10000 100 66175 985999 121252 31067
0a0a0002 0a0a0014 10000 100 101052 1031999 76051 38341
0a040006 0a04001c 10000 100 1780587 7999 1100283 592995
0a08001a 0a030002 10000 100 53054 1034999 74448 26730
0a050016 0a0b000f 10000 100 897280 786000 326774 305530
0a05001b 0a07000c 10000 100 60086 992000 122599 29057
0a04001f 0a080015 10000 100 129555 893000 222660 51993
0a090010 0a0b0006 10000 100 91029 894999 220778 39266
0a0a000c 0a000015 10000 100 66000 1038000 78182 30995
0a000019 0a060015 10000 100 79284 951000 166493 35384
0a000020 0a0a0003 10000 100 102173 849000 268593 42955
0a010005 0a050008 10000 100 38646 939999 178305 21966
0a01001f 0a00001a 10000 100 28407 1018999 101061 18582
0a090005 0a090011 10000 100 47727 1090999 29227 20724
0a01000b 0a080020 10000 100 20835 1066000 57860 16082
0a010013 0a010007 10000 100 96344 1072999 50936 36788
0a07001a 0a0a001e 10000 100 18567 1087999 37942 15341
0a010005 0a010011 10000 100 62088 1100000 26135 25473
0a07000d 0a000013 10000 100 12741 1054999 73103 13415
0a050003 0a00001a 10000 100 79202 910000 218590 35358
0a030020 0a020007 10000 100 91188 1077000 52243 39317
0a010015 0a000017 10000 100 597926 404000 725244 206664
0a0a0020 0a08001f 10000 100 100334 755000 374504 42336
0a01001f 0a07001c 10000 100 27532 1044999 85512 18302
0a0b000a 0a02000e 10000 100 102515 875000 255756 43064
0a080009 0a0b0017 10000 100 89224 862000 269493 38673
0a00001c 0a060018 10000 100 32809 1018999 112624 20036
0a080014 0a040011 10000 100 71086 1054000 77717 32684
0a0a0004 0a080015 10000 100 536127 98999 1033264 186259
0a03001f 0a0b001e 10000 100 54914 1054000 78612 27340
0a020003 0a080011 10000 100 45556 1003999 129807 24254
0a070010 0a050013 10000 100 69335 1041999 92459 32109
0a060018 0a03000e 10000 100 23094 1116000 19079 16835
0a05001e 0a030006 10000 100 25436 1005000 130738 17600
0a050003 0a08000d 10000 100 12409 1108000 27983 13309
0a0a0016 0a050017 10000 100 57052 982000 154069 28055
0a020006 0a050017 10000 100 79094 1015999 120978 35324
0a030003 0a020019 10000 100 101714 1069000 69218 42792
0a0a0006 0a07000c 10000 100 135876 1054999 83765 54078
0a09000f 0a00000d 10000 100 43860 1010999 127788 23696
0a0a0014 0a0b000f 10000 100 80310 1070999 68545 35728
0a040004 0a010015 10000 100 38907 1041000 98921 22049
0a03000d 0a06001f 10000 100 20483 1074000 66564 15969
0a010012 0a01001d 10000 100 33298 1123999 17368 15968
0a0a0010 0a0a0007 10000 100 84220 1074000 70861 32785
0a020008 0a060020 10000 100 61654 999000 145861 29574
0a080016 0a02001a 10000 100 75009 979000 166513 33986
0a00000d 0a020011 10000 100 78944 961999 183783 35276
0a040013 0a06000d 10000 100 12808 1075999 70966 13436
0a000008 0a010017 10000 100 72974 902000 247228 33304
0a050007 0a060003 10000 100 332276 971999 178178 118938
0a000005 0a06001e 10000 100 71678 867000 283292 32874
0a010009 0a080004 10000 100 32674 1005999 146453 19993
0a0b0009 0a010007 10000 100 2581 1126999 29714 10056
0a03001b 0a000003 10000 100 46293 1072999 83956 24489
0a020016 0a030019 10000 100 542750 183999 973417 188440
0a03001c 0a080012 10000 100 83017 961999 195752 36625
0a01000d 0a080006 10000 100 24805 1100999 57065 17398
0a050006 0a060002 10000 100 36581 943000 216951 21289
0a050010 0a060011 10000 100 19036 1095999 64135 15491
0a030009 0a08000f 10000 100 94769 805999 357399 40509
0a010003 0a0b001e 10000 100 87511 982000 183802 38109
0a0b000e 0a00001f 10000 100 35625 1023999 143903 20968
0a0a000c 0a060017 10000 100 18453 1152999 15807 15304
0a020015 0a09000e 10001 100 40535 948999 220796 22601
0a05000c 0a06000d 10000 100 58024 1116000 53896 28366
0a040016 0a040005 10000 100 71658 1136000 34732 28627
0a04001f 0a00000e 10000 100 634 1144999 26516 9418
0a00000e 0a000020 10000 100 461865 840999 330709 157487
0a00001f 0a0a001f 10000 100 10800 1098999 74011 12778
0a03000c 0a0b0012 10000 100 81627 1090000 83972 36165
0a030008 0a010006 10000 100 71759 1010999 163755 32900
0a03001d 0a0a0011 10000 100 9698 1119999 55048 12410
0a08001c 0a0b0011 10000 100 102813 870000 305578 43160
0a0a0016 0a00000e 10000 100 864432 773000 404511 294680
0a04001e 0a070017 10000 100 43174 1103999 74178 23461
0a030007 0a090007 10001 100 557953 809999 369024 193458
0a06000b 0a000008 10000 100 59152 1062999 116096 28743
0a03000c 0a020016 10000 100 87018 1074000 105893 37952
0a090003 0a02000f 10000 100 3236 1136999 43424 10281
0a040009 0a0b001c 10000 100 66936 897000 283840 31310
0a020001 0a00000f 10000 100 3250 1098000 83154 10286
0a090006 0a0b0013 10000 100 654062 179999 1001330 225212
0a0b0017 0a030005 10000 100 397460 444000 737692 140457
0a0a001a 0a09000e 10000 100 525559 109999 1072499 182770
0a06001c 0a060009 10000 100 222613 1002000 183057 78484
0a0b0010 0a080017 10000 100 31317 975999 210409 19544
0a05000d 0a08000e 10000 100 445767 108999 1077577 156422
0a0b0015 0a050012 10000 100 35099 1025000 162207 20800
0a0b000f 0a0b0018 10000 100 73764 1144999 43603 29332
0a01001f 0a060002 10000 100 68078 885000 304079 31691
0a050010 0a00000b 10000 100 738722 7999 1182822 253163
0a0b0019 0a010008 10000 100 87851 1061000 129867 38218
0a030004 0a07000f 10000 100 29979 1123000 71203 19100
0a070009 0a0a0004 10000 100 92888 1031000 165200 39876
0a05000f 0a060005 10000 100 12511 1172000 25269 13341
0a080018 0a0b000c 10000 100 73384 1002999 195057 33435
0a040017 0a080001 10000 100 61780 1165000 33145 29614
0a0a0004 0a010019 10000 100 96622 1059999 147935 41117
0a08000a 0a000009 10000 100 53290 1126000 83136 26805
0a080009 0a040008 10000 100 102978 1097000 113139 43212
0a0b0015 0a060010 10000 100 1787695 275999 934225 599571
0a05000b 0a090014 10000 100 101620 1128000 83306 42762
0a0a0015 0a000018 10000 100 1367 1170000 44516 9652
0a090015 0a050014 10000 100 17642 1168999 46113 15029
0a090015 0a07000d 10000 100 99444 1147000 68847 42051
0a020003 0a070004 10000 100 6533 1119999 96065 11367
0a04001a 0a07000c 10000 100 50214 1105000 111961 25790
0a02001b 0a070008 10000 100 49513 1039999 177366 25566
0a00000b 0a00000c 10000 100 2108793 105000 1115752 701369
0a03000b 0a010010 10000 100 100287 1007000 217903 42320
0a050011 0a090016 10000 100 18432 1116000 110022 15297
0a070007 0a0a0002 10000 100 82341 957999 268278 36393
0a0a0014 0a00000e 10000 100 820045 366999 859888 280016
0a080015 0a03001d 10000 100 60876 929000 297911 29310
0a09000b 0a04000d 10000 100 22590 1182000 44922 16674
0a010017 0a0b000a 10000 100 54091 1170999 57931 27077
0a020003 0a08001b 10000 100 103124 1012000 220853 43259
0a080001 0a010018 10000 100 100058 1167000 65866 42247
0a030014 0a08001a 10000 100 48404 1119999 113121 25196
0a050006 0a040012 10000 100 49951 1108000 125737 25706
0a080012 0a040014 10000 100 47135 1123999 110134 24774
0a00001f 0a030001 10000 100 63678 982000 252308 30237
0a03000e 0a01000f 10000 100 81203 1175999 59381 36029
0a03001c 0a050016 10000 100 61560 968000 267794 29544
0a06000e 0a0b000f 10000 100 33250 1095999 139892 20193
0a040011 0a040005 10000 100 686233 473999 762453 231589
0a000002 0a0a0009 10000 100 68982 1015999 221761 31980
0a080004 0a020010 10000 100 31064 1170000 68918 19463
0a00000e 0a000004 10000 100 31076 1198000 43430 15226
0a080019 0a020004 10000 100 33931 1209999 31713 20411
0a01000a 0a06000b 10000 100 74642 1129999 113484 33853
0a0b0005 0a06001f 10000 100 25892 1172999 71730 17761
0a040020 0a080002 10000 100 762538 243999 1003308 261030
0a090010 0a050009 10000 100 33439 1147000 100963 20253
0a0b0020 0a00001a 10000 100 43502 1147000 102230 23581
0a050018 0a050015 10000 100 26925 1203000 47209 13852
0a060002 0a060019 10000 100 23813 1232000 18259 12825
0a030005 0a020001 10000 100 85793 1034999 216400 37544
0a090019 0a0a000a 10000 100 71305 1126999 126727 32754
0a030010 0a020009 10000 100 1358 1239999 14489 9649
0a010003 0a01000d 10000 100 61074 1201000 54365 25133
0a070010 0a00001e 10000 100 60714 1154000 103863 29258
0a07001b 0a0a001d 10000 100 163211 1080000 180340 63101
0a030011 0a0b0009 10000 100 74869 1075000 185765 33926
0a04001f 0a0a0010 10000 100 50701 1208000 53626 25946
0a050005 0a020004 10000 100 3148 1160000 101938 10253
0a040005 0a020008 10000 100 37203 1235999 26237 21488
0a0b0003 0a070017 10000 100 1977421 522000 740848 662234
0a06001d 0a080011 10000 100 40486 1165999 97010 22570
0a0a001e 0a000018 10000 100 254364 671999 593676 93207
0a040003 0a050005 10000 100 31697 1149000 117428 19680
0a0b000f 0a0b0011 10000 100 35687 1247999 18902 16748
0a030007 0a030020 10000 100 15260 1239999 26988 10012
0a020017 0a030020 10001 100 68560 1206999 62327 31845
0a0a001c 0a02001e 10000 100 13727 1237999 31636 13746
0a010004 0a0a000a 10000 100 6639 1250000 20935 11401
0a050015 0a04000d 10000 100 14228 1214000 61091 13906
0a090015 0a0a0016 10000 100 77833 984999 291006 34905
0a060002 0a06000b 10000 100 33900 1253999 22061 16161
0a000016 0a0a0015 10000 100 43021 1165999 110183 23412
0a09001b 0a06000b 10000 100 96649 1168999 107239 41126
0a090018 0a05000d 10000 100 102827 977000 301195 43164
0a0a000e 0a06001e 10000 100 100283 1175000 107718 42319
0a06001b 0a0b001d 10000 100 98685 1066000 216795 41792
0a040011 0a090002 10000 100 50246 1113000 170118 25800
0a040016 0a020009 10000 100 48584 1175999 108259 25253
0a0a001a 0a06000d 10000 100 36070 1131000 153593 21126
0a020010 0a050012 10000 100 78077 1080999 207309 34998
0a02001f 0a06000d 10000 100 188817 846999 442593 71556
0a01001f 0a010006 10000 100 76380 1227000 63137 30184
0a000019 0a01001a 10000 100 43625 1165999 124254 23620
0a07001c 0a040016 10000 100 44780 1170000 120346 23990
0a02001b 0a0a001a 10000 100 22539 1229999 61830 16658
0a050007 0a06001b 10000 100 15173 1224999 67158 14224
0a08000e 0a000016 10000 100 74776 1146000 147442 33896
0a000010 0a0a0007 10000 100 57044 1116000 178035 28053
0a06000a 0a050010 10000 100 482855 670000 624038 168659
0a03000b 0a05001a 10000 100 19704 1248999 45274 15720
0a0b001b 0a040014 10000 100 88559 1093999 200322 38460
0a0b0019 0a070011 10000 100 85550 1020999 275097 37466
0a030019 0a01000d 10000 100 22933 1216999 79470 16784
0a020017 0a0b001b 10000 100 38516 1147000 149725 21924
0a070005 0a0b000b 10000 100 592866 47999 1249551 204999
0a07001a 0a06001c 10000 100 25025 1183999 115909 17469
0a03001d 0a0a0007 10000 100 71767 1129999 170550 32902
0a05001d 0a08001e 10000 100 202005 908999 393692 75915
0a080012 0a070013 10000 100 54017 1262000 41273 27053
0a090018 0a07001b 10000 100 266207 1139999 165139 97120
0a06001d 0a030018 10000 100 919399 237999 1067950 312823
0a06000b 0a02000d 10000 100 64572 1113000 192994 30538
0a010001 0a06000e 10000 100 35809 1247999 59653 21027
0a0b0009 0a070005 10000 100 14918 1278999 30322 14127
0a05001e 0a090007 10000 100 53690 1214000 95489 26933
0a070019 0a02000f 10000 100 34364 1227000 83319 20549
0a0b0009 0a0b0001 10000 100 3919 1289999 20864 6260
0a0a0020 0a090019 10000 100 57483 1183999 127503 28193
0a0a0004 0a0a0020 10000 100 1599770 262999 1048746 533275
0a0b000a 0a080008 10000 100 56492 1144999 166876 27861
0a0a0016 0a020015 10000 100 46342 1252000 62565 24505
0a060016 0a01001b 10000 100 103527 1116000 200241 43403
0a05001b 0a09000d 10000 100 82822 997999 319026 36563
0a000003 0a090003 10000 100 111416 962999 356620 46005
0a050006 0a00001b 10000 100 488257 438000 882191 170449
0a08001a 0a05001f 10000 100 58303 1180000 141042 28456
0a060006 0a050003 10000 100 19768 1234000 88124 15740
0a03001e 0a050013 10000 100 4569 1234000 88314 10723
0a060001 0a01001b 10000 100 515678 625000 698787 179500
0a010013 0a06001a 10000 100 57759 1211999 112296 28281
0a0b0006 0a05000c 10000 100 14855 1311000 14956 14107
0a0b001f 0a00001e 10000 100 87803 1188000 139671 38203
0a020001 0a03000c 10000 100 71203 1155999 172756 32722
0a040003 0a09001f 10000 100 60068 1149999 179176 29051
0a000013 0a0b0002 10000 100 30844 1260000 69941 19392
0a020015 0a0b0005 10000 100 28724 1263000 70019 18698
0a09001c 0a05000c 10000 100 40945 1188999 144416 22732
0a080018 0a02000e 10000 100 66975 1196999 136825 31323
0a02001d 0a0a0008 10000 100 441397 213999 1120124 154978
0a020010 0a00000c 10000 100 12077 1227999 107447 13202
0a0b0017 0a080005 10000 100 64050 1227000 112055 30356
0a070011 0a08000f 10000 100 67452 1281000 58870 31475
0a07001f 0a040009 10000 100 91856 934000 406355 39546
0a090012 0a08000c 10000 100 367754 239000 1101469 130659
0a060002 0a03001a 10000 100 18198 1311000 29877 15223
0a0b0002 0a080019 10000 100 90864 1224999 116489 39213
0a0a0010 0a010005 10000 100 69704 1137999 203673 32227
0a0a001d 0a08000c 10000 100 191786 1232000 110855 72537
0a080007 0a09001a 10000 100 96248 1124999 217861 40997
0a000008 0a050013 10000 100 11647 1288999 55171 13049
0a010008 0a0b0010 10000 100 19052 1294999 51124 15496
0a02001f 0a0a000a 10000 100 260905 534999 811231 95362
0a090018 0a060004 10000 100 189329 755000 591317 71736
0a080005 0a020001 10000 100 243315 818000 529108 89564
0a040017 0a070007 10000 100 34049 1183000 164515 20448
0a0a000a 0a010012 10000 100 51359 1286000 62785 26172
0a090003 0a0b001c 10000 100 14679 1270000 80457 14050
0a080004 0a0b0001 10000 100 100262 1026999 323742 42312
0a010018 0a0b0017 10000 100 34111 1196000 154976 20468
0a090014 0a020017 10000 100 14414 1291999 60716 13966
0a01001a 0a060010 10000 100 14852 1291999 60775 14106
0a0b0014 0a02001c 10000 100 207583 805000 549232 77761
0a030015 0a07000d 10000 100 66323 1170000 185507 31114
0a070016 0a030013 10000 100 44816 1252999 103036 24001
0a030012 0a0b0010 10000 100 5503 1293000 63730 11022
0a0a0019 0a02000c 10000 100 269383 1026999 330934 98167
0a030018 0a040005 10000 100 103554 1154000 204534 43412
0a0a0013 0a07001d 10000 100 97905 1252999 106181 41543
0a000002 0a0b0009 10000 100 235823 1057999 302707 87090
0a0a0009 0a0b0008 10000 100 85525 1221000 140669 37458
0a0a000f 0a05001e 10000 100 61864 1185999 175787 29641
0a0a000b 0a06000d 10000 100 311807 1123000 239466 112173
0a07000a 0a050007 10000 100 1672941 433000 929512 561682
0a02000d 0a070004 10000 100 150 1276000 88324 9263
0a040012 0a050015 10000 100 25373 1240999 123691 17580
0a010018 0a090019 10000 100 7485 1319999 46074 11672
0a01001d 0a010018 10001 100 64418 1283000 86120 26234
0a090013 0a080009 10000 100 6365 1350000 20450 11313
0a010003 0a070006 10000 100 29154 1281000 89684 18836
0a06000a 0a0b0006 10000 100 43853 1271999 98699 23693
0a010006 0a020012 10000 100 44806 1284999 85705 23998
0a000004 0a01001b 10000 100 22455 1281000 89882 16616
0a09000b 0a040012 10000 100 70590 1255000 115901 32526
0a050006 0a01001d 10000 100 56469 1327999 44940 27853
0a050001 0a08000b 10000 100 598553 304000 1071617 206880
0a040017 0a02000a 10000 100 37375 1278999 96767 21544
0a000017 0a000016 10000 100 3940 1368000 8009 6266
0a09000f 0a020016 10000 100 70695 1317999 59356 32559
0a01000e 0a010018 10000 100 192356 1221999 155556 68495
0a09000e 0a000003 10000 100 161209 1144000 234151 62445
0a07001f 0a07000e 10000 100 48829 1335000 43639 21092
0a030002 0a01000c 10000 100 26923 1286999 92390 18091
0a00001c 0a0a0008 10000 100 26292 1288999 92688 17889
0a08001a 0a03001a 10000 100 103267 1160000 223662 43305
0a010004 0a020014 10000 100 28544 1258000 126557 18641
0a0a0009 0a030005 10000 100 41680 1273999 111869 22967
0a050014 0a030008 10000 100 99541 1160000 227521 42082
0a040010 0a030001 10000 100 64942 1240999 147268 30657
0a0a0015 0a04000f 10000 100 49602 1317999 71805 25594
0a02000d 0a02001d 10000 100 8002 1379000 11429 7612
0a080015 0a080006 10000 100 100543 1317999 74274 38178
0a070003 0a020019 10000 100 11807 1379999 13676 13101
0a0b001f 0a040012 10000 100 91097 987000 407521 39288
0a040015 0a020008 10000 100 495645 675999 719352 172890
0a090017 0a040004 10000 100 92134 1240999 154783 39635
0a040016 0a020002 10000 100 71322 1327999 68453 32760
0a050018 0a05000f 10000 100 40663 1376999 20535 18402
0a02001d 0a020016 10000 100 29906 1374000 23963 14837
0a060017 0a040002 10000 100 72139 1252000 146308 33037
0a070019 0a08000f 10000 100 70311 1245999 152400 32421
0a0b0005 0a030016 10000 100 12501 1293000 107131 13338
0a0a0016 0a080002 10000 100 54647 1309999 93465 27255
0a03001f 0a0b001a 10000 100 58345 1363000 41445 28469
0a050003 0a040007 10000 100 730927 671999 732823 250592
0a010007 0a090014 10000 100 47208 1369999 35925 24798
0a030018 0a05001c 10000 100 8903 1333999 72936 12141
0a0a0010 0a030014 10000 100 3962 1361000 46422 10513
0a0b0009 0a0b0002 10000 100 70711 1376000 32406 28324
0a080004 0a050001 10000 100 64004 1252000 156626 30341
0a01000b 0a020005 10000 100 99955 1155999 255625 42214
0a03000d 0a01000e 10000 100 86678 1191999 219878 37827
0a07000a 0a0a001b 10000 100 91655 1180999 232562 39481
0a070008 0a05000d 10000 100 18484 1364999 49195 15314
0a07000a 0a000013 10000 100 72538 1147000 267608 33164
0a060009 0a000015 10000 100 32708 1358999 56301 20004
0a0a0016 0a050016 10000 100 59373 1384999 30426 28813
0a070019 0a04001d 10000 100 31952 1244000 174164 19762
0a010017 0a02000d 10000 100 20431 1391000 28517 15952
0a000016 0a010013 10000 100 3245 1405999 16789 10284
0a00001c 0a0a001f 10000 100 644523 1010000 413020 222052
0a040007 0a020010 10000 100 82103 1110000 313762 36317
0a0b0010 0a07000c 10000 100 6702 1379000 44905 11421
0a09001e 0a020009 10000 100 475719 523000 901955 166314
0a070019 0a00001a 10000 100 38115 1252999 172657 21796
0a040004 0a02000c 10000 100 65775 1224999 201056 30923
0a0b001c 0a0b0014 10000 100 33307 1353000 74083 15971
0a03001e 0a01000c 10000 100 61299 1229999 199386 29445
0a090015 0a0a0016 10001 100 85709 1381000 48861 37517
0a06000f 0a060006 10000 100 1718060 120999 1309095 572341
0a080017 0a09000f 10000 100 9078 1379999 50275 12212
0a02001a 0a07001d 10000 100 1060 1420000 10277 9554
0a06001b 0a03000f 10000 100 1716 1386000 44875 9779
0a07000c 0a050015 10000 100 91150 1080000 351210 39304
0a0a0015 0a000007 10000 100 1983221 409999 1022498 664152
0a040017 0a08001d 10000 100 220114 1268000 164909 81894
0a000016 0a01001e 10000 100 50668 1386999 48780 25936
0a040002 0a040015 10000 100 42250 1412999 23511 18925
0a08001a 0a080003 10000 100 1594742 506000 931167 531620
0a030016 0a06000b 10000 100 31373 1379000 59443 19561
0a07001d 0a0a0016 10000 100 23624 1396000 42526 17005
0a070005 0a07001f 10000 100 2370063 261000 1177626 787664
0a06000e 0a020007 10000 100 49481 1257000 182383 25540
0a06000a 0a080016 10000 100 36896 1343000 97367 21390
0a07000a 0a070012 10000 100 39699 1392999 47962 18078
0a070007 0a01000a 10000 100 55688 1288000 154504 27603
0a080020 0a09000a 10000 100 36345 1314000 128980 21214
0a07000b 0a040018 10000 100 58897 1322000 121061 28661
0a090007 0a00000c 10000 100 39017 1330000 113129 22100
0a030010 0a0a000a 10000 100 40030 1409000 34645 22424
0a0b000a 0a0b0013 10000 100 24065 1423999 19999 12921
0a050011 0a060014 10000 100 48736 1296000 148457 25302
0a0b0015 0a0a0010 10000 100 38786 1283000 161589 22010
0a050006 0a08000d 10000 100 429626 737000 711726 151088
0a040004 0a04000a 10000 100 681805 1118999 330154 230126
0a0a001a 0a040009 10000 100 24556 1356999 93682 17319
0a0b001b 0a060011 10000 100 39388 1281999 168996 22218
0a0a0002 0a07001c 10000 100 45895 1368999 82183 24362
0a000012 0a04000f 10000 100 27038 1410000 42988 18144
0a020011 0a00000a 10000 100 34911 1337999 115820 20740
0a040010 0a0a000e 10000 100 103007 1278000 177379 43222
0a0a0009 0a0a0020 10000 100 1828409 192999 1263774 608774
0a02000c 0a00001b 10000 100 101282 1196000 260953 42654
0a000002 0a080017 10000 100 872469 487999 970193 297329
0a0a001c 0a000007 10000 100 14229 1431999 26793 13906
0a09000f 0a090001 10000 100 1105 1453000 5842 5328
0a04001a 0a07001c 10000 100 270313 1110000 349446 98480
0a000015 0a080007 10000 100 2813 1440000 21399 10130
0a0b001e 0a04000f 10000 100 85133 1247999 214874 37318
0a000011 0a07001e 10000 100 62025 1283999 179176 29693
0a0b0002 0a030005 10000 100 13679 1420999 42288 13730
0a020001 0a0b0016 10000 100 52076 1309999 153472 26401
0a0b0016 0a020001 10000 100 79522 1340999 123267 35476
0a020014 0a060006 10000 100 85851 1087000 378450 37563
0a00000b 0a08000b 10000 100 285558 693000 774346 103512
0a020018 0a000017 10000 100 48792 1258000 210233 25320
0a040012 0a070013 10000 100 23522 1415000 53338 16972
0a0b0005 0a020015 10001 100 99845 1335000 135649 42179
0a030015 0a010018 10000 100 58709 1381000 89921 28601
0a020016 0a070018 10000 100 37272 1389000 82759 21511
0a050014 0a010019 10000 100 6183 1448000 26570 11255
0a0b000b 0a0a0015 10000 100 29134 1453999 21643 18830
0a06001b 0a0a001e 10000 100 17778 1405999 70358 15073
0a020010 0a07000b 10000 100 35901 1281999 196854 21056
0a080005 0a02001d 10000 100 87857 1294000 185082 38220
0a010009 0a010016 10000 100 26859 1461000 18415 13831
0a03001b 0a070010 10000 100 58385 1288000 191445 28482
0a08000d 0a010004 10000 100 182985 1152999 327054 69629
0a010013 0a040009 10000 100 59092 1422000 59028 28723
0a020011 0a050002 10000 100 63032 1258999 222706 30030
0a03000e 0a060006 10000 100 106768 1206000 277033 44471
0a00000b 0a00000e 10000 100 25501 1445000 38684 13396
0a000003 0a000011 10000 100 76542 1430000 53728 30252
0a09000e 0a02000f 10000 100 59797 1443000 43588 28949
0a05000f 0a000011 10000 100 104610 1170000 316673 43750
0a02000e 0a08000c 10000 100 94594 1417999 68981 40453
0a090015 0a05000e 10000 100 81216 1302999 185498 36033
0a060016 0a02001c 10000 100 16254 1386999 102648 14570
0a00001c 0a04000a 10000 100 3381 1456999 34149 10328
0a050002 0a09000f 10000 100 51609 1449999 41946 26252
0a010019 0a08000d 10000 100 70890 1446999 45926 32622
0a01000c 0a070005 10000 100 10348 1438000 55341 12618
0a000010 0a04000e 10000 100 93188 1270000 224349 39987
0a040013 0a080019 10000 100 90728 1338999 155834 39169
0a010006 0a030008 10000 100 41752 1405999 89074 22990
0a07001b 0a000011 10000 100 79050 1185999 309207 35310
0a07001a 0a010011 10000 100 71257 1456000 39436 32739
0a020012 0a020013 10000 100 50950 1459999 35987 21786
0a030017 0a06000b 10000 100 28518 1400999 95878 18632
0a080004 0a040005 10000 100 15764 1435000 61879 14413
0a090013 0a01000f 10000 100 69757 1373000 125107 32244
0a010012 0a040016 10000 100 65332 1350000 148957 30782
0a05001f 0a0b0015 10000 100 21822 1469999 29381 16413
0a070004 0a010012 10000 100 28889 1438000 62757 18751
0a090014 0a050015 10000 100 94353 1178000 323020 40360
0a060013 0a03001f 10000 100 42966 1463000 38342 23394
0a04000a 0a050019 10000 100 55461 1342000 159772 27515
0a05001a 0a080019 10000 100 17417 1476000 26182 14957
0a050004 0a05000b 10000 100 54516 1466999 35217 22973
0a02001b 0a07000b 10000 100 102448 1270999 232161 43043
0a0b000a 0a0b0011 10000 100 103803 1448999 54252 39252
0a03001d 0a020018 10000 100 33879 1420000 84257 20394
0a04000a 0a050006 10000 100 101205 1232000 274011 42630
0a01001f 0a03001d 10000 100 23193 1461999 44535 16867
0a020002 0a050007 10000 100 97534 1188999 318511 41424
0a02001c 0a00000c 10000 100 95311 1379999 129212 40682
0a03000b 0a0b001c 10000 100 7239 1476000 33409 11593
0a090017 0a000005 10000 100 63225 1433000 76866 30092
0a000001 0a090002 10000 100 278294 854999 655487 101111
0a00001c 0a09001b 10000 100 43865 1402000 108711 23697
0a00001d 0a000010 10000 100 233356 1301999 209409 82030
0a040013 0a070018 10000 100 56960 1418999 93899 28010
0a020019 0a060005 10000 100 34009 1353000 159970 20436
0a0a0009 0a000003 10000 100 24366 1467999 46439 17258
0a020017 0a060013 10000 100 104720 1265000 250462 43785
0a00000e 0a01000e 10000 100 6293 1476000 39831 11290
0a070019 0a01000c 10000 100 24943 1397999 118324 17442
0a050016 0a040009 10000 100 9561 1458000 59969 12367
0a0a0007 0a060008 10000 100 24381 1463000 55964 17263
0a030004 0a02000c 10000 100 48748 1396000 126719 25306
0a06000a 0a080019 10000 100 30236 1418999 104274 19198
0a03000c 0a0b0016 10000 100 52721 1345999 178758 26623
0a02000b 0a000001 10000 100 2116548 638000 888252 708183
0a020019 0a03001e 10000 100 486608 1198999 328816 169906
0a010007 0a0b0002 10000 100 80773 1479999 49693 35876
0a050003 0a0b000a 10000 100 14178 1497000 34212 13890
0a04000b 0a0b0001 10000 100 101122 1098000 434073 42603
0a05001a 0a0b0020 10000 100 45825 1497999 34720 24340
0a05000b 0a0b001b 10000 100 68380 1276999 256331 31788
0a020016 0a0b0005 10000 100 88903 1208000 326327 38570
0a04001d 0a0a0017 10000 100 40336 1456000 79286 22522
0a090018 0a000019 10000 100 222450 1110000 426723 82672
0a03000f 0a050003 10000 100 102982 1275000 262966 43214
0a070006 0a04000e 10000 100 851474 738999 799138 290396
0a030002 0a050019 10000 100 50394 1309000 230145 25848
0a040001 0a0a0011 10000 100 64063 1276999 263683 30360
0a05000f 0a020007 10000 100 33574 1441000 100566 20296
0a030016 0a010002 10000 100 70191 1286000 260227 32383
0a060011 0a0a000d 10000 100 8514 1505999 41501 12016
0a040004 0a030002 10000 100 99608 1231000 316662 42103
0a050003 0a070004 10000 100 54831 1472999 76090 27314
0a050012 0a020018 10000 100 37205 1404000 147503 21489
0a07001d 0a010020 10000 100 21451 1417999 133658 16294
0a00000e 0a06001b 10000 100 69089 1325000 226787 32030
0a05001b 0a07000f 10000 100 69318 1472000 81913 32103
0a00000c 0a03001c 10000 100 79279 1270999 283456 35383
0a010006 0a0a0015 10000 100 42034 1409000 145774 23096
0a080018 0a050002 10000 100 57061 1314999 241893 28058
0a020001 0a02001e 10000 100 2563677 148999 1407983 851602
0a010012 0a00000b 10000 100 9779 1490000 67449 12436
0a070005 0a06000d 10000 100 56761 1430999 129031 27947
0a02000e 0a01001d 10000 100 47355 1435999 124191 24845
0a020009 0a010007 10000 100 56938 1435999 124326 28003
0a040010 0a0b0012 10000 100 40125 1425000 135798 22454
0a040011 0a050011 10000 100 765785 369999 1190875 262100
0a020004 0a05001d 10000 100 338363 1389000 172047 120947
0a04001d 0a01001c 10000 100 60107 1374999 186903 29064
0a07001c 0a0b0018 10000 100 73769 1361999 200082 33574
0a04001c 0a020011 10000 100 228693 1051999 512823 84731
0a07000a 0a060020 10000 100 91989 1389000 176540 39588
0a060019 0a00000a 10000 100 10738 1500999 65660 12759
0a01001c 0a02001b 10000 100 26119 1479999 86722 17834
0a08000d 0a02001c 10000 100 79582 1474000 93515 35495
0a030004 0a070005 10000 100 771236 850999 716670 263905
0a030016 0a030006 10000 100 2291484 192999 1375235 761704
0a070016 0a030009 10000 100 78373 1443000 125500 35093
0a00000b 0a0a0007 10000 100 88504 1286999 282060 38442
0a090014 0a09000e 10000 100 15562 1557000 12808 10108
0a050008 0a09001f 10000 100 17650 1505000 67782 15032
0a000008 0a07000b 10000 100 231025 961999 611139 85508
0a01000a 0a05001e 10000 100 31660 1507000 66496 19669
0a0a0005 0a040020 10000 100 38244 1453000 121276 21837
0a070020 0a010008 10000 100 336513 643000 931885 120340
0a0a001c 0a0a000e 10000 100 33731 1546999 28996 16107
0a020015 0a010006 10000 100 983711 554000 1023103 334063
0a0b0010 0a0b0016 10000 100 9253 1570999 9220 8028
0a03001e 0a010019 10000 100 36347 1459999 121649 21215
0a00001a 0a060014 10000 100 15842 1487000 95669 14438
0a03001e 0a05000f 10000 100 9471 1559999 23546 12338
0a070017 0a010005 10000 100 24213 1513999 72372 17209
0a070012 0a070014 10000 100 44278 1526000 61586 19589
0a01000a 0a0a000e 10000 100 81964 1435999 151892 36273
0a080004 0a020013 10000 100 195072 1208000 380937 73635
0a04001a 0a000004 10000 100 6790 1520000 68938 11449
0a060018 0a07001d 10000 100 50108 1458000 132455 25756
0a01000e 0a050006 10000 100 25336 1559000 32102 17568
0a070007 0a000006 10000 100 43304 1427000 164211 23502
0a06001f 0a0a0010 10000 100 77571 1445000 146944 34821
0a060013 0a0a0018 10000 100 339052 1253999 338127 121183
0a04001e 0a030013 10000 100 84632 1386000 206504 37157
0a09000a 0a080015 10000 100 851821 185999 1406895 290507
0a0b0011 0a04001c 10000 100 59348 1476000 116972 28805
0a030004 0a0a0007 10000 100 89954 1376999 216756 38906
0a010006 0a08000f 10000 100 22500 1579000 18077 16630
0a00001a 0a0b000e 10000 100 28744 1502000 95575 18705
0a000004 0a030005 10000 100 81442 1265000 333295 36106
0a090020 0a070019 10000 100 77648 1474000 124919 34846
0a04000d 0a03000b 10000 100 23299 1546000 53174 16901
0a0b000d 0a02001c 10000 100 11852 1561000 38620 13115
0a060016 0a030016 10000 100 25441 1502999 96645 17602
0a06000d 0a060005 10000 100 875339 1128000 472301 294038
0a00000a 0a06000d 10000 100 459610 716999 883435 160990
0a09001b 0a07000a 10000 100 71151 1404000 197850 32705
0a03001d 0a070018 10000 100 85068 1381000 221372 37297
0a000015 0a08000b 10000 100 73515 1276000 326561 33492
0a030009 0a020002 10000 100 280396 1159000 444034 101799
0a02001c 0a06001d 10000 100 87897 1286000 320239 38233
0a03001a 0a0a000a 10000 100 88299 1389000 218285 38361
0a03000a 0a01000b 10000 100 32783 1497999 109801 20028
0a000001 0a090002 10001 100 75290 1541999 66133 34076
0a07000f 0a0b0019 10000 100 369081 1407000 201267 131099
0a0b001e 0a030016 10000 100 95993 1471000 139288 40900
0a020009 0a050014 10000 100 73982 1364999 245545 33642
0a01001b 0a0a0016 10000 100 19484 1572999 37966 15634
0a020014 0a010007 10000 100 4154 1600999 11122 10575
0a050017 0a080014 10001 100 287589 965999 646364 104177
0a010001 0a070018 10000 100 98043 1515999 96613 41587
0a090002 0a04000c 10000 100 92932 1551999 60976 39890
0a08001c 0a080013 10000 100 90319 1564000 50175 34799
0a0b001b 0a05000f 10000 100 54117 1531999 83350 27085
0a020005 0a08001a 10000 100 12857 1595999 19766 13452
0a0a0004 0a070020 10000 100 22108 1554999 61095 16504
0a0a000d 0a090016 10000 100 69638 1417999 200932 32206
0a0a000f 0a000019 10000 100 653503 346000 1273462 225017
0a06000e 0a080010 10000 100 16754 1582999 38120 14745
0a020010 0a040013 10000 100 14279 1569000 53316 13922
0a090009 0a03001a 10000 100 387525 519999 1102538 137186
0a030004 0a040005 10000 100 93301 1461999 160592 40024
0a010010 0a030014 10000 100 717474 451000 1171709 246149
0a0a0001 0a08001b 10000 100 31304 1567000 56587 19539
0a060006 0a040007 10000 100 66732 1484000 139990 31245
0a05000a 0a040002 10000 100 76360 1361000 263370 34418
0a0b0011 0a01001f 10000 100 44484 1541999 82524 23895
0a09000e 0a030018 10000 100 78302 1420999 204587 35070
0a090014 0a010013 10000 100 46886 1404000 222454 24695
0a060007 0a070001 10000 100 73176 1415000 213871 33368
0a090007 0a050003 10000 100 73738 1487999 141013 33564
0a0a0001 0a020003 10000 100 34133 1529999 99685 20475
0a060002 0a010013 10000 100 60279 1582999 47529 29119
0a010011 0a0b0008 10000 100 42654 1531000 99636 23294
0a050009 0a05000c 10000 100 27655 1598999 32801 14101
0a000011 0a030017 10000 100 707656 822999 808967 242899
0a07001f 0a0b001e 10000 100 41405 1487000 145343 22879
0a030018 0a090016 10000 100 47140 1366999 265369 24776
0a06000d 0a070009 10000 100 68842 1423999 210595 31936
0a050013 0a030009 10000 100 46825 1521999 113452 24675
0a09001d 0a070009 10000 100 91968 1502999 133157 39582
0a030017 0a00001e 10000 100 750099 29000 1609943 256927
0a090010 0a04001f 10000 100 815745 1077999 562016 278594
0a080012 0a0b0010 10000 100 52025 1497999 143185 26385
0a0a0006 0a030014 10000 100 72596 1547999 93193 33183
0a09000a 0a010020 10000 100 14452 1593999 49039 13978
0a090020 0a050008 10000 100 96729 1520999 124123 41151
0a09000e 0a0a001b 10000 100 37271 1613000 32239 21510
0a08000a 0a060011 10000 100 490673 110999 1537602 171253
0a060013 0a0b0004 10000 100 98188 1585999 64204 41633
0a0b0008 0a000001 10000 100 54660 1495999 154439 27259
0a03000d 0a010018 10000 100 485238 743999 906881 169452
0a010005 0a060019 10000 100 50853 1523999 129259 25995
0a0a000f 0a050017 10000 100 74369 1423000 230599 33766
0a0b0006 0a020012 10000 100 61014 1546999 106685 29354
0a04001e 0a070010 10000 100 622699 119999 1534598 214853
0a0b001d 0a0b000a 10000 100 3352 1649000 5650 6078
0a080012 0a00001f 10000 100 83277 1484999 170178 36708
0a0b001b 0a020006 10000 100 10192 1608999 46339 12568
0a0a0014 0a060002 10000 100 76589 1413999 241857 34507
0a020003 0a06000a 10000 100 12261 1562000 94223 13261
0a080013 0a020020 10000 100 395771 522000 1135153 139901
0a02000a 0a060007 10000 100 402789 890999 769090 142224
0a050004 0a000002 10000 100 68057 1464999 195652 31684
0a070013 0a05001b 10000 100 41620 1546000 115132 22948
0a09001a 0a050019 10000 100 672415 1031999 630180 231269
0a0b0009 0a060016 10000 100 94657 1430000 232380 40473
0a06000f 0a04001c 10000 100 94568 1469999 192922 40444
0a020004 0a070020 10000 100 98753 1417000 246502 41814
0a050011 0a0a000c 10000 100 48742 1554000 110550 25304
0a060001 0a00001a 10000 100 19233 1569999 95363 15554
0a06001f 0a05001b 10000 100 13739 1577999 87435 13750
0a020002 0a04000e 10000 100 496152 742999 926567 173052
0a010005 0a080006 10000 100 93184 1502999 166868 39986
0a0b0009 0a010013 10000 100 94621 1413999 256377 40461
0a0b0002 0a060010 10000 100 86382 1549999 120509 37733
0a07001c 0a080013 10000 100 563387 639000 1031811 195259
0a040001 0a040014 10000 100 482947 1229999 442121 164448
0a000017 0a03000e 10000 100 260654 1392000 280157 95281
0a02001f 0a070013 10000 100 277183 1129000 543941 100740
0a050008 0a0a0011 10000 100 90258 1533999 141549 39019
0a060003 0a090005 10000 100 35054 1512000 167994 20785
0a090007 0a070013 10000 100 92252 1567999 112591 39672
0a070020 0a06001b 10000 100 343934 1020999 659853 122791
0a020009 0a0a000f 10000 100 70392 1528000 155003 32447
0a090016 0a070016 10000 100 102954 1430000 255558 43205
0a05000c 0a0a0007 10000 100 414836 1211999 477221 146202
0a090006 0a06000e 10000 100 79382 1448999 240490 35416
0a010001 0a03001e 10000 100 27499 1616000 73515 18291
0a030020 0a01000f 10000 100 21250 1623000 66832 16230
0a010017 0a00001c 10000 100 70725 1474999 214886 32569
0a060013 0a0a001c 10000 100 102117 1317000 373009 42937
0a080018 0a090010 10000 100 104788 1430000 260269 43807
0a040002 0a00001a 10000 100 72478 1461000 230940 33145
0a04000f 0a040007 10000 100 20400 1667999 24937 11703
0a010009 0a00000d 10000 100 12362 1603999 88971 13294
0a0b0015 0a00001f 10000 100 63838 1489000 204554 30288
0a0a001d 0a04001f 10000 100 86892 1498999 194634 37896
0a0a000d 0a040011 10000 100 39205 1574000 119901 22160
0a01001c 0a04000b 10000 100 67945 1575000 119430 31648
0a000006 0a07001a 10000 100 96152 1345999 348881 40967
0a04001e 0a020019 10000 100 70375 1461999 233923 32441
0a020013 0a09000f 10000 100 6277 1644000 55030 11285
0a01000a 0a0a000e 10001 100 98007 1569000 130345 41576
0a0b0017 0a08001e 10000 100 35289 1628000 71860 20861
0a0a001e 0a080011 10000 100 68076 1541000 159069 31690
0a040007 0a0a001d 10000 100 8482 1655000 46829 12006
0a0b001c 0a040011 10000 100 94250 1415000 287677 40327
0a030001 0a04000b 10000 100 6492 1644999 61692 11354
0a060017 0a03000e 10000 100 52828 1590999 116326 26657
0a020013 0a050011 10000 100 26204 1639000 68384 17861
0a09001f 0a050015 10000 100 91085 1329000 379487 39284
0a07001c 0a04000d 10000 100 8616 1670000 39373 12049
0a0a0004 0a070008 10000 100 490741 248999 1460496 171275
0a090009 0a01000c 10000 100 77581 1386999 326060 34824
0a020014 0a080012 10000 100 53354 1677000 36457 26826
0a09000d 0a08001d 10000 100 41799 1608999 104733 23005
0a070018 0a0a000d 10000 100 83689 1482000 232876 36840
0a040020 0a02001d 10000 100 547 1598999 115982 9390
0a03001f 0a070001 10000 100 22033 1608000 107359 16480
0a03000f 0a08000a 10000 100 873 1657000 63301 9494
0a0a0008 0a06001a 10000 100 65239 1536999 183615 30752
0a070009 0a01001e 10000 100 96808 1466999 255208 41176
0a070017 0a040008 10000 100 149090 1201999 521639 58444
0a040014 0a070014 10000 100 96966 1515000 208650 41227
0a020004 0a090002 10000 100 43063 1601999 122354 23425
0a000015 0a000007 10000 100 2019 1696000 30440 5636
0a040001 0a020002 10000 100 484227 587999 1138923 169113
0a05001e 0a050013 10000 100 7557 1703000 23923 7470
0a020020 0a060002 10000 100 65709 1543000 184272 30902
0a07000c 0a040014 10000 100 61757 1487000 240864 29607
0a0b0007 0a090004 10000 100 82708 854999 873390 36526
0a0b0007 0a030012 10000 100 68695 1557000 171902 31888
0a020006 0a0a0006 10000 100 491369 353000 1377764 171476
0a000007 0a040006 10000 100 48666 1585999 146313 25280
0a070010 0a060005 10000 100 15017 1706999 25666 14174
0a0b0019 0a03001b 10000 100 493443 1061000 672953 172155
0a090001 0a090017 10000 100 102130 1616999 117372 38701
0a010017 0a070006 10000 100 12917 1660000 76612 13471
0a070020 0a040016 10000 100 42059 1579000 159009 23104
0a060010 0a0a0002 10000 100 14514 1662999 76063 13998
0a010009 0a050011 10000 100 37808 1634000 106839 21697
0a09000f 0a050017 10000 100 97975 1480999 260008 41565
0a0b0011 0a07001d 10000 100 21896 1657999 83400 16437
0a01000b 0a020016 10000 100 638406 177999 1563522 220033
0a070012 0a010003 10000 100 593852 589000 1157698 205315
0a05000f 0a00000d 10000 100 33172 1611999 135887 20168
0a080012 0a010010 10000 100 66265 1610000 138026 31096
0a000019 0a09001b 10000 100 437648 1417000 331776 153732
0a040003 0a09000e 10000 100 244278 846999 904488 89872
0a030013 0a000010 10000 100 53226 1515999 239338 26785
0a040015 0a040019 10000 100 786515 768000 988426 264708
0a050005 0a0a000a 10000 100 55672 1600999 155983 27598
0a0b001e 0a08000e 10000 100 826802 25999 1731787 282255
0a090005 0a090009 10000 100 52488 1729000 31406 22293
0a0a000f 0a010016 10000 100 294130 891999 869148 106347
0a010007 0a0b001e 10000 100 35384 1716000 46291 20891
0a040007 0a04001f 10000 100 25331 1729000 34061 13327
0a04000f 0a070004 10000 100 100608 1512000 252781 42439
0a060007 0a00001a 10000 100 30058 1655999 109515 19141
0a0b0011 0a0b0007 10000 100 162311 1678999 87559 58573
0a030020 0a05000b 10000 100 2529 1704999 63149 10040
0a0a0006 0a090004 10000 100 23613 1263999 504221 17001
0a00000f 0a090006 10000 100 260065 1299000 473781 95093
0a0b001d 0a060004 10000 100 95405 1729000 43832 40712
0a000018 0a09001b 10000 100 61357 1611000 164084 29464
0a000014 0a070004 10000 100 54256 1574000 202318 27130
0a05000e 0a040004 10000 100 69688 1585999 190430 32222
0a000011 0a060011 10000 100 21424 1716000 60664 16286
0a07000b 0a0b0015 10000 100 619 1755999 22336 9413
0a03000e 0a00001d 10000 100 35256 1696000 82693 20850
0a01001f 0a09000a 10000 100 54305 1631000 147962 27145
0a08000f 0a070009 10000 100 80758 1603000 176798 35872
0a01001f 0a060015 10000 100 94843 1693999 87571 40532
0a000012 0a03000e 10000 100 21081 1732999 48788 16176
0a070018 0a090001 10000 100 98737 1477999 303875 41809
0a03000f 0a030020 10000 100 37163 1719999 62200 17236
0a01001c 0a00001c 10000 100 9893 1729999 53625 12473
0a020011 0a05000b 10000 100 143759 1489000 294848 56677
0a07000e 0a020020 10000 100 79294 1652000 132156 35388
0a000006 0a050012 10000 100 48729 1624999 161742 25300
0a09000b 0a070007 10000 100 197895 1333999 456439 74553
0a090001 0a03001a 10000 100 73850 1726000 67647 33600
0a040010 0a070012 10000 100 3333 1757000 38673 10312
0a01000a 0a090016 10000 100 90236 1577999 218052 39012
0a080013 0a020018 10000 100 16021 1739000 57446 14495
0a090013 0a040017 10000 100 14002 1698000 98939 13834
0a0a000f 0a050004 10000 100 68450 1582999 214014 31810
0a020020 0a060006 10000 100 85386 1557000 241293 37399
0a01001c 0a04001f 10000 100 89877 1655000 143391 38882
0a01000d 0a090004 10000 100 4484 1283999 515099 10680
0a04000f 0a03000f 10000 100 91282 1443999 355989 39347
0a020004 0a0a0011 10000 100 65169 1655000 145515 30729
0a01000c 0a01000b 10000 100 82056 1735999 64829 32062
0a0b001f 0a010007 10000 100 6950 1771999 28893 11500
0a09001c 0a0a000f 10000 100 719950 1330999 470078 246956
0a05000e 0a070007 10000 100 46201 1569000 232482 24460
0a010001 0a050005 10000 100 19652 1737000 65176 15703
0a0a0011 0a00001e 10000 100 74455 1598999 203282 33793
0a080012 0a020017 10000 100 57945 1634000 168661 28341
0a070002 0a0b000e 10000 100 857610 375000 1429344 292421
0a080001 0a03001c 10000 100 9150 1761999 42345 12235
0a050004 0a090018 10000 100 43767 1644000 161786 23666
0a0a0009 0a05001b 10000 100 84505 1716000 89867 37117
0a030007 0a090003 10000 100 75173 1667000 140342 34038
0a03001d 0a0a0012 10000 100 99679 1659000 150964 42126
0a010016 0a020013 10000 100 21581 1730999 79081 16336
0a060019 0a07001b 10000 100 2852 1755999 55538 10143
0a00000f 0a0b001f 10000 100 8938 1758999 52839 12152
0a050002 0a04000f 10000 100 82687 1636000 176210 36520
0a04001b 0a03000c 10000 100 341315 1098999 715399 121922
0a0a0002 0a070006 10000 100 808501 1276000 539428 276214
0a060002 0a090003 10000 100 603330 648999 1166518 208455
0a07001d 0a020013 10000 100 67907 1448999 367841 31636
0a09000a 0a010016 10000 100 80691 1618999 200157 35850
0a090014 0a070020 10000 100 15867 1719999 100261 14446
0a0b000d 0a02001d 10000 100 58018 1662999 157784 28364
0a0a001a 0a09000c 10000 100 100868 1564000 257165 42522
0a000019 0a09001d 10000 100 13161 1778999 42213 13549
0a04001c 0a040020 10000 100 1947206 141000 1681289 648018
0a080015 0a05000f 10000 100 91569 1655000 168100 39454
0a00001b 0a070016 10000 100 41423 1742999 80204 22885
0a010016 0a050019 10000 100 92734 1626000 198075 39827
0a070011 0a08000d 10000 100 93625 1443999 380366 40127
0a040002 0a000010 10000 100 97130 1505999 318847 41280
0a070003 0a090015 10000 100 17282 1740999 83896 14914
0a080014 0a080009 10000 100 1683476 622999 1202086 560921
0a090008 0a0b0012 10000 100 482483 1075999 749583 168540
0a030007 0a000007 10000 100 59567 1745000 81075 28875
0a050019 0a070012 10000 100 519235 821000 1007121 180685
0a04001b 0a040009 10000 100 170847 1722999 107545 61382
0a000008 0a090007 10000 100 22494 1796999 38052 16628
0a08001e 0a090001 10000 100 59650 1732000 108234 28902
0a030007 0a0b0006 10000 100 62217 1665999 174274 29754
0a04001d 0a020010 10000 100 8066 1755000 85316 11873
0a03001a 0a020014 10000 100 23912 1765999 75796 17097
0a07001f 0a080005 10000 100 479066 451999 1390338 167416
0a0a0001 0a010012 10000 100 55532 1621000 223300 27553
0a000017 0a000004 10000 100 2362864 485999 1358455 785283
0a04001b 0a050009 10000 100 35104 1724000 121966 20801
0a030011 0a010014 10000 100 26880 1768000 78775 18078
0a0a001c 0a03001a 10000 100 57106 1807999 39061 28072
0a02001c 0a070008 10000 100 52396 1557999 289333 26504
0a010004 0a03000d 10000 100 64947 1513999 333350 30658
0a0b0019 0a090005 10000 100 101970 1593999 253708 42874
0a060001 0a020013 10000 100 46118 1667000 180770 24433
0a040016 0a00000a 10000 100 21244 1825999 22113 16228
0a0a0009 0a0b0017 10000 100 54423 1753000 95568 27183
0a050018 0a0a000d 10000 100 70228 1688000 160836 32394
0a08000a 0a040010 10000 100 66244 1634000 214878 31089
0a0a0002 0a090018 10000 100 632941 389000 1460058 218223
0a030013 0a0a001a 10000 100 85776 1696000 153421 37539
0a080014 0a070019 10001 100 71450 1538000 311510 32801
0a06001f 0a03000c 10000 100 64104 1529999 319920 30373
0a07001c 0a000017 10000 100 62049 1753999 95984 29700
0a010017 0a0b0015 10000 100 14891 1799000 51661 14118
0a000004 0a0a001d 10000 100 10056 1770000 81437 12525
0a04000b 0a090017 10000 100 50001 1719999 132045 25722
0a08000d 0a000019 10000 100 33991 1750000 102574 20430
0a0b0017 0a090017 10000 100 1676425 44999 1807808 562828
0a050015 0a090011 10000 100 67149 1665000 189084 31378
0a0a000b 0a0b0018 10000 100 63947 1685000 169677 30323
0a020019 0a010014 10000 100 468474 395999 1459142 163919
0a020016 0a090014 10000 100 677052 299999 1555621 232799
0a02001f 0a050015 10000 100 5094 1804000 51650 10891
0a030015 0a040006 10000 100 72345 1513999 343949 33103
0a04001e 0a0a0016 10000 100 56774 1735999 122198 27951
0a000018 0a0a0019 10000 100 103703 1634000 225089 43460
0a050017 0a090013 10000 100 1239 1835000 24253 9611
0a08000f 0a00001a 10000 100 462349 322000 1538667 161897
0a040016 0a020009 10001 100 89946 1716000 144959 38904
0a020003 0a03000c 10000 100 30794 1742000 119532 19376
0a03000d 0a06001a 10000 100 40090 1748999 113051 22443
0a01000a 0a050012 10000 100 31605 1747000 115377 19651
0a05001a 0a020012 10000 100 55419 1657999 204621 27502
0a05001d 0a080011 10000 100 6481 1817000 46649 11350
0a09000a 0a020008 10000 100 78502 1637000 228496 35134
0a07000e 0a050008 10000 100 31833 1726000 139718 19724
0a0b0001 0a030008 10000 100 99101 1632999 232731 41941
0a050012 0a010010 10000 100 18754 1768999 100734 15400
0a0b0001 0a020005 10000 100 48065 1789999 79780 25087
0a0a0017 0a080015 10000 100 76634 1696999 173523 34521
0a080007 0a0b001b 10000 100 44410 1797999 73382 23872
0a060005 0a03001a 10000 100 94150 1513999 357916 40295
0a09000e 0a0b0017 10000 100 253781 1335999 537439 93021
0a020015 0a01000a 10000 100 55038 1734999 139157 27380
0a010012 0a06001a 10000 100 22704 1806000 68383 16711
0a04001a 0a07000e 10000 100 40422 1807000 67610 22549
0a01000e 0a040020 10000 100 45434 1730999 143647 24215
0a070011 0a0a0011 10000 100 628655 1379000 496787 216820
0a080014 0a0b0015 10000 100 75004 1796999 78850 33984
0a040005 0a03000f 10000 100 99395 1500999 375403 42035
0a08000b 0a0b0020 10000 100 101139 1567999 309263 42608
0a070012 0a010005 10000 100 17334 1807000 70611 14931
0a050012 0a050009 10000 100 19927 1846999 31110 11551
0a03001b 0a05001b 10000 100 97870 1799999 78151 41532
0a070019 0a05000e 10000 100 41787 1709999 168797 23001
0a010020 0a0b001d 10000 100 87266 1770000 109183 38031
0a05001d 0a0a000f 10000 100 90272 1667999 212016 39024
0a010017 0a040015 10000 100 84605 1796000 84479 37149
0a04001a 0a030004 10000 100 95770 1484000 397717 40829
0a020012 0a030010 10000 100 41269 1688999 193743 22836
0a04000f 0a050015 10000 100 83712 1698000 185484 36848
0a0a0014 0a080018 10000 100 47316 1735999 147929 24832
0a0a0018 0a07001f 10000 100 85983 1637999 246438 37605
0a020007 0a010011 10000 100 28626 1832999 52318 18667
0a09000c 0a060020 10000 100 17147 1740999 144927 14871
0a00000a 0a0b0012 10000 100 47395 1704999 182826 24857
0a02000c 0a04001a 10000 100 43652 1797999 90120 23629
0a000016 0a090002 10000 100 33585 1711000 177181 20300
0a0a0003 0a020004 10000 100 342710 1275000 613764 122384
0a080010 0a0a0019 10000 100 103055 1701000 187960 43237
0a0a000f 0a000012 10000 100 26591 1801999 87118 17985
0a090002 0a05001b 10000 100 18275 1832000 59576 15247
0a020004 0a060004 10000 100 12193 1861999 31379 13240
0a060012 0a080010 10000 100 80452 1737000 156481 35774
0a070015 0a090001 10000 100 52562 1776000 118025 26572
0a09001a 0a0a000f 10000 100 81994 1812000 82167 36282
0a020010 0a06001c 10000 100 31129 1773000 121193 19483
0a050014 0a09001d 10000 100 105207 1590000 307470 43956
0a00001d 0a05000f 10000 100 60077 1804000 94079 29054
0a0b001f 0a030015 10000 100 59689 1721000 177822 28914
0a000011 0a010014 10000 100 3203 1884999 14145 10271
0a070008 0a040011 10000 100 87003 1637999 261404 37947
0a020003 0a070017 10000 100 103005 1851999 48229 43221
0a06000c 0a020014 10000 100 47858 1750000 152024 25006
0a050015 0a040010 10000 100 75675 1825000 77328 34199
0a00001e 0a05000d 10000 100 83986 1729000 174097 36935
0a040016 0a080014 10000 100 14320 1832000 71961 13936
0a060016 0a030011 10000 100 55556 1691000 213024 27561
0a00000e 0a00001c 10000 100 38881 1876999 28123 17801
0a060009 0a020019 10000 100 65590 1766999 139549 30864
0a03000c 0a070018 10000 100 91427 1688000 219118 39393
0a020018 0a080001 10000 100 103069 1655000 252662 43241
0a080009 0a04000a 10000 100 90414 1657999 249670 39069
0a0a0003 0a060019 10000 100 4538 1887000 22131 10713
0a050020 0a00000b 10000 100 19245 1869999 39307 15558
0a01001f 0a06001d 10000 100 86057 1657999 251410 37629
0a05001e 0a060014 10000 100 52543 1737999 171471 26566
0a01000a 0a01001d 10000 100 36366 1889999 19553 16981
0a0a000c 0a0a0011 10000 100 34358 1868000 42441 16307
0a00000f 0a010020 10000 100 561829 1142999 768634 194745
0a09001c 0a000019 10000 100 64095 1734000 179622 30370
0a080016 0a070018 10000 100 32730 1770000 143707 20011
0a0a0018 0a080019 10000 100 20495 1832999 82581 15973
0a090009 0a010006 10000 100 24887 1838000 78385 17424
0a04001d 0a06001b 10000 100 64915 1675999 240662 30648
0a0a0008 0a05000e 10000 100 339325 759000 1158413 121270
0a0b001a 0a000004 10000 100 70251 1503999 415825 32402
0a09001d 0a09001c 10000 100 571408 1515000 405028 193662
0a04000a 0a090014 10000 100 66330 1874000 46952 31116
0a0b0020 0a030016 10000 100 13367 1861999 60243 13615
0a080014 0a020019 10000 100 30963 1817999 104435 19430
0a0a0011 0a010013 10000 100 95241 1675000 248947 40660
0a0a0020 0a000007 10000 100 15484 1861000 63178 14323
0a0a0018 0a070016 10000 100 608771 1221000 703431 210242
0a07001c 0a080006 10000 100 3074 1860000 65227 10229
0a060009 0a0a001a 10000 100 59295 1716000 209509 28788
0a05000c 0a070011 10000 100 68420 1794999 131105 31800
0a02001a 0a0a0009 10000 100 72671 1765000 161258 33207
0a01001d 0a00000d 10000 100 295492 1325999 600518 106783
0a090009 0a070004 10000 100 167392 1639000 288534 64485
0a04000b 0a0a0008 10000 100 65900 1732999 194612 30963
0a05000a 0a060018 10000 100 119756 1565999 363072 48750
0a07000c 0a0b0005 10000 100 66271 1662999 266299 31097
0a080001 0a090007 10000 100 33953 1879999 50101 20418
0a070006 0a030004 10000 100 18672 1897999 33440 15374
0a010010 0a0b001f 10000 100 110862 1783999 147666 45812
0a060009 0a01001e 10000 100 1045336 311999 1620535 354413
0a02001a 0a000014 10000 100 98127 1497999 435410 41614
0a00000c 0a060004 10000 100 43913 1907000 26722 23712
0a09001f 0a0a001f 10000 100 701523 1482000 452312 240875
0a090014 0a01000d 10000 100 60655 1876000 59021 29239
0a0a000a 0a09001b 10000 100 25982 1845999 89079 17790
0a090012 0a030011 10000 100 314741 1479999 455189 113142
0a04001f 0a0a0020 10000 100 21854 1866999 70739 16423
0a06000b 0a0a0017 10000 100 96017 1778999 159196 40923
0a020011 0a0b0005 10000 100 419449 542999 1395300 147724
0a090012 0a020019 10000 100 63085 1788000 150992 30047
0a090014 0a0b0013 10000 100 341411 880000 1059030 121953
0a070002 0a0a0011 10001 100 6299 1835000 105944 11292
0a070006 0a040003 10000 100 62414 1773000 168868 29817
0a0a0014 0a00001e 10000 100 26454 1858000 86344 17941
0a0a0001 0a0a0019 10000 100 18842 1918999 26002 11189
0a060006 0a09000d 10000 100 66645 1683000 262028 31217
0a090001 0a090020 10000 100 64314 1850000 95077 26200
0a010009 0a060002 10000 100 88308 1740999 204242 38364
0a000011 0a010007 10000 100 38107 1864999 80399 21793
0a0a0003 0a010009 10000 100 68375 1758999 186465 31786
0a000008 0a05000d 10000 100 95742 1850000 95925 40820
0a03001e 0a010002 10000 100 665990 168999 1776992 229136
0a030004 0a080006 10000 100 370010 689999 1257679 131397
0a040004 0a01001a 10000 100 40063 1876000 72056 22434
0a070001 0a050006 10000 100 66022 1895999 57372 31018
0a070011 0a09000d 10000 100 468601 308000 1646099 163960
0a040004 0a0a0011 10000 100 23529 1913999 40317 16975
0a04000f 0a0a000f 10000 100 9873 1940000 14965 12466
0a0b0012 0a07000a 10000 100 50447 1773999 183395 25865
0a05000c 0a040008 10000 100 62771 1662000 296673 29931
0a01000c 0a040010 10000 100 44924 1891000 68317 24036
0a070008 0a0b001b 10000 100 208479 1464999 497647 78048
0a060011 0a090015 10000 100 38718 1845000 117829 21989
0a050006 0a010013 10000 100 48251 1840999 122233 25147
0a060009 0a07001c 10000 100 26777 1806000 157470 18045
0a040018 0a030014 10000 100 439910 880000 1084183 154487
0a0b000a 0a0a0001 10000 100 753210 212000 1753246 257953
0a060002 0a050016 10000 100 33788 1820000 145542 20365
0a010013 0a02000c 10000 100 71733 1760999 204573 32891
0a040004 0a080015 10000 100 68655 1799999 168311 31876
0a030009 0a000010 10000 100 81549 1905999 62312 36140
0a060012 0a06001e 10000 100 1908550 898999 1070946 635249
0a090011 0a0b0001 10000 100 13865 1907999 63362 13790
0a0a001a 0a0a0009 10000 100 2562622 812000 1159687 851249
0a07001b 0a040015 10000 100 73161 1889999 82109 33364
0a07001a 0a030010 10000 100 88964 1912000 60362 38590
0a060011 0a0a0010 10000 100 9754 1933000 39386 12428
0a08000b 0a03001b 10000 100 40979 1814000 158650 22743
0a020008 0a0a000c 10000 100 111769 1753999 219083 46118
0a000014 0a000013 10000 100 286665 1513000 460479 99641
0a010009 0a0a0017 10000 100 43450 1884999 89375 23549
0a040018 0a090017 10000 100 143857 1781000 193781 56708
0a030010 0a0a0003 10000 100 30456 1902999 72857 19268
0a030013 0a01001b 10000 100 655509 192000 1784179 225690
0a000020 0a010005 10000 100 39224 1840999 135287 22166
0a030003 0a06000a 10000 100 219670 1291999 685696 81752
0a070002 0a0a0011 10000 100 97340 1778000 199861 41347
0a050004 0a080008 10000 100 33973 1933000 46245 20424
0a00001f 0a000018 10000 100 59023 1905000 74421 24461
0a0b000a 0a05001b 10000 100 18378 1910000 70157 15280
0a06000a 0a0b001d 10000 100 686433 433000 1547378 235893
0a030012 0a010006 10000 100 51040 1837000 144849 26070
0a050003 0a030017 10000 100 74659 1778999 203318 33858
0a070003 0a0a000c 10000 100 14290 1943999 38472 13926
0a0a001a 0a07000c 10000 100 314163 1044000 940191 112957
0a02000c 0a060020 10000 100 306183 1080000 906414 110327
0a0b0007 0a000020 10000 100 816842 73999 1913598 278960
0a030017 0a0a0011 10000 100 24219 1941000 47246 17211
0a010003 0a0a001f 10000 100 75107 1775000 214639 34017
0a02000b 0a000003 10000 100 90991 1621999 367912 39254
0a08001d 0a030019 10000 100 1288 1943000 46911 9627
0a06000f 0a08000b 10000 100 29878 1922000 68243 19068
0a010006 0a0a0007 10000 100 55101 1889000 101982 27400
0a0a0010 0a06001c 10000 100 65635 1709999 281546 30879
0a070005 0a0b0014 10000 100 73194 1696000 297950 33374
0a06001f 0a0a0007 10000 100 84808 1724000 270134 37214
0a01001f 0a070001 10000 100 53033 1809000 185242 26723
0a07000b 0a020003 10000 100 100042 1719999 274522 42242
0a02000b 0a03001d 10000 100 26671 1889999 104701 18011
0a060009 0a040018 10000 100 424571 1216000 778939 149424
0a03000a 0a01000f 10000 100 59028 1871999 122989 28703
0a000020 0a000014 10000 100 6734 1982999 12076 7191
0a02001d 0a06001c 10000 100 101863 1840000 155965 42840
0a04000e 0a06001d 10000 100 796984 687000 1309874 272406
0a080018 0a03001f 10000 100 411223 1100999 896759 145015
0a020008 0a07000c 10000 100 5663 1941000 57017 11073
0a08001e 0a0b000d 10000 100 95350 1748999 249778 40695
0a02001d 0a060010 10000 100 51295 1895999 102784 26152
0a0a0009 0a080014 10000 100 75424 1789999 208892 34119
0a030008 0a040012 10000 100 635346 1717999 282954 219023
0a04001d 0a060020 10000 100 90622 1853000 148839 39136
0a050006 0a0a0006 10000 100 402222 1526999 475600 142042
0a08000a 0a0a0018 10000 100 22624 1974000 28730 16685
0a00001f 0a020014 10000 100 267452 1126000 876956 97534
0a07000c 0a02000c 10000 100 70306 1861000 142326 32419
0a000012 0a0b0008 10000 100 102813 1778999 224400 43160
0a050006 0a03000c 10000 100 91864 1683000 320714 39548
0a000004 0a000003 10000 100 278330 1709000 297967 96882
0a020009 0a010018 10000 100 94008 1742999 264826 40250
0a010002 0a020012 10000 100 94020 1812999 195531 40254
0a000007 0a050007 10000 100 20827 1936999 71634 16079
0a0a000c 0a050019 10000 100 6441 1938999 70624 11337
0a060018 0a010008 10000 100 3129 1910000 99817 10247
0a0b0006 0a01001b 10000 100 975115 49999 1959830 331236
0a09000f 0a040014 10000 100 79896 1941999 68518 35596
0a090013 0a020012 10000 100 15830 1953000 57543 14434
0a060016 0a0a001a 10000 100 91407 1660999 349613 39387
0a0a001e 0a020006 10000 100 459920 781000 1229855 161089
0a040003 0a0b0020 10000 100 87289 1832999 177999 38038
0a070001 0a09001f 10000 100 111341 1698999 312669 45981
0a080007 0a07000d 10000 100 14811 1925000 88424 14093
0a080012 0a060011 10000 100 45074 1944999 70472 24099
0a080013 0a02000a 10000 100 250745 1136999 880495 92018
0a0a001e 0a05000a 10000 100 366044 984000 1034508 130097
0a080016 0a0a000c 10000 100 31426 1928999 90143 19578
0a040013 0a07000f 10000 100 78140 1948999 70352 35018
0a06001c 0a00001a 10000 100 426657 487000 1532511 150107
0a070015 0a0a001a 10000 100 768550 1270999 748608 263015
0a030010 0a090009 10000 100 80323 1796999 225186 35732
0a01000b 0a02001d 10000 100 9200 1926999 96046 12251
0a050009 0a050012 10000 100 1681279 968000 1057878 560187
0a030003 0a01001c 10000 100 21525 1992999 33156 16318
0a010002 0a010012 10000 100 71072 1946000 80564 28440
0a0a0017 0a040007 10000 100 460178 836000 1194506 161172
0a0a001b 0a0a0011 10000 100 86640 1994999 36573 33575
0a070011 0a020020 10000 100 88587 1804000 228588 38469
0a030016 0a020008 10000 100 2310 1981000 53096 9969
0a04001a 0a04001e 10000 100 92654 1991999 42227 35561
0a03000d 0a040009 10000 100 17182 2014999 19921 14882
0a0b0012 0a01001a 10000 100 50930 1817999 218496 26019
0a06000a 0a01000a 10000 100 18243 1902000 135586 15237
0a09000a 0a030014 10000 100 428446 1727999 311381 150695
0a060004 0a090012 10000 100 18699 2007000 33773 15383
0a060001 0a020005 10000 100 74560 1975000 65977 33827
0a06000a 0a040011 10000 100 156628 1487999 553661 60933
0a00001e 0a0a0007 10000 100 63738 1887000 154883 30256
0a060018 0a010014 10000 100 43328 1917000 125559 23510
0a080002 0a040013 10000 100 80548 1926999 115828 35804
0a080010 0a02000d 10000 100 100253 1755999 286837 42310
0a09001a 0a010002 10000 100 17126 1968999 74435 14864
0a06000d 0a09001c 10000 100 419078 861000 1184218 147605
0a04000c 0a01000d 10000 100 93615 1940000 107974 40124
0a05001d 0a08001d 10000 100 35019 1985999 63490 20774
0a0b0020 0a010007 10000 100 33686 1962000 87589 20332
0a000020 0a040009 10000 100 59853 1962000 88195 28967
0a01000e 0a0b0018 10000 100 774475 635999 1414303 264973
0a0a000a 0a050011 10000 100 58303 1884000 166934 28456
0a03000b 0a060003 10000 100 18206 2027000 24588 15225
0a040002 0a090020 10000 100 82581 1760000 292128 36486
0a02001a 0a03000b 10000 100 50719 1946000 107478 25952
0a050013 0a06000f 10000 100 21846 1979999 73552 16421
0a000019 0a090009 10000 100 17643 1969999 84352 15030
0a040020 0a02000a 10000 100 28925 1959999 96041 18763
0a0a0016 0a060005 10000 100 49289 1909000 147374 25479
0a080004 0a0a0019 10000 100 185193 1928000 129022 70366
0a020013 0a080015 10000 100 66209 1783999 274419 31078
0a06001a 0a07000c 10000 100 79644 1783999 275402 35515
0a060011 0a000010 10000 100 2699 2047999 12047 10094
0a060003 0a090013 10000 100 30552 2005999 54169 19299
0a06001f 0a00000e 10000 100 15103 2036000 24196 14201
0a070010 0a01000e 10000 100 104508 1866999 194645 43717
0a010019 0a0a0009 10000 100 23503 1938000 124362 16966
0a030017 0a080002 10000 100 34718 1987000 77377 20678
0a090012 0a03000f 10000 100 103502 1614999 449470 43395
0a02000e 0a070013 10001 100 79315 1918000 146797 35394
0a060007 0a000020 10000 100 26445 1902000 162911 17938
0a080005 0a090019 10000 100 36251 1864999 202490 21184
0a0b001e 0a000002 10000 100 32610 1920000 147912 19973
0a00000a 0a0b0011 10000 100 532699 750000 1320610 185131
0a00001d 0a00001a 10000 100 1913139 174999 1895700 636763
0a0b0018 0a070014 10000 100 35117 1968000 104855 20806
0a010017 0a07000f 10000 100 36112 1912999 160670 21139
0a03000d 0a00001c 10000 100 20974 1981000 93316 16126
0a06001c 0a030015 10000 100 7901 1998000 76352 11820
0a0a0015 0a060011 10000 100 662944 1059999 1014386 228131
0a04001b 0a07001a 10000 100 101206 1933000 141467 42630
0a020003 0a0a0010 10000 100 46151 1935000 139575 24444
0a0a0002 0a06000b 10000 100 36200 1933999 141329 21168
0a030019 0a000002 10000 100 514588 676999 1400714 179152
0a01000f 0a0a0006 10000 100 59941 1871999 207376 28995
0a000008 0a00001e 10000 100 74319 2041999 37894 29510
0a0a0013 0a070006 10000 100 22703 2031999 49014 16710
0a04000d 0a040005 10000 100 61038 1990000 91396 25121
0a0a0004 0a0b001e 10000 100 100028 1708000 374144 42238
0a03001e 0a060014 10000 100 451680 1330000 752531 158376
0a00000b 0a0a000d 10000 100 17614 1936999 145767 15020
0a06001b 0a0a0006 10000 100 43431 1997000 85877 23543
0a000015 0a09000b 10000 100 4504 2028999 55998 10702
0a04001a 0a07001b 10000 100 44338 2044999 40295 23848
0a08001e 0a000020 10000 100 544172 293999 1792236 188910
0a020020 0a090020 10000 100 148270 1441999 644355 58167
0a020006 0a04001f 10000 100 90260 1899999 186945 39020
0a070015 0a060006 10000 100 60361 2027000 62541 29145
0a070004 0a0b0015 10000 100 24278 2026000 64322 17230
0a0a001e 0a07000b 10000 100 101258 1781999 309009 42647
0a00000e 0a010005 10000 100 33945 1995999 96366 20415
0a01000c 0a05001d 10000 100 82750 1941999 151836 36540
0a080005 0a080019 10000 100 12738 2060000 34661 9174
0a000020 0a07000d 10000 100 412049 1556000 538796 145279
0a02000c 0a09001b 10000 100 99842 1750999 343902 42178
0a0a0007 0a010016 10000 100 8147 2054999 42013 11899
0a090006 0a030017 10000 100 35423 1990000 107153 20904
0a030001 0a0a001c 10000 100 595934 1376000 721247 206012
0a0a001d 0a050001 10000 100 44674 1915000 183739 23956
0a07001c 0a06000a 10000 100 811756 375000 1724098 277287
0a08000a 0a0b001b 10000 100 52577 1984000 115939 26577
0a040007 0a090001 10000 100 51845 1946999 153720 26328
0a010012 0a0b000d 10000 100 94736 1997000 104699 40498
0a04001e 0a0a0001 10000 100 769506 473000 1629260 263336
0a0a0001 0a000009 10000 100 19083 2024999 77795 15506
0a09001a 0a070003 10000 100 25767 2011999 91862 17721
0a0a001f 0a0b0006 10000 100 113819 1716999 387035 46789
0a07000a 0a080007 10000 100 797912 70999 2033167 272703
0a04001f 0a000017 10000 100 47031 2046000 64813 24741
0a060003 0a08001c 10000 100 79337 1923999 187482 35401
0a040017 0a070020 10000 100 76118 1910999 201125 34341
0a01001a 0a010017 10000 100 93952 2053999 59371 35992
0a01000f 0a0b0019 10000 100 12980 2098000 16588 13491
0a000002 0a00001f 10000 100 45741 2063999 50942 20073
0a06000b 0a080018 10000 100 30524 1900999 216795 19290
0a070008 0a020007 10000 100 28761 1978999 139738 18710
0a050004 0a0a000e 10000 100 622644 1531999 586885 214835
0a070005 0a04000b 10000 100 29470 2059000 60589 18937
0a000013 0a09000d 10000 100 31588 1951999 167663 19646
0a05000f 0a080015 10000 100 49148 2077999 42793 25434
0a0a001a 0a08000a 10000 100 7576 2026000 95853 11716
0a090008 0a07001b 10000 100 88064 1907999 215725 38286
0a080016 0a020017 10000 100 51406 1894999 231565 26187
0a020009 0a040009 10000 100 21687 2028999 98981 16370
0a000020 0a090020 10000 100 58961 1920999 207116 28681
0a050013 0a080017 10000 100 61940 1858000 271758 29665
0a08000b 0a04001b 10000 100 375828 1513999 617702 133320
0a040005 0a0b001c 10000 100 71037 1900999 232697 32669
0a07001b 0a00000a 10000 100 78460 2073000 60748 35121
0a070012 0a070014 10001 100 5904 2118000 16148 6910
0a0a001d 0a080009 10001 100 96541 1796999 338082 41091
0a09001c 0a080002 10000 100 56551 2010000 129451 27880
0a090018 0a00000b 10000 100 1313 2125999 14052 9635
0a030002 0a090015 10000 100 98099 1842000 298594 41605
0a020010 0a080011 10000 100 6897 2053999 86979 11483
0a0b000b 0a04000c 10000 100 2453 2092000 50168 10015
0a02001d 0a030007 10000 100 257038 1699999 442254 94094
0a080001 0a090017 10000 100 74540 1897999 245368 33820
0a04000a 0a0b001a 10000 100 26816 2083999 59662 18057
0a0b0013 0a0b000f 10000 100 67725 2044999 100855 27338
0a050004 0a000017 10000 100 13310 2069999 75893 13597
0a060016 0a090005 10000 100 77964 1958000 187930 34947
0a090015 0a00000b 10000 100 13512 2075000 71078 13677
0a04001f 0a07000b 10000 100 890478 948999 1197777 303276
0a020007 0a09000a 10000 100 39172 2034999 111936 22149
0a0a001a 0a090018 10000 100 18529 2063999 85399 15328
0a07000f 0a030008 10000 100 82249 1807000 345726 36364
0a02000f 0a040019 10000 100 58112 2049000 105969 28394
0a0a0010 0a05001c 10000 100 852416 784999 1370408 290712
0a090007 0a07001f 10000 100 20734 2102000 53933 16049
0a03001a 0a010004 10000 100 9 2099000 57886 9218
0a01001f 0a01001a 10000 100 46374 2118000 39359 20275
0a050020 0a090009 10000 100 11728 2067999 90280 13075
0a05000c 0a09000b 10000 100 77644 1955000 205568 34844
0a030006 0a060014 10000 100 91568 1965999 196005 39454
0a05000e 0a05000a 10000 100 617 2122999 39051 5172
0a0a001b 0a050013 10000 100 583570 715000 1447607 201932
0a030005 0a050018 10000 100 41809 2109999 53944 23008
0a020016 0a01001d 10000 100 470538 925999 1238959 164595
0a010004 0a02001a 10000 100 345024 1525000 642168 123155
0a05000a 0a000012 10000 100 392375 705000 1462326 138784
0a010020 0a020004 10000 100 975 2096999 71039 9527
0a05001f 0a08000f 10000 100 94670 1918999 249539 40477
0a000005 0a070010 10000 100 97267 1907000 262513 41323
0a070014 0a010009 10000 100 38831 1975999 194593 22025
0a090005 0a0a001a 10000 100 418018 926999 1244308 147251
0a04001d 0a060009 10000 100 38909 1981999 190008 22050
0a0a0010 0a0b001b 10000 100 6413 2105999 67134 11328
0a0b001d 0a070002 10000 100 33197 2083000 90153 20176
0a06000e 0a0a000b 10000 100 942707 1026000 1147846 320527
0a06001e 0a02001f 10000 100 53902 2018999 156129 27001
0a060006 0a000006 10000 100 4468 2152999 22716 10675
0a0a000e 0a04000d 10000 100 862641 717999 1459210 294092
0a00000d 0a060019 10000 100 99769 1773000 404666 42155
0a09001c 0a01001e 10000 100 14135 2145999 32332 13876
0a010003 0a0a0018 10000 100 1721477 754000 1424513 577705
0a000010 0a01001f 10000 100 95701 1969999 208663 40807
0a09001f 0a03000b 10000 100 5223 2164999 13745 10932
0a08000a 0a04001a 10000 100 188041 1926999 251832 71308
0a04001f 0a00001d 10000 100 93024 2049000 130628 39935
0a0b0019 0a0a001e 10000 100 19240 2135999 44224 15556
0a0b001c 0a020006 10001 100 55841 1910000 270406 27652
0a060002 0a000003 10000 100 100940 2116999 64111 42545
0a060015 0a090003 10000 100 90248 2128999 52868 39016
0a02001a 0a030016 10000 100 276520 1606999 575699 100528
0a010014 0a00001a 10000 100 62477 2063000 122444 29837
0a04000d 0a0a000f 10000 100 33775 2115000 70991 20361
0a0a0016 0a0a001f 10000 100 27040 2171000 15032 13904
0a030007 0a020008 10000 100 32260 1998000 188554 19861
0a08001d 0a040019 10000 100 24148 2118000 68563 17188
0a08000e 0a030008 10000 100 63512 2062000 125194 30184
0a080005 0a05000c 10000 100 24314 2089999 97848 17241
0a040009 0a040019 10000 100 2580705 634000 1554211 857220
0a040017 0a050003 10000 100 101987 2105000 85161 42880
0a020007 0a0b0002 10000 100 18334 2113999 76740 15266
0a0a0018 0a09000d 10000 100 777229 136999 2054472 265885
0a0b0002 0a070009 10000 100 84143 2101000 91859 37001
0a06001d 0a040009 10000 100 654339 185999 2007749 225300
0a030004 0a000019 10000 100 38435 2089999 104336 21898
0a090014 0a000020 10000 100 554658 293999 1900525 192373
0a01000a 0a060005 10000 100 30452 2085000 110779 19267
0a05001b 0a0a0006 10000 100 70389 1997000 199016 32446
0a020014 0a02001d 10000 100 4528 2190999 6309 6470
0a080004 0a06001d 10000 100 20276 2144000 57873 15903
0a0a001e 0a0a0005 10000 100 249444 1822999 381238 87347
0a090003 0a09000a 10000 100 75632 2141000 63847 29945
0a040015 0a06001b 10000 100 716847 952999 1252010 245933
0a090014 0a080012 10000 100 40185 2008999 196236 22473
0a05001b 0a080005 10000 100 22526 2145000 60417 16654
0a08000a 0a080010 10000 100 55070 2177000 29635 23150
0a030004 0a0a0014 10000 100 102829 1968000 239799 43165
0a050008 0a06000b 10000 100 24583 2113999 94081 17327
0a010016 0a060013 10000 100 1805496 1227000 981968 605452
0a0a0003 0a0a001d 10000 100 711943 1268999 940260 240077
0a040020 0a0b0017 10000 100 53915 2007000 203456 27005
0a010007 0a090003 10000 100 86016 2020000 196305 37616
0a070010 0a070014 10000 100 1742840 1097000 1119611 580517
0a060017 0a05000e 10000 100 98601 2010000 210272 41766
0a0b001d 0a0a001a 10000 100 66553 2039000 182913 31188
0a01001a 0a020019 10000 100 943251 928000 1294030 320701
0a020008 0a040017 10000 100 22447 2073000 149274 16613
0a0b0003 0a0a0015 10000 100 99976 2171999 55164 42221
0a060013 0a02000a 10000 100 290 2217999 10669 9308
0a040016 0a01000d 10000 100 61368 1991000 238303 29467
0a090020 0a060015 10000 100 18349 2145999 85171 15271
0a08000c 0a020005 10000 100 573086 586000 1645464 198470
0a010016 0a07000c 10000 100 49023 2073999 158029 25394
0a07001f 0a0b000f 10000 100 283366 2031999 200907 102780
0a010011 0a050019 10000 100 432270 1507000 727208 151965
0a030012 0a02000d 10000 100 589602 732000 1503753 203924
0a040017 0a040008 10000 100 1920133 1374999 861411 639078
0a080009 0a0b0012 10000 100 46674 2026000 210847 24627
0a0a000e 0a0b0005 10000 100 14876 2177000 60344 14113
0a020005 0a00001e 10000 100 64599 2129999 107572 30547
0a080007 0a09000f 10000 100 19897 2198999 38912 15782
0a040016 0a00001a 10000 100 49180 2102999 135039 25444
0a080010 0a070010 10000 100 629665 1874999 369206 217144
0a030011 0a06000c 10000 100 35458 2092999 155806 20915
0a030014 0a06001b 10000 100 42086 2073000 176710 23112
0a00000a 0a000002 10000 100 31490 2157000 92816 15359
0a0a000d 0a070001 10000 100 69418 2105000 145119 32135
0a04001b 0a080008 10000 100 49449 2210000 40427 25530
0a08000a 0a030001 10000 100 672 2222000 28565 9430
0a080011 0a020020 10000 100 680717 985999 1266414 234002
0a09001d 0a07000c 10000 100 895635 1270999 981725 304988
0a05001b 0a050004 10000 100 2119917 543999 1709142 705052
0a060009 0a080016 10000 100 102406 1781000 474078 43029
0a080003 0a070019 10000 100 94819 1899999 355082 40525
0a030018 0a070006 10000 100 214219 1464000 791432 79946
0a0b0014 0a05000b 10000 100 242745 1337000 921159 89366
0a01000b 0a0a0014 10000 100 9730 2207000 51313 12421
0a09001e 0a06000c 10000 100 43305 2181000 77416 23503
0a050001 0a040005 10000 100 94397 1994999 264339 40374
0a00000c 0a060012 10000 100 119758 1979999 280382 48751
0a030005 0a040005 10000 100 103669 1992999 268167 43449
0a08000e 0a000015 10000 100 484211 1090000 1172910 169108
0a020003 0a0a000f 10000 100 104409 2046000 219222 43686
0a070013 0a010015 10000 100 4682 2252999 14133 10759
0a050001 0a03000d 10000 100 18993 2197999 69944 15477
0a08000a 0a020012 10000 100 57307 2135000 133661 28137
0a02000e 0a080009 10000 100 864045 650999 1617715 294557
0a00001d 0a000005 10000 100 1700337 1141000 1127803 566486
0a040018 0a0b000e 10000 100 45782 2093999 175163 24326
0a07000b 0a0b0020 10000 100 172872 1925000 344820 66300
0a060011 0a080020 10000 100 30448 2115999 154659 19265
0a08001d 0a060007 10000 100 507447 364999 1905884 176790
0a030014 0a08000f 10000 100 87570 2050000 221390 38128
0a000011 0a00000d 10000 100 1571653 1111000 1165824 523986
0a00000a 0a0b0009 10000 100 483350 1271999 1005819 168833
0a090008 0a040004 10000 100 16140 2245000 32845 14533
0a090011 0a01000f 10000 100 833715 108999 2170074 284528
0a040005 0a09000b 10000 100 139278 1984999 294472 55197
0a06001b 0a070005 10000 100 384063 845000 1436757 136047
0a00001a 0a06000d 10000 100 49951 2151999 130023 25706
0a090020 0a090018 10000 100 5358 2236000 46039 6736
0a040018 0a020010 10000 100 15912 2210999 74897 14460
0a03001d 0a0b0016 10000 100 17237 2197999 88803 14900
0a050014 0a090011 10000 100 68204 2023000 264595 31731
0a020004 0a020003 10000 100 3873 2266999 21521 6245
0a050007 0a020017 10000 100 5684 2230999 58300 11080
0a080009 0a020001 10000 100 401964 1288999 1005450 141944
0a09001c 0a080009 10000 100 27021 2115000 179705 18138
0a01001c 0a080007 10000 100 94082 1825000 472284 40273
0a04001f 0a020001 10000 100 31848 2235000 62883 19729
0a09000b 0a060020 10000 100 92947 1987000 312525 39895
0a01000f 0a01001d 10000 100 66918 2249999 49970 27064
0a010003 0a05000f 10000 100 88944 2013000 287644 38583
0a060010 0a020019 10000 100 2103 2252999 49231 9903
0a0b0004 0a000018 10000 100 85949 1985999 316611 37594
0a08001b 0a0b0005 10000 100 59568 2161999 140691 28876
0a060003 0a05000e 10000 100 2262973 436999 1867461 756529
0a00001f 0a000004 10000 100 905587 1528000 776904 304025
0a020018 0a02001c 10000 100 2393098 550000 1755677 795265
0a0a0001 0a010005 10000 100 713767 1165999 1140874 244916
0a070016 0a030005 10000 100 47821 2138999 169290 24994
0a0a001c 0a02000c 10000 100 50004 2132999 176245 25723
0a05000d 0a01000e 10000 100 1775827 1098999 1210792 595650
0a03001a 0a010017 10000 100 45635 2148999 161027 24279
0a020002 0a050015 10000 100 89686 2056999 253429 38821
0a000015 0a080005 10000 100 84866 2118000 192612 37232
0a0b001a 0a070020 10000 100 415945 1026999 1284726 146572
0a03000e 0a09000d 10000 100 1017120 1356999 955622 345107
0a05001f 0a070020 10000 100 16445 2224999 89337 14631
0a010009 0a060011 10000 100 34539 2222000 93134 20621
0a0b0012 0a00001c 10000 100 72294 2047000 268634 33086
0a07000b 0a050017 10000 100 6090 2230999 84700 11225
0a070001 0a09000f 10000 100 468265 1533999 783193 163852
0a00000a 0a050001 10000 100 94846 2066999 250299 40533
0a080011 0a010001 10000 100 21176 2197999 119652 16206
0a000016 0a01000c 10000 100 62013 2210999 107820 29689
0a000006 0a020002 10000 100 44031 2099000 221378 23750
0a07001c 0a03000e 10000 100 22437 2260999 59618 16610
0a090011 0a0b0012 10000 100 737993 181000 2139809 252914
0a07001f 0a03001e 10000 100 3962 2271000 50165 10513
0a070004 0a080020 10001 100 280133 1131000 1191410 101714
0a060003 0a010015 10000 100 7563 2294000 29376 11712
0a020012 0a020020 10000 100 55513 2271000 54164 23307
0a020017 0a04000d 10000 100 430760 769999 1557699 151466
0a0b000d 0a090001 10000 100 78191 2148999 179478 35035
0a070002 0a080007 10000 100 481723 835000 1493848 168297
0a060010 0a09000e 10000 100 94750 2246999 81996 40503
0a00001a 0a0b0019 10000 100 34297 2184999 144154 20528
0a090018 0a08001d 10000 100 470359 1325999 1003859 164537
0a06000c 0a08000c 10000 100 59157 2190999 139344 28744
0a0b001f 0a0a0009 10000 100 54903 2151000 180355 27337
0a020018 0a080006 10000 100 71458 2021999 309857 32803
0a02000b 0a020005 10000 100 39012 2298999 35470 17858
0a010016 0a070010 10000 100 54909 2284000 51083 27339
0a090003 0a040011 10000 100 329730 1819000 516982 118092
0a01001d 0a01000c 10000 100 2362851 886999 1449997 785279
0a02001f 0a07001f 10000 100 35775 2142999 195141 21016
0a000009 0a08000f 10000 100 832872 676999 1662358 284259
0a05000a 0a070008 10000 100 482024 921999 1422967 168393
0a070012 0a0a001c 10000 100 28501 2314000 32750 18627
0a0a000a 0a0a0013 10000 100 65369 2272000 75672 26553
0a090011 0a01001c 10000 100 209275 2095000 253949 78318
0a020008 0a02001c 10000 100 2237091 520999 1828619 743746
0a010017 0a040001 10000 100 49479 2269999 79794 25540
0a02001d 0a0a0012 10000 100 40691 2145000 205732 22651
0a02000d 0a0b0018 10000 100 32229 2239000 113727 19851
0a09001f 0a080007 10000 100 27647 2262999 90646 18338
0a0b0017 0a080009 10000 100 14114 2288999 64757 13870
0a060018 0a030015 10000 100 431167 1451999 902032 151597
0a020012 0a050005 10000 100 80130 2161999 193522 35671
0a020007 0a0b0018 10000 100 683606 293000 2063270 234958
0a07001d 0a01000d 10000 100 103340 2282999 74130 43328
0a080004 0a01001f 10000 100 38700 2305999 51137 21983
0a070004 0a040019 10000 100 102857 2069000 288254 43174
0a010017 0a070017 10000 100 14246 2322999 34422 13912
0a010007 0a080006 10000 100 61812 2213999 147283 29624
0a0b0005 0a0b000d 10000 100 2476725 1041000 1320596 822886
0a09000a 0a080013 10000 100 62667 2239999 123377 29898
0a040012 0a040004 10000 100 84618 2295000 69779 32913
0a01000e 0a000016 10000 100 15099 2325999 40760 14200
0a06000f 0a020014 10000 100 65587 2324000 42838 30863
0a000016 0a0a001c 10000 100 186913 1848000 519034 70932
0a010003 0a070007 10000 100 389943 1438000 929277 137975
0a06001b 0a030006 10000 100 52868 2161000 207897 26670
0a050005 0a0a001d 10000 100 13371 2271000 98464 13616
0a040009 0a09000b 10000 100 18793 2304000 65989 15413
0a00000e 0a070003 10000 100 33076 2278000 92120 20137
0a050004 0a02000f 10000 100 11569 2279000 92529 13024
0a06000b 0a090002 10000 100 10711 2321999 50810 12750
0a02001b 0a060015 10000 100 102569 2173000 200733 43081
0a02001a 0a0a0006 10000 100 33592 2233000 141181 20302
0a0a0002 0a0b000f 10000 100 99444 2154000 222103 42051
0a000004 0a040015 10000 100 59508 2131000 245960 28856
0a0b0003 0a040013 10000 100 55259 2272000 105389 27451
0a0a000f 0a08001f 10000 100 1016600 239999 2138090 344926
0a0b001b 0a02000f 10000 100 473229 1433999 945172 165487
0a09001b 0a070009 10000 100 19908 2260999 118369 15785
0a040016 0a00000e 10000 100 79580 2191999 188015 35495
0a040014 0a0a0012 10000 100 505417 1727999 654824 176109
0a07001f 0a0b0004 10000 100 18493 2318999 63857 15317
0a080007 0a07001d 10000 100 5671 2321000 62515 11076
0a0b001d 0a0b000a 10001 100 66996 2331000 53150 27089
0a070002 0a040019 10000 100 39642 2273999 112036 22300
0a0b0018 0a040003 10000 100 99381 2056000 331933 42031
0a02000c 0a030007 10000 100 37123 2275999 113101 21463
0a080018 0a060007 10000 100 83903 1959999 429323 36909
0a0b0014 0a040019 10000 100 46288 2138999 250343 24488
0a0b001f 0a0b000c 10000 100 1323 2384999 4985 5398
0a040017 0a08001d 10001 100 79584 2203000 190543 35496
0a05000c 0a0a0013 10000 100 33026 2289999 103600 20121
0a010009 0a02000e 10000 100 45232 2180000 215889 24150
0a080009 0a0a0010 10000 100 11600 2328999 70561 13034
0a080005 0a04001f 10000 100 183413 2030000 370148 69781
0a030005 0a03000f 10000 100 1872522 1221000 1179431 623351
0a03000d 0a010007 10000 100 12917 2357999 42514 13471
0a080007 0a0b0020 10000 100 596373 1049000 1351668 206152
0a07000c 0a020003 10000 100 76019 2301999 99608 34309
0a01001e 0a0b0014 10000 100 85793 2216000 187353 37544
0a090002 0a05001a 10000 100 18427 2269999 133565 15296
0a020010 0a070019 10000 100 80152 2249999 159454 35678
0a0a001c 0a040015 10000 100 18442 2289999 119888 15301
0a020019 0a0a0002 10000 100 79503 2201999 208026 35470
0a08001b 0a01001f 10000 100 960182 961999 1448585 326304
0a06000b 0a070020 10000 100 65231 2337000 74245 30749
0a0a001e 0a03001d 10000 100 18565 2328999 83954 15340
0a08000c 0a070007 10000 100 95017 2203999 209698 40588
0a09000b 0a070012 10000 100 55868 2246000 168640 27661
0a040008 0a0a001a 10000 100 42475 2320000 95411 23237
0a0b001c 0a020008 10000 100 16045 2288999 128923 14503
0a0b001e 0a040007 10000 100 48664 2181000 237469 25279
0a070001 0a000011 10000 100 93010 2160000 258529 39930
0a02001d 0a07001b 10000 100 10159 2354000 65497 12558
0a09001b 0a0a0013 10000 100 89096 2167000 252525 38632
0a0b0007 0a020006 10000 100 86618 2113999 308574 37808
0a03001e 0a0b0017 10000 100 13666 2364999 58265 13726
0a090001 0a01001d 10000 100 66767 2089000 334491 31256
0a09000c 0a040006 10000 100 76757 2125000 299109 34560
0a000009 0a0a0015 10000 100 70461 2160000 265101 32469
0a040020 0a0a0013 10000 100 77901 2111000 315190 34927
0a030002 0a07001a 10000 100 31946 2314999 111667 19760
0a070018 0a020008 10000 100 60044 2184999 242050 29043
0a05001e 0a030006 10001 100 677909 1082999 1345255 233073
0a02001d 0a09001f 10000 100 58771 2209000 220566 28621
0a010014 0a030015 10000 100 77148 2064999 364760 34686
0a03000b 0a06000f 10000 100 6159 2405000 25185 11247
0a03000a 0a070005 10000 100 76951 2296999 133699 34623
0a0a0014 0a01000e 10000 100 102044 2259000 171790 42913
0a070002 0a0b001b 10000 100 86392 2364999 68915 37736
0a080014 0a090015 10000 100 47730 2210000 224259 24965
0a020019 0a010004 10000 100 48961 2304000 132359 25374
0a080011 0a000009 10000 100 18046 2345999 91776 15174
0a040004 0a020010 10000 100 52604 2327000 111275 26586
0a060009 0a050018 10000 100 9671 2320000 119192 12402
0a060005 0a020008 10000 100 52811 2327000 112759 26652
0a010007 0a0b0011 10000 100 352628 1366999 1073146 125665
0a00000e 0a040014 10000 100 23276 2394999 45352 16894
0a04000b 0a070001 10000 100 988409 467999 1972585 335613
0a080005 0a030020 10000 100 1252 2340000 101254 9616
0a080011 0a08001e 10000 100 1939982 1136000 1306122 645630
0a00000d 0a000011 10000 100 45543 2394999 47401 20009
0a030020 0a020005 10000 100 65333 2148000 294411 30782
0a080018 0a010009 10000 100 44338 2294000 149123 23848
0a0a0008 0a060006 10000 100 6546 2390999 52556 11371
0a060005 0a08000c 10000 100 77627 2308000 138021 34839
0a030004 0a000013 10000 100 389887 1000000 1447280 137957
0a010020 0a07001c 10000 100 509743 1474999 972879 177540
0a02001e 0a0a0002 10000 100 431534 1672000 776041 151714
0a07001c 0a020013 10000 100 313007 1770000 678954 112572
0a0a0006 0a01001c 10000 100 32779 2400999 48285 20027
0a06001c 0a09000f 10000 100 8755 2392000 57551 12093
0a000014 0a04000a 10000 100 15005 2406000 43761 14170
0a030005 0a01000c 10000 100 65244 2273999 175906 30753
0a000019 0a020017 10000 100 90057 2237999 211979 38955
0a0a000a 0a04000e 10000 100 88271 2279999 172498 38352
0a010006 0a050007 10000 100 78692 2377999 75528 35195
0a060010 0a06000f 10000 100 6770 2445999 9574 7203
0a050005 0a06000c 10000 100 87461 2096000 359849 38093
0a06000e 0a030018 10000 100 23294 2337000 119480 16899
0a03000c 0a06000e 10000 100 689496 1386000 1072299 236904
0a07000c 0a02000a 10000 100 2207035 723000 1736171 738061
0a06000e 0a0b0014 10000 100 2779 2360999 98970 10120
0a0a000d 0a070005 10000 100 808247 1505000 955821 276118
0a01001d 0a080020 10000 100 73248 2171999 289334 33392
0a06000b 0a0b0020 10000 100 102365 2198999 262443 43016
0a000005 0a01001d 10001 100 102986 2135999 325570 43215
0a09001f 0a000004 10000 100 97200 2328000 136619 41302
0a090001 0a090020 10001 100 62559 2311000 154172 25624
0a0a0004 0a070009 10000 100 970114 1152999 1312776 329574
0a090002 0a030010 10000 100 1970 2442999 24026 9861
0a05001c 0a05001a 10000 100 26129 2445000 22518 13597
0a0b0010 0a080014 10000 100 103928 2233000 235792 43532
0a010015 0a06001d 10000 100 99295 2354000 115986 42003
0a0b0014 0a080009 10000 100 6472 2356000 115195 11347
0a040006 0a0b001e 10000 100 58580 2333000 143640 28560
0a070006 0a08001f 10000 100 615713 1085999 1390819 212541
0a060018 0a040004 10000 100 76204 2435999 41636 34368
0a070013 0a0a0007 10000 100 444160 1825999 652499 155893
0a01001e 0a020016 10000 100 93355 2279000 199541 40041
0a060002 0a080017 10000 100 53512 2356000 122753 26876
0a000018 0a0b0020 10000 100 75239 2155999 323067 34059
0a050003 0a0a0005 10000 100 658782 726999 1752458 226768
0a010001 0a0b000d 10000 100 71700 2413000 68860 32881
0a080016 0a0b000d 10000 100 67855 2314000 169065 31620
0a060007 0a01001e 10000 100 67289 2147000 336311 31423
0a03000c 0a060011 10000 100 96891 2409999 73737 41203
0a080003 0a080018 10000 100 2494225 974999 1508750 828655
0a030017 0a0b0005 10001 100 5523 2451000 33915 11028
0a010005 0a02000a 10000 100 74961 2178999 306653 33955
0a07001d 0a0a0012 10000 100 144736 2386000 100296 57005
0a040015 0a06000f 10000 100 49242 2446999 39602 25464
0a060002 0a00001c 10000 100 50632 2335999 150901 25924
0a0b000e 0a060012 10000 100 426096 868999 1620439 149928
0a000017 0a010005 10000 100 88596 2144000 345785 38472
0a00000a 0a09000a 10000 100 22081 2392000 98715 16496
0a09001d 0a000009 10000 100 5502 2458999 33871 11022
0a060009 0a020018 10000 100 68578 2366000 128344 31851
0a010015 0a04000a 10000 100 83821 2286999 207528 36882
0a040009 0a07000c 10000 100 79304 2171000 324334 35391
0a05000d 0a030015 10000 100 92923 2103999 393882 39887
0a020006 0a060017 10000 100 87148 2213999 285116 37993
0a000005 0a050016 10000 100 100631 2256999 243234 42446
0a050011 0a000009 10000 100 59961 2361999 138853 29001
0a03001c 0a080018 10000 100 56726 2262999 238474 27936
0a08000e 0a08001f 10000 100 2014741 1105000 1397187 670320
0a0b0009 0a060019 10000 100 82043 2142999 360208 36298
0a070012 0a090020 10000 100 587774 1075000 1429567 203308
0a00001d 0a0a0006 10000 100 416985 1528000 976785 146905
0a0b001b 0a07000a 10000 100 34087 2435000 69985 20461
0a060006 0a020006 10000 100 919377 886999 1619153 312816
0a0a001b 0a030008 10000 100 22547 2445999 64608 16660
0a01001a 0a06000b 10000 100 39244 2445000 66724 22172
0a090011 0a030016 10000 100 77737 2454000 59310 34874
0a050002 0a030016 10000 100 895505 831000 1682647 304946
0a03000a 0a050018 10000 100 59827 2446999 67052 28959
0a03001d 0a0b0002 10000 100 81142 2249999 265308 36010
0a030011 0a030010 10000 100 1919056 541000 1974540 638718
0a020001 0a050019 10000 100 602555 1147000 1368808 208192
0a0a0003 0a0b0015 10000 100 790400 1198999 1317025 270222
0a040020 0a0a001b 10000 100 653372 1016999 1502266 224976
0a03000e 0a0a0002 10000 100 49885 2432000 87588 25685
0a04000c 0a01000b 10000 100 862905 890999 1628976 294176
0a000014 0a03001d 10000 100 86453 2393999 129246 37755
0a0b0004 0a030016 10000 100 208064 1941999 581880 77915
0a070009 0a0a0001 10000 100 41614 2396999 129682 22946
0a090003 0a070001 10000 100 83265 2246999 279906 36704
0a0b0012 0a060008 10000 100 96090 2174999 352997 40947
0a060015 0a0a000c 10000 100 79084 2452999 76576 35320
0a08001f 0a030002 10000 100 91169 2213999 315777 39311
0a03001a 0a000009 10000 100 17674 2462000 69285 15040
0a010001 0a07001d 10000 100 753680 516999 2014685 258103
0a0b0011 0a050002 10000 100 36058 2344000 189057 21122
0a0b0015 0a07000a 10000 100 23072 2468999 65951 16828
0a05000e 0a05000f 10001 100 54599 2431000 104084 23000
0a0b0015 0a070005 10000 100 103663 2151000 385435 43447
0a02000b 0a03000d 10000 100 434072 1740000 796541 152557
0a0b0010 0a010005 10000 100 92350 2222000 314810 39704
0a05000e 0a09000c 10000 100 794622 1494000 1044187 271619
0a0a0003 0a060003 10000 100 45125 2446999 95894 24116
0a000002 0a020017 10000 100 449433 1632999 910226 157626
0a0b000e 0a020011 10000 100 95033 2256999 286969 40593
0a070011 0a010002 10000 100 199850 2044999 499336 75210
0a07000b 0a0b000a 10000 100 7808 2523000 21816 11790
0a030018 0a030008 10000 100 394793 1317000 1229164 135348
0a01000d 0a010010 10000 100 42705 2513000 33312 19071
0a01000a 0a060004 10000 100 276323 2403000 143737 100464
0a010007 0a020007 10000 100 80806 2344000 203056 35887
0a080020 0a00000f 10000 100 965136 1296999 1250971 327935
0a030011 0a0a0010 10000 100 80388 2288000 260455 35753
0a0a0020 0a040005 10000 100 2984 2488000 60636 10185
0a05001c 0a07001b 10000 100 2963 2533000 16191 10178
0a0b0014 0a090020 10000 100 15140 2360000 189868 14213
0a000019 0a040008 10000 100 45681 2337000 214912 24294
0a0b0006 0a07001f 10000 100 94772 2333000 221036 40510
0a080008 0a08000e 10000 100 42452 2501000 53107 18990
0a0b0011 0a0b001a 10000 100 49225 2482999 71686 21218
0a040011 0a050006 10000 100 41093 2396000 159732 22779
0a01000a 0a0b0002 10000 100 36001 2350999 205110 21104
0a0a0018 0a050017 10000 100 58261 2416000 140633 28442
0a05001c 0a06001e 10000 100 61900 2358999 197924 29653
0a02001a 0a050011 10000 100 5949 2543999 13605 11165
0a03001c 0a040013 10000 100 50609 2292999 264629 25917
0a030008 0a04000f 10000 100 68665 2399999 159797 31879
0a05001a 0a030002 10000 100 74085 2214999 344848 33675
0a080004 0a080020 10000 100 2586955 447000 2113460 859281
0a09000c 0a09000b 10000 100 1854150 555999 2008410 617288
0a010011 0a0a001b 10000 100 151683 2432000 132486 59305
0a07000c 0a03000a 10000 100 26332 2504999 60151 17902
0a0a001e 0a08000c 10000 100 83857 2471000 94223 36894
0a09000a 0a0a0003 10000 100 35870 2449999 117654 21047
0a000010 0a050010 10000 100 35659 2448000 120515 20979
0a04001e 0a01001b 10000 100 101315 2334999 233645 42665
0a070009 0a010011 10000 100 88907 2492999 75886 38571
0a030011 0a060007 10000 100 49759 2295000 274377 25645
0a050003 0a00001a 10001 100 75954 2255000 314426 34288
0a070004 0a03001f 10000 100 51655 2377999 192967 26267
0a000006 0a06001c 10000 100 55807 2377000 196747 27641
0a0b0011 0a060002 10000 100 389443 1717999 856107 137815
0a02000f 0a010009 10000 100 29153 2488999 86572 18836
0a04000b 0a0a000f 10000 100 27656 2488999 86695 18341
0a0b000f 0a0b0020 10000 100 99320 2478000 99096 37771
0a0b0016 0a040011 10001 100 59628 2386999 191508 28895
0a08000b 0a000013 10000 100 54156 2416999 163368 27098
0a09001c 0a070011 10000 100 8652 2488999 95443 12060
0a00001f 0a050010 10000 100 5208 2533000 52742 10928
0a04000b 0a09000e 10000 100 26803 2495999 89797 18053
0a0a0018 0a0b001e 10000 100 525551 916999 1669623 182767
0a010015 0a070015 10000 100 15055 2537000 49710 14186
0a040009 0a020004 10000 100 44004 2423999 163624 23742
0a0a0010 0a05000d 10000 100 77743 2477000 110662 34876
0a040019 0a070013 10000 100 8206 2549000 39272 11918
0a080016 0a010018 10000 100 24089 2472999 115660 17169
0a07000c 0a03000e 10000 100 426858 1565999 1023348 150172
0a02000c 0a03001c 10000 100 102823 2439000 151157 43163
0a030018 0a05000c 10000 100 30634 2402000 188491 19325
0a010009 0a070017 10000 100 17009 2539000 52715 14827
0a0b001c 0a07000b 10000 100 399156 1637999 958430 141031
0a000017 0a020003 10000 100 5284 2546000 50753 10952
0a04000d 0a03000c 10000 100 14018 2531999 66404 13839
0a06000d 0a0b000e 10000 100 22197 2527000 75744 16533
0a020009 0a00000b 10000 100 28292 2576000 27036 18545
0a04001d 0a0b001e 10000 100 3116 2589000 15707 10243
0a070016 0a0a0013 10000 100 44685 2471000 134547 23960
0a000020 0a070019 10000 100 75755 2510000 99106 34224
0a0b0014 0a000017 10000 100 88256 2276999 332579 38348
0a000003 0a000017 10000 100 32340 2554999 55679 15646
0a030007 0a0a000f 10000 100 55323 2374999 235810 27471
0a080011 0a03000d 10000 100 711788 2007000 606195 244268
0a05001b 0a060013 10001 100 307884 1873000 741144 110887
0a07001f 0a0a001b 10000 100 9114 2556999 57252 12224
0a07001a 0a03000a 10000 100 58181 2563999 50740 28416
0a0b0020 0a06000d 10000 100 6673 2560000 55533 11412
0a05000b 0a06001f 10000 100 396466 1987000 629278 140139
0a07001e 0a090017 10000 100 523017 1920000 696426 181926
0a02001a 0a040020 10000 100 56372 2435000 181468 27822
0a070010 0a0b0012 10000 100 59098 2501000 116298 28725
0a02001c 0a05000a 10000 100 20801 2582999 37940 16071
0a08001a 0a010001 10000 100 79845 2233000 388171 35579
0a0b000a 0a080003 10000 100 37989 2583999 37449 21755
0a070011 0a050016 10000 100 22812 2534999 89801 16745
0a06000b 0a060008 10000 100 1858753 1079000 1547399 618807
0a010003 0a01001c 10000 100 73903 2566999 59424 29376
0a0b001a 0a020012 10000 100 27383 2517999 110165 18254
0a06001a 0a09000f 10000 100 18622 2593999 35981 15358
0a08001c 0a02000a 10000 100 26754 2547999 82311 18037
0a060015 0a030008 10000 100 350 2595000 35607 9327
0a010009 0a09001b 10000 100 37873 2580999 49608 21718
0a050016 0a030008 10000 100 11068 2573000 59907 12864
0a010018 0a05000e 10000 100 349379 1876000 758592 124580
0a020014 0a080020 10000 100 94835 2531999 105306 40530
0a03001e 0a000013 10000 100 500742 1378000 1259856 174567
0a070010 0a02001a 10000 100 552310 1508000 1130315 191607
0a09000c 0a07001c 10000 100 202073 2101000 538306 75936
0a070018 0a000005 10000 100 33189 2514999 124741 20173
0a0a0008 0a020002 10000 100 52533 2507999 133353 26563
0a000004 0a070002 10000 100 292198 1949999 691584 105698
0a08000c 0a08001b 10000 100 65366 2528999 113472 26552
0a040006 0a0a000a 10000 100 45578 2484999 157560 24261
0a0b0005 0a000003 10000 100 54550 2477000 166068 27224
0a08001e 0a010019 10000 100 24938 2562000 81787 17441
0a010008 0a000003 10000 100 38891 2474000 169994 22044
0a000012 0a000013 10000 100 62596 2599000 45522 25635
0a020010 0a03001e 10000 100 603963 907000 1738772 208658
0a07000a 0a070010 10000 100 80478 2534999 111941 31542
0a0b001f 0a060007 10000 100 1016386 561999 2086474 344857
0a060020 0a080016 10000 100 28519 2615000 33801 18633
0a070008 0a0b001c 10000 100 409569 902000 1748267 144470
0a07000b 0a0a0020 10000 100 68577 2399999 251289 31851
0a00001e 0a070003 10000 100 69427 2569000 83281 32138
0a040018 0a07000c 10000 100 61028 2357999 295932 29358
0a020003 0a080008 10000 100 78542 2520999 133660 35147
0a03001c 0a0a0011 10000 100 2742 2637000 18564 10108
0a06001e 0a0b000e 10000 100 53431 2448000 207808 26850
0a04001e 0a080009 10000 100 64029 2565000 91520 30349
0a06000d 0a030005 10000 100 23732 2602000 55765 17040
0a040014 0a08000b 10000 100 33893 2530999 127365 20399
0a01001e 0a000006 10000 100 101164 2452999 207095 42616
0a020008 0a0b0012 10000 100 12975 2528999 134146 13490
0a000014 0a01001e 10000 100 83888 2514999 148571 36904
0a0b0011 0a030006 10000 100 81324 2419000 244816 36068
0a010001 0a03000b 10000 100 505208 876999 1787329 176042
0a030016 0a02000c 10000 100 823996 116999 2547844 281326
0a08001a 0a070006 10000 100 70275 2324000 341098 32409
0a0b0020 0a090001 10000 100 599997 1606000 1059714 207343
0a040003 0a02000c 10001 100 80097 2433999 232365 35660
0a090007 0a0b0020 10000 100 58327 2485999 180501 28463
0a080001 0a000011 10000 100 74659 2393999 273138 33858
0a060005 0a060008 10000 100 2092416 973000 1694505 695960
0a000018 0a0a001d 10000 100 52161 2471999 197783 26429
0a020003 0a0a0003 10000 100 83116 2370000 299897 36657
0a020007 0a06000a 10000 100 41836 2549000 121107 23017
0a05001d 0a02000e 10000 100 87780 2505999 164838 38195
0a0a0018 0a03000c 10000 100 1777898 1358000 1314113 596344
0a0a0006 0a000001 10000 100 2577 2634000 38228 10055
0a030013 0a060011 10000 100 42036 2510000 163545 23096
0a030005 0a05000c 10001 100 76100 2524000 150505 34335
0a000017 0a010019 10001 100 100875 2301999 372840 42524
0a090014 0a010003 10000 100 41612 2523000 152229 22945
0a06001d 0a020003 10000 100 56850 2547999 128937 27975
0a070013 0a010009 10000 100 12097 2629999 47847 13209
0a0b000c 0a0b0010 10000 100 71814 2618000 60615 28677
0a00000b 0a000014 10000 100 9777 2635999 43354 8196
0a030011 0a030019 10000 100 1922687 622999 2057672 639911
0a020012 0a010006 10000 100 16368 2588000 93520 14606
0a000014 0a070005 10000 100 79879 2443999 238549 35590
0a040011 0a070004 10000 100 1684620 1999 2681209 565543
0a080012 0a010005 10000 100 594 2586000 97273 9405
0a050009 0a090016 10000 100 72516 2335999 347608 33157
0a030012 0a090002 10000 100 268045 1789999 893659 97723
0a03000a 0a05000e 10000 100 980311 458999 2224995 332944
0a030009 0a000018 10000 100 460125 1716000 968386 161155
0a0a001d 0a030019 10000 100 86832 2484999 199809 37877
0a0b0020 0a090008 10000 100 104502 2507999 180875 43715
0a010011 0a0b0009 10000 100 32181 2503000 186911 19835
0a02001d 0a06000b 10000 100 315919 2292999 397091 113535
0a070018 0a020006 10000 100 728033 492999 2197439 249635
0a04001d 0a020018 10000 100 1678029 1226000 1464472 563357
0a040013 0a08000c 10000 100 35626 2481000 210353 20968
0a0a0019 0a0a000d 10000 100 1942729 891999 1799612 646539
0a08001d 0a020002 10000 100 78962 2360000 332041 35281
0a020020 0a02001f 10000 100 24661 2664999 31274 13112
0a030013 0a07001c 10000 100 86885 2442999 254304 37894
0a090009 0a06001f 10000 100 20286 2648000 50147 15906
0a020007 0a01001a 10000 100 14185 2634000 65212 13892
0a08000f 0a040003 10000 100 91245 2478000 222456 39335
0a04000f 0a030012 10000 100 22827 2577999 122835 16750
0a01000f 0a070017 10000 100 86141 2544999 157124 37656
0a010016 0a080019 10000 100 60836 2467000 236885 29297
0a02000d 0a040014 10000 100 58685 2573000 130888 28593
0a02000f 0a00000f 10000 100 67875 2544999 159423 31626
0a09000b 0a08000a 10000 100 98753 2415000 290964 41814
0a010003 0a08000e 10000 100 14369 2618999 88217 13951
0a0b0012 0a02000f 10000 100 39990 2616999 91148 22411
0a09000e 0a00001c 10000 100 702496 337000 2373429 241202
0a07000a 0a09000c 10000 100 562906 2181000 529543 195105
0a040012 0a010012 10000 100 7827 2683000 27990 11796
0a050008 0a080007 10000 100 599929 966999 1744531 207321
0a0b0014 0a04000d 10000 100 44498 2475000 237091 23900
0a0b0019 0a02000c 10000 100 92606 2550000 167434 39786
0a090006 0a0a0006 10000 100 73649 2479999 238238 33535
0a01001c 0a010017 10000 100 93756 2654999 64669 35929
0a0b001d 0a050017 10000 100 104105 2468999 251073 43588
0a0a0006 0a02000f 10000 100 36125 2520000 200128 21144
0a030013 0a030008 10000 100 48087 2667999 53824 20854
0a090003 0a000009 10000 100 35096 2635999 86419 20799
0a04001d 0a000010 10000 100 664816 791000 1931495 228760
0a070018 0a01000e 10000 100 102575 2409999 313445 43083
0a06001f 0a0a0012 10000 100 72234 2459999 264632 33067
0a0b001b 0a090002 10000 100 98552 2338999 385706 41750
0a040008 0a030008 10000 100 13031 2678999 47125 13508
0a050004 0a080004 10000 100 91932 2413000 313766 39570
0a080003 0a09001d 10000 100 76601 2629999 96822 34511
0a090005 0a07000a 10000 100 65288 2531999 194974 30768
0a0b0003 0a080004 10000 100 97323 2585000 144756 41341
0a01000b 0a05000f 10000 100 54442 2537999 192357 27189
0a04000d 0a0b0002 10000 100 462264 1095000 1635545 161870
0a000005 0a04000f 10000 100 54629 2562000 168551 27249
0a060003 0a00001b 10000 100 58539 2638000 92668 28546
0a010008 0a0a000f 10000 100 18752 2664000 67146 15400
0a08001b 0a000007 10000 100 29516 2673000 59181 18952
0a000015 0a00001a 10000 100 867808 1199999 1533824 291552
0a07001f 0a080004 10000 100 84095 2392000 341965 36985
0a05000d 0a000013 10000 100 200613 1965000 769178 75454
0a080007 0a000005 10000 100 829301 1062000 1672183 283070
0a030003 0a070007 10000 100 407550 1809000 925649 143793
0a09000d 0a030001 10000 100 537754 2017000 718312 186795
0a020015 0a050001 10000 100 354854 1732000 1003481 126393
0a04000e 0a0a0009 10000 100 64444 2475000 262563 30482
0a040014 0a0a0009 10000 100 27666 2699000 38715 18344
0a00000b 0a05001f 10000 100 102857 2334999 402876 43174
0a020005 0a0a0010 10000 100 62894 2570999 167018 29971
0a00001a 0a0b001c 10000 100 29493 2621000 119511 18944
0a04000f 0a070014 10000 100 26603 2694000 47936 17989
0a060010 0a060012 10000 100 102965 2674000 67984 38968
0a080013 0a080012 10000 100 779903 1965000 777633 262516
0a02001b 0a000016 10000 100 35896 2673000 71124 21055
0a0b0003 0a03001a 10000 100 48326 2579999 164601 25171
0a020001 0a0a001d 10000 100 252024 2139999 605231 92443
0a080006 0a05001c 10000 100 354007 2099000 647144 126122
0a020011 0a0a000a 10000 100 101600 2407999 338524 42756
0a090007 0a000012 10000 100 21263 2694999 51562 16234
0a060012 0a06001e 10001 100 2464588 1404000 1343295 818880
0a00000e 0a0a001a 10000 100 52746 2565000 183314 26631
0a030012 0a010005 10000 100 10746 2678999 69463 12761
0a000007 0a0a000b 10000 100 60467 2462999 285886 29179
0a010003 0a070008 10000 100 556721 1317999 1430891 193064
0a0b0007 0a050015 10000 100 367784 1183999 1565081 130669
0a030017 0a01000e 10000 100 100515 2420999 328705 42409
0a04001f 0a010003 10000 100 33691 2583999 165898 20334
0a09000e 0a050014 10000 100 98730 2560999 190003 41807
0a04001f 0a030016 10000 100 26021 2690999 60849 17803
0a000017 0a010005 10001 100 8002 2723999 27887 11852
0a0b0011 0a020007 10000 100 36735 2677999 74353 21339
0a030012 0a010007 10000 100 19797 2602000 151288 15750
0a060011 0a00001b 10000 100 17861 2664000 91051 15099
0a0b0017 0a0a0010 10000 100 61336 2554999 200809 29457
0a050010 0a050007 10000 100 88006 2494999 263352 34028
0a0a001e 0a09000d 10000 100 43504 2687999 71170 23582
0a060013 0a01000c 10000 100 69044 2533999 226946 32016
0a040001 0a0b0008 10000 100 179610 2360999 400679 68518
0a09000a 0a090020 10001 100 444645 2135999 625694 151808
0a000010 0a04000c 10000 100 48838 2569000 194111 25335
0a02001d 0a030003 10000 100 55356 2615999 147519 27482
0a0a0008 0a040012 10000 100 29508 2671999 91572 18949
0a0a001e 0a0a0009 10000 100 19587 2746999 17122 11442
0a070012 0a09001f 10000 100 103892 2469999 294177 43520
0a0a0016 0a01001e 10000 100 15635 2739000 25277 14372
0a07001c 0a040018 10000 100 81043 2565000 199711 35978
0a000014 0a030020 10000 100 66234 2436999 328657 31086
0a060008 0a06001d 10000 100 2423 2758000 8595 5766
0a070008 0a040002 10000 100 1013940 232999 2534018 344044
0a01001e 0a010016 10000 100 593846 2318000 450379 201073
0a090012 0a0a0008 10000 100 86104 2583999 184396 37644
0a090012 0a0b0001 10000 100 103390 2546999 221915 43344
0a060010 0a050004 10000 100 87533 2582999 187694 38116
0a050006 0a0a000b 10000 100 8997 2729000 43052 12171
0a050012 0a060001 10000 100 44602 2641999 132272 23933
0a07000c 0a0a0017 10000 100 465328 1544000 1230821 162881
0a09000c 0a060008 10000 100 96030 2505999 270097 40928
0a030006 0a080007 10000 100 71005 2500000 276375 32658
0a08001b 0a09000a 10000 100 39612 2700000 76423 22290
0a010003 0a060005 10000 100 81035 2543000 233456 35976
0a090008 0a0b0007 10000 100 6417 2717999 59327 11330
0a02001a 0a090020 10000 100 1569309 123999 2653361 527460
0a040008 0a0b0008 10000 100 4324 2732000 47959 10629
0a00001d 0a060007 10000 100 62225 2605999 174744 29757
0a070011 0a020019 10000 100 79720 2495999 285422 35539
0a04001a 0a040017 10000 100 96264 2696000 85719 36762
0a030018 0a0b000d 10000 100 11844 2714999 66737 13112
0a000018 0a020004 10000 100 31035 2637000 144760 19453
0a0b0008 0a090019 10000 100 734 2753999 28433 9450
0a0a000c 0a06001c 10000 100 43420 2635000 147589 23539
0a03000e 0a040014 10000 100 51711 2673000 110877 26285
0a040017 0a0a0005 10000 100 365100 1827000 959396 129779
0a08001a 0a0b0020 10000 100 97274 2341999 444485 41326
0a02000a 0a040019 10000 100 91154 2592999 193712 39306
0a05001b 0a040006 10000 100 87512 2582000 206106 38110
0a080019 0a020005 10000 100 14736 2720000 68894 14069
0a000012 0a01001d 10000 100 37359 2709000 83266 21538
0a03000c 0a07001a 10000 100 52977 2664999 127579 26705
0a06001d 0a070015 10000 100 6302 2750999 42082 11293
0a06001f 0a090005 10000 100 13358 2753999 39392 13612
0a010017 0a080014 10000 100 335028 2028999 765025 119849
0a09000c 0a07001d 10000 100 26558 2739999 54604 17975
0a010013 0a050016 10000 100 9246 2752000 42944 12266
0a060011 0a08001b 10000 100 343298 2302999 492195 122572
0a030013 0a060019 10000 100 580954 2053000 742442 201064
0a0b001d 0a030016 10000 100 72488 2534999 261909 33148
0a030010 0a090013 10000 100 29024 2748000 49260 18794
0a040006 0a09001c 10000 100 43734 2673000 124823 23655
0a02000b 0a0b0018 10000 100 45578 2612999 185944 24261
0a010004 0a030003 10000 100 34584 2678999 120802 20635
0a02001f 0a0a000b 10000 100 40579 2716999 83766 22615
0a070020 0a030006 10000 100 1659 2743999 58178 9761
0a04000e 0a010002 10000 100 858788 592999 2209762 292813
0a0a001d 0a08000c 10001 100 438486 2105000 698762 154016
0a02001c 0a030019 10000 100 61283 2624000 184315 29440
0a0a0018 0a000001 10000 100 97682 2527999 283939 41472
0a010018 0a040004 10000 100 164594 2586999 225673 63559
0a08000f 0a03000d 10000 100 161895 2586000 227632 62665
0a0b001f 0a030005 10000 100 22904 2771000 44316 16775
0a07000f 0a0a000f 10000 100 794997 531000 2284393 271739
0a0b001b 0a060015 10000 100 819866 1190000 1625796 279959
0a0a0009 0a01000f 10000 100 15988 2746999 69564 14485
0a030019 0a070018 10000 100 69416 2546000 272297 32135
0a010008 0a030007 10000 100 15423 2756999 63062 14304
0a0b0014 0a0b000d 10000 100 1551566 755000 2066448 517358
0a010010 0a02000e 10000 100 28360 2755000 68448 18567
0a0b0016 0a010007 10000 100 54339 2622000 202158 27156
0a00000b 0a0a001e 10000 100 102404 2374999 449925 43029
0a060008 0a06000c 10000 100 1904910 1134000 1693739 634038
0a03001a 0a070001 10000 100 71163 2552000 276540 32709
0a0a0019 0a070009 10000 100 101707 2553999 274610 42790
0a0a001b 0a060006 10000 100 69253 2605999 225280 32082
0a060015 0a01000e 10000 100 104465 2593999 238088 43704
0a070011 0a040005 10000 100 132017 2481000 352138 52812
0a000005 0a090001 10000 100 9059 2771000 62663 12206
0a07001b 0a050013 10000 100 17801 2710000 123893 15080
0a07001c 0a07000d 10000 100 59203 2775000 59642 24519
0a000002 0a030009 10000 100 89261 2671999 163356 38685
0a000010 0a060006 10000 100 11901 2763999 71756 13131
0a020006 0a010001 10000 100 60012 2740999 95598 29033
0a07000f 0a070019 10000 100 52783 2776999 61543 22403
0a040019 0a00001a 10000 100 603369 317000 2521773 208468
0a0a0007 0a050003 10000 100 64723 2713999 127492 30587
0a010007 0a060017 10000 100 61252 2722000 120348 29430
0a030012 0a01001e 10000 100 61720 2723999 118834 29595
0a000014 0a080002 10000 100 103236 2541999 301830 43295
0a09000e 0a09000d 10000 100 137081 2736000 107939 50239
0a060014 0a0a0008 10000 100 1025638 733999 2112122 347910
0a070016 0a0a001e 10000 100 1924876 1477999 1368682 644882
0a020015 0a050019 10000 100 605472 1920000 928507 209156
0a07000d 0a040007 10000 100 44591 2612000 236930 23929
0a03000d 0a070005 10000 100 13178 2804000 45916 13555
0a060007 0a0a000b 10000 100 54140 2615999 233995 27093
0a080010 0a07000c 10000 100 35051 2788000 62378 20784
0a02001e 0a0b0008 10000 100 711220 519999 2331840 244086
0a040006 0a060010 10000 100 60033 2628000 224464 29040
0a0a0017 0a0a0002 10000 100 97036 2794000 59565 37009
0a070008 0a080005 10000 100 527922 685999 2167953 183541
0a040007 0a060020 10001 100 41946 2690999 163175 23052
0a00001e 0a050018 10000 100 776597 328999 2525537 265667
0a070016 0a05000b 10000 100 32827 2724999 131486 20042
0a07001b 0a090007 10000 100 449368 1951000 907032 157605
0a01001b 0a06000c 10000 100 717348 910000 1948602 246108
0a030017 0a06001a 10000 100 111603 2485999 373195 46064
0a03001c 0a000019 10000 100 70262 2563999 296125 32405
0a0b0015 0a030020 10000 100 89312 2497000 363818 38701
0a050011 0a010017 10000 100 63631 2743000 118291 30222
0a0a0013 0a08000e 10000 100 47772 2722000 139497 24978
0a07001b 0a030004 10000 100 7546 2805999 55972 11706
0a04000b 0a02001c 10000 100 85360 2680999 181134 37390
0a050020 0a01001a 10000 100 52109 2697000 165974 26412
0a010011 0a02000b 10000 100 37026 2696000 167113 21432
0a08000d 0a08001c 10000 100 92976 2782000 81121 35664
0a05001a 0a060007 10000 100 92300 2526000 339127 39688
0a030015 0a080006 10000 100 47062 2602000 263817 24751
0a06000b 0a070009 10000 100 35090 2789999 76106 20797
0a010015 0a000011 10000 100 273975 1876999 990053 99682
0a010011 0a09000d 10000 100 78491 2748000 119739 35131
0a040017 0a080012 10000 100 163993 2331000 536847 63367
0a04000d 0a080003 10000 100 3241 2824999 43302 10283
0a02000e 0a010005 10000 100 59746 2827999 44803 28933
0a050002 0a02001e 10000 100 84389 2762999 113776 37080
0a08001a 0a040019 10000 100 9398 2798000 79424 12314
0a020002 0a060002 10000 100 715360 841999 2037059 245441
0a010020 0a080010 10000 100 223790 2406999 472342 83116
0a030011 0a0a0002 10000 100 843056 337000 2544484 287625
0a03000c 0a07001f 10000 100 375260 2073999 809959 133138
0a030006 0a03000c 10000 100 73707 2818999 65633 29314
0a040020 0a000013 10000 100 104516 2566000 318642 43720
0a060008 0a000001 10000 100 12822 2781000 105848 13441
0a010011 0a00001d 10000 100 11505 2805000 82694 13004
0a04001f 0a020005 10000 100 95462 2628000 261610 40730
0a0a0014 0a06000f 10000 100 69319 2625000 265374 32104
0a090010 0a0a0015 10000 100 53934 2681999 208915 27011
0a080002 0a02000a 10001 100 61670 2566000 325142 29579
0a090001 0a090008 10000 100 15823 2860999 36482 10192
0a04001e 0a0b0010 10000 100 10534 2853000 46412 12693
0a00001a 0a05001f 10000 100 713722 159999 2739757 244902
0a01000c 0a0b000b 10000 100 60288 2795000 106460 29121
0a050010 0a060013 10000 100 65907 2664999 236541 30966
0a020003 0a02000e 10000 100 74843 2827999 80307 29677
0a060017 0a010013 10000 100 4175 2867000 41320 10582
0a0b0020 0a03001a 10000 100 35086 2835999 73524 20796
0a030014 0a0a0013 10000 100 60519 2667000 244332 29195
0a03001b 0a0a0010 10000 100 39813 2795999 116173 22354
0a040003 0a010005 10000 100 29202 2863999 48543 18851
0a03000e 0a0a0017 10000 100 22149 2847000 65920 16518
0a010017 0a0b0001 10000 100 30270 2801999 112254 19208
0a010005 0a040020 10000 100 603878 1608999 1307929 208631
0a080008 0a06000e 10000 100 98622 2614000 303587 41772
0a000008 0a060016 10000 100 888207 121999 2796121 302534
0a0a000a 0a050020 10000 100 92359 2762000 156645 39707
0a050007 0a09001f 10000 100 915488 116999 2801783 311541
0a050007 0a0a001f 10000 100 18662 2861999 57868 15371
0a020013 0a080011 10000 100 39905 2792000 128889 22384
0a07001e 0a02001a 10000 100 67259 2763999 161790 31414
0a000014 0a020020 10000 100 995959 657999 2267987 338105
0a020010 0a04001d 10000 100 80089 2631000 295337 35657
0a090003 0a020020 10000 100 94148 2700999 225509 40295
0a040002 0a090020 10001 100 18216 2844000 84053 15228
0a010011 0a03000e 10000 100 37301 2896000 33266 21520
0a03000c 0a09000e 10000 100 27462 2854000 77210 18279
0a06001d 0a070006 10000 100 37468 2820000 112728 21573
0a07000f 0a090005 10000 100 49519 2866000 67769 25568
0a08000d 0a0b0006 10000 100 785051 453999 2481268 268464
0a090005 0a040019 10000 100 47410 2769999 166437 24862
0a0b000c 0a0b0001 10000 100 2024109 2124000 813150 673410
0a09001e 0a050020 10000 100 57052 2815999 121221 28055
0a040013 0a070010 10000 100 103473 2642999 294583 43371
0a020011 0a000009 10000 100 103520 2729999 208195 43401
0a03001c 0a0a000e 10000 100 88372 2644000 294361 38385
0a020010 0a080001 10000 100 10875 2883000 57163 12802
0a000002 0a080003 10000 100 335500 2099999 842646 120000
0a0b000a 0a090013 10000 100 54039 2882000 62509 27060
0a070007 0a06000d 10000 100 45087 2873000 74558 24104
0a02000d 0a010019 10000 100 57322 2634000 313619 28142
0a09000a 0a09001e 10000 100 1902 2941000 6777 5599
0a000019 0a02001c 10000 100 87595 2750999 199264 38136
0a0a0005 0a070019 10000 100 58061 2706000 245673 28378
0a0a000c 0a0b0009 10000 100 19476 2801000 151392 15632
0a0a000a 0a060011 10000 100 665790 759000 2195568 229072
0a040012 0a09001d 10000 100 32553 2867999 87434 19954
0a080012 0a0b0020 10000 100 35573 2840000 115502 20952
0a030020 0a0b0016 10000 100 43219 2743000 212928 23475
0a070016 0a070017 10000 100 589009 2436999 520168 199479
0a01001c 0a030002 10000 100 81149 2781000 179342 36012
0a04000d 0a05000a 10000 100 48857 2750999 209678 25341
0a030016 0a050006 10000 100 285506 2335999 625779 103495
0a020012 0a070016 10000 100 71146 2648999 313178 32704
0a040007 0a07001b 10000 100 104448 2632999 332142 43698
0a08000d 0a060008 10000 100 92385 2680000 285443 39715
0a030016 0a0b0018 10000 100 69571 2775000 191476 32184
0a06000e 0a060013 10000 100 38294 2932999 33678 17613
0a0b001d 0a07000e 10000 100 41153 2808000 158726 22799
0a0a0016 0a0b0010 10000 100 73194 2890999 76233 33374
0a080019 0a060020 10000 100 90109 2668999 299252 38971
0a070010 0a010005 10000 100 9859 2919999 49138 12462
0a0a0010 0a080020 10000 100 453370 1394000 1575528 158932
0a080015 0a060004 10000 100 38470 2789999 180901 21909
0a040015 0a040009 10000 100 95713 2850999 120259 36571
0a0a001b 0a00000c 10000 100 274246 2482999 490013 99769
0a03000c 0a0b0019 10000 100 76156 2897999 75918 34353
0a000010 0a05001f 10000 100 1939916 1353000 1621322 649848
0a0a0015 0a09000d 10000 100 51383 2870000 104925 26180
0a070013 0a040012 10000 100 12236 2896000 79009 13253
0a0b001c 0a0b0005 10000 100 969303 1046999 1928258 325074
0a080019 0a05001b 10000 100 60007 2750999 224315 29032
0a0b0014 0a01001e 10000 100 4107 2906000 71446 10560
0a0b001d 0a060017 10000 100 592013 1167999 1809864 204711
0a06000d 0a0a000e 10000 100 37786 2905000 73268 21690
0a03001b 0a050002 10000 100 80187 2749999 228436 35689
0a090011 0a090009 10000 100 153339 2792999 185975 55610
0a010007 0a000015 10000 100 36732 2740999 239693 21338
0a0b001c 0a0b0013 10000 100 85875 2706000 279994 33330
0a0b001b 0a09000d 10000 100 145051 2527999 459400 57106
0a0a001c 0a04000e 10000 100 46625 2857999 130417 24611
0a01000f 0a080012 10000 100 20115 2938000 51664 15851
0a05000d 0a070005 10000 100 584329 2000000 990990 202175
0a08001c 0a0a0002 10000 100 80571 2758000 234339 35812
0a0b001c 0a0b0009 10000 100 1604100 645999 2347500 534707
0a010019 0a0b001d 10000 100 51121 2739000 254638 26096
0a020002 0a0a0004 10000 100 6773 2945999 49225 11444
0a07001f 0a030015 10000 100 32070 2763999 234273 19800
0a080018 0a0a0001 10000 100 81357 2844999 153541 36079
0a07001a 0a03000c 10000 100 4700 2988999 10613 10765
0a040001 0a010006 10000 100 37424 2870999 129256 21559
0a050016 0a01001a 10000 100 42603 2900999 100831 23278
0a0b0001 0a060010 10000 100 49541 2892000 110117 25575
0a010018 0a060017 10000 100 33961 2900999 102045 20420
0a0a0020 0a080005 10000 100 49855 2889000 114569 25675
0a080012 0a0a0014 10000 100 813179 1397999 1606532 277757
0a050003 0a09000a 10000 100 31928 2902000 102793 19754
0a020017 0a07001b 10000 100 408361 1510000 1496280 144068
0a030008 0a01001e 10000 100 183701 2837000 170313 69873
0a09001f 0a040009 10000 100 326400 2458000 549709 116996
0a050006 0a0b0001 10000 100 37614 2965000 45604 21635
0a040018 0a000016 10000 100 51628 2812999 198229 26258
0a05001d 0a02000f 10000 100 1782449 6999 3005268 597846
0a060014 0a06001d 10000 100 457428 2399000 613395 156021
0a0a0001 0a00000e 10000 100 241089 2389000 623531 88821
0a010012 0a040012 10000 100 45136 2944000 70291 24119
0a080017 0a01001b 10000 100 65468 2971999 43095 30825
0a030008 0a0a0019 10000 100 89190 2805000 212232 38662
0a0b0018 0a070006 10000 100 938751 2350999 667283 319215
0a09001f 0a0a0001 10000 100 100121 2791000 227494 42267
0a050018 0a01001b 10000 100 33888 2916000 103681 20397
0a080020 0a080004 10000 100 45839 2972999 47477 20104
0a040011 0a070006 10000 100 60532 2784000 237241 29200
0a020004 0a05000a 10000 100 240214 2256999 764318 88541
0a0b0006 0a040004 10000 100 11399 2981999 39504 12970
0a08000e 0a04001d 10000 100 95344 2946999 74550 40693
0a070004 0a050001 10000 100 92752 2843000 179067 39832
0a0a001b 0a0b0016 10000 100 79534 2831000 191567 35480
0a01000e 0a00000b 10000 100 101724 2736000 288356 42796
0a03001e 0a05000f 10001 100 90469 2572000 453349 39087
0a090004 0a050002 10000 100 63935 1301000 1724423 30319
0a070008 0a010004 10000 100 74000 2802999 223053 33648
0a0b0018 0a08001c 10000 100 73632 2818000 209833 33530
0a090020 0a03000a 10000 100 20863 2935999 94459 16091
0a080020 0a0a0005 10000 100 38160 2965000 66386 21810
0a0a0011 0a000018 10000 100 574187 1732999 1299809 198822
0a00001e 0a08001f 10000 100 41760 2922000 111429 22993
0a020002 0a0a0006 10000 100 35132 2831999 204551 20810
0a020014 0a020011 10000 100 97027 2984000 53002 37007
0a06001e 0a0a0010 10000 100 34247 2886000 151286 20512
0a080020 0a040016 10000 100 75305 2877999 161901 34080
0a07000e 0a0a000c 10000 100 86902 2755000 287037 37899
0a060016 0a090009 10000 100 87523 2906999 137670 38113
0a060019 0a0b000c 10000 100 82825 2899000 146128 36564
0a090009 0a09001a 10000 100 1590270 2325999 719357 530143
0a06000b 0a030012 10000 100 23576 2935000 110754 16990
0a03001e 0a02000a 10000 100 178527 2458000 588226 68171
0a00000d 0a060012 10000 100 2343 2997999 49344 9980
0a030001 0a06001b 10000 100 49158 2933999 113512 25437
0a020011 0a020007 10000 100 50927 3008999 39684 21778
0a020003 0a08001c 10000 100 64910 2935999 113659 30647
0a050020 0a0a000e 10000 100 49621 2873000 177036 25600
0a060004 0a02000d 10000 100 63543 2877999 172270 30194
0a060011 0a000001 10000 100 63270 2843000 207872 30106
0a00001c 0a000010 10000 100 98790 2706000 345767 37586
0a00001c 0a050016 10000 100 57212 2756999 295320 28106
0a090002 0a070020 10000 100 444634 1891000 1161605 156044
0a0a001b 0a06000a 10000 100 4468 2988000 66928 10675
0a030010 0a0b0017 10000 100 75130 2759000 296178 34024
0a010018 0a010010 10000 100 69156 2971999 83313 27811
0a05001c 0a010012 10000 100 59519 3010000 46360 28860
0a020003 0a0a0016 10000 100 73820 2869000 190238 33590
0a080017 0a090017 10000 100 99940 2834000 225580 42209
0a020007 0a05001f 10000 100 159 2962999 97395 9266
0a090002 0a040005 10000 100 25844 3001000 60800 17746
0a020015 0a040015 10000 100 40276 2876000 185821 22503
0a0a0016 0a04001f 10000 100 8292 2987000 74988 11945
0a000012 0a050009 10000 100 416753 1763000 1303927 146831
0a09001a 0a040007 10000 100 11941 2984000 83245 13144
0a070020 0a050009 10000 100 29159 2959999 108156 18838
0a070016 0a090013 10000 100 183008 2598000 470548 69651
0a0b0019 0a050004 10000 100 13725 3004000 65401 13745
0a070016 0a07001f 10000 100 57111 3037000 37161 23834
0a090016 0a050010 10000 100 3497 3050000 24634 10365
0a030012 0a010002 10000 100 49983 2929000 145696 25716
0a00000a 0a07000a 10000 100 46646 3004999 70624 24618
0a040006 0a07000b 10000 100 58070 2935000 141675 28381
0a010007 0a02000a 10000 100 34250 2971999 104848 20513
0a010001 0a05001d 10000 100 103937 2779999 297606 43535
0a020012 0a04001e 10000 100 322338 2211999 866509 115650
0a050005 0a0a000d 10000 100 455668 1623000 1455954 159683
0a080002 0a05001e 10000 100 250796 2606999 473715 92035
0a00000c 0a03000d 10000 100 73492 2926999 154784 33470
0a080016 0a09001d 10000 100 719203 684000 2398586 246717
0a0a0013 0a050019 10000 100 71467 2844999 239013 32806
0a08001e 0a050010 10000 100 43488 2867000 217968 23561
0a050017 0a0a0001 10000 100 45180 2942000 143918 24133
0a03001b 0a040012 10000 100 97401 2772999 312979 41366
0a06001d 0a0b0005 10000 100 95521 2897999 189860 40749
0a0b0014 0a05001a 10000 100 39723 2913999 175197 22326
0a000016 0a06001d 10000 100 92032 2874999 215689 39602
0a03000e 0a010007 10000 100 22397 3013000 77849 16597
0a09000c 0a04000a 10000 100 84963 2903999 186893 37263
0a090010 0a00000d 10000 100 73776 2802999 289704 33576
0a060010 0a06001f 10000 100 139424 2949999 142931 51004
0a050016 0a030007 10000 100 490011 2060999 1033376 171026
0a060017 0a07000f 10000 100 59503 2929999 164384 28855
0a0b0013 0a050001 10000 100 24089 2952000 142602 17169
0a040001 0a090013 10000 100 990864 1564000 1530872 336429
0a050012 0a07000b 10000 100 100400 2694999 401153 42357
0a02000e 0a07001a 10000 100 12814 3030999 66061 13438
0a07001c 0a010007 10000 100 30799 2972999 124118 19378
0a02000b 0a000007 10000 100 55902 2840000 257306 27672
0a0b0016 0a050006 10000 100 57048 2975000 125626 28054
0a07001d 0a080003 10000 100 193726 2724999 376122 73189
0a04000c 0a08001e 10000 100 1746354 306999 2794726 585927
0a020013 0a090008 10000 100 36092 2982999 119761 21133
0a0b0017 0a0b0020 10000 100 65240 3047999 56439 26512
0a05000b 0a030001 10000 100 89957 2892000 212771 38907
0a010002 0a010018 10000 100 728635 2418000 687003 245588
0a08001a 0a080008 10000 100 50576 2890999 214931 21666
0a00001c 0a000003 10000 100 63879 2860999 245034 26061
0a060007 0a09000a 10000 100 846264 1335999 1772391 288682
0a04000e 0a030002 10000 100 6652 2993000 116188 11405
0a080008 0a03000f 10000 100 541745 1209999 1899992 188118
0a01001a 0a090014 10000 100 88515 2912000 198302 38446
0a030007 0a0b0004 10000 100 613267 2014999 1096323 211727
0a000001 0a010020 10000 100 1332 3072000 40589 9641
0a0a000d 0a020007 10000 100 39900 2906999 205940 22382
0a0a000d 0a06000c 10000 100 84942 2798000 315561 37256
0a050002 0a010011 10000 100 489290 2719000 399967 170795
0a09000d 0a0a001a 10000 100 693585 1358000 1761886 238258
0a0a0014 0a0a0006 10000 100 94765 2961000 159166 36267
0a050007 0a0b000b 10000 100 12092 3054999 68115 13207
0a06000b 0a080015 10000 100 123096 2663000 460699 49865
0a010013 0a08000b 10000 100 103592 2834000 291409 43424
0a09000e 0a0b0007 10000 100 210249 2853000 276329 78645
0a020017 0a00001d 10000 100 85645 2923999 206397 37497
0a0b0002 0a02001d 10000 100 31442 3060999 71518 19584
0a07001a 0a09001c 10000 100 26503 3029000 103823 17957
0a01000f 0a0b0020 10000 100 81261 2743000 390783 36048
0a01000a 0a090003 10000 100 490821 2739999 396952 171300
0a09001a 0a090001 10000 100 20855 3115999 21226 11848
0a010006 0a090005 10001 100 19331 3065000 75071 15585
0a080001 0a000017 10000 100 154495 2737999 405077 60220
0a040018 0a040019 10000 100 23288 3124000 21534 12657
0a07000e 0a090017 10000 100 43579 2919000 229036 23606
0a020016 0a06000c 10000 100 620 3059000 89728 9413
0a0b0006 0a050011 10000 100 50938 3001000 148125 26022
0a070018 0a06000a 10000 100 24113 2978999 171001 17177
0a0b0003 0a0a0018 10000 100 2378 3078000 72299 9991
0a040005 0a060020 10000 100 36795 2972999 178030 21358
0a06000f 0a00000b 10000 100 85174 2910999 240320 37331
0a05000d 0a080011 10000 100 85959 2890000 262038 37597
0a08000a 0a000001 10000 100 76685 2967000 185045 34537
0a020019 0a070017 10000 100 10369 3099000 54110 12625
0a030008 0a0b0014 10000 100 1797 3073000 80899 9805
0a080018 0a000013 10000 100 62381 2866000 288175 29807
0a09001c 0a080007 10000 100 433913 2092000 1064633 152506
0a070016 0a040019 10000 100 435107 1820999 1336251 152904
0a080011 0a090019 10000 100 10819 3082999 75062 12784
0a040020 0a060010 10000 100 5869 3079000 79431 11139
0a020012 0a07001d 10000 100 83718 2864999 294050 36849
0a0a001c 0a09001a 10000 100 36129 2991999 167109 21145
0a0a0002 0a010001 10000 100 440570 2046000 1113191 154698
0a070018 0a020015 10000 100 22091 3027999 131434 16499
0a04000e 0a060019 10000 100 81080 2824999 334476 35990
0a0b0011 0a07000d 10000 100 1044120 965999 2195698 354024
0a0a0005 0a06000d 10000 100 96585 2821000 340818 41105
0a050014 0a0a0018 10000 100 69960 2967000 196847 32309
0a05001b 0a030010 10000 100 9573 3101000 63129 12370
0a04000e 0a01000a 10000 100 75158 2867999 296727 34033
0a090018 0a090010 10000 100 89628 2981000 184137 34562
0a040005 0a020005 10000 100 64686 2905000 260189 30575
0a02000b 0a090008 10000 100 44348 2935000 230385 23852
0a07001b 0a040018 10000 100 35127 3030999 135126 20809
0a03000d 0a070018 10000 100 102425 2900999 265547 43035
0a030016 0a060006 10000 100 38345 3043000 124049 21869
0a040017 0a01001d 10000 100 12670 3109999 58366 13392
0a01000d 0a090008 10000 100 60358 3020000 149721 29144
0a030003 0a0b001b 10000 100 17308 3122000 48052 14922
0a01000b 0a04000a 10000 100 18270 3103999 67369 15246
0a000012 0a060002 10000 100 30206 3079999 91743 19188
0a0a0019 0a070001 10000 100 23646 3116999 55704 17012
0a070014 0a0b0019 10000 100 45438 3050000 123429 24216
0a050002 0a030018 10000 100 63706 2984999 189387 30246
0a02001e 0a00001b 10000 100 54135 3056000 118740 27091
0a020018 0a02001c 10001 100 52324 3138999 40534 22241
0a050014 0a020016 10000 100 85763 2995999 183685 37535
0a02001f 0a03000b 10000 100 24985 3116999 62955 17456
0a000015 0a06000a 10000 100 80442 2811000 369242 35770
0a08000c 0a010011 10000 100 19010 3063999 116776 15482
0a060008 0a020002 10000 100 69047 2994999 185978 32016
0a010008 0a03000d 10000 100 61235 2972999 208583 29424
0a000008 0a07000c 10000 100 213409 2684999 497058 79687
0a00001e 0a08000b 10000 100 11452 3132999 50060 12987
0a090013 0a0a0007 10000 100 1345 3085000 98201 9645
0a0b001a 0a0a000a 10000 100 60724 3017999 165649 29261
0a030006 0a01001c 10000 100 42208 3108999 74739 23152
0a03001a 0a0b0014 10000 100 92078 2945999 237795 39617
0a0b0015 0a0a000b 10000 100 70930 3040000 144737 32634
0a040019 0a010008 10000 100 45756 3011999 173868 24318
0a070008 0a020002 10000 100 30901 3063999 123359 19410
0a0a0003 0a010018 10000 100 67717 3030000 157360 31576
0a05000d 0a06000e 10000 100 468318 2056999 1130512 163869
0a04001d 0a080009 10000 100 1806640 1422000 1769296 605833
0a06000f 0a060004 10000 100 39247 3147000 46189 17933
0a060020 0a03000c 10000 100 67387 3037999 156360 31455
0a05000f 0a02000e 10000 100 2118027 1793000 1401532 708672
0a000011 0a070018 10000 100 62017 3027000 168425 29690
0a00000e 0a03001c 10000 100 77247 2984000 212488 34717
0a0b001f 0a040015 10000 100 216824 2903000 295057 80810
0a070001 0a0a001e 10000 100 39669 3141000 57489 22308
0a010013 0a0b001e 10000 100 20648 3086999 112487 16022
0a05001d 0a000016 10000 100 77189 2890999 310996 34699
0a010001 0a0b0009 10000 100 752697 1547999 1654728 257773
0a09001f 0a05001a 10000 100 17262 3108999 93747 14908
0a070020 0a090017 10000 100 40171 3069999 133992 22469
0a070007 0a06000d 10001 100 34265 3040999 163158 20518
0a07000f 0a07001d 10000 100 503897 2609000 597416 171368
0a010011 0a07000e 10000 100 758726 476000 2731047 259764
0a090013 0a090019 10000 100 21690 3128999 83932 12131
0a09001a 0a07000d 10000 100 79573 3108000 106695 35492
0a080010 0a050001 10000 100 50523 2984999 230613 25889
0a01001a 0a070010 10000 100 510114 2824000 391614 177674
0a04000d 0a0a0004 10000 100 31079 3158000 59052 19467
0a09001c 0a020006 10000 100 14538 3138000 79452 14005
0a060005 0a030014 10000 100 47340 3066000 153389 24840
0a05001d 0a000020 10000 100 67169 3073999 145487 31385
0a00001c 0a090006 10000 100 102352 2809999 409927 43012
0a05000b 0a06001a 10000 100 21389 3127000 93134 16274
0a0b0007 0a02000e 10000 100 97734 2831000 391875 41488
0a070020 0a08001b 10000 100 32757 3112999 110505 20020
0a00000d 0a0b000d 10000 100 725612 585000 2638806 248830
0a090014 0a07001d 10000 100 94073 2788999 435521 40271
0a05001b 0a020003 10000 100 3472 3163000 62371 10357
0a0b001c 0a01001b 10000 100 54139 2995999 230894 27092
0a03001e 0a05000d 10000 100 5114 3158000 69344 10897
0a030014 0a06000b 10000 100 62063 3135999 91940 29705
0a0a000a 0a080014 10000 100 35188 3030999 197163 20828
0a00000a 0a030016 10000 100 430389 1574000 1654204 151332
0a080009 0a0b0016 10000 100 70506 3070999 158388 32499
0a03000c 0a070019 10000 100 58706 3086999 143221 28600
0a0a000c 0a070014 10000 100 136594 2830000 401084 54323
0a030016 0a060013 10000 100 35947 3090999 143422 21071
0a000002 0a0b000f 10000 100 77774 3030000 204475 34886
0a050010 0a0b000a 10000 100 54310 3011999 224354 27147
0a020018 0a050017 10000 100 87319 3161999 74551 38048
0a030020 0a07001f 10000 100 65244 3030999 207147 30753
0a03001e 0a02001f 10000 100 1781207 308999 2929339 597433
0a000005 0a07001d 10000 100 621024 1041000 2198044 214302
0a0a000f 0a060003 10000 100 30175 3088000 152425 19178
0a06001a 0a060007 10000 100 54570 3151999 88526 22990
0a0b0019 0a030010 10000 100 94640 3016000 225831 40467
0a040016 0a0b0020 10000 100 44885 3139999 104103 24024
0a050002 0a02001d 10000 100 210259 2768000 476712 78648
0a09001f 0a06000b 10000 100 66638 2988999 257202 31215
0a080013 0a080007 10000 100 1964340 1763999 1483955 653670
0a01000d 0a020018 10000 100 71405 3023000 226061 32786
0a080005 0a06001f 10000 100 566110 1585000 1664118 196161
0a0b001c 0a080010 10000 100 14778 3167999 81811 14082
0a010016 0a040010 10000 100 33415 3115999 135683 20246
0a0b0007 0a000017 10000 100 310596 2654999 597133 111785
0a05000b 0a050007 10000 100 860818 2406999 845151 289238
0a090019 0a090001 10000 100 209395 3144999 107244 74116
0a04000d 0a040011 10000 100 2582385 1175000 2077564 857773
0a0a001b 0a030004 10000 100 7501 3158999 96365 11692
0a060017 0a09000e 10000 100 23903 3176000 79595 17094
0a0a0011 0a03001b 10000 100 68669 3090999 165730 31880
0a0a0011 0a090018 10000 100 7953 3157000 99777 11837
0a090013 0a06001f 10000 100 389337 2015999 1243065 137781
0a0b0013 0a09001d 10000 100 2148696 1551999 1707218 718793
0a04000e 0a020013 10000 100 76931 2919999 340370 34616
0a0a001f 0a04001e 10000 100 82128 2956999 304772 36325
0a040019 0a040007 10000 100 2424119 1306000 1959316 805515
0a0b0009 0a090012 10000 100 507 3225000 40693 9377
0a000005 0a020014 10000 100 86298 2912000 355163 37706
0a040008 0a0b0017 10000 100 601817 2101000 1166286 207956
0a09001e 0a070006 10000 100 379134 2357000 910859 134408
0a0b0014 0a0a000b 10000 100 38251 3167000 101031 21839
0a06000f 0a01000f 10000 100 91429 2919999 348383 39394
0a010005 0a090010 10000 100 2656 3180999 88732 10080
0a08001a 0a040009 10000 100 54590 2987000 284821 27237
0a050012 0a0b0003 10000 100 95674 2961999 310152 40798
0a020017 0a04000e 10000 100 86660 3079999 192315 37822
0a0b0010 0a09001d 10000 100 333628 2919999 352791 119386
0a02001f 0a030007 10000 100 61206 3017999 255137 29415
0a030011 0a070006 10000 100 39130 3154999 118229 22136
0a030002 0a010015 10000 100 716841 1007000 2266543 245931
0a030010 0a08000b 10000 100 30976 3157000 116847 19434
0a010008 0a07001a 10000 100 28618 3203000 71010 18664
0a050019 0a04001d 10000 100 17810 3177999 96368 15083
0a070013 0a0b0010 10000 100 71435 3014000 261972 32796
0a030019 0a02000b 10000 100 69333 2935999 340019 32108
0a01000a 0a0a001f 10000 100 274878 2785999 490495 99987
0a0b0013 0a030013 10000 100 972815 711999 2565915 330469
0a07001a 0a010018 10000 100 353554 2160000 1118889 125962
0a030007 0a06000f 10000 100 89750 2893999 385414 38841
0a04001f 0a08000c 10000 100 680148 1863000 1417982 233820
0a050009 0a030007 10000 100 477466 1832000 1449674 166888
0a09001e 0a090008 10000 100 690648 2701999 579804 233048
0a05000e 0a050013 10000 100 640235 2057999 1223984 216393
0a010010 0a040012 10000 100 46331 3116999 165213 24502
0a05000b 0a090009 10000 100 6053 3268000 14344 11213
0a0a0012 0a0a001e 10000 100 33840 3142999 141371 16142
0a000003 0a010005 10000 100 15230 3239999 45239 14242
0a060015 0a080014 10000 100 65655 3046000 240139 30885
0a060020 0a060005 10000 100 82635 3227999 58172 32263
0a020017 0a0a001f 10000 100 52616 3180999 106319 26590
0a040006 0a020004 10000 100 92439 2997000 292144 39732
0a0b0009 0a03001b 10000 100 40253 3181999 111032 22495
0a08000c 0a060003 10000 100 73245 2997999 295438 33391
0a05001b 0a03001e 10000 100 89548 2945000 348719 38776
0a040014 0a060003 10001 100 504284 2096000 1200384 175747
0a0a0005 0a040006 10000 100 57410 3043000 253865 28170
0a030011 0a07001d 10000 100 800332 473999 2823217 273508
0a020010 0a080007 10000 100 37764 3214999 84015 21683
0a040009 0a0a0005 10000 100 51933 3196000 108411 26356
0a070003 0a0b0016 10000 100 104732 3057999 247140 43789
0a0b000c 0a03000e 10000 100 1008194 524000 2782024 342159
0a0a000a 0a00000b 10000 100 821149 925000 2383742 280384
0a010005 0a060003 10000 100 85867 3171000 138471 37568
0a030009 0a050006 10000 100 51745 3170000 142773 26296
0a090007 0a0b001e 10000 100 18985 3237999 76762 15474
0a0b001f 0a090017 10000 100 19359 3262999 54581 15594
0a0b001d 0a000018 10000 100 70905 3245000 72721 32626
0a0a0001 0a000020 10000 100 606631 1407000 1910878 209542
0a0b0010 0a0b0018 10000 100 18957 3304000 14419 11225
0a08001f 0a00001a 10000 100 70052 3129999 189280 32338
0a010007 0a03001b 10000 100 711212 2075000 1244906 244083
0a050016 0a0a0013 10000 100 86857 3128999 191738 37885
0a04001b 0a08001c 10000 100 387694 2915000 405938 137240
0a0b0006 0a070011 10000 100 56300 3233999 87173 27799
0a080001 0a07001e 10000 100 4702 3288999 33887 10766
0a080010 0a060015 10000 100 99300 2978999 344027 42005
0a080015 0a07000e 10000 100 3129 3204999 118634 10247
0a06001a 0a0b000a 10000 100 30837 3223000 101212 19390
0a01000b 0a020006 10000 100 848704 1773999 1550672 289479
0a020016 0a030019 10001 100 248472 2675999 648727 91260
0a000003 0a080013 10000 100 58343 3174999 150477 28468
0a08000d 0a020018 10000 100 54716 3188999 136901 27277
0a02000b 0a030009 10000 100 84743 3056999 269852 37193
0a090011 0a070016 10000 100 9255 3298000 29430 12269
0a00000f 0a000001 10000 100 2395205 1965999 1361650 795955
0a09001c 0a020010 10000 100 428940 2415000 914949 150853
0a08000b 0a060013 10000 100 31360 3235000 95125 19557
0a04000a 0a08001f 10000 100 468953 2906999 423929 164072
0a05000e 0a08000f 10000 100 662924 823999 2508175 228124
0a06000e 0a040012 10000 100 59907 3106999 225914 28984
0a000010 0a0b0018 10000 100 24526 3240999 91926 17309
0a0a000e 0a0a000d 10000 100 1759341 1644000 1689086 585966
0a040016 0a04001d 10000 100 81387 3295999 38425 31848
0a080013 0a06001d 10000 100 52776 3200000 134974 26641
0a080005 0a0b0015 10000 100 1613 3259999 76559 9746
0a0b000a 0a0b0009 10001 100 1729930 1848000 1488633 576263
0a050009 0a0b0016 10000 100 83587 3069000 268627 36808
0a070001 0a020001 10000 100 64911 3151999 186031 30647
0a0a0011 0a010006 10000 100 745968 1137999 2200062 255559
0a03000d 0a0a001a 10000 100 587105 1853999 1484410 203094
0a0b001a 0a070017 10000 100 13784 3271000 67411 13764
0a050013 0a04001a 10000 100 7840 3246999 93316 11800
0a03000e 0a0b0013 10000 100 97117 3193000 147810 41275
0a01001f 0a020016 10000 100 782433 693000 2647919 267596
0a020005 0a08000e 10000 100 565073 1748999 1596576 195814
0a000019 0a0b000d 10000 100 63872 3154000 192148 30299
0a000013 0a090012 10000 100 823140 1657000 1691540 281037
0a030014 0a06001b 10001 100 44741 3139999 208730 23977
0a090017 0a050017 10000 100 64642 3269999 80518 30561
0a06001c 0a000009 10000 100 36937 3184000 167549 21403
0a070007 0a010001 10000 100 73041 3062000 289558 33325
0a0a000e 0a060007 10000 100 518108 2576000 776480 180309
0a040006 0a000008 10000 100 4133 3334000 18894 10568
0a090013 0a060012 10000 100 869364 243999 3109027 296305
0a0b0005 0a080010 10000 100 47863 3286999 67555 25007
0a070015 0a07001d 10000 100 98555 3193999 161354 37511
0a040010 0a050002 10000 100 325306 2415000 942407 116631
0a030006 0a03001d 10000 100 76337 3220000 137877 30171
0a07000a 0a0b0008 10000 100 680830 1157999 2201469 234039
0a000018 0a080018 10000 100 10315 3298999 63097 12608
0a070003 0a010020 10000 100 64004 3301000 61342 30341
0a000016 0a090016 10000 100 3684 3295000 67709 10424
0a060010 0a090012 10000 100 88629 3033999 328963 38482
0a07001a 0a040019 10000 100 785026 1384999 1977999 268456
0a0a0012 0a01000a 10000 100 38346 3187999 175258 21870
0a050004 0a0a0009 10000 100 92820 3191999 171505 39854
0a05000a 0a0a0009 10000 100 102497 3168999 194637 43058
0a06001a 0a04001a 10000 100 22946 3314000 49713 16788
0a04001d 0a020003 10000 100 97115 3069999 294312 41275
0a01001c 0a0a0003 10000 100 104374 3186000 178363 43674
0a09000b 0a010016 10000 100 103523 2920999 443758 43402
0a010019 0a080008 10000 100 50469 3233000 133800 25872
0a09000d 0a010005 10000 100 29845 3317000 51150 19057
0a060015 0a09000c 10000 100 56097 3177999 191527 27734
0a070015 0a090013 10000 100 34346 3203999 165785 20544
0a020018 0a0b0013 10000 100 47714 3286999 83801 24960
0a030007 0a0b0009 10001 100 83815 3072000 298847 36880
0a080018 0a06001d 10000 100 47328 3252999 117878 24836
0a0a001d 0a08001d 10000 100 189250 2916999 454038 71710
0a05001a 0a0b001b 10001 100 621948 1928999 1442244 214597
0a040007 0a090013 10000 100 611970 1510999 1860277 211297
0a000005 0a090003 10000 100 1859039 170999 3202503 623138
0a05000b 0a0a000d 10000 100 29583 3321000 52796 18973
0a0a0015 0a01000d 10000 100 53901 3199000 175320 27001
0a01001f 0a00000b 10000 100 44260 3327999 49869 23824
0a0a0008 0a04001d 10000 100 43310 3200000 178206 23504
0a07000e 0a04000f 10000 100 4120 3266999 111736 10564
0a0a001e 0a04001e 10000 100 41152 3321000 60030 22798
0a070012 0a090001 10000 100 30406 3262000 119574 19252
0a0a0012 0a0a0001 10000 100 77977 3082999 299436 30711
0a040020 0a010007 10000 100 570052 1840999 1542009 197468
0a000020 0a00001b 10000 100 343072 3163000 220269 118260
0a000013 0a030014 10000 100 493150 2216000 1168541 172061
0a090015 0a070007 10000 100 61479 3124000 260931 29503
0a080009 0a0a0007 10000 100 913387 1458000 1927114 310838
0a060020 0a030012 10000 100 18202 3344999 41093 15224
0a0b0003 0a000012 10000 100 17188 3302999 83549 14884
0a040013 0a050014 10000 100 86055 3125999 261262 37628
0a0a0008 0a060018 10000 100 67830 3095000 294000 31612
0a06000f 0a040001 10000 100 68548 3275999 115022 31841
0a04001f 0a04000b 10000 100 736797 2896999 494691 248292
0a05000a 0a06001e 10000 100 87086 3161000 232342 37973
0a0a0008 0a000018 10000 100 10586 3344000 52748 12710
0a0b0011 0a070007 10000 100 947872 699999 2697497 322226
0a00000b 0a060011 10000 100 96905 3005999 393151 41208
0a060003 0a0b000e 10000 100 2552003 304000 3095772 851983
0a0a000c 0a0a0006 10000 100 2153797 1783000 1617953 716232
0a0a0004 0a01001f 10000 100 85432 3067999 333995 37413
0a0a0016 0a06000f 10000 100 86868 3096999 305248 37888
0a08001b 0a02000d 10001 100 25326 3334999 67282 17565
0a030010 0a050012 10000 100 95574 3090999 311716 40766
0a060010 0a040003 10000 100 99298 2995999 407359 42004
0a030018 0a010011 10000 100 634188 1476000 1927801 218637
0a040011 0a05001a 10000 100 53348 3343000 62385 26824
0a010009 0a000018 10000 100 1817394 666999 2739388 609382
0a030002 0a09001f 10000 100 518291 2233000 1173727 180367
0a040009 0a060007 10000 100 44559 3337000 70256 23919
0a07001d 0a02001b 10000 100 98091 2964000 443725 41602
0a020020 0a000010 10000 100 89168 3242999 166004 38655
0a030004 0a08001f 10000 100 54879 3164000 247536 27329
0a08001b 0a02000d 10000 100 64705 3259000 153120 30581
0a040012 0a070005 10000 100 249554 2775999 637565 91622
0a06000d 0a070019 10000 100 53275 3268000 145743 26800
0a0a0018 0a09001f 10000 100 69887 3298999 116277 32285
0a0a0006 0a07000c 10001 100 219339 2939999 476111 81646
0a000004 0a05000d 10000 100 60789 3259000 157471 29282
0a02000a 0a07001c 10000 100 341595 3119999 296777 122012
0a040001 0a070003 10000 100 1012580 230999 3188305 343608
0a03001f 0a030006 10000 100 1765568 2161999 1259125 588035
0a080011 0a030015 10000 100 98819 3125999 295655 41835
0a020012 0a080003 10001 100 9490 3331000 90722 12344
0a060004 0a00000b 10000 100 41621 3341999 80542 22948
0a0a001f 0a02000b 10000 100 3657 3351999 70999 10416
0a050002 0a04001a 10000 100 86373 3226000 197315 37730
0a040017 0a010020 10000 100 98034 3099000 324859 41584
0a0a0004 0a050008 10000 100 51772 3151999 272308 26304
0a050014 0a050013 10000 100 26901 3343000 81397 13844
0a00001d 0a08001d 10000 100 1470 3403000 21736 9685
0a050011 0a0a0008 10000 100 90603 3206000 218871 39129
0a000012 0a000002 10000 100 81107 3354000 71385 31759
0a03000f 0a03000a 10000 100 25949 3360000 65636 13540
0a03001a 0a020019 10000 100 89068 3216999 208929 38623
0a090002 0a04001b 10000 100 7534 3408000 18780 11703
0a04000e 0a080014 10000 100 100503 2975999 451816 42405
0a05001e 0a020020 10000 100 2067108 44999 3382934 691856
0a05000c 0a010007 10000 100 74350 3236999 191663 33760
0a050002 0a08000a 10000 100 69843 3150000 278874 32271
0a07000a 0a040011 10000 100 63786 3154000 275455 30272
0a0b0007 0a0b0012 10000 100 2005799 1371999 2057628 667367
0a060006 0a010001 10000 100 81727 3092000 338396 36197
0a060013 0a040003 10000 100 250334 2831999 599013 91872
0a08001f 0a01000b 10000 100 9997 3321999 109126 12506
0a09001b 0a020009 10000 100 97385 3134000 297453 41361
0a08000b 0a040015 10000 100 88365 3145999 286501 38383
0a0a0004 0a08000c 10000 100 35979 3366000 66815 21081
0a030013 0a000010 10001 100 82326 3183000 251034 36389
0a0a0001 0a010011 10000 100 17411 3395000 39693 14955
0a02000c 0a08000f 10000 100 6326 3389999 47089 11301
0a000004 0a080019 10000 100 984374 630000 2808516 334291
0a06000b 0a00001c 10000 100 33034 3350999 89859 20124
0a08001b 0a050005 10000 100 87918 3242999 198544 38240
0a07001e 0a060020 10000 100 89986 3223999 218134 38917
0a010013 0a0b0020 10000 100 17090 3384999 57466 14853
0a03001c 0a05000a 10000 100 94190 3141999 300530 40308
0a030018 0a060005 10000 100 9080 3374999 68159 12213
0a07001f 0a00000e 10000 100 32805 3328999 114938 20035
0a090006 0a0a000b 10000 100 865440 1353999 2093016 295003
0a050020 0a080018 10000 100 60652 3261000 186134 29238
0a010014 0a050002 10000 100 970948 299999 3147312 329856
0a06000b 0a030007 10000 100 554134 2844000 605030 192206
0a010017 0a000015 10000 100 319480 2416000 1036192 114705
0a080002 0a01001f 10000 100 864559 447999 3004583 294721
0a0b0003 0a000011 10000 100 77192 3275000 178446 34700
0a040008 0a0b0017 10001 100 25636 3416000 40418 17680
0a020009 0a050015 10000 100 14242 3344999 111643 13911
0a05000a 0a030017 10000 100 30241 3252000 204843 19199
0a0a001f 0a01000a 10000 100 787735 891999 2567590 269354
0a090018 0a05000c 10000 100 40995 3311000 148877 22748
0a040011 0a060019 10000 100 12791 3380000 80015 13431
0a070005 0a040004 10000 100 41466 3341999 118297 22899
0a0b000f 0a080006 10000 100 8433 3408000 52627 11990
0a090011 0a000018 10000 100 73594 3207999 252849 33518
0a010006 0a090005 10000 100 234572 2521999 939086 86674
0a04001c 0a0b0003 10000 100 29340 3380000 82727 18896
0a090009 0a080014 10000 100 42870 3402000 60745 23363
0a020019 0a040019 10000 100 62074 3196000 267908 29708
0a080016 0a070019 10000 100 61326 3190000 277656 29454
0a0a000a 0a010010 10000 100 696865 2634000 835111 239339
0a060006 0a000016 10000 100 8111 3415000 54365 11887
0a0a000e 0a030011 10000 100 228442 3003000 467593 84651
0a060011 0a090014 10000 100 59555 3354999 115993 28872
0a020011 0a010001 10000 100 93420 3230999 240236 40062
0a070002 0a08000e 10000 100 104737 3067999 403853 43791
0a060004 0a040018 10000 100 844632 482999 2989859 288145
0a060001 0a050001 10000 100 36477 3286999 186067 21256
0a080006 0a07001f 10000 100 6919 3426999 46681 11490
0a030004 0a0b0002 10000 100 62000 3256000 218623 29685
0a07000a 0a06001c 10000 100 9747 3403999 71422 12426
0a080019 0a090015 10001 100 7753 3373000 104454 11773
0a07000a 0a030019 10000 100 92729 2988999 489366 39825
0a000013 0a03001e 10000 100 34017 3364999 113681 20438
0a040018 0a050013 10000 100 75175 3125999 353262 34039
0a0b0006 0a070013 10000 100 37891 3419999 59356 21724
0a040011 0a010014 10000 100 43795 3389999 90243 23675
0a05000e 0a020007 10000 100 40812 3282999 198656 22689
0a0a0008 0a0b0003 10000 100 5247 3396000 87258 10940
0a0a0008 0a050004 10000 100 632976 2073999 1409380 218234
0a03000d 0a060019 10000 100 48013 3226999 258913 25071
0a050010 0a03001b 10000 100 681744 1758000 1731582 234346
0a0a0019 0a0a0004 10000 100 64424 3396999 92846 26236
0a0a0016 0a0a000f 10000 100 990768 2684000 809557 332158
0a070012 0a01000f 10000 100 729438 925999 2568113 250100
0a0a000d 0a010001 10000 100 4909 3429999 65248 10832
0a040009 0a000006 10000 100 84063 3212000 285622 36975
0a00000c 0a07000e 10000 100 260573 2687000 811031 95256
0a0b001e 0a000011 10000 100 95410 3386999 113246 40714
0a0a001f 0a070007 10000 100 101833 3357000 145733 42831
0a04000e 0a090017 10000 100 66584 3207999 295245 31198
0a0b001d 0a040007 10000 100 54978 3370999 132327 27361
0a04000a 0a06000c 10000 100 5206 3457000 47707 10927
0a080012 0a020014 10000 100 35539 3347000 158452 20941
0a070018 0a0a0005 10000 100 101776 3118000 387525 42812
0a07001e 0a070001 10000 100 19284 3474000 32624 11330
0a020017 0a02001b 10000 100 58733 3468999 38252 24368
0a020002 0a020015 10000 100 28292 3474000 33514 14305
0a020018 0a0b001e 10000 100 75951 3311000 196926 34287
0a06001b 0a02000d 10000 100 81933 3383000 125035 36263
0a030001 0a030015 10000 100 1644185 1515000 1993314 547949
0a01000e 0a05000b 10000 100 1024189 2096000 1412434 347431
0a080003 0a030016 10000 100 31028 3467000 42354 19451
0a050014 0a010004 10000 100 51900 3379000 131314 26345
0a030007 0a0b0006 10001 100 49988 3341999 168727 25718
0a020002 0a030015 10000 100 915422 903999 2607010 311520
0a000009 0a030012 10000 100 21352 3363999 147214 16263
0a01000b 0a010006 10000 100 37125 3469999 42600 17224
0a030016 0a01000a 10000 100 8029 3425000 88264 11861
0a020014 0a070008 10000 100 21956 3439999 74103 16456
0a080004 0a01001b 10000 100 185815 3167999 346307 70565
0a060019 0a020007 10000 100 64199 3112000 405144 30404
0a0b0020 0a09000e 10000 100 7464 3452999 64356 11665
0a020016 0a060012 10000 100 12281 3387999 129760 13268
0a09001b 0a010006 10000 100 67913 3213000 305376 31638
0a070003 0a05000f 10000 100 9143 3429000 90986 12233
0a08000a 0a020005 10000 100 43040 3331000 189039 23418
0a02001e 0a080017 10000 100 438219 2540000 980148 153930
0a080018 0a01000d 10000 100 99833 3129999 392209 42175
0a0a000f 0a0a001a 10001 100 65570 3321999 200415 26618
0a02000c 0a010013 10000 100 159628 3108999 414149 61924
0a02000e 0a050015 10000 100 903171 205999 3317701 307476
0a050008 0a0b001f 10000 100 1187 3465000 59407 9595
0a050011 0a01000c 10000 100 31088 3409000 115763 19470
0a090009 0a000001 10000 100 81415 3429000 96315 36097
0a0a000c 0a050017 10000 100 87678 3308000 218160 38163
0a06000a 0a01000d 10000 100 670342 1103000 2424028 230575
0a0a0011 0a090016 10000 100 101593 3311999 215455 42754
0a04000e 0a04001b 10000 100 16999 3445000 82734 10584
0a06000c 0a040013 10000 100 850555 2031999 1496214 290102
0a030013 0a040001 10000 100 73074 3467000 61340 33336
0a070010 0a0b0004 10000 100 1789724 426000 3105794 600251
0a0a0013 0a010010 10000 100 17416 3458000 74851 14957
0a0b001b 0a0b0003 10000 100 392899 3118000 415220 134712
0a08001f 0a07001d 10000 100 4541 3464000 69840 10714
0a030009 0a0b001b 10000 100 1038827 436000 3098731 352269
0a090008 0a070005 10000 100 58599 3387999 147012 28566
0a010015 0a000015 10000 100 640628 2256000 1279904 220775
0a010006 0a0b000f 10000 100 781495 1907999 1630355 267280
0a08001f 0a010018 10000 100 95943 3269999 269378 40884
0a05000b 0a080020 10000 100 5066 3523999 15410 10882
0a0a0002 0a010010 10000 100 38344 3396999 144190 21869
0a01001a 0a010011 10000 100 38891 3485999 55228 17804
0a090016 0a0a0002 10000 100 29141 3396000 145260 18832
0a030015 0a0b000c 10000 100 25635 3452000 89283 17679
0a0a000b 0a060015 10000 100 9422 3488999 52458 12322
0a01001c 0a01000e 10000 100 3041 3533999 7565 5979
0a09001a 0a01001a 10000 100 50936 3389999 151890 26021
0a07000e 0a070006 10000 100 27767 3475999 68641 14137
0a030013 0a060008 10000 100 78662 3346000 199629 35185
0a02001b 0a0b001c 10000 100 60231 3409999 138826 29103
0a000019 0a040006 10000 100 99113 3272999 276200 41945
0a04000c 0a06000e 10000 100 11904 3478999 70844 13132
0a090018 0a090020 10000 100 435645 2745000 805527 148836
0a090013 0a000010 10000 100 62182 3275000 277023 29743
0a07001b 0a0b001c 10001 100 31834 3354999 197205 19724
0a050017 0a03001e 10000 100 49064 3425999 126551 25407
0a000009 0a050019 10000 100 114841 3278999 274043 47131
0a01001c 0a030002 10001 100 63592 3253999 302563 30209
0a090008 0a020003 10000 100 17178 3468000 89470 14881
0a02000e 0a030003 10000 100 63930 3383999 173770 30318
0a0b001f 0a040017 10000 100 10598 3540999 17458 12714
0a0b001f 0a080017 10000 100 35225 3422000 137724 20840
0a08001c 0a06001c 10000 100 712038 1613000 1948717 244348
0a0b0003 0a000014 10000 100 56131 3458999 102895 27745
0a010004 0a0a001f 10000 100 103427 3325999 237095 43356
0a07000e 0a000009 10000 100 293958 2863000 700544 106277
0a0b0001 0a05001f 10000 100 67627 3436999 127380 31547
0a01001d 0a0a0005 10000 100 42254 3397999 166628 23166
0a010015 0a040006 10000 100 12882 3455000 109792 13460
0a050012 0a000015 10000 100 517925 1956999 1608990 180250
0a020012 0a040018 10000 100 46274 3395000 172034 24483
0a050013 0a040013 10000 100 82506 3248000 320113 36462
0a02001e 0a010005 10000 100 91678 3297000 271307 39489
0a00000f 0a020012 10000 100 28017 3501000 67688 18457
0a090007 0a020012 10000 100 13366 3445000 125313 13615
0a090015 0a030019 10000 100 657800 1995999 1574708 226439
0a00001f 0a020012 10000 100 620069 1453000 2120197 213981
0a000004 0a030007 10000 100 68026 3196000 378004 31674
0a0a0012 0a020001 10000 100 101799 3173000 403014 42820
0a04000c 0a060011 10000 100 27641 3481000 95116 18336
0a010001 0a030004 10000 100 12281 3542000 34375 13268
0a040006 0a04001d 10000 100 18850 3543000 33734 11191
0a090015 0a000006 10000 100 46348 3285999 291110 24507
0a00000e 0a000010 10000 100 4437 3565000 16269 6425
0a09000e 0a060005 10000 100 1281 3484999 99954 9625
0a050013 0a0a001e 10001 100 101876 3178999 406057 42844
0a09000e 0a0b0012 10000 100 42397 3341999 244553 23212
0a06000d 0a030012 10000 100 554 3562000 25255 9392
0a01000a 0a040007 10000 100 625901 1227000 2361365 215908
0a0a0017 0a000014 10000 100 27493 3557999 32252 18289
0a070002 0a030011 10000 100 221176 3089999 500334 82249
0a000008 0a04000c 10000 100 6359 3572999 18229 11311
0a080002 0a020016 10000 100 66901 3327999 263515 31299
0a080009 0a03001f 10000 100 755311 3151999 440137 258640
0a020006 0a020017 10000 100 15942 3550999 41529 10230
0a000003 0a03001b 10000 100 100546 3331000 262294 42419
0a070015 0a030007 10000 100 104850 3186000 407386 43827
0a010001 0a07001d 10001 100 53388 3449999 144383 26837
0a080014 0a0b000e 10000 100 65439 3389000 207123 30816
0a0b0017 0a020020 10000 100 1570705 550999 3045788 527922
0a04001a 0a0a0014 10001 100 59188 3419000 180629 28754
0a070019 0a0b0019 10000 100 45117 3533999 65833 24113
0a010015 0a04001f 10000 100 286251 3197000 404154 103734
0a09000c 0a010019 10001 100 26740 3474000 127882 18033
0a04001e 0a020003 10000 100 19757 3520999 81034 15737
0a020009 0a010010 10000 100 7924 3549000 54397 11827
0a070014 0a000012 10000 100 29875 3527999 75533 19067
0a030006 0a070006 10000 100 56387 3506000 97768 27827
0a04000e 0a0b0015 10000 100 5422 3570999 34967 10996
0a010017 0a090008 10000 100 3435 3553999 53702 10345
0a0b001b 0a000009 10000 100 3687 3592999 15617 10425
0a020003 0a090009 10000 100 529297 2076999 1532877 183997
0a000012 0a08000e 10000 100 379814 2863999 746089 134641
0a010004 0a01001f 10000 100 1803888 1216999 2393157 600682
0a06001a 0a060009 10000 100 673905 2526000 1084976 227521
0a000019 0a06000a 10000 100 96586 3112000 499308 41105
0a05001d 0a08000f 10000 100 32872 3420999 190926 20056
0a000004 0a070013 10000 100 32178 3510999 103783 19834
0a070003 0a070001 10000 100 7428 3605000 9902 7413
0a05001a 0a070015 10000 100 1783197 1665999 1950527 598086
0a0b001e 0a08000c 10000 100 48 3579000 39346 9230
0a060011 0a05001c 10000 100 43956 3493000 125748 23726
0a060005 0a020008 10001 100 81415 3295000 323822 36097
0a0a001b 0a060008 10000 100 11260 3552000 66906 12926
0a09001a 0a03000e 10000 100 238528 3089000 530389 87986
0a010011 0a010004 10001 100 92651 3563000 56969 35560
0a0a001e 0a040014 10000 100 69552 3573999 46469 32178
0a040013 0a05001c 10000 100 712 3575000 47622 9443
0a07001f 0a050016 10000 100 64275 3533999 89719 30428
0a070015 0a040016 10000 100 11826 3555000 68826 13107
0a0b000f 0a03000d 10000 100 813967 925999 2698650 278009
0a00000d 0a04000d 10000 100 59480 3576000 49311 28848
0a02000c 0a030010 10000 100 74081 3514000 111761 33673
0a0a0011 0a050008 10000 100 802954 2291000 1334838 274378
0a09001a 0a06000b 10000 100 12829 3570999 55944 13443
0a050015 0a070004 10000 100 25113 3543000 84273 17497
0a040003 0a09000f 10000 100 82682 3543999 83999 36518
0a040013 0a07001d 10000 100 877835 715000 2913657 299108
0a050015 0a0a001a 10000 100 9832 3461999 168853 12453
0a06001e 0a030013 10000 100 80233 3347000 284201 35704
0a05001b 0a01001f 10000 100 268517 2575000 1057306 97890
0a070016 0a040003 10000 100 62456 3439000 193815 29831
0a01000f 0a01000c 10000 100 49227 3540000 94236 21219
0a0a0018 0a09000d 10001 100 12546 3529000 105300 13352
0a060020 0a090013 10000 100 91030 3289999 344441 39266
0a04001c 0a02000e 10000 100 54780 3474000 161491 27297
0a01001a 0a060018 10000 100 7662 3618000 18772 11744
0a06001d 0a01000b 10000 100 45218 3455000 182837 24145
0a050014 0a03000f 10000 100 93108 3265000 373284 39962
0a0a000d 0a0a0002 10000 100 56330 3432000 208003 23569
0a070014 0a020008 10000 100 259378 2582999 1057214 94858
0a010009 0a00000a 10000 100 87784 3321999 319140 38197
0a0a0020 0a060016 10000 100 25510 3585000 56363 17639
0a070008 0a0b0011 10000 100 87397 3482999 160633 38073
0a0b0014 0a050009 10000 100 17368 3542000 101846 14942
0a010013 0a0a0003 10000 100 15724 3591000 53212 14400
0a04001c 0a020005 10000 100 56139 3454000 192665 27748
0a090013 0a080019 10000 100 18443 3488000 159960 15301
0a040008 0a060015 10000 100 44274 3539000 109185 23828
0a000006 0a000007 10000 100 32125 3559000 89522 15577
0a04001c 0a070016 10000 100 51945 3501999 146664 26360
0a05000b 0a0a001a 10000 100 158582 3311000 338025 61574
0a0b0017 0a09000e 10000 100 50403 3565000 84587 25851
0a0b000d 0a0b000e 10000 100 107849 3389999 260500 40577
0a0b000f 0a090018 10000 100 69703 3464000 187301 32226
0a080007 0a03001f 10000 100 9743 3588000 63643 12425
0a080006 0a090013 10000 100 77827 3423999 227952 34903
0a0b001b 0a020020 10000 100 61748 3451000 201165 29604
0a010007 0a04001e 10000 100 57572 3462999 190237 28222
0a060004 0a050006 10000 100 32806 3612999 43356 20035
0a07000a 0a020014 10000 100 62663 3562000 94470 29897
0a08001a 0a0b0013 10000 100 29489 3455999 201701 18943
0a020013 0a04000f 10000 100 83355 3454000 204111 36733
0a060007 0a040006 10000 100 97273 3402000 257203 41325
0a040018 0a06001a 10000 100 37644 3527999 131956 21645
0a04000b 0a020017 10000 100 66282 3503000 159226 31101
0a080006 0a0b0005 10000 100 72655 3501000 161407 33202
0a04000a 0a07001b 10000 100 70062 3405000 257919 32341
0a090017 0a0b0010 10000 100 60477 3507999 155074 29182
0a09001e 0a010009 10000 100 79716 3386999 276671 35538
0a080014 0a060019 10000 100 6135 3578000 86049 11240
0a09001e 0a050005 10000 100 667297 1650999 2013374 229570
0a0a0014 0a000010 10000 100 820652 1157999 2506965 280225
0a010004 0a09001c 10000 100 67 3641999 23640 9236
0a000002 0a050006 10000 100 65925 3468000 197657 30971
0a04000e 0a000012 10000 100 55468 3415000 250798 27518
0a030002 0a070005 10000 100 60306 3357000 312331 29127
0a07001e 0a030010 10000 100 75618 3435999 234548 34181
0a030004 0a010011 10000 100 10678 3596999 74799 12739
0a010002 0a02000d 10000 100 26920 3536000 136044 18090
0a0b0020 0a06000d 10001 100 62394 3451000 221459 29811
0a02000f 0a0b0007 10000 100 71302 3542000 132981 32753
0a08000e 0a03000a 10000 100 102931 3422999 252722 43197
0a090006 0a000016 10000 100 42218 3612000 64362 23155
0a000010 0a040009 10000 100 55891 3445999 230425 27668
0a0b000c 0a03000f 10000 100 90065 3340999 335743 38957
0a010008 0a010003 10000 100 1654240 2102999 1574156 551258
0a090011 0a0a0019 10000 100 55798 3612999 64731 27639
0a070016 0a0a0011 10000 100 57529 3540999 137234 28208
0a070014 0a06000c 10000 100 97339 3347999 331607 41346
0a03001d 0a00001c 10000 100 47446 3601000 78739 24874
0a020012 0a010004 10000 100 94841 3442000 239683 40532
0a060012 0a030019 10000 100 32751 3580999 102549 20018
0a07001c 0a000016 10000 100 34492 3552000 132352 20590
0a080008 0a03000b 10000 100 808902 881999 2802581 276343
0a02001b 0a08001f 10000 100 9951 3578000 107862 12491
0a080013 0a03000e 10000 100 349347 3001999 684410 124569
0a060002 0a0a0017 10000 100 24865 3625000 64296 17417
0a04000e 0a060006 10000 100 34426 3478999 210493 20569
0a03000b 0a050011 10000 100 89503 3246999 442551 38762
0a07000f 0a010017 10000 100 82884 3478999 210709 36583
0a060008 0a010009 10000 100 920751 763000 2927636 313271
0a090018 0a050009 10000 100 894412 2053999 1637057 304581
0a07001c 0a030007 10000 100 74485 3527000 164740 33803
0a000012 0a0a0004 10000 100 81198 3542000 149923 36028
0a050003 0a01001d 10000 100 51553 3484999 207293 26234
0a060001 0a0a000d 10000 100 5411 3650000 43603 10992
0a020003 0a0b0002 10000 100 1017970 2831999 861806 345379
0a030005 0a0b000a 10000 100 24762 3595000 99952 17384
0a00000d 0a090009 10000 100 41651 3612000 83021 22958
0a07000a 0a0a0008 10000 100 369281 3337000 358877 131163
0a0b0006 0a050006 10000 100 35827 3511999 184130 21033
0a08001f 0a09001a 10000 100 449432 2899999 798720 157626
0a00001f 0a070001 10000 100 70667 3393999 305191 32550
0a01000b 0a030002 10000 100 70918 3618000 83519 32631
0a03000a 0a060018 10000 100 89747 3563000 138898 38840
0a0a0011 0a060013 10000 100 66735 3537999 164453 31246
0a06001e 0a060009 10000 100 1628238 1445000 2260085 542677
0a050007 0a060011 10000 100 370999 2455999 1249451 131728
0a050016 0a080002 10000 100 102257 3317000 388663 42982
0a0a0009 0a070014 10000 100 16106 3615000 92561 14522
0a0a0013 0a09000b 10000 100 24921 3627000 84283 17435
0a040017 0a03001d 10000 100 93993 3340000 372444 40245
0a0b0015 0a05000d 10000 100 37024 3526000 187724 21431
0a080004 0a090015 10000 100 27671 3602000 112084 18346
0a00001c 0a05000d 10000 100 944471 505000 3209252 321107
0a010013 0a010014 10000 100 2506185 2240999 1473824 832605
0a020013 0a0a001c 10000 100 11517 3658999 56066 13008
0a090011 0a070013 10000 100 4112 3664000 51329 10561
0a020013 0a0b0005 10000 100 540866 2727999 989543 187822
0a040010 0a040014 10000 100 5720 3686000 31907 6851
0a04001c 0a020015 10000 100 104507 3344999 372928 43717
0a010020 0a030002 10000 100 86536 3439000 280567 37782
0a080016 0a080001 10000 100 24092 3701999 19200 12930
0a030012 0a0b000e 10000 100 50009 3565000 156882 25725
0a020015 0a000015 10000 100 46840 3632999 90535 24680
0a09000f 0a03001a 10000 100 54659 3540000 185363 27259
0a080007 0a020020 10000 100 100538 3351999 373757 42416
0a070010 0a020006 10000 100 14546 3632999 94062 14008
0a0a0009 0a070020 10000 100 445641 2697000 1030275 156382
0a0a0012 0a090004 10000 100 42465 2524000 1204635 23234
0a07001c 0a0a0010 10000 100 46380 3585000 143726 24517
0a06001c 0a090019 10000 100 40573 3661999 67015 22613
0a06000f 0a040007 10000 100 99000 3556000 174741 41893
0a090007 0a070001 10000 100 88555 3552000 182161 38459
0a00001c 0a09000c 10000 100 47426 3518999 215592 24867
0a020013 0a03000d 10000 100 29066 3661999 73038 18808
0a090001 0a080002 10000 100 34385 3595999 140041 20556
0a02000b 0a0a0013 10000 100 5766 3686000 53015 11106
0a050002 0a09001d 10000 100 10072 3723000 16566 12530
0a070012 0a010011 10000 100 267035 3415000 327247 97400
0a060015 0a060016 10000 100 763021 3138999 604382 256944
0a02001a 0a040019 10000 100 303988 2931000 812594 109594
0a000004 0a070019 10000 100 38901 3530999 213826 22047
0a080006 0a0b0004 10000 100 75012 3608000 136869 33987
0a09001e 0a07001e 10000 100 696604 1704999 2040090 239255
0a04001c 0a09001f 10000 100 17508 3686000 59151 14986
0a080005 0a01000e 10000 100 386182 2220999 1524793 136741
0a07000d 0a05001e 10000 100 670226 1232000 2515041 230538
0a04001e 0a050004 10000 100 29911 3638999 108618 19078
0a06001a 0a070014 10000 100 476299 2449999 1297783 166500
0a080008 0a0b0007 10000 100 98945 3359000 389773 41876
0a0a000b 0a040018 10000 100 148289 3272000 478071 58173
0a06001f 0a020014 10001 100 15338 3713999 36381 14277
0a030018 0a020012 10000 100 991508 1175000 2576006 336650
0a070004 0a05001a 10000 100 24654 3611000 140232 17350
0a080012 0a070010 10000 100 32264 3697000 56744 19862
0a06001f 0a020017 10000 100 823573 2256999 1499587 281191
0a010005 0a0a0014 10000 100 92098 3556000 201102 39623
0a060003 0a00000b 10000 100 65838 3572000 186957 30944
0a000014 0a09001b 10000 100 21151 3687000 73435 16198
0a070016 0a07000c 10000 100 8024 3742000 19211 7619
0a00001f 0a09000a 10000 100 819741 1760999 2004037 279919
0a0b001b 0a020008 10000 100 62703 3576000 189940 29910
0a030003 0a0a0015 10000 100 441710 3034999 733573 155078
0a000016 0a05000b 10000 100 14033 3723999 44827 13844
0a0a0012 0a010014 10000 100 780333 1464000 2305261 266909
0a0b0016 0a040011 10002 100 100884 3537000 232488 42527
0a010006 0a080014 10000 100 62951 3513000 258886 29989
0a010006 0a0a0011 10000 100 457926 3301999 470896 160436
0a07001c 0a080019 10000 100 68486 3526000 247093 31822
0a000016 0a08000d 10000 100 99583 3435000 339449 42095
0a0a0008 0a0a001e 10000 100 19156 3704999 69785 11289
0a050018 0a030014 10000 100 35457 3622999 153720 20914
0a04000f 0a040018 10000 100 693609 3275000 503004 234026
0a000017 0a060001 10000 100 469471 2618000 1160092 164238
0a050003 0a040007 10001 100 28439 3660000 119124 18592
0a050016 0a030015 10000 100 479720 2158000 1622986 167625
0a030008 0a08000d 10000 100 80230 3572000 209092 35703
0a040015 0a050011 10000 100 39660 3618999 162195 22305
0a04001e 0a000020 10000 100 3718 3716000 66493 10435
0a020019 0a0a0009 10000 100 59334 3608999 174563 28801
0a000001 0a010004 10000 100 93340 3645999 138304 40036
0a0a001f 0a020010 10000 100 50745 3723999 61807 25960
0a02001e 0a060016 10000 100 34475 3586999 199186 20585
0a000003 0a010005 10001 100 97348 3603999 182785 41349
0a070006 0a0a001e 10000 100 1707120 638000 3149396 572973
0a040019 0a00000c 10000 100 35710 3690000 97463 20995
0a030009 0a060020 10000 100 68409 3628999 159001 31797
0a01001c 0a0a0017 10000 100 574074 2632999 1155851 198786
0a010003 0a010008 10000 100 80808 3691999 97851 31648
0a040017 0a08001d 10002 100 33851 3660000 130385 20385
0a03000e 0a07000c 10000 100 102219 3386999 404139 42969
0a0b0007 0a0a0010 10001 100 454 3745000 46517 9360
0a01001c 0a040010 10000 100 36117 3576000 217608 21141
0a050006 0a060013 10000 100 104392 3661000 133034 43680
0a060017 0a000006 10000 100 14146 3697999 96295 13880
0a0b0009 0a080007 10000 100 92577 3589000 205502 39776
0a010020 0a08001b 10000 100 92651 3582000 214454 39800
0a040015 0a01000b 10000 100 852243 832999 2964110 290657
0a01001c 0a040016 10000 100 150102 3631000 166426 58784
0a02000d 0a020019 10000 100 79547 3628000 172651 31244
0a00000b 0a0a0013 10000 100 531198 1992999 1808555 184636
0a0a0008 0a070016 10000 100 18260 3700999 100694 15242
0a0b0006 0a0a0012 10000 100 36938 3707999 94448 21404
0a080013 0a020004 10000 100 41314 3555000 247596 22850
0a040012 0a020010 10000 100 76360 3438000 365845 34418
0a0a0014 0a030014 10000 100 52576 3638000 166013 26577
0a010014 0a0a0004 10000 100 206896 3122999 681506 77526
0a030005 0a030017 10000 100 899644 2873000 931619 302062
0a050004 0a020009 10000 100 45587 3704999 101810 24264
0a010014 0a08001e 10000 100 508737 2567999 1238848 177218
0a03001d 0a09001e 10000 100 92305 3504000 306911 39689
0a000002 0a070010 10000 100 93797 3359000 453941 40182
0a050020 0a040020 10000 100 33932 3638000 176353 20411
0a02000d 0a07000c 10000 100 325070 2605999 1210429 116555
0a000007 0a02000e 10000 100 97025 3471000 345466 41246
0a010003 0a020009 10000 100 77250 3631999 184678 34718
0a060011 0a08000c 10000 100 100966 3474000 342964 42553
0a02000f 0a060006 10000 100 993939 1018000 2799605 337444
0a07000a 0a05001f 10000 100 50262 3654000 164393 25806
0a050004 0a080012 10000 100 89223 3676000 143031 38672
0a060016 0a07000d 10000 100 29224 3709000 113420 18858
0a020001 0a0a000a 10000 100 1626478 684999 3139183 546338
0a010002 0a040010 10000 100 69281 3461000 363230 32091
0a0b0014 0a000007 10000 100 185572 3199000 625953 70487
0a090009 0a090018 10000 100 18849 3810000 17774 11191
0a09001e 0a08000b 10000 100 211417 3131999 696008 79019
0a060015 0a09000f 10000 100 84229 3759000 69258 37028
0a06000e 0a0a0001 10000 100 110224 3549000 279664 45608
0a050011 0a0b0011 10000 100 104531 3465999 362831 43725
0a050012 0a04001b 10000 100 84928 3488000 340849 37252
0a09000f 0a0b0013 10000 100 37091 3677000 152655 21453
0a010017 0a0a000e 10000 100 90770 3647000 182885 39183
0a07001f 0a0b000c 10000 100 54251 3687000 143324 27128
0a03000a 0a010015 10000 100 102961 3566000 264715 43207
0a090001 0a07001a 10000 100 146070 3389999 441437 57447
0a0a001d 0a02000c 10000 100 100652 3544999 287212 42453
0a000017 0a0a0005 10000 100 772192 1649000 2183641 264211
0a020008 0a050018 10000 100 69761 3700000 133527 32245
0a0a0020 0a020018 10000 100 15278 3808000 27178 14257
0a0a0016 0a05000b 10000 100 70886 3621999 213229 32620
0a04001e 0a0b0016 10000 100 790608 1513999 2321255 270304
0a020005 0a040012 10000 100 31059 3668999 167475 19461
0a03000e 0a01000e 10000 100 297361 3556999 280446 107412
0a01000c 0a000006 10000 100 8986 3740999 96565 12167
0a05000b 0a02001c 10000 100 465244 2187999 1650634 162855
0a000010 0a040007 10000 100 87231 3547999 292453 38020
0a070015 0a03001c 10000 100 90159 3301999 538535 38987
0a04001b 0a0b0015 10000 100 44627 3650000 191058 23941
0a0a0007 0a07000d 10000 100 31206 3768000 74326 19508
0a0b000b 0a040020 10000 100 66234 3578000 264540 31086
0a060004 0a040008 10000 100 69670 3683000 160377 32216
0a0a0009 0a05001c 10000 100 58792 3521999 325278 28627
0a010018 0a020004 10000 100 2741 3745000 102812 10107
0a000015 0a090017 10000 100 87539 3540999 307545 38118
0a020015 0a020008 10000 100 2569703 1371999 2477806 853592
0a080001 0a090002 10000 100 72215 3657999 193469 33061
0a0b0014 0a06000d 10000 100 54669 3621000 231731 27262
0a070002 0a0a001c 10000 100 843897 2566999 1286509 287894
0a030002 0a090009 10000 100 83843 3655999 198304 36889
0a09000b 0a0b001e 10000 100 79424 3327999 526355 35429
0a060003 0a04001e 10000 100 102380 3439000 415396 43021
0a070005 0a020011 10000 100 93724 3601000 254199 40159
0a000020 0a03000b 10000 100 38323 3742000 113891 21862
0a050007 0a090016 10000 100 12901 3785999 72238 13466
0a070007 0a050007 10000 100 12813 3821999 36795 13438
0a02000e 0a0a0003 10000 100 89234 3608000 251401 38676
0a05001e 0a050010 10000 100 47658 3726000 133832 20702
0a080012 0a07001b 10000 100 85644 3736000 123864 37496
0a0b001c 0a090004 10000 100 74892 2050999 1810327 33933
0a020002 0a070009 10000 100 75978 3684000 177432 34296
0a0b0007 0a0a0018 10000 100 15158 3746999 114435 14219
0a00000b 0a0a0014 10000 100 14834 3755999 105707 14100
0a040019 0a05000c 10000 100 39385 3720999 144066 22217
0a0a001e 0a070015 10001 100 97625 3448999 417435 41453
0a0b001d 0a060009 10000 100 81687 3517999 349080 36184
0a080019 0a0b0010 10000 100 170643 3232000 635290 65556
0a08000e 0a030017 10000 100 915364 665000 3203320 311501
0a0b0017 0a040007 10000 100 4341 3841999 29250 10635
0a030019 0a030001 10000 100 540524 3583999 289568 183472
0a02001f 0a0a0011 10000 100 22666 3772000 101587 16698
0a020009 0a080006 10000 100 14493 3811000 62789 13991
0a0b0015 0a070003 10000 100 531882 2491000 1383069 184855
0a0a0005 0a090002 10000 100 89061 3606999 270546 38621
0a06000f 0a040008 10000 100 78216 3723999 154981 35043
0a080011 0a050012 10000 100 231052 2977000 902669 85517
0a050016 0a07001f 10000 100 951542 1698000 2181787 323447
0a0b001f 0a080014 10000 100 91291 3517000 364521 39350
0a04001c 0a09001c 10000 100 85724 3640000 241687 37522
0a090012 0a0b0010 10000 100 2196806 63999 3817689 734680
0a060014 0a030013 10000 100 35395 3736999 145019 20895
0a0a001b 0a050004 10000 100 59797 3536000 346497 28949
0a07001b 0a02001e 10000 100 100769 3482999 401991 42490
0a09000a 0a040009 10000 100 25607 3791000 94921 17670
0a0b0004 0a0a0015 10000 100 55540 3722000 165517 27556
0a050013 0a0a0019 10000 100 99218 3408000 479575 41978
0a040011 0a040010 10000 100 96364 3687999 201233 36794
0a000011 0a01000b 10000 100 13906 3850000 40496 13803
0a07000a 0a020014 10001 100 92789 3791000 99630 39844
0a080001 0a00000f 10000 100 26821 3844000 47234 18059
0a01001a 0a040019 10000 100 700192 3350999 541744 240434
0a0b0005 0a090017 10000 100 57996 3753999 140224 28357
0a060020 0a09001a 10000 100 19565 3821999 72331 15675
0a070008 0a020018 10000 100 60392 3618000 278295 29155
0a070002 0a04000e 10000 100 223033 3527999 369640 82859
0a08001f 0a03000a 10000 100 94816 3660000 237930 40524
0a06001a 0a09000c 10000 100 101638 3663000 236026 42768
0a0a000b 0a06000c 10000 100 45528 3742999 158012 24245
0a040001 0a060014 10000 100 881231 1529999 2371150 300225
0a09001b 0a030020 10000 100 992010 580000 3321393 336811
0a0a0002 0a0a001a 10000 100 465779 3412999 488452 158786
0a000013 0a05001e 10000 100 714786 2273999 1628515 245258
0a07000c 0a020013 10000 100 31184 3758000 144644 19501
0a06000f 0a03000b 10000 100 452715 2138000 1764695 158707
0a000002 0a04001f 10000 100 968528 1319000 2584175 329051
0a050002 0a05000a 10000 100 59071 3859000 45304 24477
0a000020 0a0b001b 10000 100 66740 3730999 173642 31248
0a0a0001 0a07001f 10000 100 65979 3697999 210641 30989
0a040004 0a01001d 10000 100 15051 3866000 42653 14185
0a010012 0a07001b 10000 100 63248 3843000 65814 30099
0a08000c 0a080002 10000 100 1882 3897999 11021 5592
0a070018 0a050020 10000 100 1039952 1443999 2470081 352644
0a07001e 0a000020 10000 100 2496685 340999 3573275 833713
0a070008 0a090009 10001 100 91248 3733999 183123 39336
0a020003 0a060009 10000 100 49361 3683000 236710 25502
0a000004 0a020011 10000 100 4253 3830000 90197 10607
0a020006 0a090018 10000 100 108530 3559999 360422 45050
0a080007 0a070012 10000 100 709837 2252000 1668815 243628
0a070017 0a020009 10000 100 1711664 928000 2996272 574473
0a040011 0a02001c 10000 100 29939 3774000 150996 19087
0a02001f 0a04000d 10000 100 18621 3787000 138846 15358
0a090015 0a02001e 10000 100 52112 3726999 199695 26413
0a010017 0a06000a 10000 100 10599 3723000 204738 12714
0a02000c 0a0a0014 10000 100 952689 1366000 2561974 323829
0a080020 0a000009 10000 100 49462 3787000 142846 25534
0a000007 0a040016 10000 100 64040 3629999 300550 30353
0a080020 0a060019 10000 100 37382 3716999 214891 21546
0a010018 0a06000f 10000 100 53229 3720000 213568 26786
0a020005 0a030011 10000 100 990181 1461999 2471882 336210
0a090008 0a0b000e 10000 100 28350 3887999 49490 18563
0a08001d 0a040007 10000 100 238828 3033999 903632 88082
0a000015 0a080005 10001 100 28515 3766999 170754 18632
0a08000b 0a09001d 10000 100 21119 3879000 59032 16188
0a0b0019 0a02001e 10000 100 83635 3785999 154016 36823
0a000007 0a070015 10000 100 90420 3562000 378762 39071
0a09001f 0a030003 10000 100 86339 3820000 120819 37719
0a010002 0a0b0001 10000 100 52832 3713999 227255 26659
0a07001d 0a080005 10000 100 452503 3014000 927574 158639
0a09000b 0a00001c 10000 100 101435 3285000 656615 42703
0a060017 0a00000a 10000 100 365509 3223000 718724 129910
0a0a0015 0a0a000d 10000 100 76221 3660000 284006 30134
0a060008 0a010016 10000 100 17439 3850999 93521 14964
0a02001b 0a060014 10000 100 340385 2912999 1033055 121609
0a03000b 0a000011 10000 100 99906 3383999 563282 42199
0a010016 0a0b001e 10000 100 542404 3027000 920862 188329
0a04001b 0a030012 10000 100 1915 3867000 80931 9843
0a070009 0a09001d 10000 100 29962 3889000 60088 19095
0a020002 0a050003 10000 100 84004 3529000 420974 36956
0a040008 0a050009 10000 100 729656 1301999 2647978 250170
0a070017 0a040020 10000 100 55327 3674999 274980 27472
0a0b001a 0a01001f 10000 100 87500 3664999 285337 38106
0a09001c 0a020019 10000 100 88520 3621999 328680 38448
0a0a0004 0a05001f 10000 100 92711 3742999 207940 39819
0a0b0017 0a010020 10000 100 1563846 1177000 2777154 525651
0a070016 0a01001a 10000 100 66677 3879000 75749 31227
0a01000e 0a06000f 10000 100 39692 3736999 218317 22316
0a02000e 0a06000c 10000 100 522413 2572000 1384621 181732
0a000001 0a02001e 10000 100 1881916 761999 3195028 630689
0a030010 0a020006 10000 100 27154 3899000 58635 18181
0a030005 0a010011 10000 100 55289 3831000 127361 27460
0a000007 0a0a0016 10000 100 30113 3726999 232325 19158
0a030004 0a090017 10000 100 83778 3518999 441039 36869
0a0b0008 0a050005 10000 100 73211 3608000 352171 33380
0a070015 0a040003 10000 100 61272 3742000 218355 29436
0a03000d 0a02000a 10000 100 82950 3699000 264336 36604
0a00001a 0a00001b 10000 100 66866 3739000 225365 27048
0a070005 0a090013 10000 100 75614 3857000 110269 34179
0a0b000a 0a04000d 10000 100 38949 3853999 113981 22063
0a020015 0a0b0006 10000 100 87963 3779999 189106 38254
0a05000a 0a0a0008 10000 100 3038 3942000 27349 10218
0a000020 0a07001d 10000 100 61102 3804000 166905 29382
0a070004 0a08001d 10000 100 15328 3853999 118928 14273
0a05001d 0a080017 10000 100 613268 1822999 2150805 211728
0a000007 0a09001a 10000 100 61033 3681999 292281 29360
0a00000c 0a050017 10000 100 839424 2082000 1893956 286417
0a090001 0a0a001f 10000 100 61280 3687999 290167 29439
0a010016 0a070013 10000 100 97813 3782999 196466 41513
0a08001f 0a010006 10000 100 185514 3497000 482784 70469
0a050010 0a0b000a 10001 100 82446 3651000 329704 36427
0a02001f 0a0b0012 10000 100 1623935 1394000 2586713 545494
0a060016 0a0a0012 10000 100 11256 3884999 96425 12924
0a080013 0a020002 10000 100 41735 3895000 87251 22985
0a030001 0a09001b 10000 100 1877469 469000 3513501 629220
0a06001a 0a040016 10000 100 88473 3756999 225611 38417
0a050019 0a080018 10000 100 15641 3893999 89806 14374
0a02001a 0a010017 10000 100 71619 3700999 283128 32855
0a060011 0a0a0020 10000 100 930884 3070999 913446 316621
0a0a0006 0a090018 10000 100 12343 3929000 56934 13288
0a04001e 0a0b0001 10000 100 792117 1567999 2418399 270802
0a010006 0a07000b 10000 100 33791 3769000 218411 20366
0a080010 0a020006 10000 100 40260 3873000 114528 22497
0a090016 0a08001b 10000 100 33498 3771000 217856 20272
0a000005 0a030015 10000 100 292337 2784000 1205474 105743
0a020019 0a050019 10000 100 19171 3942000 50493 15534
0a05001f 0a05000b 10000 100 136058 3913999 78689 49896
0a0b0008 0a0b0004 10000 100 121139 3520000 473172 44968
0a05001c 0a01000d 10000 100 10848 3886000 109060 12794
0a010014 0a080012 10000 100 27878 3886999 108895 18412
0a00001c 0a070004 10000 100 28768 3840000 156003 18712
0a080019 0a01000d 10000 100 166221 3608999 388602 64095
0a040010 0a01000d 10000 100 1028218 564999 3432705 348766
0a04001a 0a03001d 10000 100 70682 3831999 168813 32555
0a030013 0a05001d 10000 100 17618 3946999 53924 15022
0a07000a 0a010004 10000 100 1644452 1755999 2245194 552274
0a0b0011 0a030019 10000 100 19663 3903999 97713 15707
0a060009 0a080010 10000 100 34912 3797000 205166 20740
0a010020 0a01001f 10000 100 63688 3959999 42999 26000
0a0a001b 0a03001b 10000 100 199591 3382000 622898 75127
0a06001c 0a030010 10000 100 1411 3945999 59149 9666
0a00001a 0a0b000c 10000 100 8351 3902999 102713 11964
0a000010 0a0b0017 10000 100 8304 3893999 111837 11949
0a060020 0a070014 10000 100 27690 3933999 71951 18352
0a090003 0a07000f 10000 100 7507 3958999 47856 11694
0a000004 0a060012 10000 100 101703 3579000 428141 42789
0a08001c 0a0a001f 10000 100 8776 3952999 54521 12100
0a0b0006 0a0b001e 10000 100 94327 3936000 72347 36112
0a0a0008 0a090014 10000 100 95430 3645999 364556 40720
0a0a000f 0a090012 10000 100 61234 3769999 240620 29424
0a080003 0a03000b 10000 100 79608 3774000 237350 35504
0a090015 0a070007 10001 100 18641 3932999 78671 15364
0a020003 0a090004 10000 100 12686 3413999 597864 13397
0a08001e 0a070009 10000 100 97862 3917000 94889 41529
0a050003 0a01001e 10000 100 836341 1159000 2854849 285400
0a000017 0a050019 10000 100 861675 1637000 2376857 293768
0a05000a 0a0a0012 10000 100 50038 3870999 143760 25734
0a050010 0a04001a 10000 100 965974 1201999 2815568 328203
0a0b0016 0a080012 10000 100 745254 1954000 2064569 255315
0a010008 0a020013 10000 100 84731 3677999 341317 37189
0a04001c 0a010011 10000 100 96994 3637000 382593 41236
0a090014 0a08001a 10000 100 62908 3697999 322425 29975
0a030002 0a060019 10000 100 704331 1802999 2217720 241805
0a01001b 0a030003 10000 100 734434 2335999 1686818 251745
0a090010 0a020020 10000 100 37387 3799999 222882 21547
0a080015 0a0a0018 10000 100 50161 3812999 210018 25773
0a08000b 0a05000d 10000 100 58528 3847000 176140 28543
0a000018 0a06000d 10000 100 917443 1180000 2843977 312182
0a040012 0a050020 10000 100 306211 2956999 1071816 110336
0a070014 0a07001d 10000 100 2027 4020000 10278 5639
0a08001b 0a070005 10000 100 56029 3943000 87409 27712
0a030011 0a080013 10000 100 74501 3753999 277098 33808
0a02000f 0a05001c 10000 100 80369 3846000 187492 35747
0a06000e 0a060018 10000 100 369911 3494999 541109 127125
0a07000e 0a0a000a 10000 100 30275 3841999 195371 19210
0a00000d 0a040005 10000 100 26717 3911000 126799 18025
0a080008 0a030015 10000 100 85557 3808999 229372 37469
0a050002 0a01001a 10000 100 79410 3932999 110302 35425
0a060017 0a030002 10000 100 25426 3916000 130535 17597
0a010015 0a07000b 10000 100 898752 1714999 2333616 306016
0a06000e 0a070020 10000 100 747609 2390999 1658856 256099
0a00000e 0a070003 10001 100 587699 2821999 1227971 203284
0a090001 0a030018 10000 100 1916598 1433999 2616139 642141
0a0b0014 0a070006 10000 100 1037939 782000 3269698 351969
0a040019 0a09000c 10000 100 48234 3913999 138365 25141
0a070017 0a080015 10000 100 1939696 355999 3697856 649778
0a000001 0a00001a 10000 100 4799 4041999 12180 6557
0a03000d 0a030004 10000 100 19574 4022000 32311 11438
0a03000f 0a00001c 10000 100 65228 3753999 300713 30748
0a06001b 0a020002 10000 100 10058 3946999 109003 12526
0a03001a 0a070010 10000 100 826177 1699999 2356315 282040
0a040012 0a010018 10000 100 46767 3870000 187356 24656
0a03001e 0a05000f 10002 100 88624 3680999 377933 38481
0a00000b 0a090018 10000 100 40660 3812999 247264 22641
0a00001e 0a04000b 10000 100 165107 3451000 609618 63739
0a090003 0a040019 10000 100 63890 3930000 130708 30305
0a050002 0a010005 10000 100 61275 3919999 141729 29437
0a020008 0a030014 10000 100 66639 3844999 217027 31215
0a0a0010 0a000020 10000 100 5110 3958999 107673 10896
0a000005 0a08000a 10000 100 26480 3956999 109768 17950
0a010018 0a07001a 10000 100 82003 3825999 243241 36285
0a040010 0a0b0004 10000 100 5070 3996000 73412 10883
0a0a000c 0a050019 10001 100 554121 2321000 1750315 192201
0a0b0020 0a090019 10000 100 5378 3980000 91413 10982
0a0b000f 0a07001f 10000 100 87582 3782999 289154 38132
0a040008 0a030011 10000 100 86361 3732000 341469 37726
0a08000d 0a020013 10000 100 61999 3880999 194414 29684
0a020013 0a040005 10000 100 101819 3774000 303655 42826
0a0a000d 0a050013 10001 100 42858 3788000 289671 23360
0a0a0017 0a080004 10000 100 11320 3985999 91817 12945
0a09000b 0a02001f 10000 100 104522 3383000 695122 43722
0a01000f 0a05000f 10000 100 68055 3798999 281917 31684
0a0a0001 0a080017 10000 100 61600 3957999 123092 29557
0a0b0011 0a080010 10000 100 76850 3870000 212069 34590
0a01000d 0a07001d 10000 100 33077 3930000 152441 20137
0a040013 0a000010 10000 100 975345 2665999 1418212 331309
0a020007 0a0b0006 10000 100 73918 3802999 282671 33621
0a020016 0a01000a 10000 100 9997 3959999 126294 12506
0a0a0007 0a060019 10000 100 211732 3160000 927214 79135
0a0a000c 0a000013 10000 100 44937 3848999 239202 24040
0a010013 0a07000c 10000 100 72005 3768000 322097 32994
0a0b0008 0a060015 10000 100 543460 2233999 1857626 188682
0a04000e 0a0a0016 10000 100 80536 3632999 458883 35800
0a01000e 0a060002 10000 100 58681 3847000 244925 28592
0a00001e 0a050019 10000 100 69162 3867999 224041 32053
0a07000d 0a04001f 10000 100 92697 3657000 435574 39815
0a030007 0a0a0011 10000 100 41612 3810000 284145 22945
0a040001 0a060007 10000 100 101628 3872000 223814 42765
0a04001b 0a080004 10000 100 25048 3912999 183847 17476
0a050010 0a050013 10000 100 51494 3830000 266919 21975
0a0b0016 0a0b0007 10000 100 91238 3974000 122989 35093
0a0b0003 0a03001f 10000 100 19742 3972999 126026 15732
0a0a0018 0a030005 10000 100 14780 3983000 120534 14083
0a0b001e 0a030012 10000 100 41295 4061999 42709 22844
0a09000b 0a0a000b 10000 100 65372 3644000 461516 30794
0a000012 0a000020 10000 100 49332 4053000 54765 21253
0a030017 0a09000d 10000 100 51443 3778000 330214 26199
0a030011 0a060013 10000 100 66766 3972999 136836 31256
0a0a0004 0a05000b 10000 100 102893 3941000 169407 43185
0a090006 0a08001f 10000 100 91672 3928000 182510 39487
0a01001a 0a05000c 10000 100 35272 3969999 141317 20855
0a040014 0a01000f 10000 100 84465 3860000 251469 37104
0a0b0004 0a07001d 10000 100 1578520 761999 3351709 530500
0a00000a 0a02000e 10000 100 11603 4033000 80729 13035
0a04000c 0a01001b 10000 100 30813 3962000 152339 19382
0a070002 0a030016 10000 100 805699 1242000 2872780 275287
0a020014 0a0a001c 10000 100 99160 3956000 159404 41960
0a000010 0a0a0006 10000 100 96382 3691999 423438 41040
0a00001e 0a000006 10000 100 2065700 2363000 1754036 687150
0a06000e 0a010009 10000 100 951068 565999 3551462 323295
0a010002 0a040005 10000 100 913560 1642000 2475847 310908
0a0a0009 0a0a000d 10000 100 82166 3883000 235704 32097
0a040010 0a03001d 10000 100 796657 1320999 2798082 272301
0a040004 0a080020 10000 100 24105 4034000 87140 17174
0a00001f 0a020020 10000 100 7970 4046000 75203 11842
0a030007 0a080001 10000 100 71992 3769999 355766 32974
0a0a001d 0a010002 10000 100 370570 3174999 951423 131591
0a040020 0a09000b 10000 100 11974 4035999 92415 13154
0a05001b 0a01001e 10000 100 852167 1665999 2463115 290633
0a08001f 0a060002 10000 100 299602 3226000 903172 108144
0a000007 0a08000f 10000 100 100303 3697999 433363 42326
0a010018 0a080015 10000 100 88806 3805999 325405 38539
0a000012 0a000008 10000 100 103323 4060000 72437 39083
0a08001d 0a010013 10000 100 1012405 2554999 1579733 343537
0a050007 0a01001e 10000 100 742638 1830999 2305264 254462
0a0b0011 0a0a001d 10000 100 49088 3976000 161578 25415
0a020010 0a020004 10000 100 1988383 1781000 2357700 661609
0a080012 0a010008 10000 100 24980 4048999 90174 17454
0a0b001a 0a0b0020 10000 100 73176 3928000 212751 29128
0a050018 0a020002 10000 100 88764 3918999 221874 38526
0a010016 0a060020 10000 100 46307 4033000 108054 24494
0a090015 0a080006 10000 100 594362 3275999 866117 205493
0a030012 0a06001a 10000 100 640310 3072000 1070261 220657
0a0b0017 0a050008 10000 100 82035 3867000 275316 36296
0a030011 0a020009 10000 100 439243 2814999 1327504 154258
0a050004 0a0b0007 10000 100 8799 4006000 137078 12107
0a050006 0a070004 10000 100 98989 3952999 191284 41890
0a080020 0a090017 10000 100 91198 3886999 258624 39320
0a060019 0a020012 10000 100 99106 3759999 386420 41943
0a000018 0a030009 10000 100 662817 2062000 2084488 228090
0a070008 0a070012 10000 100 25537 4100000 47060 13408
0a00000c 0a070004 10000 100 25147 4015000 132194 17508
0a04001e 0a000007 10000 100 102528 3821999 328500 43068
0a050011 0a07001c 10000 100 42637 3995000 155510 23289
0a0a001d 0a07000a 10000 100 48185 4052000 98825 25126
0a000002 0a070012 10000 100 61191 3899999 251308 29410
0a090006 0a02000b 10001 100 103591 3686000 466111 43424
0a080005 0a080004 10000 100 138463 3834000 318140 50696
0a0b0018 0a030013 10000 100 1747517 861000 3292108 586315
0a000007 0a0a0005 10000 100 22622 4042999 110858 16684
0a02000e 0a0b0009 10000 100 35680 4022999 132457 20986
0a080004 0a010006 10000 100 65086 4027000 129185 30703
0a0a0006 0a04000b 10000 100 61341 3964999 192031 29458
0a06001d 0a070013 10000 100 26185 4102999 55118 17855
0a040020 0a020001 10000 100 1015939 415000 3743646 344714
0a0b001a 0a050013 10000 100 18827 4007000 153942 15424
0a020018 0a010006 10000 100 27336 4104000 57672 18239
0a03000b 0a08001a 10000 100 782125 1284999 2879161 267497
0a060003 0a05000d 10000 100 21518 4044999 120692 16316
0a080013 0a060010 10000 100 853441 2977000 1188803 291040
0a09001b 0a08001b 10000 100 43343 3993000 173242 23515
0a070001 0a030006 10000 100 1687349 429999 3736866 566431
0a08001c 0a070002 10000 100 735298 2184000 1983659 252037
0a030007 0a000019 10000 100 462364 2726999 1441115 161902
0a00000c 0a06000e 10000 100 35181 4000000 168958 20826
0a03001a 0a070018 10000 100 86525 3897999 273504 37778
0a070018 0a02001d 10000 100 30089 3980000 192433 19151
0a08001d 0a030015 10000 100 530003 1941000 2232414 184238
0a080019 0a060020 10001 100 174772 3445000 729148 66924
0a000015 0a090002 10000 100 90316 3752000 422216 39038
0a030020 0a060014 10000 100 102133 4009000 166931 42942
0a030010 0a080017 10000 100 81994 3929000 247972 36282
0a000011 0a030003 10000 100 31910 4067000 111217 19749
0a0b0007 0a0b0018 10000 100 49763 4013000 166035 21406
0a040002 0a0b0011 10000 100 1042586 1972999 2206850 353518
0a090018 0a07000c 10000 100 78816 3937000 244236 35235
0a060017 0a020008 10000 100 29729 4087999 93290 19020
0a060007 0a020002 10000 100 797890 1000999 3183794 272696
0a0b0011 0a060012 10000 100 10807 4104000 82061 12781
0a020012 0a040006 10000 100 1597309 23999 4162168 536697
0a0b000d 0a020005 10000 100 2275 4124000 62374 9958
0a020015 0a000003 10000 100 915683 2186000 2000980 311603
0a0b0003 0a070003 10000 100 43873 4022000 166644 23700
0a040017 0a0a0010 10000 100 16740 4113999 75059 14741
0a06000b 0a03001c 10000 100 337195 3644999 545049 120558
0a040016 0a090009 10000 100 50165 4096999 93780 25775
0a02001e 0a000014 10000 100 42916 4065000 126736 23378
0a090011 0a010007 10000 100 40253 4137000 54761 22495
0a0a0016 0a04001f 10001 100 65009 3794000 398284 30678
0a01000a 0a0b0003 10000 100 55897 3955000 237485 27670
0a080003 0a0b001d 10000 100 324088 3027999 1164986 116241
0a0b0011 0a05000a 10000 100 84607 3991999 201511 37149
0a02000c 0a050016 10000 100 34537 4009999 184943 20620
0a090001 0a0a000e 10000 100 4513 4108999 86457 10705
0a09000f 0a010007 10000 100 337411 2988000 1208674 120627
0a03000d 0a020011 10000 100 21514 4165000 31829 16314
0a020016 0a02001e 10000 100 2229503 1195000 3003746 741241
0a0a001d 0a0b001c 10000 100 8470 4125000 74030 12002
0a03000b 0a04001b 10000 100 451488 2435999 1765043 158299
0a0a0016 0a060009 10000 100 13122 4060000 141212 13537
0a080007 0a000014 10000 100 35885 4035999 165339 21051
0a070002 0a0b0001 10000 100 87981 3984999 216519 38260
0a010012 0a02001f 10000 100 14909 4063999 137585 14124
0a0b0012 0a020002 10000 100 918864 1556000 2645645 312652
0a0b0017 0a0b0015 10000 100 35361 4166999 35017 16644
0a020009 0a000013 10000 100 26402 4022999 179988 17925
0a010004 0a0a000c 10000 100 76224 3899999 303281 34375
0a07000e 0a050015 10000 100 42425 3782000 421587 23221
0a00000a 0a09000b 10000 100 70587 3850999 352753 32525
0a010004 0a01000c 10000 100 2313355 1268999 2935565 768934
0a090019 0a06001b 10000 100 505421 2249999 1955484 176111
0a0b0003 0a020001 10000 100 590161 1998000 2211243 204103
0a05000e 0a05001c 10000 100 15103 4196000 13726 9961
0a0a0015 0a07001a 10000 100 82536 3782000 427990 36471
0a000010 0a010016 10000 100 22521 4061000 149479 16652
0a020015 0a0a0009 10000 100 281736 3918999 291510 102243
0a040019 0a03000f 10000 100 57069 4100999 111295 28061
0a07000c 0a04000d 10000 100 810866 1201999 3012704 276986
0a080006 0a05000f 10000 100 21628 4139000 77698 16351
0a01001c 0a0a000d 10000 100 16733 4139999 78286 14738
0a0a0003 0a060010 10001 100 57244 4035000 183893 28117
0a0a000c 0a060012 10000 100 835127 1873000 2347064 284996
0a0a0008 0a0b000d 10000 100 595850 2590999 1629362 205985
0a0a0015 0a020006 10000 100 77934 3854999 367903 34937
0a0b0002 0a030014 10000 100 1801063 1879000 2344347 603987
0a01000c 0a08000b 10000 100 1023579 3148000 1075472 347236
0a090002 0a010010 10000 100 56127 4009000 214779 27744
0a0a000c 0a060002 10000 100 16054 4062999 161158 14506
0a010012 0a09001c 10000 100 43970 3983999 240478 23731
0a0a0010 0a01000c 10000 100 31323 4089999 135885 19545
0a0b0014 0a07000a 10000 100 2022632 216999 4009126 677162
0a020009 0a0b0013 10000 100 601230 2932999 1293336 207752
0a090015 0a050007 10000 100 79654 4155999 70557 35518
0a090015 0a06001c 10000 100 75352 4015000 212207 34096
0a010011 0a070019 10000 100 9720 4152000 77286 12417
0a020016 0a050014 10000 100 19709 4126999 102417 15721
0a0a0014 0a0b0003 10000 100 24030 4033000 197158 17150
0a0b0006 0a0a001f 10000 100 55810 4080000 150750 27642
0a080011 0a01000b 10000 100 170763 4016999 214071 65595
0a000003 0a0a0018 10000 100 33070 3994000 239416 20135
0a080005 0a09000b 10000 100 35471 4055999 177563 20919
0a020007 0a060005 10000 100 488420 2442999 1791717 170501
0a010017 0a010001 10000 100 43563 4133999 101431 19360
0a04000e 0a07000c 10000 100 104253 3844999 390647 43636
0a0a0016 0a080004 10000 100 81555 3772000 465877 36142
0a070012 0a010008 10000 100 836039 2531999 1707264 285303
0a040010 0a040017 10001 100 92567 4089999 149741 35533
0a0b0018 0a08001d 10000 100 28316 4166999 75621 18552
0a04001b 0a040016 10000 100 88377 3899000 346260 34146
0a0b001a 0a0b001d 10000 100 2009979 2285000 1960761 668735
0a000001 0a07000c 10000 100 41656 4111000 135078 22960
0a00001d 0a07000f 10000 100 45916 4088999 160534 24369
0a08001d 0a060013 10000 100 31938 4092000 157657 19758
0a08001d 0a08000c 10000 100 37153 4167999 82191 17232
0a07001f 0a00001a 10000 100 80399 4024999 225473 35757
0a040020 0a030003 10000 100 12082 4176000 74832 13204
0a090019 0a0b0001 10000 100 31368 4111000 140476 19560
0a030020 0a0b0014 10000 100 55602 4190000 61546 27576
0a000001 0a0b000e 10000 100 104847 4034000 218517 43826
0a090019 0a070003 10000 100 451721 3602999 649869 158389
0a00000f 0a06001b 10000 100 72520 4015999 238201 33159
0a030009 0a05000b 10000 100 46064 4139000 116062 24416
0a04001a 0a0a0014 10000 100 607035 2181000 2075889 209672
0a07001b 0a0a000a 10000 100 58644 4022000 235084 28580
0a030012 0a06001c 10000 100 83138 4023999 234919 36664
0a000006 0a04000b 10000 100 1036854 435000 3823997 351622
0a020007 0a02000b 10000 100 103387 3955000 304730 39103
0a06000b 0a030017 10000 100 90929 3942000 319308 39234
0a06000d 0a060013 10000 100 28574 4237000 24517 14410
0a010014 0a08000f 10000 100 21460 4198999 62816 16297
0a080001 0a010019 10000 100 9266 4184000 78428 12272
0a010009 0a070016 10000 100 40496 4088999 174277 22573
0a0b001e 0a0a001d 10000 100 42834 4144000 119385 23352
0a020017 0a02001d 10000 100 104238 4010999 253503 39391
0a02001d 0a020014 10000 100 62697 4211999 53587 25668
0a0b001a 0a02000b 10000 100 33069 4054000 212321 20135
0a030013 0a09000b 10000 100 357731 3553000 713323 127344
0a010014 0a08001f 10000 100 9343 4239999 26683 12297
0a060012 0a050010 10000 100 247883 3769999 496988 91072
0a010002 0a010008 10000 100 56228 4176000 91728 23536
0a040003 0a000016 10000 100 29820 4187999 80151 19049
0a05000a 0a020004 10000 100 266662 2848999 1420386 97265
0a040006 0a030007 10000 100 76917 4088999 181638 34612
0a03001d 0a060013 10000 100 93774 3956000 315155 40175
0a0b0016 0a050018 10000 100 14297 4180999 91567 13928
0a010002 0a080007 10000 100 82322 4048999 224364 36387
0a050006 0a02001b 10000 100 238723 3578000 695539 88048
0a050009 0a030008 10000 100 25527 4152000 122109 17645
0a030011 0a090003 10000 100 38942 4148999 127103 22060
0a08000a 0a050006 10000 100 79770 3981000 297877 35555
0a050003 0a090020 10000 100 42932 4105000 175435 23383
0a040005 0a05000f 10000 100 916226 2259999 2020487 311777
0a030019 0a060002 10000 100 74570 3968000 315061 33830
0a030006 0a0b001c 10000 100 12404 4181999 102588 13307
0a010003 0a08000f 10000 100 49876 4157000 128197 25682
0a04001e 0a03000c 10000 100 266739 3752000 533667 97290
0a05001c 0a08000f 10000 100 849489 1420000 2867912 289745
0a070004 0a01001e 10000 100 38341 4049999 238259 21868
0a080019 0a090015 10000 100 330986 3008999 1279434 118510
0a030011 0a09000f 10000 100 50351 4044999 244505 25834
0a0b0009 0a040006 10000 100 79575 4183000 107677 35493
0a01000f 0a00001f 10000 100 65882 3972999 318008 30958
0a010003 0a0b0006 10000 100 62712 4141999 150453 29912
0a030007 0a050020 10000 100 54204 4034000 258840 27113
0a080002 0a0a0010 10000 100 68584 4118000 175207 31853
0a08000f 0a06000b 10000 100 55269 4118000 175675 27454
0a0b0016 0a050014 10000 100 22865 4178000 117424 16762
0a00000d 0a04000a 10000 100 87279 3978999 318593 38035
0a06001e 0a010008 10000 100 918544 2400999 1897367 312549
0a02000e 0a020004 10000 100 147553 3980000 319051 53697
0a06001f 0a05001a 10000 100 786370 2681999 1620939 268902
0a06001f 0a090003 10000 100 99372 4107999 198042 42028
0a09000d 0a090014 10000 100 38253 4266999 39209 17600
0a03000a 0a030009 10000 100 592048 3902000 406465 200482
0a060019 0a0b0003 10000 100 11227 4198000 112467 12915
0a04001e 0a0b000c 10000 100 78001 4020000 291129 34974
0a060003 0a040005 10000 100 91551 3877999 435105 39448
0a000020 0a03000e 10000 100 11884 4277000 36542 13125
0a0a0003 0a01001e 10000 100 534714 2410999 1903217 185792
0a040003 0a0a0008 10000 100 58772 4083999 232770 28621
0a04001b 0a0a0011 10000 100 55398 3988000 329182 27495
0a08000f 0a000006 10000 100 53016 4093000 224806 26718
0a04001e 0a070006 10000 100 34907 4246999 71348 20738
0a02001b 0a0b0013 10000 100 36063 4251999 66992 21124
0a070003 0a090018 10000 100 92829 4035000 285613 39857
0a020001 0a020004 10000 100 883594 2423999 1897957 296772
0a0a000c 0a080014 10000 100 5326 4205999 118031 10965
0a02000c 0a030016 10000 100 23473 4285999 38762 16957
0a050016 0a05001d 10000 100 1934260 3173000 1152258 643737
0a09000a 0a01001e 10000 100 10228 4219999 106793 12580
0a010006 0a03000a 10000 100 93311 4049999 280157 40027
0a010004 0a020008 10000 100 19716 4244000 86323 15724
0a010017 0a040020 10000 100 1917021 777000 3553711 642292
0a070005 0a05001b 10000 100 83707 4023999 306839 36846
0a05001d 0a050001 10001 100 135431 3857999 474456 49695
0a03001c 0a0b001d 10000 100 104650 3886999 445550 43763
0a060013 0a060011 10000 100 257316 3726000 607915 89943
0a0b0009 0a03000b 10000 100 22506 4257999 76236 16647
0a03000f 0a010005 10000 100 1022513 2177000 2157918 346879
0a05001a 0a030016 10000 100 327202 3710000 625043 117268
0a0a0019 0a00001b 10000 100 1927512 684999 3651767 645756
0a03001a 0a030008 10000 100 273895 3841999 497073 95417
0a080002 0a06001b 10000 100 38322 4207999 132291 21862
0a030011 0a070013 10000 100 96337 4022999 317331 41026
0a050004 0a020010 10000 100 33732 4192999 148053 20347
0a090014 0a070017 10000 100 81969 3905000 436137 36274
0a0a0007 0a09000c 10000 100 27730 4243000 98630 18365
0a070004 0a070020 10000 100 97319 3919999 423029 37100
0a0a0005 0a00001a 10000 100 39399 4107999 236492 22222
0a08000a 0a0b0007 10000 100 74789 4119000 225501 33900
0a09000c 0a00001f 10000 100 376925 3399999 945173 133686
0a03001f 0a040005 10000 100 88771 4167999 178519 38528
0a0b0010 0a09001e 10000 100 1040863 2775999 1571623 352936
0a000014 0a0a000a 10000 100 620243 2969999 1377892 214036
0a000015 0a000006 10000 100 2090575 1343999 3004236 695355
0a02001f 0a040003 10000 100 5100 4232999 115524 10893
0a090011 0a0b001a 10000 100 20445 4284999 64115 15957
0a04001c 0a060016 10000 100 133414 3896000 453347 53259
0a040009 0a030005 10000 100 544285 2897999 1451959 188946
0a050008 0a000004 10000 100 14175 4238999 111071 13889
0a04001c 0a00000d 10000 100 867378 1435000 2917693 295654
0a000003 0a000015 10000 100 1971855 1520000 2834597 656152
0a01000a 0a08001b 10000 100 99890 4159999 195094 42193
0a09001f 0a090017 10000 100 11630 4309000 48710 8804
0a01001a 0a04001f 10000 100 69558 4187999 169757 32180
0a000013 0a01001f 10000 100 35599 4191000 168606 20960
0a020008 0a090015 10000 100 95723 4069999 289611 40814
0a0b0016 0a060018 10000 100 61218 4185999 173704 29419
0a03001d 0a07001c 10000 100 91828 4000000 360634 39537
0a030014 0a0a001c 10000 100 187130 3929000 432147 71001
0a0b001b 0a020003 10000 100 55710 4214999 146610 27610
0a080019 0a040010 10000 100 879656 2126999 2237071 299706
0a07000b 0a010004 10000 100 59282 4043999 320450 28784
0a080015 0a040008 10000 100 58354 4242000 126076 28472
0a0a000f 0a080014 10000 100 1662074 1693999 2674454 558097
0a03001c 0a04000e 10000 100 56552 4094000 274910 27880
0a06001a 0a00001b 10000 100 268949 4113999 255767 98028
0a06001b 0a02001f 10000 100 77136 3859000 512046 34682
0a010016 0a04001e 10000 100 51822 4151000 222461 26320
0a09001d 0a070015 10000 100 8775 4229000 144484 12100
0a040006 0a060014 10000 100 104301 3943999 429997 43651
0a040013 0a000020 10000 100 831758 2056999 2317176 283887
0a0a0004 0a0a001c 10000 100 2013214 2648999 1725709 669816
0a080019 0a09001b 10000 100 145356 3964999 409713 57203
0a010020 0a040010 10000 100 98215 4073000 303726 41642
0a040003 0a0b0017 10000 100 43393 4251999 124978 23531
0a040011 0a00001e 10000 100 69408 4106000 271132 32132
0a09000e 0a03000d 10000 100 973403 3070999 1306342 330657
0a000020 0a070016 10000 100 65859 4194999 182731 30950
0a06001b 0a060001 10000 100 46622 4268000 110204 20370
0a030020 0a080007 10000 100 53256 4320000 58391 26794
0a09001d 0a040010 10000 100 8106 4312999 67964 11886
0a080009 0a040018 10000 100 65215 4184000 197698 30744
0a08001a 0a07000c 10000 100 68216 4026000 356704 31735
0a0a0011 0a00001b 10000 100 102640 3985999 397093 43104
0a020008 0a07000e 10000 100 1025141 577999 3805631 347751
0a010008 0a070018 10000 100 66217 4093000 291867 31080
0a07000b 0a010010 10000 100 2485952 1296000 3091179 830171
0a02001c 0a010012 10000 100 47565 4139000 248253 24912
0a00000b 0a090015 10000 100 21312 4261000 126593 16250
0a070010 0a040018 10000 100 44622 4253999 135174 23939
0a090002 0a04000c 10001 100 24361 4329000 60214 17256
0a040009 0a0b0005 10000 100 201326 3924999 464356 75697
0a000006 0a090017 10000 100 82075 3956999 432650 36308
0a080015 0a01001c 10000 100 1176 4309999 82580 9591
0a09000b 0a070004 10000 100 1000798 638000 3755705 339715
0a070010 0a02001f 10000 100 54918 4223000 171883 27342
0a050010 0a00000d 10000 100 146410 3740999 655646 57556
0a0b0009 0a070015 10000 100 92860 3970999 428441 39867
0a020012 0a030014 10000 100 74650 4314000 86490 33856
0a0a001b 0a09000f 10000 100 33787 4213999 187709 20365
0a020011 0a0b0011 10000 100 38587 4277999 124871 21947
0a000005 0a03000f 10000 100 71546 4116999 286203 32832
0a040013 0a0b0008 10000 100 69654 4050999 353027 32211
0a0b0011 0a000011 10000 100 194702 3996000 409336 73501
0a0b001c 0a02001b 10000 100 14794 4288000 121531 14087
0a04001e 0a06001a 10000 100 75025 4253999 156546 33991
0a030011 0a0b000b 10000 100 272011 3804000 607874 99039
0a050011 0a00000a 10000 100 1941566 2507999 1904609 650392
0a0b0013 0a07000b 10000 100 31610 4218999 194305 19653
0a060011 0a05000f 10000 100 46181 4239999 173318 24454
0a09001f 0a0b001e 10000 100 818389 2474000 1939377 279471
0a0b001a 0a01000f 10000 100 1860868 626000 3787423 623739
0a0b0007 0a020007 10000 100 21174 4325999 87699 16206
0a04000b 0a050012 10000 100 5902 4279999 133739 11150
0a060010 0a050004 10001 100 589446 3717999 696676 203859
0a030009 0a090006 10000 100 95651 4113999 302706 40791
0a05000c 0a060015 10000 100 55344 4222000 194722 27478
0a080009 0a000007 10000 100 15764 4394000 23429 14413
0a0a000d 0a000010 10000 100 603162 2481000 1938412 208401
0a000005 0a050001 10000 100 2106 4325999 93822 9904
0a07000b 0a020001 10000 100 32542 4198999 221211 19951
0a08001c 0a07001e 10000 100 68075 4238999 182039 31690
0a050010 0a070010 10000 100 9531 4356999 66361 12357
0a070003 0a070020 10000 100 100571 4126000 298165 38187
0a01000d 0a020017 10000 100 782381 2720000 1706518 267579
0a07000b 0a02000a 10000 100 86491 4035000 391816 37768
0a010016 0a09001e 10000 100 63303 4256000 172259 30117
0a050016 0a00000d 10000 100 43740 4321000 107724 23657
0a010017 0a020013 10000 100 1664440 1172000 3257940 558870
0a08001d 0a00000d 10000 100 72242 4185999 244516 33070
0a09000f 0a050001 10000 100 665342 2547999 1883136 228929
0a020009 0a080009 10000 100 188779 3899000 534459 71544
0a050003 0a010019 10000 100 284253 3353000 1080536 103079
0a040013 0a030016 10000 100 43880 4279999 155191 23702
0a070009 0a020012 10000 100 80707 4258999 178596 35855
0a0b0009 0a040020 10000 100 14508 4409999 28651 13996
0a070013 0a05001b 10001 100 959575 1704999 2734065 326094
0a050014 0a08001d 10000 100 15945 4395999 44105 14471
0a06001b 0a050004 10000 100 378703 3615000 825932 134271
0a0a0004 0a08000b 10000 100 709970 2115999 2325692 243671
0a05001f 0a08001d 10000 100 101631 4150000 292028 42766
0a04001d 0a02000f 10000 100 30305 4284999 157252 19220
0a050005 0a04001d 10000 100 91491 3926999 517353 39414
0a00001d 0a04001f 10000 100 90980 4101999 343378 39250
0a0b0014 0a030008 10000 100 55312 4251999 193871 27468
0a0b0010 0a02000d 10000 100 47079 4347000 99247 24756
0a01000e 0a0b0003 10000 100 816706 2322999 2123349 278917
0a02000a 0a06001e 10000 100 78934 4311999 135804 35272
0a0a0013 0a060002 10000 100 19044 4343999 106184 15493
0a0a0008 0a09000a 10000 100 12228 4307000 145013 13251
0a06000e 0a02001c 10000 100 72080 4230000 222261 33018
0a0b0014 0a0a0018 10000 100 949908 1536999 2916945 322908
0a060019 0a030009 10000 100 73550 4316999 138496 33504
0a040001 0a01001c 10000 100 4872 4394999 61293 10820
0a04000a 0a0a0017 10000 100 5740 4429999 29347 11098
0a080016 0a05001f 10000 100 36644 4334000 126012 21310
0a0a0017 0a060004 10000 100 21278 4317999 145229 16239
0a0b0001 0a020014 10000 100 70270 4278999 184606 32408
0a040011 0a080018 10000 100 49154 4292999 172276 25436
0a090006 0a0a000a 10000 100 89754 4399000 66866 38842
0a000017 0a090013 10000 100 295154 3716000 750627 106675
0a07001c 0a040005 10000 100 80592 4316999 150855 35818
0a04001e 0a020019 10001 100 446236 2919000 1548901 156572
0a0a0002 0a09001e 10000 100 87232 4212999 255420 38020
0a09000d 0a070012 10000 100 46949 4402999 65652 24715
0a02000d 0a070005 10000 100 320459 3448000 1021160 115033
0a070005 0a080019 10000 100 700305 2938000 1531498 240470
0a09000a 0a090020 10000 100 2204249 1948000 2522231 732898
0a06001b 0a0b0013 10000 100 56309 4309000 161706 27802
0a020010 0a0a001e 10000 100 84761 4235000 236519 37199
0a02001f 0a070018 10000 100 10531 4379000 93102 12692
0a08001c 0a070018 10000 100 567476 3294000 1178120 196613
0a0b0013 0a010008 10000 100 68458 4274000 198537 31813
0a00000e 0a0b0010 10000 100 18858 4355000 121429 15434
0a070012 0a040006 10000 100 73772 4232999 243685 33575
0a00001b 0a010001 10000 100 54357 4173999 303390 27162
0a0a001c 0a05000a 10000 100 718755 2847999 1629940 246574
0a01001b 0a060020 10001 100 217782 3854999 623693 81132
0a010009 0a070015 10000 100 493431 3278999 1199816 172151
0a0a000b 0a09000e 10000 100 50342 4372000 106869 25831
0a010010 0a000006 10000 100 358405 3537000 942861 127560
0a000019 0a020010 10000 100 120672 4320000 160577 49059
0a050013 0a060017 10000 100 72104 4046000 435322 33025
0a080008 0a04001b 10000 100 98368 4329999 152485 41691
0a05001c 0a07000a 10000 100 12686 4420000 63371 13397
0a090016 0a06000a 10000 100 777241 2099000 2384600 265888
0a000010 0a0b0013 10000 100 90415 3976999 507346 39069
0a01001a 0a07001a 10000 100 6156 4441999 42919 11246
0a040020 0a080004 10000 100 81198 4315000 170330 36028
0a09000a 0a0b000f 10000 100 80568 4057999 427900 35811
0a050010 0a05001d 10000 100 2736 4474999 11016 5866
0a05001c 0a0a001a 10000 100 30914 4354000 132666 19415
0a050011 0a030011 10000 100 50054 4279999 207119 25739
0a030017 0a01001c 10000 100 164966 3500000 987675 63678
0a0b0010 0a000010 10000 100 40865 4362999 126304 22706
0a050003 0a0a0014 10000 100 245341 4007000 484007 90228
0a090005 0a04000a 10000 100 53596 4099000 392140 26903
0a000003 0a05001d 10000 100 42768 4249000 242595 23331
0a020009 0a04000a 10000 100 42835 4407999 83684 23352
0a080002 0a050007 10000 100 91267 4375999 115792 39342
0a040012 0a05001e 10000 100 31405 4364999 126845 19572
0a0b0016 0a030020 10000 100 2134008 2020000 2474485 713939
0a050019 0a04000a 10000 100 13499 4408999 86268 13657
0a080013 0a02000f 10000 100 64852 4172000 327109 30628
0a03001d 0a010005 10000 100 102293 4251999 247881 42993
0a0a0004 0a04000c 10000 100 127100 4132000 370045 51177
0a02000a 0a01000f 10000 100 20642 4407999 97763 16020
0a03000a 0a02001a 10000 100 61324 4344999 161195 29453
0a00001c 0a0b000c 10000 100 788193 2481000 2026392 269501
0a03001a 0a010005 10000 100 700 4451000 56779 9439
0a050002 0a05000d 10000 100 82448 4353000 156531 32188
0a050014 0a040006 10000 100 38242 4322000 189018 21836
0a01001a 0a070008 10000 100 84168 4190000 322480 37009
0a07001f 0a01000e 10000 100 24024 4433000 80813 17148
0a07001f 0a0a0016 10000 100 56450 4300000 214011 27847
0a0a001b 0a0b001d 10000 100 40904 4304999 209087 22719
0a020007 0a050006 10000 100 22912 4438000 76583 16777
0a0a0008 0a02000c 10000 100 533631 2345999 2168857 185430
0a030011 0a060004 10000 100 36997 4394000 122450 21423
0a010004 0a080019 10000 100 73896 4325999 194488 33614
0a030015 0a030017 10000 100 1006657 3168999 1355216 337412
0a060004 0a060012 10000 100 893914 3778000 746368 300167
0a080018 0a03000b 10000 100 27075 4431000 95185 18155
0a070012 0a09000f 10000 100 34461 4472000 55422 20580
0a050011 0a09001f 10000 100 56197 4353000 176590 27766
0a040003 0a0a000a 10000 100 47925 4380000 151363 25027
0a03000b 0a040012 10000 100 524312 2445000 2086791 182355
0a07001d 0a0a0014 10000 100 97328 4167999 363847 41343
0a06001d 0a020006 10000 100 87785 4420999 115463 38197
0a00001a 0a0b0010 10000 100 76831 4118000 419256 34584
0a0b001f 0a030013 10000 100 200699 4290999 249381 75481
0a02001b 0a0b0017 10000 100 51450 4389999 150439 26201
0a07000d 0a02001c 10000 100 22486 4344999 195757 16625
0a090008 0a090013 10000 100 28423 4512999 28186 14347
0a010005 0a030004 10000 100 17431 4439000 103123 14962
0a03001b 0a0b001b 10000 100 95236 4198000 344231 40658
0a08000d 0a0b000a 10000 100 35722 4405000 139833 20999
0a060016 0a0b0005 10000 100 641358 2582999 1962071 221008
0a060012 0a010012 10000 100 38001 4375000 170383 21759
0a0a001c 0a02000b 10000 100 78862 4243000 302498 35249
0a04000e 0a02000b 10000 100 538868 2243000 2303596 187167
0a030005 0a0b001b 10000 100 60610 4364999 184411 29224
0a020001 0a06000f 10000 100 53792 4438000 111514 26966
0a070019 0a080012 10000 100 41026 4419000 133181 22758
0a04001e 0a050013 10000 100 40486 4309999 243030 22570
0a06000a 0a000004 10000 100 689436 1856000 2697461 236885
0a0a0018 0a090020 10000 100 568865 2853000 1700597 197073
0a050012 0a020002 10000 100 171210 3925999 627628 65753
0a0b000c 0a09000b 10000 100 84385 4376999 177739 37078
0a080005 0a000002 10000 100 91428 4054000 500802 39393
0a010009 0a0a001d 10000 100 2368119 411999 4143174 791251
0a040014 0a090002 10000 100 58775 4333000 222447 28622
0a07000a 0a050004 10000 100 981627 1232999 3322566 333381
0a0a0009 0a070004 10000 100 8995 4505000 54323 12170
0a00000e 0a0a0007 10000 100 59794 4304999 254397 28948
0a0b0017 0a07000c 10000 100 87725 4310999 248872 38178
0a0b0005 0a0b0006 10000 100 135422 4454999 108018 49692
0a0a0007 0a00001e 10000 100 79640 4327000 236676 35514
0a0a0010 0a070009 10000 100 2385960 389999 4174930 797144
0a030012 0a090008 10000 100 12961 4514999 50324 13485
0a030008 0a010011 10000 100 21850 4478000 87652 16422
0a0b0010 0a09001a 10000 100 33782 4464000 101918 20363
0a020011 0a09001c 10000 100 173248 3983000 583155 66421
0a010014 0a040018 10000 100 6075 4465000 102138 11220
0a08000f 0a010019 10000 100 36461 4386000 181728 21251
0a00001b 0a02001e 10000 100 119660 4067999 500003 48720
0a07000e 0a020009 10000 100 101800 4204000 365190 42820
0a08000f 0a09000b 10000 100 701934 2530000 2039651 241007
0a020017 0a050004 10000 100 16352 4462999 107352 14601
0a01001e 0a01000f 10000 100 42248 4470000 100411 18924
0a060009 0a040014 10000 100 47865 4341000 231222 25008
0a060002 0a03001f 10000 100 27188 4453000 119370 18192
0a08000e 0a04000e 10000 100 38576 4350999 222676 21943
0a07000c 0a070019 10000 100 38597 4538999 34924 17710
0a04001d 0a030002 10000 100 80635 4323999 250601 35832
0a020008 0a04000f 10000 100 40504 4422999 151947 22591
0a05001b 0a090005 10000 100 43739 4356999 218529 23657
0a090014 0a0a000c 10000 100 831325 1843999 2731930 283748
0a06000f 0a08000f 10000 100 78332 4380000 196706 35080
0a000003 0a09001a 10000 100 31620 4407999 169589 19656
0a020002 0a010011 10000 100 37021 4433000 144883 21430
0a070014 0a01000c 10000 100 29404 4475999 102424 18916
0a0a0014 0a030019 10000 100 38812 4361000 218117 22019
0a030013 0a02001c 10000 100 42067 4408999 170188 23106
0a0b0014 0a07001f 10000 100 918571 2053999 2526912 312558
0a0a000a 0a0b000f 10000 100 47499 4336999 244367 24891
0a00000f 0a00001c 10000 100 5897 4564000 19371 6908
0a04000e 0a04001e 10000 100 101723 4252999 331614 38555
0a06000a 0a050017 10000 100 7949 4475999 109482 11835
0a000004 0a0a000e 10000 100 36131 4388999 196869 21145
0a06000d 0a0b0012 10000 100 93722 4403999 182400 40158
0a04000c 0a070020 10000 100 4309 4556000 32203 10624
0a050019 0a030014 10000 100 59692 4311999 276259 28915
0a07001b 0a06001b 10000 100 1874247 782000 3807174 628159
0a060001 0a060015 10000 100 6543 4552999 37473 7130
0a030004 0a0b000d 10000 100 407463 3165999 1424921 143766
0a070008 0a060012 10000 100 2005270 1015999 3576103 671422
0a0a0002 0a050016 10000 100 1947041 299000 4294369 652205
0a01001e 0a06001b 10000 100 55133 4370999 224820 27410
0a06000e 0a0a0016 10000 100 19359 4519999 76718 15594
0a03000c 0a08001b 10000 100 280138 3808000 791269 101716
0a050003 0a070003 10000 100 77526 4405000 194839 34807
0a09000c 0a08001b 10000 100 25023 4484000 116592 17468
0a03001c 0a070018 10000 100 73637 4250000 351238 33531
0a0b000f 0a060019 10000 100 67108 4226999 374419 31365
0a05001d 0a02000e 10001 100 101946 4171000 431405 42867
0a04000c 0a080011 10000 100 97987 4194999 407408 41569
0a080009 0a090013 10000 100 60550 4523000 80421 29205
0a01000b 0a05000c 10000 100 97305 4275000 328666 41336
0a0b001c 0a000002 10000 100 102562 4054999 548729 43079
0a090011 0a08001a 10000 100 986649 2175999 2427731 335034
0a0b0018 0a090008 10000 100 54440 4534999 69009 27189
0a07000c 0a0a0011 10000 100 101903 4381999 224902 42853
0a060010 0a0a000e 10000 100 64507 4284999 322393 30518
0a06001f 0a01001f 10000 100 59999 4394999 212512 29014
0a080014 0a0b0006 10001 100 55245 4321000 286759 27446
0a0b000d 0a070016 10000 100 53423 4335000 273152 26848
0a07000b 0a0a0009 10001 100 6690 4545000 63406 11417
0a03001a 0a030005 10000 100 26520 4555000 53598 13722
0a080006 0a000010 10000 100 8756 4551000 57901 12094
0a060014 0a02000a 10000 100 2124035 981000 3630328 710656
0a020012 0a080011 10000 100 161603 4172999 438694 62571
0a09001b 0a01001f 10000 100 104333 4067000 544915 43661
0a05001c 0a040012 10000 100 95075 4320000 292466 40607
0a07000f 0a04000d 10000 100 21348 4503000 109807 16261
0a030017 0a040002 10000 100 4047 4540999 73151 10541
0a0b000d 0a010013 10000 100 1710452 87000 4528491 574070
0a0b000f 0a070020 10000 100 67114 4405000 210620 31367
0a08001a 0a080014 10000 100 706579 1992999 2623017 238315
0a000011 0a050020 10000 100 97426 4209000 407668 41374
0a09000f 0a010016 10000 100 43883 4432000 186666 23703
0a080016 0a030010 10000 100 907258 1830000 2788892 308815
0a040009 0a000018 10000 100 16464 4551999 66946 14637
0a05001f 0a030009 10000 100 87036 4453999 166453 37957
0a07000a 0a07001d 10000 100 39958 4586999 34006 18161
0a0a001a 0a0a000c 10000 100 354915 3831000 790529 122173
0a030008 0a080017 10000 100 46867 4388000 234100 24688
0a060002 0a080014 10000 100 45302 4465000 157704 24172
0a030003 0a060015 10000 100 194442 4233999 388982 73418
0a0b0006 0a04001e 10000 100 14645 4521999 101282 14040
0a0a0015 0a060009 10000 100 744298 1592000 3032347 255009
0a030014 0a08001f 10000 100 73876 4526999 97442 33608
0a000010 0a020001 10000 100 86115 4147999 477343 37647
0a040004 0a040005 10000 100 75448 4558000 67586 29886
0a04001a 0a090015 10000 100 102942 4290000 336214 43201
0a06001c 0a030004 10001 100 20412 4530000 96427 15946
0a070010 0a05000f 10000 100 40723 4492000 134994 22661
0a090018 0a0b000d 10000 100 86503 4314000 314404 37771
0a090007 0a07000d 10000 100 77473 4229000 399887 34790
0a09001b 0a06000e 10000 100 84886 4184000 445353 37239
0a020001 0a0a0017 10000 100 73716 4473000 156664 33557
0a07001f 0a08001e 10000 100 706279 3216999 1412748 242443
0a050003 0a03001b 10000 100 22482 4531000 99416 16624
0a030018 0a060017 10000 100 29440 4512000 120531 18928
0a010012 0a010002 10000 100 38488 4591999 43024 17675
0a06001b 0a060004 10000 100 34475 4588000 47940 16345
0a0a000a 0a02001c 10000 100 64997 4453000 183024 30674
0a0a0005 0a060014 10000 100 1714152 528999 4107813 575285
0a07001d 0a080002 10000 100 436833 3089000 1549800 153471
0a080014 0a050002 10000 100 94370 4170000 468810 40366
0a020017 0a040003 10000 100 54346 4434999 204137 27159
0a000002 0a090005 10000 100 77000 4085000 555114 34638
0a040005 0a09001d 10000 100 92299 4487999 152555 39688
0a07000b 0a090017 10000 100 99207 4099000 543444 41975
0a08001d 0a080005 10000 100 83073 4396999 245532 32403
0a080010 0a040008 10000 100 20734 4579999 63028 16049
0a000013 0a03000d 10000 100 89787 4388000 255283 38853
0a0b0005 0a0b000f 10000 100 2383319 3500000 1144486 792029
0a030007 0a01000e 10000 100 821249 2157000 2488464 280416
0a050011 0a080008 10000 100 82313 4321000 324962 36384
0a090002 0a020011 10000 100 97628 4179999 467303 41454
0a090010 0a0a000c 10000 100 98316 4081000 567996 41674
0a090017 0a07001f 10000 100 14150 4560999 88329 13881
0a06001b 0a00001d 10000 100 31915 4449999 201190 19750
0a0a0018 0a01001f 10000 100 8192 4614000 37708 11913
0a060013 0a0a001c 10001 100 67382 4381000 272432 31453
0a090009 0a010007 10000 100 75576 4462999 190702 34167
0a070001 0a0b000f 10000 100 37849 4532999 121483 21711
0a030010 0a030006 10000 100 71287 4432000 222633 28509
0a0a0017 0a030008 10000 100 226476 4061999 594713 83991
0a0a001d 0a000006 10000 100 34221 4526999 131041 20504
0a05001c 0a020008 10000 100 173531 4039000 621920 66511
0a08000b 0a010020 10000 100 81874 4442999 217974 36244
0a0a0016 0a01000b 10000 100 646355 3243999 1417555 222653
0a0a001f 0a010006 10000 100 50895 4307000 355400 26008
0a03001f 0a0b000d 10000 100 61874 4407000 255719 29644
0a030005 0a05000c 10000 100 1627905 1113000 3549859 546810
0a030001 0a030003 10000 100 57450 4629000 33951 23943
0a09000c 0a090004 10000 100 75713 2938000 1726137 29971
0a0b0002 0a03000d 10000 100 81295 4470000 194362 36059
0a0b0019 0a030001 10000 100 6668 4645999 18409 11410
0a030014 0a080016 10000 100 80587 4334000 330494 35817
0a050008 0a070019 10000 100 1560224 1513999 3152282 524461
0a01000f 0a06001b 10000 100 62702 4344999 322101 29909
0a040019 0a010004 10000 100 88902 4346000 322534 38570
0a08000c 0a070004 10000 100 11872 4549000 120565 13121
0a00001c 0a020007 10001 100 97519 4416999 253281 41419
0a07000b 0a010014 10000 100 74835 4296999 373830 33915
0a060011 0a010014 10000 100 59797 4538999 133811 28949
0a09001c 0a040003 10000 100 816681 2021999 2651859 278909
0a030008 0a0a001b 10000 100 435776 3622999 1050982 153118
0a090015 0a010003 10000 100 40598 4558000 116407 22621
0a080010 0a030006 10000 100 100434 4373000 301676 42368
0a000013 0a090005 10000 100 317983 3188999 1487048 114210
0a050020 0a060015 10001 100 37080 4538999 137853 21449
0a070003 0a05000d 10000 100 44938 4453999 223481 24040
0a0b0008 0a000012 10000 100 46362 4435999 242284 24512
0a040004 0a000020 10000 100 2710 4606999 71564 10097
0a060004 0a060019 10000 100 92431 4499999 178773 35490
0a0a000a 0a090012 10000 100 147 4629000 50467 9262
0a05000b 0a0a0005 10000 100 2590731 1100000 3581636 864776
0a040011 0a08001c 10000 100 9990 4555000 128482 12504
0a08001b 0a010008 10000 100 32577 4570000 114443 19962
0a010019 0a0b0007 10000 100 101291 4324999 359890 42657
0a02001f 0a050011 10000 100 91014 4457000 228018 39261
0a080009 0a040003 10000 100 14543 4596000 90787 14007
0a0b0006 0a080016 10000 100 16446 4603999 82999 14631
0a0a0017 0a020016 10000 100 306578 3836000 852733 110453
0a000008 0a000019 10000 100 29725 4666000 22825 14779
0a0a0013 0a04001f 10000 100 508463 2958999 1730899 177115
0a0b0012 0a08000a 10000 100 90617 4308000 383955 39134
0a090012 0a0b0017 10000 100 71785 4346000 347831 32908
0a050016 0a0a0004 10000 100 7420 4612999 81756 11651
0a0a000e 0a09000f 10000 100 16933 4629000 67832 14802
0a060013 0a050001 10000 100 92888 4171000 529009 39876
0a0b0017 0a070004 10000 100 12358 4662000 38261 13292
0a0a0009 0a090008 10000 100 1044443 2413999 2286766 354127
0a0a0017 0a00000f 10000 100 32081 4597999 103643 19803
0a0a0013 0a030005 10000 100 37168 4555000 147622 21477
0a080015 0a06001d 10000 100 677668 3092999 1611240 232996
0a0a0018 0a080013 10000 100 828828 2428000 2276734 282919
0a0b000b 0a070017 10000 100 975136 1309999 3394919 331242
0a0b001e 0a0a000c 10000 100 61342 4422999 281968 29459
0a08000b 0a020016 10000 100 104494 4459000 245975 43713
0a00001c 0a060001 10000 100 453885 3618999 1085990 159097
0a000014 0a0b001a 10000 100 27159 4604999 100331 18182
0a050020 0a050002 10000 100 1812069 2596999 2111795 603392
0a0a0001 0a05001d 10000 100 346217 3988000 720807 123537
0a020017 0a09001c 10000 100 333917 3913999 794948 119478
0a040017 0a000004 10000 100 43767 4435999 273652 23666
0a0b0006 0a070017 10000 100 970696 3261000 1448802 329776
0a090010 0a060003 10000 100 380783 3380999 1329221 134952
0a09000e 0a050018 10000 100 54950 4629000 83224 27352
0a04000d 0a080002 10000 100 13070 4643999 68619 13520
0a05001b 0a0b0008 10000 100 1700468 128999 4584114 570768
0a040008 0a070013 10000 100 82052 4477000 236358 36301
0a090020 0a07001a 10000 100 11906 4664999 48443 13132
0a0b001e 0a080010 10000 100 34798 4669000 45349 20704
0a010004 0a03001b 10000 100 4304 4644999 70057 10623
0a030017 0a06001b 10000 100 557545 2308999 2406146 193328
0a010003 0a010004 10000 100 104073 4581000 134157 39338
0a09001c 0a090014 10000 100 1595988 2821999 1894787 532019
0a060003 0a050002 10000 100 66874 4494999 221892 31290
0a01000e 0a040002 10000 100 9900 4649000 71259 12475
0a09000b 0a0a000f 10000 100 44586 4408999 312197 23928
0a09001e 0a00001e 10000 100 13425 4689999 32468 13634
0a07001e 0a060007 10000 100 97992 4336999 387890 41571
0a090011 0a080011 10000 100 3962 4627000 98304 10513
0a08001a 0a05001c 10000 100 98186 4183000 542824 41633
0a04000b 0a01001e 10000 100 66790 4556000 170923 31264
0a0b001d 0a02000c 10000 100 97410 4240999 486097 41369
0a03001f 0a080003 10000 100 109487 4500999 227395 45357
0a070006 0a02000b 10000 100 620710 2206000 2522583 214186
0a000001 0a060005 10000 100 770320 3196000 1532860 263597
0a010012 0a000007 10000 100 73833 4661000 68116 33594
0a050002 0a050016 10000 100 31970 4697999 32448 15528
0a060004 0a0b000e 10000 100 92931 4486999 244925 39890
0a06000a 0a03001a 10000 100 53274 4467999 265782 26800
0a0b0006 0a070016 10000 100 58482 4512000 222351 28513
0a00000d 0a06001d 10000 100 288825 3834000 901099 104588
0a030014 0a020014 10000 100 28423 4625999 109232 18587
0a01001a 0a0a0009 10000 100 21991 4617999 117232 16467
0a090009 0a090001 10000 100 2093 4728999 6914 5660
0a0b001a 0a040008 10000 100 35783 4610999 125321 21019
0a030007 0a040018 10000 100 25877 4551000 185722 17757
0a09000c 0a000008 10000 100 1034989 911000 3826660 350994
0a0a0007 0a000007 10000 100 30968 4616999 121406 19432
0a080005 0a08000a 10000 100 97274 4387000 351674 37086
0a0a001d 0a05001c 10000 100 44363 4564999 174333 23856
0a020019 0a00001f 10000 100 217030 4492000 247521 80876
0a020007 0a02001a 10000 100 81044 4505000 235093 31738
0a01001b 0a010008 10000 100 98225 4669000 71202 37405
0a04001a 0a0b0010 10000 100 47117 4635000 105358 24768
0a03001a 0a010013 10000 100 32534 4551999 188655 19948
0a0b001f 0a070017 10000 100 37670 4629999 114315 21653
0a010009 0a040012 10000 100 51536 4462999 283022 26229
0a09001f 0a09000a 10000 100 1831265 3115000 1631050 609719
0a05001c 0a040008 10000 100 40578 4565999 180285 22615
0a01001f 0a03000b 10000 100 82295 4547999 198312 36379
0a01001c 0a0b0008 10000 100 95843 4418000 328446 40852
0a0a0010 0a0b001d 10000 100 1620370 467999 4279051 544322
0a070011 0a080014 10000 100 82402 4442999 304185 36413
0a09001b 0a01000d 10000 100 9606 4675000 72613 12381
0a020004 0a020005 10000 100 78733 4479000 269174 30968
0a030007 0a060017 10000 100 17667 4657999 90354 15037
0a0b0007 0a030007 10000 100 406244 3340000 1408673 143360
0a000011 0a0a000b 10000 100 27948 4571999 177141 18435
0a090012 0a010010 10000 100 8236 4701999 49924 11927
0a060008 0a04000d 10000 100 44416 4550000 202133 23873
0a07001f 0a000004 10000 100 20641 4611999 140929 16020
0a0a000c 0a00001b 10000 100 62146 4602000 152554 29731
0a060010 0a03000e 10000 100 48956 4641000 114344 25372
0a040008 0a080019 10000 100 100884 4447000 308407 42527
0a080010 0a0b0011 10000 100 79646 4606999 149677 35516
0a050011 0a0b0015 10000 100 2057614 703999 4052919 688710
0a03000b 0a04000b 10000 100 636839 2089999 2667715 219516
0a01000b 0a080019 10000 100 78571 4586999 173569 35156
0a08000e 0a09000e 10000 100 102506 4472000 289858 43061
0a01000d 0a060014 10000 100 179569 4395999 367456 68505
0a06000f 0a040005 10000 100 77558 4632999 130514 34817
0a08001f 0a0a000d 10000 100 1754860 1629999 3133854 588726
0a050006 0a0b000c 10000 100 64299 4588000 175994 30436
0a03001b 0a040002 10000 100 57037 4593999 170371 28050
0a050020 0a090004 10000 100 104731 2462999 2301406 43789
0a020016 0a020001 10000 100 2433054 1474999 3289861 808466
0a010019 0a09000e 10000 100 24592 4710999 56437 17330
0a030002 0a0a0006 10000 100 94330 4513999 253441 40353
0a09001b 0a0a0015 10000 100 93123 4444000 325468 39967
0a080010 0a0b0010 10000 100 641487 3497000 1272798 221049
0a0b001b 0a070016 10000 100 708759 2820000 1951319 243268
0a04000b 0a0a001e 10000 100 9575 4702999 68377 12371
0a040009 0a0a0006 10000 100 549730 3118000 1654394 190750
0a07001c 0a0a0016 10000 100 480469 2900999 1874987 167880
0a070019 0a060016 10000 100 104850 4397999 378785 43827
0a0a0009 0a080013 10000 100 41819 4634000 143220 23012
0a020014 0a040015 10000 100 64427 4381999 396320 30477
0a090005 0a08000b 10000 100 28718 4641000 137376 18696
0a0a0001 0a08000c 10000 100 127624 4300000 478943 51360
0a030014 0a030010 10000 100 93392 4689999 90621 35813
0a01001a 0a0a001d 10000 100 90607 4362000 418932 39131
0a09001a 0a050013 10000 100 88157 4372000 411018 38316
0a010018 0a000008 10000 100 30255 4671999 112960 19204
0a03001b 0a05000a 10000 100 1646275 1773000 3012606 552873
0a000006 0a000020 10000 100 83859 4536000 252055 32655
0a030010 0a01001f 10000 100 23333 4649999 138764 16912
0a070020 0a090005 10000 100 776522 1394000 3395197 265643
0a060001 0a07000b 10000 100 368654 3359000 1431755 130947
0a090011 0a040018 10000 100 71188 4536000 255518 32717
0a040013 0a070007 10000 100 64349 4695000 98934 30452
0a030020 0a03000e 10000 100 35109 4749999 46940 16563
0a0b0011 0a0a0017 10000 100 34480 4641000 158731 20586
0a040017 0a030003 10000 100 32335 4670999 128740 19885
0a070014 0a030011 10000 100 991231 1807999 2992791 336546
0a050009 0a080014 10000 100 30430 4690999 109992 19260
0a070005 0a0b001c 10000 100 43926 4551999 251084 23717
0a020007 0a090003 10000 100 103902 4491000 312606 43523
0a050019 0a06001c 10000 100 90758 4441999 361651 39179
0a03000a 0a020019 10000 100 795533 1965000 2838719 271926
0a050005 0a07000d 10000 100 88989 4250000 554641 38598
0a050006 0a03000f 10000 100 709593 2713000 2092277 243550
0a040002 0a010019 10000 100 69383 4573999 232175 32124
0a080008 0a0a0017 10000 100 36714 4586999 219626 21332
0a030007 0a010019 10001 100 90933 4375000 434138 39235
0a07000b 0a080008 10000 100 259413 3788999 1023527 94869
0a070003 0a05000c 10000 100 69997 4508999 304112 32320
0a0a0016 0a03001d 10000 100 25429 4708000 109176 17598
0a000011 0a08001a 10000 100 1030101 3583999 1233623 349384
0a060017 0a080005 10000 100 18224 4732000 86246 15231
0a08001f 0a09001b 10000 100 62083 4540999 277411 29711
0a09001e 0a0b0001 10000 100 725855 3761000 1058237 248907
0a000008 0a0b0002 10000 100 16923 4752000 67514 14799
0a010011 0a000008 10000 100 69764 4573999 249688 32246
0a0b0005 0a0b001a 10000 100 35972 4784000 40174 16839
0a02001d 0a08001e 10001 100 8817 4740000 84214 12113
0a0b0011 0a040018 10000 100 84708 4588000 236537 37182
0a050004 0a0a0005 10001 100 66871 4627000 197793 31289
0a03000f 0a07000c 10000 100 72622 4564000 263082 33191
0a0b0010 0a04001d 10000 100 180526 4351999 475353 68826
0a0b0001 0a02001a 10000 100 249984 4086000 741454 91760
0a000007 0a04001e 10000 100 1595642 424000 4403699 536148
0a0a001e 0a06001b 10000 100 41908 4644999 183695 23040
0a00000c 0a050018 10000 100 24762 4643000 186744 17384
0a080011 0a08000b 10000 100 86038 4756999 72799 33383
0a020011 0a000020 10000 100 11792 4703999 127189 13096
0a08001a 0a03000e 10000 100 45065 4505999 326423 24096
0a000016 0a02001a 10000 100 33936 4714999 117914 20412
0a010007 0a0a001a 10000 100 542758 3170000 1663652 188442
0a040018 0a060020 10000 100 100499 4470000 365559 42388
0a01000e 0a040016 10000 100 73909 4575000 261218 33618
0a09001e 0a0a0012 10000 100 70739 4512000 324942 32573
0a0b000f 0a0b001c 10000 100 2264701 2338999 2498277 752857
0a07001c 0a030017 10000 100 615259 3506000 1331440 212395
0a000004 0a0a000a 10000 100 2584 4719000 118949 10057
0a01001d 0a08001b 10000 100 73391 4667000 171228 33437
0a070009 0a060010 10000 100 2034475 1510000 3328365 681075
0a08000d 0a060014 10000 100 24992 4728000 111428 17458
0a090019 0a050005 10000 100 48722 4670999 170142 25297
0a090016 0a010010 10000 100 33603 4654000 187641 20306
0a060001 0a080004 10000 100 2590672 2227999 2613871 864757
0a01000b 0a080018 10000 100 1624273 100999 4740975 545602
0a000003 0a0a001f 10000 100 180512 4174999 668758 68822
0a0a0013 0a000012 10000 100 26733 4759000 85503 18031
0a070018 0a01000a 10000 100 514189 2883999 1961468 179008
0a000014 0a05000a 10000 100 1920276 955000 3892146 643364
0a09000b 0a060016 10000 100 89630 4218000 629249 38803
0a050009 0a09000e 10000 100 15239 4826999 20676 14245
0a01000c 0a060015 10000 100 20462 4806000 43601 15962
0a020007 0a09000e 10000 100 2064579 712999 4139576 691016
0a070014 0a050007 10000 100 44092 4669999 184223 23770
0a010003 0a02000d 10000 100 220930 4161999 693994 82170
0a060019 0a020007 10001 100 74896 4616000 240580 33934
0a0b0010 0a03001c 10000 100 616476 2697999 2159432 212785
0a050006 0a050011 10000 100 58168 4806000 51672 24172
0a060015 0a040012 10000 100 104190 4576000 282312 43616
0a09000c 0a00000d 10000 100 217505 4138000 720974 81044
0a0b000a 0a060013 10000 100 1698036 311999 4549008 569974
0a05001e 0a0a0011 10000 100 47155 4662999 198423 24781
0a090013 0a010005 10000 100 1691165 893000 3970432 567698
0a0b0007 0a020002 10000 100 70255 4584999 279114 32403
0a02000d 0a030015 10000 100 944031 893000 3971422 320966
0a070016 0a060017 10000 100 93307 4484000 381287 40025
0a010013 0a0a001e 10000 100 99572 4691999 174013 42092
0a03001b 0a05000a 10001 100 101863 4597000 269048 42840
0a02001e 0a09001a 10000 100 59851 4650999 215168 28966
0a0a0009 0a050003 10000 100 64296 4539999 326227 30435
0a03000f 0a0b0020 10000 100 177858 4459000 407355 67942
0a08000f 0a00000b 10000 100 218708 4452000 414400 81429
0a080006 0a010001 10000 100 92283 4492000 375441 39682
0a060005 0a06001b 10000 100 269314 4606999 262415 93905
0a03001a 0a070019 10000 100 432071 3738000 1131454 151901
0a0a0020 0a080001 10000 100 88975 4726000 144753 38593
0a070019 0a03000d 10000 100 14484 4774999 96262 13988
0a0a0019 0a01001e 10000 100 101100 4622000 251152 42596
0a060015 0a010017 10000 100 34564 4683999 189213 20629
0a080012 0a0b001f 10000 100 52917 4726000 150527 26686
0a080014 0a07000e 10000 100 15484 4654000 222684 14323
0a04000a 0a02001f 10000 100 32492 4648000 229802 19935
0a0b0007 0a000017 10001 100 247900 4009000 869733 91077
0a090017 0a080012 10000 100 64348 4577999 301470 30451
0a010007 0a0b0011 10001 100 79176 4410999 470196 35350
0a0a0003 0a070014 10000 100 35652 4742999 138961 20977
0a01001a 0a01001d 10000 100 704382 3930000 952008 237581
0a0a0002 0a060015 10000 100 38968 4741999 140207 22069
0a020005 0a090010 10000 100 9845 4840999 41976 12457
0a060015 0a010005 10000 100 48063 4681000 202344 25087
0a070007 0a070002 10000 100 47516 4852000 32360 20656
0a08001a 0a0a0007 10000 100 52263 4521999 364025 26461
0a000016 0a05000e 10000 100 44414 4640000 246146 23873
0a04001d 0a08000c 10000 100 526831 3468000 1419678 183192
0a03000f 0a000017 10000 100 477529 3249000 1639585 166909
0a040004 0a00000a 10000 100 1728 4806999 81740 9783
0a020012 0a07001a 10000 100 67996 4813999 81194 31665
0a020003 0a090020 10000 100 29814 4756999 140206 19047
0a08001f 0a070020 10000 100 2108654 2560999 2341404 705565
0a08001d 0a070003 10000 100 1023358 1476000 3427874 347165
0a06001e 0a02001b 10000 100 3501 4807999 97982 10366
0a040020 0a0b0008 10000 100 20062 4767000 139378 15834
0a04000b 0a000010 10000 100 19132 4821999 85135 15521
0a010018 0a020003 10000 100 20746 4801999 105198 16053
0a0b0013 0a000015 10000 100 3469 4871000 36410 10356
0a000013 0a030009 10000 100 61679 4810000 98796 29582
0a070017 0a09001f 10000 100 17546 4866999 42144 14999
0a060001 0a02001a 10000 100 41952 4787999 121681 23054
0a02001c 0a000015 10000 100 1895461 132000 4780187 635162
0a060007 0a040015 10000 100 45056 4704999 209523 24094
0a050004 0a090014 10000 100 42992 4708999 206101 23402
0a040007 0a020009 10000 100 8723 4800999 116621 12083
0a05001b 0a020005 10000 100 89701 4752000 165780 38825
0a070012 0a030005 10000 100 56250 4747000 171806 27783
0a010014 0a040007 10000 100 3552 4826000 93522 10382
0a0a0004 0a090010 10000 100 101132 4486000 435347 42606
0a05001c 0a050005 10000 100 14641 4892999 29046 9798
0a050019 0a06001a 10000 100 14297 4791000 131939 13928
0a070008 0a010002 10000 100 68333 4623000 301104 31773
0a020017 0a0a000a 10000 100 62489 4823000 101412 29841
0a000010 0a08001c 10000 100 101471 4394000 530971 42715
0a030011 0a030002 10000 100 100446 4821999 104421 38131
0a070016 0a000013 10000 100 449453 3876999 1049760 157632
0a080012 0a060004 10000 100 60345 4581000 346967 29140
0a06001b 0a040016 10000 100 29891 4832999 96749 19072
0a02000a 0a0b001c 10000 100 10901 4812000 119747 12811
0a030018 0a030010 10001 100 43840 4876000 56719 19449
0a090007 0a050015 10000 100 25912 4832000 105882 17768
0a070018 0a07001a 10000 100 572831 2807000 2131367 194133
0a06000f 0a0a0011 10000 100 19265 4806999 131470 15564
0a0b0006 0a05000e 10000 100 77498 4688999 250713 34798
0a0a0014 0a030020 10000 100 15506 4811000 129034 14330
0a00000b 0a0b001e 10000 100 89533 4499999 441040 38772
0a060004 0a0a0002 10000 100 23499 4883000 59437 16965
0a060003 0a02000a 10000 100 18191 4823000 120117 15220
0a050011 0a09000c 10000 100 58112 4734000 210485 28394
0a080006 0a040019 10000 100 80210 4767000 178211 35696
0a030016 0a040020 10000 100 78839 4643000 304565 35242
0a08001b 0a000005 10000 100 897547 1889999 3057751 305615
0a02000d 0a00001e 10000 100 74555 4708000 239860 33825
0a06001d 0a010014 10000 100 82057 4674000 275896 36303
0a090013 0a020007 10000 100 48895 4852999 99168 25353
0a0b0003 0a05000b 10000 100 6304 4896000 56644 11294
0a0b0017 0a090007 10000 100 50090 4738000 215916 25751
0a030008 0a04001b 10000 100 411165 4052000 902576 144996
0a01000e 0a030005 10000 100 10652 4921000 35073 12731
0a00001c 0a020015 10000 100 53020 4784000 172111 26719
0a02001a 0a050007 10000 100 50599 4792000 165822 25913
0a00000a 0a060002 10000 100 983728 3307000 1650876 334069
0a050012 0a010003 10000 100 14967 4872999 85270 14143
0a0a0016 0a06001e 10000 100 4675 4879999 78320 10757
0a000010 0a050020 10000 100 85239 4473000 485925 37352
0a0b000c 0a070001 10000 100 480665 3785000 1175001 167943
0a010017 0a0b0004 10000 100 90179 4793999 167507 38994
0a090009 0a060003 10000 100 48540 4765000 196870 25239
0a060018 0a08000f 10000 100 725841 2856000 2105952 248903
0a00001b 0a09000a 10000 100 33475 4734999 227120 20265
0a02000d 0a030015 10001 100 22176 4892999 69283 16526
0a04001d 0a030020 10000 100 51032 4772000 190590 26067
0a090014 0a06000d 10000 100 63530 4611999 351192 30190
0a00001d 0a03001a 10000 100 248389 4385000 580005 91234
0a030012 0a000013 10000 100 87295 4608000 357137 38040
0a07000e 0a030015 10000 100 36535 4743999 222159 21275
0a010019 0a040018 10000 100 100693 4688000 278374 42466
0a06000f 0a080012 10000 100 17999 4826000 140588 15144
0a020012 0a03001c 10000 100 253593 4152000 815352 92960
0a010017 0a060013 10000 100 91482 4650999 317191 39411
0a090013 0a08000d 10000 100 70745 4703999 264339 32575
0a020005 0a020020 10000 100 9608 4935000 35492 8142
0a010002 0a090016 10000 100 40400 4786000 185439 22542
0a080003 0a03001e 10000 100 33707 4847999 123887 20339
0a04001e 0a050007 10000 100 48835 4755999 217131 25334
0a0a0017 0a030016 10000 100 1605826 389999 4583522 539514
0a080011 0a01001b 10000 100 989723 2373999 2600276 336048
0a040011 0a070018 10000 100 89044 4523000 451337 38615
0a000007 0a00000c 10000 100 54752 4812000 163617 23048
0a070002 0a0b0016 10000 100 32675 4811000 167654 19993
0a060006 0a020010 10000 100 3939 4879999 99053 10506
0a040020 0a000011 10000 100 56409 4663999 315136 27834
0a09001d 0a0b000b 10000 100 288453 4216000 763849 104469
0a060020 0a03001d 10000 100 1978919 1155999 3824078 662729
0a010017 0a050015 10000 100 83937 4531000 449298 36920
0a0b0015 0a0b0013 10000 100 63233 4899999 81724 25855
0a07001e 0a030017 10000 100 19704 4856000 126235 15720
0a080015 0a030004 10000 100 2528550 465000 4517409 844232
0a0b001e 0a090014 10000 100 49641 4821999 161268 25607
0a04000c 0a0b000a 10000 100 21388 4867999 115833 16274
0a080008 0a090003 10000 100 10222 4926999 57944 12578
0a040014 0a0a001e 10000 100 21616 4904999 80328 16347
0a020005 0a06000a 10000 100 1047891 371999 4613848 355261
0a01000a 0a07001e 10000 100 66608 4843000 144328 31205
0a060018 0a040013 10000 100 3950 4935000 52632 10510
0a0b0010 0a030003 10000 100 729637 2443999 2544240 250164
0a08000f 0a0b000a 10000 100 51314 4845999 142401 26158
0a060016 0a00000b 10000 100 71124 4722999 265814 32696
0a07000b 0a00001f 10000 100 95347 4555000 434690 40694
0a030020 0a02000b 10000 100 42953 4832000 160482 23390
0a060002 0a080008 10000 100 740591 3235000 1757704 253776
0a08001a 0a080005 10000 100 652208 2239000 2753902 220348
0a01001d 0a04001f 10000 100 35998 4865999 127058 21088
0a09000e 0a07000c 10000 100 89461 4675999 317155 38749
0a050005 0a0a0013 10000 100 672191 2047000 2946303 231197
0a08001e 0a090013 10000 100 70538 4771000 223223 32509
0a02000a 0a000012 10000 100 89460 4768999 225247 38748
0a090001 0a0b0004 10000 100 85013 4695000 299842 37279
0a060001 0a030020 10000 100 38657 4807999 186853 21969
0a040015 0a0b000f 10000 100 75662 4527999 466860 34195
0a050009 0a05000c 10001 100 54281 4968000 33366 22898
0a00000c 0a060001 10000 100 657922 3197999 1805789 226478
0a04000d 0a000004 10000 100 46367 4752000 252601 24513
0a06000f 0a050008 10000 100 46299 4779000 225707 24491
0a07001f 0a070018 10000 100 1552998 3795000 1210497 517832
0a060009 0a0b0016 10000 100 97356 4680000 326143 41352
0a040019 0a070016 10000 100 514158 3405000 1601947 178999
0a010004 0a020002 10001 100 2041164 962999 4048549 683277
0a020005 0a040008 10000 100 7912 4895000 117281 11824
0a0b0004 0a01000a 10000 100 1872139 1296000 3716601 627469
0a0b0014 0a020005 10000 100 103299 4562000 451029 43315
0a02001b 0a020018 10000 100 78904 4779000 234074 31023
0a0b0018 0a09000b 10000 100 91238 4869000 145302 39333
0a070018 0a090011 10000 100 659395 2625000 2389383 226964
0a03001e 0a07001a 10000 100 63290 4797000 219911 30113
0a02001c 0a02000e 10000 100 80705 4830000 188691 31615
0a030010 0a080005 10000 100 1012102 1077000 3942737 343440
0a070018 0a050001 10000 100 99850 4316000 708316 42181
0a000010 0a020020 10000 100 18567 4890000 136798 15341
0a0a0008 0a04000e 10000 100 22373 4801999 226880 16589
0a06000d 0a07000f 10000 100 18980 4956000 73285 15473
0a04001a 0a090016 10000 100 935236 2046000 2983844 318060
0a0a0008 0a030016 10000 100 72943 4730999 298984 33294
0a040001 0a06000b 10000 100 1619606 49999 4980755 544062
0a0a0005 0a08000e 10000 100 88643 4647000 386036 38487
0a06001c 0a0a0007 10000 100 11070 4891999 143662 12865
0a080017 0a040007 10000 100 29067 4931999 104385 18808
0a03000d 0a070007 10000 100 98789 4870000 166802 41826
0a02001e 0a05000b 10000 100 92728 4644999 392514 39825
0a0a001b 0a04001b 10000 100 577698 3062000 1976011 199992
0a03001f 0a090018 10000 100 62215 4851000 187544 29753
0a080002 0a070010 10000 100 18326 4963000 75673 15264
0a08000d 0a040010 10000 100 85696 4734000 304923 37513
0a040001 0a080019 10000 100 84752 4742999 296929 37196
0a02000b 0a06000a 10000 100 51709 4764000 275997 26284
0a00000d 0a040004 10000 100 86700 4682999 357091 37834
0a07000a 0a050020 10000 100 36046 4877000 163645 21118
0a0a0012 0a050004 10000 100 209078 4397999 644854 78255
0a030020 0a0a0005 10000 100 47158 4895000 148164 24782
0a060011 0a040020 10000 100 65135 4760000 283200 30719
0a050010 0a010020 10000 100 971977 2089999 2953609 330185
0a0b000f 0a070001 10000 100 16039 4996999 47623 14501
0a07000f 0a050017 10000 100 22645 4980000 65622 16692
0a050017 0a040008 10000 100 1997 4959999 86127 9869
0a040004 0a080013 10000 100 61152 4904999 146638 29398
0a040013 0a030008 10000 100 56501 4891000 165063 27864
0a0b001b 0a050016 10000 100 61151 4943000 113077 29398
0a030019 0a070005 10000 100 52928 4858000 198376 26689
0a00001c 0a080005 10000 100 26239 4884000 175384 17872
0a000004 0a090008 10000 100 30106 4761999 298722 19156
0a0a001f 0a030013 10000 100 708 4943999 116933 9441
0a060007 0a05000b 10000 100 2140252 902000 4160144 715999
0a0a0014 0a05000d 10000 100 2316765 610999 4453168 774296
0a0a0003 0a0a001d 10001 100 1771659 3092999 1971256 590046
0a0b0006 0a00000e 10000 100 73645 4837000 227886 33534
0a000018 0a0a0005 10000 100 97224 4538999 526015 41310
0a030011 0a020007 10000 100 53496 4995999 70061 26871
0a080011 0a00000d 10000 100 53191 4857000 209150 26774
0a010003 0a060016 10000 100 57228 4838000 228201 28112
0a08001e 0a030005 10000 100 77331 4959999 106417 34744
0a06001f 0a08001b 10000 100 49890 4828999 237888 25687
0a0b0006 0a08001a 10000 100 73554 4854999 212389 33505
0a04001e 0a070002 10000 100 101066 4768999 299519 42585
0a04000b 0a050011 10000 100 1788886 14999 5053613 599968
0a0b0005 0a03000c 10000 100 87618 4873999 195702 38144
0a00000e 0a060019 10000 100 72212 4733000 337052 33060
0a050005 0a040013 10000 100 28409 4820999 250999 18582
0a040015 0a020011 10000 100 583005 2478000 2594685 201736
0a090015 0a0a0018 10000 100 32894 4926999 145939 20064
0a0b0016 0a000015 10001 100 430922 3461999 1611574 151518
0a09000b 0a00000e 10000 100 70278 4552999 520928 32410
0a00000d 0a0b0019 10000 100 56987 4738000 336007 28019
0a05001c 0a09001b 10000 100 832482 3559000 1516187 284119
0a080017 0a070003 10000 100 32502 4935000 140412 19938
0a010009 0a05001d 10000 100 54374 4870000 207046 27168
0a06001f 0a020002 10000 100 40018 4818000 260214 22420
0a0b001c 0a0a000b 10000 100 19039 4893999 184254 15492
0a040018 0a00001c 10000 100 42837 4871000 208563 23353
0a030014 0a000020 10000 100 92281 4741999 340919 39682
0a01000d 0a040001 10000 100 478796 4057999 1026219 167329
0a040007 0a010009 10000 100 21154 4849000 235643 16199
0a070010 0a020017 10000 100 27666 4969000 116542 18344
0a070016 0a0a0008 10000 100 34944 4863000 223589 20750
0a010005 0a01000f 10000 100 2251005 2882000 2205626 748336
0a0b001d 0a0b0011 10000 100 192729 4670999 416916 68614
0a08000b 0a08001d 10000 100 43376 4989999 98286 19285
0a090011 0a05001f 10000 100 1741282 2696000 2395087 584243
0a09001b 0a0a0014 10000 100 790896 2739999 2351223 270396
0a0a001b 0a050015 10000 100 272021 3612000 1479822 99042
0a020011 0a0a001a 10000 100 587461 2876000 2215912 203208
0a02001d 0a07000e 10000 100 66290 4581000 511848 31104
0a040013 0a090010 10000 100 84326 4889000 204376 37059
0a06000c 0a04000f 10000 100 604113 3043000 2051569 208706
0a070018 0a0a000b 10000 100 1676660 27999 5067970 562903
0a0a0007 0a010002 10000 100 85848 4793999 302182 37562
0a020012 0a06001f 10000 100 1589498 3135999 1961889 534120
0a080012 0a01001e 10000 100 20733 4976000 123422 16049
0a0b0012 0a000020 10001 100 13950 4985999 114150 13817
0a06001e 0a020019 10000 100 113322 4791000 309784 46630
0a020018 0a050001 10000 100 375461 3660000 1443816 133202
0a000008 0a09000d 10000 100 118412 4764000 341344 48305
0a010008 0a08000f 10000 100 65453 4797000 308522 30820
0a0b0014 0a090009 10000 100 871633 2102999 3003638 297062
0a020012 0a030011 10000 100 1574003 2439000 2667861 529008
0a070010 0a000018 10000 100 702892 3328999 1778602 241329
0a060002 0a0b000c 10000 100 84922 4746000 361716 37250
0a04001e 0a00001c 10000 100 2194482 1124999 3982902 733905
0a0a001a 0a06000d 10001 100 225917 4526999 581476 83812
0a070010 0a05001e 10000 100 102419 4922000 187600 43033
0a070007 0a020009 10000 100 62041 4863000 249401 29698
0a03001b 0a0a0015 10000 100 81416 4882000 230939 36097
0a0a001a 0a00000d 10000 100 76046 4700000 413177 34318
0a05001c 0a06001d 10000 100 44495 4943999 172179 23899
0a0b000c 0a08001f 10000 100 79317 4924000 193310 35395
0a0a0014 0a030013 10000 100 50312 4761999 355383 25822
0a01001b 0a05000d 10000 100 311031 4041999 1077929 111924
0a000018 0a0a0012 10000 100 203370 4253999 867329 76367
0a070003 0a07001d 10000 100 459720 3922000 1199804 156785
0a03001d 0a080011 10000 100 1593909 2997000 2125428 535578
0a0a000e 0a060010 10000 100 44950 4954000 169350 24044
0a0b000a 0a0a0014 10000 100 40415 4982000 141558 22547
0a040015 0a090020 10000 100 133895 4568000 556881 53428
0a010015 0a03001c 10000 100 45075 4885999 238902 24100
0a050017 0a0b0017 10000 100 64895 4910000 215785 30642
0a08001f 0a010016 10000 100 76829 4950999 175168 34584
0a020003 0a06000b 10000 100 66134 4821999 304883 31054
0a08000e 0a00001c 10000 100 876941 3740999 1385885 298806
0a07000e 0a090019 10001 100 38601 4751000 375975 21951
0a030003 0a0b0009 10000 100 2255371 608000 4521394 754020
0a000003 0a030015 10000 100 848035 2379000 2751300 289264
0a040019 0a07000d 10000 100 91879 4603000 527619 39553
0a010012 0a0b0019 10000 100 56225 4985999 145721 27775
0a0a000d 0a0a0009 10000 100 824868 2680999 2451082 277365
0a07001f 0a06000f 10000 100 1653787 232999 4900138 555353
0a070018 0a060010 10000 100 75080 4760999 373013 34008
0a0b0002 0a040018 10000 100 580714 4179999 955758 200988
0a080007 0a040012 10000 100 461955 3572000 1563884 161756
0a030019 0a00000d 10000 100 51360 4859999 276411 26172
0a05000d 0a070016 10000 100 1826810 885000 4252753 612487
0a0b000b 0a0b0004 10000 100 885634 2664999 2474390 297440
0a000019 0a000005 10000 100 1954182 3432999 1707218 650312
0a020007 0a05000e 10000 100 1710075 13999 5128527 573949
0a040019 0a040009 10000 100 53190 4921000 222819 22533
0a08001c 0a05000a 10000 100 72860 4930000 213871 33267
0a060008 0a00001a 10000 100 93803 4688000 455946 40184
0a040005 0a000007 10000 100 32122 4984999 159291 19816
0a030003 0a060013 10000 100 91967 4721999 423045 39581
0a020010 0a000007 10000 100 589255 4303999 841354 203798
0a01000f 0a040015 10000 100 83387 4708000 439331 36744
0a0b000a 0a010005 10000 100 78030 4976000 171563 34983
0a060010 0a010018 10000 100 44364 4998999 148668 23857
0a050020 0a08000c 10000 100 38950 4959999 188004 22063
0a0a0015 0a07000c 10000 100 87957 4715999 432869 38252
0a0a0008 0a040009 10000 100 99973 4721999 427165 42220
0a070019 0a000017 10000 100 61718 4918999 231039 29594
0a040004 0a050012 10000 100 1857645 366999 4783582 622677
0a090010 0a0a001b 10000 100 359392 3644999 1505978 127891
0a09001b 0a0a0015 10001 100 72635 4849000 302075 33195
0a010017 0a0a0015 10000 100 442510 3670999 1480826 155349
0a010008 0a040018 10000 100 1616963 2083000 3071816 543186
0a06001b 0a090007 10000 100 104129 4623000 533341 43596
0a050010 0a07000c 10000 100 455482 3433999 1723275 159623
0a030008 0a03000f 10000 100 1768961 3206000 1951556 589152
0a0a000b 0a08000d 10000 100 62332 4964999 193623 29791
0a020011 0a07000e 10000 100 32061 4832000 329261 19797
0a09001f 0a0b0020 10000 100 42898 4982999 179876 23372
0a06001f 0a08001d 10000 100 48895 4988000 175628 25353
0a03000b 0a07001f 10000 100 725091 2213999 2951317 248663
0a07000a 0a01001c 10000 100 692373 3736999 1429700 237855
0a060016 0a0b001b 10000 100 47578 4980000 187399 24916
0a03001a 0a000010 10000 100 541539 3872000 1298057 188052
0a08001c 0a050014 10000 100 70310 4865000 305082 32421
0a0b000c 0a07000e 10000 100 44560 4787999 382888 23920
0a02001c 0a080012 10000 100 1975992 1794999 3375923 661761
0a0a0015 0a060017 10000 100 32225 4962000 209788 19849
0a0b001e 0a060013 10000 100 104358 4840999 331484 43669
0a010006 0a06000a 10000 100 525658 3380999 1791801 182801
0a050001 0a080018 10000 100 210062 4026000 1148172 78585
0a07000e 0a07001a 10000 100 75774 4774999 400084 29991
0a05001b 0a070008 10000 100 2382234 154999 5021855 795921
0a040014 0a01000b 10000 100 1895986 3338999 1837864 635330
0a0b000f 0a06000d 10000 100 124376 4767999 409760 50275
0a04000a 0a02001b 10000 100 59579 4969999 207937 28879
0a040019 0a050004 10000 100 52383 4876000 303466 26500
0a08001f 0a0a0016 10000 100 89938 4983999 196014 38901
0a07001e 0a050002 10000 100 659454 3827000 1355185 226983
0a050008 0a0b0008 10000 100 1038098 3406000 1779697 352035
0a080020 0a030006 10000 100 39055 4938999 247491 22112
0a06001c 0a07000b 10000 100 598609 3825999 1361597 206898
0a030020 0a09001c 10000 100 1009840 2151000 3037203 342701
0a080011 0a030013 10000 100 37435 4944999 243720 21563
0a0b0014 0a060013 10000 100 86146 4930999 258909 37657
0a07001b 0a0b0002 10000 100 90783 4904999 287254 39187
0a090012 0a06000f 10000 100 93091 4840999 352872 39956
0a06001b 0a0a0002 10000 100 100260 4862000 333790 42312
0a0a0019 0a050019 10000 100 101233 4929000 267337 42639
0a0a0002 0a080009 10001 100 74241 4856000 340423 33725
0a09000b 0a00001a 10001 100 524985 2809999 2386428 182571
0a03001f 0a03001c 10000 100 2059778 3455999 1740847 685193
0a030008 0a06000b 10000 100 770672 3076000 2121560 263710
0a0a001f 0a000009 10000 100 31977 4883000 315399 19770
0a050020 0a030019 10000 100 905414 3314000 1884904 308209
0a090012 0a0b0020 10000 100 44418 4995999 203912 23874
0a05001e 0a0a001a 10000 100 104766 4788999 413847 43800
0a040007 0a000018 10000 100 84372 4716999 485902 37074
0a06001a 0a050015 10000 100 57478 4852999 350461 28192
0a08000c 0a000002 10000 100 951570 1946999 3256912 323456
0a040014 0a05001a 10000 100 745354 3663000 1541479 255347
0a06001d 0a07000d 10000 100 59897 4891000 313836 28981
0a060020 0a020010 10000 100 1692794 1085000 4121138 568235
0a02000b 0a0a001a 10000 100 922546 2439000 2767704 313876
0a0a001b 0a070014 10000 100 82859 4922000 285064 36575
0a060016 0a050012 10000 100 59228 4884000 324197 28767
0a01000a 0a040014 10000 100 428909 4422999 786212 150843
0a01000e 0a080002 10000 100 184351 4713000 498538 70081
0a060016 0a090013 10000 100 852400 2337999 2874177 290707
0a050003 0a090006 10000 100 937615 1771000 3441384 318852
0a04001a 0a00000f 10000 100 63302 4959999 252387 30117
0a02000b 0a010010 10000 100 64316 4957999 256435 30441
0a08000b 0a010010 10000 100 800811 3318000 1896714 273661
0a05001c 0a07000f 10000 100 80759 4970999 244485 35872
0a050011 0a02000b 10000 100 1011675 1655000 3560501 343304
0a090005 0a0a0015 10000 100 78737 4866999 348713 35209
0a070017 0a09001b 10000 100 80387 4963000 253381 35753
0a03001a 0a040010 10000 100 1775198 1351999 3865383 595449
0a08000c 0a020007 10000 100 54327 4902000 315732 27152
0a000002 0a020005 10000 100 1844204 1348999 3870087 618238
0a0b000a 0a08000f 10000 100 104022 4956999 263234 43562
0a070018 0a0a0019 10000 100 66672 4902000 318629 31226
0a020007 0a060003 10000 100 250171 4259999 961625 91819
0a0a0015 0a03001f 10000 100 63843 4893999 329745 30290
0a07000e 0a030008 10000 100 32395 4840999 382839 19904
0a070018 0a020020 10000 100 43289 4971999 252794 23497
0a03000b 0a060007 10000 100 414593 3468000 1758395 146124
0a0b001d 0a0b001c 10000 100 638627 3983999 1242944 215864
0a030005 0a080005 10000 100 93031 4754000 473017 39937
0a030009 0a010009 10000 100 178613 4577999 652065 68199
0a00000f 0a090005 10000 100 104374 4773999 457127 43674
0a04000a 0a000019 10000 100 609789 3171999 2059302 210584
0a040012 0a090010 10000 100 96395 4768999 469339 41044
0a00001d 0a08000e 10000 100 846423 2118000 3123447 288733
0a060013 0a09001e 10000 100 430980 4020000 1224523 151537
0a0b0001 0a06000c 10000 100 110083 4954000 290611 45563
0a010009 0a080001 10000 100 166528 4564000 682337 64209
0a05001d 0a070005 10000 100 97262 4747000 500639 41322
0a040018 0a0b0019 10000 100 890681 3363000 1886083 303341
0a030013 0a000009 10000 100 35536 4969000 281641 20940
0a020002 0a010014 10000 100 814068 2076000 3175630 278042
0a010003 0a00000d 10000 100 56441 4917000 338569 27844
0a020019 0a000020 10000 100 2510485 2157000 3101558 838267
0a000011 0a060007 10000 100 1768888 1144999 4113694 593368
0a000007 0a050018 10000 100 97519 4969999 290519 41419
0a070014 0a070005 10000 100 567904 4405000 858973 192510
0a020019 0a0a0001 10000 100 505748 4349999 914349 176231
0a030003 0a010012 10000 100 340558 4584999 680247 121680
0a070012 0a000006 10000 100 745700 3497999 1767338 255473
0a07000b 0a04000e 10000 100 129633 4754999 514362 52018
0a040002 0a010017 10000 100 444439 3758000 1512747 155982
0a01001c 0a040003 10001 100 1020323 3429999 1842345 346163
0a010009 0a060009 10000 100 67911 4832999 441932 31638
0a010020 0a07000e 10000 100 67439 4833999 448749 31471
0a0a0012 0a030018 10000 100 372181 3755000 1527822 132122
0a000002 0a080008 10000 100 672649 2961000 2323764 231344
0a070010 0a0b0012 10001 100 101360 4994000 291008 42679
0a0a0018 0a0b0007 10000 100 89163 4871999 414231 38653
0a01000d 0a020008 10000 100 73345 4936000 354475 33423
0a040018 0a050008 10000 100 1820934 1355000 3938523 610545
0a05000a 0a090003 10000 100 553552 4817000 476785 192019
0a060018 0a07001a 10000 100 1043439 2880999 2415683 353791
0a09001d 0a01000d 10000 100 330548 4395999 904319 118369
0a09001b 0a07000f 10000 100 2291314 708999 4591933 765890
0a070004 0a06000b 10000 100 103402 4772000 531017 43348
0a0b0009 0a070017 10000 100 89646 4943000 363216 38808
0a09000b 0a01001b 10000 100 97410 4714000 593092 41369
0a09000f 0a010020 10000 100 875365 2193000 3114812 298287
0a050020 0a050013 10000 100 2509499 1585000 3723239 833696
0a02001d 0a070007 10000 100 67269 4990999 317244 31417
0a0b0012 0a020010 10000 100 199680 4505000 804614 75155
0a06001f 0a020014 10000 100 2265994 2511999 2798999 757527
0a090005 0a040007 10000 100 101235 4722999 588578 42639
0a06001b 0a0a000e 10000 100 254267 4930999 388275 93176
0a0b0009 0a090014 10000 100 795842 2374999 2945307 272025
0a020006 0a000018 10000 100 461925 3579000 1742786 161746
0a0b0004 0a06000a 10000 100 840625 1564000 3758056 286816
0a050002 0a0b0003 10000 100 187897 4697999 627099 71262
0a040017 0a0a0008 10000 100 63245 4955000 371297 30098
0a05000d 0a00001a 10000 100 1034586 1157999 4169553 350865
0a01000f 0a060009 10000 100 401092 3784000 1547497 141665
0a020013 0a020018 10000 100 1755869 2841000 2495025 584824
0a01000c 0a04001f 10000 100 2062060 867999 4468974 690179
0a090002 0a080009 10000 100 350921 4434999 905101 125088
0a03000c 0a090012 10000 100 681334 4008000 1333313 234215
0a060005 0a020011 10000 100 1819852 164999 5177252 610199
0a0a001c 0a060017 10000 100 2266753 409999 4932966 757785
0a050008 0a0b0013 10000 100 1554994 1533000 3812723 522726
0a020005 0a090019 10000 100 550721 3488000 1858808 191083
0a0b0020 0a0a0012 10000 100 399468 4353000 994381 141130
0a030017 0a010019 10000 100 57761 4924000 425302 28282
0a090008 0a03001c 10000 100 460693 4055999 1294534 161352
0a00000b 0a080014 10000 100 1763579 1335999 4016487 591608
0a080012 0a090005 10000 100 708992 2605999 2748558 243342
0a0a0005 0a050012 10000 100 94416 4839999 515963 40380
0a000007 0a09001b 10000 100 1577463 1198000 4158187 530146
0a040003 0a0a0015 10000 100 521061 3618999 1748062 181284
0a000015 0a080012 10000 100 935510 3689000 1679310 318147
0a03001e 0a0a000c 10000 100 857569 2249000 3120620 292408
0a08001b 0a01001f 10001 100 1818018 2553000 2817053 609597
0a010007 0a0b0013 10000 100 967544 2151999 3220144 328736
0a06000e 0a080012 10000 100 368610 4675999 697838 130933
0a09001d 0a010011 10000 100 99654 4970999 403448 42118
0a06000e 0a0b001c 10000 100 1599588 90999 5283883 537457
0a0b000f 0a08000f 10000 100 855771 3043000 2333579 291817
0a09000a 0a02000e 10000 100 99912 4904000 472594 42200
0a020018 0a060011 10000 100 888907 3122000 2254769 302758
0a08001b 0a050004 10000 100 602899 4022000 1357368 208302
0a090003 0a040012 10000 100 917936 3180999 2198773 312339
0a060002 0a010018 10000 100 982340 4477000 904627 333609
0a02001f 0a090005 10000 100 75760 4827999 561639 34226
0a060004 0a0a000f 10000 100 242266 4682000 710627 89213
0a00000c 0a060009 10000 100 334713 3436999 1959084 119748
0a030006 0a080015 10000 100 465609 4133999 1262237 162971
0a0b0005 0a050007 10000 100 503842 4556000 841540 175590
0a0b0011 0a090011 10000 100 686163 3004000 2396033 235807
0a090012 0a020020 10000 100 934401 3034999 2365203 317777
0a050005 0a040002 10000 100 598425 2580999 2822115 206824
0a000018 0a02001f 10000 100 900865 1814000 3591202 306708
0a09000b 0a05000b 10000 100 68001 4997999 407468 31666
0a00001c 0a05001a 10000 100 440915 4765000 640806 154808
0a070011 0a000008 10000 100 169262 4767999 638643 65099
0a06000a 0a00001a 10000 100 751844 1978000 3432181 257500
0a0b0007 0a00001d 10000 100 1022746 1979999 3434931 346954
0a000007 0a000002 10000 100 845156 3397999 2027636 284072
0a040012 0a000004 10000 100 73958 4910000 517524 33634
0a06001f 0a020002 10001 100 99342 4989999 449667 42018
0a010007 0a070013 10000 100 429935 3853000 1588326 151187
0a060003 0a090010 10000 100 323224 4407000 1034899 115949
0a090014 0a080010 10000 100 1031157 2237999 3207058 349737
0a09000c 0a040018 10000 100 202411 4773000 677505 76045
0a020011 0a0a0010 10000 100 183232 4900999 551353 69723
0a040007 0a0a000b 10000 100 307775 4015999 1438313 110852
0a02000a 0a040015 10000 100 513871 3458000 1997542 178907
0a000011 0a08000d 10000 100 365702 4666000 792553 129972
0a010018 0a030006 10000 100 696736 3585000 1875888 239297
0a02000b 0a010015 10000 100 1606379 1616999 3848873 539691
0a05000a 0a02001c 10000 100 1558401 1712999 3753062 523847
0a000002 0a090016 10000 100 1696862 1670999 3800461 569583
0a000006 0a010002 10000 100 841669 2599000 2879166 287166
0a00001e 0a0a0008 10000 100 883917 3286999 2193287 301115
0a03000f 0a030019 10000 100 1992887 2850999 2630206 663097
0a070012 0a01001d 10000 100 1552903 2056000 3425337 522041
0a0a000f 0a04001e 10000 100 1020997 3259000 2225888 346379
0a060009 0a06001c 10000 100 948925 3180000 2306326 318338
0a0b0003 0a050017 10000 100 2581508 2846000 2643191 861732
0a0b001e 0a02001c 10000 100 352353 4471000 1024358 125562
0a00000f 0a040017 10000 100 1639308 222999 5274676 550567
0a0a001e 0a02001e 10000 100 986192 3647000 1856232 334888
0a0b0013 0a010011 10000 100 369737 4046000 1458902 131309
0a020009 0a0a000f 10001 100 966185 2088000 3419601 328286
0a06001d 0a0a0016 10000 100 963947 2658999 2852090 327539
0a080014 0a0b0001 10000 100 604584 3214999 2296395 208872
0a010008 0a05001e 10000 100 944789 2956999 2555886 321209
0a02000d 0a0b0014 10000 100 966705 2112999 3400282 328452
0a00001f 0a040002 10000 100 1625573 4250000 1268294 546033
0a010019 0a00000e 10000 100 100207 4916000 603012 42295
0a010020 0a060006 10000 100 304805 4335999 1184036 109871
0a060014 0a080019 10000 100 1601559 1582000 3940168 538103
0a010010 0a020019 10000 100 1869015 1518999 4004371 626438
0a06000c 0a00000e 10000 100 632161 3098000 2427318 217973
0a040010 0a070010 10000 100 2082325 3611000 1921457 696879
0a0a0002 0a080001 10000 100 1725443 199000 5334341 579021
0a00001d 0a020001 10000 100 664098 3374999 2160353 228515
0a08001a 0a0b0013 10001 100 187390 4630999 906371 71084
0a06001a 0a080016 10000 100 2456306 386999 5152359 820377
0a060009 0a060017 10000 100 1990842 1935000 3604917 662427
0a0b0018 0a0a000b 10000 100 1664140 3583999 1958496 558774
0a050002 0a000006 10000 100 1711280 1789999 3754300 574335
0a060003 0a0a001a 10000 100 158911 4864000 685273 61679
0a00000c 0a040003 10000 100 438167 4446000 1105311 153913
0a0a000d 0a0b0013 10000 100 1667891 506000 5045472 560005
0a0b0018 0a0a000c 10000 100 959356 3059000 2493385 326024
0a060011 0a06000b 10000 100 2289318 3857000 1697977 760996
0a0a0014 0a030005 10000 100 2111010 1981999 3573933 706350
0a010008 0a000019 10000 100 766565 3252000 2304784 262365
0a000007 0a0b0017 10000 100 1787485 2122999 3435383 599504
0a080016 0a050020 10000 100 1858919 94999 5464725 623100
0a040010 0a080005 10000 100 907101 1866999 3696112 308765
0a030020 0a0b0020 10000 100 2385174 805999 4760549 796893
0a050016 0a010018 10000 100 413904 4713000 857260 145888
0a020013 0a07000b 10000 100 894020 3013000 2558599 304456
0a070002 0a06000a 10000 100 980248 2001999 3572962 332924
0a02000d 0a0b0013 10000 100 398042 4762999 813865 140659
0a05000d 0a070015 10000 100 100687 4931999 647509 42464
0a06000f 0a040011 10000 100 176195 4804000 776244 67394
0a0b0014 0a080004 10000 100 1583258 1253999 4327309 532062
0a040002 0a090011 10000 100 142594 4982999 598535 56304
0a050012 0a080005 10000 100 873447 2873000 2709473 297657
0a09000e 0a05001b 10000 100 292521 4956999 629975 105817
0a0b001f 0a00001d 10000 100 1668767 2658000 2933187 560301
0a030019 0a04000a 10000 100 370301 4353000 1241718 131490
0a020004 0a0b0014 10000 100 241470 4676999 919313 88943
0a000005 0a060015 10000 100 953626 3200000 2397656 324129
0a07001f 0a09000f 10000 100 453318 4334000 1266979 158915
0a00001a 0a0b000a 10000 100 1025011 2279000 3323200 347709
0a02000a 0a020010 10000 100 454619 4991999 615765 155107
0a050014 0a050011 10000 100 1953748 4042999 1568220 650173
0a020008 0a070004 10000 100 1670908 1923999 3687308 561001
0a000019 0a040005 10000 100 1947181 384999 5228819 652250
0a07000f 0a08000a 10000 100 655911 3668999 1947626 225819
0a020006 0a010003 10000 100 2576030 241999 5376343 859918
0a00000c 0a050005 10000 100 823181 3034999 2595107 281050
0a0a001e 0a0a0019 10000 100 751009 4046000 1584436 252978
0a0a000c 0a0a0001 10000 100 2154176 2926000 2705210 716368
0a07001b 0a02001f 10000 100 480684 3289999 2342372 167949
0a080013 0a010020 10000 100 2033386 2543999 3090612 680711
0a01000d 0a0b000e 10000 100 1022055 3312999 2321820 346733
0a06000f 0a050010 10000 100 1568622 487999 5149064 527225
0a0b0016 0a000005 10000 100 724100 2932999 2704984 248330
0a000013 0a010012 10000 100 1607040 1737999 3909306 539918
0a02001c 0a09000c 10000 100 2118118 545000 5103704 708701
0a060019 0a050010 10000 100 849517 4125000 1524916 289754
0a060006 0a05001f 10000 100 2262808 469999 5184404 756476
0a000007 0a0b0010 10000 100 442002 4259999 1394493 155171
0a080015 0a010017 10000 100 1828222 422000 5237183 612954
0a060008 0a080020 10000 100 995697 1842000 3817967 338022
0a020006 0a010013 10000 100 1874391 328000 5341048 628205
0a010009 0a0a0004 10000 100 2064252 2843000 2829259 690911
0a000008 0a0b0004 10000 100 561742 4004999 1676254 194717
0a030010 0a040019 10000 100 1038023 2250999 3431025 352011
0a09000d 0a05001c 10000 100 567948 4199999 1486136 196764
0a02000e 0a060005 10000 100 2043884 1753000 3938196 684178
0a080003 0a030018 10000 100 2389158 1299999 4392282 798199
0a040003 0a02000c 10000 100 1865502 1892000 3810227 625268
0a010014 0a0a0007 10000 100 931210 2521999 3182772 316725
0a04000f 0a0a001b 10000 100 274828 4959999 744943 99971
0a070018 0a020018 10000 100 1611380 1397000 4311700 541353
0a0a0014 0a0b001e 10000 100 299391 4555000 1156264 108077
0a0a0009 0a060002 10000 100 2506853 438000 5273388 837074
0a01001d 0a09001e 10000 100 2314385 507999 5203788 773503
0a030008 0a030006 10000 100 2165226 3131999 2586265 720012
0a0b0004 0a07000f 10000 100 1827965 199999 5520479 612872
0a0a0012 0a05000a 10000 100 639438 3664000 2061852 220378
0a04001e 0a010006 10000 100 1570692 555000 5173039 527918
0a0a0016 0a04001d 10000 100 749053 3543999 2184999 256576
0a03001c 0a050002 10000 100 201794 4779000 951332 75847
0a0a0008 0a010008 10000 100 416231 4648000 1082776 146664
0a02001b 0a05000d 10000 100 813962 2668999 3065691 278008
0a02000b 0a020013 10000 100 2112866 3207999 2527003 702719
0a0b0002 0a05001b 10000 100 1777061 3749000 1987093 596061
0a030010 0a010005 10000 100 381854 4513999 1225400 135310
0a030016 0a000002 10000 100 346897 4884999 858252 123770
0a01000d 0a010009 10000 100 1813171 3263999 2480635 603744
0a020008 0a0a0001 10000 100 1648115 576000 5168784 553477
0a0a0003 0a060006 10000 100 2118223 675000 5071591 708735
0a01001a 0a08000a 10000 100 473391 4340000 1407541 165538
0a000010 0a09000c 10000 100 703076 2978000 2772170 241388
0a0a000d 0a040011 10001 100 219754 4837000 916639 81779
0a070012 0a060004 10000 100 1773615 4026000 1732614 594927
0a0b001d 0a000003 10000 100 471330 4839999 920332 164864
0a020017 0a060013 10001 100 741772 4001000 1759366 254170
0a010020 0a090015 10000 100 1602413 3449999 2312476 538392
0a060008 0a080009 10000 100 812991 3743999 2021949 277682
0a070009 0a0b001a 10000 100 1687597 378999 5391705 566526
0a0b000a 0a08000c 10000 100 574410 4433999 1337251 198894
0a0a0003 0a06000e 10000 100 999824 2271000 3500357 339388
0a000011 0a08000c 10000 100 795155 3356000 2418285 271805
0a020017 0a030006 10000 100 820178 2461000 3313344 280058
0a0a0010 0a0a0012 10000 100 2240583 3652999 2122190 744894
0a07000d 0a07000c 10000 100 2339079 2190999 3585224 777426
0a01000f 0a010013 10000 100 2192111 3431000 2345724 728891
0a02001d 0a00001e 10000 100 880376 3147000 2634071 299936
0a06001b 0a01000d 10000 100 849614 2945999 2836134 289785
0a0b0009 0a0a0010 10000 100 1926509 1677000 4105560 645420
0a01001f 0a0a0014 10000 100 2163688 952000 4832042 723744
0a010015 0a040002 10000 100 302289 4741999 1042125 109035
0a0a000a 0a06000c 10000 100 767463 4538000 1246775 262652
0a04001c 0a010001 10000 100 695708 4817000 973440 238953
0a090014 0a080006 10000 100 749026 2779999 3011492 256568
0a00001c 0a00000d 10000 100 2124056 2082000 3709807 706423
0a05001c 0a050006 10000 100 2420903 3485999 2312478 804440
0a05001b 0a09001d 10000 100 1683088 576000 5228126 565037
0a040012 0a050008 10000 100 738056 3040000 2765047 252950
0a03001c 0a08000a 10000 100 681883 2582000 3223539 234391
0a08000e 0a07001c 10000 100 1650975 828999 4978432 554423
0a0a0019 0a050011 10000 100 970896 3972999 1838869 329840
0a0a0016 0a0a0003 10001 100 2137496 2932999 2884523 710846
0a050009 0a06001e 10000 100 768608 3729000 2091350 263034
0a090015 0a050009 10000 100 2299409 1454999 4365533 768557
0a020003 0a0b0006 10000 100 656302 4205000 1616615 225944
0a05001c 0a030015 10000 100 1658992 2479999 3348284 557065
0a04000b 0a020005 10000 100 2006845 790000 5039553 671942
0a000003 0a06001b 10000 100 1946783 644000 5186478 652107
0a030013 0a090004 10000 100 94402 3305000 2527865 40376
0a0b0020 0a06000f 10000 100 1797712 783999 5052342 602884
0a030002 0a060003 10000 100 712651 3943000 1895634 244559
0a0b0020 0a010013 10000 100 335176 4833999 1008903 119896
0a05001c 0a07000c 10000 100 1880417 411000 5436238 630194
0a08001c 0a04000c 10000 100 1583975 1106999 4746833 532292
0a050006 0a010004 10000 100 470871 4982999 876000 164701
0a090020 0a04000b 10000 100 2240292 348000 5514464 749041
0a030016 0a0a000a 10000 100 690405 4328000 1539378 237210
0a07001c 0a09000c 10000 100 1014728 3559999 2308304 344311
0a040010 0a06001c 10000 100 443251 4551000 1318601 155586
0a08001c 0a02000f 10000 100 467580 4774999 1096193 163617
0a070005 0a0b000e 10000 100 1816107 681999 5191263 608955
0a040013 0a09001b 10000 100 877046 2537999 3335899 298840
0a010017 0a070017 10001 100 925068 4193999 1680195 314698
0a080004 0a080006 10000 100 2175301 4773000 1101505 723343
0a020008 0a010006 10000 100 1855631 1531999 4351199 622017
0a0a0003 0a02000b 10000 100 1949927 31999 5858448 653144
0a05000d 0a0a0001 10000 100 549737 3884999 2007611 190752
0a01000e 0a0a0006 10000 100 1719961 2242000 3651514 577205
0a070001 0a010003 10000 100 1688950 783999 5114931 566959
0a000017 0a0b0014 10000 100 635147 3782999 2117148 218959
0a0a000f 0a0a001a 10000 100 2100083 3135999 2765775 698505
0a02000c 0a08000c 10000 100 879361 3642999 2260889 299611
0a020005 0a02000e 10000 100 1593648 3018999 2885377 531255
0a060006 0a09000f 10000 100 773399 4905999 999639 264613
0a09001d 0a010006 10000 100 1047686 2459999 3448924 355196
0a01000c 0a080015 10000 100 1734828 225999 5685421 582116
0a02000b 0a0b0015 10000 100 627760 4798000 1115609 216519
0a000020 0a09001e 10000 100 498464 4774999 1141780 173823
0a08000c 0a060016 10000 100 550250 4008000 1911930 190917
0a080013 0a08001d 10000 100 903535 4621000 1299626 303353
0a03001e 0a090019 10000 100 891198 3484000 2436972 303522
0a090016 0a070017 10000 100 991654 2870999 3059286 336697
0a080019 0a090017 10000 100 1555413 116000 5824452 522860
0a090012 0a070019 10000 100 460530 4349999 1590531 161300
0a030020 0a000018 10000 100 713345 3798000 2145564 244781
0a090004 0a0b0016 10000 100 46172 4741999 1204269 24451
0a070018 0a040006 10000 100 1911681 926999 5019597 640521
0a0a0018 0a080011 10000 100 793248 4014000 1933052 271164
0a070005 0a060004 10000 100 1045795 4114999 1833372 354575
0a070008 0a010008 10000 100 295426 4734000 1216703 106762
0a000015 0a02000d 10000 100 937038 1897000 4054680 318652
0a090014 0a050019 10000 100 1728944 132000 5822852 580172
0a080008 0a06001d 10000 100 1759647 304999 5651254 590319
0a070006 0a060001 10000 100 882717 4499000 1462155 300716
0a04001c 0a070014 10000 100 1876076 31999 5931109 628759
0a0a0011 0a010004 10000 100 1869848 1876000 4087703 626705
0a0b0020 0a010015 10000 100 714626 4878000 1089556 245207
0a04001d 0a080007 10000 100 1712770 2723999 3243828 574827
0a020020 0a0b000f 10000 100 2284865 1103000 4866123 763765
0a080013 0a04001d 10000 100 798795 4081999 1888505 273001
0a0a0015 0a00000c 10000 100 2300470 210000 5761276 768912
0a030018 0a0a0004 10000 100 1687838 724000 5260223 566603
0a040004 0a000002 10000 100 1834278 1722999 4263241 614954
0a03001b 0a050003 10000 100 466826 4546999 1441273 163376
0a0b001d 0a040013 10000 100 505853 4151000 1844826 176264
0a0b0013 0a04000e 10000 100 708640 3291000 2706240 243230
0a0a001e 0a09000d 10001 100 388375 4985999 1011541 137458
0a050013 0a0a0017 10000 100 974893 2903000 3096851 331149
0a080016 0a050010 10000 100 1880624 2200000 3804105 630261
0a02000a 0a080018 10000 100 1954435 1484000 4526236 654633
0a05000a 0a0b001a 10000 100 1625520 1711999 4299686 546016
0a01000d 0a030013 10000 100 2067643 197999 5813782 692027
0a07001c 0a060013 10000 100 2296085 3562000 2451464 767463
0a05001a 0a05001f 10000 100 515276 4774999 1240125 175132
0a000001 0a0a0007 10000 100 2027343 1219000 4798450 678716
0a0b0010 0a08000b 10000 100 769463 3902000 2117627 263307
0a01001a 0a020017 10001 100 919442 4460000 1559669 312837
0a07001a 0a050007 10000 100 1839752 319000 5701411 616767
0a05000e 0a06000b 10000 100 1852364 2353000 3668255 620926
0a010007 0a000012 10000 100 843055 3344999 2681186 287625
0a070005 0a040020 10000 100 593632 4192999 1837378 205244
0a000018 0a08001d 10000 100 2060060 460999 5576225 689523
0a06000b 0a050003 10000 100 977232 4027000 2010627 331928
0a060006 0a090005 10000 100 778410 3343000 2695482 266263
0a06001f 0a0b0008 10000 100 1702346 3517999 2525480 571384
0a050003 0a020017 10000 100 2287231 1476000 4568127 764537
0a010016 0a0b0015 10000 100 1778793 861000 5184244 596630
0a0a0013 0a070014 10000 100 1892997 415000 5631629 634343
0a020006 0a06000b 10000 100 918979 3550999 2496980 312688
0a020002 0a0a000a 10000 100 358587 4474999 1574349 127634
0a030017 0a060004 10000 100 522011 3118000 2932825 181604
0a0b0020 0a0b0017 10000 100 981544 4870000 1184170 329114
0a020009 0a02000e 10000 100 2184213 4390999 1668175 726287
0a05001d 0a030001 10000 100 695928 3671999 2389326 239024
0a08000d 0a07000b 10000 100 2009788 2422999 3639046 672914
0a080008 0a060019 10000 100 433648 4878000 1184050 152421
0a040007 0a010001 10000 100 1822553 737000 5326941 611094
0a00000d 0a070006 10000 100 1793097 723000 5344858 601361
0a030006 0a090020 10000 100 1826429 1445000 4627210 612365
0a06000c 0a00001e 10000 100 779042 4065000 2010103 266480
0a010002 0a040018 10000 100 1598563 1111999 4965485 537113
0a030010 0a050009 10000 100 1691913 488999 5593507 567938
0a0b0004 0a09000a 10000 100 856045 3926999 2159717 291904
0a0a0007 0a080002 10000 100 1923950 413999 5676940 644570
0a040001 0a08000e 10000 100 872849 4628000 1464288 297451
0a0b0004 0a04000a 10000 100 1839898 1719000 4374195 616814
0a000011 0a020016 10000 100 907500 4043999 2049632 308892
0a04001b 0a030002 10000 100 571330 4035999 2061629 197877
0a09001f 0a000017 10000 100 1584495 4700000 1399511 532473
0a050016 0a070009 10000 100 2290484 1294000 4806363 765609
0a020011 0a00000c 10000 100 2504414 652000 5449213 836263
0a03000a 0a000019 10000 100 1618895 4184000 1918726 543835
0a00000a 0a09000d 10000 100 1826518 364999 5738554 612394
0a0b000f 0a020008 10000 100 1575264 2697000 3408784 529427
0a01001c 0a090011 10000 100 855717 3742999 2363284 291800
0a0a0010 0a04001b 10000 100 499562 4869000 1238532 174190
0a0b001b 0a040016 10000 100 1941782 3449999 2662693 650461
0a05001d 0a000009 10000 100 488149 3993000 2120463 170415
0a09001c 0a020020 10000 100 1992672 1093000 5022779 667268
0a0a0010 0a0a001f 10000 100 1760253 3593999 2523324 586273
0a040002 0a000016 10000 100 1901885 480000 5641156 637279
0a070014 0a090008 10000 100 1711925 402000 5721274 574557
0a0a000d 0a0a0018 10000 100 1702581 2112000 4016176 567234
0a09000d 0a0b0016 10000 100 665531 4359000 1769729 228989
0a09000f 0a08001f 10000 100 813337 3066999 3064203 277808
0a03000a 0a05001a 10000 100 1647712 1271999 4859924 553348
0a04000a 0a02000f 10000 100 1720852 498999 5633789 577505
0a030017 0a0b0005 10000 100 1841497 721999 5412616 617341
0a040012 0a0a0011 10000 100 796525 3484999 2651961 272259
0a010020 0a06001b 10000 100 883757 3664999 2475242 301064
0a0a000f 0a090017 10000 100 1626865 1474999 4667756 546462
0a030004 0a0b0018 10000 100 677571 3989000 2156838 232965
0a0b0006 0a0a000b 10000 100 447699 4885999 1260674 157056
0a000011 0a070018 10001 100 790317 4549000 1598265 270196
0a01000a 0a00000d 10000 100 417328 4995000 1152364 147030
0a060007 0a07000c 10000 100 2320982 1363000 4786187 775691
0a020018 0a060003 10000 100 1553705 241000 5908217 522298
0a0b000b 0a06000c 10000 100 840667 3109999 3043253 286830
0a060001 0a0a001c 10000 100 1668241 440000 5715292 560132
0a070008 0a04000a 10000 100 1628858 3041999 3118504 547115
0a0a0008 0a010007 10000 100 1878030 738999 5422026 629415
0a0b0016 0a08001f 10000 100 1616445 1010999 5151749 543020
0a00000a 0a090011 10000 100 1743519 237999 5925539 584989
0a040001 0a030007 10000 100 1828566 2439000 3725213 613080
0a0a000d 0a080002 10000 100 982339 2507000 3658101 333609
0a090014 0a0b000d 10000 100 754933 3406999 2759334 258520
0a0b001c 0a05000c 10000 100 579960 3836000 2334126 200731
0a04000e 0a040016 10000 100 1692397 1881000 4291299 563868
0a030016 0a060008 10000 100 1635072 235999 5938853 549180
0a0b0019 0a0b001a 10000 100 1693812 4329000 1847293 564336
0a050010 0a01001a 10000 100 481814 4422999 1756857 168326
0a010011 0a070012 10000 100 1655079 1103999 5078714 555782
0a0b0013 0a05000e 10000 100 622862 4441999 1741380 214905
0a070020 0a010020 10000 100 1772895 253999 5930857 594681
0a06000c 0a09000f 10000 100 619462 4538999 1647192 213771
0a03001c 0a090002 10000 100 1679743 384000 5802199 563920
0a06001a 0a020002 10000 100 1652960 1204999 4981234 555073
0a070009 0a08001d 10000 100 1550196 386000 5800328 521144
0a060014 0a08001c 10000 100 1924933 1876999 4314860 644900
0a080009 0a00001e 10000 100 1814403 1988000 4204526 608394
0a08001a 0a08000a 10000 100 771690 2805999 3388069 259811
0a0a000f 0a010018 10000 100 2295349 1000999 5194633 767227
0a0b000d 0a050012 10000 100 1671913 574999 5623084 561338
0a08001a 0a000005 10000 100 436398 4199999 2005832 153317
0a0a0005 0a0b0014 10000 100 1601783 943999 5271110 538175
0a06000e 0a020015 10000 100 2371444 2165999 4049462 792346
0a04001f 0a00001a 10000 100 652424 4699000 1517108 224657
0a090011 0a030003 10000 100 1565484 2347999 3874764 526190
0a080015 0a0b0005 10000 100 608066 4662999 1560894 210017
0a06001c 0a030006 10000 100 606595 4518000 1705933 209531
0a020006 0a080016 10000 100 928822 3294000 2932874 315946
0a00000b 0a000013 10000 100 1817680 1276000 4950876 605233
0a090004 0a060008 10000 100 77981 4322000 1905956 34952
0a090017 0a070004 10000 100 528268 4206999 2022098 183667
0a050005 0a08001d 10000 100 1028061 1845999 4384061 348716
0a07000e 0a04001f 10000 100 2377544 159999 6072635 794375
0a000015 0a000007 10001 100 1758709 4748999 1483649 585764
0a060010 0a040007 10000 100 2525037 407000 5826414 843078
0a0b001b 0a06001c 10000 100 1845117 814000 5421537 618545
0a020007 0a080016 10000 100 1740885 4943000 1295619 584116
0a090012 0a050008 10000 100 883200 4481999 1758159 300871
0a030002 0a020002 10000 100 494814 4811000 1430840 172609
0a090014 0a050014 10000 100 1614445 549000 5693297 542365
0a020007 0a0a0002 10000 100 991444 2609999 3638542 336615
0a020011 0a070010 10000 100 911091 4968000 1281090 310088
0a0b000c 0a000017 10000 100 1681011 3814000 2435444 564342
0a04000e 0a0b0012 10000 100 1702660 894000 5356922 571500
0a08000c 0a09000c 10000 100 2370576 808000 5443781 792068
0a060012 0a030011 10000 100 649575 4466000 1787561 223730
0a05001f 0a0b0012 10000 100 852247 4177000 2079300 290658
0a050013 0a0a001f 10000 100 756103 3036000 3220718 258909
0a090004 0a050006 10000 100 61036 4333000 1925189 29361
0a0a0014 0a0a0008 10000 100 652956 4041000 2220878 220602
0a000002 0a010009 10000 100 1667905 3596999 2665886 560009
0a01001b 0a060011 10000 100 1943676 601999 5662041 651082
0a02000d 0a020020 10000 100 2253187 3860000 2409531 749065
0a090016 0a080020 10000 100 503704 4728999 1548246 175546
0a030004 0a010003 10000 100 1640214 501999 5775566 550872
0a0a001b 0a030002 10000 100 693441 4054999 2223454 238212
0a010020 0a080011 10000 100 648567 4383999 1896354 223392
0a020013 0a000003 10000 100 1803323 2748000 3533985 604741
0a0a0014 0a050019 10000 100 910151 3498999 2783654 309771
0a080008 0a060007 10000 100 1556509 514000 5770006 523226
0a010013 0a030002 10000 100 835230 4230000 2055118 285029
0a040007 0a00001d 10001 100 266796 4997999 1291032 97308
0a07001a 0a0b001d 10000 100 919161 4375000 1917161 312747
0a010017 0a07001b 10000 100 1578975 1601999 4693402 530646
0a090002 0a09001e 10000 100 912038 4722999 1572669 306166
0a03000b 0a010005 10000 100 1847661 141999 6155143 619375
0a060010 0a040020 10000 100 772712 4076999 2220605 264393
0a06001d 0a08000c 10000 100 1033657 3533999 2764852 350568
0a020003 0a030020 10000 100 2139349 761999 5537033 715710
0a000007 0a070008 10000 100 1975003 1665999 4633532 661430
0a0a0005 0a06000e 10000 100 1025216 2945000 3355132 347775
0a070002 0a000015 10000 100 885480 3706000 2595330 301631
0a050007 0a0b001d 10000 100 637743 4978999 1327631 219821
0a020002 0a0b0016 10000 100 1664676 733999 5573569 558945
0a010015 0a01000c 10000 100 1797309 3497000 2811668 598515
0a090002 0a000002 10000 100 1842035 2164000 4146017 617528
0a0b0015 0a060011 10000 100 634164 4774999 1538939 218629
0a060015 0a00001b 10000 100 1672009 4828999 1487493 561369
0a0a0008 0a000014 10000 100 455141 4498000 1821554 159514
0a020009 0a0a000f 10002 100 1008791 4856000 1469965 342350
0a0a0019 0a000004 10000 100 962125 3063999 3262173 326941
0a050012 0a080017 10000 100 1594472 1968999 4358675 535758
0a070003 0a00001d 10000 100 1002035 3830000 2499326 340127
0a020017 0a03001d 10000 100 2012469 320000 6016673 673803
0a0a0018 0a090017 10000 100 750555 3572000 2765456 257072
0a00001b 0a06001b 10000 100 2161922 632999 5704870 723164
0a000014 0a050020 10000 100 1684412 2481999 3856049 565461
0a030017 0a02000b 10000 100 584777 3167999 3172983 202319
0a08000c 0a080005 10000 100 2567051 2272000 4069439 852712
0a01000c 0a05001c 10000 100 2485859 1154000 5190114 830141
0a010013 0a06000c 10000 100 1045331 2494000 3850340 354411
0a09000f 0a030012 10000 100 1735096 2137000 4212173 582202
0a03001c 0a04000c 10000 100 777742 3445000 2905071 266049
0a0a0007 0a000006 10000 100 813779 3860000 2491004 277949
0a040015 0a02000f 10000 100 2277553 438000 5916375 761348
0a0b0014 0a000005 10000 100 1566599 3435000 2919963 526562
0a010005 0a04000e 10000 100 1648184 2350000 4008399 553499
0a080019 0a09001e 10000 100 511044 4782999 1575704 177971
0a0b000e 0a09001d 10000 100 1923109 447999 5911189 644301
0a08000b 0a0a000c 10000 100 1022660 2890000 3469874 346926
0a070004 0a0b0009 10000 100 1656300 821000 5539330 556188
0a030005 0a070003 10000 100 1834645 841999 5522743 615087
0a06000c 0a02000b 10000 100 982014 3353000 3012131 333505
0a04000e 0a040013 10000 100 1669598 1951000 4414710 556342
0a090012 0a0b0008 10000 100 2136644 2243000 4124183 714814
0a070016 0a000006 10000 100 1622510 4433000 1939263 545022
0a02001d 0a000009 10000 100 683636 4336999 2035837 234967
0a060002 0a020013 10000 100 2318878 2373000 3999868 774987
0a00000e 0a03000b 10000 100 997384 3132999 3240372 338577
0a080009 0a050019 10000 100 1936013 2814999 3560039 648553
0a050010 0a05001c 10000 100 2316927 1417000 4959616 770107
0a07000f 0a090015 10000 100 992039 4112000 2265653 336820
0a0b001c 0a050005 10000 100 795664 2926999 3450707 271968
0a07001e 0a03001a 10000 100 1795740 1118999 5259462 602238
0a070014 0a020010 10000 100 1821297 442999 5935631 610677
0a04000d 0a00000c 10000 100 1021153 4643000 1739751 346429
0a08001c 0a02001b 10000 100 708656 3859000 2524634 243235
0a0b001c 0a040004 10000 100 2011172 541000 5842912 673372
0a080019 0a07000f 10000 100 1984534 1703000 4681628 664587
0a030011 0a08000a 10000 100 817191 3989999 2396493 279072
0a0a0005 0a000018 10000 100 1574538 1361000 5027729 529180
0a040005 0a030013 10000 100 2352903 3951999 2436929 786228
0a0a0004 0a05000d 10000 100 744372 3647000 2747213 255032
0a090008 0a000010 10000 100 1000005 2987000 3411070 339446
0a060004 0a080016 10000 100 857137 4720000 1678925 292269
0a050013 0a0a001e 10000 100 1822526 819999 5579173 611086
0a060018 0a01001f 10000 100 926568 3677000 2723447 315194
0a050020 0a0b000d 10000 100 993104 3530999 2870982 337176
0a0b0013 0a020018 10000 100 1772353 809000 5594309 594508
0a0a001c 0a000019 10000 100 1815891 867999 5535455 608886
0a050010 0a04000e 10000 100 1587870 970999 5433644 533584
0a0a001c 0a070015 10000 100 735296 4661000 1745985 252036
0a0a0007 0a01001a 10000 100 1780816 3220999 3186650 597308
0a010019 0a0a0018 10000 100 2132874 653000 5754827 713561
0a010020 0a01000b 10000 100 2253531 4686000 1722528 749176
0a080012 0a06001e 10000 100 728024 4237999 2174992 249632
0a08001c 0a0a001d 10000 100 2501788 2304000 4111721 835392
0a010009 0a030009 10000 100 2107648 1626000 4790133 705243
0a0b0013 0a030006 10000 100 563802 4726000 1690955 195392
0a080015 0a01000a 10000 100 1631260 1061000 5356766 547914
0a09000b 0a060009 10000 100 381862 4343999 2078888 135312
0a0a000e 0a060011 10000 100 2297476 143000 6281073 767923
0a07000c 0a010013 10000 100 1693728 1216000 5215840 568549
0a080019 0a01001f 10000 100 1564055 1673000 4761550 525718
0a060011 0a05001f 10000 100 1797278 2621000 3815298 602745
0a080020 0a05000b 10000 100 1034221 4292999 2150653 350749
0a0b0013 0a010009 10000 100 1928173 418999 6026520 645968
0a05001a 0a050013 10000 100 2516721 1809999 4636766 836084
0a01000a 0a04001d 10000 100 1781415 934999 5512037 597500
0a09001b 0a03001d 10000 100 772158 4913999 1534315 264200
0a040012 0a040011 10000 100 2221120 1971999 4479088 738466
0a030005 0a060002 10000 100 1858302 3363000 3088236 622887
0a060014 0a07000f 10000 100 1688795 357999 6093854 566909
0a090016 0a030019 10000 100 2232785 697000 5757349 746562
0a080011 0a09001a 10000 100 792283 4871000 1584651 270856
0a03000e 0a060012 10000 100 1775515 3781000 2676182 595551
0a050005 0a08000e 10000 100 1641121 961000 5497932 551177
0a0a0002 0a00000b 10000 100 1939368 4775999 1686338 649658
0a03001c 0a090008 10000 100 1627046 471999 5994000 546520
0a080010 0a040010 10001 100 2509842 1247999 5218041 838062
0a020016 0a0b0019 10000 100 2035173 1182000 5285301 681298
0a030015 0a02000a 10000 100 1710271 3099000 3370564 574012
0a00001e 0a06000f 10000 100 2207590 1579000 4891422 738238
0a07001a 0a09001b 10000 100 956523 3498999 2972304 325087
0a0b001e 0a08001c 10000 100 530472 4891000 1584943 184388
0a0a000b 0a000003 10000 100 2086593 1495000 4981697 698290
0a08000b 0a01000e 10000 100 2511723 987999 5492635 838679
0a0b000b 0a050004 10000 100 778701 3576999 2907614 266371
0a0b0015 0a040009 10000 100 1571554 2550999 3934798 528194
0a0b0008 0a020016 10000 100 1716045 1075000 5413508 575921
0a030018 0a020008 10000 100 2270695 1404999 5085432 759077
0a070011 0a080018 10000 100 2143608 519000 5974185 717119
0a060001 0a040013 10000 100 1586698 1247999 5245282 533194
0a010018 0a040006 10000 100 545858 4772000 1721888 189465
0a01000d 0a030011 10000 100 2508511 2445000 4049222 837620
0a0b0016 0a06001d 10000 100 2081448 823999 5671923 696583
0a060015 0a070020 10000 100 2567461 3651000 2846344 857083
0a0a0019 0a00001f 10000 100 1978782 484000 6015958 662685
0a01000a 0a070019 10000 100 849089 4709999 1790011 289617
0a01001d 0a090006 10000 100 2085843 3174999 3325186 698035
0a080017 0a030016 10000 100 1833024 3125000 3376162 614552
0a030013 0a00001d 10000 100 2057419 277999 6223519 688648
0a060012 0a040004 10000 100 2076824 3778999 2723642 695057
0a040007 0a010011 10000 100 982931 2817000 3686040 333814
0a080013 0a04001b 10000 100 2257615 3317000 3186539 754768
0a090002 0a030020 10000 100 1956898 2102000 4401609 655452
0a04001e 0a08000d 10000 100 914459 4759000 1745788 311196
0a0a0014 0a040006 10000 100 2075057 1304999 5205624 694476
0a080008 0a010018 10000 100 834112 4013000 2499778 284671
0a090010 0a05000f 10000 100 1672072 506000 6007023 561389
0a010014 0a080010 10000 100 2141271 157999 6355215 716340
0a0b001e 0a090008 10000 100 1551419 1830000 4695295 521551
0a06001e 0a03000c 10000 100 2017416 1382999 5142828 675432
0a03001e 0a050003 10000 100 2220350 360999 6165350 742460
0a000016 0a090004 10000 100 191400 2356000 4170842 72414
0a030010 0a060010 10000 100 1656819 1160999 5366335 556354
0a08001c 0a010007 10000 100 1873566 3171999 3355489 627941
0a060009 0a000004 10000 100 1022716 1059999 5469343 346944
0a020017 0a060006 10000 100 1022259 4088999 2440524 346798
0a000002 0a090011 10000 100 1732409 817000 5714115 581311
0a080008 0a070019 10000 100 1751452 1502000 5030933 587605
0a0a0012 0a090019 10000 100 2295499 1203999 5336532 767275
0a040004 0a02000b 10000 100 1705874 1562999 4980144 572559
0a010018 0a050009 10000 100 2539537 532000 6011980 847871
0a0b0013 0a080004 10000 100 725552 4566999 1981429 248810
0a03001c 0a03000f 10000 100 2104405 1626000 4923333 699919
0a07001d 0a070017 10000 100 2563461 4557000 1995854 851517
0a080005 0a070004 10000 100 864918 3684000 2869056 294836
0a090013 0a010009 10000 100 1602909 694999 5860136 538550
0a060010 0a080019 10000 100 1855516 598000 5958115 621980
0a02001d 0a0a0005 10000 100 1764711 545000 6011471 591986
0a010015 0a030007 10000 100 955513 3807000 2750184 324763
0a080016 0a050011 10000 100 1638058 4981000 1576481 550167
0a06000b 0a0b0016 10000 100 1707376 1879999 4678422 573055
0a07001b 0a010007 10000 100 1609500 1750999 4807528 540721
0a05000f 0a0b0015 10000 100 832178 3902999 2660383 284021
0a00000d 0a00001d 10000 100 908408 4022999 2541637 304958
0a020019 0a07000b 10000 100 2132967 1392000 5173446 713591
0a0b001e 0a0a001b 10000 100 2525625 239999 6329460 843266
0a090004 0a010011 10000 100 86330 4764000 1808319 37716
0a000011 0a050008 10000 100 2059858 1987000 4586057 689459
0a00001c 0a050017 10000 100 1745029 2286999 4286202 585488
0a09001d 0a060012 10000 100 1979162 3676000 2899153 662807
0a0a0016 0a06001a 10000 100 961395 2931000 3645770 326692
0a07001b 0a08000d 10000 100 2170459 2688999 3889343 725972
0a0b0019 0a070005 10000 100 1886521 4641000 1940388 632209
0a09001d 0a070002 10000 100 1735346 449999 6131705 582282
0a090015 0a000016 10000 100 1977338 2115999 4470444 662208
0a090004 0a020019 10000 100 75811 4703999 1882865 34242
0a000017 0a05000d 10000 100 829407 3356000 3231559 283104
0a000003 0a03001d 10000 100 764622 3917000 2673714 261712
0a01000d 0a080013 10000 100 2132940 1033000 5559450 713582
0a03001a 0a01001a 10000 100 1899149 764999 5833732 636388
0a090003 0a080012 10000 100 1904743 1807999 4791821 638224
0a040007 0a05001e 10000 100 1811945 190999 6414322 607577
0a04001c 0a070008 10000 100 1643099 2118000 4487811 551826
0a030002 0a09001e 10000 100 937472 4170000 2439693 318791
0a010004 0a0a0014 10000 100 1916035 591999 6017785 641961
0a050004 0a06001d 10000 100 1741902 2112999 4499055 584456
0a020008 0a070020 10000 100 1005920 3740999 2873490 341400
0a0a0017 0a04001d 10000 100 1955985 3977999 2641886 655144
0a070001 0a06000e 10000 100 1751190 3664999 2956631 587521
0a09001f 0a06001a 10000 100 922515 3128999 3492830 313866
0a06001c 0a0a0018 10000 100 1832213 291999 6333010 614278
0a0a0019 0a090008 10000 100 1681156 961999 5665590 564388
0a060010 0a01000e 10000 100 1577394 4852999 1776644 530124
0a09000a 0a08000f 10000 100 1035105 4919999 1712064 351047
0a06000c 0a020016 10000 100 2574351 2356000 4278080 859365
0a020007 0a060014 10000 100 1798483 1463000 5178947 603131
0a00001c 0a080020 10000 100 2265152 1348000 5295544 757257
0a090007 0a030007 10000 100 1576731 667999 5977010 529912
0a020009 0a04000b 10000 100 960637 3807000 2839468 326449
0a0a001e 0a06001f 10000 100 2170877 1848999 4798724 726121
0a050019 0a030012 10000 100 1828268 2082000 4566318 612969
0a07001d 0a050007 10000 100 2554542 41999 6609730 852826
0a010003 0a0b001d 10000 100 858484 4003999 2648493 292716
0a020008 0a020018 10000 100 2125365 4375999 2278600 706841
0a06000e 0a05000e 10000 100 2307068 192000 6464340 771100
0a03000f 0a000011 10000 100 1840111 1415000 5241806 616882
0a010016 0a03000c 10000 100 1987369 315000 6342635 665510
0a030007 0a080019 10000 100 1660540 693000 5968820 557591
0a08001e 0a090007 10000 100 1727281 1392000 5270092 579624
0a07001a 0a04000b 10000 100 979618 2975000 3688827 332723
0a080012 0a09000a 10000 100 1980424 2990000 3676847 663226
0a050005 0a050014 10000 100 2531765 822000 5846122 841052
0a060013 0a060005 10000 100 1978808 3418000 3250271 658453
0a070004 0a080020 10000 100 1688452 429000 6241669 566800
0a08000b 0a000004 10000 100 646894 3823000 2848063 222841
0a070020 0a040014 10000 100 1793810 1551999 5125308 601589
0a0a001c 0a06001d 10000 100 1581996 3556999 3122207 531643
0a090005 0a060016 10000 100 2419592 2054999 4624247 808260
0a08001a 0a07000d 10000 100 1906613 17999 6665194 638854
0a080017 0a030005 10000 100 1642791 4116999 2566959 551727
0a000001 0a070009 10000 100 1923021 1866000 4819113 644273
0a000018 0a000007 10000 100 1580022 1961000 4724218 526756
0a090010 0a010001 10000 100 2011194 2693000 3992699 673379
0a05000e 0a02001f 10000 100 1821815 89999 6595858 610843
0a030004 0a070003 10000 100 1691051 2194000 4494715 567662
0a030018 0a0b001a 10000 100 2161831 1448000 5241280 723135
0a020005 0a050003 10000 100 1015281 4146000 2544416 344488
0a0b0004 0a020013 10000 100 949594 3405000 3287186 322808
0a09001d 0a0b0002 10000 100 1898313 2730999 3972683 636105
0a060005 0a03000e 10000 100 1657444 1100999 5603130 556554
0a03000a 0a0a0005 10000 100 1647531 2945000 3760528 553290
0a080001 0a0a0019 10000 100 901980 4024999 2680920 307080
0a00000c 0a04000f 10000 100 1707856 2903999 3809300 573208
0a06001e 0a080003 10000 100 1854807 2364000 4352855 621738
0a0b000d 0a02000d 10000 100 646942 4647000 2071921 222856
0a08001b 0a060016 10000 100 1961133 885000 5835572 656853
0a04000d 0a010008 10000 100 2201009 2805999 3915010 736071
0a0b0017 0a03000d 10000 100 1626567 4171000 2551491 546367
0a0a0008 0a0a0010 10000 100 2075871 3108000 3617907 690496
0a090018 0a06000d 10000 100 2112413 18999 6710916 706814
0a000014 0a0b0013 10000 100 851618 4049999 2681069 290442
0a010003 0a08000c 10000 100 1739531 2687999 4048027 583667
0a020010 0a050017 10000 100 1776255 3471000 3270973 595803
0a04001f 0a000012 10000 100 1905670 560999 6181114 638536
0a01001f 0a090001 10000 100 1952951 3457000 3286498 654143
0a080017 0a040017 10000 100 691392 3684000 3060534 237526
0a08001e 0a0a0004 10000 100 2452391 2151000 4595056 819078
0a08001f 0a000016 10000 100 1671009 3102999 3646092 561049
0a01001d 0a0b0016 10000 100 2208490 961999 5794518 738542
0a0a000d 0a0a001a 10000 100 2361774 2095000 4663918 784919
0a03001c 0a0b0014 10000 100 1756823 2007000 4754926 589385
0a06000e 0a000015 10000 100 2369009 3681999 3083262 791551
0a0a000c 0a08000e 10000 100 636449 4467999 2300570 219391
0a000018 0a030018 10000 100 1805051 331000 6437934 605309
0a000006 0a0a001c 10000 100 2055799 2096999 4673630 688114
0a050003 0a04000c 10000 100 2004454 1941999 4829878 671161
0a0a0005 0a0a000a 10000 100 2382031 1832999 4940126 791616
0a00001f 0a040010 10000 100 1659042 2580999 4194134 557096
0a0b0012 0a090012 10000 100 1730618 1557000 5219245 580723
0a05000b 0a06001e 10000 100 2505475 101999 6674832 836618
0a080018 0a030004 10000 100 1556383 3573999 3204367 523186
0a04000f 0a070015 10000 100 1690931 1874999 4903960 567624
0a09001d 0a0a0001 10000 100 1776368 3740999 3038440 595839
0a0a000d 0a060010 10000 100 2529553 163999 6615913 844569
0a02000f 0a030007 10000 100 759548 4616000 2164436 260042
0a060003 0a09000f 10000 100 975282 4738000 2045941 331289
0a0a001b 0a040015 10000 100 808763 3508999 3276739 276298
0a0a0020 0a090017 10000 100 2587202 346000 6448415 863600
0a010015 0a01001b 10000 100 1587293 3808999 2985545 529160
0a010007 0a010008 10000 100 808355 4388000 2406768 271912
0a080012 0a0a0010 10000 100 1624555 4962000 1833913 545707
0a03001d 0a060016 10000 100 407602 4891999 1908670 143810
0a0a000d 0a000013 10000 100 1632861 3363999 3436941 548442
0a0b0004 0a040006 10000 100 1579896 1930000 4873398 530956
0a020009 0a050018 10000 100 1664604 3298999 3508321 558922
0a04000a 0a00001a 10000 100 2109508 1994999 4815331 705854
0a05000c 0a07000e 10000 100 488879 3974000 2836744 170648
0a060017 0a000012 10000 100 935148 4165000 2646727 318032
0a000008 0a0a0012 10000 100 1712341 1763999 5047880 574690
0a0a0006 0a010001 10000 100 1902609 2069000 4743328 637526
0a030016 0a060017 10000 100 2388494 2187000 4626001 797986
0a03000c 0a040007 10000 100 2132572 3112999 3701276 713464
0a060009 0a00000a 10000 100 883088 3684000 3130586 300835
0a0b000e 0a060001 10000 100 2445060 3513000 3303884 816671
0a050003 0a090010 10000 100 1808759 1577999 5242505 606527
0a05000a 0a070015 10000 100 649483 4513999 2307500 223685
0a010003 0a040011 10000 100 597799 4536000 2286096 206624
0a000007 0a09001e 10000 100 1918953 1206000 5616191 642925
0a080018 0a05001a 10000 100 2462063 1513000 5309989 822281
0a070020 0a05001b 10000 100 1674773 2922000 3901167 562284
0a020005 0a0b001f 10000 100 2077910 2409000 4418816 695420
0a010007 0a060020 10000 100 1912320 135999 6693736 640726
0a080007 0a08000a 10000 100 2554865 3951999 2878526 848690
0a0b0007 0a050012 10000 100 757749 3677000 3156599 259451
0a010004 0a020004 10000 100 2349837 693000 6140965 785216
0a0b0008 0a0a001c 10000 100 1648490 1965000 4872531 553597
0a03000b 0a04000e 10000 100 662370 4690999 2149438 227947
0a0b000b 0a02000d 10000 100 1678593 2279000 4563544 563552
0a05000a 0a02001e 10000 100 1572918 2599999 4243219 528646
0a030014 0a000011 10000 100 1904577 693999 6151337 638171
0a00000c 0a020014 10000 100 1747966 2667999 4177418 586458
0a08001f 0a040006 10000 100 1719730 586000 6260822 577131
0a08000e 0a060008 10000 100 907954 4454999 2394750 309053
0a000013 0a060001 10000 100 2372163 158999 6691782 792591
0a09000c 0a010019 10000 100 2495724 699999 6151521 833390
0a04001b 0a00000b 10000 100 1581729 1794000 5060240 531558
0a05001c 0a02001f 10000 100 1866367 187999 6667620 625560
0a0a0008 0a0a0007 10000 100 2356262 3024000 3833904 783094
0a030017 0a020013 10001 100 2206895 895999 5965732 738016
0a0b000d 0a060010 10000 100 840154 4050999 2811817 286666
0a0a001e 0a09000b 10000 100 930130 4795999 2068861 316380
0a000017 0a0b000e 10000 100 1830326 2527999 4338094 613658
0a070018 0a060007 10000 100 1938547 757999 6110231 649395
0a050008 0a080020 10000 100 2226436 239000 6630934 744469
0a06001b 0a0b001a 10000 100 1650508 1565999 5306743 554273
0a01000e 0a080005 10000 100 1664221 2497000 4378645 558800
0a060001 0a02000a 10000 100 1928721 300999 6577973 646143
0a070015 0a0b0005 10000 100 599625 4553999 2328089 207224
0a070003 0a010009 10000 100 1752027 2353000 4529253 587804
0a010018 0a0b001c 10000 100 1885257 1036000 5846372 631789
0a050002 0a000008 10000 100 2079452 4780000 2103334 695928
0a0b0004 0a02001f 10000 100 2019966 67999 6818568 676279
0a060015 0a07000f 10000 100 2043776 1639999 5251505 684144
0a080016 0a050010 10001 100 932876 4730999 2171716 317274
0a04001e 0a09001d 10000 100 1574208 4581000 2322379 529074
0a030015 0a02001a 10000 100 2587377 1270999 5635623 863656
0a09000b 0a060006 10000 100 1635210 251999 6655169 549224
0a090018 0a04000d 10000 100 2551233 1930999 4976572 851721
0a060008 0a00001d 10000 100 1577307 1843000 5065169 530096
0a0b0019 0a06001f 10000 100 2294775 714000 6194590 767028
0a0b001c 0a01000b 10000 100 1600136 979999 5930181 537632
0a04000e 0a07001a 10000 100 832447 4401999 2508757 284107
0a03001f 0a010008 10000 100 2264272 3031999 3879066 756960
0a040014 0a010002 10000 100 1650563 3275000 3636676 554291
0a040019 0a08000a 10000 100 1571644 2393999 4518317 528223
0a0a0012 0a090011 10000 100 1633383 1838000 5075248 548609
0a060012 0a0b000c 10000 100 1699889 4688999 2224402 570582
0a070006 0a0b0011 10000 100 2446559 146999 6768591 817166
0a000003 0a00001c 10000 100 2330970 4014000 2903516 774739
0a060007 0a070014 10000 100 1866138 1262000 5656732 625487
0a03001d 0a090016 10000 100 2202227 24999 6895911 736476
0a000006 0a050006 10000 100 2056285 564000 6357471 688269
0a05001b 0a04001b 10000 100 1852119 2857999 4063846 620847
0a020005 0a0a0001 10000 100 1811724 852000 6070228 607506
0a060017 0a03000a 10000 100 1701414 1975000 4949329 571086
0a09000b 0a0a0002 10000 100 1695879 313000 6613679 569253
0a020010 0a05000a 10000 100 2127930 4457000 2469904 711933
0a020015 0a030015 10000 100 1710482 864999 6062371 574080
0a0a001a 0a05001e 10000 100 919882 4657999 2270045 312993
0a04000d 0a000015 10000 100 2545736 1196000 5733039 849916
0a0a0004 0a040012 10000 100 1998531 1410000 5520126 669204
0a010010 0a060015 10000 100 2338445 2317000 4613329 781448
0a090009 0a0b001d 10000 100 2098925 3787000 3145715 702360
0a030004 0a0b0008 10000 100 2431961 244999 6689774 812341
0a0a000a 0a05001f 10000 100 2376502 1904000 5031042 794026
0a070001 0a080011 10000 100 1591594 3210000 3725508 534822
0a070003 0a050009 10000 100 977747 4468999 2467157 332093
0a0a000a 0a070015 10000 100 2211625 3999 6936354 739576
0a08001d 0a0b001d 10000 100 1942646 533000 6408881 650753
0a020010 0a050019 10000 100 2323456 2638000 4304664 776498
0a070013 0a090004 10001 100 64206 4964999 1978153 30406
0a03001e 0a04001e 10000 100 1570165 3435999 3508127 527734
0a0a001a 0a0a001e 10000 100 1698968 3917000 3027697 566032
0a0a000e 0a0b0012 10000 100 1792124 1846999 5100598 601034
0a00000b 0a080019 10000 100 2213794 478000 6472947 740285
0a01001d 0a01001b 10000 100 1605017 4954000 1997190 535016
0a02000d 0a050009 10000 100 1751486 1193000 5759669 587616
0a080001 0a07000b 10000 100 2076078 1191999 5762048 694818
0a010010 0a0b0014 10000 100 2341743 2892000 4062390 782550
0a02001a 0a000003 10000 100 2328678 3625000 3329705 778231
0a010001 0a060008 10000 100 1829817 2837999 4118608 613480
0a0a0012 0a010017 10000 100 2185654 1356999 5599882 731004
0a070011 0a08001f 10000 100 2061764 110999 6848538 690084
0a0a001c 0a090010 10000 100 1614189 1673999 5288144 542283
0a0b0003 0a050004 10000 100 2377917 4060000 2904994 794494
0a040013 0a03000a 10000 100 1024382 4168999 2796042 347493
0a060013 0a0b000a 10000 100 1831174 1574000 5392309 613930
0a010019 0a00001b 10000 100 1855320 309999 6657868 621902
0a050020 0a03001f 10000 100 2149737 720000 6250691 719142
0a080019 0a05001e 10000 100 964283 3977999 2993864 327647
0a010014 0a080013 10000 100 1892855 4294000 2679744 634297
0a07000f 0a070016 10000 100 2156675 4377999 2596272 717183
0a080008 0a04000c 10000 100 1643883 2449999 4527358 552077
0a06001b 0a050008 10000 100 2476598 3239999 3743576 827086
0a07001b 0a010014 10000 100 2580612 2645000 4338773 861430
0a03001d 0a080008 10000 100 2216564 271999 6713215 741202
0a0a0013 0a090014 10000 100 2236391 230999 6755279 747746
0a0a001a 0a070007 10000 100 2287004 1951999 5036486 764465
0a020015 0a040020 10000 100 1846256 1678999 5310717 618910
0a010015 0a020017 10000 100 1792936 2748000 4245258 601310
0a060002 0a080007 10000 100 1582138 3318999 3676618 531688
0a050014 0a0a0004 10000 100 2075362 1361999 5635630 694574
0a070011 0a04001b 10000 100 2325606 76000 6922073 777217
0a080020 0a0a0012 10000 100 1646459 4734000 2266234 552932
0a04001b 0a060017 10000 100 2054398 230000 6774196 687650
0a030003 0a090018 10000 100 2176074 55999 6949589 727831
0a08000e 0a060015 10000 100 1761546 2347999 4659409 590942
0a010010 0a060002 10000 100 1657095 4040000 2968594 556443
0a080015 0a0a0015 10000 100 874287 4099000 2910865 297926
0a030010 0a0b0015 10000 100 2465892 61999 6948833 823537
0a0a0013 0a030007 10000 100 1626719 1562000 5450990 546415
0a0a0013 0a030009 10000 100 2333921 2203000 4811443 779954
0a03000c 0a070014 10000 100 2430872 266000 6751255 811977
0a040003 0a02001a 10000 100 2381034 224999 6793733 795522
0a030010 0a05001b 10000 100 741559 4769999 2249064 254102
0a09001c 0a020010 10001 100 750708 4793999 2225118 257121
0a0b001b 0a030009 10000 100 2124619 1002000 6020751 710843
0a09000b 0a060005 10000 100 815045 2971000 4053530 278370
0a090020 0a060006 10000 100 1969744 82999 6941739 659701
0a030015 0a09001e 10000 100 1922106 3566999 3458934 643965
0a020009 0a070019 10000 100 1765094 1995999 5030405 592108
0a000004 0a01000d 10000 100 853050 3125999 3901404 290915
0a070012 0a080002 10000 100 2082887 1637000 5391340 697058
0a080018 0a04001a 10000 100 2478861 2706000 4323310 827825
0a090014 0a000002 10000 100 2183889 2710000 4319725 730408
0a050017 0a080015 10000 100 1616500 3664000 3369099 543038
0a07000b 0a09000e 10000 100 829258 4337999 2698246 283056
0a070014 0a000008 10000 100 2014134 3008999 4031397 674351
0a080020 0a06000e 10000 100 2241092 29999 7010701 749312
0a090014 0a04001a 10000 100 1944043 2059000 4983688 651215
0a0b0007 0a030012 10001 100 711069 3997999 3048401 244038
0a07000d 0a0a0009 10000 100 942822 3103999 3942961 320564
0a0b001f 0a080010 10000 100 1626931 3043000 4004568 546483
0a050012 0a01001f 10000 100 2012378 1730999 5318148 673774
0a020014 0a02001b 10000 100 2235294 4951999 2097784 743155
0a09000c 0a00000a 10000 100 905391 4701999 2348690 308202
0a000017 0a020008 10000 100 1891963 610999 6439799 634012
0a07000d 0a080004 10000 100 990518 3030999 4020625 336318
0a0a001a 0a00000c 10000 100 1699341 2418000 4633672 570392
0a09001b 0a060013 10000 100 1680122 3203999 3848614 564057
0a08000b 0a000004 10001 100 800976 4401000 2652169 273714
0a0a0014 0a0a0018 10000 100 1660371 2971000 4082235 553282
0a060001 0a000018 10000 100 2047713 2981999 4077134 685449
0a010014 0a04000c 10000 100 1763271 2602999 4456547 591510
0a000018 0a07001d 10000 100 2202341 1123999 5938819 736512
0a090007 0a070008 10000 100 1669099 3690000 3376098 560407
0a0a0003 0a09001f 10000 100 2446825 1900999 5170076 817251
0a06001c 0a000012 10000 100 1867442 1667000 5404339 625904
0a010018 0a090013 10000 100 1592472 1873000 5198863 535103
0a0b0016 0a050019 10000 100 1816286 4922000 2150923 609012
0a050017 0a000020 10000 100 2088447 1431999 5645948 698899
0a09000c 0a0a0008 10000 100 1883747 1443999 5635508 631291
0a0b0005 0a08001e 10000 100 976063 4860999 2220548 331539
0a090008 0a050012 10000 100 2165520 221000 6863485 724346
0a000020 0a09001f 10000 100 2401090 3592999 3492508 802140
0a000011 0a0a0020 10000 100 1576968 2041999 5043576 529988
0a080002 0a02000a 10000 100 1800697 2017999 5067953 603870
0a000010 0a06001e 10000 100 814593 3586999 3501897 278225
0a090015 0a0b0007 10000 100 1549534 4571999 2519479 520933
0a02001a 0a060004 10000 100 2294381 3435999 3656532 766902
0a06001e 0a0b0017 10000 100 1796605 1722000 5371571 602514
0a070014 0a04000a 10000 100 2571669 2923999 4169892 858476
0a010002 0a030011 10000 100 1642349 4302000 2792935 551570
0a050008 0a060018 10000 100 2134405 750000 6345647 714066
0a000003 0a040005 10000 100 2405971 1977000 5118680 803748
0a050008 0a01001e 10000 100 1960308 2039000 5058257 656574
0a030015 0a02001b 10000 100 2368539 4422999 2676261 791401
0a09001c 0a070009 10000 100 772014 4961000 2140492 264154
0a060010 0a030020 10000 100 1579822 2171999 4931011 530932
0a01000b 0a080018 10001 100 1727663 1278999 5824378 579746
0a03000b 0a070016 10000 100 1604328 2066999 5036462 539020
0a0b0007 0a080010 10000 100 1910033 3648999 3454749 639979
0a08001b 0a040018 10000 100 2241118 837999 6265824 749320
0a0a0004 0a03001c 10000 100 884276 4917000 2188363 301230
0a010017 0a0b0016 10000 100 1692411 2742000 4363384 568112
0a06001c 0a090012 10000 100 1811482 546999 6563595 607429
0a070004 0a03001d 10000 100 1802665 1077000 6036003 604515
0a020001 0a08001d 10000 100 2044482 1103999 6013864 684369
0a020001 0a030002 10000 100 1034268 3857999 3263248 350764
0a000008 0a020004 10000 100 738265 4784000 2338247 253017
0a070006 0a06000b 10000 100 1738820 3386000 3737610 583440
0a070019 0a020001 10000 100 2568654 4257000 2867391 857480
0a090001 0a04000d 10000 100 2543885 1955000 5170523 849293
0a02001c 0a00001a 10000 100 1903591 3472999 3655514 637856
0a090010 0a070009 10000 100 2522684 818000 6310710 842294
0a0b0005 0a020010 10000 100 1597763 4814999 2315022 536857
0a01000c 0a080011 10000 100 2155613 586000 6544146 721083
0a0a0010 0a050016 10000 100 1853938 1946000 5187247 621445
0a0b0012 0a03000a 10000 100 1999414 1978999 5154587 669487
0a0b000a 0a010002 10000 100 2183219 648999 6484823 730194
0a070018 0a090002 10000 100 1830422 1634999 5498829 613689
0a070009 0a000016 10000 100 1761447 2977000 4158782 590911
0a040001 0a0a0015 10000 100 1791247 4207999 2934884 600754
0a04000a 0a0a000c 10000 100 1724065 1631999 5515625 578564
0a09000f 0a050014 10000 100 816238 4959999 2187806 278767
0a000002 0a020005 10001 100 1769067 2194000 4954375 593426
0a00000c 0a080019 10000 100 1636420 2501000 4648186 549612
0a05000c 0a010018 10000 100 1789489 4088999 3063257 600160
0a02000c 0a000014 10000 100 1775226 1062999 6089333 595458
0a040001 0a06001c 10000 100 2096152 576000 6576574 701441
0a070002 0a050001 10000 100 2419777 747000 6409992 808319
0a040014 0a04000e 10000 100 2036914 4388999 2769832 677631
0a000018 0a090007 10000 100 1746942 1935000 5224918 586115
0a0a0004 0a020010 10000 100 2544322 1397999 5763942 849448
0a070002 0a060010 10000 100 2099822 849000 6320379 702647
0a02001e 0a060003 10000 100 2079458 197999 6974329 695930
0a030004 0a070019 10000 100 1978483 279999 6892945 662574
0a060001 0a0b0013 10000 100 1024550 4177000 2996266 347562
0a01001d 0a090009 10000 100 2458345 2514999 4658728 821045
0a000006 0a080002 10000 100 1566654 2629999 4544111 526580
0a09001e 0a0b000c 10000 100 2269477 3752999 3425354 758672
0a080012 0a000013 10000 100 2552275 729000 6453731 852070
0a02000f 0a030006 10000 100 2003331 1010000 6173046 670786
0a050007 0a080010 10000 100 1602681 3612999 3570269 538477
0a02001c 0a03000f 10000 100 1796009 2899999 4283589 602324
0a08000d 0a040002 10000 100 2090332 1484000 5703407 699518
0a0a0020 0a070008 10000 100 1882313 742999 6448585 630816
0a020007 0a07001f 10000 100 2497593 724000 6468125 834019
0a0b0006 0a04000b 10000 100 1696199 4649000 2543756 569355
0a06000b 0a09000c 10000 100 1007423 3841999 3356584 341897
0a04001b 0a02001f 10000 100 901329 3654999 3546540 306856
0a05000e 0a06001c 10000 100 2000303 4381000 2823456 669787
0a01001c 0a03001c 10000 100 2081918 3635000 3569860 696733
0a030014 0a080009 10000 100 1680048 1579000 5626003 564033
0a010013 0a090009 10000 100 2558122 255000 6950419 854003
0a09000f 0a05000e 10000 100 2533300 1175000 6030746 845799
0a050017 0a000008 10000 100 2123833 3785000 3421414 710576
0a05001d 0a050007 10000 100 1790245 2892000 4316142 596178
0a060004 0a030005 10000 100 1848942 1237999 5971622 619800
0a0b000c 0a0a0012 10000 100 2162621 4603000 2607390 723387
0a050012 0a060014 10000 100 2128242 3529000 3684988 712033
0a08001c 0a07001f 10000 100 2362809 349999 6868257 789506
0a050017 0a02001d 10000 100 1780477 2612999 4606770 597184
0a070006 0a02000a 10000 100 1935000 4873999 2346379 648214
0a070015 0a01001c 10000 100 1817583 1134000 6088974 609442
0a010001 0a010019 10000 100 1661291 4874999 2349196 553592
0a090006 0a040009 10000 100 2272128 2821000 4403235 759551
0a070011 0a000020 10000 100 1582174 2827000 4398946 531700
0a08001b 0a07000d 10000 100 780265 3956000 3276411 266887
0a010002 0a090011 10000 100 1715161 1613000 5619664 575623
0a060005 0a01000d 10000 100 2070078 683000 6552671 692837
0a080005 0a0b0002 10000 100 2306222 449999 6788426 770814
0a03000d 0a050019 10000 100 767676 4858000 2386413 262720
0a000008 0a050007 10000 100 2305207 2501999 4743838 770474
0a050006 0a090016 10000 100 2174538 653999 6593335 727324
0a07000f 0a06001a 10000 100 2346938 4475999 2774244 784258
0a00000c 0a040002 10000 100 965828 4738000 2512244 328156
0a0a0001 0a050006 10000 100 2303053 1665999 5584363 769769
0a06001e 0a020012 10000 100 1953624 1820000 5430370 654373
0a0b0015 0a00001e 10000 100 2462174 1193999 6056705 822316
0a040020 0a030010 10000 100 1620899 2109999 5144062 544491
0a0a0018 0a040011 10000 100 854781 3150000 4104319 291485
0a03000c 0a00000d 10000 100 2474857 676999 6579089 826498
0a000019 0a080003 10000 100 2043820 3138999 4118303 684158
0a080007 0a0a0006 10000 100 2585600 4349999 2909143 863072
0a020002 0a080007 10000 100 1041820 2971999 4287153 353257
0a020006 0a030014 10000 100 1734670 2674000 4585614 582065
0a030016 0a0a000e 10000 100 2205242 328000 6931626 737472
0a010010 0a06000e 10000 100 1576170 4893999 2367025 529717
0a030018 0a04001c 10000 100 1926176 921999 6343009 645313
0a000007 0a010015 10000 100 2038491 940999 6327993 682391
0a07000a 0a03000e 10000 100 1640648 4224000 3045621 551011
0a040009 0a050001 10000 100 1724486 2438000 4831958 578699
0a050018 0a090001 10000 100 2050032 3250999 4019330 686207
0a0b0008 0a0a001f 10000 100 2440171 26999 7247143 815045
0a0a0008 0a030008 10000 100 1907930 3337000 3937785 639275
0a02001e 0a030017 10000 100 1790656 3340000 3937142 600549
0a050013 0a040009 10000 100 1697111 876000 6402461 569663
0a080004 0a0b0013 10000 100 2409626 618999 6659658 804963
0a00001a 0a000015 10000 100 2179617 1232000 6047517 724770
0a080002 0a090020 10000 100 1747059 955000 6327055 586153
0a030020 0a01001b 10000 100 1944117 4736999 2545107 651239
0a02001b 0a09000d 10000 100 1961689 975999 6309072 657031
0a01001f 0a03000e 10000 100 2563959 4891999 2393363 855932
0a05000f 0a060018 10000 100 1044718 4275000 3013023 354215
0a00001a 0a080004 10000 100 1619361 689000 6599084 543984
0a010019 0a05000b 10000 100 615467 4467999 2821285 212462
0a020019 0a00001d 10000 100 2058573 685999 6603971 689032
0a010019 0a04001c 10000 100 2221595 1714999 5575313 742873
0a080006 0a040018 10000 100 2160864 552999 6737858 722810
0a0a0008 0a000013 10000 100 2073497 266999 7027125 693961
0a05001e 0a050014 10000 100 922142 4538000 2756382 309491
0a040001 0a000010 10000 100 2430940 152999 7142281 811999
0a0b0011 0a070007 10001 100 2020623 4458000 2837971 676504
0a000003 0a08000e 10000 100 2003692 1118000 6179577 670902
0a08000d 0a04000b 10000 100 1769997 3534999 3764003 593723
0a0b000b 0a040012 10000 100 2260454 2226000 5073651 755692
0a010018 0a050004 10000 100 1613551 3118999 4184060 542063
0a07001f 0a080006 10000 100 2445182 322999 6981211 816710
0a070010 0a060002 10000 100 2480172 244999 7059294 828260
0a060008 0a000003 10000 100 2229893 956999 6349142 745606
0a00001a 0a090011 10000 100 2056466 924000 6382284 688327
0a080014 0a030019 10000 100 2020839 109999 7197967 676573
0a08000f 0a010017 10000 100 2250014 1631000 5677745 752259
0a070018 0a070012 10000 100 1645279 3183000 4125992 548299
0a04001c 0a06000e 10000 100 2502291 188999 7125536 835568
0a0b0008 0a000011 10000 100 1658614 2024999 5292434 556944
0a080014 0a090017 10000 100 1877200 922999 6395399 629134
0a060018 0a07001a 10001 100 2114638 3083999 4234777 707541
0a030004 0a04000c 10000 100 2163365 2517999 4802317 723641
0a02000a 0a06001f 10000 100 1863680 4808999 2514237 624670
0a030010 0a050020 10000 100 2235249 2981000 4348156 747381
0a070006 0a0b000e 10000 100 2050555 4265999 3065040 686390
0a01001e 0a040010 10000 100 2549001 3501999 3833248 850992
0a0b0012 0a000020 10000 100 844109 4706000 2630515 287962
0a0a001e 0a080014 10000 100 1739086 3978999 3360529 583525
0a0a0009 0a090001 10000 100 2120403 1097000 6244527 709448
0a03001c 0a0b000a 10000 100 1026845 4240999 3100930 348312
0a070014 0a06001f 10000 100 2125997 190000 7154539 711299
0a0b000d 0a0b0011 10000 100 1607800 3108999 4236810 535921
0a05001b 0a00000f 10000 100 1721092 1752000 5595185 577582
0a070018 0a08000a 10000 100 828638 4629999 2719160 282858
0a090008 0a080013 10000 100 2020065 702000 6648974 676310
0a030007 0a08001d 10000 100 2061436 1791000 5560416 689979
0a0b0017 0a060006 10000 100 2442739 989000 6362764 815897
0a050008 0a050004 10000 100 2153141 4918999 2433082 716022
0a05001a 0a0b001f 10000 100 2262694 1657999 5694573 756440
0a060006 0a01000c 10000 100 2321572 2772999 4580950 775880
0a020018 0a06001c 10000 100 2306477 29000 7328166 770896
0a090016 0a0b000a 10000 100 1750882 2650000 4709724 587422
0a020017 0a04001c 10000 100 2469047 524000 6837214 824592
0a010016 0a06001f 10000 100 2271187 786000 6576784 759250
0a07001e 0a0a0005 10000 100 2174673 1711000 5656737 727367
0a07000e 0a080008 10000 100 767121 4059000 3311168 262543
0a01000e 0a090015 10000 100 1827187 931999 6445292 612623
0a03001a 0a000015 10000 100 2035629 1067999 6313220 681460
0a07001d 0a09001c 10000 100 999224 4403999 2980275 339196
0a000005 0a020011 10000 100 2255631 1280000 6106147 754103
0a07001d 0a030004 10000 100 1676522 2377000 5011865 562859
0a0a0012 0a030010 10000 100 2144279 418000 6973437 717334
0a000012 0a080008 10000 100 1986798 533999 6859862 665327
0a03000f 0a01000c 10000 100 1737784 1307999 6088223 583093
0a07001e 0a020014 10000 100 1962628 4956000 2443272 657347
0a010010 0a00000d 10000 100 2341026 3360000 4039868 782305
0a050005 0a0a000c 10000 100 1045013 2851999 4547898 354310
0a02000e 0a070004 10000 100 1832177 3540999 3859263 614266
0a01001a 0a09000a 10000 100 1654389 1268999 6131296 555546
0a0a0006 0a0b0018 10000 100 1614656 2743000 4659019 542432
0a060006 0a00001f 10000 100 2095556 1456000 5946406 701251
0a08000f 0a060017 10000 100 2025167 4291999 3116142 678004
0a060013 0a050015 10000 100 1594416 506999 6904969 535740
0a0b0018 0a000020 10000 100 2298503 4644999 2767680 768267
0a010012 0a040011 10000 100 1862579 2262000 5150758 624302
0a00000d 0a06000a 10000 100 1861509 17999 7401639 623960
0a000016 0a05001c 10000 100 2494665 571000 6848677 833051
0a030012 0a090007 10000 100 2200510 1781999 5638387 735911
0a06000b 0a08000b 10000 100 1871702 4660000 2761315 627313
0a060012 0a090001 10000 100 2181383 1652999 5770304 729591
0a020001 0a040006 10000 100 750112 3993000 3432050 256931
0a040009 0a06001a 10000 100 2201646 2015999 5413130 736275
0a020010 0a090007 10000 100 2446162 4458000 2971889 817024
0a06001b 0a00000e 10000 100 1913323 3990999 3443239 641062
0a08001d 0a040001 10000 100 1751679 3557999 3877612 587677
0a05000a 0a060007 10000 100 1905547 1897000 5538963 638497
0a06000b 0a0a0002 10000 100 2595490 2779999 4656530 866344
0a0a000a 0a0b0005 10000 100 2593527 2750999 4688774 865701
0a040018 0a000015 10000 100 1858088 4383999 3056024 622819
0a0b0005 0a030014 10000 100 2084460 1681999 5761785 697577
0a0a0011 0a020002 10000 100 1886767 4283000 3161567 632288
0a03000e 0a050010 10000 100 2146870 1498999 5945991 718193
0a04000a 0a09000b 10000 100 2318781 3876999 3574538 774956
0a04001b 0a0b001e 10000 100 2249776 920000 6531653 752168
0a08000d 0a0a0003 10000 100 2368738 2854000 4599267 791464
0a03000f 0a01001e 10000 100 1871509 2654999 4798539 627252
0a09000f 0a040013 10000 100 2019431 872999 6584012 676107
0a06001d 0a090010 10000 100 1654017 1879999 5578572 555427
0a08000c 0a0a0015 10000 100 2445497 630000 6831413 816811
0a02001b 0a09000d 10001 100 761229 4969000 2495793 260596
0a0a001d 0a080009 10000 100 2451824 225999 7240209 818897
0a010008 0a090016 10000 100 2346311 284000 7184859 784057
0a060013 0a000018 10000 100 2098883 4049999 3419421 702346
0a070020 0a030007 10000 100 1755649 1675999 5793877 588994
0a0b000b 0a08001b 10000 100 849581 4947000 2525546 289775
0a03000e 0a020012 10000 100 2163178 1441999 6031320 723581
0a02001b 0a000009 10000 100 1686730 2736000 4740476 566233
0a030013 0a070001 10000 100 2361978 406000 7071733 789224
0a0a0012 0a04001a 10000 100 2315673 1925999 5553604 773931
0a05000e 0a070017 10000 100 1589194 4609000 2874743 534023
0a090011 0a05000f 10000 100 1813583 4994000 2490799 608132
0a09000d 0a0a0008 10000 100 1723476 4682999 2801847 578360
0a030012 0a000012 10000 100 1727779 1634000 5854123 579784
0a0a0015 0a06000a 10000 100 892055 3516000 3972314 303796
0a080014 0a070019 10000 100 2058448 810999 6677601 688992
0a040016 0a0a0017 10000 100 2101028 2141999 5347880 703048
0a05001f 0a010009 10000 100 2389319 3373999 4116423 798250
0a000016 0a0b000a 10000 100 1593647 4113000 3377602 535494
0a05001e 0a0b001e 10000 100 2465410 1281000 6209680 823383
0a00000a 0a040014 10000 100 2334246 1440000 6051111 780074
0a050018 0a01001d 10000 100 1766002 3874999 3616499 592414
0a04001e 0a0b0017 10000 100 2305450 2732000 4762630 770552
0a020014 0a060014 10000 100 2334574 944999 6553486 780179
0a090002 0a030013 10000 100 1552969 1469000 6029679 522063
0a06000d 0a09000d 10000 100 2365442 1435000 6064689 790364
0a01001c 0a030007 10001 100 1020989 4880999 2619495 346376
0a050009 0a020003 10000 100 1653648 1683000 5818206 555309
0a00000c 0a080013 10000 100 2267699 3305000 4197392 758088
0a01001d 0a020018 10000 100 1726520 2109000 5394196 579381
0a00001a 0a080011 10000 100 2418218 300999 7203894 807805
0a06001e 0a01000d 10000 100 1585217 2186000 5319934 532704
0a05000b 0a0a0016 10000 100 2478418 2125000 5381706 827683
0a0b000e 0a000004 10000 100 2028594 808000 6700954 679132
0a030012 0a04001d 10000 100 948928 4710999 2798340 322579
0a010007 0a0b0015 10000 100 1737602 3086999 4423015 583034
0a000015 0a00001a 10001 100 2533784 4856000 2656718 841729
0a01001c 0a0b0013 10000 100 1792425 4243000 3270514 601131
0a09000d 0a070008 10000 100 2567039 1477000 6043025 856948
0a080007 0a0a000c 10000 100 1692538 2139999 5380747 568153
0a0b000b 0a060006 10000 100 1013816 4486999 3034935 344004
0a010016 0a0a0003 10000 100 2540441 3690000 3832761 848160
0a050016 0a030007 10001 100 2169381 4333000 3189854 725627
0a080011 0a090018 10000 100 1951163 4994000 2529253 653555
0a020015 0a03001c 10000 100 1946375 2436999 5089268 651977
0a04001a 0a07001f 10000 100 2041125 4311999 3215691 683264
0a080001 0a030005 10000 100 2016151 4867999 2661134 675027
0a0a001e 0a09000a 10000 100 2103217 1464000 6065888 703779
0a040002 0a0a001d 10000 100 1896393 2458999 5071384 635476
0a080012 0a020004 10000 100 1613294 1095999 6436528 541981
0a0a0007 0a030001 10000 100 1625061 2452000 5081619 545869
0a050012 0a040020 10000 100 2074902 465000 7068954 694426
0a080020 0a010013 10000 100 2098370 1137999 6397888 702167
0a020016 0a030014 10000 100 2326754 2948000 4588571 777600
0a06001f 0a080011 10000 100 2257465 666000 6870667 754705
0a090018 0a0a0015 10000 100 1580205 3348999 4189058 531055
0a050014 0a0a000f 10000 100 1594736 4198999 3340560 535858
0a06001c 0a090013 10000 100 2117701 510999 7031075 708552
0a090018 0a070011 10000 100 1907543 1407000 6137466 639151
0a010003 0a0a0014 10000 100 2013600 2014000 5530471 674180
0a010008 0a01000a 10000 100 2023420 2892000 4652494 673175
0a0b0020 0a080014 10000 100 2277037 1438000 6106773 761183
0a00000e 0a04000d 10000 100 670676 4918999 2626451 230697
0a010007 0a08000c 10000 100 2343943 1150999 6398962 783269
0a030015 0a020009 10000 100 1777093 1758000 5794641 596071
0a010003 0a0b0020 10000 100 2404307 1673000 5880743 803200
0a050020 0a060015 10000 100 1863987 2410999 5143428 624768
0a0a0012 0a030006 10000 100 1706678 1863000 5691526 572816
0a06000c 0a08001f 10000 100 2587348 3674000 3881945 863647
0a010014 0a06001c 10000 100 1674602 3608000 3949450 562229
0a090006 0a07000c 10000 100 2447655 4969999 2587672 817517
0a090020 0a080001 10000 100 1610763 3196000 4363169 541140
0a00001e 0a07000e 10000 100 771711 4669000 2891644 264057
0a090002 0a09001c 10000 100 1826351 4462999 3099119 608100
0a02001f 0a05001e 10000 100 2124315 2377000 5186453 710745
0a060017 0a03001a 10000 100 2004052 3684999 3879157 671032
0a010013 0a0a0016 10000 100 1623056 4690999 2874777 545212
0a07000b 0a05000b 10000 100 1826312 1685999 5880044 612328
0a020005 0a03000a 10000 100 1853477 1912000 5656766 621297
0a0a000f 0a050005 10000 100 2447445 1281000 6288435 817449
0a080001 0a00000c 10000 100 1978759 2622000 4948169 662678
0a000005 0a08001d 10000 100 808886 4852999 2719758 276337
0a030003 0a04001e 10000 100 2092873 2756999 4817930 700361
0a020006 0a00001c 10000 100 2071408 2018999 5556399 693262
0a070004 0a0a0003 10000 100 1703394 1592000 5985330 571735
0a02001b 0a090016 10000 100 1589999 2663000 4916401 534281
0a000009 0a06001b 10000 100 1878135 1714000 5865663 629449
0a020003 0a0b0003 10000 100 2111977 3696000 3885954 706659
0a03000c 0a07001d 10000 100 2287444 1428000 6156912 764606
0a00000c 0a020008 10000 100 2171273 1606999 5978863 726248
0a040012 0a010019 10000 100 1766674 1915000 5673026 592629
0a050013 0a000009 10000 100 585452 4555000 3033576 202550
0a03001d 0a00000c 10000 100 1965542 2099999 5490136 658310
0a07001e 0a030016 10000 100 2206446 1611999 5981504 737857
0a070015 0a0a001a 10001 100 1778827 3657999 3938043 596641
0a01000e 0a080004 10000 100 2291023 999000 6597248 765797
0a050011 0a06000d 10000 100 2028544 3722000 3874665 679116
0a030003 0a060007 10000 100 1851000 1930999 5667822 620474
0a0a0020 0a080009 10000 100 1872382 2337000 5263265 627546
0a050019 0a010017 10000 100 1653620 2222000 5383364 555300
0a03000e 0a070015 10000 100 1879614 921999 6683406 629937
0a020003 0a060020 10000 100 2050670 2056999 5553025 686426
0a050019 0a090006 10000 100 2283686 2621000 4991114 763372
0a0b0006 0a080005 10000 100 1759666 4270999 3342371 590325
0a080008 0a0a001f 10000 100 2219849 876999 6737480 742284
0a05001d 0a000013 10000 100 2072889 687000 6931023 693752
0a090016 0a09000a 10000 100 1725190 3334000 4284541 574700
0a060005 0a040011 10000 100 1702180 4081000 3538185 571331
0a050018 0a0a000c 10000 100 1789872 2224999 5394228 600298
0a040013 0a020015 10000 100 2135807 3008999 4612465 714530
0a050013 0a00001a 10000 100 2148863 4999 7619405 718847
0a020016 0a08001a 10000 100 1933679 2098000 5531460 647791
0a0a0012 0a0b0020 10000 100 2071994 3005999 4625354 693465
0a010016 0a030006 10000 100 2266238 3985999 3649873 757605
0a04001d 0a03001d 10000 100 2096265 3039000 4597157 701478
0a0a0017 0a090001 10000 100 2414376 4930000 2706979 806529
0a06001e 0a04000e 10000 100 1660590 2863999 4773277 557607
0a0b001d 0a0b0007 10000 100 1867667 4400000 3238330 621752
0a090015 0a07001e 10000 100 2398909 522000 7116858 801426
0a030002 0a080004 10000 100 2183361 1677000 5964013 730239
0a03001c 0a030020 10000 100 2226954 2305000 5336186 740394
0a07000f 0a0b0003 10000 100 2497161 1368000 6273385 833865
0a00000f 0a030018 10000 100 2066834 1126999 6514579 691752
0a0a0019 0a0b001c 10000 100 1862864 3200999 4442510 624393
0a010018 0a08000d 10000 100 2257410 1123000 6520569 754688
0a070011 0a040007 10000 100 2284306 604999 7038632 763571
0a020014 0a04001c 10000 100 2577170 4002000 3648091 860298
0a03001e 0a02000b 10000 100 2054704 1985999 5665151 687748
0a040007 0a080020 10000 100 2342975 246999 7404604 782944
0a060008 0a00000d 10000 100 2581406 2356000 5295781 861684
0a070001 0a090003 10000 100 2417217 3504999 4147021 807469
0a0b0013 0a00000a 10000 100 2224245 3857999 3798019 743737
0a05001a 0a02000f 10000 100 2059088 1871000 5785434 689197
0a090016 0a060008 10000 100 2131547 650999 7007431 713136
0a090019 0a08001f 10000 100 2431570 3539000 4119566 812216
0a010009 0a040002 10000 100 1883886 1384999 6274637 631335
0a090007 0a020014 10000 100 2497551 242999 7418058 834006
0a08001a 0a010002 10000 100 1803680 1722000 5940806 604855
0a03001d 0a06001d 10000 100 2371893 1685000 5978537 792505
0a070015 0a00000a 10000 100 697858 4721000 2942986 239672
0a0b001c 0a06001f 10000 100 931983 4003999 3660602 316988
0a070019 0a070015 10000 100 2308589 4193999 3470861 767362
0a080005 0a070015 10000 100 1755997 2043999 5621583 589105
0a060007 0a01001b 10000 100 1769272 4882000 2784601 593491
0a070017 0a050008 10000 100 1691321 3092999 4574839 567748
0a090016 0a070015 10000 100 1728081 2433999 5234411 579896
0a080005 0a03001e 10000 100 1885296 1180000 6490990 631802
0a020011 0a06001c 10000 100 2274729 863000 6809571 760414
0a02000a 0a080014 10000 100 1758626 4021000 3653313 589977
0a0a0013 0a030015 10000 100 1931815 3318999 4356115 647164
0a07001e 0a000010 10000 100 2526227 1149999 6526173 843474
0a020020 0a01000c 10000 100 1897600 4362999 3313606 635877
0a0b0005 0a080012 10000 100 2432428 4664999 3012347 812490
0a040019 0a0b001d 10000 100 834080 4880999 2800477 284661
0a0a0014 0a02000d 10000 100 1722781 3161000 4520816 578138
0a050007 0a040003 10000 100 1952441 1508999 6173018 653979
0a090006 0a03001b 10000 100 1742896 1881999 5800112 584775
0a06001c 0a0a0009 10000 100 1593289 4088999 3597785 535380
0a080017 0a0a001f 10000 100 750856 4517000 3170401 257169
0a090016 0a02000a 10000 100 2336947 424999 7264185 780953
0a090020 0a0a0016 10000 100 2027343 3602000 4089695 678716
0a070020 0a01000a 10000 100 1819328 4668000 3024504 610016
0a09001a 0a030016 10000 100 1644659 2089999 5604213 552340
0a060007 0a08001c 10000 100 1890052 3936000 3760402 633385
0a000005 0a01000f 10000 100 1695309 1123000 6574008 569071
0a0b000e 0a03000b 10000 100 1979619 3187000 4510620 662953
0a020020 0a000016 10000 100 2177583 1301999 6396355 728329
0a090009 0a0a0009 10000 100 2472597 1118999 6586150 825759
0a000020 0a010014 10000 100 907435 4575000 3132910 308872
0a07001d 0a020004 10000 100 1917063 977000 6731432 642305
0a07000f 0a03000e 10000 100 2110104 1863000 5845740 706044
0a03000e 0a090012 10000 100 2195528 4401999 3307037 734256
0a020013 0a01001b 10000 100 2548408 2841999 4869119 850787
0a03000d 0a000013 10000 100 1759282 2748000 4964127 590187
0a09001c 0a070004 10000 100 1697563 1263999 6448781 569807
0a080018 0a010015 10000 100 1595577 4036999 3676687 536127
0a0a0012 0a060007 10000 100 1750030 2174999 5544558 587134
0a0a0001 0a020002 10000 100 2530189 216999 7506558 844772
0a060017 0a040010 10000 100 2052102 2727999 4998402 686900
0a07001f 0a06001e 10000 100 2553440 4194999 3533616 852458
0a070004 0a020018 10000 100 1038235 3925999 3811269 352079
0a09000c 0a070005 10000 100 1739242 3963999 3774054 583575
0a09001c 0a0b000a 10000 100 2163204 879000 6861784 723589
0a0b0007 0a0b0003 10000 100 2071000 3930999 3810046 688892
0a08000d 0a04000e 10000 100 2537446 2027000 5717117 847171
0a020005 0a02000d 10000 100 2257284 3965999 3778696 750407
0a050020 0a070019 10000 100 2389941 1706000 6039387 798464
0a05000d 0a0b001e 10000 100 1670236 2650000 5096529 560786
0a070003 0a0b001d 10000 100 1854347 3706000 4043674 621591
0a00001c 0a01001b 10000 100 1996994 1791000 5960651 668697
0a000001 0a080017 10000 100 1950913 4080000 3675801 653475
0a020007 0a0a000a 10000 100 2116197 2824000 4931927 708056
0a090016 0a0b000e 10000 100 1795595 2125999 5630650 602191
0a06001c 0a020007 10000 100 2423924 429000 7328007 809677
0a060003 0a010015 10001 100 2122612 3514999 4242465 710185
0a030013 0a07001e 10000 100 2378912 125999 7632507 794812
0a05001b 0a09000e 10000 100 1559679 3122000 4636997 524271
0a050019 0a060014 10000 100 2025175 2892000 4869917 678007
0a0a0007 0a050009 10000 100 2225864 1926999 5837123 744270
0a02000f 0a0a001b 10000 100 1649925 3004999 4759981 554072
0a040008 0a090007 10000 100 2036014 943999 6822419 681583
0a04000b 0a050005 10000 100 1769770 1869999 5896504 593651
0a03000a 0a060009 10000 100 1881698 2132999 5634506 630620
0a04001f 0a080005 10000 100 1036286 4647000 3120540 351425
0a050019 0a040002 10000 100 2344330 994000 6775838 783393
0a090014 0a000003 10000 100 2328157 424000 7348324 778064
0a070016 0a03000b 10000 100 2482125 1528000 6247493 828900
0a010006 0a030004 10000 100 2407950 482999 7294080 804412
0a080011 0a07001c 10000 100 2293755 3383000 4394844 766702
0a080018 0a010009 10001 100 2084104 4200999 3578773 697463
0a080018 0a070016 10000 100 2426048 2142999 5638111 810387
0a030009 0a070016 10000 100 2479054 2320000 5462689 827887
0a030016 0a03001b 10000 100 1955120 4858999 2924119 650627
0a000006 0a020006 10000 100 2492318 3268000 4515411 832270
0a0a0008 0a030003 10000 100 1708646 2315999 5467574 573477
0a08000b 0a06001b 10000 100 2458478 2443999 5339831 821088
0a010014 0a0b0013 10000 100 2127291 4627000 3156969 711728
0a060011 0a0b0011 10000 100 1996647 2289999 5495925 668586
0a07000a 0a010004 10001 100 1925175 4994000 2793100 644978
0a0a0006 0a09001f 10000 100 2224595 3154000 4633425 743864
0a000006 0a01000e 10000 100 2211537 2171000 5616453 739547
0a070001 0a03000d 10000 100 2113637 4019000 3768698 707221
0a090003 0a0a0011 10000 100 2384796 707999 7082107 796757
0a0b001a 0a04001c 10000 100 1907563 2247999 5543465 639158
0a010018 0a080012 10000 100 2597002 2433999 5359670 866844
0a080012 0a020019 10000 100 2524409 221000 7574276 842861
0a0b001c 0a02000f 10000 100 1990254 559999 7237735 666464
0a030004 0a010018 10000 100 1637013 3740999 4057332 549817
0a06001a 0a08001c 10000 100 2168490 3736000 4062584 725327
0a09001a 0a040016 10000 100 2546878 1136000 6665930 850282
0a090020 0a080015 10000 100 2194502 1451000 6351424 733927
0a07001b 0a0b000d 10000 100 2008166 4290000 3513319 672380
0a03001b 0a02001c 10000 100 2082353 2334999 5468415 696888
0a000010 0a06001b 10000 100 1756651 520999 7282569 589330
0a000006 0a010013 10000 100 2052726 1835999 5969449 687100
0a0a0009 0a08000b 10000 100 1736758 2523000 5282807 582749
0a01000e 0a050016 10000 100 2316098 4937999 2868244 774082
0a070002 0a0a0019 10000 100 2435050 2850000 4956519 813360
0a060017 0a040020 10000 100 2366886 2596999 5216249 790841
0a06001f 0a030008 10000 100 2206937 346000 7468816 738029
0a0a0020 0a030015 10000 100 1686215 2358999 5459802 566068
0a09000a 0a010011 10000 100 1562749 4444000 3376063 525284
0a040011 0a080012 10000 100 2174150 600999 7222164 727200
0a0a000a 0a05000c 10000 100 2461394 4615000 3209044 822051
0a030017 0a000013 10000 100 919997 3321000 4503861 313030
0a04000b 0a060009 10000 100 642577 4949000 2876751 221414
0a0b000d 0a070007 10000 100 2399538 1943000 5886908 801628
0a0a0011 0a09001e 10000 100 1787985 2716999 5116493 599664
0a0a001b 0a03000d 10000 100 2197590 2723999 5109879 734946
0a070001 0a02001a 10000 100 1752397 3405000 4430767 587922
0a07000e 0a010008 10000 100 2421506 1000000 6837174 808888
0a030018 0a01001f 10000 100 2234729 1123000 6714499 747199
0a02000f 0a000001 10000 100 2363929 604000 7235172 789864
0a010020 0a000018 10000 100 2336920 1866999 5972389 780945
0a030007 0a000005 10000 100 2301630 42999 7797278 769299
0a07001c 0a03001f 10000 100 2284213 1894999 5945591 763541
0a04001d 0a020001 10000 100 1875216 2768000 5074786 628484
0a050018 0a000020 10000 100 2133948 3494000 4349151 713920
0a07001a 0a09001c 10001 100 1883699 3802999 4041650 631275
0a00000a 0a08000d 10000 100 1979399 2154000 5690667 662882
0a090020 0a080019 10000 100 2154205 1191000 6654315 720617
0a04001f 0a02001e 10000 100 2270921 3648000 4197372 759149
0a0b0006 0a000010 10000 100 2455040 4558000 3287584 819957
0a0b000c 0a000010 10000 100 1814566 2984999 4862011 608446
0a0a0007 0a040020 10000 100 1730720 3125000 4722075 580755
0a03000c 0a050010 10000 100 2405365 2518999 5328243 803554
0a010019 0a070012 10000 100 1010033 4915000 2932801 342763
0a0b000d 0a070010 10000 100 1617169 3657999 4191003 543267
0a09001c 0a0a001c 10000 100 1821962 4477000 3374431 610890
0a0a0005 0a000006 10000 100 2187233 1090999 6760483 731524
0a06001d 0a0a0014 10000 100 2535449 1100999 6752104 846517
0a030010 0a0b0004 10000 100 2575800 1580999 6274285 859844
0a04001e 0a0b000d 10000 100 2290279 4880999 2976446 765544
0a070008 0a090019 10000 100 2151782 2892000 4965697 719811
0a070005 0a030019 10000 100 2102667 2756000 5105327 703588
0a070011 0a02001c 10000 100 1773305 2528999 5336350 594828
0a0a000c 0a09000e 10000 100 2344323 4658999 3208345 783391
0a00000f 0a0b0003 10000 100 2336987 1350999 6520072 780966
0a0b0013 0a090007 10000 100 2579299 1889999 5981783 860994
0a0b0008 0a060014 10000 100 1636982 2203000 5668823 549807
0a03000b 0a07000a 10000 100 1925244 1905000 5970423 645000
0a030014 0a0a0008 10000 100 2208033 3514000 4363913 738395
0a020002 0a010019 10000 100 2589165 761999 7116041 864259
0a050010 0a000016 10000 100 2501551 264000 7614479 835316
0a050002 0a0b0019 10000 100 1821231 3383999 4498331 610656
0a040005 0a030019 10000 100 2489722 574999 7308025 831408
0a00001a 0a030020 10000 100 992815 3886000 3997210 337069
0a030003 0a080001 10000 100 1975572 3125000 4758968 661627
0a040002 0a0a0011 10000 100 2116558 3954000 3930753 708186
0a050014 0a000020 10000 100 2181072 3641000 4245671 729491
0a050017 0a020003 10000 100 2165330 2517999 5369545 724285
0a07000a 0a080005 10000 100 1730651 3841999 4047104 580733
0a000012 0a060014 10000 100 1582128 3377999 4511572 531685
0a030002 0a0a0013 10000 100 2310505 1368999 6524354 772231
0a01001a 0a0a000a 10000 100 2542614 2658999 5234525 848887
0a00000e 0a090005 10000 100 1005209 3410999 4484393 341173
0a04001b 0a010017 10000 100 1969620 2991999 4905109 659661
0a030009 0a010019 10000 100 2053504 1595000 6304823 687364
0a080014 0a02000c 10000 100 1801242 2318000 5582092 604044
0a000015 0a030016 10000 100 1710703 3824000 4076429 574150
0a0a0014 0a0a0019 10000 100 1656740 4019000 3882905 552089
0a090008 0a080017 10000 100 1764490 3497000 4407755 591915
0a000003 0a0b000e 10000 100 2035065 3573999 4331496 681264
0a080003 0a040007 10000 100 2342864 737000 7168706 782908
0a00001f 0a090012 10000 100 2343181 627999 7278694 783025
0a0a0005 0a020016 10000 100 2283312 1271999 6637606 763253
0a060004 0a070012 10000 100 1805229 2987000 4923454 605366
0a010007 0a08000e 10000 100 2558910 1951000 5964358 854255
0a000004 0a030008 10000 100 2129397 756000 7159845 712418
0a06001c 0a030004 10000 100 2301137 1572999 6343570 769141
0a090006 0a0b0017 10000 100 2316917 1183000 6735510 774344
0a07000d 0a04001c 10000 100 2161530 5999 7912822 723038
0a090015 0a010016 10000 100 1898469 1726000 6193067 636155
0a0a0011 0a090009 10000 100 2381197 4504000 3418340 795574
0a0a000e 0a0b0001 10000 100 2474371 3778999 4143593 826342
0a0a0015 0a030013 10000 100 2103968 2464000 5459155 704019
0a0a001a 0a060001 10000 100 2368230 4375999 3547229 791287
0a08001c 0a040010 10000 100 2476739 1652999 6270822 827131
0a00001a 0a060018 10000 100 1979728 1861000 6063781 662988
0a070013 0a020001 10000 100 1786193 2971999 4955837 599075
0a060001 0a01000f 10000 100 2137341 4193999 3735311 715037
0a080005 0a030012 10000 100 2254647 2027999 5901823 753788
0a07001a 0a0a0009 10000 100 2491091 3565000 4364896 831862
0a050015 0a040016 10000 100 988369 4214999 3715956 335600
0a0b001b 0a070008 10000 100 997590 4779000 3154237 338658
0a020001 0a050009 10000 100 2443133 622999 7310275 816024
0a080005 0a030013 10000 100 1856408 2373999 5562492 622266
0a000013 0a0a0013 10000 100 2206996 2980000 4956493 738048
0a010018 0a00000f 10000 100 1936954 4891999 3047586 648870
0a030012 0a040020 10000 100 2546608 826000 7113988 850195
0a02000f 0a090017 10000 100 1915751 1204999 6737646 641870
0a09000f 0a020011 10000 100 1804277 4348999 3595870 605046
0a02001c 0a070016 10000 100 2268973 3256000 4689541 758511
0a040003 0a010011 10000 100 1957445 2152999 5796491 655627
0a020005 0a09000c 10000 100 1642971 3431000 4518501 551785
0a0a001b 0a04000b 10000 100 1662458 3405000 4545863 558220
0a0a001b 0a010019 10000 100 1863456 2492999 5458644 624598
0a0a000e 0a010010 10000 100 2416901 997000 6956442 807368
0a000016 0a03000a 10000 100 2478754 748999 7207127 827791
0a020016 0a0a0020 10000 100 1785507 3738000 4219497 598856
0a080014 0a040012 10000 100 1857145 2932999 5029569 622517
0a08000c 0a000008 10000 100 1775992 4957999 3004928 595703
0a090001 0a02000d 10001 100 2510582 2955000 5009534 838298
0a080016 0a090005 10000 100 2049490 132999 7831557 686033
0a090014 0a040006 10000 100 1564218 2269000 5695902 525770
0a04000b 0a000016 10000 100 1963222 4433999 3531937 657537
0a08000f 0a01000e 10000 100 1950594 4431000 3537137 653373
0a030017 0a06001b 10001 100 824834 4044999 3925528 281594
0a0a0003 0a07001c 10000 100 2597164 1856999 6114844 866896
0a020004 0a040009 10000 100 1820358 2621000 5352791 610361
0a06000a 0a00001d 10000 100 1617063 1938999 6036041 543233
0a040002 0a09000c 10000 100 2579666 2481999 5497405 861112
0a07001e 0a05000f 10000 100 1893635 2876999 5104292 634562
0a0b0017 0a000017 10000 100 2588649 1093999 6887886 864079
0a05001f 0a09001f 10000 100 1735857 4083999 3899441 582461
0a04001a 0a0a001f 10000 100 2335179 420000 7564817 780372
0a07000d 0a030011 10000 100 1957544 326999 7661328 655674
0a010002 0a040017 10000 100 1770189 2279000 5710127 593800
0a05000c 0a090017 10000 100 2516553 757999 7232527 840271
0a080003 0a02000f 10000 100 1951553 2804000 5186897 653695
0a030018 0a02000b 10000 100 2365186 2258000 5733324 790282
0a00001a 0a060019 10000 100 1599454 389000 7603880 537414
0a030005 0a050018 10001 100 2552792 2517999 5474945 852236
0a04000e 0a04001d 10000 100 2174556 4729999 3262990 723089
0a030004 0a02001d 10000 100 2538844 2015999 5979707 847634
0a05001e 0a070007 10000 100 2170528 2134000 5864549 726010
0a02000f 0a07001d 10000 100 2395337 614999 7385036 800237
0a02001f 0a09000c 10000 100 2037034 3859000 4145490 681925
0a090009 0a0a001d 10000 100 1577394 4395999 3608560 530124
0a020017 0a090010 10000 100 2221555 2295000 5709630 742861
0a070015 0a0b000a 10000 100 2055922 4250999 3754269 688153
0a010013 0a090011 10000 100 2547121 4606999 3399811 850375
0a010004 0a03000f 10000 100 2290086 3199000 4812840 765482
0a04000c 0a07000b 10000 100 1875968 3248000 4764010 628725
0a0b0013 0a0b0007 10000 100 2596859 3924999 4087560 862558
0a03000c 0a07001b 10000 100 1939401 3302999 4709657 649668
0a0a0010 0a0b0018 10000 100 2361844 4582000 3430790 789182
0a0a000c 0a020014 10000 100 2146420 2798000 5216163 718034
0a03001e 0a040008 10000 100 2459718 2370000 5646152 821500
0a0b000b 0a000014 10001 100 2092818 2876999 5139734 700344
0a06000f 0a03000f 10000 100 1591976 3259999 4757520 534944
0a050005 0a05001b 10000 100 1937206 1309999 6708410 644711
0a030018 0a060002 10000 100 2264722 1338999 6679580 757104
0a060015 0a020015 10000 100 1699247 4075999 3944188 570361
0a040014 0a060003 10000 100 2344023 848000 7176519 783295
0a0b0011 0a0a0019 10000 100 2533883 2197000 5829472 846000
0a02001d 0a0b000e 10000 100 1592754 3645999 4381940 535193
0a060007 0a01001d 10000 100 2521442 4618999 3409771 841881
0a05001a 0a030017 10000 100 1844474 3376000 4652866 618324
0a000006 0a02001c 10000 100 2596944 3491000 4538246 866825
0a00001f 0a06001f 10000 100 1859068 3882000 4148494 623148
0a02000a 0a0a000c 10000 100 2561750 444000 7586568 855194
0a090013 0a050001 10000 100 1840465 790000 7241919 616995
0a0b0006 0a060010 10000 100 2562105 2720999 5314236 855323
0a020020 0a00001c 10000 100 2059127 2841000 5194578 689209
0a05001d 0a07000e 10000 100 825261 4049999 3985580 281746
0a040012 0a08000f 10000 100 2497206 1861000 6174918 833880
0a060019 0a09000f 10000 100 1570598 1015000 7022786 527888
0a00001c 0a020007 10000 100 2115006 2733000 5307808 707674
0a050011 0a09000e 10000 100 2091391 3792999 4252429 699872
0a04000a 0a000010 10000 100 1582443 4329000 3720054 531786
0a00000e 0a030005 10000 100 1602191 2827999 5221651 538320
0a000001 0a050004 10000 100 2487214 4002000 4049403 830590
0a090015 0a010006 10000 100 2142235 852000 7200514 716664
0a030019 0a0b001c 10000 100 2516651 1087000 6966178 840302
0a090002 0a070015 10000 100 1805646 2720999 5336415 605500
0a01000b 0a02001d 10001 100 2370345 4127999 3929518 791994
0a030007 0a090007 10000 100 2076036 582000 7475775 694805
0a090013 0a000006 10000 100 2411313 1575000 6483446 805519
0a02001b 0a08001d 10000 100 2385550 622999 7435591 797013
0a070016 0a040008 10000 100 2531059 3837999 4220867 845066
0a020001 0a0b000c 10000 100 2540029 1399000 6659983 848029
0a08001a 0a0a0019 10000 100 2128774 1219000 6840416 712218
0a090013 0a060016 10000 100 1640991 3226000 4835514 551120
0a010008 0a020003 10000 100 1677499 3802999 4258608 563187
0a01001e 0a0a001c 10000 100 2444624 1484999 6580608 816516
0a040012 0a010017 10000 100 2439905 2419999 5646783 814960
0a0a000c 0a01001e 10000 100 2400764 1877999 6190145 802035
0a080017 0a060008 10000 100 2402793 4682000 3387091 802700
0a040020 0a0a0017 10000 100 1741515 3259999 4809559 584333
0a090018 0a010006 10000 100 2275146 2150000 5919798 760547
0a080017 0a060016 10000 100 2094521 3759999 4309993 700904
0a040020 0a040013 10000 100 2136884 4164000 3912091 710650
0a000013 0a03001a 10000 100 2428654 4129999 3946152 811252
0a03001c 0a090011 10000 100 2504900 2814999 5262153 836419
0a0b0007 0a07001b 10000 100 2441760 3138999 4939754 815569
0a090017 0a08000f 10000 100 1716662 1714999 6364002 576119
0a020003 0a060011 10000 100 2099353 4265999 3813102 702496
0a090012 0a080011 10000 100 2199779 1721000 6360271 735662
0a03000b 0a080007 10000 100 2531866 1724999 6356524 845324
0a06001b 0a070002 10000 100 2433150 2474000 5607935 812737
0a050004 0a0a0001 10000 100 2253953 1765999 6316206 753551
0a00000e 0a07001a 10000 100 2522706 64999 8017490 842301
0a090013 0a06001e 10000 100 2513429 1949999 6135093 839240
0a030008 0a020020 10000 100 2096873 1077999 7008296 701672
0a070013 0a06000f 10000 100 1839044 4385000 3702395 616540
0a010009 0a0b0014 10001 100 2316826 4916000 3174318 774315
0a000007 0a010015 10001 100 2489657 2739999 5351307 831387
0a02000d 0a03000a 10000 100 2157852 3389999 4701906 721815
0a0a0015 0a010002 10000 100 1816997 1861000 6232708 609255
0a030002 0a080009 10000 100 1859593 4671999 3422858 623316
0a06001a 0a0a000d 10000 100 1784318 3174999 4921251 598460
0a04000b 0a05001a 10000 100 2188045 3674999 4422447 731784
0a050004 0a020013 10000 100 1555306 4126999 3972166 522826
0a08000a 0a04001f 10000 100 2563399 2445000 5655286 855737
0a01000b 0a030011 10000 100 2483585 1404000 6696673 829383
0a040005 0a080008 10000 100 1645645 3922000 4180707 552671
0a08000a 0a02000c 10000 100 1682622 2687000 5418549 564872
0a000015 0a090006 10000 100 2476202 2697999 5408813 826944
0a09000a 0a050001 10000 100 1982852 1026999 7080845 664018
0a05001f 0a09001c 10000 100 1959208 4917999 3190614 656222
0a010001 0a0b001c 10000 100 2473376 1291999 6817895 826008
0a05001e 0a0b0017 10000 100 2542991 1005000 7106545 849007
0a09001b 0a02001f 10000 100 2398281 2014999 6100730 801210
0a040020 0a08000a 10000 100 2306598 196999 7919211 770935
0a03000b 0a080009 10000 100 2285861 549000 7569519 764084
0a070007 0a04000e 10000 100 2234696 3831999 4288424 747189
0a0a0009 0a09000b 10000 100 1896785 3397999 4723761 635601
0a000009 0a060006 10000 100 2120518 288999 7834916 709484
0a090009 0a06000a 10000 100 1655141 1662000 6463272 555802
0a070001 0a02001f 10000 100 2133212 2622000 5503350 713685
0a090009 0a000005 10000 100 2573586 3304000 4824808 859105
0a05001e 0a03001b 10000 100 2369541 1998999 6136089 791721
0a02001c 0a000014 10000 100 2236929 3949000 4187607 747934
0a03000d 0a0a000b 10000 100 2379983 4401000 3736288 795170
0a070003 0a020008 10000 100 2109666 4211000 3928526 705904
0a0b0017 0a050005 10000 100 2202140 4787999 3351837 736448
0a090013 0a060011 10000 100 2562753 668999 7472393 855531
0a0b0001 0a050002 10000 100 2428348 1502000 6640518 811139
0a0a000f 0a090002 10000 100 2230863 1252999 6890436 745931
0a070016 0a060002 10000 100 2047433 3736999 4409057 685344
0a0b0002 0a09000e 10000 100 1572190 3853999 4292268 528413
0a040019 0a090001 10000 100 1557412 2935999 5210492 523530
0a040005 0a020019 10000 100 1692283 3229000 4918870 568072
0a050013 0a04001f 10000 100 1574714 3338999 4811183 529236
0a070020 0a02000d 10000 100 2419627 3860999 4290963 808271
0a05000e 0a06000a 10000 100 1839910 1258000 6894625 616817
0a080016 0a040008 10000 100 1608504 4007000 4145864 540402
0a0a0005 0a09000b 10000 100 1703353 3118999 5033951 571721
0a0b000b 0a070017 10001 100 2047018 3641000 4515185 685212
0a020008 0a06001c 10000 100 1645624 3739999 4416896 552664
0a050012 0a070004 10000 100 2352694 1971999 6187085 786161
0a030011 0a06001b 10000 100 2517475 1283000 6879093 840581
0a0a0014 0a0b000c 10000 100 1654311 4193999 3968526 555521
0a09001f 0a080006 10000 100 1919452 3278000 4884591 643085
0a07000c 0a040012 10000 100 2420269 2994999 5169813 808477
0a010016 0a09001b 10000 100 2570935 2279999 5886190 858226
0a080017 0a07000f 10000 100 2332326 4954000 3212542 779429
0a050019 0a050020 10000 100 2253515 3995000 4176903 749170
0a070005 0a01000e 10000 100 2455719 1779999 6393355 820189
0a08001e 0a030002 10000 100 2405353 2435999 5741485 803550
0a01001a 0a00001f 10000 100 2165680 3664999 4515809 724397
0a00001f 0a010007 10000 100 2414267 2224999 5956811 806495
0a04000e 0a0b0003 10000 100 2165140 1425000 6757521 724224
0a050008 0a00001f 10000 100 2423917 3347999 4835324 809675
0a04000d 0a020013 10000 100 1902356 2977000 5207714 637445
0a040011 0a060015 10000 100 1923147 3480000 4705019 644313
0a030006 0a080003 10000 100 2531615 855999 7330592 845244
0a020019 0a080008 10000 100 1888130 4741000 3446043 632739
0a00000a 0a040013 10000 100 2590831 903999 7283699 864808
0a050017 0a06000c 10000 100 2008335 1763999 6424556 672434
0a06001e 0a090020 10000 100 1687497 3167999 5023835 566479
0a090001 0a040006 10000 100 1830649 3229999 4961895 613762
0a01000a 0a00000c 10000 100 2111676 2784000 5408165 706563
0a04001c 0a000009 10000 100 1750025 1899999 6292251 587133
0a030006 0a0b001f 10000 100 2200770 3399999 4793752 735994
0a050009 0a09001c 10000 100 1706072 3785000 4410377 572622
0a080002 0a040007 10000 100 1840897 3873999 4321591 617149
0a0a0007 0a000004 10000 100 948090 3948000 4248319 322311
0a0a001e 0a00001a 10000 100 1999303 3302999 4893955 669451
0a05001a 0a090013 10000 100 2391305 4473999 3723286 798916
0a0b0008 0a05001b 10000 100 2351910 1631999 6565794 785895
0a040007 0a04000c 10000 100 2163214 2243999 5958585 719352
0a0b0011 0a0a0004 10000 100 1613119 4858000 3345419 541925
0a060018 0a0a0018 10000 100 2154240 4669000 3534612 720629
0a030004 0a010014 10000 100 2337993 3131999 5071635 781304
0a060013 0a030003 10000 100 2314822 1329000 6876005 773658
0a0a001f 0a03001b 10000 100 2299235 83999 8122248 768502
0a080005 0a01000f 10000 100 1966189 4902000 3306037 658517
0a02001c 0a0b0005 10000 100 1641380 3095000 5113809 551260
0a060013 0a030013 10000 100 2569644 1863000 6346248 857813
0a040015 0a0a0012 10000 100 986213 3020999 5188912 334895
0a030007 0a03000e 10000 100 2449612 3472999 4737964 813934
0a04000c 0a080019 10000 100 2494118 2217999 5995468 832861
0a04001d 0a0b0018 10000 100 2080592 2833000 5381238 696309
0a030017 0a010007 10000 100 1737892 1036999 7178193 583127
0a02001d 0a07000f 10000 100 2472382 2036000 6182128 825690
0a070011 0a00000c 10000 100 2355714 2778999 5439822 787159
0a090008 0a020008 10000 100 1931384 2118999 6100781 647026
0a070020 0a04001e 10000 100 2596830 3285999 4934398 866789
0a04000f 0a010005 10000 100 2337989 1113999 7106728 781302
0a09001d 0a02001d 10000 100 2025317 4154999 4074018 678052
0a05001d 0a030004 10000 100 2074339 1198999 7030534 694231
0a070003 0a050016 10000 100 2595685 1173999 7056505 866407
0a020002 0a09001b 10000 100 1930001 613999 7619101 646568
0a090001 0a01000d 10000 100 2244712 2243999 5990726 750501
0a070005 0a04000b 10001 100 2465330 2719000 5517150 823357
0a050008 0a040011 10000 100 1753970 4382999 3853292 588441
0a00000e 0a02001d 10000 100 1885080 1572000 6665300 631733
0a040014 0a09001c 10000 100 2111792 876999 7361082 706600
0a080012 0a000009 10000 100 1675602 1309999 6930511 562565
0a08001f 0a0a0015 10000 100 2530067 3945999 4296881 844733
0a000010 0a000009 10000 100 1798817 2328000 5914918 599013
0a0b000d 0a09001b 10000 100 2498827 2892000 5351093 834414
0a0a0005 0a060008 10000 100 1951943 3782999 4460497 653820
0a030003 0a060002 10000 100 2498062 1164000 7080527 834169
0a0a000c 0a07000e 10000 100 650878 4764000 3487643 224147
0a0b0019 0a060013 10000 100 1616857 4061000 4191545 543152
0a0a0014 0a080010 10000 100 1758436 4928000 3327361 589916
0a020003 0a03001b 10000 100 1990982 4666000 3590191 666712
0a030016 0a05000d 10000 100 1919735 4625999 3630783 643176
0a030002 0a0a0017 10000 100 2587629 1131999 7125059 863752
0a06000f 0a010014 10000 100 2302876 1320999 6936135 769713
0a000018 0a070013 10000 100 1612145 2820000 5437905 541598
0a06000c 0a06000a 10000 100 1902271 3725000 4533503 633178
0a02000f 0a05000e 10000 100 1638212 4065000 4193866 550216
0a02000b 0a05001a 10000 100 1955909 3409000 4852420 655120
0a090018 0a0b0018 10000 100 1830499 3340000 4921463 613714
0a04000c 0a070004 10000 100 2034595 1765000 6497342 681113
0a090010 0a000002 10000 100 1718209 3050000 5213664 576629
0a010017 0a000018 10000 100 2418013 1250000 7014632 807739
0a0b001d 0a020001 10000 100 2356908 2148999 6116148 787556
0a09001a 0a0a000b 10000 100 2364385 1809999 6457379 790025
0a030011 0a090009 10000 100 2036839 2066000 6202819 681847
0a020015 0a0a000b 10000 100 2460728 2809999 5461397 821838
0a0a000b 0a050019 10000 100 2226500 1191000 7083205 744489
0a07000d 0a080011 10000 100 920555 4323999 3951149 313208
0a04001d 0a0a000c 10000 100 2168061 3648999 4628962 725190
0a020003 0a05001b 10000 100 2394268 4265999 4015741 799895
0a02000c 0a030004 10000 100 1662086 4909000 3373180 558101
0a090007 0a060007 10000 100 2541589 885999 7398825 848543
0a070003 0a040008 10000 100 2290252 4388999 3897061 765535
0a000020 0a09000b 10000 100 2360928 3393999 4894435 788873
0a03000d 0a020016 10000 100 2178345 1152999 7141129 728588
0a070011 0a01000b 10000 100 2010056 3586999 4707580 673015
0a08001e 0a0b001a 10000 100 2030406 4845000 3452819 679727
0a0a0017 0a0b0001 10000 100 2532057 3095999 5202734 845401
0a080011 0a010020 10000 100 2568485 895999 7403033 857426
0a00001a 0a01000f 10000 100 2208805 2152999 6148858 738642
0a0b000b 0a070013 10000 100 2086037 2095000 6208534 698097
0a000013 0a060017 10000 100 2232290 3236999 5067776 746403
0a00001c 0a0a0016 10000 100 2486201 1405999 6903750 830251
0a05001e 0a03000f 10000 100 2225134 2605000 5704946 744037
0a030012 0a04001a 10000 100 1715942 3704999 4606098 575873
0a09000c 0a020014 10000 100 2575043 3863999 4447413 859586
0a06000e 0a0a0013 10000 100 2181057 4305999 4010307 729487
0a020014 0a03001c 10000 100 2143329 4416999 3899416 717014
0a03001b 0a040020 10000 100 1951781 2807000 5509907 653768
0a000005 0a01000d 10001 100 1599959 4650999 3667803 537576
0a060018 0a0a0017 10000 100 2549849 2245000 6074282 851263
0a0b0003 0a0a0016 10000 100 2193023 3214999 5104323 733439
0a090002 0a080008 10000 100 2240146 2284000 6039717 748994
0a030010 0a0b0002 10000 100 2192669 3916000 4407960 733310
0a09000e 0a0b0003 10000 100 2327632 3252999 5071092 777880
0a030007 0a040001 10000 100 2046991 3073000 5251414 685203
0a02001d 0a050003 10000 100 1618817 4298999 4025664 543810
0a04001d 0a02001c 10000 100 2448319 3465999 4858962 817744
0a080001 0a0b0009 10000 100 2371335 2844000 5484645 792311
0a040011 0a060014 10000 100 2539190 977999 7351969 847745
0a0a001f 0a030004 10000 100 1779579 3687000 4643178 596897
0a090010 0a020012 10000 100 1572394 3493000 4837795 528478
0a000012 0a030014 10000 100 1027398 4871999 3459542 348488
0a0a0003 0a00000e 10000 100 1844425 4152000 4187108 618308
0a0a0018 0a050011 10000 100 1997123 3108999 5231475 668738
0a030017 0a000005 10000 100 1558438 1995999 6348248 523859
0a090013 0a090005 10000 100 2453110 1985999 6359114 815084
0a040014 0a05001d 10000 100 2001159 4810000 3536008 670076
0a050012 0a090013 10000 100 2201211 2794000 5552134 736136
0a0a000f 0a070014 10000 100 2192899 3686000 4660389 733384
0a0a0006 0a060006 10000 100 2444328 2851999 5496406 816421
0a0a0016 0a07001c 10000 100 1610517 3392000 4956532 541062
0a0a000b 0a070020 10000 100 1974028 4139999 4208834 661118
0a080014 0a0b0006 10000 100 2243250 2177000 6173612 750018
0a0a0014 0a06001a 10000 100 2299773 3804000 4546864 768689
0a020016 0a00001e 10000 100 2196607 3322999 5029475 734616
0a0b0012 0a02000c 10001 100 2117088 3811999 4542133 708356
0a0b0012 0a060006 10000 100 2248798 3020999 5334970 751855
0a090001 0a070007 10000 100 2264911 3007000 5354605 757165
0a02000d 0a080007 10000 100 2311260 4460000 3902369 772472
0a0a0015 0a050008 10000 100 1938849 2275999 6088138 649492
0a08000d 0a020019 10000 100 2399311 4185999 4178721 801555
0a04000f 0a00000b 10000 100 2490949 3729999 4635570 831816
0a010003 0a050015 10000 100 1648651 2393999 5977106 553664
0a0b0010 0a09000f 10000 100 2201387 3879000 4492488 736192
0a02000c 0a070008 10000 100 1934948 1404000 6969317 648197
0a0a001b 0a05001c 10000 100 2385180 2586999 5786451 796895
0a010002 0a02000c 10000 100 1804957 1727999 6645722 605279
0a040009 0a000009 10000 100 1019848 4898999 3474891 345996
0a0b001d 0a080005 10000 100 1838538 3370000 5005225 616363
0a09000d 0a08001e 10000 100 1975946 4878000 3499382 661747
0a0a0009 0a03001d 10000 100 2442815 2931000 5446934 815922
0a080014 0a08001f 10000 100 1662306 3667000 4713443 553932
0a02000a 0a0b000b 10000 100 1858110 2789999 5593438 622826
0a0b0008 0a080006 10000 100 1945029 2487000 5898026 651531
0a060008 0a03001b 10000 100 1929518 3860999 4524059 646414
0a000019 0a080018 10000 100 2390568 4197000 4192154 798665
0a09000c 0a040019 10000 100 2298587 885000 7505979 768294
0a010009 0a080014 10000 100 2328565 3733000 4660357 778194
0a090003 0a030011 10000 100 1578473 3618000 4777989 530485
0a080016 0a0a0011 10000 100 2352833 3995000 4404168 786206
0a060013 0a0a0008 10000 100 2529327 2256999 6145530 844496
0a01000a 0a0b0009 10000 100 2487132 1958999 6444868 830564
0a090007 0a030015 10000 100 2019228 3993000 4413481 676042
0a03001b 0a08000c 10000 100 2411785 4475999 3932703 805670
0a010015 0a030019 10000 100 2484535 4377999 4034539 829702
0a09000f 0a08001d 10000 100 1876493 4040000 4373682 628893
0a030009 0a050006 10001 100 2392708 3983000 4431270 799381
0a09000a 0a060018 10000 100 1960355 3948000 4466555 656589
0a040013 0a03000b 10000 100 1747568 4572999 3846596 586331
0a06001b 0a050012 10000 100 1626454 2491999 5928507 546330
0a080020 0a060003 10000 100 1696178 4923000 3499468 569349
0a01001a 0a020002 10000 100 2544216 4760000 3663543 849415
0a09000a 0a00001c 10000 100 2366735 2993000 5434865 790793
0a06000c 0a050007 10000 100 1967963 2377000 6051242 659100
0a0b0008 0a06000a 10000 100 1721354 2305999 6127795 577666
0a080014 0a09001a 10000 100 1595499 4002999 4431131 536102
0a080005 0a0a000b 10000 100 1864431 2759000 5677683 624910
0a050004 0a0a0005 10000 100 2496913 3655999 4781141 833786
0a020001 0a000012 10000 100 2142409 2647000 5792017 716720
0a030007 0a080008 10000 100 2411136 644000 7797267 805462
0a020006 0a030020 10000 100 2212341 1100000 7342163 739805
0a010008 0a030006 10000 100 2305747 3696000 4748595 770662
0a03000e 0a0b0014 10000 100 2421523 4335999 4112124 808893
0a09000c 0a010002 10000 100 2241619 1033999 7414860 749481
0a05000d 0a07001a 10000 100 2562454 1600000 6849995 855435
0a01001a 0a060003 10000 100 2318532 3151000 5299539 774876
0a05001e 0a05000f 10000 100 2233682 3043000 5407579 742624
0a020008 0a040014 10000 100 2276758 4089999 4361237 761079
0a08001d 0a06001f 10000 100 2521575 2569999 5882925 841939
0a020018 0a060010 10000 100 1949109 4198000 4255825 652882
0a04000f 0a03001d 10000 100 2420428 1673000 6781231 808528
0a01001e 0a0a0018 10000 100 1660659 2160000 6294870 557629
0a09000e 0a0a0019 10000 100 2381169 2162999 6292858 795565
0a000018 0a0b000b 10000 100 1867772 4176000 4280617 626025
0a0a0018 0a000002 10000 100 2144472 1871000 6586542 717395
0a010019 0a020018 10000 100 2477233 733000 7726576 827289
0a02001c 0a040017 10000 100 2064100 1327000 7132882 690862
0a030017 0a08001e 10000 100 1994702 1056000 7404419 667933
0a0b001c 0a040008 10000 100 2049805 1327999 7133770 686134
0a0b000d 0a000007 10000 100 2014846 4978999 3483025 674594
0a020006 0a090020 10000 100 2157438 4312999 4149389 721683
0a00000d 0a000013 10000 100 1734168 3969999 4492823 577665
0a08000c 0a020002 10000 100 1911366 3678999 4786893 640421
0a00001a 0a07000a 10000 100 2390744 2318999 6147373 798721
0a000020 0a010005 10001 100 2256581 3184999 5281441 754422
0a010015 0a0b0002 10000 100 2345690 4708000 3758726 783843
0a01000f 0a040013 10000 100 2479674 2318999 6149290 828101
0a050013 0a08001e 10000 100 1893294 2479999 5988818 634453
0a03000a 0a040006 10000 100 1799579 4348999 4119910 603497
0a010006 0a00000d 10000 100 2150134 1830999 6638056 719269
0a09000f 0a070002 10000 100 2360252 3557999 4912219 788657
0a030016 0a0a0018 10000 100 2523845 2577999 5897391 842681
0a0a001b 0a05000f 10000 100 2588167 2664000 5811648 863924
0a060004 0a050014 10000 100 2015691 4917000 3560808 674864
0a000019 0a040001 10000 100 2300483 4995999 3482439 768916
0a010007 0a05000c 10000 100 2398624 4341000 4137554 801335
0a020011 0a05000e 10000 100 2423754 3389000 5092275 809623
0a080014 0a08000c 10000 100 2093495 3191999 5290409 696320
0a040003 0a000009 10000 100 1646983 4205999 4276941 553099
0a040015 0a000012 10000 100 2015138 1015999 7469087 674688
0a03001c 0a0b0012 10000 100 1673641 2573000 5912430 561906
0a020004 0a07001c 10000 100 1799553 3995000 4490487 603488
0a0b0009 0a05000b 10000 100 1996513 2962999 5522903 668543
0a0b0016 0a040011 10000 100 2548677 1232000 7254770 850888
0a04001b 0a0b0016 10000 100 1989028 3876999 4610394 666071
0a050016 0a090003 10000 100 2191743 3399000 5088704 733014
0a060007 0a000005 10000 100 2243429 4132000 4356685 750075
0a020013 0a080017 10000 100 2473065 3716999 4774037 825909
0a01000b 0a040011 10000 100 2301228 595000 7896708 769170
0a0a0005 0a080019 10000 100 2096320 4002999 4489389 701495
0a000020 0a09001b 10000 100 2568957 1701000 6791897 857577
0a01001e 0a05000f 10000 100 2141310 1559999 6933463 716353
0a00000a 0a090005 10000 100 1576534 2020999 6473406 529849
0a02000f 0a05001c 10001 100 1625451 4019000 4476467 545994
0a080003 0a090017 10000 100 2246564 4031999 4465281 751109
0a040013 0a080015 10000 100 2592899 3937999 4560312 865485
0a070014 0a060016 10000 100 1637880 4595000 3903983 550094
0a030012 0a080008 10000 100 2443954 2150000 6349000 816302
0a0a0018 0a050014 10000 100 2300152 1848999 6651547 768810
0a090019 0a00000d 10000 100 2388548 4815999 3684847 798003
0a08000e 0a050011 10000 100 1576549 4093000 4410816 529854
0a0a0005 0a020009 10000 100 2206379 3726999 4776840 737835
0a00000f 0a050016 10000 100 1904249 3322999 5181946 638066
0a050019 0a0a0017 10000 100 2066502 2203999 6306691 691646
0a05001a 0a060017 10000 100 2570749 4246999 4264246 858166
0a040003 0a09001b 10000 100 1720938 4269000 4247288 577533
0a030015 0a060009 10000 100 1881934 979999 7536303 630695
0a09001e 0a020004 10000 100 1554725 3312999 5204970 522640
0a050011 0a060019 10000 100 2110869 3037999 5487593 706304
0a040004 0a03000a 10000 100 1759326 4836000 3689974 590201
0a070010 0a020019 10000 100 2224554 4164000 4362115 743851
0a060004 0a04000e 10000 100 1800223 4165000 4365845 603718
0a02001d 0a090020 10000 100 2411212 1152000 7379428 805486
0a06000c 0a090017 10000 100 1767226 4569000 3962662 592821
0a030014 0a030013 10000 100 2557350 4810000 3724430 849500
0a0b0008 0a060001 10000 100 2050666 2722000 5813534 686425
0a04001b 0a020009 10000 100 2159634 3413999 5121574 722401
0a0a000d 0a04001a 10000 100 1887761 2684999 5851732 632621
0a00000a 0a090007 10000 100 1589035 4235000 4301894 533972
0a09001e 0a050001 10000 100 750062 4756999 3783944 256915
0a02000b 0a0a001a 10001 100 1865076 4539999 4001043 625132
0a020014 0a090020 10000 100 2557414 723000 7818169 853761
0a02001e 0a050014 10000 100 1785283 4279999 4264096 598784
0a01000f 0a00000b 10000 100 1975282 4866999 3678274 661519
0a03001e 0a080007 10000 100 2207079 3253999 5291695 738075
0a000020 0a0a0020 10000 100 2007821 4157000 4388762 672269
0a00000b 0a07000d 10000 100 1797615 1495999 7049858 602853
0a040003 0a070015 10000 100 2504675 2824000 5722504 836347
0a04001e 0a080005 10000 100 2213315 2089000 6461093 740132
0a030019 0a01001a 10000 100 2526169 1018999 7532181 843455
0a0a000d 0a050013 10000 100 2016950 2507999 6044457 675283
0a03000d 0a050018 10000 100 2509334 1343999 7213266 837884
0a05001a 0a04001a 10000 100 1586885 4206999 4350706 533254
0a0a0016 0a08000a 10000 100 1850284 3125000 5434069 620245
0a0a0009 0a08001d 10000 100 1646024 4910000 3653507 552792
0a020005 0a050015 10000 100 1561510 2089000 6476190 524888
0a02001a 0a040006 10000 100 1706741 4085000 4480604 572836
0a000017 0a010019 10000 100 2479633 1526999 7039559 828088
0a010012 0a05000f 10000 100 1775721 2393000 6174697 595616
0a02001d 0a08001e 10000 100 1577775 4739000 3830120 530246
0a00000b 0a030004 10000 100 1832471 2103999 6465350 614360
0a060016 0a080014 10000 100 2300349 1397000 7172863 768873
0a03001c 0a09001d 10000 100 2463841 1186999 7384878 822865
0a03001b 0a0a0019 10000 100 2368240 1948000 6624815 791290
0a050007 0a01001a 10000 100 2447260 1991000 6583821 817390
0a090012 0a08000e 10000 100 2426904 4203000 4372871 810661
0a03001b 0a070004 10000 100 2384199 3340000 5239214 796566
0a010006 0a0a000b 10000 100 2533602 3983000 4596914 845911
0a010008 0a01000a 10001 100 2556402 3676000 4906863 849197
0a07001b 0a040017 10000 100 1903953 2660000 5922971 637972
0a010011 0a0a0019 10000 100 2174459 2696000 5887854 727298
0a000018 0a01000e 10000 100 1906474 4381000 4203579 638794
0a02000f 0a040020 10000 100 2039059 4532999 4054026 682588
0a040009 0a0a0004 10000 100 2126396 4251999 4336358 711427
0a0a001b 0a05000a 10000 100 2349429 3595999 4992436 785086
0a01001c 0a050012 10000 100 2133847 1647999 6941113 713888
0a090016 0a040006 10000 100 2353572 2380000 6209333 786458
0a060008 0a020004 10000 100 1908929 4592999 3999405 639610
0a020001 0a04001d 10000 100 2278349 2301999 6290527 761603
0a090017 0a050001 10000 100 1931575 456999 8136075 647087
0a03001a 0a0b0002 10000 100 2539525 3605999 4995441 847867
0a0b0019 0a020019 10000 100 2502930 3624000 4981013 835773
0a040011 0a05000e 10000 100 1671434 2281000 6325238 561185
0a050015 0a070006 10000 100 2024069 1204999 7403680 677638
0a000012 0a02000a 10000 100 1616358 4498000 4111018 542992
0a000017 0a0b0002 10000 100 2528646 3278999 5330032 844263
0a060016 0a010016 10000 100 1676385 4985999 3626128 562815
0a010015 0a00000d 10000 100 2342845 4649999 3964630 782902
0a08000c 0a020004 10000 100 2461789 992999 7624185 822193
0a06000d 0a090010 10000 100 2473482 2465000 6152865 826042
0a030017 0a07000b 10000 100 1769023 1152999 7466858 593412
0a030009 0a020010 10000 100 2530195 2625999 5995163 844774
0a030012 0a05001a 10000 100 1868007 4366000 4255326 626100
0a02001b 0a010016 10000 100 2434857 2237999 6390543 813298
0a040020 0a00000e 10000 100 1858183 4407999 4220719 622849
0a03000f 0a05000f 10000 100 2357678 1955000 6674724 787802
0a050005 0a010006 10000 100 1615215 2393000 6238558 542611
0a030005 0a040013 10000 100 2469142 2628000 6006588 824623
0a030011 0a040003 10000 100 2149255 3876000 4758838 718972
0a000004 0a06001c 10000 100 2227110 2064999 6570574 744684
0a06001a 0a05001d 10000 100 1946358 4619999 4017144 651971
0a070004 0a050008 10000 100 2216099 2511999 6130515 741053
0a090019 0a0b0006 10000 100 2224740 4394000 4252825 743911
0a00000a 0a010005 10000 100 2167635 3713000 4934395 725053
0a000005 0a01001d 10000 100 2271879 2095000 6553947 759471
0a0a001e 0a080015 10000 100 2311527 4787999 3861271 772573
0a030006 0a09000a 10000 100 2135098 1946999 6703272 714304
0a09000b 0a000011 10000 100 1899558 1742999 6909747 636519
0a010018 0a0a001b 10000 100 1598591 4447999 4206792 537122
0a05000f 0a010016 10000 100 2469495 4185999 4469511 824736
0a0b001a 0a050018 10000 100 1625759 3906999 4748559 546093
0a050017 0a020001 10000 100 2451154 4634000 4030431 818682
0a02001b 0a040006 10000 100 1902289 4734000 3930560 637424
0a0a0018 0a000011 10000 100 2583908 3556000 5109161 862515
0a00000a 0a05000b 10000 100 2031467 4431000 4234335 680082
0a07000a 0a050001 10000 100 2090987 956999 7711875 699727
0a05000d 0a040018 10000 100 1706833 3876000 4793397 572866
0a000017 0a040017 10000 100 1896987 3374999 5297258 635666
0a04000e 0a0a0005 10000 100 2155962 1730999 6945280 721195
0a08001d 0a060001 10000 100 2104891 3956000 4720879 704330
0a0b0008 0a02000e 10000 100 1687209 4287000 4390290 566386
0a09000d 0a01000f 10000 100 1888761 2635999 6041528 632957
0a090001 0a0a001e 10000 100 2428751 1760999 6918087 811283
0a000018 0a0b000d 10000 100 2416142 4841999 3837814 807110
0a09001b 0a020019 10000 100 2552485 3141000 5540166 852137
0a05001c 0a000017 10000 100 2104881 4680000 4001948 704327
0a0a0009 0a000019 10000 100 2368573 3634000 5049145 791412
0a09001c 0a05000c 10001 100 2406321 3199000 5485082 803875
0a010007 0a030002 10000 100 2196312 3733000 4952018 734522
0a030014 0a070018 10000 100 2589221 4033000 4655512 864277
0a04001d 0a05000a 10000 100 2207365 3233000 5458494 738166
0a03001e 0a090005 10000 100 2155584 100999 8591014 721074
0a02000d 0a050018 10000 100 2372182 2455999 6236150 792597
0a05001d 0a070013 10000 100 2515004 380999 8311162 839760
0a02001b 0a0a0004 10000 100 2307900 4040000 4653230 771367
0a00000d 0a060017 10000 100 2412252 1193000 7501484 805834
0a06000a 0a00001c 10000 100 1007466 4562000 4133210 341911
0a09001b 0a040014 10000 100 2549010 2125000 6570216 850995
0a0b0012 0a0a000f 10000 100 2514873 1752000 6945087 839718
0a07000d 0a03000d 10000 100 1661519 1686999 7011132 557904
0a0b001a 0a07001a 10000 100 2498972 2605000 6093182 834460
0a01001e 0a0a0003 10000 100 1826466 4354000 4345798 612377
0a050010 0a030012 10000 100 2293270 1683999 7021358 766531
0a06000f 0a030019 10000 100 1929225 2863000 5844219 646320
0a000009 0a02000b 10000 100 2388337 635000 8075229 797936
0a09001b 0a00001f 10000 100 2284372 1608999 7107241 763592
0a000020 0a04000f 10000 100 2382627 3830000 4886822 796047
0a020016 0a040001 10000 100 2426391 4551000 4167920 810497
0a08000b 0a010002 10000 100 1787728 3917000 4802931 599582
0a0b000d 0a02000b 10000 100 2409605 2707000 6013259 804957
0a01001c 0a030007 10000 100 2373243 4244999 4476623 792952
0a000005 0a0a0020 10000 100 2200410 4243000 4482349 735864
0a090012 0a060019 10000 100 2267253 119999 8605974 757945
0a0a001a 0a050012 10001 100 2325618 2246999 6479546 777221
0a0a0009 0a09000e 10000 100 1904187 4969999 3757080 638047
0a06000f 0a050014 10000 100 1980780 2347000 6385183 663340
0a0a0016 0a03000c 10000 100 2093126 3749999 4982387 700442
0a000012 0a060014 10001 100 1578071 4775999 3956834 530356
0a070002 0a030003 10000 100 2493683 4784000 3951355 832722
0a09001a 0a070012 10000 100 2369237 3259999 5477251 791624
0a01000f 0a0b000c 10000 100 2082442 4152000 4586051 696916
0a00001a 0a00001f 10000 100 2582861 4118000 4620384 857925
0a0b001a 0a0b0018 10000 100 1904081 4061000 4677712 633773
0a04001b 0a070012 10000 100 2416562 3197000 5548320 807260
0a040020 0a090016 10000 100 2293061 2445000 6301062 766464
0a03001e 0a0a001f 10000 100 2266229 2609999 6137798 757602
0a000014 0a010002 10000 100 1740900 4852999 3895534 584120
0a070011 0a000003 10000 100 2543710 4638999 4113673 849237
0a020020 0a050012 10000 100 1982214 2909999 5843023 663814
0a030007 0a020005 10000 100 2522854 1879000 6874824 842348
0a050003 0a09001d 10000 100 2108128 2063999 6690521 705397
0a020018 0a0b001a 10000 100 2576277 4200999 4557831 859997
0a0b0009 0a070001 10000 100 2272333 3248000 5511063 759616
0a07000e 0a000004 10000 100 624457 4555000 4204319 215431
0a020008 0a00000b 10000 100 2234720 4797000 3966649 747196
0a040012 0a020013 10000 100 2172873 3860000 4904285 726776
0a090013 0a060019 10000 100 2336665 2125000 6640888 780863
0a09000a 0a01001d 10000 100 2537991 4128999 4637730 847346
0a030012 0a0a001d 10000 100 2454477 3631999 5135469 819776
0a030017 0a000009 10000 100 2072907 221000 8548619 693757
0a00000f 0a050002 10000 100 1736810 3523000 5247764 582766
0a040006 0a030019 10000 100 2108814 4983999 3787151 705616
0a040011 0a030003 10000 100 2533748 3482999 5291569 845957
0a08000e 0a010013 10000 100 2135033 3912999 4865599 714283
0a010003 0a0a0006 10000 100 2107811 4539999 4238631 705295
0a08000a 0a03001f 10000 100 2109096 4246999 4534181 705722
0a060009 0a070012 10000 100 1793311 1020000 7761450 601430
0a0a001e 0a090017 10000 100 1981680 3461999 5319552 663643
0a010013 0a0b001c 10000 100 2327092 4102999 4680409 777708
0a00000d 0a000010 10000 100 1900970 3978999 4804534 632746
0a05001e 0a00000e 10000 100 2407404 3307000 5479495 804222
0a09000f 0a080013 10000 100 2161852 4348000 4445441 723141
0a0b001c 0a020005 10000 100 2042153 2448000 6345473 683609
0a010017 0a050012 10000 100 2156931 2700999 6097255 721505
0a04000d 0a030005 10000 100 2304808 4857000 3943307 770346
0a090008 0a0b000b 10000 100 1766552 4812000 3991988 592590
0a05001e 0a040020 10000 100 2532047 871000 7934128 845398
0a0a0013 0a050012 10000 100 1792571 3984999 4821994 601193
0a04001a 0a030008 10000 100 2519998 3725000 5086454 841404
0a00001b 0a07000a 10000 100 1930757 1747999 7066263 646825
0a010004 0a0b0017 10000 100 2319236 3422000 5393393 775117
0a04000c 0a010002 10000 100 2153619 3380000 5439058 720415
0a06000f 0a030016 10000 100 2440054 3105999 5714008 815008
0a000010 0a070012 10000 100 2130371 2139999 6680305 712745
0a040019 0a090002 10000 100 2400565 1637000 7185201 801972
0a000004 0a060004 10000 100 2103342 550999 8272081 703819
0a070020 0a02000c 10000 100 2295682 2181000 6643385 767334
0a04000a 0a07000a 10000 100 2187576 4947000 3878887 731634
0a0a0015 0a02000c 10000 100 2219371 1539000 7287397 742131
0a00000a 0a050010 10000 100 2043372 4984999 3843712 684014
0a03000e 0a06001a 10000 100 1996633 4479000 4351198 668582
0a08001d 0a010006 10000 100 2439329 4263000 4567967 814776
0a0a001b 0a060016 10000 100 1894529 4519999 4313444 634864
0a02001d 0a03001d 10000 100 2024379 4604999 4228686 677737
0a0b0016 0a06000a 10000 100 1995106 4808999 4024946 668078
0a070018 0a00000e 10000 100 2509703 3390999 5444271 838017
0a0b0007 0a050018 10000 100 2588644 1531000 7309304 864077
0a090010 0a010013 10000 100 1686300 4264999 4575455 566096
0a090007 0a040013 10000 100 2271799 3291000 5552424 759446
0a0b000f 0a010019 10000 100 2556183 1966999 6881552 853367
0a04001b 0a0a0018 10000 100 2171431 3651999 5198686 726299
0a0b0009 0a010017 10000 100 1803168 4454999 4395968 604691
0a08001d 0a0a0018 10000 100 2058603 3103999 5747102 689042
0a010009 0a0b0014 10000 100 2562484 4102999 4748777 855445
0a030014 0a050005 10000 100 2444706 3759999 5093188 816542
0a030014 0a080003 10000 100 2046341 4826000 4028860 684995
0a000009 0a07000d 10000 100 1891326 1428999 7432867 633793
0a0a0015 0a040017 10000 100 1809207 2827999 6035193 606685
0a000018 0a060019 10000 100 2017989 505000 8359238 675631
0a0a0002 0a030003 10000 100 1948781 3942000 4924823 652777
0a040017 0a000017 10000 100 2108458 2514000 6355399 705502
0a030006 0a0a001f 10000 100 1727533 4120000 4751563 579705
0a090018 0a030020 10000 100 1873921 4455999 4416200 628054
0a08001a 0a060006 10000 100 2345372 948999 7927231 783742
0a00001f 0a0a0010 10000 100 2475067 4542000 4334277 826580
0a030002 0a0b0017 10000 100 2542169 3452999 5429606 848729
0a0a001a 0a040017 10000 100 1768443 2595999 6286908 593211
0a00000f 0a07000c 10000 100 2431538 2812999 6070023 812206
0a02001f 0a06000d 10001 100 2405392 4013000 4870948 803562
0a0a0016 0a080001 10000 100 2433418 3625000 5261814 812823
0a040010 0a080018 10000 100 2469807 3033000 5857813 824836
0a0b001c 0a020006 10000 100 2144686 1837000 7053839 717464
0a04000e 0a010003 10000 100 1722942 2994000 5898630 578190
0a0b0014 0a0a0018 10001 100 2180689 3487000 5406656 729353
0a040011 0a0b0020 10000 100 2535871 1694999 7198757 846652
0a090010 0a07000c 10000 100 2440384 1923999 6973942 815113
0a020004 0a07001d 10000 100 2033922 3896999 5001874 680883
0a0b0008 0a080014 10000 100 2447790 4347000 4553412 817560
0a080002 0a050012 10000 100 2559667 3565000 5339971 854512
0a01000e 0a060016 10000 100 2236515 1263999 7644432 747801
0a06000f 0a020017 10000 100 1821194 4710999 4202707 610644
0a030003 0a040011 10000 100 2591805 3950000 4964165 865119
0a0b0017 0a07001c 10000 100 2232895 3366000 5549726 746597
0a060005 0a0b000b 10000 100 2182730 3887999 5031124 730037
0a09000c 0a01001c 10000 100 2450886 1327000 7592184 818581
0a02001d 0a04001a 10000 100 2319368 4491000 4431988 775159
0a040012 0a060016 10000 100 2518563 2634000 6291015 840944
0a070015 0a060003 10000 100 2338287 3902999 5026237 781398
0a040004 0a070008 10000 100 2298922 3989000 4940630 768401
0a0b0012 0a02000c 10000 100 2330210 2544999 6385265 778736
0a05000e 0a020004 10000 100 2415955 3069999 5867807 807050
0a0a001f 0a080013 10000 100 1609318 4086000 4853220 540663
0a04001f 0a05001e 10000 100 2071721 4270999 4668376 693378
0a030020 0a04000f 10000 100 2433909 3742999 5199930 812980
0a07000b 0a0b0007 10000 100 1838974 3742999 5204292 616503
0a0a0018 0a020002 10000 100 1976404 3589999 5360664 661893
0a030019 0a040018 10000 100 2117092 4198000 4753636 708357
0a040020 0a06000d 10000 100 2504643 1868000 7085482 836336
0a0a0001 0a07000d 10000 100 2003456 1431999 7521533 670826
0a050010 0a0b0012 10000 100 2283319 2798000 6167103 763255
0a090012 0a0b0007 10000 100 2159181 4275000 4692472 722256
0a040001 0a020011 10000 100 1890947 3785999 5182975 633672
0a08000e 0a020004 10000 100 2443388 946000 8023213 816105
0a040001 0a000009 10000 100 2270090 2844999 6128295 758883
0a040011 0a05001b 10000 100 2421372 1196999 7777576 808845
0a070005 0a040017 10000 100 2063869 4625999 4356512 690773
0a03000b 0a05001d 10000 100 2079084 3308000 5683476 695811
0a040020 0a0a0011 10000 100 2312779 4786999 4210505 772974
0a0a001f 0a000008 10000 100 1926226 2366000 6631605 645329
0a00001d 0a0a001f 10000 100 1991221 4473000 4527698 666788
0a04000e 0a030017 10000 100 2513995 3325999 5675154 839421
0a070011 0a06000a 10000 100 2334832 3658999 5343005 780261
0a09001a 0a000009 10000 100 1857230 3010999 5991700 622544
0a050010 0a060007 10000 100 1927642 4050999 4951779 645798
0a050010 0a0b0003 10000 100 2569692 2219000 6786039 857828
0a030010 0a04000b 10000 100 2227805 4258999 4746216 744922
0a06001c 0a01001e 10000 100 2288231 4571999 4434085 764873
0a090014 0a020002 10000 100 2127501 2661000 6349291 711796
0a01000b 0a0a0010 10000 100 2510127 4520999 4491256 838153
0a0b0012 0a050015 10000 100 2258365 867999 8145418 755008
0a080011 0a070013 10000 100 2202204 1185000 7828446 736469
0a080013 0a020016 10000 100 1724456 4858999 4156429 578689
0a040007 0a00001c 10000 100 2171766 1616000 7401946 726406
0a05000d 0a070010 10000 100 1745144 4272999 4745139 585525
0a04001e 0a090017 10000 100 2526514 2465000 6554668 843566
0a0a001c 0a020003 10000 100 2323312 4839000 4183919 776452
0a09001f 0a040005 10000 100 2499729 4348999 4674689 834718
0a09001e 0a0b0001 10001 100 2512981 4355000 4669281 839097
0a040018 0a010007 10000 100 2343794 4270999 4755225 783221
0a050019 0a0b001c 10000 100 2139600 3053999 5974082 715790
0a00000f 0a020016 10000 100 1820337 4078000 4950663 610354
0a040007 0a090010 10000 100 2109848 2570999 6459266 705962
0a07000b 0a0a0009 10000 100 2304262 2354999 6677706 770172
0a02000e 0a05000e 10000 100 1839757 4636000 4401520 616768
0a0b0019 0a01001d 10000 100 1914164 4485000 4553782 641347
0a010007 0a060016 10000 100 2384407 4121999 4919380 796632
0a05000d 0a08000d 10000 100 1707071 4558999 4484630 572957
0a010008 0a02001d 10000 100 2479075 3354000 5691717 827894
0a03000f 0a040010 10000 100 2342619 4004999 5041296 782830
0a0b001a 0a040001 10000 100 2339314 3523000 5530343 781742
0a05000f 0a0a0005 10000 100 2452243 3808000 5250279 819031
0a070004 0a08000b 10000 100 2018996 3076000 5982794 675953
0a040019 0a0b000d 10000 100 1892079 3723999 5335063 634049
0a040002 0a050014 10000 100 2226300 4282000 4779776 744425
0a0b001d 0a060020 10000 100 2531881 599000 8464962 845329
0a040012 0a03001c 10000 100 2301015 4447999 4617968 769102
0a00000b 0a010006 10000 100 2324674 1863000 7206687 776903
0a000005 0a01000d 10000 100 2569133 4198999 4872631 857634
0a00001b 0a06001d 10000 100 2299073 556999 8516281 768450
0a090018 0a0a0015 10001 100 1971277 4799000 4287178 660207
0a00000f 0a06001a 10000 100 2498053 3742000 5347945 834166
0a040019 0a070018 10000 100 1564285 4448999 4641058 525791
0a050010 0a060010 10000 100 2126512 3778000 5312314 711464
0a0a001a 0a04001e 10000 100 2352957 4870000 4223887 786246
0a0b000d 0a010019 10000 100 2458758 1681999 7414392 821192
0a020017 0a04000b 10000 100 1843567 4047000 5049712 618034
0a050014 0a0b0012 10000 100 2567044 1784999 7319334 856950
0a060010 0a02000c 10000 100 2275606 4645999 4463229 760710
0a06000a 0a060004 10000 100 2034452 3984999 5127669 676828
0a07001b 0a000004 10000 100 2354421 3017000 6095854 786729
0a020001 0a030001 10000 100 2298381 4987000 4126869 768228
0a000005 0a030012 10000 100 2556249 4754000 4368883 853388
0a020016 0a060019 10000 100 2311498 398000 8731226 772549
0a08001d 0a020006 10000 100 2492662 4939999 4192787 832380
0a02001f 0a000004 10000 100 1987052 1544000 7590763 665408
0a0b001c 0a060012 10000 100 1725742 4236000 4901070 579116
0a0a0015 0a08000e 10000 100 1766333 4022999 5114860 592520
0a06000f 0a030003 10000 100 2311165 4786000 4351937 772442
0a0b0014 0a02001f 10000 100 2283763 1456999 7684232 763397
0a050013 0a06001d 10000 100 2001078 1126999 8020207 670050
0a02000e 0a070013 10000 100 2357053 970999 8178711 787602
0a090018 0a020005 10000 100 2109475 4300000 4851892 705843
0a05001f 0a040011 10000 100 2168012 4173999 4980246 725174
0a05001d 0a000013 10001 100 2580507 1276000 7880766 861396
0a05000f 0a06001a 10000 100 2462427 3713000 5444437 822397
0a05001d 0a060003 10000 100 2268084 2498999 6663919 758226
0a09001a 0a08001f 10000 100 2228720 4712000 4451195 745215
0a090018 0a080020 10000 100 2454008 3870000 5296203 819626
0a070014 0a02001f 10000 100 2118115 3468999 5697524 708700
0a030012 0a060020 10000 100 2490508 1387999 7781345 831675
0a03001c 0a020006 10000 100 1904886 4834999 4337102 638270
0a07000d 0a07001e 10000 100 1654049 4577000 4599587 551197
0a04000c 0a02000a 10000 100 2036084 3936000 5245730 681605
0a040012 0a0b001d 10000 100 2563887 4723999 4458772 855909
0a090014 0a060003 10000 100 2233388 3488999 5693805 746755
0a060004 0a000004 10000 100 2090920 1471000 7712120 699706
0a080018 0a020005 10000 100 2494400 3259999 5924531 832951
0a070004 0a050020 10000 100 2055509 3521999 5662927 688021
0a06000a 0a09001b 10000 100 1745658 3011999 6176435 585689
0a00001e 0a0b0019 10000 100 2531380 4687000 4501523 845169
0a020001 0a010004 10000 100 2535693 4577000 4617970 846595
0a040017 0a090003 10000 100 2103698 3128000 6067401 703933
0a0a0015 0a0a000b 10000 100 2325149 3017999 6177992 772831
0a090005 0a010002 10000 100 1770139 1492999 7703774 593784
0a020003 0a05000d 10000 100 1904410 4118000 5078817 638118
0a08000c 0a0a001f 10000 100 2222217 4712000 4486637 743072
0a060001 0a070013 10000 100 2400439 1041000 8161652 801931
0a00000d 0a0a000c 10000 100 2336405 2033000 7177453 780780
0a010008 0a040018 10001 100 2272122 4441999 4771684 759549
0a060012 0a0b0009 10000 100 2322906 4179999 5035099 776322
0a080014 0a0a001f 10000 100 1919089 3883999 5332468 642969
0a000010 0a010010 10000 100 2003453 2634000 6584296 670825
0a050005 0a010007 10000 100 2187486 1376999 7843160 731605
0a050005 0a070018 10000 100 1632058 3333000 5890655 548185
0a050015 0a00001b 10000 100 1895432 2174999 7050696 635153
0a09001a 0a020018 10000 100 2351844 3752000 5478263 785874
0a050010 0a0a0001 10000 100 2322150 4663999 4569372 776080
0a03000b 0a090020 10000 100 2378480 4555000 4681984 794674
0a080010 0a0b0004 10000 100 2455777 4040000 5218022 820208
0a0a001f 0a0a0016 10000 100 2044541 3876000 5382114 680164
0a03001e 0a0b001a 10000 100 2593248 2399000 6862478 865596
0a050005 0a03001b 10000 100 2360317 1293000 7969519 788678
0a010002 0a04001b 10000 100 2542347 2974000 6302430 848786
0a05001d 0a060001 10000 100 1758105 4695999 4593173 589810
0a070013 0a09000f 10000 100 1961740 3115000 6175522 657047
0a08001a 0a070019 10000 100 2082522 2056000 7236347 696942
0a000009 0a030014 10000 100 2487464 482999 8811111 830670
0a060013 0a040015 10000 100 1918608 3628000 5667650 642815
0a00000d 0a010012 10000 100 1915158 4649999 4646595 641665
0a05000f 0a09000c 10000 100 2567590 4994000 4303906 857125
0a00000e 0a040007 10000 100 2251351 2420999 6877991 752687
0a09001c 0a01000a 10000 100 2436303 4113999 5187419 813776
0a060019 0a090016 10000 100 2367636 612000 8696400 791096
0a060004 0a0b0009 10000 100 2455930 4288000 5021734 820257
0a090010 0a02001f 10000 100 2284546 3603999 5707274 763663
0a050005 0a02001f 10000 100 1758076 3024000 6290584 589801
0a0b0002 0a090006 10000 100 2465023 3402000 5915918 823259
0a0b001c 0a070018 10000 100 2417166 3083999 6234708 807453
0a08001a 0a010007 10000 100 2319733 1141000 8177932 775276
0a0a0015 0a0a0005 10000 100 2079065 4543000 4776750 691565
0a03000b 0a0b000e 10000 100 2578429 4322999 5004268 860701
0a01001e 0a05000d 10000 100 2509754 4176000 5154408 838033
0a0b001c 0a030013 10000 100 1963615 4066000 5266386 657678
0a02000c 0a050013 10000 100 2123205 840000 8494455 710375
0a04000c 0a0b0007 10000 100 2320353 3608999 5732780 775474
0a07000b 0a07001e 10000 100 2413172 3446999 5898122 801889
0a050004 0a090005 10000 100 2282016 2139999 7212997 762823
0a03000b 0a000009 10000 100 2065203 2890999 6463156 691215
0a00000d 0a02000d 10000 100 2554027 3442000 5912402 852646
0a000009 0a08001b 10000 100 2224943 3053000 6305621 743976
0a02001f 0a0b0012 10001 100 1987311 4473999 4885156 665491
0a040007 0a090014 10000 100 2490735 1498999 7860336 831748
0a06000a 0a04001b 10000 100 2525686 912000 8451272 843285
0a0b000a 0a010002 10001 100 2467100 3131999 6234574 823939
0a08001a 0a030009 10000 100 1877558 2654999 6713942 629249
0a0b000f 0a050015 10000 100 1975295 2193000 7184041 661523
0a0b000f 0a070013 10000 100 2160389 4382999 5006805 722658
0a070018 0a070013 10000 100 2135692 3533999 5864607 710254
0a000004 0a070008 10000 100 2500574 1111000 8287925 835004
0a090010 0a010005 10000 100 2500427 3524999 5875015 834941
0a06000a 0a02001a 10000 100 2081810 2145000 7263131 696698
0a030017 0a050006 10000 100 1557390 3791000 5621083 523523
0a040013 0a060019 10000 100 2236091 1211999 8202189 747650
0a050005 0a0a0016 10000 100 1801062 3347000 6074815 603987
0a09000b 0a050002 10000 100 2174948 1850999 7573130 727455
0a070019 0a050013 10000 100 2373105 3056000 6368382 792908
0a00001b 0a02000b 10000 100 1752587 2991000 6434299 587983
0a000003 0a060009 10000 100 1837460 4007000 5419230 616003
0a070004 0a000011 10000 100 2565909 3543000 5889662 856571
0a00000d 0a080002 10000 100 2423862 4410999 5022415 809657
0a07000b 0a020003 10001 100 2187935 3732000 5704670 731749
0a090010 0a080007 10000 100 2499242 3759999 5678552 834562
0a0b000c 0a060003 10000 100 2392531 3970999 5469467 799324
0a08001a 0a090012 10000 100 2571767 616000 8825827 858507
0a08001a 0a030017 10000 100 1873004 3109999 6339862 627745
0a00000e 0a020007 10000 100 2511884 2753999 6697017 838730
0a030002 0a050015 10000 100 2316742 96999 9360457 774288
0a000004 0a010008 10000 100 1855749 3403000 6060708 622055
0a00000f 0a050013 10000 100 2052989 2595000 6871098 687184
0a00000e 0a040007 10001 100 1583039 4789999 4678177 531992
0a010011 0a08000a 10000 100 1691405 4743999 4726733 567775
0a0a000b 0a050015 10000 100 2435022 400999 9071982 813351
0a0a0009 0a050015 10000 100 2402102 262999 9213436 802479
0a00000b 0a00000e 10001 100 2013600 3258000 6227606 669940
0a030017 0a000020 10000 100 1594693 3899000 5586676 535844
0a020004 0a0a000d 10000 100 1942458 3631000 5863716 650677
0a04000c 0a050020 10000 100 2464968 3797000 5710423 823241
0a040019 0a01000f 10000 100 2595933 2468000 7047053 866486
0a07000b 0a060011 10000 100 2358691 3629999 5885181 788142
0a02001b 0a040017 10000 100 2374811 3837000 5694706 793469
0a06000f 0a0b0011 10000 100 2063315 4735999 4801807 690596
0a060019 0a030011 10000 100 1917567 2138000 7402267 642466
0a04000c 0a04000f 10000 100 2429182 4088999 5451502 807181
0a000012 0a080013 10000 100 2071954 4938999 4606291 693452
0a07000b 0a020004 10000 100 2365849 2948999 6605650 790509
0a0b001a 0a070012 10000 100 2158013 4721999 4833994 721867
0a000004 0a0b0010 10000 100 2399776 1909000 7653493 801704
0a040019 0a070016 10001 100 2274390 3480000 6092998 760305
0a00000e 0a0b001c 10000 100 2038459 3188999 6385667 682381
0a070009 0a060009 10000 100 2136483 3609999 5966915 714762
0a0b0020 0a040017 10000 100 2529133 2948000 6629303 844434
0a09000b 0a00001a 10000 100 2314367 456999 9120853 773497
0a090017 0a06000a 10000 100 2297619 1083999 8503103 767969
0a070003 0a000004 10000 100 2557384 3474000 6122311 853751
0a05001d 0a01000f 10000 100 2449453 3921000 5681913 818107
0a08000e 0a0b0011 10000 100 2591935 3151999 6454591 865161
0a0a0015 0a0b0011 10000 100 2139704 3572000 6043740 715824
0a020004 0a03001f 10000 100 2379677 1784999 7831049 795072
0a080003 0a05000d 10000 100 2468856 2278000 7338161 824516
0a000019 0a060020 10000 100 2152581 2605999 7011856 720082
0a0b001a 0a030010 10000 100 2273953 4681000 4940456 760150
0a06000a 0a030011 10000 100 2223562 3772000 5858545 743518
0a020004 0a05000f 10000 100 2011533 2864999 6771159 673503
0a0b001a 0a020001 10000 100 2150746 4530000 5106842 719464
0a040007 0a090003 10000 100 1871373 4125000 5520511 627208
0a05001d 0a01000a 10000 100 2415301 4511000 5143674 806841
0a000010 0a01001a 10000 100 1638792 3738000 5925836 550401
0a00000e 0a020005 10000 100 1955798 4369999 5299410 655084
0a050005 0a080014 10000 100 1982178 4782999 4886909 663802
0a050005 0a01001a 10000 100 2541170 1781000 7889340 848409
0a0a001f 0a01000d 10000 100 2057730 3827000 5845974 688747
0a000012 0a090012 10000 100 2281055 4792000 4891540 762500
0a010010 0a050015 10000 100 2491766 453000 9230978 832093
0a020004 0a0a0014 10000 100 2412426 2739000 6948879 805890
0a0b0003 0a01001a 10000 100 2492495 4144000 5544988 832326
0a090017 0a000017 10000 100 2044041 2089999 7607187 684228
0a070018 0a070013 10001 100 2289646 4912999 4786103 761101
0a040019 0a030018 10000 100 2203606 4301000 5399146 736933
0a02001f 0a0b0011 10000 100 2067293 3978999 5722485 691915
0a09000d 0a090004 10000 100 512504 1000000 8706455 174214
0a09001a 0a090004 10000 100 512562 1000000 8709265 174232
0a06000a 0a09001a 10000 100 2063486 4073000 5641862 690650
0a020002 0a090018 10000 100 2168356 3386000 6332244 725284
0a060016 0a0b0011 10000 100 2272761 2903000 6817887 759769
0a05000e 0a07000d 10000 100 1888750 2162999 7558558 632953
0a070004 0a050015 10000 100 1630889 3700000 6024170 547796
0a020004 0a090010 10000 100 1918277 4648000 5091695 642694
0a09001a 0a060019 10000 100 1888986 3416000 6324008 633029
0a040016 0a07000d 10000 100 2597021 1412999 8333337 866850
0a08001a 0a01000b 10000 100 1894199 4998999 4747700 634743
0a000009 0a0b0007 10000 100 2223651 2583999 7163992 743547
0a05000a 0a090005 10000 100 1959319 3664999 6083440 656257
0a000012 0a01000c 10000 100 2508601 4525999 5224411 837649
0a0a001f 0a09001a 10000 100 2506861 2776999 6974961 837077
0a040006 0a060019 10000 100 2086729 3647000 6117351 698334
0a060018 0a05000d 10000 100 2579439 3926999 5837793 861039
0a000016 0a05000d 10000 100 2267476 4738000 5039024 758016
0a030017 0a050002 10000 100 2188347 2697000 7084121 731881
0a090003 0a090004 10000 100 512964 1000000 8781200 174361
0a07000d 0a09001c 10000 100 2434617 1445000 8345779 813222
0a000012 0a07001c 10000 100 2437481 4984999 4815518 814153
0a030017 0a090009 10000 100 2118354 3040000 6770083 708776
0a040007 0a06000d 10000 100 2172172 3771000 6041172 726551
0a040019 0a04001f 10000 100 2449181 4584999 5233551 813780
0a090011 0a010011 10000 100 2402720 948999 8869928 802677
0a0b000b 0a070013 10001 100 2480384 3903999 5919951 828328
0a010015 0a0b0011 10000 100 2378208 4367000 5457604 794587
0a000010 0a02000c 10000 100 2484849 1433999 8395509 829803
0a000009 0a080018 10000 100 2214595 4610000 5220306 740557
0a00000e 0a020014 10000 100 2510107 4245999 5586450 838146
0a020004 0a05000b 10000 100 2307459 4190000 5652474 771225
0a05000d 0a04001e 10000 100 2052018 4789999 5055293 686873
0a00000b 0a06000a 10000 100 2379062 1858000 7992702 794876
0a050013 0a04000c 10000 100 2495448 1072999 8781585 833302
0a09000b 0a0b0014 10000 100 2214901 1994000 7861134 740655
0a09000f 0a090004 10000 100 512011 1000000 8859968 174056
0a000009 0a00000b 10000 100 2280370 4846999 5016242 758040
0a040004 0a000004 10000 100 2574132 2575000 7289331 859295
0a07000b 0a060020 10000 100 2065555 3429000 6435983 691343
0a000009 0a060008 10000 100 2335950 2814000 7056297 780634
0a040015 0a0b0007 10000 100 2151002 1915000 7956623 719562
0a080001 0a050015 10000 100 2355110 796999 9077773 786965
0a0a001f 0a03001b 10001 100 2012347 4089999 5786652 673764
0a08001a 0a09000e 10000 100 2364020 4729999 5153225 789909
0a05000d 0a09001c 10000 100 2271536 2067999 7824452 759361
0a040007 0a040002 10000 100 2194119 4160999 5746102 729549
0a030017 0a020009 10000 100 2389517 2975000 6940626 798329
0a040007 0a00001d 10000 100 2192543 4279999 5643610 733270
0a060009 0a000017 10000 100 1986868 3625000 6300833 665349
0a07000e 0a04000d 10000 100 2113511 960000 8975617 707181
0a04000f 0a040015 10000 100 2240755 3873000 6062818 744949
0a0b0020 0a040015 10000 100 1742652 2967000 6971209 584696
0a00000b 0a0b001c 10000 100 1856492 4909000 5033368 622293
0a030002 0a050013 10000 100 2377335 2602999 7340240 794292
0a000004 0a050002 10000 100 2231522 4053000 5894678 746142
0a0a0001 0a050013 10000 100 2480597 1949999 8005348 828396
0a010012 0a07000e 10000 100 2000890 2696000 7263218 669975
0a060004 0a010011 10000 100 2031634 4612999 5359877 680135
0a0a0003 0a060019 10001 100 2483628 4695999 5279598 829397
0a02000d 0a050015 10000 100 1961914 3589999 6398348 657103
0a000010 0a060020 10000 100 1617276 4203000 5786240 543301
0a00000b 0a07000f 10000 100 2580839 2448999 7545552 861503
0a050013 0a04000a 10000 100 2486322 3608000 6387720 830289
0a07000e 0a090019 10000 100 2389557 185999 9813642 798342
0a0a001f 0a010011 10000 100 1637594 3763999 6241912 550003
0a070004 0a050013 10000 100 1946014 4571000 5442207 651861
0a0a001f 0a070008 10000 100 2355990 4819999 5204286 787247
0a05000d 0a020008 10000 100 2362406 4591999 5435827 789361
0a020001 0a07000e 10000 100 1640846 3549000 6481215 551074
0a050001 0a07000e 10000 100 1940456 598000 9450111 650021
0a020002 0a07000a 10000 100 1891463 4124000 5929538 633837
0a000010 0a020009 10000 100 2582247 1965000 8092516 861968
0a00000b 0a00001d 10000 100 2555391 2991999 7082871 848858
0a000004 0a0b000c 10000 100 2365708 3895000 6183848 790464
0a020002 0a0b0009 10000 100 1608249 4883000 5210422 540320
0a00000b 0a04001b 10000 100 2495945 3374999 6719757 833461
0a090017 0a090004 10000 100 512176 1000000 9105012 174109
0a020002 0a040007 10000 100 2137525 3258000 6858719 715111
0a030007 0a050013 10000 100 2212835 4035000 6090719 739978
0a0b0007 0a000004 10000 100 2348674 4420000 5714765 784829
0a050001 0a08000e 10000 100 2368950 1938999 8198246 791532
0a01001b 0a060020 10000 100 2472616 1170000 8995672 825765
0a050018 0a090004 10000 100 512400 1000000 9178343 178421
0a00000f 0a010011 10000 100 1990342 4333000 5872840 666492
0a070007 0a000004 10000 100 2484627 4640000 5579186 829732
0a010009 0a060020 10000 100 2015869 4357999 5862081 674921
0a050001 0a02001d 10000 100 2079511 3658999 6578556 695947
0a06000a 0a060020 10000 100 1806815 4874999 5368099 601649
0a000010 0a010011 10000 100 1930501 3667000 6583409 646744
0a050015 0a090011 10001 100 1898783 4074999 6176511 636256
0a000010 0a00001b 10000 100 2115722 4019000 6252636 703664
0a08000c 0a090004 10000 100 512602 1000000 9274865 178485
0a090017 0a040003 10000 100 1820686 3619999 6662638 610466
0a00001b 0a05000e 10000 100 2382561 2188999 8129243 796026
0a09000b 0a020018 10000 100 2066061 2877999 7446422 691505
0a090005 0a080020 10000 100 1862317 4095999 6228650 624218
0a090017 0a030020 10000 100 2133767 1907999 8433603 713862
0a00001b 0a02001f 10000 100 2585008 969000 9391964 862883
0a090012 0a040015 10000 100 1913456 3644999 6740947 641105
0a050015 0a06000f 10000 100 1975264 4681000 5705500 661513
0a050015 0a010019 10000 100 2260753 1891000 8505116 755803
0a0b0006 0a07000d 10000 100 2361512 2688999 7720570 789075
0a06000a 0a050001 10000 100 1654278 4388000 6022811 555511
0a020002 0a05001d 10000 100 1884729 4840999 5584836 631620
0a080007 0a07000d 10001 100 2170429 4305999 6142803 725963
0a050019 0a07000d 10000 100 2158433 3435999 7016303 722001
0a09000b 0a030018 10000 100 2002558 3416000 7047931 670539
0a050013 0a060020 10000 100 1885053 3720000 6747218 631724
0a020002 0a080003 10000 100 1967655 4801999 5673107 659001
0a070005 0a010011 10000 100 2389699 4614000 5864197 798387
0a000010 0a02001a 10000 100 2528463 4990999 5489697 844205
0a050015 0a0b001e 10000 100 2202467 3893999 6596671 736553
0a09000b 0a0b000f 10000 100 2032162 3367000 7130885 680304
0a05001f 0a060009 10000 100 2043184 2798999 7703921 683954
0a00001b 0a060019 10000 100 2580593 2370000 8134266 861424
0a020002 0a09001c 10001 100 2004298 4851000 5659306 671111
0a0b000b 0a060020 10000 100 2528572 3082000 7434581 844240
0a050014 0a07000e 10000 100 2566683 608000 9909083 856834
0a09000b 0a050015 10000 100 1921477 2926000 7603297 643748
0a020007 0a060009 10000 100 2495893 1456000 9079183 833444
0a030019 0a010011 10000 100 2419478 4845999 5695538 808208
0a07000e 0a050003 10000 100 2164769 1379000 9166439 724105
0a02000c 0a07000d 10000 100 1693865 4941000 5623966 568593
0a07000e 0a00001f 10000 100 1908216 2580999 7991245 639382
0a060012 0a07000d 10000 100 2056524 4372000 6214134 688361
0a090005 0a0a0010 10000 100 2146257 3937999 6648170 717982
0a040004 0a07000e 10000 100 2584630 1949999 8637294 862762
0a070016 0a090005 10000 100 1963428 4682999 5916236 657603
0a000019 0a090004 10000 100 512287 1000000 9599639 178384
0a07000e 0a01001a 10000 100 2554456 2190999 8425869 852784
0a050015 0a060009 10000 100 2046565 770999 9849214 685067
0a030012 0a060009 10000 100 2402960 1897000 8779610 802753
0a020017 0a090004 10000 100 512467 1000000 9684874 178442
0a00001b 0a020012 10000 100 2374936 3565000 7122608 793509
0a07000d 0a090009 10000 100 2359302 3252999 7454908 788337
0a04000c 0a07000d 10000 100 2340883 4321000 6387916 782259
0a060011 0a090004 10000 100 512033 1000000 9742078 178303
0a050001 0a080018 10001 100 2200385 4728999 6020035 735856
0a0a0018 0a090005 10000 100 2105197 3733000 7083332 704428
0a020002 0a050001 10000 100 2081292 4301000 6516697 696533
0a09000c 0a060009 10000 100 2551315 3762000 7066436 851748
0a07000d 0a010001 10000 100 2531974 4821999 6009492 845359
0a0a0004 0a090004 10000 100 512057 1000000 9831942 178311
0a090005 0a050013 10000 100 2468427 1240999 9591162 824379
0a09000b 0a040017 10000 100 2367941 4279999 6552709 791194
0a09000b 0a0a0016 10000 100 2458304 3635000 7215237 821032
0a00000a 0a090004 10000 100 512153 1000000 9861466 178342
0a020015 0a090004 10000 100 512457 1000000 9861787 178439
0a00001b 0a07000f 10000 100 2140905 3958999 6911774 716223
0a08000c 0a07000e 10000 100 2324652 1894999 8986360 776896
0a04000e 0a050001 10000 100 2235714 3442000 7459289 747530
0a030015 0a090004 10000 100 512767 1000000 9913420 178538
0a080013 0a050001 10000 100 2418310 4474999 6444395 807834
0a00001e 0a090004 10000 100 512134 1000000 9935589 178336
0a090017 0a05000d 10000 100 2378755 2931000 8010202 794762
0a04000e 0a07000e 10000 100 2396711 2050999 8891551 800692
0a030019 0a050001 10000 100 2555103 3467000 7486813 853006
0a00001d 0a090004 10000 100 512178 1000000 9956363 178350
0a020006 0a060009 10000 100 2237571 3937000 7026543 748139
0a0a000c 0a050001 10000 100 2371750 3661000 7312717 792459
0a030004 0a060009 10000 100 2538538 2374999 8600328 847536
0a0b0017 0a090004 10000 100 512695 1000000 9998587 178515
0a090017 0a090018 10000 100 2060169 4879999 6122864 685318
0a00001d 0a07000e 10000 100 1740810 4508999 6509311 584092
0a040015 0a050001 10000 100 1894175 1379000 9639706 634735
0a020014 0a090005 10000 100 2577992 2511999 8511017 860561
0a050011 0a040015 10000 100 2044257 3886000 7146136 684297
0a090005 0a010011 10000 100 2237209 2164000 8876178 748024
0a040015 0a070020 10000 100 2478107 2974000 8071110 827584
0a050001 0a04000f 10000 100 2405951 4529000 6545491 803741
0a020016 0a090005 10000 100 2292196 3739999 7355288 766188
0a02000e 0a090005 10000 100 2477690 3887999 7208179 827435
0a060009 0a020002 10000 100 2517393 4958999 6147454 840555
0a07001d 0a090004 10000 100 512619 1000000 10116540 178491
0a02000e 0a090004 10000 100 512619 1000000 10130438 178491
0a070004 0a040015 10000 100 2199354 3559000 7580869 735526
0a000016 0a07000e 10000 100 2443015 3677000 7470461 815986
0a09001a 0a040015 10000 100 1752556 4189000 6974327 587973
0a040016 0a090004 10000 100 512665 1000000 10198872 178505
0a00001b 0a0a001a 10000 100 2465463 3936000 7271468 823400
0a0a0009 0a090004 10000 100 512650 1000000 10209600 178501
0a090017 0a05001d 10000 100 2132423 4943000 6267366 713417
0a0a000e 0a090004 10000 100 512291 1000000 10213333 178386
0a05001d 0a090004 10000 100 512382 1000000 10218104 178415
0a0b001d 0a040015 10000 100 2016380 4197000 7025863 675100
0a090017 0a040009 10000 100 2535851 3465999 7771844 846646
0a090017 0a01000f 10000 100 2168986 4125000 7132537 725486
0a05000d 0a07000e 10000 100 2149278 3432000 7837993 718979
0a0b0010 0a090004 10000 100 512295 1000000 10277392 178387
0a06000c 0a090004 10000 100 512937 1000000 10278401 178592
0a00001b 0a0b0018 10000 100 2330293 4884999 6396908 778763
0a060004 0a090004 10000 100 512192 1000000 10282101 178354
0a090017 0a040015 10000 100 2041849 3340000 7945360 683512
0a05000f 0a090004 10000 100 512300 1000000 10286099 178389
0a060017 0a090004 10000 100 512153 1000000 10290078 178342
0a04001d 0a090004 10000 100 512545 1000000 10298975 178467
0a07001f 0a090004 10000 100 512554 1000000 10301840 178470
0a0b001a 0a07000e 10000 100 2536116 3044999 8260607 846730
0a080002 0a090004 10000 100 512627 1000000 10306746 178493
0a07000f 0a090004 10000 100 512643 1000000 10309678 178498
0a05001c 0a090004 10000 100 512706 1000000 10313068 178519
0a050002 0a090004 10000 100 512259 1000000 10313821 178376
0a080009 0a090004 10000 100 512167 1000000 10314544 178346
0a05000b 0a090004 10000 100 512741 1000000 10314956 178530
0a08001f 0a090004 10000 100 512907 1000000 10315916 178583
0a0b0003 0a090004 10000 100 512210 1000000 10317186 178360
0a00001b 0a090008 10000 100 2597196 4436999 6897021 866906
0a0a0013 0a090004 10000 100 512134 1000000 10339498 178336
0a070013 0a090004 10000 100 512194 1000000 10340467 178355
0a010008 0a090004 10000 100 512103 1000000 10347606 178326
0a01001e 0a090004 10000 100 512417 1000000 10349662 178426
0a070006 0a090004 10000 100 512763 1000000 10350280 178537
0a020014 0a090004 10000 100 512908 1000000 10350690 178583
0a070001 0a090004 10000 100 512599 1000000 10351308 178484
0a03001b 0a090004 10000 100 512055 1000000 10353793 178310
0a01001b 0a090004 10000 100 512994 1000000 10355439 178611
0a020019 0a090004 10000 100 512081 1000000 10356382 178319
0a070015 0a090004 10000 100 512401 1000000 10358457 178421
0a020006 0a090004 10000 100 512542 1000000 10387932 178466
0a07000e 0a0b001d 10000 100 2378007 4096999 7325789 794523
0a0b001c 0a040015 10000 100 2431644 2821999 8602022 812240
0a090008 0a040015 10000 100 2575334 4468999 7025754 859680
0a01001a 0a090004 10000 100 607806 2962999 9047467 209934
0a010012 0a090004 10000 100 605143 3883999 8279690 209051
0a090004 0a03000a 10000 100 778246 1216999 11116969 266210
0a0a000d 0a090004 10000 100 806592 2762999 9807939 275573
0a040003 0a090004 10000 100 929472 1520000 11249236 316154
0a090004 0a0a0012 10000 100 2225146 30999 14225187 744040
0a080006 0a090004 10000 100 1769350 2465000 12414462 593516
0a00001b 0a090004 10000 100 1886296 930000 13988433 632137
0a090004 0a0b001b 10000 100 1830031 2795999 12265148 613564
0a090004 0a020011 10000 100 2188435 769999 14378872 731909
0a06001d 0a090004 10000 100 2050700 1466999 13845752 686436
0a090004 0a090002 10000 100 2119186 3916000 11493097 704803
0a090004 0a060012 10000 100 2237279 846999 14577119 748046
0a0b0002 0a090004 10000 100 2576946 426000 15228624 860211
0a040019 0a090004 10000 100 2219306 4643999 11064414 742110
0a090004 0a040019 10000 100 2495940 2380000 13446380 833459
0a080001 0a090004 10000 100 2446104 4178000 11666654 817005
0a060014 0a090004 10000 100 2508767 3370999 12489755 837702
