0a03001b 0a060016 10000 100 25419 11999 17176 17595
0a000012 0a050003 10000 100 59451 4999 28411 28838
0a04001e 0a01001a 10000 100 30995 15999 19133 19440
0a0a0014 0a03001c 10000 100 51538 9999 25804 26229
0a070010 0a000012 10000 100 16226 22999 14315 14561
0a07000a 0a06001c 10000 100 15084 23999 13779 14195
0a020010 0a010017 10000 100 84943 2999 36824 37257
0a0a0011 0a030002 10000 100 65355 10999 30360 30789
0a030008 0a0b000a 10000 100 73015 12999 32887 33317
0a0b0014 0a03000b 10000 100 65232 15999 30321 30750
0a020001 0a0a000a 10000 100 36541 29000 20855 21277
0a06000d 0a010002 10000 100 28540 40999 18220 18640
0a0a001a 0a0b0009 10000 100 94943 20999 40172 40564
0a05001f 0a020002 10000 100 67406 42999 31032 31461
0a050008 0a070012 10000 100 23860 58999 16662 17080
0a090007 0a000010 10000 100 9799 65999 12339 12443
0a0a001a 0a060011 10000 100 14894 65999 13703 14119
0a080009 0a01000e 10000 100 80764 49999 35554 35873
0a08001f 0a0a000f 10000 100 83120 36999 53128 36658
0a050016 0a0a0012 10000 100 62480 65999 29410 29838
0a0b0016 0a0b0008 10000 100 66563 69999 26508 26951
0a090014 0a060001 10000 100 95965 62999 40456 40891
0a00000d 0a0b0003 10000 100 90910 67999 38793 39228
0a07001a 0a070019 10000 100 104259 70999 38946 39398
0a040014 0a03000f 10000 100 8777 98999 11685 12100
0a04001f 0a0b0009 10000 100 7408 101999 11232 11647
0a070010 0a04001a 10000 100 61379 69999 43893 29471
0a0a001d 0a0a000e 10000 100 2044 116999 5217 5644
0a0b0004 0a08001b 10000 100 91758 87999 39079 39514
0a05001b 0a070020 10000 100 55786 82999 45383 27635
0a0a000b 0a0b0018 10000 100 98378 88999 41258 41694
0a080008 0a0a0007 10000 100 19515 116999 15242 15659
0a00000c 0a06000b 10000 100 43924 108999 23293 23716
0a00000d 0a010006 10000 100 30707 105000 27458 19348
0a0b001b 0a0a0017 10000 100 8138 123999 11481 11896
0a070004 0a0b0013 10000 100 102754 96999 42703 43141
0a0b000a 0a05000b 10000 100 57282 119999 27702 28129
0a010007 0a09000b 10000 100 57317 132000 27808 28140
0a04001d 0a0a0016 10000 100 48117 141999 25820 25104
0a070012 0a07000e 10000 100 49123 150999 20747 21186
0a040009 0a090015 10000 100 79356 136999 34976 35408
0a040012 0a010019 10000 100 38919 146999 34093 22053
0a00001e 0a070006 10000 100 81221 152999 35603 36035
0a020008 0a010003 10000 100 76909 129999 59127 34609
0a060010 0a030005 10000 100 263607 101999 95781 96257
0a0b0009 0a050008 10000 100 8035 183999 14007 11863
0a040004 0a030017 10000 100 536070 14999 185699 186241
0a02001a 0a09000e 10000 100 59382 175999 28389 28816
0a060013 0a050007 10000 100 63405 174999 29721 30150
0a050002 0a000007 10000 100 26898 188999 18255 18083
0a07001f 0a0b001e 10000 100 290888 110999 104781 105264
0a0b001c 0a04000b 10000 100 100938 175999 42226 42544
0a040008 0a06001b 10000 100 74999 184999 33692 33967
0a04000e 0a060018 10000 100 92043 181999 39171 39606
0a0b0009 0a030019 10000 100 57375 172000 49801 28159
0a090012 0a080019 10000 100 77338 141000 83827 34746
0a05001d 0a0a000a 10000 100 513 219000 8991 9379
0a00001f 0a050002 10000 100 52104 201999 26004 26410
0a080015 0a02000e 10000 100 57201 203000 27676 28103
0a000018 0a03000f 10000 100 18232 217999 15518 15233
0a08001c 0a0b0015 10000 100 62100 204999 29289 29717
0a070010 0a020010 10000 100 91133 195999 38864 39299
0a070012 0a070003 10000 100 43988 223999 20009 19496
0a060009 0a060006 10000 100 91563 222999 34763 35212
0a060005 0a0a0002 10000 100 104675 215999 46109 43771
0a000019 0a020002 10000 100 8936 248999 14825 12151
0a08000e 0a040012 10000 100 101132 221999 43773 42606
0a0a0008 0a07001b 10000 100 97929 241999 41114 41551
0a090019 0a080006 10000 100 61062 255999 29060 29369
0a070005 0a050014 10000 100 44445 257000 36673 23883
0a01001d 0a020002 10000 100 350975 143000 150905 125106
0a070016 0a000017 10000 100 33876 275999 19972 20393
0a040006 0a07000d 10000 100 63019 248000 50005 30026
0a030009 0a0a0017 10000 100 7636 288000 11320 11735
0a0a0013 0a0a0011 10000 100 608996 101999 205502 206074
0a070015 0a030004 10000 100 22608 291999 16261 16680
0a00000c 0a070003 10000 100 4700 299999 11042 10765
0a090010 0a03000c 10000 100 627606 105000 216154 216469
0a000003 0a00000a 10000 100 66918 295000 26622 27064
0a04001a 0a070014 10000 100 71793 275999 45629 32911
0a040019 0a030002 10000 100 1164 313000 9012 9587
0a010020 0a090017 10000 100 69779 293000 31936 32251
0a05001e 0a060002 10000 100 79575 288000 37536 35493
0a090020 0a020015 10000 100 9118 324000 12343 12225
0a0a001b 0a05001d 10000 100 599721 130999 206879 207254
0a060010 0a020001 10000 100 93835 299000 39870 40194
0a0b0011 0a010011 10000 100 94559 300999 40084 40441
0a060014 0a0b000a 10000 100 34609 326000 20259 20643
0a010008 0a090002 10000 100 513335 167999 178699 178735
0a030013 0a050002 10000 100 59998 319000 28618 29013
0a060016 0a0a000c 10000 100 736403 97999 252034 252390
0a00001d 0a05001e 10000 100 295736 243999 107495 106876
0a010013 0a09001f 10000 100 82560 262999 91205 36479
0a070011 0a080008 10000 100 69962 324000 32578 32309
0a050003 0a020018 10000 100 39873 342000 23248 22374
0a070007 0a040004 10000 100 3925 355999 10088 10502
0a080002 0a0b0009 10000 100 95172 331000 43256 40638
0a030017 0a050012 10000 100 28822 348000 27610 18730
0a070007 0a050016 10000 100 401894 125999 252788 141922
0a0a0020 0a06001e 10000 100 91274 346999 39920 39344
0a040019 0a070003 10000 100 62848 360000 30484 29956
0a08001f 0a040010 10000 100 996624 46999 355469 338334
0a00001b 0a08001a 10000 100 86226 366999 37728 37683
0a0a0008 0a060010 10000 100 19516 389999 15242 15660
0a02001e 0a0b0010 10000 100 99068 366000 41494 41930
0a010015 0a05000d 10000 100 87913 366999 41482 38238
0a08001d 0a02000a 10000 100 422957 253999 159353 148877
0a000005 0a040008 10000 100 46968 397000 24572 24721
0a030007 0a00000a 10000 100 25017 406000 17047 17466
0a080011 0a000019 10000 100 73835 389999 33164 33595
0a0a0012 0a040020 10000 100 63261 377000 50091 30104
0a030003 0a070017 10000 100 266811 348000 96944 97313
0a06001a 0a070017 10000 100 8407 436999 11567 11982
0a090004 0a08000f 10000 100 17033 440000 15194 14834
0a080015 0a020012 10000 100 71926 426000 32591 32953
0a0b001a 0a09000f 10000 100 40363 444000 22109 22530
0a0b0020 0a01001b 10000 100 769919 41999 424758 263469
0a060006 0a070017 10000 100 28916 456999 18554 18760
0a080013 0a04000a 10000 100 7245 465000 11574 11595
0a05000c 0a08000e 10000 100 75442 442000 35604 34124
0a080003 0a030020 10000 100 164034 415999 62995 63380
0a040005 0a090010 10000 100 85687 442000 38363 37510
0a0b0017 0a020016 10000 100 80995 451999 35515 35947
0a000009 0a00000d 10000 100 534697 128999 362253 181546
0a07000b 0a050015 10000 100 68797 300999 194471 31921
0a01000f 0a0a0015 10000 100 19072 480999 15193 15502
0a06001d 0a090007 10000 100 906469 69999 429957 308562
0a060004 0a06000c 10000 100 57559 476000 24675 23977
0a020013 0a010007 10000 100 39777 478999 21920 22343
0a0b0015 0a010001 10000 100 397841 366000 140086 140594
0a08000c 0a080015 10000 100 56801 404000 107892 23720
0a090019 0a060002 10000 100 5760 506000 12409 11104
0a090019 0a080019 10000 100 95774 476999 42414 40830
0a06000b 0a08001d 10000 100 84828 449999 70866 37220
0a090011 0a080012 10000 100 334532 404999 119317 119690
0a0b001f 0a060003 10000 100 739434 29999 496546 253391
0a090012 0a040019 10000 100 69807 438999 87927 32260
0a060016 0a050014 10000 100 88771 491000 39839 38528
0a0a0013 0a000006 10000 100 4198 522000 10175 10589
0a050020 0a030006 10000 100 90137 494999 38755 38980
0a0b0018 0a09001c 10000 100 32854 515999 19815 20051
0a00001b 0a04001d 10000 100 9767 524000 14950 12432
0a08001a 0a010005 10000 100 81055 478999 62190 35982
0a040012 0a020015 10000 100 72826 436000 107710 33256
0a03001b 0a050017 10000 100 82809 494999 49592 36559
0a02000b 0a05000f 10000 100 62071 515000 30868 29707
0a070001 0a02001e 10000 100 89031 506000 40362 38611
0a0b0003 0a0a000e 10000 100 406925 406000 143094 143593
0a090012 0a040001 10000 100 485931 161000 390045 169674
0a040005 0a020015 10000 100 62558 480999 73950 29863
0a04000e 0a02000c 10000 100 439924 402999 154203 154491
0a09000c 0a09001d 10000 100 32965 532000 27265 15846
0a040004 0a0a0014 10000 100 79355 528999 35119 35407
0a08000a 0a04001e 10000 100 42156 536000 28626 23135
0a080004 0a0b001b 10000 100 814 556999 9714 9475
0a050010 0a030005 10000 100 79508 534999 35098 35472
0a040010 0a09000b 10000 100 84168 536000 36714 37009
0a09000d 0a090013 10000 100 55651 549000 23841 23352
0a05000d 0a050014 10000 100 5352 567000 8242 6734
0a030018 0a00001e 10000 100 52649 550999 26262 26600
0a03001f 0a080010 10000 100 965103 239000 340859 327924
0a01000b 0a04001e 10000 100 67613 543999 38139 31542
0a06000b 0a0a0013 10000 100 52812 559000 27120 26652
0a030009 0a04000f 10000 100 4786 577999 10618 10792
0a070005 0a01001d 10000 100 470607 257999 332518 164617
0a040016 0a020005 10000 100 32147 559999 41574 19824
0a01000b 0a08001d 10000 100 64790 518000 84916 30608
0a010004 0a0a0001 10000 100 14932 599000 13817 14131
0a030020 0a04001b 10000 100 97054 577999 40938 41255
0a010008 0a080016 10000 100 102851 542999 76245 43172
0a090009 0a030011 10000 100 34080 599000 20702 20458
0a01001e 0a03001e 10000 100 230249 494999 125459 85245
0a05001b 0a07000b 10000 100 939128 68999 567199 319351
0a0a000f 0a080008 10000 100 10493 626000 12366 12665
0a060007 0a070016 10000 100 44209 599999 38509 23807
0a0b0010 0a050007 10000 100 43597 616000 23233 23611
0a08000d 0a040010 10000 100 45501 617999 23880 24236
0a040018 0a010018 10000 100 342044 513000 130186 122171
0a05001b 0a090003 10000 100 52302 617000 26593 26474
0a050015 0a020016 10000 100 8604 638000 17580 12045
0a09000c 0a03000a 10000 100 1583321 1999 655255 532082
0a05000c 0a09001d 10000 100 40149 630000 28792 22462
0a07000a 0a03001b 10000 100 30756 644999 19180 19364
0a070020 0a060010 10000 100 66968 638000 31050 31320
0a0b000f 0a0a0010 10000 100 66675 614999 54655 31227
0a020005 0a090012 10000 100 1786534 27999 643971 599200
0a08000c 0a06001b 10000 100 29218 529999 142653 18856
0a06001d 0a06000d 10000 100 749603 415000 258278 252512
0a09001a 0a030019 10000 100 1631890 96000 577854 548116
0a040007 0a010017 10000 100 1567918 147999 526446 527000
0a050011 0a080002 10000 100 1727700 88999 587548 579758
0a03000c 0a070003 10000 100 63170 649999 31641 30074
0a020011 0a0b0015 10000 100 95916 640000 41788 40876
0a0a0014 0a050005 10000 100 3340 678000 10025 10314
0a030003 0a010002 10000 100 48439 652000 40668 25207
0a0a0003 0a030010 10000 100 30390 681999 18907 19247
0a01001d 0a010003 10000 100 393301 248999 457600 134856
0a040003 0a0b0020 10000 100 5328 692000 17312 10966
0a01000e 0a08000b 10000 100 55760 671999 37708 27626
0a03001e 0a06001c 10000 100 64192 662000 51788 30401
0a02001d 0a020010 10000 100 29879 699999 14394 14828
0a090012 0a01001e 10000 100 77236 659999 59691 34714
0a04000e 0a09001c 10000 100 19166 707999 15115 15532
0a05001d 0a0a0002 10000 100 65815 668999 54381 30936
0a040011 0a060005 10000 100 1999791 56999 670233 669623
0a03001a 0a01000d 10000 100 1666573 170000 558918 559583
0a08000e 0a0b0012 10000 100 82653 693999 36955 36509
0a01000a 0a040014 10000 100 66689 680000 52858 31231
0a0b0001 0a040019 10000 100 55360 708999 27250 27483
0a070005 0a0b000b 10000 100 519613 424000 312508 180806
0a040013 0a080019 10000 100 10049 732000 12470 12523
0a060002 0a080006 10000 100 44993 720999 23743 24058
0a090008 0a050018 10000 100 74590 616000 129338 33836
0a0b0015 0a050004 10000 100 98200 671999 73469 41637
0a0b0020 0a030013 10000 100 96217 662999 82570 40987
0a03000d 0a010014 10000 100 95570 690999 55915 40765
0a04001a 0a000001 10000 100 93285 672999 77011 40018
0a00001b 0a040016 10000 100 32589 711999 40562 19966
0a0b0018 0a08001d 10000 100 95131 625000 130344 40624
0a06000a 0a0b000f 10000 100 1924150 92999 665496 644634
0a020014 0a070013 10000 100 45545 723000 36995 24250
0a05000a 0a020014 10000 100 101159 698999 61290 42615
0a04001e 0a010003 10000 100 1659581 48999 711669 557269
0a08001c 0a060010 10000 100 77458 675999 85345 34785
0a0b001b 0a06000b 10000 100 89042 694999 68650 38615
0a03001b 0a0a0012 10000 100 44866 742999 27879 24017
0a080005 0a0a0009 10000 100 99315 728000 44679 42009
0a060020 0a020007 10000 100 117046 649999 128050 47868
0a030013 0a0b0008 10000 100 84791 715999 65186 37208
0a040012 0a040014 10000 100 56246 724999 59836 23542
0a070013 0a0a0002 10000 100 1019771 418999 367150 345971
0a080006 0a020016 10000 100 8828 784999 17105 12117
0a080018 0a05000a 10000 100 963539 474999 328133 327408
0a0a0012 0a040017 10000 100 1781658 181000 624827 597578
0a0a0009 0a05001e 10000 100 82672 770999 37216 36515
0a020015 0a0b0013 10000 100 503526 560999 251213 175489
0a0b0020 0a07001e 10000 100 77353 739999 72809 34751
0a070019 0a010006 10000 100 20108 800999 15593 15849
0a08001a 0a03000a 10000 100 826810 393999 422832 282257
0a070003 0a08001c 10000 100 82699 756999 63693 36523
0a000015 0a000013 10000 100 380914 564999 256613 130753
0a01000b 0a050015 10000 100 173328 736000 89024 66446
0a040001 0a0a0013 10000 100 266839 738000 96977 97322
0a090004 0a010005 10000 100 11532 818999 17820 13013
0a0a0016 0a0a001a 10000 100 2169327 118999 721683 721370
0a060004 0a050004 10000 100 34284 822999 20319 20524
0a020020 0a06000e 10000 100 2317720 74999 774003 774616
0a080007 0a050011 10000 100 880954 546999 304750 300136
0a05000a 0a070004 10000 100 8026 844000 11604 11860
0a080011 0a080020 10000 100 38449 845000 17227 17663
0a090020 0a050016 10000 100 91418 683000 179862 39390
0a0b001d 0a07001a 10000 100 19047 848000 15119 15494
0a020017 0a090004 10000 100 1607655 324000 540992 540115
0a090019 0a050015 10000 100 99153 797999 69725 41958
0a0b0019 0a030011 10000 100 25900 852000 17858 17764
0a07001e 0a03000e 10000 100 889927 568999 303461 303100
0a09001c 0a0b0015 10000 100 145219 814000 58960 57160
0a070018 0a01000f 10000 100 54749 846999 26862 27288
0a03001b 0a0a0019 10000 100 50156 850999 25869 25772
0a0b000f 0a050008 10000 100 895348 538999 338310 304881
0a080010 0a0a0020 10000 100 81822 840999 36590 36227
0a0b0015 0a02001d 10000 100 22427 854999 23651 16607
0a060012 0a0b0003 10000 100 31565 694999 188295 19638
0a04000a 0a000008 10000 100 85640 775999 108567 37495
0a090004 0a010002 10000 100 97288 794000 94125 41330
0a0b000c 0a070016 10000 100 20326 877999 16159 15919
0a050001 0a090020 10000 100 92680 854999 40705 39809
0a00001e 0a000006 10000 100 101598 857000 39710 38515
0a02000f 0a000009 10000 100 963461 282999 614852 327384
0a00000e 0a030003 10000 100 1084 897000 9083 9562
0a080014 0a050004 10000 100 44605 884000 23805 23934
0a02000f 0a00000f 10000 100 926244 317999 597437 315090
0a090013 0a05001a 10000 100 1587102 382000 536324 533338
0a000019 0a080018 10000 100 33151 899999 19765 20161
0a060008 0a060013 10000 100 721769 362999 559250 243329
0a06001e 0a050016 10000 100 1894604 146999 775815 634888
0a040012 0a060001 10000 100 643639 460000 464144 221769
0a020002 0a04001a 10000 100 2494045 74999 852070 832838
0a090006 0a0b0002 10000 100 850424 576000 355730 290044
0a04001c 0a03000f 10000 100 2395 925999 11850 9997
0a040006 0a0b0008 10000 100 2013264 149999 793862 674072
0a05000e 0a090015 10000 100 35081 919000 31499 20794
0a060018 0a01001a 10000 100 536155 497000 454016 186268
0a090011 0a080014 10000 100 27470 938999 18958 18282
0a0b001e 0a020017 10000 100 271940 850999 107274 99016
0a010002 0a020009 10000 100 61945 748999 214583 29667
0a01000a 0a090008 10000 100 2251490 2999 961777 752732
0a05001f 0a010006 10000 100 12528 943999 22097 13347
0a060020 0a03000f 10000 100 7071 951000 18116 11539
0a02001e 0a08001c 10000 100 91973 900999 69444 39583
0a040020 0a0a000e 10000 100 1524 966999 9305 9718
0a020020 0a0a0004 10000 100 16186 962999 14131 14548
0a000013 0a090009 10000 100 1720043 400000 581443 577231
0a080013 0a030006 10000 100 56001 953999 27465 27704
0a090016 0a010020 10000 100 23201 971999 16615 16870
0a040013 0a080020 10000 100 75343 947000 43966 34093
0a00001f 0a090008 10000 100 718978 559000 434089 246645
0a060010 0a00000a 10000 100 60050 964000 29889 29045
0a040012 0a03001e 10000 100 2130081 10999 985001 712652
0a06001a 0a060013 10000 100 54277 966999 31084 22896
0a03000c 0a03000a 10000 100 19266 961999 36354 11324
0a05000c 0a010009 10000 100 166696 696000 302510 64263
0a0b001f 0a0b001b 10000 100 11513 995000 12503 8767
0a040005 0a0a001a 10000 100 25257 992000 17363 17543
0a070017 0a080020 10000 100 89581 961999 48965 38787
0a030012 0a040020 10000 100 54645 982999 28805 27254
0a090010 0a080004 10000 100 1801270 389000 625520 604053
0a0b001b 0a000015 10000 100 297693 810999 205284 107518
0a000018 0a020005 10000 100 2175363 266999 751193 727603
0a030007 0a0a0003 10000 100 51614 999000 26070 26254
0a070004 0a05001d 10000 100 34386 992000 38774 20556
0a060004 0a05000c 10000 100 253020 680999 349881 92762
0a050016 0a09001f 10000 100 72667 596999 434669 33206
0a000009 0a050012 10000 100 2101090 21999 1013190 703068
0a040002 0a090006 10000 100 1733138 132000 905917 581560
0a0a0019 0a080006 10000 100 20271 1015999 21962 15901
0a040013 0a09000e 10000 100 5332 1028000 10736 10967
0a05000f 0a090002 10000 100 98968 969000 70512 41883
0a060019 0a01001a 10000 100 1696595 291999 747624 569497
0a080007 0a05000f 10000 100 78483 977999 64342 35128
0a050013 0a020014 10000 100 1039781 362999 695235 352589
0a000016 0a040017 10000 100 73263 1031000 35302 33396
0a000002 0a050020 10000 100 58338 1046000 28289 28467
0a030019 0a01001d 10000 100 2175092 172999 901355 727516
0a090012 0a030001 10000 100 51296 934000 143653 26152
0a010008 0a010002 10000 100 1771118 407000 671853 589857
0a010017 0a09000f 10000 100 54370 1036000 44583 27166
0a00000d 0a010006 10001 100 358060 836000 245364 127450
0a060007 0a03000c 10000 100 1998697 366000 715408 669257
0a020012 0a040008 10000 100 22237 1070999 16202 16546
0a060015 0a070014 10000 100 1782141 453000 635119 597748
0a08001e 0a020003 10000 100 13124 947999 140583 13537
0a030011 0a020001 10000 100 7417 1075999 13450 11650
0a05001f 0a080013 10000 100 93765 968000 121807 40172
0a0a001d 0a0b001b 10000 100 14437 1077999 14109 13973
0a05000b 0a010002 10000 100 45346 1054999 41007 24186
0a090008 0a05000c 10000 100 232078 707999 390755 85845
0a000007 0a00001a 10000 100 962076 717999 382121 322685
0a09001e 0a090020 10000 100 44579 1082000 20610 19686
0a07000c 0a03000c 10000 100 79317 1056000 51732 35395
0a090006 0a0a0016 10000 100 709581 801999 306664 243546
0a080010 0a020004 10000 100 58777 1080999 29492 28623
0a0b000b 0a090011 10000 100 701434 870000 240817 240847
0a070014 0a0b001d 10000 100 90122 1023999 106495 38976
0a010017 0a050001 10000 100 323218 999000 133686 115947
0a060004 0a0a001d 10000 100 47642 1108000 24923 24936
0a09001b 0a000016 10000 100 2437885 320000 814461 814298
0a010011 0a0a0017 10000 100 52419 1036000 99258 26511
0a000015 0a09000c 10000 100 2239155 255999 881258 748662
0a040010 0a05001c 10000 100 62446 1113999 29760 29827
0a0a001e 0a050003 10000 100 2496227 309999 835481 833567
0a000014 0a030008 10000 100 49054 1095000 51373 25404
0a070004 0a0a000b 10000 100 26677 1124999 22895 18013
0a07000e 0a0b0001 10000 100 90838 1111999 40577 39205
0a02000a 0a080008 10000 100 40309 1129999 22690 22513
0a080018 0a00001f 10000 100 41155 1118000 35768 22799
0a0a0018 0a030019 10000 100 59801 1103999 50681 28950
0a02000c 0a000014 10000 100 1605693 591999 562953 539472
0a050001 0a03000c 10000 100 29779 1137999 18616 19036
0a0b0006 0a01000e 10000 100 559320 794000 364137 193911
0a030005 0a090005 10000 100 17484 1139999 20381 14979
0a010010 0a020016 10000 100 5069 1131000 30599 10883
0a01001e 0a06000e 10000 100 24844 1147999 17084 17411
0a000010 0a08001c 10000 100 240878 1075000 91529 88753
0a00001b 0a09001a 10000 100 677571 702000 466674 232965
0a060009 0a010002 10000 100 31668 1116000 55961 19671
0a060014 0a07000c 10000 100 87830 1132999 40374 38211
0a090003 0a09001f 10000 100 2101587 13999 1161865 699002
0a03001e 0a03000f 10000 100 85126 1090000 88865 33075
0a060015 0a030003 10000 100 102092 1105999 76579 42929
0a000011 0a0a0018 10000 100 88931 1118999 67338 38579
0a060008 0a02001c 10000 100 401307 747999 438714 141734
0a080002 0a020015 10000 100 13906 1170999 16483 13803
0a0a000d 0a010018 10000 100 1593508 638000 549569 535450
0a05000d 0a02000e 10000 100 57881 1080000 108096 28320
0a010015 0a08001f 10000 100 1593001 391999 799495 535288
0a07001b 0a07000f 10000 100 1791878 592999 601105 596716
0a070001 0a080019 10000 100 51406 1152000 43578 26187
0a09000f 0a06001b 10000 100 103965 1051000 146484 43544
0a030015 0a060013 10000 100 95170 1131000 72515 40637
0a020016 0a060009 10000 100 70623 1101999 103229 32536
0a020003 0a020009 10000 100 910769 568000 639462 305744
0a080012 0a080011 10000 100 60001 1165000 43822 24790
0a070014 0a080017 10000 100 149755 992000 217678 58657
0a020006 0a03000f 10000 100 88603 1172000 39809 38474
0a04001d 0a0b0008 10000 100 47489 1139999 72167 24888
0a00000c 0a02001e 10000 100 91198 1173999 39931 39320
0a0a000f 0a00001f 10000 100 99004 1108999 106704 41910
0a050002 0a040002 10000 100 55781 1146000 69737 27633
0a090014 0a08001d 10000 100 698182 652000 566776 239776
0a02001d 0a090007 10000 100 92214 1167000 51850 39660
0a030005 0a000020 10000 100 82264 1183999 36213 36369
0a070014 0a04000d 10000 100 2206796 284999 935710 737984
0a070014 0a010014 10000 100 96160 1083999 137725 40969
0a080005 0a03000c 10000 100 64542 949999 272040 30529
0a03001c 0a060018 10000 100 63662 1191999 31113 30232
0a07001b 0a070018 10000 100 101297 1178999 44161 38419
0a030014 0a00000f 10000 100 387192 1087999 136715 137079
0a050003 0a060018 10000 100 48309 1213000 27282 25165
0a010009 0a030006 10000 100 545617 1052999 189425 189388
0a05000a 0a070010 10000 100 55557 1216999 28235 27561
0a090017 0a02000b 10000 100 39796 1216000 35000 22349
0a04001f 0a07000b 10000 100 2218524 167999 1083052 741860
0a0a0016 0a000005 10000 100 100043 1216000 43316 42242
0a050014 0a070009 10000 100 1841229 505000 756796 617255
0a0b0012 0a040019 10000 100 714668 1018999 244868 245220
0a0a0001 0a030007 10000 100 79681 1229000 35366 35527
0a010007 0a060009 10000 100 1675536 658999 607178 562544
0a04000a 0a02001d 10000 100 87983 1144000 124347 38260
0a020020 0a0b0013 10000 100 11046 1146000 122582 12857
0a0b0019 0a060006 10000 100 89958 1232000 38643 38908
0a060010 0a050014 10000 100 28325 1244000 28048 18555
0a0b0013 0a010010 10000 100 2385932 280999 991586 797136
0a050007 0a050008 10000 100 1005544 930000 342813 337040
0a040009 0a0a000f 10000 100 102826 1229999 43868 43164
0a050002 0a09001b 10000 100 99531 1234999 42652 42079
0a0b001a 0a01001d 10000 100 65326 1121000 157648 30780
0a020005 0a010019 10000 100 9595 1268000 11962 12377
0a080006 0a0b001d 10000 100 22696 1263999 20519 16708
0a07000f 0a090006 10000 100 17956 1270000 14766 15130
0a030003 0a05001a 10000 100 85707 1188999 96954 37517
0a09000e 0a0b0003 10000 100 92560 1219999 69401 39771
0a090013 0a04000c 10000 100 84961 1255000 36957 37263
0a000014 0a0a0019 10000 100 437324 1136000 159324 153628
0a06001b 0a06000a 10000 100 1813373 447999 852648 603809
0a080012 0a00000b 10000 100 1629645 734999 566469 547382
0a00001c 0a060014 10000 100 79447 1255999 46641 35437
0a020009 0a06001b 10000 100 41719 1268999 39055 22980
0a01001a 0a0a000c 10000 100 75474 1250000 58363 34135
0a06000b 0a060020 10000 100 20813 1229000 79459 11835
0a03001e 0a040018 10000 100 80425 852000 469078 35765
0a010005 0a070013 10000 100 87724 1258000 67095 38177
0a000019 0a03001b 10000 100 26485 1299999 26010 17951
0a020016 0a06001e 10000 100 901491 924000 406889 306908
0a0b0020 0a09001e 10000 100 1987561 552999 778284 665586
0a02001c 0a090011 10000 100 80479 1296999 35505 35782
0a07001d 0a0a001a 10000 100 1357 1325999 10350 9649
0a020007 0a09001f 10000 100 63257 925999 411732 30102
0a00001b 0a08000e 10000 100 1847044 478999 859925 619177
0a080008 0a040006 10000 100 2546463 333000 1006798 850149
0a020013 0a080004 10000 100 48885 1314999 24936 25350
0a070015 0a0b0015 10000 100 90248 1271999 68056 39016
0a0b0010 0a09000a 10000 100 2072211 640999 700154 693535
0a0a000b 0a090019 10000 100 100785 1231000 110554 42495
0a00000a 0a0b0020 10000 100 2314016 541000 801599 773385
0a060018 0a01001b 10000 100 753867 582999 760378 258163
0a050020 0a07001f 10000 100 32441 1314000 30309 19919
0a00001c 0a040002 10000 100 97868 1234999 112433 41531
0a050003 0a09000b 10000 100 36079 1327000 20916 21129
0a0a0019 0a0b0004 10000 100 81924 1092000 256844 36260
0a000004 0a020002 10000 100 8142 1337999 12678 11897
0a05001d 0a0a0006 10000 100 53066 1325999 27345 26734
0a0b0015 0a010014 10000 100 1912587 582000 774955 640827
0a0a0017 0a010020 10000 100 62524 1322000 39442 29852
0a090002 0a07000e 10000 100 80896 1296000 67306 35916
0a080018 0a040006 10000 100 4477 1244000 119527 10678
0a010011 0a010008 10000 100 38514 1177000 187442 17683
0a0b0003 0a030017 10000 100 682112 894999 470122 234464
0a080005 0a030009 10000 100 924 1116999 248852 9511
0a040017 0a05001f 10000 100 64064 1319999 45884 30360
0a090003 0a03000a 10000 100 1625636 806999 561545 546053
0a0a001d 0a040018 10000 100 868962 634000 735776 296176
0a090002 0a02001e 10000 100 28777 1337999 33012 18715
0a08001b 0a090010 10000 100 62104 1335000 41911 29718
0a050018 0a0a000b 10000 100 1917521 567000 812716 642452
0a040003 0a09001b 10000 100 81384 1320999 62185 36087
0a03001f 0a080013 10000 100 65909 1353999 30793 30966
0a04000a 0a08001f 10000 100 367612 714000 671086 130614
0a060017 0a020011 10000 100 58619 1327000 58420 28572
0a09001a 0a08000d 10000 100 22166 1364999 23040 16523
0a0b0012 0a050005 10000 100 35136 1368999 20576 20812
0a030002 0a04000e 10000 100 922573 773000 617812 313885
0a030018 0a040004 10000 100 883936 912000 482440 301121
0a020001 0a080011 10000 100 61162 1358000 37265 29401
0a000018 0a00001c 10000 100 125485 1307000 88821 46405
0a00001f 0a040011 10000 100 8706 1384000 11894 12078
0a020009 0a040014 10000 100 58017 1312000 84318 28364
0a050001 0a060010 10000 100 356976 1255999 141209 127088
0a050001 0a040012 10000 100 70825 1358999 47086 32601
0a050015 0a09001f 10000 100 41785 1242999 165543 23001
0a020004 0a080007 10000 100 1726632 828999 580447 579416
0a020006 0a060019 10000 100 53940 1374999 35045 27013
0a080010 0a020002 10000 100 45458 1382999 27783 24222
0a01000e 0a04000b 10000 100 852204 1046000 368036 290645
0a05001e 0a01000e 10000 100 1654708 666999 749069 555664
0a070006 0a0a0004 10000 100 28010 1374000 48079 18455
0a07000e 0a010002 10000 100 770039 1162999 267147 263507
0a03001d 0a090020 10000 100 98014 1376999 53480 41578
0a090013 0a070006 10000 100 5853 1420000 11366 11134
0a06000c 0a020003 10000 100 2352228 440000 994411 786012
0a070006 0a090010 10000 100 2093516 659999 779355 700567
0a080019 0a040007 10000 100 415290 1139999 299824 146347
0a03001e 0a0b0016 10000 100 2293389 411000 1028964 766569
0a04001d 0a080003 10000 100 370756 1043000 402215 131651
0a070015 0a03000c 10000 100 589703 1198000 247968 203956
0a060012 0a07000b 10000 100 984 1110000 338671 9530
0a040011 0a08000f 10000 100 81761 1417999 35883 36208
0a090009 0a010020 10000 100 205007 1312000 144073 76906
0a07001c 0a04000b 10000 100 103301 1358999 100048 43316
0a05000b 0a060012 10000 100 1775152 541999 918714 595434
0a060002 0a00000d 10000 100 677815 1201000 260025 233043
0a010011 0a060017 10000 100 28708 1229999 234318 18693
0a05001f 0a090011 10000 100 61718 1350999 113837 29594
0a08001d 0a060010 10000 100 71006 979000 486438 32659
0a070005 0a09000b 10000 100 38838 1443999 21996 22027
0a0b001d 0a060001 10000 100 95285 1425999 40633 40674
0a030001 0a0b0017 10000 100 123146 1100999 365730 49881
0a07000e 0a0a000d 10000 100 23293 1443999 23640 16899
0a0a0010 0a05000c 10000 100 2610597 114999 1355923 871332
0a09000a 0a090020 10000 100 87477 1420000 51066 33858
0a050018 0a050014 10000 100 20599 1461999 11335 11766
0a0a0015 0a0a0001 10000 100 999 1469000 4708 5295
0a01000f 0a05001c 10000 100 16307 1454999 19581 14587
0a050010 0a00000d 10000 100 98420 1389000 86340 41708
0a0b0014 0a0a000d 10000 100 81488 1433999 44085 36120
0a0b0005 0a09000d 10000 100 87876 1413999 66162 38226
0a06001c 0a09001f 10000 100 102130 1423999 58499 42941
0a050015 0a070001 10000 100 2363059 480999 1003094 789586
0a05000e 0a06001a 10000 100 8598 1472000 14200 12043
0a060002 0a07001d 10000 100 86720 1410000 80827 37841
0a05001e 0a000017 10000 100 43228 1469000 23158 23478
0a070010 0a090019 10000 100 310727 1283999 213509 111827
0a090011 0a00001f 10000 100 38099 1476000 21664 21791
0a020006 0a04001a 10000 100 4047 1490000 10271 10541
0a09001e 0a020020 10000 100 70930 1466999 33650 32634
0a0a000b 0a020015 10000 100 2538601 400000 1101561 847556
0a090007 0a060019 10000 100 96877 1356999 147747 41199
0a050004 0a070020 10000 100 92027 1464000 40982 39600
0a03000a 0a09001c 10000 100 102602 1464999 43009 43092
0a050001 0a090012 10000 100 79743 1464000 45140 35547
0a030012 0a0a0009 10000 100 472138 1105999 403325 165122
0a070006 0a080002 10000 100 11407 1492999 16478 12973
0a03000f 0a08001d 10000 100 2244888 143999 1367737 750558
0a05001c 0a060015 10000 100 74672 1454999 57135 33863
0a070002 0a030015 10000 100 63124 1420999 92806 30060
0a050008 0a030004 10000 100 2584584 360999 1157402 862747
0a070005 0a04001f 10000 100 2219124 469000 1054107 742052
0a010020 0a0b0006 10000 100 45257 1490999 38842 24158
0a050013 0a06000b 10000 100 2424456 351999 1178086 809863
0a090012 0a01001b 10000 100 2373087 9999 1521370 792902
0a000005 0a08000b 10000 100 861443 1147000 385462 293693
0a050001 0a05000a 10000 100 59074 1479999 53128 24478
0a04001e 0a070008 10000 100 41764 1325000 214155 22994
0a07000f 0a04001c 10000 100 59992 1495999 48224 29011
0a030007 0a090014 10000 100 94023 1469999 77567 40255
0a00000d 0a020019 10000 100 2608531 105999 1442678 870656
0a0a001d 0a080010 10000 100 76523 1507000 42577 34486
0a09000d 0a0b0011 10000 100 2006133 622000 928352 671714
0a0b000e 0a0b0001 10000 100 45506 1531999 19560 19998
0a0a0005 0a040014 10000 100 1802520 766999 794462 604469
0a00000e 0a030012 10000 100 66371 1270000 292509 31129
0a020011 0a04000f 10000 100 90718 1526999 38957 39166
0a08000a 0a0a0020 10000 100 604969 1268999 297099 208995
0a070001 0a040016 10000 100 1582628 952999 613441 531861
0a070018 0a010001 10000 100 1034141 907999 659214 350723
0a01001a 0a050010 10000 100 2201710 808000 776680 736295
0a010018 0a05000b 10000 100 58676 1556000 29109 28590
0a090007 0a070008 10000 100 651330 1227999 359712 224307
0a01001d 0a02000e 10000 100 101608 1327999 269563 42759
0a050010 0a05000c 10000 100 19284 1092000 506514 11330
0a000005 0a020016 10000 100 33945 1574000 25798 20415
0a0b0004 0a0b0007 10000 100 32331 1391000 209399 15643
0a080011 0a0b000d 10000 100 28155 1582000 18918 18501
0a010018 0a030001 10000 100 78878 1165000 436751 35255
0a000003 0a020015 10000 100 27783 1371999 231075 18382
0a090014 0a09000d 10000 100 672765 1263000 341076 227141
0a080019 0a020016 10000 100 2301901 573000 1034551 769385
0a05000b 0a08001e 10000 100 274533 1505999 102682 99876
0a080008 0a000012 10000 100 53130 1569000 43311 26754
0a00001f 0a01001f 10000 100 85124 1562000 50463 37315
0a09000f 0a05001f 10000 100 89017 1435000 178829 38607
0a0b0016 0a060004 10000 100 93458 1433000 181322 40074
0a090009 0a020008 10000 100 738316 1209000 406143 253033
0a01000b 0a040005 10000 100 987156 1128000 487670 335212
0a070016 0a06001d 10000 100 2544309 572000 1046267 849444
0a04000e 0a02000a 10000 100 1017522 1214000 404961 345236
0a000001 0a02001e 10000 100 9818 1350999 268288 12449
0a070018 0a0a001b 10000 100 101667 1561000 59383 42777
0a000006 0a05000f 10000 100 2292127 833999 793714 766166
0a09001a 0a040019 10000 100 2664 1618000 13520 10083
0a06001e 0a020012 10000 100 74096 1585999 45684 33678
0a030013 0a0a000e 10000 100 62154 1541999 93124 29734
0a0a0019 0a07001d 10000 100 2105484 861000 774568 704520
0a08000b 0a010011 10000 100 1579513 742999 892714 530833
0a00001b 0a0a0016 10000 100 57288 1600999 35512 28131
0a050003 0a050015 10000 100 164017 1552999 84925 59135
0a010002 0a090006 10000 100 56661 1614999 27644 27915
0a01000f 0a02000e 10000 100 1855503 956999 687434 621976
0a000004 0a030020 10000 100 64272 1595999 48507 30427
0a050007 0a010001 10000 100 582840 1299999 346558 201683
0a040018 0a0b0015 10000 100 104785 989000 660685 43806
0a050017 0a020002 10000 100 4158 1644999 10482 10576
0a0b0018 0a020001 10000 100 91169 1610000 46836 39311
0a080001 0a04001d 10000 100 124466 1525000 132125 50304
0a040016 0a0b001e 10000 100 15723 1644000 16088 14400
0a010003 0a05001a 10000 100 36565 1642000 20934 21284
0a040010 0a08000c 10000 100 737350 757999 905351 252709
0a06001b 0a01001c 10000 100 61629 1618000 49614 29566
0a03000a 0a09001a 10000 100 68381 1619999 53544 31788
0a05001f 0a030015 10000 100 990419 719000 955615 336287
0a0a0014 0a070019 10000 100 3085 1665000 9819 10233
0a000016 0a0a0013 10000 100 148172 1598999 80870 58135
0a090014 0a030012 10000 100 780595 1044999 634904 266992
0a090014 0a050017 10000 100 55589 1606999 75988 27572
0a04000f 0a09001b 10000 100 97653 1628000 57133 41462
0a0b0008 0a000017 10000 100 117592 1600000 86247 48042
0a090010 0a020014 10000 100 98678 1647000 41643 41790
0a000007 0a08001a 10000 100 1927477 974999 714424 645730
0a040012 0a01000f 10000 100 57791 1662000 29002 28292
0a010012 0a010009 10000 100 772982 1433000 259692 260240
0a0a0002 0a050004 10000 100 749901 1427000 265917 256848
0a0b0009 0a000001 10000 100 54330 1386000 307093 27153
0a070013 0a0a0005 10000 100 83462 1659000 38255 36768
0a040006 0a03000b 10000 100 301355 1487999 210933 108720
0a00001c 0a030005 10000 100 27465 1645999 54252 18280
0a04001c 0a010018 10000 100 50358 1636000 65123 25836
0a08001a 0a070006 10000 100 100197 1642000 61014 42292
0a0b001f 0a040018 10000 100 2541055 3999 1700383 848372
0a0a000f 0a04001d 10000 100 1896092 815999 889457 635379
0a020014 0a050003 10000 100 58199 1680999 28272 28422
0a0a001f 0a0a0012 10000 100 2066197 784999 927794 687309
0a060005 0a070006 10000 100 128039 1536000 180176 51493
0a07001a 0a0a001f 10000 100 1593459 1167000 549830 535434
0a04000a 0a07000e 10000 100 916566 815999 902412 311901
0a00000c 0a010013 10000 100 26350 1701999 17555 17908
0a08001e 0a02000b 10000 100 2480542 828999 895074 828378
0a04000f 0a030006 10000 100 171922 1644000 83695 65981
0a07000f 0a050004 10000 100 43445 1706000 23205 23547
0a060011 0a03001b 10000 100 94652 1693999 40035 40471
0a030006 0a0a001d 10000 100 96645 1655999 78840 41124
0a090013 0a070002 10000 100 91780 1694999 40187 39521
0a060019 0a07001d 10000 100 9310 1724000 15005 12286
0a030016 0a070007 10001 100 1019054 939999 802337 345742
0a070012 0a08000f 10000 100 249352 1652000 91445 91557
0a0b001b 0a020019 10000 100 1805750 473000 1272026 605533
0a0b000e 0a030012 10000 100 1875226 831999 914106 628487
0a00001e 0a020007 10000 100 49932 1721000 26675 25700
0a0b001c 0a010009 10000 100 45038 1712999 38720 24088
0a0b000c 0a000001 10000 100 1642511 899999 852261 551638
0a000014 0a070008 10000 100 20803 1735999 22326 16072
0a060019 0a030011 10000 100 328072 1507000 253052 117546
0a080008 0a030020 10000 100 884935 1425999 335831 301441
0a060010 0a04001c 10000 100 1815836 1113000 648860 608868
0a080008 0a000017 10000 100 62319 1717999 47179 29787
0a03001c 0a090014 10000 100 1006566 1350999 414280 341623
0a060002 0a08000b 10000 100 37671 1744000 24284 21654
0a070002 0a0a0004 10000 100 274240 1396000 378870 99767
0a040002 0a050017 10000 100 2061680 382999 1398342 690057
0a09001f 0a030018 10000 100 2180380 778999 1002762 729255
0a04001d 0a070017 10000 100 98398 1672000 111263 41701
0a090020 0a01001f 10000 100 623527 1525000 261495 215118
0a030011 0a0b0013 10000 100 2135248 707999 1078936 714352
0a0a0006 0a020012 10000 100 764369 1214999 571943 261631
0a0b000b 0a020019 10000 100 83529 1191999 597448 36789
0a040001 0a05001c 10000 100 94431 1753000 40182 40385
0a030017 0a020002 10000 100 780325 662000 1132494 266906
0a020002 0a030019 10000 100 2438718 956999 837512 814565
0a050016 0a030009 10000 100 36193 1773999 22061 21165
0a03000b 0a010011 10000 100 54878 1575999 221375 27329
0a08000c 0a060009 10000 100 64882 1015000 787375 30638
0a05001a 0a010003 10000 100 41165 1779999 22434 22802
0a050007 0a000010 10000 100 822739 1461000 343736 280909
0a01000b 0a02000d 10000 100 58434 1699999 104998 28497
0a070004 0a090006 10000 100 50048 1752000 57989 25737
0a050002 0a020015 10000 100 50187 1770000 42636 25782
0a010010 0a090007 10000 100 1609683 143999 1669181 540795
0a000017 0a06001d 10000 100 76752 1779999 34260 34559
0a030017 0a000014 10000 100 347285 1002000 812939 123894
0a0b000a 0a010014 10000 100 103927 1753999 60977 43531
0a07001d 0a03001e 10000 100 750177 1528000 290906 256952
0a050020 0a060004 10000 100 26617 1773000 47265 17993
0a000012 0a000015 10000 100 58224 1796999 25764 24190
0a0b0016 0a030018 10000 100 908035 920000 903678 309079
0a090005 0a060012 10000 100 54147 1340999 485445 27095
0a030017 0a000011 10000 100 494421 1007999 819237 172483
0a090020 0a030017 10000 100 2172509 840999 987057 726659
0a01001d 0a060015 10000 100 2474710 715999 1113580 826451
0a010014 0a00000f 10000 100 598929 1508999 321740 207001
0a06001a 0a00001b 10000 100 53899 1804999 26752 27000
0a070006 0a0a0004 10001 100 14820 1681999 150983 14096
0a02001e 0a000004 10000 100 2419767 812000 1024897 808316
0a01000f 0a090016 10000 100 534345 1650999 186344 185673
0a060001 0a02001f 10000 100 90597 1797999 40361 39128
0a03000a 0a040015 10000 100 1661276 411999 1427015 557827
0a080009 0a030018 10000 100 50420 1810999 30875 25856
0a04000b 0a0b0013 10000 100 28293 1479999 362753 18545
0a04001a 0a08001f 10000 100 2359792 728000 1115332 788510
0a010015 0a010001 10000 100 47681 1822999 20404 20709
0a09001e 0a08000e 10000 100 71655 1812999 33557 32866
0a030013 0a050007 10000 100 12997 1815999 30766 13497
0a060009 0a050003 10000 100 93771 1776000 70806 40174
0a0b0004 0a03001b 10000 100 458797 1358999 490415 160715
0a02000a 0a000017 10000 100 37695 1828999 21362 21661
0a09001a 0a09000d 10000 100 63295 1815999 35101 25874
0a060003 0a01000c 10000 100 98832 1809999 43320 41840
0a070016 0a0b0006 10000 100 100943 1742999 113771 42546
0a020016 0a01000d 10000 100 1755313 1188999 669589 588886
0a080007 0a010003 10000 100 19526 1840999 21528 15663
0a0b0020 0a000001 10000 100 13198 1629000 234640 13561
0a07000c 0a08001c 10000 100 47406 1842000 25512 24861
0a080001 0a08001f 10000 100 116146 1518999 349774 43324
0a010010 0a070006 10000 100 1810503 264000 1605683 607115
0a00001d 0a020017 10000 100 71238 1750000 120142 32733
0a000017 0a06000d 10000 100 33755 1850999 19933 20354
0a09000c 0a08001b 10000 100 2521317 1018999 853533 841841
0a05001f 0a00001d 10000 100 31794 1781000 92857 19712
0a09000d 0a000001 10000 100 82029 1613999 260007 36294
0a06000a 0a010011 10000 100 99720 1670999 206745 42139
0a010004 0a080015 10000 100 16794 1655000 223084 14758
0a080018 0a0a000f 10000 100 572449 1590999 287173 198251
0a070002 0a080017 10000 100 43626 1840000 40034 23621
0a0a0005 0a08000c 10000 100 2359240 152999 1729074 788318
0a02001a 0a040002 10000 100 2507011 971999 910461 837125
0a050014 0a01001b 10000 100 83621 1737000 147913 36818
0a070009 0a000001 10000 100 2504678 313000 1573810 836348
0a000001 0a060007 10000 100 2170446 152000 1734896 725968
0a0b000b 0a080014 10000 100 609423 1482000 410631 210466
0a020012 0a08001f 10000 100 73556 1789000 104371 33505
0a06000c 0a01001e 10000 100 513565 1714000 180017 178809
0a010009 0a04001c 10000 100 15687 1879000 19439 14388
0a010006 0a01001b 10000 100 1655583 742999 1155782 551704
0a01001c 0a080001 10000 100 784416 1629999 270018 268246
0a040004 0a020002 10000 100 5304 1897000 10544 10958
0a040020 0a0a0004 10000 100 1869905 1177000 730876 626723
0a04001b 0a070011 10000 100 28422 1881999 27569 18586
0a090010 0a010011 10000 100 70048 1698999 213304 32337
0a080013 0a06001b 10000 100 98614 1871999 44250 41770
0a030017 0a09001f 10000 100 2389038 262000 1656034 798160
0a060019 0a070018 10000 100 936656 1456999 466877 318529
0a0b0012 0a01001b 10000 100 80152 1861000 67050 35678
0a070002 0a05000d 10000 100 1755824 515000 1415984 589050
0a00000c 0a000007 10000 100 7386 1923999 8934 7400
0a060016 0a0b0016 10000 100 37391 1874000 59391 21549
0a04000d 0a030019 10000 100 63873 1905000 30110 30299
0a090020 0a00001a 10000 100 15731 1923999 19175 14402
0a07000b 0a08000c 10000 100 980166 733999 1214632 332898
0a070011 0a030020 10000 100 127997 1902000 51304 51480
0a050020 0a030008 10000 100 2429099 1108999 851714 811394
0a080008 0a050014 10000 100 78656 1848000 114939 35184
0a060005 0a040015 10000 100 954465 631000 1332056 324413
0a000011 0a030004 10000 100 2169999 943000 1021236 725825
0a060018 0a090005 10000 100 2110322 1095000 870172 706114
0a080016 0a08001f 10000 100 35792 1938000 27748 16782
0a060008 0a050015 10000 100 2263712 324999 1643133 756781
0a0b0007 0a000015 10000 100 30750 1949999 20027 19362
0a08001c 0a090020 10000 100 670621 1312999 660193 230680
0a040013 0a09000b 10000 100 365434 1724000 249639 129886
0a05001f 0a020003 10000 100 1835992 730999 1245296 615518
0a030006 0a05000d 10000 100 207232 1518999 458581 77649
0a060006 0a010002 10000 100 72085 1900999 80524 33019
0a0a0020 0a05001d 10000 100 1938988 926999 1057266 649536
0a0b000f 0a020013 10000 100 100929 1910000 75328 42541
0a010001 0a000004 10000 100 95632 1944999 40750 40785
0a0a000a 0a050014 10000 100 203153 1820000 167066 76297
0a09000f 0a0b001e 10000 100 1712481 712999 1274367 574735
0a040009 0a01001f 10000 100 396533 1789000 202202 140160
0a030005 0a05001f 10000 100 1788201 1325999 665363 599748
0a03000b 0a070008 10000 100 84242 1955999 37834 37032
0a010020 0a020009 10000 100 299816 1696999 299796 108213
0a08000c 0a020009 10000 100 32631 1146000 852671 19979
0a04000f 0a0a000a 10000 100 103753 1955999 43624 43476
0a030016 0a070007 10000 100 2595083 659999 1341299 866214
0a030011 0a07000d 10000 100 351717 1874999 128262 125359
0a00000b 0a0b0019 10000 100 3084 1994000 10649 10232
0a070019 0a050015 10000 100 38441 1982999 22099 21900
0a0b0014 0a030013 10000 100 4444 1994999 10539 10668
0a060019 0a090005 10000 100 86609 1894000 111635 37805
0a05001b 0a0a0002 10000 100 1576633 1093000 914150 529881
0a05001a 0a08001c 10000 100 126995 1958000 53081 51144
0a04000d 0a040015 10000 100 2577052 282999 1729328 856020
0a0a0016 0a000013 10000 100 94442 1971999 41726 40389
0a010002 0a01000d 10000 100 17351 2001999 17097 10696
0a04000a 0a060012 10000 100 1628282 458000 1563647 546931
0a0a001c 0a040017 10000 100 73157 1990000 33322 33362
0a090020 0a0b000a 10000 100 43355 2001000 23130 23519
0a0a000e 0a050012 10000 100 1569111 1113999 910269 527397
0a060008 0a040005 10000 100 1697606 784999 1239958 569821
0a040018 0a0b0005 10000 100 97847 1333999 693092 41524
0a020017 0a040009 10000 100 63180 1899000 130572 30078
0a020009 0a02001c 10000 100 79577 1998999 31130 31254
0a02001f 0a060010 10000 100 972524 1698999 331915 330376
0a07000a 0a080017 10000 100 687591 1569000 462457 236279
0a010006 0a050011 10000 100 1698423 895999 1136953 570098
0a01001b 0a05000d 10000 100 2092178 995999 1037413 700124
0a0a0006 0a0a0020 10000 100 1826747 1020999 1014803 608227
0a050017 0a070019 10000 100 13495 2023000 13240 13656
0a08001c 0a080010 10000 100 2145901 546000 1491071 713628
0a040015 0a0a001a 10000 100 63853 1801999 235186 30293
0a02000b 0a050020 10000 100 9600 2024999 14877 12379
0a0b000e 0a020001 10000 100 19103 2026000 15263 15512
0a01000d 0a010017 10000 100 430881 1748999 293022 147265
0a01000e 0a0b0002 10000 100 73678 2007999 34038 33544
0a040015 0a020018 10000 100 35267 1998000 47431 20854
0a060016 0a0b001a 10000 100 1817772 957999 1090452 609503
0a000002 0a03000c 10000 100 1867370 1412000 637317 625881
0a0a001f 0a04001a 10000 100 78638 1984000 72535 35178
0a01000f 0a0a0010 10000 100 91678 1991000 69171 39489
0a05001e 0a0a000d 10000 100 232121 1902999 161916 85859
0a070014 0a07000f 10000 100 63448 1984000 81719 25923
0a09000e 0a0a0008 10000 100 2243210 1129000 942325 750005
0a000020 0a03001a 10000 100 51072 2013000 58911 26080
0a040014 0a0b0008 10000 100 56027 2027000 45785 27712
0a060015 0a01000a 10000 100 601103 1835999 237377 207712
0a040008 0a03000f 10000 100 1679134 1386999 687225 563726
0a04001f 0a090005 10000 100 515557 1628000 446795 179462
0a04001f 0a0b001e 10000 100 54246 1951999 123100 27127
0a040003 0a08000d 10000 100 819595 1484000 592578 279872
0a06001b 0a04001f 10000 100 2171513 897000 1180891 726325
0a060015 0a07000c 10000 100 98509 2039000 41428 41736
0a050005 0a0a0004 10000 100 29069 2069000 18510 18809
0a050006 0a030016 10000 100 76101 2030999 58920 34335
0a08001c 0a060013 10000 100 1587784 649999 1441196 533557
0a05000c 0a00000e 10000 100 1039291 1016999 1077586 352417
0a01000e 0a030002 10000 100 966790 1449999 645555 328480
0a070010 0a08001d 10000 100 2548807 783999 1312303 850930
0a0b000c 0a08000f 10000 100 50735 2027000 70640 25957
0a050007 0a03001e 10000 100 88575 2037000 61755 38465
0a080020 0a00001a 10000 100 42729 2046000 55819 23318
0a08001d 0a01000a 10000 100 79281 1922000 185805 35384
0a0b000c 0a0a0019 10000 100 10146 2089999 19250 12554
0a0b0016 0a08001d 10000 100 72771 1704999 407358 33239
0a05001e 0a060011 10000 100 75573 2079000 33857 34166
0a0a001d 0a02001a 10000 100 77399 2083000 34440 34766
0a000019 0a070013 10000 100 1907586 1164000 954813 639165
0a020007 0a00001e 10000 100 2386209 1325000 796963 797224
0a040007 0a010002 10000 100 376416 1994000 138952 133508
0a000003 0a070007 10000 100 348096 1412999 722627 124169
0a07000b 0a030014 10000 100 700908 1678000 458443 240679
0a070016 0a070001 10000 100 1801322 1214999 926983 599830
0a000013 0a0b0020 10000 100 343388 2024999 125545 122601
0a040015 0a05000c 10000 100 2219834 643000 1507553 742279
0a070002 0a050012 10000 100 2180847 654999 1495624 729404
0a070009 0a050002 10000 100 2034988 676999 1476090 681239
0a07001f 0a050008 10000 100 43544 2132999 23421 23594
0a0b0013 0a060010 10000 100 86401 2122999 37478 37739
0a0b0012 0a050010 10000 100 30836 2141000 19871 19390
0a0b0018 0a000005 10000 100 66308 2129999 31096 31109
0a060012 0a010016 10000 100 2088534 968000 1193690 698927
0a0a0014 0a020017 10000 100 22681 2063999 99877 16703
0a040008 0a070001 10000 100 363669 1853999 313006 129306
0a070006 0a010014 10000 100 1590753 1296000 874399 534537
0a070017 0a030002 10000 100 656386 1598000 572633 225971
0a040009 0a060013 10000 100 101264 1965000 208805 42648
0a03001f 0a040017 10000 100 12009 2164000 13146 13181
0a020003 0a020020 10000 100 19066 2171000 10829 11260
0a0a001d 0a030007 10000 100 49857 2158000 25251 25676
0a02001c 0a0a001f 10000 100 39857 2162999 22187 22368
0a050019 0a04000d 10000 100 83567 2145999 39252 36801
0a090012 0a0a001b 10000 100 8473 2177000 14485 12003
0a030017 0a070011 10000 100 87098 2125999 66234 37977
0a08001a 0a0b0009 10000 100 45624 2157000 38464 24275
0a000001 0a060003 10000 100 65890 2144000 51862 30960
0a090002 0a07001c 10000 100 1873080 1252000 944979 627770
0a01000a 0a02000f 10000 100 1648223 1100999 1097330 553512
0a0a000f 0a080014 10000 100 92644 2102000 100511 39798
0a0b000d 0a0a001a 10000 100 2127140 1270999 937417 711680
0a040010 0a0b0015 10000 100 69682 2177000 32996 32220
0a0b001d 0a040016 10000 100 11612 2197000 13315 13038
0a090011 0a04001a 10000 100 1946610 1508999 702227 652052
0a0b0002 0a040018 10000 100 2361820 800000 1414113 789174
0a040018 0a030003 10000 100 2057288 989000 1228021 688606
0a080017 0a050019 10000 100 1749341 1621999 595750 586914
0a040018 0a07001a 10000 100 80802 1923999 294048 35886
0a00001c 0a05000a 10000 100 2470393 1364999 853443 825023
0a040002 0a0a0002 10000 100 760913 1430999 790055 260495
0a07000b 0a010004 10000 100 2494829 1007999 1213930 833104
0a03000f 0a01001f 10000 100 84323 2008999 213661 37058
0a07000f 0a0b0009 10000 100 19884 2187000 36168 15777
0a050010 0a030018 10000 100 86099 2158000 65692 37642
0a090002 0a020010 10000 100 90923 2154999 68750 39232
0a040016 0a030014 10000 100 34953 2203999 20408 20753
0a07001c 0a0b0013 10000 100 1781814 1079000 1150422 597628
0a02000f 0a01001d 10000 100 1726533 961999 1267637 579385
0a030002 0a0b0004 10000 100 2076566 550999 1678851 694974
0a03001c 0a0a0001 10000 100 169916 2109999 120871 65324
0a03000f 0a000009 10000 100 2284612 701000 1532454 763684
0a070010 0a0a0019 10000 100 7515 2223000 13657 11696
0a0b0019 0a060005 10000 100 45848 1877999 358853 24347
0a010007 0a08001b 10000 100 500325 2063000 173905 174434
0a040014 0a030001 10000 100 1929008 787999 1452373 646250
0a08000e 0a000003 10000 100 1822902 985999 1255491 611206
0a00001e 0a04000e 10000 100 75534 2209000 33913 34154
0a080019 0a04001a 10000 100 92514 2112999 130157 39756
0a010002 0a00000f 10000 100 89173 2144000 100929 38656
0a06001b 0a030006 10000 100 54693 2216999 27978 27270
0a000003 0a060003 10000 100 1658383 1175000 1070291 556870
0a010003 0a010004 10000 100 660115 1923999 321561 222970
0a010015 0a040005 10000 100 63389 2194999 52080 30144
0a08000f 0a080009 10000 100 226306 2099999 147439 79697
0a080001 0a090015 10000 100 39498 2227999 22615 22254
0a000017 0a05000b 10000 100 32564 2220999 30038 19958
0a040018 0a00000f 10000 100 60002 2220000 32796 29030
0a000006 0a020003 10000 100 44793 2230000 25355 23994
0a000009 0a0a0004 10000 100 68333 2226000 31442 31773
0a0a0013 0a060004 10000 100 1743388 1487999 772998 584947
0a090016 0a0b0020 10000 100 99325 2217999 43073 42013
0a01001f 0a040020 10000 100 66683 2230000 32244 31229
0a0b0008 0a040005 10000 100 21883 2246000 16311 16432
0a000003 0a020016 10000 100 55742 1889999 374348 27621
0a020016 0a0a0014 10000 100 35209 2249000 20590 20835
0a000016 0a060016 10000 100 81944 2200000 71360 36266
0a08001e 0a050011 10000 100 12461 2256000 17071 13325
0a00001a 0a040007 10000 100 48035 2223000 53600 25078
0a0a0011 0a070001 10000 100 357 1415000 862973 9329
0a0b0013 0a010015 10000 100 99046 2235000 48905 41923
0a000003 0a00000f 10000 100 78920 1925999 358698 31028
0a0a001b 0a080008 10000 100 39893 2249999 37853 22380
0a010017 0a000008 10000 100 2065669 1592000 696311 691380
0a030006 0a0b0017 10000 100 2037333 1413999 881521 682020
0a020018 0a070008 10000 100 59832 2271000 28933 28960
0a02000b 0a03001b 10000 100 806276 2021999 281101 275472
0a0b0008 0a010020 10000 100 70553 2271000 33443 32514
0a020020 0a02001c 10000 100 11735 2298000 8408 8838
0a0a001c 0a09001c 10000 100 54292 2282000 26818 27141
0a080017 0a020019 10000 100 1673425 1041999 1268798 561837
0a080007 0a000015 10000 100 483889 1968000 344956 169005
0a04001d 0a03000b 10000 100 1862045 907999 1405075 624131
0a0b001a 0a050016 10000 100 845102 1770000 543969 288295
0a02001f 0a070007 10000 100 53233 2288000 26613 26787
0a0a0018 0a0a000d 10000 100 1924995 1557999 759460 640680
0a070016 0a0b0012 10000 100 58142 2289999 29008 28404
0a05000c 0a08000b 10000 100 21137 1516999 804866 16194
0a020004 0a0a0005 10000 100 54691 2295999 26969 27269
0a01000d 0a0a0001 10000 100 1599006 1577999 745518 537271
0a0b0011 0a09000f 10000 100 55671 2296999 28520 27598
0a05001c 0a070005 10000 100 91704 2256999 69933 39497
0a09000e 0a090018 10000 100 976826 1995999 331229 327559
0a000005 0a01000a 10000 100 43562 2305000 23253 23600
0a08000d 0a0a001e 10000 100 217810 2242000 87225 81141
0a040003 0a0a0019 10000 100 241116 2233000 99643 88830
0a03001f 0a04000f 10000 100 76622 2285999 46865 34517
0a09000f 0a04000b 10000 100 80749 2292000 44583 35869
0a010019 0a09001d 10000 100 61476 2289999 49477 29502
0a060009 0a05000c 10000 100 89979 1531999 807880 38914
0a02000e 0a030010 10000 100 353155 1981999 358037 125834
0a060016 0a0a0013 10000 100 1617667 1456999 886104 543426
0a040013 0a0a0010 10000 100 2219096 1448000 899252 742043
0a04000e 0a08000a 10000 100 103046 2305000 44196 43234
0a090018 0a080005 10000 100 788410 1288999 1061829 269570
0a010018 0a050003 10000 100 79253 2289999 61075 35375
0a06001d 0a05000e 10000 100 61599 2309999 41682 29556
0a000003 0a040004 10000 100 22888 2085000 269434 16769
0a0b0009 0a000004 10000 100 92056 2314999 39863 39610
0a080015 0a020017 10000 100 695387 920000 1437342 238850
0a08000e 0a0a0011 10000 100 800501 1007999 1349689 273562
0a070014 0a0b001a 10000 100 838955 1737999 623592 286267
0a030014 0a01001d 10000 100 78703 2311999 50895 35199
0a060006 0a0a0010 10000 100 74159 2288000 82116 33698
0a030003 0a0b001b 10000 100 423456 1992999 380295 149052
0a000012 0a01001b 10000 100 586507 2122000 251883 202903
0a01000c 0a080002 10000 100 2025043 1196999 1177093 677965
0a03000e 0a070002 10000 100 316712 2259000 116118 113804
0a050010 0a080005 10000 100 2458575 684000 1691677 821134
0a09000f 0a040006 10000 100 2387997 818999 1556765 797812
0a010020 0a0b0015 10000 100 73052 2285000 94286 33329
0a000012 0a05000f 10000 100 55950 2356000 27870 27687
0a080020 0a040016 10000 100 90660 2354999 38864 39148
0a02001a 0a0b0007 10000 100 73452 2341000 52935 33457
0a010009 0a050014 10000 100 1812149 1685000 711764 607657
0a010013 0a090007 10000 100 842415 1585000 814206 287405
0a060001 0a040003 10000 100 36711 2370000 35074 21331
0a03000d 0a0b0014 10000 100 53985 2370999 35103 27028
0a010020 0a01001a 10000 100 73902 2318999 90195 29376
0a0a001b 0a000003 10000 100 2338182 1026000 1383326 781364
0a0b001c 0a09001a 10000 100 2298033 1544000 865970 768117
0a040006 0a0a0003 10000 100 2159940 1485999 925317 722499
0a060005 0a08000d 10000 100 1908737 987000 1425867 639549
0a01001b 0a01000a 10000 100 30167 2354999 58870 14936
0a060008 0a070010 10000 100 290774 2204999 209795 105227
0a0b0002 0a040006 10000 100 287049 2252000 164757 104004
0a08001a 0a08000a 10000 100 77403 2386999 30913 30527
0a090015 0a020017 10000 100 2522231 1453000 966012 842149
0a040014 0a060016 10000 100 2228970 1621000 798979 745295
0a05000b 0a010001 10000 100 69561 2383999 37452 32181
0a00000a 0a09001e 10000 100 102734 2367000 59655 43134
0a0a0004 0a060019 10000 100 79970 2367000 61436 35619
0a08000f 0a050007 10000 100 19240 2284000 147221 15556
0a08000b 0a000009 10000 100 64382 2399999 31454 30462
0a060003 0a050008 10000 100 20627 2416999 15799 16015
0a04001f 0a0b0008 10000 100 57278 2396000 37409 28128
0a03000f 0a0b0011 10000 100 2079198 1155999 1279285 695847
0a06000e 0a090001 10000 100 64481 2403999 31429 30494
0a0b0001 0a0a000d 10000 100 17084 2393999 42066 14851
0a00001b 0a050019 10000 100 82434 2387999 49637 36423
0a010017 0a040011 10000 100 61492 2410999 29372 29507
0a0b000a 0a030002 10000 100 87476 2040000 401963 38098
0a000009 0a020010 10000 100 433637 2288999 153125 152418
0a0b0001 0a00000f 10000 100 102026 2396999 45962 42908
0a01001e 0a080003 10000 100 637975 2093999 350175 219895
0a050006 0a030003 10000 100 1688913 1835999 610136 566947
0a030007 0a06000c 10000 100 361926 2320000 128457 128733
0a000015 0a08000f 10000 100 1844779 1807999 641552 618422
0a00000d 0a0b0001 10000 100 123 2442000 8664 9254
0a010012 0a000012 10000 100 1845084 1734000 717174 618535
0a01000f 0a07000f 10000 100 30148 2439000 18749 19169
0a0b0003 0a00001d 10000 100 89508 2390999 69073 38764
0a080003 0a05001c 10000 100 889970 1791999 670173 303114
0a030015 0a090007 10000 100 2036128 1224000 1238699 681619
0a08001e 0a02001a 10000 100 908296 2150000 313591 309162
0a0b001f 0a0a000d 10000 100 464345 2188999 275071 162552
0a04001d 0a000018 10000 100 2191817 947999 1516268 733037
0a020004 0a0a000d 10000 100 22018 2435999 28907 16476
0a010002 0a070006 10000 100 47632 2413999 55420 24933
0a08000d 0a060020 10000 100 7277 1910000 563860 11605
0a0b0010 0a0b0011 10000 100 60824 2449999 24840 25053
0a070009 0a07000e 10000 100 1890687 1564999 911916 629348
0a04000a 0a040019 10000 100 77811 2448999 30212 30658
0a0b000b 0a02000d 10000 100 2085922 1340000 1139255 698060
0a0a000f 0a0a0014 10000 100 10215 2468000 13787 8336
0a030009 0a010017 10000 100 93217 2442000 41650 39997
0a000006 0a020008 10000 100 223464 1894000 592963 82997
0a040006 0a030009 10000 100 74923 2452999 34748 33943
0a06001c 0a0a0016 10000 100 1828603 1835999 653622 613092
0a0a000f 0a030011 10000 100 993395 1860000 632789 337270
0a010011 0a0a0017 10001 100 1878559 1417000 1077197 629584
0a05001d 0a0b000c 10000 100 1665 2484999 9606 9763
0a0a001e 0a060005 10000 100 1793469 1430999 1064197 601480
0a090007 0a090014 10000 100 768323 1652999 842491 258703
0a00000b 0a090004 10000 100 1842889 1582000 915132 617801
0a070006 0a00001c 10000 100 1728764 1657000 841462 580114
0a070005 0a04001d 10000 100 92347 2393000 110138 39703
0a050002 0a080009 10000 100 474178 2150000 353682 165806
0a070014 0a01001d 10000 100 1996162 1477000 1027446 668416
0a08001d 0a060008 10000 100 2100341 1175000 1329541 702828
0a070010 0a080004 10000 100 2339567 1688000 827655 781823
0a000001 0a070005 10000 100 2403246 1193999 1321814 802860
0a04000d 0a030015 10000 100 1043732 2158999 359237 353884
0a000018 0a060020 10000 100 2276339 1139999 1378802 760944
0a0a0014 0a080010 10000 100 23909 2505999 16862 17096
0a050016 0a030004 10000 100 49134 2492999 34625 25429
0a01001f 0a050003 10000 100 35375 2507000 21510 20888
0a080005 0a00001c 10000 100 599080 1296999 1232577 207049
0a040007 0a010012 10000 100 14242 2516000 13975 13911
0a00000c 0a03001d 10000 100 2388532 1727999 802603 797998
0a0a0009 0a010005 10000 100 75971 2497000 34439 34294
0a020007 0a0a001c 10000 100 3248 2501000 30535 10285
0a0b0013 0a0b001d 10000 100 87231 2498999 33332 33780
0a000013 0a070007 10000 100 42387 2511999 22952 23209
0a0b0003 0a040013 10000 100 27275 2508999 26543 18219
0a08001f 0a06000a 10000 100 71382 2492999 43915 32779
0a080016 0a060013 10000 100 2572214 1500999 1036536 858650
0a090011 0a070005 10000 100 104736 2399999 141760 43790
0a050009 0a090011 10000 100 27002 2498999 43064 18132
0a060002 0a070014 10000 100 1975375 1858000 688644 661549
0a010004 0a030001 10000 100 1774198 1015999 1536158 595114
0a0b0005 0a05000b 10000 100 20401 2537000 16046 15943
0a03000e 0a000009 10000 100 1785 2543999 9755 9801
0a040003 0a06001d 10000 100 710431 2301000 255583 243818
0a0b000d 0a0a0011 10000 100 1875936 857000 1700025 628714
0a04000b 0a020009 10000 100 832351 2186000 372245 284077
0a030019 0a0b0018 10000 100 9306 2546000 13600 12285
0a0b0005 0a0b0010 10000 100 24440 2547999 17559 13041
0a0a000b 0a030016 10000 100 307086 2285999 282668 110616
0a070014 0a0b0015 10000 100 55950 2539000 29751 27687
0a02000f 0a090003 10000 100 64631 2520999 51283 30557
0a010010 0a000003 10000 100 47217 2533000 40577 24800
0a020010 0a06000d 10000 100 88536 2507000 67423 38453
0a05000c 0a0a000e 10000 100 978599 1456000 1118992 332381
0a080002 0a030017 10000 100 710486 2325999 249120 243836
0a0b000d 0a090020 10000 100 284174 2383999 195909 103054
0a02000d 0a0b0014 10000 100 2242003 1020999 1563362 749604
0a080007 0a03000a 10000 100 2088146 1711000 874186 698803
0a03000c 0a0b0019 10000 100 42842 2566999 23563 23354
0a080005 0a010011 10000 100 1772999 926999 1664445 594715
0a01001e 0a0a0001 10000 100 401 2586999 9177 9343
0a0a0007 0a080009 10000 100 2404907 1446000 1151299 803407
0a030005 0a02000d 10000 100 17563 2422999 174732 15004
0a010011 0a060005 10000 100 49415 2060999 537420 25519
0a030003 0a060012 10000 100 2164266 1141000 1460535 723929
0a09000c 0a050001 10000 100 558630 2409000 193454 193690
0a07001f 0a060015 10000 100 68188 2573999 31427 31726
0a05000e 0a080005 10000 100 2421147 786000 1829087 808773
0a07000a 0a06000b 10000 100 1587168 1531000 1088513 533360
0a05001f 0a010015 10000 100 12670 2576999 42684 13392
0a050011 0a0a0004 10000 100 796919 2321999 298460 272385
0a040009 0a000015 10000 100 8463 2609000 11705 12000
0a010011 0a080005 10000 100 80378 2308000 314021 35750
0a000019 0a0a0006 10000 100 77929 2586999 35378 34936
0a010019 0a080018 10000 100 16628 2602999 19541 14705
0a03001d 0a060017 10000 100 370683 2397999 229275 131627
0a0a0002 0a0b0007 10000 100 26423 2406000 228797 17931
0a07001b 0a020006 10000 100 1994297 1965000 672402 667803
0a050002 0a0a000a 10000 100 411514 2422999 214492 145108
0a070014 0a0b0016 10000 100 4348 2629999 11238 10637
0a060009 0a030002 10000 100 1751913 1626999 1015356 587752
0a060020 0a020009 10000 100 2358446 465999 2176668 788064
0a070001 0a000008 10000 100 87194 2605999 37665 38008
0a060020 0a0a0012 10000 100 1868827 665000 1979377 626363
0a06000a 0a010002 10000 100 122262 2586999 57392 49583
0a060015 0a0a001e 10000 100 68950 2603999 53578 31970
0a04001c 0a0b0006 10000 100 2262467 1600999 1057826 756367
0a050011 0a090018 10000 100 47521 2631999 27183 24898
0a04000b 0a050001 10000 100 66461 2631000 30971 31158
0a05001f 0a0b001d 10000 100 87482 2628000 38532 38100
0a000020 0a0b0007 10000 100 2409361 1291000 1378121 804879
0a020006 0a090003 10000 100 83660 2635000 37272 36831
0a0b0008 0a0a0011 10000 100 2379016 721999 1951659 794861
0a090005 0a090013 10000 100 97298 2638000 36643 37093
0a0b001f 0a080012 10000 100 932547 1981999 692979 317168
0a0b000d 0a050019 10000 100 971830 2252999 423539 330138
0a06000d 0a030009 10000 100 377197 2546000 134636 133773
0a0b001b 0a040017 10000 100 37470 2658999 21749 21574
0a020006 0a080012 10000 100 19491 2386999 294298 15636
0a090012 0a020010 10000 100 68016 2626999 56519 31671
0a000001 0a030001 10000 100 2519797 29000 2655666 841339
0a030010 0a000020 10000 100 126455 2631999 52819 50971
0a05000b 0a0b0014 10000 100 256494 2504000 181601 93904
0a010010 0a08000c 10000 100 1674826 199999 2486737 562301
0a0a0003 0a030011 10000 100 52252 2647000 44235 26458
0a0b0020 0a0a0002 10000 100 2143112 1786999 904474 716945
0a090004 0a06001c 10000 100 1866295 1645999 1045779 625537
0a08000e 0a0b0003 10000 100 977016 2256999 436149 331859
0a03001f 0a030016 10000 100 119482 2527000 166708 44423
0a000003 0a06000e 10000 100 28346 2675999 18157 18562
0a01000c 0a050007 10000 100 1608719 1381000 1313488 540471
0a010015 0a05001f 10000 100 1953602 1948000 746891 654366
0a04001c 0a01001f 10000 100 50496 2664000 30901 25880
0a0a0012 0a01001f 10000 100 359250 2396999 298192 127846
0a040003 0a040011 10000 100 8708 2684999 10929 7838
0a03001a 0a0a001d 10000 100 90920 2537999 158097 39231
0a060018 0a00000a 10000 100 8825 2684999 13482 12116
0a09000d 0a000005 10000 100 70422 2668999 32185 32456
0a060007 0a04001e 10000 100 2158484 1227999 1476069 722017
0a000017 0a030002 10000 100 249806 2203000 502548 91703
0a080013 0a0b0014 10000 100 97101 2629999 80530 41270
0a060008 0a01000f 10000 100 69884 2635999 77656 32284
0a08000b 0a060013 10000 100 69315 2681999 31958 32102
0a060020 0a0b0010 10000 100 2269129 724999 1992475 758560
0a090010 0a02000b 10000 100 97621 2665999 51941 41452
0a0b0006 0a020019 10000 100 20870 1835000 885765 16093
0a08000c 0a000013 10000 100 2059507 1137999 1587274 689346
0a0a0010 0a0a0020 10000 100 96555 2660000 68690 36856
0a040020 0a080006 10000 100 2007562 1930999 797922 672186
0a050017 0a0a001d 10000 100 653863 2478999 254893 225133
0a0b0018 0a0a001e 10000 100 359103 2586999 150481 127799
0a02001f 0a040010 10000 100 409095 2402000 337214 144303
0a00000b 0a050019 10000 100 51673 2713999 25958 26272
0a090014 0a090010 10000 100 25454 2729999 13237 13366
0a060007 0a000009 10000 100 43413 2723999 23392 23537
0a070007 0a0b000a 10000 100 98027 2706000 42181 41582
0a00001f 0a04001d 10000 100 6308 2737999 11926 11295
0a0b0015 0a05000e 10000 100 58256 2680000 76085 28440
0a060018 0a040017 10000 100 54194 2733000 28381 27110
0a090010 0a060017 10000 100 700826 2428000 333538 240652
0a01000e 0a070012 10000 100 80827 2727999 35643 35894
0a080019 0a07001c 10000 100 1589145 1381999 1389934 534008
0a030005 0a050020 10000 100 15037 2730999 41589 14180
0a050007 0a070008 10000 100 32945 2413999 361011 20080
0a08000a 0a06000f 10000 100 2193119 1828999 946606 733469
0a070005 0a030007 10000 100 86526 2737999 37705 37779
0a040003 0a010003 10000 100 19682 2755000 22168 15713
0a03001e 0a050006 10000 100 71577 2749000 33278 32841
0a05001b 0a0a0004 10000 100 9877 2769999 13983 12468
0a02000b 0a060017 10000 100 72475 2700999 84589 33144
0a070004 0a05000c 10000 100 2564655 1154999 1635043 856155
0a010011 0a03000d 10000 100 72585 2726999 67306 33179
0a030005 0a060007 10000 100 349616 2392000 403756 124671
0a02001e 0a090016 10000 100 651529 2455999 339842 224370
0a070016 0a0b0008 10000 100 142483 2635999 167400 56253
0a080006 0a0b0014 10000 100 12131 2794000 12913 13220
0a040006 0a020016 10000 100 94799 2768000 41642 40518
0a030003 0a060019 10000 100 1715286 1696000 1115182 575663
0a0a0018 0a05000d 10000 100 1803051 2109000 703973 604654
0a030005 0a090016 10000 100 34839 2629999 183709 20717
0a090005 0a0b0005 10000 100 8414 2801999 12095 11984
0a0a0012 0a020002 10000 100 916713 2360000 456170 311948
0a0b0002 0a010015 10000 100 12544 2699000 121761 13352
0a09001b 0a020002 10000 100 54515 2781000 39890 27213
0a0a001d 0a090015 10000 100 68129 2769999 54110 31707
0a0a0019 0a030013 10000 100 60159 2795000 29741 29080
0a0b0019 0a000002 10000 100 859541 2534999 293271 293069
0a05000f 0a080017 10000 100 98020 2788000 42427 41580
0a00001f 0a01000b 10000 100 27173 2814000 17868 18187
0a040002 0a05000f 10000 100 903745 2386000 447443 307660
0a040009 0a04001e 10000 100 3174 2053999 781153 6021
0a020013 0a010018 10000 100 4752 2828999 11004 10782
0a060012 0a00001d 10000 100 1579304 2030999 813428 530751
0a06000e 0a0b000e 10000 100 76397 2811000 34238 34430
0a010008 0a040003 10000 100 67153 2749000 97281 31380
0a02000e 0a0b0018 10000 100 2076732 1351999 1494294 695027
0a00001b 0a0a000f 10000 100 20699 2818999 28830 16038
0a010010 0a08000d 10000 100 1798363 2216999 631530 603092
0a02001f 0a020017 10000 100 77362 2807000 42444 30514
0a060012 0a08001e 10000 100 61456 2615000 243571 29495
0a020007 0a000006 10000 100 994395 2351999 506582 337590
0a010019 0a050002 10000 100 2496396 1941000 920451 833621
0a0b000c 0a04001d 10000 100 1852035 1721000 1140815 620820
0a07000c 0a060005 10000 100 43358 2657000 204943 23520
0a07001f 0a050015 10000 100 75608 2830000 35388 34177
0a050008 0a090002 10000 100 2926 2856000 10050 10167
0a080006 0a060018 10000 100 43363 2831000 36671 23521
0a050010 0a05001c 10000 100 963130 2321000 548649 323038
0a03001f 0a060017 10000 100 52524 2844000 26135 26560
0a010011 0a090009 10000 100 1644224 1660000 1211731 552201
0a060016 0a07001a 10000 100 92600 2801999 71650 39784
0a000020 0a05001b 10000 100 2285880 1557999 1320542 764090
0a030006 0a0b0004 10000 100 294183 1711999 1166985 106364
0a07000d 0a07001a 10000 100 79881 2792000 89818 31351
0a030007 0a040014 10000 100 191299 2814000 72045 72381
0a0b0001 0a01001f 10000 100 22843 2867999 18935 16755
0a0b0006 0a060020 10000 100 2073020 1201000 1686422 693809
0a05000a 0a0a0004 10000 100 5272 2876000 11971 10948
0a020015 0a060006 10000 100 100106 2828999 59115 42263
0a0b0011 0a070010 10000 100 70590 2854000 36153 32526
0a010014 0a050018 10000 100 47482 2830000 64903 24885
0a050010 0a000006 10000 100 2298313 1755000 1141967 768207
0a08001d 0a050009 10000 100 782210 2503000 394528 267525
0a02000f 0a06000b 10000 100 13643 2884999 13589 13719
0a03001b 0a0b000e 10000 100 48887 2873999 24975 25350
0a040015 0a030004 10000 100 1825488 1739000 1161530 612049
0a080013 0a090011 10000 100 2156761 2121000 780281 721451
0a030018 0a0a000e 10000 100 1701637 1966999 935350 571157
0a080012 0a06000a 10000 100 42687 2615999 286399 23305
0a03001a 0a08000e 10000 100 414662 2462000 441250 146146
0a030016 0a000008 10000 100 51047 2877999 26165 26072
0a09001a 0a060005 10000 100 85287 2295000 610563 37367
0a05001d 0a09001a 10000 100 1735980 2242000 667181 582500
0a09001f 0a010017 10000 100 46137 2557999 353574 24440
0a010006 0a06000c 10000 100 92612 2871999 39622 39788
0a010008 0a030014 10000 100 201989 2713000 198937 75910
0a03000a 0a030005 10000 100 2352206 2102999 810622 781765
0a030019 0a02000d 10000 100 243250 2700999 212934 89543
0a030004 0a0a001d 10000 100 73959 2854000 60055 33634
0a040002 0a09000d 10000 100 37152 2887999 27245 21472
0a090003 0a09000d 10000 100 46588 2876000 39259 20359
0a03001d 0a040011 10000 100 85522 2880000 37136 37457
0a030009 0a08000c 10000 100 216119 1923000 996479 80585
0a040003 0a08000c 10000 100 2320186 1003999 1921935 775421
0a0b000c 0a000003 10000 100 74184 2870000 57333 33706
0a0b001b 0a02001f 10000 100 25423 2918000 17240 17596
0a0a000a 0a000020 10000 100 80433 2880000 59330 35768
0a00001f 0a09001f 10000 100 1753055 2047000 892844 588133
0a080012 0a030009 10000 100 71845 2694000 248415 32927
0a050001 0a070006 10000 100 27561 2928000 18400 18311
0a050014 0a090011 10000 100 84136 2854999 92491 36999
0a010011 0a0b001f 10000 100 78879 2847000 113480 35255
0a080019 0a02000b 10000 100 1638612 1547999 1415366 550344
0a030014 0a07001c 10000 100 103714 2918000 45812 43463
0a0a000b 0a000011 10000 100 1675844 2301000 665949 562642
0a090001 0a060012 10000 100 1789405 1943999 1027142 600134
0a08001b 0a040019 10000 100 10137 2958999 12696 12551
0a060007 0a040009 10000 100 468456 2814000 163704 163913
0a010008 0a080012 10000 100 2034266 2017000 960911 681008
0a010020 0a0b0007 10000 100 1719363 1708000 1270820 577014
0a070002 0a08000e 10000 100 100148 2933999 46406 42276
0a040008 0a040011 10000 100 19374 2925000 56166 11359
0a040014 0a0b0009 10000 100 18332 2964000 19970 15265
0a090011 0a08001c 10000 100 1585306 2402000 583007 532733
0a000011 0a030008 10000 100 2113849 2255000 734737 707289
0a030015 0a0a0006 10000 100 89608 2951000 38975 38796
0a08001b 0a040008 10000 100 86191 2905000 87229 37672
0a090002 0a0b0016 10000 100 2586696 1853999 1138616 863438
0a070019 0a030002 10000 100 911841 2269000 724282 310328
0a07001a 0a08000f 10000 100 867947 2686000 308466 295836
0a090020 0a040013 10000 100 41982 2965000 29515 23064
0a070015 0a080011 10000 100 486961 2510000 485460 170019
0a03000d 0a07000d 10000 100 241337 2905000 90733 88900
0a0a000f 0a040007 10000 100 2240619 1925999 1073307 749145
0a0b000f 0a0a000c 10000 100 2209183 1887000 1112663 738763
0a070019 0a000007 10000 100 97912 2912999 90967 41545
0a010005 0a030017 10000 100 159039 2915000 88988 61736
0a070001 0a0a000e 10000 100 97329 2654999 350114 41343
0a020008 0a01001e 10000 100 85080 2125000 881381 37301
0a050002 0a01001a 10000 100 22447 2985999 20857 16613
0a000019 0a050007 10000 100 2310267 1494000 1512909 772155
0a060006 0a0a000e 10000 100 2292433 1268999 1738470 766264
0a040018 0a0a000e 10000 100 10352 2909000 101753 12620
0a02000d 0a030001 10000 100 960467 1291999 1727076 326395
0a060006 0a02000d 10000 100 2458897 1407999 1612592 821237
0a07001e 0a0a0016 10000 100 635928 2804000 218847 219209
0a010003 0a050002 10000 100 329384 2906000 119212 117982
0a02000f 0a050007 10000 100 797287 2296999 731992 272503
0a080018 0a01001e 10000 100 6036 3021999 11193 11208
0a040013 0a050007 10000 100 22255 2641999 394274 16552
0a060001 0a040008 10000 100 19088 2941000 96499 15507
0a070017 0a090017 10000 100 835808 2469999 568825 285229
0a050020 0a06000f 10000 100 15538 2830000 209322 14341
0a030019 0a010013 10000 100 94410 2990000 49799 40378
0a07000e 0a050001 10000 100 47448 3003000 40115 24874
0a0b000d 0a070001 10000 100 4290 3033000 10436 10618
0a060009 0a03000c 10000 100 15406 2995999 47766 14298
0a030005 0a060004 10000 100 2076985 1897999 1145823 695108
0a0a0003 0a060005 10000 100 96216 2971000 73726 40987
0a02000d 0a0b0001 10000 100 8004 3039000 12471 11853
0a09001f 0a06000b 10000 100 2355977 1528000 1532707 787243
0a030006 0a0b0017 10001 100 37112 3040999 21658 21459
0a070010 0a04000d 10000 100 23809 3043999 20210 17064
0a010012 0a050007 10000 100 103927 2828999 241556 43531
0a040015 0a0a000c 10000 100 2076811 1552999 1517774 695053
0a02001a 0a090020 10000 100 33660 3040000 30950 20324
0a070004 0a090004 10000 100 1741566 1613000 1467315 584349
0a010011 0a090016 10000 100 7998 3065000 17024 11851
0a07000a 0a04000f 10000 100 1717249 2158999 923375 576306
0a050015 0a000016 10000 100 2310198 1917000 1166859 772133
0a04000a 0a060005 10000 100 2587733 1039999 2045157 863785
0a0a0003 0a09000a 10000 100 44068 3049000 38964 23762
0a0a000a 0a070018 10000 100 92041 3043000 46333 39605
0a090020 0a0b0018 10000 100 82643 3030000 61090 36505
0a0b000d 0a030010 10000 100 780949 2714999 376196 267106
0a080001 0a060001 10000 100 2135819 2282999 811329 714534
0a090020 0a02001e 10000 100 13915 3070999 25231 13806
0a080002 0a0a001b 10000 100 75759 2972999 125421 34226
0a00001f 0a050009 10000 100 60252 3069000 29524 29110
0a0a0008 0a080002 10000 100 689474 2726999 371556 236897
0a0b0013 0a040004 10000 100 247075 3004999 94700 90798
0a06000b 0a030010 10000 100 89836 2922000 178051 38869
0a05000b 0a010014 10000 100 1767865 2400999 699346 593026
0a070019 0a0a001f 10000 100 179163 2942000 158573 68375
0a050017 0a07000b 10000 100 91530 3030000 72013 39441
0a0a0018 0a05001a 10000 100 76359 3069999 34356 34418
0a080004 0a070007 10000 100 312862 2663000 444401 112526
0a040009 0a02001e 10000 100 59217 3079999 29924 28763
0a08001f 0a040009 10000 100 93098 3073999 41111 39959
0a020015 0a000019 10000 100 44851 3086999 31043 24013
0a0b0002 0a090019 10000 100 509509 2890000 228791 177465
0a05001a 0a02000b 10000 100 26588 3102999 18110 17984
0a010017 0a08000f 10000 100 32138 3088000 36630 19822
0a010015 0a090012 10000 100 86404 2821999 303667 37740
0a030012 0a04000a 10000 100 739020 2612999 513761 253258
0a000008 0a040011 10000 100 4762 3116999 10670 10785
0a06001e 0a060009 10000 100 1939240 2399000 732816 645377
0a02000c 0a080003 10000 100 585204 2700999 431599 202471
0a080005 0a030004 10000 100 598009 2893999 241277 206691
0a040018 0a030006 10000 100 95464 3095999 40615 40731
0a04001d 0a00001f 10000 100 94324 3099999 40255 40351
0a07001a 0a070004 10000 100 102244 3066999 73425 38737
0a070015 0a00001a 10000 100 2324068 1897999 1243154 776709
0a090002 0a07000f 10000 100 18397 3121000 20550 15286
0a050013 0a070012 10000 100 602486 2837999 304628 208170
0a0a0011 0a060010 10000 100 29736 2392000 752584 19022
0a0a0002 0a030018 10000 100 45811 3122999 24083 24335
0a090016 0a06000f 10000 100 99676 2984000 165320 42125
0a09001d 0a02001b 10000 100 1667638 1484999 1666509 559924
0a080014 0a0a001a 10000 100 80228 3063999 88234 35702
0a030005 0a040011 10000 100 12282 3135999 16742 13268
0a0a0016 0a060006 10000 100 29102 3128999 25700 18819
0a030017 0a080015 10000 100 2075633 911000 2244276 694660
0a030005 0a0b0010 10000 100 41627 3128999 26945 22950
0a000009 0a00001c 10000 100 55898 3083999 75244 23431
0a030009 0a080001 10000 100 909365 2844999 319257 309520
0a02000d 0a080003 10000 100 2431591 1598999 1567429 812223
0a06000c 0a03000a 10000 100 44218 3145999 23710 23810
0a090003 0a050001 10000 100 33729 3142999 27758 20346
0a010014 0a03000e 10000 100 2191388 1637000 1535370 732885
0a0a0012 0a060016 10000 100 39784 3151999 22315 22345
0a0a001a 0a09001a 10000 100 42529 3138000 36996 23254
0a0a000d 0a030013 10000 100 94945 3134000 41427 40565
0a07001b 0a00001c 10000 100 232359 3037000 138559 85935
0a070019 0a06000a 10000 100 1866054 2115000 1065788 625460
0a050014 0a070016 10000 100 2200821 2023000 1162834 736011
0a08001a 0a080015 10000 100 64626 2282000 905379 26316
0a03001a 0a090020 10000 100 61712 3089999 98965 29592
0a0a0011 0a02000f 10000 100 2254985 1229000 1960889 753896
0a03001a 0a00001c 10000 100 763266 2478000 714809 261263
0a07001c 0a050012 10000 100 670244 2959999 233574 230544
0a060009 0a000011 10000 100 358853 3063000 130886 127719
0a0a0015 0a0a0013 10000 100 63147 3171999 26217 25827
0a02001e 0a01001f 10000 100 182300 3067999 130425 69409
0a010004 0a070010 10000 100 74588 3170000 33739 33836
0a02001d 0a030010 10000 100 66591 3017000 189051 31200
0a0b0005 0a00001a 10000 100 774396 2596999 610186 264947
0a040019 0a05000d 10000 100 103478 3129999 77504 43372
0a05001b 0a020019 10000 100 2443892 1338999 1870355 816282
0a09001f 0a0b0008 10000 100 1702698 1797999 1416625 571512
0a000009 0a08000f 10000 100 63871 3184999 30954 30299
0a070005 0a020003 10000 100 95022 3183000 41466 40590
0a02000b 0a040006 10000 100 556598 3031999 193063 193025
0a05000d 0a0b001a 10000 100 2103696 2356000 871934 703932
0a070002 0a000015 10000 100 98049 3187000 41367 41589
0a0b001b 0a04001f 10000 100 126134 3180000 50546 50868
0a070019 0a070016 10000 100 104814 3193999 39179 39575
0a07000e 0a08001d 10000 100 819891 2661999 571845 279967
0a0b000a 0a07001f 10000 100 70220 3200000 34083 32392
0a070012 0a010015 10000 100 22889 2939000 297257 16770
0a0b001a 0a030016 10000 100 2319236 1807999 1429215 775117
0a040014 0a05001b 10000 100 523582 3039000 200326 182122
0a02000f 0a08001d 10000 100 83063 2907999 331989 36640
0a050011 0a000009 10000 100 33572 2961000 287669 20296
0a050013 0a07001e 10000 100 48306 3105999 145660 25164
0a090001 0a010001 10000 100 235244 2856000 399566 86889
0a080019 0a010016 10000 100 2016845 1860000 1395713 675249
0a09000a 0a06001f 10000 100 656183 2798999 457681 225906
0a060017 0a01000b 10000 100 839305 2974000 286004 286379
0a010014 0a09001f 10000 100 2219201 1726000 1534988 742077
0a070016 0a020005 10000 100 81427 3226000 35986 36101
0a010016 0a03000b 10000 100 11176 3242999 19604 12899
0a00001d 0a060020 10000 100 42920 3242999 23893 23379
0a06000b 0a090008 10000 100 207113 2893000 376300 77611
0a010020 0a080015 10000 100 1746051 1469999 1803616 585830
0a080015 0a0b0011 10000 100 13312 2648999 624687 13598
0a080015 0a070009 10000 100 28148 2723999 553544 18499
0a080008 0a040013 10000 100 272573 3177999 102591 99218
0a080015 0a08000b 10000 100 2040921 563000 2719749 678959
0a01001e 0a0a0003 10000 100 1681853 2272000 1012142 564626
0a070016 0a000005 10000 100 29432 3268000 18592 18925
0a060014 0a06001e 10000 100 1773209 2677000 611673 590557
0a040002 0a0a0011 10000 100 2593680 1188999 2100048 865750
0a08000d 0a050019 10000 100 68629 3266999 31561 31867
0a0b0019 0a0b001d 10000 100 5479 3292999 6508 6774
0a0a0016 0a000006 10000 100 31000 3281000 19157 19442
0a0b0009 0a030017 10000 100 676390 2860999 440861 232572
0a090004 0a080010 10000 100 68134 2955999 346529 31709
0a010017 0a080017 10000 100 48908 3249999 52671 25357
0a05000b 0a060006 10000 100 159821 3207000 101669 61986
0a0a0002 0a040010 10000 100 2489375 2095000 1213725 831297
0a04001e 0a080008 10000 100 148820 2454000 859548 58358
0a0b0001 0a060013 10000 100 451890 3152999 162010 158443
0a000017 0a0a000f 10000 100 1843375 2675999 640471 617957
0a07000e 0a03000f 10000 100 632091 2997000 319680 217951
0a0a0020 0a04001e 10000 100 2277977 1196000 2120969 761484
0a080011 0a050010 10000 100 859051 2788999 530248 292897
0a020014 0a000013 10000 100 892895 3014000 305978 304080
0a01001c 0a09001c 10000 100 1709597 2471000 849118 573781
0a070004 0a010010 10000 100 2132694 2456999 863699 713504
0a010011 0a040016 10000 100 7244 3305999 15305 11594
0a07000b 0a02000c 10000 100 2485953 2461000 861308 830171
0a060015 0a06000e 10000 100 82033 3190000 135327 32055
0a01000e 0a07000b 10000 100 1014108 2939000 386532 344113
0a000009 0a080011 10000 100 17180 3080999 244638 14881
0a08001d 0a010010 10000 100 34346 3186000 139878 20544
0a080003 0a080015 10000 100 1770545 1500000 1832985 589674
0a0a001c 0a06000d 10000 100 41425 3307000 27165 22886
0a0b000c 0a0a0009 10000 100 2604113 1830999 1510363 869196
0a000003 0a040010 10000 100 19704 2991000 350640 15720
0a020003 0a020001 10000 100 751145 3040999 300798 253021
0a080010 0a0a0020 10001 100 1944864 2609999 733026 651478
0a090003 0a0b001a 10000 100 67926 3127000 217913 31642
0a040017 0a080011 10000 100 1856853 2491000 854283 622408
0a03000e 0a090020 10000 100 45535 3281000 64672 24247
0a090016 0a0a001a 10000 100 65253 3289999 58532 30756
0a030008 0a03000f 10000 100 2579093 1961000 1391992 856688
0a040003 0a060006 10000 100 733727 2824999 528015 251519
0a080015 0a0a0008 10000 100 2555660 492000 2862407 853184
0a06000a 0a0b001d 10000 100 44461 3315999 40503 23888
0a04000a 0a0b0019 10000 100 59419 3217999 140221 28828
0a090002 0a09000e 10000 100 1693367 2595999 763419 564178
0a070006 0a04000a 10000 100 1720807 2528999 832964 577491
0a0b0006 0a090007 10000 100 2601662 1634999 1727312 868381
0a010018 0a05000e 10000 100 2156329 2281000 1087825 721312
0a00000d 0a090009 10000 100 2067645 2341999 1032281 692027
0a000011 0a020008 10000 100 59243 2233999 1141505 28772
0a0a001a 0a090008 10000 100 7508 3050000 326003 11694
0a0a0003 0a00000c 10000 100 71904 3324999 55979 32946
0a06000c 0a09001f 10000 100 103676 3337999 43724 43451
0a04000f 0a050014 10000 100 9382 3373000 13112 12309
0a050002 0a02001b 10000 100 2364354 1315999 2076764 790016
0a060003 0a0a0005 10000 100 208457 3284000 114473 78041
0a060002 0a09001c 10000 100 149542 3343000 60149 58589
0a04001b 0a090006 10000 100 1625760 2432000 972996 546093
0a06001b 0a07001f 10000 100 40995 3360000 45683 22748
0a02001a 0a020003 10000 100 8958 3396999 10565 7918
0a020019 0a0a001b 10000 100 1811336 1930999 1479561 607382
0a0a0017 0a08000b 10000 100 13886 3393000 17789 13797
0a070017 0a0b0006 10000 100 2123501 2246000 1165323 710470
0a06001b 0a01000f 10000 100 43701 3350999 61990 23645
0a010002 0a050010 10000 100 27774 3350000 63890 18379
0a08000c 0a030007 10000 100 98723 3376000 41522 41805
0a060017 0a040001 10000 100 54147 3383000 37530 27095
0a030005 0a040010 10000 100 1002912 2344999 1082601 340407
0a0a001b 0a07001a 10000 100 81364 3383000 46458 36081
0a010012 0a06000f 10000 100 2265336 2243000 1188562 757316
0a020010 0a010011 10000 100 90471 3392000 39566 39087
0a000004 0a0b001b 10000 100 53717 3255000 177837 26942
0a040010 0a08001d 10000 100 2062724 2318999 1114481 690407
0a000012 0a090006 10000 100 25227 3344000 89500 17533
0a040006 0a0b0017 10000 100 62633 3405000 29835 29887
0a060018 0a010016 10000 100 16965 3397999 37084 14813
0a05001f 0a06001c 10000 100 1669756 2844999 590223 560632
0a080017 0a050012 10000 100 50930 3409999 26046 26019
0a070017 0a03001c 10000 100 47085 3412000 24648 24758
0a060008 0a010008 10000 100 44260 3384999 52228 23824
0a05000d 0a040009 10000 100 944707 3115000 322268 321183
0a040010 0a040004 10000 100 691622 3191999 245490 233375
0a000001 0a0b0008 10000 100 1816676 2546999 891245 609152
0a080020 0a02001b 10000 100 2375337 1381000 2059547 793638
0a0b0011 0a0b000d 10000 100 95005 3371999 69432 36344
0a070015 0a040013 10000 100 31551 3429000 19880 19634
0a040020 0a070019 10000 100 182414 3320000 130127 69446
0a06001c 0a05000c 10000 100 2005577 2464000 987651 671536
0a020004 0a04000f 10000 100 24600 3432000 20874 17333
0a0b0012 0a07000c 10000 100 40114 3419000 35154 22451
0a010008 0a0b0001 10000 100 62055 3406000 49708 29702
0a000003 0a000002 10000 100 92379 3420999 35024 35473
0a030004 0a040012 10000 100 27878 3438000 18648 18412
0a0b000e 0a020003 10000 100 11157 3445000 12739 12893
0a04001e 0a0a001a 10000 100 9274 2808000 650428 12275
0a000016 0a070011 10000 100 16376 3242000 217402 14609
0a04001e 0a0a0020 10000 100 103878 3108000 351758 43516
0a070018 0a020007 10000 100 2070916 2706000 753935 693105
0a0b0012 0a030019 10000 100 40911 3297000 164451 22721
0a010016 0a0a0015 10000 100 2259550 2409999 1052005 755403
0a010020 0a00000a 10000 100 2047521 2583999 878357 685388
0a0a0011 0a0b0016 10000 100 21053 3445999 16677 16167
0a08000b 0a090004 10000 100 79921 3089000 376494 35604
0a050015 0a090016 10000 100 2242418 2288000 1177607 749736
0a0a001b 0a090017 10000 100 8654 3454000 12304 12061
0a090005 0a03000e 10000 100 62051 3419000 50182 29701
0a030017 0a03000a 10000 100 9573 3462999 7701 8130
0a02000a 0a09001e 10000 100 16308 3010000 462288 14587
0a01001c 0a070002 10000 100 236661 3386000 86888 87358
0a02000e 0a04001e 10000 100 2513100 1111999 2361502 839135
0a05000a 0a080013 10000 100 2348821 2586999 889537 784876
0a000006 0a06000f 10000 100 31254 3467000 19103 19523
0a020009 0a0b001f 10000 100 1870548 2634000 856521 626944
0a010001 0a060018 10000 100 54875 3433999 58013 27328
0a05000e 0a0b0001 10000 100 788446 2334999 1159253 269582
0a07000c 0a060020 10000 100 51631 3468000 26982 26259
0a020006 0a050011 10000 100 582225 2858999 638360 201487
0a02001a 0a06001a 10000 100 31104 3468999 28822 19475
0a030009 0a020008 10000 100 1631263 1670999 1827053 547915
0a030018 0a0b001e 10000 100 104426 3449999 49832 43691
0a07000d 0a090004 10000 100 2049164 2445000 1056241 685929
0a06000e 0a0b0010 10000 100 47841 3435999 65920 25000
0a060008 0a0b0009 10000 100 2415697 2036000 1469570 806968
0a060006 0a0a001c 10000 100 86457 3418000 87769 37757
0a01001c 0a010015 10000 100 825202 2565000 942373 277488
0a090009 0a030007 10000 100 94578 3206000 302163 40448
0a010011 0a0b0010 10000 100 66382 3435999 78133 31133
0a04000e 0a09001c 10001 100 76701 3480000 35512 34543
0a07000c 0a050016 10000 100 2520117 2481000 1035161 841457
0a0b0008 0a060004 10000 100 67901 3439999 76170 31634
0a070005 0a070013 10000 100 12278 3511999 8597 9027
0a0b001d 0a010017 10000 100 2565115 2651000 869990 856317
0a020019 0a02000d 10000 100 38513 2507999 1013440 17683
0a000003 0a000012 10000 100 42910 3501999 19442 19136
0a030004 0a01000e 10000 100 95793 3469999 51597 40836
0a0b0010 0a0a001d 10000 100 1901279 2843000 680983 637085
0a0b0017 0a08001a 10000 100 758470 2925000 605527 259682
0a01001e 0a090009 10000 100 50339 3237999 296137 25830
0a020003 0a01000f 10000 100 697733 3242999 300743 239632
0a050017 0a08000c 10000 100 15020 3530999 13758 14175
0a03000c 0a06001c 10000 100 24322 3537999 16835 17244
0a06000e 0a0b001b 10000 100 65835 3477000 78870 30943
0a01000a 0a03001d 10000 100 307674 3445999 110562 110819
0a05001c 0a060018 10000 100 2549732 2670000 887148 851226
0a090003 0a060003 10000 100 147498 3501999 57591 57920
0a0b0011 0a02001c 10000 100 1893640 2873000 686628 634564
0a050006 0a090013 10000 100 6776 3550999 13538 11445
0a080015 0a05000e 10000 100 34587 3154999 409660 20636
0a060008 0a04000f 10000 100 1745506 2425000 1139852 585640
0a03001a 0a020020 10000 100 1760657 2387999 1179658 590642
0a090011 0a010019 10000 100 91783 3498999 69545 39522
0a01000d 0a030003 10000 100 70930 3536000 32584 32634
0a060017 0a0a0018 10000 100 78557 3537000 34844 35152
0a0b001f 0a0a001f 10000 100 842146 3047999 526508 287319
0a060001 0a01000e 10000 100 41196 3533000 44141 22812
0a050014 0a05000c 10000 100 386397 3281000 296160 132569
0a0a001b 0a020007 10000 100 21452 3563999 16571 16295
0a050012 0a020010 10000 100 65335 3550000 30828 30783
0a030010 0a000008 10000 100 24034 3565000 16759 17152
0a0b001a 0a0a000d 10000 100 19251 3403999 177994 15560
0a090014 0a0b0013 10000 100 163688 3501000 82216 63269
0a030008 0a020020 10000 100 1685270 2374999 1216614 565751
0a040020 0a00001a 10000 100 1955067 2468000 1126461 654850
0a030005 0a090016 10001 100 3810 3585000 10070 10465
0a05000d 0a040019 10000 100 96705 3555000 42479 41144
0a030006 0a060017 10000 100 39609 3576000 23520 22289
0a050019 0a08000b 10000 100 70249 3570999 32184 32401
0a010019 0a060001 10000 100 50350 3553000 58353 25834
0a06000b 0a04001b 10000 100 48989 3586999 26582 25383
0a070019 0a01001a 10000 100 676665 3262999 351853 232675
0a080007 0a080015 10000 100 63611 3569000 46845 25976
0a06001c 0a060018 10000 100 53940 3576000 39925 22773
0a050009 0a09000d 10000 100 79945 3580999 35220 35611
0a010011 0a00000c 10000 100 6394 3605000 15431 11322
0a040004 0a01001b 10000 100 2014782 2278000 1344865 674574
0a050009 0a010015 10000 100 2207808 2456999 1170621 738308
0a0b0009 0a040015 10000 100 60456 3563999 64898 29175
0a0a0007 0a09001e 10000 100 2600438 1891000 1743859 867974
0a0b0007 0a030015 10000 100 143622 3579000 57428 56633
0a01001e 0a000019 10000 100 2184273 2471000 1166259 730546
0a020020 0a05000d 10000 100 47542 3599999 40052 24904
0a0a000e 0a01001e 10000 100 1726988 3040999 600536 579530
0a010007 0a020003 10000 100 54222 3589000 53345 27119
0a090012 0a0b0015 10000 100 2234215 2596999 1045387 747035
0a070010 0a060016 10000 100 73461 3609999 33993 33460
0a030011 0a09001e 10000 100 1642572 2567999 1076071 551657
0a050008 0a0a000f 10000 100 430537 3482999 162040 151395
0a020006 0a03001c 10000 100 80087 3608999 38127 35657
0a090019 0a0a0018 10000 100 44272 3625000 23604 23827
0a06000d 0a09001e 10000 100 15784 3298999 350138 14419
0a030013 0a020017 10000 100 1682261 2624000 1025358 564757
0a0a0010 0a09001a 10000 100 1928928 2991000 660062 646209
0a080010 0a010018 10000 100 87524 3615000 38076 38113
0a02001c 0a020011 10000 100 89428 3609999 43228 34498
0a000004 0a02000f 10000 100 35274 3442000 217175 20856
0a03000d 0a080020 10000 100 76193 3605999 54641 34365
0a0a0008 0a06000b 10000 100 193358 3415000 253857 73056
0a0a001d 0a050004 10000 100 1920870 2703000 966937 643554
0a0a0004 0a00001a 10000 100 72364 3614000 56092 33109
0a000009 0a05001e 10000 100 66700 3618000 52988 31235
0a03001b 0a07000a 10000 100 95828 3629999 41039 40848
0a06000d 0a090001 10000 100 955964 2997000 674294 324908
0a020005 0a050009 10000 100 21178 3651000 22658 16207
0a0a0007 0a010002 10000 100 8369 3524999 149079 11970
0a020001 0a040011 10000 100 57164 3647000 28157 28091
0a08000c 0a010018 10000 100 19514 3660000 15266 15659
0a040013 0a000007 10000 100 1599661 3135000 540562 537480
0a090004 0a0b0007 10000 100 432893 3428000 247834 152164
0a030013 0a050018 10000 100 2371963 2269000 1410971 792527
0a06001d 0a0b001f 10000 100 2996 3458000 234420 10189
0a060010 0a04000d 10000 100 430584 3471999 221240 151410
0a0a0008 0a020011 10000 100 11985 3678999 24114 13158
0a0a001d 0a010016 10000 100 59227 3638999 64159 28767
0a080018 0a04000c 10000 100 57465 3677000 28458 28187
0a0a0019 0a080009 10000 100 2354811 2919000 786647 786854
0a080015 0a020015 10000 100 2094577 982000 2724612 700922
0a050007 0a0b0015 10000 100 91764 3606999 102606 39516
0a090016 0a030019 10000 100 709627 3187999 522812 243561
0a060001 0a01000d 10000 100 20940 3687999 22845 16115
0a010006 0a040011 10000 100 81033 3676000 36359 35975
0a050014 0a020005 10000 100 58903 3664999 47834 28663
0a010014 0a01001c 10000 100 31240 3690000 24696 15279
0a050013 0a02000f 10000 100 41406 3395000 320016 22880
0a08001d 0a0b0004 10000 100 2523249 688000 3033104 842490
0a06001c 0a040017 10000 100 424143 3555000 171453 149272
0a0b001a 0a020006 10000 100 2404572 2616999 1115340 803300
0a070001 0a09000d 10000 100 82492 3697999 36236 36442
0a080016 0a0b0007 10000 100 38744 3691999 47159 21997
0a06001a 0a03000f 10000 100 71430 3706000 34443 32794
0a050004 0a09001d 10000 100 5870 3533000 210155 11139
0a000001 0a010020 10000 100 30680 3717999 26554 19340
0a010017 0a080003 10000 100 21825 3576999 169208 16414
0a060013 0a09001e 10000 100 63364 3677000 71135 30136
0a030020 0a060018 10000 100 62765 3693999 59450 29929
0a07001e 0a050012 10000 100 119820 3709000 49384 48771
0a080002 0a030018 10000 100 16463 3742999 16031 14637
0a08000b 0a0b000f 10000 100 100376 3704999 54820 42349
0a000011 0a020014 10000 100 46173 3703000 58896 24451
0a02001e 0a0b0017 10000 100 37203 3739000 24896 21488
0a000006 0a020017 10000 100 70754 3733000 32323 32578
0a030020 0a0b0013 10000 100 65801 3716000 61705 30932
0a0a0007 0a000005 10000 100 7569 3765000 14627 11714
0a0b0005 0a05000d 10000 100 5689 3769999 12106 11081
0a0a000e 0a020009 10000 100 95606 3722000 60134 40776
0a090006 0a050004 10000 100 59216 3520999 261712 28763
0a07000a 0a02001d 10000 100 1917638 2795999 987473 642489
0a00001f 0a000006 10000 100 10082 3774000 10925 8293
0a0a0006 0a08001a 10000 100 545714 2984999 800547 189419
0a0a000f 0a080003 10000 100 1845017 3000000 787694 618513
0a010011 0a00000b 10000 100 43626 3736999 52620 23621
0a02001b 0a030012 10000 100 706 2867999 926324 9441
0a020010 0a030001 10000 100 1961375 1918999 1878463 656930
0a020001 0a09001d 10000 100 1006 3792999 9607 9537
0a02001a 0a040020 10000 100 144879 3703999 105902 57051
0a060001 0a07001b 10000 100 79267 3749000 61369 35379
0a030017 0a01001b 10000 100 2474480 2478000 1333951 826377
0a050012 0a0b0004 10000 100 2538057 1440000 2373614 847382
0a050020 0a010017 10000 100 64100 3788999 30452 30372
0a080020 0a060002 10000 100 9539 3817000 12169 12360
0a090015 0a03001d 10000 100 11100 3817000 12580 12874
0a010001 0a000001 10000 100 84282 3762999 66589 37045
0a06000e 0a04000e 10000 100 24401 3774000 58824 17269
0a040003 0a090012 10000 100 1698529 2631999 1210364 570132
0a050014 0a04001d 10000 100 790688 3523000 320559 270330
0a0a0013 0a0b0019 10000 100 39639 3808999 34587 22299
0a0a0011 0a030018 10000 100 397059 3478999 366143 140329
0a09000b 0a01001b 10000 100 102989 3484999 360931 43216
0a000002 0a0a001b 10000 100 101897 3782999 65279 42851
0a03000f 0a020011 10000 100 47980 3810000 40267 25045
0a070014 0a050005 10000 100 84879 3322999 528362 37236
0a020013 0a070009 10000 100 2186272 2922000 930244 731201
0a04001b 0a0b0004 10000 100 2455499 1526999 2329348 820104
0a040007 0a070006 10000 100 96943 3784000 73062 41220
0a080002 0a08000e 10000 100 49173 3838999 21395 21202
0a000012 0a050008 10000 100 2114009 3118999 743645 707340
0a08000a 0a030012 10000 100 1826539 2726000 1137195 612400
0a06001e 0a08001f 10000 100 1825696 3017999 848838 612131
0a0a001c 0a050006 10000 100 77178 3746000 125724 34695
0a0b0018 0a01001b 10000 100 64885 3533999 338834 30639
0a08000b 0a05000d 10000 100 74049 3840000 33375 33663
0a0b0004 0a01000a 10000 100 96287 3003000 875749 41010
0a0b0011 0a0b0004 10000 100 77026 2712000 1167552 30407
0a03001c 0a010016 10000 100 16098 3818999 61343 14520
0a090010 0a0a001b 10000 100 713890 3197000 686063 244956
0a05001e 0a080001 10000 100 48598 3836000 47886 25258
0a080007 0a060006 10000 100 1046008 3412999 472873 354643
0a0a0017 0a090001 10000 100 1622171 2942999 947625 544914
0a04001c 0a02001c 10000 100 28674 3872000 19076 18682
0a060012 0a06001a 10000 100 93477 3765999 128632 35840
0a080020 0a030019 10000 100 2095926 2948999 949568 701369
0a060012 0a0b001a 10000 100 2046230 2929999 969916 684960
0a0b0009 0a000006 10000 100 81193 3781000 119448 36026
0a030003 0a070008 10000 100 1582151 2465000 1435765 531693
0a09000a 0a0b0003 10000 100 75633 3870000 34058 34185
0a030011 0a060003 10000 100 12481 3892000 12916 13332
0a0b0002 0a000014 10000 100 2517893 3005999 899904 840715
0a030001 0a050008 10000 100 98301 2768000 1140448 41670
0a04000c 0a070008 10000 100 2561490 2308999 1600532 855111
0a08001a 0a00001b 10000 100 48038 3448999 464910 25079
0a07001f 0a01000e 10000 100 286550 3701999 212294 103845
0a020014 0a0a000f 10000 100 85768 3850000 66609 37536
0a08000f 0a0a0012 10000 100 2312098 2464000 1453093 772756
0a0a0020 0a040015 10000 100 603436 3707999 209302 208489
0a02001c 0a080018 10000 100 70991 3861999 55899 32654
0a090007 0a05001f 10000 100 1842096 3165999 756987 617548
0a090006 0a01000b 10000 100 18903 3908000 15631 15448
0a04001b 0a080002 10000 100 2544196 2615000 1310133 849408
0a070016 0a070017 10000 100 38106 3902000 23617 17553
0a010015 0a010020 10000 100 57242 3779999 146776 23876
0a050007 0a080001 10000 100 196869 3789999 139093 74225
0a000016 0a0a001f 10000 100 45696 3905000 24655 24298
0a0b0009 0a02001d 10000 100 61847 3553999 377272 29636
0a050016 0a0b0006 10000 100 27488 3735000 197944 18288
0a0a0012 0a030004 10000 100 104235 3893000 43662 43630
0a0b001f 0a060012 10000 100 548463 3480000 457844 190329
0a0b0020 0a0b0016 10000 100 69154 3887999 50646 27811
0a030016 0a000003 10000 100 90868 3900999 38835 39214
0a030008 0a07001d 10000 100 494189 3611000 334377 172409
0a080018 0a020008 10000 100 1925755 1690000 2258955 645163
0a080011 0a05001e 10000 100 1687999 3301000 649007 566655
0a000013 0a04001f 10000 100 45435 3913999 38067 24215
0a02000b 0a09000c 10000 100 71856 3918999 33394 32931
0a050010 0a030013 10000 100 965481 3618000 334918 328045
0a01001c 0a000004 10000 100 95470 3847000 106249 40733
0a06000b 0a0a001a 10000 100 54091 3911000 44385 27077
0a06001f 0a040020 10000 100 14937 3841999 114402 14133
0a00000d 0a0b0020 10000 100 46526 3919999 39577 24579
0a04001a 0a080017 10000 100 58050 3844000 115909 28375
0a060020 0a010019 10000 100 2347325 3144999 815976 784382
0a09000f 0a04000d 10000 100 1844080 2726000 1236050 618198
0a01000a 0a010015 10000 100 13482 3863000 102002 9412
0a0b0003 0a030016 10000 100 5884 3955000 10956 11144
0a06000c 0a080007 10000 100 15438 3922000 44314 14309
0a0a0004 0a050018 10000 100 2113687 3018999 949059 707237
0a030002 0a05001f 10000 100 538226 3644000 325923 186946
0a09000f 0a090006 10000 100 2260959 2603999 1369532 751629
0a020001 0a090012 10000 100 2040363 2959999 1013745 683021
0a020012 0a0a0010 10000 100 23241 3340999 632790 16882
0a050002 0a08001f 10000 100 22227 3784000 191777 16543
0a07000c 0a050005 10000 100 25930 3412999 572650 17774
0a030018 0a040004 10001 100 302800 3778999 208916 109198
0a0b001f 0a010008 10000 100 4843 3880999 110810 10811
0a08000a 0a010013 10000 100 1984196 3007000 985645 664464
0a08001f 0a08000f 10000 100 460038 3518999 474274 156887
0a000011 0a030012 10000 100 1723160 3177999 816502 578259
0a0b0012 0a0b000a 10000 100 1854599 3151000 844241 617432
0a08001f 0a0b001f 10000 100 80950 3510000 485843 35933
0a02001e 0a0b001f 10000 100 2011295 3004000 992408 673412
0a090005 0a080005 10000 100 2367542 2995999 1002188 791066
0a060002 0a080004 10000 100 31953 3969000 29763 19762
0a0a0001 0a02001a 10000 100 71777 3955000 44020 32905
0a080017 0a04000d 10000 100 101698 3924999 75665 42787
0a050003 0a0a001b 10000 100 59988 3967000 34322 29010
0a050017 0a08000b 10000 100 23397 3977999 24080 16932
0a050004 0a04001b 10000 100 76471 3954000 48687 34454
0a010016 0a020008 10000 100 1646099 1863999 2141938 552816
0a01001d 0a070020 10000 100 91768 3967000 39849 39518
0a0b000a 0a00001b 10000 100 96338 3936000 72259 41026
0a020016 0a01000f 10000 100 5539 3996000 16976 11033
0a080011 0a02001a 10000 100 62306 3944999 70156 29783
0a02000d 0a02000a 10000 100 1024776 3661999 354950 343394
0a050005 0a0b0014 10000 100 62941 3367999 650503 29986
0a050005 0a01000d 10000 100 2496238 2541999 1478540 833570
0a00001e 0a0a0006 10000 100 64723 3908000 115466 30587
0a050006 0a000014 10000 100 23473 3837000 190972 16957
0a000001 0a03001e 10000 100 46724 3964999 63407 24643
0a080005 0a06001f 10000 100 458105 3595999 433804 160493
0a040016 0a050017 10000 100 22546 4015000 16572 16660
0a0a0006 0a090019 10000 100 211740 3954000 79294 79137
0a02001c 0a090011 10001 100 443848 3853999 182359 155777
0a000006 0a010006 10000 100 28686 3984999 52228 18686
0a0a001f 0a070019 10000 100 1977486 3298000 739428 662255
0a050019 0a02000c 10000 100 20651 4019000 18712 16023
0a03001a 0a04001f 10000 100 1811654 3295999 741761 607484
0a00001a 0a010006 10000 100 141474 3942000 95882 55930
0a07001d 0a030015 10000 100 64641 4008000 30262 30560
0a010007 0a010008 10000 100 67183 3968000 70574 27149
0a000016 0a05000e 10000 100 2158674 2730999 1314484 722094
0a0a0018 0a050003 10000 100 27699 4028000 18042 18355
0a050002 0a060008 10000 100 18031 4034000 14754 15169
0a0a0004 0a070004 10000 100 30561 4010999 38525 19302
0a080016 0a000009 10000 100 1689643 2814000 1236518 567196
0a020003 0a01001b 10000 100 549262 3550000 501293 190600
0a040008 0a050004 10000 100 95673 3245000 807181 40798
0a040009 0a01001e 10000 100 282169 3948000 105155 102397
0a060013 0a0a000a 10000 100 777781 3627000 426534 266061
0a040010 0a0a001f 10000 100 102922 4009999 43665 43194
0a07000f 0a04001c 10001 100 91698 4015000 39389 39495
0a0b000f 0a04001b 10000 100 95512 3967000 88267 40746
0a08000f 0a080004 10000 100 11690 4041999 15246 8823
0a0b0019 0a090012 10000 100 14519 4044999 13876 13999
0a020016 0a050004 10000 100 24404 4013000 49535 17270
0a04000a 0a090001 10000 100 55656 3880999 181874 27593
0a040020 0a0b0014 10000 100 15407 4052000 14071 14299
0a06001e 0a010015 10000 100 860659 3638000 428849 293427
0a08001d 0a0b0002 10000 100 32189 4052000 19417 19838
0a0a0013 0a01000d 10000 100 286395 3874999 198091 103780
0a040019 0a050001 10000 100 39 4066000 8818 9227
0a070020 0a050013 10000 100 2227075 2880000 1194831 744673
0a09001c 0a0a0020 10000 100 344645 3837999 240981 123019
0a090016 0a070014 10000 100 79933 4049999 36068 35608
0a030004 0a010001 10000 100 66077 4035000 52862 31035
0a0a0008 0a080012 10000 100 1843102 2916999 1173881 617870
0a000012 0a060015 10000 100 23393 4067999 25889 16931
0a09000b 0a06000f 10000 100 592866 3782000 312059 204999
0a090001 0a010007 10000 100 2093262 2302999 1792805 700486
0a050005 0a090010 10000 100 60468 3435999 662539 29179
0a03000f 0a0a0007 10000 100 1894977 3448999 651390 635007
0a0b0005 0a06001d 10000 100 1690544 3530999 570531 567500
0a08001d 0a060007 10000 100 77174 4068999 34419 34694
0a010007 0a050016 10000 100 2089995 3125999 978998 699410
0a0a0004 0a030001 10000 100 42030 3186000 920024 23095
0a0b0013 0a0a0005 10000 100 883640 3547999 562160 301027
0a01001d 0a090008 10000 100 82225 3441000 670231 36356
0a07001c 0a0a0013 10000 100 3694 4101999 10619 10428
0a0a0014 0a080019 10000 100 59311 4074999 38856 28793
0a05000e 0a01001f 10000 100 2554307 1858000 2256634 852736
0a000008 0a060001 10000 100 652712 3805999 311485 224764
0a05000e 0a03000b 10000 100 2303454 2066000 2051788 769898
0a04001b 0a000016 10000 100 180662 3989000 129179 68870
0a05000e 0a040012 10000 100 58705 3814999 303568 28600
0a04001d 0a02001e 10000 100 71474 4075999 43826 32808
0a070003 0a0a000d 10000 100 2521923 183999 3935830 842050
0a050016 0a060001 10000 100 49239 4021000 100925 25463
0a040019 0a06000a 10000 100 2045366 3069999 1052755 684668
0a08001c 0a050018 10000 100 411059 3976000 148766 144962
0a080014 0a00001b 10000 100 2453500 2651999 1473676 819448
0a0b0020 0a01001a 10000 100 85451 3996000 133475 37419
0a01000b 0a04000d 10000 100 51804 4088999 43104 26314
0a030017 0a010020 10000 100 83680 4082999 50356 36837
0a01000a 0a0b0014 10000 100 86163 4102999 37466 37663
0a010015 0a08001b 10000 100 2393379 2792000 1350458 799595
0a0b0007 0a090008 10000 100 2464092 2668999 1477576 822945
0a01000b 0a010016 10000 100 2356706 3305999 840875 783251
0a060001 0a02001b 10000 100 2087043 2357999 1788941 698434
0a09001c 0a06000e 10000 100 2498744 3187999 959886 834387
0a0a0005 0a000004 10000 100 2174756 2913999 1239810 727393
0a09000c 0a04001a 10000 100 544851 3784000 371152 189143
0a060009 0a0b000f 10000 100 67612 4066000 97075 31542
0a01000b 0a06000a 10000 100 178566 4080000 89316 68184
0a090001 0a060006 10000 100 93592 4079000 93144 40117
0a00000b 0a070012 10000 100 2106233 3438000 734182 704775
0a0b0009 0a0b0011 10000 100 2095404 2896999 1276331 696947
0a00001f 0a040010 10000 100 48228 4141999 40432 25139
0a04001f 0a080004 10000 100 13809 4170000 13546 13772
0a060006 0a000008 10000 100 97367 4035999 149592 41355
0a060001 0a0a0005 10000 100 2350648 2609999 1577662 785491
0a010016 0a02001d 10000 100 2017254 3033000 1155010 675380
0a0a0019 0a04000d 10000 100 230038 4028000 160702 85177
0a040006 0a07001c 10000 100 7500 4172999 15873 11676
0a02001d 0a030009 10000 100 1048418 3537999 654851 355430
0a010009 0a030006 10001 100 2028617 3514000 679458 679139
0a000014 0a0a000a 10000 100 397094 3921000 274469 140340
0a030012 0a040002 10000 100 75155 3825999 374119 34032
0a050015 0a080008 10000 100 73940 4171000 33349 33628
0a03001c 0a0b0011 10000 100 98378 4168999 41373 41694
0a05001a 0a0b000c 10000 100 2032241 3164000 1046874 680329
0a0a0001 0a0a0012 10000 100 44717 4192000 19292 19730
0a000019 0a0b000b 10000 100 9094 3537000 675041 12217
0a08000d 0a020016 10000 100 90729 4172000 40142 39170
0a070016 0a070004 10000 100 562673 4011999 200322 190790
0a090003 0a020019 10000 100 2593507 2255000 1968041 865695
0a090020 0a06000f 10000 100 80653 4165000 58658 35838
0a030013 0a0a000d 10000 100 996185 3719000 505185 338193
0a020019 0a0a0003 10000 100 101924 3095000 1134608 42860
0a09000a 0a020020 10000 100 21672 4219999 17078 16365
0a040004 0a060009 10000 100 1723089 2893000 1344813 578237
0a02001d 0a090005 10000 100 752212 3759000 482357 257618
0a0a0006 0a03000e 10000 100 38238 4220999 21663 21835
0a040004 0a06001d 10000 100 2465 4231999 11139 10019
0a09000e 0a000001 10000 100 2451917 3379000 865291 818927
0a060012 0a000020 10000 100 96527 4020000 228989 41087
0a070006 0a000008 10000 100 545890 3928000 321612 189475
0a02000d 0a07001a 10000 100 89210 4107999 141926 38668
0a050014 0a080018 10000 100 35513 4233999 20778 20932
0a070007 0a090020 10000 100 1878467 2841000 1415509 629555
0a090010 0a080019 10000 100 2135981 2897999 1359915 714586
0a07000a 0a04001d 10000 100 21487 4237000 22724 16306
0a050001 0a070019 10000 100 356740 4133000 131532 127012
0a03000b 0a07000e 10000 100 35667 4244999 20651 20982
0a080012 0a05001e 10000 100 55486 4237999 27812 27523
0a05001d 0a0b000d 10000 100 17991 4243000 25647 15141
0a03001e 0a050019 10000 100 66110 4211999 57255 31046
0a070006 0a040003 10000 100 633375 3763999 507505 218377
0a070010 0a06001c 10000 100 1831092 3657000 615498 613904
0a090003 0a0a001e 10000 100 71387 4240999 32626 32781
0a070006 0a08000e 10000 100 89539 4151000 123093 38774
0a090008 0a020009 10000 100 1916214 2990000 1287496 642018
0a060012 0a010005 10000 100 95434 4198000 81810 40721
0a020007 0a050016 10000 100 73255 4248000 33021 33394
0a040014 0a050009 10000 100 43468 4264000 23424 23555
0a030008 0a0a000e 10000 100 2172135 3165999 1121819 726539
0a000009 0a080010 10000 100 1621773 3733000 557644 544786
0a060005 0a070013 10000 100 84902 4107000 183652 37244
0a090008 0a0b0012 10000 100 18108 3684999 611059 15194
0a0a000a 0a05000f 10000 100 35388 4240999 55325 20892
0a090005 0a070020 10000 100 74846 4159999 138886 33918
0a050011 0a0b0008 10000 100 94339 3033000 1268333 40356
0a080015 0a0a0007 10000 100 67824 4225999 76676 31610
0a060011 0a0a0017 10000 100 1661139 3425000 881889 557783
0a050008 0a070009 10000 100 42287 4285999 23111 23177
0a07001b 0a04001a 10000 100 32458 4089999 221399 19924
0a080003 0a08001f 10000 100 1856521 3495999 816515 618062
0a0b0008 0a08000c 10000 100 69514 4237999 77197 32166
0a020007 0a050005 10000 100 2534605 2737999 1579288 846232
0a07001e 0a020009 10000 100 97202 4242000 75677 41303
0a050005 0a01000b 10000 100 30172 3602999 723511 19177
0a060003 0a06000d 10000 100 13639 4321000 10310 9478
0a010002 0a070009 10000 100 2353625 1871999 2461617 786475
0a080004 0a090009 10000 100 2564074 2691999 1643367 855969
0a06001b 0a04001a 10000 100 2294501 3350000 985493 766941
0a05000f 0a090003 10000 100 49736 4309999 25516 25637
0a00000a 0a010014 10000 100 3110 4320000 18574 10241
0a0a001b 0a020008 10000 100 2555458 1410000 2928781 853120
0a0a0013 0a01001a 10000 100 1580632 3586999 753135 531191
0a010008 0a070007 10000 100 2298669 2593999 1748040 768320
0a010015 0a090005 10000 100 1756214 3167999 1179360 589175
0a0b0020 0a08001a 10000 100 2574617 2906000 1441575 859450
0a0a0019 0a00001d 10000 100 777660 4006000 341604 266023
0a080010 0a07000a 10000 100 51986 4324999 26088 26373
0a010017 0a070007 10000 100 2103706 2811999 1539586 703936
0a09000d 0a08000a 10000 100 85402 4279999 72230 37404
0a07001b 0a0b0015 10000 100 2110824 3591000 761632 706290
0a06000b 0a0a000a 10000 100 82879 4272999 79977 36581
0a00000c 0a04000f 10000 100 669672 3677000 678054 230360
0a00001f 0a01001f 10001 100 2274558 3549000 806126 760359
0a040003 0a0b0017 10000 100 88137 4296000 59629 38310
0a020005 0a040002 10000 100 1764975 3347999 1008013 592070
0a030015 0a0a000f 10000 100 70191 4327000 32067 32383
0a020010 0a090016 10000 100 150191 4301000 58706 58812
0a060016 0a010004 10000 100 2132723 3295999 1067202 713513
0a01000c 0a0b0015 10000 100 29135 4314000 49836 18830
0a040009 0a040016 10000 100 96240 4269000 96093 36755
0a0a0014 0a050012 10000 100 35787 4328000 37439 21020
0a080014 0a06001f 10000 100 102068 4191000 174836 42921
0a040003 0a0a0003 10000 100 93615 4119000 247550 40124
0a0b0015 0a05001a 10000 100 1597442 3589999 777130 536739
0a070019 0a03001a 10000 100 1898652 3716000 651806 636214
0a00000d 0a070010 10000 100 56283 4340000 27833 27794
0a0b000f 0a0a0016 10000 100 35764 4079000 290356 21013
0a040009 0a02000a 10000 100 403176 4196000 174320 142348
0a03001f 0a070016 10000 100 32883 4351999 19843 20060
0a0a001e 0a040008 10000 100 102405 3598000 775769 43029
0a000004 0a080012 10000 100 1598927 3148000 1227393 537230
0a010019 0a0a0004 10000 100 61481 4340000 36506 29503
0a090009 0a0b000a 10000 100 102341 4059000 318501 43008
0a08000a 0a080007 10000 100 48404 4356999 21027 20956
0a08000f 0a09000a 10000 100 2152253 2713999 1665290 719962
0a040019 0a010020 10000 100 1754602 3446999 934166 588643
0a03000d 0a0a001b 10000 100 37191 4328000 70663 21485
0a050002 0a05001b 10000 100 73719 4047000 354111 29318
0a010003 0a080004 10000 100 45121 4381000 23923 24114
0a070006 0a03000f 10000 100 77490 4308000 97583 34795
0a04001d 0a040014 10000 100 53715 4381000 24691 22701
0a0b000e 0a05000f 10000 100 7290 4399000 13866 11609
0a060009 0a080013 10000 100 71149 4381999 33555 32704
0a0a0002 0a07001a 10000 100 741301 4031999 386042 254019
0a02000e 0a05001b 10000 100 913911 3775000 643755 311021
0a02001e 0a070010 10000 100 26231 4402999 17766 17870
0a01001f 0a02001c 10000 100 25670 4394999 26070 17690
0a0a0005 0a0a0002 10000 100 2247862 3527000 896231 747300
0a08000e 0a000013 10000 100 90949 4264000 163441 39240
0a0b0009 0a0b0017 10000 100 801570 3716000 711822 269680
0a080014 0a050013 10000 100 1795276 2841000 1587189 602074
0a00001d 0a06000e 10000 100 48118 4403999 25231 25104
0a090002 0a0a001d 10000 100 550425 4238999 190707 190973
0a02001e 0a040016 10000 100 75946 4343999 86436 34286
0a09001c 0a000019 10000 100 67885 4401999 33310 31629
0a0a0017 0a06000a 10000 100 75054 4401000 36455 34000
0a0a0006 0a050015 10000 100 55070 4401999 35686 27390
0a03000a 0a090005 10000 100 18086 4427999 15024 15187
0a09001f 0a07000a 10000 100 12556 4205000 238111 13356
0a090004 0a030004 10000 100 394622 3994000 449179 139534
0a00000d 0a060017 10000 100 69373 4414000 32194 32121
0a00001e 0a090015 10000 100 2314523 2399999 2058537 773563
0a010012 0a01000c 10000 100 2351948 2792999 1666021 781667
0a0a0004 0a010013 10000 100 84369 4421999 37211 37073
0a05000c 0a0b0004 10000 100 42314 4435999 24145 23185
0a030016 0a020013 10000 100 88465 4416999 47452 38415
0a060004 0a0b001b 10000 100 1611572 3886999 577514 541415
0a05000f 0a050010 10000 100 29230 4447999 17830 14620
0a020007 0a05000b 10000 100 80225 4421999 44395 35701
0a06000b 0a07000f 10000 100 102741 4423999 42838 43136
0a08000f 0a01000e 10000 100 942133 3454000 1013080 320344
0a080007 0a050015 10000 100 94004 4373000 97618 40248
0a090010 0a06001e 10000 100 54465 4331999 140581 27197
0a080012 0a07000d 10000 100 6148 4460999 12575 11244
0a060006 0a060001 10000 100 775692 3847999 631726 261137
0a05000a 0a090009 10000 100 974449 3480000 1003030 331007
0a01001f 0a02000c 10000 100 99720 4410999 74654 42139
0a090006 0a060019 10000 100 2274867 2946999 1540373 760458
0a050014 0a020019 10000 100 1900798 2376000 2112286 636931
0a0a0010 0a04000f 10000 100 10473 4477000 12310 12658
0a06001f 0a000020 10000 100 2483174 2713000 1776640 829251
0a020002 0a0b000d 10000 100 69285 4440999 49379 32093
0a020014 0a07001f 10000 100 891396 3821999 673969 303585
0a040016 0a030011 10000 100 221237 4343999 152243 82269
0a01000c 0a0a0013 10000 100 82745 4461999 37384 36538
0a00001c 0a080017 10000 100 64704 4467999 31820 30581
0a05000e 0a00000e 10000 100 344280 4225999 273823 122902
0a030019 0a000001 10000 100 707635 4178000 321822 242893
0a080001 0a070011 10000 100 1863283 2909999 1599850 624543
0a05001d 0a05000b 10000 100 98628 4442999 69325 37534
0a000010 0a00000f 10000 100 44476 4487999 25013 19653
0a060015 0a07001a 10000 100 2289787 2631000 1882103 765386
0a050006 0a05000e 10000 100 857578 3265999 1247244 288170
0a04001e 0a050015 10000 100 24209 4497000 19054 17208
0a0a0020 0a00000c 10000 100 791624 4227999 289600 270629
0a040012 0a000020 10000 100 2067403 3379000 1140041 691950
0a070013 0a070006 10000 100 2312129 3661000 858255 768526
0a010016 0a060016 10000 100 85801 4487999 37245 37547
0a080006 0a010002 10000 100 2449532 3139999 1385771 818148
0a04000f 0a070006 10000 100 123947 4405000 121224 50137
0a020018 0a090006 10000 100 19818 4511000 15453 15756
0a050008 0a000008 10000 100 71828 4498000 35628 32922
0a060011 0a0a0011 10000 100 983440 3570999 963182 333976
0a08000a 0a03000b 10000 100 31784 4516000 19398 19708
0a090009 0a000008 10000 100 6238 4504000 34151 11272
0a040011 0a070013 10000 100 1568081 3821000 718395 527052
0a0b001c 0a01000d 10000 100 629644 4315000 224440 217137
0a01000d 0a030017 10000 100 1045777 3860999 685791 354569
0a08001f 0a00001b 10000 100 899300 3765000 782853 306192
0a080004 0a030001 10000 100 2479107 2220000 2329175 827904
0a0a0015 0a050016 10000 100 201505 3553999 995517 75755
0a040014 0a00001b 10000 100 60697 4513999 37086 29252
0a010007 0a020014 10000 100 1749943 3609999 941937 587106
0a0a0002 0a03001d 10000 100 502480 4375999 176386 175139
0a06000e 0a050006 10000 100 2098868 3363000 1193397 702341
0a030013 0a020018 10000 100 4845 4545999 11734 10811
0a020009 0a05000a 10000 100 2455884 3504999 1054254 820242
0a010015 0a03001f 10000 100 37255 4539999 21360 21505
0a010005 0a0a0014 10000 100 4590 4545999 20266 10730
0a040001 0a050002 10000 100 53928 4542000 26844 27009
0a09000a 0a040015 10000 100 2651 4559999 9748 10079
0a07001d 0a070010 10000 100 33624 4557000 15638 16072
0a06000b 0a0a001c 10000 100 1826663 3753999 821394 612440
0a090015 0a090012 10000 100 80544 4546999 31117 31563
0a08000f 0a070018 10000 100 27143 4550000 28126 18177
0a000007 0a0a0019 10000 100 157721 4362000 217713 61298
0a0b0011 0a000019 10000 100 56295 4556000 27794 27798
0a09000d 0a080016 10000 100 52320 4401999 185471 26480
0a00001c 0a05000e 10000 100 79247 4551999 36193 35373
0a08001f 0a0a000b 10000 100 408009 4036999 553327 143956
0a09000d 0a00001c 10000 100 800700 4253999 339258 273626
0a060013 0a040008 10000 100 2395176 2883999 1709343 800186
0a0a000e 0a040008 10000 100 94458 3709000 887499 40394
0a01001b 0a0a0011 10000 100 1942232 3618999 981474 650605
0a07001d 0a01001c 10000 100 43720 4577000 23551 23651
0a020001 0a090004 10000 100 1816962 3714999 885778 609244
0a030003 0a030006 10000 100 88134 4562000 40899 34069
0a080001 0a06001f 10000 100 2353861 3680000 927484 786550
0a010006 0a03000c 10000 100 15264 4532999 77172 14253
0a010004 0a000006 10000 100 67904 4283000 336320 31635
0a0a0004 0a09001f 10000 100 949989 3974000 645629 322934
0a0b0004 0a050004 10000 100 93549 4579999 40206 40103
0a030002 0a09001d 10000 100 80992 4572999 47794 35946
0a070001 0a06000c 10000 100 1827434 3840999 780449 612702
0a02000a 0a09001f 10000 100 1936457 3648999 973067 648696
0a060015 0a060012 10000 100 60623 4521999 103478 24989
0a020010 0a08000e 10000 100 94964 4586999 41373 40571
0a03001b 0a08001d 10000 100 15492 4616000 14985 14326
0a060020 0a010017 10000 100 1799124 4026000 608036 603351
0a030016 0a000004 10000 100 40804 4609000 26918 22687
0a000004 0a030012 10000 100 35707 4604999 33576 20994
0a0b0020 0a02000c 10000 100 2157504 3833000 805884 721704
0a0a001d 0a05000c 10000 100 58662 4584999 57807 28586
0a070017 0a010012 10000 100 717403 3738000 905078 246126
0a09000f 0a06001e 10000 100 53813 4442999 200220 26973
0a08000d 0a05001a 10000 100 92293 4603999 39941 39686
0a04000f 0a0a001a 10000 100 75559 4589000 57388 34162
0a0b0008 0a040001 10000 100 1872798 3314000 1333537 627680
0a060011 0a000012 10000 100 908291 4320000 328202 309161
0a000001 0a03001c 10000 100 74511 4590000 58685 33811
0a090010 0a090001 10000 100 1831233 3271000 1378758 609709
0a030020 0a0b000b 10000 100 2328300 2978000 1673637 778110
0a040006 0a05001b 10000 100 1804939 3713000 942232 605273
0a040016 0a080013 10000 100 57608 4558000 97949 28233
0a020013 0a000008 10000 100 78193 4623000 34965 35035
0a09000b 0a050003 10000 100 75678 4599999 58610 34200
0a05001b 0a060019 10000 100 2136975 3024000 1634731 714920
0a000011 0a070008 10000 100 907354 3586000 1072871 308846
0a020014 0a0a000a 10000 100 34236 4635000 24047 20508
0a080015 0a070017 10000 100 2396070 2431000 2231171 800487
0a040014 0a00001c 10000 100 7406 4653000 11474 11646
0a010002 0a01001a 10000 100 2400810 2060000 2606132 797810
0a04001c 0a070002 10000 100 1671284 4107000 560750 561137
0a010010 0a010002 10000 100 2027357 3409999 1257775 674480
0a0b0012 0a07000c 10001 100 2606772 3589000 1078822 870062
0a050007 0a05000b 10000 100 81049 4610999 57751 31740
0a0b000c 0a040005 10000 100 2048597 3278999 1394256 685732
0a020011 0a080004 10000 100 76936 4638999 34700 34618
0a040009 0a030006 10000 100 23190 4656000 18170 16866
0a07001f 0a090009 10000 100 58569 4198999 476307 28556
0a010002 0a050013 10000 100 942709 3233000 1443202 320528
0a07001b 0a05001d 10000 100 96040 4640000 43018 40931
0a000011 0a0b0009 10000 100 80953 4621000 62506 35934
0a010002 0a03001e 10000 100 1879473 2821999 1863499 629877
0a00000e 0a040003 10000 100 66965 4511000 180375 31320
0a070004 0a000016 10000 100 62459 4643000 49785 29832
0a02001f 0a030020 10000 100 1665597 3797000 896433 559256
0a040001 0a03000c 10000 100 21336 4677999 16316 16257
0a05001e 0a00000f 10000 100 104541 4638999 57298 43728
0a06000c 0a020015 10000 100 25915 4680000 17534 17769
0a03000a 0a0b0011 10000 100 103697 4656000 44885 43458
0a000020 0a060013 10000 100 26704 4681000 22042 18021
0a010015 0a090007 10000 100 3440 4695999 9933 10346
0a00000d 0a050006 10000 100 1660048 3706000 1000606 557418
0a0a0003 0a020012 10000 100 2568084 2507999 2200373 857298
0a010003 0a000002 10000 100 24639 4668000 41865 17345
0a030005 0a00000a 10000 100 2605944 3827999 882091 869797
0a010004 0a0a0013 10000 100 11928 4403999 306319 13139
0a010003 0a040005 10000 100 2504939 3191999 1518510 836431
0a050001 0a000012 10000 100 55209 4683999 27912 27435
0a0a000d 0a02001d 10000 100 573886 4504000 209268 198726
0a080002 0a0b001f 10000 100 2077888 4009999 703445 695413
0a040018 0a050015 10000 100 103412 4635000 81776 43351
0a040005 0a090008 10000 100 94623 3677999 1043208 40462
0a080015 0a010006 10000 100 2462407 2210000 2515116 822391
0a070008 0a050004 10000 100 78839 4152999 574346 35242
0a090009 0a01000f 10000 100 28685 4703999 23729 18686
0a07000a 0a010004 10000 100 51396 4407999 321194 26184
0a01001d 0a0b0010 10000 100 32717 4118000 612143 20007
0a02000b 0a02001a 10000 100 967810 4381999 348514 324581
0a000004 0a05000c 10000 100 1573067 3895000 837963 528694
0a040004 0a02000a 10000 100 45109 4682000 53638 24111
0a04000b 0a040018 10000 100 1566570 3911999 824337 522313
0a070018 0a050006 10000 100 97916 4336999 403925 41546
0a000003 0a010004 10000 100 16566 4632999 109814 14685
0a04000c 0a050017 10000 100 1598892 4204000 540234 537219
0a0b0019 0a090020 10000 100 585412 4518999 225323 202537
0a05001a 0a070019 10000 100 48841 4704999 40661 25336
0a08001b 0a05000a 10000 100 457721 4581000 165163 160370
0a0b0018 0a0b000d 10000 100 858224 4131000 620974 288392
0a05001a 0a0a0016 10000 100 302974 4218000 535366 109254
0a070004 0a02001d 10000 100 54363 4708999 44392 27164
0a040004 0a0b0009 10000 100 2551992 2846000 1908350 851980
0a090008 0a060019 10000 100 337929 3663000 1097309 120808
0a0b0008 0a090009 10000 100 505695 4309000 452703 176214
0a00000f 0a040015 10000 100 16955 4746000 19791 14809
0a090005 0a0a0020 10000 100 1917823 4081999 686793 642548
0a090006 0a0a0001 10000 100 56105 4741999 28567 27737
0a07001f 0a040002 10000 100 1859418 3448999 1322701 623260
0a07000b 0a06000e 10000 100 31216 4753000 19281 19511
0a020007 0a09000d 10000 100 552 4764000 8675 9392
0a070015 0a02000f 10000 100 2035077 4093000 680890 681268
0a08001a 0a080013 10000 100 1978016 3575000 1203977 658184
0a0b0007 0a0b0018 10000 100 1701077 3873999 905728 566738
0a020020 0a08001a 10000 100 1701814 3595000 1185120 571214
0a090008 0a010008 10000 100 57330 4673000 109830 28144
0a09000c 0a090002 10000 100 64264 4758000 25742 26184
0a070008 0a030003 10000 100 86435 4287000 499720 37750
0a060007 0a040010 10000 100 25193 4768999 17955 17522
0a010011 0a0b0018 10000 100 2598795 2752999 2039505 867433
0a03000c 0a04001e 10000 100 2509730 3926999 866355 838026
0a090020 0a010006 10000 100 755995 4435999 359416 258859
0a070002 0a03001b 10000 100 9 4788999 8090 9218
0a08001e 0a0a0018 10000 100 1710029 4225999 573221 573935
0a070008 0a0a0015 10000 100 1636046 3216999 1584739 549492
0a010011 0a070008 10000 100 2378047 2712000 2092758 794536
0a060012 0a010004 10000 100 2109718 3359000 1446227 705921
0a040014 0a030014 10000 100 4396 4798000 10743 10652
0a010006 0a090011 10000 100 45074 4769999 39148 24099
0a0b001b 0a0b0016 10000 100 99699 4686000 123172 37892
0a050009 0a040004 10000 100 35980 4785000 24707 21082
0a060002 0a04000a 10000 100 2130577 3726999 1084156 712811
0a070013 0a050009 10000 100 8923 4798000 14211 12147
0a000001 0a040012 10000 100 2237251 4013000 800127 748037
0a04001b 0a00000e 10000 100 2403222 3700999 1112926 802853
0a06001e 0a03001e 10000 100 35515 4793000 22132 20933
0a020017 0a080003 10000 100 15307 4786999 28324 14267
0a080003 0a010010 10000 100 1820301 4185000 630922 610343
0a030011 0a09001a 10000 100 56634 4772000 46569 27906
0a090004 0a090014 10000 100 2292206 3478999 1339784 761951
0a00000f 0a06000a 10000 100 31266 4781999 40569 19527
0a02001a 0a0a001a 10000 100 47621 4792000 32882 24930
0a0b0016 0a070018 10000 100 1912007 1237000 3588568 640626
0a0a0008 0a070007 10000 100 1720661 3318000 1509578 577444
0a090011 0a010015 10000 100 55465 4767999 64403 27517
0a05000d 0a070017 10000 100 67758 4806000 31668 31589
0a08000f 0a070019 10000 100 82454 4767000 71732 36430
0a040019 0a0a0005 10000 100 82207 4746000 94503 36351
0a080017 0a060012 10000 100 2435012 3899000 941714 813348
0a01000d 0a060010 10000 100 1830938 3886000 954872 613854
0a020020 0a00001b 10000 100 29885 4824000 18917 19070
0a050018 0a030001 10000 100 51315 3993000 850106 26158
0a040012 0a05001d 10000 100 27463 4817000 26606 18280
0a03000c 0a03001a 10000 100 203680 4748999 98674 72226
0a030004 0a0a0014 10000 100 2365555 3982000 866291 790415
0a030018 0a0a0009 10000 100 795053 4172999 675761 271773
0a02001d 0a010013 10000 100 42684 4827999 23699 23304
0a02001a 0a070011 10000 100 2036590 3079999 1772633 681767
0a050007 0a090004 10000 100 821273 4176000 677781 280424
0a080012 0a010005 10000 100 50338 4754000 100549 25830
0a030020 0a000020 10000 100 168984 4736999 120274 65010
0a04001e 0a070019 10000 100 66969 4826999 30892 31321
0a080012 0a0b001d 10000 100 1612471 4296999 562127 541702
0a000015 0a010014 10000 100 832829 4104000 759283 284245
0a090006 0a05000d 10000 100 98087 4821999 41793 41601
0a070012 0a0a0020 10000 100 7408 4852999 11423 11647
0a010018 0a040014 10000 100 580343 4669000 202149 200854
0a0a000c 0a080007 10000 100 92371 4756999 117535 39711
0a04000a 0a0a0015 10000 100 1896219 3229999 1645053 635420
0a0b0004 0a04000c 10000 100 85211 4823000 52515 37343
0a000009 0a08001a 10000 100 25154 4520999 358028 17510
0a080013 0a06000f 10000 100 31544 4800999 78038 19632
0a00001a 0a060002 10000 100 2579952 3972999 907526 861203
0a050015 0a0b0018 10000 100 26703 4787999 96148 18021
0a020008 0a030008 10000 100 91149 3148999 1735173 39304
0a0a0006 0a020012 10001 100 2061082 2909999 1974971 689866
0a00000b 0a0b000b 10000 100 89058 4039000 847935 38620
0a04001f 0a00001c 10000 100 16546 4867999 19411 14679
0a0a0007 0a050019 10000 100 1693029 4087999 799560 568310
0a08000d 0a090005 10000 100 70300 4856000 32180 32417
0a01001b 0a01000c 10000 100 1690186 4236000 652673 563130
0a02001e 0a03001d 10000 100 79463 4854999 35539 35442
0a040013 0a090008 10000 100 39860 4865999 24991 22369
0a01000b 0a0a001b 10000 100 1709480 4161999 730155 573744
0a070002 0a090008 10000 100 9200 4878000 15380 12251
0a000005 0a030006 10000 100 296619 4491000 404251 107159
0a040019 0a040017 10000 100 53385 4813999 82878 22596
0a09001e 0a040016 10000 100 1660115 4270000 626916 557440
0a080009 0a080015 10000 100 28555 4746000 153445 14404
0a05001c 0a08001e 10000 100 73324 4844000 56941 33416
0a0a0020 0a06000f 10000 100 80872 4833999 67304 35908
0a0b0008 0a020013 10000 100 2253371 3387999 1513502 753364
0a00001e 0a080005 10000 100 1873174 2668999 2237261 627800
0a030018 0a010018 10000 100 126183 4695999 212994 50884
0a050019 0a000016 10000 100 54428 4632999 277372 27185
0a06000a 0a050016 10000 100 918887 4588000 322501 312659
0a02000e 0a02000b 10000 100 1669504 4343999 567761 556312
0a030012 0a020018 10000 100 2330162 3853000 1062169 778721
0a070004 0a06000a 10000 100 970175 4529000 388781 329593
0a040012 0a0a000d 10000 100 2461897 3637000 1284816 822228
0a010003 0a0b001b 10000 100 253316 4762999 161465 92856
0a0a0003 0a050002 10000 100 60836 4375000 549571 29297
0a050004 0a09000f 10000 100 788551 4310999 614845 269615
0a010003 0a030002 10000 100 81394 4891000 35727 36090
0a0a0011 0a00000e 10000 100 80843 4407999 518919 35899
0a01000b 0a0b0017 10000 100 582211 4597000 331332 201482
0a0a0011 0a000013 10000 100 884067 3501999 1427013 301163
0a000007 0a060011 10000 100 35652 4873999 56127 20977
0a060006 0a0b000b 10000 100 2430175 2912000 2027619 811754
0a030012 0a01000c 10000 100 243816 4740000 201960 89724
0a0a0020 0a080004 10000 100 47354 4902000 40025 24844
0a020011 0a06000f 10000 100 18188 4924000 18298 15219
0a030001 0a080002 10000 100 677521 4120999 822936 232949
0a080016 0a090010 10000 100 991306 3752000 1193120 336570
0a010019 0a090009 10000 100 43940 4922000 23942 23721
0a04000a 0a040012 10000 100 48967 4595000 350969 21136
0a08000b 0a030017 10000 100 61706 4891000 56196 29591
0a0a0009 0a03001a 10000 100 45379 4896000 53451 24197
0a00000f 0a0a000b 10000 100 2472327 3989999 960028 825673
0a0b001a 0a04000e 10000 100 1911193 4105000 845305 640365
0a09000e 0a0a000f 10000 100 212374 4869000 86300 79340
0a07000f 0a08000d 10000 100 19664 4941000 15473 15707
0a08000c 0a01000e 10000 100 22775 4937999 19780 16733
0a0a000f 0a0a0012 10000 100 63997 4932999 26170 26099
0a01001b 0a090015 10000 100 60110 4930000 30097 29064
0a080005 0a0b0005 10000 100 76806 4797000 166894 34576
0a01001e 0a03001b 10000 100 2573692 3954000 1010227 859139
0a030011 0a0b0008 10000 100 65280 4934000 30779 30765
0a040009 0a060006 10000 100 689000 4666000 298801 236745
0a020003 0a00001d 10000 100 252668 4872999 95344 92649
0a01001e 0a000004 10000 100 5979 4956000 12609 11174
0a040005 0a060018 10000 100 1601949 3609999 1361455 538228
0a020016 0a060006 10000 100 1571346 2892000 2079826 528128
0a000006 0a020005 10000 100 32507 4951999 20307 19940
0a00001c 0a09000a 10000 100 83234 4924000 56531 36695
0a08001f 0a030009 10000 100 2431520 3595000 1386144 812200
0a030014 0a04000f 10000 100 74753 4947000 34985 33888
0a09000a 0a050011 10000 100 2196566 2589999 2394149 734603
0a05000f 0a090008 10000 100 75582 4344999 639569 34169
0a030001 0a030009 10000 100 45463 4806000 180106 19984
0a07000b 0a09000a 10000 100 79207 4931999 55728 35360
0a07000d 0a050003 10000 100 5631 4976999 11221 11063
0a090018 0a060009 10000 100 755062 4617999 373714 258561
0a00000e 0a08001b 10000 100 169757 4924000 68425 65273
0a01001b 0a010017 10000 100 42217 4974000 19070 18914
0a0b0016 0a090008 10000 100 2365824 970999 4022922 790501
0a07001e 0a07001c 10000 100 2426588 3882000 1113746 806320
0a040008 0a090005 10000 100 28998 4120000 880812 18786
0a05001b 0a000002 10000 100 1931263 4308000 693421 646987
0a050006 0a010009 10000 100 12661 4980000 21712 13389
0a06001f 0a040008 10000 100 1902892 2893000 2115920 637617
0a09000a 0a01001f 10000 100 159561 4941000 68160 61903
0a0a0014 0a090010 10000 100 1991326 4154999 855750 666822
0a050007 0a0a0001 10000 100 256514 4917000 98274 93926
0a080003 0a020017 10000 100 70237 4971999 43311 32397
0a04000a 0a0b000e 10000 100 101218 4637999 378067 42634
0a0b0001 0a040006 10000 100 96133 4976000 40733 40960
0a090008 0a0a0002 10000 100 82304 4969999 49796 36382
0a040005 0a030001 10000 100 2007749 3223000 1800845 672246
0a040011 0a050014 10000 100 1874616 4146000 881625 628277
0a000017 0a05001c 10000 100 29737 4994000 38566 19023
0a050002 0a090010 10000 100 36164 4851000 181615 21156
0a05000a 0a020001 10000 100 1802730 3745000 1290033 604536
0a060011 0a0b0010 10000 100 39069 4364999 674650 22116
0a08001c 0a04000a 10000 100 1743602 4138000 902143 585016
0a030009 0a030014 10000 100 597557 4834999 207132 202306
0a070014 0a0b0010 10000 100 2479852 3537999 1504753 828158
0a060010 0a090010 10000 100 77618 4852999 195334 34836
0a08000e 0a020008 10000 100 2478377 2477000 2573007 827670
0a00000a 0a040008 10000 100 1932403 3320000 1730728 647368
0a010004 0a02001c 10000 100 1853684 4226999 825569 621363
0a02001f 0a01000f 10000 100 758114 4357999 697276 259568
0a0b0016 0a00000a 10000 100 37596 4925999 129793 21630
0a04001f 0a070001 10000 100 449945 4834999 222048 157790
0a02001c 0a0a001c 10000 100 1949553 4205000 857983 653024
0a050018 0a060005 10000 100 2199331 3446999 1616343 735519
0a040004 0a07000d 10000 100 2026044 3896999 1166401 678285
0a0a0008 0a040020 10000 100 2527784 3442000 1621721 843987
0a000002 0a060016 10000 100 936255 4714000 349869 318401
0a070001 0a040005 10000 100 840241 4440000 627249 286694
0a08001d 0a000002 10000 100 193221 4958999 108270 73012
0a0b000a 0a02001c 10000 100 483721 4733000 334629 168952
0a0b0006 0a080011 10000 100 1908358 3627000 1443505 639427
0a030017 0a010020 10001 100 51321 4995999 75356 26160
0a0a0001 0a07001c 10000 100 1048319 4290000 783600 355398
0a080016 0a04001e 10000 100 85268 4644999 431020 37361
0a060017 0a010010 10000 100 220752 4921000 155711 82113
0a090012 0a000011 10000 100 641039 4654000 431838 220906
0a070020 0a080007 10000 100 1947766 4380000 705995 652437
0a060005 0a010010 10000 100 380961 4831000 256203 135008
0a070018 0a0b0015 10000 100 13708 4963999 133429 13740
0a070016 0a070009 10000 100 1016025 4741999 358878 340502
0a0b001b 0a06000f 10000 100 2495470 3547999 1553760 833309
0a080016 0a060007 10000 100 76462 4706000 400706 34451
0a09000c 0a030001 10000 100 423851 4844000 264570 149179
0a080016 0a090008 10000 100 2407021 2748000 2362799 804099
0a050007 0a070008 10001 100 926987 4414000 698219 315328
0a050020 0a01000b 10000 100 318110 4903000 218498 114266
0a010016 0a040017 10000 100 1024426 4748999 372693 347507
0a020012 0a060015 10000 100 33911 3983999 1143350 20404
0a010018 0a000013 10000 100 1914208 4001000 1130369 641361
0a060005 0a080016 10000 100 2005742 3959999 1176359 671589
0a06001d 0a060005 10000 100 1872444 4026000 1113543 623326
0a0a0015 0a0b0002 10000 100 752548 4165000 975269 257726
0a080013 0a06000c 10000 100 1896111 3070999 2072740 635385
0a040013 0a080011 10000 100 91590 4671999 473402 39461
0a09000b 0a030018 10000 100 1962252 4242000 909160 657226
0a090011 0a01000e 10000 100 2435691 3908000 1243240 813565
0a090001 0a020012 10000 100 2066302 2432000 2720988 691582
0a090009 0a070011 10000 100 2566809 3207999 1948007 856875
0a0b000b 0a09001e 10000 100 2075527 3985999 1174673 694626
0a010014 0a010012 10000 100 2387634 3445999 1716232 793456
0a090018 0a0a0003 10000 100 961881 4192999 969274 326863
0a070011 0a07001e 10000 100 1574884 3908000 1255791 525050
0a020012 0a040001 10000 100 28048 4030999 1132867 18467
0a060014 0a050010 10000 100 1811611 4545999 622773 607470
0a040016 0a03000a 10000 100 1900622 4508999 675452 636875
0a0a0009 0a050011 10000 100 1955374 2980000 2205341 654949
0a0b0010 0a020002 10000 100 51912 4642000 549292 26349
0a07001d 0a02000c 10000 100 578752 4993000 200096 200329
0a080007 0a0b000f 10000 100 2347851 3723000 1473408 784566
0a05000a 0a0b000b 10000 100 1957561 3259999 1937918 655679
0a060017 0a0b0010 10000 100 4640 4939999 262257 10746
0a020016 0a020014 10000 100 1651752 3065000 2141872 550447
0a0b000f 0a030001 10000 100 21794 4368000 850406 16404
0a040008 0a070002 10000 100 1012087 4870000 349566 343435
0a000011 0a000008 10000 100 335092 4924999 299514 115630
0a0b0009 0a000011 10000 100 2579951 3690000 1537210 861203
0a010011 0a01001a 10000 100 1651842 4677999 549652 550476
0a0b0004 0a060002 10000 100 1031372 4838000 392425 349806
0a0a0019 0a08000f 10000 100 2080953 4523000 709257 696424
0a050019 0a0b000e 10000 100 2455845 4116999 1123704 820230
0a050006 0a060015 10000 100 643006 4569000 676504 221551
0a010012 0a080006 10000 100 65154 4393000 852897 30725
0a010012 0a060002 10000 100 40434 4392000 854448 22553
0a000011 0a0a0016 10000 100 10870 4572999 675655 12801
0a090014 0a010012 10000 100 2284549 3537999 1711183 763664
0a040009 0a090017 10000 100 765065 4988000 261382 261869
0a070009 0a070010 10000 100 1778870 4644999 604443 592415
0a02000d 0a09001c 10000 100 2484161 4007000 1243156 829583
0a020016 0a000004 10000 100 2594223 2546999 2707465 865924
0a020019 0a090020 10000 100 55889 4670999 593053 27668
0a040017 0a050019 10000 100 82686 4949000 322553 36519
0a05001d 0a020019 10000 100 2334642 3867000 1404665 780200
0a00001d 0a020018 10000 100 1599371 4666000 606192 537387
0a0a000c 0a080005 10000 100 1817494 4531999 745708 609414
0a070006 0a09000f 10000 100 1864860 4147999 1131032 625063
0a0b0007 0a09001c 10000 100 765621 4778000 501288 262047
0a0a0009 0a00000d 10000 100 1911071 4028000 1254259 640326
0a0b0010 0a030013 10000 100 2409581 4067999 1214383 804949
0a000006 0a0a0016 10000 100 2337225 3810000 1473485 781058
0a050004 0a03000b 10000 100 1934880 4636999 647570 648176
0a0b0015 0a060018 10000 100 2229229 3916000 1369718 745393
0a05001d 0a09000e 10000 100 1700147 4610000 675773 570665
0a080005 0a0a0015 10000 100 2530599 3644000 1643541 844919
0a0b0016 0a09000e 10000 100 114891 4938999 349054 47147
0a06001e 0a020019 10000 100 43225 4767000 521342 23477
0a030018 0a0b0010 10000 100 2508540 3478999 1810459 837630
0a0a0015 0a0b0020 10000 100 93605 4977999 311737 40121
0a0a000e 0a03001a 10000 100 854891 4440000 854867 291520
0a090014 0a080003 10000 100 1856202 4662000 633306 622200
0a07000c 0a06000b 10000 100 1864799 4492999 802770 625043
0a020019 0a01001b 10000 100 2339995 4388999 910218 781960
0a020005 0a000009 10000 100 2557067 4155999 1154309 853650
0a040003 0a0b001e 10000 100 609614 4499000 811546 210528
0a07001a 0a0b000c 10000 100 2408665 2988000 2327510 804640
0a000012 0a0a0003 10000 100 2271219 3797000 1519820 759260
0a060015 0a06000d 10000 100 2575464 3190999 2131557 855481
0a020016 0a01001d 10000 100 2084338 2667000 2661215 697538
0a050010 0a050019 10000 100 1806871 4455999 875220 601667
0a0a0020 0a070016 10000 100 1946390 4628000 704428 651982
0a05000e 0a030010 10000 100 2078425 4302000 1032029 695584
0a05001c 0a01001d 10000 100 2450494 4277999 1069268 818456
0a050013 0a000009 10000 100 1029486 4703999 650685 349187
0a010006 0a0b001b 10000 100 2314082 4473999 885290 773406
0a0b0013 0a0a001a 10000 100 818811 4954000 413011 279606
0a020012 0a020003 10000 100 2069826 3736000 1642113 688501
0a0b0006 0a010005 10000 100 2214224 3853000 1534370 740438
0a030017 0a050012 10001 100 2552860 4454999 935113 852257
0a0a0009 0a090004 10000 100 1842590 4068999 1324536 617706
0a000012 0a040016 10000 100 814858 4846999 571612 278310
0a00001e 0a07001f 10000 100 717319 4899999 521594 246099
0a050018 0a050001 10000 100 2148686 3687999 1735794 714550
0a05001a 0a07001e 10000 100 2281343 4663999 784213 762592
0a020008 0a040003 10000 100 2103761 2670000 2782679 703953
0a08000f 0a05000f 10000 100 1978236 4104000 1349849 662495
0a06001f 0a080016 10000 100 2214231 4321000 1137748 740440
0a04001a 0a060013 10000 100 1765622 4341000 1124911 592293
0a01001d 0a0b0011 10000 100 2144993 4722999 743741 717562
0a090019 0a000013 10000 100 2101554 4279999 1192201 703232
0a0a0001 0a000001 10000 100 2512172 4372000 1106051 838823
0a00001e 0a09000f 10000 100 2191082 2893000 2586497 732787
0a080020 0a090004 10000 100 753987 4954000 528211 258201
0a000010 0a080020 10000 100 2610045 4581000 902962 871156
0a020008 0a050004 10000 100 2432202 2743000 2742671 812418
0a090011 0a060009 10000 100 2249019 4309000 1177323 751926
0a0a0016 0a07001f 10000 100 1881295 3873999 1620371 630491
0a080011 0a04001d 10000 100 2607546 4120999 1377338 870325
0a0a0004 0a0b0004 10000 100 2514394 4643000 858875 839564
0a040017 0a0b0005 10000 100 1648484 4602000 902593 553595
0a090015 0a05001c 10000 100 1628656 4942000 567108 547050
0a0a0003 0a080009 10000 100 1759646 4393000 1117809 590319
0a060019 0a020012 10000 100 1007569 3204999 2306535 341944
0a010002 0a060015 10000 100 2084515 4296000 1215728 697595
0a000007 0a0a000a 10000 100 1868122 3857000 1671082 626137
0a000012 0a0b0014 10000 100 1805779 4491000 1040389 605542
0a06001a 0a01000d 10000 100 2528924 4678999 853385 844352
0a070011 0a00000c 10001 100 79230 4730999 803785 35367
0a060018 0a080010 10000 100 1872995 4903000 633190 627743
0a030011 0a0b001e 10000 100 1834338 4237999 1305796 614973
0a060006 0a0a0016 10000 100 2232676 3539000 2012117 746527
0a0a0018 0a06001f 10000 100 2091561 4832000 721078 699926
0a000007 0a0a0003 10000 100 2045415 3759000 1811108 684683
0a07001b 0a060008 10000 100 1875335 4943000 634232 628522
0a05000c 0a070004 10000 100 2429850 4761999 815655 811635
0a03000e 0a070007 10000 100 2239743 4810000 775137 748865
0a090013 0a090010 10000 100 1692441 4956000 649278 563882
0a02001c 0a00001a 10000 100 1818210 4995999 611403 609658
0a000005 0a06001a 10000 100 2369601 3697999 1911829 791741
0a050005 0a040010 10000 100 15373 4140999 1470245 14288
0a040003 0a020012 10000 100 58411 4921000 692820 28490
0a030020 0a0b0015 10000 100 1906800 4542000 1074080 638913
0a080020 0a0b000f 10000 100 2420356 4459000 1161339 808504
0a040010 0a030017 10000 100 2556586 4730999 895516 853496
0a00001e 0a080011 10000 100 1968735 2886999 2763639 659362
0a000007 0a0b0012 10000 100 1601176 4278999 1372592 537980
0a020009 0a050001 10000 100 1698445 4780000 876239 570105
0a0b0010 0a06001e 10000 100 2225251 4632999 1033369 744074
0a0b001b 0a020012 10000 100 1812563 3804000 1874335 607790
0a04001a 0a0a0011 10000 100 1600382 4350999 1336491 537711
0a0a001d 0a020002 10000 100 2026344 4582000 1114078 678381
0a090019 0a010019 10000 100 2119277 4989000 708304 709072
0a00000b 0a05000f 10000 100 2242869 4460000 1239368 749896
0a050020 0a000017 10000 100 1792856 4823000 879621 601284
0a000015 0a0a0004 10000 100 2235548 4061000 1642140 747477
0a0b0018 0a00000c 10000 100 909423 4951999 754433 309538
0a010012 0a0a001a 10000 100 2374301 4426000 1292092 793291
0a030019 0a050009 10000 100 2446612 4549000 1172305 817183
0a04001c 0a04000a 10000 100 2196163 4891000 871858 730234
0a090015 0a050005 10000 100 22668 4200999 1565830 16699
0a060017 0a030019 10000 100 2594238 4486000 1284647 865928
0a01000c 0a080002 10001 100 2477731 4945999 826502 827448
0a030012 0a080009 10000 100 2375049 4449999 1322716 793545
0a000009 0a00000c 10000 100 1013364 4954000 820385 339619
0a080006 0a050015 10000 100 1942030 4621000 1156624 650540
0a000015 0a030018 10000 100 2119452 4251999 1529792 709128
0a0b0017 0a060019 10000 100 1862400 4052000 1734648 624245
0a090001 0a070011 10000 100 1865474 4447999 1347095 625259
0a0b0016 0a0b0006 10000 100 1874079 1794000 4001371 623865
0a070011 0a0b0007 10000 100 988371 4715999 1084416 335600
0a05000f 0a000012 10000 100 2589386 4910999 892595 864330
0a000004 0a050011 10000 100 2530557 2745000 3078676 844905
0a06000d 0a000014 10000 100 2604912 4729999 1096798 869452
0a000005 0a02001e 10000 100 2072580 3899000 1928252 693653
0a050007 0a050011 10000 100 2355596 3212000 2620166 782881
0a080018 0a050018 10000 100 2611074 4943000 892475 871485
0a000005 0a01000a 10001 100 1620604 4214999 1622019 544397
0a070007 0a030010 10000 100 2394658 4735999 1109095 800020
0a050018 0a030019 10000 100 1682106 4225999 1624552 564707
0a0a000e 0a000017 10000 100 2061434 4218999 1656036 689978
0a050006 0a0b001e 10000 100 2595740 4004999 1882740 866424
0a09001f 0a030013 10000 100 2474656 4965999 925618 826433
0a0a0011 0a0a0008 10000 100 1997647 3697999 2226140 664666
0a020004 0a06001b 10000 100 2379451 4520999 1403856 795000
0a02001f 0a0b0007 10000 100 2434061 4122999 1803550 813028
0a01001e 0a0b0015 10000 100 2206807 4657999 1272519 737988
0a0a0011 0a0a0010 10000 100 1624539 4137000 1801473 541462
0a040019 0a080014 10000 100 1952265 4625999 1341891 653923
0a020016 0a00000b 10000 100 2363560 5000000 968859 789746
0a080007 0a000005 10000 100 2473055 4415999 1557658 825906
0a0a0015 0a060005 10000 100 1752581 4808999 1165612 587981
0a0a000e 0a00000f 10000 100 2470935 4200999 1789702 825212
0a070008 0a070003 10000 100 512517 1000000 4995782 174218
0a070012 0a070003 10001 100 512579 1000000 4996637 174238
0a040019 0a0a0011 10000 100 2473000 4473000 1527583 825888
0a0a0005 0a0b0005 10000 100 2491100 4864000 1139920 831864
0a02001f 0a040018 10000 100 1779402 4824000 1180123 596840
0a020004 0a02001d 10000 100 2093459 4695999 1308592 696309
0a0a0015 0a060015 10000 100 1696021 4858999 1145751 569298
0a030001 0a020002 10000 100 2542254 4487999 1537175 848756
0a03000d 0a050005 10000 100 2071515 3609999 2426625 693312
0a00000c 0a020001 10000 100 1980379 3647000 2392543 663211
0a050015 0a09000d 10000 100 2360364 4245999 1802127 788693
0a0b001a 0a0a0002 10000 100 1992256 4628000 1421411 667135
0a0b0018 0a070003 10000 100 512092 1000000 5059239 178322
0a050016 0a070003 10000 100 512437 1000000 5068464 178432
0a00000c 0a040003 10000 100 2386644 3547999 2523008 797379
0a070011 0a00000c 10000 100 1760878 4684999 1388495 590713
0a0a0011 0a040013 10000 100 2595406 3674999 2402759 866318
0a0b001e 0a080011 10000 100 1866046 4167999 1918654 625457
0a050011 0a02001f 10000 100 633852 4408999 1678646 218529
0a030004 0a0b0006 10000 100 1673538 4976000 1112859 561873
0a0b001a 0a070001 10000 100 2134026 4647000 1459184 713945
0a080005 0a060012 10000 100 2362596 4681000 1425193 789438
0a03000d 0a070003 10000 100 512366 1000000 5113306 178410
0a030004 0a040003 10000 100 2313645 4739000 1375052 773266
0a020017 0a060019 10000 100 1924969 4257000 1857503 644912
0a040009 0a070003 10000 100 512872 1000000 5116235 178572
0a02001c 0a070003 10000 100 512514 1000000 5118554 178457
0a00000c 0a030011 10000 100 2577967 4369999 1757484 860553
0a04001a 0a050005 10000 100 16005 4361000 1777092 14490
0a07000f 0a070003 10000 100 512235 1000000 5169266 174128
0a050005 0a0a000a 10000 100 87445 4367000 1811575 38088
0a020013 0a060019 10000 100 41327 4997999 1187073 22854
0a080014 0a010005 10000 100 1574061 4866999 1319295 529027
0a040020 0a050015 10000 100 2591157 4802999 1395660 864912
0a050015 0a010009 10000 100 2163088 4573999 1625459 723552
0a030001 0a09001c 10000 100 2503060 4774999 1424639 835815
0a07001a 0a0a001b 10000 100 2281091 3295000 2926092 762511
0a050005 0a070018 10000 100 25228 4477000 1752883 17534
0a050017 0a050005 10000 100 2039007 3723999 2518494 678331
0a06000f 0a040007 10000 100 2168340 4675000 1579841 725279
0a010012 0a080011 10000 100 2498886 4758000 1504421 834433
0a080013 0a09001d 10000 100 1704076 4095999 2188293 571968
0a080013 0a020011 10000 100 2372541 3454000 2855997 792712
0a000008 0a010005 10000 100 2422463 4745000 1593742 809194
0a080005 0a0b0014 10000 100 2506179 4904000 1439195 836843
0a0b0016 0a03001e 10000 100 2012585 2017000 4365261 673840
0a060015 0a050005 10000 100 2285746 2727999 3664426 764047
0a02001d 0a0b001e 10000 100 2057631 4921000 1476976 688715
0a050005 0a010009 10000 100 82800 4810000 1604193 36556
0a06001d 0a060019 10000 100 1955140 4248000 2197634 650634
0a02000d 0a040007 10000 100 2055807 4693000 1767158 688116
0a050011 0a050014 10000 100 896760 4895000 1591097 301108
0a0b0016 0a010015 10000 100 2537686 1381000 5136838 847248
0a080007 0a040007 10000 100 1609810 4418000 2112657 540835
0a020009 0a050011 10000 100 2289850 4095999 2455811 765406
0a000005 0a070003 10000 100 512640 1000000 5562704 178497
0a00000a 0a020008 10000 100 2547135 3660000 2945010 850379
0a080013 0a00001c 10000 100 2226318 4670999 1940309 744431
0a07001a 0a09001d 10000 100 1935058 3908000 2704859 648248
0a080013 0a050005 10000 100 2598798 2987000 3637924 867434
0a01000f 0a020008 10000 100 2027225 4184000 2454917 678678
0a010008 0a070003 10000 100 512841 1000000 5642348 178562
0a07001a 0a05000b 10000 100 1955996 4017999 2663275 655148
0a07001a 0a0a0016 10000 100 2442750 3559999 3140341 815901
0a06000d 0a020008 10000 100 654140 4767999 2042248 225237
0a0b0016 0a0b000f 10000 100 2396080 1958999 4907081 796250
0a080009 0a070003 10000 100 512020 1000000 6117729 178299
0a0b000f 0a070003 10000 100 512264 1000000 6121948 178377
0a090015 0a070003 10000 100 512946 1000000 6187766 178595
0a000003 0a070003 10000 100 512284 1000000 6202882 178384
0a030006 0a070003 10000 100 512671 1000000 6268117 178507
0a0b0016 0a090018 10000 100 1702053 4191000 3098538 571290
0a00000b 0a070003 10000 100 512073 1000000 6297520 178316
0a0b0016 0a090014 10000 100 1671556 4321000 2985322 561224
0a050002 0a070003 10000 100 512039 1000000 6329387 178305
0a0b0016 0a0a001b 10000 100 2415578 4815999 2798370 806929
0a080020 0a070003 10000 100 512957 1000000 6751113 178599
0a0a0017 0a070003 10000 100 512482 1000000 6751937 178447
0a09001a 0a070003 10000 100 512895 1000000 6792493 178579
0a02000e 0a070003 10000 100 513015 1000000 6868743 178633
0a04000f 0a070003 10000 100 512567 1000000 7465574 178474
0a06000f 0a070003 10000 100 512683 1000000 7466957 178511
0a090016 0a070003 10000 100 512768 1000000 7469853 178538
0a0b0006 0a070003 10000 100 512043 1000000 7471032 178306
0a08000a 0a070003 10000 100 512261 1000000 7471785 178376
0a00000c 0a070003 10001 100 512385 1000000 7472578 178416
0a01001c 0a070003 10000 100 512328 1000000 7474343 178398
0a040007 0a070003 10000 100 512873 1000000 7483212 178572
0a01000a 0a070003 10000 100 512296 1000000 7485957 178387
0a090010 0a070003 10000 100 512797 1000000 7531432 178548
0a080018 0a070003 10000 100 512630 1000000 7616948 178494
0a030015 0a070003 10000 100 512679 1000000 7769800 178510
0a05000e 0a070003 10000 100 512310 1000000 7971539 178392
0a050018 0a070003 10000 100 512270 1000000 7972790 178379
0a060016 0a070003 10000 100 512118 1000000 7973003 178330
0a070018 0a070003 10000 100 512982 1000000 7975444 174367
0a02001e 0a070003 10000 100 512294 1000000 7986136 178387
0a0b0008 0a070003 10000 100 512670 1000000 8101365 178507
0a09000d 0a070003 10000 100 512883 1000000 8132512 178575
0a060005 0a070003 10000 100 512872 1000000 8197316 178572
0a03001e 0a070003 10000 100 512891 1000000 8227476 178578
0a0a0006 0a070003 10000 100 512347 1000000 8234197 178404
0a0a000f 0a070003 10000 100 512826 1000000 8243051 178557
0a0a000b 0a070003 10000 100 512960 1000000 8262838 178600
0a06001b 0a070003 10000 100 512896 1000000 8362300 178579
0a08001d 0a070003 10000 100 512936 1000000 8389504 178592
0a010006 0a070003 10000 100 512840 1000000 8434003 178561
0a05001f 0a070003 10000 100 512651 1000000 8461116 178501
0a09000f 0a070003 10000 100 512919 1000000 8466535 178587
0a070003 0a080010 10000 100 86378 1665999 7826887 37731
0a070003 0a02001d 10000 100 58204 1794999 7698628 28424
0a040004 0a070003 10000 100 88734 1642999 7852869 38516
0a070003 0a0a0007 10000 100 31055 2442999 7239183 19460
0a090004 0a070003 10000 100 528810 2053999 7630291 183841
0a070003 0a040013 10000 100 2504579 2083999 7631963 836316
0a0a0011 0a070003 10000 100 35089 3004000 6712702 20797
0a070003 0a030010 10000 100 519929 2797000 6923674 180907
0a070003 0a070018 10000 100 2211118 3112999 7064622 735173
0a070003 0a070014 10000 100 82960 4850000 5588055 32367
0a04000b 0a070003 10000 100 2092470 3523000 6918037 700217
0a07000c 0a070003 10000 100 1965606 4942000 6146752 654090
