0a070008 0a05000f 10000 100 1781 10999 9387 9800
0a020019 0a0a0008 10000 100 45927 7999 23948 24372
0a080003 0a06001a 10000 100 74455 8999 33362 33793
0a000017 0a090008 10000 100 30166 24999 18819 19175
0a040016 0a05001a 10000 100 88056 5999 38192 38284
0a040008 0a020010 10000 100 71752 13999 32467 32897
0a010012 0a08000c 10000 100 32124 29000 19397 19817
0a05001a 0a060015 10000 100 42838 17999 31008 23353
0a080002 0a030016 10000 100 20851 33999 15669 16087
0a07001d 0a080016 10000 100 99418 8999 41606 42042
0a000007 0a03000c 10000 100 45494 26999 24242 24234
0a090015 0a080015 10000 100 53649 25999 26495 26920
0a070014 0a080004 10000 100 20537 39999 15569 15986
0a08000f 0a09000c 10000 100 71486 25999 32644 32812
0a050015 0a09000d 10000 100 40564 36999 26147 22610
0a00001d 0a0a0007 10000 100 96875 26999 40865 41198
0a050012 0a09001e 10000 100 74166 11999 56136 33701
0a0b001d 0a0a000e 10000 100 49352 42999 25174 25499
0a03000d 0a040013 10000 100 20429 46999 21981 15952
0a0b0018 0a060007 10000 100 56209 44999 27344 27770
0a060016 0a060015 10000 100 100118 26999 46728 38026
0a03000d 0a09001b 10000 100 99053 25999 48236 41926
0a0b001c 0a030012 10000 100 13796 61999 13352 13768
0a08000a 0a090001 10000 100 90995 40999 38820 39255
0a09000c 0a060010 10000 100 59506 50999 29055 28856
0a0b001e 0a050003 10000 100 20132 64999 15439 15857
0a05000f 0a04001a 10000 100 159012 26999 61276 61727
0a02000f 0a020003 10000 100 73364 59999 28744 29189
0a080019 0a00000e 10000 100 61630 59999 29429 29566
0a0b001d 0a01001f 10000 100 30637 70999 19020 19326
0a020020 0a07001f 10000 100 93198 51999 39555 39991
0a0a000b 0a000015 10000 100 25069 81999 17064 17483
0a020011 0a020014 10000 100 29547 85999 15341 14722
0a000012 0a020017 10000 100 29544 82999 18595 18961
0a00000d 0a060016 10000 100 29337 74999 26977 18895
0a00001d 0a060016 10000 100 29868 76000 27395 19064
0a030002 0a04001e 10000 100 50849 81999 26403 25993
0a060010 0a090007 10000 100 75377 74999 33710 34104
0a080010 0a0a0012 10000 100 79248 76000 34941 35373
0a04001f 0a040017 10000 100 32248 96000 15182 15617
0a020002 0a010006 10000 100 69306 81999 31670 32099
0a080005 0a05001e 10000 100 103141 40999 76431 43264
0a01000e 0a020009 10000 100 37109 102999 21037 21458
0a000014 0a020018 10000 100 17761 110999 14650 15067
0a07001e 0a050015 10000 100 93168 62999 63274 39981
0a0b0017 0a0a001a 10000 100 11232 114000 12501 12917
0a08000b 0a020010 10000 100 18437 117999 14882 15299
0a05000c 0a0b0001 10000 100 84531 74999 61968 37125
0a00001d 0a030003 10000 100 44838 118999 23585 24008
0a0a0001 0a090016 10000 100 99674 105999 43589 42124
0a03001b 0a010015 10000 100 84850 85000 64778 37227
0a08001c 0a070010 10000 100 30352 134999 18814 19235
0a080007 0a040001 10000 100 82137 118999 36019 36328
0a01001e 0a07000d 10000 100 23437 138999 16650 16945
0a06001a 0a0b0018 10000 100 100673 114000 42022 42459
0a0a000f 0a05000b 10000 100 56409 128999 27466 27834
0a00000b 0a01001b 10000 100 8514 143999 13926 12016
0a070014 0a010015 10000 100 118199 82999 75924 48237
0a03001a 0a020010 10000 100 14304 146999 13514 13930
0a030018 0a020017 10000 100 84213 125000 36740 37023
0a000007 0a09000f 10000 100 256921 68999 93582 94056
0a070020 0a0b000a 10000 100 325743 42999 120587 116786
0a0b0013 0a020008 10000 100 87330 125999 37617 38051
0a030011 0a050002 10000 100 27204 137999 26599 18197
0a000008 0a040013 10000 100 43182 143000 23040 23463
0a050015 0a080003 10000 100 294569 45999 128685 106488
0a06000e 0a08000f 10000 100 12956 161999 17036 13484
0a09001a 0a0a000d 10000 100 69163 147999 31624 32054
0a000016 0a08000a 10000 100 61784 141999 40822 29616
0a060014 0a090007 10000 100 95908 143000 40437 40873
0a08001b 0a00000e 10000 100 9159 172999 12097 12238
0a08000e 0a030011 10000 100 6761 174000 11561 11440
0a000016 0a0a001c 10000 100 35231 143000 43895 20842
0a0b000a 0a07000e 10000 100 449561 25999 161288 157667
0a0b0016 0a06001f 10000 100 52735 145000 43436 26628
0a0b001f 0a000003 10000 100 24607 172000 17005 17335
0a0b0007 0a010007 10000 100 67866 157999 31291 31623
0a000019 0a080014 10000 100 86005 149999 39681 37612
0a04001f 0a0b0001 10000 100 4297 181000 10668 10621
0a00001a 0a070020 10000 100 73074 163999 32906 33336
0a020015 0a05000d 10000 100 41869 175999 22605 23028
0a000001 0a04001f 10000 100 55080 174000 27024 27393
0a030012 0a010014 10000 100 22805 184999 16324 16743
0a030015 0a08001c 10000 100 98805 163999 41694 41831
0a050002 0a000014 10000 100 43137 186999 23026 23449
0a080004 0a03001c 10000 100 29582 193999 18660 18973
0a040016 0a020017 10000 100 79744 177999 35115 35547
0a060013 0a03000b 10000 100 4632 204999 10444 10743
0a020019 0a080007 10000 100 37461 174000 41523 21571
0a04000b 0a08000c 10000 100 100751 176999 42165 42484
0a0b0006 0a09000a 10000 100 31132 201999 19087 19484
0a000006 0a030012 10000 100 18641 197999 23294 15364
0a020001 0a0b0014 10000 100 67610 170000 53227 31541
0a05001c 0a020018 10000 100 20154 207999 15446 15864
0a01000f 0a010005 10000 100 53864 203000 23227 22749
0a0a0017 0a060013 10000 100 15762 212000 14364 14412
0a02001d 0a080003 10000 100 17329 215999 14886 14929
0a050016 0a070016 10000 100 64181 201000 30083 30398
0a060011 0a08000a 10000 100 89534 193999 38338 38772
0a050002 0a010005 10000 100 14904 219000 14375 14122
0a0a0005 0a02001a 10000 100 89358 196999 38281 38716
0a030014 0a01000d 10000 100 48914 210999 26202 25359
0a07001f 0a02000c 10000 100 14904 224999 13759 14122
0a080020 0a0a0017 10000 100 63253 212999 29882 30101
0a030008 0a0b0009 10000 100 2280 236999 9546 9960
0a04001c 0a07001b 10000 100 112695 203000 45989 46429
0a0b001e 0a0b0013 10000 100 82257 222999 32000 32127
0a030014 0a070007 10000 100 9666 241000 14649 12400
0a020019 0a070007 10000 100 58416 210999 47369 28492
0a07000e 0a09001e 10000 100 43441 235999 23123 23546
0a0b0013 0a010018 10000 100 54099 235999 27390 27080
0a0b0004 0a060001 10000 100 530967 79999 184039 184546
0a090011 0a080011 10000 100 410960 125999 144448 144915
0a000016 0a080003 10000 100 98769 228000 42749 41819
0a0a0014 0a010015 10000 100 94503 204999 66721 40424
0a000012 0a010015 10000 100 85154 208999 64092 37324
0a03001d 0a0a001e 10000 100 21810 259000 15991 16409
0a06001e 0a060007 10000 100 89424 243999 34049 34497
0a030011 0a020011 10000 100 732753 18999 259896 251192
0a03000b 0a080004 10000 100 64123 248999 29951 30379
0a0a0019 0a050017 10000 100 5430 268000 11153 10999
0a040007 0a060008 10000 100 66150 248999 30630 31059
0a00000e 0a0a0003 10000 100 618015 71999 213524 213308
0a020005 0a070017 10000 100 42860 262999 24075 23360
0a050008 0a0b0010 10000 100 33802 268999 19948 20369
0a0b001f 0a000009 10000 100 101373 250000 42246 42683
0a06000a 0a01001d 10000 100 681333 60999 233749 234215
0a05001b 0a06000c 10000 100 66506 259000 37851 31173
0a090017 0a0b001c 10000 100 22201 273999 23170 16534
0a0b0005 0a070013 10000 100 89696 261000 38414 38824
0a000016 0a030011 10000 100 6798 288999 11037 11452
0a09000f 0a08000b 10000 100 19692 291999 15332 15716
0a06000d 0a05000f 10000 100 62035 259000 49139 29696
0a0a0013 0a070010 10000 100 103445 235999 76559 43362
0a06001b 0a00001b 10000 100 386792 176999 136504 136936
0a020011 0a090007 10000 100 100796 275000 43344 42499
0a050011 0a06000c 10000 100 96640 275999 45760 41123
0a060020 0a0b0014 10000 100 81474 284999 37008 36116
0a010008 0a050013 10000 100 652 313999 8602 9424
0a010005 0a0a0019 10000 100 91540 259000 68987 39445
0a040020 0a060016 10000 100 22263 297000 35073 16554
0a010013 0a060001 10000 100 91886 293000 39201 39555
0a050003 0a030001 10000 100 198013 259000 74728 74607
0a040004 0a040014 10000 100 96844 299999 36498 36948
0a070006 0a0b000d 10000 100 67881 306999 31395 31628
0a03001d 0a07001b 10000 100 33117 319000 19837 20150
0a030018 0a09001f 10000 100 248471 165999 174278 91260
0a040005 0a010010 10000 100 2436 331000 10149 10010
0a02000e 0a020001 10000 100 41186 324000 18721 18569
0a000016 0a030002 10000 100 27542 324999 18049 18305
0a070010 0a00000f 10000 100 190219 239000 108081 72020
0a090002 0a010014 10000 100 94261 306000 42498 40331
0a060003 0a05000c 10000 100 79110 288999 66206 35329
0a010013 0a0b0015 10000 100 42760 335000 23533 23328
0a020019 0a04001f 10000 100 751 351000 9152 9455
0a0a000a 0a01000e 10000 100 76173 326999 34029 34358
0a0b0019 0a090017 10000 100 1509 358999 9301 9713
0a080005 0a060003 10000 100 984804 2999 368899 334428
0a03000f 0a050015 10000 100 541756 70999 304961 188122
0a060005 0a0b0012 10000 100 100510 331999 44324 42407
0a050001 0a04001e 10000 100 441752 219999 160415 155091
0a08000d 0a070008 10000 100 490135 210999 170860 171065
0a090018 0a090007 10000 100 55517 358999 23894 23309
0a0a0013 0a000006 10000 100 79143 315999 67119 35339
0a040012 0a04001d 10000 100 7628 377000 7613 7493
0a0b001f 0a040005 10000 100 1038 378000 8912 9547
0a0a000f 0a090019 10000 100 555377 193999 194904 192619
0a040005 0a030014 10000 100 525579 206999 183217 182776
0a0a001e 0a050017 10000 100 79793 358999 35184 35563
0a08001e 0a000009 10000 100 13740 382999 13334 13750
0a0b000a 0a080011 10000 100 19137 380999 15825 15523
0a060003 0a08001f 10000 100 44109 375000 23352 23775
0a08000f 0a060008 10000 100 58294 369999 28452 28453
0a0b0002 0a03000d 10000 100 449216 92999 306261 157557
0a05000b 0a050020 10000 100 45368 380000 20067 19953
0a050020 0a07001b 10000 100 76468 366999 34356 34453
0a050001 0a000017 10000 100 21303 386000 15944 16247
0a030011 0a050009 10000 100 49069 377000 25198 25408
0a070009 0a05001e 10000 100 459328 239000 166204 160900
0a04001c 0a060019 10000 100 28187 389000 18202 18511
0a06000e 0a01001a 10000 100 27175 387999 22223 18187
0a010011 0a040014 10000 100 21527 395999 15992 16319
0a05001f 0a000001 10000 100 26367 395999 17494 17913
0a000003 0a050014 10000 100 40537 395000 22186 22601
0a000016 0a030011 10001 100 21048 402999 15829 16165
0a0a0010 0a0a0012 10000 100 36828 404000 18020 17128
0a0a0017 0a020010 10000 100 103356 380000 42953 43333
0a06000f 0a0a001e 10000 100 22673 393999 31123 16701
0a0a000c 0a0a001a 10000 100 28626 411999 13993 14427
0a020009 0a080007 10000 100 51331 380999 45134 26163
0a010013 0a06001c 10000 100 64761 395999 30343 30599
0a00000f 0a02001f 10000 100 99131 369999 57867 41951
0a01000b 0a09001d 10000 100 176819 360999 67217 67594
0a060001 0a01000f 10000 100 25421 411000 17224 17595
0a010012 0a060002 10000 100 45364 404999 24044 24192
0a03000d 0a090016 10000 100 6700 382999 46325 11420
0a060014 0a050019 10000 100 64698 402999 30295 30579
0a040019 0a03000d 10000 100 535124 90999 342508 185923
0a000009 0a00001f 10000 100 26236 420999 13198 13632
0a070013 0a090003 10000 100 64973 404999 30479 30667
0a03000d 0a08000b 10000 100 90573 344000 102565 39120
0a08001d 0a06001f 10000 100 35222 422999 26432 20839
0a040006 0a00001a 10000 100 567320 253999 196142 196563
0a050016 0a040005 10000 100 93296 411000 39670 40022
0a080011 0a06001b 10000 100 76337 391999 62915 34411
0a00001b 0a060020 10000 100 43329 431999 23205 23510
0a050008 0a0a000c 10000 100 85323 422000 37626 37378
0a0a000c 0a020010 10000 100 51931 438000 26576 26355
0a020019 0a090002 10000 100 964192 105000 359810 327617
0a050016 0a040013 10000 100 27294 447999 17919 18225
0a08000c 0a03001d 10000 100 104472 431000 43446 43706
0a030016 0a010015 10000 100 34044 456000 20136 20447
0a020004 0a01001b 10000 100 62979 362000 117940 29998
0a070003 0a070005 10000 100 46235 458999 21006 20231
0a05000c 0a000018 10000 100 990676 76999 403586 336369
0a0b0020 0a090010 10000 100 41550 444999 36208 22926
0a090006 0a070014 10000 100 79704 447000 35124 35534
0a06000e 0a0a000f 10000 100 49472 458000 25256 25537
0a090016 0a080020 10000 100 51714 458000 26015 26286
0a0a001f 0a0a0020 10000 100 49031 465000 21330 21156
0a02000f 0a01001b 10000 100 790341 128999 359528 270203
0a080018 0a040015 10000 100 47282 435000 54998 24821
0a07000d 0a000013 10000 100 800842 217999 273085 273671
0a000009 0a00000d 10000 100 10856 482999 8347 8556
0a0a001a 0a080013 10000 100 101208 451999 43719 42631
0a0a0016 0a01000d 10000 100 87360 429999 67796 38061
0a04001c 0a0a001e 10000 100 69933 406000 96655 32300
0a04000e 0a04001a 10000 100 1004414 166999 335995 336663
0a0a0015 0a040006 10000 100 48460 471999 32514 25214
0a000002 0a0a0019 10000 100 54362 462999 45385 27164
0a050005 0a0b0010 10000 100 72438 458999 56525 33132
0a010002 0a010001 10000 100 437667 362999 154652 149498
0a07000b 0a06000d 10000 100 29054 498999 19090 18804
0a090016 0a020020 10000 100 60032 491000 29631 29040
0a090009 0a090016 10000 100 85902 488999 33613 33339
0a00001f 0a040016 10000 100 50652 497999 25849 25930
0a030019 0a03000c 10000 100 616251 311999 215788 208473
0a03000d 0a08000f 10000 100 999874 146999 381534 339404
0a0a0018 0a08000d 10000 100 12264 518000 13156 13262
0a020019 0a060014 10000 100 47434 506999 24494 24870
0a060002 0a050010 10000 100 79936 487000 48046 35608
0a030001 0a07001b 10000 100 42341 498999 36620 23194
0a09001e 0a02001d 10000 100 62925 506000 29747 29981
0a000014 0a020001 10000 100 35071 514000 21918 20791
0a050007 0a090015 10000 100 322593 416999 119613 115747
0a0a000a 0a050019 10000 100 58523 489999 47220 28541
0a040007 0a03001a 10000 100 96622 496000 43707 41117
0a070004 0a050009 10000 100 30833 523000 18968 19389
0a04000b 0a09001f 10000 100 63494 402000 141346 30178
0a0b0020 0a0a0005 10000 100 16469 525999 19170 14639
0a05001e 0a080007 10000 100 1002934 181999 365114 340414
0a06001e 0a040017 10000 100 67032 522000 30912 31341
0a09000c 0a0b001c 10000 100 77807 413000 141507 34896
0a070010 0a08001a 10000 100 24457 506000 50294 17287
0a020004 0a02001a 10000 100 12866 546000 14301 9215
0a020014 0a05000a 10000 100 81393 528999 35768 36090
0a05000e 0a080016 10000 100 18595 545000 20700 15350
0a090018 0a040012 10000 100 100727 525999 42101 42477
0a050006 0a06000a 10000 100 30687 549000 19180 19342
0a090015 0a030006 10000 100 464267 402000 166218 162527
0a0a001e 0a040009 10000 100 39453 455000 118867 22239
0a0b0014 0a01001b 10000 100 455848 261000 315304 159740
0a02000f 0a000017 10000 100 22886 561999 16651 16769
0a00000a 0a01001b 10000 100 18830 558000 20848 15425
0a090003 0a03000e 10000 100 84604 542999 38808 37148
0a0b0004 0a030004 10000 100 648392 358999 222966 223336
0a060009 0a03001b 10000 100 56031 546000 38194 27713
0a0a0019 0a070001 10000 100 822458 286000 302629 280819
0a02000e 0a090001 10000 100 41942 567000 23553 23051
0a0a000f 0a09000a 10000 100 23594 573999 16577 16995
0a0b0014 0a0b0001 10000 100 510960 268000 324481 173704
0a090007 0a070001 10000 100 78275 516999 76626 35062
0a080002 0a0a0008 10000 100 60919 564999 29109 29323
0a070018 0a010014 10000 100 99021 523000 74299 41915
0a050002 0a0b0016 10000 100 36110 577999 20911 21139
0a040016 0a070010 10000 100 78228 513000 86038 35047
0a040007 0a020020 10000 100 44591 577000 26142 23929
0a090001 0a09001a 10000 100 43377 555999 47850 19286
0a01001e 0a0b0007 10000 100 59688 556999 47952 28914
0a00000e 0a030012 10000 100 81463 581000 35785 36112
0a03000e 0a060008 10000 100 480958 451000 168830 168037
0a060003 0a060001 10000 100 103696 586999 38766 39217
0a050013 0a080007 10000 100 101965 587999 43850 42873
0a000017 0a0a0013 10000 100 439 626000 8875 9355
0a040019 0a05001e 10000 100 100021 559000 76272 42235
0a01000d 0a050001 10000 100 659279 400999 235668 226927
0a03001e 0a030002 10000 100 46886 617000 20016 20455
0a0a0001 0a0b0014 10000 100 57744 601999 35316 28277
0a08001a 0a05001b 10000 100 52409 576000 64528 26508
0a010013 0a09000a 10000 100 147 635000 8200 9262
0a040003 0a010007 10000 100 28280 629000 18174 18541
0a020017 0a040014 10000 100 6008 636999 11516 11199
0a080020 0a000007 10000 100 29825 621000 29565 19051
0a00001d 0a000008 10000 100 24351 638000 12580 13013
0a000013 0a090006 10000 100 102352 577999 76064 43012
0a0a001b 0a020017 10000 100 47179 630000 25299 24788
0a060002 0a05001a 10000 100 56054 631000 27572 27720
0a00001a 0a070012 10000 100 48190 635999 24882 25127
0a070007 0a070015 10000 100 32851 634000 26965 15810
0a040008 0a050008 10000 100 38654 640999 21549 21968
0a000009 0a010008 10000 100 10189 650999 12840 12568
0a0b0002 0a080014 10000 100 95044 592999 71049 40597
0a08001c 0a0b0003 10000 100 362249 418000 247805 128836
0a05001f 0a04000d 10000 100 36 657999 8493 9226
0a07001b 0a090004 10000 100 90987 631999 40046 39252
0a010012 0a040014 10000 100 5231 662000 11016 10935
0a020018 0a000007 10000 100 376667 531000 143251 133604
0a09000f 0a080008 10000 100 45103 638000 38729 24109
0a010006 0a020002 10000 100 37950 641999 35266 21743
0a020005 0a020012 10000 100 19908 603000 77233 11545
0a020010 0a070007 10000 100 60596 648000 34916 29220
0a090019 0a030015 10000 100 1046385 299000 384707 354764
0a000006 0a0a0008 10000 100 56066 638000 46631 27724
0a07001e 0a030015 10000 100 82175 586000 99330 36340
0a0a001b 0a08001c 10000 100 62332 656000 29477 29791
0a06001e 0a070009 10000 100 78904 649999 35522 35263
0a01000c 0a0b001e 10000 100 40367 663999 22219 22532
0a040002 0a010016 10000 100 51060 658999 27439 26076
0a08000a 0a090014 10000 100 3969 679000 11384 10516
0a02001e 0a070007 10000 100 38963 662000 28626 22067
0a080011 0a0a0006 10000 100 371276 433999 257634 131817
0a010004 0a050001 10000 100 98675 622000 69688 41789
0a08001d 0a09001d 10000 100 18747 671999 20792 15398
0a040009 0a040016 10000 100 66736 670000 26563 27006
0a01000d 0a07001c 10000 100 87598 623999 73295 38137
0a000003 0a030011 10000 100 15737 684999 14026 14404
0a03001d 0a050001 10000 100 60665 663999 35342 29242
0a080012 0a000020 10000 100 19266 680000 21579 15564
0a050002 0a000005 10000 100 3665 694999 10289 10418
0a020004 0a03000e 10000 100 144409 644999 61685 56900
0a020003 0a06000e 10000 100 85753 671999 37240 37531
0a04001d 0a0a001c 10000 100 79749 610999 99206 35549
0a090012 0a06000f 10000 100 679815 253000 457367 233714
0a070005 0a020001 10000 100 59952 657999 53254 28999
0a080008 0a06001e 10000 100 96443 671000 40999 41060
0a090009 0a0b001f 10000 100 249535 531000 182210 91616
0a070002 0a040017 10000 100 318451 599999 114052 114376
0a020009 0a020012 10000 100 13086 706000 8855 9285
0a090006 0a090013 10000 100 46569 696000 19915 20353
0a080005 0a01001b 10000 100 76480 661000 59444 34456
0a050006 0a04000f 10000 100 52709 617000 106294 26619
0a010004 0a01000f 10000 100 60391 680000 44224 24914
0a0a000a 0a0b0018 10000 100 57342 678000 46892 28148
0a00001f 0a0b001e 10000 100 102855 683000 42988 43173
0a020014 0a000011 10000 100 43739 688000 37997 23657
0a03000d 0a05001c 10000 100 53362 702999 26506 26828
0a04000d 0a090007 10000 100 32214 711999 20660 19846
0a080018 0a02001f 10000 100 768110 201999 530967 262874
0a00001b 0a0b001f 10000 100 34560 592999 141585 20627
0a060019 0a0b001f 10000 100 461296 482000 255202 161545
0a0a0001 0a040020 10000 100 637358 290000 450024 219682
0a00000a 0a020001 10000 100 97779 663999 76267 41503
0a04000d 0a080017 10000 100 2841 729999 10618 10139
0a050005 0a01001e 10000 100 72927 684000 56857 33289
0a09000b 0a04001b 10000 100 17404 721999 19931 14953
0a070018 0a050002 10000 100 45123 703999 38575 24115
0a050014 0a01000c 10000 100 52448 716999 26260 26520
0a09001f 0a040005 10000 100 49097 595999 147720 25417
0a080011 0a05000d 10000 100 27106 717999 26573 18165
0a08000a 0a0a0010 10000 100 74305 692000 57671 33745
0a070014 0a020001 10000 100 97258 653000 98364 41320
0a050002 0a060005 10000 100 87936 703999 52962 38245
0a020002 0a00000d 10000 100 41865 712999 50238 23026
0a030002 0a0a000a 10000 100 53065 738000 26927 26733
0a00000f 0a080014 10000 100 17952 754000 15069 15128
0a030005 0a050015 10000 100 70693 738000 33173 32559
0a080005 0a04000b 10000 100 1003598 407000 365226 340642
0a050016 0a09001f 10000 100 55719 632999 139958 27613
0a030009 0a03000b 10000 100 32928 747999 26097 15834
0a06001f 0a00001b 10000 100 39491 733999 41382 22251
0a090020 0a05000e 10000 100 56545 747000 28393 27878
0a08001f 0a0a0014 10000 100 170709 712999 65317 65577
0a000006 0a000015 10000 100 39388 736000 44077 17978
0a07000d 0a020015 10000 100 84210 717999 64208 37022
0a080003 0a01001a 10000 100 977583 190000 594201 332041
0a08000a 0a06000f 10000 100 33022 756000 30293 20120
0a090002 0a0a0006 10000 100 41064 751999 36287 22770
0a030020 0a080002 10000 100 77766 764000 34583 34883
0a07001c 0a03000b 10000 100 4506 790000 11814 10703
0a06000f 0a0b0003 10000 100 1405 688000 114166 9664
0a01001e 0a090020 10000 100 25703 777000 25579 17701
0a09001f 0a090019 10000 100 85271 619999 182762 33122
0a020004 0a010007 10000 100 63683 772000 30950 30239
0a080020 0a030004 10000 100 71090 760000 45376 32686
0a010005 0a030016 10000 100 29650 763000 43311 18995
0a03000a 0a050002 10000 100 44325 769000 38015 23844
0a0a0013 0a0b0006 10000 100 9092 794000 14609 12216
0a090007 0a010014 10000 100 82714 721999 88318 36528
0a00001b 0a000019 10000 100 56484 724000 88295 23618
0a070008 0a050011 10000 100 82602 778999 36169 36492
0a090002 0a050004 10000 100 932283 478999 336564 317084
0a070020 0a020014 10000 100 51224 773999 42782 26129
0a040011 0a090017 10000 100 348109 631000 186584 124173
0a00000a 0a060004 10000 100 98378 775999 43543 41694
0a060001 0a050014 10000 100 86245 786000 37343 37689
0a03000c 0a0b000f 10000 100 27552 787999 35782 18308
0a03000c 0a010006 10000 100 167738 696000 128043 64596
0a040010 0a0a000a 10000 100 18330 791000 33687 15265
0a050009 0a050016 10000 100 27240 805999 22263 13968
0a040020 0a03001a 10000 100 388388 590000 239968 137462
0a040010 0a010002 10000 100 505964 469999 361058 176300
0a020020 0a090014 10000 100 80680 796999 35484 35847
0a04000a 0a09000d 10000 100 45280 806999 25536 24165
0a000018 0a04000e 10000 100 72753 800000 33120 33233
0a01000e 0a060010 10000 100 7273 822000 13454 11604
0a0a0016 0a030005 10000 100 59259 808000 28423 28777
0a030009 0a0a000f 10000 100 396422 631999 207046 140125
0a080014 0a0a0003 10000 100 1458 830000 9976 9681
0a010018 0a02001f 10000 100 74747 808000 33502 33887
0a0b000e 0a0a0013 10000 100 62880 813000 30705 29966
0a010004 0a02001e 10000 100 452075 631999 213503 158502
0a08001d 0a07000e 10000 100 727365 591999 255362 249406
0a000004 0a060020 10000 100 58632 754000 93847 28576
0a02000f 0a02000e 10000 100 67246 781000 70546 27169
0a02000a 0a08000f 10000 100 52498 824999 27132 26536
0a07001d 0a04001b 10000 100 36624 832999 21512 21303
0a0b0008 0a0a000b 10000 100 542614 545000 313584 188396
0a020018 0a0b000e 10000 100 55273 805999 54733 27455
0a020006 0a06000d 10000 100 89651 805999 54753 38809
0a07001e 0a0a0004 10000 100 944138 487000 374404 321000
0a06001b 0a080014 10000 100 177890 795000 67731 67952
0a00001d 0a070012 10000 100 156278 803000 60487 60821
0a070008 0a000017 10000 100 43190 841999 23467 23466
0a01000b 0a0a0011 10000 100 104525 822000 45130 43723
0a06001c 0a0a0002 10000 100 64816 841999 31519 30616
0a020013 0a010011 10000 100 19127 858999 16041 15520
0a030002 0a000013 10000 100 64797 844000 31364 30610
0a020007 0a030016 10000 100 24248 841999 34697 17220
0a0a0013 0a00001b 10000 100 706372 613999 264373 242473
0a010006 0a080001 10000 100 14045 864999 13695 13848
0a000011 0a070016 10000 100 10819 852000 27345 12784
0a040020 0a05001e 10000 100 44748 796000 84038 23980
0a020011 0a070018 10000 100 66549 849000 32089 31186
0a050011 0a0a0007 10000 100 88808 818000 65163 38540
0a09001a 0a030003 10000 100 34898 852000 31702 20736
0a050008 0a010016 10000 100 43217 859999 23728 23474
0a0a0016 0a04001f 10000 100 72183 855999 32805 33051
0a0b0009 0a04000b 10000 100 81599 808000 82274 36156
0a090005 0a050007 10000 100 536939 616000 274582 186519
0a080017 0a020002 10000 100 893202 577999 316738 304179
0a030001 0a060007 10000 100 49455 849999 50906 25532
0a03001a 0a050005 10000 100 75444 842999 58268 34125
0a050002 0a080010 10000 100 66672 857000 45774 31226
0a060005 0a010002 10000 100 34966 871000 32074 20757
0a020018 0a080008 10000 100 100082 822999 84787 42255
0a02001e 0a080010 10000 100 62215 863999 44550 29753
0a080008 0a010006 10000 100 84423 873999 37544 37090
0a00000e 0a050004 10000 100 84703 873999 37608 37180
0a030019 0a03000e 10000 100 83146 880000 31980 32426
0a0a000f 0a09000b 10000 100 256 903999 8922 9297
0a04000c 0a040014 10000 100 58851 863999 48990 24406
0a06001c 0a01001b 10000 100 80062 880000 35368 35649
0a0a000d 0a01000f 10000 100 86214 849000 66482 37679
0a020011 0a07001b 10000 100 15561 902000 13969 14348
0a03001b 0a0b000a 10000 100 154663 796000 120494 60289
0a070006 0a060015 10000 100 858393 471999 445383 292687
0a0a0003 0a070007 10000 100 38395 881999 36634 21885
0a010001 0a0b001c 10000 100 4350 621000 305791 10638
0a050004 0a000005 10000 100 99640 871000 58540 42113
0a03001d 0a090012 10000 100 204046 852000 77622 76599
0a06000d 0a0b0013 10000 100 352991 687000 242860 125782
0a0b001a 0a010008 10000 100 65399 902000 31295 30803
0a08001b 0a040013 10000 100 80659 885000 49401 35840
0a0a0010 0a02000a 10000 100 86187 882999 52074 37670
0a050013 0a07001c 10000 100 90793 881999 55640 39190
0a0b0016 0a04001d 10000 100 95583 898999 41353 40769
0a0a001e 0a070006 10000 100 60304 595999 345777 29127
0a0a001e 0a01001c 10000 100 49770 604999 339309 25648
0a070014 0a0a0008 10000 100 15373 931999 18737 14288
0a08000c 0a0b000b 10000 100 66265 921999 30751 31096
0a0a0002 0a07001a 10000 100 16301 937000 16728 14585
0a0a001c 0a09000e 10000 100 13587 903999 52820 13701
0a080018 0a01000c 10000 100 68067 882999 75455 31688
0a07001c 0a020009 10000 100 39891 908999 49552 22379
0a020016 0a080014 10000 100 100839 894000 65037 42512
0a03001d 0a09001e 10000 100 10925 943999 15868 12818
0a010003 0a04001b 10000 100 58038 891999 70722 28371
0a020005 0a02001e 10000 100 39396 810999 151897 17981
0a070008 0a09000c 10000 100 18700 948999 15049 15383
0a0b0005 0a020001 10000 100 260164 867000 97494 95125
0a010009 0a09001e 10000 100 25584 943999 20876 17663
0a060014 0a010010 10000 100 54158 939999 26776 27098
0a020008 0a010014 10000 100 39529 944999 22652 22264
0a0b001f 0a090014 10000 100 84262 930999 36793 37039
0a020006 0a0a0009 10000 100 16598 948999 19977 14695
0a08000a 0a080020 10000 100 1032068 518000 454781 345804
0a0b0008 0a030015 10000 100 86212 830000 144853 37678
0a05001b 0a060010 10000 100 49900 911000 66820 25690
0a06001e 0a04001b 10000 100 80564 938000 40568 35809
0a05001c 0a06001b 10000 100 1415 970999 9273 9668
0a00000e 0a050020 10000 100 16464 965999 14318 14637
0a090013 0a080007 10000 100 33385 949999 32519 20236
0a090018 0a040013 10000 100 5988 919000 64389 11177
0a0a000e 0a0a0006 10000 100 21248 965999 18473 11989
0a0a0007 0a070003 10000 100 26208 957999 26817 17863
0a08001e 0a0b0014 10000 100 86583 942000 45699 37797
0a0a0011 0a080020 10000 100 260721 818999 169561 95303
0a030010 0a01001b 10000 100 9055 977000 12000 12205
0a06001b 0a07001d 10000 100 1776 979999 9385 9799
0a060019 0a000011 10000 100 33034 934000 55842 20124
0a05000d 0a040013 10000 100 188480 867000 133215 71448
0a00001d 0a000007 10000 100 47132 985999 20095 20533
0a07001c 0a0b0011 10000 100 1196 990999 15678 9598
0a09001f 0a050013 10000 100 133808 809999 198057 53400
0a0a0020 0a07001a 10000 100 729260 522000 490493 250043
0a02000c 0a01001d 10000 100 480739 844000 168618 167967
0a060001 0a020006 10000 100 67605 981000 32289 31540
0a090001 0a02000c 10000 100 83650 867000 147272 36828
0a050012 0a07001c 10000 100 96583 908999 106519 41104
0a03001d 0a0b000d 10000 100 16715 1000999 14561 14733
0a050012 0a090002 10000 100 716731 492000 544037 245896
0a03001c 0a020001 10000 100 30587 1008999 29306 19310
0a05001f 0a010013 10000 100 91758 1000999 39200 39514
0a0a001a 0a08000b 10000 100 45858 1005000 40460 24350
0a070006 0a05000b 10000 100 237291 882999 164844 87575
0a0a0015 0a000013 10000 100 57106 1015000 32870 28072
0a020004 0a0b0004 10000 100 45974 990999 59545 24387
0a02001c 0a040011 10000 100 367044 614999 443591 130417
0a0b000b 0a090001 10000 100 133013 989999 72838 53131
0a010014 0a02001e 10000 100 92297 992999 70190 39687
0a010005 0a05000f 10000 100 8140 1048000 17178 11896
0a040005 0a090009 10000 100 393706 787999 282344 139225
0a030003 0a080016 10000 100 174001 1005999 66229 66677
0a030007 0a04000d 10000 100 86239 1007000 66033 37687
0a05001b 0a07000a 10000 100 1036314 344000 730320 351434
0a040013 0a020018 10000 100 48391 1033999 40669 25192
0a010009 0a040019 10000 100 12924 911000 164349 13473
0a010019 0a040019 10000 100 418111 703999 377261 147280
0a09001d 0a070013 10000 100 55634 899999 184088 27586
0a0b0012 0a0a0013 10000 100 10877 1048000 36258 12803
0a090019 0a0b0017 10000 100 31969 1002000 82840 19768
0a09001f 0a040016 10000 100 75042 929000 160441 33996
0a040019 0a030001 10000 100 78629 876999 216311 35175
0a090010 0a080017 10000 100 489978 919000 175784 171015
0a050016 0a010014 10000 100 65093 1044999 51541 30705
0a000017 0a03000d 10000 100 17215 1020999 75669 14893
0a060016 0a02000a 10000 100 79804 1013999 87827 35566
0a030018 0a05001e 10000 100 118791 1008999 98251 48441
0a020018 0a080008 10001 100 97152 1033999 73438 41287
0a07001f 0a090011 10000 100 58783 1046999 60454 28624
0a0b0002 0a040006 10000 100 891313 510000 598145 303559
0a000004 0a02001c 10000 100 79063 1021999 88289 35314
0a080011 0a05000a 10000 100 2488 1100000 10826 10026
0a04000a 0a030019 10000 100 87377 1075999 40085 38066
0a07001d 0a030007 10000 100 42113 1093999 23195 23121
0a0a0019 0a060004 10000 100 70952 1083999 33359 32641
0a04001f 0a060003 10000 100 72355 1085999 33426 33106
0a08000f 0a010002 10000 100 50972 1093999 26033 26033
0a090005 0a080018 10000 100 29972 1103000 19387 19098
0a0b001d 0a03000d 10000 100 64742 1049999 73518 30593
0a04001b 0a030020 10000 100 103914 1048000 77001 43527
0a020012 0a070006 10000 100 662369 801999 323791 227947
0a0a0014 0a000018 10000 100 91059 1087999 39672 39275
0a050018 0a0a0012 10000 100 43691 1072000 56110 23641
0a04001e 0a0a0013 10000 100 40696 1077000 51513 22652
0a020005 0a05000a 10000 100 90183 949999 179386 38995
0a020018 0a090003 10000 100 13697 1106999 22511 13736
0a070015 0a0a0020 10000 100 13405 1116999 13647 13627
0a060003 0a05001c 10000 100 14513 1113000 18341 13997
0a030015 0a0a001d 10000 100 13571 1007999 124566 13696
0a030016 0a030017 10000 100 40296 1113999 20028 18269
0a08001c 0a050020 10000 100 47006 1093999 40269 24733
0a080018 0a03000e 10000 100 103925 1023000 111665 43531
0a070005 0a010020 10000 100 993832 787000 347991 337409
0a08001a 0a090011 10000 100 100931 1002000 133955 42542
0a00000f 0a0a000d 10000 100 9330 1116000 20665 12293
0a0b000a 0a050011 10000 100 1050 1126999 10750 9551
0a040019 0a000012 10000 100 58667 943000 196418 28587
0a08000c 0a07000b 10000 100 85203 1101999 37503 37340
0a070002 0a05000f 10000 100 70879 1093999 55596 32618
0a070016 0a0b0014 10000 100 81714 1108999 41452 36193
0a050006 0a030003 10000 100 63090 1121999 29888 30049
0a030018 0a09000d 10000 100 80630 1116000 36888 35831
0a000006 0a02000a 10000 100 12980 1131999 22475 13491
0a08000d 0a04000d 10000 100 100367 1072000 83485 42346
0a0a0001 0a00000a 10000 100 979608 720000 442805 332720
0a0b000b 0a000004 10000 100 93858 1013999 153322 40202
0a040003 0a0b001d 10000 100 76499 1110000 59217 34463
0a05000f 0a07000d 10000 100 41712 1147999 22685 22977
0a090005 0a060018 10000 100 851 906000 272508 9487
0a07000f 0a000020 10000 100 2525 1167000 20071 10038
0a030017 0a080002 10000 100 279843 1085999 101718 101622
0a050015 0a020005 10000 100 888758 541999 648427 302711
0a000002 0a050016 10000 100 95974 1108000 83728 40894
0a040010 0a040015 10000 100 590261 778999 412898 199895
0a010014 0a07000a 10001 100 68899 1116999 76761 31954
0a010014 0a07000a 10000 100 84285 1106999 86968 37046
0a000020 0a030015 10000 100 827072 666000 530346 282341
0a08000d 0a070005 10000 100 27396 1160999 35396 18258
0a040014 0a09001a 10000 100 101160 1077000 123131 42615
0a04001e 0a03000a 10000 100 82179 1110000 91877 36342
0a08001b 0a09001e 10000 100 25242 1186999 17236 17538
0a09000b 0a0b000f 10000 100 62856 1134000 70972 29959
0a07001c 0a040016 10000 100 15846 1183999 24587 14439
0a0b000a 0a010011 10000 100 345931 965999 243428 123446
0a000016 0a06000d 10000 100 65179 1159000 54054 30733
0a03000a 0a04000f 10000 100 995004 569999 643115 337800
0a05001f 0a04000f 10000 100 31411 903000 311029 19574
0a010013 0a08000d 10000 100 1074 1196999 17294 9559
0a00000b 0a090019 10000 100 51826 1185999 28668 26321
0a02001f 0a07000a 10000 100 59928 1185999 28753 28991
0a07001f 0a09001d 10000 100 859788 870000 346507 293148
0a0b0008 0a02000e 10000 100 39879 1195000 22293 22376
0a040012 0a050004 10000 100 783158 943000 278354 267843
0a010011 0a0b0019 10000 100 923905 617000 605657 314311
0a00001d 0a010001 10000 100 49526 1168999 55775 25570
0a0a000d 0a020015 10000 100 7074 1180999 44271 11540
0a030007 0a0a0016 10000 100 83360 1162000 63723 36735
0a010012 0a060018 10000 100 780387 667999 558634 266926
0a000003 0a00000f 10000 100 18610 1198999 29561 11114
0a000007 0a030001 10000 100 38918 1183000 50883 22053
0a000005 0a02001a 10000 100 88817 990999 244480 38543
0a050008 0a0b0008 10000 100 74289 1149000 87812 33740
0a080017 0a090002 10000 100 918855 890999 352780 312649
0a03000b 0a050006 10000 100 45189 1224000 24588 24136
0a020015 0a030001 10000 100 100090 1162000 87548 42257
0a030018 0a03000b 10000 100 103403 1211000 39780 39108
0a00001d 0a080012 10000 100 82531 1191000 61518 36470
0a040002 0a04000c 10000 100 324337 1003999 249728 112080
0a08001d 0a080002 10000 100 83546 1221999 32108 32554
0a070007 0a020018 10000 100 77972 1198000 60855 34949
0a010015 0a000003 10000 100 221736 1154000 106977 82428
0a0b001c 0a04001a 10000 100 522487 590000 674399 181756
0a010001 0a06000c 10000 100 48539 1165000 104265 25239
0a010001 0a080013 10000 100 53953 1144999 126950 27017
0a000002 0a0a001e 10000 100 77749 754000 518501 34878
0a08000b 0a05001f 10000 100 96623 1216000 57293 41117
0a050019 0a040004 10000 100 80799 1051999 226871 35885
0a0b0014 0a020014 10000 100 796016 609999 674408 272081
0a060004 0a03001d 10000 100 96949 1214000 73011 41222
0a0b000d 0a080008 10000 100 82125 1250000 37828 36324
0a090001 0a090006 10000 100 407731 733999 556923 139611
0a050012 0a0b000d 10000 100 21822 1268999 24760 16413
0a030006 0a05001c 10000 100 101025 1250999 43734 42572
0a080010 0a030015 10000 100 6933 1288000 12090 11495
0a0b001a 0a000011 10000 100 68362 1203000 97475 31782
0a040008 0a020017 10000 100 51058 1281999 25845 26076
0a0a0001 0a01000c 10000 100 65514 1159000 152646 30840
0a00001b 0a000010 10000 100 981159 520999 796164 328991
0a02000a 0a040002 10000 100 32471 1242999 76783 19928
0a050012 0a040020 10000 100 3003066 12999 1309732 1000947
0a040012 0a0b000a 10000 100 22782 1307999 20124 16736
0a04001d 0a030015 10000 100 902626 715999 615145 307287
0a00000c 0a040019 10000 100 69021 1234999 96830 32008
0a010006 0a040005 10000 100 12311 1319000 13801 13277
0a05000c 0a090004 10000 100 50557 1123999 213087 25900
0a040015 0a0a0008 10000 100 23644 1317999 23932 17011
0a01000b 0a07001f 10000 100 15603 1330999 16247 14361
0a09001e 0a0b001b 10000 100 76905 1152999 197829 34608
0a090001 0a06000f 10000 100 428486 779999 573947 150708
0a070003 0a060006 10000 100 627878 1134000 220334 216556
0a06000a 0a000002 10000 100 98298 1286999 77947 41669
0a090005 0a0b0011 10000 100 342527 1239999 125939 122326
0a09001a 0a09001f 10000 100 43048 1214999 151036 19180
0a09000b 0a0a001a 10000 100 47201 1219000 148189 24795
0a00000e 0a03000a 10000 100 69642 1307000 60822 32207
0a050015 0a04001c 10000 100 80861 1280000 88304 35904
0a020017 0a00001d 10000 100 51130 1312999 55317 26099
0a0a0001 0a020006 10000 100 83341 1201000 167645 36729
0a07001b 0a0b0010 10000 100 803170 1087000 287307 274447
0a090016 0a09000e 10000 100 44103 1139999 236685 19533
0a05000b 0a020019 10000 100 527306 1097000 282069 183344
0a030006 0a040011 10000 100 13505 1234999 146246 13675
0a02000e 0a01000a 10000 100 1218 1294000 89656 9605
0a070012 0a01001c 10000 100 84927 1340999 44036 37252
0a010005 0a080005 10000 100 73835 1299999 85716 33595
0a09001e 0a050003 10000 100 89796 1340999 45485 38856
0a010001 0a090005 10000 100 102034 1206000 185290 42910
0a050005 0a010009 10000 100 93257 1322000 70342 40009
0a090001 0a000009 10000 100 867420 445999 951205 295667
0a040004 0a000009 10000 100 874533 761999 635560 298020
0a03001b 0a09001c 10000 100 34288 1343000 54980 20525
0a05000a 0a03000a 10000 100 52128 1332999 66355 26418
0a030001 0a060009 10000 100 89289 809999 590953 38694
0a050020 0a03001e 10000 100 21458 1379999 23456 16296
0a0b0015 0a06001e 10000 100 42098 1353000 50859 23116
0a000010 0a090015 10000 100 24766 1335999 69056 17386
0a0b0013 0a00000e 10000 100 85371 1312000 95457 37394
0a010006 0a02001a 10000 100 82350 1364999 44462 36396
0a00001a 0a050018 10000 100 63373 1343000 67037 30139
0a09000a 0a010010 10000 100 522086 1229000 182251 181628
0a08000e 0a0a001a 10000 100 96182 1252000 160970 40976
0a050002 0a020004 10000 100 82331 1234999 178412 36390
0a0a0009 0a030015 10000 100 59247 1368000 49385 28773
0a080012 0a01001b 10000 100 29166 1381999 37508 18840
0a0a001d 0a0b0012 10000 100 60238 1391000 29656 29105
0a060001 0a000016 10000 100 576758 1165999 260425 199676
0a090003 0a02000a 10000 100 71024 1286000 142326 32664
0a08000d 0a010008 10000 100 94984 1342000 88152 40577
0a080011 0a0b000b 10000 100 57705 1364999 65903 28264
0a050004 0a040008 10000 100 36992 1410000 21040 21421
0a02000e 0a0b001e 10000 100 75118 1396000 41529 34021
0a070011 0a0b001e 10000 100 103569 1183000 255415 43417
0a0b0011 0a060013 10000 100 39098 1404000 35009 22126
0a050002 0a090001 10000 100 52778 1412000 27124 26641
0a070016 0a040001 10000 100 52383 1399999 40851 26500
0a0a0018 0a040020 10000 100 46619 1417999 25040 24609
0a0b0009 0a01000e 10000 100 22133 1368999 82187 16512
0a09000b 0a090016 10000 100 994823 761999 697130 333502
0a0b000e 0a040005 10000 100 102202 1407000 57444 42964
0a06001f 0a000007 10000 100 9041 1430999 33641 12200
0a05000a 0a0b001e 10000 100 70646 1376999 88071 32544
0a010003 0a040005 10000 100 88141 1364999 101982 38311
0a040008 0a040015 10000 100 10392 1459999 8127 8392
0a0a0011 0a07000d 10000 100 34236 1451999 20203 20508
0a060006 0a090015 10000 100 83749 1407999 64364 36859
0a04000c 0a050014 10000 100 95031 1433000 40264 40592
0a070017 0a0a0012 10000 100 84653 1430000 46870 37164
0a080011 0a010018 10000 100 92006 1358999 119228 39594
0a0b001e 0a09001a 10000 100 56594 1451000 28348 27893
0a060013 0a0a0017 10000 100 34832 1435999 43976 20714
0a0a000e 0a060008 10000 100 39342 1420999 59532 22204
0a080018 0a080005 10000 100 57439 1397000 83626 23939
0a09001a 0a060015 10000 100 80095 1417999 62954 35659
0a010005 0a010014 10000 100 34479 1445000 38050 16346
0a070012 0a04000b 10000 100 83753 1446000 37294 36861
0a080018 0a010011 10000 100 43943 1371999 112206 23722
0a09000c 0a040011 10000 100 80719 1288000 196469 35859
0a040007 0a080017 10000 100 69801 1453999 32946 32258
0a08000a 0a06001a 10000 100 11158 1474999 13273 12893
0a00000a 0a020012 10000 100 6754 1479000 11506 11438
0a00001f 0a080014 10000 100 41587 1435000 55814 22937
0a06001d 0a010007 10000 100 69381 1459999 33714 32123
0a050001 0a090008 10000 100 58031 952999 542488 28368
0a01001d 0a0a0002 10000 100 21136 1474999 22683 16193
0a050007 0a010017 10000 100 269528 1293000 206505 98213
0a070013 0a060020 10000 100 29192 1173999 326677 18848
0a000014 0a020002 10000 100 77100 1409000 93158 34670
0a000002 0a0a0017 10000 100 99695 1366999 137961 42131
0a060013 0a02001c 10000 100 60713 1420000 87820 29257
0a040009 0a040010 10000 100 58214 1463000 45469 24187
0a090002 0a070004 10000 100 962933 1020999 490562 327199
0a020005 0a03001d 10000 100 966246 1070999 441436 328305
0a020018 0a02000b 10000 100 565081 1134999 378389 191576
0a00000d 0a02000b 10000 100 515417 1097000 422196 179417
0a070009 0a030012 10000 100 1959 1510000 9699 9857
0a0a000e 0a060002 10000 100 29549 1477999 45459 18962
0a0b0006 0a0a0018 10000 100 55036 1461000 62616 27379
0a030001 0a080009 10000 100 90434 1459999 68839 39075
0a020013 0a090018 10000 100 388430 1113000 418923 137475
0a090006 0a070006 10000 100 25010 1498999 33899 17464
0a00001d 0a0b000a 10000 100 4026 1507000 28872 10534
0a040011 0a050017 10000 100 82128 1297999 237940 36325
0a000020 0a050010 10000 100 15387 1505999 30322 14292
0a05000a 0a060015 10000 100 39377 1482000 54536 22215
0a080009 0a0b0005 10000 100 787126 1062999 476821 269144
0a02000d 0a06001f 10000 100 42202 1503999 39183 23150
0a020003 0a060001 10000 100 13874 1525000 19302 13793
0a09001a 0a050010 10000 100 27562 1518000 30498 18311
0a030007 0a0a001f 10000 100 87631 1484999 66579 38148
0a040020 0a090004 10000 100 9926 1533000 19878 12483
0a0a001e 0a01001f 10000 100 992630 529999 1023097 337009
0a00000f 0a0a0014 10000 100 585879 1289999 265879 202687
0a040020 0a04001e 10000 100 67981 1510999 52656 27420
0a0a001d 0a0a0003 10000 100 53570 1410000 158239 22655
0a060014 0a080002 10000 100 214851 1418999 150297 80164
0a030014 0a02001c 10000 100 965108 1216999 357376 327926
0a070014 0a00000f 10000 100 551614 982999 591418 191368
0a040003 0a060008 10000 100 83118 1477999 97443 36657
0a0b0001 0a040012 10000 100 31054 1546999 30038 19459
0a09000b 0a09001d 10000 100 57001 1516999 60515 23799
0a04001f 0a0b0005 10000 100 70479 1484000 93882 32475
0a0a0012 0a020002 10000 100 90818 1510000 69834 39198
0a00000f 0a0b0007 10000 100 47136 1188000 393912 24775
0a060020 0a080004 10000 100 87748 1485999 96632 38185
0a040004 0a080015 10000 100 22764 1222999 362469 16730
0a09001c 0a060009 10000 100 934551 645999 941696 317840
0a05001f 0a06000b 10000 100 5525 1561000 27387 11029
0a09000f 0a040008 10000 100 20138 1567000 22129 15859
0a060003 0a080003 10000 100 79550 1538000 52054 35485
0a00000f 0a00000b 10000 100 13915 1551000 39060 9566
0a02000d 0a060020 10000 100 31264 1554999 35508 19527
0a01000c 0a0b000e 10000 100 47988 1549999 40812 25047
0a000020 0a000006 10000 100 79072 1440000 153062 31077
0a0a0006 0a09000e 10000 100 86211 1191000 403399 37678
0a09001b 0a030009 10000 100 27034 1559999 35751 18142
0a00000f 0a040001 10000 100 35540 1533999 61924 20941
0a06001c 0a0b0001 10000 100 989236 1005999 591432 335893
0a0a001a 0a070007 10000 100 41653 1420000 178058 22959
0a0a001e 0a050001 10000 100 94637 893000 705311 40466
0a0b0009 0a040012 10000 100 935643 822000 776726 318190
0a0b0019 0a0a0012 10000 100 11159 1561000 38559 12893
0a0b0002 0a05000e 10000 100 61312 1569999 30923 29449
0a02000c 0a020014 10000 100 96942 1564999 37422 36979
0a030020 0a02000c 10000 100 77546 1567999 35529 34813
0a04000b 0a050007 10000 100 847880 1178999 427152 289215
0a0a0015 0a070001 10000 100 64674 1577000 31796 30571
0a08001d 0a000005 10000 100 134709 1410999 200329 53689
0a020003 0a03001b 10000 100 55585 1536000 76210 27570
0a0a0008 0a060017 10000 100 781763 634000 978963 267382
0a080007 0a05000f 10000 100 252225 1440000 175372 92507
0a070014 0a060001 10000 100 576046 1085999 534656 199448
0a050006 0a040012 10000 100 7806 1608000 15976 11790
0a01000b 0a06001c 10000 100 679995 1379999 247380 233771
0a00001f 0a07001b 10000 100 33604 1596999 30653 20306
0a020020 0a030011 10000 100 608613 1415000 213641 210192
0a00001e 0a090005 10000 100 25191 1569000 59729 17522
0a0a0013 0a040002 10000 100 220907 1363999 267886 82163
0a080012 0a0a0009 10000 100 84211 1567999 65560 37023
0a08001f 0a0a0004 10000 100 50997 1590999 43120 26041
0a09001e 0a010016 10000 100 34685 1613999 22384 20667
0a040011 0a010019 10000 100 63040 1446000 196053 30033
0a0a0005 0a080006 10000 100 32595 1002000 643660 19968
0a020001 0a040015 10000 100 11719 1539999 111616 13072
0a02001a 0a020003 10000 100 622490 1443000 212520 210531
0a020010 0a090020 10000 100 102191 1543000 112597 42960
0a030002 0a00001a 10000 100 56060 1616999 42331 27722
0a060014 0a080017 10000 100 77266 1598999 60752 34723
0a0a0003 0a000019 10000 100 731365 854999 804938 250732
0a03000f 0a07001e 10000 100 4183528 132000 1528239 1390783
0a070001 0a040013 10000 100 4901 1644999 15267 10829
0a01001b 0a070006 10000 100 93448 1621000 40313 40071
0a010005 0a040017 10000 100 14790 1641000 23558 14086
0a080009 0a03000f 10000 100 979058 1307000 359717 332528
0a080014 0a02000e 10000 100 84024 1574000 93402 36963
0a000001 0a05001b 10000 100 82115 1598999 69226 36321
0a060017 0a020011 10000 100 26221 891999 777445 17867
0a07001e 0a070007 10000 100 90209 1636000 35389 34763
0a080020 0a080010 10000 100 642859 1335000 340355 217264
0a070003 0a030010 10000 100 734001 1417999 257454 251606
0a070001 0a07000d 10000 100 95618 1580999 95408 36540
0a000015 0a030002 10000 100 23345 1531999 144825 16916
0a090009 0a0b001b 10000 100 492972 1154000 523764 172004
0a070001 0a08000f 10000 100 83009 1592000 91595 36623
0a000008 0a000013 10000 100 24676 1673999 13211 13117
0a050007 0a010014 10000 100 49585 1598999 90429 25589
0a070012 0a06000d 10000 100 49544 1479000 211086 25576
0a010016 0a090004 10000 100 90659 1595999 99310 39147
0a03001f 0a050017 10000 100 95448 1610000 91769 40726
0a0a001a 0a060018 10000 100 57557 1115000 588544 28217
0a060016 0a08001e 10000 100 859082 900999 811354 292907
0a020005 0a060001 10000 100 101998 1637999 76204 42883
0a050007 0a060002 10000 100 323209 1500000 214271 115944
0a060001 0a05001d 10000 100 95585 1677000 49957 40770
0a050006 0a03000c 10000 100 92106 1639000 88124 39626
0a07001d 0a020005 10000 100 54610 1683000 46848 27243
0a040014 0a060007 10000 100 198858 1551999 178027 74877
0a00001b 0a0a000e 10000 100 9747 1703000 35919 12426
0a080013 0a070019 10000 100 44567 1479000 260013 23922
0a060018 0a00001d 10000 100 27004 1213000 526717 18133
0a080013 0a02000d 10000 100 1730 1691999 49603 9784
0a02000f 0a000019 10000 100 888762 763000 979510 302712
0a01001c 0a0b0009 10000 100 850311 1301000 443639 290008
0a00001b 0a06000f 10000 100 13449 1714999 39498 13641
0a060019 0a090005 10000 100 4428 1745000 12811 10663
0a080019 0a0b000b 10000 100 97573 1726000 41970 41437
0a000019 0a0a001a 10000 100 46206 1526999 241246 24462
0a080004 0a060006 10000 100 16066 1753999 14624 14510
0a020004 0a0b001a 10000 100 52367 1526999 243391 26495
0a0b0020 0a050016 10000 100 68510 1551999 222661 31829
0a09000a 0a0a001b 10000 100 26495 1641000 136428 17954
0a020003 0a05001f 10000 100 227811 1691000 86874 84434
0a06000c 0a0a0014 10000 100 58503 1730999 47187 28535
0a020010 0a0a0019 10000 100 747296 1235999 542658 255999
0a050009 0a0b000f 10000 100 46686 1709999 71445 24631
0a0a0016 0a08000a 10000 100 81057 1745999 36261 35983
0a02000f 0a030009 10000 100 42138 1717999 65006 23129
0a080020 0a01001f 10000 100 76441 1724000 60364 34444
0a01000c 0a0a000f 10000 100 93796 1712999 72493 40182
0a0b0018 0a080003 10000 100 83530 1747999 37560 36789
0a03000a 0a030014 10000 100 89790 1753999 34527 34614
0a0a0018 0a020012 10000 100 14658 1776000 14291 14044
0a080012 0a050007 10000 100 19508 1763999 29010 15657
0a05000f 0a0b001d 10000 100 88570 1696000 97121 38464
0a020012 0a000019 10000 100 60398 1732999 60712 29157
0a060019 0a09001b 10000 100 3060 1783000 12690 10225
0a0a000f 0a070004 10000 100 83209 1732000 65421 36687
0a070009 0a04000a 10000 100 64818 1752000 46806 30617
0a02001e 0a060003 10000 100 62764 1768000 30845 29929
0a060002 0a05000c 10000 100 45221 1371999 429303 24146
0a050013 0a070019 10000 100 50628 1628000 178046 25923
0a050019 0a020002 10000 100 23847 1783999 22420 17076
0a030019 0a000014 10000 100 33801 1649000 161756 20369
0a08000e 0a04001c 10000 100 73431 1711999 100052 33450
0a090011 0a09000c 10000 100 100905 1739000 73490 38294
0a01001f 0a09000e 10000 100 83507 1319000 496733 36782
0a010015 0a0a0008 10000 100 86146 1778000 38955 37657
0a070019 0a06000d 10000 100 99947 1449999 370768 42212
0a080012 0a090013 10000 100 93634 1348999 471838 40130
0a030009 0a060009 10000 100 68217 1049000 772482 31736
0a080010 0a020009 10000 100 41810 1786999 36134 23009
0a000003 0a0b0017 10000 100 422366 1201999 621182 148688
0a0b0017 0a050019 10000 100 56221 1521999 302309 27774
0a08001a 0a090018 10000 100 84995 1322999 501340 37273
0a0b0009 0a060018 10000 100 1520 1312999 515342 9717
0a06000a 0a000017 10000 100 1037289 979999 849556 351761
0a00000b 0a0b000d 10000 100 995690 1199999 633934 338019
0a05001b 0a04000c 10000 100 52966 1786000 50510 26702
0a0b0012 0a0a001c 10000 100 1015151 942000 897520 344447
0a0b0006 0a020002 10000 100 79865 1753000 87840 35586
0a07000b 0a01001b 10000 100 15299 1827000 13848 14264
0a090016 0a01001c 10000 100 54381 1817999 27007 27170
0a050008 0a090004 10000 100 878553 1226000 619606 299337
0a02000b 0a010013 10000 100 60344 1812999 33918 29139
0a000003 0a0b001a 10000 100 71562 1724999 124834 32837
0a040018 0a02001f 10000 100 8727 1840000 11946 12084
0a03000b 0a010014 10000 100 2404 1843999 9632 10000
0a0b000b 0a060004 10000 100 37359 1832999 22236 21538
0a07001a 0a01001d 10000 100 1702 1845999 10159 9775
0a020010 0a000016 10000 100 104764 1776999 79253 43799
0a07001e 0a0b000f 10000 100 42069 1819000 37254 23107
0a0a0010 0a050009 10000 100 59266 1824000 34807 28779
0a090004 0a0a0013 10000 100 26193 1825999 34533 17858
0a050016 0a04000a 10000 100 57713 1771000 91007 28267
0a090012 0a01001d 10000 100 902181 1253999 610897 307144
0a06001c 0a0b001a 10000 100 963035 1101999 763199 327247
0a00001a 0a050017 10000 100 36792 1806000 62980 21357
0a090004 0a05001d 10000 100 37954 1843000 34987 21744
0a020015 0a07000f 10000 100 9472 1863000 15697 12338
0a05001a 0a02000b 10000 100 83289 1833999 46410 36712
0a02001a 0a080007 10000 100 99932 1838000 43711 42207
0a020006 0a08001e 10000 100 46843 1845999 39592 24681
0a050018 0a080017 10000 100 93599 1711000 176183 40119
0a03001f 0a090017 10000 100 95350 1819000 71683 40695
0a0a0004 0a020020 10000 100 927623 889000 1003219 315547
0a0a0007 0a030002 10000 100 17227 1860000 34359 14896
0a020020 0a040007 10000 100 89006 1845000 53462 38603
0a080018 0a000004 10000 100 103283 1765999 134131 43310
0a040002 0a0a0004 10000 100 950704 1294999 609928 323163
0a000015 0a0b0006 10000 100 66058 1654000 252369 31029
0a080016 0a0a0012 10000 100 59743 1819000 87952 28932
0a0a001a 0a07001c 10000 100 44159 1683000 224455 23791
0a070003 0a0a0013 10000 100 196468 1825999 82590 74081
0a050014 0a05001f 10000 100 228788 1825999 83120 80522
0a06000c 0a04001e 10000 100 49776 1866000 43151 25650
0a05001f 0a000002 10000 100 42777 1802999 107846 23334
0a070008 0a080008 10000 100 358537 1670000 245812 127618
0a05000d 0a09000d 10000 100 61258 1853000 69570 29432
0a090017 0a000016 10000 100 29905 1894000 28592 19076
0a030019 0a020011 10000 100 839090 1619999 304857 286310
0a030004 0a06000a 10000 100 40143 1819000 107727 22460
0a07000c 0a030017 10000 100 34186 1884000 43560 20492
0a01000a 0a080009 10000 100 20450 1557000 374154 15959
0a0a000c 0a00001f 10000 100 71319 1806000 126240 32759
0a07000a 0a0b001a 10000 100 30732 1913999 19424 19356
0a0a000e 0a000001 10000 100 89164 1781999 154152 38654
0a0a001a 0a030008 10000 100 27004 1750000 195167 18133
0a01001f 0a070016 10000 100 60690 1920999 29466 29250
0a04001f 0a020018 10000 100 876586 1642999 307923 298693
0a02001d 0a050015 10000 100 91190 1881000 70069 39317
0a020001 0a040019 10000 100 4113000 154000 1798693 1367477
0a070014 0a0b0016 10000 100 46906 1912999 40618 24701
0a060016 0a0b000e 10000 100 56442 1853000 100743 27845
0a06000d 0a06001e 10000 100 68915 1631000 330750 27719
0a09000b 0a060001 10000 100 77292 1897999 65013 34732
0a070004 0a0a001c 10000 100 90512 1492999 470609 39100
0a0a001b 0a040015 10000 100 81625 1930000 37544 36164
0a050008 0a0a001a 10000 100 1030361 1111000 869097 349467
0a0b000b 0a040018 10000 100 61174 1954000 29528 29405
0a020002 0a050003 10000 100 21821 1959999 31474 16413
0a08000c 0a0a0009 10000 100 41825 1954000 38629 23014
0a05001c 0a030003 10000 100 48750 1956999 40777 25306
0a040012 0a06001f 10000 100 78015 1909000 92629 34978
0a00000e 0a040001 10000 100 65418 1956999 52083 30809
0a060008 0a050006 10000 100 728696 1598000 412947 249847
0a0a000f 0a070006 10000 100 24881 1987000 25612 17423
0a05001f 0a060003 10000 100 43809 1975000 37684 23679
0a050003 0a03001a 10000 100 51723 1971999 43060 26288
0a02000e 0a070007 10000 100 7187 1936000 79143 11576
0a030011 0a020007 10000 100 99371 1897999 117382 42027
0a060003 0a01000a 10000 100 447451 1392000 623425 156976
0a050005 0a0a000a 10000 100 77063 1955999 59697 34658
0a0b000c 0a07000d 10000 100 36476 1988000 28758 21256
0a080015 0a01001e 10000 100 89472 1949999 69348 38752
0a01000b 0a070010 10000 100 28887 1443000 576650 18751
0a05000e 0a020010 10000 100 52632 1962999 61577 26595
0a080013 0a02001e 10000 100 19451 1923999 101199 15624
0a08000f 0a02000b 10000 100 45472 2001000 25466 24227
0a0b001f 0a0b0020 10000 100 59109 1783999 244326 24489
0a0b0012 0a000014 10000 100 52740 1981999 47276 26629
0a080002 0a07000e 10000 100 56118 1840000 189449 27741
0a02000b 0a000019 10000 100 78559 1995999 35749 35152
0a060005 0a050019 10000 100 86695 1915000 120100 37833
0a060006 0a01001f 10000 100 51818 1994000 42664 26319
0a080009 0a06001b 10000 100 293046 1838000 202206 105985
0a090020 0a060011 10000 100 327945 1817000 226106 117506
0a07000c 0a0a0009 10000 100 993399 1325999 717946 337271
0a050016 0a0a0001 10000 100 30122 1637000 407128 19161
0a080014 0a05000d 10000 100 95406 1848000 196956 40712
0a07000c 0a010013 10000 100 47104 1991000 55102 24764
0a0b001f 0a0a0013 10000 100 1635 2037999 9740 9753
0a05000d 0a0b0002 10000 100 71675 1948999 100266 32873
0a040009 0a07000f 10000 100 31539 1990000 62753 19630
0a010015 0a0a0006 10000 100 59202 2024000 30725 28759
0a08001f 0a080017 10000 100 6156 2047999 6868 7006
0a060001 0a00000f 10000 100 241983 1828999 226064 89122
0a0a000e 0a070014 10000 100 81079 1940000 116126 35990
0a060019 0a02000d 10000 100 12559 2034999 21353 13357
0a090012 0a0a0014 10000 100 20446 2036000 22744 15957
0a080010 0a020018 10000 100 8229 2047000 14515 11925
0a06000c 0a010008 10000 100 62993 2007000 57936 30002
0a000014 0a050020 10000 100 397024 1799000 268188 140318
0a0a0020 0a000018 10000 100 84766 1991000 78038 37200
0a0b0008 0a01001a 10000 100 99043 1889999 184942 41922
0a000011 0a0b0015 10000 100 98903 1440000 636710 41862
0a0b0016 0a090007 10000 100 32317 2047999 29995 19879
0a050003 0a000003 10000 100 18024 2059000 21724 15167
0a07000d 0a010008 10000 100 94540 2033999 49151 40435
0a08000e 0a030003 10000 100 34810 2063000 20709 20707
0a00000a 0a06000a 10000 100 605460 1765999 318980 209152
0a020008 0a09000c 10000 100 18899 2069999 15455 15447
0a06000d 0a000019 10000 100 3262017 64999 2021690 1086453
0a040020 0a000011 10000 100 70365 1415999 671184 32438
0a02001c 0a08000c 10000 100 42961 2023000 65511 23392
0a00000c 0a0b000d 10000 100 45218 2015999 72631 24145
0a06000f 0a04001c 10000 100 373544 1721000 369882 132574
0a000013 0a030012 10000 100 52138 2049000 43553 26421
0a010011 0a0a000d 10000 100 11303 2028999 66944 12939
0a0b000f 0a0a0002 10000 100 17328 2076000 20063 14929
0a04000e 0a050003 10000 100 52377 2053999 43826 26498
0a08001f 0a010004 10000 100 78418 2066999 36425 35107
0a020011 0a08000f 10000 100 37877 2034999 68783 21720
0a02000e 0a070005 10000 100 64655 1978999 127565 30565
0a030001 0a050009 10000 100 55268 2062000 45570 27454
0a020018 0a0a000a 10000 100 7802 2093999 15638 11788
0a06001f 0a000019 10000 100 39445 2076000 35512 22237
0a03001d 0a09001a 10000 100 66065 2079999 38447 31032
0a030009 0a06001d 10000 100 55583 2036000 83759 27570
0a040012 0a020018 10000 100 77438 2082000 38627 34778
0a0a0018 0a0b001f 10000 100 47753 2079000 42796 24972
0a0b001c 0a00000b 10000 100 8283 1366999 755366 11942
0a040001 0a040016 10000 100 82358 2053000 70533 32159
0a000008 0a030015 10000 100 78805 2075000 48780 35231
0a040015 0a0a001f 10000 100 3777882 827000 1300002 1256814
0a09001b 0a030010 10000 100 50895 2052000 75560 26008
0a090019 0a050011 10000 100 934116 1472999 655819 317686
0a01001b 0a000009 10000 100 19147 2096000 32885 15526
0a03001c 0a050016 10000 100 91178 1842000 288458 39313
0a02001c 0a04000b 10000 100 88372 2018999 111818 38385
0a090009 0a06001f 10000 100 263400 1920000 212253 96191
0a050003 0a000015 10000 100 42866 1876000 257050 23362
0a02000f 0a030019 10000 100 656298 1541999 591453 225943
0a07001b 0a0a0005 10000 100 1804 2125000 9808 9808
0a0b000e 0a050017 10000 100 99464 2050999 86805 42057
0a0a0004 0a010013 10000 100 395104 1667999 474074 139688
0a0a000c 0a0b0008 10000 100 219051 1804999 340535 81554
0a0b001e 0a04001f 10000 100 48956 2089999 55682 25372
0a03001e 0a04001d 10000 100 1038409 1340999 807298 352135
0a00001c 0a05001f 10000 100 2635 2138999 10013 10073
0a07001e 0a00000f 10000 100 605972 1758999 390664 209316
0a04001c 0a00001f 10000 100 93520 1938999 212275 40094
0a08001e 0a03000c 10000 100 60905 2098000 53381 29319
0a03001c 0a01001e 10000 100 610081 1706999 445140 210677
0a050011 0a000002 10000 100 410142 1526999 626694 144654
0a070006 0a0b000f 10000 100 35109 2125000 32261 20803
0a010007 0a000001 10000 100 77109 2060000 98814 34673
0a000015 0a01000f 10000 100 85520 1892999 266224 37457
0a0a001e 0a040020 10000 100 47431 1170000 992724 24869
0a070014 0a0b0005 10000 100 30056 2096000 67173 19140
0a0a0004 0a0a0009 10000 100 585 2162999 8563 5162
0a010010 0a02000e 10000 100 982095 1735999 438387 333531
0a09000b 0a02000d 10000 100 41177 2128999 45490 22806
0a070014 0a000013 10000 100 28008 2141999 35485 18454
0a0b0010 0a0a0004 10000 100 244373 2086999 92503 89903
0a040013 0a000009 10000 100 48390 2122999 56506 25191
0a030002 0a070016 10000 100 77146 2131000 49810 34685
0a0a000b 0a04001f 10000 100 99182 2070999 113913 41967
0a06001d 0a04000a 10000 100 5335 2137000 48089 10968
0a00001b 0a090009 10000 100 3113368 519999 1665720 1037365
0a09000d 0a07000d 10000 100 555667 1814000 376945 192712
0a050008 0a000003 10000 100 8889 2178999 12871 12136
0a08000c 0a06000e 10000 100 527209 1951999 240495 183313
0a040012 0a0b0013 10000 100 684359 1711999 481208 235214
0a090004 0a09000a 10000 100 27359 1926999 266841 14006
0a03001e 0a080008 10000 100 44331 2174000 26035 23846
0a0b0004 0a0b0008 10000 100 75091 2119999 80231 29772
0a0a0002 0a080020 10000 100 70254 2160000 40940 32403
0a090010 0a060001 10000 100 79200 2165999 35524 35358
0a080004 0a090004 10000 100 33070 2161999 41783 20135
0a070015 0a08001e 10000 100 35876 2171999 32398 21048
0a00001f 0a020020 10000 100 481932 1874999 329608 168364
0a04001b 0a08000f 10000 100 60322 2118999 86606 29132
0a070011 0a03000a 10000 100 43572 1600999 606226 23603
0a080018 0a050010 10000 100 3137150 114000 2095825 1045221
0a0b0011 0a06000a 10000 100 19839 2126999 82838 15763
0a080003 0a070015 10000 100 99 2203000 9071 9247
0a070014 0a0a0002 10000 100 83263 2144000 72616 36704
0a010005 0a07000a 10000 100 92592 2113999 102831 39781
0a0a000b 0a050002 10000 100 9209 2197999 20685 12254
0a08000a 0a000020 10000 100 61551 2188999 30229 29541
0a010004 0a010005 10000 100 95976 2184999 37537 36655
0a03001c 0a00000d 10000 100 97959 1472000 752075 41560
0a0b000f 0a090007 10000 100 32680 2191999 32735 19995
0a060006 0a04000c 10000 100 19000 2203999 21399 15479
0a03000f 0a06000d 10000 100 15813 1853000 375184 14429
0a0b0001 0a090009 10000 100 390371 2001999 227824 138127
0a06000c 0a020005 10000 100 52708 2168999 61240 26619
0a07000c 0a02001c 10000 100 150860 2124000 110483 59026
0a0b0009 0a07000b 10000 100 96951 2125999 108941 41222
0a0a0001 0a080017 10000 100 617050 1645999 589291 212984
0a060012 0a01000c 10000 100 477578 2064999 170613 166924
0a080010 0a050007 10000 100 58225 2187999 48826 28431
0a060020 0a030012 10000 100 62178 2155999 81143 29742
0a040019 0a0a0010 10000 100 21132 2200000 37335 16192
0a00000a 0a010006 10000 100 12037 2223999 13663 13190
0a01000c 0a04000b 10000 100 19815 2198999 40527 15755
0a060011 0a04000e 10000 100 69281 2187000 54309 32091
0a0a001f 0a04001e 10000 100 14070 2223999 21624 13856
0a060013 0a0a0001 10000 100 1203 1958000 288666 9600
0a06001f 0a020008 10000 100 11472 2214999 31667 12993
0a0b0019 0a0b0006 10000 100 67236 2219000 28147 27166
0a07000a 0a000010 10000 100 5244 2237999 12874 10939
0a070004 0a04000b 10000 100 10500 2235000 16137 12667
0a030017 0a020010 10000 100 72081 2206000 45264 33018
0a040011 0a0b000a 10000 100 32697 2044999 212483 20000
0a080002 0a07001c 10000 100 934397 1863000 400005 317776
0a0a0008 0a03001f 10000 100 14229 2245000 18015 13906
0a03000c 0a05000b 10000 100 15681 1742000 521354 14386
0a050017 0a0b0008 10000 100 38819 2210999 54098 22021
0a0b0016 0a0a0011 10000 100 65284 2220999 51739 30766
0a07001c 0a0a0001 10000 100 5213808 99999 2175587 1731009
0a01001a 0a020002 10000 100 98311 2126999 149368 41673
0a0b0007 0a0b0013 10000 100 77922 1585000 692149 30693
0a04000c 0a060003 10000 100 41047 2243000 36141 22765
0a07001f 0a06001c 10000 100 51886 2057999 221636 26341
0a010009 0a0a001a 10000 100 99561 2171000 110402 42088
0a090006 0a0a0003 10000 100 811998 1211999 1070146 277364
0a060012 0a08001f 10000 100 51728 2239999 42542 26290
0a04001c 0a030018 10000 100 84003 2059000 225198 36956
0a000002 0a09001a 10000 100 692449 1569999 714872 237880
0a060019 0a0b0008 10000 100 919052 1639999 646377 312712
0a020006 0a010002 10000 100 7735 2272999 13529 11767
0a08000d 0a04000f 10000 100 22020 1882999 403565 16476
0a080019 0a040006 10000 100 102414 2235000 52757 43032
0a07001a 0a02000b 10000 100 29636 2262000 28326 18990
0a0a0013 0a06001f 10000 100 46291 2260999 29487 24489
0a05001c 0a04001c 10000 100 3368577 990999 1301585 1121643
0a05000a 0a090003 10000 100 901566 1139999 1153252 306947
0a020015 0a010002 10000 100 20337 2240999 53347 15922
0a04000b 0a05001a 10000 100 88935 2226000 73507 38580
0a04000a 0a070020 10000 100 431524 1701999 600614 151711
0a03001c 0a040020 10000 100 93685 2233999 70597 40146
0a00001d 0a060014 10000 100 361100 2178999 130437 128453
0a060002 0a06001c 10000 100 77588 2253999 56804 30586
0a080009 0a04001e 10000 100 904718 1788000 524491 307987
0a02001d 0a07000b 10000 100 80717 2249000 63555 35858
0a04001b 0a030014 10000 100 4038 2302999 13194 10538
0a050004 0a060017 10000 100 60914 1289999 1028605 29322
0a01000e 0a09000a 10000 100 831185 1461999 857375 283704
0a04001a 0a04001c 10000 100 97996 2200999 119842 37332
0a00000d 0a040012 10000 100 126882 1528999 798824 51107
0a04001c 0a02001e 10000 100 85836 2259000 73140 37558
0a050009 0a010014 10000 100 1515 2324000 10435 9715
0a0b0017 0a07000f 10000 100 56701 1954000 380880 27928
0a0a000b 0a020003 10000 100 64024 2253999 82887 30348
0a07000a 0a040001 10000 100 74810 2288999 48642 33907
0a0a0007 0a07001d 10000 100 67037 2299999 39725 31343
0a070008 0a000017 10001 100 22697 1969999 370178 16708
0a070016 0a08001f 10000 100 71019 2269000 71937 32663
0a0a0020 0a06000c 10000 100 49987 2272000 70811 25718
0a060016 0a010016 10000 100 96115 2230000 113698 40955
0a06000f 0a010008 10000 100 104720 2236999 107268 43785
0a080004 0a000007 10000 100 81629 2139999 204495 36166
0a080010 0a070018 10000 100 43141 2308000 36962 23450
0a040007 0a050002 10000 100 252755 2250999 94053 92677
0a0b000d 0a0b0013 10000 100 954144 1778000 570673 320070
0a0b000f 0a0b0012 10000 100 32320 2322999 26110 15640
0a0a0003 0a0a001b 10000 100 101657 1778000 571224 38534
0a010012 0a070007 10000 100 65450 2240999 110433 30819
0a070001 0a00001e 10000 100 52215 2286999 65377 26446
0a000019 0a04001d 10000 100 70304 1740000 615591 32419
0a020016 0a080003 10000 100 72434 2298999 56675 33131
0a080019 0a090004 10000 100 77914 2307000 49834 34931
0a000010 0a0b0013 10000 100 276699 1763999 595087 100585
0a0b000b 0a07000f 10000 100 101715 2262000 98394 42793
0a0a0018 0a0b001a 10000 100 42342 2327000 33469 23194
0a01001b 0a010015 10000 100 3786 2343000 19871 6217
0a05001c 0a03001a 10000 100 41283 2340000 23081 22840
0a04001d 0a010006 10000 100 17303 1773999 589972 14921
0a05001f 0a010001 10000 100 6415 2344999 20770 11329
0a000004 0a07000e 10000 100 607494 1492999 873346 209818
0a060006 0a00000b 10000 100 56980 2230999 137442 28017
0a0b001f 0a050009 10000 100 14126 2354000 15254 13873
0a01001e 0a090003 10000 100 4203034 473999 1895823 1397224
0a03000b 0a020020 10000 100 375100 2236000 141147 133087
0a020008 0a060016 10000 100 5660 2366000 11896 11072
0a080013 0a02001b 10000 100 83453 2059000 321776 36765
0a030016 0a060008 10000 100 453102 2052000 328907 158846
0a070005 0a060004 10000 100 58939 2345999 35121 28674
0a030014 0a010017 10000 100 84143 2345999 36790 37001
0a0b0009 0a04000b 10001 100 35666 2347999 36410 20981
0a06000e 0a070020 10000 100 59996 2360000 29068 29013
0a01000c 0a07000b 10000 100 201659 2210000 181143 75804
0a0a0013 0a0b0013 10000 100 98835 2219000 175519 41840
0a020002 0a09000a 10000 100 95539 1923000 473316 40755
0a050009 0a0b0002 10000 100 830489 1590999 807081 283465
0a040020 0a050001 10000 100 30648 2370999 29236 19329
0a03001e 0a000002 10000 100 54770 2367999 34000 27294
0a020009 0a070009 10000 100 462204 2075000 331774 161851
0a0a0019 0a080014 10000 100 66434 2343000 64583 31150
0a06001f 0a01000e 10000 100 94583 2337000 72053 40449
0a000003 0a08000a 10000 100 74540 2350000 61461 33820
0a0b0020 0a060018 10000 100 941906 836000 1576754 320256
0a000002 0a040020 10000 100 50668 2353000 59771 25936
0a03001d 0a080002 10000 100 112531 2357999 61836 46377
0a030006 0a080001 10000 100 43401 2380999 39551 23533
0a08000d 0a03000f 10000 100 39857 2383000 38784 22368
0a09001e 0a080006 10000 100 12783 1415999 1007313 13428
0a02001a 0a03000b 10000 100 781260 2147000 279505 267205
0a010010 0a05001a 10000 100 30560 2409000 19364 19301
0a01001c 0a010001 10000 100 101063 2347000 89087 38344
0a04000e 0a050017 10000 100 23889 2397999 39073 17090
0a06000f 0a01000b 10000 100 918 2393999 48688 9509
0a0b0003 0a060019 10000 100 46009 1453999 989876 24399
0a0b0009 0a0a001b 10000 100 18454 2415000 31441 15304
0a090013 0a060001 10000 100 693920 1302999 1146129 238366
0a05000c 0a000009 10000 100 103080 1693999 755264 43245
0a060007 0a09001d 10000 100 61108 2407999 42272 29384
0a01000c 0a090009 10000 100 5991 2446999 12328 11178
0a06000a 0a01000b 10000 100 9270 2406999 52508 12273
0a00000e 0a070009 10000 100 103905 2194999 266053 43524
0a050006 0a02001f 10000 100 113879 2413000 49158 46808
0a0a0004 0a070002 10000 100 404681 2024999 438533 142845
0a01000d 0a02001f 10000 100 81113 1987000 477314 36000
0a01001d 0a0b0010 10000 100 22183 2435000 30735 16528
0a02001b 0a03000a 10000 100 730723 1975999 492780 250527
0a090020 0a080012 10000 100 68705 2435999 32898 31892
0a080001 0a02001d 10000 100 8796 2455999 13424 12106
0a01000f 0a04001b 10000 100 39441 2442999 29419 22235
0a03001e 0a070019 10000 100 13130 2116999 355888 13539
0a01001b 0a020015 10000 100 22644 2354999 119179 16691
0a01001d 0a050012 10000 100 561466 2089999 391560 194629
0a040004 0a06000b 10000 100 58834 1665999 816674 28641
0a0a0009 0a080005 10000 100 39072 2249999 234030 22117
0a090003 0a090006 10000 100 153813 2076999 410285 55762
0a040017 0a050013 10000 100 38238 2452999 34447 21835
0a010007 0a030002 10000 100 60909 2433999 54784 29320
0a080001 0a01001f 10000 100 9147 2471999 22816 12234
0a00001c 0a07000a 10000 100 97998 2449999 46503 41573
0a060012 0a090001 10000 100 610473 2276999 219886 210802
0a040016 0a050001 10000 100 1583 2487000 10145 9737
0a0b0020 0a03001f 10000 100 55621 2112000 385739 27582
0a030004 0a080016 10000 100 262730 2226000 273568 95976
0a0b0014 0a000019 10000 100 33897 2451000 54801 20400
0a0a001a 0a01001d 10000 100 769806 1665999 843386 263432
0a07000a 0a070001 10000 100 18606 2497999 11415 11113
0a03001c 0a020015 10000 100 48871 2347999 161671 25345
0a01000c 0a090011 10000 100 712152 1869999 642395 244384
0a090006 0a040005 10000 100 11818 2485999 26580 13104
0a01000c 0a0a0005 10000 100 56694 2471999 46172 27925
0a07000a 0a0b0005 10000 100 848518 2020000 500443 289419
0a030018 0a030006 10000 100 340577 2380000 143276 117446
0a05001f 0a06001b 10000 100 59828 2464000 59831 28959
0a030009 0a07000d 10000 100 382324 2177000 349984 135460
0a030018 0a010018 10000 100 755074 1668999 858808 258565
0a08001e 0a010020 10000 100 68774 2465000 63487 31914
0a060014 0a060007 10000 100 99220 2459999 69789 37739
0a0b0011 0a080007 10000 100 487866 1933999 599673 170324
0a090007 0a04000e 10000 100 80266 2386999 148941 35714
0a01001a 0a050011 10000 100 47046 1992999 545594 24746
0a010010 0a0a0015 10000 100 37981 2503000 35613 21753
0a02001f 0a0b0009 10000 100 49950 2488999 52743 25706
0a020008 0a050011 10000 100 45403 2000000 542095 24205
0a080014 0a020005 10000 100 998386 1544000 1000040 338913
0a060010 0a070011 10000 100 39266 1770000 775680 22179
0a070012 0a070013 10000 100 94419 1930999 614752 36141
0a050013 0a060001 10000 100 76173 2511999 34266 34358
0a060003 0a020017 10000 100 85545 2197000 350218 37465
0a0a0020 0a020002 10000 100 80692 2288999 259366 35850
0a05000d 0a000004 10000 100 37518 2475000 73802 21605
0a020011 0a03001e 10000 100 14496 2517999 33391 13992
0a080011 0a080018 10000 100 44782 2469999 83928 19751
0a0a000f 0a070020 10000 100 88447 2487000 68926 38409
0a0a0020 0a070007 10000 100 13785 2528999 29037 13764
0a0a000d 0a05001b 10000 100 5660764 550000 2008087 1878613
0a04000a 0a05001b 10000 100 75240 2399999 158304 34060
0a01000e 0a08000e 10000 100 512025 2204999 354532 178301
0a0b0017 0a080001 10000 100 61135 2086000 477854 29392
0a060008 0a080012 10000 100 95152 2370999 194730 40631
0a03001d 0a010020 10000 100 99045 2485999 84020 41923
0a0a000d 0a020001 10000 100 37081 2057999 513954 21449
0a03001d 0a030019 10000 100 179441 2475999 96453 64224
0a070015 0a09001e 10001 100 85521 2498999 80384 37457
0a020003 0a08000a 10000 100 1001876 2214999 366436 340060
0a060007 0a050004 10000 100 10546 2550999 31426 12697
0a01001b 0a04000a 10000 100 956 2567999 16431 9521
0a010010 0a040002 10000 100 37494 2137000 447557 21582
0a04000f 0a090001 10000 100 9500 2073000 512524 12347
0a020008 0a0b0015 10000 100 79957 2491999 94564 35615
0a080012 0a020015 10000 100 4289725 554000 2038293 1425841
0a00001e 0a08000f 10000 100 347825 2226000 366586 124067
0a070010 0a01001a 10000 100 63359 1613999 979486 30135
0a010019 0a050020 10000 100 807277 1995999 600406 275807
0a02000e 0a08001b 10000 100 5949 2586000 11484 11165
0a03001c 0a060017 10000 100 64892 1409000 1193254 30641
0a040014 0a000001 10000 100 329 2235000 367357 9320
0a0a001b 0a0b0019 10000 100 80796 2508999 94211 35884
0a070003 0a060004 10000 100 48254 2331999 271340 25148
0a07001c 0a040009 10000 100 31720 2575000 30874 19688
0a0a0018 0a060001 10000 100 99653 2566000 47202 42118
0a05001b 0a05001e 10000 100 38262 1694999 919488 17603
0a060018 0a020002 10000 100 64093 1931999 682815 30370
0a090001 0a03001e 10000 100 8665 2599000 17341 12064
0a06000f 0a05000f 10000 100 17442 2550000 67504 14965
0a05000a 0a030018 10000 100 4525522 657000 1963021 1503723
0a060002 0a000006 10000 100 3335 2609999 11538 10313
0a01001c 0a070003 10000 100 52240 2367999 253747 26454
0a080007 0a060020 10000 100 5583188 573000 2048754 1853005
0a020018 0a040001 10000 100 98565 2498999 124886 41754
0a070001 0a040019 10000 100 55287 2560000 63897 27460
0a010011 0a060007 10000 100 27902 2328000 295912 18420
0a010005 0a090003 10000 100 78986 2243000 381656 35289
0a03001d 0a010018 10000 100 85456 1941000 684290 37421
0a060016 0a050010 10000 100 101219 2520999 110068 42634
0a080001 0a06001b 10000 100 6160 2622999 11134 11248
0a0a001b 0a070016 10000 100 81671 2598000 40037 36179
0a000009 0a040007 10000 100 69246 2513000 129319 32080
0a010006 0a050006 10000 100 72375 2547999 97566 33112
0a040006 0a070020 10000 100 39252 2625999 22379 22175
0a060019 0a0a000d 10000 100 24827 2609000 40546 17405
0a050005 0a00000a 10000 100 9118 2625000 24770 12225
0a020011 0a070015 10000 100 91168 2517000 133664 39310
0a05000e 0a04001e 10000 100 572599 2077999 577580 198299
0a040020 0a07001e 10000 100 193199 2456999 200223 73005
0a050004 0a05001a 10000 100 16006 2651000 9820 10250
0a07000e 0a00001e 10000 100 202364 2243000 420033 76030
0a060004 0a030010 10000 100 155333 2436999 229282 60504
0a0a0010 0a040011 10000 100 4413 2645999 22319 10658
0a0a0003 0a0a0014 10000 100 73021 1984999 686068 29079
0a050009 0a000003 10000 100 39137 2609999 61585 22138
0a02000f 0a09001a 10000 100 5770 2661999 13134 11107
0a000010 0a080004 10000 100 24436 2642999 33240 17280
0a010016 0a070003 10000 100 3810706 183999 2494360 1267655
0a020010 0a070019 10000 100 42999 2224999 454622 23405
0a0a0010 0a000020 10000 100 6282 2668999 11600 11287
0a080011 0a08001f 10000 100 37919 2628999 51815 17493
0a0a000c 0a08001c 10000 100 45159 2618999 68220 24127
0a040011 0a0b0014 10000 100 185680 2539000 149668 70522
0a0b001b 0a0b001e 10000 100 18252 1907000 782603 11000
0a020014 0a040012 10000 100 54364 2664999 27616 27164
0a060018 0a040017 10000 100 470359 1709000 985465 164537
0a000017 0a0b000d 10000 100 5552 2403000 292539 11038
0a050020 0a080019 10000 100 79357 2474000 225161 35408
0a06001c 0a010008 10000 100 939144 2298999 400551 319356
0a01001d 0a040013 10000 100 78544 2642999 60404 35148
0a080018 0a020007 10000 100 68525 2524000 179729 31834
0a080006 0a020012 10000 100 37089 1561000 1142880 21452
0a0a0020 0a040017 10000 100 26770 2645999 58036 18042
0a080009 0a040014 10000 100 683061 2070999 633975 234783
0a0a001d 0a010002 10000 100 104149 2354000 351389 43602
0a080007 0a010012 10000 100 103185 2527999 181691 43279
0a03001c 0a000014 10000 100 5618152 502999 2208213 1864547
0a0b001b 0a000013 10000 100 95287 1897000 815791 40674
0a070020 0a080001 10000 100 4884 2701999 11023 10824
0a02000f 0a01001a 10000 100 70683 2599000 117125 32555
0a080008 0a08001d 10000 100 14952 2697999 19448 9898
0a000002 0a080014 10000 100 33270 2654000 69349 20199
0a030010 0a030001 10000 100 271027 2451000 273202 94468
0a0b0004 0a050017 10000 100 918809 2030000 695160 312634
0a030018 0a03001d 10000 100 72399 2697000 28436 28880
0a030004 0a0b0002 10000 100 55289 2648999 76697 27460
0a050003 0a01000f 10000 100 27834 2684000 44949 18398
0a000002 0a0a0006 10000 100 57295 2654000 76861 28133
0a080013 0a03001b 10000 100 104450 2167000 565594 43699
0a080009 0a09001a 10000 100 54718 2699000 33902 27278
0a0b001c 0a000003 10000 100 930933 1337999 1398563 316637
0a09001b 0a01001a 10000 100 51031 2577999 160510 26067
0a040012 0a030010 10000 100 102166 2577999 161782 42952
0a060011 0a010007 10000 100 10317 2720999 19045 12608
0a0b0009 0a050003 10000 100 9469 2719000 21163 12337
0a030007 0a09000a 10000 100 79918 2472999 268098 35603
0a0b0002 0a010015 10000 100 396863 2432000 309944 140266
0a07000c 0a04000a 10000 100 6487071 136999 2607211 2151494
0a0b0018 0a070010 10000 100 26878 1845000 903368 18077
0a08000b 0a020008 10000 100 27030 2187999 561826 18141
0a010005 0a0a001d 10000 100 16742 2443999 306215 14741
0a080004 0a000019 10000 100 64244 2684000 69772 30418
0a06001e 0a09001e 10000 100 51724 2624000 131633 26289
0a02000f 0a060014 10000 100 11769 2739000 17059 13088
0a000006 0a0a0007 10000 100 22174 2727999 33862 16526
0a05001c 0a050005 10000 100 14406 2753999 9470 9723
0a02000a 0a0a000f 10000 100 304650 2439000 337002 109821
0a07000c 0a09001f 10000 100 41758 1925000 851449 22992
0a090001 0a0a0005 10000 100 67597 2717999 59055 31537
0a04001f 0a03001c 10000 100 309854 2572000 207501 111532
0a030012 0a0b0002 10000 100 28751 2759000 28652 18707
0a02000c 0a050013 10000 100 72186 2707999 82222 33052
0a04000a 0a050001 10000 100 58953 2681999 108712 28679
0a020010 0a020007 10000 100 28271 2762999 27989 14298
0a0a001d 0a0a0014 10000 100 88768 2314000 479131 34287
0a07001b 0a090003 10000 100 617247 2246000 547241 213047
0a050010 0a000017 10000 100 74801 2521999 271749 33904
0a050016 0a0b000a 10000 100 77591 2187999 606812 34827
0a02001b 0a01000f 10000 100 28904 2765000 30098 18756
0a050020 0a080003 10000 100 265 2788000 9601 9300
0a060018 0a000015 10000 100 67154 1871999 926560 31380
0a030010 0a01001c 10000 100 783546 2348999 449776 267968
0a04000b 0a030002 10000 100 3745208 1498999 1302597 1246020
0a06000c 0a08000f 10000 100 9058 2665999 137032 12206
0a0a0018 0a09000a 10000 100 92550 2520999 283721 39768
0a06001b 0a000019 10000 100 22063 2785999 19110 16490
0a080006 0a040019 10000 100 57731 1580000 1225639 28272
0a0b001e 0a07001e 10000 100 48126 2742000 67428 25107
0a04000b 0a010017 10000 100 3180 2799999 9989 10263
0a08001c 0a060005 10000 100 21113 2782999 28313 16186
0a040020 0a040008 10000 100 353718 2455999 355347 121774
0a0b0018 0a070007 10000 100 327806 2654000 166177 117461
0a080017 0a0b0016 10000 100 488 2814000 8807 9371
0a090010 0a070006 10000 100 58073 2798999 29389 28382
0a04001e 0a04000d 10000 100 6522540 76999 2752016 2158973
0a0a000e 0a09001d 10000 100 95584 2663000 167368 40769
0a0b0004 0a000011 10000 100 60867 1776000 1054492 29307
0a09001a 0a09000c 10000 100 85770 2720999 109779 33297
0a020017 0a07001a 10000 100 12639 2373999 457263 13382
0a080014 0a09001e 10000 100 16827 2729000 102376 14768
0a04001d 0a080014 10000 100 859849 1405999 1425596 293168
0a060019 0a040005 10000 100 80654 2703000 129097 35838
0a01000b 0a0b000f 10000 100 31076 2812999 20196 19466
0a08001c 0a030005 10000 100 988879 2471999 361202 335778
0a030007 0a0a000a 10000 100 87327 2798999 38683 38050
0a080008 0a050001 10000 100 61752 2769000 71032 29605
0a0a0012 0a0a001d 10000 100 331043 2282999 558512 114288
0a05001f 0a02000d 10000 100 64778 2765000 77792 30604
0a060013 0a07001b 10000 100 36802 2798000 44910 21360
0a010015 0a080015 10000 100 58106 2631000 213985 28392
0a06000a 0a05000c 10000 100 36238 1915999 929521 21180
0a00000d 0a090006 10000 100 517680 1645999 1201979 180172
0a060002 0a05000d 10000 100 20084 2824000 25761 15841
0a060020 0a04000b 10000 100 85383 2733000 120637 37398
0a05001b 0a0b0013 10000 100 541692 2409999 444456 188101
0a060003 0a02000a 10000 100 55296 2824999 33586 27463
0a04001d 0a00001f 10000 100 99416 1948999 913894 42042
0a0a0020 0a000006 10000 100 6320191 6999 2856298 2096388
0a0b0004 0a04000d 10000 100 850835 2079000 786065 290191
0a01000c 0a0a0004 10000 100 216301 2713999 151872 80643
0a010002 0a090020 10000 100 576849 2560999 305026 199705
0a07000c 0a040015 10000 100 66244 2827000 42680 31089
0a06000f 0a0a000c 10000 100 69887 2815999 54790 32285
0a05000f 0a010008 10000 100 44484 2769999 102316 23895
0a03000f 0a03000d 10000 100 95848 2788000 85975 36614
0a060004 0a00000a 10000 100 84509 2763999 110382 37118
0a090014 0a070009 10000 100 23051 2576999 299533 16822
0a00001e 0a040010 10000 100 68498 2821999 55123 31825
0a040014 0a080015 10000 100 66519 2677000 202057 31177
0a060004 0a010008 10000 100 99160 2720999 163494 41960
0a010008 0a08001a 10000 100 5761187 561999 2325389 1911777
0a0b000d 0a02001e 10000 100 171215 2753999 133574 65755
0a050013 0a080008 10000 100 55131 2847000 42887 27410
0a0a0011 0a04000c 10000 100 659826 2439000 451607 227102
0a020006 0a08000d 10000 100 5964324 818999 2071865 1978870
0a060016 0a0a0019 10000 100 17567 2870000 26619 15005
0a070016 0a010016 10000 100 22137 2880999 17175 16514
0a09000f 0a0a0010 10000 100 20576 2729999 171897 15999
0a090017 0a08000a 10000 100 47437 2838999 63711 24871
0a060006 0a050002 10000 100 476659 2513000 398685 166615
0a010019 0a040014 10000 100 58837 2758000 157563 28642
0a080019 0a0a000e 10000 100 59884 2887999 29843 28977
0a080011 0a0b000c 10000 100 47549 2893000 26739 24907
0a0a000f 0a08001e 10000 100 12408 2903000 17213 13308
0a090012 0a0b0019 10000 100 6530242 4999 2920204 2165754
0a08001c 0a090001 10000 100 73856 2857999 67730 33601
0a070009 0a020020 10000 100 10800 2621000 307562 12778
0a060015 0a09001b 10000 100 98024 2518999 410560 41581
0a01001a 0a080001 10000 100 30198 2825999 105773 19185
0a020002 0a0b001a 10000 100 50872 2641999 292571 26001
0a010008 0a040019 10000 100 244416 2566999 368040 89916
0a0a0012 0a000003 10000 100 104432 2827999 108840 43693
0a010002 0a02001a 10000 100 476444 2645999 297957 166546
0a09000a 0a030008 10000 100 58343 2650000 295074 28468
0a0a0019 0a06000a 10000 100 28809 2899000 49680 18726
0a06000c 0a050006 10000 100 497071 2491000 460963 173362
0a010016 0a070003 10001 100 16459 2811999 140918 14635
0a060014 0a09000c 10000 100 8925 2907999 46240 12148
0a080003 0a02000f 10000 100 702408 2347000 607354 241174
0a030003 0a09001c 10000 100 103788 2850999 108985 43487
0a070006 0a06001f 10000 100 93074 2893000 71175 39951
0a0b0004 0a010008 10000 100 826602 2422999 543831 282191
0a040006 0a020019 10000 100 77017 2906999 60605 34644
0a020019 0a0b001a 10000 100 882190 2223000 744972 300547
0a010014 0a01001c 10000 100 697401 2737999 234676 235270
0a03000a 0a020005 10000 100 76306 2746000 227442 34401
0a080018 0a0b0002 10000 100 75521 2707000 267195 34150
0a010010 0a02001b 10000 100 923690 2648999 326722 314242
0a0b0004 0a020002 10000 100 6408 2700999 276197 11327
0a070008 0a040002 10000 100 22757 2292999 686060 16728
0a050018 0a030010 10000 100 219932 2582000 400094 81836
0a020017 0a050011 10000 100 620574 1745999 1236729 214142
0a04000f 0a06000e 10000 100 8253 2370999 612124 11933
0a09001b 0a040014 10000 100 26226 2847000 136281 17868
0a04000b 0a08001e 10000 100 4521 2971000 12510 10708
0a01001d 0a00001b 10000 100 21839 2961999 23196 16418
0a030011 0a000018 10000 100 43623 2928000 57249 23620
0a030004 0a04000c 10000 100 98929 2860999 124954 41871
0a010004 0a07000b 10000 100 21419 2969999 16733 16284
0a080011 0a070008 10000 100 314884 2675999 312914 113188
0a040008 0a06000c 10000 100 40197 2896000 93531 22477
0a050018 0a04001c 10000 100 79341 2883999 108717 35403
0a07001d 0a060015 10000 100 22098 2625999 366839 16501
0a04000b 0a000010 10000 100 52995 2965000 29613 26711
0a0a0004 0a06001d 10000 100 58886 2686000 310565 28657
0a01000f 0a010011 10000 100 49912 2527000 470098 21454
0a050004 0a080005 10000 100 607848 2318000 683742 209947
0a070013 0a080020 10000 100 14354 2213000 790044 13946
0a050004 0a08000e 10000 100 87678 2965000 40892 38163
0a05001a 0a0b001a 10000 100 42855 2982999 23551 23359
0a090006 0a0b0017 10000 100 297999 2085000 924018 107616
0a000008 0a090014 10000 100 4939 2981999 27910 10841
0a040010 0a02000b 10000 100 103443 2857999 153173 43361
0a07000f 0a040016 10000 100 336488 2792999 221974 120332
0a000018 0a0a000f 10000 100 97062 2972999 48578 41258
0a0a000f 0a01001f 10000 100 24534 2994999 29405 17312
0a080010 0a03001c 10000 100 72823 2991999 33207 33256
0a07001a 0a07000f 10000 100 6081520 943000 2083597 2013331
0a090014 0a0a0009 10000 100 7853 2965000 62183 11805
0a010009 0a00001c 10000 100 2624 3024999 11139 10070
0a090003 0a060020 10000 100 2083 3024999 11320 9897
0a060011 0a0b0008 10000 100 16393 2990000 48178 14614
0a0b0011 0a010014 10000 100 41546 3007999 36138 22924
0a020009 0a04000b 10000 100 75128 3003000 41374 34024
0a0a0014 0a06000f 10000 100 3404821 1614999 1431999 1133609
0a040008 0a08000d 10000 100 403192 2798000 254353 142353
0a060005 0a08001a 10000 100 71045 2945000 110586 32671
0a070004 0a080009 10000 100 93612 2933999 122242 40123
0a09000b 0a09000f 10000 100 51640 2827000 229358 22022
0a020013 0a050006 10000 100 99572 2508999 548733 42092
0a090007 0a030007 10000 100 972887 1735999 1323132 330492
0a0a0011 0a010002 10000 100 1112 3046999 12277 9571
0a040008 0a040012 10000 100 39241 2995999 65777 17931
0a060010 0a060015 10000 100 65834 2641000 421877 26702
0a02001a 0a040007 10000 100 76441 2818999 245905 34444
0a050006 0a04000c 10000 100 68264 2906999 158207 31751
0a080010 0a060008 10000 100 4473543 1337000 1728616 1486552
0a0b0012 0a020008 10000 100 49052 3027999 44321 25403
0a07001c 0a030005 10000 100 6417 3066000 11335 11330
0a080016 0a000019 10000 100 29887 3033000 48184 19071
0a010003 0a000014 10000 100 97706 2856000 225872 41479
0a07001c 0a090019 10000 100 37048 3047999 35305 21439
0a05000c 0a01001e 10000 100 88179 2086000 997379 38323
0a08000d 0a040011 10000 100 66051 2995999 89140 31027
0a0a0007 0a00001c 10000 100 49527 3029000 56863 25570
0a020020 0a010012 10000 100 19273 3001000 88006 15567
0a02000b 0a05001c 10000 100 45001 3043999 50635 24076
0a030020 0a060008 10000 100 80934 2964000 137626 35928
0a04001f 0a00000e 10000 100 17695 3080999 25904 15046
0a050001 0a070015 10000 100 12887 3086000 22045 13462
0a07001b 0a07000c 10000 100 102490 3063000 49255 38816
0a0a0017 0a080013 10000 100 3975 3101000 13632 10518
0a040019 0a09000a 10000 100 1784 2873999 241890 9801
0a09001b 0a060006 10000 100 465334 2465999 650447 162883
0a0b000e 0a040001 10000 100 266514 2928000 191182 97218
0a040009 0a090007 10000 100 72662 3031999 87311 33204
0a0a0020 0a060003 10000 100 671121 2508999 611837 230840
0a00001f 0a08001a 10000 100 22391 3078000 44143 16595
0a0a0009 0a040011 10000 100 8471498 87999 3035842 2806832
0a05001d 0a090014 10000 100 27259 2945999 178767 18214
0a060007 0a070003 10000 100 78731 3043000 85594 35208
0a000020 0a04000c 10000 100 36047 3050000 78689 21119
0a0a001b 0a000004 10000 100 49065 3086000 42893 25407
0a020017 0a0b0012 10000 100 168505 2439000 691482 64857
0a05001c 0a03001a 10001 100 87429 3078000 52853 38083
0a030009 0a020013 10000 100 409359 2249999 883544 144388
0a080003 0a030017 10000 100 334128 2544999 588547 119546
0a090006 0a0a0003 10001 100 26729 2269999 864120 18029
0a020006 0a00000c 10000 100 14723 3046999 89794 14064
0a0a000f 0a060015 10000 100 61380 2654000 483784 29471
0a0a0017 0a010013 10000 100 38391 3089999 48510 21884
0a080008 0a050001 10001 100 74571 3057999 82447 33830
0a04000a 0a06000a 10000 100 69611 2969999 172782 32197
0a030010 0a050011 10000 100 3167258 1227000 1916846 1055162
0a000014 0a0b0007 10000 100 22959 1991000 1156607 16792
0a0a0002 0a0b0012 10000 100 25887 3124000 26199 17760
0a050003 0a000013 10000 100 2344 3003000 148931 9980
0a04001e 0a080003 10000 100 36830 3131999 22076 21369
0a060001 0a070001 10000 100 33548 3134000 21028 20288
0a000006 0a000009 10000 100 68542 3118000 37784 27600
0a020016 0a070002 10000 100 960520 2664000 495564 326412
0a050007 0a030016 10000 100 74948 3102999 57957 33951
0a000004 0a09001e 10000 100 95200 2579999 581277 40647
0a04000e 0a040017 10000 100 60366 3115999 45820 24906
0a070001 0a01001f 10000 100 34888 3121000 44321 20732
0a0a0002 0a01000c 10000 100 256891 3063000 102439 94047
0a020018 0a040002 10000 100 75086 2481999 684219 34010
0a080004 0a070020 10000 100 33158 3129999 42072 20163
0a030006 0a060007 10000 100 261310 3082999 99255 95507
0a080009 0a000017 10000 100 53148 2978000 215849 26760
0a080007 0a020014 10000 100 61415 3098000 102024 29482
0a070005 0a0b000f 10000 100 10025 3186000 15333 12515
0a07000f 0a0a0012 10000 100 78545 3154000 49275 35148
0a04000a 0a060007 10000 100 25718 3154000 52253 17706
0a0b0004 0a03001c 10000 100 56099 3178999 28131 27735
0a08000a 0a01001e 10000 100 943972 2890000 320672 320947
0a060018 0a020014 10000 100 55069 2890999 322743 27390
0a08000e 0a0a0015 10000 100 384497 2939999 274552 136186
0a080008 0a0a001f 10000 100 36295 3171000 45049 21198
0a030020 0a0b0003 10000 100 61699 1698999 1520299 29588
0a03000f 0a0a001a 10000 100 65450 3089999 134290 30819
0a040001 0a0b0007 10000 100 66167 1979999 1245492 31064
0a040008 0a070018 10000 100 87982 3151000 82672 38260
0a050020 0a08001c 10000 100 32218 3197000 42926 19847
0a070015 0a0b001a 10000 100 26220 3220999 25865 17866
0a000002 0a06000f 10000 100 81650 3158000 92627 36172
0a03000a 0a0b001d 10000 100 930271 2190000 1060657 316425
0a080002 0a090015 10000 100 17099 3229999 21942 14856
0a080013 0a070015 10000 100 655197 1337999 1915652 225575
0a0b001c 0a03000f 10000 100 35497 2377000 880758 20927
0a0b0018 0a0b0020 10000 100 196743 2554999 703321 69945
0a020010 0a000003 10000 100 101760 3075000 183380 42807
0a000019 0a01001b 10000 100 85406 3128999 131345 37405
0a030014 0a06000d 10000 100 3111 2552000 708480 10241
0a000020 0a090015 10000 100 86735 2982999 279070 37846
0a060009 0a090020 10000 100 66888 1832999 1438117 31295
0a070001 0a060016 10001 100 89977 3178999 97773 38914
0a030010 0a03000d 10000 100 101739 2993000 284360 38560
0a01000d 0a06000f 10000 100 64618 2311999 966931 30553
0a060003 0a050017 10000 100 30440 3256999 23188 19263
0a090001 0a020013 10000 100 22048 2592999 688041 16485
0a02001d 0a0a000f 10000 100 70771 3194999 87563 32584
0a05000c 0a050016 10000 100 658344 1796999 1487972 222373
0a050004 0a080020 10000 100 31500 3262999 30075 19602
0a0b0019 0a0a0019 10000 100 30165 3275000 19800 19175
0a09000b 0a070020 10000 100 66570 3242999 52625 31193
0a010004 0a040017 10000 100 50752 3265000 34228 25962
0a08001b 0a0b001e 10000 100 69303 3236999 62303 32098
0a080010 0a03001d 10000 100 53831 3272000 28584 26978
0a0b000b 0a030010 10000 100 907804 2739999 560902 309005
0a03001c 0a000004 10000 100 15433 3245000 57059 14307
0a000017 0a03000a 10000 100 7248 3272000 30508 11596
0a090009 0a090011 10000 100 97776 2958999 344767 37262
0a070017 0a000016 10000 100 100525 3216999 87658 42412
0a020009 0a090001 10000 100 41768 3125999 180049 22995
0a000010 0a020007 10000 100 38685 3256999 50071 21978
0a05000a 0a050009 10000 100 36491 3291999 22233 17021
0a040013 0a07000d 10000 100 76267 3204999 111386 34388
0a090005 0a0a000a 10000 100 44806 3252000 65416 23998
0a0b0009 0a070013 10000 100 742573 1827999 1492011 254441
0a0b000e 0a060004 10000 100 11610 3311000 17982 13038
0a070009 0a050017 10000 100 305427 2742000 590093 110070
0a080020 0a020013 10000 100 924311 2069999 1269988 314456
0a010014 0a09000b 10000 100 59437 3312999 29348 28834
0a02000b 0a090001 10000 100 445251 2916999 426110 156242
0a000014 0a0a0008 10000 100 102240 3298999 44253 42976
0a040006 0a070016 10000 100 32102 3314000 34815 19810
0a04001b 0a03000a 10000 100 170224 3168999 179934 65422
0a010012 0a040016 10000 100 4645952 1085000 2266036 1543489
0a0a001c 0a050003 10000 100 80673 3076999 277418 35844
0a00000c 0a0b0020 10000 100 3922210 944999 2412106 1304473
0a0a001c 0a07001e 10000 100 733350 2745000 616023 251383
0a00001e 0a09000a 10000 100 4110728 1392000 1969072 1366734
0a050020 0a02000f 10000 100 29123 3318000 43115 18826
0a05001b 0a000013 10000 100 721139 2626999 736427 247352
0a02000d 0a060020 10001 100 19766 3271000 92608 15740
0a060014 0a060015 10000 100 311839 2625999 739713 107943
0a000013 0a050019 10000 100 85162 3131999 234137 37327
0a020006 0a01000c 10000 100 61716 3338999 29781 29594
0a030009 0a030004 10000 100 784924 2834999 533948 264184
0a010006 0a000015 10000 100 22045 3142999 229630 16484
0a02000f 0a090018 10000 100 789960 1704000 1669421 270081
0a05001a 0a000009 10000 100 10075 3360999 14243 12531
0a050008 0a0b001d 10000 100 999548 2263999 1111846 339300
0a0b001c 0a03001c 10000 100 35035 2475000 903004 20779
0a0b000f 0a000002 10000 100 883156 2733000 646178 300856
0a050013 0a03001b 10000 100 789180 2601000 780070 269832
0a01000d 0a080018 10000 100 41241 2373999 1008423 22827
0a080007 0a02001a 10000 100 217295 3237999 147435 80961
0a08001a 0a010004 10000 100 96879 3284000 108595 41199
0a01001c 0a060009 10000 100 43835 1926999 1467840 23688
0a0a000b 0a080002 10000 100 98364 3213000 182741 41690
0a050006 0a03000d 10000 100 88809 3322999 74286 38540
0a020007 0a02001a 10000 100 21581 3390999 15396 12096
0a02001d 0a020001 10000 100 60698 2373999 1033240 25013
0a010008 0a0a0014 10000 100 834965 2296999 1112749 284944
0a080003 0a080005 10000 100 35414 2789999 624344 16661
0a00001b 0a070012 10000 100 25250 3321999 92470 17541
0a02000f 0a0a0002 10000 100 289796 3220999 201924 104914
0a0b0015 0a07000e 10000 100 86473 3036000 387923 37762
0a06000e 0a03001d 10000 100 89822 3376000 52130 38864
0a090014 0a020008 10000 100 737099 2860999 567718 252628
0a0b0002 0a050014 10000 100 73268 3399000 34054 33398
0a02001d 0a070014 10000 100 75566 3278999 157177 34164
0a03000f 0a03001f 10000 100 85363 3230999 207140 33151
0a090003 0a050013 10000 100 38753 3382000 58173 22000
0a02001b 0a04001a 10000 100 97868 3155999 286072 41531
0a07000c 0a020002 10000 100 123787 3037000 408928 50086
0a00001b 0a090014 10000 100 40783 3422000 25452 22680
0a0b001f 0a050001 10000 100 81975 3408000 44388 36276
0a03001f 0a020016 10000 100 49161 3383000 70382 25438
0a0b0016 0a060004 10000 100 29825 3426999 29012 19051
0a0a000b 0a02001b 10000 100 146043 3194999 270996 57439
0a020016 0a08000a 10000 100 97101 3432000 41297 41270
0a09000b 0a0a000b 10000 100 7110473 596999 2881267 2357373
0a080003 0a060018 10000 100 7042865 340000 3139353 2335047
0a040017 0a050014 10000 100 43995 3448999 33458 23739
0a08000d 0a080007 10000 100 91695 3370000 120904 35254
0a0a000f 0a000007 10000 100 38995 2975999 521366 22077
0a01000f 0a030018 10000 100 384491 3285000 213138 136184
0a080011 0a0b0007 10000 100 4837548 348000 3150335 1606766
0a020009 0a090004 10000 100 58613 3445999 59767 28570
0a070018 0a03001b 10000 100 8456932 143000 3369261 2802017
0a010017 0a030018 10000 100 31183 3422000 90364 19501
0a060003 0a09001f 10000 100 52602 2220000 1293872 26585
0a050001 0a010018 10000 100 62466 2373999 1141452 29834
0a020008 0a09000d 10000 100 44183 3491000 26039 23799
0a09001c 0a00001b 10000 100 33140 3301000 218957 20158
0a060014 0a070004 10000 100 90134 3425999 98610 38979
0a05001a 0a010018 10000 100 78534 2412000 1117262 35144
0a010014 0a0a001e 10000 100 3796970 393999 3135272 1263121
0a03001b 0a03001f 10000 100 85824 2994000 538785 33314
0a02000d 0a010002 10000 100 91875 3347000 186919 39552
0a070002 0a040018 10000 100 9540 3503000 33407 12360
0a040001 0a080007 10000 100 509016 2818000 720598 177307
0a080003 0a020001 10000 100 38649 2482999 1057444 21967
0a070011 0a08001e 10000 100 60954 2436999 1106615 29335
0a0b0018 0a01000d 10000 100 83991 2428000 1121583 36937
0a070017 0a060008 10000 100 556454 3305999 244061 192963
0a070014 0a05000d 10000 100 43178 3488999 61937 23462
0a050016 0a0b0009 10000 100 367012 2566000 989116 130407
0a000010 0a020009 10000 100 41778 3481999 74987 22999
0a07000c 0a01000b 10000 100 86909 3507999 49524 37901
0a060012 0a07001c 10000 100 64083 3507000 51440 30367
0a08001d 0a03001a 10000 100 726456 2638000 921343 249115
0a08001a 0a09001e 10000 100 71171 3474000 85567 32712
0a010003 0a050014 10000 100 64741 3425000 137258 30592
0a09000f 0a020013 10000 100 78926 2631999 934143 35270
0a03000a 0a000011 10000 100 536806 1866000 1701366 186476
0a00001e 0a050002 10000 100 2610 3566999 9728 10065
0a050003 0a080001 10000 100 88527 3478000 99288 38450
0a030006 0a060016 10000 100 11252 3550000 30789 12923
0a08000f 0a07001f 10000 100 96448 3392000 192300 41061
0a07001c 0a000003 10000 100 22766 3570999 18880 16730
0a050002 0a080009 10000 100 1033066 2893999 697805 350364
0a080007 0a080014 10000 100 430084 3386999 208580 146995
0a060006 0a090004 10000 100 734986 2756000 839763 251921
0a09001e 0a07001f 10000 100 291474 3297000 298908 105466
0a0b0019 0a090011 10000 100 33037 3242000 356666 20125
0a0b0002 0a01001b 10000 100 24564 3582000 17455 17321
0a030018 0a000018 10000 100 219434 3413999 185679 81676
0a02000f 0a0b0012 10000 100 16598 3588000 20174 14695
0a010016 0a0a0016 10000 100 24116 3062000 549662 17178
0a090020 0a0b001b 10000 100 3534724 969000 2643234 1176515
0a030004 0a030008 10000 100 102956 3498999 113800 38965
0a050015 0a090011 10000 100 65186 3200000 416583 30735
0a030003 0a09000a 10000 100 12207 3598000 22330 13244
0a0b0001 0a0b0004 10000 100 34367 3200999 423410 16310
0a0a0001 0a09000a 10000 100 184351 3550000 75860 70081
0a0a0020 0a040014 10000 100 78836 3439999 186065 35241
0a03001e 0a000019 10000 100 76485 3583999 42385 34458
0a050009 0a0a0009 10000 100 8298 3589000 41546 11947
0a0b000f 0a0b000c 10000 100 9008 3619999 10561 7950
0a0b001f 0a000010 10000 100 55867 3602999 29273 27661
0a02001c 0a0a0012 10000 100 11836 3588000 48753 13110
0a02000e 0a030018 10000 100 608971 3350999 286303 210306
0a07000f 0a000009 10000 100 54645 3595999 41768 27254
0a060013 0a07000f 10000 100 13124 3612000 25820 13537
0a050009 0a070011 10000 100 270 2553999 1084408 9301
0a02001c 0a070002 10000 100 31515 3586999 55673 19622
0a09000d 0a020020 10000 100 39093 3611000 35695 22124
0a080018 0a000003 10000 100 4298742 790000 2857371 1428819
0a000001 0a0a0010 10000 100 48736 2861999 789208 25302
0a0a0006 0a0b0011 10000 100 38264 3614000 40634 21843
0a01000d 0a04001f 10000 100 76801 2455000 1202637 34575
0a090007 0a0a000a 10000 100 24669 3578000 80933 17355
0a060006 0a03001f 10000 100 65640 3563999 95594 30880
0a09001c 0a070015 10000 100 9083 3484000 178657 12214
0a08000b 0a030009 10000 100 2403 2674000 991475 9999
0a080011 0a0a000a 10000 100 104338 3549000 118027 43663
0a07000d 0a09001b 10000 100 58689 3635999 32051 28594
0a05000d 0a06000a 10000 100 774895 2435999 1233367 265107
0a06001a 0a010020 10000 100 365062 3209000 460384 129767
0a00000e 0a03000b 10000 100 10121 3651000 18498 12546
0a040007 0a08001e 10000 100 11179 3478999 190663 12900
0a0a0006 0a030013 10000 100 4086809 571000 3098924 1358834
0a020010 0a010015 10000 100 29096 2955000 718981 18817
0a030007 0a01001a 10000 100 26743 3531999 145245 18034
0a02001e 0a0a0009 10000 100 82239 3589999 88070 36361
0a0a001e 0a010018 10000 100 75752 1660999 2018549 34224
0a040011 0a06000a 10000 100 828222 2771000 908894 282725
0a0a0007 0a050018 10000 100 662139 3145999 536322 227873
0a02000b 0a05001c 10001 100 842 3599999 90397 9484
0a08001b 0a01001f 10000 100 24391 3671999 19241 17266
0a020011 0a000011 10000 100 1028764 1309999 2382335 348941
0a05000d 0a010004 10000 100 85469 3458999 233915 37425
0a000008 0a01001e 10000 100 5245 3677999 16253 10939
0a0a0010 0a000006 10000 100 37407 3618000 76981 21554
0a0a0009 0a0a001b 10000 100 498226 3449999 246626 169507
0a02001e 0a0a0010 10000 100 100764 3586999 110260 42488
0a09001d 0a070010 10000 100 72445 2295000 1402413 33135
0a0a0019 0a090019 10000 100 3798561 2220000 1479228 1263646
0a050004 0a05000b 10000 100 72054 2301000 1401945 28769
0a05001c 0a090012 10000 100 104376 3618000 86335 43675
0a090004 0a040009 10000 100 63288 3579000 125464 30112
0a08000d 0a080019 10000 100 44744 3671999 35682 19738
0a070018 0a06000a 10000 100 395500 3377999 330832 139815
0a090020 0a0a0014 10000 100 25962 3338999 370236 17784
0a0a001e 0a03001b 10000 100 10959 1771999 1944464 12829
0a0b000d 0a09001c 10000 100 34236 3514000 202518 20508
0a06001c 0a030009 10000 100 85320 3665999 51850 37377
0a0a0003 0a010020 10000 100 131062 2628999 1092081 52491
0a02000c 0a01000c 10000 100 19989 3689000 35624 15811
0a060013 0a06000e 10000 100 51601 3667999 57145 22009
0a070014 0a08000f 10000 100 68353 3576000 152719 31779
0a070006 0a05001e 10000 100 3415046 1051999 2676982 1136989
0a050017 0a0a0015 10000 100 449665 3135000 594356 157700
0a070010 0a0a0012 10000 100 81076 2345999 1384493 35989
0a0b0002 0a03000b 10000 100 61193 3701999 29852 29411
0a06000b 0a070009 10000 100 74999 2635999 1097183 33967
0a070002 0a080013 10000 100 5597550 895999 2839833 1857739
0a04000d 0a0b0010 10000 100 373529 3601000 137158 132569
0a090009 0a0a000f 10000 100 57292 3683000 58941 28132
0a03001d 0a080017 10000 100 1031603 2912999 833177 349880
0a040008 0a030019 10000 100 77183 3638000 110188 34697
0a05000c 0a040007 10000 100 623670 2403999 1352536 215164
0a02001f 0a09000a 10000 100 101945 3680999 76355 42866
0a09000f 0a0a0009 10000 100 87985 3454000 309906 38261
0a030004 0a03000f 10000 100 19408 3573999 192972 11370
0a090016 0a050003 10000 100 3073 3755999 11633 10229
0a070020 0a040004 10000 100 5171852 630000 3138628 1717153
0a00000b 0a0a0009 10000 100 648012 2922999 851947 223214
0a060008 0a0b001d 10000 100 97822 2668999 1109101 41516
0a090010 0a030012 10000 100 49466 3720999 57558 25536
0a0b0015 0a050007 10000 100 14522 3690000 89566 14000
0a010007 0a0a0012 10000 100 87423 3714999 67104 38081
0a05001f 0a0b000c 10000 100 73685 3706999 75898 33547
0a010004 0a07000f 10000 100 97165 3712000 72567 41291
0a0b0012 0a0a0010 10000 100 104358 3704999 82574 43669
0a090017 0a0a0019 10000 100 5492 3710999 77344 11018
0a0b001a 0a070005 10000 100 273177 3603999 188503 99427
0a05001a 0a00001e 10000 100 18828 3775999 22190 15424
0a090003 0a020009 10000 100 20977 3762999 39605 16127
0a02000a 0a0b000b 10000 100 49829 3727999 75161 25667
0a050005 0a02001e 10000 100 42210 3739999 63929 23152
0a05000a 0a010020 10000 100 46174 3608999 196155 24451
0a0b000f 0a030008 10000 100 75838 3746999 58695 34251
0a0a0005 0a02000c 10000 100 103547 3693999 112259 43410
0a010016 0a090017 10000 100 30147 3694999 111418 19169
0a01000e 0a010007 10000 100 58188 3739000 70645 24179
0a090011 0a030005 10000 100 44559 3387999 423593 23919
0a06001a 0a0b000a 10000 100 276516 2923999 889034 100526
0a020007 0a070013 10000 100 5761402 603000 3210251 1911846
0a09001c 0a04001b 10000 100 476866 3027000 793914 166681
0a04001b 0a02000d 10000 100 4512521 919000 2902225 1499424
0a03000e 0a070005 10000 100 71481 3469999 351241 32811
0a06000e 0a0a000b 10000 100 27288 3779999 42496 18224
0a06000a 0a0a001f 10000 100 76661 3785000 37500 34530
0a04000e 0a00001f 10000 100 66768 3765999 59566 31256
0a070018 0a000014 10000 100 17168 3717999 108457 14878
0a05000c 0a000009 10001 100 89562 2847999 978820 38781
0a0b0002 0a080008 10000 100 32471 3807000 20402 19928
0a07001f 0a010020 10000 100 1019666 3037999 792232 345937
0a05000b 0a0b0008 10000 100 84250 2426999 1405648 37035
0a00001d 0a01000f 10000 100 16256 3804000 29103 14570
0a090002 0a09000f 10000 100 44804 3514999 320067 19758
0a060006 0a020018 10000 100 68745 3735000 100100 31904
0a09001e 0a020018 10000 100 3725 3775999 59613 10438
0a040013 0a08000f 10000 100 75645 3608999 227356 34189
0a080009 0a060013 10000 100 480917 3213000 623379 168024
0a040012 0a03001f 10000 100 76084 3772000 66326 34330
0a0a0002 0a07000c 10000 100 320102 3618999 219905 114919
0a010016 0a030016 10000 100 62737 3697999 141082 29920
0a05001d 0a01001f 10000 100 33009 3812999 32683 20116
0a020015 0a0b0020 10000 100 44913 2814999 1033476 24032
0a000010 0a070010 10000 100 626794 1789999 2058736 216194
0a040017 0a05000e 10000 100 24510 3831000 18334 17304
0a090016 0a00000d 10000 100 734922 2014000 1836721 251901
0a000019 0a080001 10000 100 285491 3556999 294058 103490
0a02000c 0a0a0017 10000 100 1023896 2782999 1068955 347337
0a020019 0a000017 10000 100 6130862 968000 2886867 2033867
0a03000c 0a00001b 10000 100 52751 3269000 586813 26633
0a050009 0a06001f 10000 100 20230 3801000 56288 15888
0a0b000c 0a060002 10000 100 10759 3836000 23242 12765
0a040014 0a080005 10000 100 64567 3088000 775858 30537
0a05001b 0a06001d 10000 100 36917 3090999 774476 21397
0a04001f 0a09001c 10000 100 80526 3566999 302737 35797
0a060007 0a000018 10000 100 23490 3850999 18874 16962
0a0b0011 0a0b001c 10000 100 6606810 114999 3757281 2186800
0a090003 0a000010 10000 100 59451 3782000 91725 28838
0a02000b 0a08001e 10000 100 86599 3693999 185069 37802
0a03001b 0a090014 10000 100 23955 3856000 23900 17111
0a08001c 0a02000f 10000 100 40894 3857000 26283 22716
0a06000f 0a0a0010 10000 100 101784 3788000 95320 42815
0a050011 0a0a0018 10000 100 61011 3261000 622788 29353
0a090019 0a02000d 10000 100 61798 3632999 255426 29620
0a020005 0a080002 10000 100 62665 3288999 602286 29897
0a000002 0a0a0014 10000 100 39430 3449999 451162 22232
0a06001c 0a080008 10000 100 42443 3877999 23691 23227
0a090003 0a070011 10000 100 19492 2890000 1017987 15637
0a030002 0a0b0011 10000 100 401842 3759999 148152 141905
0a070013 0a010004 10000 100 9522 2605000 1303871 12354
0a040017 0a080005 10000 100 4487219 1657999 2252569 1491067
0a020002 0a02001b 10001 100 52356 3373999 537437 22251
0a07000b 0a01000f 10000 100 21960 3882000 30059 16457
0a070019 0a0a0012 10000 100 76790 3402000 512149 34571
0a010003 0a090005 10000 100 902198 2514999 1399640 307150
0a010012 0a0a0010 10000 100 85148 3534999 382011 37322
0a010013 0a030001 10000 100 175294 3769000 148402 67091
0a080005 0a050014 10000 100 59805 3154999 763791 28952
0a06000e 0a09001e 10000 100 865408 3544999 374237 294993
0a0b001f 0a02001f 10000 100 40756 3897999 23345 22672
0a06001b 0a03000b 10000 100 78683 3886000 40320 35192
0a0a000b 0a04001a 10000 100 599317 2933999 997935 207125
0a03000b 0a06000f 10000 100 29480 3906000 27658 18940
0a0b000c 0a070012 10000 100 137256 3762999 171158 54535
0a0b0011 0a060019 10000 100 74331 3851999 84336 33753
0a070009 0a0b0009 10000 100 29797 3318999 617697 19042
0a05001c 0a02001b 10000 100 747546 3402000 536672 256079
0a0a000f 0a040003 10000 100 2538 3929000 10991 10042
0a06000e 0a080012 10000 100 55013 3911000 29048 27372
0a080018 0a000006 10000 100 61618 3289999 650220 29562
0a04000c 0a060007 10000 100 37647 3700999 239556 21646
0a030013 0a010007 10000 100 62761 1994999 1947780 29928
0a04001b 0a090008 10000 100 18854 1773999 2169195 15432
0a090019 0a070013 10000 100 826638 2331999 1613306 282202
0a0a0013 0a000013 10000 100 756412 3575000 371897 259008
0a0a0009 0a04000c 10000 100 139153 3713999 235507 55157
0a0a0012 0a060010 10000 100 8343475 943000 3006657 2764559
0a02000f 0a01001a 10001 100 103340 3691999 257980 43328
0a010003 0a01001d 10000 100 97716 3762000 190534 37242
0a0b000f 0a07001e 10000 100 100079 3867000 86288 42254
0a0a0005 0a070013 10000 100 476703 2263999 1691707 166629
0a090004 0a0b0004 10000 100 72528 3844999 111324 33161
0a020018 0a000004 10000 100 5201 3850999 110393 10925
0a080001 0a06000d 10000 100 53950 2984999 977519 27016
0a020019 0a0b000a 10000 100 875094 2500000 1464461 298200
0a03001c 0a080019 10000 100 53438 3922000 42558 26853
0a060010 0a0b0020 10000 100 96097 3236999 729814 40949
0a070009 0a060014 10000 100 4858 3354999 612977 10816
0a05000f 0a050015 10000 100 36767 3908000 61171 17109
0a01000e 0a060016 10000 100 78185 3824999 144394 35033
0a030010 0a080017 10000 100 81811 3222000 748031 36224
0a07001d 0a060010 10000 100 103020 3915000 56804 43226
0a080005 0a050005 10000 100 427271 3033000 939134 150304
0a04000a 0a080005 10000 100 15811 3321000 653597 14428
0a0a001e 0a03000a 10000 100 9968 2121000 1853863 12497
0a05000e 0a0b001b 10000 100 8440 2707999 1267666 11992
0a02000b 0a0a001e 10000 100 40698 1951000 2025287 22653
0a09001e 0a09001c 10000 100 3686412 2360999 1615657 1222366
0a08001a 0a08001f 10000 100 532673 2707000 1269797 180883
0a0b001c 0a0a0001 10000 100 12058 3067999 909895 13196
0a0b000d 0a020001 10000 100 655 2778999 1199309 9424
0a0b001a 0a080011 10000 100 78849 3893999 86836 35245
0a070019 0a060003 10000 100 49718 3461000 520123 25632
0a070015 0a08001c 10000 100 92612 3886000 101092 39788
0a050001 0a010002 10000 100 35574 3935000 55453 20952
0a03000f 0a000015 10000 100 57699 3628999 366139 28262
0a040019 0a070001 10000 100 17471 3974000 21531 14975
0a07001d 0a00000c 10000 100 65843 3893000 104668 30945
0a01001a 0a00001d 10000 100 24574 3821000 180834 17324
0a05000f 0a08000c 10000 100 66578 3847999 154153 31196
0a01000b 0a03001f 10000 100 953836 3151000 851479 324196
0a080016 0a08001a 10000 100 15154 3980000 25541 9978
0a07000f 0a070003 10000 100 22870 3987000 20743 12524
0a0a000f 0a010007 10000 100 97909 3922000 86249 41544
0a000017 0a08001f 10000 100 642177 2664000 1344699 221286
0a080020 0a030009 10000 100 879 3935000 76090 9496
0a020019 0a0a0002 10000 100 75479 3972999 39044 34136
0a02001f 0a040001 10000 100 43198 3972999 40828 23468
0a02000a 0a030008 10000 100 59967 3931999 83414 29003
0a070002 0a05000b 10000 100 662716 1971999 2046805 228058
0a02000d 0a0b0004 10000 100 90425 3720999 304362 39072
0a07000d 0a02001c 10000 100 54832 3900999 126871 27314
0a0b0004 0a01001b 10000 100 49193 3998999 31762 25448
0a0b0007 0a080002 10000 100 264605 2798999 1233404 96592
0a040001 0a040003 10000 100 1015141 2870000 1164280 340203
0a0b0013 0a02001b 10000 100 815443 3065000 972287 278497
0a0a001f 0a08001a 10000 100 24191 3998999 44895 17202
0a090006 0a0a001d 10000 100 745626 2265000 1780464 255449
0a080005 0a060004 10000 100 11777 3507000 540006 13091
0a000019 0a020004 10000 100 258757 3199000 849965 94659
0a0a0009 0a050003 10000 100 77289 4006000 45731 34731
0a060017 0a09001c 10000 100 64681 2112000 1955920 30573
0a000004 0a050008 10000 100 50017 3840000 229261 25727
0a040009 0a060002 10000 100 25550 4002000 67864 17652
0a00001c 0a000010 10000 100 249083 3877999 202541 87231
0a02001f 0a090007 10000 100 68494 3994000 88715 31824
0a070006 0a030019 10000 100 18471 4061999 21451 15310
0a020003 0a0b0020 10000 100 153176 3154999 931904 59798
0a0b001b 0a030009 10000 100 1046685 2601000 1488351 354860
0a040020 0a050014 10000 100 92390 3989000 101868 39717
0a08000b 0a05000e 10000 100 554467 2510000 1581807 192312
0a04001a 0a06001c 10000 100 37133 3791999 300608 21466
0a03000b 0a01000c 10000 100 58464 4057999 37101 28507
0a07000d 0a05000f 10000 100 81845 3969000 127175 36235
0a010017 0a020016 10000 100 14723 4050999 46061 14064
0a0b0013 0a080017 10000 100 1009388 2719000 1388661 342541
0a07000e 0a03000a 10000 100 101773 3828999 282884 42811
0a010019 0a010006 10000 100 5423 4106000 8929 6756
0a000016 0a000019 10000 100 57760 4073000 43543 24042
0a020019 0a050010 10000 100 89103 4074999 43358 38634
0a010016 0a0b0015 10000 100 74310 4001000 117985 33747
0a000002 0a08000e 10000 100 76147 4009999 109438 34350
0a010005 0a070013 10000 100 86651 3049000 1071105 37819
0a0a0010 0a050011 10000 100 17199 3769999 350788 14888
0a010008 0a0b0015 10000 100 57215 4026000 101934 28107
0a00000c 0a0b0009 10000 100 833342 2844000 1284612 284409
0a03000c 0a030012 10000 100 3195 3514000 617446 6028
0a0b0004 0a060016 10000 100 21612 4009000 126312 16346
0a000004 0a03000f 10000 100 828855 2497000 1640622 282927
0a07001d 0a09001a 10000 100 58507 4091000 48165 28536
0a000006 0a030003 10000 100 309943 3995000 145980 111561
0a0b000c 0a030014 10000 100 43838 4061000 80884 23688
0a0a0019 0a0a0007 10000 100 879350 3343000 803289 295368
0a020006 0a090004 10000 100 12608 4081000 69787 13372
0a050009 0a050019 10000 100 24069 4122999 29859 12923
0a0a000a 0a060017 10000 100 5448239 371000 3787282 1808439
0a040004 0a05001e 10000 100 54017 2053000 2105695 27053
0a070019 0a08001b 10000 100 7644 3684999 473764 11738
0a050007 0a090010 10000 100 73150 4039000 121782 33360
0a0a0006 0a020011 10000 100 575461 3911999 251709 199245
0a030016 0a04001f 10000 100 104779 4108999 61926 43804
0a080001 0a020004 10000 100 3426 3647000 525069 10342
0a020016 0a07000c 10000 100 76192 4132000 42883 34364
0a06001b 0a05000f 10000 100 19819 4148999 26301 15757
0a040006 0a01001c 10000 100 66976 4081000 97990 31323
0a06000c 0a000003 10000 100 81428 4091000 90513 36101
0a0b0019 0a030005 10000 100 664817 3915000 267043 228761
0a06001d 0a08001e 10000 100 102562 3213000 970005 43079
0a06000b 0a0b0008 10000 100 29629 3210000 974507 18988
0a01001b 0a080005 10000 100 22624 3697999 486536 16685
0a090017 0a040012 10000 100 71854 4102999 82277 32930
0a04001a 0a010001 10000 100 63950 3864999 321975 30324
0a02001b 0a01001a 10000 100 8994664 513000 3674374 2979606
0a0a001a 0a090001 10000 100 18944 4148999 43732 15461
0a090004 0a030010 10000 100 84965 3766999 427286 37264
0a0a0016 0a00001c 10000 100 48454 3465999 728506 25212
0a01001f 0a030012 10000 100 73073 4089999 106897 33336
0a01001f 0a02001a 10000 100 63374 4105000 94577 30140
0a080017 0a03000d 10000 100 82467 3589000 611499 36434
0a09001d 0a080001 10000 100 100880 3837000 364665 42526
0a0b000b 0a07001f 10000 100 409817 3948000 255208 144550
0a0a001d 0a06000d 10000 100 40962 2461000 1743388 22737
0a0b001d 0a090003 10000 100 60130 2748000 1458320 29071
0a040006 0a060011 10000 100 99667 4050999 155786 42122
0a00001d 0a050020 10000 100 520103 3472999 733811 180962
0a0a001b 0a05000a 10000 100 14243 4185999 21469 13911
0a01001f 0a040011 10000 100 8066 4192000 17058 11873
0a060017 0a0b0005 10001 100 43594 2186000 2024337 23610
0a07000c 0a020013 10000 100 49365 3328999 881709 25503
0a030017 0a010012 10000 100 51900 3354000 861356 26345
0a040017 0a000016 10000 100 4105 4204000 11814 10559
0a070013 0a060019 10000 100 83086 3494999 723124 36647
0a00001e 0a090006 10000 100 88233 3906999 318464 38340
0a040011 0a0b0019 10000 100 36104 4180999 44965 21137
0a03000b 0a060006 10000 100 51473 4200999 26826 26208
0a02000e 0a0a0002 10000 100 2102 4197000 41921 9903
0a00000c 0a03000c 10000 100 885360 2724999 1515982 301592
0a060011 0a0b0001 10000 100 17308 3592999 648041 14922
0a07000d 0a0a0019 10000 100 480205 3746999 498084 167796
0a020006 0a09000a 10000 100 5986 4112000 133594 11176
0a06001c 0a07000b 10000 100 31715 4216000 32260 19686
0a020012 0a0a001a 10000 100 56486 4139999 109219 27859
0a03001e 0a040009 10000 100 40286 4222000 29771 22506
0a01000b 0a050003 10000 100 66085 4122999 129009 31038
0a07001b 0a02001c 10000 100 44323 4154999 97518 23844
0a040011 0a010007 10000 100 101711 4050999 206395 42792
0a050006 0a0b0004 10000 100 75933 4160999 99855 34281
0a02001a 0a070020 10000 100 95965 4185000 76272 40891
0a02000c 0a010015 10000 100 65898 3310000 953046 30963
0a090014 0a00000b 10000 100 76283 4109999 155858 34393
0a080015 0a010012 10000 100 145690 3667999 602058 57326
0a040003 0a050013 10000 100 22 4016999 255061 9222
0a040002 0a020009 10000 100 17846 3420999 851951 15095
0a050015 0a03000c 10000 100 1017394 2903999 1370953 345195
0a030020 0a0b001a 10000 100 114271 3595999 679424 46949
0a060003 0a060011 10000 100 61680 4206999 71010 25342
0a07001d 0a010006 10000 100 40303 4244000 36783 22511
0a070013 0a0b0005 10000 100 26750 3727999 554453 18036
0a0b001b 0a03000d 10000 100 68617 3334000 949275 31864
0a080012 0a04000b 10000 100 559874 3890999 392680 194104
0a08000d 0a050001 10000 100 33001 4252999 30855 20113
0a020007 0a080014 10000 100 24130 4266999 18337 17182
0a06000f 0a050011 10000 100 69699 3539000 756147 32225
0a030006 0a020014 10000 100 82951 4238999 58644 36604
0a090018 0a05001f 10000 100 66925 3013000 1285036 31307
0a02000d 0a070010 10000 100 5235968 812000 3486264 1738331
0a02001e 0a09001a 10000 100 6363 4272999 30658 11312
0a06000c 0a010005 10000 100 428061 3985999 318827 150572
0a060018 0a050005 10000 100 24488 4264000 42366 17297
0a000002 0a030007 10000 100 773094 3465999 844358 264515
0a08001e 0a030003 10000 100 24487 4278999 32975 17296
0a030005 0a08001b 10000 100 382243 3899000 414330 135434
0a0a0012 0a070012 10000 100 20248 4190000 123438 15894
0a080012 0a04000b 10001 100 23570 4276000 37482 16988
0a050010 0a05001f 10000 100 78294 4140999 172808 30828
0a03001b 0a020013 10000 100 8640180 293000 4023276 2862546
0a05001e 0a00000d 10000 100 632284 1237999 3083888 218012
0a0a0017 0a050004 10000 100 8634 3824000 499179 12055
0a0a0010 0a02000f 10000 100 78441 4174999 149768 35115
0a09000b 0a04001c 10000 100 55389 4009000 317461 27492
0a0a001d 0a04000e 10000 100 74988 3151999 1174745 33964
0a090005 0a000015 10000 100 41918 4181999 146953 23043
0a05000a 0a0b0007 10000 100 89947 3395000 934890 38904
0a030005 0a03001f 10000 100 65213 4248000 83822 26504
0a07001c 0a00001a 10000 100 619401 2560999 1772004 213752
0a050020 0a090017 10000 100 7926 4146000 188183 11828
0a070014 0a0a0020 10000 100 19461 4172999 162742 15627
0a050005 0a090012 10000 100 5059 4317999 18546 10880
0a05001e 0a010001 10000 100 4010485 956000 3381650 1333627
0a050013 0a050007 10000 100 12348 4081000 259403 9049
0a080013 0a010006 10000 100 824331 1753000 2587988 281433
0a040017 0a05001e 10000 100 6437 2585000 1757400 11336
0a070013 0a010001 10000 100 27939 4072000 272060 18432
0a0b000a 0a080002 10000 100 91684 3619999 729583 39491
0a05000b 0a050003 10000 100 93081 2687999 1662039 35713
0a000017 0a0a000c 10000 100 27147 3989999 360629 18178
0a02000a 0a07001d 10000 100 101403 4236000 114777 42693
0a010015 0a06001a 10000 100 40765 3455999 898451 22674
0a060016 0a080020 10000 100 22058 3913999 440719 16488
0a0b0004 0a06001c 10000 100 55530 4325999 31348 27553
0a080012 0a00000b 10000 100 36532 4243000 114666 21274
0a0b000d 0a01001c 10000 100 86562 4292999 65896 37790
0a0b001c 0a01000e 10000 100 65376 3302999 1056857 30796
0a000020 0a02000d 10000 100 70450 4035000 325247 32465
0a070006 0a08001d 10000 100 37644 3379000 981555 21645
0a060011 0a08001b 10000 100 66527 4283999 81563 31179
0a040005 0a03000e 10000 100 913636 2831000 1538735 310933
0a040016 0a070002 10000 100 35929 4146000 227922 21065
0a06000d 0a060020 10000 100 25899 3230999 1144184 13524
0a0a0010 0a01000f 10000 100 3814 4361000 14407 10466
0a05000f 0a020008 10000 100 68841 4272999 103446 31935
0a05001f 0a00000b 10000 100 8988 4231000 146261 12168
0a0a0002 0a020013 10000 100 46176 3471999 907134 24452
0a000010 0a060002 10000 100 94895 4229000 153937 40549
0a000007 0a02001d 10000 100 623679 3252000 1133266 215167
0a03001c 0a00001b 10000 100 78093 4312999 72968 35003
0a000019 0a010019 10000 100 503781 3854999 531773 175570
0a03001b 0a0b0008 10000 100 1970 4376999 11178 9861
0a07000c 0a07000f 10000 100 57343 4347000 43053 23908
0a030002 0a040002 10000 100 51470 3514000 877458 26208
0a0b0010 0a05001d 10000 100 19757 4329999 63034 15737
0a03001c 0a09000a 10000 100 766249 3930000 464944 262248
0a05001c 0a070013 10000 100 73082 4165000 232606 33338
0a070007 0a000001 10000 100 87711 3304000 1093706 38173
0a050006 0a070013 10000 100 8689 4112000 286210 12072
0a08001f 0a0b0020 10000 100 592032 2566000 1836015 204717
0a01001c 0a05001a 10000 100 78212 4355000 51544 35041
0a030015 0a080003 10000 100 63956 3439999 967050 30326
0a010008 0a040020 10000 100 44791 4355000 53305 23993
0a080003 0a060015 10000 100 494389 3360999 1051668 172473
0a0a000c 0a08001a 10000 100 640254 3101000 1321444 220640
0a060017 0a060012 10000 100 23021 2527000 1896459 12572
0a00000e 0a020009 10000 100 13735 4379000 45662 13748
0a08001e 0a07001d 10000 100 258184 4238999 187937 94476
0a04001e 0a010019 10000 100 10060 4216000 211912 12526
0a0b0020 0a0a001e 10000 100 3309504 393000 4038075 1102140
0a01000d 0a090012 10000 100 22274 2778000 1659669 16558
0a080019 0a090006 10000 100 543104 3831999 606735 188568
0a02000b 0a0b001d 10000 100 1013592 2582000 1857929 343932
0a05000c 0a090018 10000 100 87343 2432999 2010343 38056
0a0a001c 0a0a0020 10000 100 75505 4031999 412160 29904
0a09000d 0a0a001c 10000 100 11858019 64999 4383204 3925202
0a07000c 0a03001e 10000 100 375436 4285999 163543 133194
0a05001a 0a0a0007 10000 100 67976 4236000 214987 31658
0a000011 0a0a0020 10000 100 74146 2639999 1812760 33694
0a070007 0a090015 10000 100 24597 4364999 88506 17332
0a070015 0a070013 10000 100 99419 4198000 257992 37803
0a050008 0a080010 10000 100 89628 4408999 48313 38802
0a03001a 0a0a0007 10000 100 11038905 375999 4081357 3654699
0a070007 0a080006 10000 100 5940629 375999 4083636 1971042
0a090005 0a000007 10000 100 200050 3563999 895799 75274
0a0a0015 0a0a0012 10000 100 89707 4179000 284878 34587
0a040015 0a09000a 10000 100 765762 4002999 462012 262092
0a090014 0a070001 10000 100 575176 3965999 499497 199154
0a050012 0a03001f 10000 100 83492 4422999 45782 36777
0a030004 0a010002 10000 100 6980 4455999 18213 11510
0a07001e 0a07001a 10000 100 90388 4255000 222900 34821
0a0b0019 0a0a001b 10000 100 26856 4454999 26975 18070
0a0b001d 0a0b0011 10000 100 92507 3020999 1464943 35514
0a04000f 0a05000a 10000 100 103813 3111000 1375283 43495
0a0a001d 0a030017 10000 100 70706 2916000 1572214 32563
0a0b0006 0a040008 10000 100 101508 4179999 310212 42727
0a02000e 0a08001e 10000 100 19397 4420999 71723 15606
0a090009 0a080008 10000 100 33343 4351999 141283 20223
0a090009 0a07001d 10000 100 34535 4342999 151947 20619
0a06001c 0a040018 10000 100 481703 4122999 375325 168290
0a060014 0a040008 10000 100 28971 4464000 37305 18777
0a0b001c 0a0a0014 10000 100 90326 3154000 1348310 39041
0a050013 0a0a001d 10000 100 98505 3181999 1321087 41735
0a050003 0a030013 10000 100 62143 2203999 2299635 29730
0a0b000f 0a04001e 10000 100 48580 4146000 358235 25252
0a020006 0a08001b 10000 100 18572 4491000 15616 15342
0a01001a 0a0a0001 10000 100 27125 4329000 177979 18171
0a000006 0a07001c 10000 100 12672 4486000 21610 13393
0a080002 0a0b0007 10000 100 51206 3690000 817847 26123
0a050016 0a0a0009 10000 100 928227 2622999 1885030 315740
0a020018 0a0b001b 10000 100 34857 3717999 790377 20722
0a030017 0a000010 10000 100 15707 3663000 845600 14395
0a030014 0a03000c 10000 100 76059 3784000 727630 30082
0a070004 0a05000b 10000 100 4620458 1217999 3299955 1535070
0a00000c 0a05000b 10000 100 679 2811000 1707195 9432
0a000004 0a0a0018 10000 100 556409 3199000 1319577 192949
0a02000a 0a070017 10000 100 3021629 1693999 2826275 1007071
0a060019 0a00001e 10000 100 51289 4279999 241680 26150
0a08000d 0a010001 10000 100 2543 4512000 11036 10044
0a040019 0a02000c 10000 100 10711 4499999 23379 12750
0a000020 0a04001f 10000 100 4818683 1134000 3393396 1600530
0a0a000f 0a060007 10000 100 43318 4505000 24433 23507
0a0a001b 0a0b0016 10000 100 140982 3987000 543868 55758
0a070006 0a090015 10000 100 13109 4500999 29995 13533
0a070004 0a0a001a 10000 100 65421 4473000 60507 30810
0a060009 0a06000a 10000 100 586290 2344000 2191472 198578
0a08001d 0a010006 10000 100 42805 3429999 1106574 23343
0a090010 0a03000b 10000 100 518960 4125000 411872 180581
0a000011 0a000006 10000 100 220697 2619999 1920444 77856
0a080008 0a00000e 10000 100 56480 4452000 88451 27857
0a02001a 0a000013 10000 100 58822 4302000 242182 28637
0a00001a 0a010002 10000 100 75883 3086999 1459383 34265
0a01001a 0a0a0018 10000 100 723180 3949000 598846 248036
0a09000c 0a0b0016 10000 100 563566 3778999 774175 195316
0a09001c 0a060016 10000 100 943969 3320000 1233911 320946
0a050013 0a03000b 10000 100 750679 3911000 644029 257112
0a020006 0a09000a 10001 100 83798 4401000 155357 36875
0a05001e 0a000018 10000 100 39100 2736000 1822593 22126
0a0b000c 0a010007 10000 100 31277 4466000 94332 19531
0a02001a 0a020013 10000 100 51756 3644000 917694 22059
0a030017 0a09001c 10000 100 25298 3510999 1050774 17556
0a000007 0a000004 10000 100 58349 3911999 654874 24230
0a01001a 0a080002 10000 100 94884 4475999 92475 40545
0a0a0005 0a03000f 10000 100 50990 4333000 238490 26039
0a000018 0a080006 10000 100 448145 2262999 2308724 157199
0a070001 0a060016 10000 100 6000170 1288999 3288676 1990709
0a02001e 0a050002 10000 100 50743 4510000 68302 25960
0a06001e 0a03001b 10000 100 61858 4534999 44452 29639
0a0b0005 0a06001e 10000 100 96295 4096999 485672 41012
0a070005 0a080019 10000 100 91144 4481999 101651 39303
0a0b000f 0a060010 10000 100 9279 4401000 184773 12276
0a020009 0a030002 10000 100 67652 4532999 54180 31555
0a05000e 0a010006 10000 100 53443 4495999 97488 26854
0a0b000a 0a0b0002 10000 100 19998 3867000 728394 11574
0a0b0006 0a0b0014 10000 100 10123 4564000 32005 8306
0a0a0010 0a000006 10001 100 32364 4545999 53665 19894
0a06001a 0a060013 10000 100 59381 4525999 77079 24576
0a05001f 0a010011 10000 100 6298801 1103999 3500559 2089328
0a06001a 0a010005 10000 100 42342 4540999 65104 23194
0a060006 0a080008 10000 100 66774 4505999 103797 31258
0a0a0008 0a08000e 10000 100 184703 4423999 186113 70209
0a0a0001 0a06001a 10000 100 50265 4401999 208996 25807
0a090005 0a040010 10000 100 59748 4486999 124920 28933
0a020003 0a040004 10000 100 44419 3285999 1329429 23874
0a03001c 0a08001b 10000 100 31762 4598999 19711 19701
0a08000b 0a0a0004 10000 100 100580 3082000 1541694 42430
0a090004 0a000015 10000 100 12142679 157999 4467360 4019211
0a030018 0a000008 10000 100 3984 4612999 12501 10520
0a03000f 0a06000b 10000 100 3606696 2105999 2521156 1200283
0a04001e 0a01000d 10000 100 1035399 2063000 2566596 351141
0a02001b 0a050013 10000 100 25176 4392000 238805 17517
0a000009 0a070010 10000 100 50110 3517999 1114088 25757
0a04001f 0a090003 10000 100 80283 4566999 67403 35720
0a0b0011 0a050018 10000 100 690958 3618000 1018849 237387
0a010013 0a07000c 10000 100 54440 4471000 166481 27189
0a090002 0a0a0014 10000 100 995325 3452999 1184786 337903
0a070004 0a04000c 10000 100 99209 4553999 84896 41976
0a000004 0a030018 10000 100 45480 4451000 191776 24229
0a090002 0a020013 10000 100 75297 3684999 957908 34078
0a0a001e 0a090012 10000 100 73921 3186000 1458214 33622
0a02001c 0a01000c 10000 100 56167 4543000 104020 27757
0a070005 0a000007 10000 100 61863 4067000 581532 29641
0a03000f 0a00000e 10000 100 86661 4362000 288303 37822
0a040005 0a05000a 10000 100 4956304 559000 4091588 1645982
0a060006 0a050013 10000 100 19678 4564000 88613 15712
0a0b0001 0a0a001c 10000 100 142238 3576999 1075619 56175
0a050002 0a060003 10000 100 32862 4617999 35998 20053
0a090010 0a09000f 10000 100 830809 3488999 1165020 279328
0a04001e 0a020012 10000 100 745123 4024999 629308 255273
0a000016 0a07000b 10000 100 12978 4636999 17749 13491
0a0b001c 0a00000b 10001 100 844796 3230999 1423971 288197
0a09001c 0a0a0019 10000 100 104304 4503000 151993 43652
0a000008 0a020014 10000 100 91102 4586999 70928 39289
0a0b0003 0a0b0004 10000 100 333476 2014999 2643281 115097
0a0b0011 0a07001f 10000 100 7779 4433000 226231 11781
0a00000a 0a09000f 10000 100 793990 3464000 1198779 271417
0a020002 0a010009 10000 100 85925 3742999 924475 37586
0a07001c 0a03001a 10000 100 35327 4640000 28773 20873
0a01001f 0a04001e 10000 100 901406 3700999 967799 306881
0a020019 0a000004 10000 100 26361 4324999 344140 17912
0a080014 0a07001d 10000 100 10009 4648000 22246 12510
0a01001d 0a050016 10000 100 4701313 1286999 3386150 1561773
0a010006 0a04000e 10000 100 3420452 3459999 1216231 1138780
0a090015 0a090011 10000 100 20716 4163000 516072 11804
0a0a0015 0a07000f 10000 100 51913 4387000 299303 26349
0a01000e 0a040001 10000 100 95284 4582000 105597 40673
0a090002 0a0a001e 10000 100 36016 3367999 1327133 21109
0a080006 0a050010 10000 100 93465 2553000 2148035 40076
0a070001 0a040018 10000 100 253871 4190000 511586 93049
0a080017 0a040008 10000 100 42939 4061000 641968 23385
0a06000e 0a0a001b 10000 100 37061 4632999 73694 21443
0a030003 0a00000c 10000 100 29490 4688999 19437 18944
0a010007 0a090016 10000 100 79833 4648000 62701 35576
0a0a000b 0a0b0020 10000 100 3834928 1129999 3585524 1275652
0a090012 0a010005 10000 100 20627 4689999 29945 16015
0a070017 0a090015 10000 100 100546 4022999 696977 42419
0a040016 0a030009 10000 100 12465 4693000 31020 13327
0a030009 0a02001a 10000 100 84832 4595000 129576 37221
0a00001b 0a0a001c 10000 100 55086 4696999 29823 27395
0a05001e 0a010012 10000 100 26186 2817000 1913205 17856
0a070006 0a050013 10000 100 33487 4667000 72503 20269
0a03001d 0a02000c 10000 100 643577 4052000 688605 221749
0a070007 0a070011 10000 100 41905 3504000 1236839 18799
0a01000d 0a0b0005 10000 100 76526 2879000 1862702 34487
0a070005 0a0a0011 10000 100 4003429 2946999 1796426 1331293
0a01000e 0a03001b 10000 100 855340 4118000 625655 291679
0a0a001b 0a07001d 10000 100 52743 4699000 44666 26630
0a060015 0a0b0009 10000 100 7259 4138000 606901 11599
0a0a001d 0a090020 10000 100 45724 3392000 1354289 24307
0a010001 0a090006 10000 100 39601 4061999 686134 22287
0a06001a 0a050013 10000 100 102688 4598999 149773 43120
0a000015 0a03000f 10000 100 90358 4576000 174723 39051
0a060007 0a010007 10000 100 69648 4683999 66953 32209
0a040017 0a06000d 10000 100 80034 3474000 1278397 35640
0a02001f 0a01000f 10000 100 74307 4713000 39693 33746
0a080012 0a010014 10000 100 49147 4712000 42372 25433
0a090011 0a080010 10000 100 91747 4074999 679391 39511
0a000020 0a08001a 10000 100 147113 4462999 291498 57796
0a050007 0a0b0010 10000 100 54069 4712000 45487 27070
0a07000b 0a080011 10000 100 53734 4673000 92725 26947
0a030013 0a00001d 10000 100 14669 2314999 2450823 14047
0a02001b 0a010004 10000 100 1411 4752000 15299 9666
0a050009 0a010013 10000 100 81175 4511000 257196 36020
0a06000c 0a06000b 10000 100 255467 3408000 1366922 89336
0a02000c 0a070018 10000 100 52894 4700000 80112 26679
0a050004 0a03001b 10000 100 96343 4048000 732688 41028
0a050020 0a02001f 10000 100 15203 4678999 101952 14233
0a050012 0a010015 10000 100 210469 3631000 1151184 78715
0a050019 0a040016 10000 100 97056 4579999 203291 41256
0a0a0008 0a020009 10000 100 318762 4435999 352916 114475
0a09000c 0a010004 10000 100 94831 4606999 184226 40528
0a060004 0a020013 10000 100 491415 3337000 1455619 171490
0a030006 0a080012 10000 100 35828 4768999 24410 21033
0a080004 0a030009 10000 100 58389 4648000 145698 28483
0a0b001d 0a030002 10000 100 103218 3204999 1588986 43289
0a060003 0a020004 10000 100 36493 4287000 508167 21261
0a090012 0a000007 10000 100 70780 4238999 556504 32586
0a060011 0a040010 10000 100 64461 4629999 167741 30488
0a080005 0a0b0012 10000 100 6593 4433000 367112 11386
0a03000e 0a02001e 10000 100 9222646 1211999 3591067 3054895
0a000004 0a02001c 10001 100 668967 3393000 1417855 230120
0a010003 0a050002 10000 100 1047824 3246000 1576172 355240
0a0a0010 0a020010 10000 100 99520 4146000 677152 42075
0a080003 0a090005 10000 100 69789 4789999 33269 32254
0a09001d 0a01000f 10000 100 79900 4272999 552806 35597
0a090015 0a020012 10000 100 338941 4498000 328458 121132
0a080011 0a09000b 10000 100 6128 4794999 36681 11237
0a080015 0a040018 10000 100 58759 4520999 316460 28617
0a07000f 0a08001f 10000 100 99720 3836000 1001814 42139
0a080017 0a040001 10000 100 96316 4328000 510126 41019
0a050009 0a06000c 10000 100 27257 4794999 45785 18214
0a0b0009 0a07001c 10000 100 103998 4628000 213074 43554
0a090003 0a0a000a 10000 100 9013 4820999 23089 12191
0a080009 0a060003 10000 100 69115 4419000 425579 32038
0a0b001a 0a040018 10000 100 17607 4549000 299423 15018
0a07000d 0a07000f 10000 100 78584 4754999 93659 30920
0a040006 0a090009 10000 100 3266158 2892000 1960618 1087824
0a040004 0a030015 10000 100 3747702 2295999 2559086 1246849
0a0b0009 0a070016 10000 100 798858 3644000 1212435 273021
0a060017 0a05000f 10000 100 80898 3050999 1805649 35916
0a050006 0a0b000f 10000 100 657137 3983999 873356 226226
0a000019 0a07001c 10000 100 310480 4498000 361644 111733
0a020018 0a080017 10000 100 746964 3023000 1837237 255877
0a09001d 0a060015 10000 100 5501787 1541000 3320901 1826112
0a060019 0a0a000c 10000 100 98584 4507999 354196 41760
0a01001f 0a09001f 10000 100 936587 2302999 2561480 318507
0a03001b 0a060018 10000 100 9100 4849000 15658 12219
0a070015 0a050017 10000 100 7382 4845999 19954 11639
0a050018 0a09001d 10000 100 818001 3151000 1716035 279346
0a060017 0a080001 10000 100 7842 3791999 1077778 11801
0a03000f 0a040006 10000 100 990078 4329000 544908 336177
0a0b0012 0a0b0006 10000 100 262895 4695000 179910 91789
0a060017 0a0a0007 10000 100 66104 3756999 1121746 31044
0a0a0018 0a070013 10000 100 439328 4649000 231416 154285
0a060015 0a050010 10000 100 11030 4355999 525800 12852
0a060014 0a0a000f 10000 100 541425 4333000 552552 188000
0a020020 0a00000f 10000 100 7616 4873999 15145 11729
0a090013 0a070015 10000 100 18398 3276999 1613134 15287
0a00000a 0a020012 10001 100 40967 4756999 134370 22739
0a08000a 0a030004 10000 100 21902 4839999 58649 16439
0a070004 0a040006 10000 100 38089 4722999 177125 21787
0a020015 0a060012 10000 100 32023 4397999 502637 19785
0a02001d 0a060018 10000 100 23220 4203000 703594 16876
0a010020 0a080007 10000 100 961950 3268000 1648626 326885
0a00001f 0a00000e 10000 100 23700 4893999 22861 12789
0a000016 0a090005 10000 100 59386 4872999 49438 28817
0a05001f 0a0b0004 10000 100 20871 4793999 128974 16093
0a07000d 0a070005 10000 100 19184 4897000 29596 11298
0a02001c 0a0b0014 10000 100 76782 4785000 142887 34568
0a020009 0a080017 10000 100 95866 4470000 461505 40860
0a030002 0a040011 10000 100 32534 4904999 27063 19948
0a00001c 0a0a0015 10000 100 249131 4257000 677160 91487
0a000002 0a07000c 10000 100 96623 4789999 146159 41117
0a070017 0a02000a 10000 100 295597 4048999 890351 106832
0a0a000f 0a090005 10000 100 70284 4815999 126983 32412
0a0a0020 0a030019 10000 100 52404 4680000 263420 26506
0a000004 0a020010 10000 100 114254 4272999 670869 46944
0a0b0007 0a060020 10000 100 26041 4542000 402352 17809
0a09001f 0a090004 10000 100 948479 1832000 3117790 318196
0a070020 0a0a001e 10000 100 99951 3723999 1226099 42213
0a040012 0a03001c 10000 100 539435 4223000 727759 187348
0a040016 0a02001c 10000 100 9791 4926999 26426 12440
0a060001 0a0b0016 10000 100 101579 4292999 660739 42749
0a000020 0a080019 10000 100 43535 4717999 240441 23592
0a050015 0a060020 10000 100 18340 4931999 27752 15268
0a090015 0a000012 10000 100 512927 1000000 3960419 178589
0a02000f 0a0a0004 10000 100 96839 4903000 59508 41186
0a080017 0a08001b 10000 100 10616 4615000 350440 8480
0a070014 0a01000a 10000 100 845687 2539000 2428134 288482
0a00000c 0a040006 10000 100 99622 4753000 215770 42108
0a010009 0a040005 10000 100 39790 4308000 663729 22347
0a09000d 0a0b0020 10000 100 2372 4320000 652179 9989
0a060015 0a03001f 10000 100 54974 4433999 543576 27360
0a0a001c 0a050019 10000 100 48375 4937999 42849 25186
0a060001 0a090015 10000 100 816178 4342999 638226 278748
0a02001d 0a07001c 10000 100 735383 3635999 1346803 252064
0a060015 0a000015 10000 100 53357 4538999 448437 26827
0a010012 0a0b0004 10000 100 26984 4146000 848937 18111
0a040018 0a05001d 10000 100 567 4629000 366739 9396
0a070007 0a02000e 10000 100 70916 4942000 57765 32630
0a0b001a 0a060018 10000 100 73647 4937999 64160 33535
0a030006 0a020005 10000 100 13636 3956999 1045480 13717
0a0a0007 0a000011 10000 100 100051 3344999 1658022 42245
0a070020 0a040018 10000 100 5457771 2854999 2153295 1811581
0a07001f 0a000007 10000 100 98758 4017999 991297 41816
0a06001b 0a080017 10000 100 15442 4697999 315259 14310
0a010016 0a00000f 10000 100 7774893 478999 4537427 2576792
0a00001f 0a080013 10000 100 84497 4926999 90305 37114
0a06000b 0a0a0014 10000 100 67105 3423999 1594850 31364
0a060017 0a03000d 10000 100 79395 4314000 707472 35420
0a080012 0a09000e 10000 100 8297 3044999 1976529 11947
0a02001b 0a080019 10000 100 51072 4956000 68674 26080
0a000006 0a060017 10000 100 7476330 165999 4863895 2478195
0a0a000e 0a04001f 10000 100 276926 4410999 619261 100657
0a05001f 0a010013 10001 100 3904581 2997999 2035655 1298663
0a070006 0a000016 10000 100 48833 4982999 51120 25333
0a050003 0a01001b 10000 100 80313 4912999 121429 35729
0a07000c 0a07001f 10000 100 259448 4584999 453481 90640
0a0a0011 0a0b001e 10000 100 7539126 1742999 3296482 2498935
0a070014 0a0a001e 10000 100 41669 4109999 929668 22964
0a01001e 0a000007 10000 100 50665 4712000 330927 25935
0a09001d 0a09000c 10000 100 18451 4285999 760289 11064
0a030002 0a09001d 10000 100 4857 4521999 530003 10815
0a04001e 0a030008 10000 100 50660 4782999 269047 25933
0a04001b 0a060007 10000 100 74824 4944999 110403 33911
0a050009 0a040008 10000 100 98846 4902000 154752 41844
0a010001 0a01000a 10000 100 48164 3040999 2017237 20879
0a090010 0a08001d 10000 100 92254 3556999 1505183 39673
0a010013 0a0a001e 10000 100 63939 4200999 864219 30320
0a03000a 0a070020 10000 100 72270 4806999 259956 33079
0a020005 0a0b0001 10000 100 338 3471999 1595400 9323
0a0a0020 0a00001d 10000 100 2950 4882000 190927 10174
0a070014 0a09000f 10000 100 527384 4186999 886442 183369
0a050004 0a0b0006 10000 100 97237 4277000 799943 41314
0a010003 0a020004 10000 100 4691343 193999 4883583 1558475
0a000002 0a040006 10000 100 6808364 447999 4633984 2257595
0a00000a 0a020015 10000 100 70749 4529000 561742 32576
0a030009 0a0a0007 10000 100 200963 4807999 283110 75566
0a020018 0a040014 10000 100 6577289 690999 4402863 2181286
0a030007 0a0b000b 10000 100 683188 4831000 264925 234824
0a05000c 0a04000c 10000 100 96037 3950999 1154007 40930
0a08000c 0a04000b 10000 100 94079 4937999 168516 40272
0a0b001a 0a01000d 10000 100 76092 3089000 2019819 34332
0a080013 0a0b000b 10000 100 971926 2050999 3058619 330169
0a0a0005 0a08001c 10000 100 885209 3911000 1199774 301544
0a0b0002 0a000012 10000 100 512406 1000000 4110914 178423
0a080018 0a090012 10000 100 59066 3991999 1124110 28715
0a08001b 0a080008 10000 100 418811 4967000 149352 143280
0a04000b 0a03000e 10000 100 791833 4094000 1026337 270696
0a000006 0a000013 10000 100 12237 4892999 227937 9014
0a020004 0a040019 10000 100 50564 4518999 602740 25902
0a090014 0a070006 10000 100 37373 4963000 161397 21543
0a0a0014 0a040016 10000 100 56410 4212999 912868 27834
0a080007 0a030011 10000 100 6962 4832000 302338 11504
0a06001a 0a08000c 10000 100 214401 4834999 300853 80004
0a010003 0a070006 10000 100 466798 4634000 502606 163367
0a0a0020 0a040004 10000 100 19985 4917999 220185 15810
0a000001 0a0a0008 10000 100 7002 3876000 1268959 11517
0a0a0006 0a03000c 10000 100 58879 4361000 785323 28655
0a08000e 0a050017 10000 100 1029551 4616999 530027 349208
0a040002 0a080009 10000 100 56851 4211999 935114 27976
0a000020 0a050019 10000 100 27551 4913999 237256 18308
0a030004 0a040017 10000 100 235514 4735999 418892 86991
0a0a001b 0a040014 10000 100 576497 4762999 394844 199592
0a050015 0a06001f 10000 100 880663 4461999 696195 300043
0a04001b 0a00001e 10000 100 498541 4793999 366404 173848
0a03001c 0a020015 10001 100 1394 4610999 551156 9661
0a010006 0a0b0007 10000 100 38949 4969999 193835 22063
0a000003 0a020003 10000 100 5515955 2426999 2740267 1830799
0a060016 0a02001a 10000 100 6642718 507999 4670863 2202899
0a060019 0a060015 10000 100 616309 3642999 1540940 208491
0a020010 0a080020 10000 100 568381 4020000 1170002 196903
0a010012 0a04001d 10000 100 24582 2677000 2518542 17327
0a08000a 0a0a000f 10000 100 810530 4590000 608932 276879
0a060012 0a00000e 10000 100 5923599 2526000 2680900 1965423
0a0a001e 0a080020 10000 100 12740 4765000 456492 13415
0a040015 0a0b0020 10000 100 93022 4621000 602273 39934
0a07001b 0a010009 10000 100 821850 4200999 1022685 280609
0a00001f 0a0a001e 10000 100 6297818 844000 4385365 2088998
0a0b0007 0a030011 10000 100 390055 4511000 722246 138026
0a09001d 0a05001f 10000 100 73805 4556000 681942 33585
0a0a0008 0a06001d 10000 100 7494056 1461999 3783181 2484051
0a0b0020 0a0b000f 10000 100 21748 4505999 743104 12149
0a08001e 0a00000d 10000 100 11015 2978999 2273743 12847
0a060011 0a000001 10000 100 6419339 1327999 3926592 2129129
0a0b000b 0a0a0001 10000 100 511582 4627000 628375 178159
0a070005 0a070019 10000 100 200786 4468999 787837 71269
0a020003 0a010007 10000 100 5457 4395999 868438 11007
0a05000b 0a03001c 10000 100 68256 3592000 1680419 31748
0a00000a 0a0b0005 10000 100 19129 4513999 759050 15520
0a06000d 0a0a0018 10000 100 402478 3131999 2143894 142124
0a05000b 0a020010 10000 100 946875 3050999 2230044 321907
0a03001e 0a090011 10000 100 78753 4831000 461203 35215
0a080008 0a03000e 10000 100 11702 4932999 364096 13067
0a080008 0a070010 10000 100 799972 3582000 1717451 273393
0a060019 0a050002 10000 100 78659 4988000 312861 35184
0a010005 0a0a0008 10000 100 370668 4802999 499421 131623
0a06001f 0a0b0007 10000 100 8561448 902000 4403216 2836538
0a080004 0a010004 10000 100 324143 4636999 671905 116258
0a0a001f 0a09000c 10000 100 12192 4619999 693921 13239
0a07000a 0a0a0010 10000 100 56022 4595000 719753 27710
0a050018 0a05001a 10000 100 27557 4690999 633890 14070
0a080001 0a020013 10000 100 40708 4362000 973684 22656
0a090014 0a000011 10000 100 74653 3494999 1840847 33856
0a0a0017 0a0b001b 10000 100 9116448 415999 4921148 3019821
0a0a0014 0a070015 10000 100 547308 4203000 1135686 189944
0a010015 0a04000d 10000 100 981323 3687000 1652315 333284
0a05001a 0a04001a 10000 100 392936 4418000 922059 138963
0a06001d 0a06000d 10000 100 82936 3076000 2264072 32359
0a0b001b 0a0a001b 10000 100 90954 4399000 942339 39242
0a000001 0a07001b 10000 100 55897 4033000 1309479 27670
0a040010 0a05000a 10000 100 4868664 1345000 3998312 1617031
0a0b000f 0a0a0012 10000 100 11434 4792000 552798 12981
0a0b000c 0a01001a 10000 100 713212 4451000 893944 244739
0a090017 0a000011 10000 100 5317842 1038000 4307319 1765376
0a0b0018 0a0b0016 10000 100 40567 4636999 714537 18371
0a070013 0a070004 10000 100 9229560 2132000 3222009 3052944
0a0b0006 0a040011 10000 100 481003 4035000 1320854 168051
0a020016 0a0b0003 10000 100 4554575 903999 4456710 1513312
0a010012 0a010016 10000 100 72692 4329999 1047970 28974
0a050001 0a0b001c 10000 100 28061 4495999 882492 18471
0a020019 0a0a0009 10000 100 58689 4622000 758224 28594
0a080008 0a060003 10000 100 4433935 2028999 3355302 1473463
0a090008 0a040007 10000 100 70140 2115000 3270302 32366
0a050009 0a000014 10000 100 42405 4980000 413314 23215
0a010008 0a070018 10000 100 593179 4876000 531411 205099
0a090002 0a0a0014 10001 100 14232 4505999 902542 13907
0a030014 0a030020 10000 100 715612 4047000 1368076 241297
0a07000a 0a05000e 10000 100 34558 4742999 675603 20627
0a0a001f 0a08001e 10000 100 39403 4768999 660613 22223
0a0a0001 0a080011 10000 100 3171949 3830000 1600357 1056710
0a0b001d 0a050009 10000 100 46891 3930999 1502146 24696
0a020002 0a050020 10000 100 53541 4677999 774545 26886
0a060009 0a000009 10000 100 74287 2958999 2494658 33739
0a050020 0a050006 10000 100 4863946 1526999 3927467 1611235
0a020013 0a0a0004 10000 100 79635 4454999 1002767 35512
0a060006 0a020004 10000 100 85388 4755999 704907 37399
0a090011 0a050001 10000 100 879224 3949000 1516134 299568
0a070014 0a090011 10000 100 7290945 519999 4945453 2416967
0a0b0020 0a000011 10000 100 73722 3374999 2106368 33559
0a0a001f 0a00000a 10000 100 19257 4821999 659510 15561
0a0b001d 0a05000d 10000 100 16111 3906000 1576909 14524
0a01000e 0a040007 10000 100 10203235 444999 5063448 3378729
0a01001d 0a00001a 10000 100 633271 3279999 2231640 218344
0a000019 0a080006 10000 100 7484398 224999 5288609 2480853
0a0a0003 0a06000f 10000 100 104246 3910000 1613908 43633
0a060002 0a020004 10000 100 76590 4811000 719158 34507
0a070006 0a080009 10000 100 8467364 2285000 3250057 2805463
0a090019 0a090006 10000 100 59277 4675000 874155 24543
0a060002 0a080007 10000 100 5869020 2049000 3508683 1947390
0a090013 0a090012 10000 100 75943 4067999 1491378 30045
0a050019 0a02000c 10000 100 654739 4440999 1123675 225428
0a060001 0a0a0020 10000 100 679628 4726000 839776 233654
0a020017 0a0b0015 10000 100 52841 3491999 2074592 26662
0a010002 0a080007 10000 100 1033324 4900999 667136 350446
0a050010 0a010012 10000 100 84151 4368000 1206247 37003
0a030010 0a060007 10000 100 17564 4703999 882872 15004
0a06000e 0a02001d 10000 100 72824 4596000 991024 33256
0a030014 0a06000b 10000 100 85306 4343999 1250970 37373
0a090014 0a090013 10000 100 42571 3733000 1864251 19028
0a01001a 0a010012 10000 100 40200 4459000 1145058 18238
0a05000f 0a05001a 10000 100 650955 4695000 910418 219931
0a06001c 0a070017 10000 100 61398 4493999 1116939 29477
0a0b001c 0a050005 10000 100 80487 4745000 866948 35785
0a020001 0a020004 10000 100 23426 2919000 2697534 12702
0a00000e 0a030020 10000 100 86041 4360000 1259219 37624
0a020006 0a0a001d 10000 100 889543 3585000 2037024 302977
0a030003 0a080018 10000 100 5535136 2373000 3251223 1837137
0a02000a 0a0a0005 10000 100 684313 4929000 695677 235199
0a090006 0a080007 10000 100 85800 4640000 984751 37546
0a050016 0a080004 10000 100 50826 3376999 2247980 25986
0a090017 0a0a0010 10000 100 599174 4746000 882675 207079
0a060002 0a0b001c 10000 100 525449 4184000 1447827 182735
0a0a000a 0a020015 10000 100 44297 4817000 817907 23835
0a030005 0a00000d 10000 100 46407 3106999 2528709 24526
0a05000c 0a05000f 10000 100 456507 4087000 1551378 155727
0a070001 0a080020 10000 100 4544018 2331000 3309070 1509826
0a0a0016 0a030015 10000 100 26152 3650000 1990288 17845
0a0a001c 0a040002 10000 100 849084 4994000 650931 289616
0a07000b 0a0a000d 10000 100 100417 4619999 1026031 42362
0a04001d 0a000018 10000 100 72498 3256999 2391727 33152
0a0a000d 0a070009 10000 100 11538 3821000 1828534 13015
0a000013 0a010015 10000 100 9285187 560999 5092312 3075553
0a0b0018 0a0b0003 10000 100 40397 2622000 3038562 18301
0a0b0007 0a0b001d 10000 100 106483 4115999 1546695 40125
0a08000f 0a090014 10000 100 3194360 4373000 1298845 1064112
0a06000b 0a0b001b 10000 100 37854 3805999 1866979 21712
0a090015 0a01001c 10000 100 996793 4997999 675634 338388
0a050011 0a03000a 10000 100 958518 4795999 878985 325756
0a020004 0a060011 10000 100 489106 4537000 1142707 170736
0a060009 0a010016 10000 100 20078 3088000 2593623 15840
0a070006 0a030017 10000 100 15449 4346000 1338022 14312
0a0b000c 0a080014 10000 100 763779 4660000 1032606 261442
0a0a0007 0a020018 10000 100 4780042 4048000 1645228 1587765
0a06000b 0a090008 10000 100 184558 2145000 3552849 70163
0a020003 0a000019 10000 100 912932 4485000 1216763 310692
0a0b0017 0a050018 10000 100 14301 3384999 2316873 13929
0a0b0001 0a040015 10000 100 460315 4125000 1578000 161216
0a04000b 0a04000f 10000 100 673269 3409000 2304442 227302
0a06000f 0a0b0001 10000 100 531371 3974000 1745810 184691
0a0b0016 0a000020 10000 100 853896 4288000 1433082 291201
0a060012 0a06001d 10000 100 67906 4036999 1685397 27396
0a010011 0a00000c 10000 100 8756460 1227999 4496555 2900938
0a090017 0a050018 10000 100 51511 4925999 804469 26221
0a030018 0a050014 10000 100 5185279 3936000 1801814 1721588
0a06000c 0a040009 10000 100 11002635 1335000 4419072 3642724
0a09000d 0a020015 10000 100 49990 4778000 978429 25719
0a030016 0a010009 10000 100 51240 4812000 944953 26134
0a0b0016 0a040002 10000 100 8504359 1146000 4611726 2817686
0a010020 0a06001d 10000 100 5132 4753000 1005204 10903
0a0a0006 0a010015 10000 100 70947 4423999 1340018 32640
0a050014 0a03000c 10000 100 8465503 2014000 3761160 2804852
0a090013 0a07000d 10000 100 37670 4664999 1114382 21653
0a0b0005 0a08001b 10000 100 80932 4826000 961894 35927
0a040011 0a040004 10000 100 8467037 987999 4800200 2801119
0a07001e 0a08001d 10000 100 3340641 2749000 3039562 1112427
0a020013 0a03000e 10000 100 87946 4408999 1383045 38248
0a03000c 0a030017 10000 100 31187 3938999 1856346 15262
0a0a0011 0a0b000a 10000 100 85920 4630999 1169095 37585
0a05000c 0a0b000b 10000 100 50358 4460000 1344387 25836
0a02001d 0a010007 10000 100 89505 4741999 1075236 38763
0a0a0020 0a080005 10000 100 384732 4465000 1354838 136261
0a01000e 0a070011 10000 100 26625 4226999 1593112 17996
0a080009 0a03000d 10000 100 3944436 3691999 2144051 1311816
0a040006 0a090006 10000 100 77604 4780999 1056704 34832
0a08000b 0a0b0006 10000 100 83110 4039000 1801266 36655
0a060016 0a00001a 10000 100 32083 3580999 2266099 19804
0a0b001b 0a05000a 10000 100 652777 4707000 1143068 224785
0a090004 0a04000d 10000 100 934129 4237999 1614168 317690
0a06001d 0a020008 10000 100 77178 4904000 950097 34695
0a060018 0a030015 10000 100 581604 4882000 972218 201272
0a04001c 0a060012 10000 100 78856 4581000 1276750 35248
0a090015 0a010015 10000 100 300 4545999 1313562 9311
0a00000c 0a090013 10000 100 88891 4798000 1065833 38566
0a020013 0a0b000a 10000 100 9717 4102999 1769863 12416
0a00000d 0a060017 10000 100 80513 1819000 4062664 35793
0a00001a 0a040008 10000 100 17119 3576000 2305884 14862
0a0b000f 0a05000d 10000 100 10544718 1438999 4445847 3491490
0a0a000c 0a090018 10000 100 64103 4278999 1610249 30373
0a000013 0a03000c 10000 100 418887 4500999 1389790 147544
0a080008 0a0b001f 10000 100 7430663 1484000 4409609 2463105
0a08000e 0a0a0015 10001 100 344484 4650999 1243059 122967
0a090020 0a070008 10000 100 28833 4205000 1690999 18733
0a090001 0a01000a 10000 100 7529941 436999 5461214 2495888
0a000006 0a0a0013 10000 100 3527037 4120000 1781228 1173978
0a0b0003 0a060011 10000 100 96930 2707000 3195875 41216
0a0b0012 0a04001a 10000 100 9651466 1775000 4130411 3196510
0a08001f 0a070009 10000 100 30514 3660000 2246077 19287
0a010020 0a020004 10000 100 3460564 875000 5034200 1152031
0a03000c 0a000005 10000 100 95876 3403999 2509732 40863
0a0b0016 0a07000f 10000 100 855941 4818000 1098039 291871
0a06001b 0a030020 10000 100 295197 4421999 1505925 106688
0a060004 0a070007 10000 100 6621668 2044999 3885158 2195948
0a090008 0a040009 10000 100 36514 2363000 3569785 21268
0a090013 0a010005 10000 100 91700 4860999 1075194 39496
0a050006 0a080006 10000 100 102720 3207000 2748449 43130
0a02001f 0a030020 10000 100 8129586 1680000 4275730 2693918
0a0a0013 0a020017 10000 100 46532 3553000 2408097 24581
0a04001a 0a07000a 10000 100 3186167 3485999 2477082 1061413
0a080020 0a01000a 10000 100 53301 3429999 2542049 26809
0a050007 0a0b000f 10000 100 5722849 3792999 2182868 1899125
0a00000e 0a000011 10000 100 58455 4603000 1374654 24264
0a0b000f 0a030013 10000 100 1257 2756000 3235652 9617
0a010001 0a07001c 10000 100 5380042 72999 5945675 1785909
0a030004 0a03000f 10001 100 822387 4852000 1169878 276556
0a050015 0a0b000a 10000 100 11177403 608999 5413322 3700431
0a08000b 0a02000d 10000 100 489743 3550000 2481055 170940
0a040018 0a000001 10000 100 7419024 2197000 3847049 2459273
0a0b0014 0a00001e 10000 100 5569035 632999 5422746 1848322
0a0b0009 0a020017 10000 100 98243 3533999 2535127 41651
0a05000c 0a030007 10000 100 101241 4557000 1514029 42641
0a060020 0a06000a 10000 100 7598314 598000 5476521 2514234
0a070002 0a040017 10001 100 75391 4713000 1367523 34108
0a040004 0a00001a 10000 100 628288 3226000 2855233 216688
0a05000f 0a06000d 10000 100 42212 4776999 1305087 23153
0a000017 0a020013 10000 100 38430 4249000 1841493 21896
0a0b001b 0a050004 10000 100 57757 4445000 1650834 28281
0a030013 0a08000e 10000 100 4194857 520999 5586368 1394516
0a090006 0a030006 10000 100 920848 4146000 1964482 313302
0a06001f 0a0a0009 10000 100 278652 4958999 1162631 101225
0a08000d 0a05000b 10000 100 10457173 803000 5334585 3462585
0a020012 0a06000d 10000 100 9848644 924000 5214124 3261619
0a0b0014 0a0a000d 10000 100 478435 4994000 1160289 167199
0a090004 0a000017 10000 100 753564 4501999 1652986 258066
0a000011 0a010005 10000 100 673501 3886999 2271369 231632
0a090005 0a09001f 10000 100 663068 2376000 3786736 223946
0a060008 0a030010 10000 100 328459 4632999 1537767 117670
0a07000c 0a010015 10000 100 15818 4847999 1324672 14430
0a080020 0a070011 10000 100 946085 3030000 3144783 321639
0a0a000a 0a09000e 10000 100 28676 3651999 2540810 18683
0a060011 0a01000d 10000 100 57501 3720000 2480578 28199
0a07001e 0a090002 10000 100 4316756 4754999 1445688 1434768
0a08001f 0a050010 10000 100 76330 4590999 1616255 34408
0a0a000e 0a090006 10000 100 79272 4944999 1266328 35381
0a060017 0a0b0005 10000 100 7953462 626000 5606496 2635761
0a0a000a 0a08001d 10000 100 57888 3998999 2241424 28323
0a01000e 0a070003 10000 100 3280711 4789999 1467711 1092635
0a04001d 0a02000b 10000 100 39954 3543000 2721546 22400
0a06000d 0a07001a 10000 100 508237 4100000 2168882 177042
0a060010 0a09000e 10000 100 918852 3458999 2811374 312648
0a070019 0a020016 10000 100 858248 4419000 1864786 292640
0a00001c 0a030007 10000 100 3687025 3775999 2508910 1226818
0a0a0012 0a070002 10000 100 68459 4568000 1719696 31813
0a0b0001 0a020010 10000 100 66528 4481999 1810670 31180
0a030001 0a08000b 10000 100 10686778 308999 5985869 3538408
0a03000d 0a0b001f 10000 100 1043442 4844000 1455213 353792
0a010017 0a0b001d 10000 100 97392 4551000 1750198 41363
0a030011 0a070009 10000 100 39422 4199999 2105522 22229
0a0a0002 0a040010 10000 100 6657521 3523000 2801674 2207789
0a020004 0a0a001b 10000 100 5813998 2152999 4178862 1929214
0a050008 0a000017 10000 100 1027010 4943000 1404665 348364
0a080002 0a010015 10000 100 6962951 2684000 3671802 2308645
0a010015 0a020003 10000 100 625359 4283000 2073298 215720
0a010015 0a090013 10000 100 50239 3681999 2674717 25798
0a0b0003 0a09000a 10000 100 71353 2858999 3513706 32770
0a050018 0a050007 10000 100 7859959 467000 5919411 2600633
0a070002 0a03000c 10000 100 52674 4120999 2287417 26608
0a010002 0a010015 10000 100 28459 4677999 1730511 14358
0a060014 0a090013 10000 100 6748584 1046999 5361988 2237866
0a0b000e 0a05001e 10000 100 73248 3608000 2808683 33392
0a00001a 0a000006 10000 100 854763 3557999 2876716 287239
0a0b0003 0a030016 10000 100 7243677 775999 5689228 2401365
0a010018 0a040014 10000 100 8391 3753999 2711471 11977
0a0a0008 0a00001c 10000 100 3918893 3896000 2571766 1303381
0a020015 0a05001d 10000 100 537512 4715999 1773825 186718
0a0b0003 0a02001c 10000 100 24301 3508999 2989626 17237
0a02001d 0a0a0011 10000 100 905018 3821999 2678435 308083
0a050003 0a0a0014 10000 100 4030576 2318999 4187305 1340272
0a050019 0a0a0014 10000 100 4011175 2118000 4398241 1333864
0a0b0017 0a04000c 10000 100 983909 3371999 3151974 334127
0a08000c 0a0b0016 10000 100 5176323 3511999 3013036 1718630
0a06000f 0a0b0015 10000 100 9646025 1812000 4724032 3194708
0a06001d 0a020013 10000 100 12022 4675999 1867804 13185
0a060012 0a020004 10000 100 960967 4336999 2207319 326555
0a070009 0a010001 10000 100 16545 4936000 1614684 14678
0a040016 0a040019 10000 100 3244757 4044999 2506086 1076521
0a0b0003 0a030019 10000 100 630454 3569000 2993970 217411
0a070017 0a000007 10000 100 26246 4560999 2004735 17875
0a040010 0a01000d 10000 100 4626700 418000 6148244 1537129
0a07000d 0a03001a 10000 100 3700058 3769999 2812010 1231111
0a090007 0a05001d 10000 100 5673057 266000 6316546 1882685
0a030017 0a0a0014 10000 100 449018 3562000 3029395 157493
0a08001b 0a0b0003 10000 100 72102 3810000 2785958 33025
0a05001b 0a070011 10000 100 10618947 279000 6324470 3516011
0a010003 0a000002 10000 100 6805926 138999 6469300 2256800
0a060004 0a05000c 10000 100 9436613 228999 6381781 3125561
0a080020 0a070002 10000 100 19980 4951999 1662462 15808
0a050010 0a030015 10000 100 4412064 1476000 5143494 1466249
0a070005 0a070011 10000 100 771074 4401000 2222537 259614
0a090014 0a050018 10000 100 11432994 1051000 5580300 3784832
0a0a0011 0a0b0003 10000 100 61219 3472999 3159474 29419
0a070004 0a070011 10000 100 12902 4773999 1859189 9226
0a0a0009 0a04000f 10000 100 39660 3843000 2800236 22305
0a070011 0a000013 10000 100 17466 4666000 1985994 14973
0a05001e 0a03001a 10000 100 58643 4573999 2080183 28580
0a07001a 0a090008 10000 100 35714 2729999 3940038 20997
0a04000b 0a02000b 10000 100 6234169 3196000 3475503 2067985
0a030011 0a06000e 10000 100 553590 4876000 1812381 192032
0a090009 0a090001 10000 100 7534911 2645999 4059432 2493300
0a00000b 0a05001e 10000 100 5564864 1266999 5459242 1846942
0a04001b 0a020010 10000 100 9231512 1402000 5333987 3057824
0a000014 0a000011 10000 100 793301 4360000 2383045 266941
0a0b0003 0a020014 10000 100 384259 4265999 2479452 136110
0a050001 0a000012 10000 100 512095 1000000 5745714 178323
0a000016 0a07001a 10000 100 5483057 3746000 3006869 1819934
0a000019 0a0b0016 10000 100 3423343 2756999 3998433 1139736
0a090008 0a050008 10000 100 5389 2801000 3954459 10985
0a05000c 0a090011 10000 100 4935367 2615000 4141444 1639067
0a080004 0a09000c 10000 100 3156038 2913999 3855843 1051464
0a000013 0a0b0003 10000 100 4239 3762000 3024796 10602
0a050011 0a00000d 10000 100 83901 3955000 2851451 36908
0a060009 0a00000b 10000 100 1934 3439999 3379667 9849
0a0a0017 0a0b0003 10000 100 45051 4870000 1950214 24092
0a020018 0a07001a 10000 100 3382695 2808000 4014487 1126314
0a050006 0a070016 10000 100 8592441 2782000 4047110 2846778
0a050009 0a070002 10000 100 3571265 1690000 5143956 1188576
0a090008 0a03001f 10000 100 247 2876999 3973519 9294
0a070011 0a07001d 10000 100 1037533 4556000 2302081 347599
0a06001e 0a04001d 10000 100 7279684 1580999 5285905 2413256
0a050008 0a000012 10000 100 512348 1000000 5875393 178404
0a040019 0a09000e 10000 100 10784927 565999 6329501 3570815
0a030007 0a020001 10000 100 44132 3807000 3095121 23783
0a01001a 0a000012 10000 100 512369 1000000 5904789 178411
0a07001f 0a0a000d 10000 100 4711437 3311000 3605899 1565105
0a070009 0a060020 10000 100 841452 4558000 2363084 287081
0a00001d 0a0a0003 10000 100 66992 4978999 1948443 31328
0a040016 0a0a0015 10000 100 1026933 4323999 2604943 348340
0a09000e 0a0a000c 10000 100 2098 4361000 2573796 9902
0a0a0011 0a000005 10000 100 94276 4190000 2756015 40336
0a09000e 0a020009 10000 100 88864 4338999 2618143 38558
0a09000e 0a080010 10000 100 977459 4044999 2916502 332001
0a000014 0a010018 10000 100 45027 3578000 3387394 24084
0a060020 0a060019 10000 100 4880283 2553999 4425746 1616632
0a0a000f 0a00000d 10000 100 6357081 1374999 5609592 2108576
0a06000d 0a030015 10000 100 4187437 2171999 4826667 1392064
0a040014 0a0b0002 10000 100 6553467 2556000 4444797 2173417
0a09000e 0a0b001a 10000 100 399992 4400000 2604443 141298
0a010001 0a0a000f 10000 100 4514769 639000 6371287 1500159
0a05000e 0a080019 10000 100 7569448 219999 6815516 2508945
0a000009 0a030018 10000 100 754692 4198999 2851017 258442
0a010020 0a08001d 10000 100 12626 4682000 2372606 13378
0a05001e 0a06000d 10000 100 72203 3771000 3289748 33057
0a040009 0a050013 10000 100 1015351 4969999 2093140 344511
0a080004 0a020013 10000 100 796317 4080000 2988311 272177
0a0a000c 0a020002 10000 100 3546907 1252999 5829957 1180536
0a04000f 0a0b001a 10000 100 12013 4792000 2298057 13182
0a060007 0a040013 10000 100 6861643 4129999 2970039 2275197
0a030012 0a00001a 10000 100 7275308 1770000 5351245 2411809
0a01001a 0a020015 10000 100 9512931 2148999 4989903 3150751
0a090010 0a080016 10000 100 5386556 3497999 3643319 1788071
0a01001f 0a050016 10000 100 61983 4046000 3109822 29679
0a0a0015 0a050016 10000 100 320143 3259000 3897169 114932
0a0a0020 0a0b001c 10000 100 6727556 2099999 5056549 2230922
0a030004 0a04001d 10000 100 9218 4565999 2610447 12257
0a020011 0a01000d 10000 100 81369 4134999 3052069 36082
0a00000d 0a070012 10000 100 3211923 2523000 4675970 1069916
0a010009 0a000018 10000 100 4192309 2040999 5171401 1393670
0a030015 0a00000b 10000 100 11377946 1325000 5893045 3766663
0a0a001d 0a050020 10000 100 71795 4941000 2283551 32911
0a02001e 0a09001f 10000 100 193789 3346000 3879239 73209
0a020016 0a070008 10000 100 75667 4880999 2347681 34196
0a010009 0a08001f 10000 100 851979 3846000 3383971 290557
0a05001a 0a07000d 10000 100 10196384 3563999 3695317 3376460
0a080007 0a0a001d 10000 100 309114 4846999 2415080 111296
0a000007 0a00001a 10000 100 93171 3955000 3330924 35742
0a080001 0a040008 10000 100 9100333 2641999 4644949 3014495
0a0b0009 0a040013 10000 100 3330724 2828999 4462626 1109146
0a04001d 0a060004 10000 100 33186 4743999 2560028 20172
0a010004 0a01000e 10000 100 8294119 3294000 4018105 2744018
0a09000e 0a08000b 10000 100 7225 4334000 2989152 11588
0a03001f 0a09000e 10000 100 8279481 912000 6415215 2743421
0a060018 0a080006 10000 100 4793895 2334000 4996308 1592336
0a03001d 0a08001c 10000 100 3212063 4073000 3280818 1069961
0a050018 0a0b001d 10000 100 7501898 145999 7212262 2486638
0a020019 0a08001d 10000 100 89758 3769999 3588890 38844
0a030020 0a020002 10000 100 11822634 2054999 5304078 3913510
0a080006 0a000020 10000 100 10983768 2994999 4365305 3636487
0a010014 0a05001f 10000 100 10552779 3338999 4022585 3494162
0a02000e 0a08001f 10000 100 999181 4048999 3348850 339183
0a060005 0a000004 10000 100 5297491 1397999 6004788 1758648
0a070009 0a0b0015 10000 100 14127 4878000 2537848 13874
0a0b0014 0a05001e 10000 100 3354477 2043000 5378873 1116992
0a0b0019 0a01001e 10000 100 8431640 4394999 3029190 2793678
0a030004 0a020007 10000 100 6922292 1247999 6180487 2295219
0a07000f 0a0a001a 10000 100 5608908 3776999 3663430 1861496
0a010008 0a070008 10000 100 3810472 2419000 5041724 1267580
0a020001 0a09000d 10000 100 1041705 3791999 3671512 353220
0a00000e 0a00001a 10000 100 57682 4849000 2636101 24017
0a000002 0a02000e 10000 100 7358448 1389999 6105899 2439259
0a0b001f 0a000002 10000 100 7649957 4166999 3330544 2535522
0a010019 0a0a0001 10000 100 4782010 3794000 3716617 1588426
0a09000a 0a0a0003 10000 100 11817257 1436999 6078197 3911743
0a0a001b 0a0b0005 10000 100 6690591 3586000 3933594 2218710
0a090016 0a010012 10000 100 3923908 3334000 4202083 1305032
0a020013 0a030017 10000 100 88657 4640000 2896648 38491
0a01000a 0a01000d 10000 100 56011 4150000 3397214 23467
0a01000d 0a02001e 10000 100 93904 4353000 3205997 40216
0a04001d 0a0a000d 10000 100 10308229 232000 7333173 3413402
0a0a0005 0a080002 10000 100 3983224 3948000 3619262 1324627
0a050017 0a07000a 10000 100 4783955 3924000 3671680 1589064
0a05001e 0a020005 10000 100 11211 4959999 2637326 12910
0a020016 0a060007 10000 100 8743411 4588000 3010247 2896624
0a0a0017 0a010010 10000 100 9231401 2462999 5150497 3057789
0a040018 0a010018 10000 100 28581 4316000 3303053 18653
0a0a001d 0a000011 10000 100 62770 4423999 3200114 29931
0a0b001e 0a08000f 10000 100 10436533 1711999 5914872 3455765
0a070008 0a090011 10000 100 73050 4754999 2881571 33328
0a090007 0a04000f 10000 100 3031206 831999 6815011 1010228
0a09001b 0a0b001c 10000 100 6494653 364000 7284622 2153997
0a09001a 0a090013 10000 100 12159794 775999 6912432 4020617
0a00000f 0a050004 10000 100 8703202 3301999 4402057 2883358
0a02001b 0a000008 10000 100 7605457 4301000 3419302 2520836
0a04000c 0a080020 10000 100 4389379 3052000 4682051 1458760
0a08001d 0a01000c 10000 100 215347 4793999 2949759 80322
0a0b0017 0a080001 10001 100 657687 4102999 3668300 226402
0a010019 0a0a0001 10001 100 4379152 4753000 3048254 1455379
0a060008 0a090017 10000 100 11164000 2069000 5735452 3696004
0a060013 0a05000c 10000 100 7874782 985999 6830316 2609770
0a040001 0a070012 10000 100 8276255 2413999 5410806 2742358
0a0a0003 0a04001e 10000 100 7474146 3699000 4136863 2477465
0a090011 0a090012 10000 100 3111347 3794000 4047667 1032463
0a040001 0a000011 10000 100 12193074 455000 7399239 4035845
0a00001a 0a040003 10000 100 5595609 4075999 3807537 1857103
0a020018 0a00001f 10000 100 7857355 2275000 5612102 2604024
0a08000b 0a030001 10000 100 4584161 3118000 4777947 1523087
0a090019 0a000017 10000 100 7197183 3654999 4248475 2386011
0a09001f 0a0b0007 10000 100 554457 1768000 6160498 192309
0a0a001e 0a0b000a 10000 100 4869720 1825999 6107040 1617384
0a0b0005 0a070008 10000 100 10134514 1936999 6006601 3356032
0a000003 0a03000a 10000 100 3213669 4121999 3822741 1070490
0a020011 0a04001d 10000 100 3436455 2302999 5650879 1144055
0a05001e 0a010011 10000 100 1002122 4566999 3405835 340154
0a000011 0a050003 10000 100 4329078 2446999 5534881 1438849
0a020010 0a00001a 10000 100 10988786 774999 7219809 3638138
0a06000b 0a08000a 10000 100 5568638 4566999 3434433 1848195
0a06000f 0a08001d 10000 100 8824 4847999 3156812 12115
0a020009 0a040007 10000 100 10264768 3919999 4088615 3399049
0a020015 0a050016 10001 100 533511 3618000 4390700 185391
0a090012 0a01000b 10000 100 6586182 3952999 4056824 2184224
0a070001 0a010002 10000 100 6198706 4850000 3166538 2056268
0a090006 0a020005 10000 100 3099026 2308999 5711833 1032637
0a010012 0a010009 10000 100 7323697 2075000 5950238 2423545
0a070008 0a06000b 10000 100 9885883 961000 7066043 3273920
0a050013 0a000010 10000 100 5933230 3946999 4092401 1968597
0a03000a 0a01000d 10000 100 7766 4278999 3764755 11777
0a090006 0a050020 10000 100 6632336 1039999 7008571 2199469
0a090018 0a05001e 10000 100 22414 4722999 3332747 16602
0a0b000d 0a0a0015 10000 100 4657368 4240999 3818395 1547250
0a020002 0a08000b 10000 100 7896606 1631000 6430601 2616984
0a0b000c 0a060011 10000 100 5349951 2540000 5536602 1775973
0a0b001e 0a000012 10000 100 512081 1000000 7078972 178319
0a050011 0a000012 10000 100 512450 1000000 7083320 178437
0a010004 0a05000c 10000 100 3746593 3925999 4158911 1246479
0a010006 0a000012 10000 100 512819 1000000 7090609 178555
0a0b0013 0a0a001f 10000 100 5963508 4138000 3965096 1978593
0a000005 0a020014 10000 100 92059 4632999 3471591 39611
0a000009 0a000007 10000 100 8813827 1417000 6693613 2915640
0a060002 0a0a000a 10000 100 9459948 2933999 5195300 3133258
0a060005 0a0a0003 10000 100 18728 4498000 3649671 15392
0a00000b 0a01000d 10000 100 11641 4742999 3406292 13048
0a0b000c 0a070003 10000 100 11048082 2024000 6140907 3657728
0a030013 0a050018 10000 100 41369 3586000 4581814 22868
0a080001 0a030013 10000 100 3017 3746000 4426870 10211
0a070011 0a070008 10000 100 4060403 3530999 4656451 1345868
0a08001a 0a01000a 10000 100 9124180 194999 8016395 3022372
0a090008 0a010007 10000 100 82193 3989999 4223021 36346
0a01000b 0a010009 10000 100 8331894 3086000 5132613 2756490
0a070015 0a0a000a 10000 100 5012693 3272000 4948849 1664594
0a06001f 0a05001d 10000 100 10567906 2461000 5759899 3499156
0a010017 0a000005 10000 100 77242 4739000 3482506 34716
0a090011 0a04001d 10000 100 9072400 1185999 7038239 3005280
0a070010 0a02001e 10000 100 4293755 4699000 3527336 1427177
0a040013 0a070011 10000 100 8559134 921999 7310910 2835782
0a0b0008 0a000012 10000 100 512061 1000000 7256628 178312
0a07000f 0a0b0010 10000 100 7240394 4037999 4221028 2400268
0a01001f 0a000012 10000 100 512696 1000000 7262549 178515
0a07001d 0a0a0012 10000 100 9776874 4014000 4254304 3237916
0a02001e 0a000012 10000 100 512198 1000000 7287954 178356
0a07000b 0a000012 10000 100 512100 1000000 7289151 178325
0a060017 0a030013 10000 100 5756869 177999 8119582 1910349
0a000005 0a0b001d 10000 100 84565 3308000 5012638 37136
0a04000e 0a010018 10000 100 7596645 1585999 6748825 2517924
0a000017 0a030009 10000 100 9840741 3000000 5344477 3259014
0a070019 0a02000b 10000 100 4886283 2931000 5416310 1622853
0a0a0020 0a0b0020 10000 100 5898849 3373000 4974921 1957242
0a05000f 0a070019 10000 100 7882399 1307000 7043290 2612284
0a00001b 0a08000a 10000 100 5647821 4824000 3528868 1874348
0a02000b 0a000012 10000 100 512404 1000000 7370376 178422
0a030013 0a020016 10000 100 16911 3838999 4532268 14795
0a07000a 0a000012 10000 100 512394 1000000 7372244 178419
0a05000f 0a030018 10000 100 5090653 3579000 4795366 1690340
0a000006 0a000012 10000 100 512922 1000000 7378544 174348
0a080011 0a070017 10000 100 631263 4900999 3478425 217670
0a090007 0a09000f 10000 100 11783233 726999 7672104 3896262
0a0b0014 0a07000c 10000 100 7519246 809999 7595111 2492358
0a0b0014 0a04000f 10000 100 836196 4214999 4193745 285353
0a0a0003 0a000012 10000 100 512295 1000000 7415599 178387
0a040008 0a050010 10000 100 10875946 4700000 3737793 3600878
0a060003 0a000012 10000 100 512750 1000000 7439233 178533
0a020002 0a000012 10000 100 512524 1000000 7453252 178460
0a080012 0a0a0015 10000 100 12200149 1662000 6792326 4038185
0a0a0002 0a000012 10000 100 513010 1000000 7458835 178631
0a09000f 0a0b0003 10000 100 7780405 402000 8057246 2578601
0a050017 0a020017 10000 100 184946 4729999 3731793 70287
0a010009 0a000012 10000 100 512780 1000000 7462002 178542
0a0b001a 0a000012 10000 100 512119 1000000 7466777 178331
0a020001 0a090007 10000 100 557342 4577000 3912650 193263
0a040013 0a020001 10000 100 383884 4118000 4378257 135975
0a02001c 0a0a0010 10000 100 6809380 1386999 7123895 2257936
0a000017 0a090008 10001 100 7794600 506999 8007350 2583297
0a05000f 0a07001e 10000 100 7398416 2288000 6233241 2452464
0a09000c 0a06000f 10000 100 9378199 4595000 3933818 3106269
0a050017 0a080017 10000 100 11082595 2933999 5600220 3669125
0a080006 0a000012 10000 100 512352 1000000 7539672 178405
0a000020 0a0a0016 10000 100 9597893 956999 7587706 3178814
0a090011 0a060003 10000 100 5049573 3180000 5368647 1676780
0a06000e 0a090008 10000 100 29598 4279999 4281312 18978
0a0b0008 0a050006 10000 100 9509195 4194999 4367924 3149524
0a02000e 0a070020 10000 100 4636875 3576999 4993942 1540493
0a040012 0a0b0001 10000 100 8237394 2112000 6470539 2729523
0a070001 0a000012 10000 100 512927 1000000 7590523 178589
0a05001e 0a010018 10000 100 3073242 3129999 5476538 1024110
0a040016 0a04001a 10000 100 9461666 4036999 4574778 3129584
0a00001f 0a0b0001 10000 100 10656683 2328000 6292125 3528471
0a0b0001 0a010018 10000 100 94232 4768999 3866222 40321
0a0b0001 0a000012 10000 100 512897 1000000 7636570 178580
0a010018 0a060012 10000 100 3885404 4531999 4108313 1292327
0a080004 0a04000f 10000 100 5359437 1827000 6820612 1779101
0a0b001e 0a03000d 10000 100 5763539 3861999 4796069 1912560
0a0b000a 0a03000f 10000 100 10935131 2788999 5879168 3620431
0a0b0015 0a0b0012 10000 100 8277587 1876999 6794891 2738559
0a0b0011 0a020005 10000 100 7372405 1864999 6807924 2443864
0a0b0015 0a060005 10000 100 7684799 201000 8491499 2547040
0a050020 0a010012 10000 100 11394420 1240999 7464619 3772104
0a00001c 0a000018 10000 100 10170632 4022999 4684850 3363718
0a080018 0a02001e 10000 100 3696100 4998999 3720244 1229814
0a0b001a 0a010011 10000 100 7721192 3833000 4898322 2559054
0a0b0013 0a030013 10000 100 6496936 1105000 7641323 2154759
0a03001b 0a0a001f 10000 100 8132794 4004999 4750648 2694976
0a020002 0a080019 10000 100 6396234 3144000 5630373 2121505
0a01000d 0a03001a 10000 100 57370 4980000 3807884 28157
0a000010 0a020005 10000 100 8553161 259999 8528660 2833809
0a030013 0a08001f 10000 100 99089 3220000 5596561 41937
0a02000e 0a08000c 10000 100 3067552 4713000 4107505 1022243
0a02000c 0a00001b 10000 100 6999140 2209000 6616033 2320609
0a020017 0a0b0001 10000 100 48751 4161999 4666133 25307
0a0b001e 0a080013 10000 100 4951331 4810000 4027516 1644329
0a020003 0a000012 10000 100 512467 1000000 7839422 178442
0a05000d 0a030010 10000 100 1043719 4373000 4488521 353880
0a030001 0a0a0009 10000 100 7988003 3459999 5402089 2647168
0a050005 0a09001f 10000 100 11578731 134000 8759091 3832973
0a02000f 0a00000d 10000 100 9225555 617000 8284666 3055856
0a020002 0a02001b 10000 100 6733780 3154999 5784817 2228736
0a050005 0a080010 10000 100 6114784 4897000 4044200 2028553
0a0a0008 0a000007 10000 100 7591157 4696999 4249572 2516107
0a060002 0a000012 10000 100 512796 1000000 7970724 178547
0a00000e 0a020017 10000 100 9608742 1879999 7098895 3182393
0a000004 0a02000a 10000 100 11359782 362000 8619667 3760666
0a02001d 0a05000f 10000 100 11179943 1703000 7279405 3701275
0a000005 0a00000c 10000 100 80466 4974000 4011142 31538
0a030019 0a000012 10000 100 512684 1000000 7986958 178512
0a09001c 0a000012 10000 100 512494 1000000 7992522 178451
0a020017 0a000004 10000 100 853156 4964999 4051462 290949
0a040013 0a050012 10000 100 5791643 2583999 6439718 1921846
0a020005 0a030020 10000 100 6723812 3079999 5949375 2229678
0a00001d 0a02001b 10000 100 4923599 3523000 5508628 1635178
0a0b001c 0a080012 10000 100 3135938 4011999 5027951 1044817
0a04000f 0a0b0016 10000 100 297698 4712000 4328463 107520
0a010018 0a000012 10000 100 512622 1000000 8044347 178492
0a060010 0a000012 10000 100 512928 1000000 8049769 178590
0a010013 0a020001 10000 100 7501573 1871000 7188792 2486534
0a070015 0a09001e 10000 100 12264431 1466999 7603070 4059416
0a030009 0a030017 10000 100 1047973 4375999 4715043 351048
0a07000a 0a05000a 10000 100 6096986 4942000 4159063 2022673
0a080017 0a080016 10000 100 10185390 4145000 4960036 3368594
0a070010 0a0a0020 10000 100 9040830 2337999 6769488 2994855
0a00000d 0a010001 10000 100 8311124 2952999 6171398 2753869
0a070019 0a04000c 10000 100 3046444 4786000 4344673 1015258
0a070010 0a08001f 10000 100 7527899 1564000 7587586 2495219
0a040002 0a000012 10000 100 512914 1000000 8158641 178585
0a0b000a 0a000012 10000 100 512636 1000000 8190247 178496
0a01000e 0a000012 10000 100 512408 1000000 8197552 178423
0a090017 0a03001c 10000 100 3456412 4187999 5028507 1150656
0a05000c 0a08001d 10000 100 2985608 4550000 4667593 995176
0a010013 0a020003 10000 100 7435733 3844999 5397138 2464789
0a07000b 0a09000c 10000 100 11448887 2628000 6625107 3790086
0a01001d 0a090006 10000 100 8462060 3799999 5453186 2803720
0a00000a 0a08001f 10000 100 11772722 2583999 6685127 3897031
0a050010 0a02000c 10000 100 6343460 1955000 7318793 2104064
0a020004 0a04000c 10000 100 9332864 2651000 6631181 3091286
0a00001b 0a000012 10000 100 512268 1000000 8283314 174138
0a08001f 0a060019 10000 100 5481557 3935000 5349593 1819439
0a04000f 0a070008 10000 100 197881 4126999 5166094 74549
0a060008 0a060018 10000 100 9718730 4036999 5259985 3214486
0a010005 0a020004 10000 100 10605099 375000 8936147 3511442
0a0b0007 0a090004 10000 100 8343389 3418000 5894197 2764532
0a080014 0a02001c 10000 100 7632436 1855000 7474596 2529746
0a09001b 0a030004 10000 100 7649113 665000 8671584 2535252
0a030012 0a0b0015 10000 100 7679002 4055999 5296732 2545123
0a050003 0a0b000e 10000 100 9395594 1366000 8001956 3112005
0a09001b 0a020007 10000 100 5900470 3837999 5530196 1957776
0a020001 0a06001a 10000 100 1024975 4805000 4569208 347698
0a070011 0a09000a 10000 100 11522501 4636000 4740992 3814395
0a040015 0a070017 10000 100 3725509 4504000 4873276 1239517
0a040013 0a010011 10000 100 4698094 1928999 7449087 1560712
0a010002 0a000012 10000 100 512165 1000000 8381202 178345
0a070019 0a000017 10000 100 6529319 3154999 6248579 2165444
0a0a001c 0a000005 10000 100 3848490 3791999 5611922 1280130
0a040003 0a06001d 10000 100 6885906 3913999 5490800 2283207
0a0b0001 0a070002 10000 100 6012435 3719000 5702906 1994757
0a07000d 0a000016 10000 100 9173817 3798000 5637675 3038763
0a04001e 0a000012 10000 100 512883 1000000 8436754 178575
0a09000a 0a000012 10000 100 512332 1000000 8450118 178399
0a0a0004 0a000012 10000 100 512182 1000000 8463549 178351
0a060005 0a02001d 10000 100 9641907 720000 8753330 3193344
0a0b0003 0a09000d 10000 100 11625920 4151000 5325201 3848549
0a030009 0a070017 10000 100 7250545 1998000 7490911 2403624
0a0a0016 0a000005 10000 100 3728906 1991999 7501483 1240634
0a010011 0a000012 10000 100 512295 1000000 8494850 178387
0a000011 0a03001a 10000 100 4030077 4890000 4628394 1340096
0a010007 0a070017 10000 100 6808423 3788000 5732894 2257614
0a0b001c 0a090009 10000 100 7299379 3712000 5868548 2419758
0a050009 0a05001e 10000 100 12313600 729000 8855540 4071417
0a050010 0a05000e 10000 100 3928857 4532999 5064439 1302437
0a000012 0a0b0015 10000 100 3660 2713999 6886518 10417
0a000012 0a010018 10000 100 49292 2615999 6985620 25480
0a040014 0a000012 10000 100 25636 2253999 7350507 17680
0a050020 0a000012 10000 100 13171 4017999 5594620 13552
0a0a001e 0a050006 10000 100 6312918 1907999 7705959 2093984
0a050004 0a07000e 10000 100 9717029 4935000 4679285 3218166
0a090011 0a000012 10000 100 34382 4101999 5526158 20555
0a000010 0a05001b 10000 100 4270152 4784000 4852600 1419378
0a08000a 0a000012 10000 100 32914 4152999 5483818 20070
0a000012 0a040006 10000 100 14763 4416999 5224365 14077
0a000012 0a050007 10000 100 765329 3884999 5758740 261954
0a000012 0a070007 10000 100 766383 4271999 5375312 262291
0a000012 0a00001f 10000 100 76891 4904999 4743300 30363
0a040020 0a020001 10000 100 11130071 1242999 8410147 3684809
0a090005 0a0a0017 10000 100 4724350 3598000 6074065 1569376
0a040012 0a08001a 10000 100 4139055 4059000 5618312 1376091
0a04001f 0a08001d 10000 100 9700810 2582000 7122939 3212807
0a09000d 0a0b000d 10000 100 11820159 4976999 4747889 3912703
0a010003 0a0b0020 10000 100 10851819 2314000 7417299 3592911
0a070003 0a010011 10000 100 5564180 2245000 7501917 1846723
0a07000e 0a010018 10000 100 10787863 1007000 8753839 3571785
0a040009 0a01000a 10000 100 4245976 2755000 7015987 1411396
0a040005 0a060012 10000 100 11485496 1020000 8752160 3802170
0a0a000b 0a040009 10000 100 11207464 4996999 4775540 3710358
0a0b0020 0a06001f 10000 100 6840346 3893000 5887094 2268167
0a070018 0a04001c 10000 100 8797658 3046000 6742264 2914552
0a06001c 0a030011 10000 100 8344623 4786999 5013603 2764942
0a040003 0a03000d 10000 100 7582562 4531000 5280909 2513280
0a090009 0a0a0011 10000 100 10890753 3799999 6024127 3605769
0a030004 0a06000d 10000 100 11073932 1288000 8557169 3666261
0a06001a 0a07000e 10000 100 10950749 979999 8867544 3625583
0a05000e 0a02000f 10000 100 5630491 3278000 6577260 1868618
0a08000b 0a0a001d 10000 100 10586946 1539999 8320439 3505433
0a030012 0a080014 10000 100 8834548 4688999 5189460 2926725
0a05001e 0a020003 10000 100 8436504 3494999 6400954 2795281
0a0b0012 0a000012 10000 100 512961 1000000 8909011 178600
0a06000d 0a060016 10000 100 5746577 3082000 6830048 1902724
0a020003 0a0b0019 10000 100 11919158 4629999 5309294 3945396
0a020005 0a000012 10000 100 512199 1000000 8944262 178356
0a0a0010 0a07000e 10000 100 4760936 3433999 6529451 1581452
0a09001f 0a02001a 10000 100 750137 4335999 5641297 256939
0a08001d 0a060011 10000 100 5213652 3582999 6396908 1730960
0a000008 0a070002 10000 100 7293908 4089999 5893892 2417946
0a050012 0a020012 10000 100 8648598 4479000 5512929 2865317
0a090017 0a05000c 10000 100 6828329 3969999 6031782 2264199
0a040002 0a0b001d 10000 100 6062339 2275999 7728190 2011233
0a0b0020 0a0a0016 10000 100 6546458 2191999 7814583 2171112
0a04001c 0a000012 10000 100 512161 1000000 9020665 178344
0a020005 0a0b0017 10000 100 1023867 4060000 5978380 347328
0a070007 0a0a0009 10000 100 10209462 4362999 5681312 3380783
0a0a0009 0a000012 10000 100 401449 1621999 8423358 141780
0a070002 0a060005 10000 100 6271339 2197000 7853417 2080248
0a04001c 0a01000a 10000 100 14322 4934000 5153544 13936
0a0b0011 0a060017 10000 100 7890829 4309999 5779940 2615074
0a080014 0a00000d 10000 100 10816560 863000 9227757 3581275
0a07000b 0a05001a 10000 100 10661360 3627000 6470783 3530014
0a000011 0a040005 10000 100 8313005 2174999 7925833 2754502
0a08001d 0a0a0018 10000 100 11105721 2151000 7961198 3676756
0a010005 0a050015 10000 100 9597590 4250999 5862779 3178717
0a020020 0a04001c 10000 100 7565842 4116999 6029578 2507745
0a07000e 0a04000f 10000 100 4182251 4276000 5877147 1390359
0a03001d 0a050013 10000 100 9736538 3301999 6855398 3224609
0a01000d 0a090003 10000 100 3426086 3102000 7071469 1140645
0a060006 0a0a000e 10000 100 7530946 3370999 6895254 2496225
0a040003 0a070009 10000 100 12235435 814000 9459483 4049830
0a08000b 0a0a0010 10000 100 8194640 4154999 6122836 2715411
0a000010 0a0a0014 10000 100 5323510 4826999 5486430 1767251
0a060016 0a040017 10000 100 9682591 1103999 9215357 3206793
0a02000a 0a08000c 10000 100 11268538 1965000 8380422 3730531
0a02000a 0a020020 10000 100 10351334 2677999 7673478 3423386
0a050013 0a030005 10000 100 9573800 4366000 5991392 3170858
0a04001c 0a030011 10000 100 6742137 3683000 6681008 2235727
0a080015 0a020017 10000 100 8738482 1739000 8626843 2895001
0a010016 0a02001d 10000 100 9228394 3158000 7241827 3056796
0a050005 0a060004 10000 100 11248131 4670999 5739783 3723786
0a030011 0a050016 10000 100 5725917 1894999 8543332 1900137
0a060019 0a0a0003 10000 100 11906202 854000 9590480 3941112
0a010020 0a0a0010 10000 100 9595631 393000 10052895 3178075
0a060006 0a080018 10000 100 5896223 2840000 7619400 1956371
0a0a001d 0a010007 10000 100 11781609 2216000 8264783 3899967
0a08001a 0a000012 10000 100 512566 1000000 9486113 178474
0a05000e 0a090015 10000 100 10177024 626000 9887071 3370065
0a04000c 0a01000b 10000 100 11827687 2124000 8418959 3915188
0a030009 0a0b000e 10000 100 5952348 4369999 6184702 1974915
0a020011 0a050017 10000 100 10881290 1095999 9472800 3602649
0a0a0004 0a06000e 10000 100 9235131 1348000 9228307 3059013
0a070002 0a060009 10000 100 18253 3949000 6648639 15240
0a03001f 0a03000a 10000 100 10175464 3644000 6954335 3365310
0a03000d 0a060016 10000 100 5976565 4799999 5804834 1982910
0a0b001d 0a080020 10000 100 6010351 1134999 9491386 1994059
0a070003 0a040015 10000 100 7320213 2113999 8512781 2426640
0a0b001c 0a0b0004 10000 100 10063923 3859000 6771216 3328480
0a04000a 0a020001 10000 100 5174818 1312000 9331984 1718133
0a01001f 0a030017 10000 100 8762382 2716999 7937142 2902895
0a02000c 0a02000d 10000 100 6989574 4266999 6429650 2313201
0a07000a 0a050018 10000 100 11242533 3821999 6875259 3721949
0a020001 0a000012 10000 100 512911 1000000 9734784 178584
0a040010 0a0a0016 10000 100 11236061 2575000 8162539 3719801
0a0a000c 0a0a0020 10000 100 4294653 3082999 7660181 1423240
0a000009 0a070017 10000 100 5345999 3573999 7186029 1774662
0a070003 0a0b001a 10000 100 6067532 3468000 7294847 2012956
0a000004 0a000005 10000 100 3003081 2183000 8598474 996712
0a0a0016 0a08001a 10000 100 4757366 3148000 7644095 1580279
0a040014 0a090018 10000 100 12144473 841999 9961407 4019801
0a080020 0a040005 10000 100 7882446 2775999 8075071 2612299
0a03000c 0a020015 10000 100 5853904 3256000 7600919 1942399
0a0a0010 0a03001f 10000 100 8093913 2860999 8007588 2682134
0a080007 0a020013 10000 100 8510365 4153999 6722297 2819669
0a04000a 0a030011 10000 100 6787491 2514999 8373165 2250701
0a050016 0a000012 10000 100 512456 1000000 9916552 178439
0a090017 0a000009 10000 100 12382984 1912000 9007902 4098567
0a020010 0a060009 10000 100 51164 4882000 6058580 26110
0a0a0008 0a060009 10000 100 84307 4948000 5997167 37053
0a0b0020 0a000004 10000 100 11469397 2990000 7955451 3796864
0a040017 0a080015 10000 100 11426247 4878999 6072769 3782611
0a050001 0a02001c 10000 100 7918427 3668999 7295349 2624182
0a060019 0a03000e 10000 100 9041755 2390999 8593714 2995151
0a060013 0a09001d 10000 100 7316019 4304999 6726692 2425252
0a080007 0a0b001d 10000 100 7224316 4297999 6741711 2394970
0a080020 0a0a0013 10000 100 8435979 2778000 8302902 2795097
0a01000b 0a070009 10000 100 5135971 3403999 7678838 1705303
0a040013 0a05001d 10000 100 10520219 3990999 7103650 3483405
0a03000c 0a020015 10001 100 8236787 3605999 7492557 2729328
0a020015 0a050016 10000 100 5964226 2527000 8574601 1978839
0a0a000c 0a0b0009 10000 100 7498350 885000 10218512 2485456
0a060009 0a070002 10000 100 74669 4416999 6695543 33862
0a080016 0a03000a 10000 100 9632907 1685000 9431103 3190372
0a090020 0a000013 10000 100 12254173 2638000 8492585 4056026
0a020005 0a010002 10000 100 11137653 4354000 6780758 3687312
0a0a001a 0a020013 10000 100 4876756 3256999 7897089 1619712
0a09001f 0a070010 10000 100 10054176 203999 10950298 3329494
0a0b0008 0a060009 10000 100 5430654 2562000 8596888 1802627
0a080018 0a08001a 10000 100 8280379 4619999 6552767 2739483
0a0b001d 0a040002 10000 100 8172986 492000 10683294 2708252
0a040009 0a04000a 10000 100 4762133 3210000 7986834 1577610
0a060019 0a010010 10000 100 8187015 3523000 7728225 2712895
0a050001 0a0a0020 10000 100 9864022 1729999 9581798 3266709
0a050012 0a03000c 10000 100 11838758 4736999 6606092 3918839
0a090015 0a050016 10000 100 11728277 2655999 8748613 3882348
0a020011 0a0b001d 10000 100 6566919 1799999 9610025 2177860
0a010011 0a060005 10000 100 9489949 3877999 7535641 3143166
0a060012 0a000019 10000 100 9518835 4819999 6606734 3152701
0a050009 0a04000b 10000 100 6419427 4354000 7079362 2129157
0a0b001d 0a030012 10000 100 8268505 943000 10501463 2739801
0a0b001d 0a07000a 10000 100 6890435 3138999 8315515 2284703
0a050016 0a050020 10000 100 11186439 3200999 8268929 3699175
0a090005 0a010020 10000 100 10363928 1807999 9662887 3431794
0a050016 0a08000e 10000 100 11730015 3044999 8426164 3882935
0a0a001a 0a020010 10000 100 7391926 2409000 9094801 2450310
0a06000d 0a09001d 10000 100 10234773 1124999 10395357 3389144
0a090003 0a0a001e 10000 100 4505639 4950000 6575680 1497145
0a090012 0a080002 10000 100 4936358 4139999 7416794 1639384
0a080004 0a070015 10000 100 7162181 4154999 7402964 2374441
0a0b0002 0a09000d 10000 100 7954873 4892999 6686675 2636228
0a020008 0a020005 10000 100 11936774 4971999 6630520 3946962
0a040002 0a010012 10000 100 11861015 2203999 9410338 3926191
0a010009 0a09001f 10000 100 6723202 1446000 10206484 2229483
0a030010 0a000012 10000 100 512832 1000000 10675812 178559
0a080016 0a070005 10000 100 11608862 1598999 10099432 3842922
0a050010 0a06000f 10000 100 8427887 3242999 8458677 2792431
0a05000e 0a070006 10000 100 10534028 3004000 8707572 3487962
0a010001 0a01001f 10000 100 7425534 2756000 8971712 2457178
0a080011 0a08001d 10000 100 10528189 3096999 8635292 3481792
0a0b0015 0a060015 10000 100 8878936 384999 11368143 2941390
0a020011 0a02001f 10000 100 10126615 4773000 6992962 3349187
0a050001 0a02000d 10000 100 9755923 2131000 9635354 3230996
0a030013 0a060002 10000 100 11707061 1155999 10622549 3875344
0a00001d 0a06001d 10000 100 11086420 2436999 9348329 3670380
0a030005 0a00001b 10000 100 11992101 2585000 9214263 3969475
0a000019 0a01000f 10000 100 9677865 4701000 7132716 3205219
0a000019 0a020017 10000 100 11806234 2468999 9389753 3908093
0a02000d 0a020001 10000 100 4987169 3108000 8756675 1651926
0a0b000e 0a050011 10000 100 12260009 2161000 9709257 4057955
0a060012 0a030004 10000 100 11243528 4429999 7443156 3722267
0a0a000b 0a030017 10000 100 9454565 1221000 10663203 3131490
0a01001d 0a04000b 10000 100 11421316 4382999 7537997 3780987
0a08001a 0a030017 10000 100 8269807 2403000 9524590 2740233
0a000010 0a090018 10000 100 10579615 729999 11212299 3503026
0a070003 0a04000b 10000 100 6558602 2358999 9597349 2175121
0a080005 0a050004 10000 100 10294551 2821000 9150038 3408887
0a0a001a 0a070014 10000 100 9906849 1183999 10804553 3280844
0a060013 0a080015 10000 100 11961399 1832000 10171786 3959343
0a03001f 0a000014 10000 100 8191509 3412999 8633683 2714379
0a070004 0a09001d 10000 100 12118987 3331000 8716702 4011384
0a090003 0a000007 10000 100 9863768 1936000 10138038 3266613
0a090005 0a03001d 10000 100 3796022 3533000 8562606 1262803
0a0b000e 0a000016 10000 100 7496621 3341999 8769372 2484888
0a040011 0a04001c 10000 100 11181129 2664999 9446968 3697430
0a070009 0a020006 10000 100 7293058 4105000 8018491 2417674
0a0a001a 0a090003 10000 100 9496910 1472999 10653731 3145470
0a0a0005 0a09001f 10000 100 4011717 2429000 9708174 1334037
0a04000f 0a050003 10000 100 7363118 4728000 7418520 2440800
0a010010 0a030010 10000 100 11137305 3386000 8780875 3687185
0a0a001f 0a09000f 10000 100 8768692 2154000 10052991 2904976
0a04000a 0a00001c 10000 100 10601646 1342000 10875196 3510291
0a090005 0a0a001d 10000 100 11599805 2152999 10099083 3839931
0a090002 0a000012 10000 100 512749 1000000 11289240 178532
0a040012 0a07001f 10000 100 5805877 4163000 8163640 1926539
0a0a0004 0a0b0017 10000 100 7506035 900999 11453909 2488008
0a02000b 0a070005 10000 100 7331218 3207999 9214020 2430269
0a00000b 0a070009 10000 100 12403025 2426000 10000934 4105179
0a0a000c 0a080006 10000 100 6221040 2704999 9755742 2063646
0a0a001f 0a02000d 10000 100 10625555 3158999 9310729 3518187
0a08001e 0a030013 10000 100 8992383 2115000 10365506 2978845
0a0a001e 0a03001b 10001 100 10027033 2409000 10093301 3320532
0a05001d 0a09001f 10000 100 12198622 1796000 10708266 4037681
0a09001b 0a08001a 10000 100 6014243 1828999 10677606 1995351
0a09001f 0a060013 10000 100 5606676 2873999 9643777 1860752
0a070009 0a000012 10000 100 512683 1000000 11522974 178511
0a030017 0a0a001d 10000 100 5502586 2605999 9940588 1826383
0a02001e 0a070002 10000 100 12254672 4194999 8452911 4056186
0a0a001d 0a040010 10000 100 8962300 4628000 8037422 2968912
0a080016 0a080005 10000 100 8694426 1423000 11248672 2876218
0a02000d 0a050009 10000 100 7554693 3925999 8753601 2504070
0a010020 0a070013 10000 100 11195976 608000 12088628 3706559
0a09000f 0a020019 10000 100 10732390 4106000 8631567 3553465
0a0a000c 0a020004 10000 100 5665871 4485000 8265909 1880308
0a0a0016 0a0a0014 10000 100 11263798 3680999 9081686 3724728
0a050002 0a04000f 10000 100 11211268 4021000 8762277 3711621
0a02001c 0a070019 10000 100 9116863 3384999 9454879 3019954
0a010001 0a020007 10000 100 11554860 1043000 11816257 3825088
0a0a001d 0a0a0011 10000 100 10006749 4406000 8503354 3309601
0a030005 0a030010 10000 100 9784049 2284000 10661833 3236048
0a000005 0a0a0012 10000 100 7175924 907999 12043886 2378977
0a000009 0a090013 10000 100 8826558 4887999 8065660 2924092
0a02001c 0a070013 10000 100 8570462 4406000 8577817 2839514
0a040009 0a0b0003 10000 100 11709786 1204999 11852896 3876247
0a030007 0a000012 10000 100 512498 1000000 12059717 178452
0a030004 0a01001c 10000 100 5795065 4085000 9060882 1922971
0a0a000c 0a000004 10000 100 8991880 1608000 11586553 2978684
0a090003 0a00000b 10000 100 11146002 3491999 9721416 3690060
0a0b0009 0a04000f 10000 100 11609006 549000 12664609 3842968
0a000009 0a08000b 10000 100 11194717 3353000 9914038 3706156
0a000011 0a02001d 10000 100 6863011 3873000 9404430 2275650
0a010001 0a050009 10000 100 9047169 1258999 12052450 2996945
0a0a0010 0a09001c 10000 100 9371068 3037000 10308594 3103911
0a030011 0a000005 10000 100 10383824 1211000 12167413 3438360
0a080013 0a0b0014 10000 100 6000855 331999 13053140 1990928
0a080013 0a0a0001 10001 100 4957769 1283999 12127208 1646466
0a030002 0a090018 10000 100 9393084 4930000 8508667 3111186
0a04000a 0a090015 10000 100 9476467 1662000 11784296 3138713
0a03000c 0a090008 10000 100 11866126 39999 13440452 3927873
0a02000b 0a040012 10000 100 7608853 3787000 9703023 2521954
0a05000d 0a060009 10000 100 7308064 609999 12894817 2422629
0a040006 0a050013 10000 100 10439365 3507999 10032014 3456702
0a0b0006 0a0b001a 10000 100 4148753 3769000 9787437 1375046
0a030015 0a01000d 10000 100 6157248 3229000 10344638 2042572
0a0a000e 0a050001 10000 100 8020875 1520999 12102586 2658025
0a010005 0a000005 10000 100 9380475 27999 13610550 3107013
0a080020 0a03000e 10000 100 9791622 1428999 12232063 3242789
0a02000c 0a030013 10000 100 8629956 1753999 11967633 2859167
0a02000e 0a030017 10000 100 7706244 3985999 9774172 2554117
0a080001 0a080005 10000 100 8675247 4087000 9693231 2869881
0a0a000e 0a010019 10000 100 11871237 154999 13637406 3929570
0a090018 0a020019 10000 100 8647833 4952999 8890204 2865072
0a0b0006 0a04001b 10000 100 7149559 1312999 12539086 2370280
0a0b0009 0a01001b 10000 100 11102358 3900999 9996084 3675649
0a040005 0a0b000e 10000 100 12003814 2524999 11389028 3973346
0a060015 0a030020 10000 100 3965665 4793999 9137502 1318824
0a0b0011 0a070009 10000 100 8848901 4943000 9039463 2931472
0a0a000d 0a030010 10000 100 11690547 4455999 9572282 3869890
0a080013 0a01001a 10000 100 4289295 2052000 12008944 1425704
0a010020 0a050009 10000 100 11038298 2458999 11607482 3654489
0a0b0009 0a030005 10000 100 11611856 3950000 10127700 3843911
0a06001b 0a0b001b 10000 100 8006761 3909000 10272611 2653355
0a050019 0a020013 10000 100 11860586 2351999 11861655 3926054
0a000005 0a000012 10000 100 512476 1000000 13255808 174205
0a080004 0a080005 10000 100 7828823 3474999 10788470 2590362
0a040006 0a080018 10000 100 10020817 4721999 9583041 3318481
0a060014 0a090006 10000 100 7042923 3765999 10567762 2335065
0a000004 0a06001f 10000 100 8563957 135999 14238754 2837371
0a060018 0a080018 10000 100 11094780 1183999 13221203 3673147
0a01000c 0a020015 10000 100 4722267 4764000 9707844 1568694
0a05000d 0a06001c 10000 100 8505215 2239999 12235994 2817975
0a02000e 0a080005 10000 100 8215540 4578999 9911731 2722314
0a050019 0a06001b 10000 100 11026311 3206000 11309636 3650530
0a0a0016 0a02001d 10000 100 12271301 3165999 11407772 4061676
0a010009 0a07001f 10000 100 11581189 3327000 11297825 3833775
0a0a0005 0a0b0017 10000 100 8506820 1848000 12788480 2818504
0a0b0006 0a0a001a 10000 100 8763907 938999 13707521 2903398
0a050019 0a090014 10000 100 10417033 4335000 10356302 3449325
0a010008 0a000005 10000 100 11870989 3220999 11556578 3929475
0a06000e 0a020019 10000 100 7007487 4004999 10790393 2323357
0a000005 0a070019 10000 100 11719433 911000 13885255 3879426
0a06000d 0a090017 10000 100 5975638 4237999 10570426 1982598
0a02000b 0a030003 10000 100 10853730 3118000 11811576 3593538
0a040006 0a030008 10000 100 12413936 4408999 10581925 4108778
0a070015 0a060018 10000 100 5489808 4550000 10508438 1822156
0a060018 0a000009 10000 100 8695229 3422000 11686542 2880715
0a060011 0a030013 10000 100 10645140 4577999 10568626 3524654
0a0a001f 0a000014 10000 100 10111610 3416000 11970245 3348472
0a040009 0a05000d 10000 100 9987654 3485999 11916992 3307531
0a05000d 0a090016 10000 100 8719542 2978000 12454811 2888756
0a01000f 0a090008 10000 100 5634555 4519999 10917080 1869965
0a060001 0a090008 10000 100 9186279 3993000 11455073 3042889
0a02000b 0a090004 10000 100 11141194 4109999 11369393 3688476
0a040009 0a050003 10000 100 11263378 3170000 12574266 3728819
0a060020 0a01000d 10000 100 9445742 1502000 14341967 3128574
0a00000c 0a0b0017 10000 100 12074150 2112999 13865668 3996576
0a0a001e 0a090018 10000 100 12334086 2088000 13954936 4082412
0a0a000e 0a03000e 10000 100 10794386 2448999 13642435 3573949
0a090003 0a01000d 10000 100 9140374 1415000 14767001 3027723
0a090013 0a03001e 10000 100 5707086 2972999 13223872 1893912
0a0a000e 0a0a0013 10000 100 10893743 2991000 13256813 3602517
0a060006 0a07001f 10000 100 12163169 1355000 14953709 4025968
0a050010 0a0b000e 10000 100 12236025 4506999 11869341 4050034
0a00001d 0a000014 10000 100 10107218 4451000 11995097 3342780
0a05000d 0a04001b 10000 100 10020573 3578000 12941293 3318403
0a090013 0a0b000e 10000 100 4813486 2475999 14063191 1598805
0a0a000e 0a07001f 10000 100 6167848 1255000 15418475 2046071
0a080013 0a000010 10000 100 8110732 491000 16253638 2687701
0a080013 0a040014 10000 100 8195341 458999 16322803 2715636
0a080014 0a07001f 10000 100 9895558 4131000 12662571 3277123
0a01000d 0a090004 10000 100 9357395 4556000 12303487 3099397
0a04000c 0a0b0017 10000 100 8613311 2611000 14249357 2853672
0a05000d 0a040015 10000 100 12155149 2697999 14344263 4023325
0a09001c 0a040003 10000 100 8290760 4028999 13097164 2747153
0a09001c 0a090008 10000 100 8232374 1502000 15786590 2723630
0a02001c 0a0b0017 10000 100 11849314 534999 16760738 3922324
0a090011 0a060005 10000 100 12198926 4782999 12514535 4037779
0a02001e 0a060005 10000 100 12031312 4658999 12701822 3982422
0a06001a 0a00001b 10000 100 11161468 4833999 12620622 3695163
0a080013 0a0a0001 10000 100 9156231 635999 16907022 3032966
0a090013 0a090008 10000 100 10010445 862000 16701632 3310815
0a080013 0a07000a 10000 100 8839893 2148000 15573857 2928497
0a040002 0a01000d 10000 100 12258905 3419000 14581965 4057586
0a01000c 0a01000d 10000 100 8195579 1936999 16123652 2711472
0a01000d 0a000014 10000 100 12321741 2759000 15310766 4078339
0a000015 0a060009 10000 100 9655260 4436999 13825096 3197755
0a0b0006 0a05001a 10000 100 8000819 3115000 15276830 2651392
0a090013 0a030016 10000 100 10499518 4910999 13497894 3476565
0a060015 0a060009 10000 100 10949423 8999 18522163 3620903
0a02001a 0a060009 10000 100 12269234 2402000 16470990 4060999
0a0b0006 0a080015 10000 100 8287069 3671999 15338323 2745926
0a0b0006 0a080014 10000 100 9326738 2733999 16484714 3089264
0a05000b 0a060009 10000 100 7587083 4370999 14954462 2514772
0a0b0006 0a01000a 10000 100 9429250 3115999 16264305 3123128
0a06001a 0a060009 10000 100 4398078 3821000 15644558 1457395
