6172919 2 1 4 1
6173375 0 1 4 1
6179038 2 1 4 0
6179533 0 1 4 0
6181711 2 1 4 1
6182151 0 1 4 1
6196858 2 1 4 0
6197353 0 1 4 0
6199531 2 1 4 1
6199971 0 1 4 1
6218638 2 1 4 0
6219133 0 1 4 0
6221311 2 1 4 1
6221751 0 1 4 1
6240418 2 1 4 0
6240913 0 1 4 0
6243091 2 1 4 1
6243531 0 1 4 1
6262198 2 1 4 0
6262693 0 1 4 0
6264871 2 1 4 1
6265311 0 1 4 1
6283978 2 1 4 0
6284473 0 1 4 0
6286651 2 1 4 1
6287091 0 1 4 1
6305758 2 1 4 0
6306253 0 1 4 0
6308431 2 1 4 1
6308871 0 1 4 1
6327538 2 1 4 0
6328033 0 1 4 0
6330211 2 1 4 1
6330651 0 1 4 1
6349318 2 1 4 0
6349813 0 1 4 0
6351991 2 1 4 1
6352431 0 1 4 1
6371098 2 1 4 0
6371593 0 1 4 0
6373771 2 1 4 1
6374211 0 1 4 1
6392878 2 1 4 0
6393373 0 1 4 0
6395551 2 1 4 1
6395991 0 1 4 1
6414658 2 1 4 0
6415153 0 1 4 0
6417331 2 1 4 1
6417771 0 1 4 1
6436438 2 1 4 0
6436933 0 1 4 0
6439111 2 1 4 1
6439551 0 1 4 1
6458218 2 1 4 0
6458713 0 1 4 0
6460891 2 1 4 1
6461331 0 1 4 1
6479998 2 1 4 0
6480493 0 1 4 0
6482671 2 1 4 1
6483111 0 1 4 1
6501778 2 1 4 0
6502273 0 1 4 0
6504451 2 1 4 1
6504891 0 1 4 1
6523558 2 1 4 0
6524053 0 1 4 0
6526231 2 1 4 1
6526671 0 1 4 1
6545338 2 1 4 0
6545833 0 1 4 0
6548011 2 1 4 1
6548451 0 1 4 1
6567118 2 1 4 0
6567613 0 1 4 0
6569791 2 1 4 1
6570231 0 1 4 1
6588898 2 1 4 0
6589393 0 1 4 0
6591571 2 1 4 1
6592011 0 1 4 1
6610678 2 1 4 0
6611173 0 1 4 0
6613351 2 1 4 1
6613791 0 1 4 1
6632458 2 1 4 0
6632953 0 1 4 0
6635131 2 1 4 1
6635571 0 1 4 1
6654238 2 1 4 0
6654733 0 1 4 0
6656911 2 1 4 1
6657351 0 1 4 1
6676018 2 1 4 0
6676513 0 1 4 0
6678691 2 1 4 1
6679131 0 1 4 1
6697798 2 1 4 0
6698293 0 1 4 0
6700471 2 1 4 1
6700911 0 1 4 1
6719578 2 1 4 0
6720073 0 1 4 0
6722251 2 1 4 1
6722691 0 1 4 1
6741358 2 1 4 0
6741853 0 1 4 0
6744031 2 1 4 1
6744471 0 1 4 1
6763138 2 1 4 0
6763633 0 1 4 0
6765811 2 1 4 1
6766251 0 1 4 1
6784918 2 1 4 0
6785413 0 1 4 0
6787591 2 1 4 1
6788031 0 1 4 1
6806698 2 1 4 0
6807193 0 1 4 0
6809371 2 1 4 1
6809811 0 1 4 1
6828478 2 1 4 0
6828973 0 1 4 0
6831151 2 1 4 1
6831591 0 1 4 1
6850258 2 1 4 0
6850753 0 1 4 0
6852931 2 1 4 1
6853371 0 1 4 1
6872038 2 1 4 0
6872533 0 1 4 0
6874711 2 1 4 1
6875151 0 1 4 1
6893818 2 1 4 0
6894313 0 1 4 0
6896491 2 1 4 1
6896931 0 1 4 1
6915598 2 1 4 0
6916093 0 1 4 0
6918271 2 1 4 1
6918711 0 1 4 1
6937378 2 1 4 0
6937873 0 1 4 0
6940051 2 1 4 1
6940491 0 1 4 1
6959158 2 1 4 0
6959653 0 1 4 0
6961831 2 1 4 1
6962271 0 1 4 1
6980938 2 1 4 0
6981433 0 1 4 0
6983611 2 1 4 1
6984051 0 1 4 1
7002718 2 1 4 0
7003213 0 1 4 0
7005391 2 1 4 1
7005831 0 1 4 1
7024498 2 1 4 0
7024993 0 1 4 0
7027171 2 1 4 1
7027611 0 1 4 1
7046278 2 1 4 0
7046773 0 1 4 0
7048951 2 1 4 1
7049391 0 1 4 1
7068058 2 1 4 0
7068553 0 1 4 0
7070731 2 1 4 1
7071171 0 1 4 1
7089838 2 1 4 0
7090333 0 1 4 0
7092511 2 1 4 1
7092951 0 1 4 1
7111618 2 1 4 0
7112113 0 1 4 0
7114291 2 1 4 1
7114731 0 1 4 1
7133398 2 1 4 0
7133893 0 1 4 0
7136071 2 1 4 1
7136511 0 1 4 1
7155178 2 1 4 0
7155673 0 1 4 0
7157851 2 1 4 1
7158291 0 1 4 1
7176958 2 1 4 0
7177453 0 1 4 0
7179631 2 1 4 1
7180071 0 1 4 1
7198738 2 1 4 0
7199233 0 1 4 0
7201411 2 1 4 1
7201851 0 1 4 1
7220518 2 1 4 0
7221013 0 1 4 0
7223191 2 1 4 1
7223631 0 1 4 1
7242298 2 1 4 0
7242793 0 1 4 0
7244971 2 1 4 1
7245411 0 1 4 1
7264078 2 1 4 0
7264573 0 1 4 0
7266751 2 1 4 1
7267191 0 1 4 1
7285858 2 1 4 0
7286353 0 1 4 0
7288531 2 1 4 1
7288971 0 1 4 1
7307638 2 1 4 0
7308133 0 1 4 0
7310311 2 1 4 1
7310751 0 1 4 1
7329418 2 1 4 0
7329913 0 1 4 0
7332091 2 1 4 1
7332531 0 1 4 1
7351198 2 1 4 0
7351693 0 1 4 0
7353871 2 1 4 1
7354311 0 1 4 1
7372978 2 1 4 0
7373473 0 1 4 0
7375651 2 1 4 1
7376091 0 1 4 1
7394758 2 1 4 0
7395253 0 1 4 0
7397431 2 1 4 1
7397871 0 1 4 1
7416538 2 1 4 0
7417033 0 1 4 0
7419211 2 1 4 1
7419651 0 1 4 1
7438318 2 1 4 0
7438813 0 1 4 0
7440991 2 1 4 1
7441431 0 1 4 1
7460098 2 1 4 0
7460593 0 1 4 0
7462771 2 1 4 1
7463211 0 1 4 1
7481878 2 1 4 0
7482373 0 1 4 0
7484551 2 1 4 1
7484991 0 1 4 1
7503658 2 1 4 0
7504153 0 1 4 0
7506331 2 1 4 1
7506771 0 1 4 1
7525438 2 1 4 0
7525933 0 1 4 0
7528111 2 1 4 1
7528551 0 1 4 1
7547218 2 1 4 0
7547713 0 1 4 0
7549891 2 1 4 1
7550331 0 1 4 1
7568998 2 1 4 0
7569493 0 1 4 0
7571671 2 1 4 1
7572111 0 1 4 1
7590778 2 1 4 0
7591273 0 1 4 0
7593451 2 1 4 1
7593891 0 1 4 1
7612558 2 1 4 0
7613053 0 1 4 0
7615231 2 1 4 1
7615671 0 1 4 1
7634338 2 1 4 0
7634833 0 1 4 0
7637011 2 1 4 1
7637451 0 1 4 1
7656118 2 1 4 0
7656613 0 1 4 0
7658791 2 1 4 1
7659231 0 1 4 1
7677898 2 1 4 0
7678393 0 1 4 0
7680571 2 1 4 1
7681011 0 1 4 1
7699678 2 1 4 0
7700173 0 1 4 0
7702351 2 1 4 1
7702791 0 1 4 1
7721458 2 1 4 0
7721953 0 1 4 0
7724131 2 1 4 1
7724571 0 1 4 1
7743238 2 1 4 0
7743733 0 1 4 0
7745911 2 1 4 1
7746351 0 1 4 1
7765018 2 1 4 0
7765513 0 1 4 0
7767691 2 1 4 1
7768131 0 1 4 1
7786798 2 1 4 0
7787293 0 1 4 0
7789471 2 1 4 1
7789911 0 1 4 1
7808578 2 1 4 0
7809073 0 1 4 0
7811251 2 1 4 1
7811691 0 1 4 1
7830358 2 1 4 0
7830853 0 1 4 0
7833031 2 1 4 1
7833471 0 1 4 1
7852138 2 1 4 0
7852633 0 1 4 0
7854811 2 1 4 1
7855251 0 1 4 1
7873918 2 1 4 0
7874413 0 1 4 0
7876591 2 1 4 1
7877031 0 1 4 1
7895698 2 1 4 0
7896193 0 1 4 0
7898371 2 1 4 1
7898811 0 1 4 1
7917478 2 1 4 0
7917973 0 1 4 0
7920151 2 1 4 1
7920591 0 1 4 1
7939258 2 1 4 0
7939753 0 1 4 0
7941931 2 1 4 1
7942371 0 1 4 1
7961038 2 1 4 0
7961533 0 1 4 0
7963711 2 1 4 1
7964151 0 1 4 1
7982818 2 1 4 0
7983313 0 1 4 0
7985491 2 1 4 1
7985931 0 1 4 1
8004598 2 1 4 0
8005093 0 1 4 0
8007271 2 1 4 1
8007711 0 1 4 1
8026378 2 1 4 0
8026873 0 1 4 0
8029051 2 1 4 1
8029491 0 1 4 1
8048158 2 1 4 0
8048653 0 1 4 0
8050831 2 1 4 1
8051271 0 1 4 1
8069938 2 1 4 0
8070433 0 1 4 0
8072611 2 1 4 1
8073051 0 1 4 1
8091718 2 1 4 0
8092213 0 1 4 0
8094391 2 1 4 1
8094831 0 1 4 1
8113498 2 1 4 0
8113993 0 1 4 0
8116171 2 1 4 1
8116611 0 1 4 1
8135278 2 1 4 0
8135773 0 1 4 0
8137951 2 1 4 1
8138391 0 1 4 1
8157058 2 1 4 0
8157553 0 1 4 0
8159731 2 1 4 1
8160171 0 1 4 1
8178838 2 1 4 0
8179333 0 1 4 0
8181511 2 1 4 1
8181951 0 1 4 1
8200618 2 1 4 0
8201113 0 1 4 0
8203291 2 1 4 1
8203731 0 1 4 1
8222398 2 1 4 0
8222893 0 1 4 0
8225071 2 1 4 1
8225511 0 1 4 1
8244178 2 1 4 0
8244673 0 1 4 0
8246851 2 1 4 1
8247291 0 1 4 1
8265958 2 1 4 0
8266453 0 1 4 0
8268631 2 1 4 1
8269071 0 1 4 1
8287738 2 1 4 0
8288233 0 1 4 0
8290411 2 1 4 1
8290851 0 1 4 1
8309518 2 1 4 0
8310013 0 1 4 0
8312191 2 1 4 1
8312631 0 1 4 1
8331298 2 1 4 0
8331793 0 1 4 0
8333971 2 1 4 1
8334411 0 1 4 1
8353078 2 1 4 0
8353573 0 1 4 0
8355751 2 1 4 1
8356191 0 1 4 1
8374858 2 1 4 0
8375353 0 1 4 0
8377531 2 1 4 1
8377971 0 1 4 1
8396638 2 1 4 0
8397133 0 1 4 0
8399311 2 1 4 1
8399751 0 1 4 1
8418418 2 1 4 0
8418913 0 1 4 0
8421091 2 1 4 1
8421531 0 1 4 1
8440198 2 1 4 0
8440693 0 1 4 0
8442871 2 1 4 1
8443311 0 1 4 1
8461978 2 1 4 0
8462473 0 1 4 0
8464651 2 1 4 1
8465091 0 1 4 1
8483758 2 1 4 0
8484253 0 1 4 0
8486431 2 1 4 1
8486871 0 1 4 1
8505538 2 1 4 0
8506033 0 1 4 0
8508211 2 1 4 1
8508651 0 1 4 1
8527318 2 1 4 0
8527813 0 1 4 0
8529991 2 1 4 1
8530431 0 1 4 1
8549098 2 1 4 0
8549593 0 1 4 0
8551771 2 1 4 1
8552211 0 1 4 1
8570878 2 1 4 0
8571373 0 1 4 0
8573551 2 1 4 1
8573991 0 1 4 1
8592658 2 1 4 0
8593153 0 1 4 0
8595331 2 1 4 1
8595771 0 1 4 1
8614438 2 1 4 0
8614933 0 1 4 0
8617111 2 1 4 1
8617551 0 1 4 1
8636218 2 1 4 0
8636713 0 1 4 0
8638891 2 1 4 1
8639331 0 1 4 1
8657998 2 1 4 0
8658493 0 1 4 0
8660671 2 1 4 1
8661111 0 1 4 1
8679778 2 1 4 0
8680273 0 1 4 0
8682451 2 1 4 1
8682891 0 1 4 1
8701558 2 1 4 0
8702053 0 1 4 0
8704231 2 1 4 1
8704671 0 1 4 1
8723338 2 1 4 0
8723833 0 1 4 0
8726011 2 1 4 1
8726451 0 1 4 1
8745118 2 1 4 0
8745613 0 1 4 0
8747791 2 1 4 1
8748231 0 1 4 1
8766898 2 1 4 0
8767393 0 1 4 0
8769571 2 1 4 1
8770011 0 1 4 1
8788678 2 1 4 0
8789173 0 1 4 0
8791351 2 1 4 1
8791791 0 1 4 1
8810458 2 1 4 0
8810953 0 1 4 0
8813131 2 1 4 1
8813571 0 1 4 1
8832238 2 1 4 0
8832733 0 1 4 0
8834911 2 1 4 1
8835351 0 1 4 1
8854018 2 1 4 0
8854513 0 1 4 0
8856691 2 1 4 1
8857131 0 1 4 1
8875798 2 1 4 0
8876293 0 1 4 0
8878471 2 1 4 1
8878911 0 1 4 1
8897578 2 1 4 0
8898073 0 1 4 0
8900251 2 1 4 1
8900691 0 1 4 1
8919358 2 1 4 0
8919853 0 1 4 0
8922031 2 1 4 1
8922471 0 1 4 1
8941138 2 1 4 0
8941633 0 1 4 0
8943811 2 1 4 1
8944251 0 1 4 1
8962918 2 1 4 0
8963413 0 1 4 0
8965591 2 1 4 1
8966031 0 1 4 1
8984698 2 1 4 0
8985193 0 1 4 0
8987371 2 1 4 1
8987811 0 1 4 1
9006478 2 1 4 0
9006973 0 1 4 0
9009151 2 1 4 1
9009591 0 1 4 1
9028258 2 1 4 0
9028753 0 1 4 0
9030931 2 1 4 1
9031371 0 1 4 1
9050038 2 1 4 0
9050533 0 1 4 0
9052711 2 1 4 1
9053151 0 1 4 1
9071818 2 1 4 0
9072313 0 1 4 0
9074491 2 1 4 1
9074931 0 1 4 1
9093598 2 1 4 0
9094093 0 1 4 0
9096271 2 1 4 1
9096711 0 1 4 1
9115378 2 1 4 0
9115873 0 1 4 0
9118051 2 1 4 1
9118491 0 1 4 1
9137158 2 1 4 0
9137653 0 1 4 0
9139831 2 1 4 1
9140271 0 1 4 1
9158938 2 1 4 0
9159433 0 1 4 0
9161611 2 1 4 1
9162051 0 1 4 1
9180718 2 1 4 0
9181213 0 1 4 0
9183391 2 1 4 1
9183831 0 1 4 1
9202498 2 1 4 0
9202993 0 1 4 0
9205171 2 1 4 1
9205611 0 1 4 1
9224278 2 1 4 0
9224773 0 1 4 0
9226951 2 1 4 1
9227391 0 1 4 1
9246058 2 1 4 0
9246553 0 1 4 0
9248731 2 1 4 1
9249171 0 1 4 1
9267838 2 1 4 0
9268333 0 1 4 0
9270511 2 1 4 1
9270951 0 1 4 1
9289618 2 1 4 0
9290113 0 1 4 0
9292291 2 1 4 1
9292731 0 1 4 1
9311398 2 1 4 0
9311893 0 1 4 0
9314071 2 1 4 1
9314511 0 1 4 1
9333178 2 1 4 0
9333673 0 1 4 0
9335851 2 1 4 1
9336291 0 1 4 1
9354958 2 1 4 0
9355453 0 1 4 0
9357631 2 1 4 1
9358071 0 1 4 1
9376738 2 1 4 0
9377233 0 1 4 0
9379411 2 1 4 1
9379851 0 1 4 1
9398518 2 1 4 0
9399013 0 1 4 0
9401191 2 1 4 1
9401631 0 1 4 1
9420298 2 1 4 0
9420793 0 1 4 0
9422971 2 1 4 1
9423411 0 1 4 1
9442078 2 1 4 0
9442573 0 1 4 0
9444751 2 1 4 1
9445191 0 1 4 1
9463858 2 1 4 0
9464353 0 1 4 0
9466531 2 1 4 1
9466971 0 1 4 1
9485638 2 1 4 0
9486133 0 1 4 0
9488311 2 1 4 1
9488751 0 1 4 1
9507418 2 1 4 0
9507913 0 1 4 0
9510091 2 1 4 1
9510531 0 1 4 1
9529198 2 1 4 0
9529693 0 1 4 0
9531871 2 1 4 1
9532311 0 1 4 1
9550978 2 1 4 0
9551473 0 1 4 0
9553651 2 1 4 1
9554091 0 1 4 1
9572758 2 1 4 0
9573253 0 1 4 0
9575431 2 1 4 1
9575871 0 1 4 1
9594538 2 1 4 0
9595033 0 1 4 0
9597211 2 1 4 1
9597651 0 1 4 1
9616318 2 1 4 0
9616813 0 1 4 0
9618991 2 1 4 1
9619431 0 1 4 1
9638098 2 1 4 0
9638593 0 1 4 0
9640771 2 1 4 1
9641211 0 1 4 1
9659878 2 1 4 0
9660373 0 1 4 0
9662551 2 1 4 1
9662991 0 1 4 1
9681658 2 1 4 0
9682153 0 1 4 0
9684331 2 1 4 1
9684771 0 1 4 1
9703438 2 1 4 0
9703933 0 1 4 0
9706111 2 1 4 1
9706551 0 1 4 1
9725218 2 1 4 0
9725713 0 1 4 0
9727891 2 1 4 1
9728331 0 1 4 1
9746998 2 1 4 0
9747493 0 1 4 0
9749671 2 1 4 1
9750111 0 1 4 1
9768778 2 1 4 0
9769273 0 1 4 0
9771451 2 1 4 1
9771891 0 1 4 1
9790558 2 1 4 0
9791053 0 1 4 0
9793231 2 1 4 1
9793671 0 1 4 1
9812338 2 1 4 0
9812833 0 1 4 0
9815011 2 1 4 1
9815451 0 1 4 1
9834118 2 1 4 0
9834613 0 1 4 0
9836791 2 1 4 1
9837231 0 1 4 1
9855898 2 1 4 0
9856393 0 1 4 0
9858571 2 1 4 1
9859011 0 1 4 1
9877678 2 1 4 0
9878173 0 1 4 0
9880351 2 1 4 1
9880791 0 1 4 1
9899458 2 1 4 0
9899953 0 1 4 0
9902131 2 1 4 1
9902571 0 1 4 1
9921238 2 1 4 0
9921733 0 1 4 0
9923911 2 1 4 1
9924351 0 1 4 1
9943018 2 1 4 0
9943513 0 1 4 0
9945691 2 1 4 1
9946131 0 1 4 1
9964798 2 1 4 0
9965293 0 1 4 0
9967471 2 1 4 1
9967911 0 1 4 1
9986578 2 1 4 0
9987073 0 1 4 0
9989251 2 1 4 1
9989691 0 1 4 1
10008358 2 1 4 0
10008853 0 1 4 0
10011031 2 1 4 1
10011471 0 1 4 1
10030138 2 1 4 0
10030633 0 1 4 0
10032811 2 1 4 1
10033251 0 1 4 1
10051918 2 1 4 0
10052413 0 1 4 0
10054591 2 1 4 1
10055031 0 1 4 1
10073698 2 1 4 0
10074193 0 1 4 0
10076371 2 1 4 1
10076811 0 1 4 1
10095478 2 1 4 0
10095973 0 1 4 0
10098151 2 1 4 1
10098591 0 1 4 1
10117258 2 1 4 0
10117753 0 1 4 0
10119931 2 1 4 1
10120371 0 1 4 1
10139038 2 1 4 0
10139533 0 1 4 0
10141711 2 1 4 1
10142151 0 1 4 1
10160818 2 1 4 0
10161313 0 1 4 0
10163491 2 1 4 1
10163931 0 1 4 1
10182598 2 1 4 0
10183093 0 1 4 0
10185271 2 1 4 1
10185711 0 1 4 1
10204378 2 1 4 0
10204873 0 1 4 0
10207051 2 1 4 1
10207491 0 1 4 1
10226158 2 1 4 0
10226653 0 1 4 0
10228831 2 1 4 1
10229271 0 1 4 1
10247938 2 1 4 0
10248433 0 1 4 0
10250611 2 1 4 1
10251051 0 1 4 1
10269718 2 1 4 0
10270213 0 1 4 0
10272391 2 1 4 1
10272831 0 1 4 1
10291498 2 1 4 0
10291993 0 1 4 0
10294171 2 1 4 1
10294611 0 1 4 1
10313278 2 1 4 0
10313773 0 1 4 0
10315951 2 1 4 1
10316391 0 1 4 1
10335058 2 1 4 0
10335553 0 1 4 0
10337731 2 1 4 1
10338171 0 1 4 1
10356838 2 1 4 0
10357333 0 1 4 0
10359511 2 1 4 1
10359951 0 1 4 1
10378618 2 1 4 0
10379113 0 1 4 0
10381291 2 1 4 1
10381731 0 1 4 1
10400398 2 1 4 0
10400893 0 1 4 0
10403071 2 1 4 1
10403511 0 1 4 1
10422178 2 1 4 0
10422673 0 1 4 0
10424851 2 1 4 1
10425291 0 1 4 1
10443958 2 1 4 0
10444453 0 1 4 0
10446631 2 1 4 1
10447071 0 1 4 1
10465738 2 1 4 0
10466233 0 1 4 0
10468411 2 1 4 1
10468851 0 1 4 1
10487518 2 1 4 0
10488013 0 1 4 0
10490191 2 1 4 1
10490631 0 1 4 1
10509298 2 1 4 0
10509793 0 1 4 0
10511971 2 1 4 1
10512411 0 1 4 1
10531078 2 1 4 0
10531573 0 1 4 0
10533751 2 1 4 1
10534191 0 1 4 1
10552858 2 1 4 0
10553353 0 1 4 0
10555531 2 1 4 1
10555971 0 1 4 1
10574638 2 1 4 0
10575133 0 1 4 0
10577311 2 1 4 1
10577751 0 1 4 1
10596418 2 1 4 0
10596913 0 1 4 0
10599091 2 1 4 1
10599531 0 1 4 1
10618198 2 1 4 0
10618693 0 1 4 0
10620871 2 1 4 1
10621311 0 1 4 1
10639978 2 1 4 0
10640473 0 1 4 0
10642651 2 1 4 1
10643091 0 1 4 1
10661758 2 1 4 0
10662253 0 1 4 0
10664431 2 1 4 1
10664871 0 1 4 1
10683538 2 1 4 0
10684033 0 1 4 0
10686211 2 1 4 1
10686651 0 1 4 1
10705318 2 1 4 0
10705813 0 1 4 0
10707991 2 1 4 1
10708431 0 1 4 1
10727098 2 1 4 0
10727593 0 1 4 0
10729771 2 1 4 1
10730211 0 1 4 1
10748878 2 1 4 0
10749373 0 1 4 0
10751551 2 1 4 1
10751991 0 1 4 1
10770658 2 1 4 0
10771153 0 1 4 0
10773331 2 1 4 1
10773771 0 1 4 1
10792438 2 1 4 0
10792933 0 1 4 0
10795111 2 1 4 1
10795551 0 1 4 1
10814218 2 1 4 0
10814713 0 1 4 0
10816891 2 1 4 1
10817331 0 1 4 1
10835998 2 1 4 0
10836493 0 1 4 0
10838671 2 1 4 1
10839111 0 1 4 1
10857778 2 1 4 0
10858273 0 1 4 0
10860451 2 1 4 1
10860891 0 1 4 1
10879558 2 1 4 0
10880053 0 1 4 0
10882231 2 1 4 1
10882671 0 1 4 1
10901338 2 1 4 0
10901833 0 1 4 0
10904011 2 1 4 1
10904451 0 1 4 1
10923118 2 1 4 0
10923613 0 1 4 0
10925791 2 1 4 1
10926231 0 1 4 1
10944898 2 1 4 0
10945393 0 1 4 0
10947571 2 1 4 1
10948011 0 1 4 1
10966678 2 1 4 0
10967173 0 1 4 0
10969351 2 1 4 1
10969791 0 1 4 1
10988458 2 1 4 0
10988953 0 1 4 0
10991131 2 1 4 1
10991571 0 1 4 1
11010238 2 1 4 0
11010733 0 1 4 0
11012911 2 1 4 1
11013351 0 1 4 1
11032018 2 1 4 0
11032513 0 1 4 0
11034691 2 1 4 1
11035131 0 1 4 1
11053798 2 1 4 0
11054293 0 1 4 0
11056471 2 1 4 1
11056911 0 1 4 1
11075578 2 1 4 0
11076073 0 1 4 0
11078251 2 1 4 1
11078691 0 1 4 1
11097358 2 1 4 0
11097853 0 1 4 0
11100031 2 1 4 1
11100471 0 1 4 1
11119138 2 1 4 0
11119633 0 1 4 0
11121811 2 1 4 1
11122251 0 1 4 1
11140918 2 1 4 0
11141413 0 1 4 0
11143591 2 1 4 1
11144031 0 1 4 1
11162698 2 1 4 0
11163193 0 1 4 0
11165371 2 1 4 1
11165811 0 1 4 1
11184478 2 1 4 0
11184973 0 1 4 0
11187151 2 1 4 1
11187591 0 1 4 1
11206258 2 1 4 0
11206753 0 1 4 0
11208931 2 1 4 1
11209371 0 1 4 1
11228038 2 1 4 0
11228533 0 1 4 0
11230711 2 1 4 1
11231151 0 1 4 1
11249818 2 1 4 0
11250313 0 1 4 0
11252491 2 1 4 1
11252931 0 1 4 1
11271598 2 1 4 0
11272093 0 1 4 0
11274271 2 1 4 1
11274711 0 1 4 1
11293378 2 1 4 0
11293873 0 1 4 0
11296051 2 1 4 1
11296491 0 1 4 1
11315158 2 1 4 0
11315653 0 1 4 0
11317831 2 1 4 1
11318271 0 1 4 1
11336938 2 1 4 0
11337433 0 1 4 0
11339611 2 1 4 1
11340051 0 1 4 1
11358718 2 1 4 0
11359213 0 1 4 0
11361391 2 1 4 1
11361831 0 1 4 1
11380498 2 1 4 0
11380993 0 1 4 0
11383171 2 1 4 1
11383611 0 1 4 1
11402278 2 1 4 0
11402773 0 1 4 0
11404951 2 1 4 1
11405391 0 1 4 1
11424058 2 1 4 0
11424553 0 1 4 0
11426731 2 1 4 1
11427171 0 1 4 1
11445838 2 1 4 0
11446333 0 1 4 0
11448511 2 1 4 1
11448951 0 1 4 1
11465638 2 1 4 0
11468311 2 1 4 1
11470093 0 1 4 0
11472845 0 1 4 1
11487418 2 1 4 0
11490091 2 1 4 1
11491990 16 1 1 1
11492863 0 1 4 0
11494604 16 1 1 0
11495481 0 1 4 1
11501956 8 1 3 1
11502880 16 1 1 1
11509198 2 1 4 0
11510939 8 1 3 0
11511871 2 1 4 1
11514643 0 1 4 0
11515156 8 1 3 1
11516384 16 1 1 0
11517395 0 1 4 1
11520724 16 1 1 1
11530978 2 1 4 0
11533211 8 1 3 0
11533651 2 1 4 1
11536936 8 1 3 1
11537413 0 1 4 0
11540165 0 1 4 1
11540753 16 1 1 0
11543494 16 1 1 1
11552758 2 1 4 0
11555431 2 1 4 1
11556098 8 1 3 0
11558716 8 1 3 1
11560183 0 1 4 0
11563047 0 1 4 1
11563523 16 1 1 0
11566387 16 1 1 1
11574538 2 1 4 0
11577211 2 1 4 1
11577882 8 1 3 0
11580500 8 1 3 1
11583448 0 1 4 0
11586200 0 1 4 1
11586788 16 1 1 0
11589529 16 1 1 1
11596318 2 1 4 0
11598991 2 1 4 1
11599662 8 1 3 0
11602280 8 1 3 1
11605723 0 1 4 0
11608341 0 1 4 1
11609063 16 1 1 0
11611681 16 1 1 1
11618098 2 1 4 0
11620771 2 1 4 1
11621438 8 1 3 0
11624056 8 1 3 1
11627503 0 1 4 0
11630121 0 1 4 1
11630843 16 1 1 0
11633461 16 1 1 1
11639878 2 1 4 0
11642551 2 1 4 1
11643218 8 1 3 0
11645836 8 1 3 1
11649283 0 1 4 0
11651901 0 1 4 1
11652623 16 1 1 0
11655241 16 1 1 1
11661658 2 1 4 0
11664331 2 1 4 1
11665002 8 1 3 0
11667620 8 1 3 1
11671063 0 1 4 0
11673681 0 1 4 1
11674403 16 1 1 0
11677021 16 1 1 1
11683933 2 1 4 0
11686606 2 1 4 1
11687277 8 1 3 0
11689895 8 1 3 1
11692843 0 1 4 0
11695461 0 1 4 1
11696183 16 1 1 0
11698801 16 1 1 1
11705218 2 1 4 0
11707891 2 1 4 1
11708558 8 1 3 0
11711176 8 1 3 1
11714623 0 1 4 0
11717241 0 1 4 1
11717963 16 1 1 0
11720581 16 1 1 1
11726998 2 1 4 0
11729671 2 1 4 1
11730342 8 1 3 0
11732960 8 1 3 1
11736403 0 1 4 0
11739021 0 1 4 1
11739743 16 1 1 0
11742361 16 1 1 1
11748778 2 1 4 0
11751451 2 1 4 1
11752126 8 1 3 0
11754744 8 1 3 1
11758183 0 1 4 0
11760801 0 1 4 1
11761523 16 1 1 0
11764141 16 1 1 1
11771053 2 1 4 0
11773726 2 1 4 1
11774401 8 1 3 0
11777019 8 1 3 1
11779963 0 1 4 0
11782581 0 1 4 1
11783303 16 1 1 0
11785921 16 1 1 1
11792338 2 1 4 0
11795011 2 1 4 1
11795686 8 1 3 0
11798304 8 1 3 1
11801743 0 1 4 0
11804361 0 1 4 1
11805083 16 1 1 0
11807701 16 1 1 1
11814118 2 1 4 0
11816791 2 1 4 1
11817466 8 1 3 0
11820084 8 1 3 1
11823523 0 1 4 0
11826141 0 1 4 1
11826863 16 1 1 0
11829481 16 1 1 1
11835898 2 1 4 0
11838571 2 1 4 1
11839246 8 1 3 0
11841864 8 1 3 1
11845303 0 1 4 0
11847921 0 1 4 1
11848643 16 1 1 0
11851273 16 1 1 1
11857678 2 1 4 0
11860351 2 1 4 1
11861026 8 1 3 0
11863644 8 1 3 1
11867083 0 1 4 0
11869701 0 1 4 1
11870423 16 1 1 0
11873041 16 1 1 1
11879458 2 1 4 0
11882131 2 1 4 1
11882806 8 1 3 0
11885424 8 1 3 1
11888863 0 1 4 0
11891481 0 1 4 1
11892203 16 1 1 0
11894821 16 1 1 1
11901238 2 1 4 0
11903911 2 1 4 1
11904586 8 1 3 0
11907204 8 1 3 1
11910643 0 1 4 0
11913261 0 1 4 1
11913983 16 1 1 0
11916601 16 1 1 1
11923018 2 1 4 0
11925691 2 1 4 1
11926366 8 1 3 0
11928984 8 1 3 1
11932423 0 1 4 0
11935041 0 1 4 1
11935763 16 1 1 0
11938381 16 1 1 1
11944798 2 1 4 0
11947471 2 1 4 1
11948146 8 1 3 0
11950764 8 1 3 1
11954203 0 1 4 0
11956821 0 1 4 1
11957543 16 1 1 0
11960161 16 1 1 1
11966578 2 1 4 0
11969251 2 1 4 1
11969926 8 1 3 0
11972544 8 1 3 1
11975983 0 1 4 0
11978601 0 1 4 1
11979323 16 1 1 0
11981941 16 1 1 1
11988358 2 1 4 0
11991031 2 1 4 1
11991706 8 1 3 0
11994324 8 1 3 1
11997763 0 1 4 0
12000381 0 1 4 1
12001103 16 1 1 0
12003721 16 1 1 1
12010633 2 1 4 0
12013306 2 1 4 1
12013981 8 1 3 0
12016599 8 1 3 1
12019543 0 1 4 0
12022161 0 1 4 1
12022883 16 1 1 0
12025501 16 1 1 1
12031918 2 1 4 0
12034591 2 1 4 1
12035266 8 1 3 0
12037884 8 1 3 1
12041323 0 1 4 0
12043941 0 1 4 1
12044663 16 1 1 0
12047281 16 1 1 1
12053698 2 1 4 0
12056371 2 1 4 1
12057046 8 1 3 0
12059664 8 1 3 1
12063103 0 1 4 0
12065721 0 1 4 1
12066443 16 1 1 0
12069061 16 1 1 1
12075478 2 1 4 0
12078151 2 1 4 1
12078826 8 1 3 0
12081444 8 1 3 1
12084883 0 1 4 0
12087501 0 1 4 1
12088223 16 1 1 0
12090841 16 1 1 1
12097258 2 1 4 0
12099931 2 1 4 1
12100606 8 1 3 0
12103224 8 1 3 1
12106663 0 1 4 0
12109281 0 1 4 1
12110003 16 1 1 0
12112621 16 1 1 1
12119038 2 1 4 0
12121711 2 1 4 1
12122386 8 1 3 0
12125004 8 1 3 1
12128443 0 1 4 0
12131061 0 1 4 1
12131783 16 1 1 0
12134401 16 1 1 1
12140818 2 1 4 0
12143491 2 1 4 1
12144166 8 1 3 0
12146784 8 1 3 1
12150223 0 1 4 0
12152841 0 1 4 1
12153563 16 1 1 0
12156181 16 1 1 1
12163093 2 1 4 0
12165766 2 1 4 1
12166441 8 1 3 0
12169059 8 1 3 1
12172003 0 1 4 0
12174621 0 1 4 1
12175343 16 1 1 0
12177961 16 1 1 1
12184378 2 1 4 0
12187051 2 1 4 1
12187726 8 1 3 0
12190344 8 1 3 1
12193783 0 1 4 0
12196401 0 1 4 1
12197123 16 1 1 0
12199741 16 1 1 1
12206158 2 1 4 0
12208831 2 1 4 1
12209506 8 1 3 0
12212124 8 1 3 1
12215563 0 1 4 0
12218181 0 1 4 1
12218903 16 1 1 0
12221521 16 1 1 1
12228433 2 1 4 0
12231106 2 1 4 1
12231781 8 1 3 0
12234399 8 1 3 1
12237343 0 1 4 0
12239961 0 1 4 1
12240683 16 1 1 0
12243301 16 1 1 1
12249718 2 1 4 0
12252391 2 1 4 1
12253066 8 1 3 0
12255684 8 1 3 1
12259123 0 1 4 0
12261741 0 1 4 1
12262463 16 1 1 0
12265081 16 1 1 1
12271498 2 1 4 0
12274171 2 1 4 1
12274846 8 1 3 0
12277464 8 1 3 1
12280903 0 1 4 0
12283521 0 1 4 1
12284243 16 1 1 0
12286861 16 1 1 1
12293773 2 1 4 0
12296446 2 1 4 1
12297121 8 1 3 0
12299739 8 1 3 1
12302683 0 1 4 0
12305301 0 1 4 1
12306023 16 1 1 0
12308641 16 1 1 1
12315058 2 1 4 0
12317731 2 1 4 1
12318406 8 1 3 0
12321024 8 1 3 1
12324463 0 1 4 0
12327081 0 1 4 1
12327803 16 1 1 0
12330421 16 1 1 1
12336838 2 1 4 0
12339511 2 1 4 1
12340186 8 1 3 0
12342804 8 1 3 1
12346243 0 1 4 0
12348861 0 1 4 1
12349583 16 1 1 0
12352201 16 1 1 1
12359113 2 1 4 0
12361786 2 1 4 1
12362461 8 1 3 0
12365079 8 1 3 1
12368023 0 1 4 0
12370641 0 1 4 1
12371363 16 1 1 0
12373981 16 1 1 1
12380398 2 1 4 0
12383071 2 1 4 1
12383746 8 1 3 0
12386364 8 1 3 1
12389803 0 1 4 0
12392421 0 1 4 1
12393143 16 1 1 0
12395761 16 1 1 1
12402178 2 1 4 0
12404851 2 1 4 1
12405526 8 1 3 0
12408144 8 1 3 1
12411583 0 1 4 0
12414201 0 1 4 1
12414923 16 1 1 0
12417541 16 1 1 1
12423958 2 1 4 0
12426631 2 1 4 1
12427306 8 1 3 0
12429924 8 1 3 1
12433363 0 1 4 0
12435981 0 1 4 1
12436703 16 1 1 0
12439321 16 1 1 1
12445738 2 1 4 0
12448411 2 1 4 1
12449086 8 1 3 0
12451704 8 1 3 1
12455143 0 1 4 0
12457761 0 1 4 1
12458483 16 1 1 0
12461101 16 1 1 1
12467518 2 1 4 0
12470191 2 1 4 1
12470866 8 1 3 0
12473484 8 1 3 1
12476923 0 1 4 0
12479541 0 1 4 1
12480263 16 1 1 0
12482881 16 1 1 1
12489298 2 1 4 0
12491971 2 1 4 1
12492646 8 1 3 0
12495264 8 1 3 1
12498703 0 1 4 0
12501321 0 1 4 1
12502043 16 1 1 0
12504661 16 1 1 1
12511078 2 1 4 0
12513751 2 1 4 1
12514426 8 1 3 0
12517044 8 1 3 1
12520483 0 1 4 0
12523101 0 1 4 1
12523823 16 1 1 0
12526441 16 1 1 1
12532858 2 1 4 0
12535531 2 1 4 1
12536206 8 1 3 0
12538824 8 1 3 1
12542263 0 1 4 0
12544881 0 1 4 1
12545603 16 1 1 0
12548221 16 1 1 1
12554638 2 1 4 0
12557311 2 1 4 1
12557986 8 1 3 0
12560604 8 1 3 1
12564043 0 1 4 0
12566661 0 1 4 1
12567383 16 1 1 0
12570001 16 1 1 1
12576913 2 1 4 0
12579586 2 1 4 1
12580261 8 1 3 0
12582879 8 1 3 1
12585823 0 1 4 0
12588441 0 1 4 1
12589163 16 1 1 0
12591781 16 1 1 1
12598198 2 1 4 0
12600871 2 1 4 1
12601546 8 1 3 0
12604164 8 1 3 1
12607603 0 1 4 0
12610221 0 1 4 1
12610943 16 1 1 0
12613561 16 1 1 1
12619978 2 1 4 0
12622651 2 1 4 1
12623326 8 1 3 0
12625944 8 1 3 1
12629383 0 1 4 0
12632001 0 1 4 1
12632723 16 1 1 0
12635341 16 1 1 1
12642253 2 1 4 0
12644926 2 1 4 1
12645601 8 1 3 0
12648219 8 1 3 1
12651163 0 1 4 0
12653781 0 1 4 1
12654503 16 1 1 0
12657121 16 1 1 1
12663538 2 1 4 0
12666211 2 1 4 1
12666886 8 1 3 0
12669504 8 1 3 1
12672943 0 1 4 0
12675561 0 1 4 1
12676283 16 1 1 0
12678901 16 1 1 1
12685318 2 1 4 0
12687991 2 1 4 1
12688666 8 1 3 0
12691284 8 1 3 1
12694723 0 1 4 0
12697341 0 1 4 1
12698063 16 1 1 0
12700681 16 1 1 1
12707593 2 1 4 0
12710266 2 1 4 1
12710941 8 1 3 0
12713559 8 1 3 1
12716503 0 1 4 0
12719121 0 1 4 1
12719843 16 1 1 0
12722461 16 1 1 1
12728878 2 1 4 0
12731551 2 1 4 1
12732226 8 1 3 0
12734844 8 1 3 1
12738283 0 1 4 0
12740901 0 1 4 1
12741623 16 1 1 0
12744241 16 1 1 1
12750658 2 1 4 0
12753331 2 1 4 1
12753998 8 1 3 0
12756616 8 1 3 1
12760063 0 1 4 0
12762681 0 1 4 1
12763403 16 1 1 0
12766021 16 1 1 1
12772438 2 1 4 0
12775111 2 1 4 1
12775778 8 1 3 0
12778396 8 1 3 1
12781843 0 1 4 0
12784461 0 1 4 1
12785183 16 1 1 0
12787801 16 1 1 1
12794218 2 1 4 0
12796891 2 1 4 1
12797558 8 1 3 0
12800176 8 1 3 1
12803623 0 1 4 0
12806241 0 1 4 1
12806963 16 1 1 0
12809581 16 1 1 1
12815998 2 1 4 0
12818671 2 1 4 1
12819338 8 1 3 0
12821956 8 1 3 1
12825403 0 1 4 0
12828021 0 1 4 1
12828743 16 1 1 0
12831361 16 1 1 1
12837778 2 1 4 0
12840451 2 1 4 1
12841118 8 1 3 0
12843736 8 1 3 1
12847177 294 0 1 1
12847183 0 1 4 0
12849801 0 1 4 1
12850523 16 1 1 0
12852397 294 0 1 0
12853141 16 1 1 1
12854668 38 0 1 1
12859558 2 1 4 0
12862231 2 1 4 1
12862825 294 0 1 1
12862898 8 1 3 0
12864772 38 0 1 0
12865516 8 1 3 1
12868963 0 1 4 0
12871581 0 1 4 1
12872303 16 1 1 0
12874177 294 0 1 0
12874921 16 1 1 1
12875200 38 0 1 1
12881338 2 1 4 0
12884011 2 1 4 1
12884605 294 0 1 1
12884678 8 1 3 0
12886552 38 0 1 0
12887296 8 1 3 1
12890743 0 1 4 0
12893361 0 1 4 1
12894083 16 1 1 0
12895957 294 0 1 0
12896701 16 1 1 1
12896980 38 0 1 1
12903118 2 1 4 0
12905791 2 1 4 1
12906385 294 0 1 1
12906458 8 1 3 0
12908332 38 0 1 0
12909076 8 1 3 1
12912523 0 1 4 0
12915141 0 1 4 1
12915863 16 1 1 0
12917737 294 0 1 0
12918481 16 1 1 1
12918760 38 0 1 1
12925393 2 1 4 0
12928066 2 1 4 1
12928165 294 0 1 1
12928733 8 1 3 0
12930607 38 0 1 0
12931351 8 1 3 1
12934303 0 1 4 0
12936921 0 1 4 1
12937643 16 1 1 0
12939517 294 0 1 0
12940261 16 1 1 1
12941035 38 0 1 1
12946678 2 1 4 0
12949351 2 1 4 1
12949945 294 0 1 1
12950018 8 1 3 0
12951892 38 0 1 0
12952636 8 1 3 1
12956083 0 1 4 0
12958701 0 1 4 1
12959423 16 1 1 0
12961297 294 0 1 0
12962041 16 1 1 1
12962320 38 0 1 1
12968458 2 1 4 0
12971131 2 1 4 1
12971725 294 0 1 1
12971798 8 1 3 0
12973672 38 0 1 0
12974416 8 1 3 1
12977863 0 1 4 0
12980481 0 1 4 1
12981203 16 1 1 0
12983077 294 0 1 0
12983821 16 1 1 1
12984100 38 0 1 1
12990733 2 1 4 0
12993406 2 1 4 1
12993505 294 0 1 1
12994073 8 1 3 0
12995947 38 0 1 0
12996691 8 1 3 1
12999643 0 1 4 0
13002261 0 1 4 1
13002983 16 1 1 0
13004857 294 0 1 0
13005601 16 1 1 1
13006375 38 0 1 1
13012018 2 1 4 0
13014691 2 1 4 1
13015285 294 0 1 1
13015358 8 1 3 0
13017232 38 0 1 0
13017976 8 1 3 1
13021423 0 1 4 0
13024041 0 1 4 1
13024763 16 1 1 0
13026637 294 0 1 0
13027381 16 1 1 1
13027660 38 0 1 1
13033798 2 1 4 0
13036471 2 1 4 1
13037065 294 0 1 1
13037138 8 1 3 0
13039012 38 0 1 0
13039756 8 1 3 1
13043203 0 1 4 0
13045821 0 1 4 1
13046543 16 1 1 0
13048417 294 0 1 0
13049161 16 1 1 1
13049440 38 0 1 1
13056073 2 1 4 0
13058746 2 1 4 1
13058845 294 0 1 1
13059413 8 1 3 0
13061287 38 0 1 0
13062031 8 1 3 1
13064983 0 1 4 0
13067601 0 1 4 1
13068323 16 1 1 0
13070197 294 0 1 0
13070941 16 1 1 1
13071715 38 0 1 1
13077358 2 1 4 0
13080031 2 1 4 1
13080625 294 0 1 1
13080698 8 1 3 0
13082572 38 0 1 0
13083316 8 1 3 1
13086763 0 1 4 0
13089381 0 1 4 1
13090103 16 1 1 0
13091977 294 0 1 0
13092721 16 1 1 1
13093000 38 0 1 1
13099138 2 1 4 0
13101811 2 1 4 1
13102405 294 0 1 1
13102478 8 1 3 0
13104352 38 0 1 0
13105096 8 1 3 1
13108543 0 1 4 0
13111161 0 1 4 1
13111883 16 1 1 0
13113757 294 0 1 0
13114501 16 1 1 1
13114780 38 0 1 1
13121413 2 1 4 0
13124086 2 1 4 1
13124185 294 0 1 1
13124753 8 1 3 0
13126627 38 0 1 0
13127371 8 1 3 1
13130323 0 1 4 0
13132941 0 1 4 1
13133663 16 1 1 0
13135537 294 0 1 0
13136281 16 1 1 1
13137055 38 0 1 1
13142698 2 1 4 0
13145371 2 1 4 1
13145965 294 0 1 1
13146038 8 1 3 0
13147912 38 0 1 0
13148656 8 1 3 1
13152103 0 1 4 0
13154721 0 1 4 1
13155443 16 1 1 0
13157317 294 0 1 0
13158061 16 1 1 1
13158340 38 0 1 1
13164478 2 1 4 0
13167151 2 1 4 1
13167745 294 0 1 1
13167818 8 1 3 0
13169692 38 0 1 0
13170436 8 1 3 1
13173883 0 1 4 0
13176501 0 1 4 1
13177223 16 1 1 0
13179097 294 0 1 0
13179841 16 1 1 1
13180120 38 0 1 1
13186258 2 1 4 0
13188931 2 1 4 1
13189525 294 0 1 1
13189598 8 1 3 0
13191472 38 0 1 0
13192216 8 1 3 1
13195663 0 1 4 0
13198281 0 1 4 1
13199003 16 1 1 0
13200877 294 0 1 0
13201621 16 1 1 1
13201900 38 0 1 1
13208038 2 1 4 0
13210711 2 1 4 1
13211305 294 0 1 1
13211378 8 1 3 0
13213252 38 0 1 0
13213996 8 1 3 1
13217443 0 1 4 0
13220061 0 1 4 1
13220783 16 1 1 0
13222657 294 0 1 0
13223401 16 1 1 1
13223680 38 0 1 1
13229818 2 1 4 0
13232491 2 1 4 1
13233085 294 0 1 1
13233158 8 1 3 0
13235032 38 0 1 0
13235776 8 1 3 1
13239223 0 1 4 0
13241841 0 1 4 1
13242563 16 1 1 0
13244437 294 0 1 0
13245181 16 1 1 1
13245460 38 0 1 1
13251598 2 1 4 0
13254271 2 1 4 1
13254865 294 0 1 1
13254938 8 1 3 0
13256812 38 0 1 0
13257556 8 1 3 1
13261003 0 1 4 0
13263621 0 1 4 1
13264343 16 1 1 0
13266217 294 0 1 0
13266961 16 1 1 1
13267240 38 0 1 1
13273378 2 1 4 0
13276051 2 1 4 1
13276645 294 0 1 1
13276718 8 1 3 0
13278592 38 0 1 0
13279336 8 1 3 1
13282783 0 1 4 0
13285401 0 1 4 1
13286123 16 1 1 0
13287997 294 0 1 0
13288741 16 1 1 1
13289020 38 0 1 1
13295158 2 1 4 0
13297831 2 1 4 1
13298425 294 0 1 1
13298498 8 1 3 0
13300372 38 0 1 0
13301116 8 1 3 1
13304563 0 1 4 0
13307181 0 1 4 1
13307903 16 1 1 0
13309777 294 0 1 0
13310521 16 1 1 1
13310800 38 0 1 1
13316938 2 1 4 0
13319611 2 1 4 1
13320205 294 0 1 1
13320278 8 1 3 0
13322152 38 0 1 0
13322896 8 1 3 1
13326343 0 1 4 0
13328961 0 1 4 1
13329683 16 1 1 0
13331557 294 0 1 0
13332301 16 1 1 1
13332580 38 0 1 1
13339213 2 1 4 0
13341886 2 1 4 1
13341985 294 0 1 1
13342553 8 1 3 0
13344427 38 0 1 0
13345171 8 1 3 1
13348123 0 1 4 0
13350741 0 1 4 1
13351463 16 1 1 0
13353337 294 0 1 0
13354081 16 1 1 1
13354855 38 0 1 1
13360498 2 1 4 0
13363171 2 1 4 1
13363765 294 0 1 1
13363838 8 1 3 0
13365712 38 0 1 0
13366456 8 1 3 1
13369903 0 1 4 0
13372521 0 1 4 1
13373243 16 1 1 0
13375117 294 0 1 0
13375861 16 1 1 1
13376140 38 0 1 1
13382278 2 1 4 0
13384951 2 1 4 1
13385545 294 0 1 1
13385618 8 1 3 0
13387492 38 0 1 0
13388236 8 1 3 1
13391683 0 1 4 0
13394301 0 1 4 1
13395023 16 1 1 0
13396897 294 0 1 0
13397641 16 1 1 1
13397920 38 0 1 1
13404553 2 1 4 0
13407226 2 1 4 1
13407325 294 0 1 1
13407893 8 1 3 0
13409767 38 0 1 0
13410511 8 1 3 1
13413463 0 1 4 0
13416081 0 1 4 1
13416803 16 1 1 0
13418677 294 0 1 0
13419421 16 1 1 1
13420195 38 0 1 1
13425838 2 1 4 0
13428511 2 1 4 1
13429105 294 0 1 1
13429178 8 1 3 0
13431052 38 0 1 0
13431796 8 1 3 1
13435243 0 1 4 0
13437861 0 1 4 1
13438583 16 1 1 0
13440457 294 0 1 0
13441201 16 1 1 1
13441480 38 0 1 1
13447618 2 1 4 0
13450291 2 1 4 1
13450885 294 0 1 1
13450958 8 1 3 0
13452832 38 0 1 0
13453576 8 1 3 1
13457023 0 1 4 0
13459641 0 1 4 1
13460363 16 1 1 0
13462237 294 0 1 0
13462981 16 1 1 1
13463260 38 0 1 1
13469893 2 1 4 0
13472566 2 1 4 1
13472665 294 0 1 1
13473233 8 1 3 0
13475107 38 0 1 0
13475851 8 1 3 1
13478803 0 1 4 0
13481421 0 1 4 1
13482143 16 1 1 0
13484017 294 0 1 0
13484761 16 1 1 1
13485535 38 0 1 1
13491178 2 1 4 0
13493851 2 1 4 1
13494445 294 0 1 1
13494518 8 1 3 0
13496392 38 0 1 0
13497136 8 1 3 1
13500583 0 1 4 0
13503201 0 1 4 1
13503923 16 1 1 0
13505797 294 0 1 0
13506541 16 1 1 1
13506820 38 0 1 1
13512958 2 1 4 0
13515631 2 1 4 1
13516225 294 0 1 1
13516298 8 1 3 0
13518172 38 0 1 0
13518916 8 1 3 1
13522363 0 1 4 0
13524981 0 1 4 1
13525703 16 1 1 0
13527577 294 0 1 0
13528321 16 1 1 1
13528600 38 0 1 1
13535233 2 1 4 0
13537906 2 1 4 1
13538005 294 0 1 1
13538573 8 1 3 0
13540447 38 0 1 0
13541191 8 1 3 1
13544143 0 1 4 0
13546761 0 1 4 1
13547483 16 1 1 0
13549357 294 0 1 0
13550101 16 1 1 1
13550875 38 0 1 1
13556518 2 1 4 0
13559191 2 1 4 1
13559785 294 0 1 1
13559858 8 1 3 0
13561732 38 0 1 0
13562476 8 1 3 1
13565923 0 1 4 0
13568541 0 1 4 1
13569263 16 1 1 0
13571137 294 0 1 0
13571881 16 1 1 1
13572160 38 0 1 1
13578298 2 1 4 0
13580971 2 1 4 1
13581565 294 0 1 1
13581638 8 1 3 0
13583512 38 0 1 0
13584256 8 1 3 1
13587703 0 1 4 0
13590321 0 1 4 1
13591043 16 1 1 0
13592917 294 0 1 0
13593661 16 1 1 1
13593940 38 0 1 1
13600573 2 1 4 0
13603246 2 1 4 1
13603345 294 0 1 1
13603913 8 1 3 0
13605787 38 0 1 0
13606531 8 1 3 1
13609483 0 1 4 0
13612101 0 1 4 1
13612823 16 1 1 0
13614697 294 0 1 0
13615441 16 1 1 1
13616215 38 0 1 1
13621858 2 1 4 0
13624531 2 1 4 1
13625125 294 0 1 1
13625198 8 1 3 0
13627072 38 0 1 0
13627816 8 1 3 1
13631263 0 1 4 0
13633881 0 1 4 1
13634603 16 1 1 0
13636477 294 0 1 0
13637221 16 1 1 1
13637500 38 0 1 1
13643638 2 1 4 0
13646311 2 1 4 1
13646905 294 0 1 1
13646978 8 1 3 0
13648852 38 0 1 0
13649596 8 1 3 1
13653043 0 1 4 0
13655661 0 1 4 1
13656383 16 1 1 0
13658257 294 0 1 0
13659001 16 1 1 1
13659280 38 0 1 1
13665418 2 1 4 0
13668091 2 1 4 1
13668685 294 0 1 1
13668758 8 1 3 0
13670632 38 0 1 0
13671376 8 1 3 1
13674823 0 1 4 0
13677441 0 1 4 1
13678163 16 1 1 0
13680037 294 0 1 0
13680781 16 1 1 1
13681060 38 0 1 1
13687198 2 1 4 0
13689871 2 1 4 1
13690465 294 0 1 1
13690538 8 1 3 0
13692412 38 0 1 0
13693156 8 1 3 1
13696603 0 1 4 0
13699221 0 1 4 1
13699943 16 1 1 0
13701817 294 0 1 0
13702561 16 1 1 1
13702840 38 0 1 1
13708978 2 1 4 0
13711651 2 1 4 1
13712245 294 0 1 1
13712318 8 1 3 0
13714192 38 0 1 0
13714936 8 1 3 1
13718383 0 1 4 0
13721001 0 1 4 1
13721723 16 1 1 0
13723597 294 0 1 0
13724341 16 1 1 1
13724620 38 0 1 1
13730758 2 1 4 0
13733431 2 1 4 1
13734025 294 0 1 1
13734098 8 1 3 0
13735972 38 0 1 0
13736716 8 1 3 1
13740163 0 1 4 0
13742781 0 1 4 1
13743503 16 1 1 0
13745377 294 0 1 0
13746121 16 1 1 1
13746400 38 0 1 1
13752538 2 1 4 0
13755211 2 1 4 1
13755805 294 0 1 1
13755878 8 1 3 0
13757752 38 0 1 0
13758496 8 1 3 1
13761943 0 1 4 0
13764561 0 1 4 1
13765283 16 1 1 0
13767157 294 0 1 0
13767901 16 1 1 1
13768180 38 0 1 1
13774813 2 1 4 0
13777486 2 1 4 1
13777585 294 0 1 1
13778153 8 1 3 0
13780027 38 0 1 0
13780771 8 1 3 1
13783723 0 1 4 0
13786341 0 1 4 1
13787063 16 1 1 0
13788937 294 0 1 0
13789681 16 1 1 1
13790455 38 0 1 1
13796098 2 1 4 0
13798771 2 1 4 1
13799365 294 0 1 1
13799438 8 1 3 0
13801312 38 0 1 0
13802056 8 1 3 1
13805503 0 1 4 0
13808121 0 1 4 1
13808843 16 1 1 0
13810717 294 0 1 0
13811461 16 1 1 1
13811740 38 0 1 1
13817878 2 1 4 0
13820551 2 1 4 1
13821145 294 0 1 1
13821218 8 1 3 0
13823092 38 0 1 0
13823836 8 1 3 1
13827283 0 1 4 0
13829901 0 1 4 1
13830623 16 1 1 0
13832497 294 0 1 0
13833241 16 1 1 1
13833520 38 0 1 1
13840153 2 1 4 0
13842826 2 1 4 1
13842925 294 0 1 1
13843493 8 1 3 0
13845367 38 0 1 0
13846111 8 1 3 1
13849063 0 1 4 0
13851681 0 1 4 1
13852403 16 1 1 0
13854277 294 0 1 0
13855021 16 1 1 1
13855795 38 0 1 1
13861438 2 1 4 0
13864111 2 1 4 1
13864705 294 0 1 1
13864778 8 1 3 0
13866652 38 0 1 0
13867396 8 1 3 1
13870843 0 1 4 0
13873461 0 1 4 1
13874183 16 1 1 0
13876057 294 0 1 0
13876801 16 1 1 1
13877080 38 0 1 1
13883218 2 1 4 0
13885891 2 1 4 1
13886485 294 0 1 1
13886558 8 1 3 0
13888432 38 0 1 0
13889176 8 1 3 1
13892623 0 1 4 0
13895241 0 1 4 1
13895963 16 1 1 0
13897837 294 0 1 0
13898581 16 1 1 1
13898860 38 0 1 1
13904998 2 1 4 0
13907671 2 1 4 1
13908265 294 0 1 1
13908338 8 1 3 0
13910212 38 0 1 0
13910956 8 1 3 1
13914403 0 1 4 0
13917021 0 1 4 1
13917743 16 1 1 0
13919617 294 0 1 0
13920361 16 1 1 1
13920640 38 0 1 1
13926778 2 1 4 0
13929451 2 1 4 1
13930045 294 0 1 1
13930118 8 1 3 0
13931992 38 0 1 0
13932736 8 1 3 1
13936183 0 1 4 0
13938801 0 1 4 1
13939523 16 1 1 0
13941397 294 0 1 0
13942141 16 1 1 1
13942420 38 0 1 1
13949053 2 1 4 0
13951726 2 1 4 1
13951825 294 0 1 1
13952393 8 1 3 0
13954267 38 0 1 0
13955011 8 1 3 1
13957963 0 1 4 0
13960581 0 1 4 1
13961303 16 1 1 0
13963177 294 0 1 0
13963921 16 1 1 1
13964695 38 0 1 1
13970338 2 1 4 0
13973011 2 1 4 1
13973605 294 0 1 1
13973678 8 1 3 0
13975552 38 0 1 0
13976296 8 1 3 1
13979743 0 1 4 0
13982361 0 1 4 1
13983083 16 1 1 0
13984957 294 0 1 0
13985701 16 1 1 1
13985980 38 0 1 1
13992118 2 1 4 0
13994791 2 1 4 1
13995385 294 0 1 1
13995458 8 1 3 0
13997332 38 0 1 0
13998076 8 1 3 1
14001523 0 1 4 0
14004141 0 1 4 1
14004863 16 1 1 0
14006737 294 0 1 0
14007481 16 1 1 1
14007760 38 0 1 1
14014393 2 1 4 0
14017066 2 1 4 1
14017165 294 0 1 1
14017733 8 1 3 0
14019607 38 0 1 0
14020351 8 1 3 1
14023303 0 1 4 0
14025921 0 1 4 1
14026643 16 1 1 0
14028517 294 0 1 0
14029261 16 1 1 1
14030035 38 0 1 1
14035678 2 1 4 0
14038351 2 1 4 1
14038945 294 0 1 1
14039018 8 1 3 0
14040892 38 0 1 0
14041636 8 1 3 1
14045083 0 1 4 0
14047701 0 1 4 1
14048423 16 1 1 0
14050297 294 0 1 0
14051041 16 1 1 1
14051320 38 0 1 1
14057458 2 1 4 0
14060131 2 1 4 1
14060725 294 0 1 1
14060798 8 1 3 0
14062672 38 0 1 0
14063416 8 1 3 1
14066863 0 1 4 0
14069481 0 1 4 1
14070203 16 1 1 0
14072077 294 0 1 0
14072821 16 1 1 1
14073100 38 0 1 1
14079733 2 1 4 0
14082406 2 1 4 1
14082505 294 0 1 1
14083073 8 1 3 0
14084947 38 0 1 0
14085691 8 1 3 1
14088643 0 1 4 0
14091261 0 1 4 1
14091983 16 1 1 0
14093857 294 0 1 0
14094601 16 1 1 1
14095375 38 0 1 1
14101018 2 1 4 0
14103691 2 1 4 1
14104285 294 0 1 1
14104358 8 1 3 0
14106232 38 0 1 0
14106976 8 1 3 1
14110423 0 1 4 0
14113041 0 1 4 1
14113763 16 1 1 0
14115637 294 0 1 0
14116381 16 1 1 1
14116660 38 0 1 1
14122798 2 1 4 0
14125471 2 1 4 1
14126065 294 0 1 1
14126138 8 1 3 0
14128012 38 0 1 0
14128756 8 1 3 1
14132203 0 1 4 0
14134821 0 1 4 1
14135543 16 1 1 0
14137417 294 0 1 0
14138161 16 1 1 1
14138440 38 0 1 1
14144578 2 1 4 0
14147251 2 1 4 1
14147845 294 0 1 1
14147918 8 1 3 0
14149792 38 0 1 0
14150536 8 1 3 1
14153983 0 1 4 0
14156601 0 1 4 1
14157323 16 1 1 0
14159197 294 0 1 0
14159941 16 1 1 1
14160220 38 0 1 1
14166358 2 1 4 0
14169031 2 1 4 1
14169625 294 0 1 1
14169698 8 1 3 0
14171572 38 0 1 0
14172316 8 1 3 1
14175763 0 1 4 0
14178381 0 1 4 1
14179103 16 1 1 0
14180977 294 0 1 0
14181721 16 1 1 1
14182000 38 0 1 1
14188633 2 1 4 0
14191306 2 1 4 1
14191405 294 0 1 1
14191973 8 1 3 0
14193847 38 0 1 0
14194591 8 1 3 1
14197543 0 1 4 0
14200161 0 1 4 1
14200883 16 1 1 0
14202757 294 0 1 0
14203501 16 1 1 1
14204275 38 0 1 1
14209918 2 1 4 0
14212591 2 1 4 1
14213185 294 0 1 1
14213258 8 1 3 0
14215132 38 0 1 0
14215876 8 1 3 1
14219323 0 1 4 0
14221941 0 1 4 1
14222663 16 1 1 0
14224537 294 0 1 0
14225281 16 1 1 1
14225560 38 0 1 1
14231698 2 1 4 0
14234371 2 1 4 1
14234965 294 0 1 1
14235038 8 1 3 0
14236912 38 0 1 0
14237656 8 1 3 1
14241103 0 1 4 0
14243721 0 1 4 1
14244443 16 1 1 0
14246317 294 0 1 0
14247061 16 1 1 1
14247340 38 0 1 1
14253973 2 1 4 0
14256646 2 1 4 1
14256745 294 0 1 1
14257313 8 1 3 0
14259187 38 0 1 0
14259931 8 1 3 1
14262883 0 1 4 0
14265501 0 1 4 1
14266223 16 1 1 0
14268097 294 0 1 0
14268841 16 1 1 1
14269615 38 0 1 1
14275258 2 1 4 0
14277931 2 1 4 1
14278525 294 0 1 1
14278598 8 1 3 0
14280472 38 0 1 0
14281216 8 1 3 1
14284663 0 1 4 0
14287281 0 1 4 1
14288003 16 1 1 0
14289877 294 0 1 0
14290621 16 1 1 1
14290900 38 0 1 1
14297038 2 1 4 0
14299711 2 1 4 1
14300305 294 0 1 1
14300378 8 1 3 0
14302252 38 0 1 0
14302996 8 1 3 1
14306443 0 1 4 0
14309061 0 1 4 1
14309783 16 1 1 0
14311657 294 0 1 0
14312401 16 1 1 1
14312680 38 0 1 1
14318818 2 1 4 0
14321491 2 1 4 1
14322085 294 0 1 1
14322158 8 1 3 0
14324032 38 0 1 0
14324776 8 1 3 1
14328223 0 1 4 0
14330841 0 1 4 1
14331563 16 1 1 0
14333437 294 0 1 0
14334181 16 1 1 1
14334460 38 0 1 1
14340598 2 1 4 0
14343271 2 1 4 1
14343865 294 0 1 1
14343938 8 1 3 0
14345812 38 0 1 0
14346556 8 1 3 1
14350003 0 1 4 0
14352621 0 1 4 1
14353343 16 1 1 0
14355217 294 0 1 0
14355961 16 1 1 1
14356240 38 0 1 1
14362873 2 1 4 0
14365546 2 1 4 1
14365645 294 0 1 1
14366213 8 1 3 0
14368087 38 0 1 0
14368831 8 1 3 1
14371783 0 1 4 0
14374401 0 1 4 1
14375123 16 1 1 0
14376997 294 0 1 0
14377741 16 1 1 1
14378515 38 0 1 1
14384158 2 1 4 0
14386831 2 1 4 1
14387425 294 0 1 1
14387498 8 1 3 0
14389372 38 0 1 0
14390116 8 1 3 1
14393563 0 1 4 0
14396181 0 1 4 1
14396903 16 1 1 0
14398777 294 0 1 0
14399521 16 1 1 1
14399800 38 0 1 1
14406433 2 1 4 0
14409106 2 1 4 1
14409205 294 0 1 1
14409773 8 1 3 0
14411647 38 0 1 0
14412391 8 1 3 1
14415343 0 1 4 0
14417961 0 1 4 1
14418683 16 1 1 0
14420557 294 0 1 0
14421301 16 1 1 1
14422075 38 0 1 1
14427718 2 1 4 0
14430391 2 1 4 1
14430985 294 0 1 1
14431058 8 1 3 0
14432932 38 0 1 0
14433676 8 1 3 1
14437123 0 1 4 0
14439741 0 1 4 1
14440463 16 1 1 0
14442337 294 0 1 0
14443081 16 1 1 1
14443360 38 0 1 1
14449498 2 1 4 0
14452171 2 1 4 1
14452765 294 0 1 1
14452838 8 1 3 0
14454712 38 0 1 0
14455456 8 1 3 1
14458903 0 1 4 0
14461521 0 1 4 1
14462243 16 1 1 0
14464117 294 0 1 0
14464861 16 1 1 1
14465140 38 0 1 1
14471278 2 1 4 0
14473951 2 1 4 1
14474545 294 0 1 1
14474618 8 1 3 0
14476492 38 0 1 0
14477236 8 1 3 1
14480683 0 1 4 0
14483301 0 1 4 1
14484023 16 1 1 0
14485897 294 0 1 0
14486641 16 1 1 1
14486920 38 0 1 1
14493058 2 1 4 0
14495731 2 1 4 1
14496325 294 0 1 1
14496398 8 1 3 0
14498272 38 0 1 0
14499016 8 1 3 1
14502463 0 1 4 0
14505081 0 1 4 1
14505803 16 1 1 0
14507677 294 0 1 0
14508421 16 1 1 1
14508700 38 0 1 1
14515333 2 1 4 0
14518006 2 1 4 1
14518105 294 0 1 1
14518673 8 1 3 0
14520547 38 0 1 0
14521291 8 1 3 1
14524243 0 1 4 0
14526861 0 1 4 1
14527583 16 1 1 0
14529457 294 0 1 0
14530201 16 1 1 1
14530975 38 0 1 1
14536618 2 1 4 0
14539291 2 1 4 1
14539885 294 0 1 1
14539958 8 1 3 0
14541832 38 0 1 0
14542576 8 1 3 1
14546023 0 1 4 0
14548641 0 1 4 1
14549363 16 1 1 0
14551237 294 0 1 0
14551981 16 1 1 1
14552260 38 0 1 1
14558893 2 1 4 0
14561566 2 1 4 1
14561665 294 0 1 1
14562233 8 1 3 0
14564107 38 0 1 0
14564851 8 1 3 1
14567803 0 1 4 0
14570421 0 1 4 1
14571143 16 1 1 0
14573017 294 0 1 0
14573761 16 1 1 1
14574535 38 0 1 1
14580178 2 1 4 0
14582851 2 1 4 1
14583445 294 0 1 1
14583518 8 1 3 0
14585392 38 0 1 0
14586136 8 1 3 1
14589583 0 1 4 0
14592201 0 1 4 1
14592923 16 1 1 0
14594797 294 0 1 0
14595541 16 1 1 1
14595820 38 0 1 1
14601958 2 1 4 0
14604631 2 1 4 1
14605225 294 0 1 1
14605298 8 1 3 0
14607172 38 0 1 0
14607916 8 1 3 1
14611363 0 1 4 0
14613981 0 1 4 1
14614703 16 1 1 0
14616577 294 0 1 0
14617321 16 1 1 1
14617600 38 0 1 1
14623738 2 1 4 0
14626411 2 1 4 1
14627005 294 0 1 1
14627078 8 1 3 0
14628952 38 0 1 0
14629696 8 1 3 1
14633143 0 1 4 0
14635761 0 1 4 1
14636483 16 1 1 0
14638357 294 0 1 0
14639101 16 1 1 1
14639380 38 0 1 1
14645518 2 1 4 0
14648191 2 1 4 1
14648785 294 0 1 1
14648858 8 1 3 0
14650732 38 0 1 0
14651476 8 1 3 1
14654923 0 1 4 0
14657541 0 1 4 1
14658263 16 1 1 0
14660137 294 0 1 0
14660881 16 1 1 1
14661160 38 0 1 1
14667298 2 1 4 0
14669971 2 1 4 1
14670565 294 0 1 1
14670638 8 1 3 0
14672512 38 0 1 0
14673256 8 1 3 1
14676703 0 1 4 0
14679321 0 1 4 1
14680043 16 1 1 0
14681917 294 0 1 0
14682661 16 1 1 1
14682940 38 0 1 1
14689078 2 1 4 0
14691751 2 1 4 1
14692345 294 0 1 1
14692418 8 1 3 0
14694292 38 0 1 0
14695036 8 1 3 1
14698483 0 1 4 0
14701101 0 1 4 1
14701823 16 1 1 0
14703697 294 0 1 0
14704441 16 1 1 1
14704720 38 0 1 1
14711353 2 1 4 0
14714026 2 1 4 1
14714125 294 0 1 1
14714693 8 1 3 0
14716567 38 0 1 0
14717311 8 1 3 1
14720263 0 1 4 0
14722881 0 1 4 1
14723603 16 1 1 0
14725477 294 0 1 0
14726221 16 1 1 1
14726995 38 0 1 1
14732638 2 1 4 0
14735311 2 1 4 1
14735905 294 0 1 1
14735978 8 1 3 0
14737852 38 0 1 0
14738596 8 1 3 1
14742043 0 1 4 0
14744661 0 1 4 1
14745383 16 1 1 0
14747257 294 0 1 0
14748001 16 1 1 1
14748280 38 0 1 1
14754913 2 1 4 0
14757586 2 1 4 1
14757685 294 0 1 1
14758253 8 1 3 0
14760127 38 0 1 0
14760871 8 1 3 1
14763823 0 1 4 0
14766441 0 1 4 1
14767163 16 1 1 0
14769037 294 0 1 0
14769781 16 1 1 1
14770555 38 0 1 1
14776198 2 1 4 0
14778871 2 1 4 1
14779465 294 0 1 1
14779538 8 1 3 0
14781412 38 0 1 0
14782156 8 1 3 1
14785603 0 1 4 0
14788221 0 1 4 1
14788943 16 1 1 0
14790817 294 0 1 0
14791561 16 1 1 1
14791840 38 0 1 1
14797978 2 1 4 0
14800651 2 1 4 1
14801245 294 0 1 1
14801318 8 1 3 0
14803192 38 0 1 0
14803936 8 1 3 1
14807383 0 1 4 0
14810001 0 1 4 1
14810723 16 1 1 0
14812597 294 0 1 0
14813341 16 1 1 1
14813620 38 0 1 1
14819758 2 1 4 0
14822431 2 1 4 1
14823025 294 0 1 1
14823098 8 1 3 0
14824972 38 0 1 0
14825716 8 1 3 1
14829163 0 1 4 0
14831781 0 1 4 1
14832503 16 1 1 0
14834377 294 0 1 0
14835121 16 1 1 1
14835400 38 0 1 1
14841538 2 1 4 0
14844211 2 1 4 1
14844805 294 0 1 1
14844878 8 1 3 0
14846752 38 0 1 0
14847496 8 1 3 1
14850943 0 1 4 0
14853561 0 1 4 1
14854283 16 1 1 0
14856157 294 0 1 0
14856901 16 1 1 1
14857180 38 0 1 1
14863813 2 1 4 0
14866486 2 1 4 1
14866585 294 0 1 1
14867153 8 1 3 0
14869027 38 0 1 0
14869771 8 1 3 1
14872723 0 1 4 0
14875341 0 1 4 1
14876063 16 1 1 0
14877937 294 0 1 0
14878681 16 1 1 1
14879455 38 0 1 1
14885098 2 1 4 0
14887771 2 1 4 1
14888365 294 0 1 1
14888438 8 1 3 0
14890312 38 0 1 0
14891056 8 1 3 1
14894503 0 1 4 0
14897121 0 1 4 1
14897843 16 1 1 0
14899717 294 0 1 0
14900461 16 1 1 1
14900740 38 0 1 1
14907373 2 1 4 0
14910046 2 1 4 1
14910145 294 0 1 1
14910713 8 1 3 0
14912587 38 0 1 0
14913331 8 1 3 1
14916283 0 1 4 0
14918901 0 1 4 1
14919623 16 1 1 0
14921497 294 0 1 0
14922241 16 1 1 1
14923015 38 0 1 1
14928658 2 1 4 0
14931331 2 1 4 1
14931925 294 0 1 1
14931998 8 1 3 0
14933872 38 0 1 0
14934616 8 1 3 1
14938063 0 1 4 0
14940681 0 1 4 1
14941403 16 1 1 0
14943277 294 0 1 0
14944021 16 1 1 1
14944300 38 0 1 1
14950933 2 1 4 0
14953606 2 1 4 1
14953705 294 0 1 1
14954273 8 1 3 0
14956147 38 0 1 0
14956891 8 1 3 1
14959843 0 1 4 0
14962461 0 1 4 1
14963183 16 1 1 0
14965057 294 0 1 0
14965801 16 1 1 1
14966575 38 0 1 1
14972218 2 1 4 0
14974891 2 1 4 1
14975485 294 0 1 1
14975558 8 1 3 0
14977432 38 0 1 0
14978176 8 1 3 1
14981623 0 1 4 0
14984241 0 1 4 1
14984963 16 1 1 0
14986837 294 0 1 0
14987581 16 1 1 1
14987860 38 0 1 1
14993998 2 1 4 0
14996671 2 1 4 1
14997265 294 0 1 1
14997338 8 1 3 0
14999212 38 0 1 0
14999956 8 1 3 1
15003403 0 1 4 0
15006021 0 1 4 1
15006743 16 1 1 0
15008617 294 0 1 0
15009361 16 1 1 1
15009640 38 0 1 1
15015778 2 1 4 0
15018451 2 1 4 1
15019045 294 0 1 1
15019118 8 1 3 0
15020992 38 0 1 0
15021736 8 1 3 1
15025183 0 1 4 0
15027801 0 1 4 1
15028523 16 1 1 0
15030397 294 0 1 0
15031141 16 1 1 1
15031420 38 0 1 1
15037558 2 1 4 0
15040231 2 1 4 1
15040825 294 0 1 1
15040898 8 1 3 0
15042772 38 0 1 0
15043516 8 1 3 1
15046963 0 1 4 0
15049581 0 1 4 1
15050303 16 1 1 0
15052177 294 0 1 0
15052921 16 1 1 1
15053200 38 0 1 1
15059833 2 1 4 0
15062506 2 1 4 1
15062605 294 0 1 1
15063173 8 1 3 0
15065047 38 0 1 0
15065791 8 1 3 1
15068743 0 1 4 0
15071361 0 1 4 1
15072083 16 1 1 0
15073957 294 0 1 0
15074701 16 1 1 1
15075475 38 0 1 1
15081118 2 1 4 0
15083791 2 1 4 1
15084385 294 0 1 1
15084458 8 1 3 0
15086332 38 0 1 0
15087076 8 1 3 1
15090523 0 1 4 0
15093141 0 1 4 1
15093863 16 1 1 0
15095737 294 0 1 0
15096481 16 1 1 1
15096760 38 0 1 1
15103393 2 1 4 0
15106066 2 1 4 1
15106165 294 0 1 1
15106733 8 1 3 0
15108607 38 0 1 0
15109351 8 1 3 1
15112303 0 1 4 0
15114921 0 1 4 1
15115643 16 1 1 0
15117517 294 0 1 0
15118261 16 1 1 1
15119035 38 0 1 1
15124678 2 1 4 0
15127351 2 1 4 1
15127945 294 0 1 1
15128018 8 1 3 0
15129892 38 0 1 0
15130636 8 1 3 1
15134083 0 1 4 0
15136701 0 1 4 1
15137423 16 1 1 0
15139297 294 0 1 0
15140041 16 1 1 1
15140320 38 0 1 1
15146458 2 1 4 0
15149131 2 1 4 1
15149725 294 0 1 1
15149798 8 1 3 0
15151672 38 0 1 0
15152416 8 1 3 1
15155863 0 1 4 0
15158481 0 1 4 1
15159203 16 1 1 0
15161077 294 0 1 0
15161821 16 1 1 1
15162100 38 0 1 1
15168238 2 1 4 0
15170911 2 1 4 1
15171505 294 0 1 1
15171578 8 1 3 0
15173452 38 0 1 0
15174196 8 1 3 1
15177643 0 1 4 0
15180261 0 1 4 1
15180983 16 1 1 0
15182857 294 0 1 0
15183601 16 1 1 1
15183880 38 0 1 1
15190018 2 1 4 0
15192691 2 1 4 1
15193285 294 0 1 1
15193358 8 1 3 0
15195232 38 0 1 0
15195976 8 1 3 1
15199423 0 1 4 0
15202041 0 1 4 1
15202763 16 1 1 0
15204637 294 0 1 0
15205381 16 1 1 1
15205660 38 0 1 1
15211798 2 1 4 0
15214471 2 1 4 1
15215065 294 0 1 1
15215138 8 1 3 0
15217012 38 0 1 0
15217756 8 1 3 1
15221203 0 1 4 0
15223821 0 1 4 1
15224543 16 1 1 0
15226417 294 0 1 0
15227161 16 1 1 1
15227440 38 0 1 1
15233578 2 1 4 0
15236251 2 1 4 1
15236845 294 0 1 1
15236918 8 1 3 0
15238792 38 0 1 0
15239536 8 1 3 1
15242983 0 1 4 0
15245601 0 1 4 1
15246323 16 1 1 0
15248197 294 0 1 0
15248941 16 1 1 1
15249220 38 0 1 1
15255853 2 1 4 0
15258526 2 1 4 1
15258625 294 0 1 1
15259193 8 1 3 0
15261067 38 0 1 0
15261811 8 1 3 1
15264763 0 1 4 0
15267381 0 1 4 1
15268103 16 1 1 0
15269977 294 0 1 0
15270721 16 1 1 1
15271495 38 0 1 1
15277138 2 1 4 0
15279811 2 1 4 1
15280405 294 0 1 1
15280478 8 1 3 0
15282352 38 0 1 0
15283096 8 1 3 1
15286543 0 1 4 0
15289161 0 1 4 1
15289883 16 1 1 0
15291757 294 0 1 0
15292501 16 1 1 1
15292780 38 0 1 1
15299413 2 1 4 0
15302086 2 1 4 1
15302185 294 0 1 1
15302753 8 1 3 0
15304627 38 0 1 0
15305371 8 1 3 1
15308323 0 1 4 0
15310941 0 1 4 1
15311663 16 1 1 0
15313537 294 0 1 0
15314281 16 1 1 1
15315055 38 0 1 1
15320698 2 1 4 0
15323371 2 1 4 1
15323965 294 0 1 1
15324038 8 1 3 0
15325912 38 0 1 0
15326656 8 1 3 1
15330103 0 1 4 0
15332721 0 1 4 1
15333443 16 1 1 0
15335317 294 0 1 0
15336061 16 1 1 1
15336340 38 0 1 1
15342478 2 1 4 0
15345151 2 1 4 1
15345745 294 0 1 1
15345818 8 1 3 0
15347692 38 0 1 0
15348436 8 1 3 1
15351883 0 1 4 0
15354501 0 1 4 1
15355223 16 1 1 0
15357097 294 0 1 0
15357841 16 1 1 1
15358120 38 0 1 1
15364258 2 1 4 0
15366931 2 1 4 1
15367525 294 0 1 1
15367598 8 1 3 0
15369472 38 0 1 0
15370216 8 1 3 1
15373663 0 1 4 0
15376281 0 1 4 1
15377003 16 1 1 0
15378877 294 0 1 0
15379621 16 1 1 1
15379900 38 0 1 1
15386038 2 1 4 0
15388711 2 1 4 1
15389305 294 0 1 1
15389378 8 1 3 0
15391252 38 0 1 0
15391996 8 1 3 1
15395443 0 1 4 0
15398061 0 1 4 1
15398783 16 1 1 0
15400657 294 0 1 0
15401401 16 1 1 1
15401680 38 0 1 1
15408313 2 1 4 0
15410986 2 1 4 1
15411085 294 0 1 1
15411653 8 1 3 0
15413527 38 0 1 0
15414271 8 1 3 1
15417223 0 1 4 0
15419841 0 1 4 1
15420563 16 1 1 0
15422437 294 0 1 0
15423181 16 1 1 1
15423955 38 0 1 1
15429598 2 1 4 0
15432271 2 1 4 1
15432865 294 0 1 1
15432938 8 1 3 0
15434812 38 0 1 0
15435556 8 1 3 1
15439003 0 1 4 0
15441621 0 1 4 1
15442343 16 1 1 0
15444217 294 0 1 0
15444961 16 1 1 1
15445240 38 0 1 1
15451873 2 1 4 0
15454546 2 1 4 1
15454645 294 0 1 1
15455213 8 1 3 0
15457087 38 0 1 0
15457831 8 1 3 1
15460783 0 1 4 0
15463401 0 1 4 1
15464123 16 1 1 0
15465997 294 0 1 0
15466741 16 1 1 1
15467515 38 0 1 1
15473158 2 1 4 0
15475831 2 1 4 1
15476425 294 0 1 1
15476498 8 1 3 0
15478372 38 0 1 0
15479116 8 1 3 1
15482563 0 1 4 0
15485181 0 1 4 1
15485903 16 1 1 0
15487777 294 0 1 0
15488521 16 1 1 1
15488800 38 0 1 1
15495433 2 1 4 0
15498106 2 1 4 1
15498205 294 0 1 1
15498773 8 1 3 0
15500647 38 0 1 0
15501391 8 1 3 1
15504343 0 1 4 0
15506961 0 1 4 1
15507683 16 1 1 0
15509557 294 0 1 0
15510301 16 1 1 1
15511075 38 0 1 1
15516718 2 1 4 0
15519391 2 1 4 1
15519985 294 0 1 1
15520058 8 1 3 0
15521932 38 0 1 0
15522676 8 1 3 1
15526123 0 1 4 0
15528741 0 1 4 1
15529463 16 1 1 0
15531337 294 0 1 0
15532081 16 1 1 1
15532360 38 0 1 1
15538498 2 1 4 0
15541171 2 1 4 1
15541765 294 0 1 1
15541838 8 1 3 0
15543712 38 0 1 0
15544456 8 1 3 1
15547903 0 1 4 0
15550521 0 1 4 1
15551243 16 1 1 0
15553117 294 0 1 0
15553861 16 1 1 1
15554140 38 0 1 1
15560278 2 1 4 0
15562951 2 1 4 1
15563545 294 0 1 1
15563618 8 1 3 0
15565492 38 0 1 0
15566236 8 1 3 1
15569683 0 1 4 0
15572301 0 1 4 1
15573023 16 1 1 0
15574897 294 0 1 0
15575641 16 1 1 1
15575920 38 0 1 1
15582058 2 1 4 0
15584731 2 1 4 1
15585325 294 0 1 1
15585398 8 1 3 0
15587272 38 0 1 0
15588016 8 1 3 1
15591463 0 1 4 0
15594081 0 1 4 1
15594803 16 1 1 0
15596677 294 0 1 0
15597421 16 1 1 1
15597700 38 0 1 1
15604333 2 1 4 0
15607006 2 1 4 1
15607105 294 0 1 1
15607673 8 1 3 0
15609547 38 0 1 0
15610291 8 1 3 1
15613243 0 1 4 0
15615861 0 1 4 1
15616583 16 1 1 0
15618457 294 0 1 0
15619201 16 1 1 1
15619975 38 0 1 1
15625618 2 1 4 0
15628291 2 1 4 1
15628885 294 0 1 1
15628958 8 1 3 0
15630832 38 0 1 0
15631576 8 1 3 1
15635023 0 1 4 0
15637641 0 1 4 1
15638363 16 1 1 0
15640237 294 0 1 0
15640981 16 1 1 1
15641260 38 0 1 1
15647893 2 1 4 0
15650566 2 1 4 1
15650665 294 0 1 1
15651233 8 1 3 0
15653107 38 0 1 0
15653851 8 1 3 1
15656803 0 1 4 0
15659421 0 1 4 1
15660143 16 1 1 0
15662017 294 0 1 0
15662761 16 1 1 1
15663535 38 0 1 1
15669178 2 1 4 0
15671851 2 1 4 1
15672445 294 0 1 1
15672518 8 1 3 0
15674392 38 0 1 0
15675136 8 1 3 1
15678583 0 1 4 0
15681201 0 1 4 1
15681923 16 1 1 0
15683797 294 0 1 0
15684541 16 1 1 1
15684820 38 0 1 1
15690958 2 1 4 0
15693631 2 1 4 1
15694225 294 0 1 1
15694298 8 1 3 0
15696172 38 0 1 0
15696916 8 1 3 1
15700363 0 1 4 0
15702981 0 1 4 1
15703703 16 1 1 0
15705577 294 0 1 0
15706321 16 1 1 1
15706600 38 0 1 1
15712738 2 1 4 0
15715411 2 1 4 1
15716005 294 0 1 1
15716078 8 1 3 0
15717952 38 0 1 0
15718696 8 1 3 1
15722143 0 1 4 0
15724761 0 1 4 1
15725483 16 1 1 0
15727357 294 0 1 0
15728101 16 1 1 1
15728380 38 0 1 1
15734518 2 1 4 0
15737191 2 1 4 1
15737785 294 0 1 1
15737858 8 1 3 0
15739732 38 0 1 0
15740476 8 1 3 1
15743923 0 1 4 0
15746541 0 1 4 1
15747263 16 1 1 0
15749137 294 0 1 0
15749881 16 1 1 1
15750160 38 0 1 1
15756298 2 1 4 0
15758971 2 1 4 1
15759565 294 0 1 1
15759638 8 1 3 0
15761512 38 0 1 0
15762256 8 1 3 1
15765703 0 1 4 0
15768321 0 1 4 1
15769043 16 1 1 0
15770917 294 0 1 0
15771661 16 1 1 1
15771940 38 0 1 1
15778078 2 1 4 0
15780751 2 1 4 1
15781345 294 0 1 1
15781418 8 1 3 0
15783292 38 0 1 0
15784036 8 1 3 1
15787483 0 1 4 0
15790101 0 1 4 1
15790823 16 1 1 0
15792697 294 0 1 0
15793441 16 1 1 1
15793720 38 0 1 1
15800353 2 1 4 0
15803026 2 1 4 1
15803125 294 0 1 1
15803693 8 1 3 0
15805567 38 0 1 0
15806311 8 1 3 1
15809263 0 1 4 0
15811881 0 1 4 1
15812603 16 1 1 0
15814477 294 0 1 0
15815221 16 1 1 1
15815995 38 0 1 1
15821638 2 1 4 0
15824311 2 1 4 1
15824905 294 0 1 1
15824978 8 1 3 0
15826852 38 0 1 0
15827596 8 1 3 1
15831043 0 1 4 0
15833661 0 1 4 1
15834383 16 1 1 0
15836257 294 0 1 0
15837001 16 1 1 1
15837280 38 0 1 1
15843913 2 1 4 0
15846586 2 1 4 1
15846685 294 0 1 1
15847253 8 1 3 0
15849127 38 0 1 0
15849871 8 1 3 1
15852823 0 1 4 0
15855441 0 1 4 1
15856163 16 1 1 0
15858037 294 0 1 0
15858781 16 1 1 1
15859555 38 0 1 1
15865198 2 1 4 0
15867871 2 1 4 1
15868465 294 0 1 1
15868538 8 1 3 0
15870412 38 0 1 0
15871156 8 1 3 1
15874603 0 1 4 0
15877221 0 1 4 1
15877943 16 1 1 0
15879817 294 0 1 0
15880561 16 1 1 1
15880840 38 0 1 1
15886978 2 1 4 0
15889651 2 1 4 1
15890245 294 0 1 1
15890318 8 1 3 0
15892192 38 0 1 0
15892936 8 1 3 1
15896383 0 1 4 0
15899001 0 1 4 1
15899723 16 1 1 0
15901597 294 0 1 0
15902341 16 1 1 1
15902620 38 0 1 1
15908758 2 1 4 0
15911431 2 1 4 1
15912025 294 0 1 1
15912098 8 1 3 0
15913972 38 0 1 0
15914716 8 1 3 1
15918163 0 1 4 0
15920781 0 1 4 1
15921503 16 1 1 0
15923377 294 0 1 0
15924121 16 1 1 1
15924400 38 0 1 1
15930538 2 1 4 0
15933211 2 1 4 1
15933805 294 0 1 1
15933878 8 1 3 0
15935752 38 0 1 0
15936496 8 1 3 1
15939943 0 1 4 0
15942561 0 1 4 1
15943283 16 1 1 0
15945157 294 0 1 0
15945901 16 1 1 1
15946180 38 0 1 1
15952813 2 1 4 0
15955486 2 1 4 1
15955585 294 0 1 1
15956153 8 1 3 0
15958027 38 0 1 0
15958771 8 1 3 1
15961723 0 1 4 0
15964341 0 1 4 1
15965063 16 1 1 0
15966937 294 0 1 0
15967681 16 1 1 1
15968455 38 0 1 1
15974098 2 1 4 0
15976771 2 1 4 1
15977365 294 0 1 1
15977438 8 1 3 0
15979312 38 0 1 0
15980056 8 1 3 1
15983503 0 1 4 0
15986121 0 1 4 1
15986843 16 1 1 0
15988717 294 0 1 0
15989461 16 1 1 1
15989740 38 0 1 1
15996373 2 1 4 0
15999046 2 1 4 1
15999145 294 0 1 1
15999713 8 1 3 0
16001587 38 0 1 0
16002331 8 1 3 1
16005283 0 1 4 0
16007901 0 1 4 1
16008623 16 1 1 0
16010497 294 0 1 0
16011241 16 1 1 1
16012015 38 0 1 1
16017658 2 1 4 0
16020331 2 1 4 1
16020925 294 0 1 1
16020998 8 1 3 0
16022872 38 0 1 0
16023616 8 1 3 1
16027063 0 1 4 0
16029681 0 1 4 1
16030403 16 1 1 0
16032277 294 0 1 0
16033021 16 1 1 1
16033300 38 0 1 1
16039933 2 1 4 0
16042606 2 1 4 1
16042705 294 0 1 1
16043273 8 1 3 0
16045147 38 0 1 0
16045891 8 1 3 1
16048843 0 1 4 0
16051461 0 1 4 1
16052183 16 1 1 0
16054057 294 0 1 0
16054801 16 1 1 1
16055575 38 0 1 1
16061713 2 1 4 0
16064386 2 1 4 1
16064485 294 0 1 1
16065053 8 1 3 0
16066927 38 0 1 0
16067671 8 1 3 1
16070623 0 1 4 0
16073241 0 1 4 1
16073963 16 1 1 0
16075837 294 0 1 0
16076581 16 1 1 1
16077355 38 0 1 1
16082998 2 1 4 0
16085671 2 1 4 1
16086265 294 0 1 1
16086338 8 1 3 0
16088212 38 0 1 0
16088956 8 1 3 1
16092403 0 1 4 0
16095021 0 1 4 1
16095743 16 1 1 0
16097617 294 0 1 0
16098361 16 1 1 1
16098640 38 0 1 1
16104778 2 1 4 0
16107451 2 1 4 1
16108045 294 0 1 1
16108118 8 1 3 0
16109992 38 0 1 0
16110736 8 1 3 1
16114183 0 1 4 0
16116801 0 1 4 1
16117523 16 1 1 0
16119397 294 0 1 0
16120141 16 1 1 1
16120420 38 0 1 1
16127053 2 1 4 0
16129726 2 1 4 1
16129825 294 0 1 1
16130393 8 1 3 0
16132267 38 0 1 0
16133011 8 1 3 1
16135963 0 1 4 0
16138581 0 1 4 1
16139303 16 1 1 0
16141177 294 0 1 0
16141921 16 1 1 1
16142695 38 0 1 1
16148833 2 1 4 0
16151506 2 1 4 1
16151605 294 0 1 1
16152173 8 1 3 0
16154047 38 0 1 0
16154791 8 1 3 1
16157743 0 1 4 0
16160361 0 1 4 1
16161083 16 1 1 0
16162957 294 0 1 0
16163701 16 1 1 1
16164475 38 0 1 1
16170118 2 1 4 0
16172791 2 1 4 1
16173385 294 0 1 1
16173458 8 1 3 0
16175332 38 0 1 0
16176076 8 1 3 1
16179523 0 1 4 0
16182141 0 1 4 1
16182863 16 1 1 0
16184737 294 0 1 0
16185481 16 1 1 1
16185760 38 0 1 1
16191898 2 1 4 0
16194571 2 1 4 1
16195165 294 0 1 1
16195238 8 1 3 0
16197112 38 0 1 0
16197856 8 1 3 1
16201303 0 1 4 0
16203921 0 1 4 1
16204643 16 1 1 0
16206517 294 0 1 0
16207261 16 1 1 1
16207540 38 0 1 1
16214173 2 1 4 0
16216846 2 1 4 1
16216945 294 0 1 1
16217513 8 1 3 0
16219387 38 0 1 0
16220131 8 1 3 1
16223083 0 1 4 0
16225701 0 1 4 1
16226423 16 1 1 0
16228297 294 0 1 0
16229041 16 1 1 1
16229815 38 0 1 1
16235953 2 1 4 0
16238626 2 1 4 1
16238725 294 0 1 1
16239293 8 1 3 0
16241167 38 0 1 0
16241911 8 1 3 1
16244863 0 1 4 0
16247481 0 1 4 1
16248203 16 1 1 0
16250077 294 0 1 0
16250821 16 1 1 1
16251595 38 0 1 1
16257238 2 1 4 0
16259911 2 1 4 1
16260505 294 0 1 1
16260578 8 1 3 0
16262452 38 0 1 0
16263196 8 1 3 1
16266643 0 1 4 0
16269261 0 1 4 1
16269983 16 1 1 0
16271857 294 0 1 0
16272601 16 1 1 1
16272880 38 0 1 1
16279018 2 1 4 0
16281691 2 1 4 1
16282285 294 0 1 1
16282358 8 1 3 0
16284232 38 0 1 0
16284976 8 1 3 1
16288423 0 1 4 0
16291041 0 1 4 1
16291763 16 1 1 0
16293637 294 0 1 0
16294381 16 1 1 1
16294660 38 0 1 1
16301293 2 1 4 0
16303966 2 1 4 1
16304065 294 0 1 1
16304633 8 1 3 0
16306507 38 0 1 0
16307251 8 1 3 1
16310203 0 1 4 0
16312821 0 1 4 1
16313543 16 1 1 0
16315417 294 0 1 0
16316161 16 1 1 1
16316935 38 0 1 1
16322578 2 1 4 0
16325251 2 1 4 1
16325845 294 0 1 1
16325918 8 1 3 0
16327792 38 0 1 0
16328536 8 1 3 1
16331983 0 1 4 0
16334601 0 1 4 1
16335323 16 1 1 0
16337197 294 0 1 0
16337941 16 1 1 1
16338220 38 0 1 1
16344358 2 1 4 0
16347031 2 1 4 1
16347625 294 0 1 1
16347698 8 1 3 0
16349572 38 0 1 0
16350316 8 1 3 1
16353763 0 1 4 0
16356381 0 1 4 1
16357103 16 1 1 0
16358977 294 0 1 0
16359721 16 1 1 1
16360000 38 0 1 1
16366633 2 1 4 0
16369306 2 1 4 1
16369405 294 0 1 1
16369973 8 1 3 0
16371847 38 0 1 0
16372591 8 1 3 1
16375543 0 1 4 0
16378161 0 1 4 1
16378883 16 1 1 0
16380757 294 0 1 0
16381501 16 1 1 1
16382275 38 0 1 1
16388413 2 1 4 0
16391086 2 1 4 1
16391185 294 0 1 1
16391753 8 1 3 0
16393627 38 0 1 0
16394371 8 1 3 1
16397323 0 1 4 0
16399941 0 1 4 1
16400663 16 1 1 0
16402537 294 0 1 0
16403281 16 1 1 1
16404055 38 0 1 1
16409698 2 1 4 0
16412371 2 1 4 1
16412965 294 0 1 1
16413038 8 1 3 0
16414912 38 0 1 0
16415656 8 1 3 1
16419103 0 1 4 0
16421721 0 1 4 1
16422443 16 1 1 0
16424317 294 0 1 0
16425061 16 1 1 1
16425340 38 0 1 1
16431478 2 1 4 0
16434151 2 1 4 1
16434745 294 0 1 1
16434818 8 1 3 0
16436692 38 0 1 0
16437436 8 1 3 1
16440883 0 1 4 0
16443501 0 1 4 1
16444223 16 1 1 0
16446097 294 0 1 0
16446841 16 1 1 1
16447120 38 0 1 1
16453753 2 1 4 0
16456426 2 1 4 1
16456525 294 0 1 1
16457093 8 1 3 0
16458967 38 0 1 0
16459711 8 1 3 1
16462663 0 1 4 0
16465281 0 1 4 1
16466003 16 1 1 0
16467877 294 0 1 0
16468621 16 1 1 1
16469395 38 0 1 1
16475533 2 1 4 0
16478206 2 1 4 1
16478305 294 0 1 1
16478873 8 1 3 0
16480747 38 0 1 0
16481491 8 1 3 1
16484443 0 1 4 0
16487061 0 1 4 1
16487783 16 1 1 0
16489657 294 0 1 0
16490401 16 1 1 1
16491175 38 0 1 1
16496818 2 1 4 0
16499491 2 1 4 1
16500085 294 0 1 1
16500158 8 1 3 0
16502032 38 0 1 0
16502776 8 1 3 1
16506223 0 1 4 0
16508841 0 1 4 1
16509563 16 1 1 0
16511437 294 0 1 0
16512181 16 1 1 1
16512460 38 0 1 1
16518598 2 1 4 0
16521271 2 1 4 1
16521865 294 0 1 1
16521938 8 1 3 0
16523812 38 0 1 0
16524556 8 1 3 1
16528003 0 1 4 0
16530621 0 1 4 1
16531343 16 1 1 0
16533217 294 0 1 0
16533961 16 1 1 1
16534240 38 0 1 1
16540873 2 1 4 0
16543546 2 1 4 1
16543645 294 0 1 1
16544213 8 1 3 0
16546087 38 0 1 0
16546831 8 1 3 1
16549783 0 1 4 0
16552401 0 1 4 1
16553123 16 1 1 0
16554997 294 0 1 0
16555741 16 1 1 1
16556515 38 0 1 1
16562653 2 1 4 0
16565326 2 1 4 1
16565425 294 0 1 1
16565993 8 1 3 0
16567867 38 0 1 0
16568611 8 1 3 1
16571563 0 1 4 0
16574181 0 1 4 1
16574903 16 1 1 0
16576777 294 0 1 0
16577521 16 1 1 1
16578295 38 0 1 1
16583938 2 1 4 0
16586611 2 1 4 1
16587205 294 0 1 1
16587278 8 1 3 0
16589152 38 0 1 0
16589896 8 1 3 1
16593343 0 1 4 0
16595961 0 1 4 1
16596683 16 1 1 0
16598557 294 0 1 0
16599301 16 1 1 1
16599580 38 0 1 1
16605718 2 1 4 0
16608391 2 1 4 1
16608985 294 0 1 1
16609058 8 1 3 0
16610932 38 0 1 0
16611676 8 1 3 1
16615123 0 1 4 0
16617741 0 1 4 1
16618463 16 1 1 0
16620337 294 0 1 0
16621081 16 1 1 1
16621360 38 0 1 1
16627993 2 1 4 0
16630666 2 1 4 1
16630765 294 0 1 1
16631333 8 1 3 0
16633207 38 0 1 0
16633951 8 1 3 1
16636903 0 1 4 0
16639521 0 1 4 1
16640243 16 1 1 0
16642117 294 0 1 0
16642861 16 1 1 1
16643635 38 0 1 1
16649278 2 1 4 0
16651951 2 1 4 1
16652545 294 0 1 1
16652618 8 1 3 0
16654492 38 0 1 0
16655236 8 1 3 1
16658683 0 1 4 0
16661301 0 1 4 1
16662023 16 1 1 0
16663897 294 0 1 0
16664641 16 1 1 1
16664920 38 0 1 1
16671058 2 1 4 0
16673731 2 1 4 1
16674325 294 0 1 1
16674398 8 1 3 0
16676272 38 0 1 0
16677016 8 1 3 1
16680463 0 1 4 0
16683081 0 1 4 1
16683803 16 1 1 0
16685677 294 0 1 0
16686421 16 1 1 1
16686700 38 0 1 1
16693333 2 1 4 0
16696006 2 1 4 1
16696105 294 0 1 1
16696673 8 1 3 0
16698547 38 0 1 0
16699291 8 1 3 1
16702243 0 1 4 0
16704861 0 1 4 1
16705583 16 1 1 0
16707457 294 0 1 0
16708201 16 1 1 1
16708975 38 0 1 1
16715113 2 1 4 0
16717786 2 1 4 1
16717885 294 0 1 1
16718453 8 1 3 0
16720327 38 0 1 0
16721071 8 1 3 1
16724023 0 1 4 0
16726641 0 1 4 1
16727363 16 1 1 0
16729237 294 0 1 0
16729981 16 1 1 1
16730755 38 0 1 1
16736398 2 1 4 0
16739071 2 1 4 1
16739665 294 0 1 1
16739738 8 1 3 0
16741612 38 0 1 0
16742356 8 1 3 1
16745803 0 1 4 0
16748421 0 1 4 1
16749143 16 1 1 0
16751017 294 0 1 0
16751761 16 1 1 1
16752040 38 0 1 1
16753723 2 1 4 0
16756891 2 1 4 1
16757063 8 1 3 0
16758937 38 0 1 0
16760173 8 1 3 1
16761445 294 0 1 1
16767583 0 1 4 0
16770335 0 1 4 1
16770923 16 1 1 0
16771345 38 0 1 1
16772797 294 0 1 0
16773664 16 1 1 1
16777978 2 1 4 0
16780842 2 1 4 1
16781318 8 1 3 0
16783192 38 0 1 0
16783720 294 0 1 1
16784182 8 1 3 1
16789858 0 1 4 0
16792476 0 1 4 1
16793198 16 1 1 0
16794610 38 0 1 1
16795072 294 0 1 0
16795816 16 1 1 1
16800748 2 1 4 0
16803421 2 1 4 1
16804088 8 1 3 0
16805500 294 0 1 1
16805962 38 0 1 0
16806706 8 1 3 1
16811638 0 1 4 0
16814390 0 1 4 1
16814978 16 1 1 0
16816390 38 0 1 1
16816852 294 0 1 0
16817719 16 1 1 1
16823023 2 1 4 0
16825696 2 1 4 1
16826363 8 1 3 0
16827775 294 0 1 1
16828237 38 0 1 0
16828981 8 1 3 1
16833913 0 1 4 0
16836665 0 1 4 1
16837253 16 1 1 0
16838665 38 0 1 1
16839127 294 0 1 0
16839994 16 1 1 1
16845298 2 1 4 0
16847971 2 1 4 1
16848638 8 1 3 0
16850050 294 0 1 1
16850512 38 0 1 0
16851256 8 1 3 1
16856188 0 1 4 0
16859052 0 1 4 1
16859528 16 1 1 0
16860940 38 0 1 1
16861402 294 0 1 0
16862392 16 1 1 1
16868068 2 1 4 0
16870741 2 1 4 1
16871408 8 1 3 0
16872820 294 0 1 1
16873282 38 0 1 0
16874026 8 1 3 1
16878958 0 1 4 0
16881710 0 1 4 1
16882298 16 1 1 0
16883710 38 0 1 1
16884172 294 0 1 0
16885039 16 1 1 1
16890343 2 1 4 0
16893016 2 1 4 1
16893683 8 1 3 0
16895095 294 0 1 1
16895557 38 0 1 0
16896301 8 1 3 1
16901233 0 1 4 0
16903851 0 1 4 1
16904573 16 1 1 0
16905985 38 0 1 1
16906447 294 0 1 0
16907191 16 1 1 1
16912123 2 1 4 0
16914796 2 1 4 1
16915463 8 1 3 0
16916875 294 0 1 1
16917337 38 0 1 0
16918081 8 1 3 1
16923013 0 1 4 0
16925631 0 1 4 1
16926353 16 1 1 0
16927765 38 0 1 1
16928227 294 0 1 0
16928971 16 1 1 1
16933903 2 1 4 0
16936576 2 1 4 1
16937243 8 1 3 0
16938655 294 0 1 1
16939117 38 0 1 0
16939861 8 1 3 1
16944793 0 1 4 0
16947411 0 1 4 1
16948133 16 1 1 0
16949545 38 0 1 1
16950007 294 0 1 0
16950751 16 1 1 1
16955683 2 1 4 0
16958356 2 1 4 1
16959023 8 1 3 0
16960435 294 0 1 1
16960897 38 0 1 0
16961641 8 1 3 1
16966573 0 1 4 0
16969191 0 1 4 1
16969913 16 1 1 0
16971325 38 0 1 1
16971787 294 0 1 0
16972531 16 1 1 1
16977463 2 1 4 0
16980136 2 1 4 1
16980803 8 1 3 0
16982215 294 0 1 1
16982677 38 0 1 0
16983421 8 1 3 1
16988353 0 1 4 0
16990971 0 1 4 1
16991693 16 1 1 0
16993105 38 0 1 1
16993567 294 0 1 0
16994311 16 1 1 1
16999243 2 1 4 0
17001916 2 1 4 1
17002583 8 1 3 0
17003995 294 0 1 1
17004457 38 0 1 0
17005201 8 1 3 1
17010133 0 1 4 0
17012751 0 1 4 1
17013473 16 1 1 0
17014885 38 0 1 1
17015347 294 0 1 0
17016091 16 1 1 1
17021023 2 1 4 0
17023696 2 1 4 1
17024363 8 1 3 0
17025775 294 0 1 1
17026237 38 0 1 0
17026981 8 1 3 1
17031913 0 1 4 0
17034531 0 1 4 1
17035253 16 1 1 0
17036665 38 0 1 1
17037127 294 0 1 0
17037871 16 1 1 1
17042803 2 1 4 0
17045476 2 1 4 1
17046143 8 1 3 0
17047555 294 0 1 1
17048017 38 0 1 0
17048761 8 1 3 1
17053693 0 1 4 0
17056311 0 1 4 1
17057033 16 1 1 0
17058445 38 0 1 1
17058907 294 0 1 0
17059651 16 1 1 1
17064583 2 1 4 0
17067256 2 1 4 1
17067923 8 1 3 0
17069335 294 0 1 1
17069797 38 0 1 0
17070541 8 1 3 1
17075473 0 1 4 0
17078091 0 1 4 1
17078813 16 1 1 0
17080225 38 0 1 1
17080687 294 0 1 0
17081431 16 1 1 1
17086363 2 1 4 0
17089036 2 1 4 1
17089703 8 1 3 0
17091115 294 0 1 1
17091577 38 0 1 0
17092321 8 1 3 1
17097253 0 1 4 0
17099871 0 1 4 1
17100593 16 1 1 0
17102005 38 0 1 1
17102467 294 0 1 0
17103211 16 1 1 1
17108143 2 1 4 0
17110816 2 1 4 1
17111483 8 1 3 0
17112895 294 0 1 1
17113357 38 0 1 0
17114101 8 1 3 1
17119033 0 1 4 0
17121651 0 1 4 1
17122373 16 1 1 0
17123785 38 0 1 1
17124247 294 0 1 0
17124991 16 1 1 1
17129923 2 1 4 0
17132596 2 1 4 1
17133263 8 1 3 0
17134675 294 0 1 1
17135137 38 0 1 0
17135881 8 1 3 1
17140813 0 1 4 0
17143431 0 1 4 1
17144153 16 1 1 0
17145565 38 0 1 1
17146027 294 0 1 0
17146771 16 1 1 1
17151703 2 1 4 0
17154376 2 1 4 1
17155043 8 1 3 0
17156455 294 0 1 1
17156917 38 0 1 0
17157661 8 1 3 1
17162593 0 1 4 0
17165211 0 1 4 1
17165933 16 1 1 0
17167345 38 0 1 1
17167807 294 0 1 0
17168551 16 1 1 1
17173483 2 1 4 0
17176156 2 1 4 1
17176823 8 1 3 0
17178235 294 0 1 1
17178697 38 0 1 0
17179441 8 1 3 1
17184373 0 1 4 0
17186991 0 1 4 1
17187713 16 1 1 0
17189125 38 0 1 1
17189587 294 0 1 0
17190331 16 1 1 1
17195263 2 1 4 0
17197936 2 1 4 1
17198603 8 1 3 0
17200015 294 0 1 1
17200477 38 0 1 0
17201221 8 1 3 1
17206153 0 1 4 0
17208771 0 1 4 1
17209493 16 1 1 0
17210905 38 0 1 1
17211367 294 0 1 0
17212111 16 1 1 1
17217043 2 1 4 0
17219716 2 1 4 1
17220383 8 1 3 0
17221795 294 0 1 1
17222257 38 0 1 0
17223001 8 1 3 1
17227933 0 1 4 0
17230551 0 1 4 1
17231273 16 1 1 0
17232685 38 0 1 1
17233147 294 0 1 0
17233891 16 1 1 1
17238823 2 1 4 0
17241496 2 1 4 1
17242163 8 1 3 0
17243575 294 0 1 1
17244037 38 0 1 0
17244781 8 1 3 1
17249713 0 1 4 0
17252331 0 1 4 1
17253053 16 1 1 0
17254465 38 0 1 1
17254927 294 0 1 0
17255671 16 1 1 1
17260603 2 1 4 0
17263276 2 1 4 1
17263943 8 1 3 0
17265355 294 0 1 1
17265817 38 0 1 0
17266561 8 1 3 1
17271493 0 1 4 0
17274111 0 1 4 1
17274833 16 1 1 0
17276245 38 0 1 1
17276707 294 0 1 0
17277451 16 1 1 1
17282383 2 1 4 0
17285056 2 1 4 1
17285723 8 1 3 0
17287135 294 0 1 1
17287597 38 0 1 0
17288341 8 1 3 1
17293273 0 1 4 0
17295891 0 1 4 1
17296613 16 1 1 0
17298025 38 0 1 1
17298487 294 0 1 0
17299231 16 1 1 1
17304163 2 1 4 0
17306836 2 1 4 1
17307503 8 1 3 0
17308915 294 0 1 1
17309377 38 0 1 0
17310121 8 1 3 1
17315053 0 1 4 0
17317671 0 1 4 1
17318393 16 1 1 0
17319805 38 0 1 1
17320267 294 0 1 0
17321011 16 1 1 1
17325943 2 1 4 0
17328616 2 1 4 1
17329283 8 1 3 0
17330695 294 0 1 1
17331157 38 0 1 0
17331901 8 1 3 1
17336833 0 1 4 0
17339451 0 1 4 1
17340173 16 1 1 0
17341585 38 0 1 1
17342047 294 0 1 0
17342791 16 1 1 1
17347723 2 1 4 0
17350396 2 1 4 1
17351063 8 1 3 0
17352475 294 0 1 1
17352937 38 0 1 0
17353681 8 1 3 1
17358613 0 1 4 0
17361231 0 1 4 1
17361953 16 1 1 0
17363365 38 0 1 1
17363827 294 0 1 0
17364571 16 1 1 1
17369503 2 1 4 0
17372176 2 1 4 1
17372843 8 1 3 0
17374255 294 0 1 1
17374717 38 0 1 0
17375461 8 1 3 1
17380393 0 1 4 0
17383011 0 1 4 1
17383733 16 1 1 0
17385145 38 0 1 1
17385607 294 0 1 0
17386351 16 1 1 1
17391283 2 1 4 0
17393956 2 1 4 1
17394623 8 1 3 0
17396035 294 0 1 1
17396497 38 0 1 0
17397241 8 1 3 1
17402173 0 1 4 0
17404791 0 1 4 1
17405513 16 1 1 0
17406925 38 0 1 1
17407387 294 0 1 0
17408131 16 1 1 1
17413063 2 1 4 0
17415736 2 1 4 1
17416403 8 1 3 0
17417815 294 0 1 1
17418277 38 0 1 0
17419021 8 1 3 1
17423953 0 1 4 0
17426571 0 1 4 1
17427293 16 1 1 0
17428705 38 0 1 1
17429167 294 0 1 0
17429911 16 1 1 1
17434843 2 1 4 0
17437516 2 1 4 1
17438183 8 1 3 0
17439595 294 0 1 1
17440057 38 0 1 0
17440801 8 1 3 1
17445733 0 1 4 0
17448351 0 1 4 1
17449073 16 1 1 0
17450485 38 0 1 1
17450947 294 0 1 0
17451691 16 1 1 1
17456623 2 1 4 0
17459296 2 1 4 1
17459963 8 1 3 0
17461375 294 0 1 1
17461837 38 0 1 0
17462581 8 1 3 1
17467513 0 1 4 0
17470131 0 1 4 1
17470853 16 1 1 0
17472265 38 0 1 1
17472727 294 0 1 0
17473471 16 1 1 1
17478403 2 1 4 0
17481076 2 1 4 1
17481743 8 1 3 0
17483155 294 0 1 1
17483617 38 0 1 0
17484361 8 1 3 1
17489293 0 1 4 0
17491911 0 1 4 1
17492633 16 1 1 0
17494045 38 0 1 1
17494507 294 0 1 0
17495251 16 1 1 1
17500183 2 1 4 0
17502856 2 1 4 1
17503523 8 1 3 0
17504935 294 0 1 1
17505397 38 0 1 0
17506141 8 1 3 1
17511073 0 1 4 0
17513691 0 1 4 1
17514413 16 1 1 0
17515825 38 0 1 1
17516287 294 0 1 0
17517031 16 1 1 1
17521963 2 1 4 0
17524636 2 1 4 1
17525303 8 1 3 0
17526715 294 0 1 1
17527177 38 0 1 0
17527921 8 1 3 1
17532853 0 1 4 0
17535471 0 1 4 1
17536193 16 1 1 0
17537605 38 0 1 1
17538067 294 0 1 0
17538811 16 1 1 1
17543743 2 1 4 0
17546416 2 1 4 1
17547083 8 1 3 0
17548495 294 0 1 1
17548957 38 0 1 0
17549701 8 1 3 1
17554633 0 1 4 0
17557251 0 1 4 1
17557973 16 1 1 0
17559385 38 0 1 1
17559847 294 0 1 0
17560591 16 1 1 1
17565523 2 1 4 0
17568196 2 1 4 1
17568863 8 1 3 0
17570275 294 0 1 1
17570737 38 0 1 0
17571481 8 1 3 1
17576413 0 1 4 0
17579031 0 1 4 1
17579753 16 1 1 0
17581165 38 0 1 1
17581627 294 0 1 0
17582371 16 1 1 1
17587303 2 1 4 0
17589976 2 1 4 1
17590643 8 1 3 0
17592055 294 0 1 1
17592517 38 0 1 0
17593261 8 1 3 1
17598193 0 1 4 0
17600811 0 1 4 1
17601533 16 1 1 0
17602945 38 0 1 1
17603407 294 0 1 0
17604151 16 1 1 1
17609083 2 1 4 0
17611756 2 1 4 1
17612423 8 1 3 0
17613835 294 0 1 1
17614297 38 0 1 0
17615041 8 1 3 1
17619973 0 1 4 0
17622591 0 1 4 1
17623313 16 1 1 0
17624725 38 0 1 1
17625187 294 0 1 0
17625931 16 1 1 1
17630863 2 1 4 0
17633536 2 1 4 1
17634203 8 1 3 0
17635615 294 0 1 1
17636077 38 0 1 0
17636821 8 1 3 1
17641753 0 1 4 0
17644371 0 1 4 1
17645093 16 1 1 0
17646505 38 0 1 1
17646967 294 0 1 0
17647711 16 1 1 1
17652643 2 1 4 0
17655316 2 1 4 1
17655983 8 1 3 0
17657395 294 0 1 1
17657857 38 0 1 0
17658601 8 1 3 1
17663533 0 1 4 0
17666151 0 1 4 1
17666873 16 1 1 0
17668285 38 0 1 1
17668747 294 0 1 0
17669491 16 1 1 1
17674423 2 1 4 0
17677096 2 1 4 1
17677763 8 1 3 0
17679175 294 0 1 1
17679637 38 0 1 0
17680381 8 1 3 1
17685313 0 1 4 0
17687931 0 1 4 1
17688653 16 1 1 0
17690065 38 0 1 1
17690527 294 0 1 0
17691271 16 1 1 1
17696203 2 1 4 0
17698876 2 1 4 1
17699543 8 1 3 0
17700955 294 0 1 1
17701417 38 0 1 0
17702161 8 1 3 1
17707093 0 1 4 0
17709711 0 1 4 1
17710433 16 1 1 0
17711845 38 0 1 1
17712307 294 0 1 0
17713051 16 1 1 1
17717983 2 1 4 0
17720656 2 1 4 1
17721323 8 1 3 0
17722735 294 0 1 1
17723197 38 0 1 0
17723941 8 1 3 1
17728873 0 1 4 0
17731491 0 1 4 1
17732213 16 1 1 0
17733625 38 0 1 1
17734087 294 0 1 0
17734831 16 1 1 1
17739763 2 1 4 0
17742436 2 1 4 1
17743103 8 1 3 0
17744515 294 0 1 1
17744977 38 0 1 0
17745721 8 1 3 1
17750653 0 1 4 0
17753271 0 1 4 1
17753993 16 1 1 0
17755405 38 0 1 1
17755867 294 0 1 0
17756611 16 1 1 1
17761543 2 1 4 0
17764216 2 1 4 1
17764883 8 1 3 0
17766295 294 0 1 1
17766757 38 0 1 0
17767501 8 1 3 1
17772433 0 1 4 0
17775051 0 1 4 1
17775773 16 1 1 0
17777185 38 0 1 1
17777647 294 0 1 0
17778391 16 1 1 1
17783323 2 1 4 0
17785996 2 1 4 1
17786663 8 1 3 0
17788075 294 0 1 1
17788537 38 0 1 0
17789281 8 1 3 1
17794213 0 1 4 0
17796831 0 1 4 1
17797553 16 1 1 0
17798965 38 0 1 1
17799427 294 0 1 0
17800171 16 1 1 1
17805103 2 1 4 0
17807776 2 1 4 1
17808443 8 1 3 0
17809855 294 0 1 1
17810317 38 0 1 0
17811061 8 1 3 1
17815993 0 1 4 0
17818611 0 1 4 1
17819333 16 1 1 0
17820745 38 0 1 1
17821207 294 0 1 0
17821951 16 1 1 1
17826883 2 1 4 0
17829556 2 1 4 1
17830223 8 1 3 0
17831635 294 0 1 1
17832097 38 0 1 0
17832841 8 1 3 1
17837773 0 1 4 0
17840391 0 1 4 1
17841113 16 1 1 0
17842525 38 0 1 1
17842987 294 0 1 0
17843731 16 1 1 1
17848663 2 1 4 0
17851336 2 1 4 1
17852003 8 1 3 0
17853415 294 0 1 1
17853877 38 0 1 0
17854621 8 1 3 1
17859553 0 1 4 0
17862171 0 1 4 1
17862893 16 1 1 0
17864305 38 0 1 1
17864767 294 0 1 0
17865511 16 1 1 1
17870443 2 1 4 0
17873116 2 1 4 1
17873783 8 1 3 0
17875195 294 0 1 1
17875657 38 0 1 0
17876401 8 1 3 1
17881333 0 1 4 0
17883951 0 1 4 1
17884673 16 1 1 0
17886085 38 0 1 1
17886547 294 0 1 0
17887291 16 1 1 1
17892223 2 1 4 0
17894896 2 1 4 1
17895563 8 1 3 0
17896975 294 0 1 1
17897437 38 0 1 0
17898181 8 1 3 1
17903113 0 1 4 0
17905731 0 1 4 1
17906453 16 1 1 0
17907865 38 0 1 1
17908327 294 0 1 0
17909071 16 1 1 1
17914003 2 1 4 0
17916676 2 1 4 1
17917343 8 1 3 0
17918755 294 0 1 1
17919217 38 0 1 0
17919961 8 1 3 1
17924893 0 1 4 0
17927511 0 1 4 1
17928233 16 1 1 0
17929645 38 0 1 1
17930107 294 0 1 0
17930851 16 1 1 1
17935783 2 1 4 0
17938456 2 1 4 1
17939123 8 1 3 0
17940535 294 0 1 1
17940997 38 0 1 0
17941741 8 1 3 1
17946673 0 1 4 0
17949291 0 1 4 1
17950013 16 1 1 0
17951425 38 0 1 1
17951887 294 0 1 0
17952631 16 1 1 1
17957563 2 1 4 0
17960236 2 1 4 1
17960903 8 1 3 0
17962315 294 0 1 1
17962777 38 0 1 0
17963521 8 1 3 1
17968453 0 1 4 0
17971071 0 1 4 1
17971793 16 1 1 0
17973205 38 0 1 1
17973667 294 0 1 0
17974411 16 1 1 1
17979343 2 1 4 0
17982016 2 1 4 1
17982683 8 1 3 0
17984095 294 0 1 1
17984557 38 0 1 0
17985301 8 1 3 1
17990233 0 1 4 0
17992851 0 1 4 1
17993573 16 1 1 0
17994985 38 0 1 1
17995447 294 0 1 0
17996191 16 1 1 1
18001123 2 1 4 0
18003796 2 1 4 1
18004463 8 1 3 0
18005875 294 0 1 1
18006337 38 0 1 0
18007081 8 1 3 1
18012013 0 1 4 0
18014631 0 1 4 1
18015353 16 1 1 0
18016765 38 0 1 1
18017227 294 0 1 0
18017971 16 1 1 1
18022903 2 1 4 0
18025576 2 1 4 1
18026243 8 1 3 0
18027655 294 0 1 1
18028117 38 0 1 0
18028861 8 1 3 1
18033793 0 1 4 0
18036411 0 1 4 1
18037133 16 1 1 0
18038545 38 0 1 1
18039007 294 0 1 0
18039751 16 1 1 1
18044683 2 1 4 0
18047356 2 1 4 1
18048023 8 1 3 0
18049435 294 0 1 1
18049897 38 0 1 0
18050641 8 1 3 1
18055573 0 1 4 0
18058191 0 1 4 1
18058913 16 1 1 0
18060325 38 0 1 1
18060787 294 0 1 0
18061531 16 1 1 1
18066463 2 1 4 0
18069136 2 1 4 1
18069803 8 1 3 0
18071215 294 0 1 1
18071677 38 0 1 0
18072421 8 1 3 1
18077353 0 1 4 0
18079971 0 1 4 1
18080693 16 1 1 0
18082105 38 0 1 1
18082567 294 0 1 0
18083311 16 1 1 1
18088243 2 1 4 0
18090916 2 1 4 1
18091583 8 1 3 0
18092995 294 0 1 1
18093457 38 0 1 0
18094201 8 1 3 1
18099133 0 1 4 0
18101751 0 1 4 1
18102473 16 1 1 0
18103885 38 0 1 1
18104347 294 0 1 0
18105091 16 1 1 1
18110023 2 1 4 0
18112696 2 1 4 1
18113363 8 1 3 0
18114775 294 0 1 1
18115237 38 0 1 0
18115981 8 1 3 1
18120913 0 1 4 0
18123531 0 1 4 1
18124253 16 1 1 0
18125665 38 0 1 1
18126127 294 0 1 0
18126871 16 1 1 1
18131803 2 1 4 0
18134476 2 1 4 1
18135143 8 1 3 0
18136555 294 0 1 1
18137017 38 0 1 0
18137761 8 1 3 1
18142693 0 1 4 0
18145311 0 1 4 1
18146033 16 1 1 0
18147445 38 0 1 1
18147907 294 0 1 0
18148651 16 1 1 1
18153583 2 1 4 0
18156256 2 1 4 1
18156923 8 1 3 0
18158335 294 0 1 1
18158797 38 0 1 0
18159541 8 1 3 1
18164473 0 1 4 0
18167091 0 1 4 1
18167813 16 1 1 0
18169225 38 0 1 1
18169687 294 0 1 0
18170431 16 1 1 1
18175363 2 1 4 0
18178036 2 1 4 1
18178703 8 1 3 0
18180115 294 0 1 1
18180577 38 0 1 0
18181321 8 1 3 1
18186253 0 1 4 0
18188871 0 1 4 1
18189593 16 1 1 0
18191005 38 0 1 1
18191467 294 0 1 0
18192211 16 1 1 1
18197143 2 1 4 0
18199816 2 1 4 1
18200483 8 1 3 0
18201895 294 0 1 1
18202357 38 0 1 0
18203101 8 1 3 1
18208033 0 1 4 0
18210651 0 1 4 1
18211373 16 1 1 0
18212785 38 0 1 1
18213247 294 0 1 0
18213991 16 1 1 1
18218923 2 1 4 0
18221596 2 1 4 1
18222263 8 1 3 0
18223675 294 0 1 1
18224137 38 0 1 0
18224881 8 1 3 1
18229813 0 1 4 0
18232431 0 1 4 1
18233153 16 1 1 0
18234565 38 0 1 1
18235027 294 0 1 0
18235771 16 1 1 1
18240703 2 1 4 0
18243376 2 1 4 1
18244043 8 1 3 0
18245455 294 0 1 1
18245917 38 0 1 0
18246661 8 1 3 1
18251593 0 1 4 0
18254211 0 1 4 1
18254933 16 1 1 0
18256345 38 0 1 1
18256807 294 0 1 0
18257551 16 1 1 1
18262483 2 1 4 0
18265156 2 1 4 1
18265823 8 1 3 0
18267235 294 0 1 1
18267697 38 0 1 0
18268441 8 1 3 1
18273373 0 1 4 0
18275991 0 1 4 1
18276713 16 1 1 0
18278125 38 0 1 1
18278587 294 0 1 0
18279331 16 1 1 1
18284263 2 1 4 0
18286936 2 1 4 1
18287603 8 1 3 0
18289015 294 0 1 1
18289477 38 0 1 0
18290221 8 1 3 1
18295153 0 1 4 0
18297771 0 1 4 1
18298493 16 1 1 0
18299905 38 0 1 1
18300367 294 0 1 0
18301111 16 1 1 1
18306043 2 1 4 0
18308716 2 1 4 1
18309383 8 1 3 0
18310795 294 0 1 1
18311257 38 0 1 0
18312001 8 1 3 1
18316933 0 1 4 0
18319551 0 1 4 1
18320273 16 1 1 0
18321685 38 0 1 1
18322147 294 0 1 0
18322891 16 1 1 1
18327823 2 1 4 0
18330496 2 1 4 1
18331163 8 1 3 0
18332575 294 0 1 1
18333037 38 0 1 0
18333781 8 1 3 1
18338713 0 1 4 0
18341331 0 1 4 1
18342053 16 1 1 0
18343465 38 0 1 1
18343927 294 0 1 0
18344671 16 1 1 1
18349603 2 1 4 0
18352276 2 1 4 1
18352943 8 1 3 0
18354355 294 0 1 1
18354817 38 0 1 0
18355561 8 1 3 1
18360493 0 1 4 0
18363111 0 1 4 1
18363833 16 1 1 0
18365245 38 0 1 1
18365707 294 0 1 0
18366451 16 1 1 1
18371383 2 1 4 0
18374056 2 1 4 1
18374723 8 1 3 0
18376135 294 0 1 1
18376597 38 0 1 0
18377341 8 1 3 1
18382273 0 1 4 0
18384891 0 1 4 1
18385613 16 1 1 0
18387025 38 0 1 1
18387487 294 0 1 0
18388231 16 1 1 1
18393163 2 1 4 0
18395836 2 1 4 1
18396503 8 1 3 0
18397915 294 0 1 1
18398377 38 0 1 0
18399121 8 1 3 1
18404053 0 1 4 0
18406671 0 1 4 1
18407393 16 1 1 0
18408805 38 0 1 1
18409267 294 0 1 0
18410011 16 1 1 1
18414943 2 1 4 0
18417616 2 1 4 1
18418283 8 1 3 0
18419695 294 0 1 1
18420157 38 0 1 0
18420901 8 1 3 1
18425833 0 1 4 0
18428451 0 1 4 1
18429173 16 1 1 0
18430585 38 0 1 1
18431047 294 0 1 0
18431791 16 1 1 1
18436723 2 1 4 0
18439396 2 1 4 1
18440063 8 1 3 0
18441475 294 0 1 1
18441937 38 0 1 0
18442681 8 1 3 1
18447613 0 1 4 0
18450231 0 1 4 1
18450953 16 1 1 0
18452365 38 0 1 1
18452827 294 0 1 0
18453571 16 1 1 1
18458503 2 1 4 0
18461176 2 1 4 1
18461843 8 1 3 0
18463255 294 0 1 1
18463717 38 0 1 0
18464461 8 1 3 1
18469393 0 1 4 0
18472011 0 1 4 1
18472733 16 1 1 0
18474145 38 0 1 1
18474607 294 0 1 0
18475351 16 1 1 1
18480283 2 1 4 0
18482956 2 1 4 1
18483623 8 1 3 0
18485035 294 0 1 1
18485497 38 0 1 0
18486241 8 1 3 1
18491173 0 1 4 0
18493791 0 1 4 1
18494513 16 1 1 0
18495925 38 0 1 1
18496387 294 0 1 0
18497131 16 1 1 1
18502063 2 1 4 0
18504736 2 1 4 1
18505403 8 1 3 0
18506815 294 0 1 1
18507277 38 0 1 0
18508021 8 1 3 1
18512953 0 1 4 0
18515571 0 1 4 1
18516293 16 1 1 0
18517705 38 0 1 1
18518167 294 0 1 0
18518911 16 1 1 1
18523843 2 1 4 0
18526516 2 1 4 1
18527183 8 1 3 0
18528595 294 0 1 1
18529057 38 0 1 0
18529801 8 1 3 1
18534733 0 1 4 0
18537351 0 1 4 1
18538073 16 1 1 0
18539485 38 0 1 1
18539947 294 0 1 0
18540691 16 1 1 1
18545623 2 1 4 0
18548296 2 1 4 1
18548963 8 1 3 0
18550375 294 0 1 1
18550837 38 0 1 0
18551581 8 1 3 1
18556513 0 1 4 0
18559131 0 1 4 1
18559853 16 1 1 0
18561265 38 0 1 1
18561727 294 0 1 0
18562471 16 1 1 1
18567403 2 1 4 0
18570076 2 1 4 1
18570743 8 1 3 0
18572155 294 0 1 1
18572617 38 0 1 0
18573361 8 1 3 1
18578293 0 1 4 0
18580911 0 1 4 1
18581633 16 1 1 0
18583045 38 0 1 1
18583507 294 0 1 0
18584251 16 1 1 1
18589183 2 1 4 0
18591856 2 1 4 1
18592523 8 1 3 0
18593935 294 0 1 1
18594397 38 0 1 0
18595141 8 1 3 1
18600073 0 1 4 0
18602691 0 1 4 1
18603413 16 1 1 0
18604825 38 0 1 1
18605287 294 0 1 0
18606031 16 1 1 1
18610963 2 1 4 0
18613636 2 1 4 1
18614303 8 1 3 0
18615715 294 0 1 1
18616177 38 0 1 0
18616921 8 1 3 1
18621853 0 1 4 0
18624471 0 1 4 1
18625193 16 1 1 0
18626605 38 0 1 1
18627067 294 0 1 0
18627811 16 1 1 1
18632743 2 1 4 0
18635416 2 1 4 1
18636083 8 1 3 0
18637495 294 0 1 1
18637957 38 0 1 0
18638701 8 1 3 1
18643633 0 1 4 0
18646251 0 1 4 1
18646973 16 1 1 0
18648385 38 0 1 1
18648847 294 0 1 0
18649591 16 1 1 1
18654523 2 1 4 0
18657196 2 1 4 1
18657863 8 1 3 0
18659275 294 0 1 1
18659737 38 0 1 0
18660481 8 1 3 1
18665413 0 1 4 0
18668031 0 1 4 1
18668753 16 1 1 0
18670165 38 0 1 1
18670627 294 0 1 0
18671371 16 1 1 1
18676303 2 1 4 0
18678976 2 1 4 1
18679643 8 1 3 0
18681055 294 0 1 1
18681517 38 0 1 0
18682261 8 1 3 1
18687193 0 1 4 0
18689811 0 1 4 1
18690533 16 1 1 0
18691945 38 0 1 1
18692407 294 0 1 0
18693151 16 1 1 1
18698083 2 1 4 0
18700756 2 1 4 1
18701423 8 1 3 0
18702835 294 0 1 1
18703297 38 0 1 0
18704041 8 1 3 1
18708973 0 1 4 0
18711591 0 1 4 1
18712313 16 1 1 0
18713725 38 0 1 1
18714187 294 0 1 0
18714931 16 1 1 1
18719863 2 1 4 0
18722536 2 1 4 1
18723203 8 1 3 0
18724615 294 0 1 1
18725077 38 0 1 0
18725821 8 1 3 1
18730753 0 1 4 0
18733371 0 1 4 1
18734093 16 1 1 0
18735505 38 0 1 1
18735967 294 0 1 0
18736711 16 1 1 1
18741643 2 1 4 0
18744316 2 1 4 1
18744983 8 1 3 0
18746395 294 0 1 1
18746857 38 0 1 0
18747601 8 1 3 1
18752533 0 1 4 0
18755151 0 1 4 1
18755873 16 1 1 0
18757285 38 0 1 1
18757747 294 0 1 0
18758491 16 1 1 1
18763423 2 1 4 0
18766096 2 1 4 1
18766763 8 1 3 0
18768175 294 0 1 1
18768637 38 0 1 0
18769381 8 1 3 1
18774313 0 1 4 0
18776931 0 1 4 1
18777653 16 1 1 0
18779065 38 0 1 1
18779527 294 0 1 0
18780271 16 1 1 1
18785203 2 1 4 0
18787876 2 1 4 1
18788543 8 1 3 0
18789955 294 0 1 1
18790417 38 0 1 0
18791161 8 1 3 1
18796093 0 1 4 0
18798711 0 1 4 1
18799433 16 1 1 0
18800845 38 0 1 1
18801307 294 0 1 0
18802051 16 1 1 1
18806983 2 1 4 0
18809656 2 1 4 1
18810323 8 1 3 0
18811735 294 0 1 1
18812197 38 0 1 0
18812941 8 1 3 1
18817873 0 1 4 0
18820491 0 1 4 1
18821213 16 1 1 0
18822625 38 0 1 1
18823087 294 0 1 0
18823831 16 1 1 1
18828763 2 1 4 0
18831436 2 1 4 1
18832103 8 1 3 0
18833515 294 0 1 1
18833977 38 0 1 0
18834721 8 1 3 1
18839653 0 1 4 0
18842271 0 1 4 1
18842993 16 1 1 0
18844405 38 0 1 1
18844867 294 0 1 0
18845611 16 1 1 1
18850543 2 1 4 0
18853216 2 1 4 1
18853883 8 1 3 0
18855295 294 0 1 1
18855757 38 0 1 0
18856501 8 1 3 1
18861433 0 1 4 0
18864051 0 1 4 1
18864773 16 1 1 0
18866185 38 0 1 1
18866647 294 0 1 0
18867391 16 1 1 1
18872323 2 1 4 0
18874996 2 1 4 1
18875663 8 1 3 0
18877075 294 0 1 1
18877537 38 0 1 0
18878281 8 1 3 1
18883213 0 1 4 0
18885831 0 1 4 1
18886553 16 1 1 0
18887965 38 0 1 1
18888427 294 0 1 0
18889171 16 1 1 1
18894103 2 1 4 0
18896776 2 1 4 1
18897443 8 1 3 0
18898855 294 0 1 1
18899317 38 0 1 0
18900061 8 1 3 1
18904993 0 1 4 0
18907611 0 1 4 1
18908333 16 1 1 0
18909745 38 0 1 1
18910207 294 0 1 0
18910951 16 1 1 1
18915883 2 1 4 0
18918556 2 1 4 1
18919223 8 1 3 0
18920635 294 0 1 1
18921097 38 0 1 0
18921841 8 1 3 1
18926773 0 1 4 0
18929391 0 1 4 1
18930113 16 1 1 0
18931525 38 0 1 1
18931987 294 0 1 0
18932731 16 1 1 1
18937663 2 1 4 0
18940336 2 1 4 1
18941003 8 1 3 0
18942415 294 0 1 1
18942877 38 0 1 0
18943621 8 1 3 1
18948553 0 1 4 0
18951171 0 1 4 1
18951893 16 1 1 0
18953305 38 0 1 1
18953767 294 0 1 0
18954511 16 1 1 1
18959443 2 1 4 0
18962116 2 1 4 1
18962783 8 1 3 0
18964195 294 0 1 1
18964657 38 0 1 0
18965401 8 1 3 1
18970333 0 1 4 0
18972951 0 1 4 1
18973673 16 1 1 0
18975085 38 0 1 1
18975547 294 0 1 0
18976291 16 1 1 1
18981223 2 1 4 0
18983896 2 1 4 1
18984563 8 1 3 0
18985975 294 0 1 1
18986437 38 0 1 0
18987181 8 1 3 1
18992113 0 1 4 0
18994731 0 1 4 1
18995453 16 1 1 0
18996865 38 0 1 1
18997327 294 0 1 0
18998071 16 1 1 1
19003003 2 1 4 0
19005676 2 1 4 1
19006343 8 1 3 0
19007755 294 0 1 1
19008217 38 0 1 0
19008961 8 1 3 1
19013893 0 1 4 0
19016511 0 1 4 1
19017233 16 1 1 0
19018645 38 0 1 1
19019107 294 0 1 0
19019851 16 1 1 1
19024783 2 1 4 0
19027456 2 1 4 1
19028123 8 1 3 0
19029535 294 0 1 1
19029997 38 0 1 0
19030741 8 1 3 1
19035673 0 1 4 0
19038291 0 1 4 1
19039013 16 1 1 0
19040425 38 0 1 1
19040887 294 0 1 0
19041631 16 1 1 1
19046563 2 1 4 0
19049236 2 1 4 1
19049903 8 1 3 0
19051315 294 0 1 1
19051777 38 0 1 0
19052521 8 1 3 1
19057453 0 1 4 0
19060071 0 1 4 1
19060793 16 1 1 0
19062205 38 0 1 1
19062667 294 0 1 0
19063411 16 1 1 1
19068343 2 1 4 0
19071016 2 1 4 1
19071683 8 1 3 0
19073095 294 0 1 1
19073557 38 0 1 0
19074301 8 1 3 1
19079233 0 1 4 0
19081851 0 1 4 1
19082573 16 1 1 0
19083985 38 0 1 1
19084447 294 0 1 0
19085191 16 1 1 1
19090123 2 1 4 0
19092796 2 1 4 1
19093463 8 1 3 0
19094875 294 0 1 1
19095337 38 0 1 0
19096081 8 1 3 1
19101013 0 1 4 0
19103631 0 1 4 1
19104353 16 1 1 0
19105765 38 0 1 1
19106227 294 0 1 0
19106971 16 1 1 1
19111903 2 1 4 0
19114576 2 1 4 1
19115243 8 1 3 0
19116655 294 0 1 1
19117117 38 0 1 0
19117861 8 1 3 1
19122793 0 1 4 0
19125411 0 1 4 1
19126133 16 1 1 0
19127545 38 0 1 1
19128007 294 0 1 0
19128751 16 1 1 1
19133683 2 1 4 0
19136356 2 1 4 1
19137023 8 1 3 0
19138435 294 0 1 1
19138897 38 0 1 0
19139641 8 1 3 1
19144573 0 1 4 0
19147191 0 1 4 1
19147913 16 1 1 0
19149325 38 0 1 1
19149787 294 0 1 0
19150531 16 1 1 1
19155463 2 1 4 0
19158136 2 1 4 1
19158803 8 1 3 0
19160215 294 0 1 1
19160677 38 0 1 0
19161421 8 1 3 1
19166353 0 1 4 0
19168971 0 1 4 1
19169693 16 1 1 0
19171105 38 0 1 1
19171567 294 0 1 0
19172311 16 1 1 1
19177243 2 1 4 0
19179916 2 1 4 1
19180583 8 1 3 0
19181995 294 0 1 1
19182457 38 0 1 0
19183201 8 1 3 1
19188133 0 1 4 0
19190751 0 1 4 1
19191473 16 1 1 0
19192885 38 0 1 1
19193347 294 0 1 0
19194091 16 1 1 1
19199023 2 1 4 0
19201696 2 1 4 1
19202363 8 1 3 0
19203775 294 0 1 1
19204237 38 0 1 0
19204981 8 1 3 1
19209913 0 1 4 0
19212531 0 1 4 1
19213253 16 1 1 0
19214665 38 0 1 1
19215127 294 0 1 0
19215871 16 1 1 1
19220803 2 1 4 0
19223476 2 1 4 1
19224143 8 1 3 0
19225555 294 0 1 1
19226017 38 0 1 0
19226761 8 1 3 1
19231693 0 1 4 0
19234311 0 1 4 1
19235033 16 1 1 0
19236445 38 0 1 1
19236907 294 0 1 0
19237651 16 1 1 1
19242583 2 1 4 0
19245256 2 1 4 1
19245923 8 1 3 0
19247335 294 0 1 1
19247797 38 0 1 0
19248541 8 1 3 1
19253473 0 1 4 0
19256091 0 1 4 1
19256813 16 1 1 0
19258225 38 0 1 1
19258687 294 0 1 0
19259431 16 1 1 1
19264363 2 1 4 0
19267036 2 1 4 1
19267703 8 1 3 0
19269115 294 0 1 1
19269577 38 0 1 0
19270321 8 1 3 1
19275253 0 1 4 0
19277871 0 1 4 1
19278593 16 1 1 0
19280005 38 0 1 1
19280467 294 0 1 0
19281211 16 1 1 1
19286143 2 1 4 0
19288816 2 1 4 1
19289483 8 1 3 0
19290895 294 0 1 1
19291357 38 0 1 0
19292101 8 1 3 1
19297033 0 1 4 0
19299651 0 1 4 1
19300373 16 1 1 0
19301785 38 0 1 1
19302247 294 0 1 0
19302991 16 1 1 1
19307923 2 1 4 0
19310596 2 1 4 1
19311263 8 1 3 0
19312675 294 0 1 1
19313137 38 0 1 0
19313881 8 1 3 1
19318813 0 1 4 0
19321431 0 1 4 1
19322153 16 1 1 0
19323565 38 0 1 1
19324027 294 0 1 0
19324771 16 1 1 1
19329703 2 1 4 0
19332376 2 1 4 1
19333043 8 1 3 0
19334455 294 0 1 1
19334917 38 0 1 0
19335661 8 1 3 1
19340593 0 1 4 0
19343211 0 1 4 1
19343933 16 1 1 0
19345345 38 0 1 1
19345807 294 0 1 0
19346551 16 1 1 1
19351483 2 1 4 0
19354156 2 1 4 1
19354823 8 1 3 0
19356235 294 0 1 1
19356697 38 0 1 0
19357441 8 1 3 1
19362373 0 1 4 0
19364991 0 1 4 1
19365713 16 1 1 0
19367125 38 0 1 1
19367587 294 0 1 0
19368331 16 1 1 1
19373263 2 1 4 0
19375936 2 1 4 1
19376603 8 1 3 0
19378015 294 0 1 1
19378477 38 0 1 0
19379221 8 1 3 1
19384153 0 1 4 0
19386771 0 1 4 1
19387493 16 1 1 0
19388905 38 0 1 1
19389367 294 0 1 0
19390111 16 1 1 1
19395043 2 1 4 0
19397716 2 1 4 1
19398383 8 1 3 0
19399795 294 0 1 1
19400257 38 0 1 0
19401001 8 1 3 1
19405933 0 1 4 0
19408551 0 1 4 1
19409273 16 1 1 0
19410685 38 0 1 1
19411147 294 0 1 0
19411891 16 1 1 1
19416823 2 1 4 0
19419496 2 1 4 1
19420163 8 1 3 0
19421575 294 0 1 1
19422037 38 0 1 0
19422781 8 1 3 1
19427713 0 1 4 0
19430331 0 1 4 1
19431053 16 1 1 0
19432465 38 0 1 1
19432927 294 0 1 0
19433671 16 1 1 1
19438603 2 1 4 0
19441276 2 1 4 1
19441943 8 1 3 0
19443355 294 0 1 1
19443817 38 0 1 0
19444561 8 1 3 1
19449493 0 1 4 0
19452111 0 1 4 1
19452833 16 1 1 0
19454245 38 0 1 1
19454707 294 0 1 0
19455451 16 1 1 1
19460383 2 1 4 0
19463056 2 1 4 1
19463723 8 1 3 0
19465135 294 0 1 1
19465597 38 0 1 0
19466341 8 1 3 1
19471273 0 1 4 0
19473891 0 1 4 1
19474613 16 1 1 0
19476025 38 0 1 1
19476487 294 0 1 0
19477231 16 1 1 1
19482163 2 1 4 0
19484836 2 1 4 1
19485503 8 1 3 0
19486915 294 0 1 1
19487377 38 0 1 0
19488121 8 1 3 1
19493053 0 1 4 0
19495671 0 1 4 1
19496393 16 1 1 0
19497805 38 0 1 1
19498267 294 0 1 0
19499011 16 1 1 1
19503943 2 1 4 0
19506616 2 1 4 1
19507283 8 1 3 0
19508695 294 0 1 1
19509157 38 0 1 0
19509901 8 1 3 1
19514833 0 1 4 0
19517451 0 1 4 1
19518173 16 1 1 0
19519585 38 0 1 1
19520047 294 0 1 0
19520791 16 1 1 1
19525723 2 1 4 0
19528396 2 1 4 1
19529063 8 1 3 0
19530475 294 0 1 1
19530937 38 0 1 0
19531681 8 1 3 1
19536613 0 1 4 0
19539231 0 1 4 1
19539953 16 1 1 0
19541365 38 0 1 1
19541827 294 0 1 0
19542571 16 1 1 1
19547503 2 1 4 0
19550176 2 1 4 1
19550843 8 1 3 0
19552255 294 0 1 1
19552717 38 0 1 0
19553461 8 1 3 1
19558393 0 1 4 0
19561011 0 1 4 1
19561733 16 1 1 0
19563145 38 0 1 1
19563607 294 0 1 0
19564351 16 1 1 1
19569283 2 1 4 0
19571956 2 1 4 1
19572623 8 1 3 0
19574035 294 0 1 1
19574497 38 0 1 0
19575241 8 1 3 1
19580173 0 1 4 0
19582791 0 1 4 1
19583513 16 1 1 0
19584925 38 0 1 1
19585387 294 0 1 0
19586131 16 1 1 1
19591063 2 1 4 0
19593736 2 1 4 1
19594403 8 1 3 0
19595815 294 0 1 1
19596277 38 0 1 0
19597021 8 1 3 1
19601953 0 1 4 0
19604571 0 1 4 1
19605293 16 1 1 0
19606705 38 0 1 1
19607167 294 0 1 0
19607911 16 1 1 1
19612843 2 1 4 0
19615516 2 1 4 1
19616183 8 1 3 0
19617595 294 0 1 1
19618057 38 0 1 0
19618801 8 1 3 1
19623733 0 1 4 0
19626351 0 1 4 1
19627073 16 1 1 0
19628485 38 0 1 1
19628947 294 0 1 0
19629691 16 1 1 1
19634623 2 1 4 0
19637296 2 1 4 1
19637963 8 1 3 0
19639375 294 0 1 1
19639837 38 0 1 0
19640581 8 1 3 1
19645513 0 1 4 0
19648131 0 1 4 1
19648853 16 1 1 0
19650265 38 0 1 1
19650727 294 0 1 0
19651471 16 1 1 1
19656403 2 1 4 0
19659076 2 1 4 1
19659743 8 1 3 0
19661155 294 0 1 1
19661617 38 0 1 0
19662361 8 1 3 1
19667293 0 1 4 0
19669911 0 1 4 1
19670633 16 1 1 0
19672045 38 0 1 1
19672507 294 0 1 0
19673251 16 1 1 1
19678183 2 1 4 0
19680856 2 1 4 1
19681523 8 1 3 0
19682935 294 0 1 1
19683397 38 0 1 0
19684141 8 1 3 1
19689073 0 1 4 0
19691691 0 1 4 1
19692413 16 1 1 0
19693825 38 0 1 1
19694287 294 0 1 0
19695031 16 1 1 1
19699963 2 1 4 0
19702636 2 1 4 1
19703303 8 1 3 0
19704715 294 0 1 1
19705177 38 0 1 0
19705921 8 1 3 1
19710853 0 1 4 0
19713471 0 1 4 1
19714193 16 1 1 0
19715605 38 0 1 1
19716067 294 0 1 0
19716811 16 1 1 1
19721743 2 1 4 0
19724416 2 1 4 1
19725083 8 1 3 0
19726495 294 0 1 1
19726957 38 0 1 0
19727701 8 1 3 1
19732633 0 1 4 0
19735251 0 1 4 1
19735973 16 1 1 0
19737385 38 0 1 1
19737847 294 0 1 0
19738591 16 1 1 1
19743523 2 1 4 0
19746196 2 1 4 1
19746863 8 1 3 0
19748275 294 0 1 1
19748737 38 0 1 0
19749481 8 1 3 1
19754413 0 1 4 0
19757031 0 1 4 1
19757753 16 1 1 0
19759165 38 0 1 1
19759627 294 0 1 0
19760371 16 1 1 1
19765303 2 1 4 0
19767976 2 1 4 1
19768643 8 1 3 0
19770055 294 0 1 1
19770517 38 0 1 0
19771261 8 1 3 1
19776193 0 1 4 0
19778811 0 1 4 1
19779533 16 1 1 0
19780945 38 0 1 1
19781407 294 0 1 0
19782151 16 1 1 1
19787083 2 1 4 0
19789756 2 1 4 1
19790423 8 1 3 0
19791835 294 0 1 1
19792297 38 0 1 0
19793041 8 1 3 1
19797973 0 1 4 0
19800591 0 1 4 1
19801313 16 1 1 0
19802725 38 0 1 1
19803187 294 0 1 0
19803931 16 1 1 1
19808863 2 1 4 0
19811536 2 1 4 1
19812203 8 1 3 0
19813615 294 0 1 1
19814077 38 0 1 0
19814821 8 1 3 1
19819753 0 1 4 0
19822371 0 1 4 1
19823093 16 1 1 0
19824505 38 0 1 1
19824967 294 0 1 0
19825711 16 1 1 1
19830643 2 1 4 0
19833316 2 1 4 1
19833983 8 1 3 0
19835395 294 0 1 1
19835857 38 0 1 0
19836601 8 1 3 1
19841533 0 1 4 0
19844151 0 1 4 1
19844873 16 1 1 0
19846285 38 0 1 1
19846747 294 0 1 0
19847491 16 1 1 1
19852423 2 1 4 0
19855096 2 1 4 1
19855763 8 1 3 0
19857175 294 0 1 1
19857637 38 0 1 0
19858381 8 1 3 1
19863313 0 1 4 0
19865931 0 1 4 1
19866653 16 1 1 0
19868065 38 0 1 1
19868527 294 0 1 0
19869271 16 1 1 1
19874203 2 1 4 0
19876876 2 1 4 1
19877543 8 1 3 0
19878955 294 0 1 1
19879417 38 0 1 0
19880161 8 1 3 1
19885093 0 1 4 0
19887711 0 1 4 1
19888433 16 1 1 0
19889845 38 0 1 1
19890307 294 0 1 0
19891051 16 1 1 1
19895983 2 1 4 0
19898656 2 1 4 1
19899323 8 1 3 0
19900735 294 0 1 1
19901197 38 0 1 0
19901941 8 1 3 1
19906873 0 1 4 0
19909491 0 1 4 1
19910213 16 1 1 0
19911625 38 0 1 1
19912087 294 0 1 0
19912831 16 1 1 1
19917763 2 1 4 0
19920436 2 1 4 1
19921103 8 1 3 0
19922515 294 0 1 1
19922977 38 0 1 0
19923721 8 1 3 1
19928653 0 1 4 0
19931271 0 1 4 1
19931993 16 1 1 0
19933405 38 0 1 1
19933867 294 0 1 0
19934611 16 1 1 1
19939543 2 1 4 0
19942216 2 1 4 1
19942883 8 1 3 0
19944295 294 0 1 1
19944757 38 0 1 0
19945501 8 1 3 1
19950433 0 1 4 0
19953051 0 1 4 1
19953773 16 1 1 0
19955185 38 0 1 1
19955647 294 0 1 0
19956391 16 1 1 1
19961323 2 1 4 0
19963996 2 1 4 1
19964663 8 1 3 0
19966075 294 0 1 1
19966537 38 0 1 0
19967281 8 1 3 1
19972213 0 1 4 0
19974831 0 1 4 1
19975553 16 1 1 0
19976965 38 0 1 1
19977427 294 0 1 0
19978171 16 1 1 1
19983103 2 1 4 0
19985776 2 1 4 1
19986443 8 1 3 0
19987855 294 0 1 1
19988317 38 0 1 0
19989061 8 1 3 1
19993993 0 1 4 0
19996611 0 1 4 1
19997333 16 1 1 0
19998745 38 0 1 1
19999207 294 0 1 0
19999951 16 1 1 1
20004883 2 1 4 0
20007556 2 1 4 1
20008223 8 1 3 0
20009635 294 0 1 1
20010097 38 0 1 0
20010841 8 1 3 1
20015773 0 1 4 0
20018391 0 1 4 1
20019113 16 1 1 0
20020525 38 0 1 1
20020987 294 0 1 0
20021731 16 1 1 1
20026663 2 1 4 0
20029336 2 1 4 1
20030003 8 1 3 0
20031415 294 0 1 1
20031877 38 0 1 0
20032621 8 1 3 1
20037553 0 1 4 0
20040171 0 1 4 1
20040893 16 1 1 0
20042305 38 0 1 1
20042767 294 0 1 0
20043511 16 1 1 1
20048443 2 1 4 0
20051116 2 1 4 1
20051783 8 1 3 0
20053195 294 0 1 1
20053657 38 0 1 0
20054401 8 1 3 1
20059333 0 1 4 0
20061951 0 1 4 1
20062673 16 1 1 0
20064085 38 0 1 1
20064547 294 0 1 0
20065291 16 1 1 1
20070223 2 1 4 0
20072896 2 1 4 1
20073563 8 1 3 0
20074975 294 0 1 1
20075437 38 0 1 0
20076181 8 1 3 1
20081113 0 1 4 0
20083731 0 1 4 1
20084453 16 1 1 0
20085865 38 0 1 1
20086327 294 0 1 0
20087071 16 1 1 1
20092003 2 1 4 0
20094676 2 1 4 1
20095343 8 1 3 0
20096755 294 0 1 1
20097217 38 0 1 0
20097961 8 1 3 1
20102893 0 1 4 0
20105511 0 1 4 1
20106233 16 1 1 0
20107645 38 0 1 1
20108107 294 0 1 0
20108851 16 1 1 1
20113783 2 1 4 0
20116456 2 1 4 1
20117123 8 1 3 0
20118535 294 0 1 1
20118997 38 0 1 0
20119741 8 1 3 1
20124673 0 1 4 0
20127291 0 1 4 1
20128013 16 1 1 0
20129425 38 0 1 1
20129887 294 0 1 0
20130631 16 1 1 1
20135563 2 1 4 0
20138236 2 1 4 1
20138903 8 1 3 0
20140315 294 0 1 1
20140777 38 0 1 0
20141521 8 1 3 1
20146453 0 1 4 0
20149071 0 1 4 1
20149793 16 1 1 0
20151205 38 0 1 1
20151667 294 0 1 0
20152411 16 1 1 1
20157343 2 1 4 0
20160016 2 1 4 1
20160683 8 1 3 0
20162095 294 0 1 1
20162557 38 0 1 0
20163301 8 1 3 1
20168233 0 1 4 0
20170851 0 1 4 1
20171573 16 1 1 0
20172985 38 0 1 1
20173447 294 0 1 0
20174191 16 1 1 1
20179123 2 1 4 0
20181796 2 1 4 1
20182463 8 1 3 0
20183875 294 0 1 1
20184337 38 0 1 0
20185081 8 1 3 1
20190013 0 1 4 0
20192631 0 1 4 1
20193353 16 1 1 0
20194765 38 0 1 1
20195227 294 0 1 0
20195971 16 1 1 1
20200903 2 1 4 0
20203576 2 1 4 1
20204243 8 1 3 0
20205655 294 0 1 1
20206117 38 0 1 0
20206861 8 1 3 1
20211793 0 1 4 0
20214411 0 1 4 1
20215133 16 1 1 0
20216545 38 0 1 1
20217007 294 0 1 0
20217751 16 1 1 1
20222683 2 1 4 0
20225356 2 1 4 1
20226023 8 1 3 0
20227435 294 0 1 1
20227897 38 0 1 0
20228641 8 1 3 1
20233573 0 1 4 0
20236191 0 1 4 1
20236913 16 1 1 0
20238325 38 0 1 1
20238787 294 0 1 0
20239531 16 1 1 1
20244463 2 1 4 0
20247136 2 1 4 1
20247803 8 1 3 0
20249215 294 0 1 1
20249677 38 0 1 0
20250421 8 1 3 1
20255353 0 1 4 0
20257971 0 1 4 1
20258693 16 1 1 0
20260105 38 0 1 1
20260567 294 0 1 0
20261311 16 1 1 1
20266243 2 1 4 0
20268916 2 1 4 1
20269583 8 1 3 0
20270995 294 0 1 1
20271457 38 0 1 0
20272201 8 1 3 1
20277133 0 1 4 0
20279751 0 1 4 1
20280473 16 1 1 0
20281885 38 0 1 1
20282347 294 0 1 0
20283091 16 1 1 1
20288023 2 1 4 0
20290696 2 1 4 1
20291363 8 1 3 0
20292775 294 0 1 1
20293237 38 0 1 0
20293981 8 1 3 1
20298913 0 1 4 0
20301531 0 1 4 1
20302253 16 1 1 0
20303665 38 0 1 1
20304127 294 0 1 0
20304871 16 1 1 1
20309803 2 1 4 0
20312476 2 1 4 1
20313143 8 1 3 0
20314555 294 0 1 1
20315017 38 0 1 0
20315761 8 1 3 1
20320693 0 1 4 0
20323311 0 1 4 1
20324033 16 1 1 0
20325445 38 0 1 1
20325907 294 0 1 0
20326651 16 1 1 1
20331583 2 1 4 0
20334256 2 1 4 1
20334923 8 1 3 0
20336335 294 0 1 1
20336797 38 0 1 0
20337541 8 1 3 1
20342473 0 1 4 0
20345091 0 1 4 1
20345813 16 1 1 0
20347225 38 0 1 1
20347687 294 0 1 0
20348431 16 1 1 1
20353363 2 1 4 0
20356036 2 1 4 1
20356703 8 1 3 0
20358115 294 0 1 1
20358577 38 0 1 0
20359321 8 1 3 1
20364253 0 1 4 0
20366871 0 1 4 1
20367593 16 1 1 0
20369005 38 0 1 1
20369467 294 0 1 0
20370211 16 1 1 1
20375143 2 1 4 0
20377816 2 1 4 1
20378483 8 1 3 0
20379895 294 0 1 1
20380357 38 0 1 0
20381101 8 1 3 1
20386033 0 1 4 0
20388651 0 1 4 1
20389373 16 1 1 0
20390785 38 0 1 1
20391247 294 0 1 0
20391991 16 1 1 1
20396923 2 1 4 0
20399596 2 1 4 1
20400263 8 1 3 0
20401675 294 0 1 1
20402137 38 0 1 0
20402881 8 1 3 1
20407813 0 1 4 0
20410431 0 1 4 1
20411153 16 1 1 0
20412565 38 0 1 1
20413027 294 0 1 0
20413771 16 1 1 1
20418703 2 1 4 0
20421376 2 1 4 1
20422043 8 1 3 0
20423455 294 0 1 1
20423917 38 0 1 0
20424661 8 1 3 1
20429593 0 1 4 0
20432211 0 1 4 1
20432933 16 1 1 0
20434345 38 0 1 1
20434807 294 0 1 0
20435551 16 1 1 1
20440483 2 1 4 0
20443156 2 1 4 1
20443823 8 1 3 0
20445235 294 0 1 1
20445697 38 0 1 0
20446441 8 1 3 1
20451373 0 1 4 0
20453991 0 1 4 1
20454713 16 1 1 0
20456125 38 0 1 1
20456587 294 0 1 0
20457331 16 1 1 1
20462263 2 1 4 0
20464936 2 1 4 1
20465603 8 1 3 0
20467015 294 0 1 1
20467477 38 0 1 0
20468221 8 1 3 1
20473153 0 1 4 0
20475771 0 1 4 1
20476493 16 1 1 0
20477905 38 0 1 1
20478367 294 0 1 0
20479111 16 1 1 1
20484043 2 1 4 0
20486716 2 1 4 1
20487383 8 1 3 0
20488795 294 0 1 1
20489257 38 0 1 0
20490001 8 1 3 1
20494933 0 1 4 0
20497551 0 1 4 1
20498273 16 1 1 0
20499685 38 0 1 1
20500147 294 0 1 0
20500891 16 1 1 1
20505823 2 1 4 0
20508496 2 1 4 1
20509163 8 1 3 0
20510575 294 0 1 1
20511037 38 0 1 0
20511781 8 1 3 1
20516713 0 1 4 0
20519331 0 1 4 1
20520053 16 1 1 0
20521465 38 0 1 1
20521927 294 0 1 0
20522671 16 1 1 1
20527603 2 1 4 0
20530276 2 1 4 1
20530943 8 1 3 0
20532355 294 0 1 1
20532817 38 0 1 0
20533561 8 1 3 1
20538493 0 1 4 0
20541111 0 1 4 1
20541833 16 1 1 0
20543245 38 0 1 1
20543707 294 0 1 0
20544451 16 1 1 1
20549383 2 1 4 0
20552056 2 1 4 1
20552723 8 1 3 0
20554135 294 0 1 1
20554597 38 0 1 0
20555341 8 1 3 1
20560273 0 1 4 0
20562891 0 1 4 1
20563613 16 1 1 0
20565025 38 0 1 1
20565487 294 0 1 0
20566231 16 1 1 1
20571163 2 1 4 0
20573836 2 1 4 1
20574503 8 1 3 0
20575915 294 0 1 1
20576377 38 0 1 0
20577121 8 1 3 1
20582053 0 1 4 0
20584671 0 1 4 1
20585393 16 1 1 0
20586805 38 0 1 1
20587267 294 0 1 0
20588011 16 1 1 1
20592943 2 1 4 0
20595616 2 1 4 1
20596283 8 1 3 0
20597695 294 0 1 1
20598157 38 0 1 0
20598901 8 1 3 1
20603833 0 1 4 0
20606451 0 1 4 1
20607173 16 1 1 0
20608585 38 0 1 1
20609047 294 0 1 0
20609791 16 1 1 1
20614723 2 1 4 0
20617396 2 1 4 1
20618063 8 1 3 0
20619475 294 0 1 1
20619937 38 0 1 0
20620681 8 1 3 1
20625613 0 1 4 0
20628231 0 1 4 1
20628953 16 1 1 0
20630365 38 0 1 1
20630827 294 0 1 0
20631571 16 1 1 1
20636503 2 1 4 0
20639176 2 1 4 1
20639843 8 1 3 0
20641255 294 0 1 1
20641717 38 0 1 0
20642461 8 1 3 1
20647393 0 1 4 0
20650011 0 1 4 1
20650733 16 1 1 0
20652145 38 0 1 1
20652607 294 0 1 0
20653351 16 1 1 1
20658283 2 1 4 0
20660956 2 1 4 1
20661623 8 1 3 0
20663035 294 0 1 1
20663497 38 0 1 0
20664241 8 1 3 1
20669173 0 1 4 0
20671791 0 1 4 1
20672513 16 1 1 0
20673925 38 0 1 1
20674387 294 0 1 0
20675131 16 1 1 1
20680063 2 1 4 0
20682736 2 1 4 1
20683403 8 1 3 0
20684815 294 0 1 1
20685277 38 0 1 0
20686021 8 1 3 1
20690953 0 1 4 0
20693571 0 1 4 1
20694293 16 1 1 0
20695705 38 0 1 1
20696167 294 0 1 0
20696911 16 1 1 1
20701843 2 1 4 0
20704516 2 1 4 1
20705183 8 1 3 0
20706595 294 0 1 1
20707057 38 0 1 0
20707801 8 1 3 1
20712733 0 1 4 0
20715351 0 1 4 1
20716073 16 1 1 0
20717485 38 0 1 1
20717947 294 0 1 0
20718691 16 1 1 1
20723623 2 1 4 0
20726296 2 1 4 1
20726963 8 1 3 0
20728375 294 0 1 1
20728837 38 0 1 0
20729581 8 1 3 1
20734513 0 1 4 0
20737131 0 1 4 1
20737853 16 1 1 0
20739265 38 0 1 1
20739727 294 0 1 0
20740471 16 1 1 1
20745403 2 1 4 0
20748076 2 1 4 1
20748743 8 1 3 0
20750155 294 0 1 1
20750617 38 0 1 0
20751361 8 1 3 1
20756293 0 1 4 0
20758911 0 1 4 1
20759633 16 1 1 0
20761045 38 0 1 1
20761507 294 0 1 0
20762251 16 1 1 1
20767183 2 1 4 0
20769856 2 1 4 1
20770523 8 1 3 0
20771935 294 0 1 1
20772397 38 0 1 0
20773141 8 1 3 1
20778073 0 1 4 0
20780691 0 1 4 1
20781413 16 1 1 0
20782825 38 0 1 1
20783287 294 0 1 0
20784031 16 1 1 1
20788963 2 1 4 0
20791636 2 1 4 1
20792303 8 1 3 0
20793715 294 0 1 1
20794177 38 0 1 0
20794921 8 1 3 1
20799853 0 1 4 0
20802471 0 1 4 1
20803193 16 1 1 0
20804605 38 0 1 1
20805067 294 0 1 0
20805811 16 1 1 1
20810743 2 1 4 0
20813416 2 1 4 1
20814083 8 1 3 0
20815495 294 0 1 1
20815957 38 0 1 0
20816701 8 1 3 1
20821633 0 1 4 0
20824251 0 1 4 1
20824973 16 1 1 0
20826385 38 0 1 1
20826847 294 0 1 0
20827591 16 1 1 1
20832523 2 1 4 0
20835196 2 1 4 1
20835863 8 1 3 0
20837275 294 0 1 1
20837737 38 0 1 0
20838481 8 1 3 1
20843413 0 1 4 0
20846031 0 1 4 1
20846753 16 1 1 0
20848165 38 0 1 1
20848627 294 0 1 0
20849371 16 1 1 1
20854303 2 1 4 0
20856976 2 1 4 1
20857643 8 1 3 0
20859055 294 0 1 1
20859517 38 0 1 0
20860261 8 1 3 1
20865193 0 1 4 0
20867811 0 1 4 1
20868533 16 1 1 0
20869945 38 0 1 1
20870407 294 0 1 0
20871151 16 1 1 1
20876083 2 1 4 0
20878756 2 1 4 1
20879423 8 1 3 0
20880835 294 0 1 1
20881297 38 0 1 0
20882041 8 1 3 1
20886973 0 1 4 0
20889591 0 1 4 1
20890313 16 1 1 0
20891725 38 0 1 1
20892187 294 0 1 0
20892931 16 1 1 1
20897863 2 1 4 0
20900536 2 1 4 1
20901203 8 1 3 0
20902615 294 0 1 1
20903077 38 0 1 0
20903821 8 1 3 1
20908753 0 1 4 0
20911371 0 1 4 1
20912093 16 1 1 0
20913505 38 0 1 1
20913967 294 0 1 0
20914711 16 1 1 1
20919643 2 1 4 0
20922316 2 1 4 1
20922983 8 1 3 0
20924395 294 0 1 1
20924857 38 0 1 0
20925601 8 1 3 1
20930533 0 1 4 0
20933151 0 1 4 1
20933873 16 1 1 0
20935285 38 0 1 1
20935747 294 0 1 0
20936491 16 1 1 1
20941423 2 1 4 0
20944096 2 1 4 1
20944763 8 1 3 0
20946175 294 0 1 1
20946637 38 0 1 0
20947381 8 1 3 1
20952313 0 1 4 0
20954931 0 1 4 1
20955653 16 1 1 0
20957065 38 0 1 1
20957527 294 0 1 0
20958271 16 1 1 1
20963203 2 1 4 0
20965876 2 1 4 1
20966543 8 1 3 0
20967955 294 0 1 1
20968417 38 0 1 0
20969161 8 1 3 1
20974093 0 1 4 0
20976711 0 1 4 1
20977433 16 1 1 0
20978845 38 0 1 1
20979307 294 0 1 0
20980051 16 1 1 1
20984983 2 1 4 0
20987656 2 1 4 1
20988323 8 1 3 0
20989735 294 0 1 1
20990197 38 0 1 0
20990941 8 1 3 1
20995873 0 1 4 0
20998491 0 1 4 1
20999213 16 1 1 0
21000625 38 0 1 1
21001087 294 0 1 0
21001831 16 1 1 1
21006763 2 1 4 0
21009436 2 1 4 1
21010103 8 1 3 0
21011515 294 0 1 1
21011977 38 0 1 0
21012721 8 1 3 1
21017653 0 1 4 0
21020271 0 1 4 1
21020993 16 1 1 0
21022405 38 0 1 1
21022867 294 0 1 0
21023611 16 1 1 1
21028543 2 1 4 0
21031216 2 1 4 1
21031883 8 1 3 0
21033295 294 0 1 1
21033757 38 0 1 0
21034501 8 1 3 1
21039433 0 1 4 0
21042051 0 1 4 1
21042773 16 1 1 0
21044185 38 0 1 1
21044647 294 0 1 0
21045391 16 1 1 1
21050323 2 1 4 0
21052996 2 1 4 1
21053663 8 1 3 0
21055075 294 0 1 1
21055537 38 0 1 0
21056281 8 1 3 1
21061213 0 1 4 0
21063831 0 1 4 1
21064553 16 1 1 0
21065965 38 0 1 1
21066427 294 0 1 0
21067171 16 1 1 1
21072103 2 1 4 0
21074776 2 1 4 1
21075443 8 1 3 0
21076855 294 0 1 1
21077317 38 0 1 0
21078061 8 1 3 1
21082993 0 1 4 0
21085611 0 1 4 1
21086333 16 1 1 0
21087745 38 0 1 1
21088207 294 0 1 0
21088951 16 1 1 1
21093883 2 1 4 0
21096556 2 1 4 1
21097223 8 1 3 0
21098635 294 0 1 1
21099097 38 0 1 0
21099841 8 1 3 1
21104773 0 1 4 0
21107391 0 1 4 1
21108113 16 1 1 0
21109525 38 0 1 1
21109987 294 0 1 0
21110731 16 1 1 1
21115663 2 1 4 0
21118336 2 1 4 1
21119003 8 1 3 0
21120415 294 0 1 1
21120877 38 0 1 0
21121621 8 1 3 1
21126553 0 1 4 0
21129171 0 1 4 1
21129893 16 1 1 0
21131305 38 0 1 1
21131767 294 0 1 0
21132511 16 1 1 1
21137443 2 1 4 0
21140116 2 1 4 1
21140783 8 1 3 0
21142195 294 0 1 1
21142657 38 0 1 0
21143401 8 1 3 1
21148333 0 1 4 0
21150951 0 1 4 1
21151673 16 1 1 0
21153085 38 0 1 1
21153547 294 0 1 0
21154291 16 1 1 1
21159223 2 1 4 0
21161896 2 1 4 1
21162563 8 1 3 0
21163975 294 0 1 1
21164437 38 0 1 0
21165181 8 1 3 1
21170113 0 1 4 0
21172731 0 1 4 1
21173453 16 1 1 0
21174865 38 0 1 1
21175327 294 0 1 0
21176071 16 1 1 1
21181003 2 1 4 0
21183676 2 1 4 1
21184343 8 1 3 0
21185755 294 0 1 1
21186217 38 0 1 0
21186961 8 1 3 1
21191893 0 1 4 0
21194511 0 1 4 1
21195233 16 1 1 0
21196645 38 0 1 1
21197107 294 0 1 0
21197851 16 1 1 1
21202783 2 1 4 0
21205456 2 1 4 1
21206123 8 1 3 0
21207535 294 0 1 1
21207997 38 0 1 0
21208741 8 1 3 1
21213673 0 1 4 0
21216291 0 1 4 1
21217013 16 1 1 0
21218425 38 0 1 1
21218887 294 0 1 0
21219631 16 1 1 1
21224563 2 1 4 0
21227236 2 1 4 1
21227903 8 1 3 0
21229315 294 0 1 1
21229777 38 0 1 0
21230521 8 1 3 1
21235453 0 1 4 0
21238071 0 1 4 1
21238793 16 1 1 0
21240205 38 0 1 1
21240667 294 0 1 0
21241411 16 1 1 1
21246343 2 1 4 0
21249016 2 1 4 1
21249683 8 1 3 0
21251095 294 0 1 1
21251557 38 0 1 0
21252301 8 1 3 1
21257233 0 1 4 0
21259851 0 1 4 1
21260573 16 1 1 0
21261985 38 0 1 1
21262447 294 0 1 0
21263191 16 1 1 1
21268123 2 1 4 0
21270796 2 1 4 1
21271463 8 1 3 0
21272875 294 0 1 1
21273337 38 0 1 0
21274081 8 1 3 1
21279013 0 1 4 0
21281631 0 1 4 1
21282353 16 1 1 0
21283765 38 0 1 1
21284227 294 0 1 0
21284971 16 1 1 1
21289903 2 1 4 0
21292576 2 1 4 1
21293243 8 1 3 0
21294655 294 0 1 1
21295117 38 0 1 0
21295861 8 1 3 1
21300793 0 1 4 0
21303411 0 1 4 1
21304133 16 1 1 0
21305545 38 0 1 1
21306007 294 0 1 0
21306751 16 1 1 1
21311683 2 1 4 0
21314356 2 1 4 1
21315023 8 1 3 0
21316435 294 0 1 1
21316897 38 0 1 0
21317641 8 1 3 1
21322573 0 1 4 0
21325191 0 1 4 1
21325913 16 1 1 0
21327325 38 0 1 1
21327787 294 0 1 0
21328531 16 1 1 1
21333463 2 1 4 0
21336136 2 1 4 1
21336803 8 1 3 0
21338215 294 0 1 1
21338677 38 0 1 0
21339421 8 1 3 1
21344353 0 1 4 0
21346971 0 1 4 1
21347693 16 1 1 0
21349105 38 0 1 1
21349567 294 0 1 0
21350311 16 1 1 1
21355243 2 1 4 0
21357916 2 1 4 1
21358583 8 1 3 0
21359995 294 0 1 1
21360457 38 0 1 0
21361201 8 1 3 1
21366133 0 1 4 0
21368751 0 1 4 1
21369473 16 1 1 0
21370885 38 0 1 1
21371347 294 0 1 0
21372091 16 1 1 1
21377023 2 1 4 0
21379696 2 1 4 1
21380363 8 1 3 0
21381775 294 0 1 1
21382237 38 0 1 0
21382981 8 1 3 1
21387913 0 1 4 0
21390531 0 1 4 1
21391253 16 1 1 0
21392665 38 0 1 1
21393127 294 0 1 0
21393871 16 1 1 1
21398803 2 1 4 0
21401476 2 1 4 1
21402143 8 1 3 0
21403555 294 0 1 1
21404017 38 0 1 0
21404761 8 1 3 1
21409693 0 1 4 0
21412311 0 1 4 1
21413033 16 1 1 0
21414445 38 0 1 1
21414907 294 0 1 0
21415651 16 1 1 1
21420583 2 1 4 0
21423256 2 1 4 1
21423923 8 1 3 0
21425335 294 0 1 1
21425797 38 0 1 0
21426541 8 1 3 1
21431473 0 1 4 0
21434091 0 1 4 1
21434813 16 1 1 0
21436225 38 0 1 1
21436687 294 0 1 0
21437431 16 1 1 1
21442363 2 1 4 0
21445036 2 1 4 1
21445703 8 1 3 0
21447115 294 0 1 1
21447577 38 0 1 0
21448321 8 1 3 1
21453253 0 1 4 0
21455871 0 1 4 1
21456593 16 1 1 0
21458005 38 0 1 1
21458467 294 0 1 0
21459211 16 1 1 1
21464143 2 1 4 0
21466816 2 1 4 1
21467483 8 1 3 0
21468895 294 0 1 1
21469357 38 0 1 0
21470101 8 1 3 1
21475033 0 1 4 0
21477651 0 1 4 1
21478373 16 1 1 0
21479785 38 0 1 1
21480247 294 0 1 0
21480991 16 1 1 1
21485923 2 1 4 0
21488596 2 1 4 1
21489263 8 1 3 0
21490675 294 0 1 1
21491137 38 0 1 0
21491881 8 1 3 1
21496813 0 1 4 0
21499431 0 1 4 1
21500153 16 1 1 0
21501565 38 0 1 1
21502027 294 0 1 0
21502771 16 1 1 1
21507703 2 1 4 0
21510376 2 1 4 1
21511043 8 1 3 0
21512455 294 0 1 1
21512917 38 0 1 0
21513661 8 1 3 1
21518593 0 1 4 0
21521211 0 1 4 1
21521933 16 1 1 0
21523345 38 0 1 1
21523807 294 0 1 0
21524551 16 1 1 1
21529483 2 1 4 0
21532156 2 1 4 1
21532823 8 1 3 0
21534235 294 0 1 1
21534697 38 0 1 0
21535441 8 1 3 1
21540373 0 1 4 0
21542991 0 1 4 1
21543713 16 1 1 0
21545125 38 0 1 1
21545587 294 0 1 0
21546331 16 1 1 1
21551263 2 1 4 0
21553936 2 1 4 1
21554603 8 1 3 0
21556015 294 0 1 1
21556477 38 0 1 0
21557221 8 1 3 1
21562153 0 1 4 0
21564771 0 1 4 1
21565493 16 1 1 0
21566905 38 0 1 1
21567367 294 0 1 0
21568111 16 1 1 1
21573043 2 1 4 0
21575716 2 1 4 1
21576383 8 1 3 0
21577795 294 0 1 1
21578257 38 0 1 0
21579001 8 1 3 1
21583933 0 1 4 0
21586551 0 1 4 1
21587273 16 1 1 0
21588685 38 0 1 1
21589147 294 0 1 0
21589891 16 1 1 1
21594823 2 1 4 0
21597496 2 1 4 1
21598163 8 1 3 0
21599575 294 0 1 1
21600037 38 0 1 0
21600781 8 1 3 1
21605713 0 1 4 0
21608331 0 1 4 1
21609053 16 1 1 0
21610465 38 0 1 1
21610927 294 0 1 0
21611671 16 1 1 1
21616603 2 1 4 0
21619276 2 1 4 1
21619943 8 1 3 0
21621355 294 0 1 1
21621817 38 0 1 0
21622561 8 1 3 1
21627493 0 1 4 0
21630111 0 1 4 1
21630833 16 1 1 0
21632245 38 0 1 1
21632707 294 0 1 0
21633451 16 1 1 1
21638383 2 1 4 0
21641056 2 1 4 1
21641723 8 1 3 0
21643135 294 0 1 1
21643597 38 0 1 0
21644341 8 1 3 1
21649273 0 1 4 0
21651891 0 1 4 1
21652613 16 1 1 0
21654025 38 0 1 1
21654487 294 0 1 0
21655231 16 1 1 1
21660163 2 1 4 0
21662836 2 1 4 1
21663503 8 1 3 0
21664915 294 0 1 1
21665377 38 0 1 0
21666121 8 1 3 1
21671053 0 1 4 0
21673671 0 1 4 1
21674393 16 1 1 0
21675805 38 0 1 1
21676267 294 0 1 0
21677011 16 1 1 1
21681943 2 1 4 0
21684616 2 1 4 1
21685283 8 1 3 0
21686695 294 0 1 1
21687157 38 0 1 0
21687901 8 1 3 1
21692833 0 1 4 0
21695451 0 1 4 1
21696173 16 1 1 0
21697585 38 0 1 1
21698047 294 0 1 0
21698791 16 1 1 1
21703723 2 1 4 0
21706396 2 1 4 1
21707063 8 1 3 0
21708475 294 0 1 1
21708937 38 0 1 0
21709681 8 1 3 1
21714613 0 1 4 0
21717231 0 1 4 1
21717953 16 1 1 0
21719365 38 0 1 1
21719827 294 0 1 0
21720571 16 1 1 1
21725503 2 1 4 0
21728176 2 1 4 1
21728843 8 1 3 0
21730255 294 0 1 1
21730717 38 0 1 0
21731461 8 1 3 1
21736393 0 1 4 0
21739011 0 1 4 1
21739733 16 1 1 0
21741145 38 0 1 1
21741607 294 0 1 0
21742351 16 1 1 1
21747283 2 1 4 0
21749956 2 1 4 1
21750623 8 1 3 0
21752035 294 0 1 1
21752497 38 0 1 0
21753241 8 1 3 1
21758173 0 1 4 0
21760791 0 1 4 1
21761513 16 1 1 0
21762925 38 0 1 1
21763387 294 0 1 0
21764131 16 1 1 1
21769063 2 1 4 0
21771736 2 1 4 1
21772403 8 1 3 0
21773815 294 0 1 1
21774277 38 0 1 0
21775021 8 1 3 1
21779953 0 1 4 0
21782571 0 1 4 1
21783293 16 1 1 0
21784705 38 0 1 1
21785167 294 0 1 0
21785911 16 1 1 1
21790843 2 1 4 0
21793516 2 1 4 1
21794183 8 1 3 0
21795595 294 0 1 1
21796057 38 0 1 0
21796801 8 1 3 1
21801733 0 1 4 0
21804351 0 1 4 1
21805073 16 1 1 0
21806485 38 0 1 1
21806947 294 0 1 0
21807691 16 1 1 1
21812623 2 1 4 0
21815296 2 1 4 1
21815963 8 1 3 0
21817375 294 0 1 1
21817837 38 0 1 0
21818581 8 1 3 1
21823513 0 1 4 0
21826131 0 1 4 1
21826853 16 1 1 0
21828265 38 0 1 1
21828727 294 0 1 0
21829471 16 1 1 1
21834403 2 1 4 0
21837076 2 1 4 1
21837743 8 1 3 0
21839155 294 0 1 1
21839617 38 0 1 0
21840361 8 1 3 1
21845293 0 1 4 0
21847911 0 1 4 1
21848633 16 1 1 0
21850045 38 0 1 1
21850507 294 0 1 0
21851251 16 1 1 1
21856183 2 1 4 0
21858856 2 1 4 1
21859523 8 1 3 0
21860935 294 0 1 1
21861397 38 0 1 0
21862141 8 1 3 1
21867073 0 1 4 0
21869691 0 1 4 1
21870413 16 1 1 0
21871825 38 0 1 1
21872287 294 0 1 0
21873031 16 1 1 1
21877963 2 1 4 0
21880636 2 1 4 1
21881303 8 1 3 0
21882715 294 0 1 1
21883177 38 0 1 0
21883921 8 1 3 1
21888853 0 1 4 0
21891471 0 1 4 1
21892193 16 1 1 0
21893605 38 0 1 1
21894067 294 0 1 0
21894811 16 1 1 1
21899743 2 1 4 0
21902416 2 1 4 1
21903083 8 1 3 0
21904495 294 0 1 1
21904957 38 0 1 0
21905701 8 1 3 1
21910633 0 1 4 0
21913251 0 1 4 1
21913973 16 1 1 0
21915385 38 0 1 1
21915847 294 0 1 0
21916591 16 1 1 1
21921523 2 1 4 0
21924196 2 1 4 1
21924863 8 1 3 0
21926275 294 0 1 1
21926737 38 0 1 0
21927481 8 1 3 1
21932413 0 1 4 0
21935031 0 1 4 1
21935753 16 1 1 0
21937165 38 0 1 1
21937627 294 0 1 0
21938371 16 1 1 1
21943303 2 1 4 0
21945976 2 1 4 1
21946643 8 1 3 0
21948055 294 0 1 1
21948517 38 0 1 0
21949261 8 1 3 1
21954193 0 1 4 0
21956811 0 1 4 1
21957533 16 1 1 0
21958945 38 0 1 1
21959407 294 0 1 0
21960151 16 1 1 1
21965083 2 1 4 0
21967756 2 1 4 1
21968423 8 1 3 0
21969835 294 0 1 1
21970297 38 0 1 0
21971041 8 1 3 1
21975973 0 1 4 0
21978591 0 1 4 1
21979313 16 1 1 0
21980725 38 0 1 1
21981187 294 0 1 0
21981931 16 1 1 1
21986863 2 1 4 0
21989536 2 1 4 1
21990203 8 1 3 0
21991615 294 0 1 1
21992077 38 0 1 0
21992821 8 1 3 1
21997753 0 1 4 0
22000371 0 1 4 1
22001093 16 1 1 0
22002505 38 0 1 1
22002967 294 0 1 0
22003711 16 1 1 1
22008643 2 1 4 0
22011316 2 1 4 1
22011983 8 1 3 0
22013395 294 0 1 1
22013857 38 0 1 0
22014601 8 1 3 1
22019533 0 1 4 0
22022151 0 1 4 1
22022873 16 1 1 0
22024285 38 0 1 1
22024747 294 0 1 0
22025491 16 1 1 1
22030423 2 1 4 0
22033096 2 1 4 1
22033763 8 1 3 0
22035175 294 0 1 1
22035637 38 0 1 0
22036381 8 1 3 1
22041313 0 1 4 0
22043931 0 1 4 1
22044653 16 1 1 0
22046065 38 0 1 1
22046527 294 0 1 0
22047271 16 1 1 1
22052203 2 1 4 0
22055371 2 1 4 1
22055543 8 1 3 0
22056955 294 0 1 1
22057417 38 0 1 0
22058653 8 1 3 1
22065073 0 1 4 0
22067825 0 1 4 1
22068413 16 1 1 0
22069825 38 0 1 1
22070287 294 0 1 0
22071154 16 1 1 1
22076458 2 1 4 0
22079322 2 1 4 1
22079798 8 1 3 0
22081210 294 0 1 1
22081672 38 0 1 0
22082662 8 1 3 1
22088338 0 1 4 0
22090956 0 1 4 1
22091678 16 1 1 0
22093090 38 0 1 1
22093552 294 0 1 0
22094296 16 1 1 1
22099228 2 1 4 0
22101901 2 1 4 1
22102568 8 1 3 0
22103980 294 0 1 1
22104442 38 0 1 0
22105186 8 1 3 1
22110118 0 1 4 0
22112870 0 1 4 1
22113458 16 1 1 0
22114870 38 0 1 1
22115332 294 0 1 0
22116199 16 1 1 1
22121503 2 1 4 0
22124176 2 1 4 1
22124843 8 1 3 0
22126255 294 0 1 1
22126717 38 0 1 0
22127461 8 1 3 1
22132393 0 1 4 0
22135145 0 1 4 1
22135733 16 1 1 0
22137145 38 0 1 1
22137607 294 0 1 0
22138474 16 1 1 1
22143778 2 1 4 0
22146451 2 1 4 1
22147118 8 1 3 0
22148530 294 0 1 1
22148992 38 0 1 0
22149736 8 1 3 1
22154668 0 1 4 0
22157532 0 1 4 1
22158008 16 1 1 0
22159420 38 0 1 1
22159882 294 0 1 0
22160872 16 1 1 1
22166548 2 1 4 0
22169221 2 1 4 1
22169888 8 1 3 0
22171300 294 0 1 1
22171762 38 0 1 0
22172506 8 1 3 1
22177438 0 1 4 0
22180190 0 1 4 1
22180778 16 1 1 0
22182190 38 0 1 1
22182652 294 0 1 0
22183519 16 1 1 1
22188823 2 1 4 0
22191496 2 1 4 1
22192163 8 1 3 0
22193575 294 0 1 1
22194037 38 0 1 0
22194781 8 1 3 1
22199713 0 1 4 0
22202331 0 1 4 1
22203053 16 1 1 0
22204465 38 0 1 1
22204927 294 0 1 0
22205671 16 1 1 1
22210603 2 1 4 0
22213276 2 1 4 1
22213943 8 1 3 0
22215355 294 0 1 1
22215817 38 0 1 0
22216561 8 1 3 1
22221493 0 1 4 0
22224111 0 1 4 1
22224833 16 1 1 0
22226245 38 0 1 1
22226707 294 0 1 0
22227451 16 1 1 1
22232383 2 1 4 0
22235056 2 1 4 1
22235723 8 1 3 0
22237135 294 0 1 1
22237597 38 0 1 0
22238341 8 1 3 1
22243273 0 1 4 0
22245891 0 1 4 1
22246613 16 1 1 0
22248025 38 0 1 1
22248487 294 0 1 0
22249231 16 1 1 1
22254163 2 1 4 0
22256836 2 1 4 1
22257503 8 1 3 0
22258915 294 0 1 1
22259377 38 0 1 0
22260121 8 1 3 1
22265053 0 1 4 0
22267671 0 1 4 1
22268393 16 1 1 0
22269805 38 0 1 1
22270267 294 0 1 0
22271011 16 1 1 1
22275943 2 1 4 0
22278616 2 1 4 1
22279283 8 1 3 0
22280695 294 0 1 1
22281157 38 0 1 0
22281901 8 1 3 1
22286833 0 1 4 0
22289451 0 1 4 1
22290173 16 1 1 0
22291585 38 0 1 1
22292047 294 0 1 0
22292791 16 1 1 1
22297723 2 1 4 0
22300396 2 1 4 1
22301063 8 1 3 0
22302475 294 0 1 1
22302937 38 0 1 0
22303681 8 1 3 1
22308613 0 1 4 0
22311231 0 1 4 1
22311953 16 1 1 0
22313365 38 0 1 1
22313827 294 0 1 0
22314571 16 1 1 1
22319503 2 1 4 0
22322176 2 1 4 1
22322843 8 1 3 0
22324255 294 0 1 1
22324717 38 0 1 0
22325461 8 1 3 1
22330393 0 1 4 0
22333011 0 1 4 1
22333733 16 1 1 0
22335145 38 0 1 1
22335607 294 0 1 0
22336351 16 1 1 1
22341283 2 1 4 0
22343956 2 1 4 1
22344623 8 1 3 0
22346035 294 0 1 1
22346497 38 0 1 0
22347241 8 1 3 1
22352173 0 1 4 0
22354791 0 1 4 1
22355513 16 1 1 0
22356925 38 0 1 1
22357387 294 0 1 0
22358131 16 1 1 1
22363063 2 1 4 0
22365736 2 1 4 1
22366403 8 1 3 0
22367815 294 0 1 1
22368277 38 0 1 0
22369021 8 1 3 1
22373953 0 1 4 0
22376571 0 1 4 1
22377293 16 1 1 0
22378705 38 0 1 1
22379167 294 0 1 0
22379911 16 1 1 1
22384843 2 1 4 0
22387516 2 1 4 1
22388183 8 1 3 0
22389595 294 0 1 1
22390057 38 0 1 0
22390801 8 1 3 1
22395733 0 1 4 0
22398351 0 1 4 1
22399073 16 1 1 0
22400485 38 0 1 1
22400947 294 0 1 0
22401691 16 1 1 1
22406623 2 1 4 0
22409296 2 1 4 1
22409963 8 1 3 0
22411375 294 0 1 1
22411837 38 0 1 0
22412581 8 1 3 1
22417513 0 1 4 0
22420131 0 1 4 1
22420853 16 1 1 0
22422265 38 0 1 1
22422727 294 0 1 0
22423471 16 1 1 1
22428403 2 1 4 0
22431076 2 1 4 1
22431743 8 1 3 0
22433155 294 0 1 1
22433617 38 0 1 0
22434361 8 1 3 1
22439293 0 1 4 0
22441911 0 1 4 1
22442633 16 1 1 0
22444045 38 0 1 1
22444507 294 0 1 0
22445251 16 1 1 1
22450183 2 1 4 0
22452856 2 1 4 1
22453523 8 1 3 0
22454935 294 0 1 1
22455397 38 0 1 0
22456141 8 1 3 1
22461073 0 1 4 0
22463691 0 1 4 1
22464413 16 1 1 0
22465825 38 0 1 1
22466287 294 0 1 0
22467031 16 1 1 1
22471963 2 1 4 0
22474636 2 1 4 1
22475303 8 1 3 0
22476715 294 0 1 1
22477177 38 0 1 0
22477921 8 1 3 1
22482853 0 1 4 0
22485471 0 1 4 1
22486193 16 1 1 0
22487605 38 0 1 1
22488067 294 0 1 0
22488811 16 1 1 1
22493743 2 1 4 0
22496416 2 1 4 1
22497083 8 1 3 0
22498495 294 0 1 1
22498957 38 0 1 0
22499701 8 1 3 1
22504633 0 1 4 0
22507251 0 1 4 1
22507973 16 1 1 0
22509385 38 0 1 1
22509847 294 0 1 0
22510591 16 1 1 1
22515523 2 1 4 0
22518196 2 1 4 1
22518863 8 1 3 0
22520275 294 0 1 1
22520737 38 0 1 0
22521481 8 1 3 1
22526413 0 1 4 0
22529031 0 1 4 1
22529753 16 1 1 0
22531165 38 0 1 1
22531627 294 0 1 0
22532371 16 1 1 1
22537303 2 1 4 0
22539976 2 1 4 1
22540643 8 1 3 0
22542055 294 0 1 1
22542517 38 0 1 0
22543261 8 1 3 1
22548193 0 1 4 0
22550811 0 1 4 1
22551533 16 1 1 0
22552945 38 0 1 1
22553407 294 0 1 0
22554151 16 1 1 1
22559083 2 1 4 0
22561756 2 1 4 1
22562423 8 1 3 0
22563835 294 0 1 1
22564297 38 0 1 0
22565041 8 1 3 1
22569973 0 1 4 0
22572591 0 1 4 1
22573313 16 1 1 0
22574725 38 0 1 1
22575187 294 0 1 0
22575931 16 1 1 1
22580863 2 1 4 0
22583536 2 1 4 1
22584203 8 1 3 0
22585615 294 0 1 1
22586077 38 0 1 0
22586821 8 1 3 1
22591753 0 1 4 0
22594371 0 1 4 1
22595093 16 1 1 0
22596505 38 0 1 1
22596967 294 0 1 0
22597711 16 1 1 1
22602643 2 1 4 0
22605316 2 1 4 1
22605983 8 1 3 0
22607395 294 0 1 1
22607857 38 0 1 0
22608601 8 1 3 1
22613533 0 1 4 0
22616151 0 1 4 1
22616873 16 1 1 0
22618285 38 0 1 1
22618747 294 0 1 0
22619491 16 1 1 1
22624423 2 1 4 0
22627096 2 1 4 1
22627763 8 1 3 0
22629175 294 0 1 1
22629637 38 0 1 0
22630381 8 1 3 1
22635313 0 1 4 0
22637931 0 1 4 1
22638653 16 1 1 0
22640065 38 0 1 1
22640527 294 0 1 0
22641271 16 1 1 1
22646203 2 1 4 0
22648876 2 1 4 1
22649543 8 1 3 0
22650955 294 0 1 1
22651417 38 0 1 0
22652161 8 1 3 1
22657093 0 1 4 0
22659711 0 1 4 1
22660433 16 1 1 0
22661845 38 0 1 1
22662307 294 0 1 0
22663051 16 1 1 1
22667983 2 1 4 0
22670656 2 1 4 1
22671323 8 1 3 0
22672735 294 0 1 1
22673197 38 0 1 0
22673941 8 1 3 1
22678873 0 1 4 0
22681491 0 1 4 1
22682213 16 1 1 0
22683625 38 0 1 1
22684087 294 0 1 0
22684831 16 1 1 1
22689763 2 1 4 0
22692436 2 1 4 1
22693103 8 1 3 0
22694515 294 0 1 1
22694977 38 0 1 0
22695721 8 1 3 1
22700653 0 1 4 0
22703271 0 1 4 1
22703993 16 1 1 0
22705405 38 0 1 1
22705867 294 0 1 0
22706611 16 1 1 1
22711543 2 1 4 0
22714216 2 1 4 1
22714883 8 1 3 0
22716295 294 0 1 1
22716757 38 0 1 0
22717501 8 1 3 1
22722433 0 1 4 0
22725051 0 1 4 1
22725773 16 1 1 0
22727185 38 0 1 1
22727647 294 0 1 0
22728391 16 1 1 1
22733323 2 1 4 0
22735996 2 1 4 1
22736663 8 1 3 0
22738075 294 0 1 1
22738537 38 0 1 0
22739281 8 1 3 1
22744213 0 1 4 0
22746831 0 1 4 1
22747553 16 1 1 0
22748965 38 0 1 1
22749427 294 0 1 0
22750171 16 1 1 1
22755103 2 1 4 0
22757776 2 1 4 1
22758443 8 1 3 0
22759855 294 0 1 1
22760317 38 0 1 0
22761061 8 1 3 1
22765993 0 1 4 0
22768611 0 1 4 1
22769333 16 1 1 0
22770745 38 0 1 1
22771207 294 0 1 0
22771951 16 1 1 1
22776883 2 1 4 0
22779556 2 1 4 1
22780223 8 1 3 0
22781635 294 0 1 1
22782097 38 0 1 0
22782841 8 1 3 1
22787773 0 1 4 0
22790391 0 1 4 1
22791113 16 1 1 0
22792525 38 0 1 1
22792987 294 0 1 0
22793731 16 1 1 1
22798663 2 1 4 0
22801336 2 1 4 1
22802003 8 1 3 0
22803415 294 0 1 1
22803877 38 0 1 0
22804621 8 1 3 1
22809553 0 1 4 0
22812171 0 1 4 1
22812893 16 1 1 0
22814305 38 0 1 1
22814767 294 0 1 0
22815511 16 1 1 1
22820443 2 1 4 0
22823116 2 1 4 1
22823783 8 1 3 0
22825195 294 0 1 1
22825657 38 0 1 0
22826401 8 1 3 1
22831333 0 1 4 0
22833951 0 1 4 1
22834673 16 1 1 0
22836085 38 0 1 1
22836547 294 0 1 0
22837291 16 1 1 1
22842223 2 1 4 0
22844896 2 1 4 1
22845563 8 1 3 0
22846975 294 0 1 1
22847437 38 0 1 0
22848181 8 1 3 1
22853113 0 1 4 0
22855731 0 1 4 1
22856453 16 1 1 0
22857865 38 0 1 1
22858327 294 0 1 0
22859071 16 1 1 1
22864003 2 1 4 0
22866676 2 1 4 1
22867343 8 1 3 0
22868755 294 0 1 1
22869217 38 0 1 0
22869961 8 1 3 1
22874893 0 1 4 0
22877511 0 1 4 1
22878233 16 1 1 0
22879645 38 0 1 1
22880107 294 0 1 0
22880851 16 1 1 1
22885783 2 1 4 0
22888456 2 1 4 1
22889123 8 1 3 0
22890535 294 0 1 1
22890997 38 0 1 0
22891741 8 1 3 1
22896673 0 1 4 0
22899291 0 1 4 1
22900013 16 1 1 0
22901425 38 0 1 1
22901887 294 0 1 0
22902631 16 1 1 1
22907563 2 1 4 0
22910236 2 1 4 1
22910903 8 1 3 0
22912315 294 0 1 1
22912777 38 0 1 0
22913521 8 1 3 1
22918453 0 1 4 0
22921071 0 1 4 1
22921793 16 1 1 0
22923205 38 0 1 1
22923667 294 0 1 0
22924411 16 1 1 1
22929343 2 1 4 0
22932016 2 1 4 1
22932683 8 1 3 0
22934095 294 0 1 1
22934557 38 0 1 0
22935301 8 1 3 1
22940233 0 1 4 0
22942851 0 1 4 1
22943573 16 1 1 0
22944985 38 0 1 1
22945447 294 0 1 0
22946191 16 1 1 1
22951123 2 1 4 0
22953796 2 1 4 1
22954463 8 1 3 0
22955875 294 0 1 1
22956337 38 0 1 0
22957081 8 1 3 1
22962013 0 1 4 0
22964631 0 1 4 1
22965353 16 1 1 0
22966765 38 0 1 1
22967227 294 0 1 0
22967971 16 1 1 1
22972903 2 1 4 0
22975576 2 1 4 1
22976243 8 1 3 0
22977655 294 0 1 1
22978117 38 0 1 0
22978861 8 1 3 1
22983793 0 1 4 0
22986411 0 1 4 1
22987133 16 1 1 0
22988545 38 0 1 1
22989007 294 0 1 0
22989751 16 1 1 1
22994683 2 1 4 0
22997356 2 1 4 1
22998023 8 1 3 0
22999435 294 0 1 1
22999897 38 0 1 0
23000641 8 1 3 1
23005573 0 1 4 0
23008191 0 1 4 1
23008913 16 1 1 0
23010325 38 0 1 1
23010787 294 0 1 0
23011531 16 1 1 1
23016463 2 1 4 0
23019136 2 1 4 1
23019803 8 1 3 0
23021215 294 0 1 1
23021677 38 0 1 0
23022421 8 1 3 1
23027353 0 1 4 0
23029971 0 1 4 1
23030693 16 1 1 0
23032105 38 0 1 1
23032567 294 0 1 0
23033311 16 1 1 1
23038243 2 1 4 0
23040916 2 1 4 1
23041583 8 1 3 0
23042995 294 0 1 1
23043457 38 0 1 0
23044201 8 1 3 1
23049133 0 1 4 0
23051751 0 1 4 1
23052473 16 1 1 0
23053885 38 0 1 1
23054347 294 0 1 0
23055091 16 1 1 1
23060023 2 1 4 0
23062696 2 1 4 1
23063363 8 1 3 0
23064775 294 0 1 1
23065237 38 0 1 0
23065981 8 1 3 1
23070913 0 1 4 0
23073531 0 1 4 1
23074253 16 1 1 0
23075665 38 0 1 1
23076127 294 0 1 0
23076871 16 1 1 1
23081803 2 1 4 0
23084476 2 1 4 1
23085143 8 1 3 0
23086555 294 0 1 1
23087017 38 0 1 0
23087761 8 1 3 1
23092693 0 1 4 0
23095311 0 1 4 1
23096033 16 1 1 0
23097445 38 0 1 1
23097907 294 0 1 0
23098651 16 1 1 1
23103583 2 1 4 0
23106256 2 1 4 1
23106923 8 1 3 0
23108335 294 0 1 1
23108797 38 0 1 0
23109541 8 1 3 1
23114473 0 1 4 0
23117091 0 1 4 1
23117813 16 1 1 0
23119225 38 0 1 1
23119687 294 0 1 0
23120431 16 1 1 1
23125363 2 1 4 0
23128036 2 1 4 1
23128703 8 1 3 0
23130115 294 0 1 1
23130577 38 0 1 0
23131321 8 1 3 1
23136253 0 1 4 0
23138871 0 1 4 1
23139593 16 1 1 0
23141005 38 0 1 1
23141467 294 0 1 0
23142211 16 1 1 1
23147143 2 1 4 0
23149816 2 1 4 1
23150483 8 1 3 0
23151895 294 0 1 1
23152357 38 0 1 0
23153101 8 1 3 1
23158033 0 1 4 0
23160651 0 1 4 1
23161373 16 1 1 0
23162785 38 0 1 1
23163247 294 0 1 0
23163991 16 1 1 1
23168923 2 1 4 0
23171596 2 1 4 1
23172263 8 1 3 0
23173675 294 0 1 1
23174137 38 0 1 0
23174881 8 1 3 1
23179813 0 1 4 0
23182431 0 1 4 1
23183153 16 1 1 0
23184565 38 0 1 1
23185027 294 0 1 0
23185771 16 1 1 1
23190703 2 1 4 0
23193376 2 1 4 1
23194043 8 1 3 0
23195455 294 0 1 1
23195917 38 0 1 0
23196661 8 1 3 1
23201593 0 1 4 0
23204211 0 1 4 1
23204933 16 1 1 0
23206345 38 0 1 1
23206807 294 0 1 0
23207551 16 1 1 1
23212483 2 1 4 0
23215156 2 1 4 1
23215823 8 1 3 0
23217235 294 0 1 1
23217697 38 0 1 0
23218441 8 1 3 1
23223373 0 1 4 0
23225991 0 1 4 1
23226713 16 1 1 0
23228125 38 0 1 1
23228587 294 0 1 0
23229331 16 1 1 1
23234263 2 1 4 0
23236936 2 1 4 1
23237603 8 1 3 0
23239015 294 0 1 1
23239477 38 0 1 0
23240221 8 1 3 1
23245153 0 1 4 0
23247771 0 1 4 1
23248493 16 1 1 0
23249905 38 0 1 1
23250367 294 0 1 0
23251111 16 1 1 1
23256043 2 1 4 0
23258716 2 1 4 1
23259383 8 1 3 0
23260795 294 0 1 1
23261257 38 0 1 0
23262001 8 1 3 1
23266933 0 1 4 0
23269551 0 1 4 1
23270273 16 1 1 0
23271685 38 0 1 1
23272147 294 0 1 0
23272891 16 1 1 1
23277823 2 1 4 0
23280496 2 1 4 1
23281163 8 1 3 0
23282575 294 0 1 1
23283037 38 0 1 0
23283781 8 1 3 1
23288713 0 1 4 0
23291331 0 1 4 1
23292053 16 1 1 0
23293465 38 0 1 1
23293927 294 0 1 0
23294671 16 1 1 1
23299603 2 1 4 0
23302276 2 1 4 1
23302943 8 1 3 0
23304355 294 0 1 1
23304817 38 0 1 0
23305561 8 1 3 1
23310493 0 1 4 0
23313111 0 1 4 1
23313833 16 1 1 0
23315245 38 0 1 1
23315707 294 0 1 0
23316451 16 1 1 1
23321383 2 1 4 0
23324056 2 1 4 1
23324723 8 1 3 0
23326135 294 0 1 1
23326597 38 0 1 0
23327341 8 1 3 1
23332273 0 1 4 0
23334891 0 1 4 1
23335613 16 1 1 0
23337025 38 0 1 1
23337487 294 0 1 0
23338231 16 1 1 1
23343163 2 1 4 0
23345836 2 1 4 1
23346503 8 1 3 0
23347915 294 0 1 1
23348377 38 0 1 0
23349121 8 1 3 1
23354053 0 1 4 0
23356671 0 1 4 1
23357393 16 1 1 0
23358805 38 0 1 1
23359267 294 0 1 0
23360011 16 1 1 1
23364943 2 1 4 0
23367616 2 1 4 1
23368283 8 1 3 0
23369695 294 0 1 1
23370157 38 0 1 0
23370901 8 1 3 1
23375833 0 1 4 0
23378451 0 1 4 1
23379173 16 1 1 0
23380585 38 0 1 1
23381047 294 0 1 0
23381791 16 1 1 1
23386723 2 1 4 0
23389396 2 1 4 1
23390063 8 1 3 0
23391475 294 0 1 1
23391937 38 0 1 0
23392681 8 1 3 1
23397613 0 1 4 0
23400231 0 1 4 1
23400953 16 1 1 0
23402365 38 0 1 1
23402827 294 0 1 0
23403571 16 1 1 1
23408503 2 1 4 0
23411176 2 1 4 1
23411843 8 1 3 0
23413255 294 0 1 1
23413717 38 0 1 0
23414461 8 1 3 1
23419393 0 1 4 0
23422011 0 1 4 1
23422733 16 1 1 0
23424145 38 0 1 1
23424607 294 0 1 0
23425351 16 1 1 1
23430283 2 1 4 0
23432956 2 1 4 1
23433623 8 1 3 0
23435035 294 0 1 1
23435497 38 0 1 0
23436241 8 1 3 1
23441173 0 1 4 0
23443791 0 1 4 1
23444513 16 1 1 0
23445925 38 0 1 1
23446387 294 0 1 0
23447131 16 1 1 1
23452063 2 1 4 0
23454736 2 1 4 1
23455403 8 1 3 0
23456815 294 0 1 1
23457277 38 0 1 0
23458021 8 1 3 1
23462953 0 1 4 0
23465571 0 1 4 1
23466293 16 1 1 0
23467705 38 0 1 1
23468167 294 0 1 0
23468911 16 1 1 1
23473843 2 1 4 0
23476516 2 1 4 1
23477183 8 1 3 0
23478595 294 0 1 1
23479057 38 0 1 0
23479801 8 1 3 1
23484733 0 1 4 0
23487351 0 1 4 1
23488073 16 1 1 0
23489485 38 0 1 1
23489947 294 0 1 0
23490691 16 1 1 1
23495623 2 1 4 0
23498296 2 1 4 1
23498963 8 1 3 0
23500375 294 0 1 1
23500837 38 0 1 0
23501581 8 1 3 1
23506513 0 1 4 0
23509131 0 1 4 1
23509853 16 1 1 0
23511265 38 0 1 1
23511727 294 0 1 0
23512471 16 1 1 1
23517403 2 1 4 0
23520076 2 1 4 1
23520743 8 1 3 0
23522155 294 0 1 1
23522617 38 0 1 0
23523361 8 1 3 1
23528293 0 1 4 0
23530911 0 1 4 1
23531633 16 1 1 0
23533045 38 0 1 1
23533507 294 0 1 0
23534251 16 1 1 1
23539183 2 1 4 0
23541856 2 1 4 1
23542523 8 1 3 0
23543935 294 0 1 1
23544397 38 0 1 0
23545141 8 1 3 1
23550073 0 1 4 0
23552691 0 1 4 1
23553413 16 1 1 0
23554825 38 0 1 1
23555287 294 0 1 0
23556031 16 1 1 1
23560963 2 1 4 0
23563636 2 1 4 1
23564303 8 1 3 0
23565715 294 0 1 1
23566177 38 0 1 0
23566921 8 1 3 1
23571853 0 1 4 0
23574471 0 1 4 1
23575193 16 1 1 0
23576605 38 0 1 1
23577067 294 0 1 0
23577811 16 1 1 1
23582743 2 1 4 0
23585416 2 1 4 1
23586083 8 1 3 0
23587495 294 0 1 1
23587957 38 0 1 0
23588701 8 1 3 1
23593633 0 1 4 0
23596251 0 1 4 1
23596973 16 1 1 0
23598385 38 0 1 1
23598847 294 0 1 0
23599591 16 1 1 1
23604523 2 1 4 0
23607196 2 1 4 1
23607863 8 1 3 0
23609275 294 0 1 1
23609737 38 0 1 0
23610481 8 1 3 1
23615413 0 1 4 0
23618031 0 1 4 1
23618753 16 1 1 0
23620165 38 0 1 1
23620627 294 0 1 0
23621371 16 1 1 1
23626303 2 1 4 0
23628976 2 1 4 1
23629643 8 1 3 0
23631055 294 0 1 1
23631517 38 0 1 0
23632261 8 1 3 1
23637193 0 1 4 0
23639811 0 1 4 1
23640533 16 1 1 0
23641945 38 0 1 1
23642407 294 0 1 0
23643151 16 1 1 1
23648083 2 1 4 0
23650756 2 1 4 1
23651423 8 1 3 0
23652835 294 0 1 1
23653297 38 0 1 0
23654041 8 1 3 1
23658973 0 1 4 0
23661591 0 1 4 1
23662313 16 1 1 0
23663725 38 0 1 1
23664187 294 0 1 0
23664931 16 1 1 1
23669863 2 1 4 0
23672536 2 1 4 1
23673203 8 1 3 0
23674615 294 0 1 1
23675077 38 0 1 0
23675821 8 1 3 1
23680753 0 1 4 0
23683371 0 1 4 1
23684093 16 1 1 0
23685505 38 0 1 1
23685967 294 0 1 0
23686711 16 1 1 1
23691643 2 1 4 0
23694316 2 1 4 1
23694983 8 1 3 0
23696395 294 0 1 1
23696857 38 0 1 0
23697601 8 1 3 1
23702533 0 1 4 0
23705151 0 1 4 1
23705873 16 1 1 0
23707285 38 0 1 1
23707747 294 0 1 0
23708491 16 1 1 1
23713423 2 1 4 0
23716096 2 1 4 1
23716763 8 1 3 0
23718175 294 0 1 1
23718637 38 0 1 0
23719381 8 1 3 1
23724313 0 1 4 0
23726931 0 1 4 1
23727653 16 1 1 0
23729065 38 0 1 1
23729527 294 0 1 0
23730271 16 1 1 1
23735203 2 1 4 0
23737876 2 1 4 1
23738543 8 1 3 0
23739955 294 0 1 1
23740417 38 0 1 0
23741161 8 1 3 1
23746093 0 1 4 0
23748711 0 1 4 1
23749433 16 1 1 0
23750845 38 0 1 1
23751307 294 0 1 0
23752051 16 1 1 1
23756983 2 1 4 0
23759656 2 1 4 1
23760323 8 1 3 0
23761735 294 0 1 1
23762197 38 0 1 0
23762941 8 1 3 1
23767873 0 1 4 0
23770491 0 1 4 1
23771213 16 1 1 0
23772625 38 0 1 1
23773087 294 0 1 0
23773831 16 1 1 1
23778763 2 1 4 0
23781436 2 1 4 1
23782103 8 1 3 0
23783515 294 0 1 1
23783977 38 0 1 0
23784721 8 1 3 1
23789653 0 1 4 0
23792271 0 1 4 1
23792993 16 1 1 0
23794405 38 0 1 1
23794867 294 0 1 0
23795611 16 1 1 1
23800543 2 1 4 0
23803216 2 1 4 1
23803883 8 1 3 0
23805295 294 0 1 1
23805757 38 0 1 0
23806501 8 1 3 1
23811433 0 1 4 0
23814051 0 1 4 1
23814773 16 1 1 0
23816185 38 0 1 1
23816647 294 0 1 0
23817391 16 1 1 1
23822323 2 1 4 0
23824996 2 1 4 1
23825663 8 1 3 0
23827075 294 0 1 1
23827537 38 0 1 0
23828281 8 1 3 1
23833213 0 1 4 0
23835831 0 1 4 1
23836553 16 1 1 0
23837965 38 0 1 1
23838427 294 0 1 0
23839171 16 1 1 1
23844103 2 1 4 0
23846776 2 1 4 1
23847443 8 1 3 0
23848855 294 0 1 1
23849317 38 0 1 0
23850061 8 1 3 1
23854993 0 1 4 0
23857611 0 1 4 1
23858333 16 1 1 0
23859745 38 0 1 1
23860207 294 0 1 0
23860951 16 1 1 1
23865883 2 1 4 0
23868556 2 1 4 1
23869223 8 1 3 0
23870635 294 0 1 1
23871097 38 0 1 0
23871841 8 1 3 1
23876773 0 1 4 0
23879391 0 1 4 1
23880113 16 1 1 0
23881525 38 0 1 1
23881987 294 0 1 0
23882731 16 1 1 1
23887663 2 1 4 0
23890336 2 1 4 1
23891003 8 1 3 0
23892415 294 0 1 1
23892877 38 0 1 0
23893621 8 1 3 1
23898553 0 1 4 0
23901171 0 1 4 1
23901893 16 1 1 0
23903305 38 0 1 1
23903767 294 0 1 0
23904511 16 1 1 1
23909443 2 1 4 0
23912116 2 1 4 1
23912783 8 1 3 0
23914195 294 0 1 1
23914657 38 0 1 0
23915401 8 1 3 1
23920333 0 1 4 0
23922951 0 1 4 1
23923673 16 1 1 0
23925085 38 0 1 1
23925547 294 0 1 0
23926291 16 1 1 1
23931223 2 1 4 0
23933896 2 1 4 1
23934563 8 1 3 0
23935975 294 0 1 1
23936437 38 0 1 0
23937181 8 1 3 1
23942113 0 1 4 0
23944731 0 1 4 1
23945453 16 1 1 0
23946865 38 0 1 1
23947327 294 0 1 0
23948071 16 1 1 1
23953003 2 1 4 0
23955676 2 1 4 1
23956343 8 1 3 0
23957755 294 0 1 1
23958217 38 0 1 0
23958961 8 1 3 1
23963893 0 1 4 0
23966511 0 1 4 1
23967233 16 1 1 0
23968645 38 0 1 1
23969107 294 0 1 0
23969851 16 1 1 1
23974783 2 1 4 0
23977456 2 1 4 1
23978123 8 1 3 0
23979535 294 0 1 1
23979997 38 0 1 0
23980741 8 1 3 1
23985673 0 1 4 0
23988291 0 1 4 1
23989013 16 1 1 0
23990425 38 0 1 1
23990887 294 0 1 0
23991631 16 1 1 1
23996563 2 1 4 0
23999236 2 1 4 1
23999903 8 1 3 0
24001315 294 0 1 1
24001777 38 0 1 0
24002521 8 1 3 1
24007453 0 1 4 0
24010071 0 1 4 1
24010793 16 1 1 0
24012205 38 0 1 1
24012667 294 0 1 0
24013411 16 1 1 1
24018343 2 1 4 0
24021016 2 1 4 1
24021683 8 1 3 0
24023095 294 0 1 1
24023557 38 0 1 0
24024301 8 1 3 1
24029233 0 1 4 0
24031851 0 1 4 1
24032573 16 1 1 0
24033985 38 0 1 1
24034447 294 0 1 0
24035191 16 1 1 1
24040123 2 1 4 0
24042796 2 1 4 1
24043463 8 1 3 0
24044875 294 0 1 1
24045337 38 0 1 0
24046081 8 1 3 1
24051013 0 1 4 0
24053631 0 1 4 1
24054353 16 1 1 0
24055765 38 0 1 1
24056227 294 0 1 0
24056971 16 1 1 1
24061903 2 1 4 0
24064576 2 1 4 1
24065243 8 1 3 0
24066655 294 0 1 1
24067117 38 0 1 0
24067861 8 1 3 1
24072793 0 1 4 0
24075411 0 1 4 1
24076133 16 1 1 0
24077545 38 0 1 1
24078007 294 0 1 0
24078751 16 1 1 1
24083683 2 1 4 0
24086356 2 1 4 1
24087023 8 1 3 0
24088435 294 0 1 1
24088897 38 0 1 0
24089641 8 1 3 1
24094573 0 1 4 0
24097191 0 1 4 1
24097913 16 1 1 0
24099325 38 0 1 1
24099787 294 0 1 0
24100531 16 1 1 1
24105463 2 1 4 0
24108136 2 1 4 1
24108803 8 1 3 0
24110215 294 0 1 1
24110677 38 0 1 0
24111421 8 1 3 1
24116353 0 1 4 0
24118971 0 1 4 1
24119693 16 1 1 0
24121105 38 0 1 1
24121567 294 0 1 0
24122311 16 1 1 1
24127243 2 1 4 0
24129916 2 1 4 1
24130583 8 1 3 0
24131995 294 0 1 1
24132457 38 0 1 0
24133201 8 1 3 1
24138133 0 1 4 0
24140751 0 1 4 1
24141473 16 1 1 0
24142885 38 0 1 1
24143347 294 0 1 0
24144091 16 1 1 1
24149023 2 1 4 0
24151696 2 1 4 1
24152363 8 1 3 0
24153775 294 0 1 1
24154237 38 0 1 0
24154981 8 1 3 1
24159913 0 1 4 0
24162531 0 1 4 1
24163253 16 1 1 0
24164665 38 0 1 1
24165127 294 0 1 0
24165871 16 1 1 1
24170803 2 1 4 0
24173476 2 1 4 1
24174143 8 1 3 0
24175555 294 0 1 1
24176017 38 0 1 0
24176761 8 1 3 1
24181693 0 1 4 0
24184311 0 1 4 1
24185033 16 1 1 0
24186445 38 0 1 1
24186907 294 0 1 0
24187651 16 1 1 1
24192583 2 1 4 0
24195256 2 1 4 1
24195923 8 1 3 0
24197335 294 0 1 1
24197797 38 0 1 0
24198541 8 1 3 1
24203473 0 1 4 0
24206091 0 1 4 1
24206813 16 1 1 0
24208225 38 0 1 1
24208687 294 0 1 0
24209431 16 1 1 1
24214363 2 1 4 0
24217036 2 1 4 1
24217703 8 1 3 0
24219115 294 0 1 1
24219577 38 0 1 0
24220321 8 1 3 1
24225253 0 1 4 0
24227871 0 1 4 1
24228593 16 1 1 0
24230005 38 0 1 1
24230467 294 0 1 0
24231211 16 1 1 1
24236143 2 1 4 0
24238816 2 1 4 1
24239483 8 1 3 0
24240895 294 0 1 1
24241357 38 0 1 0
24242101 8 1 3 1
24247033 0 1 4 0
24249651 0 1 4 1
24250373 16 1 1 0
24251785 38 0 1 1
24252247 294 0 1 0
24252991 16 1 1 1
24257923 2 1 4 0
24260596 2 1 4 1
24261263 8 1 3 0
24262675 294 0 1 1
24263137 38 0 1 0
24263881 8 1 3 1
24268813 0 1 4 0
24271431 0 1 4 1
24272153 16 1 1 0
24273565 38 0 1 1
24274027 294 0 1 0
24274771 16 1 1 1
24279703 2 1 4 0
24282376 2 1 4 1
24283043 8 1 3 0
24284455 294 0 1 1
24284917 38 0 1 0
24285661 8 1 3 1
24290593 0 1 4 0
24293211 0 1 4 1
24293933 16 1 1 0
24295345 38 0 1 1
24295807 294 0 1 0
24296551 16 1 1 1
24301483 2 1 4 0
24304156 2 1 4 1
24304823 8 1 3 0
24306235 294 0 1 1
24306697 38 0 1 0
24307441 8 1 3 1
24312373 0 1 4 0
24314991 0 1 4 1
24315713 16 1 1 0
24317125 38 0 1 1
24317587 294 0 1 0
24318331 16 1 1 1
24323263 2 1 4 0
24325936 2 1 4 1
24326603 8 1 3 0
24328015 294 0 1 1
24328477 38 0 1 0
24329221 8 1 3 1
24334153 0 1 4 0
24336771 0 1 4 1
24337493 16 1 1 0
24338905 38 0 1 1
24339367 294 0 1 0
24340111 16 1 1 1
24345043 2 1 4 0
24347716 2 1 4 1
24348383 8 1 3 0
24349795 294 0 1 1
24350257 38 0 1 0
24351001 8 1 3 1
24355933 0 1 4 0
24358551 0 1 4 1
24359273 16 1 1 0
24360685 38 0 1 1
24361147 294 0 1 0
24361891 16 1 1 1
24366823 2 1 4 0
24369496 2 1 4 1
24370163 8 1 3 0
24371575 294 0 1 1
24372037 38 0 1 0
24372781 8 1 3 1
24377713 0 1 4 0
24380331 0 1 4 1
24381053 16 1 1 0
24382465 38 0 1 1
24382927 294 0 1 0
24383671 16 1 1 1
24388603 2 1 4 0
24391276 2 1 4 1
24391943 8 1 3 0
24393355 294 0 1 1
24393817 38 0 1 0
24394561 8 1 3 1
24399493 0 1 4 0
24402111 0 1 4 1
24402833 16 1 1 0
24404245 38 0 1 1
24404707 294 0 1 0
24405451 16 1 1 1
24410383 2 1 4 0
24413056 2 1 4 1
24413723 8 1 3 0
24415135 294 0 1 1
24415597 38 0 1 0
24416341 8 1 3 1
24421273 0 1 4 0
24423891 0 1 4 1
24424613 16 1 1 0
24426025 38 0 1 1
24426487 294 0 1 0
24427231 16 1 1 1
24432163 2 1 4 0
24434836 2 1 4 1
24435503 8 1 3 0
24436915 294 0 1 1
24437377 38 0 1 0
24438121 8 1 3 1
24443053 0 1 4 0
24445671 0 1 4 1
24446393 16 1 1 0
24447805 38 0 1 1
24448267 294 0 1 0
24449011 16 1 1 1
24453943 2 1 4 0
24456616 2 1 4 1
24457283 8 1 3 0
24458695 294 0 1 1
24459157 38 0 1 0
24459901 8 1 3 1
24464833 0 1 4 0
24467451 0 1 4 1
24468173 16 1 1 0
24469585 38 0 1 1
24470047 294 0 1 0
24470791 16 1 1 1
24475723 2 1 4 0
24478396 2 1 4 1
24479063 8 1 3 0
24480475 294 0 1 1
24480937 38 0 1 0
24481681 8 1 3 1
24486613 0 1 4 0
24489231 0 1 4 1
24489953 16 1 1 0
24491365 38 0 1 1
24491827 294 0 1 0
24492571 16 1 1 1
24497503 2 1 4 0
24500176 2 1 4 1
24500843 8 1 3 0
24502255 294 0 1 1
24502717 38 0 1 0
24503461 8 1 3 1
24508393 0 1 4 0
24511011 0 1 4 1
24511733 16 1 1 0
24513145 38 0 1 1
24513607 294 0 1 0
24514351 16 1 1 1
24519283 2 1 4 0
24521956 2 1 4 1
24522623 8 1 3 0
24524035 294 0 1 1
24524497 38 0 1 0
24525241 8 1 3 1
24530173 0 1 4 0
24532791 0 1 4 1
24533513 16 1 1 0
24534925 38 0 1 1
24535387 294 0 1 0
24536131 16 1 1 1
24541063 2 1 4 0
24543736 2 1 4 1
24544403 8 1 3 0
24545815 294 0 1 1
24546277 38 0 1 0
24547021 8 1 3 1
24551953 0 1 4 0
24554571 0 1 4 1
24555293 16 1 1 0
24556705 38 0 1 1
24557167 294 0 1 0
24557911 16 1 1 1
24562843 2 1 4 0
24565516 2 1 4 1
24566183 8 1 3 0
24567595 294 0 1 1
24568057 38 0 1 0
24568801 8 1 3 1
24573733 0 1 4 0
24576351 0 1 4 1
24577073 16 1 1 0
24578485 38 0 1 1
24578947 294 0 1 0
24579691 16 1 1 1
24584623 2 1 4 0
24587296 2 1 4 1
24587963 8 1 3 0
24589375 294 0 1 1
24589837 38 0 1 0
24590581 8 1 3 1
24595513 0 1 4 0
24598131 0 1 4 1
24598853 16 1 1 0
24600265 38 0 1 1
24600727 294 0 1 0
24601471 16 1 1 1
24606403 2 1 4 0
24609076 2 1 4 1
24609743 8 1 3 0
24611155 294 0 1 1
24611617 38 0 1 0
24612361 8 1 3 1
24617293 0 1 4 0
24619911 0 1 4 1
24620633 16 1 1 0
24622045 38 0 1 1
24622507 294 0 1 0
24623251 16 1 1 1
24628183 2 1 4 0
24630856 2 1 4 1
24631523 8 1 3 0
24632935 294 0 1 1
24633397 38 0 1 0
24634141 8 1 3 1
24639073 0 1 4 0
24641691 0 1 4 1
24642413 16 1 1 0
24643825 38 0 1 1
24644287 294 0 1 0
24645031 16 1 1 1
24649963 2 1 4 0
24652636 2 1 4 1
24653303 8 1 3 0
24654715 294 0 1 1
24655177 38 0 1 0
24655921 8 1 3 1
24660853 0 1 4 0
24663471 0 1 4 1
24664193 16 1 1 0
24665605 38 0 1 1
24666067 294 0 1 0
24666811 16 1 1 1
24671743 2 1 4 0
24674416 2 1 4 1
24675083 8 1 3 0
24676495 294 0 1 1
24676957 38 0 1 0
24677701 8 1 3 1
24682633 0 1 4 0
24685251 0 1 4 1
24685973 16 1 1 0
24687385 38 0 1 1
24687847 294 0 1 0
24688591 16 1 1 1
24693523 2 1 4 0
24696196 2 1 4 1
24696863 8 1 3 0
24698275 294 0 1 1
24698737 38 0 1 0
24699481 8 1 3 1
24704413 0 1 4 0
24707031 0 1 4 1
24707753 16 1 1 0
24709165 38 0 1 1
24709627 294 0 1 0
24710371 16 1 1 1
24715303 2 1 4 0
24717976 2 1 4 1
24718643 8 1 3 0
24720055 294 0 1 1
24720517 38 0 1 0
24721261 8 1 3 1
24726193 0 1 4 0
24728811 0 1 4 1
24729533 16 1 1 0
24730945 38 0 1 1
24731407 294 0 1 0
24732151 16 1 1 1
24737083 2 1 4 0
24739756 2 1 4 1
24740423 8 1 3 0
24741835 294 0 1 1
24742297 38 0 1 0
24743041 8 1 3 1
24747973 0 1 4 0
24750591 0 1 4 1
24751313 16 1 1 0
24752725 38 0 1 1
24753187 294 0 1 0
24753931 16 1 1 1
24758863 2 1 4 0
24761536 2 1 4 1
24762203 8 1 3 0
24763615 294 0 1 1
24764077 38 0 1 0
24764821 8 1 3 1
24769753 0 1 4 0
24772371 0 1 4 1
24773093 16 1 1 0
24774505 38 0 1 1
24774967 294 0 1 0
24775711 16 1 1 1
24780643 2 1 4 0
24783316 2 1 4 1
24783983 8 1 3 0
24785395 294 0 1 1
24785857 38 0 1 0
24786601 8 1 3 1
24791533 0 1 4 0
24794151 0 1 4 1
24794873 16 1 1 0
24796285 38 0 1 1
24796747 294 0 1 0
24797491 16 1 1 1
24802423 2 1 4 0
24805096 2 1 4 1
24805763 8 1 3 0
24807175 294 0 1 1
24807637 38 0 1 0
24808381 8 1 3 1
24813313 0 1 4 0
24815931 0 1 4 1
24816653 16 1 1 0
24818065 38 0 1 1
24818527 294 0 1 0
24819271 16 1 1 1
24824203 2 1 4 0
24826876 2 1 4 1
24827543 8 1 3 0
24828955 294 0 1 1
24829417 38 0 1 0
24830161 8 1 3 1
24835093 0 1 4 0
24837711 0 1 4 1
24838433 16 1 1 0
24839845 38 0 1 1
24840307 294 0 1 0
24841051 16 1 1 1
24845983 2 1 4 0
24848656 2 1 4 1
24849323 8 1 3 0
24850735 294 0 1 1
24851197 38 0 1 0
24851941 8 1 3 1
24856873 0 1 4 0
24859491 0 1 4 1
24860213 16 1 1 0
24861625 38 0 1 1
24862087 294 0 1 0
24862831 16 1 1 1
24867763 2 1 4 0
24870436 2 1 4 1
24871103 8 1 3 0
24872515 294 0 1 1
24872977 38 0 1 0
24873721 8 1 3 1
24878653 0 1 4 0
24881271 0 1 4 1
24881993 16 1 1 0
24883405 38 0 1 1
24883867 294 0 1 0
24884611 16 1 1 1
24889543 2 1 4 0
24892216 2 1 4 1
24892883 8 1 3 0
24894295 294 0 1 1
24894757 38 0 1 0
24895501 8 1 3 1
24900433 0 1 4 0
24903051 0 1 4 1
24903773 16 1 1 0
24905185 38 0 1 1
24905647 294 0 1 0
24906391 16 1 1 1
24911323 2 1 4 0
24913996 2 1 4 1
24914663 8 1 3 0
24916075 294 0 1 1
24916537 38 0 1 0
24917281 8 1 3 1
24922213 0 1 4 0
24924831 0 1 4 1
24925553 16 1 1 0
24926965 38 0 1 1
24927427 294 0 1 0
24928171 16 1 1 1
24933103 2 1 4 0
24935776 2 1 4 1
24936443 8 1 3 0
24937855 294 0 1 1
24938317 38 0 1 0
24939061 8 1 3 1
24943993 0 1 4 0
24946611 0 1 4 1
24947333 16 1 1 0
24948745 38 0 1 1
24949207 294 0 1 0
24949951 16 1 1 1
24954883 2 1 4 0
24957556 2 1 4 1
24958223 8 1 3 0
24959635 294 0 1 1
24960097 38 0 1 0
24960841 8 1 3 1
24965773 0 1 4 0
24968391 0 1 4 1
24969113 16 1 1 0
24970525 38 0 1 1
24970987 294 0 1 0
24971731 16 1 1 1
24976663 2 1 4 0
24979336 2 1 4 1
24980003 8 1 3 0
24981415 294 0 1 1
24981877 38 0 1 0
24982621 8 1 3 1
24987553 0 1 4 0
24990171 0 1 4 1
24990893 16 1 1 0
24992305 38 0 1 1
24992767 294 0 1 0
24993511 16 1 1 1
24998443 2 1 4 0
25001116 2 1 4 1
25001783 8 1 3 0
25003195 294 0 1 1
25003657 38 0 1 0
25004401 8 1 3 1
25009333 0 1 4 0
25011951 0 1 4 1
25012673 16 1 1 0
25014085 38 0 1 1
25014547 294 0 1 0
25015291 16 1 1 1
25020223 2 1 4 0
25022896 2 1 4 1
25023563 8 1 3 0
25024975 294 0 1 1
25025437 38 0 1 0
25026181 8 1 3 1
25031113 0 1 4 0
25033731 0 1 4 1
25034453 16 1 1 0
25035865 38 0 1 1
25036327 294 0 1 0
25037071 16 1 1 1
25042003 2 1 4 0
25044676 2 1 4 1
25045343 8 1 3 0
25046755 294 0 1 1
25047217 38 0 1 0
25047961 8 1 3 1
25052893 0 1 4 0
25055511 0 1 4 1
25056233 16 1 1 0
25057645 38 0 1 1
25058107 294 0 1 0
25058851 16 1 1 1
25063783 2 1 4 0
25066456 2 1 4 1
25067123 8 1 3 0
25068535 294 0 1 1
25068997 38 0 1 0
25069741 8 1 3 1
25074673 0 1 4 0
25077291 0 1 4 1
25078013 16 1 1 0
25079425 38 0 1 1
25079887 294 0 1 0
25080631 16 1 1 1
25085563 2 1 4 0
25088236 2 1 4 1
25088903 8 1 3 0
25090315 294 0 1 1
25090777 38 0 1 0
25091521 8 1 3 1
25096453 0 1 4 0
25099071 0 1 4 1
25099793 16 1 1 0
25101205 38 0 1 1
25101667 294 0 1 0
25102411 16 1 1 1
25107343 2 1 4 0
25110016 2 1 4 1
25110683 8 1 3 0
25112095 294 0 1 1
25112557 38 0 1 0
25113301 8 1 3 1
25118233 0 1 4 0
25120851 0 1 4 1
25121573 16 1 1 0
25122985 38 0 1 1
25123447 294 0 1 0
25124191 16 1 1 1
25129123 2 1 4 0
25131796 2 1 4 1
25132463 8 1 3 0
25133875 294 0 1 1
25134337 38 0 1 0
25135081 8 1 3 1
25140013 0 1 4 0
25142631 0 1 4 1
25143353 16 1 1 0
25144765 38 0 1 1
25145227 294 0 1 0
25145971 16 1 1 1
25150903 2 1 4 0
25153576 2 1 4 1
25154243 8 1 3 0
25155655 294 0 1 1
25156117 38 0 1 0
25156861 8 1 3 1
25161793 0 1 4 0
25164411 0 1 4 1
25165133 16 1 1 0
25166545 38 0 1 1
25167007 294 0 1 0
25167751 16 1 1 1
25172683 2 1 4 0
25175356 2 1 4 1
25176023 8 1 3 0
25177435 294 0 1 1
25177897 38 0 1 0
25178641 8 1 3 1
25183573 0 1 4 0
25186191 0 1 4 1
25186913 16 1 1 0
25188325 38 0 1 1
25188787 294 0 1 0
25189531 16 1 1 1
25194463 2 1 4 0
25197136 2 1 4 1
25197803 8 1 3 0
25199215 294 0 1 1
25199677 38 0 1 0
25200421 8 1 3 1
25205353 0 1 4 0
25207971 0 1 4 1
25208693 16 1 1 0
25210105 38 0 1 1
25210567 294 0 1 0
25211311 16 1 1 1
25216243 2 1 4 0
25218916 2 1 4 1
25219583 8 1 3 0
25220995 294 0 1 1
25221457 38 0 1 0
25222201 8 1 3 1
25227133 0 1 4 0
25229751 0 1 4 1
25230473 16 1 1 0
25231885 38 0 1 1
25232347 294 0 1 0
25233091 16 1 1 1
25238023 2 1 4 0
25240696 2 1 4 1
25241363 8 1 3 0
25242775 294 0 1 1
25243237 38 0 1 0
25243981 8 1 3 1
25248913 0 1 4 0
25251531 0 1 4 1
25252253 16 1 1 0
25253665 38 0 1 1
25254127 294 0 1 0
25254871 16 1 1 1
25259803 2 1 4 0
25262476 2 1 4 1
25263143 8 1 3 0
25264555 294 0 1 1
25265017 38 0 1 0
25265761 8 1 3 1
25270693 0 1 4 0
25273311 0 1 4 1
25274033 16 1 1 0
25275445 38 0 1 1
25275907 294 0 1 0
25276651 16 1 1 1
25281583 2 1 4 0
25284256 2 1 4 1
25284923 8 1 3 0
25286335 294 0 1 1
25286797 38 0 1 0
25287541 8 1 3 1
25292473 0 1 4 0
25295091 0 1 4 1
25295813 16 1 1 0
25297225 38 0 1 1
25297687 294 0 1 0
25298431 16 1 1 1
25303363 2 1 4 0
25306036 2 1 4 1
25306703 8 1 3 0
25308115 294 0 1 1
25308577 38 0 1 0
25309321 8 1 3 1
25314253 0 1 4 0
25316871 0 1 4 1
25317593 16 1 1 0
25319005 38 0 1 1
25319467 294 0 1 0
25320211 16 1 1 1
25325143 2 1 4 0
25327816 2 1 4 1
25328483 8 1 3 0
25329895 294 0 1 1
25330357 38 0 1 0
25331101 8 1 3 1
25336033 0 1 4 0
25338651 0 1 4 1
25339373 16 1 1 0
25340785 38 0 1 1
25341247 294 0 1 0
25341991 16 1 1 1
25346923 2 1 4 0
25349596 2 1 4 1
25350263 8 1 3 0
25351675 294 0 1 1
25352137 38 0 1 0
25352881 8 1 3 1
25357813 0 1 4 0
25360431 0 1 4 1
25361153 16 1 1 0
25362565 38 0 1 1
25363027 294 0 1 0
25363771 16 1 1 1
25368703 2 1 4 0
25371376 2 1 4 1
25372043 8 1 3 0
25373455 294 0 1 1
25373917 38 0 1 0
25374661 8 1 3 1
25379593 0 1 4 0
25382211 0 1 4 1
25382933 16 1 1 0
25384345 38 0 1 1
25384807 294 0 1 0
25385551 16 1 1 1
25390483 2 1 4 0
25393156 2 1 4 1
25393823 8 1 3 0
25395235 294 0 1 1
25395697 38 0 1 0
25396441 8 1 3 1
25401373 0 1 4 0
25403991 0 1 4 1
25404713 16 1 1 0
25406125 38 0 1 1
25406587 294 0 1 0
25407331 16 1 1 1
25412263 2 1 4 0
25414936 2 1 4 1
25415603 8 1 3 0
25417015 294 0 1 1
25417477 38 0 1 0
25418221 8 1 3 1
25423153 0 1 4 0
25425771 0 1 4 1
25426493 16 1 1 0
25427905 38 0 1 1
25428367 294 0 1 0
25429111 16 1 1 1
25434043 2 1 4 0
25436716 2 1 4 1
25437383 8 1 3 0
25438795 294 0 1 1
25439257 38 0 1 0
25440001 8 1 3 1
25444933 0 1 4 0
25447551 0 1 4 1
25448273 16 1 1 0
25449685 38 0 1 1
25450147 294 0 1 0
25450891 16 1 1 1
25455823 2 1 4 0
25458496 2 1 4 1
25459163 8 1 3 0
25460575 294 0 1 1
25461037 38 0 1 0
25461781 8 1 3 1
25466713 0 1 4 0
25469331 0 1 4 1
25470053 16 1 1 0
25471465 38 0 1 1
25471927 294 0 1 0
25472671 16 1 1 1
25477603 2 1 4 0
25480276 2 1 4 1
25480943 8 1 3 0
25482355 294 0 1 1
25482817 38 0 1 0
25483561 8 1 3 1
25488493 0 1 4 0
25491111 0 1 4 1
25491833 16 1 1 0
25493245 38 0 1 1
25493707 294 0 1 0
25494451 16 1 1 1
25499383 2 1 4 0
25502056 2 1 4 1
25502723 8 1 3 0
25504135 294 0 1 1
25504597 38 0 1 0
25505341 8 1 3 1
25510273 0 1 4 0
25512891 0 1 4 1
25513613 16 1 1 0
25515025 38 0 1 1
25515487 294 0 1 0
25516231 16 1 1 1
25521163 2 1 4 0
25523836 2 1 4 1
25524503 8 1 3 0
25525915 294 0 1 1
25526377 38 0 1 0
25527121 8 1 3 1
25532053 0 1 4 0
25534671 0 1 4 1
25535393 16 1 1 0
25536805 38 0 1 1
25537267 294 0 1 0
25538011 16 1 1 1
25542943 2 1 4 0
25545616 2 1 4 1
25546283 8 1 3 0
25547695 294 0 1 1
25548157 38 0 1 0
25548901 8 1 3 1
25553833 0 1 4 0
25556451 0 1 4 1
25557173 16 1 1 0
25558585 38 0 1 1
25559047 294 0 1 0
25559791 16 1 1 1
25564723 2 1 4 0
25567396 2 1 4 1
25568063 8 1 3 0
25569475 294 0 1 1
25569937 38 0 1 0
25570681 8 1 3 1
25575613 0 1 4 0
25578231 0 1 4 1
25578953 16 1 1 0
25580365 38 0 1 1
25580827 294 0 1 0
25581571 16 1 1 1
25586503 2 1 4 0
25589176 2 1 4 1
25589843 8 1 3 0
25591255 294 0 1 1
25591717 38 0 1 0
25592461 8 1 3 1
25597393 0 1 4 0
25600011 0 1 4 1
25600733 16 1 1 0
25602145 38 0 1 1
25602607 294 0 1 0
25603351 16 1 1 1
25608283 2 1 4 0
25610956 2 1 4 1
25611623 8 1 3 0
25613035 294 0 1 1
25613497 38 0 1 0
25614241 8 1 3 1
25619173 0 1 4 0
25621791 0 1 4 1
25622513 16 1 1 0
25623925 38 0 1 1
25624387 294 0 1 0
25625131 16 1 1 1
25630063 2 1 4 0
25632736 2 1 4 1
25633403 8 1 3 0
25634815 294 0 1 1
25635277 38 0 1 0
25636021 8 1 3 1
25640953 0 1 4 0
25643571 0 1 4 1
25644293 16 1 1 0
25645705 38 0 1 1
25646167 294 0 1 0
25646911 16 1 1 1
25651843 2 1 4 0
25654516 2 1 4 1
25655183 8 1 3 0
25656595 294 0 1 1
25657057 38 0 1 0
25657801 8 1 3 1
25662733 0 1 4 0
25665351 0 1 4 1
25666073 16 1 1 0
25667485 38 0 1 1
25667947 294 0 1 0
25668691 16 1 1 1
25673623 2 1 4 0
25676296 2 1 4 1
25676963 8 1 3 0
25678375 294 0 1 1
25678837 38 0 1 0
25679581 8 1 3 1
25684513 0 1 4 0
25687131 0 1 4 1
25687853 16 1 1 0
25689265 38 0 1 1
25689727 294 0 1 0
25690471 16 1 1 1
25695403 2 1 4 0
25698076 2 1 4 1
25698743 8 1 3 0
25700155 294 0 1 1
25700617 38 0 1 0
25701361 8 1 3 1
25706293 0 1 4 0
25708911 0 1 4 1
25709633 16 1 1 0
25711045 38 0 1 1
25711507 294 0 1 0
25712251 16 1 1 1
25717183 2 1 4 0
25719856 2 1 4 1
25720523 8 1 3 0
25721935 294 0 1 1
25722397 38 0 1 0
25723141 8 1 3 1
25728073 0 1 4 0
25730691 0 1 4 1
25731413 16 1 1 0
25732825 38 0 1 1
25733287 294 0 1 0
25734031 16 1 1 1
25738963 2 1 4 0
25741636 2 1 4 1
25742303 8 1 3 0
25743715 294 0 1 1
25744177 38 0 1 0
25744921 8 1 3 1
25749853 0 1 4 0
25752471 0 1 4 1
25753193 16 1 1 0
25754605 38 0 1 1
25755067 294 0 1 0
25755811 16 1 1 1
25760743 2 1 4 0
25763416 2 1 4 1
25764083 8 1 3 0
25765495 294 0 1 1
25765957 38 0 1 0
25766701 8 1 3 1
25771633 0 1 4 0
25774251 0 1 4 1
25774973 16 1 1 0
25776385 38 0 1 1
25776847 294 0 1 0
25777591 16 1 1 1
25782523 2 1 4 0
25785196 2 1 4 1
25785863 8 1 3 0
25787275 294 0 1 1
25787737 38 0 1 0
25788481 8 1 3 1
25793413 0 1 4 0
25796031 0 1 4 1
25796753 16 1 1 0
25798165 38 0 1 1
25798627 294 0 1 0
25799371 16 1 1 1
25804303 2 1 4 0
25806976 2 1 4 1
25807643 8 1 3 0
25809055 294 0 1 1
25809517 38 0 1 0
25810261 8 1 3 1
25815193 0 1 4 0
25817811 0 1 4 1
25818533 16 1 1 0
25819945 38 0 1 1
25820407 294 0 1 0
25821151 16 1 1 1
25826083 2 1 4 0
25828756 2 1 4 1
25829423 8 1 3 0
25830835 294 0 1 1
25831297 38 0 1 0
25832041 8 1 3 1
25836973 0 1 4 0
25839591 0 1 4 1
25840313 16 1 1 0
25841725 38 0 1 1
25842187 294 0 1 0
25842931 16 1 1 1
25847863 2 1 4 0
25850536 2 1 4 1
25851203 8 1 3 0
25852615 294 0 1 1
25853077 38 0 1 0
25853821 8 1 3 1
25858753 0 1 4 0
25861371 0 1 4 1
25862093 16 1 1 0
25863505 38 0 1 1
25863967 294 0 1 0
25864711 16 1 1 1
25869643 2 1 4 0
25872316 2 1 4 1
25872983 8 1 3 0
25874395 294 0 1 1
25874857 38 0 1 0
25875601 8 1 3 1
25880533 0 1 4 0
25883151 0 1 4 1
25883873 16 1 1 0
25885285 38 0 1 1
25885747 294 0 1 0
25886491 16 1 1 1
25891423 2 1 4 0
25894096 2 1 4 1
25894763 8 1 3 0
25896175 294 0 1 1
25896637 38 0 1 0
25897381 8 1 3 1
25902313 0 1 4 0
25904931 0 1 4 1
25905653 16 1 1 0
25907065 38 0 1 1
25907527 294 0 1 0
25908271 16 1 1 1
25913203 2 1 4 0
25915876 2 1 4 1
25916543 8 1 3 0
25917955 294 0 1 1
25918417 38 0 1 0
25919161 8 1 3 1
25924093 0 1 4 0
25926711 0 1 4 1
25927433 16 1 1 0
25928845 38 0 1 1
25929307 294 0 1 0
25930051 16 1 1 1
25934983 2 1 4 0
25937656 2 1 4 1
25938323 8 1 3 0
25939735 294 0 1 1
25940197 38 0 1 0
25940941 8 1 3 1
25945873 0 1 4 0
25948491 0 1 4 1
25949213 16 1 1 0
25950625 38 0 1 1
25951087 294 0 1 0
25951831 16 1 1 1
25956763 2 1 4 0
25959436 2 1 4 1
25960103 8 1 3 0
25961515 294 0 1 1
25961977 38 0 1 0
25962721 8 1 3 1
25967653 0 1 4 0
25970271 0 1 4 1
25970993 16 1 1 0
25972405 38 0 1 1
25972867 294 0 1 0
25973611 16 1 1 1
25978543 2 1 4 0
25981216 2 1 4 1
25981883 8 1 3 0
25983295 294 0 1 1
25983757 38 0 1 0
25984501 8 1 3 1
25989433 0 1 4 0
25992051 0 1 4 1
25992773 16 1 1 0
25994185 38 0 1 1
25994647 294 0 1 0
25995391 16 1 1 1
26000323 2 1 4 0
26002996 2 1 4 1
26003663 8 1 3 0
26005075 294 0 1 1
26005537 38 0 1 0
26006281 8 1 3 1
26011213 0 1 4 0
26013831 0 1 4 1
26014553 16 1 1 0
26015965 38 0 1 1
26016427 294 0 1 0
26017171 16 1 1 1
26022103 2 1 4 0
26024776 2 1 4 1
26025443 8 1 3 0
26026855 294 0 1 1
26027317 38 0 1 0
26028061 8 1 3 1
26032993 0 1 4 0
26035611 0 1 4 1
26036333 16 1 1 0
26037745 38 0 1 1
26038207 294 0 1 0
26038951 16 1 1 1
26043883 2 1 4 0
26046556 2 1 4 1
26047223 8 1 3 0
26048635 294 0 1 1
26049097 38 0 1 0
26049841 8 1 3 1
26054773 0 1 4 0
26057391 0 1 4 1
26058113 16 1 1 0
26059525 38 0 1 1
26059987 294 0 1 0
26060731 16 1 1 1
26065663 2 1 4 0
26068336 2 1 4 1
26069003 8 1 3 0
26070415 294 0 1 1
26070877 38 0 1 0
26071621 8 1 3 1
26076553 0 1 4 0
26079171 0 1 4 1
26079893 16 1 1 0
26081305 38 0 1 1
26081767 294 0 1 0
26082511 16 1 1 1
26087443 2 1 4 0
26090116 2 1 4 1
26090783 8 1 3 0
26092195 294 0 1 1
26092657 38 0 1 0
26093401 8 1 3 1
26098333 0 1 4 0
26100951 0 1 4 1
26101673 16 1 1 0
26103085 38 0 1 1
26103547 294 0 1 0
26104291 16 1 1 1
26109223 2 1 4 0
26111896 2 1 4 1
26112563 8 1 3 0
26113975 294 0 1 1
26114437 38 0 1 0
26115181 8 1 3 1
26120113 0 1 4 0
26122731 0 1 4 1
26123453 16 1 1 0
26124865 38 0 1 1
26125327 294 0 1 0
26126071 16 1 1 1
26131003 2 1 4 0
26133676 2 1 4 1
26134343 8 1 3 0
26135755 294 0 1 1
26136217 38 0 1 0
26136961 8 1 3 1
26141893 0 1 4 0
26144511 0 1 4 1
26145233 16 1 1 0
26146645 38 0 1 1
26147107 294 0 1 0
26147851 16 1 1 1
26152783 2 1 4 0
26155456 2 1 4 1
26156123 8 1 3 0
26157535 294 0 1 1
26157997 38 0 1 0
26158741 8 1 3 1
26163673 0 1 4 0
26166291 0 1 4 1
26167013 16 1 1 0
26168425 38 0 1 1
26168887 294 0 1 0
26169631 16 1 1 1
26174563 2 1 4 0
26177236 2 1 4 1
26177903 8 1 3 0
26179315 294 0 1 1
26179777 38 0 1 0
26180521 8 1 3 1
26185453 0 1 4 0
26188071 0 1 4 1
26188793 16 1 1 0
26190205 38 0 1 1
26190667 294 0 1 0
26191411 16 1 1 1
26196343 2 1 4 0
26199016 2 1 4 1
26199683 8 1 3 0
26201095 294 0 1 1
26201557 38 0 1 0
26202301 8 1 3 1
26207233 0 1 4 0
26209851 0 1 4 1
26210573 16 1 1 0
26211985 38 0 1 1
26212447 294 0 1 0
26213191 16 1 1 1
26218123 2 1 4 0
26220796 2 1 4 1
26221463 8 1 3 0
26222875 294 0 1 1
26223337 38 0 1 0
26224081 8 1 3 1
26229013 0 1 4 0
26231631 0 1 4 1
26232353 16 1 1 0
26233765 38 0 1 1
26234227 294 0 1 0
26234971 16 1 1 1
26239903 2 1 4 0
26242576 2 1 4 1
26243243 8 1 3 0
26244655 294 0 1 1
26245117 38 0 1 0
26245861 8 1 3 1
26250793 0 1 4 0
26253411 0 1 4 1
26254133 16 1 1 0
26255545 38 0 1 1
26256007 294 0 1 0
26256751 16 1 1 1
26261683 2 1 4 0
26264356 2 1 4 1
26265023 8 1 3 0
26266435 294 0 1 1
26266897 38 0 1 0
26267641 8 1 3 1
26272573 0 1 4 0
26275191 0 1 4 1
26275913 16 1 1 0
26277325 38 0 1 1
26277787 294 0 1 0
26278531 16 1 1 1
26283463 2 1 4 0
26286136 2 1 4 1
26286803 8 1 3 0
26288215 294 0 1 1
26288677 38 0 1 0
26289421 8 1 3 1
26294353 0 1 4 0
26296971 0 1 4 1
26297693 16 1 1 0
26299105 38 0 1 1
26299567 294 0 1 0
26300311 16 1 1 1
26305243 2 1 4 0
26307916 2 1 4 1
26308583 8 1 3 0
26309995 294 0 1 1
26310457 38 0 1 0
26311201 8 1 3 1
26316133 0 1 4 0
26318751 0 1 4 1
26319473 16 1 1 0
26320885 38 0 1 1
26321347 294 0 1 0
26322091 16 1 1 1
26327023 2 1 4 0
26329696 2 1 4 1
26330363 8 1 3 0
26331775 294 0 1 1
26332237 38 0 1 0
26332981 8 1 3 1
26337913 0 1 4 0
26340531 0 1 4 1
26341253 16 1 1 0
26342665 38 0 1 1
26343127 294 0 1 0
26343871 16 1 1 1
26348803 2 1 4 0
26351476 2 1 4 1
26352143 8 1 3 0
26353555 294 0 1 1
26354017 38 0 1 0
26354761 8 1 3 1
26359693 0 1 4 0
26362311 0 1 4 1
26363033 16 1 1 0
26364445 38 0 1 1
26364907 294 0 1 0
26365651 16 1 1 1
26370583 2 1 4 0
26373256 2 1 4 1
26373923 8 1 3 0
26375335 294 0 1 1
26375797 38 0 1 0
26376541 8 1 3 1
26381473 0 1 4 0
26384091 0 1 4 1
26384813 16 1 1 0
26386225 38 0 1 1
26386687 294 0 1 0
26387431 16 1 1 1
26392363 2 1 4 0
26395036 2 1 4 1
26395703 8 1 3 0
26397115 294 0 1 1
26397577 38 0 1 0
26398321 8 1 3 1
26403253 0 1 4 0
26405871 0 1 4 1
26406593 16 1 1 0
26408005 38 0 1 1
26408467 294 0 1 0
26409211 16 1 1 1
26414143 2 1 4 0
26416816 2 1 4 1
26417483 8 1 3 0
26418895 294 0 1 1
26419357 38 0 1 0
26420101 8 1 3 1
26425033 0 1 4 0
26427651 0 1 4 1
26428373 16 1 1 0
26429785 38 0 1 1
26430247 294 0 1 0
26430991 16 1 1 1
26435923 2 1 4 0
26438596 2 1 4 1
26439263 8 1 3 0
26440675 294 0 1 1
26441137 38 0 1 0
26441881 8 1 3 1
26446813 0 1 4 0
26449431 0 1 4 1
26450153 16 1 1 0
26451565 38 0 1 1
26452027 294 0 1 0
26452771 16 1 1 1
26457703 2 1 4 0
26460376 2 1 4 1
26461043 8 1 3 0
26462455 294 0 1 1
26462917 38 0 1 0
26463661 8 1 3 1
26468593 0 1 4 0
26471211 0 1 4 1
26471933 16 1 1 0
26473345 38 0 1 1
26473807 294 0 1 0
26474551 16 1 1 1
26479483 2 1 4 0
26482156 2 1 4 1
26482823 8 1 3 0
26484235 294 0 1 1
26484697 38 0 1 0
26485441 8 1 3 1
26490373 0 1 4 0
26492991 0 1 4 1
26493713 16 1 1 0
26495125 38 0 1 1
26495587 294 0 1 0
26496331 16 1 1 1
26501263 2 1 4 0
26503936 2 1 4 1
26504603 8 1 3 0
26506015 294 0 1 1
26506477 38 0 1 0
26507221 8 1 3 1
26512153 0 1 4 0
26514771 0 1 4 1
26515493 16 1 1 0
26516905 38 0 1 1
26517367 294 0 1 0
26518111 16 1 1 1
26523043 2 1 4 0
26525716 2 1 4 1
26526383 8 1 3 0
26527795 294 0 1 1
26528257 38 0 1 0
26529001 8 1 3 1
26533933 0 1 4 0
26536551 0 1 4 1
26537273 16 1 1 0
26538685 38 0 1 1
26539147 294 0 1 0
26539891 16 1 1 1
26544823 2 1 4 0
26547496 2 1 4 1
26548163 8 1 3 0
26549575 294 0 1 1
26550037 38 0 1 0
26550781 8 1 3 1
26555713 0 1 4 0
26558331 0 1 4 1
26559053 16 1 1 0
26560465 38 0 1 1
26560927 294 0 1 0
26561671 16 1 1 1
26566603 2 1 4 0
26569276 2 1 4 1
26569943 8 1 3 0
26571355 294 0 1 1
26571817 38 0 1 0
26572561 8 1 3 1
26577493 0 1 4 0
26580111 0 1 4 1
26580833 16 1 1 0
26582245 38 0 1 1
26582707 294 0 1 0
26583451 16 1 1 1
26588383 2 1 4 0
26591056 2 1 4 1
26591723 8 1 3 0
26593135 294 0 1 1
26593597 38 0 1 0
26594341 8 1 3 1
26599273 0 1 4 0
26601891 0 1 4 1
26602613 16 1 1 0
26604025 38 0 1 1
26604487 294 0 1 0
26605231 16 1 1 1
26610163 2 1 4 0
26612836 2 1 4 1
26613503 8 1 3 0
26614915 294 0 1 1
26615377 38 0 1 0
26616121 8 1 3 1
26621053 0 1 4 0
26623671 0 1 4 1
26624393 16 1 1 0
26625805 38 0 1 1
26626267 294 0 1 0
26627011 16 1 1 1
26631943 2 1 4 0
26634616 2 1 4 1
26635283 8 1 3 0
26636695 294 0 1 1
26637157 38 0 1 0
26637901 8 1 3 1
26642833 0 1 4 0
26645451 0 1 4 1
26646173 16 1 1 0
26647585 38 0 1 1
26648047 294 0 1 0
26648791 16 1 1 1
26653723 2 1 4 0
26656396 2 1 4 1
26657063 8 1 3 0
26658475 294 0 1 1
26658937 38 0 1 0
26659681 8 1 3 1
26664613 0 1 4 0
26667231 0 1 4 1
26667953 16 1 1 0
26669365 38 0 1 1
26669827 294 0 1 0
26670571 16 1 1 1
26675503 2 1 4 0
26678176 2 1 4 1
26678843 8 1 3 0
26680255 294 0 1 1
26680717 38 0 1 0
26681461 8 1 3 1
26686393 0 1 4 0
26689011 0 1 4 1
26689733 16 1 1 0
26691145 38 0 1 1
26691607 294 0 1 0
26692351 16 1 1 1
26697283 2 1 4 0
26699956 2 1 4 1
26700623 8 1 3 0
26702035 294 0 1 1
26702497 38 0 1 0
26703241 8 1 3 1
26708173 0 1 4 0
26710791 0 1 4 1
26711513 16 1 1 0
26712925 38 0 1 1
26713387 294 0 1 0
26714131 16 1 1 1
26719063 2 1 4 0
26721736 2 1 4 1
26722403 8 1 3 0
26723815 294 0 1 1
26724277 38 0 1 0
26725021 8 1 3 1
26729953 0 1 4 0
26732571 0 1 4 1
26733293 16 1 1 0
26734705 38 0 1 1
26735167 294 0 1 0
26735911 16 1 1 1
26740843 2 1 4 0
26743516 2 1 4 1
26744183 8 1 3 0
26745595 294 0 1 1
26746057 38 0 1 0
26746801 8 1 3 1
26751733 0 1 4 0
26754351 0 1 4 1
26755073 16 1 1 0
26756485 38 0 1 1
26756947 294 0 1 0
26757691 16 1 1 1
26762623 2 1 4 0
26765296 2 1 4 1
26765963 8 1 3 0
26767375 294 0 1 1
26767837 38 0 1 0
26768581 8 1 3 1
26773513 0 1 4 0
26776131 0 1 4 1
26776853 16 1 1 0
26778265 38 0 1 1
26778727 294 0 1 0
26779471 16 1 1 1
26784403 2 1 4 0
26787076 2 1 4 1
26787743 8 1 3 0
26789155 294 0 1 1
26789617 38 0 1 0
26790361 8 1 3 1
26795293 0 1 4 0
26797911 0 1 4 1
26798633 16 1 1 0
26800045 38 0 1 1
26800507 294 0 1 0
26801251 16 1 1 1
26806183 2 1 4 0
26808856 2 1 4 1
26809523 8 1 3 0
26810935 294 0 1 1
26811397 38 0 1 0
26812141 8 1 3 1
26817073 0 1 4 0
26819691 0 1 4 1
26820413 16 1 1 0
26821825 38 0 1 1
26822287 294 0 1 0
26823031 16 1 1 1
26827963 2 1 4 0
26830636 2 1 4 1
26831303 8 1 3 0
26832715 294 0 1 1
26833177 38 0 1 0
26833921 8 1 3 1
26838853 0 1 4 0
26841471 0 1 4 1
26842193 16 1 1 0
26843605 38 0 1 1
26844067 294 0 1 0
26844811 16 1 1 1
26849743 2 1 4 0
26852416 2 1 4 1
26853083 8 1 3 0
26854495 294 0 1 1
26854957 38 0 1 0
26855701 8 1 3 1
26860633 0 1 4 0
26863251 0 1 4 1
26863973 16 1 1 0
26865385 38 0 1 1
26865847 294 0 1 0
26866591 16 1 1 1
26871523 2 1 4 0
26874196 2 1 4 1
26874863 8 1 3 0
26876275 294 0 1 1
26876737 38 0 1 0
26877481 8 1 3 1
26882413 0 1 4 0
26885031 0 1 4 1
26885753 16 1 1 0
26887165 38 0 1 1
26887627 294 0 1 0
26888371 16 1 1 1
26893303 2 1 4 0
26895976 2 1 4 1
26896643 8 1 3 0
26898055 294 0 1 1
26898517 38 0 1 0
26899261 8 1 3 1
26904193 0 1 4 0
26906811 0 1 4 1
26907533 16 1 1 0
26908945 38 0 1 1
26909407 294 0 1 0
26910151 16 1 1 1
26915083 2 1 4 0
26917756 2 1 4 1
26918423 8 1 3 0
26919835 294 0 1 1
26920297 38 0 1 0
26921041 8 1 3 1
26925973 0 1 4 0
26928591 0 1 4 1
26929313 16 1 1 0
26930725 38 0 1 1
26931187 294 0 1 0
26931931 16 1 1 1
26936863 2 1 4 0
26939536 2 1 4 1
26940203 8 1 3 0
26941615 294 0 1 1
26942077 38 0 1 0
26942821 8 1 3 1
26947753 0 1 4 0
26950371 0 1 4 1
26951093 16 1 1 0
26952505 38 0 1 1
26952967 294 0 1 0
26953711 16 1 1 1
26958643 2 1 4 0
26961316 2 1 4 1
26961983 8 1 3 0
26963395 294 0 1 1
26963857 38 0 1 0
26964601 8 1 3 1
26969533 0 1 4 0
26972151 0 1 4 1
26972873 16 1 1 0
26974285 38 0 1 1
26974747 294 0 1 0
26975491 16 1 1 1
26980423 2 1 4 0
26983096 2 1 4 1
26983763 8 1 3 0
26985175 294 0 1 1
26985637 38 0 1 0
26986381 8 1 3 1
26991313 0 1 4 0
26993931 0 1 4 1
26994653 16 1 1 0
26996065 38 0 1 1
26996527 294 0 1 0
26997271 16 1 1 1
27002203 2 1 4 0
27004876 2 1 4 1
27005543 8 1 3 0
27006955 294 0 1 1
27007417 38 0 1 0
27008161 8 1 3 1
27013093 0 1 4 0
27015711 0 1 4 1
27016433 16 1 1 0
27017845 38 0 1 1
27018307 294 0 1 0
27019051 16 1 1 1
27023983 2 1 4 0
27026656 2 1 4 1
27027323 8 1 3 0
27028735 294 0 1 1
27029197 38 0 1 0
27029941 8 1 3 1
27034873 0 1 4 0
27037491 0 1 4 1
27038213 16 1 1 0
27039625 38 0 1 1
27040087 294 0 1 0
27040831 16 1 1 1
27045763 2 1 4 0
27048436 2 1 4 1
27049103 8 1 3 0
27050515 294 0 1 1
27050977 38 0 1 0
27051721 8 1 3 1
27056653 0 1 4 0
27059271 0 1 4 1
27059993 16 1 1 0
27061405 38 0 1 1
27061867 294 0 1 0
27062611 16 1 1 1
27067543 2 1 4 0
27070216 2 1 4 1
27070883 8 1 3 0
27072295 294 0 1 1
27072757 38 0 1 0
27073501 8 1 3 1
27078433 0 1 4 0
27081051 0 1 4 1
27081773 16 1 1 0
27083185 38 0 1 1
27083647 294 0 1 0
27084391 16 1 1 1
27089323 2 1 4 0
27091996 2 1 4 1
27092663 8 1 3 0
27094075 294 0 1 1
27094537 38 0 1 0
27095281 8 1 3 1
27100213 0 1 4 0
27102831 0 1 4 1
27103553 16 1 1 0
27104965 38 0 1 1
27105427 294 0 1 0
27106171 16 1 1 1
27111103 2 1 4 0
27113776 2 1 4 1
27114443 8 1 3 0
27115855 294 0 1 1
27116317 38 0 1 0
27117061 8 1 3 1
27121993 0 1 4 0
27124611 0 1 4 1
27125333 16 1 1 0
27126745 38 0 1 1
27127207 294 0 1 0
27127951 16 1 1 1
27132883 2 1 4 0
27135556 2 1 4 1
27136223 8 1 3 0
27137635 294 0 1 1
27138097 38 0 1 0
27138841 8 1 3 1
27143773 0 1 4 0
27146391 0 1 4 1
27147113 16 1 1 0
27148525 38 0 1 1
27148987 294 0 1 0
27149731 16 1 1 1
27154663 2 1 4 0
27157336 2 1 4 1
27158003 8 1 3 0
27159415 294 0 1 1
27159877 38 0 1 0
27160621 8 1 3 1
27165553 0 1 4 0
27168171 0 1 4 1
27168893 16 1 1 0
27170305 38 0 1 1
27170767 294 0 1 0
27171511 16 1 1 1
27176443 2 1 4 0
27179116 2 1 4 1
27179783 8 1 3 0
27181195 294 0 1 1
27181657 38 0 1 0
27182401 8 1 3 1
27187333 0 1 4 0
27189951 0 1 4 1
27190673 16 1 1 0
27192085 38 0 1 1
27192547 294 0 1 0
27193291 16 1 1 1
27198223 2 1 4 0
27200896 2 1 4 1
27201563 8 1 3 0
27202975 294 0 1 1
27203437 38 0 1 0
27204181 8 1 3 1
27209113 0 1 4 0
27211731 0 1 4 1
27212453 16 1 1 0
27213865 38 0 1 1
27214327 294 0 1 0
27215071 16 1 1 1
27220003 2 1 4 0
27222676 2 1 4 1
27223343 8 1 3 0
27224755 294 0 1 1
27225217 38 0 1 0
27225961 8 1 3 1
27230893 0 1 4 0
27233511 0 1 4 1
27234233 16 1 1 0
27235645 38 0 1 1
27236107 294 0 1 0
27236851 16 1 1 1
27241783 2 1 4 0
27244456 2 1 4 1
27245123 8 1 3 0
27246535 294 0 1 1
27246997 38 0 1 0
27247741 8 1 3 1
27252673 0 1 4 0
27255291 0 1 4 1
27256013 16 1 1 0
27257425 38 0 1 1
27257887 294 0 1 0
27258631 16 1 1 1
27263563 2 1 4 0
27266236 2 1 4 1
27266903 8 1 3 0
27268315 294 0 1 1
27268777 38 0 1 0
27269521 8 1 3 1
27274453 0 1 4 0
27277071 0 1 4 1
27277793 16 1 1 0
27279205 38 0 1 1
27279667 294 0 1 0
27280411 16 1 1 1
27285343 2 1 4 0
27288016 2 1 4 1
27288683 8 1 3 0
27290095 294 0 1 1
27290557 38 0 1 0
27291301 8 1 3 1
27296233 0 1 4 0
27298851 0 1 4 1
27299573 16 1 1 0
27300985 38 0 1 1
27301447 294 0 1 0
27302191 16 1 1 1
27307123 2 1 4 0
27309796 2 1 4 1
27310463 8 1 3 0
27311875 294 0 1 1
27312337 38 0 1 0
27313081 8 1 3 1
27318013 0 1 4 0
27320631 0 1 4 1
27321353 16 1 1 0
27322765 38 0 1 1
27323227 294 0 1 0
27323971 16 1 1 1
27328903 2 1 4 0
27331576 2 1 4 1
27332243 8 1 3 0
27333655 294 0 1 1
27334117 38 0 1 0
27334861 8 1 3 1
27339793 0 1 4 0
27342411 0 1 4 1
27343133 16 1 1 0
27344545 38 0 1 1
27345007 294 0 1 0
27345751 16 1 1 1
27350683 2 1 4 0
27353851 2 1 4 1
27354023 8 1 3 0
27355435 294 0 1 1
27355897 38 0 1 0
27357133 8 1 3 1
27363553 0 1 4 0
27366305 0 1 4 1
27366893 16 1 1 0
27368305 38 0 1 1
27368767 294 0 1 0
27369634 16 1 1 1
27374938 2 1 4 0
27377802 2 1 4 1
27378278 8 1 3 0
27379690 294 0 1 1
27380152 38 0 1 0
27381142 8 1 3 1
27386818 0 1 4 0
27389436 0 1 4 1
27390158 16 1 1 0
27391570 38 0 1 1
27392032 294 0 1 0
27392776 16 1 1 1
27397708 2 1 4 0
27400381 2 1 4 1
27401048 8 1 3 0
27402460 294 0 1 1
27402922 38 0 1 0
27403666 8 1 3 1
27408598 0 1 4 0
27411350 0 1 4 1
27411938 16 1 1 0
27413350 38 0 1 1
27413812 294 0 1 0
27414679 16 1 1 1
27419983 2 1 4 0
27422656 2 1 4 1
27423323 8 1 3 0
27424735 294 0 1 1
27425197 38 0 1 0
27425941 8 1 3 1
27430873 0 1 4 0
27433625 0 1 4 1
27434213 16 1 1 0
27435625 38 0 1 1
27436087 294 0 1 0
27436954 16 1 1 1
27442258 2 1 4 0
27444931 2 1 4 1
27445598 8 1 3 0
27447010 294 0 1 1
27447472 38 0 1 0
27448216 8 1 3 1
27453148 0 1 4 0
27456012 0 1 4 1
27456488 16 1 1 0
27457900 38 0 1 1
27458362 294 0 1 0
27459352 16 1 1 1
27465028 2 1 4 0
27467701 2 1 4 1
27468368 8 1 3 0
27469780 294 0 1 1
27470242 38 0 1 0
27470986 8 1 3 1
27475918 0 1 4 0
27478670 0 1 4 1
27479258 16 1 1 0
27480670 38 0 1 1
27481132 294 0 1 0
27481999 16 1 1 1
27487303 2 1 4 0
27489976 2 1 4 1
27490643 8 1 3 0
27492055 294 0 1 1
27492517 38 0 1 0
27493261 8 1 3 1
27498193 0 1 4 0
27500811 0 1 4 1
27501533 16 1 1 0
27502945 38 0 1 1
27503407 294 0 1 0
27504151 16 1 1 1
27509083 2 1 4 0
27511756 2 1 4 1
27512423 8 1 3 0
27513835 294 0 1 1
27514297 38 0 1 0
27515041 8 1 3 1
27519973 0 1 4 0
27522591 0 1 4 1
27523313 16 1 1 0
27524725 38 0 1 1
27525187 294 0 1 0
27525931 16 1 1 1
27530863 2 1 4 0
27533536 2 1 4 1
27534203 8 1 3 0
27535615 294 0 1 1
27536077 38 0 1 0
27536821 8 1 3 1
27541753 0 1 4 0
27544371 0 1 4 1
27545093 16 1 1 0
27546505 38 0 1 1
27546967 294 0 1 0
27547711 16 1 1 1
27552643 2 1 4 0
27555316 2 1 4 1
27555983 8 1 3 0
27557395 294 0 1 1
27557857 38 0 1 0
27558601 8 1 3 1
27563533 0 1 4 0
27566151 0 1 4 1
27566873 16 1 1 0
27568285 38 0 1 1
27568747 294 0 1 0
27569491 16 1 1 1
27574423 2 1 4 0
27577096 2 1 4 1
27577763 8 1 3 0
27579175 294 0 1 1
27579637 38 0 1 0
27580381 8 1 3 1
27585313 0 1 4 0
27587931 0 1 4 1
27588653 16 1 1 0
27590065 38 0 1 1
27590527 294 0 1 0
27591271 16 1 1 1
27596203 2 1 4 0
27598876 2 1 4 1
27599543 8 1 3 0
27600955 294 0 1 1
27601417 38 0 1 0
27602161 8 1 3 1
27607093 0 1 4 0
27609711 0 1 4 1
27610433 16 1 1 0
27611845 38 0 1 1
27612307 294 0 1 0
27613051 16 1 1 1
27617983 2 1 4 0
27620656 2 1 4 1
27621323 8 1 3 0
27622735 294 0 1 1
27623197 38 0 1 0
27623941 8 1 3 1
27628873 0 1 4 0
27631491 0 1 4 1
27632213 16 1 1 0
27633625 38 0 1 1
27634087 294 0 1 0
27634831 16 1 1 1
27639763 2 1 4 0
27642436 2 1 4 1
27643103 8 1 3 0
27644515 294 0 1 1
27644977 38 0 1 0
27645721 8 1 3 1
27650653 0 1 4 0
27653271 0 1 4 1
27653993 16 1 1 0
27655405 38 0 1 1
27655867 294 0 1 0
27656611 16 1 1 1
27661543 2 1 4 0
27664216 2 1 4 1
27664883 8 1 3 0
27666295 294 0 1 1
27666757 38 0 1 0
27667501 8 1 3 1
27672433 0 1 4 0
27675051 0 1 4 1
27675773 16 1 1 0
27677185 38 0 1 1
27677647 294 0 1 0
27678391 16 1 1 1
27683323 2 1 4 0
27685996 2 1 4 1
27686663 8 1 3 0
27688075 294 0 1 1
27688537 38 0 1 0
27689281 8 1 3 1
27694213 0 1 4 0
27696831 0 1 4 1
27697553 16 1 1 0
27698965 38 0 1 1
27699427 294 0 1 0
27700171 16 1 1 1
27705103 2 1 4 0
27707776 2 1 4 1
27708443 8 1 3 0
27709855 294 0 1 1
27710317 38 0 1 0
27711061 8 1 3 1
27715993 0 1 4 0
27718611 0 1 4 1
27719333 16 1 1 0
27720745 38 0 1 1
27721207 294 0 1 0
27721951 16 1 1 1
27726883 2 1 4 0
27729556 2 1 4 1
27730223 8 1 3 0
27731635 294 0 1 1
27732097 38 0 1 0
27732841 8 1 3 1
27737773 0 1 4 0
27740391 0 1 4 1
27741113 16 1 1 0
27742525 38 0 1 1
27742987 294 0 1 0
27743731 16 1 1 1
27748663 2 1 4 0
27751336 2 1 4 1
27752003 8 1 3 0
27753415 294 0 1 1
27753877 38 0 1 0
27754621 8 1 3 1
27759553 0 1 4 0
27762171 0 1 4 1
27762893 16 1 1 0
27764305 38 0 1 1
27764767 294 0 1 0
27765511 16 1 1 1
27770443 2 1 4 0
27773116 2 1 4 1
27773783 8 1 3 0
27775195 294 0 1 1
27775657 38 0 1 0
27776401 8 1 3 1
27781333 0 1 4 0
27783951 0 1 4 1
27784673 16 1 1 0
27786085 38 0 1 1
27786547 294 0 1 0
27787291 16 1 1 1
27792223 2 1 4 0
27794896 2 1 4 1
27795563 8 1 3 0
27796975 294 0 1 1
27797437 38 0 1 0
27798181 8 1 3 1
27803113 0 1 4 0
27805731 0 1 4 1
27806453 16 1 1 0
27807865 38 0 1 1
27808327 294 0 1 0
27809071 16 1 1 1
27814003 2 1 4 0
27816676 2 1 4 1
27817343 8 1 3 0
27818755 294 0 1 1
27819217 38 0 1 0
27819961 8 1 3 1
27824893 0 1 4 0
27827511 0 1 4 1
27828233 16 1 1 0
27829645 38 0 1 1
27830107 294 0 1 0
27830851 16 1 1 1
27835783 2 1 4 0
27838456 2 1 4 1
27839123 8 1 3 0
27840535 294 0 1 1
27840997 38 0 1 0
27841741 8 1 3 1
27846673 0 1 4 0
27849291 0 1 4 1
27850013 16 1 1 0
27851425 38 0 1 1
27851887 294 0 1 0
27852631 16 1 1 1
27857563 2 1 4 0
27860236 2 1 4 1
27860903 8 1 3 0
27862315 294 0 1 1
27862777 38 0 1 0
27863521 8 1 3 1
27868453 0 1 4 0
27871071 0 1 4 1
27871793 16 1 1 0
27873205 38 0 1 1
27873667 294 0 1 0
27874411 16 1 1 1
27879343 2 1 4 0
27882016 2 1 4 1
27882683 8 1 3 0
27884095 294 0 1 1
27884557 38 0 1 0
27885301 8 1 3 1
27890233 0 1 4 0
27892851 0 1 4 1
27893573 16 1 1 0
27894985 38 0 1 1
27895447 294 0 1 0
27896191 16 1 1 1
27901123 2 1 4 0
27903796 2 1 4 1
27904463 8 1 3 0
27905875 294 0 1 1
27906337 38 0 1 0
27907081 8 1 3 1
27912013 0 1 4 0
27914631 0 1 4 1
27915353 16 1 1 0
27916765 38 0 1 1
27917227 294 0 1 0
27917971 16 1 1 1
27922903 2 1 4 0
27925576 2 1 4 1
27926243 8 1 3 0
27927655 294 0 1 1
27928117 38 0 1 0
27928861 8 1 3 1
27933793 0 1 4 0
27936411 0 1 4 1
27937133 16 1 1 0
27938545 38 0 1 1
27939007 294 0 1 0
27939751 16 1 1 1
27944683 2 1 4 0
27947356 2 1 4 1
27948023 8 1 3 0
27949435 294 0 1 1
27949897 38 0 1 0
27950641 8 1 3 1
27955573 0 1 4 0
27958191 0 1 4 1
27958913 16 1 1 0
27960325 38 0 1 1
27960787 294 0 1 0
27961531 16 1 1 1
27966463 2 1 4 0
27969136 2 1 4 1
27969803 8 1 3 0
27971215 294 0 1 1
27971677 38 0 1 0
27972421 8 1 3 1
27977353 0 1 4 0
27979971 0 1 4 1
27980693 16 1 1 0
27982105 38 0 1 1
27982567 294 0 1 0
27983311 16 1 1 1
27988243 2 1 4 0
27990916 2 1 4 1
27991583 8 1 3 0
27992995 294 0 1 1
27993457 38 0 1 0
27994201 8 1 3 1
27999133 0 1 4 0
28001751 0 1 4 1
28002473 16 1 1 0
28003885 38 0 1 1
28004347 294 0 1 0
28005091 16 1 1 1
28010023 2 1 4 0
28012696 2 1 4 1
28013363 8 1 3 0
28014775 294 0 1 1
28015237 38 0 1 0
28015981 8 1 3 1
28020913 0 1 4 0
28023531 0 1 4 1
28024253 16 1 1 0
28025665 38 0 1 1
28026127 294 0 1 0
28026871 16 1 1 1
28031803 2 1 4 0
28034476 2 1 4 1
28035143 8 1 3 0
28036555 294 0 1 1
28037017 38 0 1 0
28037761 8 1 3 1
28042693 0 1 4 0
28045311 0 1 4 1
28046033 16 1 1 0
28047445 38 0 1 1
28047907 294 0 1 0
28048651 16 1 1 1
28053583 2 1 4 0
28056256 2 1 4 1
28056923 8 1 3 0
28058335 294 0 1 1
28058797 38 0 1 0
28059541 8 1 3 1
28064473 0 1 4 0
28067091 0 1 4 1
28067813 16 1 1 0
28069225 38 0 1 1
28069687 294 0 1 0
28070431 16 1 1 1
28075363 2 1 4 0
28078036 2 1 4 1
28078703 8 1 3 0
28080115 294 0 1 1
28080577 38 0 1 0
28081321 8 1 3 1
28086253 0 1 4 0
28088871 0 1 4 1
28089593 16 1 1 0
28091005 38 0 1 1
28091467 294 0 1 0
28092211 16 1 1 1
28097143 2 1 4 0
28099816 2 1 4 1
28100483 8 1 3 0
28101895 294 0 1 1
28102357 38 0 1 0
28103101 8 1 3 1
28108033 0 1 4 0
28110651 0 1 4 1
28111373 16 1 1 0
28112785 38 0 1 1
28113247 294 0 1 0
28113991 16 1 1 1
28118923 2 1 4 0
28121596 2 1 4 1
28122263 8 1 3 0
28123675 294 0 1 1
28124137 38 0 1 0
28124881 8 1 3 1
28129813 0 1 4 0
28132431 0 1 4 1
28133153 16 1 1 0
28134565 38 0 1 1
28135027 294 0 1 0
28135771 16 1 1 1
28140703 2 1 4 0
28143376 2 1 4 1
28144043 8 1 3 0
28145455 294 0 1 1
28145917 38 0 1 0
28146661 8 1 3 1
28151593 0 1 4 0
28154211 0 1 4 1
28154933 16 1 1 0
28156345 38 0 1 1
28156807 294 0 1 0
28157551 16 1 1 1
28162483 2 1 4 0
28165156 2 1 4 1
28165823 8 1 3 0
28167235 294 0 1 1
28167697 38 0 1 0
28168441 8 1 3 1
28173373 0 1 4 0
28175991 0 1 4 1
28176713 16 1 1 0
28178125 38 0 1 1
28178587 294 0 1 0
28179331 16 1 1 1
28184263 2 1 4 0
28186936 2 1 4 1
28187603 8 1 3 0
28189015 294 0 1 1
28189477 38 0 1 0
28190221 8 1 3 1
28195153 0 1 4 0
28197771 0 1 4 1
28198493 16 1 1 0
28199905 38 0 1 1
28200367 294 0 1 0
28201111 16 1 1 1
28206043 2 1 4 0
28208716 2 1 4 1
28209383 8 1 3 0
28210795 294 0 1 1
28211257 38 0 1 0
28212001 8 1 3 1
28216933 0 1 4 0
28219551 0 1 4 1
28220273 16 1 1 0
28221685 38 0 1 1
28222147 294 0 1 0
28222891 16 1 1 1
28227823 2 1 4 0
28230496 2 1 4 1
28231163 8 1 3 0
28232575 294 0 1 1
28233037 38 0 1 0
28233781 8 1 3 1
28238713 0 1 4 0
28241331 0 1 4 1
28242053 16 1 1 0
28243465 38 0 1 1
28243927 294 0 1 0
28244671 16 1 1 1
28249603 2 1 4 0
28252276 2 1 4 1
28252943 8 1 3 0
28254355 294 0 1 1
28254817 38 0 1 0
28255561 8 1 3 1
28260493 0 1 4 0
28263111 0 1 4 1
28263833 16 1 1 0
28265245 38 0 1 1
28265707 294 0 1 0
28266451 16 1 1 1
28271383 2 1 4 0
28274056 2 1 4 1
28274723 8 1 3 0
28276135 294 0 1 1
28276597 38 0 1 0
28277341 8 1 3 1
28282273 0 1 4 0
28284891 0 1 4 1
28285613 16 1 1 0
28287025 38 0 1 1
28287487 294 0 1 0
28288231 16 1 1 1
28293163 2 1 4 0
28295836 2 1 4 1
28296503 8 1 3 0
28297915 294 0 1 1
28298377 38 0 1 0
28299121 8 1 3 1
28304053 0 1 4 0
28306671 0 1 4 1
28307393 16 1 1 0
28308805 38 0 1 1
28309267 294 0 1 0
28310011 16 1 1 1
28314943 2 1 4 0
28317616 2 1 4 1
28318283 8 1 3 0
28319695 294 0 1 1
28320157 38 0 1 0
28320901 8 1 3 1
28325833 0 1 4 0
28328451 0 1 4 1
28329173 16 1 1 0
28330585 38 0 1 1
28331047 294 0 1 0
28331791 16 1 1 1
28336723 2 1 4 0
28339396 2 1 4 1
28340063 8 1 3 0
28341475 294 0 1 1
28341937 38 0 1 0
28342681 8 1 3 1
28347613 0 1 4 0
28350231 0 1 4 1
28350953 16 1 1 0
28352365 38 0 1 1
28352827 294 0 1 0
28353571 16 1 1 1
28358503 2 1 4 0
28361176 2 1 4 1
28361843 8 1 3 0
28363255 294 0 1 1
28363717 38 0 1 0
28364461 8 1 3 1
28369393 0 1 4 0
28372011 0 1 4 1
28372733 16 1 1 0
28374145 38 0 1 1
28374607 294 0 1 0
28375351 16 1 1 1
28380283 2 1 4 0
28382956 2 1 4 1
28383623 8 1 3 0
28385035 294 0 1 1
28385497 38 0 1 0
28386241 8 1 3 1
28391173 0 1 4 0
28393791 0 1 4 1
28394513 16 1 1 0
28395925 38 0 1 1
28396387 294 0 1 0
28397131 16 1 1 1
28402063 2 1 4 0
28404736 2 1 4 1
28405403 8 1 3 0
28406815 294 0 1 1
28407277 38 0 1 0
28408021 8 1 3 1
28412953 0 1 4 0
28415571 0 1 4 1
28416293 16 1 1 0
28417705 38 0 1 1
28418167 294 0 1 0
28418911 16 1 1 1
28423843 2 1 4 0
28426516 2 1 4 1
28427183 8 1 3 0
28428595 294 0 1 1
28429057 38 0 1 0
28429801 8 1 3 1
28434733 0 1 4 0
28437351 0 1 4 1
28438073 16 1 1 0
28439485 38 0 1 1
28439947 294 0 1 0
28440691 16 1 1 1
28445623 2 1 4 0
28448296 2 1 4 1
28448963 8 1 3 0
28450375 294 0 1 1
28450837 38 0 1 0
28451581 8 1 3 1
28456513 0 1 4 0
28459131 0 1 4 1
28459853 16 1 1 0
28461265 38 0 1 1
28461727 294 0 1 0
28462471 16 1 1 1
28467403 2 1 4 0
28470076 2 1 4 1
28470743 8 1 3 0
28472155 294 0 1 1
28472617 38 0 1 0
28473361 8 1 3 1
28478293 0 1 4 0
28480911 0 1 4 1
28481633 16 1 1 0
28483045 38 0 1 1
28483507 294 0 1 0
28484251 16 1 1 1
28489183 2 1 4 0
28491856 2 1 4 1
28492523 8 1 3 0
28493935 294 0 1 1
28494397 38 0 1 0
28495141 8 1 3 1
28500073 0 1 4 0
28502691 0 1 4 1
28503413 16 1 1 0
28504825 38 0 1 1
28505287 294 0 1 0
28506031 16 1 1 1
28510963 2 1 4 0
28513636 2 1 4 1
28514303 8 1 3 0
28515715 294 0 1 1
28516177 38 0 1 0
28516921 8 1 3 1
28521853 0 1 4 0
28524471 0 1 4 1
28525193 16 1 1 0
28526605 38 0 1 1
28527067 294 0 1 0
28527811 16 1 1 1
28532743 2 1 4 0
28535416 2 1 4 1
28536083 8 1 3 0
28537495 294 0 1 1
28537957 38 0 1 0
28538701 8 1 3 1
28543633 0 1 4 0
28546251 0 1 4 1
28546973 16 1 1 0
28548385 38 0 1 1
28548847 294 0 1 0
28549591 16 1 1 1
28554523 2 1 4 0
28557196 2 1 4 1
28557863 8 1 3 0
28559275 294 0 1 1
28559737 38 0 1 0
28560481 8 1 3 1
28565413 0 1 4 0
28568031 0 1 4 1
28568753 16 1 1 0
28570165 38 0 1 1
28570627 294 0 1 0
28571371 16 1 1 1
28576303 2 1 4 0
28578921 2 1 4 1
28579643 8 1 3 0
28581055 294 0 1 1
28581517 38 0 1 0
28582261 8 1 3 1
28587193 0 1 4 0
28589811 0 1 4 1
28590533 16 1 1 0
28591945 38 0 1 1
28592407 294 0 1 0
28593151 16 1 1 1
28598083 2 1 4 0
28600701 2 1 4 1
28601423 8 1 3 0
28602835 294 0 1 1
28603297 38 0 1 0
28604041 8 1 3 1
28608973 0 1 4 0
28611591 0 1 4 1
28612313 16 1 1 0
28613725 38 0 1 1
28614187 294 0 1 0
28614931 16 1 1 1
28619863 2 1 4 0
28622481 2 1 4 1
28623203 8 1 3 0
28624615 294 0 1 1
28625077 38 0 1 0
28625821 8 1 3 1
28630753 0 1 4 0
28633371 0 1 4 1
28634093 16 1 1 0
28635505 38 0 1 1
28635967 294 0 1 0
28636711 16 1 1 1
28641643 2 1 4 0
28644261 2 1 4 1
28644983 8 1 3 0
28646395 294 0 1 1
28646857 38 0 1 0
28647601 8 1 3 1
28652533 0 1 4 0
28655151 0 1 4 1
28655873 16 1 1 0
28657285 38 0 1 1
28657747 294 0 1 0
28658491 16 1 1 1
28663423 2 1 4 0
28666041 2 1 4 1
28666763 8 1 3 0
28668175 294 0 1 1
28668637 38 0 1 0
28669381 8 1 3 1
28674313 0 1 4 0
28676931 0 1 4 1
28677653 16 1 1 0
28679065 38 0 1 1
28679527 294 0 1 0
28680271 16 1 1 1
28685203 2 1 4 0
28687821 2 1 4 1
28688543 8 1 3 0
28689955 294 0 1 1
28690417 38 0 1 0
28691161 8 1 3 1
28696093 0 1 4 0
28698711 0 1 4 1
28699433 16 1 1 0
28700845 38 0 1 1
28701307 294 0 1 0
28702051 16 1 1 1
28706983 2 1 4 0
28709601 2 1 4 1
28710323 8 1 3 0
28711735 294 0 1 1
28712197 38 0 1 0
28712941 8 1 3 1
28717873 0 1 4 0
28720491 0 1 4 1
28721213 16 1 1 0
28722625 38 0 1 1
28723087 294 0 1 0
28723831 16 1 1 1
28728763 2 1 4 0
28731381 2 1 4 1
28732103 8 1 3 0
28733515 294 0 1 1
28733977 38 0 1 0
28734721 8 1 3 1
28739653 0 1 4 0
28742271 0 1 4 1
28742993 16 1 1 0
28744405 38 0 1 1
28744867 294 0 1 0
28745611 16 1 1 1
28750543 2 1 4 0
28753161 2 1 4 1
28753883 8 1 3 0
28755295 294 0 1 1
28755757 38 0 1 0
28756501 8 1 3 1
28761433 0 1 4 0
28764051 0 1 4 1
28764773 16 1 1 0
28766185 38 0 1 1
28766647 294 0 1 0
28767391 16 1 1 1
28772323 2 1 4 0
28774941 2 1 4 1
28775663 8 1 3 0
28777075 294 0 1 1
28777537 38 0 1 0
28778281 8 1 3 1
28783213 0 1 4 0
28785831 0 1 4 1
28786553 16 1 1 0
28787965 38 0 1 1
28788427 294 0 1 0
28789171 16 1 1 1
28794103 2 1 4 0
28796721 2 1 4 1
28797443 8 1 3 0
28798855 294 0 1 1
28799317 38 0 1 0
28800061 8 1 3 1
28804993 0 1 4 0
28807611 0 1 4 1
28808333 16 1 1 0
28809745 38 0 1 1
28810207 294 0 1 0
28810951 16 1 1 1
28815883 2 1 4 0
28818501 2 1 4 1
28819223 8 1 3 0
28820635 294 0 1 1
28821097 38 0 1 0
28821841 8 1 3 1
28826773 0 1 4 0
28829391 0 1 4 1
28830113 16 1 1 0
28831525 38 0 1 1
28831987 294 0 1 0
28832731 16 1 1 1
28837663 2 1 4 0
28840281 2 1 4 1
28841003 8 1 3 0
28842415 294 0 1 1
28842877 38 0 1 0
28843621 8 1 3 1
28848553 0 1 4 0
28851171 0 1 4 1
28851893 16 1 1 0
28853305 38 0 1 1
28853767 294 0 1 0
28854511 16 1 1 1
28859443 2 1 4 0
28862061 2 1 4 1
28862783 8 1 3 0
28864195 294 0 1 1
28864657 38 0 1 0
28865401 8 1 3 1
28870333 0 1 4 0
28872951 0 1 4 1
28873673 16 1 1 0
28875085 38 0 1 1
28875547 294 0 1 0
28876291 16 1 1 1
28881223 2 1 4 0
28883841 2 1 4 1
28884563 8 1 3 0
28885975 294 0 1 1
28886437 38 0 1 0
28887181 8 1 3 1
28892113 0 1 4 0
28894731 0 1 4 1
28895453 16 1 1 0
28896865 38 0 1 1
28897327 294 0 1 0
28898071 16 1 1 1
28903003 2 1 4 0
28905621 2 1 4 1
28906343 8 1 3 0
28907755 294 0 1 1
28908217 38 0 1 0
28908961 8 1 3 1
28913893 0 1 4 0
28916511 0 1 4 1
28917233 16 1 1 0
28918645 38 0 1 1
28919107 294 0 1 0
28919851 16 1 1 1
28924783 2 1 4 0
28927401 2 1 4 1
28928123 8 1 3 0
28929535 294 0 1 1
28929997 38 0 1 0
28930741 8 1 3 1
28935673 0 1 4 0
28938291 0 1 4 1
28939013 16 1 1 0
28940425 38 0 1 1
28940887 294 0 1 0
28941631 16 1 1 1
28946563 2 1 4 0
28949181 2 1 4 1
28949903 8 1 3 0
28951315 294 0 1 1
28951777 38 0 1 0
28952521 8 1 3 1
28957453 0 1 4 0
28960071 0 1 4 1
28960793 16 1 1 0
28962205 38 0 1 1
28962667 294 0 1 0
28963411 16 1 1 1
28968343 2 1 4 0
28970961 2 1 4 1
28971683 8 1 3 0
28973095 294 0 1 1
28973557 38 0 1 0
28974301 8 1 3 1
28979233 0 1 4 0
28981851 0 1 4 1
28982573 16 1 1 0
28983985 38 0 1 1
28984447 294 0 1 0
28985191 16 1 1 1
28990123 2 1 4 0
28992741 2 1 4 1
28993463 8 1 3 0
28994875 294 0 1 1
28995337 38 0 1 0
28996081 8 1 3 1
29001013 0 1 4 0
29003631 0 1 4 1
29004353 16 1 1 0
29005765 38 0 1 1
29006227 294 0 1 0
29006971 16 1 1 1
29011903 2 1 4 0
29014521 2 1 4 1
29015243 8 1 3 0
29016655 294 0 1 1
29017117 38 0 1 0
29017861 8 1 3 1
29022793 0 1 4 0
29025411 0 1 4 1
29026133 16 1 1 0
29027545 38 0 1 1
29028007 294 0 1 0
29028751 16 1 1 1
29033683 2 1 4 0
29036301 2 1 4 1
29037023 8 1 3 0
29038435 294 0 1 1
29038897 38 0 1 0
29039641 8 1 3 1
29044573 0 1 4 0
29047191 0 1 4 1
29047913 16 1 1 0
29049325 38 0 1 1
29049787 294 0 1 0
29050531 16 1 1 1
29055463 2 1 4 0
29058081 2 1 4 1
29058803 8 1 3 0
29060215 294 0 1 1
29060677 38 0 1 0
29061421 8 1 3 1
29066353 0 1 4 0
29068971 0 1 4 1
29069693 16 1 1 0
29071105 38 0 1 1
29071567 294 0 1 0
29072311 16 1 1 1
29077243 2 1 4 0
29079861 2 1 4 1
29080583 8 1 3 0
29081995 294 0 1 1
29082457 38 0 1 0
29083201 8 1 3 1
29088133 0 1 4 0
29090751 0 1 4 1
29091473 16 1 1 0
29092885 38 0 1 1
29093347 294 0 1 0
29094091 16 1 1 1
29099023 2 1 4 0
29101641 2 1 4 1
29102363 8 1 3 0
29103775 294 0 1 1
29104237 38 0 1 0
29104981 8 1 3 1
29109913 0 1 4 0
29112531 0 1 4 1
29113253 16 1 1 0
29114665 38 0 1 1
29115127 294 0 1 0
29115871 16 1 1 1
29120803 2 1 4 0
29123421 2 1 4 1
29124143 8 1 3 0
29125555 294 0 1 1
29126017 38 0 1 0
29126761 8 1 3 1
29131693 0 1 4 0
29134311 0 1 4 1
29135033 16 1 1 0
29136445 38 0 1 1
29136907 294 0 1 0
29137651 16 1 1 1
29142583 2 1 4 0
29145201 2 1 4 1
29145923 8 1 3 0
29147335 294 0 1 1
29147797 38 0 1 0
29148541 8 1 3 1
29153473 0 1 4 0
29156091 0 1 4 1
29156813 16 1 1 0
29158225 38 0 1 1
29158687 294 0 1 0
29159431 16 1 1 1
29164363 2 1 4 0
29166981 2 1 4 1
29167703 8 1 3 0
29169115 294 0 1 1
29169577 38 0 1 0
29170321 8 1 3 1
29175253 0 1 4 0
29177871 0 1 4 1
29178593 16 1 1 0
29180005 38 0 1 1
29180467 294 0 1 0
29181211 16 1 1 1
29186143 2 1 4 0
29188761 2 1 4 1
29189483 8 1 3 0
29190895 294 0 1 1
29191357 38 0 1 0
29192101 8 1 3 1
29197033 0 1 4 0
29199651 0 1 4 1
29200373 16 1 1 0
29201785 38 0 1 1
29202247 294 0 1 0
29202991 16 1 1 1
29207923 2 1 4 0
29210541 2 1 4 1
29211263 8 1 3 0
29212675 294 0 1 1
29213137 38 0 1 0
29213881 8 1 3 1
29218813 0 1 4 0
29221431 0 1 4 1
29222153 16 1 1 0
29223565 38 0 1 1
29224027 294 0 1 0
29224771 16 1 1 1
29229703 2 1 4 0
29232321 2 1 4 1
29233043 8 1 3 0
29234455 294 0 1 1
29234917 38 0 1 0
29235661 8 1 3 1
29240593 0 1 4 0
29243211 0 1 4 1
29243933 16 1 1 0
29245345 38 0 1 1
29245807 294 0 1 0
29246551 16 1 1 1
29251483 2 1 4 0
29254101 2 1 4 1
29254823 8 1 3 0
29256235 294 0 1 1
29256697 38 0 1 0
29257441 8 1 3 1
29262373 0 1 4 0
29264991 0 1 4 1
29265713 16 1 1 0
29267125 38 0 1 1
29267587 294 0 1 0
29268331 16 1 1 1
29273263 2 1 4 0
29275881 2 1 4 1
29276603 8 1 3 0
29278015 294 0 1 1
29278477 38 0 1 0
29279221 8 1 3 1
29284153 0 1 4 0
29286771 0 1 4 1
29287493 16 1 1 0
29288905 38 0 1 1
29289367 294 0 1 0
29290111 16 1 1 1
29295043 2 1 4 0
29297661 2 1 4 1
29298383 8 1 3 0
29299795 294 0 1 1
29300257 38 0 1 0
29301001 8 1 3 1
29305933 0 1 4 0
29308551 0 1 4 1
29309273 16 1 1 0
29310685 38 0 1 1
29311147 294 0 1 0
29311891 16 1 1 1
29316823 2 1 4 0
29319441 2 1 4 1
29320163 8 1 3 0
29321575 294 0 1 1
29322037 38 0 1 0
29322781 8 1 3 1
29327713 0 1 4 0
29330331 0 1 4 1
29331053 16 1 1 0
29332465 38 0 1 1
29332927 294 0 1 0
29333671 16 1 1 1
29338603 2 1 4 0
29341221 2 1 4 1
29341943 8 1 3 0
29343355 294 0 1 1
29343817 38 0 1 0
29344561 8 1 3 1
29349493 0 1 4 0
29352111 0 1 4 1
29352833 16 1 1 0
29354245 38 0 1 1
29354707 294 0 1 0
29355451 16 1 1 1
29360383 2 1 4 0
29363001 2 1 4 1
29363723 8 1 3 0
29365135 294 0 1 1
29365597 38 0 1 0
29366341 8 1 3 1
29371273 0 1 4 0
29373891 0 1 4 1
29374613 16 1 1 0
29376025 38 0 1 1
29376487 294 0 1 0
29377231 16 1 1 1
29382163 2 1 4 0
29384781 2 1 4 1
29385503 8 1 3 0
29386915 294 0 1 1
29387377 38 0 1 0
29388121 8 1 3 1
29393053 0 1 4 0
29395671 0 1 4 1
29396393 16 1 1 0
29397805 38 0 1 1
29398267 294 0 1 0
29399011 16 1 1 1
29403943 2 1 4 0
29406561 2 1 4 1
29407283 8 1 3 0
29408695 294 0 1 1
29409157 38 0 1 0
29409901 8 1 3 1
29414833 0 1 4 0
29417451 0 1 4 1
29418173 16 1 1 0
29419585 38 0 1 1
29420047 294 0 1 0
29420791 16 1 1 1
29425723 2 1 4 0
29428341 2 1 4 1
29429063 8 1 3 0
29430475 294 0 1 1
29430937 38 0 1 0
29431681 8 1 3 1
29436613 0 1 4 0
29439231 0 1 4 1
29439953 16 1 1 0
29441365 38 0 1 1
29441827 294 0 1 0
29442571 16 1 1 1
29447503 2 1 4 0
29450121 2 1 4 1
29450843 8 1 3 0
29452255 294 0 1 1
29452717 38 0 1 0
29453461 8 1 3 1
29458393 0 1 4 0
29461011 0 1 4 1
29461733 16 1 1 0
29463145 38 0 1 1
29463607 294 0 1 0
29464351 16 1 1 1
29469283 2 1 4 0
29471901 2 1 4 1
29472623 8 1 3 0
29474035 294 0 1 1
29474497 38 0 1 0
29475241 8 1 3 1
29480173 0 1 4 0
29482791 0 1 4 1
29483513 16 1 1 0
29484925 38 0 1 1
29485387 294 0 1 0
29486131 16 1 1 1
29491063 2 1 4 0
29493681 2 1 4 1
29494403 8 1 3 0
29495815 294 0 1 1
29496277 38 0 1 0
29497021 8 1 3 1
29501953 0 1 4 0
29504571 0 1 4 1
29505293 16 1 1 0
29506705 38 0 1 1
29507167 294 0 1 0
29507911 16 1 1 1
29512843 2 1 4 0
29515461 2 1 4 1
29516183 8 1 3 0
29517595 294 0 1 1
29518057 38 0 1 0
29518801 8 1 3 1
29523733 0 1 4 0
29526351 0 1 4 1
29527073 16 1 1 0
29528485 38 0 1 1
29528947 294 0 1 0
29529691 16 1 1 1
29534623 2 1 4 0
29537241 2 1 4 1
29537963 8 1 3 0
29539375 294 0 1 1
29539837 38 0 1 0
29540581 8 1 3 1
29545513 0 1 4 0
29548131 0 1 4 1
29548853 16 1 1 0
29550265 38 0 1 1
29550727 294 0 1 0
29551471 16 1 1 1
29556403 2 1 4 0
29559021 2 1 4 1
29559743 8 1 3 0
29561155 294 0 1 1
29561617 38 0 1 0
29562361 8 1 3 1
29567293 0 1 4 0
29569911 0 1 4 1
29570633 16 1 1 0
29572045 38 0 1 1
29572507 294 0 1 0
29573251 16 1 1 1
29578183 2 1 4 0
29580801 2 1 4 1
29581523 8 1 3 0
29582935 294 0 1 1
29583397 38 0 1 0
29584141 8 1 3 1
29589073 0 1 4 0
29591691 0 1 4 1
29592413 16 1 1 0
29593825 38 0 1 1
29594287 294 0 1 0
29595031 16 1 1 1
29599963 2 1 4 0
29602581 2 1 4 1
29603303 8 1 3 0
29604715 294 0 1 1
29605177 38 0 1 0
29605921 8 1 3 1
29610853 0 1 4 0
29613471 0 1 4 1
29614193 16 1 1 0
29615605 38 0 1 1
29616067 294 0 1 0
29616811 16 1 1 1
29621743 2 1 4 0
29624361 2 1 4 1
29625083 8 1 3 0
29626495 294 0 1 1
29626957 38 0 1 0
29627701 8 1 3 1
29632633 0 1 4 0
29635251 0 1 4 1
29635973 16 1 1 0
29637385 38 0 1 1
29637847 294 0 1 0
29638591 16 1 1 1
29643523 2 1 4 0
29646141 2 1 4 1
29646863 8 1 3 0
29648275 294 0 1 1
29648737 38 0 1 0
29649481 8 1 3 1
29654413 0 1 4 0
29657031 0 1 4 1
29657753 16 1 1 0
29659165 38 0 1 1
29659627 294 0 1 0
29660371 16 1 1 1
29665303 2 1 4 0
29667921 2 1 4 1
29668643 8 1 3 0
29670055 294 0 1 1
29670517 38 0 1 0
29671261 8 1 3 1
29676193 0 1 4 0
29678811 0 1 4 1
29679533 16 1 1 0
29680945 38 0 1 1
29681407 294 0 1 0
29682151 16 1 1 1
29687083 2 1 4 0
29689701 2 1 4 1
29690423 8 1 3 0
29691835 294 0 1 1
29692297 38 0 1 0
29693041 8 1 3 1
29697973 0 1 4 0
29700591 0 1 4 1
29701313 16 1 1 0
29702725 38 0 1 1
29703187 294 0 1 0
29703931 16 1 1 1
29708863 2 1 4 0
29711481 2 1 4 1
29712203 8 1 3 0
29713615 294 0 1 1
29714077 38 0 1 0
29714821 8 1 3 1
29719753 0 1 4 0
29722371 0 1 4 1
29723093 16 1 1 0
29724505 38 0 1 1
29724967 294 0 1 0
29725711 16 1 1 1
29730643 2 1 4 0
29733261 2 1 4 1
29733983 8 1 3 0
29735395 294 0 1 1
29735857 38 0 1 0
29736601 8 1 3 1
29741533 0 1 4 0
29744151 0 1 4 1
29744873 16 1 1 0
29746285 38 0 1 1
29746747 294 0 1 0
29747491 16 1 1 1
29752423 2 1 4 0
29755041 2 1 4 1
29755763 8 1 3 0
29757175 294 0 1 1
29757637 38 0 1 0
29758381 8 1 3 1
29763313 0 1 4 0
29765931 0 1 4 1
29766653 16 1 1 0
29768065 38 0 1 1
29768527 294 0 1 0
29769271 16 1 1 1
29774203 2 1 4 0
29776821 2 1 4 1
29777543 8 1 3 0
29778955 294 0 1 1
29779417 38 0 1 0
29780161 8 1 3 1
29785093 0 1 4 0
29787711 0 1 4 1
29788433 16 1 1 0
29789845 38 0 1 1
29790307 294 0 1 0
29791051 16 1 1 1
29795983 2 1 4 0
29798601 2 1 4 1
29799323 8 1 3 0
29800735 294 0 1 1
29801197 38 0 1 0
29801941 8 1 3 1
29806873 0 1 4 0
29809491 0 1 4 1
29810213 16 1 1 0
29811625 38 0 1 1
29812087 294 0 1 0
29812831 16 1 1 1
29817763 2 1 4 0
29820381 2 1 4 1
29821103 8 1 3 0
29822515 294 0 1 1
29822977 38 0 1 0
29823721 8 1 3 1
29828653 0 1 4 0
29831271 0 1 4 1
29831993 16 1 1 0
29833405 38 0 1 1
29833867 294 0 1 0
29834611 16 1 1 1
29839543 2 1 4 0
29842161 2 1 4 1
29842883 8 1 3 0
29844295 294 0 1 1
29844757 38 0 1 0
29845501 8 1 3 1
29850433 0 1 4 0
29853051 0 1 4 1
29853773 16 1 1 0
29855185 38 0 1 1
29855647 294 0 1 0
29856391 16 1 1 1
29861323 2 1 4 0
29863941 2 1 4 1
29864663 8 1 3 0
29866075 294 0 1 1
29866537 38 0 1 0
29867281 8 1 3 1
29872213 0 1 4 0
29874831 0 1 4 1
29875553 16 1 1 0
29876965 38 0 1 1
29877427 294 0 1 0
29878171 16 1 1 1
29883103 2 1 4 0
29885721 2 1 4 1
29886443 8 1 3 0
29887855 294 0 1 1
29888317 38 0 1 0
29889061 8 1 3 1
29893993 0 1 4 0
29896611 0 1 4 1
29897333 16 1 1 0
29898745 38 0 1 1
29899207 294 0 1 0
29899951 16 1 1 1
29904883 2 1 4 0
29907501 2 1 4 1
29908223 8 1 3 0
29909635 294 0 1 1
29910097 38 0 1 0
29910841 8 1 3 1
29915773 0 1 4 0
29918391 0 1 4 1
29919113 16 1 1 0
29920525 38 0 1 1
29920987 294 0 1 0
29921731 16 1 1 1
29926663 2 1 4 0
29929281 2 1 4 1
29930003 8 1 3 0
29931415 294 0 1 1
29931877 38 0 1 0
29932621 8 1 3 1
29937553 0 1 4 0
29940171 0 1 4 1
29940893 16 1 1 0
29942305 38 0 1 1
29942767 294 0 1 0
29943511 16 1 1 1
29948443 2 1 4 0
29951061 2 1 4 1
29951783 8 1 3 0
29953195 294 0 1 1
29953657 38 0 1 0
29954401 8 1 3 1
29959333 0 1 4 0
29961951 0 1 4 1
29962673 16 1 1 0
29964085 38 0 1 1
29964547 294 0 1 0
29965291 16 1 1 1
29970223 2 1 4 0
29972841 2 1 4 1
29973563 8 1 3 0
29974975 294 0 1 1
29975437 38 0 1 0
29976181 8 1 3 1
29981113 0 1 4 0
29983731 0 1 4 1
29984453 16 1 1 0
29985865 38 0 1 1
29986327 294 0 1 0
29987071 16 1 1 1
29992003 2 1 4 0
29994621 2 1 4 1
29995343 8 1 3 0
29996755 294 0 1 1
29997217 38 0 1 0
29997961 8 1 3 1
30002893 0 1 4 0
30005511 0 1 4 1
30006233 16 1 1 0
30007645 38 0 1 1
30008107 294 0 1 0
30008851 16 1 1 1
30013783 2 1 4 0
30016401 2 1 4 1
30017123 8 1 3 0
30018535 294 0 1 1
30018997 38 0 1 0
30019741 8 1 3 1
30024673 0 1 4 0
30027291 0 1 4 1
30028013 16 1 1 0
30029425 38 0 1 1
30029887 294 0 1 0
30030631 16 1 1 1
30035563 2 1 4 0
30038181 2 1 4 1
30038903 8 1 3 0
30040315 294 0 1 1
30040777 38 0 1 0
30041521 8 1 3 1
30046453 0 1 4 0
30049071 0 1 4 1
30049793 16 1 1 0
30051205 38 0 1 1
30051667 294 0 1 0
30052411 16 1 1 1
30057343 2 1 4 0
30059961 2 1 4 1
30060683 8 1 3 0
30062095 294 0 1 1
30062557 38 0 1 0
30063301 8 1 3 1
30068233 0 1 4 0
30070851 0 1 4 1
30071573 16 1 1 0
30072985 38 0 1 1
30073447 294 0 1 0
30074191 16 1 1 1
30079123 2 1 4 0
30081741 2 1 4 1
30082463 8 1 3 0
30083875 294 0 1 1
30084337 38 0 1 0
30085081 8 1 3 1
30090013 0 1 4 0
30092631 0 1 4 1
30093353 16 1 1 0
30094765 38 0 1 1
30095227 294 0 1 0
30095971 16 1 1 1
30100903 2 1 4 0
30103521 2 1 4 1
30104243 8 1 3 0
30105655 294 0 1 1
30106117 38 0 1 0
30106861 8 1 3 1
30111793 0 1 4 0
30114411 0 1 4 1
30115133 16 1 1 0
30116545 38 0 1 1
30117007 294 0 1 0
30117751 16 1 1 1
30122683 2 1 4 0
30125301 2 1 4 1
30126023 8 1 3 0
30127435 294 0 1 1
30127897 38 0 1 0
30128641 8 1 3 1
30133573 0 1 4 0
30136191 0 1 4 1
30136913 16 1 1 0
30138325 38 0 1 1
30138787 294 0 1 0
30139531 16 1 1 1
30144463 2 1 4 0
30147081 2 1 4 1
30147803 8 1 3 0
30149215 294 0 1 1
30149677 38 0 1 0
30150421 8 1 3 1
30155353 0 1 4 0
30157971 0 1 4 1
30158693 16 1 1 0
30160105 38 0 1 1
30160567 294 0 1 0
30161311 16 1 1 1
30166243 2 1 4 0
30168861 2 1 4 1
30169583 8 1 3 0
30170995 294 0 1 1
30171457 38 0 1 0
30172201 8 1 3 1
30177133 0 1 4 0
30179751 0 1 4 1
30180473 16 1 1 0
30181885 38 0 1 1
30182347 294 0 1 0
30183091 16 1 1 1
30188023 2 1 4 0
30190641 2 1 4 1
30191363 8 1 3 0
30192775 294 0 1 1
30193237 38 0 1 0
30193981 8 1 3 1
30198913 0 1 4 0
30201531 0 1 4 1
30202253 16 1 1 0
30203665 38 0 1 1
30204127 294 0 1 0
30204871 16 1 1 1
30209803 2 1 4 0
30212421 2 1 4 1
30213143 8 1 3 0
30214555 294 0 1 1
30215017 38 0 1 0
30215761 8 1 3 1
30220693 0 1 4 0
30223311 0 1 4 1
30224033 16 1 1 0
30225445 38 0 1 1
30225907 294 0 1 0
30226651 16 1 1 1
30231583 2 1 4 0
30234201 2 1 4 1
30234923 8 1 3 0
30236335 294 0 1 1
30236797 38 0 1 0
30237541 8 1 3 1
30242473 0 1 4 0
30245091 0 1 4 1
30245813 16 1 1 0
30247225 38 0 1 1
30247687 294 0 1 0
30248431 16 1 1 1
30253363 2 1 4 0
30255981 2 1 4 1
30256703 8 1 3 0
30258115 294 0 1 1
30258577 38 0 1 0
30259321 8 1 3 1
30264253 0 1 4 0
30266871 0 1 4 1
30267593 16 1 1 0
30269005 38 0 1 1
30269467 294 0 1 0
30270211 16 1 1 1
30275143 2 1 4 0
30277761 2 1 4 1
30278483 8 1 3 0
30279895 294 0 1 1
30280357 38 0 1 0
30281101 8 1 3 1
30286033 0 1 4 0
30288651 0 1 4 1
30289373 16 1 1 0
30290785 38 0 1 1
30291247 294 0 1 0
30291991 16 1 1 1
30296923 2 1 4 0
30299541 2 1 4 1
30300263 8 1 3 0
30301675 294 0 1 1
30302137 38 0 1 0
30302881 8 1 3 1
30307813 0 1 4 0
30310431 0 1 4 1
30311153 16 1 1 0
30312565 38 0 1 1
30313027 294 0 1 0
30313771 16 1 1 1
30318703 2 1 4 0
30321321 2 1 4 1
30322043 8 1 3 0
30323455 294 0 1 1
30323917 38 0 1 0
30324661 8 1 3 1
30329593 0 1 4 0
30332211 0 1 4 1
30332933 16 1 1 0
30334345 38 0 1 1
30334807 294 0 1 0
30335551 16 1 1 1
30340483 2 1 4 0
30343101 2 1 4 1
30343823 8 1 3 0
30345235 294 0 1 1
30345697 38 0 1 0
30346441 8 1 3 1
30351373 0 1 4 0
30353991 0 1 4 1
30354713 16 1 1 0
30356125 38 0 1 1
30356587 294 0 1 0
30357331 16 1 1 1
30362263 2 1 4 0
30364881 2 1 4 1
30365603 8 1 3 0
30367015 294 0 1 1
30367477 38 0 1 0
30368221 8 1 3 1
30373153 0 1 4 0
30375771 0 1 4 1
30376493 16 1 1 0
30377905 38 0 1 1
30378367 294 0 1 0
30379111 16 1 1 1
30384043 2 1 4 0
30386661 2 1 4 1
30387383 8 1 3 0
30388795 294 0 1 1
30389257 38 0 1 0
30390001 8 1 3 1
30394933 0 1 4 0
30397551 0 1 4 1
30398273 16 1 1 0
30399685 38 0 1 1
30400147 294 0 1 0
30400891 16 1 1 1
30405823 2 1 4 0
30408441 2 1 4 1
30409163 8 1 3 0
30410575 294 0 1 1
30411037 38 0 1 0
30411781 8 1 3 1
30416713 0 1 4 0
30419331 0 1 4 1
30420053 16 1 1 0
30421465 38 0 1 1
30421927 294 0 1 0
30422671 16 1 1 1
30427603 2 1 4 0
30430221 2 1 4 1
30430943 8 1 3 0
30432355 294 0 1 1
30432817 38 0 1 0
30433561 8 1 3 1
30438493 0 1 4 0
30441111 0 1 4 1
30441833 16 1 1 0
30443245 38 0 1 1
30443707 294 0 1 0
30444451 16 1 1 1
30449383 2 1 4 0
30452001 2 1 4 1
30452723 8 1 3 0
30454135 294 0 1 1
30454597 38 0 1 0
30455341 8 1 3 1
30460273 0 1 4 0
30462891 0 1 4 1
30463613 16 1 1 0
30465025 38 0 1 1
30465487 294 0 1 0
30466231 16 1 1 1
30471163 2 1 4 0
30473781 2 1 4 1
30474503 8 1 3 0
30475915 294 0 1 1
30476377 38 0 1 0
30477121 8 1 3 1
30482053 0 1 4 0
30484671 0 1 4 1
30485393 16 1 1 0
30486805 38 0 1 1
30487267 294 0 1 0
30488011 16 1 1 1
30492943 2 1 4 0
30495561 2 1 4 1
30496283 8 1 3 0
30497695 294 0 1 1
30498157 38 0 1 0
30498901 8 1 3 1
30503833 0 1 4 0
30506451 0 1 4 1
30507173 16 1 1 0
30508585 38 0 1 1
30509047 294 0 1 0
30509791 16 1 1 1
30514723 2 1 4 0
30517341 2 1 4 1
30518063 8 1 3 0
30519475 294 0 1 1
30519937 38 0 1 0
30520681 8 1 3 1
30525613 0 1 4 0
30528231 0 1 4 1
30528953 16 1 1 0
30530365 38 0 1 1
30530827 294 0 1 0
30531571 16 1 1 1
30536503 2 1 4 0
30539121 2 1 4 1
30539843 8 1 3 0
30541255 294 0 1 1
30541717 38 0 1 0
30542461 8 1 3 1
30547393 0 1 4 0
30550011 0 1 4 1
30550733 16 1 1 0
30552145 38 0 1 1
30552607 294 0 1 0
30553351 16 1 1 1
30558283 2 1 4 0
30560901 2 1 4 1
30561623 8 1 3 0
30563035 294 0 1 1
30563497 38 0 1 0
30564241 8 1 3 1
30569173 0 1 4 0
30571791 0 1 4 1
30572513 16 1 1 0
30573925 38 0 1 1
30574387 294 0 1 0
30575131 16 1 1 1
30580063 2 1 4 0
30582681 2 1 4 1
30583403 8 1 3 0
30584815 294 0 1 1
30585277 38 0 1 0
30586021 8 1 3 1
30590953 0 1 4 0
30593571 0 1 4 1
30594293 16 1 1 0
30595705 38 0 1 1
30596167 294 0 1 0
30596911 16 1 1 1
30601843 2 1 4 0
30604461 2 1 4 1
30605183 8 1 3 0
30606595 294 0 1 1
30607057 38 0 1 0
30607801 8 1 3 1
30612733 0 1 4 0
30615351 0 1 4 1
30616073 16 1 1 0
30617485 38 0 1 1
30617947 294 0 1 0
30618691 16 1 1 1
30623623 2 1 4 0
30626241 2 1 4 1
30626963 8 1 3 0
30628375 294 0 1 1
30628837 38 0 1 0
30629581 8 1 3 1
30634513 0 1 4 0
30637131 0 1 4 1
30637853 16 1 1 0
30639265 38 0 1 1
30639727 294 0 1 0
30640471 16 1 1 1
30645403 2 1 4 0
30648021 2 1 4 1
30648743 8 1 3 0
30650155 294 0 1 1
30650617 38 0 1 0
30651361 8 1 3 1
30656293 0 1 4 0
30658911 0 1 4 1
30659633 16 1 1 0
30661045 38 0 1 1
30661507 294 0 1 0
30662251 16 1 1 1
30667183 2 1 4 0
30669801 2 1 4 1
30670523 8 1 3 0
30671935 294 0 1 1
30672397 38 0 1 0
30673141 8 1 3 1
30678073 0 1 4 0
30680691 0 1 4 1
30681413 16 1 1 0
30682825 38 0 1 1
30683287 294 0 1 0
30684031 16 1 1 1
30688963 2 1 4 0
30691581 2 1 4 1
30692303 8 1 3 0
30693715 294 0 1 1
30694177 38 0 1 0
30694921 8 1 3 1
30699853 0 1 4 0
30702471 0 1 4 1
30703193 16 1 1 0
30704605 38 0 1 1
30705067 294 0 1 0
30705811 16 1 1 1
30710743 2 1 4 0
30713361 2 1 4 1
30714083 8 1 3 0
30715495 294 0 1 1
30715957 38 0 1 0
30716701 8 1 3 1
30721633 0 1 4 0
30724251 0 1 4 1
30724973 16 1 1 0
30726385 38 0 1 1
30726847 294 0 1 0
30727591 16 1 1 1
30732523 2 1 4 0
30735141 2 1 4 1
30735863 8 1 3 0
30737275 294 0 1 1
30737737 38 0 1 0
30738481 8 1 3 1
30743413 0 1 4 0
30746031 0 1 4 1
30746753 16 1 1 0
30748165 38 0 1 1
30748627 294 0 1 0
30749371 16 1 1 1
30754303 2 1 4 0
30756921 2 1 4 1
30757643 8 1 3 0
30759055 294 0 1 1
30759517 38 0 1 0
30760261 8 1 3 1
30765193 0 1 4 0
30767811 0 1 4 1
30768533 16 1 1 0
30769945 38 0 1 1
30770407 294 0 1 0
30771151 16 1 1 1
30776083 2 1 4 0
30778701 2 1 4 1
30779423 8 1 3 0
30780835 294 0 1 1
30781297 38 0 1 0
30782041 8 1 3 1
30786973 0 1 4 0
30789591 0 1 4 1
30790313 16 1 1 0
30791725 38 0 1 1
30792187 294 0 1 0
30792931 16 1 1 1
30797863 2 1 4 0
30800481 2 1 4 1
30801203 8 1 3 0
30802615 294 0 1 1
30803077 38 0 1 0
30803821 8 1 3 1
30808753 0 1 4 0
30811371 0 1 4 1
30812093 16 1 1 0
30813505 38 0 1 1
30813967 294 0 1 0
30814711 16 1 1 1
30819643 2 1 4 0
30822261 2 1 4 1
30822983 8 1 3 0
30824395 294 0 1 1
30824857 38 0 1 0
30825601 8 1 3 1
30830533 0 1 4 0
30833151 0 1 4 1
30833873 16 1 1 0
30835285 38 0 1 1
30835747 294 0 1 0
30836491 16 1 1 1
30841423 2 1 4 0
30844041 2 1 4 1
30844763 8 1 3 0
30846175 294 0 1 1
30846637 38 0 1 0
30847381 8 1 3 1
30852313 0 1 4 0
30854931 0 1 4 1
30855653 16 1 1 0
30857065 38 0 1 1
30857527 294 0 1 0
30858271 16 1 1 1
30863203 2 1 4 0
30865821 2 1 4 1
30866543 8 1 3 0
30867955 294 0 1 1
30868417 38 0 1 0
30869161 8 1 3 1
30874093 0 1 4 0
30876711 0 1 4 1
30877433 16 1 1 0
30878845 38 0 1 1
30879307 294 0 1 0
30880051 16 1 1 1
30884983 2 1 4 0
30887601 2 1 4 1
30888323 8 1 3 0
30889735 294 0 1 1
30890197 38 0 1 0
30890941 8 1 3 1
30895873 0 1 4 0
30898491 0 1 4 1
30899213 16 1 1 0
30900625 38 0 1 1
30901087 294 0 1 0
30901831 16 1 1 1
30906763 2 1 4 0
30909381 2 1 4 1
30910103 8 1 3 0
30911515 294 0 1 1
30911977 38 0 1 0
30912721 8 1 3 1
30917653 0 1 4 0
30920271 0 1 4 1
30920993 16 1 1 0
30922405 38 0 1 1
30922867 294 0 1 0
30923611 16 1 1 1
30928543 2 1 4 0
30931161 2 1 4 1
30931883 8 1 3 0
30933295 294 0 1 1
30933757 38 0 1 0
30934501 8 1 3 1
30939433 0 1 4 0
30942051 0 1 4 1
30942773 16 1 1 0
30944185 38 0 1 1
30944647 294 0 1 0
30945391 16 1 1 1
30950323 2 1 4 0
30952941 2 1 4 1
30953663 8 1 3 0
30955075 294 0 1 1
30955537 38 0 1 0
30956281 8 1 3 1
30961213 0 1 4 0
30963831 0 1 4 1
30964553 16 1 1 0
30965965 38 0 1 1
30966427 294 0 1 0
30967171 16 1 1 1
30972103 2 1 4 0
30974721 2 1 4 1
30975443 8 1 3 0
30976855 294 0 1 1
30977317 38 0 1 0
30978061 8 1 3 1
30982993 0 1 4 0
30985611 0 1 4 1
30986333 16 1 1 0
30987745 38 0 1 1
30988207 294 0 1 0
30988951 16 1 1 1
30993883 2 1 4 0
30996501 2 1 4 1
30997223 8 1 3 0
30998635 294 0 1 1
30999097 38 0 1 0
30999841 8 1 3 1
31004773 0 1 4 0
31007391 0 1 4 1
31008113 16 1 1 0
31009525 38 0 1 1
31009987 294 0 1 0
31010731 16 1 1 1
31015663 2 1 4 0
31018281 2 1 4 1
31019003 8 1 3 0
31020415 294 0 1 1
31020877 38 0 1 0
31021621 8 1 3 1
31026553 0 1 4 0
31029171 0 1 4 1
31029893 16 1 1 0
31031305 38 0 1 1
31031767 294 0 1 0
31032511 16 1 1 1
31037443 2 1 4 0
31040061 2 1 4 1
31040783 8 1 3 0
31042195 294 0 1 1
31042657 38 0 1 0
31043401 8 1 3 1
31048333 0 1 4 0
31050951 0 1 4 1
31051673 16 1 1 0
31053085 38 0 1 1
31053547 294 0 1 0
31054291 16 1 1 1
31059223 2 1 4 0
31061841 2 1 4 1
31062563 8 1 3 0
31063975 294 0 1 1
31064437 38 0 1 0
31065181 8 1 3 1
31070113 0 1 4 0
31072731 0 1 4 1
31073453 16 1 1 0
31074865 38 0 1 1
31075327 294 0 1 0
31076071 16 1 1 1
31081003 2 1 4 0
31083621 2 1 4 1
31084343 8 1 3 0
31085755 294 0 1 1
31086217 38 0 1 0
31086961 8 1 3 1
31091893 0 1 4 0
31094511 0 1 4 1
31095233 16 1 1 0
31096645 38 0 1 1
31097107 294 0 1 0
31097851 16 1 1 1
31102783 2 1 4 0
31105401 2 1 4 1
31106123 8 1 3 0
31107535 294 0 1 1
31107997 38 0 1 0
31108741 8 1 3 1
31113673 0 1 4 0
31116291 0 1 4 1
31117013 16 1 1 0
31118425 38 0 1 1
31118887 294 0 1 0
31119631 16 1 1 1
31124563 2 1 4 0
31127181 2 1 4 1
31127903 8 1 3 0
31129315 294 0 1 1
31129777 38 0 1 0
31130521 8 1 3 1
31135453 0 1 4 0
31138071 0 1 4 1
31138793 16 1 1 0
31140205 38 0 1 1
31140667 294 0 1 0
31141411 16 1 1 1
31146343 2 1 4 0
31148961 2 1 4 1
31149683 8 1 3 0
31151095 294 0 1 1
31151557 38 0 1 0
31152301 8 1 3 1
31157233 0 1 4 0
31159851 0 1 4 1
31160573 16 1 1 0
31161985 38 0 1 1
31162447 294 0 1 0
31163191 16 1 1 1
31168123 2 1 4 0
31170741 2 1 4 1
31171463 8 1 3 0
31172875 294 0 1 1
31173337 38 0 1 0
31174081 8 1 3 1
31179013 0 1 4 0
31181631 0 1 4 1
31182353 16 1 1 0
31183765 38 0 1 1
31184227 294 0 1 0
31184971 16 1 1 1
31189903 2 1 4 0
31192521 2 1 4 1
31193243 8 1 3 0
31194655 294 0 1 1
31195117 38 0 1 0
31195861 8 1 3 1
31200793 0 1 4 0
31203411 0 1 4 1
31204133 16 1 1 0
31205545 38 0 1 1
31206007 294 0 1 0
31206751 16 1 1 1
31211683 2 1 4 0
31214301 2 1 4 1
31215023 8 1 3 0
31216435 294 0 1 1
31216897 38 0 1 0
31217641 8 1 3 1
31222573 0 1 4 0
31225191 0 1 4 1
31225913 16 1 1 0
31227325 38 0 1 1
31227787 294 0 1 0
31228531 16 1 1 1
31233463 2 1 4 0
31236081 2 1 4 1
31236803 8 1 3 0
31238215 294 0 1 1
31238677 38 0 1 0
31239421 8 1 3 1
31244353 0 1 4 0
31246971 0 1 4 1
31247693 16 1 1 0
31249105 38 0 1 1
31249567 294 0 1 0
31250311 16 1 1 1
31255243 2 1 4 0
31257861 2 1 4 1
31258583 8 1 3 0
31259995 294 0 1 1
31260457 38 0 1 0
31261201 8 1 3 1
31266133 0 1 4 0
31268751 0 1 4 1
31269473 16 1 1 0
31270885 38 0 1 1
31271347 294 0 1 0
31272091 16 1 1 1
31277023 2 1 4 0
31279641 2 1 4 1
31280363 8 1 3 0
31281775 294 0 1 1
31282237 38 0 1 0
31282981 8 1 3 1
31287913 0 1 4 0
31290531 0 1 4 1
31291253 16 1 1 0
31292665 38 0 1 1
31293127 294 0 1 0
31293871 16 1 1 1
31298803 2 1 4 0
31301421 2 1 4 1
31302143 8 1 3 0
31303555 294 0 1 1
31304017 38 0 1 0
31304761 8 1 3 1
31309693 0 1 4 0
31312311 0 1 4 1
31313033 16 1 1 0
31314445 38 0 1 1
31314907 294 0 1 0
31315651 16 1 1 1
31320583 2 1 4 0
31323201 2 1 4 1
31323923 8 1 3 0
31325335 294 0 1 1
31325797 38 0 1 0
31326541 8 1 3 1
31331473 0 1 4 0
31334091 0 1 4 1
31334813 16 1 1 0
31336225 38 0 1 1
31336687 294 0 1 0
31337431 16 1 1 1
31342363 2 1 4 0
31344981 2 1 4 1
31345703 8 1 3 0
31347115 294 0 1 1
31347577 38 0 1 0
31348321 8 1 3 1
31353253 0 1 4 0
31355871 0 1 4 1
31356593 16 1 1 0
31358005 38 0 1 1
31358467 294 0 1 0
31359211 16 1 1 1
31364143 2 1 4 0
31366761 2 1 4 1
31367483 8 1 3 0
31368895 294 0 1 1
31369357 38 0 1 0
31370101 8 1 3 1
31375033 0 1 4 0
31377651 0 1 4 1
31378373 16 1 1 0
31379785 38 0 1 1
31380247 294 0 1 0
31380991 16 1 1 1
31385923 2 1 4 0
31388541 2 1 4 1
31389263 8 1 3 0
31390675 294 0 1 1
31391137 38 0 1 0
31391881 8 1 3 1
31396813 0 1 4 0
31399431 0 1 4 1
31400153 16 1 1 0
31401565 38 0 1 1
31402027 294 0 1 0
31402771 16 1 1 1
31407703 2 1 4 0
31410321 2 1 4 1
31411043 8 1 3 0
31412455 294 0 1 1
31412917 38 0 1 0
31413661 8 1 3 1
31418593 0 1 4 0
31421211 0 1 4 1
31421933 16 1 1 0
31423345 38 0 1 1
31423807 294 0 1 0
31424551 16 1 1 1
31429483 2 1 4 0
31432101 2 1 4 1
31432823 8 1 3 0
31434235 294 0 1 1
31434697 38 0 1 0
31435441 8 1 3 1
31440373 0 1 4 0
31442991 0 1 4 1
31443713 16 1 1 0
31445125 38 0 1 1
31445587 294 0 1 0
31446331 16 1 1 1
31451263 2 1 4 0
31453881 2 1 4 1
31454603 8 1 3 0
31456015 294 0 1 1
31456477 38 0 1 0
31457221 8 1 3 1
31462153 0 1 4 0
31464771 0 1 4 1
31465493 16 1 1 0
31466905 38 0 1 1
31467367 294 0 1 0
31468111 16 1 1 1
31473043 2 1 4 0
31475661 2 1 4 1
31476383 8 1 3 0
31477795 294 0 1 1
31478257 38 0 1 0
31479001 8 1 3 1
31483933 0 1 4 0
31486551 0 1 4 1
31487273 16 1 1 0
31488685 38 0 1 1
31489147 294 0 1 0
31489891 16 1 1 1
31494823 2 1 4 0
31497441 2 1 4 1
31498163 8 1 3 0
31499575 294 0 1 1
31500037 38 0 1 0
31500781 8 1 3 1
31505713 0 1 4 0
31508331 0 1 4 1
31509053 16 1 1 0
31510465 38 0 1 1
31510927 294 0 1 0
31511671 16 1 1 1
31516603 2 1 4 0
31519221 2 1 4 1
31519943 8 1 3 0
31521355 294 0 1 1
31521817 38 0 1 0
31522561 8 1 3 1
31527493 0 1 4 0
31530111 0 1 4 1
31530833 16 1 1 0
31532245 38 0 1 1
31532707 294 0 1 0
31533451 16 1 1 1
31538383 2 1 4 0
31541001 2 1 4 1
31541723 8 1 3 0
31543135 294 0 1 1
31543597 38 0 1 0
31544341 8 1 3 1
31549273 0 1 4 0
31551891 0 1 4 1
31552613 16 1 1 0
31554025 38 0 1 1
31554487 294 0 1 0
31555231 16 1 1 1
31560163 2 1 4 0
31562781 2 1 4 1
31563503 8 1 3 0
31564915 294 0 1 1
31565377 38 0 1 0
31566121 8 1 3 1
31571053 0 1 4 0
31573671 0 1 4 1
31574393 16 1 1 0
31575805 38 0 1 1
31576267 294 0 1 0
31577011 16 1 1 1
31581943 2 1 4 0
31584561 2 1 4 1
31585283 8 1 3 0
31586695 294 0 1 1
31587157 38 0 1 0
31587901 8 1 3 1
31592833 0 1 4 0
31595451 0 1 4 1
31596173 16 1 1 0
31597585 38 0 1 1
31598047 294 0 1 0
31598791 16 1 1 1
31603723 2 1 4 0
31606341 2 1 4 1
31607063 8 1 3 0
31608475 294 0 1 1
31608937 38 0 1 0
31609681 8 1 3 1
31614613 0 1 4 0
31617231 0 1 4 1
31617953 16 1 1 0
31619365 38 0 1 1
31619827 294 0 1 0
31620571 16 1 1 1
31625503 2 1 4 0
31628121 2 1 4 1
31628843 8 1 3 0
31630255 294 0 1 1
31630717 38 0 1 0
31631461 8 1 3 1
31636393 0 1 4 0
31639011 0 1 4 1
31639733 16 1 1 0
31641145 38 0 1 1
31641607 294 0 1 0
31642351 16 1 1 1
31647283 2 1 4 0
31649901 2 1 4 1
31650623 8 1 3 0
31652035 294 0 1 1
31652497 38 0 1 0
31653241 8 1 3 1
31658173 0 1 4 0
31660791 0 1 4 1
31661513 16 1 1 0
31662925 38 0 1 1
31663387 294 0 1 0
31664131 16 1 1 1
31669063 2 1 4 0
31671681 2 1 4 1
31672403 8 1 3 0
31673815 294 0 1 1
31674277 38 0 1 0
31675021 8 1 3 1
31679953 0 1 4 0
31682571 0 1 4 1
31683293 16 1 1 0
31684705 38 0 1 1
31685167 294 0 1 0
31685911 16 1 1 1
31690843 2 1 4 0
31693461 2 1 4 1
31694183 8 1 3 0
31695595 294 0 1 1
31696057 38 0 1 0
31696801 8 1 3 1
31701733 0 1 4 0
31704351 0 1 4 1
31705073 16 1 1 0
31706485 38 0 1 1
31706947 294 0 1 0
31707691 16 1 1 1
31712623 2 1 4 0
31715241 2 1 4 1
31715963 8 1 3 0
31717375 294 0 1 1
31717837 38 0 1 0
31718581 8 1 3 1
31723513 0 1 4 0
31726131 0 1 4 1
31726853 16 1 1 0
31728265 38 0 1 1
31728727 294 0 1 0
31729471 16 1 1 1
31734403 2 1 4 0
31737021 2 1 4 1
31737743 8 1 3 0
31739155 294 0 1 1
31739617 38 0 1 0
31740361 8 1 3 1
31745293 0 1 4 0
31747911 0 1 4 1
31748633 16 1 1 0
31750045 38 0 1 1
31750507 294 0 1 0
31751251 16 1 1 1
31756183 2 1 4 0
31758801 2 1 4 1
31759523 8 1 3 0
31760935 294 0 1 1
31761397 38 0 1 0
31762141 8 1 3 1
31767073 0 1 4 0
31769691 0 1 4 1
31770413 16 1 1 0
31771825 38 0 1 1
31772287 294 0 1 0
31773031 16 1 1 1
31777963 2 1 4 0
31780581 2 1 4 1
31781303 8 1 3 0
31782715 294 0 1 1
31783177 38 0 1 0
31783921 8 1 3 1
31788853 0 1 4 0
31791471 0 1 4 1
31792193 16 1 1 0
31793605 38 0 1 1
31794067 294 0 1 0
31794811 16 1 1 1
31799743 2 1 4 0
31802361 2 1 4 1
31803083 8 1 3 0
31804495 294 0 1 1
31804957 38 0 1 0
31805701 8 1 3 1
31810633 0 1 4 0
31813251 0 1 4 1
31813973 16 1 1 0
31815385 38 0 1 1
31815847 294 0 1 0
31816591 16 1 1 1
31821523 2 1 4 0
31824141 2 1 4 1
31824863 8 1 3 0
31826275 294 0 1 1
31826737 38 0 1 0
31827481 8 1 3 1
31832413 0 1 4 0
31835031 0 1 4 1
31835753 16 1 1 0
31837165 38 0 1 1
31837627 294 0 1 0
31838371 16 1 1 1
31843303 2 1 4 0
31845921 2 1 4 1
31846643 8 1 3 0
31848055 294 0 1 1
31848517 38 0 1 0
31849261 8 1 3 1
31854193 0 1 4 0
31856811 0 1 4 1
31857533 16 1 1 0
31858945 38 0 1 1
31859407 294 0 1 0
31860151 16 1 1 1
31865083 2 1 4 0
31867701 2 1 4 1
31868423 8 1 3 0
31869835 294 0 1 1
31870297 38 0 1 0
31871041 8 1 3 1
31875973 0 1 4 0
31878591 0 1 4 1
31879313 16 1 1 0
31880725 38 0 1 1
31881187 294 0 1 0
31881931 16 1 1 1
31886863 2 1 4 0
31889481 2 1 4 1
31890203 8 1 3 0
31891615 294 0 1 1
31892077 38 0 1 0
31892821 8 1 3 1
31897753 0 1 4 0
31900371 0 1 4 1
31901093 16 1 1 0
31902505 38 0 1 1
31902967 294 0 1 0
31903711 16 1 1 1
31908643 2 1 4 0
31911261 2 1 4 1
31911983 8 1 3 0
31913395 294 0 1 1
31913857 38 0 1 0
31914601 8 1 3 1
31919533 0 1 4 0
31922151 0 1 4 1
31922873 16 1 1 0
31924285 38 0 1 1
31924747 294 0 1 0
31925491 16 1 1 1
31930423 2 1 4 0
31933041 2 1 4 1
31933763 8 1 3 0
31935175 294 0 1 1
31935637 38 0 1 0
31936381 8 1 3 1
31941313 0 1 4 0
31943931 0 1 4 1
31944653 16 1 1 0
31946065 38 0 1 1
31946527 294 0 1 0
31947271 16 1 1 1
31952203 2 1 4 0
31954821 2 1 4 1
31955543 8 1 3 0
31956955 294 0 1 1
31957417 38 0 1 0
31958161 8 1 3 1
31963093 0 1 4 0
31965711 0 1 4 1
31966433 16 1 1 0
31967845 38 0 1 1
31968307 294 0 1 0
31969051 16 1 1 1
31973983 2 1 4 0
31976601 2 1 4 1
31977323 8 1 3 0
31978735 294 0 1 1
31979197 38 0 1 0
31979941 8 1 3 1
31984873 0 1 4 0
31987491 0 1 4 1
31988213 16 1 1 0
31989625 38 0 1 1
31990087 294 0 1 0
31990831 16 1 1 1
31995763 2 1 4 0
31998381 2 1 4 1
31999103 8 1 3 0
32000515 294 0 1 1
32000977 38 0 1 0
32001721 8 1 3 1
32006653 0 1 4 0
32009271 0 1 4 1
32009993 16 1 1 0
32011405 38 0 1 1
32011867 294 0 1 0
32012611 16 1 1 1
32017543 2 1 4 0
32020161 2 1 4 1
32020883 8 1 3 0
32022295 294 0 1 1
32022757 38 0 1 0
32023501 8 1 3 1
32028433 0 1 4 0
32031051 0 1 4 1
32031773 16 1 1 0
32033185 38 0 1 1
32033647 294 0 1 0
32034391 16 1 1 1
32039323 2 1 4 0
32041941 2 1 4 1
32042663 8 1 3 0
32044075 294 0 1 1
32044537 38 0 1 0
32045281 8 1 3 1
32050213 0 1 4 0
32052831 0 1 4 1
32053553 16 1 1 0
32054965 38 0 1 1
32055427 294 0 1 0
32056171 16 1 1 1
32061103 2 1 4 0
32063721 2 1 4 1
32064443 8 1 3 0
32065855 294 0 1 1
32066317 38 0 1 0
32067061 8 1 3 1
32071993 0 1 4 0
32074611 0 1 4 1
32075333 16 1 1 0
32076745 38 0 1 1
32077207 294 0 1 0
32077951 16 1 1 1
32082883 2 1 4 0
32085501 2 1 4 1
32086223 8 1 3 0
32087635 294 0 1 1
32088097 38 0 1 0
32088841 8 1 3 1
32093773 0 1 4 0
32096391 0 1 4 1
32097113 16 1 1 0
32098525 38 0 1 1
32098987 294 0 1 0
32099731 16 1 1 1
32104663 2 1 4 0
32107281 2 1 4 1
32108003 8 1 3 0
32109415 294 0 1 1
32109877 38 0 1 0
32110621 8 1 3 1
32115553 0 1 4 0
32118171 0 1 4 1
32118893 16 1 1 0
32120305 38 0 1 1
32120767 294 0 1 0
32121511 16 1 1 1
32126443 2 1 4 0
32129061 2 1 4 1
32129783 8 1 3 0
32131195 294 0 1 1
32131657 38 0 1 0
32132401 8 1 3 1
32137333 0 1 4 0
32139951 0 1 4 1
32140673 16 1 1 0
32142085 38 0 1 1
32142547 294 0 1 0
32143291 16 1 1 1
32148223 2 1 4 0
32150841 2 1 4 1
32151563 8 1 3 0
32152975 294 0 1 1
32153437 38 0 1 0
32154181 8 1 3 1
32159113 0 1 4 0
32161731 0 1 4 1
32162453 16 1 1 0
32163865 38 0 1 1
32164327 294 0 1 0
32165071 16 1 1 1
32170003 2 1 4 0
32172621 2 1 4 1
32173343 8 1 3 0
32174755 294 0 1 1
32175217 38 0 1 0
32175961 8 1 3 1
32180893 0 1 4 0
32183511 0 1 4 1
32184233 16 1 1 0
32185645 38 0 1 1
32186107 294 0 1 0
32186851 16 1 1 1
32191783 2 1 4 0
32194401 2 1 4 1
32195123 8 1 3 0
32196535 294 0 1 1
32196997 38 0 1 0
32197741 8 1 3 1
32202673 0 1 4 0
32205291 0 1 4 1
32206013 16 1 1 0
32207425 38 0 1 1
32207887 294 0 1 0
32208631 16 1 1 1
32213563 2 1 4 0
32216181 2 1 4 1
32216903 8 1 3 0
32218315 294 0 1 1
32218777 38 0 1 0
32219521 8 1 3 1
32224453 0 1 4 0
32227071 0 1 4 1
32227793 16 1 1 0
32229205 38 0 1 1
32229667 294 0 1 0
32230411 16 1 1 1
32235343 2 1 4 0
32237961 2 1 4 1
32238683 8 1 3 0
32240095 294 0 1 1
32240557 38 0 1 0
32241301 8 1 3 1
32246233 0 1 4 0
32248851 0 1 4 1
32249573 16 1 1 0
32250985 38 0 1 1
32251447 294 0 1 0
32252191 16 1 1 1
32257123 2 1 4 0
32259741 2 1 4 1
32260463 8 1 3 0
32261875 294 0 1 1
32262337 38 0 1 0
32263081 8 1 3 1
32268013 0 1 4 0
32270631 0 1 4 1
32271353 16 1 1 0
32272765 38 0 1 1
32273227 294 0 1 0
32273971 16 1 1 1
32278903 2 1 4 0
32281521 2 1 4 1
32282243 8 1 3 0
32283655 294 0 1 1
32284117 38 0 1 0
32284861 8 1 3 1
32289793 0 1 4 0
32292411 0 1 4 1
32293133 16 1 1 0
32294545 38 0 1 1
32295007 294 0 1 0
32295751 16 1 1 1
32300683 2 1 4 0
32303301 2 1 4 1
32304023 8 1 3 0
32305435 294 0 1 1
32305897 38 0 1 0
32306641 8 1 3 1
32311573 0 1 4 0
32314191 0 1 4 1
32314913 16 1 1 0
32316325 38 0 1 1
32316787 294 0 1 0
32317531 16 1 1 1
32322463 2 1 4 0
32325081 2 1 4 1
32325803 8 1 3 0
32327215 294 0 1 1
32327677 38 0 1 0
32328421 8 1 3 1
32333353 0 1 4 0
32335971 0 1 4 1
32336693 16 1 1 0
32338105 38 0 1 1
32338567 294 0 1 0
32339311 16 1 1 1
32344243 2 1 4 0
32346861 2 1 4 1
32347583 8 1 3 0
32348995 294 0 1 1
32349457 38 0 1 0
32350201 8 1 3 1
32355133 0 1 4 0
32357751 0 1 4 1
32358473 16 1 1 0
32359885 38 0 1 1
32360347 294 0 1 0
32361091 16 1 1 1
32366023 2 1 4 0
32368641 2 1 4 1
32369363 8 1 3 0
32370775 294 0 1 1
32371237 38 0 1 0
32371981 8 1 3 1
32376913 0 1 4 0
32379531 0 1 4 1
32380253 16 1 1 0
32381665 38 0 1 1
32382127 294 0 1 0
32382871 16 1 1 1
32387803 2 1 4 0
32390421 2 1 4 1
32391143 8 1 3 0
32392555 294 0 1 1
32393017 38 0 1 0
32393761 8 1 3 1
32398693 0 1 4 0
32401311 0 1 4 1
32402033 16 1 1 0
32403445 38 0 1 1
32403907 294 0 1 0
32404651 16 1 1 1
32409583 2 1 4 0
32412201 2 1 4 1
32412923 8 1 3 0
32414335 294 0 1 1
32414797 38 0 1 0
32415541 8 1 3 1
32420473 0 1 4 0
32423091 0 1 4 1
32423813 16 1 1 0
32425225 38 0 1 1
32425687 294 0 1 0
32426431 16 1 1 1
32431363 2 1 4 0
32433981 2 1 4 1
32434703 8 1 3 0
32436115 294 0 1 1
32436577 38 0 1 0
32437321 8 1 3 1
32442253 0 1 4 0
32444871 0 1 4 1
32445593 16 1 1 0
32447005 38 0 1 1
32447467 294 0 1 0
32448211 16 1 1 1
32453143 2 1 4 0
32455761 2 1 4 1
32456483 8 1 3 0
32457895 294 0 1 1
32458357 38 0 1 0
32459101 8 1 3 1
32464033 0 1 4 0
32466651 0 1 4 1
32467373 16 1 1 0
32468785 38 0 1 1
32469247 294 0 1 0
32469991 16 1 1 1
32474923 2 1 4 0
32477541 2 1 4 1
32478263 8 1 3 0
32479675 294 0 1 1
32480137 38 0 1 0
32480881 8 1 3 1
32485813 0 1 4 0
32488431 0 1 4 1
32489153 16 1 1 0
32490565 38 0 1 1
32491027 294 0 1 0
32491771 16 1 1 1
32496703 2 1 4 0
32499321 2 1 4 1
32500043 8 1 3 0
32501455 294 0 1 1
32501917 38 0 1 0
32502661 8 1 3 1
32507593 0 1 4 0
32510211 0 1 4 1
32510933 16 1 1 0
32512345 38 0 1 1
32512807 294 0 1 0
32513551 16 1 1 1
32518483 2 1 4 0
32521101 2 1 4 1
32521823 8 1 3 0
32523235 294 0 1 1
32523697 38 0 1 0
32524441 8 1 3 1
32529373 0 1 4 0
32531991 0 1 4 1
32532713 16 1 1 0
32534125 38 0 1 1
32534587 294 0 1 0
32535331 16 1 1 1
32540263 2 1 4 0
32542881 2 1 4 1
32543603 8 1 3 0
32545015 294 0 1 1
32545477 38 0 1 0
32546221 8 1 3 1
32551153 0 1 4 0
32553771 0 1 4 1
32554493 16 1 1 0
32555905 38 0 1 1
32556367 294 0 1 0
32557111 16 1 1 1
32562043 2 1 4 0
32564661 2 1 4 1
32565383 8 1 3 0
32566795 294 0 1 1
32567257 38 0 1 0
32568001 8 1 3 1
32572933 0 1 4 0
32575551 0 1 4 1
32576273 16 1 1 0
32577685 38 0 1 1
32578147 294 0 1 0
32578891 16 1 1 1
32583823 2 1 4 0
32586441 2 1 4 1
32587163 8 1 3 0
32588575 294 0 1 1
32589037 38 0 1 0
32589781 8 1 3 1
32594713 0 1 4 0
32597331 0 1 4 1
32598053 16 1 1 0
32599465 38 0 1 1
32599927 294 0 1 0
32600671 16 1 1 1
32605603 2 1 4 0
32608221 2 1 4 1
32608943 8 1 3 0
32610355 294 0 1 1
32610817 38 0 1 0
32611561 8 1 3 1
32616493 0 1 4 0
32619111 0 1 4 1
32619833 16 1 1 0
32621245 38 0 1 1
32621707 294 0 1 0
32622451 16 1 1 1
32627383 2 1 4 0
32630001 2 1 4 1
32630723 8 1 3 0
32632135 294 0 1 1
32632597 38 0 1 0
32633341 8 1 3 1
32638273 0 1 4 0
32640891 0 1 4 1
32641613 16 1 1 0
32643025 38 0 1 1
32643487 294 0 1 0
32644231 16 1 1 1
32649163 2 1 4 0
32652273 2 1 4 1
32652503 8 1 3 0
32653915 294 0 1 1
32654377 38 0 1 0
32655613 8 1 3 1
32662033 0 1 4 0
32664774 0 1 4 1
32665373 16 1 1 0
32666785 38 0 1 1
32667247 294 0 1 0
32668114 16 1 1 1
32673418 2 1 4 0
32676282 2 1 4 1
32676758 8 1 3 0
32678170 294 0 1 1
32678632 38 0 1 0
32679622 8 1 3 1
32685298 0 1 4 0
32687916 0 1 4 1
32688638 16 1 1 0
32690050 38 0 1 1
32690512 294 0 1 0
32691256 16 1 1 1
32696188 2 1 4 0
32698806 2 1 4 1
32699528 8 1 3 0
32700940 294 0 1 1
32701402 38 0 1 0
32702146 8 1 3 1
32707078 0 1 4 0
32709819 0 1 4 1
32710418 16 1 1 0
32711830 38 0 1 1
32712292 294 0 1 0
32713159 16 1 1 1
32718463 2 1 4 0
32721081 2 1 4 1
32721803 8 1 3 0
32723215 294 0 1 1
32723677 38 0 1 0
32724421 8 1 3 1
32729353 0 1 4 0
32732094 0 1 4 1
32732693 16 1 1 0
32734105 38 0 1 1
32734567 294 0 1 0
32735434 16 1 1 1
32740738 2 1 4 0
32743356 2 1 4 1
32744078 8 1 3 0
32745490 294 0 1 1
32745952 38 0 1 0
32746696 8 1 3 1
32751628 0 1 4 0
32754492 0 1 4 1
32754968 16 1 1 0
32756380 38 0 1 1
32756842 294 0 1 0
32757832 16 1 1 1
32763508 2 1 4 0
32766126 2 1 4 1
32766848 8 1 3 0
32768260 294 0 1 1
32768722 38 0 1 0
32769466 8 1 3 1
32774398 0 1 4 0
32777139 0 1 4 1
32777738 16 1 1 0
32779150 38 0 1 1
32779612 294 0 1 0
32780479 16 1 1 1
32785783 2 1 4 0
32788401 2 1 4 1
32789123 8 1 3 0
32790535 294 0 1 1
32790997 38 0 1 0
32791741 8 1 3 1
32796673 0 1 4 0
32799291 0 1 4 1
32800013 16 1 1 0
32801425 38 0 1 1
32801887 294 0 1 0
32802631 16 1 1 1
32807563 2 1 4 0
32810181 2 1 4 1
32810903 8 1 3 0
32812315 294 0 1 1
32812777 38 0 1 0
32813521 8 1 3 1
32818453 0 1 4 0
32821071 0 1 4 1
32821793 16 1 1 0
32823205 38 0 1 1
32823667 294 0 1 0
32824411 16 1 1 1
32829343 2 1 4 0
32831961 2 1 4 1
32832683 8 1 3 0
32834095 294 0 1 1
32834557 38 0 1 0
32835301 8 1 3 1
32840233 0 1 4 0
32842851 0 1 4 1
32843573 16 1 1 0
32844985 38 0 1 1
32845447 294 0 1 0
32846191 16 1 1 1
32851123 2 1 4 0
32853741 2 1 4 1
32854463 8 1 3 0
32855875 294 0 1 1
32856337 38 0 1 0
32857081 8 1 3 1
32862013 0 1 4 0
32864631 0 1 4 1
32865353 16 1 1 0
32866765 38 0 1 1
32867227 294 0 1 0
32867971 16 1 1 1
32872903 2 1 4 0
32875521 2 1 4 1
32876243 8 1 3 0
32877655 294 0 1 1
32878117 38 0 1 0
32878861 8 1 3 1
32883793 0 1 4 0
32886411 0 1 4 1
32887133 16 1 1 0
32888545 38 0 1 1
32889007 294 0 1 0
32889751 16 1 1 1
32894683 2 1 4 0
32897301 2 1 4 1
32898023 8 1 3 0
32899435 294 0 1 1
32899897 38 0 1 0
32900641 8 1 3 1
32905573 0 1 4 0
32908191 0 1 4 1
32908913 16 1 1 0
32910325 38 0 1 1
32910787 294 0 1 0
32911531 16 1 1 1
32916463 2 1 4 0
32919081 2 1 4 1
32919803 8 1 3 0
32921215 294 0 1 1
32921677 38 0 1 0
32922421 8 1 3 1
32927353 0 1 4 0
32929971 0 1 4 1
32930693 16 1 1 0
32932105 38 0 1 1
32932567 294 0 1 0
32933311 16 1 1 1
32938243 2 1 4 0
32940861 2 1 4 1
32941583 8 1 3 0
32942995 294 0 1 1
32943457 38 0 1 0
32944201 8 1 3 1
32949133 0 1 4 0
32951751 0 1 4 1
32952473 16 1 1 0
32953885 38 0 1 1
32954347 294 0 1 0
32955091 16 1 1 1
32960023 2 1 4 0
32962641 2 1 4 1
32963363 8 1 3 0
32964775 294 0 1 1
32965237 38 0 1 0
32965981 8 1 3 1
32970913 0 1 4 0
32973531 0 1 4 1
32974253 16 1 1 0
32975665 38 0 1 1
32976127 294 0 1 0
32976871 16 1 1 1
32981803 2 1 4 0
32984421 2 1 4 1
32985143 8 1 3 0
32986555 294 0 1 1
32987017 38 0 1 0
32987761 8 1 3 1
32992693 0 1 4 0
32995311 0 1 4 1
32996033 16 1 1 0
32997445 38 0 1 1
32997907 294 0 1 0
32998651 16 1 1 1
33003583 2 1 4 0
33006201 2 1 4 1
33006923 8 1 3 0
33008335 294 0 1 1
33008797 38 0 1 0
33009541 8 1 3 1
33014473 0 1 4 0
33017091 0 1 4 1
33017813 16 1 1 0
33019225 38 0 1 1
33019687 294 0 1 0
33020431 16 1 1 1
33025363 2 1 4 0
33027981 2 1 4 1
33028703 8 1 3 0
33030115 294 0 1 1
33030577 38 0 1 0
33031321 8 1 3 1
33036253 0 1 4 0
33038871 0 1 4 1
33039593 16 1 1 0
33041005 38 0 1 1
33041467 294 0 1 0
33042211 16 1 1 1
33047143 2 1 4 0
33049761 2 1 4 1
33050483 8 1 3 0
33051895 294 0 1 1
33052357 38 0 1 0
33053101 8 1 3 1
33058033 0 1 4 0
33060651 0 1 4 1
33061373 16 1 1 0
33062785 38 0 1 1
33063247 294 0 1 0
33063991 16 1 1 1
33068923 2 1 4 0
33071541 2 1 4 1
33072263 8 1 3 0
33073675 294 0 1 1
33074137 38 0 1 0
33074881 8 1 3 1
33079813 0 1 4 0
33082431 0 1 4 1
33083153 16 1 1 0
33084565 38 0 1 1
33085027 294 0 1 0
33085771 16 1 1 1
33090703 2 1 4 0
33093321 2 1 4 1
33094043 8 1 3 0
33095455 294 0 1 1
33095917 38 0 1 0
33096661 8 1 3 1
33101593 0 1 4 0
33104211 0 1 4 1
33104933 16 1 1 0
33106345 38 0 1 1
33106807 294 0 1 0
33107551 16 1 1 1
33112483 2 1 4 0
33115101 2 1 4 1
33115823 8 1 3 0
33117235 294 0 1 1
33117697 38 0 1 0
33118441 8 1 3 1
33123373 0 1 4 0
33125991 0 1 4 1
33126713 16 1 1 0
33128125 38 0 1 1
33128587 294 0 1 0
33129331 16 1 1 1
33134263 2 1 4 0
33136881 2 1 4 1
33137603 8 1 3 0
33139015 294 0 1 1
33139477 38 0 1 0
33140221 8 1 3 1
33145153 0 1 4 0
33147771 0 1 4 1
33148493 16 1 1 0
33149905 38 0 1 1
33150367 294 0 1 0
33151111 16 1 1 1
33156043 2 1 4 0
33158661 2 1 4 1
33159383 8 1 3 0
33160795 294 0 1 1
33161257 38 0 1 0
33162001 8 1 3 1
33166933 0 1 4 0
33169551 0 1 4 1
33170273 16 1 1 0
33171685 38 0 1 1
33172147 294 0 1 0
33172891 16 1 1 1
33177823 2 1 4 0
33180441 2 1 4 1
33181163 8 1 3 0
33182575 294 0 1 1
33183037 38 0 1 0
33183781 8 1 3 1
33188713 0 1 4 0
33191331 0 1 4 1
33192053 16 1 1 0
33193465 38 0 1 1
33193927 294 0 1 0
33194671 16 1 1 1
33199603 2 1 4 0
33202221 2 1 4 1
33202943 8 1 3 0
33204355 294 0 1 1
33204817 38 0 1 0
33205561 8 1 3 1
33210493 0 1 4 0
33213111 0 1 4 1
33213833 16 1 1 0
33215245 38 0 1 1
33215707 294 0 1 0
33216451 16 1 1 1
33221383 2 1 4 0
33224001 2 1 4 1
33224723 8 1 3 0
33226135 294 0 1 1
33226597 38 0 1 0
33227341 8 1 3 1
33232273 0 1 4 0
33234891 0 1 4 1
33235613 16 1 1 0
33237025 38 0 1 1
33237487 294 0 1 0
33238231 16 1 1 1
33243163 2 1 4 0
33245781 2 1 4 1
33246503 8 1 3 0
33247915 294 0 1 1
33248377 38 0 1 0
33249121 8 1 3 1
33254053 0 1 4 0
33256671 0 1 4 1
33257393 16 1 1 0
33258805 38 0 1 1
33259267 294 0 1 0
33260011 16 1 1 1
33264943 2 1 4 0
33267561 2 1 4 1
33268283 8 1 3 0
33269695 294 0 1 1
33270157 38 0 1 0
33270901 8 1 3 1
33275833 0 1 4 0
33278451 0 1 4 1
33279173 16 1 1 0
33280585 38 0 1 1
33281047 294 0 1 0
33281791 16 1 1 1
33286723 2 1 4 0
33289341 2 1 4 1
33290063 8 1 3 0
33291475 294 0 1 1
33291937 38 0 1 0
33292681 8 1 3 1
33297613 0 1 4 0
33300231 0 1 4 1
33300953 16 1 1 0
33302365 38 0 1 1
33302827 294 0 1 0
33303571 16 1 1 1
33308503 2 1 4 0
33311121 2 1 4 1
33311843 8 1 3 0
33313255 294 0 1 1
33313717 38 0 1 0
33314461 8 1 3 1
33319393 0 1 4 0
33322011 0 1 4 1
33322733 16 1 1 0
33324145 38 0 1 1
33324607 294 0 1 0
33325351 16 1 1 1
33330283 2 1 4 0
33332901 2 1 4 1
33333623 8 1 3 0
33335035 294 0 1 1
33335497 38 0 1 0
33336241 8 1 3 1
33341173 0 1 4 0
33343791 0 1 4 1
33344513 16 1 1 0
33345925 38 0 1 1
33346387 294 0 1 0
33347131 16 1 1 1
33352063 2 1 4 0
33354681 2 1 4 1
33355403 8 1 3 0
33356815 294 0 1 1
33357277 38 0 1 0
33358021 8 1 3 1
33362953 0 1 4 0
33365571 0 1 4 1
33366293 16 1 1 0
33367705 38 0 1 1
33368167 294 0 1 0
33368911 16 1 1 1
33373843 2 1 4 0
33376461 2 1 4 1
33377183 8 1 3 0
33378595 294 0 1 1
33379057 38 0 1 0
33379801 8 1 3 1
33384733 0 1 4 0
33387351 0 1 4 1
33388073 16 1 1 0
33389485 38 0 1 1
33389947 294 0 1 0
33390691 16 1 1 1
33395623 2 1 4 0
33398241 2 1 4 1
33398963 8 1 3 0
33400375 294 0 1 1
33400837 38 0 1 0
33401581 8 1 3 1
33406513 0 1 4 0
33409131 0 1 4 1
33409853 16 1 1 0
33411265 38 0 1 1
33411727 294 0 1 0
33412471 16 1 1 1
33417403 2 1 4 0
33420021 2 1 4 1
33420743 8 1 3 0
33422155 294 0 1 1
33422617 38 0 1 0
33423361 8 1 3 1
33428293 0 1 4 0
33430911 0 1 4 1
33431633 16 1 1 0
33433045 38 0 1 1
33433507 294 0 1 0
33434251 16 1 1 1
33439183 2 1 4 0
33441801 2 1 4 1
33442523 8 1 3 0
33443935 294 0 1 1
33444397 38 0 1 0
33445141 8 1 3 1
33450073 0 1 4 0
33452691 0 1 4 1
33453413 16 1 1 0
33454825 38 0 1 1
33455287 294 0 1 0
33456031 16 1 1 1
33460963 2 1 4 0
33463581 2 1 4 1
33464303 8 1 3 0
33465715 294 0 1 1
33466177 38 0 1 0
33466921 8 1 3 1
33471853 0 1 4 0
33474471 0 1 4 1
33475193 16 1 1 0
33476605 38 0 1 1
33477067 294 0 1 0
33477811 16 1 1 1
33482743 2 1 4 0
33485361 2 1 4 1
33486083 8 1 3 0
33487495 294 0 1 1
33487957 38 0 1 0
33488701 8 1 3 1
33493633 0 1 4 0
33496251 0 1 4 1
33496973 16 1 1 0
33498385 38 0 1 1
33498847 294 0 1 0
33499591 16 1 1 1
33504523 2 1 4 0
33507141 2 1 4 1
33507863 8 1 3 0
33509275 294 0 1 1
33509737 38 0 1 0
33510481 8 1 3 1
33515413 0 1 4 0
33518031 0 1 4 1
33518753 16 1 1 0
33520165 38 0 1 1
33520627 294 0 1 0
33521371 16 1 1 1
33526303 2 1 4 0
33528921 2 1 4 1
33529643 8 1 3 0
33531055 294 0 1 1
33531517 38 0 1 0
33532261 8 1 3 1
33537193 0 1 4 0
33539811 0 1 4 1
33540533 16 1 1 0
33541945 38 0 1 1
33542407 294 0 1 0
33543151 16 1 1 1
33548083 2 1 4 0
33550701 2 1 4 1
33551423 8 1 3 0
33552835 294 0 1 1
33553297 38 0 1 0
33554041 8 1 3 1
33558973 0 1 4 0
33561591 0 1 4 1
33562313 16 1 1 0
33563725 38 0 1 1
33564187 294 0 1 0
33564931 16 1 1 1
33569863 2 1 4 0
33572481 2 1 4 1
33573203 8 1 3 0
33574615 294 0 1 1
33575077 38 0 1 0
33575821 8 1 3 1
33580753 0 1 4 0
33583371 0 1 4 1
33584093 16 1 1 0
33585505 38 0 1 1
33585967 294 0 1 0
33586711 16 1 1 1
33591643 2 1 4 0
33594261 2 1 4 1
33594983 8 1 3 0
33596395 294 0 1 1
33596857 38 0 1 0
33597601 8 1 3 1
33602533 0 1 4 0
33605151 0 1 4 1
33605873 16 1 1 0
33607285 38 0 1 1
33607747 294 0 1 0
33608491 16 1 1 1
33613423 2 1 4 0
33616041 2 1 4 1
33616763 8 1 3 0
33618175 294 0 1 1
33618637 38 0 1 0
33619381 8 1 3 1
33624313 0 1 4 0
33626931 0 1 4 1
33627653 16 1 1 0
33629065 38 0 1 1
33629527 294 0 1 0
33630271 16 1 1 1
33635203 2 1 4 0
33637821 2 1 4 1
33638543 8 1 3 0
33639955 294 0 1 1
33640417 38 0 1 0
33641161 8 1 3 1
33646093 0 1 4 0
33648711 0 1 4 1
33649433 16 1 1 0
33650845 38 0 1 1
33651307 294 0 1 0
33652051 16 1 1 1
33656983 2 1 4 0
33659601 2 1 4 1
33660323 8 1 3 0
33661735 294 0 1 1
33662197 38 0 1 0
33662941 8 1 3 1
33667873 0 1 4 0
33670491 0 1 4 1
33671213 16 1 1 0
33672625 38 0 1 1
33673087 294 0 1 0
33673831 16 1 1 1
33678763 2 1 4 0
33681381 2 1 4 1
33682103 8 1 3 0
33683515 294 0 1 1
33683977 38 0 1 0
33684721 8 1 3 1
33689653 0 1 4 0
33692271 0 1 4 1
33692993 16 1 1 0
33694405 38 0 1 1
33694867 294 0 1 0
33695611 16 1 1 1
33700543 2 1 4 0
33703161 2 1 4 1
33703883 8 1 3 0
33705295 294 0 1 1
33705757 38 0 1 0
33706501 8 1 3 1
33711433 0 1 4 0
33714051 0 1 4 1
33714773 16 1 1 0
33716185 38 0 1 1
33716647 294 0 1 0
33717391 16 1 1 1
33722323 2 1 4 0
33724941 2 1 4 1
33725663 8 1 3 0
33727075 294 0 1 1
33727537 38 0 1 0
33728281 8 1 3 1
33733213 0 1 4 0
33735831 0 1 4 1
33736553 16 1 1 0
33737965 38 0 1 1
33738427 294 0 1 0
33739171 16 1 1 1
33744103 2 1 4 0
33746721 2 1 4 1
33747443 8 1 3 0
33748855 294 0 1 1
33749317 38 0 1 0
33750061 8 1 3 1
33754993 0 1 4 0
33757611 0 1 4 1
33758333 16 1 1 0
33759745 38 0 1 1
33760207 294 0 1 0
33760951 16 1 1 1
33765883 2 1 4 0
33768501 2 1 4 1
33769223 8 1 3 0
33770635 294 0 1 1
33771097 38 0 1 0
33771841 8 1 3 1
33776773 0 1 4 0
33779391 0 1 4 1
33780113 16 1 1 0
33781525 38 0 1 1
33781987 294 0 1 0
33782731 16 1 1 1
33787663 2 1 4 0
33790281 2 1 4 1
33791003 8 1 3 0
33792415 294 0 1 1
33792877 38 0 1 0
33793621 8 1 3 1
33798553 0 1 4 0
33801171 0 1 4 1
33801893 16 1 1 0
33803305 38 0 1 1
33803767 294 0 1 0
33804511 16 1 1 1
33809443 2 1 4 0
33812061 2 1 4 1
33812783 8 1 3 0
33814195 294 0 1 1
33814657 38 0 1 0
33815401 8 1 3 1
33820333 0 1 4 0
33822951 0 1 4 1
33823673 16 1 1 0
33825085 38 0 1 1
33825547 294 0 1 0
33826291 16 1 1 1
33831223 2 1 4 0
33833841 2 1 4 1
33834563 8 1 3 0
33835975 294 0 1 1
33836437 38 0 1 0
33837181 8 1 3 1
33842113 0 1 4 0
33844731 0 1 4 1
33845453 16 1 1 0
33846865 38 0 1 1
33847327 294 0 1 0
33848071 16 1 1 1
33853003 2 1 4 0
33855621 2 1 4 1
33856343 8 1 3 0
33857755 294 0 1 1
33858217 38 0 1 0
33858961 8 1 3 1
33863893 0 1 4 0
33866511 0 1 4 1
33867233 16 1 1 0
33868645 38 0 1 1
33869107 294 0 1 0
33869851 16 1 1 1
33874783 2 1 4 0
33877401 2 1 4 1
33878123 8 1 3 0
33879535 294 0 1 1
33879997 38 0 1 0
33880741 8 1 3 1
33885673 0 1 4 0
33888291 0 1 4 1
33889013 16 1 1 0
33890425 38 0 1 1
33890887 294 0 1 0
33891631 16 1 1 1
33896563 2 1 4 0
33899181 2 1 4 1
33899903 8 1 3 0
33901315 294 0 1 1
33901777 38 0 1 0
33902521 8 1 3 1
33907453 0 1 4 0
33910071 0 1 4 1
33910793 16 1 1 0
33912205 38 0 1 1
33912667 294 0 1 0
33913411 16 1 1 1
33918343 2 1 4 0
33920961 2 1 4 1
33921683 8 1 3 0
33923095 294 0 1 1
33923557 38 0 1 0
33924301 8 1 3 1
33929233 0 1 4 0
33931851 0 1 4 1
33932573 16 1 1 0
33933985 38 0 1 1
33934447 294 0 1 0
33935191 16 1 1 1
33940123 2 1 4 0
33942741 2 1 4 1
33943463 8 1 3 0
33944875 294 0 1 1
33945337 38 0 1 0
33946081 8 1 3 1
33951013 0 1 4 0
33953631 0 1 4 1
33954353 16 1 1 0
33955765 38 0 1 1
33956227 294 0 1 0
33956971 16 1 1 1
33961903 2 1 4 0
33964521 2 1 4 1
33965243 8 1 3 0
33966655 294 0 1 1
33967117 38 0 1 0
33967861 8 1 3 1
33972793 0 1 4 0
33975411 0 1 4 1
33976133 16 1 1 0
33977545 38 0 1 1
33978007 294 0 1 0
33978751 16 1 1 1
33983683 2 1 4 0
33986301 2 1 4 1
33987023 8 1 3 0
33988435 294 0 1 1
33988897 38 0 1 0
33989641 8 1 3 1
33994573 0 1 4 0
33997191 0 1 4 1
33997913 16 1 1 0
33999325 38 0 1 1
33999787 294 0 1 0
34000531 16 1 1 1
34005463 2 1 4 0
34008081 2 1 4 1
34008803 8 1 3 0
34010215 294 0 1 1
34010677 38 0 1 0
34011421 8 1 3 1
34016353 0 1 4 0
34018971 0 1 4 1
34019693 16 1 1 0
34021105 38 0 1 1
34021567 294 0 1 0
34022311 16 1 1 1
34027243 2 1 4 0
34029861 2 1 4 1
34030583 8 1 3 0
34031995 294 0 1 1
34032457 38 0 1 0
34033201 8 1 3 1
34038133 0 1 4 0
34040751 0 1 4 1
34041473 16 1 1 0
34042885 38 0 1 1
34043347 294 0 1 0
34044091 16 1 1 1
34049023 2 1 4 0
34051641 2 1 4 1
34052363 8 1 3 0
34053775 294 0 1 1
34054237 38 0 1 0
34054981 8 1 3 1
34059913 0 1 4 0
34062531 0 1 4 1
34063253 16 1 1 0
34064665 38 0 1 1
34065127 294 0 1 0
34065871 16 1 1 1
34070803 2 1 4 0
34073421 2 1 4 1
34074143 8 1 3 0
34075555 294 0 1 1
34076017 38 0 1 0
34076761 8 1 3 1
34081693 0 1 4 0
34084311 0 1 4 1
34085033 16 1 1 0
34086445 38 0 1 1
34086907 294 0 1 0
34087651 16 1 1 1
34092583 2 1 4 0
34095201 2 1 4 1
34095923 8 1 3 0
34097335 294 0 1 1
34097797 38 0 1 0
34098541 8 1 3 1
34103473 0 1 4 0
34106091 0 1 4 1
34106813 16 1 1 0
34108225 38 0 1 1
34108687 294 0 1 0
34109431 16 1 1 1
34114363 2 1 4 0
34116981 2 1 4 1
34117703 8 1 3 0
34119115 294 0 1 1
34119577 38 0 1 0
34120321 8 1 3 1
34125253 0 1 4 0
34127871 0 1 4 1
34128593 16 1 1 0
34130005 38 0 1 1
34130467 294 0 1 0
34131211 16 1 1 1
34136143 2 1 4 0
34138761 2 1 4 1
34139483 8 1 3 0
34140895 294 0 1 1
34141357 38 0 1 0
34142101 8 1 3 1
34147033 0 1 4 0
34149651 0 1 4 1
34150373 16 1 1 0
34151785 38 0 1 1
34152247 294 0 1 0
34152991 16 1 1 1
34157923 2 1 4 0
34160541 2 1 4 1
34161263 8 1 3 0
34162675 294 0 1 1
34163137 38 0 1 0
34163881 8 1 3 1
34168813 0 1 4 0
34171431 0 1 4 1
34172153 16 1 1 0
34173565 38 0 1 1
34174027 294 0 1 0
34174771 16 1 1 1
34179703 2 1 4 0
34182321 2 1 4 1
34183043 8 1 3 0
34184455 294 0 1 1
34184917 38 0 1 0
34185661 8 1 3 1
34190593 0 1 4 0
34193211 0 1 4 1
34193933 16 1 1 0
34195345 38 0 1 1
34195807 294 0 1 0
34196551 16 1 1 1
34201483 2 1 4 0
34204101 2 1 4 1
34204823 8 1 3 0
34206235 294 0 1 1
34206697 38 0 1 0
34207441 8 1 3 1
34212373 0 1 4 0
34214991 0 1 4 1
34215713 16 1 1 0
34217125 38 0 1 1
34217587 294 0 1 0
34218331 16 1 1 1
34223263 2 1 4 0
34225881 2 1 4 1
34226603 8 1 3 0
34228015 294 0 1 1
34228477 38 0 1 0
34229221 8 1 3 1
34234153 0 1 4 0
34236771 0 1 4 1
34237493 16 1 1 0
34238905 38 0 1 1
34239367 294 0 1 0
34240111 16 1 1 1
34245043 2 1 4 0
34247661 2 1 4 1
34248383 8 1 3 0
34249795 294 0 1 1
34250257 38 0 1 0
34251001 8 1 3 1
34255933 0 1 4 0
34258551 0 1 4 1
34259273 16 1 1 0
34260685 38 0 1 1
34261147 294 0 1 0
34261891 16 1 1 1
34266823 2 1 4 0
34269441 2 1 4 1
34270163 8 1 3 0
34271575 294 0 1 1
34272037 38 0 1 0
34272781 8 1 3 1
34277713 0 1 4 0
34280331 0 1 4 1
34281053 16 1 1 0
34282465 38 0 1 1
34282927 294 0 1 0
34283671 16 1 1 1
34288603 2 1 4 0
34291221 2 1 4 1
34291943 8 1 3 0
34293355 294 0 1 1
34293817 38 0 1 0
34294561 8 1 3 1
34299493 0 1 4 0
34302111 0 1 4 1
34302833 16 1 1 0
34304245 38 0 1 1
34304707 294 0 1 0
34305451 16 1 1 1
34310383 2 1 4 0
34313001 2 1 4 1
34313723 8 1 3 0
34315135 294 0 1 1
34315597 38 0 1 0
34316341 8 1 3 1
34321273 0 1 4 0
34323891 0 1 4 1
34324613 16 1 1 0
34326025 38 0 1 1
34326487 294 0 1 0
34327231 16 1 1 1
34332163 2 1 4 0
34334781 2 1 4 1
34335503 8 1 3 0
34336915 294 0 1 1
34337377 38 0 1 0
34338121 8 1 3 1
34343053 0 1 4 0
34345671 0 1 4 1
34346393 16 1 1 0
34347805 38 0 1 1
34348267 294 0 1 0
34349011 16 1 1 1
34353943 2 1 4 0
34356561 2 1 4 1
34357283 8 1 3 0
34358695 294 0 1 1
34359157 38 0 1 0
34359901 8 1 3 1
34364833 0 1 4 0
34367451 0 1 4 1
34368173 16 1 1 0
34369585 38 0 1 1
34370047 294 0 1 0
34370791 16 1 1 1
34375723 2 1 4 0
34378341 2 1 4 1
34379063 8 1 3 0
34380475 294 0 1 1
34380937 38 0 1 0
34381681 8 1 3 1
34386613 0 1 4 0
34389231 0 1 4 1
34389953 16 1 1 0
34391365 38 0 1 1
34391827 294 0 1 0
34392571 16 1 1 1
34397503 2 1 4 0
34400121 2 1 4 1
34400843 8 1 3 0
34402255 294 0 1 1
34402717 38 0 1 0
34403461 8 1 3 1
34408393 0 1 4 0
34411011 0 1 4 1
34411733 16 1 1 0
34413145 38 0 1 1
34413607 294 0 1 0
34414351 16 1 1 1
34419283 2 1 4 0
34421901 2 1 4 1
34422623 8 1 3 0
34424035 294 0 1 1
34424497 38 0 1 0
34425241 8 1 3 1
34430173 0 1 4 0
34432791 0 1 4 1
34433513 16 1 1 0
34434925 38 0 1 1
34435387 294 0 1 0
34436131 16 1 1 1
34441063 2 1 4 0
34443681 2 1 4 1
34444403 8 1 3 0
34445815 294 0 1 1
34446277 38 0 1 0
34447021 8 1 3 1
34451953 0 1 4 0
34454571 0 1 4 1
34455293 16 1 1 0
34456705 38 0 1 1
34457167 294 0 1 0
34457911 16 1 1 1
34462843 2 1 4 0
34465461 2 1 4 1
34466183 8 1 3 0
34467595 294 0 1 1
34468057 38 0 1 0
34468801 8 1 3 1
34473733 0 1 4 0
34476351 0 1 4 1
34477073 16 1 1 0
34478485 38 0 1 1
34478947 294 0 1 0
34479691 16 1 1 1
34484623 2 1 4 0
34487241 2 1 4 1
34487963 8 1 3 0
34489375 294 0 1 1
34489837 38 0 1 0
34490581 8 1 3 1
34495513 0 1 4 0
34498131 0 1 4 1
34498853 16 1 1 0
34500265 38 0 1 1
34500727 294 0 1 0
34501471 16 1 1 1
34506403 2 1 4 0
34509021 2 1 4 1
34509743 8 1 3 0
34511155 294 0 1 1
34511617 38 0 1 0
34512361 8 1 3 1
34517293 0 1 4 0
34519911 0 1 4 1
34520633 16 1 1 0
34522045 38 0 1 1
34522507 294 0 1 0
34523251 16 1 1 1
34528183 2 1 4 0
34530801 2 1 4 1
34531523 8 1 3 0
34532935 294 0 1 1
34533397 38 0 1 0
34534141 8 1 3 1
34539073 0 1 4 0
34541691 0 1 4 1
34542413 16 1 1 0
34543825 38 0 1 1
34544287 294 0 1 0
34545031 16 1 1 1
34549963 2 1 4 0
34552581 2 1 4 1
34553303 8 1 3 0
34554715 294 0 1 1
34555177 38 0 1 0
34555921 8 1 3 1
34560853 0 1 4 0
34563471 0 1 4 1
34564193 16 1 1 0
34565605 38 0 1 1
34566067 294 0 1 0
34566811 16 1 1 1
34571743 2 1 4 0
34574361 2 1 4 1
34575083 8 1 3 0
34576495 294 0 1 1
34576957 38 0 1 0
34577701 8 1 3 1
34582633 0 1 4 0
34585251 0 1 4 1
34585973 16 1 1 0
34587385 38 0 1 1
34587847 294 0 1 0
34588591 16 1 1 1
34593523 2 1 4 0
34596141 2 1 4 1
34596863 8 1 3 0
34598275 294 0 1 1
34598737 38 0 1 0
34599481 8 1 3 1
34604413 0 1 4 0
34607031 0 1 4 1
34607753 16 1 1 0
34609165 38 0 1 1
34609627 294 0 1 0
34610371 16 1 1 1
34615303 2 1 4 0
34617921 2 1 4 1
34618643 8 1 3 0
34620055 294 0 1 1
34620517 38 0 1 0
34621261 8 1 3 1
34626193 0 1 4 0
34628811 0 1 4 1
34629533 16 1 1 0
34630945 38 0 1 1
34631407 294 0 1 0
34632151 16 1 1 1
34637083 2 1 4 0
34639701 2 1 4 1
34640423 8 1 3 0
34641835 294 0 1 1
34642297 38 0 1 0
34643041 8 1 3 1
34647973 0 1 4 0
34650591 0 1 4 1
34651313 16 1 1 0
34652725 38 0 1 1
34653187 294 0 1 0
34653931 16 1 1 1
34658863 2 1 4 0
34661481 2 1 4 1
34662203 8 1 3 0
34663615 294 0 1 1
34664077 38 0 1 0
34664821 8 1 3 1
34669753 0 1 4 0
34672371 0 1 4 1
34673093 16 1 1 0
34674505 38 0 1 1
34674967 294 0 1 0
34675711 16 1 1 1
34680643 2 1 4 0
34683261 2 1 4 1
34683983 8 1 3 0
34685395 294 0 1 1
34685857 38 0 1 0
34686601 8 1 3 1
34691533 0 1 4 0
34694151 0 1 4 1
34694873 16 1 1 0
34696285 38 0 1 1
34696747 294 0 1 0
34697491 16 1 1 1
34702423 2 1 4 0
34705041 2 1 4 1
34705763 8 1 3 0
34707175 294 0 1 1
34707637 38 0 1 0
34708381 8 1 3 1
34713313 0 1 4 0
34715931 0 1 4 1
34716653 16 1 1 0
34718065 38 0 1 1
34718527 294 0 1 0
34719271 16 1 1 1
34724203 2 1 4 0
34726821 2 1 4 1
34727543 8 1 3 0
34728955 294 0 1 1
34729417 38 0 1 0
34730161 8 1 3 1
34735093 0 1 4 0
34737711 0 1 4 1
34738433 16 1 1 0
34739845 38 0 1 1
34740307 294 0 1 0
34741051 16 1 1 1
34745983 2 1 4 0
34748601 2 1 4 1
34749323 8 1 3 0
34750735 294 0 1 1
34751197 38 0 1 0
34751941 8 1 3 1
34756873 0 1 4 0
34759491 0 1 4 1
34760213 16 1 1 0
34761625 38 0 1 1
34762087 294 0 1 0
34762831 16 1 1 1
34767763 2 1 4 0
34770381 2 1 4 1
34771103 8 1 3 0
34772515 294 0 1 1
34772977 38 0 1 0
34773721 8 1 3 1
34778653 0 1 4 0
34781271 0 1 4 1
34781993 16 1 1 0
34783405 38 0 1 1
34783867 294 0 1 0
34784611 16 1 1 1
34789543 2 1 4 0
34792161 2 1 4 1
34792883 8 1 3 0
34794295 294 0 1 1
34794757 38 0 1 0
34795501 8 1 3 1
34800433 0 1 4 0
34803051 0 1 4 1
34803773 16 1 1 0
34805185 38 0 1 1
34805647 294 0 1 0
34806391 16 1 1 1
34811323 2 1 4 0
34813941 2 1 4 1
34814663 8 1 3 0
34816075 294 0 1 1
34816537 38 0 1 0
34817281 8 1 3 1
34822213 0 1 4 0
34824831 0 1 4 1
34825553 16 1 1 0
34826965 38 0 1 1
34827427 294 0 1 0
34828171 16 1 1 1
34833103 2 1 4 0
34835721 2 1 4 1
34836443 8 1 3 0
34837855 294 0 1 1
34838317 38 0 1 0
34839061 8 1 3 1
34843993 0 1 4 0
34846611 0 1 4 1
34847333 16 1 1 0
34848745 38 0 1 1
34849207 294 0 1 0
34849951 16 1 1 1
34854883 2 1 4 0
34857501 2 1 4 1
34858223 8 1 3 0
34859635 294 0 1 1
34860097 38 0 1 0
34860841 8 1 3 1
34865773 0 1 4 0
34868391 0 1 4 1
34869113 16 1 1 0
34870525 38 0 1 1
34870987 294 0 1 0
34871731 16 1 1 1
34876663 2 1 4 0
34879281 2 1 4 1
34880003 8 1 3 0
34881415 294 0 1 1
34881877 38 0 1 0
34882621 8 1 3 1
34887553 0 1 4 0
34890171 0 1 4 1
34890893 16 1 1 0
34892305 38 0 1 1
34892767 294 0 1 0
34893511 16 1 1 1
34898443 2 1 4 0
34901061 2 1 4 1
34901783 8 1 3 0
34903195 294 0 1 1
34903657 38 0 1 0
34904401 8 1 3 1
34909333 0 1 4 0
34911951 0 1 4 1
34912673 16 1 1 0
34914085 38 0 1 1
34914547 294 0 1 0
34915291 16 1 1 1
34920223 2 1 4 0
34922841 2 1 4 1
34923563 8 1 3 0
34924975 294 0 1 1
34925437 38 0 1 0
34926181 8 1 3 1
34931113 0 1 4 0
34933731 0 1 4 1
34934453 16 1 1 0
34935865 38 0 1 1
34936327 294 0 1 0
34937071 16 1 1 1
34942003 2 1 4 0
34944621 2 1 4 1
34945343 8 1 3 0
34946755 294 0 1 1
34947217 38 0 1 0
34947961 8 1 3 1
34952893 0 1 4 0
34955511 0 1 4 1
34956233 16 1 1 0
34957645 38 0 1 1
34958107 294 0 1 0
34958851 16 1 1 1
34963783 2 1 4 0
34966401 2 1 4 1
34967123 8 1 3 0
34968535 294 0 1 1
34968997 38 0 1 0
34969741 8 1 3 1
34974673 0 1 4 0
34977291 0 1 4 1
34978013 16 1 1 0
34979425 38 0 1 1
34979887 294 0 1 0
34980631 16 1 1 1
34985563 2 1 4 0
34988181 2 1 4 1
34988903 8 1 3 0
34990315 294 0 1 1
34990777 38 0 1 0
34991521 8 1 3 1
34996453 0 1 4 0
34999071 0 1 4 1
34999793 16 1 1 0
35001205 38 0 1 1
35001667 294 0 1 0
35002411 16 1 1 1
35007343 2 1 4 0
35009961 2 1 4 1
35010683 8 1 3 0
35012095 294 0 1 1
35012557 38 0 1 0
35013301 8 1 3 1
35018233 0 1 4 0
35020851 0 1 4 1
35021573 16 1 1 0
35022985 38 0 1 1
35023447 294 0 1 0
35024191 16 1 1 1
35029123 2 1 4 0
35031741 2 1 4 1
35032463 8 1 3 0
35033875 294 0 1 1
35034337 38 0 1 0
35035081 8 1 3 1
35040013 0 1 4 0
35042631 0 1 4 1
35043353 16 1 1 0
35044765 38 0 1 1
35045227 294 0 1 0
35045971 16 1 1 1
35050903 2 1 4 0
35053521 2 1 4 1
35054243 8 1 3 0
35055655 294 0 1 1
35056117 38 0 1 0
35056861 8 1 3 1
35061793 0 1 4 0
35064411 0 1 4 1
35065133 16 1 1 0
35066545 38 0 1 1
35067007 294 0 1 0
35067751 16 1 1 1
35072683 2 1 4 0
35075301 2 1 4 1
35076023 8 1 3 0
35077435 294 0 1 1
35077897 38 0 1 0
35078641 8 1 3 1
35083573 0 1 4 0
35086191 0 1 4 1
35086913 16 1 1 0
35088325 38 0 1 1
35088787 294 0 1 0
35089531 16 1 1 1
35094463 2 1 4 0
35097081 2 1 4 1
35097803 8 1 3 0
35099215 294 0 1 1
35099677 38 0 1 0
35100421 8 1 3 1
35105353 0 1 4 0
35107971 0 1 4 1
35108693 16 1 1 0
35110105 38 0 1 1
35110567 294 0 1 0
35111311 16 1 1 1
35116243 2 1 4 0
35118861 2 1 4 1
35119583 8 1 3 0
35120995 294 0 1 1
35121457 38 0 1 0
35122201 8 1 3 1
35127133 0 1 4 0
35129751 0 1 4 1
35130473 16 1 1 0
35131885 38 0 1 1
35132347 294 0 1 0
35133091 16 1 1 1
35138023 2 1 4 0
35140641 2 1 4 1
35141363 8 1 3 0
35142775 294 0 1 1
35143237 38 0 1 0
35143981 8 1 3 1
35148913 0 1 4 0
35151531 0 1 4 1
35152253 16 1 1 0
35153665 38 0 1 1
35154127 294 0 1 0
35154871 16 1 1 1
35159803 2 1 4 0
35162421 2 1 4 1
35163143 8 1 3 0
35164555 294 0 1 1
35165017 38 0 1 0
35165761 8 1 3 1
35170693 0 1 4 0
35173311 0 1 4 1
35174033 16 1 1 0
35175445 38 0 1 1
35175907 294 0 1 0
35176651 16 1 1 1
35181583 2 1 4 0
35184201 2 1 4 1
35184923 8 1 3 0
35186335 294 0 1 1
35186797 38 0 1 0
35187541 8 1 3 1
35192473 0 1 4 0
35195091 0 1 4 1
35195813 16 1 1 0
35197225 38 0 1 1
35197687 294 0 1 0
35198431 16 1 1 1
35203363 2 1 4 0
35205981 2 1 4 1
35206703 8 1 3 0
35208115 294 0 1 1
35208577 38 0 1 0
35209321 8 1 3 1
35214253 0 1 4 0
35216871 0 1 4 1
35217593 16 1 1 0
35219005 38 0 1 1
35219467 294 0 1 0
35220211 16 1 1 1
35225143 2 1 4 0
35227761 2 1 4 1
35228483 8 1 3 0
35229895 294 0 1 1
35230357 38 0 1 0
35231101 8 1 3 1
35236033 0 1 4 0
35238651 0 1 4 1
35239373 16 1 1 0
35240785 38 0 1 1
35241247 294 0 1 0
35241991 16 1 1 1
35246923 2 1 4 0
35249541 2 1 4 1
35250263 8 1 3 0
35251675 294 0 1 1
35252137 38 0 1 0
35252881 8 1 3 1
35257813 0 1 4 0
35260431 0 1 4 1
35261153 16 1 1 0
35262565 38 0 1 1
35263027 294 0 1 0
35263771 16 1 1 1
35268703 2 1 4 0
35271321 2 1 4 1
35272043 8 1 3 0
35273455 294 0 1 1
35273917 38 0 1 0
35274661 8 1 3 1
35279593 0 1 4 0
35282211 0 1 4 1
35282933 16 1 1 0
35284345 38 0 1 1
35284807 294 0 1 0
35285551 16 1 1 1
35290483 2 1 4 0
35293101 2 1 4 1
35293823 8 1 3 0
35295235 294 0 1 1
35295697 38 0 1 0
35296441 8 1 3 1
35301373 0 1 4 0
35303991 0 1 4 1
35304713 16 1 1 0
35306125 38 0 1 1
35306587 294 0 1 0
35307331 16 1 1 1
35312263 2 1 4 0
35314881 2 1 4 1
35315603 8 1 3 0
35317015 294 0 1 1
35317477 38 0 1 0
35318221 8 1 3 1
35323153 0 1 4 0
35325771 0 1 4 1
35326493 16 1 1 0
35327905 38 0 1 1
35328367 294 0 1 0
35329111 16 1 1 1
35334043 2 1 4 0
35336661 2 1 4 1
35337383 8 1 3 0
35338795 294 0 1 1
35339257 38 0 1 0
35340001 8 1 3 1
35344933 0 1 4 0
35347551 0 1 4 1
35348273 16 1 1 0
35349685 38 0 1 1
35350147 294 0 1 0
35350891 16 1 1 1
35355823 2 1 4 0
35358441 2 1 4 1
35359163 8 1 3 0
35360575 294 0 1 1
35361037 38 0 1 0
35361781 8 1 3 1
35366713 0 1 4 0
35369331 0 1 4 1
35370053 16 1 1 0
35371465 38 0 1 1
35371927 294 0 1 0
35372671 16 1 1 1
35377603 2 1 4 0
35380221 2 1 4 1
35380943 8 1 3 0
35382355 294 0 1 1
35382817 38 0 1 0
35383561 8 1 3 1
35388493 0 1 4 0
35391111 0 1 4 1
35391833 16 1 1 0
35393245 38 0 1 1
35393707 294 0 1 0
35394451 16 1 1 1
35399383 2 1 4 0
35402001 2 1 4 1
35402723 8 1 3 0
35404135 294 0 1 1
35404597 38 0 1 0
35405341 8 1 3 1
35410273 0 1 4 0
35412891 0 1 4 1
35413613 16 1 1 0
35415025 38 0 1 1
35415487 294 0 1 0
35416231 16 1 1 1
35421163 2 1 4 0
35423781 2 1 4 1
35424503 8 1 3 0
35425915 294 0 1 1
35426377 38 0 1 0
35427121 8 1 3 1
35432053 0 1 4 0
35434671 0 1 4 1
35435393 16 1 1 0
35436805 38 0 1 1
35437267 294 0 1 0
35438011 16 1 1 1
35442943 2 1 4 0
35445561 2 1 4 1
35446283 8 1 3 0
35447695 294 0 1 1
35448157 38 0 1 0
35448901 8 1 3 1
35453833 0 1 4 0
35456451 0 1 4 1
35457173 16 1 1 0
35458585 38 0 1 1
35459047 294 0 1 0
35459791 16 1 1 1
35464723 2 1 4 0
35467341 2 1 4 1
35468063 8 1 3 0
35469475 294 0 1 1
35469937 38 0 1 0
35470681 8 1 3 1
35475613 0 1 4 0
35478231 0 1 4 1
35478953 16 1 1 0
35480365 38 0 1 1
35480827 294 0 1 0
35481571 16 1 1 1
35486503 2 1 4 0
35489121 2 1 4 1
35489843 8 1 3 0
35491255 294 0 1 1
35491717 38 0 1 0
35492461 8 1 3 1
35497393 0 1 4 0
35500011 0 1 4 1
35500733 16 1 1 0
35502145 38 0 1 1
35502607 294 0 1 0
35503351 16 1 1 1
35508283 2 1 4 0
35510901 2 1 4 1
35511623 8 1 3 0
35513035 294 0 1 1
35513497 38 0 1 0
35514241 8 1 3 1
35519173 0 1 4 0
35521791 0 1 4 1
35522513 16 1 1 0
35523925 38 0 1 1
35524387 294 0 1 0
35525131 16 1 1 1
35530063 2 1 4 0
35532681 2 1 4 1
35533403 8 1 3 0
35534815 294 0 1 1
35535277 38 0 1 0
35536021 8 1 3 1
35540953 0 1 4 0
35543571 0 1 4 1
35544293 16 1 1 0
35545705 38 0 1 1
35546167 294 0 1 0
35546911 16 1 1 1
35551843 2 1 4 0
35554461 2 1 4 1
35555183 8 1 3 0
35556595 294 0 1 1
35557057 38 0 1 0
35557801 8 1 3 1
35562733 0 1 4 0
35565351 0 1 4 1
35566073 16 1 1 0
35567485 38 0 1 1
35567947 294 0 1 0
35568691 16 1 1 1
35573623 2 1 4 0
35576241 2 1 4 1
35576963 8 1 3 0
35578375 294 0 1 1
35578837 38 0 1 0
35579581 8 1 3 1
35584513 0 1 4 0
35587131 0 1 4 1
35587853 16 1 1 0
35589265 38 0 1 1
35589727 294 0 1 0
35590471 16 1 1 1
35595403 2 1 4 0
35598021 2 1 4 1
35598743 8 1 3 0
35600155 294 0 1 1
35600617 38 0 1 0
35601361 8 1 3 1
35606293 0 1 4 0
35608911 0 1 4 1
35609633 16 1 1 0
35611045 38 0 1 1
35611507 294 0 1 0
35612251 16 1 1 1
35617183 2 1 4 0
35619801 2 1 4 1
35620523 8 1 3 0
35621935 294 0 1 1
35622397 38 0 1 0
35623141 8 1 3 1
35628073 0 1 4 0
35630691 0 1 4 1
35631413 16 1 1 0
35632825 38 0 1 1
35633287 294 0 1 0
35634031 16 1 1 1
35638963 2 1 4 0
35641581 2 1 4 1
35642303 8 1 3 0
35643715 294 0 1 1
35644177 38 0 1 0
35644921 8 1 3 1
35649853 0 1 4 0
35652471 0 1 4 1
35653193 16 1 1 0
35654605 38 0 1 1
35655067 294 0 1 0
35655811 16 1 1 1
35660743 2 1 4 0
35663361 2 1 4 1
35664083 8 1 3 0
35665495 294 0 1 1
35665957 38 0 1 0
35666701 8 1 3 1
35671633 0 1 4 0
35674251 0 1 4 1
35674973 16 1 1 0
35676385 38 0 1 1
35676847 294 0 1 0
35677591 16 1 1 1
35682523 2 1 4 0
35685141 2 1 4 1
35685863 8 1 3 0
35687275 294 0 1 1
35687737 38 0 1 0
35688481 8 1 3 1
35693413 0 1 4 0
35696031 0 1 4 1
35696753 16 1 1 0
35698165 38 0 1 1
35698627 294 0 1 0
35699371 16 1 1 1
35704303 2 1 4 0
35706921 2 1 4 1
35707643 8 1 3 0
35709055 294 0 1 1
35709517 38 0 1 0
35710261 8 1 3 1
35715193 0 1 4 0
35717811 0 1 4 1
35718533 16 1 1 0
35719945 38 0 1 1
35720407 294 0 1 0
35721151 16 1 1 1
35726083 2 1 4 0
35728701 2 1 4 1
35729423 8 1 3 0
35730835 294 0 1 1
35731297 38 0 1 0
35732041 8 1 3 1
35736973 0 1 4 0
35739591 0 1 4 1
35740313 16 1 1 0
35741725 38 0 1 1
35742187 294 0 1 0
35742931 16 1 1 1
35747863 2 1 4 0
35750481 2 1 4 1
35751203 8 1 3 0
35752615 294 0 1 1
35753077 38 0 1 0
35753821 8 1 3 1
35758753 0 1 4 0
35761371 0 1 4 1
35762093 16 1 1 0
35763505 38 0 1 1
35763967 294 0 1 0
35764711 16 1 1 1
35769643 2 1 4 0
35772261 2 1 4 1
35772983 8 1 3 0
35774395 294 0 1 1
35774857 38 0 1 0
35775601 8 1 3 1
35780533 0 1 4 0
35783151 0 1 4 1
35783873 16 1 1 0
35785285 38 0 1 1
35785747 294 0 1 0
35786491 16 1 1 1
35791423 2 1 4 0
35794041 2 1 4 1
35794763 8 1 3 0
35796175 294 0 1 1
35796637 38 0 1 0
35797381 8 1 3 1
35802313 0 1 4 0
35804931 0 1 4 1
35805653 16 1 1 0
35807065 38 0 1 1
35807527 294 0 1 0
35808271 16 1 1 1
35813203 2 1 4 0
35815821 2 1 4 1
35816543 8 1 3 0
35817955 294 0 1 1
35818417 38 0 1 0
35819161 8 1 3 1
35824093 0 1 4 0
35826711 0 1 4 1
35827433 16 1 1 0
35828845 38 0 1 1
35829307 294 0 1 0
35830051 16 1 1 1
35834983 2 1 4 0
35837601 2 1 4 1
35838323 8 1 3 0
35839735 294 0 1 1
35840197 38 0 1 0
35840941 8 1 3 1
35845873 0 1 4 0
35848491 0 1 4 1
35849213 16 1 1 0
35850625 38 0 1 1
35851087 294 0 1 0
35851831 16 1 1 1
35856763 2 1 4 0
35859381 2 1 4 1
35860103 8 1 3 0
35861515 294 0 1 1
35861977 38 0 1 0
35862721 8 1 3 1
35867653 0 1 4 0
35870271 0 1 4 1
35870993 16 1 1 0
35872405 38 0 1 1
35872867 294 0 1 0
35873611 16 1 1 1
35878543 2 1 4 0
35881161 2 1 4 1
35881883 8 1 3 0
35883295 294 0 1 1
35883757 38 0 1 0
35884501 8 1 3 1
35889433 0 1 4 0
35892051 0 1 4 1
35892773 16 1 1 0
35894185 38 0 1 1
35894647 294 0 1 0
35895391 16 1 1 1
35900323 2 1 4 0
35902941 2 1 4 1
35903663 8 1 3 0
35905075 294 0 1 1
35905537 38 0 1 0
35906281 8 1 3 1
35911213 0 1 4 0
35913831 0 1 4 1
35914553 16 1 1 0
35915965 38 0 1 1
35916427 294 0 1 0
35917171 16 1 1 1
35922103 2 1 4 0
35924721 2 1 4 1
35925443 8 1 3 0
35926855 294 0 1 1
35927317 38 0 1 0
35928061 8 1 3 1
35932993 0 1 4 0
35935611 0 1 4 1
35936333 16 1 1 0
35937745 38 0 1 1
35938207 294 0 1 0
35938951 16 1 1 1
35943883 2 1 4 0
35946501 2 1 4 1
35947223 8 1 3 0
35948635 294 0 1 1
35949097 38 0 1 0
35949841 8 1 3 1
35954773 0 1 4 0
35957391 0 1 4 1
35958113 16 1 1 0
35959525 38 0 1 1
35959987 294 0 1 0
35960731 16 1 1 1
35965663 2 1 4 0
35968281 2 1 4 1
35969003 8 1 3 0
35970415 294 0 1 1
35970877 38 0 1 0
35971621 8 1 3 1
35976553 0 1 4 0
35979171 0 1 4 1
35979893 16 1 1 0
35981305 38 0 1 1
35981767 294 0 1 0
35982511 16 1 1 1
35987443 2 1 4 0
35990061 2 1 4 1
35990783 8 1 3 0
35992195 294 0 1 1
35992657 38 0 1 0
35993401 8 1 3 1
35998333 0 1 4 0
36000951 0 1 4 1
36001673 16 1 1 0
36003085 38 0 1 1
36003547 294 0 1 0
36004291 16 1 1 1
36009223 2 1 4 0
36011841 2 1 4 1
36012563 8 1 3 0
36013975 294 0 1 1
36014437 38 0 1 0
36015181 8 1 3 1
36020113 0 1 4 0
36022731 0 1 4 1
36023453 16 1 1 0
36024865 38 0 1 1
36025327 294 0 1 0
36026071 16 1 1 1
36031003 2 1 4 0
36033621 2 1 4 1
36034343 8 1 3 0
36035755 294 0 1 1
36036217 38 0 1 0
36036961 8 1 3 1
36041893 0 1 4 0
36044511 0 1 4 1
36045233 16 1 1 0
36046645 38 0 1 1
36047107 294 0 1 0
36047851 16 1 1 1
36052783 2 1 4 0
36055401 2 1 4 1
36056123 8 1 3 0
36057535 294 0 1 1
36057997 38 0 1 0
36058741 8 1 3 1
36063673 0 1 4 0
36066291 0 1 4 1
36067013 16 1 1 0
36068425 38 0 1 1
36068887 294 0 1 0
36069631 16 1 1 1
36074563 2 1 4 0
36077181 2 1 4 1
36077903 8 1 3 0
36079315 294 0 1 1
36079777 38 0 1 0
36080521 8 1 3 1
36085453 0 1 4 0
36088071 0 1 4 1
36088793 16 1 1 0
36090205 38 0 1 1
36090667 294 0 1 0
36091411 16 1 1 1
36096343 2 1 4 0
36098961 2 1 4 1
36099683 8 1 3 0
36101095 294 0 1 1
36101557 38 0 1 0
36102301 8 1 3 1
36107233 0 1 4 0
36109851 0 1 4 1
36110573 16 1 1 0
36111985 38 0 1 1
36112447 294 0 1 0
36113191 16 1 1 1
36118123 2 1 4 0
36120741 2 1 4 1
36121463 8 1 3 0
36122875 294 0 1 1
36123337 38 0 1 0
36124081 8 1 3 1
36129013 0 1 4 0
36131631 0 1 4 1
36132353 16 1 1 0
36133765 38 0 1 1
36134227 294 0 1 0
36134971 16 1 1 1
36139903 2 1 4 0
36142521 2 1 4 1
36143243 8 1 3 0
36144655 294 0 1 1
36145117 38 0 1 0
36145861 8 1 3 1
36150793 0 1 4 0
36153411 0 1 4 1
36154133 16 1 1 0
36155545 38 0 1 1
36156007 294 0 1 0
36156751 16 1 1 1
36161683 2 1 4 0
36164301 2 1 4 1
36165023 8 1 3 0
36166435 294 0 1 1
36166897 38 0 1 0
36167641 8 1 3 1
36172573 0 1 4 0
36175191 0 1 4 1
36175913 16 1 1 0
36177325 38 0 1 1
36177787 294 0 1 0
36178531 16 1 1 1
36183463 2 1 4 0
36186081 2 1 4 1
36186803 8 1 3 0
36188215 294 0 1 1
36188677 38 0 1 0
36189421 8 1 3 1
36194353 0 1 4 0
36196971 0 1 4 1
36197693 16 1 1 0
36199105 38 0 1 1
36199567 294 0 1 0
36200311 16 1 1 1
36205243 2 1 4 0
36207861 2 1 4 1
36208583 8 1 3 0
36209995 294 0 1 1
36210457 38 0 1 0
36211201 8 1 3 1
36216133 0 1 4 0
36218751 0 1 4 1
36219473 16 1 1 0
36220885 38 0 1 1
36221347 294 0 1 0
36222091 16 1 1 1
36227023 2 1 4 0
36229641 2 1 4 1
36230363 8 1 3 0
36231775 294 0 1 1
36232237 38 0 1 0
36232981 8 1 3 1
36237913 0 1 4 0
36240531 0 1 4 1
36241253 16 1 1 0
36242665 38 0 1 1
36243127 294 0 1 0
36243871 16 1 1 1
36248803 2 1 4 0
36251421 2 1 4 1
36252143 8 1 3 0
36253555 294 0 1 1
36254017 38 0 1 0
36254761 8 1 3 1
36259693 0 1 4 0
36262311 0 1 4 1
36263033 16 1 1 0
36264445 38 0 1 1
36264907 294 0 1 0
36265651 16 1 1 1
36270583 2 1 4 0
36273201 2 1 4 1
36273923 8 1 3 0
36275335 294 0 1 1
36275797 38 0 1 0
36276541 8 1 3 1
36281473 0 1 4 0
36284091 0 1 4 1
36284813 16 1 1 0
36286225 38 0 1 1
36286687 294 0 1 0
36287431 16 1 1 1
36292363 2 1 4 0
36294981 2 1 4 1
36295703 8 1 3 0
36297115 294 0 1 1
36297577 38 0 1 0
36298321 8 1 3 1
36303253 0 1 4 0
36305871 0 1 4 1
36306593 16 1 1 0
36308005 38 0 1 1
36308467 294 0 1 0
36309211 16 1 1 1
36314143 2 1 4 0
36316761 2 1 4 1
36317483 8 1 3 0
36318895 294 0 1 1
36319357 38 0 1 0
36320101 8 1 3 1
36325033 0 1 4 0
36327651 0 1 4 1
36328373 16 1 1 0
36329785 38 0 1 1
36330247 294 0 1 0
36330991 16 1 1 1
36335923 2 1 4 0
36338541 2 1 4 1
36339263 8 1 3 0
36340675 294 0 1 1
36341137 38 0 1 0
36341881 8 1 3 1
36346813 0 1 4 0
36349431 0 1 4 1
36350153 16 1 1 0
36351565 38 0 1 1
36352027 294 0 1 0
36352771 16 1 1 1
36357703 2 1 4 0
36360321 2 1 4 1
36361043 8 1 3 0
36362455 294 0 1 1
36362917 38 0 1 0
36363661 8 1 3 1
36368593 0 1 4 0
36371211 0 1 4 1
36371933 16 1 1 0
36373345 38 0 1 1
36373807 294 0 1 0
36374551 16 1 1 1
36379483 2 1 4 0
36382101 2 1 4 1
36382823 8 1 3 0
36384235 294 0 1 1
36384697 38 0 1 0
36385441 8 1 3 1
36390373 0 1 4 0
36392991 0 1 4 1
36393713 16 1 1 0
36395125 38 0 1 1
36395587 294 0 1 0
36396331 16 1 1 1
36401263 2 1 4 0
36403881 2 1 4 1
36404603 8 1 3 0
36406015 294 0 1 1
36406477 38 0 1 0
36407221 8 1 3 1
36412153 0 1 4 0
36414771 0 1 4 1
36415493 16 1 1 0
36416905 38 0 1 1
36417367 294 0 1 0
36418111 16 1 1 1
36423043 2 1 4 0
36425661 2 1 4 1
36426383 8 1 3 0
36427795 294 0 1 1
36428257 38 0 1 0
36429001 8 1 3 1
36433933 0 1 4 0
36436551 0 1 4 1
36437273 16 1 1 0
36438685 38 0 1 1
36439147 294 0 1 0
36439891 16 1 1 1
36444823 2 1 4 0
36447441 2 1 4 1
36448163 8 1 3 0
36449575 294 0 1 1
36450037 38 0 1 0
36450781 8 1 3 1
36455713 0 1 4 0
36458331 0 1 4 1
36459053 16 1 1 0
36460465 38 0 1 1
36460927 294 0 1 0
36461671 16 1 1 1
36466603 2 1 4 0
36469221 2 1 4 1
36469943 8 1 3 0
36471355 294 0 1 1
36471817 38 0 1 0
36472561 8 1 3 1
36477493 0 1 4 0
36480111 0 1 4 1
36480833 16 1 1 0
36482245 38 0 1 1
36482707 294 0 1 0
36483451 16 1 1 1
36488383 2 1 4 0
36491001 2 1 4 1
36491723 8 1 3 0
36493135 294 0 1 1
36493597 38 0 1 0
36494341 8 1 3 1
36499273 0 1 4 0
36501891 0 1 4 1
36502613 16 1 1 0
36504025 38 0 1 1
36504487 294 0 1 0
36505231 16 1 1 1
36510163 2 1 4 0
36512781 2 1 4 1
36513503 8 1 3 0
36514915 294 0 1 1
36515377 38 0 1 0
36516121 8 1 3 1
36521053 0 1 4 0
36523671 0 1 4 1
36524393 16 1 1 0
36525805 38 0 1 1
36526267 294 0 1 0
36527011 16 1 1 1
36531943 2 1 4 0
36534561 2 1 4 1
36535283 8 1 3 0
36536695 294 0 1 1
36537157 38 0 1 0
36537901 8 1 3 1
36542833 0 1 4 0
36545451 0 1 4 1
36546173 16 1 1 0
36547585 38 0 1 1
36548047 294 0 1 0
36548791 16 1 1 1
36553723 2 1 4 0
36556341 2 1 4 1
36557063 8 1 3 0
36558475 294 0 1 1
36558937 38 0 1 0
36559681 8 1 3 1
36564613 0 1 4 0
36567231 0 1 4 1
36567953 16 1 1 0
36569365 38 0 1 1
36569827 294 0 1 0
36570571 16 1 1 1
36575503 2 1 4 0
36578121 2 1 4 1
36578843 8 1 3 0
36580255 294 0 1 1
36580717 38 0 1 0
36581461 8 1 3 1
36586393 0 1 4 0
36589011 0 1 4 1
36589733 16 1 1 0
36591145 38 0 1 1
36591607 294 0 1 0
36592351 16 1 1 1
36597283 2 1 4 0
36599901 2 1 4 1
36600623 8 1 3 0
36602035 294 0 1 1
36602497 38 0 1 0
36603241 8 1 3 1
36608173 0 1 4 0
36610791 0 1 4 1
36611513 16 1 1 0
36612925 38 0 1 1
36613387 294 0 1 0
36614131 16 1 1 1
36619063 2 1 4 0
36621681 2 1 4 1
36622403 8 1 3 0
36623815 294 0 1 1
36624277 38 0 1 0
36625021 8 1 3 1
36629953 0 1 4 0
36632571 0 1 4 1
36633293 16 1 1 0
36634705 38 0 1 1
36635167 294 0 1 0
36635911 16 1 1 1
36640843 2 1 4 0
36643461 2 1 4 1
36644183 8 1 3 0
36645595 294 0 1 1
36646057 38 0 1 0
36646801 8 1 3 1
36651733 0 1 4 0
36654351 0 1 4 1
36655073 16 1 1 0
36656485 38 0 1 1
36656947 294 0 1 0
36657691 16 1 1 1
36662623 2 1 4 0
36665241 2 1 4 1
36665963 8 1 3 0
36667375 294 0 1 1
36667837 38 0 1 0
36668581 8 1 3 1
36673513 0 1 4 0
36676131 0 1 4 1
36676853 16 1 1 0
36678265 38 0 1 1
36678727 294 0 1 0
36679471 16 1 1 1
36684403 2 1 4 0
36687021 2 1 4 1
36687743 8 1 3 0
36689155 294 0 1 1
36689617 38 0 1 0
36690361 8 1 3 1
36695293 0 1 4 0
36697911 0 1 4 1
36698633 16 1 1 0
36700045 38 0 1 1
36700507 294 0 1 0
36701251 16 1 1 1
36706183 2 1 4 0
36708801 2 1 4 1
36709523 8 1 3 0
36710935 294 0 1 1
36711397 38 0 1 0
36712141 8 1 3 1
36717073 0 1 4 0
36719691 0 1 4 1
36720413 16 1 1 0
36721825 38 0 1 1
36722287 294 0 1 0
36723031 16 1 1 1
36727963 2 1 4 0
36730581 2 1 4 1
36731303 8 1 3 0
36732715 294 0 1 1
36733177 38 0 1 0
36733921 8 1 3 1
36738853 0 1 4 0
36741471 0 1 4 1
36742193 16 1 1 0
36743605 38 0 1 1
36744067 294 0 1 0
36744811 16 1 1 1
36749743 2 1 4 0
36752361 2 1 4 1
36753083 8 1 3 0
36754495 294 0 1 1
36754957 38 0 1 0
36755701 8 1 3 1
36760633 0 1 4 0
36763251 0 1 4 1
36763973 16 1 1 0
36765385 38 0 1 1
36765847 294 0 1 0
36766591 16 1 1 1
36771523 2 1 4 0
36774141 2 1 4 1
36774863 8 1 3 0
36776275 294 0 1 1
36776737 38 0 1 0
36777481 8 1 3 1
36782413 0 1 4 0
36785031 0 1 4 1
36785753 16 1 1 0
36787165 38 0 1 1
36787627 294 0 1 0
36788371 16 1 1 1
36793303 2 1 4 0
36795921 2 1 4 1
36796643 8 1 3 0
36798055 294 0 1 1
36798517 38 0 1 0
36799261 8 1 3 1
36804193 0 1 4 0
36806811 0 1 4 1
36807533 16 1 1 0
36808945 38 0 1 1
36809407 294 0 1 0
36810151 16 1 1 1
36815083 2 1 4 0
36817701 2 1 4 1
36818423 8 1 3 0
36819835 294 0 1 1
36820297 38 0 1 0
36821041 8 1 3 1
36825973 0 1 4 0
36828591 0 1 4 1
36829313 16 1 1 0
36830725 38 0 1 1
36831187 294 0 1 0
36831931 16 1 1 1
36836863 2 1 4 0
36839481 2 1 4 1
36840203 8 1 3 0
36841615 294 0 1 1
36842077 38 0 1 0
36842821 8 1 3 1
36847753 0 1 4 0
36850371 0 1 4 1
36851093 16 1 1 0
36852505 38 0 1 1
36852967 294 0 1 0
36853711 16 1 1 1
36858643 2 1 4 0
36861261 2 1 4 1
36861983 8 1 3 0
36863395 294 0 1 1
36863857 38 0 1 0
36864601 8 1 3 1
36869533 0 1 4 0
36872151 0 1 4 1
36872873 16 1 1 0
36874285 38 0 1 1
36874747 294 0 1 0
36875491 16 1 1 1
36880423 2 1 4 0
36883041 2 1 4 1
36883763 8 1 3 0
36885175 294 0 1 1
36885637 38 0 1 0
36886381 8 1 3 1
36891313 0 1 4 0
36893931 0 1 4 1
36894653 16 1 1 0
36896065 38 0 1 1
36896527 294 0 1 0
36897271 16 1 1 1
36902203 2 1 4 0
36904821 2 1 4 1
36905543 8 1 3 0
36906955 294 0 1 1
36907417 38 0 1 0
36908161 8 1 3 1
36913093 0 1 4 0
36915711 0 1 4 1
36916433 16 1 1 0
36917845 38 0 1 1
36918307 294 0 1 0
36919051 16 1 1 1
36923983 2 1 4 0
36926601 2 1 4 1
36927323 8 1 3 0
36928735 294 0 1 1
36929197 38 0 1 0
36929941 8 1 3 1
36934873 0 1 4 0
36937491 0 1 4 1
36938213 16 1 1 0
36939625 38 0 1 1
36940087 294 0 1 0
36940831 16 1 1 1
36945763 2 1 4 0
36948381 2 1 4 1
36949103 8 1 3 0
36950515 294 0 1 1
36950977 38 0 1 0
36951721 8 1 3 1
36956653 0 1 4 0
36959271 0 1 4 1
36959993 16 1 1 0
36961405 38 0 1 1
36961867 294 0 1 0
36962611 16 1 1 1
36967543 2 1 4 0
36970161 2 1 4 1
36970883 8 1 3 0
36972295 294 0 1 1
36972757 38 0 1 0
36973501 8 1 3 1
36978433 0 1 4 0
36981051 0 1 4 1
36981773 16 1 1 0
36983185 38 0 1 1
36983647 294 0 1 0
36984391 16 1 1 1
36989323 2 1 4 0
36991941 2 1 4 1
36992663 8 1 3 0
36994075 294 0 1 1
36994537 38 0 1 0
36995281 8 1 3 1
37000213 0 1 4 0
37002831 0 1 4 1
37003553 16 1 1 0
37004965 38 0 1 1
37005427 294 0 1 0
37006171 16 1 1 1
37011103 2 1 4 0
37013721 2 1 4 1
37014443 8 1 3 0
37015855 294 0 1 1
37016317 38 0 1 0
37017061 8 1 3 1
37021993 0 1 4 0
37024611 0 1 4 1
37025333 16 1 1 0
37026745 38 0 1 1
37027207 294 0 1 0
37027951 16 1 1 1
37032883 2 1 4 0
37035501 2 1 4 1
37036223 8 1 3 0
37037635 294 0 1 1
37038097 38 0 1 0
37038841 8 1 3 1
37043773 0 1 4 0
37046391 0 1 4 1
37047113 16 1 1 0
37048525 38 0 1 1
37048987 294 0 1 0
37049731 16 1 1 1
37054663 2 1 4 0
37057281 2 1 4 1
37058003 8 1 3 0
37059415 294 0 1 1
37059877 38 0 1 0
37060621 8 1 3 1
37065553 0 1 4 0
37068171 0 1 4 1
37068893 16 1 1 0
37070305 38 0 1 1
37070767 294 0 1 0
37071511 16 1 1 1
37076443 2 1 4 0
37079061 2 1 4 1
37079783 8 1 3 0
37081195 294 0 1 1
37081657 38 0 1 0
37082401 8 1 3 1
37087333 0 1 4 0
37089951 0 1 4 1
37090673 16 1 1 0
37092085 38 0 1 1
37092547 294 0 1 0
37093291 16 1 1 1
37098223 2 1 4 0
37100841 2 1 4 1
37101563 8 1 3 0
37102975 294 0 1 1
37103437 38 0 1 0
37104181 8 1 3 1
37109113 0 1 4 0
37111731 0 1 4 1
37112453 16 1 1 0
37113865 38 0 1 1
37114327 294 0 1 0
37115071 16 1 1 1
37120003 2 1 4 0
37122621 2 1 4 1
37123343 8 1 3 0
37124755 294 0 1 1
37125217 38 0 1 0
37125961 8 1 3 1
37130893 0 1 4 0
37133511 0 1 4 1
37134233 16 1 1 0
37135645 38 0 1 1
37136107 294 0 1 0
37136851 16 1 1 1
37141783 2 1 4 0
37144401 2 1 4 1
37145123 8 1 3 0
37146535 294 0 1 1
37146997 38 0 1 0
37147741 8 1 3 1
37152673 0 1 4 0
37155291 0 1 4 1
37156013 16 1 1 0
37157425 38 0 1 1
37157887 294 0 1 0
37158631 16 1 1 1
37163563 2 1 4 0
37166181 2 1 4 1
37166903 8 1 3 0
37168315 294 0 1 1
37168777 38 0 1 0
37169521 8 1 3 1
37174453 0 1 4 0
37177071 0 1 4 1
37177793 16 1 1 0
37179205 38 0 1 1
37179667 294 0 1 0
37180411 16 1 1 1
37185343 2 1 4 0
37187961 2 1 4 1
37188683 8 1 3 0
37190095 294 0 1 1
37190557 38 0 1 0
37191301 8 1 3 1
37196233 0 1 4 0
37198851 0 1 4 1
37199573 16 1 1 0
37200985 38 0 1 1
37201447 294 0 1 0
37202191 16 1 1 1
37207123 2 1 4 0
37209741 2 1 4 1
37210463 8 1 3 0
37211875 294 0 1 1
37212337 38 0 1 0
37213081 8 1 3 1
37218013 0 1 4 0
37220631 0 1 4 1
37221353 16 1 1 0
37222765 38 0 1 1
37223227 294 0 1 0
37223971 16 1 1 1
37228903 2 1 4 0
37231521 2 1 4 1
37232243 8 1 3 0
37233655 294 0 1 1
37234117 38 0 1 0
37234861 8 1 3 1
37239793 0 1 4 0
37242411 0 1 4 1
37243133 16 1 1 0
37244545 38 0 1 1
37245007 294 0 1 0
37245751 16 1 1 1
37250683 2 1 4 0
37253301 2 1 4 1
37254023 8 1 3 0
37255435 294 0 1 1
37255897 38 0 1 0
37256641 8 1 3 1
37261573 0 1 4 0
37264191 0 1 4 1
37264913 16 1 1 0
37266325 38 0 1 1
37266787 294 0 1 0
37267531 16 1 1 1
37272463 2 1 4 0
37275081 2 1 4 1
37275803 8 1 3 0
37277215 294 0 1 1
37277677 38 0 1 0
37278421 8 1 3 1
37283353 0 1 4 0
37285971 0 1 4 1
37286693 16 1 1 0
37288105 38 0 1 1
37288567 294 0 1 0
37289311 16 1 1 1
37294243 2 1 4 0
37296861 2 1 4 1
37297583 8 1 3 0
37298995 294 0 1 1
37299457 38 0 1 0
37300201 8 1 3 1
37305133 0 1 4 0
37307751 0 1 4 1
37308473 16 1 1 0
37309885 38 0 1 1
37310347 294 0 1 0
37311091 16 1 1 1
37316023 2 1 4 0
37318641 2 1 4 1
37319363 8 1 3 0
37320775 294 0 1 1
37321237 38 0 1 0
37321981 8 1 3 1
37326913 0 1 4 0
37329531 0 1 4 1
37330253 16 1 1 0
37331665 38 0 1 1
37332127 294 0 1 0
37332871 16 1 1 1
37337803 2 1 4 0
37340421 2 1 4 1
37341143 8 1 3 0
37342555 294 0 1 1
37343017 38 0 1 0
37343761 8 1 3 1
37348693 0 1 4 0
37351311 0 1 4 1
37352033 16 1 1 0
37353445 38 0 1 1
37353907 294 0 1 0
37354651 16 1 1 1
37359583 2 1 4 0
37362201 2 1 4 1
37362923 8 1 3 0
37364335 294 0 1 1
37364797 38 0 1 0
37365541 8 1 3 1
37370473 0 1 4 0
37373091 0 1 4 1
37373813 16 1 1 0
37375225 38 0 1 1
37375687 294 0 1 0
37376431 16 1 1 1
37381363 2 1 4 0
37383981 2 1 4 1
37384703 8 1 3 0
37386115 294 0 1 1
37386577 38 0 1 0
37387321 8 1 3 1
37392253 0 1 4 0
37394871 0 1 4 1
37395593 16 1 1 0
37397005 38 0 1 1
37397467 294 0 1 0
37398211 16 1 1 1
37403143 2 1 4 0
37405761 2 1 4 1
37406483 8 1 3 0
37407895 294 0 1 1
37408357 38 0 1 0
37409101 8 1 3 1
37414033 0 1 4 0
37416651 0 1 4 1
37417373 16 1 1 0
37418785 38 0 1 1
37419247 294 0 1 0
37419991 16 1 1 1
37424923 2 1 4 0
37427541 2 1 4 1
37428263 8 1 3 0
37429675 294 0 1 1
37430137 38 0 1 0
37430881 8 1 3 1
37435813 0 1 4 0
37438431 0 1 4 1
37439153 16 1 1 0
37440565 38 0 1 1
37441027 294 0 1 0
37441771 16 1 1 1
37446703 2 1 4 0
37449321 2 1 4 1
37450043 8 1 3 0
37451455 294 0 1 1
37451917 38 0 1 0
37452661 8 1 3 1
37457593 0 1 4 0
37460211 0 1 4 1
37460933 16 1 1 0
37462345 38 0 1 1
37462807 294 0 1 0
37463551 16 1 1 1
37468483 2 1 4 0
37471101 2 1 4 1
37471823 8 1 3 0
37473235 294 0 1 1
37473697 38 0 1 0
37474441 8 1 3 1
37479373 0 1 4 0
37481991 0 1 4 1
37482713 16 1 1 0
37484125 38 0 1 1
37484587 294 0 1 0
37485331 16 1 1 1
37490263 2 1 4 0
37492881 2 1 4 1
37493603 8 1 3 0
37495015 294 0 1 1
37495477 38 0 1 0
37496221 8 1 3 1
37501153 0 1 4 0
37503771 0 1 4 1
37504493 16 1 1 0
37505905 38 0 1 1
37506367 294 0 1 0
37507111 16 1 1 1
37512043 2 1 4 0
37514661 2 1 4 1
37515383 8 1 3 0
37516795 294 0 1 1
37517257 38 0 1 0
37518001 8 1 3 1
37522933 0 1 4 0
37525551 0 1 4 1
37526273 16 1 1 0
37527685 38 0 1 1
37528147 294 0 1 0
37528891 16 1 1 1
37533823 2 1 4 0
37536441 2 1 4 1
37537163 8 1 3 0
37538575 294 0 1 1
37539037 38 0 1 0
37539781 8 1 3 1
37544713 0 1 4 0
37547331 0 1 4 1
37548053 16 1 1 0
37549465 38 0 1 1
37549927 294 0 1 0
37550671 16 1 1 1
37555603 2 1 4 0
37558221 2 1 4 1
37558943 8 1 3 0
37560355 294 0 1 1
37560817 38 0 1 0
37561561 8 1 3 1
37566493 0 1 4 0
37569111 0 1 4 1
37569833 16 1 1 0
37571245 38 0 1 1
37571707 294 0 1 0
37572451 16 1 1 1
37577383 2 1 4 0
37580001 2 1 4 1
37580723 8 1 3 0
37582135 294 0 1 1
37582597 38 0 1 0
37583341 8 1 3 1
37588273 0 1 4 0
37590891 0 1 4 1
37591613 16 1 1 0
37593025 38 0 1 1
37593487 294 0 1 0
37594231 16 1 1 1
37599163 2 1 4 0
37601781 2 1 4 1
37602503 8 1 3 0
37603915 294 0 1 1
37604377 38 0 1 0
37605121 8 1 3 1
37610053 0 1 4 0
37612671 0 1 4 1
37613393 16 1 1 0
37614805 38 0 1 1
37615267 294 0 1 0
37616011 16 1 1 1
37620943 2 1 4 0
37623561 2 1 4 1
37624283 8 1 3 0
37625695 294 0 1 1
37626157 38 0 1 0
37626901 8 1 3 1
37631833 0 1 4 0
37634451 0 1 4 1
37635173 16 1 1 0
37636585 38 0 1 1
37637047 294 0 1 0
37637791 16 1 1 1
37642723 2 1 4 0
37645341 2 1 4 1
37646063 8 1 3 0
37647475 294 0 1 1
37647937 38 0 1 0
37648681 8 1 3 1
37653613 0 1 4 0
37656231 0 1 4 1
37656953 16 1 1 0
37658365 38 0 1 1
37658827 294 0 1 0
37659571 16 1 1 1
37664503 2 1 4 0
37667121 2 1 4 1
37667843 8 1 3 0
37669255 294 0 1 1
37669717 38 0 1 0
37670461 8 1 3 1
37675393 0 1 4 0
37678011 0 1 4 1
37678733 16 1 1 0
37680145 38 0 1 1
37680607 294 0 1 0
37681351 16 1 1 1
37686283 2 1 4 0
37688901 2 1 4 1
37689623 8 1 3 0
37691035 294 0 1 1
37691497 38 0 1 0
37692241 8 1 3 1
37697173 0 1 4 0
37699791 0 1 4 1
37700513 16 1 1 0
37701925 38 0 1 1
37702387 294 0 1 0
37703131 16 1 1 1
37708063 2 1 4 0
37710681 2 1 4 1
37711403 8 1 3 0
37712815 294 0 1 1
37713277 38 0 1 0
37714021 8 1 3 1
37718953 0 1 4 0
37721571 0 1 4 1
37722293 16 1 1 0
37723705 38 0 1 1
37724167 294 0 1 0
37724911 16 1 1 1
37729843 2 1 4 0
37732461 2 1 4 1
37733183 8 1 3 0
37734595 294 0 1 1
37735057 38 0 1 0
37735801 8 1 3 1
37740733 0 1 4 0
37743351 0 1 4 1
37744073 16 1 1 0
37745485 38 0 1 1
37745947 294 0 1 0
37746691 16 1 1 1
37751623 2 1 4 0
37754241 2 1 4 1
37754963 8 1 3 0
37756375 294 0 1 1
37756837 38 0 1 0
37757581 8 1 3 1
37762513 0 1 4 0
37765131 0 1 4 1
37765853 16 1 1 0
37767265 38 0 1 1
37767727 294 0 1 0
37768471 16 1 1 1
37773403 2 1 4 0
37776021 2 1 4 1
37776743 8 1 3 0
37778155 294 0 1 1
37778617 38 0 1 0
37779361 8 1 3 1
37784293 0 1 4 0
37786911 0 1 4 1
37787633 16 1 1 0
37789045 38 0 1 1
37789507 294 0 1 0
37790251 16 1 1 1
37795183 2 1 4 0
37797801 2 1 4 1
37798523 8 1 3 0
37799935 294 0 1 1
37800397 38 0 1 0
37801141 8 1 3 1
37806073 0 1 4 0
37808691 0 1 4 1
37809413 16 1 1 0
37810825 38 0 1 1
37811287 294 0 1 0
37812031 16 1 1 1
37816963 2 1 4 0
37819581 2 1 4 1
37820303 8 1 3 0
37821715 294 0 1 1
37822177 38 0 1 0
37822921 8 1 3 1
37827853 0 1 4 0
37830471 0 1 4 1
37831193 16 1 1 0
37832605 38 0 1 1
37833067 294 0 1 0
37833811 16 1 1 1
37838743 2 1 4 0
37841361 2 1 4 1
37842083 8 1 3 0
37843495 294 0 1 1
37843957 38 0 1 0
37844701 8 1 3 1
37849633 0 1 4 0
37852251 0 1 4 1
37852973 16 1 1 0
37854385 38 0 1 1
37854847 294 0 1 0
37855591 16 1 1 1
37860523 2 1 4 0
37863141 2 1 4 1
37863863 8 1 3 0
37865275 294 0 1 1
37865737 38 0 1 0
37866481 8 1 3 1
37871413 0 1 4 0
37874031 0 1 4 1
37874753 16 1 1 0
37876165 38 0 1 1
37876627 294 0 1 0
37877371 16 1 1 1
37882303 2 1 4 0
37884921 2 1 4 1
37885643 8 1 3 0
37887055 294 0 1 1
37887517 38 0 1 0
37888261 8 1 3 1
37893193 0 1 4 0
37895811 0 1 4 1
37896533 16 1 1 0
37897945 38 0 1 1
37898407 294 0 1 0
37899151 16 1 1 1
37904083 2 1 4 0
37906701 2 1 4 1
37907423 8 1 3 0
37908835 294 0 1 1
37909297 38 0 1 0
37910041 8 1 3 1
37914973 0 1 4 0
37917591 0 1 4 1
37918313 16 1 1 0
37919725 38 0 1 1
37920187 294 0 1 0
37920931 16 1 1 1
37925863 2 1 4 0
37928481 2 1 4 1
37929203 8 1 3 0
37930615 294 0 1 1
37931077 38 0 1 0
37931821 8 1 3 1
37936753 0 1 4 0
37939371 0 1 4 1
37940093 16 1 1 0
37941505 38 0 1 1
37941967 294 0 1 0
37942711 16 1 1 1
37947643 2 1 4 0
37950753 2 1 4 1
37950983 8 1 3 0
37952395 294 0 1 1
37952857 38 0 1 0
37954093 8 1 3 1
37960513 0 1 4 0
37963254 0 1 4 1
37963853 16 1 1 0
37965265 38 0 1 1
37965727 294 0 1 0
37966594 16 1 1 1
37971898 2 1 4 0
37974762 2 1 4 1
37975238 8 1 3 0
37976650 294 0 1 1
37977112 38 0 1 0
37978102 8 1 3 1
37983778 0 1 4 0
37986396 0 1 4 1
37987118 16 1 1 0
37988530 38 0 1 1
37988992 294 0 1 0
37989736 16 1 1 1
37994668 2 1 4 0
37997286 2 1 4 1
37998008 8 1 3 0
37999420 294 0 1 1
37999882 38 0 1 0
38000626 8 1 3 1
38005558 0 1 4 0
38008299 0 1 4 1
38008898 16 1 1 0
38010310 38 0 1 1
38010772 294 0 1 0
38011639 16 1 1 1
38016943 2 1 4 0
38019561 2 1 4 1
38020283 8 1 3 0
38021695 294 0 1 1
38022157 38 0 1 0
38022901 8 1 3 1
38027833 0 1 4 0
38030574 0 1 4 1
38031173 16 1 1 0
38032585 38 0 1 1
38033047 294 0 1 0
38033914 16 1 1 1
38039218 2 1 4 0
38041836 2 1 4 1
38042558 8 1 3 0
38043970 294 0 1 1
38044432 38 0 1 0
38045176 8 1 3 1
38050108 0 1 4 0
38052972 0 1 4 1
38053448 16 1 1 0
38054860 38 0 1 1
38055322 294 0 1 0
38056312 16 1 1 1
38061988 2 1 4 0
38064606 2 1 4 1
38065328 8 1 3 0
38066740 294 0 1 1
38067202 38 0 1 0
38067946 8 1 3 1
38072878 0 1 4 0
38075619 0 1 4 1
38076218 16 1 1 0
38077630 38 0 1 1
38078092 294 0 1 0
38078959 16 1 1 1
38084263 2 1 4 0
38086881 2 1 4 1
38087603 8 1 3 0
38089015 294 0 1 1
38089477 38 0 1 0
38090221 8 1 3 1
38095153 0 1 4 0
38097771 0 1 4 1
38098493 16 1 1 0
38099905 38 0 1 1
38100367 294 0 1 0
38101111 16 1 1 1
38106043 2 1 4 0
38108661 2 1 4 1
38109383 8 1 3 0
38110795 294 0 1 1
38111257 38 0 1 0
38112001 8 1 3 1
38116933 0 1 4 0
38119551 0 1 4 1
38120273 16 1 1 0
38121685 38 0 1 1
38122147 294 0 1 0
38122891 16 1 1 1
38127823 2 1 4 0
38130441 2 1 4 1
38131163 8 1 3 0
38132575 294 0 1 1
38133037 38 0 1 0
38133781 8 1 3 1
38138713 0 1 4 0
38141331 0 1 4 1
38142053 16 1 1 0
38143465 38 0 1 1
38143927 294 0 1 0
38144671 16 1 1 1
38149603 2 1 4 0
38152221 2 1 4 1
38152943 8 1 3 0
38154355 294 0 1 1
38154817 38 0 1 0
38155561 8 1 3 1
38160493 0 1 4 0
38163111 0 1 4 1
38163833 16 1 1 0
38165245 38 0 1 1
38165707 294 0 1 0
38166451 16 1 1 1
38171383 2 1 4 0
38174001 2 1 4 1
38174723 8 1 3 0
38176135 294 0 1 1
38176597 38 0 1 0
38177341 8 1 3 1
38182273 0 1 4 0
38184891 0 1 4 1
38185613 16 1 1 0
38187025 38 0 1 1
38187487 294 0 1 0
38188231 16 1 1 1
38193163 2 1 4 0
38195781 2 1 4 1
38196503 8 1 3 0
38197915 294 0 1 1
38198377 38 0 1 0
38199121 8 1 3 1
38204053 0 1 4 0
38206671 0 1 4 1
38207393 16 1 1 0
38208805 38 0 1 1
38209267 294 0 1 0
38210011 16 1 1 1
38214943 2 1 4 0
38217561 2 1 4 1
38218283 8 1 3 0
38219695 294 0 1 1
38220157 38 0 1 0
38220901 8 1 3 1
38225833 0 1 4 0
38228451 0 1 4 1
38229173 16 1 1 0
38230585 38 0 1 1
38231047 294 0 1 0
38231791 16 1 1 1
38236723 2 1 4 0
38239341 2 1 4 1
38240063 8 1 3 0
38241475 294 0 1 1
38241937 38 0 1 0
38242681 8 1 3 1
38247613 0 1 4 0
38250231 0 1 4 1
38250953 16 1 1 0
38252365 38 0 1 1
38252827 294 0 1 0
38253571 16 1 1 1
38258503 2 1 4 0
38261121 2 1 4 1
38261843 8 1 3 0
38263255 294 0 1 1
38263717 38 0 1 0
38264461 8 1 3 1
38269393 0 1 4 0
38272011 0 1 4 1
38272733 16 1 1 0
38274145 38 0 1 1
38274607 294 0 1 0
38275351 16 1 1 1
38280283 2 1 4 0
38282901 2 1 4 1
38283623 8 1 3 0
38285035 294 0 1 1
38285497 38 0 1 0
38286241 8 1 3 1
38291173 0 1 4 0
38293791 0 1 4 1
38294513 16 1 1 0
38295925 38 0 1 1
38296387 294 0 1 0
38297131 16 1 1 1
38302063 2 1 4 0
38304681 2 1 4 1
38305403 8 1 3 0
38306815 294 0 1 1
38307277 38 0 1 0
38308021 8 1 3 1
38312953 0 1 4 0
38315571 0 1 4 1
38316293 16 1 1 0
38317705 38 0 1 1
38318167 294 0 1 0
38318911 16 1 1 1
38323843 2 1 4 0
38326461 2 1 4 1
38327183 8 1 3 0
38328595 294 0 1 1
38329057 38 0 1 0
38329801 8 1 3 1
38334733 0 1 4 0
38337351 0 1 4 1
38338073 16 1 1 0
38339485 38 0 1 1
38339947 294 0 1 0
38340691 16 1 1 1
38345623 2 1 4 0
38348241 2 1 4 1
38348963 8 1 3 0
38350375 294 0 1 1
38350837 38 0 1 0
38351581 8 1 3 1
38356513 0 1 4 0
38359131 0 1 4 1
38359853 16 1 1 0
38361265 38 0 1 1
38361727 294 0 1 0
38362471 16 1 1 1
38367403 2 1 4 0
38370021 2 1 4 1
38370743 8 1 3 0
38372155 294 0 1 1
38372617 38 0 1 0
38373361 8 1 3 1
38378293 0 1 4 0
38380911 0 1 4 1
38381633 16 1 1 0
38383045 38 0 1 1
38383507 294 0 1 0
38384251 16 1 1 1
38389183 2 1 4 0
38391801 2 1 4 1
38392523 8 1 3 0
38393935 294 0 1 1
38394397 38 0 1 0
38395141 8 1 3 1
38400073 0 1 4 0
38402691 0 1 4 1
38403413 16 1 1 0
38404825 38 0 1 1
38405287 294 0 1 0
38406031 16 1 1 1
38410963 2 1 4 0
38413581 2 1 4 1
38414303 8 1 3 0
38415715 294 0 1 1
38416177 38 0 1 0
38416921 8 1 3 1
38421853 0 1 4 0
38424471 0 1 4 1
38425193 16 1 1 0
38426605 38 0 1 1
38427067 294 0 1 0
38427811 16 1 1 1
38432743 2 1 4 0
38435361 2 1 4 1
38436083 8 1 3 0
38437495 294 0 1 1
38437957 38 0 1 0
38438701 8 1 3 1
38443633 0 1 4 0
38446251 0 1 4 1
38446973 16 1 1 0
38448385 38 0 1 1
38448847 294 0 1 0
38449591 16 1 1 1
38454523 2 1 4 0
38457141 2 1 4 1
38457863 8 1 3 0
38459275 294 0 1 1
38459737 38 0 1 0
38460481 8 1 3 1
38465413 0 1 4 0
38468031 0 1 4 1
38468753 16 1 1 0
38470165 38 0 1 1
38470627 294 0 1 0
38471371 16 1 1 1
38476303 2 1 4 0
38478921 2 1 4 1
38479643 8 1 3 0
38481055 294 0 1 1
38481517 38 0 1 0
38482261 8 1 3 1
38487193 0 1 4 0
38489811 0 1 4 1
38490533 16 1 1 0
38491945 38 0 1 1
38492407 294 0 1 0
38493151 16 1 1 1
38498083 2 1 4 0
38500701 2 1 4 1
38501423 8 1 3 0
38502835 294 0 1 1
38503297 38 0 1 0
38504041 8 1 3 1
38508973 0 1 4 0
38511591 0 1 4 1
38512313 16 1 1 0
38513725 38 0 1 1
38514187 294 0 1 0
38514931 16 1 1 1
38519863 2 1 4 0
38522481 2 1 4 1
38523203 8 1 3 0
38524615 294 0 1 1
38525077 38 0 1 0
38525821 8 1 3 1
38530753 0 1 4 0
38533371 0 1 4 1
38534093 16 1 1 0
38535505 38 0 1 1
38535967 294 0 1 0
38536711 16 1 1 1
38541643 2 1 4 0
38544261 2 1 4 1
38544983 8 1 3 0
38546395 294 0 1 1
38546857 38 0 1 0
38547601 8 1 3 1
38552533 0 1 4 0
38555151 0 1 4 1
38555873 16 1 1 0
38557285 38 0 1 1
38557747 294 0 1 0
38558491 16 1 1 1
38563423 2 1 4 0
38566041 2 1 4 1
38566763 8 1 3 0
38568175 294 0 1 1
38568637 38 0 1 0
38569381 8 1 3 1
38574313 0 1 4 0
38576931 0 1 4 1
38577653 16 1 1 0
38579065 38 0 1 1
38579527 294 0 1 0
38580271 16 1 1 1
38585203 2 1 4 0
38587821 2 1 4 1
38588543 8 1 3 0
38589955 294 0 1 1
38590417 38 0 1 0
38591161 8 1 3 1
38596093 0 1 4 0
38598711 0 1 4 1
38599433 16 1 1 0
38600845 38 0 1 1
38601307 294 0 1 0
38602051 16 1 1 1
38606983 2 1 4 0
38609601 2 1 4 1
38610323 8 1 3 0
38611735 294 0 1 1
38612197 38 0 1 0
38612941 8 1 3 1
38617873 0 1 4 0
38620491 0 1 4 1
38621213 16 1 1 0
38622625 38 0 1 1
38623087 294 0 1 0
38623831 16 1 1 1
38628763 2 1 4 0
38631381 2 1 4 1
38632103 8 1 3 0
38633515 294 0 1 1
38633977 38 0 1 0
38634721 8 1 3 1
38639653 0 1 4 0
38642271 0 1 4 1
38642993 16 1 1 0
38644405 38 0 1 1
38644867 294 0 1 0
38645611 16 1 1 1
38650543 2 1 4 0
38653161 2 1 4 1
38653883 8 1 3 0
38655295 294 0 1 1
38655757 38 0 1 0
38656501 8 1 3 1
38661433 0 1 4 0
38664051 0 1 4 1
38664773 16 1 1 0
38666185 38 0 1 1
38666647 294 0 1 0
38667391 16 1 1 1
38672323 2 1 4 0
38674941 2 1 4 1
38675663 8 1 3 0
38677075 294 0 1 1
38677537 38 0 1 0
38678281 8 1 3 1
38683213 0 1 4 0
38685831 0 1 4 1
38686553 16 1 1 0
38687965 38 0 1 1
38688427 294 0 1 0
38689171 16 1 1 1
38694103 2 1 4 0
38696721 2 1 4 1
38697443 8 1 3 0
38698855 294 0 1 1
38699317 38 0 1 0
38700061 8 1 3 1
38704993 0 1 4 0
38707611 0 1 4 1
38708333 16 1 1 0
38709745 38 0 1 1
38710207 294 0 1 0
38710951 16 1 1 1
38715883 2 1 4 0
38718501 2 1 4 1
38719223 8 1 3 0
38720635 294 0 1 1
38721097 38 0 1 0
38721841 8 1 3 1
38726773 0 1 4 0
38729391 0 1 4 1
38730113 16 1 1 0
38731525 38 0 1 1
38731987 294 0 1 0
38732731 16 1 1 1
38737663 2 1 4 0
38740281 2 1 4 1
38741003 8 1 3 0
38742415 294 0 1 1
38742877 38 0 1 0
38743621 8 1 3 1
38748553 0 1 4 0
38751171 0 1 4 1
38751893 16 1 1 0
38753305 38 0 1 1
38753767 294 0 1 0
38754511 16 1 1 1
38759443 2 1 4 0
38762061 2 1 4 1
38762783 8 1 3 0
38764195 294 0 1 1
38764657 38 0 1 0
38765401 8 1 3 1
38770333 0 1 4 0
38772951 0 1 4 1
38773673 16 1 1 0
38775085 38 0 1 1
38775547 294 0 1 0
38776291 16 1 1 1
38781223 2 1 4 0
38783841 2 1 4 1
38784563 8 1 3 0
38785975 294 0 1 1
38786437 38 0 1 0
38787181 8 1 3 1
38792113 0 1 4 0
38794731 0 1 4 1
38795453 16 1 1 0
38796865 38 0 1 1
38797327 294 0 1 0
38798071 16 1 1 1
38803003 2 1 4 0
38805621 2 1 4 1
38806343 8 1 3 0
38807755 294 0 1 1
38808217 38 0 1 0
38808961 8 1 3 1
38813893 0 1 4 0
38816511 0 1 4 1
38817233 16 1 1 0
38818645 38 0 1 1
38819107 294 0 1 0
38819851 16 1 1 1
38824783 2 1 4 0
38827401 2 1 4 1
38828123 8 1 3 0
38829535 294 0 1 1
38829997 38 0 1 0
38830741 8 1 3 1
38835673 0 1 4 0
38838291 0 1 4 1
38839013 16 1 1 0
38840425 38 0 1 1
38840887 294 0 1 0
38841631 16 1 1 1
38846563 2 1 4 0
38849181 2 1 4 1
38849903 8 1 3 0
38851315 294 0 1 1
38851777 38 0 1 0
38852521 8 1 3 1
38857453 0 1 4 0
38860071 0 1 4 1
38860793 16 1 1 0
38862205 38 0 1 1
38862667 294 0 1 0
38863411 16 1 1 1
38868343 2 1 4 0
38870961 2 1 4 1
38871683 8 1 3 0
38873095 294 0 1 1
38873557 38 0 1 0
38874301 8 1 3 1
38879233 0 1 4 0
38881851 0 1 4 1
38882573 16 1 1 0
38883985 38 0 1 1
38884447 294 0 1 0
38885191 16 1 1 1
38890123 2 1 4 0
38892741 2 1 4 1
38893463 8 1 3 0
38894875 294 0 1 1
38895337 38 0 1 0
38896081 8 1 3 1
38901013 0 1 4 0
38903631 0 1 4 1
38904353 16 1 1 0
38905765 38 0 1 1
38906227 294 0 1 0
38906971 16 1 1 1
38911903 2 1 4 0
38914521 2 1 4 1
38915243 8 1 3 0
38916655 294 0 1 1
38917117 38 0 1 0
38917861 8 1 3 1
38922793 0 1 4 0
38925411 0 1 4 1
38926133 16 1 1 0
38927545 38 0 1 1
38928007 294 0 1 0
38928751 16 1 1 1
38933683 2 1 4 0
38936301 2 1 4 1
38937023 8 1 3 0
38938435 294 0 1 1
38938897 38 0 1 0
38939641 8 1 3 1
38944573 0 1 4 0
38947191 0 1 4 1
38947913 16 1 1 0
38949325 38 0 1 1
38949787 294 0 1 0
38950531 16 1 1 1
38955463 2 1 4 0
38958081 2 1 4 1
38958803 8 1 3 0
38960215 294 0 1 1
38960677 38 0 1 0
38961421 8 1 3 1
38966353 0 1 4 0
38968971 0 1 4 1
38969693 16 1 1 0
38971105 38 0 1 1
38971567 294 0 1 0
38972311 16 1 1 1
38977243 2 1 4 0
38979861 2 1 4 1
38980583 8 1 3 0
38981995 294 0 1 1
38982457 38 0 1 0
38983201 8 1 3 1
38988133 0 1 4 0
38990751 0 1 4 1
38991473 16 1 1 0
38992885 38 0 1 1
38993347 294 0 1 0
38994091 16 1 1 1
38999023 2 1 4 0
39001641 2 1 4 1
39002363 8 1 3 0
39003775 294 0 1 1
39004237 38 0 1 0
39004981 8 1 3 1
39009913 0 1 4 0
39012531 0 1 4 1
39013253 16 1 1 0
39014665 38 0 1 1
39015127 294 0 1 0
39015871 16 1 1 1
39020803 2 1 4 0
39023421 2 1 4 1
39024143 8 1 3 0
39025555 294 0 1 1
39026017 38 0 1 0
39026761 8 1 3 1
39031693 0 1 4 0
39034311 0 1 4 1
39035033 16 1 1 0
39036445 38 0 1 1
39036907 294 0 1 0
39037651 16 1 1 1
39042583 2 1 4 0
39045201 2 1 4 1
39045923 8 1 3 0
39047335 294 0 1 1
39047797 38 0 1 0
39048541 8 1 3 1
39053473 0 1 4 0
39056091 0 1 4 1
39056813 16 1 1 0
39058225 38 0 1 1
39058687 294 0 1 0
39059431 16 1 1 1
39064363 2 1 4 0
39066981 2 1 4 1
39067703 8 1 3 0
39069115 294 0 1 1
39069577 38 0 1 0
39070321 8 1 3 1
39075253 0 1 4 0
39077871 0 1 4 1
39078593 16 1 1 0
39080005 38 0 1 1
39080467 294 0 1 0
39081211 16 1 1 1
39086143 2 1 4 0
39088761 2 1 4 1
39089483 8 1 3 0
39090895 294 0 1 1
39091357 38 0 1 0
39092101 8 1 3 1
39097033 0 1 4 0
39099651 0 1 4 1
39100373 16 1 1 0
39101785 38 0 1 1
39102247 294 0 1 0
39102991 16 1 1 1
39107923 2 1 4 0
39110541 2 1 4 1
39111263 8 1 3 0
39112675 294 0 1 1
39113137 38 0 1 0
39113881 8 1 3 1
39118813 0 1 4 0
39121431 0 1 4 1
39122153 16 1 1 0
39123565 38 0 1 1
39124027 294 0 1 0
39124771 16 1 1 1
39129703 2 1 4 0
39132321 2 1 4 1
39133043 8 1 3 0
39134455 294 0 1 1
39134917 38 0 1 0
39135661 8 1 3 1
39140593 0 1 4 0
39143211 0 1 4 1
39143933 16 1 1 0
39145345 38 0 1 1
39145807 294 0 1 0
39146551 16 1 1 1
39151483 2 1 4 0
39154101 2 1 4 1
39154823 8 1 3 0
39156235 294 0 1 1
39156697 38 0 1 0
39157441 8 1 3 1
39162373 0 1 4 0
39164991 0 1 4 1
39165713 16 1 1 0
39167125 38 0 1 1
39167587 294 0 1 0
39168331 16 1 1 1
39173263 2 1 4 0
39175881 2 1 4 1
39176603 8 1 3 0
39178015 294 0 1 1
39178477 38 0 1 0
39179221 8 1 3 1
39184153 0 1 4 0
39186771 0 1 4 1
39187493 16 1 1 0
39188905 38 0 1 1
39189367 294 0 1 0
39190111 16 1 1 1
39195043 2 1 4 0
39197661 2 1 4 1
39198383 8 1 3 0
39199795 294 0 1 1
39200257 38 0 1 0
39201001 8 1 3 1
39205933 0 1 4 0
39208551 0 1 4 1
39209273 16 1 1 0
39210685 38 0 1 1
39211147 294 0 1 0
39211891 16 1 1 1
39216823 2 1 4 0
39219441 2 1 4 1
39220163 8 1 3 0
39221575 294 0 1 1
39222037 38 0 1 0
39222781 8 1 3 1
39227713 0 1 4 0
39230331 0 1 4 1
39231053 16 1 1 0
39232465 38 0 1 1
39232927 294 0 1 0
39233671 16 1 1 1
39238603 2 1 4 0
39241221 2 1 4 1
39241943 8 1 3 0
39243355 294 0 1 1
39243817 38 0 1 0
39244561 8 1 3 1
39249493 0 1 4 0
39252111 0 1 4 1
39252833 16 1 1 0
39254245 38 0 1 1
39254707 294 0 1 0
39255451 16 1 1 1
39260383 2 1 4 0
39263001 2 1 4 1
39263723 8 1 3 0
39265135 294 0 1 1
39265597 38 0 1 0
39266341 8 1 3 1
39271273 0 1 4 0
39273891 0 1 4 1
39274613 16 1 1 0
39276025 38 0 1 1
39276487 294 0 1 0
39277231 16 1 1 1
39282163 2 1 4 0
39284781 2 1 4 1
39285503 8 1 3 0
39286915 294 0 1 1
39287377 38 0 1 0
39288121 8 1 3 1
39293053 0 1 4 0
39295671 0 1 4 1
39296393 16 1 1 0
39297805 38 0 1 1
39298267 294 0 1 0
39299011 16 1 1 1
39303943 2 1 4 0
39306561 2 1 4 1
39307283 8 1 3 0
39308695 294 0 1 1
39309157 38 0 1 0
39309901 8 1 3 1
39314833 0 1 4 0
39317451 0 1 4 1
39318173 16 1 1 0
39319585 38 0 1 1
39320047 294 0 1 0
39320791 16 1 1 1
39325723 2 1 4 0
39328341 2 1 4 1
39329063 8 1 3 0
39330475 294 0 1 1
39330937 38 0 1 0
39331681 8 1 3 1
39336613 0 1 4 0
39339231 0 1 4 1
39339953 16 1 1 0
39341365 38 0 1 1
39341827 294 0 1 0
39342571 16 1 1 1
39347503 2 1 4 0
39350121 2 1 4 1
39350843 8 1 3 0
39352255 294 0 1 1
39352717 38 0 1 0
39353461 8 1 3 1
39358393 0 1 4 0
39361011 0 1 4 1
39361733 16 1 1 0
39363145 38 0 1 1
39363607 294 0 1 0
39364351 16 1 1 1
39369283 2 1 4 0
39371901 2 1 4 1
39372623 8 1 3 0
39374035 294 0 1 1
39374497 38 0 1 0
39375241 8 1 3 1
39380173 0 1 4 0
39382791 0 1 4 1
39383513 16 1 1 0
39384925 38 0 1 1
39385387 294 0 1 0
39386131 16 1 1 1
39391063 2 1 4 0
39393681 2 1 4 1
39394403 8 1 3 0
39395815 294 0 1 1
39396277 38 0 1 0
39397021 8 1 3 1
39401953 0 1 4 0
39404571 0 1 4 1
39405293 16 1 1 0
39406705 38 0 1 1
39407167 294 0 1 0
39407911 16 1 1 1
39412843 2 1 4 0
39415461 2 1 4 1
39416183 8 1 3 0
39417595 294 0 1 1
39418057 38 0 1 0
39418801 8 1 3 1
39423733 0 1 4 0
39426351 0 1 4 1
39427073 16 1 1 0
39428485 38 0 1 1
39428947 294 0 1 0
39429691 16 1 1 1
39434623 2 1 4 0
39437241 2 1 4 1
39437963 8 1 3 0
39439375 294 0 1 1
39439837 38 0 1 0
39440581 8 1 3 1
39445513 0 1 4 0
39448131 0 1 4 1
39448853 16 1 1 0
39450265 38 0 1 1
39450727 294 0 1 0
39451471 16 1 1 1
39456403 2 1 4 0
39459021 2 1 4 1
39459743 8 1 3 0
39461155 294 0 1 1
39461617 38 0 1 0
39462361 8 1 3 1
39467293 0 1 4 0
39469911 0 1 4 1
39470633 16 1 1 0
39472045 38 0 1 1
39472507 294 0 1 0
39473251 16 1 1 1
39478183 2 1 4 0
39480801 2 1 4 1
39481523 8 1 3 0
39482935 294 0 1 1
39483397 38 0 1 0
39484141 8 1 3 1
39489073 0 1 4 0
39491691 0 1 4 1
39492413 16 1 1 0
39493825 38 0 1 1
39494287 294 0 1 0
39495031 16 1 1 1
39499963 2 1 4 0
39502581 2 1 4 1
39503303 8 1 3 0
39504715 294 0 1 1
39505177 38 0 1 0
39505921 8 1 3 1
39510853 0 1 4 0
39513471 0 1 4 1
39514193 16 1 1 0
39515605 38 0 1 1
39516067 294 0 1 0
39516811 16 1 1 1
39521743 2 1 4 0
39524361 2 1 4 1
39525083 8 1 3 0
39526495 294 0 1 1
39526957 38 0 1 0
39527701 8 1 3 1
39532633 0 1 4 0
39535251 0 1 4 1
39535973 16 1 1 0
39537385 38 0 1 1
39537847 294 0 1 0
39538591 16 1 1 1
39543523 2 1 4 0
39546141 2 1 4 1
39546863 8 1 3 0
39548275 294 0 1 1
39548737 38 0 1 0
39549481 8 1 3 1
39554413 0 1 4 0
39557031 0 1 4 1
39557753 16 1 1 0
39559165 38 0 1 1
39559627 294 0 1 0
39560371 16 1 1 1
39565303 2 1 4 0
39567921 2 1 4 1
39568643 8 1 3 0
39570055 294 0 1 1
39570517 38 0 1 0
39571261 8 1 3 1
39576193 0 1 4 0
39578811 0 1 4 1
39579533 16 1 1 0
39580945 38 0 1 1
39581407 294 0 1 0
39582151 16 1 1 1
39587083 2 1 4 0
39589701 2 1 4 1
39590423 8 1 3 0
39591835 294 0 1 1
39592297 38 0 1 0
39593041 8 1 3 1
39597973 0 1 4 0
39600591 0 1 4 1
39601313 16 1 1 0
39602725 38 0 1 1
39603187 294 0 1 0
39603931 16 1 1 1
39608863 2 1 4 0
39611481 2 1 4 1
39612203 8 1 3 0
39613615 294 0 1 1
39614077 38 0 1 0
39614821 8 1 3 1
39619753 0 1 4 0
39622371 0 1 4 1
39623093 16 1 1 0
39624505 38 0 1 1
39624967 294 0 1 0
39625711 16 1 1 1
39630643 2 1 4 0
39633261 2 1 4 1
39633983 8 1 3 0
39635395 294 0 1 1
39635857 38 0 1 0
39636601 8 1 3 1
39641533 0 1 4 0
39644151 0 1 4 1
39644873 16 1 1 0
39646285 38 0 1 1
39646747 294 0 1 0
39647491 16 1 1 1
39652423 2 1 4 0
39655041 2 1 4 1
39655763 8 1 3 0
39657175 294 0 1 1
39657637 38 0 1 0
39658381 8 1 3 1
39663313 0 1 4 0
39665931 0 1 4 1
39666653 16 1 1 0
39668065 38 0 1 1
39668527 294 0 1 0
39669271 16 1 1 1
39674203 2 1 4 0
39676821 2 1 4 1
39677543 8 1 3 0
39678955 294 0 1 1
39679417 38 0 1 0
39680161 8 1 3 1
39685093 0 1 4 0
39687711 0 1 4 1
39688433 16 1 1 0
39689845 38 0 1 1
39690307 294 0 1 0
39691051 16 1 1 1
39695983 2 1 4 0
39698601 2 1 4 1
39699323 8 1 3 0
39700735 294 0 1 1
39701197 38 0 1 0
39701941 8 1 3 1
39706873 0 1 4 0
39709491 0 1 4 1
39710213 16 1 1 0
39711625 38 0 1 1
39712087 294 0 1 0
39712831 16 1 1 1
39717763 2 1 4 0
39720381 2 1 4 1
39721103 8 1 3 0
39722515 294 0 1 1
39722977 38 0 1 0
39723721 8 1 3 1
39728653 0 1 4 0
39731271 0 1 4 1
39731993 16 1 1 0
39733405 38 0 1 1
39733867 294 0 1 0
39734611 16 1 1 1
39739543 2 1 4 0
39742161 2 1 4 1
39742883 8 1 3 0
39744295 294 0 1 1
39744757 38 0 1 0
39745501 8 1 3 1
39750433 0 1 4 0
39753051 0 1 4 1
39753773 16 1 1 0
39755185 38 0 1 1
39755647 294 0 1 0
39756391 16 1 1 1
39761323 2 1 4 0
39763941 2 1 4 1
39764663 8 1 3 0
39766075 294 0 1 1
39766537 38 0 1 0
39767281 8 1 3 1
39772213 0 1 4 0
39774831 0 1 4 1
39775553 16 1 1 0
39776965 38 0 1 1
39777427 294 0 1 0
39778171 16 1 1 1
39783103 2 1 4 0
39785721 2 1 4 1
39786443 8 1 3 0
39787855 294 0 1 1
39788317 38 0 1 0
39789061 8 1 3 1
39793993 0 1 4 0
39796611 0 1 4 1
39797333 16 1 1 0
39798745 38 0 1 1
39799207 294 0 1 0
39799951 16 1 1 1
39804883 2 1 4 0
39807501 2 1 4 1
39808223 8 1 3 0
39809635 294 0 1 1
39810097 38 0 1 0
39810841 8 1 3 1
39815773 0 1 4 0
39818391 0 1 4 1
39819113 16 1 1 0
39820525 38 0 1 1
39820987 294 0 1 0
39821731 16 1 1 1
39826663 2 1 4 0
39829281 2 1 4 1
39830003 8 1 3 0
39831415 294 0 1 1
39831877 38 0 1 0
39832621 8 1 3 1
39837553 0 1 4 0
39840171 0 1 4 1
39840893 16 1 1 0
39842305 38 0 1 1
39842767 294 0 1 0
39843511 16 1 1 1
39848443 2 1 4 0
39851061 2 1 4 1
39851783 8 1 3 0
39853195 294 0 1 1
39853657 38 0 1 0
39854401 8 1 3 1
39859333 0 1 4 0
39861951 0 1 4 1
39862673 16 1 1 0
39864085 38 0 1 1
39864547 294 0 1 0
39865291 16 1 1 1
39870223 2 1 4 0
39872841 2 1 4 1
39873563 8 1 3 0
39874975 294 0 1 1
39875437 38 0 1 0
39876181 8 1 3 1
39881113 0 1 4 0
39883731 0 1 4 1
39884453 16 1 1 0
39885865 38 0 1 1
39886327 294 0 1 0
39887071 16 1 1 1
39892003 2 1 4 0
39894621 2 1 4 1
39895343 8 1 3 0
39896755 294 0 1 1
39897217 38 0 1 0
39897961 8 1 3 1
39902893 0 1 4 0
39905511 0 1 4 1
39906233 16 1 1 0
39907645 38 0 1 1
39908107 294 0 1 0
39908851 16 1 1 1
39913783 2 1 4 0
39916401 2 1 4 1
39917123 8 1 3 0
39918535 294 0 1 1
39918997 38 0 1 0
39919741 8 1 3 1
39924673 0 1 4 0
39927291 0 1 4 1
39928013 16 1 1 0
39929425 38 0 1 1
39929887 294 0 1 0
39930631 16 1 1 1
39935563 2 1 4 0
39938181 2 1 4 1
39938903 8 1 3 0
39940315 294 0 1 1
39940777 38 0 1 0
39941521 8 1 3 1
39946453 0 1 4 0
39949071 0 1 4 1
39949793 16 1 1 0
39951205 38 0 1 1
39951667 294 0 1 0
39952411 16 1 1 1
39957343 2 1 4 0
39959961 2 1 4 1
39960683 8 1 3 0
39962095 294 0 1 1
39962557 38 0 1 0
39963301 8 1 3 1
39968233 0 1 4 0
39970851 0 1 4 1
39971573 16 1 1 0
39972985 38 0 1 1
39973447 294 0 1 0
39974191 16 1 1 1
39979123 2 1 4 0
39981741 2 1 4 1
39982463 8 1 3 0
39983875 294 0 1 1
39984337 38 0 1 0
39985081 8 1 3 1
39990013 0 1 4 0
39992631 0 1 4 1
39993353 16 1 1 0
39994765 38 0 1 1
39995227 294 0 1 0
39995971 16 1 1 1
40000903 2 1 4 0
40003521 2 1 4 1
40004243 8 1 3 0
40005655 294 0 1 1
40006117 38 0 1 0
40006861 8 1 3 1
40011793 0 1 4 0
40014411 0 1 4 1
40015133 16 1 1 0
40016545 38 0 1 1
40017007 294 0 1 0
40017751 16 1 1 1
40022683 2 1 4 0
40025301 2 1 4 1
40026023 8 1 3 0
40027435 294 0 1 1
40027897 38 0 1 0
40028641 8 1 3 1
40033573 0 1 4 0
40036191 0 1 4 1
40036913 16 1 1 0
40038325 38 0 1 1
40038787 294 0 1 0
40039531 16 1 1 1
40044463 2 1 4 0
40047081 2 1 4 1
40047803 8 1 3 0
40049215 294 0 1 1
40049677 38 0 1 0
40050421 8 1 3 1
40055353 0 1 4 0
40057971 0 1 4 1
40058693 16 1 1 0
40060105 38 0 1 1
40060567 294 0 1 0
40061311 16 1 1 1
40066243 2 1 4 0
40068861 2 1 4 1
40069583 8 1 3 0
40070995 294 0 1 1
40071457 38 0 1 0
40072201 8 1 3 1
40077133 0 1 4 0
40079751 0 1 4 1
40080473 16 1 1 0
40081885 38 0 1 1
40082347 294 0 1 0
40083091 16 1 1 1
40088023 2 1 4 0
40090641 2 1 4 1
40091363 8 1 3 0
40092775 294 0 1 1
40093237 38 0 1 0
40093981 8 1 3 1
40098913 0 1 4 0
40101531 0 1 4 1
40102253 16 1 1 0
40103665 38 0 1 1
40104127 294 0 1 0
40104871 16 1 1 1
40109803 2 1 4 0
40112421 2 1 4 1
40113143 8 1 3 0
40114555 294 0 1 1
40115017 38 0 1 0
40115761 8 1 3 1
40120693 0 1 4 0
40123311 0 1 4 1
40124033 16 1 1 0
40125445 38 0 1 1
40125907 294 0 1 0
40126651 16 1 1 1
40131583 2 1 4 0
40134201 2 1 4 1
40134923 8 1 3 0
40136335 294 0 1 1
40136797 38 0 1 0
40137541 8 1 3 1
40142473 0 1 4 0
40145091 0 1 4 1
40145813 16 1 1 0
40147225 38 0 1 1
40147687 294 0 1 0
40148431 16 1 1 1
40153363 2 1 4 0
40155981 2 1 4 1
40156703 8 1 3 0
40158115 294 0 1 1
40158577 38 0 1 0
40159321 8 1 3 1
40164253 0 1 4 0
40166871 0 1 4 1
40167593 16 1 1 0
40169005 38 0 1 1
40169467 294 0 1 0
40170211 16 1 1 1
40175143 2 1 4 0
40177761 2 1 4 1
40178483 8 1 3 0
40179895 294 0 1 1
40180357 38 0 1 0
40181101 8 1 3 1
40186033 0 1 4 0
40188651 0 1 4 1
40189373 16 1 1 0
40190785 38 0 1 1
40191247 294 0 1 0
40191991 16 1 1 1
40196923 2 1 4 0
40199541 2 1 4 1
40200263 8 1 3 0
40201675 294 0 1 1
40202137 38 0 1 0
40202881 8 1 3 1
40207813 0 1 4 0
40210431 0 1 4 1
40211153 16 1 1 0
40212565 38 0 1 1
40213027 294 0 1 0
40213771 16 1 1 1
40218703 2 1 4 0
40221321 2 1 4 1
40222043 8 1 3 0
40223455 294 0 1 1
40223917 38 0 1 0
40224661 8 1 3 1
40229593 0 1 4 0
40232211 0 1 4 1
40232933 16 1 1 0
40234345 38 0 1 1
40234807 294 0 1 0
40235551 16 1 1 1
40240483 2 1 4 0
40243101 2 1 4 1
40243823 8 1 3 0
40245235 294 0 1 1
40245697 38 0 1 0
40246441 8 1 3 1
40251373 0 1 4 0
40253991 0 1 4 1
40254713 16 1 1 0
40256125 38 0 1 1
40256587 294 0 1 0
40257331 16 1 1 1
40262263 2 1 4 0
40264881 2 1 4 1
40265603 8 1 3 0
40267015 294 0 1 1
40267477 38 0 1 0
40268221 8 1 3 1
40273153 0 1 4 0
40275771 0 1 4 1
40276493 16 1 1 0
40277905 38 0 1 1
40278367 294 0 1 0
40279111 16 1 1 1
40284043 2 1 4 0
40286661 2 1 4 1
40287383 8 1 3 0
40288795 294 0 1 1
40289257 38 0 1 0
40290001 8 1 3 1
40294933 0 1 4 0
40297551 0 1 4 1
40298273 16 1 1 0
40299685 38 0 1 1
40300147 294 0 1 0
40300891 16 1 1 1
40305823 2 1 4 0
40308441 2 1 4 1
40309163 8 1 3 0
40310575 294 0 1 1
40311037 38 0 1 0
40311781 8 1 3 1
40316713 0 1 4 0
40319331 0 1 4 1
40320053 16 1 1 0
40321465 38 0 1 1
40321927 294 0 1 0
40322671 16 1 1 1
40327603 2 1 4 0
40330221 2 1 4 1
40330943 8 1 3 0
40332355 294 0 1 1
40332817 38 0 1 0
40333561 8 1 3 1
40338493 0 1 4 0
40341111 0 1 4 1
40341833 16 1 1 0
40343245 38 0 1 1
40343707 294 0 1 0
40344451 16 1 1 1
40349383 2 1 4 0
40352001 2 1 4 1
40352723 8 1 3 0
40354135 294 0 1 1
40354597 38 0 1 0
40355341 8 1 3 1
40360273 0 1 4 0
40362891 0 1 4 1
40363613 16 1 1 0
40365025 38 0 1 1
40365487 294 0 1 0
40366231 16 1 1 1
40371163 2 1 4 0
40373781 2 1 4 1
40374503 8 1 3 0
40375915 294 0 1 1
40376377 38 0 1 0
40377121 8 1 3 1
40382053 0 1 4 0
40384671 0 1 4 1
40385393 16 1 1 0
40386805 38 0 1 1
40387267 294 0 1 0
40388011 16 1 1 1
40392943 2 1 4 0
40395561 2 1 4 1
40396283 8 1 3 0
40397695 294 0 1 1
40398157 38 0 1 0
40398901 8 1 3 1
40403833 0 1 4 0
40406451 0 1 4 1
40407173 16 1 1 0
40408585 38 0 1 1
40409047 294 0 1 0
40409791 16 1 1 1
40414723 2 1 4 0
40417341 2 1 4 1
40418063 8 1 3 0
40419475 294 0 1 1
40419937 38 0 1 0
40420681 8 1 3 1
40425613 0 1 4 0
40428231 0 1 4 1
40428953 16 1 1 0
40430365 38 0 1 1
40430827 294 0 1 0
40431571 16 1 1 1
40436503 2 1 4 0
40439121 2 1 4 1
40439843 8 1 3 0
40441255 294 0 1 1
40441717 38 0 1 0
40442461 8 1 3 1
40447393 0 1 4 0
40450011 0 1 4 1
40450733 16 1 1 0
40452145 38 0 1 1
40452607 294 0 1 0
40453351 16 1 1 1
40458283 2 1 4 0
40460901 2 1 4 1
40461623 8 1 3 0
40463035 294 0 1 1
40463497 38 0 1 0
40464241 8 1 3 1
40469173 0 1 4 0
40471791 0 1 4 1
40472513 16 1 1 0
40473925 38 0 1 1
40474387 294 0 1 0
40475131 16 1 1 1
40480063 2 1 4 0
40482681 2 1 4 1
40483403 8 1 3 0
40484815 294 0 1 1
40485277 38 0 1 0
40486021 8 1 3 1
40490953 0 1 4 0
40493571 0 1 4 1
40494293 16 1 1 0
40495705 38 0 1 1
40496167 294 0 1 0
40496911 16 1 1 1
40501843 2 1 4 0
40504461 2 1 4 1
40505183 8 1 3 0
40506595 294 0 1 1
40507057 38 0 1 0
40507801 8 1 3 1
40512733 0 1 4 0
40515351 0 1 4 1
40516073 16 1 1 0
40517485 38 0 1 1
40517947 294 0 1 0
40518691 16 1 1 1
40523623 2 1 4 0
40526241 2 1 4 1
40526963 8 1 3 0
40528375 294 0 1 1
40528837 38 0 1 0
40529581 8 1 3 1
40534513 0 1 4 0
40537131 0 1 4 1
40537853 16 1 1 0
40539265 38 0 1 1
40539727 294 0 1 0
40540471 16 1 1 1
40545403 2 1 4 0
40548021 2 1 4 1
40548743 8 1 3 0
40550155 294 0 1 1
40550617 38 0 1 0
40551361 8 1 3 1
40556293 0 1 4 0
40558911 0 1 4 1
40559633 16 1 1 0
40561045 38 0 1 1
40561507 294 0 1 0
40562251 16 1 1 1
40567183 2 1 4 0
40569801 2 1 4 1
40570523 8 1 3 0
40571935 294 0 1 1
40572397 38 0 1 0
40573141 8 1 3 1
40578073 0 1 4 0
40580691 0 1 4 1
40581413 16 1 1 0
40582825 38 0 1 1
40583287 294 0 1 0
40584031 16 1 1 1
40588963 2 1 4 0
40591581 2 1 4 1
40592303 8 1 3 0
40593715 294 0 1 1
40594177 38 0 1 0
40594921 8 1 3 1
40599853 0 1 4 0
40602471 0 1 4 1
40603193 16 1 1 0
40604605 38 0 1 1
40605067 294 0 1 0
40605811 16 1 1 1
40610743 2 1 4 0
40613361 2 1 4 1
40614083 8 1 3 0
40615495 294 0 1 1
40615957 38 0 1 0
40616701 8 1 3 1
40621633 0 1 4 0
40624251 0 1 4 1
40624973 16 1 1 0
40626385 38 0 1 1
40626847 294 0 1 0
40627591 16 1 1 1
40632523 2 1 4 0
40635141 2 1 4 1
40635863 8 1 3 0
40637275 294 0 1 1
40637737 38 0 1 0
40638481 8 1 3 1
40643413 0 1 4 0
40646031 0 1 4 1
40646753 16 1 1 0
40648165 38 0 1 1
40648627 294 0 1 0
40649371 16 1 1 1
40654303 2 1 4 0
40656921 2 1 4 1
40657643 8 1 3 0
40659055 294 0 1 1
40659517 38 0 1 0
40660261 8 1 3 1
40665193 0 1 4 0
40667811 0 1 4 1
40668533 16 1 1 0
40669945 38 0 1 1
40670407 294 0 1 0
40671151 16 1 1 1
40676083 2 1 4 0
40678701 2 1 4 1
40679423 8 1 3 0
40680835 294 0 1 1
40681297 38 0 1 0
40682041 8 1 3 1
40686973 0 1 4 0
40689591 0 1 4 1
40690313 16 1 1 0
40691725 38 0 1 1
40692187 294 0 1 0
40692931 16 1 1 1
40697863 2 1 4 0
40700481 2 1 4 1
40701203 8 1 3 0
40702615 294 0 1 1
40703077 38 0 1 0
40703821 8 1 3 1
40708753 0 1 4 0
40711371 0 1 4 1
40712093 16 1 1 0
40713505 38 0 1 1
40713967 294 0 1 0
40714711 16 1 1 1
40719643 2 1 4 0
40722261 2 1 4 1
40722983 8 1 3 0
40724395 294 0 1 1
40724857 38 0 1 0
40725601 8 1 3 1
40730533 0 1 4 0
40733151 0 1 4 1
40733873 16 1 1 0
40735285 38 0 1 1
40735747 294 0 1 0
40736491 16 1 1 1
40741423 2 1 4 0
40744041 2 1 4 1
40744763 8 1 3 0
40746175 294 0 1 1
40746637 38 0 1 0
40747381 8 1 3 1
40752313 0 1 4 0
40754931 0 1 4 1
40755653 16 1 1 0
40757065 38 0 1 1
40757527 294 0 1 0
40758271 16 1 1 1
40763203 2 1 4 0
40765821 2 1 4 1
40766543 8 1 3 0
40767955 294 0 1 1
40768417 38 0 1 0
40769161 8 1 3 1
40774093 0 1 4 0
40776711 0 1 4 1
40777433 16 1 1 0
40778845 38 0 1 1
40779307 294 0 1 0
40780051 16 1 1 1
40784983 2 1 4 0
40787601 2 1 4 1
40788323 8 1 3 0
40789735 294 0 1 1
40790197 38 0 1 0
40790941 8 1 3 1
40795873 0 1 4 0
40798491 0 1 4 1
40799213 16 1 1 0
40800625 38 0 1 1
40801087 294 0 1 0
40801831 16 1 1 1
40806763 2 1 4 0
40809381 2 1 4 1
40810103 8 1 3 0
40811515 294 0 1 1
40811977 38 0 1 0
40812721 8 1 3 1
40817653 0 1 4 0
40820271 0 1 4 1
40820993 16 1 1 0
40822405 38 0 1 1
40822867 294 0 1 0
40823611 16 1 1 1
40828543 2 1 4 0
40831161 2 1 4 1
40831883 8 1 3 0
40833295 294 0 1 1
40833757 38 0 1 0
40834501 8 1 3 1
40839433 0 1 4 0
40842051 0 1 4 1
40842773 16 1 1 0
40844185 38 0 1 1
40844647 294 0 1 0
40845391 16 1 1 1
40850323 2 1 4 0
40852941 2 1 4 1
40853663 8 1 3 0
40855075 294 0 1 1
40855537 38 0 1 0
40856281 8 1 3 1
40861213 0 1 4 0
40863831 0 1 4 1
40864553 16 1 1 0
40865965 38 0 1 1
40866427 294 0 1 0
40867171 16 1 1 1
40872103 2 1 4 0
40874721 2 1 4 1
40875443 8 1 3 0
40876855 294 0 1 1
40877317 38 0 1 0
40878061 8 1 3 1
40882993 0 1 4 0
40885611 0 1 4 1
40886333 16 1 1 0
40887745 38 0 1 1
40888207 294 0 1 0
40888951 16 1 1 1
40893883 2 1 4 0
40896501 2 1 4 1
40897223 8 1 3 0
40898635 294 0 1 1
40899097 38 0 1 0
40899841 8 1 3 1
40904773 0 1 4 0
40907391 0 1 4 1
40908113 16 1 1 0
40909525 38 0 1 1
40909987 294 0 1 0
40910731 16 1 1 1
40915663 2 1 4 0
40918281 2 1 4 1
40919003 8 1 3 0
40920415 294 0 1 1
40920877 38 0 1 0
40921621 8 1 3 1
40926553 0 1 4 0
40929171 0 1 4 1
40929893 16 1 1 0
40931305 38 0 1 1
40931767 294 0 1 0
40932511 16 1 1 1
40937443 2 1 4 0
40940061 2 1 4 1
40940783 8 1 3 0
40942195 294 0 1 1
40942657 38 0 1 0
40943401 8 1 3 1
40948333 0 1 4 0
40950951 0 1 4 1
40951673 16 1 1 0
40953085 38 0 1 1
40953547 294 0 1 0
40954291 16 1 1 1
40959223 2 1 4 0
40961841 2 1 4 1
40962563 8 1 3 0
40963975 294 0 1 1
40964437 38 0 1 0
40965181 8 1 3 1
40970113 0 1 4 0
40972731 0 1 4 1
40973453 16 1 1 0
40974865 38 0 1 1
40975327 294 0 1 0
40976071 16 1 1 1
40981003 2 1 4 0
40983621 2 1 4 1
40984343 8 1 3 0
40985755 294 0 1 1
40986217 38 0 1 0
40986961 8 1 3 1
40991893 0 1 4 0
40994511 0 1 4 1
40995233 16 1 1 0
40996645 38 0 1 1
40997107 294 0 1 0
40997851 16 1 1 1
41002783 2 1 4 0
41005401 2 1 4 1
41006123 8 1 3 0
41007535 294 0 1 1
41007997 38 0 1 0
41008741 8 1 3 1
41013673 0 1 4 0
41016291 0 1 4 1
41017013 16 1 1 0
41018425 38 0 1 1
41018887 294 0 1 0
41019631 16 1 1 1
41024563 2 1 4 0
41027181 2 1 4 1
41027903 8 1 3 0
41029315 294 0 1 1
41029777 38 0 1 0
41030521 8 1 3 1
41035453 0 1 4 0
41038071 0 1 4 1
41038793 16 1 1 0
41040205 38 0 1 1
41040667 294 0 1 0
41041411 16 1 1 1
41046343 2 1 4 0
41048961 2 1 4 1
41049683 8 1 3 0
41051095 294 0 1 1
41051557 38 0 1 0
41052301 8 1 3 1
41057233 0 1 4 0
41059851 0 1 4 1
41060573 16 1 1 0
41061985 38 0 1 1
41062447 294 0 1 0
41063191 16 1 1 1
41068123 2 1 4 0
41070741 2 1 4 1
41071463 8 1 3 0
41072875 294 0 1 1
41073337 38 0 1 0
41074081 8 1 3 1
41079013 0 1 4 0
41081631 0 1 4 1
41082353 16 1 1 0
41083765 38 0 1 1
41084227 294 0 1 0
41084971 16 1 1 1
41089903 2 1 4 0
41092521 2 1 4 1
41093243 8 1 3 0
41094655 294 0 1 1
41095117 38 0 1 0
41095861 8 1 3 1
41100793 0 1 4 0
41103411 0 1 4 1
41104133 16 1 1 0
41105545 38 0 1 1
41106007 294 0 1 0
41106751 16 1 1 1
41111683 2 1 4 0
41114301 2 1 4 1
41115023 8 1 3 0
41116435 294 0 1 1
41116897 38 0 1 0
41117641 8 1 3 1
41122573 0 1 4 0
41125191 0 1 4 1
41125913 16 1 1 0
41127325 38 0 1 1
41127787 294 0 1 0
41128531 16 1 1 1
41133463 2 1 4 0
41136081 2 1 4 1
41136803 8 1 3 0
41138215 294 0 1 1
41138677 38 0 1 0
41139421 8 1 3 1
41144353 0 1 4 0
41146971 0 1 4 1
41147693 16 1 1 0
41149105 38 0 1 1
41149567 294 0 1 0
41150311 16 1 1 1
41155243 2 1 4 0
41157861 2 1 4 1
41158583 8 1 3 0
41159995 294 0 1 1
41160457 38 0 1 0
41161201 8 1 3 1
41166133 0 1 4 0
41168751 0 1 4 1
41169473 16 1 1 0
41170885 38 0 1 1
41171347 294 0 1 0
41172091 16 1 1 1
41177023 2 1 4 0
41179641 2 1 4 1
41180363 8 1 3 0
41181775 294 0 1 1
41182237 38 0 1 0
41182981 8 1 3 1
41187913 0 1 4 0
41190531 0 1 4 1
41191253 16 1 1 0
41192665 38 0 1 1
41193127 294 0 1 0
41193871 16 1 1 1
41198803 2 1 4 0
41201421 2 1 4 1
41202143 8 1 3 0
41203555 294 0 1 1
41204017 38 0 1 0
41204761 8 1 3 1
41209693 0 1 4 0
41212311 0 1 4 1
41213033 16 1 1 0
41214445 38 0 1 1
41214907 294 0 1 0
41215651 16 1 1 1
41220583 2 1 4 0
41223201 2 1 4 1
41223923 8 1 3 0
41225335 294 0 1 1
41225797 38 0 1 0
41226541 8 1 3 1
41231473 0 1 4 0
41234091 0 1 4 1
41234813 16 1 1 0
41236225 38 0 1 1
41236687 294 0 1 0
41237431 16 1 1 1
41242363 2 1 4 0
41244981 2 1 4 1
41245703 8 1 3 0
41247115 294 0 1 1
41247577 38 0 1 0
41248321 8 1 3 1
41253253 0 1 4 0
41255871 0 1 4 1
41256593 16 1 1 0
41258005 38 0 1 1
41258467 294 0 1 0
41259211 16 1 1 1
41264143 2 1 4 0
41266761 2 1 4 1
41267483 8 1 3 0
41268895 294 0 1 1
41269357 38 0 1 0
41270101 8 1 3 1
41275033 0 1 4 0
41277651 0 1 4 1
41278373 16 1 1 0
41279785 38 0 1 1
41280247 294 0 1 0
41280991 16 1 1 1
41285923 2 1 4 0
41288541 2 1 4 1
41289263 8 1 3 0
41290675 294 0 1 1
41291137 38 0 1 0
41291881 8 1 3 1
41296813 0 1 4 0
41299431 0 1 4 1
41300153 16 1 1 0
41301565 38 0 1 1
41302027 294 0 1 0
41302771 16 1 1 1
41307703 2 1 4 0
41310321 2 1 4 1
41311043 8 1 3 0
41312455 294 0 1 1
41312917 38 0 1 0
41313661 8 1 3 1
41318593 0 1 4 0
41321211 0 1 4 1
41321933 16 1 1 0
41323345 38 0 1 1
41323807 294 0 1 0
41324551 16 1 1 1
41329483 2 1 4 0
41332101 2 1 4 1
41332823 8 1 3 0
41334235 294 0 1 1
41334697 38 0 1 0
41335441 8 1 3 1
41340373 0 1 4 0
41342991 0 1 4 1
41343713 16 1 1 0
41345125 38 0 1 1
41345587 294 0 1 0
41346331 16 1 1 1
41351263 2 1 4 0
41353881 2 1 4 1
41354603 8 1 3 0
41356015 294 0 1 1
41356477 38 0 1 0
41357221 8 1 3 1
41362153 0 1 4 0
41364771 0 1 4 1
41365493 16 1 1 0
41366905 38 0 1 1
41367367 294 0 1 0
41368111 16 1 1 1
41373043 2 1 4 0
41375661 2 1 4 1
41376383 8 1 3 0
41377795 294 0 1 1
41378257 38 0 1 0
41379001 8 1 3 1
41383933 0 1 4 0
41386551 0 1 4 1
41387273 16 1 1 0
41388685 38 0 1 1
41389147 294 0 1 0
41389891 16 1 1 1
41394823 2 1 4 0
41397441 2 1 4 1
41398163 8 1 3 0
41399575 294 0 1 1
41400037 38 0 1 0
41400781 8 1 3 1
41405713 0 1 4 0
41408331 0 1 4 1
41409053 16 1 1 0
41410465 38 0 1 1
41410927 294 0 1 0
41411671 16 1 1 1
41416603 2 1 4 0
41419221 2 1 4 1
41419943 8 1 3 0
41421355 294 0 1 1
41421817 38 0 1 0
41422561 8 1 3 1
41427493 0 1 4 0
41430111 0 1 4 1
41430833 16 1 1 0
41432245 38 0 1 1
41432707 294 0 1 0
41433451 16 1 1 1
41438383 2 1 4 0
41441001 2 1 4 1
41441723 8 1 3 0
41443135 294 0 1 1
41443597 38 0 1 0
41444341 8 1 3 1
41449273 0 1 4 0
41451891 0 1 4 1
41452613 16 1 1 0
41454025 38 0 1 1
41454487 294 0 1 0
41455231 16 1 1 1
41460163 2 1 4 0
41462781 2 1 4 1
41463503 8 1 3 0
41464915 294 0 1 1
41465377 38 0 1 0
41466121 8 1 3 1
41471053 0 1 4 0
41473671 0 1 4 1
41474393 16 1 1 0
41475805 38 0 1 1
41476267 294 0 1 0
41477011 16 1 1 1
41481943 2 1 4 0
41484561 2 1 4 1
41485283 8 1 3 0
41486695 294 0 1 1
41487157 38 0 1 0
41487901 8 1 3 1
41492833 0 1 4 0
41495451 0 1 4 1
41496173 16 1 1 0
41497585 38 0 1 1
41498047 294 0 1 0
41498791 16 1 1 1
41503723 2 1 4 0
41506341 2 1 4 1
41507063 8 1 3 0
41508475 294 0 1 1
41508937 38 0 1 0
41509681 8 1 3 1
41514613 0 1 4 0
41517231 0 1 4 1
41517953 16 1 1 0
41519365 38 0 1 1
41519827 294 0 1 0
41520571 16 1 1 1
41525503 2 1 4 0
41528121 2 1 4 1
41528843 8 1 3 0
41530255 294 0 1 1
41530717 38 0 1 0
41531461 8 1 3 1
41536393 0 1 4 0
41539011 0 1 4 1
41539733 16 1 1 0
41541145 38 0 1 1
41541607 294 0 1 0
41542351 16 1 1 1
41547283 2 1 4 0
41549901 2 1 4 1
41550623 8 1 3 0
41552035 294 0 1 1
41552497 38 0 1 0
41553241 8 1 3 1
41558173 0 1 4 0
41560791 0 1 4 1
41561513 16 1 1 0
41562925 38 0 1 1
41563387 294 0 1 0
41564131 16 1 1 1
41569063 2 1 4 0
41571681 2 1 4 1
41572403 8 1 3 0
41573815 294 0 1 1
41574277 38 0 1 0
41575021 8 1 3 1
41579953 0 1 4 0
41582571 0 1 4 1
41583293 16 1 1 0
41584705 38 0 1 1
41585167 294 0 1 0
41585911 16 1 1 1
41590843 2 1 4 0
41593461 2 1 4 1
41594183 8 1 3 0
41595595 294 0 1 1
41596057 38 0 1 0
41596801 8 1 3 1
41601733 0 1 4 0
41604351 0 1 4 1
41605073 16 1 1 0
41606485 38 0 1 1
41606947 294 0 1 0
41607691 16 1 1 1
41612623 2 1 4 0
41615241 2 1 4 1
41615963 8 1 3 0
41617375 294 0 1 1
41617837 38 0 1 0
41618581 8 1 3 1
41623513 0 1 4 0
41626131 0 1 4 1
41626853 16 1 1 0
41628265 38 0 1 1
41628727 294 0 1 0
41629471 16 1 1 1
41634403 2 1 4 0
41637021 2 1 4 1
41637743 8 1 3 0
41639155 294 0 1 1
41639617 38 0 1 0
41640361 8 1 3 1
41645293 0 1 4 0
41647911 0 1 4 1
41648633 16 1 1 0
41650045 38 0 1 1
41650507 294 0 1 0
41651251 16 1 1 1
41656183 2 1 4 0
41658801 2 1 4 1
41659523 8 1 3 0
41660935 294 0 1 1
41661397 38 0 1 0
41662141 8 1 3 1
41667073 0 1 4 0
41669691 0 1 4 1
41670413 16 1 1 0
41671825 38 0 1 1
41672287 294 0 1 0
41673031 16 1 1 1
41677963 2 1 4 0
41680581 2 1 4 1
41681303 8 1 3 0
41682715 294 0 1 1
41683177 38 0 1 0
41683921 8 1 3 1
41688853 0 1 4 0
41691471 0 1 4 1
41692193 16 1 1 0
41693605 38 0 1 1
41694067 294 0 1 0
41694811 16 1 1 1
41699743 2 1 4 0
41702361 2 1 4 1
41703083 8 1 3 0
41704495 294 0 1 1
41704957 38 0 1 0
41705701 8 1 3 1
41710633 0 1 4 0
41713251 0 1 4 1
41713973 16 1 1 0
41715385 38 0 1 1
41715847 294 0 1 0
41716591 16 1 1 1
41721523 2 1 4 0
41724141 2 1 4 1
41724863 8 1 3 0
41726275 294 0 1 1
41726737 38 0 1 0
41727481 8 1 3 1
41732413 0 1 4 0
41735031 0 1 4 1
41735753 16 1 1 0
41737165 38 0 1 1
41737627 294 0 1 0
41738371 16 1 1 1
41743303 2 1 4 0
41745921 2 1 4 1
41746643 8 1 3 0
41748055 294 0 1 1
41748517 38 0 1 0
41749261 8 1 3 1
41754193 0 1 4 0
41756811 0 1 4 1
41757533 16 1 1 0
41758945 38 0 1 1
41759407 294 0 1 0
41760151 16 1 1 1
41765083 2 1 4 0
41767701 2 1 4 1
41768423 8 1 3 0
41769835 294 0 1 1
41770297 38 0 1 0
41771041 8 1 3 1
41775973 0 1 4 0
41778591 0 1 4 1
41779313 16 1 1 0
41780725 38 0 1 1
41781187 294 0 1 0
41781931 16 1 1 1
41786863 2 1 4 0
41789481 2 1 4 1
41790203 8 1 3 0
41791615 294 0 1 1
41792077 38 0 1 0
41792821 8 1 3 1
41797753 0 1 4 0
41800371 0 1 4 1
41801093 16 1 1 0
41802505 38 0 1 1
41802967 294 0 1 0
41803711 16 1 1 1
41808643 2 1 4 0
41811261 2 1 4 1
41811983 8 1 3 0
41813395 294 0 1 1
41813857 38 0 1 0
41814601 8 1 3 1
41819533 0 1 4 0
41822151 0 1 4 1
41822873 16 1 1 0
41824285 38 0 1 1
41824747 294 0 1 0
41825491 16 1 1 1
41830423 2 1 4 0
41833041 2 1 4 1
41833763 8 1 3 0
41835175 294 0 1 1
41835637 38 0 1 0
41836381 8 1 3 1
41841313 0 1 4 0
41843931 0 1 4 1
41844653 16 1 1 0
41846065 38 0 1 1
41846527 294 0 1 0
41847271 16 1 1 1
41852203 2 1 4 0
41854821 2 1 4 1
41855543 8 1 3 0
41856955 294 0 1 1
41857417 38 0 1 0
41858161 8 1 3 1
41863093 0 1 4 0
41865711 0 1 4 1
41866433 16 1 1 0
41867845 38 0 1 1
41868307 294 0 1 0
41869051 16 1 1 1
41873983 2 1 4 0
41876601 2 1 4 1
41877323 8 1 3 0
41878735 294 0 1 1
41879197 38 0 1 0
41879941 8 1 3 1
41884873 0 1 4 0
41887491 0 1 4 1
41888213 16 1 1 0
41889625 38 0 1 1
41890087 294 0 1 0
41890831 16 1 1 1
41895763 2 1 4 0
41898381 2 1 4 1
41899103 8 1 3 0
41900515 294 0 1 1
41900977 38 0 1 0
41901721 8 1 3 1
41906653 0 1 4 0
41909271 0 1 4 1
41909993 16 1 1 0
41911405 38 0 1 1
41911867 294 0 1 0
41912611 16 1 1 1
41917543 2 1 4 0
41920161 2 1 4 1
41920883 8 1 3 0
41922295 294 0 1 1
41922757 38 0 1 0
41923501 8 1 3 1
41928433 0 1 4 0
41931051 0 1 4 1
41931773 16 1 1 0
41933185 38 0 1 1
41933647 294 0 1 0
41934391 16 1 1 1
41939323 2 1 4 0
41941941 2 1 4 1
41942663 8 1 3 0
41944075 294 0 1 1
41944537 38 0 1 0
41945281 8 1 3 1
41950213 0 1 4 0
41952831 0 1 4 1
41953553 16 1 1 0
41954965 38 0 1 1
41955427 294 0 1 0
41956171 16 1 1 1
41961103 2 1 4 0
41963721 2 1 4 1
41964443 8 1 3 0
41965855 294 0 1 1
41966317 38 0 1 0
41967061 8 1 3 1
41971993 0 1 4 0
41974611 0 1 4 1
41975333 16 1 1 0
41976745 38 0 1 1
41977207 294 0 1 0
41977951 16 1 1 1
41982883 2 1 4 0
41985501 2 1 4 1
41986223 8 1 3 0
41987635 294 0 1 1
41988097 38 0 1 0
41988841 8 1 3 1
41993773 0 1 4 0
41996391 0 1 4 1
41997113 16 1 1 0
41998525 38 0 1 1
41998987 294 0 1 0
41999731 16 1 1 1
42004663 2 1 4 0
42007281 2 1 4 1
42008003 8 1 3 0
42009415 294 0 1 1
42009877 38 0 1 0
42010621 8 1 3 1
42015553 0 1 4 0
42018171 0 1 4 1
42018893 16 1 1 0
42020305 38 0 1 1
42020767 294 0 1 0
42021511 16 1 1 1
42026443 2 1 4 0
42029061 2 1 4 1
42029783 8 1 3 0
42031195 294 0 1 1
42031657 38 0 1 0
42032401 8 1 3 1
42037333 0 1 4 0
42039951 0 1 4 1
42040673 16 1 1 0
42042085 38 0 1 1
42042547 294 0 1 0
42043291 16 1 1 1
42048223 2 1 4 0
42050841 2 1 4 1
42051563 8 1 3 0
42052975 294 0 1 1
42053437 38 0 1 0
42054181 8 1 3 1
42059113 0 1 4 0
42061731 0 1 4 1
42062453 16 1 1 0
42063865 38 0 1 1
42064327 294 0 1 0
42065071 16 1 1 1
42070003 2 1 4 0
42072621 2 1 4 1
42073343 8 1 3 0
42074755 294 0 1 1
42075217 38 0 1 0
42075961 8 1 3 1
42080893 0 1 4 0
42083511 0 1 4 1
42084233 16 1 1 0
42085645 38 0 1 1
42086107 294 0 1 0
42086851 16 1 1 1
42091783 2 1 4 0
42094401 2 1 4 1
42095123 8 1 3 0
42096535 294 0 1 1
42096997 38 0 1 0
42097741 8 1 3 1
42102673 0 1 4 0
42105291 0 1 4 1
42106013 16 1 1 0
42107425 38 0 1 1
42107887 294 0 1 0
42108631 16 1 1 1
42113563 2 1 4 0
42116181 2 1 4 1
42116903 8 1 3 0
42118315 294 0 1 1
42118777 38 0 1 0
42119521 8 1 3 1
42124453 0 1 4 0
42127071 0 1 4 1
42127793 16 1 1 0
42129205 38 0 1 1
42129667 294 0 1 0
42130411 16 1 1 1
42135343 2 1 4 0
42137961 2 1 4 1
42138683 8 1 3 0
42140095 294 0 1 1
42140557 38 0 1 0
42141301 8 1 3 1
42146233 0 1 4 0
42148851 0 1 4 1
42149573 16 1 1 0
42150985 38 0 1 1
42151447 294 0 1 0
42152191 16 1 1 1
42157123 2 1 4 0
42159741 2 1 4 1
42160463 8 1 3 0
42161875 294 0 1 1
42162337 38 0 1 0
42163081 8 1 3 1
42168013 0 1 4 0
42170631 0 1 4 1
42171353 16 1 1 0
42172765 38 0 1 1
42173227 294 0 1 0
42173971 16 1 1 1
42178903 2 1 4 0
42181521 2 1 4 1
42182243 8 1 3 0
42183655 294 0 1 1
42184117 38 0 1 0
42184861 8 1 3 1
42189793 0 1 4 0
42192411 0 1 4 1
42193133 16 1 1 0
42194545 38 0 1 1
42195007 294 0 1 0
42195751 16 1 1 1
42200683 2 1 4 0
42203301 2 1 4 1
42204023 8 1 3 0
42205435 294 0 1 1
42205897 38 0 1 0
42206641 8 1 3 1
42211573 0 1 4 0
42214191 0 1 4 1
42214913 16 1 1 0
42216325 38 0 1 1
42216787 294 0 1 0
42217531 16 1 1 1
42222463 2 1 4 0
42225081 2 1 4 1
42225803 8 1 3 0
42227215 294 0 1 1
42227677 38 0 1 0
42228421 8 1 3 1
42233353 0 1 4 0
42235971 0 1 4 1
42236693 16 1 1 0
42238105 38 0 1 1
42238567 294 0 1 0
42239311 16 1 1 1
42244243 2 1 4 0
42246861 2 1 4 1
42247583 8 1 3 0
42248995 294 0 1 1
42249457 38 0 1 0
42250201 8 1 3 1
42255133 0 1 4 0
42257751 0 1 4 1
42258473 16 1 1 0
42259885 38 0 1 1
42260347 294 0 1 0
42261091 16 1 1 1
42266023 2 1 4 0
42268641 2 1 4 1
42269363 8 1 3 0
42270775 294 0 1 1
42271237 38 0 1 0
42271981 8 1 3 1
42276913 0 1 4 0
42279531 0 1 4 1
42280253 16 1 1 0
42281665 38 0 1 1
42282127 294 0 1 0
42282871 16 1 1 1
42287803 2 1 4 0
42290421 2 1 4 1
42291143 8 1 3 0
42292555 294 0 1 1
42293017 38 0 1 0
42293761 8 1 3 1
42298693 0 1 4 0
42301311 0 1 4 1
42302033 16 1 1 0
42303445 38 0 1 1
42303907 294 0 1 0
42304651 16 1 1 1
42309583 2 1 4 0
42312201 2 1 4 1
42312923 8 1 3 0
42314335 294 0 1 1
42314797 38 0 1 0
42315541 8 1 3 1
42320473 0 1 4 0
42323091 0 1 4 1
42323813 16 1 1 0
42325225 38 0 1 1
42325687 294 0 1 0
42326431 16 1 1 1
42331363 2 1 4 0
42333981 2 1 4 1
42334703 8 1 3 0
42336115 294 0 1 1
42336577 38 0 1 0
42337321 8 1 3 1
42342253 0 1 4 0
42344871 0 1 4 1
42345593 16 1 1 0
42347005 38 0 1 1
42347467 294 0 1 0
42348211 16 1 1 1
42353143 2 1 4 0
42355761 2 1 4 1
42356483 8 1 3 0
42357895 294 0 1 1
42358357 38 0 1 0
42359101 8 1 3 1
42364033 0 1 4 0
42366651 0 1 4 1
42367373 16 1 1 0
42368785 38 0 1 1
42369247 294 0 1 0
42369991 16 1 1 1
42374923 2 1 4 0
42377541 2 1 4 1
42378263 8 1 3 0
42379675 294 0 1 1
42380137 38 0 1 0
42380881 8 1 3 1
42385813 0 1 4 0
42388431 0 1 4 1
42389153 16 1 1 0
42390565 38 0 1 1
42391027 294 0 1 0
42391771 16 1 1 1
42396703 2 1 4 0
42399321 2 1 4 1
42400043 8 1 3 0
42401455 294 0 1 1
42401917 38 0 1 0
42402661 8 1 3 1
42407593 0 1 4 0
42410211 0 1 4 1
42410933 16 1 1 0
42412345 38 0 1 1
42412807 294 0 1 0
42413551 16 1 1 1
42418483 2 1 4 0
42421101 2 1 4 1
42421823 8 1 3 0
42423235 294 0 1 1
42423697 38 0 1 0
42424441 8 1 3 1
42429373 0 1 4 0
42431991 0 1 4 1
42432713 16 1 1 0
42434125 38 0 1 1
42434587 294 0 1 0
42435331 16 1 1 1
42440263 2 1 4 0
42442881 2 1 4 1
42443603 8 1 3 0
42445015 294 0 1 1
42445477 38 0 1 0
42446221 8 1 3 1
42451153 0 1 4 0
42453771 0 1 4 1
42454493 16 1 1 0
42455905 38 0 1 1
42456367 294 0 1 0
42457111 16 1 1 1
42462043 2 1 4 0
42464661 2 1 4 1
42465383 8 1 3 0
42466795 294 0 1 1
42467257 38 0 1 0
42468001 8 1 3 1
42472933 0 1 4 0
42475551 0 1 4 1
42476273 16 1 1 0
42477685 38 0 1 1
42478147 294 0 1 0
42478891 16 1 1 1
42483823 2 1 4 0
42486441 2 1 4 1
42487163 8 1 3 0
42488575 294 0 1 1
42489037 38 0 1 0
42489781 8 1 3 1
42494713 0 1 4 0
42497331 0 1 4 1
42498053 16 1 1 0
42499465 38 0 1 1
42499927 294 0 1 0
42500671 16 1 1 1
42505603 2 1 4 0
42508221 2 1 4 1
42508943 8 1 3 0
42510355 294 0 1 1
42510817 38 0 1 0
42511561 8 1 3 1
42516493 0 1 4 0
42519111 0 1 4 1
42519833 16 1 1 0
42521245 38 0 1 1
42521707 294 0 1 0
42522451 16 1 1 1
42527383 2 1 4 0
42530001 2 1 4 1
42530723 8 1 3 0
42532135 294 0 1 1
42532597 38 0 1 0
42533341 8 1 3 1
42538273 0 1 4 0
42540891 0 1 4 1
42541613 16 1 1 0
42543025 38 0 1 1
42543487 294 0 1 0
42544231 16 1 1 1
42549163 2 1 4 0
42551781 2 1 4 1
42552503 8 1 3 0
42553915 294 0 1 1
42554377 38 0 1 0
42555121 8 1 3 1
42560053 0 1 4 0
42562671 0 1 4 1
42563393 16 1 1 0
42564805 38 0 1 1
42565267 294 0 1 0
42566011 16 1 1 1
42570943 2 1 4 0
42573561 2 1 4 1
42574283 8 1 3 0
42575695 294 0 1 1
42576157 38 0 1 0
42576901 8 1 3 1
42581833 0 1 4 0
42584451 0 1 4 1
42585173 16 1 1 0
42586585 38 0 1 1
42587047 294 0 1 0
42587791 16 1 1 1
42592723 2 1 4 0
42595341 2 1 4 1
42596063 8 1 3 0
42597475 294 0 1 1
42597937 38 0 1 0
42598681 8 1 3 1
42603613 0 1 4 0
42606231 0 1 4 1
42606953 16 1 1 0
42608365 38 0 1 1
42608827 294 0 1 0
42609571 16 1 1 1
42614503 2 1 4 0
42617121 2 1 4 1
42617843 8 1 3 0
42619255 294 0 1 1
42619717 38 0 1 0
42620461 8 1 3 1
42625393 0 1 4 0
42628011 0 1 4 1
42628733 16 1 1 0
42630145 38 0 1 1
42630607 294 0 1 0
42631351 16 1 1 1
42636283 2 1 4 0
42638901 2 1 4 1
42639623 8 1 3 0
42641035 294 0 1 1
42641497 38 0 1 0
42642241 8 1 3 1
42647173 0 1 4 0
42649791 0 1 4 1
42650513 16 1 1 0
42651925 38 0 1 1
42652387 294 0 1 0
42653131 16 1 1 1
42658063 2 1 4 0
42660681 2 1 4 1
42661403 8 1 3 0
42662815 294 0 1 1
42663277 38 0 1 0
42664021 8 1 3 1
42668953 0 1 4 0
42671571 0 1 4 1
42672293 16 1 1 0
42673705 38 0 1 1
42674167 294 0 1 0
42674911 16 1 1 1
42679843 2 1 4 0
42682461 2 1 4 1
42683183 8 1 3 0
42684595 294 0 1 1
42685057 38 0 1 0
42685801 8 1 3 1
42690733 0 1 4 0
42693351 0 1 4 1
42694073 16 1 1 0
42695485 38 0 1 1
42695947 294 0 1 0
42696691 16 1 1 1
42701623 2 1 4 0
42704241 2 1 4 1
42704963 8 1 3 0
42706375 294 0 1 1
42706837 38 0 1 0
42707581 8 1 3 1
42712513 0 1 4 0
42715131 0 1 4 1
42715853 16 1 1 0
42717265 38 0 1 1
42717727 294 0 1 0
42718471 16 1 1 1
42723403 2 1 4 0
42726021 2 1 4 1
42726743 8 1 3 0
42728155 294 0 1 1
42728617 38 0 1 0
42729361 8 1 3 1
42734293 0 1 4 0
42736911 0 1 4 1
42737633 16 1 1 0
42739045 38 0 1 1
42739507 294 0 1 0
42740251 16 1 1 1
42745183 2 1 4 0
42747801 2 1 4 1
42748523 8 1 3 0
42749935 294 0 1 1
42750397 38 0 1 0
42751141 8 1 3 1
42756073 0 1 4 0
42758691 0 1 4 1
42759413 16 1 1 0
42760825 38 0 1 1
42761287 294 0 1 0
42762031 16 1 1 1
42766963 2 1 4 0
42769581 2 1 4 1
42770303 8 1 3 0
42771715 294 0 1 1
42772177 38 0 1 0
42772921 8 1 3 1
42777853 0 1 4 0
42780471 0 1 4 1
42781193 16 1 1 0
42782605 38 0 1 1
42783067 294 0 1 0
42783811 16 1 1 1
42788743 2 1 4 0
42791361 2 1 4 1
42792083 8 1 3 0
42793495 294 0 1 1
42793957 38 0 1 0
42794701 8 1 3 1
42799633 0 1 4 0
42802251 0 1 4 1
42802973 16 1 1 0
42804385 38 0 1 1
42804847 294 0 1 0
42805591 16 1 1 1
42810523 2 1 4 0
42813141 2 1 4 1
42813863 8 1 3 0
42815275 294 0 1 1
42815737 38 0 1 0
42816481 8 1 3 1
42821413 0 1 4 0
42824031 0 1 4 1
42824753 16 1 1 0
42826165 38 0 1 1
42826627 294 0 1 0
42827371 16 1 1 1
42832303 2 1 4 0
42834921 2 1 4 1
42835643 8 1 3 0
42837055 294 0 1 1
42837517 38 0 1 0
42838261 8 1 3 1
42843193 0 1 4 0
42845811 0 1 4 1
42846533 16 1 1 0
42847945 38 0 1 1
42848407 294 0 1 0
42849151 16 1 1 1
42854083 2 1 4 0
42856701 2 1 4 1
42857423 8 1 3 0
42858835 294 0 1 1
42859297 38 0 1 0
42860041 8 1 3 1
42864973 0 1 4 0
42867591 0 1 4 1
42868313 16 1 1 0
42869725 38 0 1 1
42870187 294 0 1 0
42870931 16 1 1 1
42875863 2 1 4 0
42878481 2 1 4 1
42879203 8 1 3 0
42880615 294 0 1 1
42881077 38 0 1 0
42881821 8 1 3 1
42886753 0 1 4 0
42889371 0 1 4 1
42890093 16 1 1 0
42891505 38 0 1 1
42891967 294 0 1 0
42892711 16 1 1 1
42897643 2 1 4 0
42900261 2 1 4 1
42900983 8 1 3 0
42902395 294 0 1 1
42902857 38 0 1 0
42903601 8 1 3 1
42908533 0 1 4 0
42911151 0 1 4 1
42911873 16 1 1 0
42913285 38 0 1 1
42913747 294 0 1 0
42914491 16 1 1 1
42919423 2 1 4 0
42922041 2 1 4 1
42922763 8 1 3 0
42924175 294 0 1 1
42924637 38 0 1 0
42925381 8 1 3 1
42930313 0 1 4 0
42932931 0 1 4 1
42933653 16 1 1 0
42935065 38 0 1 1
42935527 294 0 1 0
42936271 16 1 1 1
42941203 2 1 4 0
42943821 2 1 4 1
42944543 8 1 3 0
42945955 294 0 1 1
42946417 38 0 1 0
42947161 8 1 3 1
42952093 0 1 4 0
42954711 0 1 4 1
42955433 16 1 1 0
42956845 38 0 1 1
42957307 294 0 1 0
42958051 16 1 1 1
42962983 2 1 4 0
42965601 2 1 4 1
42966323 8 1 3 0
42967735 294 0 1 1
42968197 38 0 1 0
42968941 8 1 3 1
42973873 0 1 4 0
42976491 0 1 4 1
42977213 16 1 1 0
42978625 38 0 1 1
42979087 294 0 1 0
42979831 16 1 1 1
42984763 2 1 4 0
42987381 2 1 4 1
42988103 8 1 3 0
42989515 294 0 1 1
42989977 38 0 1 0
42990721 8 1 3 1
42995653 0 1 4 0
42998271 0 1 4 1
42998993 16 1 1 0
43000405 38 0 1 1
43000867 294 0 1 0
43001611 16 1 1 1
43006543 2 1 4 0
43009161 2 1 4 1
43009883 8 1 3 0
43011295 294 0 1 1
43011757 38 0 1 0
43012501 8 1 3 1
43017433 0 1 4 0
43020051 0 1 4 1
43020773 16 1 1 0
43022185 38 0 1 1
43022647 294 0 1 0
43023391 16 1 1 1
43028323 2 1 4 0
43030941 2 1 4 1
43031663 8 1 3 0
43033075 294 0 1 1
43033537 38 0 1 0
43034281 8 1 3 1
43039213 0 1 4 0
43041831 0 1 4 1
43042553 16 1 1 0
43043965 38 0 1 1
43044427 294 0 1 0
43045171 16 1 1 1
43050103 2 1 4 0
43052721 2 1 4 1
43053443 8 1 3 0
43054855 294 0 1 1
43055317 38 0 1 0
43056061 8 1 3 1
43060993 0 1 4 0
43063611 0 1 4 1
43064333 16 1 1 0
43065745 38 0 1 1
43066207 294 0 1 0
43066951 16 1 1 1
43071883 2 1 4 0
43074501 2 1 4 1
43075223 8 1 3 0
43076635 294 0 1 1
43077097 38 0 1 0
43077841 8 1 3 1
43082773 0 1 4 0
43085391 0 1 4 1
43086113 16 1 1 0
43087525 38 0 1 1
43087987 294 0 1 0
43088731 16 1 1 1
43093663 2 1 4 0
43096281 2 1 4 1
43097003 8 1 3 0
43098415 294 0 1 1
43098877 38 0 1 0
43099621 8 1 3 1
43104553 0 1 4 0
43107171 0 1 4 1
43107893 16 1 1 0
43109305 38 0 1 1
43109767 294 0 1 0
43110511 16 1 1 1
43115443 2 1 4 0
43118061 2 1 4 1
43118783 8 1 3 0
43120195 294 0 1 1
43120657 38 0 1 0
43121401 8 1 3 1
43126333 0 1 4 0
43128951 0 1 4 1
43129673 16 1 1 0
43131085 38 0 1 1
43131547 294 0 1 0
43132291 16 1 1 1
43137223 2 1 4 0
43139841 2 1 4 1
43140563 8 1 3 0
43141975 294 0 1 1
43142437 38 0 1 0
43143181 8 1 3 1
43148113 0 1 4 0
43150731 0 1 4 1
43151453 16 1 1 0
43152865 38 0 1 1
43153327 294 0 1 0
43154071 16 1 1 1
43159003 2 1 4 0
43161621 2 1 4 1
43162343 8 1 3 0
43163755 294 0 1 1
43164217 38 0 1 0
43164961 8 1 3 1
43169893 0 1 4 0
43172511 0 1 4 1
43173233 16 1 1 0
43174645 38 0 1 1
43175107 294 0 1 0
43175851 16 1 1 1
43180783 2 1 4 0
43183401 2 1 4 1
43184123 8 1 3 0
43185535 294 0 1 1
43185997 38 0 1 0
43186741 8 1 3 1
43191673 0 1 4 0
43194291 0 1 4 1
43195013 16 1 1 0
43196425 38 0 1 1
43196887 294 0 1 0
43197631 16 1 1 1
43202563 2 1 4 0
43205181 2 1 4 1
43205903 8 1 3 0
43207315 294 0 1 1
43207777 38 0 1 0
43208521 8 1 3 1
43213453 0 1 4 0
43216071 0 1 4 1
43216793 16 1 1 0
43218205 38 0 1 1
43218667 294 0 1 0
43219411 16 1 1 1
43224343 2 1 4 0
43226961 2 1 4 1
43227683 8 1 3 0
43229095 294 0 1 1
43229557 38 0 1 0
43230301 8 1 3 1
43235233 0 1 4 0
43237851 0 1 4 1
43238573 16 1 1 0
43239985 38 0 1 1
43240447 294 0 1 0
43241191 16 1 1 1
43246123 2 1 4 0
43249233 2 1 4 1
43249463 8 1 3 0
43250875 294 0 1 1
43251337 38 0 1 0
43252573 8 1 3 1
43258993 0 1 4 0
43261734 0 1 4 1
43262333 16 1 1 0
43263745 38 0 1 1
43264207 294 0 1 0
43265074 16 1 1 1
43270378 2 1 4 0
43273242 2 1 4 1
43273718 8 1 3 0
43275130 294 0 1 1
43275592 38 0 1 0
43276582 8 1 3 1
43282258 0 1 4 0
43284876 0 1 4 1
43285598 16 1 1 0
43287010 38 0 1 1
43287472 294 0 1 0
43288216 16 1 1 1
43293148 2 1 4 0
43295766 2 1 4 1
43296488 8 1 3 0
43297900 294 0 1 1
43298362 38 0 1 0
43299106 8 1 3 1
43304038 0 1 4 0
43306779 0 1 4 1
43307378 16 1 1 0
43308790 38 0 1 1
43309252 294 0 1 0
43310119 16 1 1 1
43315423 2 1 4 0
43318041 2 1 4 1
43318763 8 1 3 0
43320175 294 0 1 1
43320637 38 0 1 0
43321381 8 1 3 1
43326313 0 1 4 0
43329054 0 1 4 1
43329653 16 1 1 0
43331065 38 0 1 1
43331527 294 0 1 0
43332394 16 1 1 1
43337698 2 1 4 0
43340316 2 1 4 1
43341038 8 1 3 0
43342450 294 0 1 1
43342912 38 0 1 0
43343656 8 1 3 1
43348588 0 1 4 0
43351452 0 1 4 1
43351928 16 1 1 0
43353340 38 0 1 1
43353802 294 0 1 0
43354792 16 1 1 1
43360468 2 1 4 0
43363086 2 1 4 1
43363808 8 1 3 0
43365220 294 0 1 1
43365682 38 0 1 0
43366426 8 1 3 1
43371358 0 1 4 0
43374099 0 1 4 1
43374698 16 1 1 0
43376110 38 0 1 1
43376572 294 0 1 0
43377439 16 1 1 1
43382743 2 1 4 0
43385361 2 1 4 1
43386083 8 1 3 0
43387495 294 0 1 1
43387957 38 0 1 0
43388701 8 1 3 1
43393633 0 1 4 0
43396251 0 1 4 1
43396973 16 1 1 0
43398385 38 0 1 1
43398847 294 0 1 0
43399591 16 1 1 1
43404523 2 1 4 0
43407141 2 1 4 1
43407863 8 1 3 0
43409275 294 0 1 1
43409737 38 0 1 0
43410481 8 1 3 1
43415413 0 1 4 0
43418031 0 1 4 1
43418753 16 1 1 0
43420165 38 0 1 1
43420627 294 0 1 0
43421371 16 1 1 1
43426303 2 1 4 0
43428921 2 1 4 1
43429643 8 1 3 0
43431055 294 0 1 1
43431517 38 0 1 0
43432261 8 1 3 1
43437193 0 1 4 0
43439811 0 1 4 1
43440533 16 1 1 0
43441945 38 0 1 1
43442407 294 0 1 0
43443151 16 1 1 1
43448083 2 1 4 0
43450701 2 1 4 1
43451423 8 1 3 0
43452835 294 0 1 1
43453297 38 0 1 0
43454041 8 1 3 1
43458973 0 1 4 0
43461591 0 1 4 1
43462313 16 1 1 0
43463725 38 0 1 1
43464187 294 0 1 0
43464931 16 1 1 1
43469863 2 1 4 0
43472481 2 1 4 1
43473203 8 1 3 0
43474615 294 0 1 1
43475077 38 0 1 0
43475821 8 1 3 1
43480753 0 1 4 0
43483371 0 1 4 1
43484093 16 1 1 0
43485505 38 0 1 1
43485967 294 0 1 0
43486711 16 1 1 1
43491643 2 1 4 0
43494261 2 1 4 1
43494983 8 1 3 0
43496395 294 0 1 1
43496857 38 0 1 0
43497601 8 1 3 1
43502533 0 1 4 0
43505151 0 1 4 1
43505873 16 1 1 0
43507285 38 0 1 1
43507747 294 0 1 0
43508491 16 1 1 1
43513423 2 1 4 0
43516041 2 1 4 1
43516763 8 1 3 0
43518175 294 0 1 1
43518637 38 0 1 0
43519381 8 1 3 1
43524313 0 1 4 0
43526931 0 1 4 1
43527653 16 1 1 0
43529065 38 0 1 1
43529527 294 0 1 0
43530271 16 1 1 1
43535203 2 1 4 0
43537821 2 1 4 1
43538543 8 1 3 0
43539955 294 0 1 1
43540417 38 0 1 0
43541161 8 1 3 1
43546093 0 1 4 0
43548711 0 1 4 1
43549433 16 1 1 0
43550845 38 0 1 1
43551307 294 0 1 0
43552051 16 1 1 1
43556983 2 1 4 0
43559601 2 1 4 1
43560323 8 1 3 0
43561735 294 0 1 1
43562197 38 0 1 0
43562941 8 1 3 1
43567873 0 1 4 0
43570491 0 1 4 1
43571213 16 1 1 0
43572625 38 0 1 1
43573087 294 0 1 0
43573831 16 1 1 1
43578763 2 1 4 0
43581381 2 1 4 1
43582103 8 1 3 0
43583515 294 0 1 1
43583977 38 0 1 0
43584721 8 1 3 1
43589653 0 1 4 0
43592271 0 1 4 1
43592993 16 1 1 0
43594405 38 0 1 1
43594867 294 0 1 0
43595611 16 1 1 1
43600543 2 1 4 0
43603161 2 1 4 1
43603883 8 1 3 0
43605295 294 0 1 1
43605757 38 0 1 0
43606501 8 1 3 1
43611433 0 1 4 0
43614051 0 1 4 1
43614773 16 1 1 0
43616185 38 0 1 1
43616647 294 0 1 0
43617391 16 1 1 1
43622323 2 1 4 0
43624941 2 1 4 1
43625663 8 1 3 0
43627075 294 0 1 1
43627537 38 0 1 0
43628281 8 1 3 1
43633213 0 1 4 0
43635831 0 1 4 1
43636553 16 1 1 0
43637965 38 0 1 1
43638427 294 0 1 0
43639171 16 1 1 1
43644103 2 1 4 0
43646721 2 1 4 1
43647443 8 1 3 0
43648855 294 0 1 1
43649317 38 0 1 0
43650061 8 1 3 1
43654993 0 1 4 0
43657611 0 1 4 1
43658333 16 1 1 0
43659745 38 0 1 1
43660207 294 0 1 0
43660951 16 1 1 1
43665883 2 1 4 0
43668501 2 1 4 1
43669223 8 1 3 0
43670635 294 0 1 1
43671097 38 0 1 0
43671841 8 1 3 1
43676773 0 1 4 0
43679391 0 1 4 1
43680113 16 1 1 0
43681525 38 0 1 1
43681987 294 0 1 0
43682731 16 1 1 1
43687663 2 1 4 0
43690281 2 1 4 1
43691003 8 1 3 0
43692415 294 0 1 1
43692877 38 0 1 0
43693621 8 1 3 1
43698553 0 1 4 0
43701171 0 1 4 1
43701893 16 1 1 0
43703305 38 0 1 1
43703767 294 0 1 0
43704511 16 1 1 1
43709443 2 1 4 0
43712061 2 1 4 1
43712783 8 1 3 0
43714195 294 0 1 1
43714657 38 0 1 0
43715401 8 1 3 1
43720333 0 1 4 0
43722951 0 1 4 1
43723673 16 1 1 0
43725085 38 0 1 1
43725547 294 0 1 0
43726291 16 1 1 1
43731223 2 1 4 0
43733841 2 1 4 1
43734563 8 1 3 0
43735975 294 0 1 1
43736437 38 0 1 0
43737181 8 1 3 1
43742113 0 1 4 0
43744731 0 1 4 1
43745453 16 1 1 0
43746865 38 0 1 1
43747327 294 0 1 0
43748071 16 1 1 1
43753003 2 1 4 0
43755621 2 1 4 1
43756343 8 1 3 0
43757755 294 0 1 1
43758217 38 0 1 0
43758961 8 1 3 1
43763893 0 1 4 0
43766511 0 1 4 1
43767233 16 1 1 0
43768645 38 0 1 1
43769107 294 0 1 0
43769851 16 1 1 1
43774783 2 1 4 0
43777401 2 1 4 1
43778123 8 1 3 0
43779535 294 0 1 1
43779997 38 0 1 0
43780741 8 1 3 1
43785673 0 1 4 0
43788291 0 1 4 1
43789013 16 1 1 0
43790425 38 0 1 1
43790887 294 0 1 0
43791631 16 1 1 1
43796563 2 1 4 0
43799181 2 1 4 1
43799903 8 1 3 0
43801315 294 0 1 1
43801777 38 0 1 0
43802521 8 1 3 1
43807453 0 1 4 0
43810071 0 1 4 1
43810793 16 1 1 0
43812205 38 0 1 1
43812667 294 0 1 0
43813411 16 1 1 1
43818343 2 1 4 0
43820961 2 1 4 1
43821683 8 1 3 0
43823095 294 0 1 1
43823557 38 0 1 0
43824301 8 1 3 1
43829233 0 1 4 0
43831851 0 1 4 1
43832573 16 1 1 0
43833985 38 0 1 1
43834447 294 0 1 0
43835191 16 1 1 1
43840123 2 1 4 0
43842741 2 1 4 1
43843463 8 1 3 0
43844875 294 0 1 1
43845337 38 0 1 0
43846081 8 1 3 1
43851013 0 1 4 0
43853631 0 1 4 1
43854353 16 1 1 0
43855765 38 0 1 1
43856227 294 0 1 0
43856971 16 1 1 1
43861903 2 1 4 0
43864521 2 1 4 1
43865243 8 1 3 0
43866655 294 0 1 1
43867117 38 0 1 0
43867861 8 1 3 1
43872793 0 1 4 0
43875411 0 1 4 1
43876133 16 1 1 0
43877545 38 0 1 1
43878007 294 0 1 0
43878751 16 1 1 1
43883683 2 1 4 0
43886301 2 1 4 1
43887023 8 1 3 0
43888435 294 0 1 1
43888897 38 0 1 0
43889641 8 1 3 1
43894573 0 1 4 0
43897191 0 1 4 1
43897913 16 1 1 0
43899325 38 0 1 1
43899787 294 0 1 0
43900531 16 1 1 1
43905463 2 1 4 0
43908081 2 1 4 1
43908803 8 1 3 0
43910215 294 0 1 1
43910677 38 0 1 0
43911421 8 1 3 1
43916353 0 1 4 0
43918971 0 1 4 1
43919693 16 1 1 0
43921105 38 0 1 1
43921567 294 0 1 0
43922311 16 1 1 1
43927243 2 1 4 0
43929861 2 1 4 1
43930583 8 1 3 0
43931995 294 0 1 1
43932457 38 0 1 0
43933201 8 1 3 1
43938133 0 1 4 0
43940751 0 1 4 1
43941473 16 1 1 0
43942885 38 0 1 1
43943347 294 0 1 0
43944091 16 1 1 1
43949023 2 1 4 0
43951641 2 1 4 1
43952363 8 1 3 0
43953775 294 0 1 1
43954237 38 0 1 0
43954981 8 1 3 1
43959913 0 1 4 0
43962531 0 1 4 1
43963253 16 1 1 0
43964665 38 0 1 1
43965127 294 0 1 0
43965871 16 1 1 1
43970803 2 1 4 0
43973421 2 1 4 1
43974143 8 1 3 0
43975555 294 0 1 1
43976017 38 0 1 0
43976761 8 1 3 1
43981693 0 1 4 0
43984311 0 1 4 1
43985033 16 1 1 0
43986445 38 0 1 1
43986907 294 0 1 0
43987651 16 1 1 1
43992583 2 1 4 0
43995201 2 1 4 1
43995923 8 1 3 0
43997335 294 0 1 1
43997797 38 0 1 0
43998541 8 1 3 1
44003473 0 1 4 0
44006091 0 1 4 1
44006813 16 1 1 0
44008225 38 0 1 1
44008687 294 0 1 0
44009431 16 1 1 1
44014363 2 1 4 0
44016981 2 1 4 1
44017703 8 1 3 0
44019115 294 0 1 1
44019577 38 0 1 0
44020321 8 1 3 1
44025253 0 1 4 0
44027871 0 1 4 1
44028593 16 1 1 0
44030005 38 0 1 1
44030467 294 0 1 0
44031211 16 1 1 1
44036143 2 1 4 0
44038761 2 1 4 1
44039483 8 1 3 0
44040895 294 0 1 1
44041357 38 0 1 0
44042101 8 1 3 1
44047033 0 1 4 0
44049651 0 1 4 1
44050373 16 1 1 0
44051785 38 0 1 1
44052247 294 0 1 0
44052991 16 1 1 1
44057923 2 1 4 0
44060541 2 1 4 1
44061263 8 1 3 0
44062675 294 0 1 1
44063137 38 0 1 0
44063881 8 1 3 1
44068813 0 1 4 0
44071431 0 1 4 1
44072153 16 1 1 0
44073565 38 0 1 1
44074027 294 0 1 0
44074771 16 1 1 1
44079703 2 1 4 0
44082321 2 1 4 1
44083043 8 1 3 0
44084455 294 0 1 1
44084917 38 0 1 0
44085661 8 1 3 1
44090593 0 1 4 0
44093211 0 1 4 1
44093933 16 1 1 0
44095345 38 0 1 1
44095807 294 0 1 0
44096551 16 1 1 1
44101483 2 1 4 0
44104101 2 1 4 1
44104823 8 1 3 0
44106235 294 0 1 1
44106697 38 0 1 0
44107441 8 1 3 1
44112373 0 1 4 0
44114991 0 1 4 1
44115713 16 1 1 0
44117125 38 0 1 1
44117587 294 0 1 0
44118331 16 1 1 1
44123263 2 1 4 0
44125881 2 1 4 1
44126603 8 1 3 0
44128015 294 0 1 1
44128477 38 0 1 0
44129221 8 1 3 1
44134153 0 1 4 0
44136771 0 1 4 1
44137493 16 1 1 0
44138905 38 0 1 1
44139367 294 0 1 0
44140111 16 1 1 1
44145043 2 1 4 0
44147661 2 1 4 1
44148383 8 1 3 0
44149795 294 0 1 1
44150257 38 0 1 0
44151001 8 1 3 1
44155933 0 1 4 0
44158551 0 1 4 1
44159273 16 1 1 0
44160685 38 0 1 1
44161147 294 0 1 0
44161891 16 1 1 1
44166823 2 1 4 0
44169441 2 1 4 1
44170163 8 1 3 0
44171575 294 0 1 1
44172037 38 0 1 0
44172781 8 1 3 1
44177713 0 1 4 0
44180331 0 1 4 1
44181053 16 1 1 0
44182465 38 0 1 1
44182927 294 0 1 0
44183671 16 1 1 1
44188603 2 1 4 0
44191221 2 1 4 1
44191943 8 1 3 0
44193355 294 0 1 1
44193817 38 0 1 0
44194561 8 1 3 1
44199493 0 1 4 0
44202111 0 1 4 1
44202833 16 1 1 0
44204245 38 0 1 1
44204707 294 0 1 0
44205451 16 1 1 1
44210383 2 1 4 0
44213001 2 1 4 1
44213723 8 1 3 0
44215135 294 0 1 1
44215597 38 0 1 0
44216341 8 1 3 1
44221273 0 1 4 0
44223891 0 1 4 1
44224613 16 1 1 0
44226025 38 0 1 1
44226487 294 0 1 0
44227231 16 1 1 1
44232163 2 1 4 0
44234781 2 1 4 1
44235503 8 1 3 0
44236915 294 0 1 1
44237377 38 0 1 0
44238121 8 1 3 1
44243053 0 1 4 0
44245671 0 1 4 1
44246393 16 1 1 0
44247805 38 0 1 1
44248267 294 0 1 0
44249011 16 1 1 1
44253943 2 1 4 0
44256561 2 1 4 1
44257283 8 1 3 0
44258695 294 0 1 1
44259157 38 0 1 0
44259901 8 1 3 1
44264833 0 1 4 0
44267451 0 1 4 1
44268173 16 1 1 0
44269585 38 0 1 1
44270047 294 0 1 0
44270791 16 1 1 1
44275723 2 1 4 0
44278341 2 1 4 1
44279063 8 1 3 0
44280475 294 0 1 1
44280937 38 0 1 0
44281681 8 1 3 1
44286613 0 1 4 0
44289231 0 1 4 1
44289953 16 1 1 0
44291365 38 0 1 1
44291827 294 0 1 0
44292571 16 1 1 1
44297503 2 1 4 0
44300121 2 1 4 1
44300843 8 1 3 0
44302255 294 0 1 1
44302717 38 0 1 0
44303461 8 1 3 1
44308393 0 1 4 0
44311011 0 1 4 1
44311733 16 1 1 0
44313145 38 0 1 1
44313607 294 0 1 0
44314351 16 1 1 1
44319283 2 1 4 0
44321901 2 1 4 1
44322623 8 1 3 0
44324035 294 0 1 1
44324497 38 0 1 0
44325241 8 1 3 1
44330173 0 1 4 0
44332791 0 1 4 1
44333513 16 1 1 0
44334925 38 0 1 1
44335387 294 0 1 0
44336131 16 1 1 1
44341063 2 1 4 0
44343681 2 1 4 1
44344403 8 1 3 0
44345815 294 0 1 1
44346277 38 0 1 0
44347021 8 1 3 1
44351953 0 1 4 0
44354571 0 1 4 1
44355293 16 1 1 0
44356705 38 0 1 1
44357167 294 0 1 0
44357911 16 1 1 1
44362843 2 1 4 0
44365461 2 1 4 1
44366183 8 1 3 0
44367595 294 0 1 1
44368057 38 0 1 0
44368801 8 1 3 1
44373733 0 1 4 0
44376351 0 1 4 1
44377073 16 1 1 0
44378485 38 0 1 1
44378947 294 0 1 0
44379691 16 1 1 1
44384623 2 1 4 0
44387241 2 1 4 1
44387963 8 1 3 0
44389375 294 0 1 1
44389837 38 0 1 0
44390581 8 1 3 1
44395513 0 1 4 0
44398131 0 1 4 1
44398853 16 1 1 0
44400265 38 0 1 1
44400727 294 0 1 0
44401471 16 1 1 1
44406403 2 1 4 0
44409021 2 1 4 1
44409743 8 1 3 0
44411155 294 0 1 1
44411617 38 0 1 0
44412361 8 1 3 1
44417293 0 1 4 0
44419911 0 1 4 1
44420633 16 1 1 0
44422045 38 0 1 1
44422507 294 0 1 0
44423251 16 1 1 1
44428183 2 1 4 0
44430801 2 1 4 1
44431523 8 1 3 0
44432935 294 0 1 1
44433397 38 0 1 0
44434141 8 1 3 1
44439073 0 1 4 0
44441691 0 1 4 1
44442413 16 1 1 0
44443825 38 0 1 1
44444287 294 0 1 0
44445031 16 1 1 1
44449963 2 1 4 0
44452581 2 1 4 1
44453303 8 1 3 0
44454715 294 0 1 1
44455177 38 0 1 0
44455921 8 1 3 1
44460853 0 1 4 0
44463471 0 1 4 1
44464193 16 1 1 0
44465605 38 0 1 1
44466067 294 0 1 0
44466811 16 1 1 1
44471743 2 1 4 0
44474361 2 1 4 1
44475083 8 1 3 0
44476495 294 0 1 1
44476957 38 0 1 0
44477701 8 1 3 1
44482633 0 1 4 0
44485251 0 1 4 1
44485973 16 1 1 0
44487385 38 0 1 1
44487847 294 0 1 0
44488591 16 1 1 1
44493523 2 1 4 0
44496141 2 1 4 1
44496863 8 1 3 0
44498275 294 0 1 1
44498737 38 0 1 0
44499481 8 1 3 1
44504413 0 1 4 0
44507031 0 1 4 1
44507753 16 1 1 0
44509165 38 0 1 1
44509627 294 0 1 0
44510371 16 1 1 1
44515303 2 1 4 0
44517921 2 1 4 1
44518643 8 1 3 0
44520055 294 0 1 1
44520517 38 0 1 0
44521261 8 1 3 1
44526193 0 1 4 0
44528811 0 1 4 1
44529533 16 1 1 0
44530945 38 0 1 1
44531407 294 0 1 0
44532151 16 1 1 1
44537083 2 1 4 0
44539701 2 1 4 1
44540423 8 1 3 0
44541835 294 0 1 1
44542297 38 0 1 0
44543041 8 1 3 1
44547973 0 1 4 0
44550591 0 1 4 1
44551313 16 1 1 0
44552725 38 0 1 1
44553187 294 0 1 0
44553931 16 1 1 1
44558863 2 1 4 0
44561481 2 1 4 1
44562203 8 1 3 0
44563615 294 0 1 1
44564077 38 0 1 0
44564821 8 1 3 1
44569753 0 1 4 0
44572371 0 1 4 1
44573093 16 1 1 0
44574505 38 0 1 1
44574967 294 0 1 0
44575711 16 1 1 1
44580643 2 1 4 0
44583261 2 1 4 1
44583983 8 1 3 0
44585395 294 0 1 1
44585857 38 0 1 0
44586601 8 1 3 1
44591533 0 1 4 0
44594151 0 1 4 1
44594873 16 1 1 0
44596285 38 0 1 1
44596747 294 0 1 0
44597491 16 1 1 1
44602423 2 1 4 0
44605041 2 1 4 1
44605763 8 1 3 0
44607175 294 0 1 1
44607637 38 0 1 0
44608381 8 1 3 1
44613313 0 1 4 0
44615931 0 1 4 1
44616653 16 1 1 0
44618065 38 0 1 1
44618527 294 0 1 0
44619271 16 1 1 1
44624203 2 1 4 0
44626821 2 1 4 1
44627543 8 1 3 0
44628955 294 0 1 1
44629417 38 0 1 0
44630161 8 1 3 1
44635093 0 1 4 0
44637711 0 1 4 1
44638433 16 1 1 0
44639845 38 0 1 1
44640307 294 0 1 0
44641051 16 1 1 1
44645983 2 1 4 0
44648601 2 1 4 1
44649323 8 1 3 0
44650735 294 0 1 1
44651197 38 0 1 0
44651941 8 1 3 1
44656873 0 1 4 0
44659491 0 1 4 1
44660213 16 1 1 0
44661625 38 0 1 1
44662087 294 0 1 0
44662831 16 1 1 1
44667763 2 1 4 0
44670381 2 1 4 1
44671103 8 1 3 0
44672515 294 0 1 1
44672977 38 0 1 0
44673721 8 1 3 1
44678653 0 1 4 0
44681271 0 1 4 1
44681993 16 1 1 0
44683405 38 0 1 1
44683867 294 0 1 0
44684611 16 1 1 1
44689543 2 1 4 0
44692161 2 1 4 1
44692883 8 1 3 0
44694295 294 0 1 1
44694757 38 0 1 0
44695501 8 1 3 1
44700433 0 1 4 0
44703051 0 1 4 1
44703773 16 1 1 0
44705185 38 0 1 1
44705647 294 0 1 0
44706391 16 1 1 1
44711323 2 1 4 0
44713941 2 1 4 1
44714663 8 1 3 0
44716075 294 0 1 1
44716537 38 0 1 0
44717281 8 1 3 1
44722213 0 1 4 0
44724831 0 1 4 1
44725553 16 1 1 0
44726965 38 0 1 1
44727427 294 0 1 0
44728171 16 1 1 1
44733103 2 1 4 0
44735721 2 1 4 1
44736443 8 1 3 0
44737855 294 0 1 1
44738317 38 0 1 0
44739061 8 1 3 1
44743993 0 1 4 0
44746611 0 1 4 1
44747333 16 1 1 0
44748745 38 0 1 1
44749207 294 0 1 0
44749951 16 1 1 1
44754883 2 1 4 0
44757501 2 1 4 1
44758223 8 1 3 0
44759635 294 0 1 1
44760097 38 0 1 0
44760841 8 1 3 1
44765773 0 1 4 0
44768391 0 1 4 1
44769113 16 1 1 0
44770525 38 0 1 1
44770987 294 0 1 0
44771731 16 1 1 1
44776663 2 1 4 0
44779281 2 1 4 1
44780003 8 1 3 0
44781415 294 0 1 1
44781877 38 0 1 0
44782621 8 1 3 1
44787553 0 1 4 0
44790171 0 1 4 1
44790893 16 1 1 0
44792305 38 0 1 1
44792767 294 0 1 0
44793511 16 1 1 1
44798443 2 1 4 0
44801061 2 1 4 1
44801783 8 1 3 0
44803195 294 0 1 1
44803657 38 0 1 0
44804401 8 1 3 1
44809333 0 1 4 0
44811951 0 1 4 1
44812673 16 1 1 0
44814085 38 0 1 1
44814547 294 0 1 0
44815291 16 1 1 1
44820223 2 1 4 0
44822841 2 1 4 1
44823563 8 1 3 0
44824975 294 0 1 1
44825437 38 0 1 0
44826181 8 1 3 1
44831113 0 1 4 0
44833731 0 1 4 1
44834453 16 1 1 0
44835865 38 0 1 1
44836327 294 0 1 0
44837071 16 1 1 1
44842003 2 1 4 0
44844621 2 1 4 1
44845343 8 1 3 0
44846755 294 0 1 1
44847217 38 0 1 0
44847961 8 1 3 1
44852893 0 1 4 0
44855511 0 1 4 1
44856233 16 1 1 0
44857645 38 0 1 1
44858107 294 0 1 0
44858851 16 1 1 1
44863783 2 1 4 0
44866401 2 1 4 1
44867123 8 1 3 0
44868535 294 0 1 1
44868997 38 0 1 0
44869741 8 1 3 1
44874673 0 1 4 0
44877291 0 1 4 1
44878013 16 1 1 0
44879425 38 0 1 1
44879887 294 0 1 0
44880631 16 1 1 1
44885563 2 1 4 0
44888181 2 1 4 1
44888903 8 1 3 0
44890315 294 0 1 1
44890777 38 0 1 0
44891521 8 1 3 1
44896453 0 1 4 0
44899071 0 1 4 1
44899793 16 1 1 0
44901205 38 0 1 1
44901667 294 0 1 0
44902411 16 1 1 1
44907343 2 1 4 0
44909961 2 1 4 1
44910683 8 1 3 0
44912095 294 0 1 1
44912557 38 0 1 0
44913301 8 1 3 1
44918233 0 1 4 0
44920851 0 1 4 1
44921573 16 1 1 0
44922985 38 0 1 1
44923447 294 0 1 0
44924191 16 1 1 1
44929123 2 1 4 0
44931741 2 1 4 1
44932463 8 1 3 0
44933875 294 0 1 1
44934337 38 0 1 0
44935081 8 1 3 1
44940013 0 1 4 0
44942631 0 1 4 1
44943353 16 1 1 0
44944765 38 0 1 1
44945227 294 0 1 0
44945971 16 1 1 1
44950903 2 1 4 0
44953521 2 1 4 1
44954243 8 1 3 0
44955655 294 0 1 1
44956117 38 0 1 0
44956861 8 1 3 1
44961793 0 1 4 0
44964411 0 1 4 1
44965133 16 1 1 0
44966545 38 0 1 1
44967007 294 0 1 0
44967751 16 1 1 1
44972683 2 1 4 0
44975301 2 1 4 1
44976023 8 1 3 0
44977435 294 0 1 1
44977897 38 0 1 0
44978641 8 1 3 1
44983573 0 1 4 0
44986191 0 1 4 1
44986913 16 1 1 0
44988325 38 0 1 1
44988787 294 0 1 0
44989531 16 1 1 1
44994463 2 1 4 0
44997081 2 1 4 1
44997803 8 1 3 0
44999215 294 0 1 1
44999677 38 0 1 0
45000421 8 1 3 1
45005353 0 1 4 0
45007971 0 1 4 1
45008693 16 1 1 0
45010105 38 0 1 1
45010567 294 0 1 0
45011311 16 1 1 1
45016243 2 1 4 0
45018861 2 1 4 1
45019583 8 1 3 0
45020995 294 0 1 1
45021457 38 0 1 0
45022201 8 1 3 1
45027133 0 1 4 0
45029751 0 1 4 1
45030473 16 1 1 0
45031885 38 0 1 1
45032347 294 0 1 0
45033091 16 1 1 1
45038023 2 1 4 0
45040641 2 1 4 1
45041363 8 1 3 0
45042775 294 0 1 1
45043237 38 0 1 0
45043981 8 1 3 1
45048913 0 1 4 0
45051531 0 1 4 1
45052253 16 1 1 0
45053665 38 0 1 1
45054127 294 0 1 0
45054871 16 1 1 1
45059803 2 1 4 0
45062421 2 1 4 1
45063143 8 1 3 0
45064555 294 0 1 1
45065017 38 0 1 0
45065761 8 1 3 1
45070693 0 1 4 0
45073311 0 1 4 1
45074033 16 1 1 0
45075445 38 0 1 1
45075907 294 0 1 0
45076651 16 1 1 1
45081583 2 1 4 0
45084201 2 1 4 1
45084923 8 1 3 0
45086335 294 0 1 1
45086797 38 0 1 0
45087541 8 1 3 1
45092473 0 1 4 0
45095091 0 1 4 1
45095813 16 1 1 0
45097225 38 0 1 1
45097687 294 0 1 0
45098431 16 1 1 1
45103363 2 1 4 0
45105981 2 1 4 1
45106703 8 1 3 0
45108115 294 0 1 1
45108577 38 0 1 0
45109321 8 1 3 1
45114253 0 1 4 0
45116871 0 1 4 1
45117593 16 1 1 0
45119005 38 0 1 1
45119467 294 0 1 0
45120211 16 1 1 1
45125143 2 1 4 0
45127761 2 1 4 1
45128483 8 1 3 0
45129895 294 0 1 1
45130357 38 0 1 0
45131101 8 1 3 1
45136033 0 1 4 0
45138651 0 1 4 1
45139373 16 1 1 0
45140785 38 0 1 1
45141247 294 0 1 0
45141991 16 1 1 1
45146923 2 1 4 0
45149541 2 1 4 1
45150263 8 1 3 0
45151675 294 0 1 1
45152137 38 0 1 0
45152881 8 1 3 1
45157813 0 1 4 0
45160431 0 1 4 1
45161153 16 1 1 0
45162565 38 0 1 1
45163027 294 0 1 0
45163771 16 1 1 1
45168703 2 1 4 0
45171321 2 1 4 1
45172043 8 1 3 0
45173455 294 0 1 1
45173917 38 0 1 0
45174661 8 1 3 1
45179593 0 1 4 0
45182211 0 1 4 1
45182933 16 1 1 0
45184345 38 0 1 1
45184807 294 0 1 0
45185551 16 1 1 1
45190483 2 1 4 0
45193101 2 1 4 1
45193823 8 1 3 0
45195235 294 0 1 1
45195697 38 0 1 0
45196441 8 1 3 1
45201373 0 1 4 0
45203991 0 1 4 1
45204713 16 1 1 0
45206125 38 0 1 1
45206587 294 0 1 0
45207331 16 1 1 1
45212263 2 1 4 0
45214881 2 1 4 1
45215603 8 1 3 0
45217015 294 0 1 1
45217477 38 0 1 0
45218221 8 1 3 1
45223153 0 1 4 0
45225771 0 1 4 1
45226493 16 1 1 0
45227905 38 0 1 1
45228367 294 0 1 0
45229111 16 1 1 1
45234043 2 1 4 0
45236661 2 1 4 1
45237383 8 1 3 0
45238795 294 0 1 1
45239257 38 0 1 0
45240001 8 1 3 1
45244933 0 1 4 0
45247551 0 1 4 1
45248273 16 1 1 0
45249685 38 0 1 1
45250147 294 0 1 0
45250891 16 1 1 1
45255823 2 1 4 0
45258441 2 1 4 1
45259163 8 1 3 0
45260575 294 0 1 1
45261037 38 0 1 0
45261781 8 1 3 1
45266713 0 1 4 0
45269331 0 1 4 1
45270053 16 1 1 0
45271465 38 0 1 1
45271927 294 0 1 0
45272671 16 1 1 1
45277603 2 1 4 0
45280221 2 1 4 1
45280943 8 1 3 0
45282355 294 0 1 1
45282817 38 0 1 0
45283561 8 1 3 1
45288493 0 1 4 0
45291111 0 1 4 1
45291833 16 1 1 0
45293245 38 0 1 1
45293707 294 0 1 0
45294451 16 1 1 1
45299383 2 1 4 0
45302001 2 1 4 1
45302723 8 1 3 0
45304135 294 0 1 1
45304597 38 0 1 0
45305341 8 1 3 1
45310273 0 1 4 0
45312891 0 1 4 1
45313613 16 1 1 0
45315025 38 0 1 1
45315487 294 0 1 0
45316231 16 1 1 1
45321163 2 1 4 0
45323781 2 1 4 1
45324503 8 1 3 0
45325915 294 0 1 1
45326377 38 0 1 0
45327121 8 1 3 1
45332053 0 1 4 0
45334671 0 1 4 1
45335393 16 1 1 0
45336805 38 0 1 1
45337267 294 0 1 0
45338011 16 1 1 1
45342943 2 1 4 0
45345561 2 1 4 1
45346283 8 1 3 0
45347695 294 0 1 1
45348157 38 0 1 0
45348901 8 1 3 1
45353833 0 1 4 0
45356451 0 1 4 1
45357173 16 1 1 0
45358585 38 0 1 1
45359047 294 0 1 0
45359791 16 1 1 1
45364723 2 1 4 0
45367341 2 1 4 1
45368063 8 1 3 0
45369475 294 0 1 1
45369937 38 0 1 0
45370681 8 1 3 1
45375613 0 1 4 0
45378231 0 1 4 1
45378953 16 1 1 0
45380365 38 0 1 1
45380827 294 0 1 0
45381571 16 1 1 1
45386503 2 1 4 0
45389121 2 1 4 1
45389843 8 1 3 0
45391255 294 0 1 1
45391717 38 0 1 0
45392461 8 1 3 1
45397393 0 1 4 0
45400011 0 1 4 1
45400733 16 1 1 0
45402145 38 0 1 1
45402607 294 0 1 0
45403351 16 1 1 1
45408283 2 1 4 0
45410901 2 1 4 1
45411623 8 1 3 0
45413035 294 0 1 1
45413497 38 0 1 0
45414241 8 1 3 1
45419173 0 1 4 0
45421791 0 1 4 1
45422513 16 1 1 0
45423925 38 0 1 1
45424387 294 0 1 0
45425131 16 1 1 1
45430063 2 1 4 0
45432681 2 1 4 1
45433403 8 1 3 0
45434815 294 0 1 1
45435277 38 0 1 0
45436021 8 1 3 1
45440953 0 1 4 0
45443571 0 1 4 1
45444293 16 1 1 0
45445705 38 0 1 1
45446167 294 0 1 0
45446911 16 1 1 1
45451843 2 1 4 0
45454461 2 1 4 1
45455183 8 1 3 0
45456595 294 0 1 1
45457057 38 0 1 0
45457801 8 1 3 1
45462733 0 1 4 0
45465351 0 1 4 1
45466073 16 1 1 0
45467485 38 0 1 1
45467947 294 0 1 0
45468691 16 1 1 1
45473623 2 1 4 0
45476241 2 1 4 1
45476963 8 1 3 0
45478375 294 0 1 1
45478837 38 0 1 0
45479581 8 1 3 1
45484513 0 1 4 0
45487131 0 1 4 1
45487853 16 1 1 0
45489265 38 0 1 1
45489727 294 0 1 0
45490471 16 1 1 1
45495403 2 1 4 0
45498021 2 1 4 1
45498743 8 1 3 0
45500155 294 0 1 1
45500617 38 0 1 0
45501361 8 1 3 1
45506293 0 1 4 0
45508911 0 1 4 1
45509633 16 1 1 0
45511045 38 0 1 1
45511507 294 0 1 0
45512251 16 1 1 1
45517183 2 1 4 0
45519801 2 1 4 1
45520523 8 1 3 0
45521935 294 0 1 1
45522397 38 0 1 0
45523141 8 1 3 1
45528073 0 1 4 0
45530691 0 1 4 1
45531413 16 1 1 0
45532825 38 0 1 1
45533287 294 0 1 0
45534031 16 1 1 1
45538963 2 1 4 0
45541581 2 1 4 1
45542303 8 1 3 0
45543715 294 0 1 1
45544177 38 0 1 0
45544921 8 1 3 1
45549853 0 1 4 0
45552471 0 1 4 1
45553193 16 1 1 0
45554605 38 0 1 1
45555067 294 0 1 0
45555811 16 1 1 1
45560743 2 1 4 0
45563361 2 1 4 1
45564083 8 1 3 0
45565495 294 0 1 1
45565957 38 0 1 0
45566701 8 1 3 1
45571633 0 1 4 0
45574251 0 1 4 1
45574973 16 1 1 0
45576385 38 0 1 1
45576847 294 0 1 0
45577591 16 1 1 1
45582523 2 1 4 0
45585141 2 1 4 1
45585863 8 1 3 0
45587275 294 0 1 1
45587737 38 0 1 0
45588481 8 1 3 1
45593413 0 1 4 0
45596031 0 1 4 1
45596753 16 1 1 0
45598165 38 0 1 1
45598627 294 0 1 0
45599371 16 1 1 1
45604303 2 1 4 0
45606921 2 1 4 1
45607643 8 1 3 0
45609055 294 0 1 1
45609517 38 0 1 0
45610261 8 1 3 1
45615193 0 1 4 0
45617811 0 1 4 1
45618533 16 1 1 0
45619945 38 0 1 1
45620407 294 0 1 0
45621151 16 1 1 1
45626083 2 1 4 0
45628701 2 1 4 1
45629423 8 1 3 0
45630835 294 0 1 1
45631297 38 0 1 0
45632041 8 1 3 1
45636973 0 1 4 0
45639591 0 1 4 1
45640313 16 1 1 0
45641725 38 0 1 1
45642187 294 0 1 0
45642931 16 1 1 1
45647863 2 1 4 0
45650481 2 1 4 1
45651203 8 1 3 0
45652615 294 0 1 1
45653077 38 0 1 0
45653821 8 1 3 1
45658753 0 1 4 0
45661371 0 1 4 1
45662093 16 1 1 0
45663505 38 0 1 1
45663967 294 0 1 0
45664711 16 1 1 1
45669643 2 1 4 0
45672261 2 1 4 1
45672983 8 1 3 0
45674395 294 0 1 1
45674857 38 0 1 0
45675601 8 1 3 1
45680533 0 1 4 0
45683151 0 1 4 1
45683873 16 1 1 0
45685285 38 0 1 1
45685747 294 0 1 0
45686491 16 1 1 1
45691423 2 1 4 0
45694041 2 1 4 1
45694763 8 1 3 0
45696175 294 0 1 1
45696637 38 0 1 0
45697381 8 1 3 1
45702313 0 1 4 0
45704931 0 1 4 1
45705653 16 1 1 0
45707065 38 0 1 1
45707527 294 0 1 0
45708271 16 1 1 1
45713203 2 1 4 0
45715821 2 1 4 1
45716543 8 1 3 0
45717955 294 0 1 1
45718417 38 0 1 0
45719161 8 1 3 1
45724093 0 1 4 0
45726711 0 1 4 1
45727433 16 1 1 0
45728845 38 0 1 1
45729307 294 0 1 0
45730051 16 1 1 1
45734983 2 1 4 0
45737601 2 1 4 1
45738323 8 1 3 0
45739735 294 0 1 1
45740197 38 0 1 0
45740941 8 1 3 1
45745873 0 1 4 0
45748491 0 1 4 1
45749213 16 1 1 0
45750625 38 0 1 1
45751087 294 0 1 0
45751831 16 1 1 1
45756763 2 1 4 0
45759381 2 1 4 1
45760103 8 1 3 0
45761515 294 0 1 1
45761977 38 0 1 0
45762721 8 1 3 1
45767653 0 1 4 0
45770271 0 1 4 1
45770993 16 1 1 0
45772405 38 0 1 1
45772867 294 0 1 0
45773611 16 1 1 1
45778543 2 1 4 0
45781161 2 1 4 1
45781883 8 1 3 0
45783295 294 0 1 1
45783757 38 0 1 0
45784501 8 1 3 1
45789433 0 1 4 0
45792051 0 1 4 1
45792773 16 1 1 0
45794185 38 0 1 1
45794647 294 0 1 0
45795391 16 1 1 1
45800323 2 1 4 0
45802941 2 1 4 1
45803663 8 1 3 0
45805075 294 0 1 1
45805537 38 0 1 0
45806281 8 1 3 1
45811213 0 1 4 0
45813831 0 1 4 1
45814553 16 1 1 0
45815965 38 0 1 1
45816427 294 0 1 0
45817171 16 1 1 1
45822103 2 1 4 0
45824721 2 1 4 1
45825443 8 1 3 0
45826855 294 0 1 1
45827317 38 0 1 0
45828061 8 1 3 1
45832993 0 1 4 0
45835611 0 1 4 1
45836333 16 1 1 0
45837745 38 0 1 1
45838207 294 0 1 0
45838951 16 1 1 1
45843883 2 1 4 0
45846501 2 1 4 1
45847223 8 1 3 0
45848635 294 0 1 1
45849097 38 0 1 0
45849841 8 1 3 1
45854773 0 1 4 0
45857391 0 1 4 1
45858113 16 1 1 0
45859525 38 0 1 1
45859987 294 0 1 0
45860731 16 1 1 1
45865663 2 1 4 0
45868281 2 1 4 1
45869003 8 1 3 0
45870415 294 0 1 1
45870877 38 0 1 0
45871621 8 1 3 1
45876553 0 1 4 0
45879171 0 1 4 1
45879893 16 1 1 0
45881305 38 0 1 1
45881767 294 0 1 0
45882511 16 1 1 1
45887443 2 1 4 0
45890061 2 1 4 1
45890783 8 1 3 0
45892195 294 0 1 1
45892657 38 0 1 0
45893401 8 1 3 1
45898333 0 1 4 0
45900951 0 1 4 1
45901673 16 1 1 0
45903085 38 0 1 1
45903547 294 0 1 0
45904291 16 1 1 1
45909223 2 1 4 0
45911841 2 1 4 1
45912563 8 1 3 0
45913975 294 0 1 1
45914437 38 0 1 0
45915181 8 1 3 1
45920113 0 1 4 0
45922731 0 1 4 1
45923453 16 1 1 0
45924865 38 0 1 1
45925327 294 0 1 0
45926071 16 1 1 1
45931003 2 1 4 0
45933621 2 1 4 1
45934343 8 1 3 0
45935755 294 0 1 1
45936217 38 0 1 0
45936961 8 1 3 1
45941893 0 1 4 0
45944511 0 1 4 1
45945233 16 1 1 0
45946645 38 0 1 1
45947107 294 0 1 0
45947851 16 1 1 1
45952783 2 1 4 0
45955401 2 1 4 1
45956123 8 1 3 0
45957535 294 0 1 1
45957997 38 0 1 0
45958741 8 1 3 1
45963673 0 1 4 0
45966291 0 1 4 1
45967013 16 1 1 0
45968425 38 0 1 1
45968887 294 0 1 0
45969631 16 1 1 1
45974563 2 1 4 0
45977181 2 1 4 1
45977903 8 1 3 0
45979315 294 0 1 1
45979777 38 0 1 0
45980521 8 1 3 1
45985453 0 1 4 0
45988071 0 1 4 1
45988793 16 1 1 0
45990205 38 0 1 1
45990667 294 0 1 0
45991411 16 1 1 1
45996343 2 1 4 0
45998961 2 1 4 1
45999683 8 1 3 0
46001095 294 0 1 1
46001557 38 0 1 0
46002301 8 1 3 1
46007233 0 1 4 0
46009851 0 1 4 1
46010573 16 1 1 0
46011985 38 0 1 1
46012447 294 0 1 0
46013191 16 1 1 1
46018123 2 1 4 0
46020741 2 1 4 1
46021463 8 1 3 0
46022875 294 0 1 1
46023337 38 0 1 0
46024081 8 1 3 1
46029013 0 1 4 0
46031631 0 1 4 1
46032353 16 1 1 0
46033765 38 0 1 1
46034227 294 0 1 0
46034971 16 1 1 1
46039903 2 1 4 0
46042521 2 1 4 1
46043243 8 1 3 0
46044655 294 0 1 1
46045117 38 0 1 0
46045861 8 1 3 1
46050793 0 1 4 0
46053411 0 1 4 1
46054133 16 1 1 0
46055545 38 0 1 1
46056007 294 0 1 0
46056751 16 1 1 1
46061683 2 1 4 0
46064301 2 1 4 1
46065023 8 1 3 0
46066435 294 0 1 1
46066897 38 0 1 0
46067641 8 1 3 1
46072573 0 1 4 0
46075191 0 1 4 1
46075913 16 1 1 0
46077325 38 0 1 1
46077787 294 0 1 0
46078531 16 1 1 1
46083463 2 1 4 0
46086081 2 1 4 1
46086803 8 1 3 0
46088215 294 0 1 1
46088677 38 0 1 0
46089421 8 1 3 1
46094353 0 1 4 0
46096971 0 1 4 1
46097693 16 1 1 0
46099105 38 0 1 1
46099567 294 0 1 0
46100311 16 1 1 1
46105243 2 1 4 0
46107861 2 1 4 1
46108583 8 1 3 0
46109995 294 0 1 1
46110457 38 0 1 0
46111201 8 1 3 1
46116133 0 1 4 0
46118751 0 1 4 1
46119473 16 1 1 0
46120885 38 0 1 1
46121347 294 0 1 0
46122091 16 1 1 1
46127023 2 1 4 0
46129641 2 1 4 1
46130363 8 1 3 0
46131775 294 0 1 1
46132237 38 0 1 0
46132981 8 1 3 1
46137913 0 1 4 0
46140531 0 1 4 1
46141253 16 1 1 0
46142665 38 0 1 1
46143127 294 0 1 0
46143871 16 1 1 1
46148803 2 1 4 0
46151421 2 1 4 1
46152143 8 1 3 0
46153555 294 0 1 1
46154017 38 0 1 0
46154761 8 1 3 1
46159693 0 1 4 0
46162311 0 1 4 1
46163033 16 1 1 0
46164445 38 0 1 1
46164907 294 0 1 0
46165651 16 1 1 1
46170583 2 1 4 0
46173201 2 1 4 1
46173923 8 1 3 0
46175335 294 0 1 1
46175797 38 0 1 0
46176541 8 1 3 1
46181473 0 1 4 0
46184091 0 1 4 1
46184813 16 1 1 0
46186225 38 0 1 1
46186687 294 0 1 0
46187431 16 1 1 1
46192363 2 1 4 0
46194981 2 1 4 1
46195703 8 1 3 0
46197115 294 0 1 1
46197577 38 0 1 0
46198321 8 1 3 1
46203253 0 1 4 0
46205871 0 1 4 1
46206593 16 1 1 0
46208005 38 0 1 1
46208467 294 0 1 0
46209211 16 1 1 1
46214143 2 1 4 0
46216761 2 1 4 1
46217483 8 1 3 0
46218895 294 0 1 1
46219357 38 0 1 0
46220101 8 1 3 1
46225033 0 1 4 0
46227651 0 1 4 1
46228373 16 1 1 0
46229785 38 0 1 1
46230247 294 0 1 0
46230991 16 1 1 1
46235923 2 1 4 0
46238541 2 1 4 1
46239263 8 1 3 0
46240675 294 0 1 1
46241137 38 0 1 0
46241881 8 1 3 1
46246813 0 1 4 0
46249431 0 1 4 1
46250153 16 1 1 0
46251565 38 0 1 1
46252027 294 0 1 0
46252771 16 1 1 1
46257703 2 1 4 0
46260321 2 1 4 1
46261043 8 1 3 0
46262455 294 0 1 1
46262917 38 0 1 0
46263661 8 1 3 1
46268593 0 1 4 0
46271211 0 1 4 1
46271933 16 1 1 0
46273345 38 0 1 1
46273807 294 0 1 0
46274551 16 1 1 1
46279483 2 1 4 0
46282101 2 1 4 1
46282823 8 1 3 0
46284235 294 0 1 1
46284697 38 0 1 0
46285441 8 1 3 1
46290373 0 1 4 0
46292991 0 1 4 1
46293713 16 1 1 0
46295125 38 0 1 1
46295587 294 0 1 0
46296331 16 1 1 1
46301263 2 1 4 0
46303881 2 1 4 1
46304603 8 1 3 0
46306015 294 0 1 1
46306477 38 0 1 0
46307221 8 1 3 1
46312153 0 1 4 0
46314771 0 1 4 1
46315493 16 1 1 0
46316905 38 0 1 1
46317367 294 0 1 0
46318111 16 1 1 1
46323043 2 1 4 0
46325661 2 1 4 1
46326383 8 1 3 0
46327795 294 0 1 1
46328257 38 0 1 0
46329001 8 1 3 1
46333933 0 1 4 0
46336551 0 1 4 1
46337273 16 1 1 0
46338685 38 0 1 1
46339147 294 0 1 0
46339891 16 1 1 1
46344823 2 1 4 0
46347441 2 1 4 1
46348163 8 1 3 0
46349575 294 0 1 1
46350037 38 0 1 0
46350781 8 1 3 1
46355713 0 1 4 0
46358331 0 1 4 1
46359053 16 1 1 0
46360465 38 0 1 1
46360927 294 0 1 0
46361671 16 1 1 1
46366603 2 1 4 0
46369221 2 1 4 1
46369943 8 1 3 0
46371355 294 0 1 1
46371817 38 0 1 0
46372561 8 1 3 1
46377493 0 1 4 0
46380111 0 1 4 1
46380833 16 1 1 0
46382245 38 0 1 1
46382707 294 0 1 0
46383451 16 1 1 1
46388383 2 1 4 0
46391001 2 1 4 1
46391723 8 1 3 0
46393135 294 0 1 1
46393597 38 0 1 0
46394341 8 1 3 1
46399273 0 1 4 0
46401891 0 1 4 1
46402613 16 1 1 0
46404025 38 0 1 1
46404487 294 0 1 0
46405231 16 1 1 1
46410163 2 1 4 0
46412781 2 1 4 1
46413503 8 1 3 0
46414915 294 0 1 1
46415377 38 0 1 0
46416121 8 1 3 1
46421053 0 1 4 0
46423671 0 1 4 1
46424393 16 1 1 0
46425805 38 0 1 1
46426267 294 0 1 0
46427011 16 1 1 1
46431943 2 1 4 0
46434561 2 1 4 1
46435283 8 1 3 0
46436695 294 0 1 1
46437157 38 0 1 0
46437901 8 1 3 1
46442833 0 1 4 0
46445451 0 1 4 1
46446173 16 1 1 0
46447585 38 0 1 1
46448047 294 0 1 0
46448791 16 1 1 1
46453723 2 1 4 0
46456341 2 1 4 1
46457063 8 1 3 0
46458475 294 0 1 1
46458937 38 0 1 0
46459681 8 1 3 1
46464613 0 1 4 0
46467231 0 1 4 1
46467953 16 1 1 0
46469365 38 0 1 1
46469827 294 0 1 0
46470571 16 1 1 1
46475503 2 1 4 0
46478121 2 1 4 1
46478843 8 1 3 0
46480255 294 0 1 1
46480717 38 0 1 0
46481461 8 1 3 1
46486393 0 1 4 0
46489011 0 1 4 1
46489733 16 1 1 0
46491145 38 0 1 1
46491607 294 0 1 0
46492351 16 1 1 1
46497283 2 1 4 0
46499901 2 1 4 1
46500623 8 1 3 0
46502035 294 0 1 1
46502497 38 0 1 0
46503241 8 1 3 1
46508173 0 1 4 0
46510791 0 1 4 1
46511513 16 1 1 0
46512925 38 0 1 1
46513387 294 0 1 0
46514131 16 1 1 1
46519063 2 1 4 0
46521681 2 1 4 1
46522403 8 1 3 0
46523815 294 0 1 1
46524277 38 0 1 0
46525021 8 1 3 1
46529953 0 1 4 0
46532571 0 1 4 1
46533293 16 1 1 0
46534705 38 0 1 1
46535167 294 0 1 0
46535911 16 1 1 1
46540843 2 1 4 0
46543461 2 1 4 1
46544183 8 1 3 0
46545595 294 0 1 1
46546057 38 0 1 0
46546801 8 1 3 1
46551733 0 1 4 0
46554351 0 1 4 1
46555073 16 1 1 0
46556485 38 0 1 1
46556947 294 0 1 0
46557691 16 1 1 1
46562623 2 1 4 0
46565241 2 1 4 1
46565963 8 1 3 0
46567375 294 0 1 1
46567837 38 0 1 0
46568581 8 1 3 1
46573513 0 1 4 0
46576131 0 1 4 1
46576853 16 1 1 0
46578265 38 0 1 1
46578727 294 0 1 0
46579471 16 1 1 1
46584403 2 1 4 0
46587021 2 1 4 1
46587743 8 1 3 0
46589155 294 0 1 1
46589617 38 0 1 0
46590361 8 1 3 1
46595293 0 1 4 0
46597911 0 1 4 1
46598633 16 1 1 0
46600045 38 0 1 1
46600507 294 0 1 0
46601251 16 1 1 1
46606183 2 1 4 0
46608801 2 1 4 1
46609523 8 1 3 0
46610935 294 0 1 1
46611397 38 0 1 0
46612141 8 1 3 1
46617073 0 1 4 0
46619691 0 1 4 1
46620413 16 1 1 0
46621825 38 0 1 1
46622287 294 0 1 0
46623031 16 1 1 1
46627963 2 1 4 0
46630581 2 1 4 1
46631303 8 1 3 0
46632715 294 0 1 1
46633177 38 0 1 0
46633921 8 1 3 1
46638853 0 1 4 0
46641471 0 1 4 1
46642193 16 1 1 0
46643605 38 0 1 1
46644067 294 0 1 0
46644811 16 1 1 1
46649743 2 1 4 0
46652361 2 1 4 1
46653083 8 1 3 0
46654495 294 0 1 1
46654957 38 0 1 0
46655701 8 1 3 1
46660633 0 1 4 0
46663251 0 1 4 1
46663973 16 1 1 0
46665385 38 0 1 1
46665847 294 0 1 0
46666591 16 1 1 1
46671523 2 1 4 0
46674141 2 1 4 1
46674863 8 1 3 0
46676275 294 0 1 1
46676737 38 0 1 0
46677481 8 1 3 1
46682413 0 1 4 0
46685031 0 1 4 1
46685753 16 1 1 0
46687165 38 0 1 1
46687627 294 0 1 0
46688371 16 1 1 1
46693303 2 1 4 0
46695921 2 1 4 1
46696643 8 1 3 0
46698055 294 0 1 1
46698517 38 0 1 0
46699261 8 1 3 1
46704193 0 1 4 0
46706811 0 1 4 1
46707533 16 1 1 0
46708945 38 0 1 1
46709407 294 0 1 0
46710151 16 1 1 1
46715083 2 1 4 0
46717701 2 1 4 1
46718423 8 1 3 0
46719835 294 0 1 1
46720297 38 0 1 0
46721041 8 1 3 1
46725973 0 1 4 0
46728591 0 1 4 1
46729313 16 1 1 0
46730725 38 0 1 1
46731187 294 0 1 0
46731931 16 1 1 1
46736863 2 1 4 0
46739481 2 1 4 1
46740203 8 1 3 0
46741615 294 0 1 1
46742077 38 0 1 0
46742821 8 1 3 1
46747753 0 1 4 0
46750371 0 1 4 1
46751093 16 1 1 0
46752505 38 0 1 1
46752967 294 0 1 0
46753711 16 1 1 1
46758643 2 1 4 0
46761261 2 1 4 1
46761983 8 1 3 0
46763395 294 0 1 1
46763857 38 0 1 0
46764601 8 1 3 1
46769533 0 1 4 0
46772151 0 1 4 1
46772873 16 1 1 0
46774285 38 0 1 1
46774747 294 0 1 0
46775491 16 1 1 1
46780423 2 1 4 0
46783041 2 1 4 1
46783763 8 1 3 0
46785175 294 0 1 1
46785637 38 0 1 0
46786381 8 1 3 1
46791313 0 1 4 0
46793931 0 1 4 1
46794653 16 1 1 0
46796065 38 0 1 1
46796527 294 0 1 0
46797271 16 1 1 1
46802203 2 1 4 0
46804821 2 1 4 1
46805543 8 1 3 0
46806955 294 0 1 1
46807417 38 0 1 0
46808161 8 1 3 1
46813093 0 1 4 0
46815711 0 1 4 1
46816433 16 1 1 0
46817845 38 0 1 1
46818307 294 0 1 0
46819051 16 1 1 1
46823983 2 1 4 0
46826601 2 1 4 1
46827323 8 1 3 0
46828735 294 0 1 1
46829197 38 0 1 0
46829941 8 1 3 1
46834873 0 1 4 0
46837491 0 1 4 1
46838213 16 1 1 0
46839625 38 0 1 1
46840087 294 0 1 0
46840831 16 1 1 1
46845763 2 1 4 0
46848381 2 1 4 1
46849103 8 1 3 0
46850515 294 0 1 1
46850977 38 0 1 0
46851721 8 1 3 1
46856653 0 1 4 0
46859271 0 1 4 1
46859993 16 1 1 0
46861405 38 0 1 1
46861867 294 0 1 0
46862611 16 1 1 1
46867543 2 1 4 0
46870161 2 1 4 1
46870883 8 1 3 0
46872295 294 0 1 1
46872757 38 0 1 0
46873501 8 1 3 1
46878433 0 1 4 0
46881051 0 1 4 1
46881773 16 1 1 0
46883185 38 0 1 1
46883647 294 0 1 0
46884391 16 1 1 1
46889323 2 1 4 0
46891941 2 1 4 1
46892663 8 1 3 0
46894075 294 0 1 1
46894537 38 0 1 0
46895281 8 1 3 1
46900213 0 1 4 0
46902831 0 1 4 1
46903553 16 1 1 0
46904965 38 0 1 1
46905427 294 0 1 0
46906171 16 1 1 1
46911103 2 1 4 0
46913721 2 1 4 1
46914443 8 1 3 0
46915855 294 0 1 1
46916317 38 0 1 0
46917061 8 1 3 1
46921993 0 1 4 0
46924611 0 1 4 1
46925333 16 1 1 0
46926745 38 0 1 1
46927207 294 0 1 0
46927951 16 1 1 1
46932883 2 1 4 0
46935501 2 1 4 1
46936223 8 1 3 0
46937635 294 0 1 1
46938097 38 0 1 0
46938841 8 1 3 1
46943773 0 1 4 0
46946391 0 1 4 1
46947113 16 1 1 0
46948525 38 0 1 1
46948987 294 0 1 0
46949731 16 1 1 1
46954663 2 1 4 0
46957281 2 1 4 1
46958003 8 1 3 0
46959415 294 0 1 1
46959877 38 0 1 0
46960621 8 1 3 1
46965553 0 1 4 0
46968171 0 1 4 1
46968893 16 1 1 0
46970305 38 0 1 1
46970767 294 0 1 0
46971511 16 1 1 1
46976443 2 1 4 0
46979061 2 1 4 1
46979783 8 1 3 0
46981195 294 0 1 1
46981657 38 0 1 0
46982401 8 1 3 1
46987333 0 1 4 0
46989951 0 1 4 1
46990673 16 1 1 0
46992085 38 0 1 1
46992547 294 0 1 0
46993291 16 1 1 1
46998223 2 1 4 0
47000841 2 1 4 1
47001563 8 1 3 0
47002975 294 0 1 1
47003437 38 0 1 0
47004181 8 1 3 1
47009113 0 1 4 0
47011731 0 1 4 1
47012453 16 1 1 0
47013865 38 0 1 1
47014327 294 0 1 0
47015071 16 1 1 1
47020003 2 1 4 0
47022621 2 1 4 1
47023343 8 1 3 0
47024755 294 0 1 1
47025217 38 0 1 0
47025961 8 1 3 1
47030893 0 1 4 0
47033511 0 1 4 1
47034233 16 1 1 0
47035645 38 0 1 1
47036107 294 0 1 0
47036851 16 1 1 1
47041783 2 1 4 0
47044401 2 1 4 1
47045123 8 1 3 0
47046535 294 0 1 1
47046997 38 0 1 0
47047741 8 1 3 1
47052673 0 1 4 0
47055291 0 1 4 1
47056013 16 1 1 0
47057425 38 0 1 1
47057887 294 0 1 0
47058631 16 1 1 1
47063563 2 1 4 0
47066181 2 1 4 1
47066903 8 1 3 0
47068315 294 0 1 1
47068777 38 0 1 0
47069521 8 1 3 1
47074453 0 1 4 0
47077071 0 1 4 1
47077793 16 1 1 0
47079205 38 0 1 1
47079667 294 0 1 0
47080411 16 1 1 1
47085343 2 1 4 0
47087961 2 1 4 1
47088683 8 1 3 0
47090095 294 0 1 1
47090557 38 0 1 0
47091301 8 1 3 1
47096233 0 1 4 0
47098851 0 1 4 1
47099573 16 1 1 0
47100985 38 0 1 1
47101447 294 0 1 0
47102191 16 1 1 1
47107123 2 1 4 0
47109741 2 1 4 1
47110463 8 1 3 0
47111875 294 0 1 1
47112337 38 0 1 0
47113081 8 1 3 1
47118013 0 1 4 0
47120631 0 1 4 1
47121353 16 1 1 0
47122765 38 0 1 1
47123227 294 0 1 0
47123971 16 1 1 1
47128903 2 1 4 0
47131521 2 1 4 1
47132243 8 1 3 0
47133655 294 0 1 1
47134117 38 0 1 0
47134861 8 1 3 1
47139793 0 1 4 0
47142411 0 1 4 1
47143133 16 1 1 0
47144545 38 0 1 1
47145007 294 0 1 0
47145751 16 1 1 1
47150683 2 1 4 0
47153301 2 1 4 1
47154023 8 1 3 0
47155435 294 0 1 1
47155897 38 0 1 0
47156641 8 1 3 1
47161573 0 1 4 0
47164191 0 1 4 1
47164913 16 1 1 0
47166325 38 0 1 1
47166787 294 0 1 0
47167531 16 1 1 1
47172463 2 1 4 0
47175081 2 1 4 1
47175803 8 1 3 0
47177215 294 0 1 1
47177677 38 0 1 0
47178421 8 1 3 1
47183353 0 1 4 0
47185971 0 1 4 1
47186693 16 1 1 0
47188105 38 0 1 1
47188567 294 0 1 0
47189311 16 1 1 1
47194243 2 1 4 0
47196861 2 1 4 1
47197583 8 1 3 0
47198995 294 0 1 1
47199457 38 0 1 0
47200201 8 1 3 1
47205133 0 1 4 0
47207751 0 1 4 1
47208473 16 1 1 0
47209885 38 0 1 1
47210347 294 0 1 0
47211091 16 1 1 1
47216023 2 1 4 0
47218641 2 1 4 1
47219363 8 1 3 0
47220775 294 0 1 1
47221237 38 0 1 0
47221981 8 1 3 1
47226913 0 1 4 0
47229531 0 1 4 1
47230253 16 1 1 0
47231665 38 0 1 1
47232127 294 0 1 0
47232871 16 1 1 1
47237803 2 1 4 0
47240421 2 1 4 1
47241143 8 1 3 0
47242555 294 0 1 1
47243017 38 0 1 0
47243761 8 1 3 1
47248693 0 1 4 0
47251311 0 1 4 1
47252033 16 1 1 0
47253445 38 0 1 1
47253907 294 0 1 0
47254651 16 1 1 1
47259583 2 1 4 0
47262201 2 1 4 1
47262923 8 1 3 0
47264335 294 0 1 1
47264797 38 0 1 0
47265541 8 1 3 1
47270473 0 1 4 0
47273091 0 1 4 1
47273813 16 1 1 0
47275225 38 0 1 1
47275687 294 0 1 0
47276431 16 1 1 1
47281363 2 1 4 0
47283981 2 1 4 1
47284703 8 1 3 0
47286115 294 0 1 1
47286577 38 0 1 0
47287321 8 1 3 1
47292253 0 1 4 0
47294871 0 1 4 1
47295593 16 1 1 0
47297005 38 0 1 1
47297467 294 0 1 0
47298211 16 1 1 1
47303143 2 1 4 0
47305761 2 1 4 1
47306483 8 1 3 0
47307895 294 0 1 1
47308357 38 0 1 0
47309101 8 1 3 1
47314033 0 1 4 0
47316651 0 1 4 1
47317373 16 1 1 0
47318785 38 0 1 1
47319247 294 0 1 0
47319991 16 1 1 1
47324923 2 1 4 0
47327541 2 1 4 1
47328263 8 1 3 0
47329675 294 0 1 1
47330137 38 0 1 0
47330881 8 1 3 1
47335813 0 1 4 0
47338431 0 1 4 1
47339153 16 1 1 0
47340565 38 0 1 1
47341027 294 0 1 0
47341771 16 1 1 1
47346703 2 1 4 0
47349321 2 1 4 1
47350043 8 1 3 0
47351455 294 0 1 1
47351917 38 0 1 0
47352661 8 1 3 1
47357593 0 1 4 0
47360211 0 1 4 1
47360933 16 1 1 0
47362345 38 0 1 1
47362807 294 0 1 0
47363551 16 1 1 1
47368483 2 1 4 0
47371101 2 1 4 1
47371823 8 1 3 0
47373235 294 0 1 1
47373697 38 0 1 0
47374441 8 1 3 1
47379373 0 1 4 0
47381991 0 1 4 1
47382713 16 1 1 0
47384125 38 0 1 1
47384587 294 0 1 0
47385331 16 1 1 1
47390263 2 1 4 0
47392881 2 1 4 1
47393603 8 1 3 0
47395015 294 0 1 1
47395477 38 0 1 0
47396221 8 1 3 1
47401153 0 1 4 0
47403771 0 1 4 1
47404493 16 1 1 0
47405905 38 0 1 1
47406367 294 0 1 0
47407111 16 1 1 1
47412043 2 1 4 0
47414661 2 1 4 1
47415383 8 1 3 0
47416795 294 0 1 1
47417257 38 0 1 0
47418001 8 1 3 1
47422933 0 1 4 0
47425551 0 1 4 1
47426273 16 1 1 0
47427685 38 0 1 1
47428147 294 0 1 0
47428891 16 1 1 1
47433823 2 1 4 0
47436441 2 1 4 1
47437163 8 1 3 0
47438575 294 0 1 1
47439037 38 0 1 0
47439781 8 1 3 1
47444713 0 1 4 0
47447331 0 1 4 1
47448053 16 1 1 0
47449465 38 0 1 1
47449927 294 0 1 0
47450671 16 1 1 1
47455603 2 1 4 0
47458221 2 1 4 1
47458943 8 1 3 0
47460355 294 0 1 1
47460817 38 0 1 0
47461561 8 1 3 1
47466493 0 1 4 0
47469111 0 1 4 1
47469833 16 1 1 0
47471245 38 0 1 1
47471707 294 0 1 0
47472451 16 1 1 1
47477383 2 1 4 0
47480001 2 1 4 1
47480723 8 1 3 0
47482135 294 0 1 1
47482597 38 0 1 0
47483341 8 1 3 1
47488273 0 1 4 0
47490891 0 1 4 1
47491613 16 1 1 0
47493025 38 0 1 1
47493487 294 0 1 0
47494231 16 1 1 1
47499163 2 1 4 0
47501781 2 1 4 1
47502503 8 1 3 0
47503915 294 0 1 1
47504377 38 0 1 0
47505121 8 1 3 1
47510053 0 1 4 0
47512671 0 1 4 1
47513393 16 1 1 0
47514805 38 0 1 1
47515267 294 0 1 0
47516011 16 1 1 1
47520943 2 1 4 0
47523561 2 1 4 1
47524283 8 1 3 0
47525695 294 0 1 1
47526157 38 0 1 0
47526901 8 1 3 1
47531833 0 1 4 0
47534451 0 1 4 1
47535173 16 1 1 0
47536585 38 0 1 1
47537047 294 0 1 0
47537791 16 1 1 1
47542723 2 1 4 0
47545341 2 1 4 1
47546063 8 1 3 0
47547475 294 0 1 1
47547937 38 0 1 0
47548681 8 1 3 1
47553613 0 1 4 0
47556231 0 1 4 1
47556953 16 1 1 0
47558365 38 0 1 1
47558827 294 0 1 0
47559571 16 1 1 1
47564503 2 1 4 0
47567121 2 1 4 1
47567843 8 1 3 0
47569255 294 0 1 1
47569717 38 0 1 0
47570461 8 1 3 1
47575393 0 1 4 0
47578011 0 1 4 1
47578733 16 1 1 0
47580145 38 0 1 1
47580607 294 0 1 0
47581351 16 1 1 1
47586283 2 1 4 0
47588901 2 1 4 1
47589623 8 1 3 0
47591035 294 0 1 1
47591497 38 0 1 0
47592241 8 1 3 1
47597173 0 1 4 0
47599791 0 1 4 1
47600513 16 1 1 0
47601925 38 0 1 1
47602387 294 0 1 0
47603131 16 1 1 1
47608063 2 1 4 0
47610681 2 1 4 1
47611403 8 1 3 0
47612815 294 0 1 1
47613277 38 0 1 0
47614021 8 1 3 1
47618953 0 1 4 0
47621571 0 1 4 1
47622293 16 1 1 0
47623705 38 0 1 1
47624167 294 0 1 0
47624911 16 1 1 1
47629843 2 1 4 0
47632461 2 1 4 1
47633183 8 1 3 0
47634595 294 0 1 1
47635057 38 0 1 0
47635801 8 1 3 1
47640733 0 1 4 0
47643351 0 1 4 1
47644073 16 1 1 0
47645485 38 0 1 1
47645947 294 0 1 0
47646691 16 1 1 1
47651623 2 1 4 0
47654241 2 1 4 1
47654963 8 1 3 0
47656375 294 0 1 1
47656837 38 0 1 0
47657581 8 1 3 1
47662513 0 1 4 0
47665131 0 1 4 1
47665853 16 1 1 0
47667265 38 0 1 1
47667727 294 0 1 0
47668471 16 1 1 1
47673403 2 1 4 0
47676021 2 1 4 1
47676743 8 1 3 0
47678155 294 0 1 1
47678617 38 0 1 0
47679361 8 1 3 1
47684293 0 1 4 0
47686911 0 1 4 1
47687633 16 1 1 0
47689045 38 0 1 1
47689507 294 0 1 0
47690251 16 1 1 1
47695183 2 1 4 0
47697801 2 1 4 1
47698523 8 1 3 0
47699935 294 0 1 1
47700397 38 0 1 0
47701141 8 1 3 1
47706073 0 1 4 0
47708691 0 1 4 1
47709413 16 1 1 0
47710825 38 0 1 1
47711287 294 0 1 0
47712031 16 1 1 1
47716963 2 1 4 0
47719581 2 1 4 1
47720303 8 1 3 0
47721715 294 0 1 1
47722177 38 0 1 0
47722921 8 1 3 1
47727853 0 1 4 0
47730471 0 1 4 1
47731193 16 1 1 0
47732605 38 0 1 1
47733067 294 0 1 0
47733811 16 1 1 1
47738743 2 1 4 0
47741361 2 1 4 1
47742083 8 1 3 0
47743495 294 0 1 1
47743957 38 0 1 0
47744701 8 1 3 1
47749633 0 1 4 0
47752251 0 1 4 1
47752973 16 1 1 0
47754385 38 0 1 1
47754847 294 0 1 0
47755591 16 1 1 1
47760523 2 1 4 0
47763141 2 1 4 1
47763863 8 1 3 0
47765275 294 0 1 1
47765737 38 0 1 0
47766481 8 1 3 1
47771413 0 1 4 0
47774031 0 1 4 1
47774753 16 1 1 0
47776165 38 0 1 1
47776627 294 0 1 0
47777371 16 1 1 1
47782303 2 1 4 0
47784921 2 1 4 1
47785643 8 1 3 0
47787055 294 0 1 1
47787517 38 0 1 0
47788261 8 1 3 1
47793193 0 1 4 0
47795811 0 1 4 1
47796533 16 1 1 0
47797945 38 0 1 1
47798407 294 0 1 0
47799151 16 1 1 1
47804083 2 1 4 0
47806701 2 1 4 1
47807423 8 1 3 0
47808835 294 0 1 1
47809297 38 0 1 0
47810041 8 1 3 1
47814973 0 1 4 0
47817591 0 1 4 1
47818313 16 1 1 0
47819725 38 0 1 1
47820187 294 0 1 0
47820931 16 1 1 1
47825863 2 1 4 0
47828481 2 1 4 1
47829203 8 1 3 0
47830615 294 0 1 1
47831077 38 0 1 0
47831821 8 1 3 1
47836753 0 1 4 0
47839371 0 1 4 1
47840093 16 1 1 0
47841505 38 0 1 1
47841967 294 0 1 0
47842711 16 1 1 1
47847643 2 1 4 0
47850261 2 1 4 1
47850983 8 1 3 0
47852395 294 0 1 1
47852857 38 0 1 0
47853601 8 1 3 1
47858533 0 1 4 0
47861151 0 1 4 1
47861873 16 1 1 0
47863285 38 0 1 1
47863747 294 0 1 0
47864491 16 1 1 1
47869423 2 1 4 0
47872041 2 1 4 1
47872763 8 1 3 0
47874175 294 0 1 1
47874637 38 0 1 0
47875381 8 1 3 1
47880313 0 1 4 0
47882931 0 1 4 1
47883653 16 1 1 0
47885065 38 0 1 1
47885527 294 0 1 0
47886271 16 1 1 1
47891203 2 1 4 0
47893821 2 1 4 1
47894543 8 1 3 0
47895955 294 0 1 1
47896417 38 0 1 0
47897161 8 1 3 1
47902093 0 1 4 0
47904711 0 1 4 1
47905433 16 1 1 0
47906845 38 0 1 1
47907307 294 0 1 0
47908051 16 1 1 1
47912983 2 1 4 0
47915601 2 1 4 1
47916323 8 1 3 0
47917735 294 0 1 1
47918197 38 0 1 0
47918941 8 1 3 1
47923873 0 1 4 0
47926491 0 1 4 1
47927213 16 1 1 0
47928625 38 0 1 1
47929087 294 0 1 0
47929831 16 1 1 1
47934763 2 1 4 0
47937381 2 1 4 1
47938103 8 1 3 0
47939515 294 0 1 1
47939977 38 0 1 0
47940721 8 1 3 1
47945653 0 1 4 0
47948271 0 1 4 1
47948993 16 1 1 0
47950405 38 0 1 1
47950867 294 0 1 0
47951611 16 1 1 1
47956543 2 1 4 0
47959161 2 1 4 1
47959883 8 1 3 0
47961295 294 0 1 1
47961757 38 0 1 0
47962501 8 1 3 1
47967433 0 1 4 0
47970051 0 1 4 1
47970773 16 1 1 0
47972185 38 0 1 1
47972647 294 0 1 0
47973391 16 1 1 1
47978323 2 1 4 0
47980941 2 1 4 1
47981663 8 1 3 0
47983075 294 0 1 1
47983537 38 0 1 0
47984281 8 1 3 1
47989213 0 1 4 0
47991831 0 1 4 1
47992553 16 1 1 0
47993965 38 0 1 1
47994427 294 0 1 0
47995171 16 1 1 1
48000103 2 1 4 0
48002721 2 1 4 1
48003443 8 1 3 0
48004855 294 0 1 1
48005317 38 0 1 0
48006061 8 1 3 1
48010993 0 1 4 0
48013611 0 1 4 1
48014333 16 1 1 0
48015745 38 0 1 1
48016207 294 0 1 0
48016951 16 1 1 1
48021883 2 1 4 0
48024501 2 1 4 1
48025223 8 1 3 0
48026635 294 0 1 1
48027097 38 0 1 0
48027841 8 1 3 1
48032773 0 1 4 0
48035391 0 1 4 1
48036113 16 1 1 0
48037525 38 0 1 1
48037987 294 0 1 0
48038731 16 1 1 1
48043663 2 1 4 0
48046281 2 1 4 1
48047003 8 1 3 0
48048415 294 0 1 1
48048877 38 0 1 0
48049621 8 1 3 1
48054553 0 1 4 0
48057171 0 1 4 1
48057893 16 1 1 0
48059305 38 0 1 1
48059767 294 0 1 0
48060511 16 1 1 1
48065443 2 1 4 0
48068061 2 1 4 1
48068783 8 1 3 0
48070195 294 0 1 1
48070657 38 0 1 0
48071401 8 1 3 1
48076333 0 1 4 0
48078951 0 1 4 1
48079673 16 1 1 0
48081085 38 0 1 1
48081547 294 0 1 0
48082291 16 1 1 1
48087223 2 1 4 0
48089841 2 1 4 1
48090563 8 1 3 0
48091975 294 0 1 1
48092437 38 0 1 0
48093181 8 1 3 1
48098113 0 1 4 0
48100731 0 1 4 1
48101453 16 1 1 0
48102865 38 0 1 1
48103327 294 0 1 0
48104071 16 1 1 1
48109003 2 1 4 0
48111621 2 1 4 1
48112343 8 1 3 0
48113755 294 0 1 1
48114217 38 0 1 0
48114961 8 1 3 1
48119893 0 1 4 0
48122511 0 1 4 1
48123233 16 1 1 0
48124645 38 0 1 1
48125107 294 0 1 0
48125851 16 1 1 1
48130783 2 1 4 0
48133401 2 1 4 1
48134123 8 1 3 0
48135535 294 0 1 1
48135997 38 0 1 0
48136741 8 1 3 1
48141673 0 1 4 0
48144291 0 1 4 1
48145013 16 1 1 0
48146425 38 0 1 1
48146887 294 0 1 0
48147631 16 1 1 1
48152563 2 1 4 0
48155181 2 1 4 1
48155903 8 1 3 0
48157315 294 0 1 1
48157777 38 0 1 0
48158521 8 1 3 1
48163453 0 1 4 0
48166071 0 1 4 1
48166793 16 1 1 0
48168205 38 0 1 1
48168667 294 0 1 0
48169411 16 1 1 1
48174343 2 1 4 0
48176961 2 1 4 1
48177683 8 1 3 0
48179095 294 0 1 1
48179557 38 0 1 0
48180301 8 1 3 1
48185233 0 1 4 0
48187851 0 1 4 1
48188573 16 1 1 0
48189985 38 0 1 1
48190447 294 0 1 0
48191191 16 1 1 1
48196123 2 1 4 0
48198741 2 1 4 1
48199463 8 1 3 0
48200875 294 0 1 1
48201337 38 0 1 0
48202081 8 1 3 1
48207013 0 1 4 0
48209631 0 1 4 1
48210353 16 1 1 0
48211765 38 0 1 1
48212227 294 0 1 0
48212971 16 1 1 1
48217903 2 1 4 0
48220521 2 1 4 1
48221243 8 1 3 0
48222655 294 0 1 1
48223117 38 0 1 0
48223861 8 1 3 1
48228793 0 1 4 0
48231411 0 1 4 1
48232133 16 1 1 0
48233545 38 0 1 1
48234007 294 0 1 0
48234751 16 1 1 1
48239683 2 1 4 0
48242301 2 1 4 1
48243023 8 1 3 0
48244435 294 0 1 1
48244897 38 0 1 0
48245641 8 1 3 1
48250573 0 1 4 0
48253191 0 1 4 1
48253913 16 1 1 0
48255325 38 0 1 1
48255787 294 0 1 0
48256531 16 1 1 1
48261463 2 1 4 0
48264081 2 1 4 1
48264803 8 1 3 0
48266215 294 0 1 1
48266677 38 0 1 0
48267421 8 1 3 1
48272353 0 1 4 0
48274971 0 1 4 1
48275693 16 1 1 0
48277105 38 0 1 1
48277567 294 0 1 0
48278311 16 1 1 1
48283243 2 1 4 0
48285861 2 1 4 1
48286583 8 1 3 0
48287995 294 0 1 1
48288457 38 0 1 0
48289201 8 1 3 1
48294133 0 1 4 0
48296751 0 1 4 1
48297473 16 1 1 0
48298885 38 0 1 1
48299347 294 0 1 0
48300091 16 1 1 1
48305023 2 1 4 0
48307641 2 1 4 1
48308363 8 1 3 0
48309775 294 0 1 1
48310237 38 0 1 0
48310981 8 1 3 1
48315913 0 1 4 0
48318531 0 1 4 1
48319253 16 1 1 0
48320665 38 0 1 1
48321127 294 0 1 0
48321871 16 1 1 1
48326803 2 1 4 0
48329421 2 1 4 1
48330143 8 1 3 0
48331555 294 0 1 1
48332017 38 0 1 0
48332761 8 1 3 1
48337693 0 1 4 0
48340311 0 1 4 1
48341033 16 1 1 0
48342445 38 0 1 1
48342907 294 0 1 0
48343651 16 1 1 1
48348583 2 1 4 0
48351201 2 1 4 1
48351923 8 1 3 0
48353335 294 0 1 1
48353797 38 0 1 0
48354541 8 1 3 1
48359473 0 1 4 0
48362091 0 1 4 1
48362813 16 1 1 0
48364225 38 0 1 1
48364687 294 0 1 0
48365431 16 1 1 1
48370363 2 1 4 0
48372981 2 1 4 1
48373703 8 1 3 0
48375115 294 0 1 1
48375577 38 0 1 0
48376321 8 1 3 1
48381253 0 1 4 0
48383871 0 1 4 1
48384593 16 1 1 0
48386005 38 0 1 1
48386467 294 0 1 0
48387211 16 1 1 1
48392143 2 1 4 0
48394761 2 1 4 1
48395483 8 1 3 0
48396895 294 0 1 1
48397357 38 0 1 0
48398101 8 1 3 1
48403033 0 1 4 0
48405651 0 1 4 1
48406373 16 1 1 0
48407785 38 0 1 1
48408247 294 0 1 0
48408991 16 1 1 1
48413923 2 1 4 0
48416541 2 1 4 1
48417263 8 1 3 0
48418675 294 0 1 1
48419137 38 0 1 0
48419881 8 1 3 1
48424813 0 1 4 0
48427431 0 1 4 1
48428153 16 1 1 0
48429565 38 0 1 1
48430027 294 0 1 0
48430771 16 1 1 1
48435703 2 1 4 0
48438321 2 1 4 1
48439043 8 1 3 0
48440455 294 0 1 1
48440917 38 0 1 0
48441661 8 1 3 1
48446593 0 1 4 0
48449211 0 1 4 1
48449933 16 1 1 0
48451345 38 0 1 1
48451807 294 0 1 0
48452551 16 1 1 1
48457483 2 1 4 0
48460101 2 1 4 1
48460823 8 1 3 0
48462235 294 0 1 1
48462697 38 0 1 0
48463441 8 1 3 1
48468373 0 1 4 0
48470991 0 1 4 1
48471713 16 1 1 0
48473125 38 0 1 1
48473587 294 0 1 0
48474331 16 1 1 1
48479263 2 1 4 0
48481881 2 1 4 1
48482603 8 1 3 0
48484015 294 0 1 1
48484477 38 0 1 0
48485221 8 1 3 1
48490153 0 1 4 0
48492771 0 1 4 1
48493493 16 1 1 0
48494905 38 0 1 1
48495367 294 0 1 0
48496111 16 1 1 1
48501043 2 1 4 0
48503661 2 1 4 1
48504383 8 1 3 0
48505795 294 0 1 1
48506257 38 0 1 0
48507001 8 1 3 1
48511933 0 1 4 0
48514551 0 1 4 1
48515273 16 1 1 0
48516685 38 0 1 1
48517147 294 0 1 0
48517891 16 1 1 1
48522823 2 1 4 0
48525441 2 1 4 1
48526163 8 1 3 0
48527575 294 0 1 1
48528037 38 0 1 0
48528781 8 1 3 1
48533713 0 1 4 0
48536331 0 1 4 1
48537053 16 1 1 0
48538465 38 0 1 1
48538927 294 0 1 0
48539671 16 1 1 1
48544603 2 1 4 0
48547713 2 1 4 1
48547943 8 1 3 0
48549355 294 0 1 1
48549817 38 0 1 0
48551053 8 1 3 1
48557473 0 1 4 0
48560214 0 1 4 1
48560813 16 1 1 0
48562225 38 0 1 1
48562687 294 0 1 0
48563554 16 1 1 1
48568858 2 1 4 0
48571722 2 1 4 1
48572198 8 1 3 0
48573610 294 0 1 1
48574072 38 0 1 0
48575062 8 1 3 1
48580738 0 1 4 0
48583356 0 1 4 1
48584078 16 1 1 0
48585490 38 0 1 1
48585952 294 0 1 0
48586696 16 1 1 1
48591628 2 1 4 0
48594246 2 1 4 1
48594968 8 1 3 0
48596380 294 0 1 1
48596842 38 0 1 0
48597586 8 1 3 1
48602518 0 1 4 0
48605259 0 1 4 1
48605858 16 1 1 0
48607270 38 0 1 1
48607732 294 0 1 0
48608599 16 1 1 1
48613903 2 1 4 0
48616521 2 1 4 1
48617243 8 1 3 0
48618655 294 0 1 1
48619117 38 0 1 0
48619861 8 1 3 1
48624793 0 1 4 0
48627534 0 1 4 1
48628133 16 1 1 0
48629545 38 0 1 1
48630007 294 0 1 0
48630874 16 1 1 1
48636178 2 1 4 0
48638796 2 1 4 1
48639518 8 1 3 0
48640930 294 0 1 1
48641392 38 0 1 0
48642136 8 1 3 1
48647068 0 1 4 0
48649932 0 1 4 1
48650408 16 1 1 0
48651820 38 0 1 1
48652282 294 0 1 0
48653272 16 1 1 1
48658948 2 1 4 0
48661566 2 1 4 1
48662288 8 1 3 0
48663700 294 0 1 1
48664162 38 0 1 0
48664906 8 1 3 1
48669838 0 1 4 0
48672579 0 1 4 1
48673178 16 1 1 0
48674590 38 0 1 1
48675052 294 0 1 0
48675919 16 1 1 1
48681223 2 1 4 0
48683841 2 1 4 1
48684563 8 1 3 0
48685975 294 0 1 1
48686437 38 0 1 0
48687181 8 1 3 1
48692113 0 1 4 0
48694731 0 1 4 1
48695453 16 1 1 0
48696865 38 0 1 1
48697327 294 0 1 0
48698071 16 1 1 1
48703003 2 1 4 0
48705621 2 1 4 1
48706343 8 1 3 0
48707755 294 0 1 1
48708217 38 0 1 0
48708961 8 1 3 1
48713893 0 1 4 0
48716511 0 1 4 1
48717233 16 1 1 0
48718645 38 0 1 1
48719107 294 0 1 0
48719851 16 1 1 1
48724783 2 1 4 0
48727401 2 1 4 1
48728123 8 1 3 0
48729535 294 0 1 1
48729997 38 0 1 0
48730741 8 1 3 1
48735673 0 1 4 0
48738291 0 1 4 1
48739013 16 1 1 0
48740425 38 0 1 1
48740887 294 0 1 0
48741631 16 1 1 1
48746563 2 1 4 0
48749181 2 1 4 1
48749903 8 1 3 0
48751315 294 0 1 1
48751777 38 0 1 0
48752521 8 1 3 1
48757453 0 1 4 0
48760071 0 1 4 1
48760793 16 1 1 0
48762205 38 0 1 1
48762667 294 0 1 0
48763411 16 1 1 1
48768343 2 1 4 0
48770961 2 1 4 1
48771683 8 1 3 0
48773095 294 0 1 1
48773557 38 0 1 0
48774301 8 1 3 1
48779233 0 1 4 0
48781851 0 1 4 1
48782573 16 1 1 0
48783985 38 0 1 1
48784447 294 0 1 0
48785191 16 1 1 1
48790123 2 1 4 0
48792741 2 1 4 1
48793463 8 1 3 0
48794875 294 0 1 1
48795337 38 0 1 0
48796081 8 1 3 1
48801013 0 1 4 0
48803631 0 1 4 1
48804353 16 1 1 0
48805765 38 0 1 1
48806227 294 0 1 0
48806971 16 1 1 1
48811903 2 1 4 0
48814521 2 1 4 1
48815243 8 1 3 0
48816655 294 0 1 1
48817117 38 0 1 0
48817861 8 1 3 1
48822793 0 1 4 0
48825411 0 1 4 1
48826133 16 1 1 0
48827545 38 0 1 1
48828007 294 0 1 0
48828751 16 1 1 1
48833683 2 1 4 0
48836301 2 1 4 1
48837023 8 1 3 0
48838435 294 0 1 1
48838897 38 0 1 0
48839641 8 1 3 1
48844573 0 1 4 0
48847191 0 1 4 1
48847913 16 1 1 0
48849325 38 0 1 1
48849787 294 0 1 0
48850531 16 1 1 1
48855463 2 1 4 0
48858081 2 1 4 1
48858803 8 1 3 0
48860215 294 0 1 1
48860677 38 0 1 0
48861421 8 1 3 1
48866353 0 1 4 0
48868971 0 1 4 1
48869693 16 1 1 0
48871105 38 0 1 1
48871567 294 0 1 0
48872311 16 1 1 1
48877243 2 1 4 0
48879861 2 1 4 1
48880583 8 1 3 0
48881995 294 0 1 1
48882457 38 0 1 0
48883201 8 1 3 1
48888133 0 1 4 0
48890751 0 1 4 1
48891473 16 1 1 0
48892885 38 0 1 1
48893347 294 0 1 0
48894091 16 1 1 1
48899023 2 1 4 0
48901641 2 1 4 1
48902363 8 1 3 0
48903775 294 0 1 1
48904237 38 0 1 0
48904981 8 1 3 1
48909913 0 1 4 0
48912531 0 1 4 1
48913253 16 1 1 0
48914665 38 0 1 1
48915127 294 0 1 0
48915871 16 1 1 1
48920803 2 1 4 0
48923421 2 1 4 1
48924143 8 1 3 0
48925555 294 0 1 1
48926017 38 0 1 0
48926761 8 1 3 1
48931693 0 1 4 0
48934311 0 1 4 1
48935033 16 1 1 0
48936445 38 0 1 1
48936907 294 0 1 0
48937651 16 1 1 1
48942583 2 1 4 0
48945201 2 1 4 1
48945923 8 1 3 0
48947335 294 0 1 1
48947797 38 0 1 0
48948541 8 1 3 1
48953473 0 1 4 0
48956091 0 1 4 1
48956813 16 1 1 0
48958225 38 0 1 1
48958687 294 0 1 0
48959431 16 1 1 1
48964363 2 1 4 0
48966981 2 1 4 1
48967703 8 1 3 0
48969115 294 0 1 1
48969577 38 0 1 0
48970321 8 1 3 1
48975253 0 1 4 0
48977871 0 1 4 1
48978593 16 1 1 0
48980005 38 0 1 1
48980467 294 0 1 0
48981211 16 1 1 1
48986143 2 1 4 0
48988761 2 1 4 1
48989483 8 1 3 0
48990895 294 0 1 1
48991357 38 0 1 0
48992101 8 1 3 1
48997033 0 1 4 0
48999651 0 1 4 1
49000373 16 1 1 0
49001785 38 0 1 1
49002247 294 0 1 0
49002991 16 1 1 1
49007923 2 1 4 0
49010541 2 1 4 1
49011263 8 1 3 0
49012675 294 0 1 1
49013137 38 0 1 0
49013881 8 1 3 1
49018813 0 1 4 0
49021431 0 1 4 1
49022153 16 1 1 0
49023565 38 0 1 1
49024027 294 0 1 0
49024771 16 1 1 1
49029703 2 1 4 0
49032321 2 1 4 1
49033043 8 1 3 0
49034455 294 0 1 1
49034917 38 0 1 0
49035661 8 1 3 1
49040593 0 1 4 0
49043211 0 1 4 1
49043933 16 1 1 0
49045345 38 0 1 1
49045807 294 0 1 0
49046551 16 1 1 1
49051483 2 1 4 0
49054101 2 1 4 1
49054823 8 1 3 0
49056235 294 0 1 1
49056697 38 0 1 0
49057441 8 1 3 1
49062373 0 1 4 0
49064991 0 1 4 1
49065713 16 1 1 0
49067125 38 0 1 1
49067587 294 0 1 0
49068331 16 1 1 1
49073263 2 1 4 0
49075881 2 1 4 1
49076603 8 1 3 0
49078015 294 0 1 1
49078477 38 0 1 0
49079221 8 1 3 1
49084153 0 1 4 0
49086771 0 1 4 1
49087493 16 1 1 0
49088905 38 0 1 1
49089367 294 0 1 0
49090111 16 1 1 1
49095043 2 1 4 0
49097661 2 1 4 1
49098383 8 1 3 0
49099795 294 0 1 1
49100257 38 0 1 0
49101001 8 1 3 1
49105933 0 1 4 0
49108551 0 1 4 1
49109273 16 1 1 0
49110685 38 0 1 1
49111147 294 0 1 0
49111891 16 1 1 1
49116823 2 1 4 0
49119441 2 1 4 1
49120163 8 1 3 0
49121575 294 0 1 1
49122037 38 0 1 0
49122781 8 1 3 1
49127713 0 1 4 0
49130331 0 1 4 1
49131053 16 1 1 0
49132465 38 0 1 1
49132927 294 0 1 0
49133671 16 1 1 1
49138603 2 1 4 0
49141221 2 1 4 1
49141943 8 1 3 0
49143355 294 0 1 1
49143817 38 0 1 0
49144561 8 1 3 1
49149493 0 1 4 0
49152111 0 1 4 1
49152833 16 1 1 0
49154245 38 0 1 1
49154707 294 0 1 0
49155451 16 1 1 1
49160383 2 1 4 0
49163001 2 1 4 1
49163723 8 1 3 0
49165135 294 0 1 1
49165597 38 0 1 0
49166341 8 1 3 1
49171273 0 1 4 0
49173891 0 1 4 1
49174613 16 1 1 0
49176025 38 0 1 1
49176487 294 0 1 0
49177231 16 1 1 1
49182163 2 1 4 0
49184781 2 1 4 1
49185503 8 1 3 0
49186915 294 0 1 1
49187377 38 0 1 0
49188121 8 1 3 1
49193053 0 1 4 0
49195671 0 1 4 1
49196393 16 1 1 0
49197805 38 0 1 1
49198267 294 0 1 0
49199011 16 1 1 1
49203943 2 1 4 0
49206561 2 1 4 1
49207283 8 1 3 0
49208695 294 0 1 1
49209157 38 0 1 0
49209901 8 1 3 1
49214833 0 1 4 0
49217451 0 1 4 1
49218173 16 1 1 0
49219585 38 0 1 1
49220047 294 0 1 0
49220791 16 1 1 1
49225723 2 1 4 0
49228341 2 1 4 1
49229063 8 1 3 0
49230475 294 0 1 1
49230937 38 0 1 0
49231681 8 1 3 1
49236613 0 1 4 0
49239231 0 1 4 1
49239953 16 1 1 0
49241365 38 0 1 1
49241827 294 0 1 0
49242571 16 1 1 1
49247503 2 1 4 0
49250121 2 1 4 1
49250843 8 1 3 0
49252255 294 0 1 1
49252717 38 0 1 0
49253461 8 1 3 1
49258393 0 1 4 0
49261011 0 1 4 1
49261733 16 1 1 0
49263145 38 0 1 1
49263607 294 0 1 0
49264351 16 1 1 1
49269283 2 1 4 0
49271901 2 1 4 1
49272623 8 1 3 0
49274035 294 0 1 1
49274497 38 0 1 0
49275241 8 1 3 1
49280173 0 1 4 0
49282791 0 1 4 1
49283513 16 1 1 0
49284925 38 0 1 1
49285387 294 0 1 0
49286131 16 1 1 1
49291063 2 1 4 0
49293681 2 1 4 1
49294403 8 1 3 0
49295815 294 0 1 1
49296277 38 0 1 0
49297021 8 1 3 1
49301953 0 1 4 0
49304571 0 1 4 1
49305293 16 1 1 0
49306705 38 0 1 1
49307167 294 0 1 0
49307911 16 1 1 1
49312843 2 1 4 0
49315461 2 1 4 1
49316183 8 1 3 0
49317595 294 0 1 1
49318057 38 0 1 0
49318801 8 1 3 1
49323733 0 1 4 0
49326351 0 1 4 1
49327073 16 1 1 0
49328485 38 0 1 1
49328947 294 0 1 0
49329691 16 1 1 1
49334623 2 1 4 0
49337241 2 1 4 1
49337963 8 1 3 0
49339375 294 0 1 1
49339837 38 0 1 0
49340581 8 1 3 1
49345513 0 1 4 0
49348131 0 1 4 1
49348853 16 1 1 0
49350265 38 0 1 1
49350727 294 0 1 0
49351471 16 1 1 1
49356403 2 1 4 0
49359021 2 1 4 1
49359743 8 1 3 0
49361155 294 0 1 1
49361617 38 0 1 0
49362361 8 1 3 1
49367293 0 1 4 0
49369911 0 1 4 1
49370633 16 1 1 0
49372045 38 0 1 1
49372507 294 0 1 0
49373251 16 1 1 1
49378183 2 1 4 0
49380801 2 1 4 1
49381523 8 1 3 0
49382935 294 0 1 1
49383397 38 0 1 0
49384141 8 1 3 1
49389073 0 1 4 0
49391691 0 1 4 1
49392413 16 1 1 0
49393825 38 0 1 1
49394287 294 0 1 0
49395031 16 1 1 1
49399963 2 1 4 0
49402581 2 1 4 1
49403303 8 1 3 0
49404715 294 0 1 1
49405177 38 0 1 0
49405921 8 1 3 1
49410853 0 1 4 0
49413471 0 1 4 1
49414193 16 1 1 0
49415605 38 0 1 1
49416067 294 0 1 0
49416811 16 1 1 1
49421743 2 1 4 0
49424361 2 1 4 1
49425083 8 1 3 0
49426495 294 0 1 1
49426957 38 0 1 0
49427701 8 1 3 1
49432633 0 1 4 0
49435251 0 1 4 1
49435973 16 1 1 0
49437385 38 0 1 1
49437847 294 0 1 0
49438591 16 1 1 1
49443523 2 1 4 0
49446141 2 1 4 1
49446863 8 1 3 0
49448275 294 0 1 1
49448737 38 0 1 0
49449481 8 1 3 1
49454413 0 1 4 0
49457031 0 1 4 1
49457753 16 1 1 0
49459165 38 0 1 1
49459627 294 0 1 0
49460371 16 1 1 1
49465303 2 1 4 0
49467921 2 1 4 1
49468643 8 1 3 0
49470055 294 0 1 1
49470517 38 0 1 0
49471261 8 1 3 1
49476193 0 1 4 0
49478811 0 1 4 1
49479533 16 1 1 0
49480945 38 0 1 1
49481407 294 0 1 0
49482151 16 1 1 1
49487083 2 1 4 0
49489701 2 1 4 1
49490423 8 1 3 0
49491835 294 0 1 1
49492297 38 0 1 0
49493041 8 1 3 1
49497973 0 1 4 0
49500591 0 1 4 1
49501313 16 1 1 0
49502725 38 0 1 1
49503187 294 0 1 0
49503931 16 1 1 1
49508863 2 1 4 0
49511481 2 1 4 1
49512203 8 1 3 0
49513615 294 0 1 1
49514077 38 0 1 0
49514821 8 1 3 1
49519753 0 1 4 0
49522371 0 1 4 1
49523093 16 1 1 0
49524505 38 0 1 1
49524967 294 0 1 0
49525711 16 1 1 1
49530643 2 1 4 0
49533261 2 1 4 1
49533983 8 1 3 0
49535395 294 0 1 1
49535857 38 0 1 0
49536601 8 1 3 1
49541533 0 1 4 0
49544151 0 1 4 1
49544873 16 1 1 0
49546285 38 0 1 1
49546747 294 0 1 0
49547491 16 1 1 1
49552423 2 1 4 0
49555041 2 1 4 1
49555763 8 1 3 0
49557175 294 0 1 1
49557637 38 0 1 0
49558381 8 1 3 1
49563313 0 1 4 0
49565931 0 1 4 1
49566653 16 1 1 0
49568065 38 0 1 1
49568527 294 0 1 0
49569271 16 1 1 1
49574203 2 1 4 0
49576821 2 1 4 1
49577543 8 1 3 0
49578955 294 0 1 1
49579417 38 0 1 0
49580161 8 1 3 1
49585093 0 1 4 0
49587711 0 1 4 1
49588433 16 1 1 0
49589845 38 0 1 1
49590307 294 0 1 0
49591051 16 1 1 1
49595983 2 1 4 0
49598601 2 1 4 1
49599323 8 1 3 0
49600735 294 0 1 1
49601197 38 0 1 0
49601941 8 1 3 1
49606873 0 1 4 0
49609491 0 1 4 1
49610213 16 1 1 0
49611625 38 0 1 1
49612087 294 0 1 0
49612831 16 1 1 1
49617763 2 1 4 0
49620381 2 1 4 1
49621103 8 1 3 0
49622515 294 0 1 1
49622977 38 0 1 0
49623721 8 1 3 1
49628653 0 1 4 0
49631271 0 1 4 1
49631993 16 1 1 0
49633405 38 0 1 1
49633867 294 0 1 0
49634611 16 1 1 1
49639543 2 1 4 0
49642161 2 1 4 1
49642883 8 1 3 0
49644295 294 0 1 1
49644757 38 0 1 0
49645501 8 1 3 1
49650433 0 1 4 0
49653051 0 1 4 1
49653773 16 1 1 0
49655185 38 0 1 1
49655647 294 0 1 0
49656391 16 1 1 1
49661323 2 1 4 0
49663941 2 1 4 1
49664663 8 1 3 0
49666075 294 0 1 1
49666537 38 0 1 0
49667281 8 1 3 1
49672213 0 1 4 0
49674831 0 1 4 1
49675553 16 1 1 0
49676965 38 0 1 1
49677427 294 0 1 0
49678171 16 1 1 1
49683103 2 1 4 0
49685721 2 1 4 1
49686443 8 1 3 0
49687855 294 0 1 1
49688317 38 0 1 0
49689061 8 1 3 1
49693993 0 1 4 0
49696611 0 1 4 1
49697333 16 1 1 0
49698745 38 0 1 1
49699207 294 0 1 0
49699951 16 1 1 1
49704883 2 1 4 0
49707501 2 1 4 1
49708223 8 1 3 0
49709635 294 0 1 1
49710097 38 0 1 0
49710841 8 1 3 1
49715773 0 1 4 0
49718391 0 1 4 1
49719113 16 1 1 0
49720525 38 0 1 1
49720987 294 0 1 0
49721731 16 1 1 1
49726663 2 1 4 0
49729281 2 1 4 1
49730003 8 1 3 0
49731415 294 0 1 1
49731877 38 0 1 0
49732621 8 1 3 1
49737553 0 1 4 0
49740171 0 1 4 1
49740893 16 1 1 0
49742305 38 0 1 1
49742767 294 0 1 0
49743511 16 1 1 1
49748443 2 1 4 0
49751061 2 1 4 1
49751783 8 1 3 0
49753195 294 0 1 1
49753657 38 0 1 0
49754401 8 1 3 1
49759333 0 1 4 0
49761951 0 1 4 1
49762673 16 1 1 0
49764085 38 0 1 1
49764547 294 0 1 0
49765291 16 1 1 1
49770223 2 1 4 0
49772841 2 1 4 1
49773563 8 1 3 0
49774975 294 0 1 1
49775437 38 0 1 0
49776181 8 1 3 1
49781113 0 1 4 0
49783731 0 1 4 1
49784453 16 1 1 0
49785865 38 0 1 1
49786327 294 0 1 0
49787071 16 1 1 1
49792003 2 1 4 0
49794621 2 1 4 1
49795343 8 1 3 0
49796755 294 0 1 1
49797217 38 0 1 0
49797961 8 1 3 1
49802893 0 1 4 0
49805511 0 1 4 1
49806233 16 1 1 0
49807645 38 0 1 1
49808107 294 0 1 0
49808851 16 1 1 1
49813783 2 1 4 0
49816401 2 1 4 1
49817123 8 1 3 0
49818535 294 0 1 1
49818997 38 0 1 0
49819741 8 1 3 1
49824673 0 1 4 0
49827291 0 1 4 1
49828013 16 1 1 0
49829425 38 0 1 1
49829887 294 0 1 0
49830631 16 1 1 1
49835563 2 1 4 0
49838181 2 1 4 1
49838903 8 1 3 0
49840315 294 0 1 1
49840777 38 0 1 0
49841521 8 1 3 1
49846453 0 1 4 0
49849071 0 1 4 1
49849793 16 1 1 0
49851205 38 0 1 1
49851667 294 0 1 0
49852411 16 1 1 1
49857343 2 1 4 0
49859961 2 1 4 1
49860683 8 1 3 0
49862095 294 0 1 1
49862557 38 0 1 0
49863301 8 1 3 1
49868233 0 1 4 0
49870851 0 1 4 1
49871573 16 1 1 0
49872985 38 0 1 1
49873447 294 0 1 0
49874191 16 1 1 1
49879123 2 1 4 0
49881741 2 1 4 1
49882463 8 1 3 0
49883875 294 0 1 1
49884337 38 0 1 0
49885081 8 1 3 1
49890013 0 1 4 0
49892631 0 1 4 1
49893353 16 1 1 0
49894765 38 0 1 1
49895227 294 0 1 0
49895971 16 1 1 1
49900903 2 1 4 0
49903521 2 1 4 1
49904243 8 1 3 0
49905655 294 0 1 1
49906117 38 0 1 0
49906861 8 1 3 1
49911793 0 1 4 0
49914411 0 1 4 1
49915133 16 1 1 0
49916545 38 0 1 1
49917007 294 0 1 0
49917751 16 1 1 1
49922683 2 1 4 0
49925301 2 1 4 1
49926023 8 1 3 0
49927435 294 0 1 1
49927897 38 0 1 0
49928641 8 1 3 1
49933573 0 1 4 0
49936191 0 1 4 1
49936913 16 1 1 0
49938325 38 0 1 1
49938787 294 0 1 0
49939531 16 1 1 1
49944463 2 1 4 0
49947081 2 1 4 1
49947803 8 1 3 0
49949215 294 0 1 1
49949677 38 0 1 0
49950421 8 1 3 1
49955353 0 1 4 0
49957971 0 1 4 1
49958693 16 1 1 0
49960105 38 0 1 1
49960567 294 0 1 0
49961311 16 1 1 1
49966243 2 1 4 0
49968861 2 1 4 1
49969583 8 1 3 0
49970995 294 0 1 1
49971457 38 0 1 0
49972201 8 1 3 1
49977133 0 1 4 0
49979751 0 1 4 1
49980473 16 1 1 0
49981885 38 0 1 1
49982347 294 0 1 0
49983091 16 1 1 1
49988023 2 1 4 0
49990641 2 1 4 1
49991363 8 1 3 0
49992775 294 0 1 1
49993237 38 0 1 0
49993981 8 1 3 1
49998913 0 1 4 0
50001531 0 1 4 1
50002253 16 1 1 0
50003665 38 0 1 1
50004127 294 0 1 0
50004871 16 1 1 1
50009803 2 1 4 0
50012421 2 1 4 1
50013143 8 1 3 0
50014555 294 0 1 1
50015017 38 0 1 0
50015761 8 1 3 1
50020693 0 1 4 0
50023311 0 1 4 1
50024033 16 1 1 0
50025445 38 0 1 1
50025907 294 0 1 0
50026651 16 1 1 1
50031583 2 1 4 0
50034201 2 1 4 1
50034923 8 1 3 0
50036335 294 0 1 1
50036797 38 0 1 0
50037541 8 1 3 1
50042473 0 1 4 0
50045091 0 1 4 1
50045813 16 1 1 0
50047225 38 0 1 1
50047687 294 0 1 0
50048431 16 1 1 1
50053363 2 1 4 0
50055981 2 1 4 1
50056703 8 1 3 0
50058115 294 0 1 1
50058577 38 0 1 0
50059321 8 1 3 1
50064253 0 1 4 0
50066871 0 1 4 1
50067593 16 1 1 0
50069005 38 0 1 1
50069467 294 0 1 0
50070211 16 1 1 1
50075143 2 1 4 0
50077761 2 1 4 1
50078483 8 1 3 0
50079895 294 0 1 1
50080357 38 0 1 0
50081101 8 1 3 1
50086033 0 1 4 0
50088651 0 1 4 1
50089373 16 1 1 0
50090785 38 0 1 1
50091247 294 0 1 0
50091991 16 1 1 1
50096923 2 1 4 0
50099541 2 1 4 1
50100263 8 1 3 0
50101675 294 0 1 1
50102137 38 0 1 0
50102881 8 1 3 1
50107813 0 1 4 0
50110431 0 1 4 1
50111153 16 1 1 0
50112565 38 0 1 1
50113027 294 0 1 0
50113771 16 1 1 1
50118703 2 1 4 0
50121321 2 1 4 1
50122043 8 1 3 0
50123455 294 0 1 1
50123917 38 0 1 0
50124661 8 1 3 1
50129593 0 1 4 0
50132211 0 1 4 1
50132933 16 1 1 0
50134345 38 0 1 1
50134807 294 0 1 0
50135551 16 1 1 1
50140483 2 1 4 0
50143101 2 1 4 1
50143823 8 1 3 0
50145235 294 0 1 1
50145697 38 0 1 0
50146441 8 1 3 1
50151373 0 1 4 0
50153991 0 1 4 1
50154713 16 1 1 0
50156125 38 0 1 1
50156587 294 0 1 0
50157331 16 1 1 1
50162263 2 1 4 0
50164881 2 1 4 1
50165603 8 1 3 0
50167015 294 0 1 1
50167477 38 0 1 0
50168221 8 1 3 1
50173153 0 1 4 0
50175771 0 1 4 1
50176493 16 1 1 0
50177905 38 0 1 1
50178367 294 0 1 0
50179111 16 1 1 1
50184043 2 1 4 0
50186661 2 1 4 1
50187383 8 1 3 0
50188795 294 0 1 1
50189257 38 0 1 0
50190001 8 1 3 1
50194933 0 1 4 0
50197551 0 1 4 1
50198273 16 1 1 0
50199685 38 0 1 1
50200147 294 0 1 0
50200891 16 1 1 1
50205823 2 1 4 0
50208441 2 1 4 1
50209163 8 1 3 0
50210575 294 0 1 1
50211037 38 0 1 0
50211781 8 1 3 1
50216713 0 1 4 0
50219331 0 1 4 1
50220053 16 1 1 0
50221465 38 0 1 1
50221927 294 0 1 0
50222671 16 1 1 1
50227603 2 1 4 0
50230221 2 1 4 1
50230943 8 1 3 0
50232355 294 0 1 1
50232817 38 0 1 0
50233561 8 1 3 1
50238493 0 1 4 0
50241111 0 1 4 1
50241833 16 1 1 0
50243245 38 0 1 1
50243707 294 0 1 0
50244451 16 1 1 1
50249383 2 1 4 0
50252001 2 1 4 1
50252723 8 1 3 0
50254135 294 0 1 1
50254597 38 0 1 0
50255341 8 1 3 1
50260273 0 1 4 0
50262891 0 1 4 1
50263613 16 1 1 0
50265025 38 0 1 1
50265487 294 0 1 0
50266231 16 1 1 1
50271163 2 1 4 0
50273781 2 1 4 1
50274503 8 1 3 0
50275915 294 0 1 1
50276377 38 0 1 0
50277121 8 1 3 1
50282053 0 1 4 0
50284671 0 1 4 1
50285393 16 1 1 0
50286805 38 0 1 1
50287267 294 0 1 0
50288011 16 1 1 1
50292943 2 1 4 0
50295561 2 1 4 1
50296283 8 1 3 0
50297695 294 0 1 1
50298157 38 0 1 0
50298901 8 1 3 1
50303833 0 1 4 0
50306451 0 1 4 1
50307173 16 1 1 0
50308585 38 0 1 1
50309047 294 0 1 0
50309791 16 1 1 1
50314723 2 1 4 0
50317341 2 1 4 1
50318063 8 1 3 0
50319475 294 0 1 1
50319937 38 0 1 0
50320681 8 1 3 1
50325613 0 1 4 0
50328231 0 1 4 1
50328953 16 1 1 0
50330365 38 0 1 1
50330827 294 0 1 0
50331571 16 1 1 1
50336503 2 1 4 0
50339121 2 1 4 1
50339843 8 1 3 0
50341255 294 0 1 1
50341717 38 0 1 0
50342461 8 1 3 1
50347393 0 1 4 0
50350011 0 1 4 1
50350733 16 1 1 0
50352145 38 0 1 1
50352607 294 0 1 0
50353351 16 1 1 1
50358283 2 1 4 0
50360901 2 1 4 1
50361623 8 1 3 0
50363035 294 0 1 1
50363497 38 0 1 0
50364241 8 1 3 1
50369173 0 1 4 0
50371791 0 1 4 1
50372513 16 1 1 0
50373925 38 0 1 1
50374387 294 0 1 0
50375131 16 1 1 1
50380063 2 1 4 0
50382681 2 1 4 1
50383403 8 1 3 0
50384815 294 0 1 1
50385277 38 0 1 0
50386021 8 1 3 1
50390953 0 1 4 0
50393571 0 1 4 1
50394293 16 1 1 0
50395705 38 0 1 1
50396167 294 0 1 0
50396911 16 1 1 1
50401843 2 1 4 0
50404461 2 1 4 1
50405183 8 1 3 0
50406595 294 0 1 1
50407057 38 0 1 0
50407801 8 1 3 1
50412733 0 1 4 0
50415351 0 1 4 1
50416073 16 1 1 0
50417485 38 0 1 1
50417947 294 0 1 0
50418691 16 1 1 1
50423623 2 1 4 0
50426241 2 1 4 1
50426963 8 1 3 0
50428375 294 0 1 1
50428837 38 0 1 0
50429581 8 1 3 1
50434513 0 1 4 0
50437131 0 1 4 1
50437853 16 1 1 0
50439265 38 0 1 1
50439727 294 0 1 0
50440471 16 1 1 1
50445403 2 1 4 0
50448021 2 1 4 1
50448743 8 1 3 0
50450155 294 0 1 1
50450617 38 0 1 0
50451361 8 1 3 1
50456293 0 1 4 0
50458911 0 1 4 1
50459633 16 1 1 0
50461045 38 0 1 1
50461507 294 0 1 0
50462251 16 1 1 1
50467183 2 1 4 0
50469801 2 1 4 1
50470523 8 1 3 0
50471935 294 0 1 1
50472397 38 0 1 0
50473141 8 1 3 1
50478073 0 1 4 0
50480691 0 1 4 1
50481413 16 1 1 0
50482825 38 0 1 1
50483287 294 0 1 0
50484031 16 1 1 1
50488963 2 1 4 0
50491581 2 1 4 1
50492303 8 1 3 0
50493715 294 0 1 1
50494177 38 0 1 0
50494921 8 1 3 1
50499853 0 1 4 0
50502471 0 1 4 1
50503193 16 1 1 0
50504605 38 0 1 1
50505067 294 0 1 0
50505811 16 1 1 1
50510743 2 1 4 0
50513361 2 1 4 1
50514083 8 1 3 0
50515495 294 0 1 1
50515957 38 0 1 0
50516701 8 1 3 1
50521633 0 1 4 0
50524251 0 1 4 1
50524973 16 1 1 0
50526385 38 0 1 1
50526847 294 0 1 0
50527591 16 1 1 1
50532523 2 1 4 0
50535141 2 1 4 1
50535863 8 1 3 0
50537275 294 0 1 1
50537737 38 0 1 0
50538481 8 1 3 1
50543413 0 1 4 0
50546031 0 1 4 1
50546753 16 1 1 0
50548165 38 0 1 1
50548627 294 0 1 0
50549371 16 1 1 1
50554303 2 1 4 0
50556921 2 1 4 1
50557643 8 1 3 0
50559055 294 0 1 1
50559517 38 0 1 0
50560261 8 1 3 1
50565193 0 1 4 0
50567811 0 1 4 1
50568533 16 1 1 0
50569945 38 0 1 1
50570407 294 0 1 0
50571151 16 1 1 1
50576083 2 1 4 0
50578701 2 1 4 1
50579423 8 1 3 0
50580835 294 0 1 1
50581297 38 0 1 0
50582041 8 1 3 1
50586973 0 1 4 0
50589591 0 1 4 1
50590313 16 1 1 0
50591725 38 0 1 1
50592187 294 0 1 0
50592931 16 1 1 1
50597863 2 1 4 0
50600481 2 1 4 1
50601203 8 1 3 0
50602615 294 0 1 1
50603077 38 0 1 0
50603821 8 1 3 1
50608753 0 1 4 0
50611371 0 1 4 1
50612093 16 1 1 0
50613505 38 0 1 1
50613967 294 0 1 0
50614711 16 1 1 1
50619643 2 1 4 0
50622261 2 1 4 1
50622983 8 1 3 0
50624395 294 0 1 1
50624857 38 0 1 0
50625601 8 1 3 1
50630533 0 1 4 0
50633151 0 1 4 1
50633873 16 1 1 0
50635285 38 0 1 1
50635747 294 0 1 0
50636491 16 1 1 1
50641423 2 1 4 0
50644041 2 1 4 1
50644763 8 1 3 0
50646175 294 0 1 1
50646637 38 0 1 0
50647381 8 1 3 1
50652313 0 1 4 0
50654931 0 1 4 1
50655653 16 1 1 0
50657065 38 0 1 1
50657527 294 0 1 0
50658271 16 1 1 1
50663203 2 1 4 0
50665821 2 1 4 1
50666543 8 1 3 0
50667955 294 0 1 1
50668417 38 0 1 0
50669161 8 1 3 1
50674093 0 1 4 0
50676711 0 1 4 1
50677433 16 1 1 0
50678845 38 0 1 1
50679307 294 0 1 0
50680051 16 1 1 1
50684983 2 1 4 0
50687601 2 1 4 1
50688323 8 1 3 0
50689735 294 0 1 1
50690197 38 0 1 0
50690941 8 1 3 1
50695873 0 1 4 0
50698491 0 1 4 1
50699213 16 1 1 0
50700625 38 0 1 1
50701087 294 0 1 0
50701831 16 1 1 1
50706763 2 1 4 0
50709381 2 1 4 1
50710103 8 1 3 0
50711515 294 0 1 1
50711977 38 0 1 0
50712721 8 1 3 1
50717653 0 1 4 0
50720271 0 1 4 1
50720993 16 1 1 0
50722405 38 0 1 1
50722867 294 0 1 0
50723611 16 1 1 1
50728543 2 1 4 0
50731161 2 1 4 1
50731883 8 1 3 0
50733295 294 0 1 1
50733757 38 0 1 0
50734501 8 1 3 1
50739433 0 1 4 0
50742051 0 1 4 1
50742773 16 1 1 0
50744185 38 0 1 1
50744647 294 0 1 0
50745391 16 1 1 1
50750323 2 1 4 0
50752941 2 1 4 1
50753663 8 1 3 0
50755075 294 0 1 1
50755537 38 0 1 0
50756281 8 1 3 1
50761213 0 1 4 0
50763831 0 1 4 1
50764553 16 1 1 0
50765965 38 0 1 1
50766427 294 0 1 0
50767171 16 1 1 1
50772103 2 1 4 0
50774721 2 1 4 1
50775443 8 1 3 0
50776855 294 0 1 1
50777317 38 0 1 0
50778061 8 1 3 1
50782993 0 1 4 0
50785611 0 1 4 1
50786333 16 1 1 0
50787745 38 0 1 1
50788207 294 0 1 0
50788951 16 1 1 1
50793883 2 1 4 0
50796501 2 1 4 1
50797223 8 1 3 0
50798635 294 0 1 1
50799097 38 0 1 0
50799841 8 1 3 1
50804773 0 1 4 0
50807391 0 1 4 1
50808113 16 1 1 0
50809525 38 0 1 1
50809987 294 0 1 0
50810731 16 1 1 1
50815663 2 1 4 0
50818281 2 1 4 1
50819003 8 1 3 0
50820415 294 0 1 1
50820877 38 0 1 0
50821621 8 1 3 1
50826553 0 1 4 0
50829171 0 1 4 1
50829893 16 1 1 0
50831305 38 0 1 1
50831767 294 0 1 0
50832511 16 1 1 1
50837443 2 1 4 0
50840061 2 1 4 1
50840783 8 1 3 0
50842195 294 0 1 1
50842657 38 0 1 0
50843401 8 1 3 1
50848333 0 1 4 0
50850951 0 1 4 1
50851673 16 1 1 0
50853085 38 0 1 1
50853547 294 0 1 0
50854291 16 1 1 1
50859223 2 1 4 0
50861841 2 1 4 1
50862563 8 1 3 0
50863975 294 0 1 1
50864437 38 0 1 0
50865181 8 1 3 1
50870113 0 1 4 0
50872731 0 1 4 1
50873453 16 1 1 0
50874865 38 0 1 1
50875327 294 0 1 0
50876071 16 1 1 1
50881003 2 1 4 0
50883621 2 1 4 1
50884343 8 1 3 0
50885755 294 0 1 1
50886217 38 0 1 0
50886961 8 1 3 1
50891893 0 1 4 0
50894511 0 1 4 1
50895233 16 1 1 0
50896645 38 0 1 1
50897107 294 0 1 0
50897851 16 1 1 1
50902783 2 1 4 0
50905401 2 1 4 1
50906123 8 1 3 0
50907535 294 0 1 1
50907997 38 0 1 0
50908741 8 1 3 1
50913673 0 1 4 0
50916291 0 1 4 1
50917013 16 1 1 0
50918425 38 0 1 1
50918887 294 0 1 0
50919631 16 1 1 1
50924563 2 1 4 0
50927181 2 1 4 1
50927903 8 1 3 0
50929315 294 0 1 1
50929777 38 0 1 0
50930521 8 1 3 1
50935453 0 1 4 0
50938071 0 1 4 1
50938793 16 1 1 0
50940205 38 0 1 1
50940667 294 0 1 0
50941411 16 1 1 1
50946343 2 1 4 0
50948961 2 1 4 1
50949683 8 1 3 0
50951095 294 0 1 1
50951557 38 0 1 0
50952301 8 1 3 1
50957233 0 1 4 0
50959851 0 1 4 1
50960573 16 1 1 0
50961985 38 0 1 1
50962447 294 0 1 0
50963191 16 1 1 1
50968123 2 1 4 0
50970741 2 1 4 1
50971463 8 1 3 0
50972875 294 0 1 1
50973337 38 0 1 0
50974081 8 1 3 1
50979013 0 1 4 0
50981631 0 1 4 1
50982353 16 1 1 0
50983765 38 0 1 1
50984227 294 0 1 0
50984971 16 1 1 1
50989903 2 1 4 0
50992521 2 1 4 1
50993243 8 1 3 0
50994655 294 0 1 1
50995117 38 0 1 0
50995861 8 1 3 1
51000793 0 1 4 0
51003411 0 1 4 1
51004133 16 1 1 0
51005545 38 0 1 1
51006007 294 0 1 0
51006751 16 1 1 1
51011683 2 1 4 0
51014301 2 1 4 1
51015023 8 1 3 0
51016435 294 0 1 1
51016897 38 0 1 0
51017641 8 1 3 1
51022573 0 1 4 0
51025191 0 1 4 1
51025913 16 1 1 0
51027325 38 0 1 1
51027787 294 0 1 0
51028531 16 1 1 1
51033463 2 1 4 0
51036081 2 1 4 1
51036803 8 1 3 0
51038215 294 0 1 1
51038677 38 0 1 0
51039421 8 1 3 1
51044353 0 1 4 0
51046971 0 1 4 1
51047693 16 1 1 0
51049105 38 0 1 1
51049567 294 0 1 0
51050311 16 1 1 1
51055243 2 1 4 0
51057861 2 1 4 1
51058583 8 1 3 0
51059995 294 0 1 1
51060457 38 0 1 0
51061201 8 1 3 1
51066133 0 1 4 0
51068751 0 1 4 1
51069473 16 1 1 0
51070885 38 0 1 1
51071347 294 0 1 0
51072091 16 1 1 1
51077023 2 1 4 0
51079641 2 1 4 1
51080363 8 1 3 0
51081775 294 0 1 1
51082237 38 0 1 0
51082981 8 1 3 1
51087913 0 1 4 0
51090531 0 1 4 1
51091253 16 1 1 0
51092665 38 0 1 1
51093127 294 0 1 0
51093871 16 1 1 1
51098803 2 1 4 0
51101421 2 1 4 1
51102143 8 1 3 0
51103555 294 0 1 1
51104017 38 0 1 0
51104761 8 1 3 1
51109693 0 1 4 0
51112311 0 1 4 1
51113033 16 1 1 0
51114445 38 0 1 1
51114907 294 0 1 0
51115651 16 1 1 1
51120583 2 1 4 0
51123201 2 1 4 1
51123923 8 1 3 0
51125335 294 0 1 1
51125797 38 0 1 0
51126541 8 1 3 1
51131473 0 1 4 0
51134091 0 1 4 1
51134813 16 1 1 0
51136225 38 0 1 1
51136687 294 0 1 0
51137431 16 1 1 1
51142363 2 1 4 0
51144981 2 1 4 1
51145703 8 1 3 0
51147115 294 0 1 1
51147577 38 0 1 0
51148321 8 1 3 1
51153253 0 1 4 0
51155871 0 1 4 1
51156593 16 1 1 0
51158005 38 0 1 1
51158467 294 0 1 0
51159211 16 1 1 1
51164143 2 1 4 0
51166761 2 1 4 1
51167483 8 1 3 0
51168895 294 0 1 1
51169357 38 0 1 0
51170101 8 1 3 1
51175033 0 1 4 0
51177651 0 1 4 1
51178373 16 1 1 0
51179785 38 0 1 1
51180247 294 0 1 0
51180991 16 1 1 1
51185923 2 1 4 0
51188541 2 1 4 1
51189263 8 1 3 0
51190675 294 0 1 1
51191137 38 0 1 0
51191881 8 1 3 1
51196813 0 1 4 0
51199431 0 1 4 1
51200153 16 1 1 0
51201565 38 0 1 1
51202027 294 0 1 0
51202771 16 1 1 1
51207703 2 1 4 0
51210321 2 1 4 1
51211043 8 1 3 0
51212455 294 0 1 1
51212917 38 0 1 0
51213661 8 1 3 1
51218593 0 1 4 0
51221211 0 1 4 1
51221933 16 1 1 0
51223345 38 0 1 1
51223807 294 0 1 0
51224551 16 1 1 1
51229483 2 1 4 0
51232101 2 1 4 1
51232823 8 1 3 0
51234235 294 0 1 1
51234697 38 0 1 0
51235441 8 1 3 1
51240373 0 1 4 0
51242991 0 1 4 1
51243713 16 1 1 0
51245125 38 0 1 1
51245587 294 0 1 0
51246331 16 1 1 1
51251263 2 1 4 0
51253881 2 1 4 1
51254603 8 1 3 0
51256015 294 0 1 1
51256477 38 0 1 0
51257221 8 1 3 1
51262153 0 1 4 0
51264771 0 1 4 1
51265493 16 1 1 0
51266905 38 0 1 1
51267367 294 0 1 0
51268111 16 1 1 1
51273043 2 1 4 0
51275661 2 1 4 1
51276383 8 1 3 0
51277795 294 0 1 1
51278257 38 0 1 0
51279001 8 1 3 1
51283933 0 1 4 0
51286551 0 1 4 1
51287273 16 1 1 0
51288685 38 0 1 1
51289147 294 0 1 0
51289891 16 1 1 1
51294823 2 1 4 0
51297441 2 1 4 1
51298163 8 1 3 0
51299575 294 0 1 1
51300037 38 0 1 0
51300781 8 1 3 1
51305713 0 1 4 0
51308331 0 1 4 1
51309053 16 1 1 0
51310465 38 0 1 1
51310927 294 0 1 0
51311671 16 1 1 1
51316603 2 1 4 0
51319221 2 1 4 1
51319943 8 1 3 0
51321355 294 0 1 1
51321817 38 0 1 0
51322561 8 1 3 1
51327493 0 1 4 0
51330111 0 1 4 1
51330833 16 1 1 0
51332245 38 0 1 1
51332707 294 0 1 0
51333451 16 1 1 1
51338383 2 1 4 0
51341001 2 1 4 1
51341723 8 1 3 0
51343135 294 0 1 1
51343597 38 0 1 0
51344341 8 1 3 1
51349273 0 1 4 0
51351891 0 1 4 1
51352613 16 1 1 0
51354025 38 0 1 1
51354487 294 0 1 0
51355231 16 1 1 1
51360163 2 1 4 0
51362781 2 1 4 1
51363503 8 1 3 0
51364915 294 0 1 1
51365377 38 0 1 0
51366121 8 1 3 1
51371053 0 1 4 0
51373671 0 1 4 1
51374393 16 1 1 0
51375805 38 0 1 1
51376267 294 0 1 0
51377011 16 1 1 1
51381943 2 1 4 0
51384561 2 1 4 1
51385283 8 1 3 0
51386695 294 0 1 1
51387157 38 0 1 0
51387901 8 1 3 1
51392833 0 1 4 0
51395451 0 1 4 1
51396173 16 1 1 0
51397585 38 0 1 1
51398047 294 0 1 0
51398791 16 1 1 1
51403723 2 1 4 0
51406341 2 1 4 1
51407063 8 1 3 0
51408475 294 0 1 1
51408937 38 0 1 0
51409681 8 1 3 1
51414613 0 1 4 0
51417231 0 1 4 1
51417953 16 1 1 0
51419365 38 0 1 1
51419827 294 0 1 0
51420571 16 1 1 1
51425503 2 1 4 0
51428121 2 1 4 1
51428843 8 1 3 0
51430255 294 0 1 1
51430717 38 0 1 0
51431461 8 1 3 1
51436393 0 1 4 0
51439011 0 1 4 1
51439733 16 1 1 0
51441145 38 0 1 1
51441607 294 0 1 0
51442351 16 1 1 1
51447283 2 1 4 0
51449901 2 1 4 1
51450623 8 1 3 0
51452035 294 0 1 1
51452497 38 0 1 0
51453241 8 1 3 1
51458173 0 1 4 0
51460791 0 1 4 1
51461513 16 1 1 0
51462925 38 0 1 1
51463387 294 0 1 0
51464131 16 1 1 1
51469063 2 1 4 0
51471681 2 1 4 1
51472403 8 1 3 0
51473815 294 0 1 1
51474277 38 0 1 0
51475021 8 1 3 1
51479953 0 1 4 0
51482571 0 1 4 1
51483293 16 1 1 0
51484705 38 0 1 1
51485167 294 0 1 0
51485911 16 1 1 1
51490843 2 1 4 0
51493461 2 1 4 1
51494183 8 1 3 0
51495595 294 0 1 1
51496057 38 0 1 0
51496801 8 1 3 1
51501733 0 1 4 0
51504351 0 1 4 1
51505073 16 1 1 0
51506485 38 0 1 1
51506947 294 0 1 0
51507691 16 1 1 1
51512623 2 1 4 0
51515241 2 1 4 1
51515963 8 1 3 0
51517375 294 0 1 1
51517837 38 0 1 0
51518581 8 1 3 1
51523513 0 1 4 0
51526131 0 1 4 1
51526853 16 1 1 0
51528265 38 0 1 1
51528727 294 0 1 0
51529471 16 1 1 1
51534403 2 1 4 0
51537021 2 1 4 1
51537743 8 1 3 0
51539155 294 0 1 1
51539617 38 0 1 0
51540361 8 1 3 1
51545293 0 1 4 0
51547911 0 1 4 1
51548633 16 1 1 0
51550045 38 0 1 1
51550507 294 0 1 0
51551251 16 1 1 1
51556183 2 1 4 0
51558801 2 1 4 1
51559523 8 1 3 0
51560935 294 0 1 1
51561397 38 0 1 0
51562141 8 1 3 1
51567073 0 1 4 0
51569691 0 1 4 1
51570413 16 1 1 0
51571825 38 0 1 1
51572287 294 0 1 0
51573031 16 1 1 1
51577963 2 1 4 0
51580581 2 1 4 1
51581303 8 1 3 0
51582715 294 0 1 1
51583177 38 0 1 0
51583921 8 1 3 1
51588853 0 1 4 0
51591471 0 1 4 1
51592193 16 1 1 0
51593605 38 0 1 1
51594067 294 0 1 0
51594811 16 1 1 1
51599743 2 1 4 0
51602361 2 1 4 1
51603083 8 1 3 0
51604495 294 0 1 1
51604957 38 0 1 0
51605701 8 1 3 1
51610633 0 1 4 0
51613251 0 1 4 1
51613973 16 1 1 0
51615385 38 0 1 1
51615847 294 0 1 0
51616591 16 1 1 1
51621523 2 1 4 0
51624141 2 1 4 1
51624863 8 1 3 0
51626275 294 0 1 1
51626737 38 0 1 0
51627481 8 1 3 1
51632413 0 1 4 0
51635031 0 1 4 1
51635753 16 1 1 0
51637165 38 0 1 1
51637627 294 0 1 0
51638371 16 1 1 1
51643303 2 1 4 0
51645921 2 1 4 1
51646643 8 1 3 0
51648055 294 0 1 1
51648517 38 0 1 0
51649261 8 1 3 1
51654193 0 1 4 0
51656811 0 1 4 1
51657533 16 1 1 0
51658945 38 0 1 1
51659407 294 0 1 0
51660151 16 1 1 1
51665083 2 1 4 0
51667701 2 1 4 1
51668423 8 1 3 0
51669835 294 0 1 1
51670297 38 0 1 0
51671041 8 1 3 1
51675973 0 1 4 0
51678591 0 1 4 1
51679313 16 1 1 0
51680725 38 0 1 1
51681187 294 0 1 0
51681931 16 1 1 1
51686863 2 1 4 0
51689481 2 1 4 1
51690203 8 1 3 0
51691615 294 0 1 1
51692077 38 0 1 0
51692821 8 1 3 1
51697753 0 1 4 0
51700371 0 1 4 1
51701093 16 1 1 0
51702505 38 0 1 1
51702967 294 0 1 0
51703711 16 1 1 1
51708643 2 1 4 0
51711261 2 1 4 1
51711983 8 1 3 0
51713395 294 0 1 1
51713857 38 0 1 0
51714601 8 1 3 1
51719533 0 1 4 0
51722151 0 1 4 1
51722873 16 1 1 0
51724285 38 0 1 1
51724747 294 0 1 0
51725491 16 1 1 1
51730423 2 1 4 0
51733041 2 1 4 1
51733763 8 1 3 0
51735175 294 0 1 1
51735637 38 0 1 0
51736381 8 1 3 1
51741313 0 1 4 0
51743931 0 1 4 1
51744653 16 1 1 0
51746065 38 0 1 1
51746527 294 0 1 0
51747271 16 1 1 1
51752203 2 1 4 0
51754821 2 1 4 1
51755543 8 1 3 0
51756955 294 0 1 1
51757417 38 0 1 0
51758161 8 1 3 1
51763093 0 1 4 0
51765711 0 1 4 1
51766433 16 1 1 0
51767845 38 0 1 1
51768307 294 0 1 0
51769051 16 1 1 1
51773983 2 1 4 0
51776601 2 1 4 1
51777323 8 1 3 0
51778735 294 0 1 1
51779197 38 0 1 0
51779941 8 1 3 1
51784873 0 1 4 0
51787491 0 1 4 1
51788213 16 1 1 0
51789625 38 0 1 1
51790087 294 0 1 0
51790831 16 1 1 1
51795763 2 1 4 0
51798381 2 1 4 1
51799103 8 1 3 0
51800515 294 0 1 1
51800977 38 0 1 0
51801721 8 1 3 1
51806653 0 1 4 0
51809271 0 1 4 1
51809993 16 1 1 0
51811405 38 0 1 1
51811867 294 0 1 0
51812611 16 1 1 1
51817543 2 1 4 0
51820161 2 1 4 1
51820883 8 1 3 0
51822295 294 0 1 1
51822757 38 0 1 0
51823501 8 1 3 1
51828433 0 1 4 0
51831051 0 1 4 1
51831773 16 1 1 0
51833185 38 0 1 1
51833647 294 0 1 0
51834391 16 1 1 1
51839323 2 1 4 0
51841941 2 1 4 1
51842663 8 1 3 0
51844075 294 0 1 1
51844537 38 0 1 0
51845281 8 1 3 1
51850213 0 1 4 0
51852831 0 1 4 1
51853553 16 1 1 0
51854965 38 0 1 1
51855427 294 0 1 0
51856171 16 1 1 1
51861103 2 1 4 0
51863721 2 1 4 1
51864443 8 1 3 0
51865855 294 0 1 1
51866317 38 0 1 0
51867061 8 1 3 1
51871993 0 1 4 0
51874611 0 1 4 1
51875333 16 1 1 0
51876745 38 0 1 1
51877207 294 0 1 0
51877951 16 1 1 1
51882883 2 1 4 0
51885501 2 1 4 1
51886223 8 1 3 0
51887635 294 0 1 1
51888097 38 0 1 0
51888841 8 1 3 1
51893773 0 1 4 0
51896391 0 1 4 1
51897113 16 1 1 0
51898525 38 0 1 1
51898987 294 0 1 0
51899731 16 1 1 1
51904663 2 1 4 0
51907281 2 1 4 1
51908003 8 1 3 0
51909415 294 0 1 1
51909877 38 0 1 0
51910621 8 1 3 1
51915553 0 1 4 0
51918171 0 1 4 1
51918893 16 1 1 0
51920305 38 0 1 1
51920767 294 0 1 0
51921511 16 1 1 1
51926443 2 1 4 0
51929061 2 1 4 1
51929783 8 1 3 0
51931195 294 0 1 1
51931657 38 0 1 0
51932401 8 1 3 1
51937333 0 1 4 0
51939951 0 1 4 1
51940673 16 1 1 0
51942085 38 0 1 1
51942547 294 0 1 0
51943291 16 1 1 1
51948223 2 1 4 0
51950841 2 1 4 1
51951563 8 1 3 0
51952975 294 0 1 1
51953437 38 0 1 0
51954181 8 1 3 1
51959113 0 1 4 0
51961731 0 1 4 1
51962453 16 1 1 0
51963865 38 0 1 1
51964327 294 0 1 0
51965071 16 1 1 1
51970003 2 1 4 0
51972621 2 1 4 1
51973343 8 1 3 0
51974755 294 0 1 1
51975217 38 0 1 0
51975961 8 1 3 1
51980893 0 1 4 0
51983511 0 1 4 1
51984233 16 1 1 0
51985645 38 0 1 1
51986107 294 0 1 0
51986851 16 1 1 1
51991783 2 1 4 0
51994401 2 1 4 1
51995123 8 1 3 0
51996535 294 0 1 1
51996997 38 0 1 0
51997741 8 1 3 1
52002673 0 1 4 0
52005291 0 1 4 1
52006013 16 1 1 0
52007425 38 0 1 1
52007887 294 0 1 0
52008631 16 1 1 1
52013563 2 1 4 0
52016181 2 1 4 1
52016903 8 1 3 0
52018315 294 0 1 1
52018777 38 0 1 0
52019521 8 1 3 1
52024453 0 1 4 0
52027071 0 1 4 1
52027793 16 1 1 0
52029205 38 0 1 1
52029667 294 0 1 0
52030411 16 1 1 1
52035343 2 1 4 0
52037961 2 1 4 1
52038683 8 1 3 0
52040095 294 0 1 1
52040557 38 0 1 0
52041301 8 1 3 1
52046233 0 1 4 0
52048851 0 1 4 1
52049573 16 1 1 0
52050985 38 0 1 1
52051447 294 0 1 0
52052191 16 1 1 1
52057123 2 1 4 0
52059741 2 1 4 1
52060463 8 1 3 0
52061875 294 0 1 1
52062337 38 0 1 0
52063081 8 1 3 1
52068013 0 1 4 0
52070631 0 1 4 1
52071353 16 1 1 0
52072765 38 0 1 1
52073227 294 0 1 0
52073971 16 1 1 1
52078903 2 1 4 0
52081521 2 1 4 1
52082243 8 1 3 0
52083655 294 0 1 1
52084117 38 0 1 0
52084861 8 1 3 1
52089793 0 1 4 0
52092411 0 1 4 1
52093133 16 1 1 0
52094545 38 0 1 1
52095007 294 0 1 0
52095751 16 1 1 1
52100683 2 1 4 0
52103301 2 1 4 1
52104023 8 1 3 0
52105435 294 0 1 1
52105897 38 0 1 0
52106641 8 1 3 1
52111573 0 1 4 0
52114191 0 1 4 1
52114913 16 1 1 0
52116325 38 0 1 1
52116787 294 0 1 0
52117531 16 1 1 1
52122463 2 1 4 0
52125081 2 1 4 1
52125803 8 1 3 0
52127215 294 0 1 1
52127677 38 0 1 0
52128421 8 1 3 1
52133353 0 1 4 0
52135971 0 1 4 1
52136693 16 1 1 0
52138105 38 0 1 1
52138567 294 0 1 0
52139311 16 1 1 1
52144243 2 1 4 0
52146861 2 1 4 1
52147583 8 1 3 0
52148995 294 0 1 1
52149457 38 0 1 0
52150201 8 1 3 1
52155133 0 1 4 0
52157751 0 1 4 1
52158473 16 1 1 0
52159885 38 0 1 1
52160347 294 0 1 0
52161091 16 1 1 1
52166023 2 1 4 0
52168641 2 1 4 1
52169363 8 1 3 0
52170775 294 0 1 1
52171237 38 0 1 0
52171981 8 1 3 1
52176913 0 1 4 0
52179531 0 1 4 1
52180253 16 1 1 0
52181665 38 0 1 1
52182127 294 0 1 0
52182871 16 1 1 1
52187803 2 1 4 0
52190421 2 1 4 1
52191143 8 1 3 0
52192555 294 0 1 1
52193017 38 0 1 0
52193761 8 1 3 1
52198693 0 1 4 0
52201311 0 1 4 1
52202033 16 1 1 0
52203445 38 0 1 1
52203907 294 0 1 0
52204651 16 1 1 1
52209583 2 1 4 0
52212201 2 1 4 1
52212923 8 1 3 0
52214335 294 0 1 1
52214797 38 0 1 0
52215541 8 1 3 1
52220473 0 1 4 0
52223091 0 1 4 1
52223813 16 1 1 0
52225225 38 0 1 1
52225687 294 0 1 0
52226431 16 1 1 1
52231363 2 1 4 0
52233981 2 1 4 1
52234703 8 1 3 0
52236115 294 0 1 1
52236577 38 0 1 0
52237321 8 1 3 1
52242253 0 1 4 0
52244871 0 1 4 1
52245593 16 1 1 0
52247005 38 0 1 1
52247467 294 0 1 0
52248211 16 1 1 1
52253143 2 1 4 0
52255761 2 1 4 1
52256483 8 1 3 0
52257895 294 0 1 1
52258357 38 0 1 0
52259101 8 1 3 1
52264033 0 1 4 0
52266651 0 1 4 1
52267373 16 1 1 0
52268785 38 0 1 1
52269247 294 0 1 0
52269991 16 1 1 1
52274923 2 1 4 0
52277541 2 1 4 1
52278263 8 1 3 0
52279675 294 0 1 1
52280137 38 0 1 0
52280881 8 1 3 1
52285813 0 1 4 0
52288431 0 1 4 1
52289153 16 1 1 0
52290565 38 0 1 1
52291027 294 0 1 0
52291771 16 1 1 1
52296703 2 1 4 0
52299321 2 1 4 1
52300043 8 1 3 0
52301455 294 0 1 1
52301917 38 0 1 0
52302661 8 1 3 1
52307593 0 1 4 0
52310211 0 1 4 1
52310933 16 1 1 0
52312345 38 0 1 1
52312807 294 0 1 0
52313551 16 1 1 1
52318483 2 1 4 0
52321101 2 1 4 1
52321823 8 1 3 0
52323235 294 0 1 1
52323697 38 0 1 0
52324441 8 1 3 1
52329373 0 1 4 0
52331991 0 1 4 1
52332713 16 1 1 0
52334125 38 0 1 1
52334587 294 0 1 0
52335331 16 1 1 1
52340263 2 1 4 0
52342881 2 1 4 1
52343603 8 1 3 0
52345015 294 0 1 1
52345477 38 0 1 0
52346221 8 1 3 1
52351153 0 1 4 0
52353771 0 1 4 1
52354493 16 1 1 0
52355905 38 0 1 1
52356367 294 0 1 0
52357111 16 1 1 1
52362043 2 1 4 0
52364661 2 1 4 1
52365383 8 1 3 0
52366795 294 0 1 1
52367257 38 0 1 0
52368001 8 1 3 1
52372933 0 1 4 0
52375551 0 1 4 1
52376273 16 1 1 0
52377685 38 0 1 1
52378147 294 0 1 0
52378891 16 1 1 1
52383823 2 1 4 0
52386441 2 1 4 1
52387163 8 1 3 0
52388575 294 0 1 1
52389037 38 0 1 0
52389781 8 1 3 1
52394713 0 1 4 0
52397331 0 1 4 1
52398053 16 1 1 0
52399465 38 0 1 1
52399927 294 0 1 0
52400671 16 1 1 1
52405603 2 1 4 0
52408221 2 1 4 1
52408943 8 1 3 0
52410355 294 0 1 1
52410817 38 0 1 0
52411561 8 1 3 1
52416493 0 1 4 0
52419111 0 1 4 1
52419833 16 1 1 0
52421245 38 0 1 1
52421707 294 0 1 0
52422451 16 1 1 1
52427383 2 1 4 0
52430001 2 1 4 1
52430723 8 1 3 0
52432135 294 0 1 1
52432597 38 0 1 0
52433341 8 1 3 1
52438273 0 1 4 0
52440891 0 1 4 1
52441613 16 1 1 0
52443025 38 0 1 1
52443487 294 0 1 0
52444231 16 1 1 1
52449163 2 1 4 0
52451781 2 1 4 1
52452503 8 1 3 0
52453915 294 0 1 1
52454377 38 0 1 0
52455121 8 1 3 1
52460053 0 1 4 0
52462671 0 1 4 1
52463393 16 1 1 0
52464805 38 0 1 1
52465267 294 0 1 0
52466011 16 1 1 1
52470943 2 1 4 0
52473561 2 1 4 1
52474283 8 1 3 0
52475695 294 0 1 1
52476157 38 0 1 0
52476901 8 1 3 1
52481833 0 1 4 0
52484451 0 1 4 1
52485173 16 1 1 0
52486585 38 0 1 1
52487047 294 0 1 0
52487791 16 1 1 1
52492723 2 1 4 0
52495341 2 1 4 1
52496063 8 1 3 0
52497475 294 0 1 1
52497937 38 0 1 0
52498681 8 1 3 1
52503613 0 1 4 0
52506231 0 1 4 1
52506953 16 1 1 0
52508365 38 0 1 1
52508827 294 0 1 0
52509571 16 1 1 1
52514503 2 1 4 0
52517121 2 1 4 1
52517843 8 1 3 0
52519255 294 0 1 1
52519717 38 0 1 0
52520461 8 1 3 1
52525393 0 1 4 0
52528011 0 1 4 1
52528733 16 1 1 0
52530145 38 0 1 1
52530607 294 0 1 0
52531351 16 1 1 1
52536283 2 1 4 0
52538901 2 1 4 1
52539623 8 1 3 0
52541035 294 0 1 1
52541497 38 0 1 0
52542241 8 1 3 1
52547173 0 1 4 0
52549791 0 1 4 1
52550513 16 1 1 0
52551925 38 0 1 1
52552387 294 0 1 0
52553131 16 1 1 1
52558063 2 1 4 0
52560681 2 1 4 1
52561403 8 1 3 0
52562815 294 0 1 1
52563277 38 0 1 0
52564021 8 1 3 1
52568953 0 1 4 0
52571571 0 1 4 1
52572293 16 1 1 0
52573705 38 0 1 1
52574167 294 0 1 0
52574911 16 1 1 1
52579843 2 1 4 0
52582461 2 1 4 1
52583183 8 1 3 0
52584595 294 0 1 1
52585057 38 0 1 0
52585801 8 1 3 1
52590733 0 1 4 0
52593351 0 1 4 1
52594073 16 1 1 0
52595485 38 0 1 1
52595947 294 0 1 0
52596691 16 1 1 1
52601623 2 1 4 0
52604241 2 1 4 1
52604963 8 1 3 0
52606375 294 0 1 1
52606837 38 0 1 0
52607581 8 1 3 1
52612513 0 1 4 0
52615131 0 1 4 1
52615853 16 1 1 0
52617265 38 0 1 1
52617727 294 0 1 0
52618471 16 1 1 1
52623403 2 1 4 0
52626021 2 1 4 1
52626743 8 1 3 0
52628155 294 0 1 1
52628617 38 0 1 0
52629361 8 1 3 1
52634293 0 1 4 0
52636911 0 1 4 1
52637633 16 1 1 0
52639045 38 0 1 1
52639507 294 0 1 0
52640251 16 1 1 1
52645183 2 1 4 0
52647801 2 1 4 1
52648523 8 1 3 0
52649935 294 0 1 1
52650397 38 0 1 0
52651141 8 1 3 1
52656073 0 1 4 0
52658691 0 1 4 1
52659413 16 1 1 0
52660825 38 0 1 1
52661287 294 0 1 0
52662031 16 1 1 1
52666963 2 1 4 0
52669581 2 1 4 1
52670303 8 1 3 0
52671715 294 0 1 1
52672177 38 0 1 0
52672921 8 1 3 1
52677853 0 1 4 0
52680471 0 1 4 1
52681193 16 1 1 0
52682605 38 0 1 1
52683067 294 0 1 0
52683811 16 1 1 1
52688743 2 1 4 0
52691361 2 1 4 1
52692083 8 1 3 0
52693495 294 0 1 1
52693957 38 0 1 0
52694701 8 1 3 1
52699633 0 1 4 0
52702251 0 1 4 1
52702973 16 1 1 0
52704385 38 0 1 1
52704847 294 0 1 0
52705591 16 1 1 1
52710523 2 1 4 0
52713141 2 1 4 1
52713863 8 1 3 0
52715275 294 0 1 1
52715737 38 0 1 0
52716481 8 1 3 1
52721413 0 1 4 0
52724031 0 1 4 1
52724753 16 1 1 0
52726165 38 0 1 1
52726627 294 0 1 0
52727371 16 1 1 1
52732303 2 1 4 0
52734921 2 1 4 1
52735643 8 1 3 0
52737055 294 0 1 1
52737517 38 0 1 0
52738261 8 1 3 1
52743193 0 1 4 0
52745811 0 1 4 1
52746533 16 1 1 0
52747945 38 0 1 1
52748407 294 0 1 0
52749151 16 1 1 1
52754083 2 1 4 0
52756701 2 1 4 1
52757423 8 1 3 0
52758835 294 0 1 1
52759297 38 0 1 0
52760041 8 1 3 1
52764973 0 1 4 0
52767591 0 1 4 1
52768313 16 1 1 0
52769725 38 0 1 1
52770187 294 0 1 0
52770931 16 1 1 1
52775863 2 1 4 0
52778481 2 1 4 1
52779203 8 1 3 0
52780615 294 0 1 1
52781077 38 0 1 0
52781821 8 1 3 1
52786753 0 1 4 0
52789371 0 1 4 1
52790093 16 1 1 0
52791505 38 0 1 1
52791967 294 0 1 0
52792711 16 1 1 1
52797643 2 1 4 0
52800261 2 1 4 1
52800983 8 1 3 0
52802395 294 0 1 1
52802857 38 0 1 0
52803601 8 1 3 1
52808533 0 1 4 0
52811151 0 1 4 1
52811873 16 1 1 0
52813285 38 0 1 1
52813747 294 0 1 0
52814491 16 1 1 1
52819423 2 1 4 0
52822041 2 1 4 1
52822763 8 1 3 0
52824175 294 0 1 1
52824637 38 0 1 0
52825381 8 1 3 1
52830313 0 1 4 0
52832931 0 1 4 1
52833653 16 1 1 0
52835065 38 0 1 1
52835527 294 0 1 0
52836271 16 1 1 1
52841203 2 1 4 0
52843821 2 1 4 1
52844543 8 1 3 0
52845955 294 0 1 1
52846417 38 0 1 0
52847161 8 1 3 1
52852093 0 1 4 0
52854711 0 1 4 1
52855433 16 1 1 0
52856845 38 0 1 1
52857307 294 0 1 0
52858051 16 1 1 1
52862983 2 1 4 0
52865601 2 1 4 1
52866323 8 1 3 0
52867735 294 0 1 1
52868197 38 0 1 0
52868941 8 1 3 1
52873873 0 1 4 0
52876491 0 1 4 1
52877213 16 1 1 0
52878625 38 0 1 1
52879087 294 0 1 0
52879831 16 1 1 1
52884763 2 1 4 0
52887381 2 1 4 1
52888103 8 1 3 0
52889515 294 0 1 1
52889977 38 0 1 0
52890721 8 1 3 1
52895653 0 1 4 0
52898271 0 1 4 1
52898993 16 1 1 0
52900405 38 0 1 1
52900867 294 0 1 0
52901611 16 1 1 1
52906543 2 1 4 0
52909161 2 1 4 1
52909883 8 1 3 0
52911295 294 0 1 1
52911757 38 0 1 0
52912501 8 1 3 1
52917433 0 1 4 0
52920051 0 1 4 1
52920773 16 1 1 0
52922185 38 0 1 1
52922647 294 0 1 0
52923391 16 1 1 1
52928323 2 1 4 0
52930941 2 1 4 1
52931663 8 1 3 0
52933075 294 0 1 1
52933537 38 0 1 0
52934281 8 1 3 1
52939213 0 1 4 0
52941831 0 1 4 1
52942553 16 1 1 0
52943965 38 0 1 1
52944427 294 0 1 0
52945171 16 1 1 1
52950103 2 1 4 0
52952721 2 1 4 1
52953443 8 1 3 0
52954855 294 0 1 1
52955317 38 0 1 0
52956061 8 1 3 1
52960993 0 1 4 0
52963611 0 1 4 1
52964333 16 1 1 0
52965745 38 0 1 1
52966207 294 0 1 0
52966951 16 1 1 1
52971883 2 1 4 0
52974501 2 1 4 1
52975223 8 1 3 0
52976635 294 0 1 1
52977097 38 0 1 0
52977841 8 1 3 1
52982773 0 1 4 0
52985391 0 1 4 1
52986113 16 1 1 0
52987525 38 0 1 1
52987987 294 0 1 0
52988731 16 1 1 1
52993663 2 1 4 0
52996281 2 1 4 1
52997003 8 1 3 0
52998415 294 0 1 1
52998877 38 0 1 0
52999621 8 1 3 1
53004553 0 1 4 0
53007171 0 1 4 1
53007893 16 1 1 0
53009305 38 0 1 1
53009767 294 0 1 0
53010511 16 1 1 1
53015443 2 1 4 0
53018061 2 1 4 1
53018783 8 1 3 0
53020195 294 0 1 1
53020657 38 0 1 0
53021401 8 1 3 1
53026333 0 1 4 0
53028951 0 1 4 1
53029673 16 1 1 0
53031085 38 0 1 1
53031547 294 0 1 0
53032291 16 1 1 1
53037223 2 1 4 0
53039841 2 1 4 1
53040563 8 1 3 0
53041975 294 0 1 1
53042437 38 0 1 0
53043181 8 1 3 1
53048113 0 1 4 0
53050731 0 1 4 1
53051453 16 1 1 0
53052865 38 0 1 1
53053327 294 0 1 0
53054071 16 1 1 1
53059003 2 1 4 0
53061621 2 1 4 1
53062343 8 1 3 0
53063755 294 0 1 1
53064217 38 0 1 0
53064961 8 1 3 1
53069893 0 1 4 0
53072511 0 1 4 1
53073233 16 1 1 0
53074645 38 0 1 1
53075107 294 0 1 0
53075851 16 1 1 1
53080783 2 1 4 0
53083401 2 1 4 1
53084123 8 1 3 0
53085535 294 0 1 1
53085997 38 0 1 0
53086741 8 1 3 1
53091673 0 1 4 0
53094291 0 1 4 1
53095013 16 1 1 0
53096425 38 0 1 1
53096887 294 0 1 0
53097631 16 1 1 1
53102563 2 1 4 0
53105181 2 1 4 1
53105903 8 1 3 0
53107315 294 0 1 1
53107777 38 0 1 0
53108521 8 1 3 1
53113453 0 1 4 0
53116071 0 1 4 1
53116793 16 1 1 0
53118205 38 0 1 1
53118667 294 0 1 0
53119411 16 1 1 1
53124343 2 1 4 0
53126961 2 1 4 1
53127683 8 1 3 0
53129095 294 0 1 1
53129557 38 0 1 0
53130301 8 1 3 1
53135233 0 1 4 0
53137851 0 1 4 1
53138573 16 1 1 0
53139985 38 0 1 1
53140447 294 0 1 0
53141191 16 1 1 1
53146123 2 1 4 0
53148741 2 1 4 1
53149463 8 1 3 0
53150875 294 0 1 1
53151337 38 0 1 0
53152081 8 1 3 1
53157013 0 1 4 0
53159631 0 1 4 1
53160353 16 1 1 0
53161765 38 0 1 1
53162227 294 0 1 0
53162971 16 1 1 1
53167903 2 1 4 0
53170521 2 1 4 1
53171243 8 1 3 0
53172655 294 0 1 1
53173117 38 0 1 0
53173861 8 1 3 1
53178793 0 1 4 0
53181411 0 1 4 1
53182133 16 1 1 0
53183545 38 0 1 1
53184007 294 0 1 0
53184751 16 1 1 1
53189683 2 1 4 0
53192301 2 1 4 1
53193023 8 1 3 0
53194435 294 0 1 1
53194897 38 0 1 0
53195641 8 1 3 1
53200573 0 1 4 0
53203191 0 1 4 1
53203913 16 1 1 0
53205325 38 0 1 1
53205787 294 0 1 0
53206531 16 1 1 1
53211463 2 1 4 0
53214081 2 1 4 1
53214803 8 1 3 0
53216215 294 0 1 1
53216677 38 0 1 0
53217421 8 1 3 1
53222353 0 1 4 0
53224971 0 1 4 1
53225693 16 1 1 0
53227105 38 0 1 1
53227567 294 0 1 0
53228311 16 1 1 1
53233243 2 1 4 0
53235861 2 1 4 1
53236583 8 1 3 0
53237995 294 0 1 1
53238457 38 0 1 0
53239201 8 1 3 1
53244133 0 1 4 0
53246751 0 1 4 1
53247473 16 1 1 0
53248885 38 0 1 1
53249347 294 0 1 0
53250091 16 1 1 1
53255023 2 1 4 0
53257641 2 1 4 1
53258363 8 1 3 0
53259775 294 0 1 1
53260237 38 0 1 0
53260981 8 1 3 1
53265913 0 1 4 0
53268531 0 1 4 1
53269253 16 1 1 0
53270665 38 0 1 1
53271127 294 0 1 0
53271871 16 1 1 1
53276803 2 1 4 0
53279421 2 1 4 1
53280143 8 1 3 0
53281555 294 0 1 1
53282017 38 0 1 0
53282761 8 1 3 1
53287693 0 1 4 0
53290311 0 1 4 1
53291033 16 1 1 0
53292445 38 0 1 1
53292907 294 0 1 0
53293651 16 1 1 1
53298583 2 1 4 0
53301201 2 1 4 1
53301923 8 1 3 0
53303335 294 0 1 1
53303797 38 0 1 0
53304541 8 1 3 1
53309473 0 1 4 0
53312091 0 1 4 1
53312813 16 1 1 0
53314225 38 0 1 1
53314687 294 0 1 0
53315431 16 1 1 1
53320363 2 1 4 0
53322981 2 1 4 1
53323703 8 1 3 0
53325115 294 0 1 1
53325577 38 0 1 0
53326321 8 1 3 1
53331253 0 1 4 0
53333871 0 1 4 1
53334593 16 1 1 0
53336005 38 0 1 1
53336467 294 0 1 0
53337211 16 1 1 1
53342143 2 1 4 0
53344761 2 1 4 1
53345483 8 1 3 0
53346895 294 0 1 1
53347357 38 0 1 0
53348101 8 1 3 1
53353033 0 1 4 0
53355651 0 1 4 1
53356373 16 1 1 0
53357785 38 0 1 1
53358247 294 0 1 0
53358991 16 1 1 1
53363923 2 1 4 0
53366541 2 1 4 1
53367263 8 1 3 0
53368675 294 0 1 1
53369137 38 0 1 0
53369881 8 1 3 1
53374813 0 1 4 0
53377431 0 1 4 1
53378153 16 1 1 0
53379565 38 0 1 1
53380027 294 0 1 0
53380771 16 1 1 1
53385703 2 1 4 0
53388321 2 1 4 1
53389043 8 1 3 0
53390455 294 0 1 1
53390917 38 0 1 0
53391661 8 1 3 1
53396593 0 1 4 0
53399211 0 1 4 1
53399933 16 1 1 0
53401345 38 0 1 1
53401807 294 0 1 0
53402551 16 1 1 1
53407483 2 1 4 0
53410101 2 1 4 1
53410823 8 1 3 0
53412235 294 0 1 1
53412697 38 0 1 0
53413441 8 1 3 1
53418373 0 1 4 0
53420991 0 1 4 1
53421713 16 1 1 0
53423125 38 0 1 1
53423587 294 0 1 0
53424331 16 1 1 1
53429263 2 1 4 0
53431881 2 1 4 1
53432603 8 1 3 0
53434015 294 0 1 1
53434477 38 0 1 0
53435221 8 1 3 1
53440153 0 1 4 0
53442771 0 1 4 1
53443493 16 1 1 0
53444905 38 0 1 1
53445367 294 0 1 0
53446111 16 1 1 1
53451043 2 1 4 0
53453661 2 1 4 1
53454383 8 1 3 0
53455795 294 0 1 1
53456257 38 0 1 0
53457001 8 1 3 1
53461933 0 1 4 0
53464551 0 1 4 1
53465273 16 1 1 0
53466685 38 0 1 1
53467147 294 0 1 0
53467891 16 1 1 1
53472823 2 1 4 0
53475441 2 1 4 1
53476163 8 1 3 0
53477575 294 0 1 1
53478037 38 0 1 0
53478781 8 1 3 1
53483713 0 1 4 0
53486331 0 1 4 1
53487053 16 1 1 0
53488465 38 0 1 1
53488927 294 0 1 0
53489671 16 1 1 1
53494603 2 1 4 0
53497221 2 1 4 1
53497943 8 1 3 0
53499355 294 0 1 1
53499817 38 0 1 0
53500561 8 1 3 1
53505493 0 1 4 0
53508111 0 1 4 1
53508833 16 1 1 0
53510245 38 0 1 1
53510707 294 0 1 0
53511451 16 1 1 1
53516383 2 1 4 0
53519001 2 1 4 1
53519723 8 1 3 0
53521135 294 0 1 1
53521597 38 0 1 0
53522341 8 1 3 1
53527273 0 1 4 0
53529891 0 1 4 1
53530613 16 1 1 0
53532025 38 0 1 1
53532487 294 0 1 0
53533231 16 1 1 1
53538163 2 1 4 0
53540781 2 1 4 1
53541503 8 1 3 0
53542915 294 0 1 1
53543377 38 0 1 0
53544121 8 1 3 1
53549053 0 1 4 0
53551671 0 1 4 1
53552393 16 1 1 0
53553805 38 0 1 1
53554267 294 0 1 0
53555011 16 1 1 1
53559943 2 1 4 0
53562561 2 1 4 1
53563283 8 1 3 0
53564695 294 0 1 1
53565157 38 0 1 0
53565901 8 1 3 1
53570833 0 1 4 0
53573451 0 1 4 1
53574173 16 1 1 0
53575585 38 0 1 1
53576047 294 0 1 0
53576791 16 1 1 1
53581723 2 1 4 0
53584341 2 1 4 1
53585063 8 1 3 0
53586475 294 0 1 1
53586937 38 0 1 0
53587681 8 1 3 1
53592613 0 1 4 0
53595231 0 1 4 1
53595953 16 1 1 0
53597365 38 0 1 1
53597827 294 0 1 0
53598571 16 1 1 1
53603503 2 1 4 0
53606121 2 1 4 1
53606843 8 1 3 0
53608255 294 0 1 1
53608717 38 0 1 0
53609461 8 1 3 1
53614393 0 1 4 0
53617011 0 1 4 1
53617733 16 1 1 0
53619145 38 0 1 1
53619607 294 0 1 0
53620351 16 1 1 1
53625283 2 1 4 0
53627901 2 1 4 1
53628623 8 1 3 0
53630035 294 0 1 1
53630497 38 0 1 0
53631241 8 1 3 1
53636173 0 1 4 0
53638791 0 1 4 1
53639513 16 1 1 0
53640925 38 0 1 1
53641387 294 0 1 0
53642131 16 1 1 1
53647063 2 1 4 0
53649681 2 1 4 1
53650403 8 1 3 0
53651815 294 0 1 1
53652277 38 0 1 0
53653021 8 1 3 1
53657953 0 1 4 0
53660571 0 1 4 1
53661293 16 1 1 0
53662705 38 0 1 1
53663167 294 0 1 0
53663911 16 1 1 1
53668843 2 1 4 0
53671461 2 1 4 1
53672183 8 1 3 0
53673595 294 0 1 1
53674057 38 0 1 0
53674801 8 1 3 1
53679733 0 1 4 0
53682351 0 1 4 1
53683073 16 1 1 0
53684485 38 0 1 1
53684947 294 0 1 0
53685691 16 1 1 1
53690623 2 1 4 0
53693241 2 1 4 1
53693963 8 1 3 0
53695375 294 0 1 1
53695837 38 0 1 0
53696581 8 1 3 1
53701513 0 1 4 0
53704131 0 1 4 1
53704853 16 1 1 0
53706265 38 0 1 1
53706727 294 0 1 0
53707471 16 1 1 1
53712403 2 1 4 0
53715021 2 1 4 1
53715743 8 1 3 0
53717155 294 0 1 1
53717617 38 0 1 0
53718361 8 1 3 1
53723293 0 1 4 0
53725911 0 1 4 1
53726633 16 1 1 0
53728045 38 0 1 1
53728507 294 0 1 0
53729251 16 1 1 1
53734183 2 1 4 0
53736801 2 1 4 1
53737523 8 1 3 0
53738935 294 0 1 1
53739397 38 0 1 0
53740141 8 1 3 1
53745073 0 1 4 0
53747691 0 1 4 1
53748413 16 1 1 0
53749825 38 0 1 1
53750287 294 0 1 0
53751031 16 1 1 1
53755963 2 1 4 0
53758581 2 1 4 1
53759303 8 1 3 0
53760715 294 0 1 1
53761177 38 0 1 0
53761921 8 1 3 1
53766853 0 1 4 0
53769471 0 1 4 1
53770193 16 1 1 0
53771605 38 0 1 1
53772067 294 0 1 0
53772811 16 1 1 1
53777743 2 1 4 0
53780361 2 1 4 1
53781083 8 1 3 0
53782495 294 0 1 1
53782957 38 0 1 0
53783701 8 1 3 1
53788633 0 1 4 0
53791251 0 1 4 1
53791973 16 1 1 0
53793385 38 0 1 1
53793847 294 0 1 0
53794591 16 1 1 1
53799523 2 1 4 0
53802141 2 1 4 1
53802863 8 1 3 0
53804275 294 0 1 1
53804737 38 0 1 0
53805481 8 1 3 1
53810413 0 1 4 0
53813031 0 1 4 1
53813753 16 1 1 0
53815165 38 0 1 1
53815627 294 0 1 0
53816371 16 1 1 1
53821303 2 1 4 0
53823921 2 1 4 1
53824643 8 1 3 0
53826055 294 0 1 1
53826517 38 0 1 0
53827261 8 1 3 1
53832193 0 1 4 0
53834811 0 1 4 1
53835533 16 1 1 0
53836945 38 0 1 1
53837407 294 0 1 0
53838151 16 1 1 1
53843083 2 1 4 0
53846193 2 1 4 1
53846423 8 1 3 0
53847835 294 0 1 1
53848297 38 0 1 0
53849533 8 1 3 1
53855953 0 1 4 0
53858694 0 1 4 1
53859293 16 1 1 0
53860705 38 0 1 1
53861167 294 0 1 0
53862034 16 1 1 1
53867338 2 1 4 0
53870202 2 1 4 1
53870678 8 1 3 0
53872090 294 0 1 1
53872552 38 0 1 0
53873542 8 1 3 1
53879218 0 1 4 0
53881836 0 1 4 1
53882558 16 1 1 0
53883970 38 0 1 1
53884432 294 0 1 0
53885176 16 1 1 1
53890108 2 1 4 0
53892726 2 1 4 1
53893448 8 1 3 0
53894860 294 0 1 1
53895322 38 0 1 0
53896066 8 1 3 1
53900998 0 1 4 0
53903739 0 1 4 1
53904338 16 1 1 0
53905750 38 0 1 1
53906212 294 0 1 0
53907079 16 1 1 1
53912383 2 1 4 0
53915001 2 1 4 1
53915723 8 1 3 0
53917135 294 0 1 1
53917597 38 0 1 0
53918341 8 1 3 1
53923273 0 1 4 0
53926014 0 1 4 1
53926613 16 1 1 0
53928025 38 0 1 1
53928487 294 0 1 0
53929354 16 1 1 1
53934658 2 1 4 0
53937276 2 1 4 1
53937998 8 1 3 0
53939410 294 0 1 1
53939872 38 0 1 0
53940616 8 1 3 1
53945548 0 1 4 0
53948412 0 1 4 1
53948888 16 1 1 0
53950300 38 0 1 1
53950762 294 0 1 0
53951752 16 1 1 1
53957428 2 1 4 0
53960046 2 1 4 1
53960768 8 1 3 0
53962180 294 0 1 1
53962642 38 0 1 0
53963386 8 1 3 1
53968318 0 1 4 0
53971059 0 1 4 1
53971658 16 1 1 0
53973070 38 0 1 1
53973532 294 0 1 0
53974399 16 1 1 1
53979703 2 1 4 0
53982321 2 1 4 1
53983043 8 1 3 0
53984455 294 0 1 1
53984917 38 0 1 0
53985661 8 1 3 1
53990593 0 1 4 0
53993211 0 1 4 1
53993933 16 1 1 0
53995345 38 0 1 1
53995807 294 0 1 0
53996551 16 1 1 1
54001483 2 1 4 0
54004101 2 1 4 1
54004823 8 1 3 0
54006235 294 0 1 1
54006697 38 0 1 0
54007441 8 1 3 1
54012373 0 1 4 0
54014991 0 1 4 1
54015713 16 1 1 0
54017125 38 0 1 1
54017587 294 0 1 0
54018331 16 1 1 1
54023263 2 1 4 0
54025881 2 1 4 1
54026603 8 1 3 0
54028015 294 0 1 1
54028477 38 0 1 0
54029221 8 1 3 1
54034153 0 1 4 0
54036771 0 1 4 1
54037493 16 1 1 0
54038905 38 0 1 1
54039367 294 0 1 0
54040111 16 1 1 1
54045043 2 1 4 0
54047661 2 1 4 1
54048383 8 1 3 0
54049795 294 0 1 1
54050257 38 0 1 0
54051001 8 1 3 1
54055933 0 1 4 0
54058551 0 1 4 1
54059273 16 1 1 0
54060685 38 0 1 1
54061147 294 0 1 0
54061891 16 1 1 1
54066823 2 1 4 0
54069441 2 1 4 1
54070163 8 1 3 0
54071575 294 0 1 1
54072037 38 0 1 0
54072781 8 1 3 1
54077713 0 1 4 0
54080331 0 1 4 1
54081053 16 1 1 0
54082465 38 0 1 1
54082927 294 0 1 0
54083671 16 1 1 1
54088603 2 1 4 0
54091221 2 1 4 1
54091943 8 1 3 0
54093355 294 0 1 1
54093817 38 0 1 0
54094561 8 1 3 1
54099493 0 1 4 0
54102111 0 1 4 1
54102833 16 1 1 0
54104707 294 0 1 0
54105451 16 1 1 1
54110383 2 1 4 0
54113001 2 1 4 1
54113723 8 1 3 0
54115135 294 0 1 1
54116341 8 1 3 1
54121273 0 1 4 0
54123891 0 1 4 1
54124613 16 1 1 0
54126487 294 0 1 0
54127231 16 1 1 1
54132163 2 1 4 0
54134781 2 1 4 1
54135503 8 1 3 0
54136915 294 0 1 1
54138121 8 1 3 1
54143053 0 1 4 0
54145671 0 1 4 1
54146393 16 1 1 0
54148267 294 0 1 0
54149011 16 1 1 1
54153943 2 1 4 0
54156561 2 1 4 1
54157283 8 1 3 0
54158695 294 0 1 1
54159901 8 1 3 1
54164833 0 1 4 0
54167451 0 1 4 1
54168173 16 1 1 0
54170047 294 0 1 0
54170791 16 1 1 1
54175723 2 1 4 0
54178341 2 1 4 1
54179063 8 1 3 0
54180475 294 0 1 1
54181681 8 1 3 1
54186613 0 1 4 0
54189231 0 1 4 1
54189953 16 1 1 0
54191827 294 0 1 0
54192571 16 1 1 1
54197503 2 1 4 0
54200121 2 1 4 1
54200843 8 1 3 0
54202255 294 0 1 1
54203461 8 1 3 1
54208393 0 1 4 0
54211011 0 1 4 1
54211733 16 1 1 0
54213607 294 0 1 0
54214351 16 1 1 1
54219283 2 1 4 0
54221901 2 1 4 1
54222623 8 1 3 0
54224035 294 0 1 1
54225241 8 1 3 1
54230173 0 1 4 0
54232791 0 1 4 1
54233513 16 1 1 0
54235387 294 0 1 0
54236131 16 1 1 1
54241063 2 1 4 0
54243681 2 1 4 1
54244403 8 1 3 0
54245815 294 0 1 1
54247021 8 1 3 1
54251953 0 1 4 0
54254571 0 1 4 1
54255293 16 1 1 0
54257167 294 0 1 0
54257911 16 1 1 1
54262843 2 1 4 0
54265461 2 1 4 1
54266183 8 1 3 0
54267595 294 0 1 1
54268801 8 1 3 1
54273733 0 1 4 0
54276351 0 1 4 1
54277073 16 1 1 0
54278947 294 0 1 0
54279691 16 1 1 1
54284623 2 1 4 0
54287241 2 1 4 1
54287963 8 1 3 0
54289375 294 0 1 1
54290581 8 1 3 1
54295513 0 1 4 0
54298131 0 1 4 1
54298853 16 1 1 0
54300727 294 0 1 0
54301471 16 1 1 1
54306403 2 1 4 0
54309021 2 1 4 1
54309743 8 1 3 0
54311155 294 0 1 1
54312361 8 1 3 1
54317293 0 1 4 0
54319911 0 1 4 1
54320633 16 1 1 0
54322507 294 0 1 0
54323251 16 1 1 1
54328183 2 1 4 0
54330801 2 1 4 1
54331523 8 1 3 0
54332935 294 0 1 1
54334141 8 1 3 1
54339073 0 1 4 0
54341691 0 1 4 1
54342413 16 1 1 0
54344287 294 0 1 0
54345031 16 1 1 1
54349963 2 1 4 0
54352581 2 1 4 1
54353303 8 1 3 0
54354715 294 0 1 1
54355921 8 1 3 1
54360853 0 1 4 0
54363471 0 1 4 1
54364193 16 1 1 0
54366067 294 0 1 0
54366811 16 1 1 1
54371743 2 1 4 0
54374361 2 1 4 1
54375083 8 1 3 0
54376495 294 0 1 1
54377701 8 1 3 1
54382633 0 1 4 0
54385251 0 1 4 1
54385973 16 1 1 0
54387847 294 0 1 0
54388591 16 1 1 1
54393523 2 1 4 0
54396141 2 1 4 1
54396863 8 1 3 0
54398275 294 0 1 1
54399481 8 1 3 1
54404413 0 1 4 0
54407031 0 1 4 1
54407753 16 1 1 0
54409627 294 0 1 0
54410371 16 1 1 1
54415303 2 1 4 0
54417921 2 1 4 1
54418643 8 1 3 0
54420055 294 0 1 1
54421261 8 1 3 1
54426193 0 1 4 0
54428811 0 1 4 1
54429533 16 1 1 0
54431407 294 0 1 0
54432151 16 1 1 1
54437083 2 1 4 0
54439701 2 1 4 1
54440423 8 1 3 0
54441835 294 0 1 1
54443041 8 1 3 1
54447973 0 1 4 0
54450591 0 1 4 1
54451313 16 1 1 0
54453187 294 0 1 0
54453931 16 1 1 1
54458863 2 1 4 0
54461481 2 1 4 1
54462203 8 1 3 0
54463615 294 0 1 1
54464821 8 1 3 1
54469753 0 1 4 0
54472371 0 1 4 1
54473093 16 1 1 0
54474967 294 0 1 0
54475711 16 1 1 1
54480643 2 1 4 0
54483261 2 1 4 1
54483983 8 1 3 0
54485395 294 0 1 1
54486601 8 1 3 1
54491533 0 1 4 0
54494151 0 1 4 1
54494873 16 1 1 0
54496747 294 0 1 0
54497491 16 1 1 1
54502423 2 1 4 0
54505041 2 1 4 1
54505763 8 1 3 0
54507175 294 0 1 1
54508381 8 1 3 1
54513313 0 1 4 0
54515931 0 1 4 1
54516653 16 1 1 0
54518527 294 0 1 0
54519271 16 1 1 1
54524203 2 1 4 0
54526821 2 1 4 1
54527543 8 1 3 0
54528955 294 0 1 1
54530161 8 1 3 1
54535093 0 1 4 0
54537711 0 1 4 1
54538433 16 1 1 0
54540307 294 0 1 0
54541051 16 1 1 1
54545983 2 1 4 0
54548601 2 1 4 1
54549323 8 1 3 0
54550735 294 0 1 1
54551941 8 1 3 1
54556873 0 1 4 0
54559491 0 1 4 1
54560213 16 1 1 0
54562087 294 0 1 0
54562831 16 1 1 1
54567763 2 1 4 0
54570381 2 1 4 1
54571103 8 1 3 0
54572515 294 0 1 1
54573721 8 1 3 1
54578653 0 1 4 0
54581271 0 1 4 1
54581993 16 1 1 0
54583867 294 0 1 0
54584611 16 1 1 1
54589543 2 1 4 0
54592161 2 1 4 1
54592883 8 1 3 0
54594295 294 0 1 1
54595501 8 1 3 1
54600433 0 1 4 0
54603051 0 1 4 1
54603773 16 1 1 0
54605647 294 0 1 0
54606391 16 1 1 1
54611323 2 1 4 0
54613941 2 1 4 1
54614663 8 1 3 0
54616075 294 0 1 1
54617281 8 1 3 1
54622213 0 1 4 0
54624831 0 1 4 1
54625553 16 1 1 0
54627427 294 0 1 0
54628171 16 1 1 1
54633103 2 1 4 0
54635721 2 1 4 1
54636443 8 1 3 0
54637855 294 0 1 1
54639061 8 1 3 1
54643993 0 1 4 0
54646611 0 1 4 1
54647333 16 1 1 0
54649207 294 0 1 0
54649951 16 1 1 1
54654883 2 1 4 0
54657501 2 1 4 1
54658223 8 1 3 0
54659635 294 0 1 1
54660841 8 1 3 1
54665773 0 1 4 0
54668391 0 1 4 1
54669113 16 1 1 0
54670987 294 0 1 0
54671731 16 1 1 1
54676663 2 1 4 0
54679281 2 1 4 1
54680003 8 1 3 0
54681415 294 0 1 1
54682621 8 1 3 1
54687553 0 1 4 0
54690171 0 1 4 1
54690893 16 1 1 0
54692767 294 0 1 0
54693511 16 1 1 1
54698443 2 1 4 0
54701061 2 1 4 1
54701783 8 1 3 0
54703195 294 0 1 1
54704401 8 1 3 1
54709333 0 1 4 0
54711951 0 1 4 1
54712673 16 1 1 0
54714547 294 0 1 0
54715291 16 1 1 1
54720223 2 1 4 0
54722841 2 1 4 1
54723563 8 1 3 0
54724975 294 0 1 1
54726181 8 1 3 1
54731113 0 1 4 0
54733731 0 1 4 1
54734453 16 1 1 0
54736327 294 0 1 0
54737071 16 1 1 1
54742003 2 1 4 0
54744621 2 1 4 1
54745343 8 1 3 0
54746755 294 0 1 1
54747961 8 1 3 1
54752893 0 1 4 0
54755511 0 1 4 1
54756233 16 1 1 0
54758107 294 0 1 0
54758851 16 1 1 1
54763783 2 1 4 0
54766401 2 1 4 1
54767123 8 1 3 0
54768535 294 0 1 1
54769741 8 1 3 1
54774673 0 1 4 0
54777291 0 1 4 1
54778013 16 1 1 0
54779887 294 0 1 0
54780631 16 1 1 1
54785563 2 1 4 0
54788181 2 1 4 1
54788903 8 1 3 0
54790315 294 0 1 1
54791521 8 1 3 1
54796453 0 1 4 0
54799071 0 1 4 1
54799793 16 1 1 0
54801667 294 0 1 0
54802411 16 1 1 1
54807343 2 1 4 0
54809961 2 1 4 1
54810683 8 1 3 0
54812095 294 0 1 1
54813301 8 1 3 1
54818233 0 1 4 0
54820851 0 1 4 1
54821573 16 1 1 0
54823447 294 0 1 0
54824191 16 1 1 1
54829123 2 1 4 0
54831741 2 1 4 1
54832463 8 1 3 0
54833875 294 0 1 1
54835081 8 1 3 1
54840013 0 1 4 0
54842631 0 1 4 1
54843353 16 1 1 0
54845227 294 0 1 0
54845971 16 1 1 1
54850903 2 1 4 0
54853521 2 1 4 1
54854243 8 1 3 0
54855655 294 0 1 1
54856861 8 1 3 1
54861793 0 1 4 0
54864411 0 1 4 1
54865133 16 1 1 0
54867007 294 0 1 0
54867751 16 1 1 1
54872683 2 1 4 0
54875301 2 1 4 1
54876023 8 1 3 0
54877435 294 0 1 1
54878641 8 1 3 1
54883573 0 1 4 0
54886191 0 1 4 1
54886913 16 1 1 0
54888787 294 0 1 0
54889531 16 1 1 1
54894463 2 1 4 0
54897081 2 1 4 1
54897803 8 1 3 0
54899215 294 0 1 1
54900421 8 1 3 1
54905353 0 1 4 0
54907971 0 1 4 1
54908693 16 1 1 0
54910567 294 0 1 0
54911311 16 1 1 1
54916243 2 1 4 0
54918861 2 1 4 1
54919583 8 1 3 0
54920995 294 0 1 1
54922201 8 1 3 1
54927133 0 1 4 0
54929751 0 1 4 1
54930473 16 1 1 0
54932347 294 0 1 0
54933091 16 1 1 1
54938023 2 1 4 0
54940641 2 1 4 1
54941363 8 1 3 0
54942775 294 0 1 1
54943981 8 1 3 1
54948913 0 1 4 0
54951531 0 1 4 1
54952253 16 1 1 0
54954127 294 0 1 0
54954871 16 1 1 1
54959803 2 1 4 0
54962421 2 1 4 1
54963143 8 1 3 0
54964555 294 0 1 1
54965761 8 1 3 1
54970693 0 1 4 0
54973311 0 1 4 1
54974033 16 1 1 0
54975907 294 0 1 0
54976651 16 1 1 1
54981583 2 1 4 0
54984201 2 1 4 1
54984923 8 1 3 0
54986335 294 0 1 1
54987541 8 1 3 1
54992473 0 1 4 0
54995091 0 1 4 1
54995813 16 1 1 0
54997687 294 0 1 0
54998431 16 1 1 1
55003363 2 1 4 0
55005981 2 1 4 1
55006703 8 1 3 0
55008115 294 0 1 1
55009321 8 1 3 1
55014253 0 1 4 0
55016871 0 1 4 1
55017593 16 1 1 0
55019467 294 0 1 0
55020211 16 1 1 1
55025143 2 1 4 0
55027761 2 1 4 1
55028483 8 1 3 0
55029895 294 0 1 1
55031101 8 1 3 1
55036033 0 1 4 0
55038651 0 1 4 1
55039373 16 1 1 0
55041247 294 0 1 0
55041991 16 1 1 1
55046923 2 1 4 0
55049541 2 1 4 1
55050263 8 1 3 0
55051675 294 0 1 1
55052881 8 1 3 1
55057813 0 1 4 0
55060431 0 1 4 1
55061153 16 1 1 0
55063027 294 0 1 0
55063771 16 1 1 1
55068703 2 1 4 0
55071321 2 1 4 1
55072043 8 1 3 0
55073455 294 0 1 1
55074661 8 1 3 1
55079593 0 1 4 0
55082211 0 1 4 1
55082933 16 1 1 0
55084807 294 0 1 0
55085551 16 1 1 1
55090483 2 1 4 0
55093101 2 1 4 1
55093823 8 1 3 0
55095235 294 0 1 1
55096441 8 1 3 1
55101373 0 1 4 0
55103991 0 1 4 1
55104713 16 1 1 0
55106587 294 0 1 0
55107331 16 1 1 1
55112263 2 1 4 0
55114881 2 1 4 1
55115603 8 1 3 0
55117015 294 0 1 1
55118221 8 1 3 1
55123153 0 1 4 0
55125771 0 1 4 1
55126493 16 1 1 0
55128367 294 0 1 0
55129111 16 1 1 1
55134043 2 1 4 0
55136661 2 1 4 1
55137383 8 1 3 0
55138795 294 0 1 1
55140001 8 1 3 1
55144933 0 1 4 0
55147551 0 1 4 1
55148273 16 1 1 0
55150147 294 0 1 0
55150891 16 1 1 1
55155823 2 1 4 0
55158441 2 1 4 1
55159163 8 1 3 0
55160575 294 0 1 1
55161781 8 1 3 1
55166713 0 1 4 0
55169331 0 1 4 1
55170053 16 1 1 0
55171927 294 0 1 0
55172671 16 1 1 1
55177603 2 1 4 0
55180221 2 1 4 1
55180943 8 1 3 0
55182355 294 0 1 1
55183561 8 1 3 1
55188493 0 1 4 0
55191111 0 1 4 1
55191833 16 1 1 0
55193707 294 0 1 0
55194451 16 1 1 1
55199383 2 1 4 0
55202001 2 1 4 1
55202723 8 1 3 0
55204135 294 0 1 1
55205341 8 1 3 1
55210273 0 1 4 0
55212891 0 1 4 1
55213613 16 1 1 0
55215487 294 0 1 0
55216231 16 1 1 1
55221163 2 1 4 0
55223781 2 1 4 1
55224503 8 1 3 0
55225915 294 0 1 1
55227121 8 1 3 1
55232053 0 1 4 0
55234671 0 1 4 1
55235393 16 1 1 0
55237267 294 0 1 0
55238011 16 1 1 1
55242943 2 1 4 0
55245561 2 1 4 1
55246283 8 1 3 0
55247695 294 0 1 1
55248901 8 1 3 1
55253833 0 1 4 0
55256451 0 1 4 1
55257173 16 1 1 0
55259047 294 0 1 0
55259791 16 1 1 1
55264723 2 1 4 0
55267341 2 1 4 1
55268063 8 1 3 0
55269475 294 0 1 1
55270681 8 1 3 1
55275613 0 1 4 0
55278231 0 1 4 1
55278953 16 1 1 0
55280827 294 0 1 0
55281571 16 1 1 1
55286503 2 1 4 0
55289121 2 1 4 1
55289843 8 1 3 0
55291255 294 0 1 1
55292461 8 1 3 1
55297393 0 1 4 0
55300011 0 1 4 1
55300733 16 1 1 0
55302607 294 0 1 0
55303351 16 1 1 1
55308283 2 1 4 0
55310901 2 1 4 1
55311623 8 1 3 0
55313035 294 0 1 1
55314241 8 1 3 1
55319173 0 1 4 0
55321791 0 1 4 1
55322513 16 1 1 0
55324387 294 0 1 0
55325131 16 1 1 1
55330063 2 1 4 0
55332681 2 1 4 1
55333403 8 1 3 0
55334815 294 0 1 1
55336021 8 1 3 1
55340953 0 1 4 0
55343571 0 1 4 1
55344293 16 1 1 0
55346167 294 0 1 0
55346911 16 1 1 1
55351843 2 1 4 0
55354461 2 1 4 1
55355183 8 1 3 0
55356595 294 0 1 1
55357801 8 1 3 1
55362733 0 1 4 0
55365351 0 1 4 1
55366073 16 1 1 0
55367947 294 0 1 0
55368691 16 1 1 1
55373623 2 1 4 0
55376241 2 1 4 1
55376963 8 1 3 0
55378375 294 0 1 1
55379581 8 1 3 1
55384513 0 1 4 0
55387131 0 1 4 1
55387853 16 1 1 0
55389727 294 0 1 0
55390471 16 1 1 1
55395403 2 1 4 0
55398021 2 1 4 1
55398743 8 1 3 0
55400155 294 0 1 1
55401361 8 1 3 1
55406293 0 1 4 0
55408911 0 1 4 1
55409633 16 1 1 0
55411507 294 0 1 0
55412251 16 1 1 1
55417183 2 1 4 0
55419801 2 1 4 1
55420523 8 1 3 0
55421935 294 0 1 1
55423141 8 1 3 1
55428073 0 1 4 0
55430691 0 1 4 1
55431413 16 1 1 0
55433287 294 0 1 0
55434031 16 1 1 1
55438963 2 1 4 0
55441581 2 1 4 1
55442303 8 1 3 0
55443715 294 0 1 1
55444921 8 1 3 1
55449853 0 1 4 0
55452471 0 1 4 1
55453193 16 1 1 0
55455067 294 0 1 0
55455811 16 1 1 1
55460743 2 1 4 0
55462238 8 1 3 0
55463361 2 1 4 1
55465495 294 0 1 1
55471633 0 1 4 0
55474251 0 1 4 1
55474973 16 1 1 0
55476847 294 0 1 0
55477591 16 1 1 1
55482523 2 1 4 0
55485141 2 1 4 1
55487275 294 0 1 1
55493413 0 1 4 0
55496031 0 1 4 1
55496753 16 1 1 0
55498627 294 0 1 0
55499371 16 1 1 1
55504303 2 1 4 0
55506921 2 1 4 1
55509055 294 0 1 1
55515193 0 1 4 0
55517811 0 1 4 1
55518533 16 1 1 0
55520407 294 0 1 0
55521151 16 1 1 1
55526083 2 1 4 0
55528701 2 1 4 1
55530835 294 0 1 1
55536973 0 1 4 0
55539591 0 1 4 1
55540313 16 1 1 0
55542187 294 0 1 0
55542931 16 1 1 1
55547863 2 1 4 0
55550481 2 1 4 1
55552615 294 0 1 1
55558753 0 1 4 0
55561371 0 1 4 1
55562093 16 1 1 0
55563967 294 0 1 0
55564711 16 1 1 1
55569643 2 1 4 0
55572261 2 1 4 1
55574395 294 0 1 1
55580533 0 1 4 0
55583151 0 1 4 1
55583873 16 1 1 0
55585747 294 0 1 0
55586491 16 1 1 1
55591423 2 1 4 0
55594041 2 1 4 1
55596175 294 0 1 1
55602313 0 1 4 0
55604931 0 1 4 1
55605653 16 1 1 0
55607527 294 0 1 0
55608271 16 1 1 1
55613203 2 1 4 0
55615821 2 1 4 1
55617955 294 0 1 1
55624093 0 1 4 0
55626711 0 1 4 1
55627433 16 1 1 0
55629307 294 0 1 0
55630051 16 1 1 1
55634983 2 1 4 0
55637601 2 1 4 1
55639735 294 0 1 1
55645873 0 1 4 0
55648491 0 1 4 1
55649213 16 1 1 0
55651087 294 0 1 0
55651831 16 1 1 1
55656763 2 1 4 0
55659381 2 1 4 1
55661515 294 0 1 1
55667653 0 1 4 0
55670271 0 1 4 1
55670993 16 1 1 0
55672867 294 0 1 0
55673611 16 1 1 1
55678543 2 1 4 0
55681161 2 1 4 1
55683295 294 0 1 1
55689433 0 1 4 0
55692051 0 1 4 1
55692773 16 1 1 0
55694647 294 0 1 0
55695391 16 1 1 1
55700323 2 1 4 0
55702941 2 1 4 1
55705075 294 0 1 1
55711213 0 1 4 0
55713831 0 1 4 1
55714553 16 1 1 0
55716427 294 0 1 0
55717171 16 1 1 1
55722103 2 1 4 0
55724721 2 1 4 1
55726855 294 0 1 1
55732993 0 1 4 0
55735611 0 1 4 1
55736333 16 1 1 0
55738207 294 0 1 0
55738951 16 1 1 1
55743883 2 1 4 0
55746501 2 1 4 1
55748635 294 0 1 1
55754773 0 1 4 0
55757391 0 1 4 1
55758113 16 1 1 0
55759987 294 0 1 0
55760731 16 1 1 1
55765663 2 1 4 0
55768281 2 1 4 1
55770415 294 0 1 1
55776553 0 1 4 0
55779171 0 1 4 1
55779893 16 1 1 0
55781767 294 0 1 0
55782511 16 1 1 1
55787443 2 1 4 0
55790061 2 1 4 1
55792195 294 0 1 1
55798333 0 1 4 0
55800951 0 1 4 1
55801673 16 1 1 0
55803547 294 0 1 0
55804291 16 1 1 1
55809223 2 1 4 0
55811841 2 1 4 1
55813975 294 0 1 1
55820113 0 1 4 0
55822731 0 1 4 1
55823453 16 1 1 0
55825327 294 0 1 0
55826071 16 1 1 1
55831003 2 1 4 0
55833621 2 1 4 1
55835755 294 0 1 1
55841893 0 1 4 0
55844511 0 1 4 1
55845233 16 1 1 0
55847107 294 0 1 0
55847851 16 1 1 1
55852783 2 1 4 0
55855401 2 1 4 1
55857535 294 0 1 1
55863673 0 1 4 0
55866291 0 1 4 1
55867013 16 1 1 0
55868887 294 0 1 0
55869631 16 1 1 1
55874563 2 1 4 0
55877181 2 1 4 1
55879315 294 0 1 1
55885453 0 1 4 0
55888071 0 1 4 1
55888793 16 1 1 0
55890667 294 0 1 0
55891411 16 1 1 1
55896343 2 1 4 0
55898961 2 1 4 1
55901095 294 0 1 1
55907233 0 1 4 0
55909851 0 1 4 1
55910573 16 1 1 0
55912447 294 0 1 0
55913191 16 1 1 1
55918123 2 1 4 0
55920741 2 1 4 1
55922875 294 0 1 1
55929013 0 1 4 0
55931631 0 1 4 1
55932353 16 1 1 0
55934227 294 0 1 0
55934971 16 1 1 1
55939903 2 1 4 0
55942521 2 1 4 1
55944655 294 0 1 1
55950793 0 1 4 0
55953411 0 1 4 1
55954133 16 1 1 0
55956007 294 0 1 0
55956751 16 1 1 1
55961683 2 1 4 0
55964301 2 1 4 1
55966435 294 0 1 1
55972573 0 1 4 0
55975191 0 1 4 1
55975913 16 1 1 0
55977787 294 0 1 0
55978531 16 1 1 1
55983463 2 1 4 0
55986081 2 1 4 1
55988215 294 0 1 1
55994353 0 1 4 0
55996971 0 1 4 1
55997693 16 1 1 0
55999567 294 0 1 0
56000311 16 1 1 1
56005243 2 1 4 0
56007861 2 1 4 1
56009995 294 0 1 1
56016133 0 1 4 0
56018751 0 1 4 1
56019473 16 1 1 0
56021347 294 0 1 0
56022091 16 1 1 1
56027023 2 1 4 0
56029641 2 1 4 1
56031775 294 0 1 1
56037913 0 1 4 0
56040531 0 1 4 1
56041253 16 1 1 0
56043127 294 0 1 0
56043871 16 1 1 1
56048803 2 1 4 0
56051421 2 1 4 1
56053555 294 0 1 1
56059693 0 1 4 0
56062311 0 1 4 1
56063033 16 1 1 0
56064907 294 0 1 0
56065651 16 1 1 1
56070583 2 1 4 0
56073201 2 1 4 1
56075335 294 0 1 1
56081473 0 1 4 0
56084091 0 1 4 1
56084813 16 1 1 0
56086687 294 0 1 0
56087431 16 1 1 1
56092363 2 1 4 0
56094981 2 1 4 1
56097115 294 0 1 1
56103253 0 1 4 0
56105871 0 1 4 1
56106593 16 1 1 0
56108467 294 0 1 0
56109211 16 1 1 1
56114143 2 1 4 0
56116761 2 1 4 1
56118895 294 0 1 1
56125033 0 1 4 0
56127651 0 1 4 1
56128373 16 1 1 0
56130247 294 0 1 0
56130991 16 1 1 1
56135923 2 1 4 0
56138541 2 1 4 1
56140675 294 0 1 1
56146813 0 1 4 0
56149431 0 1 4 1
56150153 16 1 1 0
56152027 294 0 1 0
56152771 16 1 1 1
56157703 2 1 4 0
56160321 2 1 4 1
56162455 294 0 1 1
56168593 0 1 4 0
56171211 0 1 4 1
56171933 16 1 1 0
56173807 294 0 1 0
56174551 16 1 1 1
56179483 2 1 4 0
56182101 2 1 4 1
56184235 294 0 1 1
56190373 0 1 4 0
56192991 0 1 4 1
56193713 16 1 1 0
56195587 294 0 1 0
56196331 16 1 1 1
56201263 2 1 4 0
56203881 2 1 4 1
56206015 294 0 1 1
56212153 0 1 4 0
56214771 0 1 4 1
56215493 16 1 1 0
56217367 294 0 1 0
56218111 16 1 1 1
56223043 2 1 4 0
56225661 2 1 4 1
56227795 294 0 1 1
56233933 0 1 4 0
56236551 0 1 4 1
56237273 16 1 1 0
56239147 294 0 1 0
56239891 16 1 1 1
56244823 2 1 4 0
56247441 2 1 4 1
56249575 294 0 1 1
56255713 0 1 4 0
56258331 0 1 4 1
56259053 16 1 1 0
56260927 294 0 1 0
56261671 16 1 1 1
56266603 2 1 4 0
56269221 2 1 4 1
56271355 294 0 1 1
56277493 0 1 4 0
56280111 0 1 4 1
56280833 16 1 1 0
56282707 294 0 1 0
56283451 16 1 1 1
56288383 2 1 4 0
56291001 2 1 4 1
56293135 294 0 1 1
56299273 0 1 4 0
56301891 0 1 4 1
56302613 16 1 1 0
56304487 294 0 1 0
56305231 16 1 1 1
56310163 2 1 4 0
56312781 2 1 4 1
56314915 294 0 1 1
56321053 0 1 4 0
56323671 0 1 4 1
56324393 16 1 1 0
56326267 294 0 1 0
56327011 16 1 1 1
56331943 2 1 4 0
56334561 2 1 4 1
56336695 294 0 1 1
56342833 0 1 4 0
56345451 0 1 4 1
56346173 16 1 1 0
56348047 294 0 1 0
56348791 16 1 1 1
56353723 2 1 4 0
56356341 2 1 4 1
56358475 294 0 1 1
56364613 0 1 4 0
56367231 0 1 4 1
56367953 16 1 1 0
56369827 294 0 1 0
56370571 16 1 1 1
56375503 2 1 4 0
56378121 2 1 4 1
56380255 294 0 1 1
56386393 0 1 4 0
56389011 0 1 4 1
56389733 16 1 1 0
56391607 294 0 1 0
56392351 16 1 1 1
56397283 2 1 4 0
56399901 2 1 4 1
56402035 294 0 1 1
56408173 0 1 4 0
56410791 0 1 4 1
56411513 16 1 1 0
56413387 294 0 1 0
56414131 16 1 1 1
56419063 2 1 4 0
56421681 2 1 4 1
56423815 294 0 1 1
56429953 0 1 4 0
56432571 0 1 4 1
56433293 16 1 1 0
56435167 294 0 1 0
56435911 16 1 1 1
56440843 2 1 4 0
56443461 2 1 4 1
56445595 294 0 1 1
56451733 0 1 4 0
56454351 0 1 4 1
56455073 16 1 1 0
56456947 294 0 1 0
56457691 16 1 1 1
56462623 2 1 4 0
56465241 2 1 4 1
56467375 294 0 1 1
56473513 0 1 4 0
56476131 0 1 4 1
56476853 16 1 1 0
56478727 294 0 1 0
56479471 16 1 1 1
56484403 2 1 4 0
56487021 2 1 4 1
56489155 294 0 1 1
56495293 0 1 4 0
56497911 0 1 4 1
56498633 16 1 1 0
56500507 294 0 1 0
56501251 16 1 1 1
56506183 2 1 4 0
56508801 2 1 4 1
56510935 294 0 1 1
56517073 0 1 4 0
56519691 0 1 4 1
56520413 16 1 1 0
56522287 294 0 1 0
56523031 16 1 1 1
56527963 2 1 4 0
56530581 2 1 4 1
56532715 294 0 1 1
56538853 0 1 4 0
56541471 0 1 4 1
56542193 16 1 1 0
56544067 294 0 1 0
56544811 16 1 1 1
56549743 2 1 4 0
56552361 2 1 4 1
56554495 294 0 1 1
56560633 0 1 4 0
56563251 0 1 4 1
56563973 16 1 1 0
56565847 294 0 1 0
56566591 16 1 1 1
56571523 2 1 4 0
56574141 2 1 4 1
56576275 294 0 1 1
56582413 0 1 4 0
56585031 0 1 4 1
56585753 16 1 1 0
56587627 294 0 1 0
56588371 16 1 1 1
56593303 2 1 4 0
56595921 2 1 4 1
56598055 294 0 1 1
56604193 0 1 4 0
56606811 0 1 4 1
56607533 16 1 1 0
56609407 294 0 1 0
56610151 16 1 1 1
56615083 2 1 4 0
56617701 2 1 4 1
56619835 294 0 1 1
56625973 0 1 4 0
56628591 0 1 4 1
56629313 16 1 1 0
56631187 294 0 1 0
56631931 16 1 1 1
56636863 2 1 4 0
56639481 2 1 4 1
56641615 294 0 1 1
56647753 0 1 4 0
56650371 0 1 4 1
56651093 16 1 1 0
56652967 294 0 1 0
56653711 16 1 1 1
56658643 2 1 4 0
56661261 2 1 4 1
56663395 294 0 1 1
56669533 0 1 4 0
56672151 0 1 4 1
56672873 16 1 1 0
56674747 294 0 1 0
56675491 16 1 1 1
56680423 2 1 4 0
56683041 2 1 4 1
56685175 294 0 1 1
56691313 0 1 4 0
56693931 0 1 4 1
56694653 16 1 1 0
56696527 294 0 1 0
56697271 16 1 1 1
56702203 2 1 4 0
56704821 2 1 4 1
56706955 294 0 1 1
56713093 0 1 4 0
56715711 0 1 4 1
56716433 16 1 1 0
56718307 294 0 1 0
56719051 16 1 1 1
56723983 2 1 4 0
56726601 2 1 4 1
56728735 294 0 1 1
56734873 0 1 4 0
56737491 0 1 4 1
56738213 16 1 1 0
56740087 294 0 1 0
56740831 16 1 1 1
56745763 2 1 4 0
56748381 2 1 4 1
56750515 294 0 1 1
56756653 0 1 4 0
56759271 0 1 4 1
56759993 16 1 1 0
56761867 294 0 1 0
56762611 16 1 1 1
56767543 2 1 4 0
56770161 2 1 4 1
56772295 294 0 1 1
56778433 0 1 4 0
56781051 0 1 4 1
56781773 16 1 1 0
56783647 294 0 1 0
56784391 16 1 1 1
56789323 2 1 4 0
56791941 2 1 4 1
56794075 294 0 1 1
56800213 0 1 4 0
56802831 0 1 4 1
56803553 16 1 1 0
56805427 294 0 1 0
56806171 16 1 1 1
56811103 2 1 4 0
56813721 2 1 4 1
56815855 294 0 1 1
56821993 0 1 4 0
56824611 0 1 4 1
56825333 16 1 1 0
56827207 294 0 1 0
56827951 16 1 1 1
56832883 2 1 4 0
56835501 2 1 4 1
56837635 294 0 1 1
56843773 0 1 4 0
56846391 0 1 4 1
56847113 16 1 1 0
56848987 294 0 1 0
56849731 16 1 1 1
56854663 2 1 4 0
56857281 2 1 4 1
56859415 294 0 1 1
56865553 0 1 4 0
56868171 0 1 4 1
56868893 16 1 1 0
56870767 294 0 1 0
56871511 16 1 1 1
56876443 2 1 4 0
56879061 2 1 4 1
56881195 294 0 1 1
56887333 0 1 4 0
56889951 0 1 4 1
56890673 16 1 1 0
56892547 294 0 1 0
56893291 16 1 1 1
56898223 2 1 4 0
56900841 2 1 4 1
56902975 294 0 1 1
56909113 0 1 4 0
56911731 0 1 4 1
56912453 16 1 1 0
56914327 294 0 1 0
56915071 16 1 1 1
56920003 2 1 4 0
56922621 2 1 4 1
56924755 294 0 1 1
56930893 0 1 4 0
56933511 0 1 4 1
56934233 16 1 1 0
56936107 294 0 1 0
56936851 16 1 1 1
56941783 2 1 4 0
56944401 2 1 4 1
56946535 294 0 1 1
56952673 0 1 4 0
56955291 0 1 4 1
56956013 16 1 1 0
56957887 294 0 1 0
56958631 16 1 1 1
56963563 2 1 4 0
56966181 2 1 4 1
56968315 294 0 1 1
56974453 0 1 4 0
56977071 0 1 4 1
56977793 16 1 1 0
56979667 294 0 1 0
56980411 16 1 1 1
56985343 2 1 4 0
56987961 2 1 4 1
56990095 294 0 1 1
56996233 0 1 4 0
56998851 0 1 4 1
56999573 16 1 1 0
57001447 294 0 1 0
57002191 16 1 1 1
57007123 2 1 4 0
57009741 2 1 4 1
57011875 294 0 1 1
57018013 0 1 4 0
57020631 0 1 4 1
57021353 16 1 1 0
57023227 294 0 1 0
57023971 16 1 1 1
57028903 2 1 4 0
57031521 2 1 4 1
57033655 294 0 1 1
57039793 0 1 4 0
57042411 0 1 4 1
57043133 16 1 1 0
57045007 294 0 1 0
57045751 16 1 1 1
57050683 2 1 4 0
57053301 2 1 4 1
57055435 294 0 1 1
57061573 0 1 4 0
57064191 0 1 4 1
57064913 16 1 1 0
57066787 294 0 1 0
57067531 16 1 1 1
57072463 2 1 4 0
57075081 2 1 4 1
57077215 294 0 1 1
57083353 0 1 4 0
57085971 0 1 4 1
57086693 16 1 1 0
57088567 294 0 1 0
57089311 16 1 1 1
57094243 2 1 4 0
57096861 2 1 4 1
57098995 294 0 1 1
57105133 0 1 4 0
57107751 0 1 4 1
57108473 16 1 1 0
57110347 294 0 1 0
57111091 16 1 1 1
57116023 2 1 4 0
57118641 2 1 4 1
57120775 294 0 1 1
57126913 0 1 4 0
57129531 0 1 4 1
57130253 16 1 1 0
57132127 294 0 1 0
57132871 16 1 1 1
57137803 2 1 4 0
57140421 2 1 4 1
57142555 294 0 1 1
57148693 0 1 4 0
57151311 0 1 4 1
57152033 16 1 1 0
57153907 294 0 1 0
57154651 16 1 1 1
57159583 2 1 4 0
57162201 2 1 4 1
57164335 294 0 1 1
57170473 0 1 4 0
57173091 0 1 4 1
57173813 16 1 1 0
57175687 294 0 1 0
57176431 16 1 1 1
57181363 2 1 4 0
57183981 2 1 4 1
57186115 294 0 1 1
57192253 0 1 4 0
57194871 0 1 4 1
57195593 16 1 1 0
57197467 294 0 1 0
57198211 16 1 1 1
57203143 2 1 4 0
57205761 2 1 4 1
57207895 294 0 1 1
57214033 0 1 4 0
57216651 0 1 4 1
57217373 16 1 1 0
57219247 294 0 1 0
57219991 16 1 1 1
57224923 2 1 4 0
57227541 2 1 4 1
57229675 294 0 1 1
57235813 0 1 4 0
57238431 0 1 4 1
57239153 16 1 1 0
57241027 294 0 1 0
57241771 16 1 1 1
57246703 2 1 4 0
57249321 2 1 4 1
57251455 294 0 1 1
57257593 0 1 4 0
57260211 0 1 4 1
57260933 16 1 1 0
57262807 294 0 1 0
57263551 16 1 1 1
57268483 2 1 4 0
57271101 2 1 4 1
57273235 294 0 1 1
57279373 0 1 4 0
57281991 0 1 4 1
57282713 16 1 1 0
57284587 294 0 1 0
57285331 16 1 1 1
57290263 2 1 4 0
57292881 2 1 4 1
57295015 294 0 1 1
57301153 0 1 4 0
57303771 0 1 4 1
57304493 16 1 1 0
57306367 294 0 1 0
57307111 16 1 1 1
57312043 2 1 4 0
57314661 2 1 4 1
57316795 294 0 1 1
57322933 0 1 4 0
57325551 0 1 4 1
57326273 16 1 1 0
57328147 294 0 1 0
57328891 16 1 1 1
57333823 2 1 4 0
57336441 2 1 4 1
57338575 294 0 1 1
57344713 0 1 4 0
57347331 0 1 4 1
57348053 16 1 1 0
57349927 294 0 1 0
57350671 16 1 1 1
57355603 2 1 4 0
57358221 2 1 4 1
57360355 294 0 1 1
57366493 0 1 4 0
57369111 0 1 4 1
57369833 16 1 1 0
57371707 294 0 1 0
57372451 16 1 1 1
57377383 2 1 4 0
57380001 2 1 4 1
57382135 294 0 1 1
57388273 0 1 4 0
57390891 0 1 4 1
57391613 16 1 1 0
57393487 294 0 1 0
57394231 16 1 1 1
57399163 2 1 4 0
57401781 2 1 4 1
57403915 294 0 1 1
57410053 0 1 4 0
57412671 0 1 4 1
57413393 16 1 1 0
57415267 294 0 1 0
57416011 16 1 1 1
57420943 2 1 4 0
57423561 2 1 4 1
57425695 294 0 1 1
57431833 0 1 4 0
57434451 0 1 4 1
57435173 16 1 1 0
57437047 294 0 1 0
57437791 16 1 1 1
57442723 2 1 4 0
57445341 2 1 4 1
57447475 294 0 1 1
57453613 0 1 4 0
57456231 0 1 4 1
57456953 16 1 1 0
57458827 294 0 1 0
57459571 16 1 1 1
57464503 2 1 4 0
57467121 2 1 4 1
57469255 294 0 1 1
57475393 0 1 4 0
57478011 0 1 4 1
57478733 16 1 1 0
57480607 294 0 1 0
57481351 16 1 1 1
57486283 2 1 4 0
57488901 2 1 4 1
57491035 294 0 1 1
57497173 0 1 4 0
57499791 0 1 4 1
57500513 16 1 1 0
57502387 294 0 1 0
57503131 16 1 1 1
57508063 2 1 4 0
57510681 2 1 4 1
57512815 294 0 1 1
57518953 0 1 4 0
57521571 0 1 4 1
57522293 16 1 1 0
57524167 294 0 1 0
57524911 16 1 1 1
57529843 2 1 4 0
57532461 2 1 4 1
57534595 294 0 1 1
57540733 0 1 4 0
57543351 0 1 4 1
57544073 16 1 1 0
57545947 294 0 1 0
57546691 16 1 1 1
57551623 2 1 4 0
57554241 2 1 4 1
57556375 294 0 1 1
57562513 0 1 4 0
57565131 0 1 4 1
57565853 16 1 1 0
57567727 294 0 1 0
57568471 16 1 1 1
57573403 2 1 4 0
57576021 2 1 4 1
57578155 294 0 1 1
57584293 0 1 4 0
57586911 0 1 4 1
57587633 16 1 1 0
57589507 294 0 1 0
57590251 16 1 1 1
57595183 2 1 4 0
57597801 2 1 4 1
57599935 294 0 1 1
57606073 0 1 4 0
57608691 0 1 4 1
57609413 16 1 1 0
57611287 294 0 1 0
57612031 16 1 1 1
57616963 2 1 4 0
57619581 2 1 4 1
57621715 294 0 1 1
57627853 0 1 4 0
57630471 0 1 4 1
57631193 16 1 1 0
57633067 294 0 1 0
57633811 16 1 1 1
57638743 2 1 4 0
57641361 2 1 4 1
57643495 294 0 1 1
57649633 0 1 4 0
57652251 0 1 4 1
57652973 16 1 1 0
57654847 294 0 1 0
57655591 16 1 1 1
57660523 2 1 4 0
57663141 2 1 4 1
57665275 294 0 1 1
57671413 0 1 4 0
57674031 0 1 4 1
57674753 16 1 1 0
57676627 294 0 1 0
57677371 16 1 1 1
57682303 2 1 4 0
57684921 2 1 4 1
57687055 294 0 1 1
57693193 0 1 4 0
57695811 0 1 4 1
57696533 16 1 1 0
57698407 294 0 1 0
57699151 16 1 1 1
57704083 2 1 4 0
57706701 2 1 4 1
57708835 294 0 1 1
57714973 0 1 4 0
57717591 0 1 4 1
57718313 16 1 1 0
57720187 294 0 1 0
57720931 16 1 1 1
57725863 2 1 4 0
57728481 2 1 4 1
57730615 294 0 1 1
57736753 0 1 4 0
57739371 0 1 4 1
57740093 16 1 1 0
57741967 294 0 1 0
57742711 16 1 1 1
57747643 2 1 4 0
57750261 2 1 4 1
57752395 294 0 1 1
57758533 0 1 4 0
57761151 0 1 4 1
57761873 16 1 1 0
57763747 294 0 1 0
57764491 16 1 1 1
57769423 2 1 4 0
57772041 2 1 4 1
57774175 294 0 1 1
57780313 0 1 4 0
57782931 0 1 4 1
57783653 16 1 1 0
57785527 294 0 1 0
57786271 16 1 1 1
57791203 2 1 4 0
57793821 2 1 4 1
57795955 294 0 1 1
57802093 0 1 4 0
57804711 0 1 4 1
57805433 16 1 1 0
57807307 294 0 1 0
57808051 16 1 1 1
57812983 2 1 4 0
57815601 2 1 4 1
57817735 294 0 1 1
57823873 0 1 4 0
57826491 0 1 4 1
57827213 16 1 1 0
57829087 294 0 1 0
57829831 16 1 1 1
57834763 2 1 4 0
57837381 2 1 4 1
57839515 294 0 1 1
57845653 0 1 4 0
57848271 0 1 4 1
57848993 16 1 1 0
57850867 294 0 1 0
57851611 16 1 1 1
57856543 2 1 4 0
57859161 2 1 4 1
57861295 294 0 1 1
57867433 0 1 4 0
57870051 0 1 4 1
57870773 16 1 1 0
57872647 294 0 1 0
57873391 16 1 1 1
57878323 2 1 4 0
57880941 2 1 4 1
57883075 294 0 1 1
57889213 0 1 4 0
57891831 0 1 4 1
57892553 16 1 1 0
57894427 294 0 1 0
57895171 16 1 1 1
57900103 2 1 4 0
57902721 2 1 4 1
57904855 294 0 1 1
57910993 0 1 4 0
57913611 0 1 4 1
57914333 16 1 1 0
57916207 294 0 1 0
57916951 16 1 1 1
57921883 2 1 4 0
57924501 2 1 4 1
57926635 294 0 1 1
57932773 0 1 4 0
57935391 0 1 4 1
57936113 16 1 1 0
57937987 294 0 1 0
57938731 16 1 1 1
57943663 2 1 4 0
57946281 2 1 4 1
57948415 294 0 1 1
57954553 0 1 4 0
57957171 0 1 4 1
57957893 16 1 1 0
57959767 294 0 1 0
57960511 16 1 1 1
57965443 2 1 4 0
57968061 2 1 4 1
57970195 294 0 1 1
57976333 0 1 4 0
57978951 0 1 4 1
57979673 16 1 1 0
57981547 294 0 1 0
57982291 16 1 1 1
57987223 2 1 4 0
57989841 2 1 4 1
57991975 294 0 1 1
57998113 0 1 4 0
58000731 0 1 4 1
58001453 16 1 1 0
58003327 294 0 1 0
58004071 16 1 1 1
58009003 2 1 4 0
58011621 2 1 4 1
58013755 294 0 1 1
58019893 0 1 4 0
58022511 0 1 4 1
58023233 16 1 1 0
58025107 294 0 1 0
58025851 16 1 1 1
58030783 2 1 4 0
58033401 2 1 4 1
58035535 294 0 1 1
58041673 0 1 4 0
58044291 0 1 4 1
58045013 16 1 1 0
58046887 294 0 1 0
58047631 16 1 1 1
58052563 2 1 4 0
58055181 2 1 4 1
58057315 294 0 1 1
58063453 0 1 4 0
58066071 0 1 4 1
58066793 16 1 1 0
58068667 294 0 1 0
58069411 16 1 1 1
58074343 2 1 4 0
58076961 2 1 4 1
58079095 294 0 1 1
58085233 0 1 4 0
58087851 0 1 4 1
58088573 16 1 1 0
58090447 294 0 1 0
58091191 16 1 1 1
58096123 2 1 4 0
58098741 2 1 4 1
58100875 294 0 1 1
58107013 0 1 4 0
58109631 0 1 4 1
58110353 16 1 1 0
58112227 294 0 1 0
58112971 16 1 1 1
58117903 2 1 4 0
58120521 2 1 4 1
58122655 294 0 1 1
58128793 0 1 4 0
58131411 0 1 4 1
58132133 16 1 1 0
58134007 294 0 1 0
58134751 16 1 1 1
58139683 2 1 4 0
58142301 2 1 4 1
58144435 294 0 1 1
58150573 0 1 4 0
58153191 0 1 4 1
58153913 16 1 1 0
58155787 294 0 1 0
58156531 16 1 1 1
58161463 2 1 4 0
58164081 2 1 4 1
58166215 294 0 1 1
58172353 0 1 4 0
58174971 0 1 4 1
58175693 16 1 1 0
58177567 294 0 1 0
58178311 16 1 1 1
58183243 2 1 4 0
58185861 2 1 4 1
58187995 294 0 1 1
58194133 0 1 4 0
58196751 0 1 4 1
58197473 16 1 1 0
58199347 294 0 1 0
58200091 16 1 1 1
58205023 2 1 4 0
58207641 2 1 4 1
58209775 294 0 1 1
58215913 0 1 4 0
58218531 0 1 4 1
58219253 16 1 1 0
58221127 294 0 1 0
58221871 16 1 1 1
58226803 2 1 4 0
58229421 2 1 4 1
58231555 294 0 1 1
58237693 0 1 4 0
58240311 0 1 4 1
58241033 16 1 1 0
58242907 294 0 1 0
58243651 16 1 1 1
58248583 2 1 4 0
58251201 2 1 4 1
58253335 294 0 1 1
58259473 0 1 4 0
58262091 0 1 4 1
58262813 16 1 1 0
58264687 294 0 1 0
58265431 16 1 1 1
58270363 2 1 4 0
58272981 2 1 4 1
58275115 294 0 1 1
58281253 0 1 4 0
58283871 0 1 4 1
58284593 16 1 1 0
58286467 294 0 1 0
58287211 16 1 1 1
58292143 2 1 4 0
58294761 2 1 4 1
58296895 294 0 1 1
58303033 0 1 4 0
58305651 0 1 4 1
58306373 16 1 1 0
58308247 294 0 1 0
58308991 16 1 1 1
58313923 2 1 4 0
58316541 2 1 4 1
58318675 294 0 1 1
58324813 0 1 4 0
58327431 0 1 4 1
58328153 16 1 1 0
58330027 294 0 1 0
58330771 16 1 1 1
58335703 2 1 4 0
58338321 2 1 4 1
58340455 294 0 1 1
58346593 0 1 4 0
58349211 0 1 4 1
58349933 16 1 1 0
58351807 294 0 1 0
58352551 16 1 1 1
58357483 2 1 4 0
58360101 2 1 4 1
58362235 294 0 1 1
58368373 0 1 4 0
58370991 0 1 4 1
58371713 16 1 1 0
58373587 294 0 1 0
58374331 16 1 1 1
58379263 2 1 4 0
58381881 2 1 4 1
58384015 294 0 1 1
58390153 0 1 4 0
58392771 0 1 4 1
58393493 16 1 1 0
58395367 294 0 1 0
58396111 16 1 1 1
58401043 2 1 4 0
58403661 2 1 4 1
58405795 294 0 1 1
58411933 0 1 4 0
58414551 0 1 4 1
58415273 16 1 1 0
58417147 294 0 1 0
58417891 16 1 1 1
58422823 2 1 4 0
58425441 2 1 4 1
58427575 294 0 1 1
58433713 0 1 4 0
58436331 0 1 4 1
58437053 16 1 1 0
58438927 294 0 1 0
58439671 16 1 1 1
58444603 2 1 4 0
58447221 2 1 4 1
58449355 294 0 1 1
58455493 0 1 4 0
58458111 0 1 4 1
58458833 16 1 1 0
58460707 294 0 1 0
58461451 16 1 1 1
58466383 2 1 4 0
58469001 2 1 4 1
58471135 294 0 1 1
58477273 0 1 4 0
58479891 0 1 4 1
58480613 16 1 1 0
58482487 294 0 1 0
58483231 16 1 1 1
58488163 2 1 4 0
58490781 2 1 4 1
58492915 294 0 1 1
58499053 0 1 4 0
58501671 0 1 4 1
58502393 16 1 1 0
58504267 294 0 1 0
58505011 16 1 1 1
58509943 2 1 4 0
58512561 2 1 4 1
58514695 294 0 1 1
58520833 0 1 4 0
58523451 0 1 4 1
58524173 16 1 1 0
58526047 294 0 1 0
58526791 16 1 1 1
58531723 2 1 4 0
58534341 2 1 4 1
58536475 294 0 1 1
58542613 0 1 4 0
58545231 0 1 4 1
58545953 16 1 1 0
58547827 294 0 1 0
58548571 16 1 1 1
58553503 2 1 4 0
58556121 2 1 4 1
58558255 294 0 1 1
58564393 0 1 4 0
58567011 0 1 4 1
58567733 16 1 1 0
58569607 294 0 1 0
58570351 16 1 1 1
58575283 2 1 4 0
58577901 2 1 4 1
58580035 294 0 1 1
58586173 0 1 4 0
58588791 0 1 4 1
58589513 16 1 1 0
58591387 294 0 1 0
58592131 16 1 1 1
58597063 2 1 4 0
58599681 2 1 4 1
58601815 294 0 1 1
58607953 0 1 4 0
58610571 0 1 4 1
58611293 16 1 1 0
58613167 294 0 1 0
58613911 16 1 1 1
58618843 2 1 4 0
58621461 2 1 4 1
58623595 294 0 1 1
58629733 0 1 4 0
58632351 0 1 4 1
58633073 16 1 1 0
58634947 294 0 1 0
58635691 16 1 1 1
58640623 2 1 4 0
58643241 2 1 4 1
58645375 294 0 1 1
58651513 0 1 4 0
58654131 0 1 4 1
58654853 16 1 1 0
58656727 294 0 1 0
58657471 16 1 1 1
58662403 2 1 4 0
58665021 2 1 4 1
58667155 294 0 1 1
58673293 0 1 4 0
58675911 0 1 4 1
58676633 16 1 1 0
58678507 294 0 1 0
58679251 16 1 1 1
58684183 2 1 4 0
58686801 2 1 4 1
58688935 294 0 1 1
58695073 0 1 4 0
58697691 0 1 4 1
58698413 16 1 1 0
58700287 294 0 1 0
58701031 16 1 1 1
58705963 2 1 4 0
58708581 2 1 4 1
58710715 294 0 1 1
58716853 0 1 4 0
58719471 0 1 4 1
58720193 16 1 1 0
58722067 294 0 1 0
58722811 16 1 1 1
58727743 2 1 4 0
58730361 2 1 4 1
58732495 294 0 1 1
58738633 0 1 4 0
58741251 0 1 4 1
58741973 16 1 1 0
58743847 294 0 1 0
58744591 16 1 1 1
58749523 2 1 4 0
58752141 2 1 4 1
58754275 294 0 1 1
58760413 0 1 4 0
58763031 0 1 4 1
58763753 16 1 1 0
58765627 294 0 1 0
58766371 16 1 1 1
58771303 2 1 4 0
58773921 2 1 4 1
58776055 294 0 1 1
58782193 0 1 4 0
58784811 0 1 4 1
58785533 16 1 1 0
58787407 294 0 1 0
58788151 16 1 1 1
58793083 2 1 4 0
58795701 2 1 4 1
58797835 294 0 1 1
58803973 0 1 4 0
58806591 0 1 4 1
58807313 16 1 1 0
58809187 294 0 1 0
58809931 16 1 1 1
58814863 2 1 4 0
58817481 2 1 4 1
58819615 294 0 1 1
58825753 0 1 4 0
58828371 0 1 4 1
58829093 16 1 1 0
58830967 294 0 1 0
58831711 16 1 1 1
58836643 2 1 4 0
58839261 2 1 4 1
58841395 294 0 1 1
58847533 0 1 4 0
58850151 0 1 4 1
58850873 16 1 1 0
58852747 294 0 1 0
58853491 16 1 1 1
58858423 2 1 4 0
58861041 2 1 4 1
58863175 294 0 1 1
58869313 0 1 4 0
58871931 0 1 4 1
58872653 16 1 1 0
58874527 294 0 1 0
58875271 16 1 1 1
58880203 2 1 4 0
58882821 2 1 4 1
58884955 294 0 1 1
58891093 0 1 4 0
58893711 0 1 4 1
58894433 16 1 1 0
58896307 294 0 1 0
58897051 16 1 1 1
58901983 2 1 4 0
58904601 2 1 4 1
58906735 294 0 1 1
58912873 0 1 4 0
58915491 0 1 4 1
58916213 16 1 1 0
58918087 294 0 1 0
58918831 16 1 1 1
58923763 2 1 4 0
58926381 2 1 4 1
58928515 294 0 1 1
58934653 0 1 4 0
58937271 0 1 4 1
58937993 16 1 1 0
58939867 294 0 1 0
58940611 16 1 1 1
58945543 2 1 4 0
58948161 2 1 4 1
58950295 294 0 1 1
58956433 0 1 4 0
58959051 0 1 4 1
58959773 16 1 1 0
58961647 294 0 1 0
58962391 16 1 1 1
58967323 2 1 4 0
58969941 2 1 4 1
58972075 294 0 1 1
58978213 0 1 4 0
58980831 0 1 4 1
58981553 16 1 1 0
58983427 294 0 1 0
58984171 16 1 1 1
58989103 2 1 4 0
58991721 2 1 4 1
58993855 294 0 1 1
58999993 0 1 4 0
59002611 0 1 4 1
59003333 16 1 1 0
59005207 294 0 1 0
59005951 16 1 1 1
59010883 2 1 4 0
59013501 2 1 4 1
59015635 294 0 1 1
59021773 0 1 4 0
59024391 0 1 4 1
59025113 16 1 1 0
59026987 294 0 1 0
59027731 16 1 1 1
59032663 2 1 4 0
59035281 2 1 4 1
59037415 294 0 1 1
59043553 0 1 4 0
59046171 0 1 4 1
59046893 16 1 1 0
59048767 294 0 1 0
59049511 16 1 1 1
59054443 2 1 4 0
59057061 2 1 4 1
59059195 294 0 1 1
59065333 0 1 4 0
59067951 0 1 4 1
59068673 16 1 1 0
59070547 294 0 1 0
59071291 16 1 1 1
59076223 2 1 4 0
59078841 2 1 4 1
59080975 294 0 1 1
59087113 0 1 4 0
59089731 0 1 4 1
59090453 16 1 1 0
59092327 294 0 1 0
59093071 16 1 1 1
59098003 2 1 4 0
59100621 2 1 4 1
59102755 294 0 1 1
59108893 0 1 4 0
59111511 0 1 4 1
59112233 16 1 1 0
59114107 294 0 1 0
59114851 16 1 1 1
59119783 2 1 4 0
59122401 2 1 4 1
59124535 294 0 1 1
59130673 0 1 4 0
59133291 0 1 4 1
59134013 16 1 1 0
59135887 294 0 1 0
59136631 16 1 1 1
59141563 2 1 4 0
59144673 2 1 4 1
59146315 294 0 1 1
59154433 0 1 4 0
59157174 0 1 4 1
59157773 16 1 1 0
59159647 294 0 1 0
59160514 16 1 1 1
59165818 2 1 4 0
59168682 2 1 4 1
59170570 294 0 1 1
59177698 0 1 4 0
59180316 0 1 4 1
59181038 16 1 1 0
59182912 294 0 1 0
59183656 16 1 1 1
59188588 2 1 4 0
59191206 2 1 4 1
59193340 294 0 1 1
59199478 0 1 4 0
59202219 0 1 4 1
59202818 16 1 1 0
59204692 294 0 1 0
59205559 16 1 1 1
59210863 2 1 4 0
59213481 2 1 4 1
59215615 294 0 1 1
59221753 0 1 4 0
59224494 0 1 4 1
59225093 16 1 1 0
59226967 294 0 1 0
59227834 16 1 1 1
59233138 2 1 4 0
59235756 2 1 4 1
59237890 294 0 1 1
59244028 0 1 4 0
59246892 0 1 4 1
59247368 16 1 1 0
59249242 294 0 1 0
59250232 16 1 1 1
59255908 2 1 4 0
59258526 2 1 4 1
59260660 294 0 1 1
59266798 0 1 4 0
59269539 0 1 4 1
59270138 16 1 1 0
59272012 294 0 1 0
59272879 16 1 1 1
59278183 2 1 4 0
59280801 2 1 4 1
59282935 294 0 1 1
59289073 0 1 4 0
59291691 0 1 4 1
59292413 16 1 1 0
59294287 294 0 1 0
59295031 16 1 1 1
59299963 2 1 4 0
59302581 2 1 4 1
59304715 294 0 1 1
59310853 0 1 4 0
59313471 0 1 4 1
59314193 16 1 1 0
59316067 294 0 1 0
59316811 16 1 1 1
59321743 2 1 4 0
59324361 2 1 4 1
59326495 294 0 1 1
59332633 0 1 4 0
59335251 0 1 4 1
59335973 16 1 1 0
59337847 294 0 1 0
59338591 16 1 1 1
59343523 2 1 4 0
59346141 2 1 4 1
59348275 294 0 1 1
59354413 0 1 4 0
59357031 0 1 4 1
59357753 16 1 1 0
59359627 294 0 1 0
59360371 16 1 1 1
59365303 2 1 4 0
59367921 2 1 4 1
59370055 294 0 1 1
59376193 0 1 4 0
59378811 0 1 4 1
59379533 16 1 1 0
59381407 294 0 1 0
59382151 16 1 1 1
59387083 2 1 4 0
59389701 2 1 4 1
59391835 294 0 1 1
59397973 0 1 4 0
59400591 0 1 4 1
59401313 16 1 1 0
59403187 294 0 1 0
59403931 16 1 1 1
59408863 2 1 4 0
59411481 2 1 4 1
59413615 294 0 1 1
59419753 0 1 4 0
59422371 0 1 4 1
59423093 16 1 1 0
59424967 294 0 1 0
59425711 16 1 1 1
59430643 2 1 4 0
59433261 2 1 4 1
59435395 294 0 1 1
59441533 0 1 4 0
59444151 0 1 4 1
59444873 16 1 1 0
59446747 294 0 1 0
59447491 16 1 1 1
59452423 2 1 4 0
59455041 2 1 4 1
59457175 294 0 1 1
59463313 0 1 4 0
59465931 0 1 4 1
59466653 16 1 1 0
59468527 294 0 1 0
59469271 16 1 1 1
59474203 2 1 4 0
59476821 2 1 4 1
59478955 294 0 1 1
59485093 0 1 4 0
59487711 0 1 4 1
59488433 16 1 1 0
59490307 294 0 1 0
59491051 16 1 1 1
59495983 2 1 4 0
59498601 2 1 4 1
59500735 294 0 1 1
59506873 0 1 4 0
59509491 0 1 4 1
59510213 16 1 1 0
59512087 294 0 1 0
59512831 16 1 1 1
59517763 2 1 4 0
59520381 2 1 4 1
59522515 294 0 1 1
59528653 0 1 4 0
59531271 0 1 4 1
59531993 16 1 1 0
59533867 294 0 1 0
59534611 16 1 1 1
59539543 2 1 4 0
59542161 2 1 4 1
59544295 294 0 1 1
59550433 0 1 4 0
59553051 0 1 4 1
59553773 16 1 1 0
59555647 294 0 1 0
59556391 16 1 1 1
59561323 2 1 4 0
59563941 2 1 4 1
59566075 294 0 1 1
59572213 0 1 4 0
59574831 0 1 4 1
59575553 16 1 1 0
59577427 294 0 1 0
59578171 16 1 1 1
59583103 2 1 4 0
59585721 2 1 4 1
59587855 294 0 1 1
59593993 0 1 4 0
59596611 0 1 4 1
59597333 16 1 1 0
59599207 294 0 1 0
59599951 16 1 1 1
59604883 2 1 4 0
59607501 2 1 4 1
59609635 294 0 1 1
59615773 0 1 4 0
59618391 0 1 4 1
59619113 16 1 1 0
59620987 294 0 1 0
59621731 16 1 1 1
59626663 2 1 4 0
59629281 2 1 4 1
59631415 294 0 1 1
59637553 0 1 4 0
59640171 0 1 4 1
59640893 16 1 1 0
59642767 294 0 1 0
59643511 16 1 1 1
59648443 2 1 4 0
59651061 2 1 4 1
59653195 294 0 1 1
59659333 0 1 4 0
59661951 0 1 4 1
59662673 16 1 1 0
59664547 294 0 1 0
59665291 16 1 1 1
59670223 2 1 4 0
59672841 2 1 4 1
59674975 294 0 1 1
59681113 0 1 4 0
59683731 0 1 4 1
59684453 16 1 1 0
59686327 294 0 1 0
59687071 16 1 1 1
59692003 2 1 4 0
59694621 2 1 4 1
59696755 294 0 1 1
59702893 0 1 4 0
59705511 0 1 4 1
59706233 16 1 1 0
59708107 294 0 1 0
59708851 16 1 1 1
59713783 2 1 4 0
59716401 2 1 4 1
59718535 294 0 1 1
59724673 0 1 4 0
59727291 0 1 4 1
59728013 16 1 1 0
59729887 294 0 1 0
59730631 16 1 1 1
59735563 2 1 4 0
59738181 2 1 4 1
59740315 294 0 1 1
59746453 0 1 4 0
59749071 0 1 4 1
59749793 16 1 1 0
59751667 294 0 1 0
59752411 16 1 1 1
59757343 2 1 4 0
59759961 2 1 4 1
59762095 294 0 1 1
59768233 0 1 4 0
59770851 0 1 4 1
59771573 16 1 1 0
59773447 294 0 1 0
59774191 16 1 1 1
59779123 2 1 4 0
59781741 2 1 4 1
59783875 294 0 1 1
59790013 0 1 4 0
59792631 0 1 4 1
59793353 16 1 1 0
59795227 294 0 1 0
59795971 16 1 1 1
59800903 2 1 4 0
59803521 2 1 4 1
59805655 294 0 1 1
59811793 0 1 4 0
59814411 0 1 4 1
59815133 16 1 1 0
59817007 294 0 1 0
59817751 16 1 1 1
59822683 2 1 4 0
59825301 2 1 4 1
59827435 294 0 1 1
59833573 0 1 4 0
59836191 0 1 4 1
59836913 16 1 1 0
59838787 294 0 1 0
59839531 16 1 1 1
59844463 2 1 4 0
59847081 2 1 4 1
59849215 294 0 1 1
59855353 0 1 4 0
59857971 0 1 4 1
59858693 16 1 1 0
59860567 294 0 1 0
59861311 16 1 1 1
59866243 2 1 4 0
59868861 2 1 4 1
59870995 294 0 1 1
59877133 0 1 4 0
59879751 0 1 4 1
59880473 16 1 1 0
59882347 294 0 1 0
59883091 16 1 1 1
59888023 2 1 4 0
59890641 2 1 4 1
59892775 294 0 1 1
59898913 0 1 4 0
59901531 0 1 4 1
59902253 16 1 1 0
59904127 294 0 1 0
59904871 16 1 1 1
59909803 2 1 4 0
59912421 2 1 4 1
59914555 294 0 1 1
59920693 0 1 4 0
59923311 0 1 4 1
59924033 16 1 1 0
59925907 294 0 1 0
59926651 16 1 1 1
59931583 2 1 4 0
59934201 2 1 4 1
59936335 294 0 1 1
59942473 0 1 4 0
59945091 0 1 4 1
59945813 16 1 1 0
59947687 294 0 1 0
59948431 16 1 1 1
59953363 2 1 4 0
59955981 2 1 4 1
59958115 294 0 1 1
59964253 0 1 4 0
59966871 0 1 4 1
59967593 16 1 1 0
59969467 294 0 1 0
59970211 16 1 1 1
59975143 2 1 4 0
59977761 2 1 4 1
59979895 294 0 1 1
59986033 0 1 4 0
59988651 0 1 4 1
59989373 16 1 1 0
59991247 294 0 1 0
59991991 16 1 1 1
59996923 2 1 4 0
59999541 2 1 4 1
60001675 294 0 1 1
60007813 0 1 4 0
60010431 0 1 4 1
60011153 16 1 1 0
60013027 294 0 1 0
60013771 16 1 1 1
60018703 2 1 4 0
60021321 2 1 4 1
60023455 294 0 1 1
60029593 0 1 4 0
60032211 0 1 4 1
60032933 16 1 1 0
60034807 294 0 1 0
60035551 16 1 1 1
60040483 2 1 4 0
60043101 2 1 4 1
60045235 294 0 1 1
60051373 0 1 4 0
60053991 0 1 4 1
60054713 16 1 1 0
60056587 294 0 1 0
60057331 16 1 1 1
60062263 2 1 4 0
60064881 2 1 4 1
60067015 294 0 1 1
60073153 0 1 4 0
60075771 0 1 4 1
60076493 16 1 1 0
60078367 294 0 1 0
60079111 16 1 1 1
60084043 2 1 4 0
60086661 2 1 4 1
60088795 294 0 1 1
60094933 0 1 4 0
60097551 0 1 4 1
60098273 16 1 1 0
60100147 294 0 1 0
60100891 16 1 1 1
60105823 2 1 4 0
60108441 2 1 4 1
60110575 294 0 1 1
60116713 0 1 4 0
60119331 0 1 4 1
60120053 16 1 1 0
60121927 294 0 1 0
60122671 16 1 1 1
60127603 2 1 4 0
60130221 2 1 4 1
60132355 294 0 1 1
60138493 0 1 4 0
60141111 0 1 4 1
60141833 16 1 1 0
60143707 294 0 1 0
60144451 16 1 1 1
60149383 2 1 4 0
60152001 2 1 4 1
60154135 294 0 1 1
60160273 0 1 4 0
60162891 0 1 4 1
60163613 16 1 1 0
60165487 294 0 1 0
60166231 16 1 1 1
60171163 2 1 4 0
60173781 2 1 4 1
60175915 294 0 1 1
60182053 0 1 4 0
60184671 0 1 4 1
60185393 16 1 1 0
60187267 294 0 1 0
60188011 16 1 1 1
60192943 2 1 4 0
60195561 2 1 4 1
60197695 294 0 1 1
60203833 0 1 4 0
60206451 0 1 4 1
60207173 16 1 1 0
60209047 294 0 1 0
60209791 16 1 1 1
60214723 2 1 4 0
60217341 2 1 4 1
60219475 294 0 1 1
60225613 0 1 4 0
60228231 0 1 4 1
60228953 16 1 1 0
60230827 294 0 1 0
60231571 16 1 1 1
60236503 2 1 4 0
60239121 2 1 4 1
60241255 294 0 1 1
60247393 0 1 4 0
60250011 0 1 4 1
60250733 16 1 1 0
60252607 294 0 1 0
60253351 16 1 1 1
60258283 2 1 4 0
60260901 2 1 4 1
60263035 294 0 1 1
60269173 0 1 4 0
60271791 0 1 4 1
60272513 16 1 1 0
60274387 294 0 1 0
60275131 16 1 1 1
60280063 2 1 4 0
60282681 2 1 4 1
60284815 294 0 1 1
60290953 0 1 4 0
60293571 0 1 4 1
60294293 16 1 1 0
60296167 294 0 1 0
60296911 16 1 1 1
60301843 2 1 4 0
60304461 2 1 4 1
60306595 294 0 1 1
60312733 0 1 4 0
60315351 0 1 4 1
60316073 16 1 1 0
60317947 294 0 1 0
60318691 16 1 1 1
60323623 2 1 4 0
60326241 2 1 4 1
60328375 294 0 1 1
60334513 0 1 4 0
60337131 0 1 4 1
60337853 16 1 1 0
60339727 294 0 1 0
60340471 16 1 1 1
60345403 2 1 4 0
60348021 2 1 4 1
60350155 294 0 1 1
60356293 0 1 4 0
60358911 0 1 4 1
60359633 16 1 1 0
60361507 294 0 1 0
60362251 16 1 1 1
60367183 2 1 4 0
60369801 2 1 4 1
60371935 294 0 1 1
60378073 0 1 4 0
60380691 0 1 4 1
60381413 16 1 1 0
60383287 294 0 1 0
60384031 16 1 1 1
60388963 2 1 4 0
60391581 2 1 4 1
60393715 294 0 1 1
60399853 0 1 4 0
60402471 0 1 4 1
60403193 16 1 1 0
60405067 294 0 1 0
60405811 16 1 1 1
60410743 2 1 4 0
60413361 2 1 4 1
60415495 294 0 1 1
60421633 0 1 4 0
60424251 0 1 4 1
60424973 16 1 1 0
60426847 294 0 1 0
60427591 16 1 1 1
60432523 2 1 4 0
60435141 2 1 4 1
60437275 294 0 1 1
60443413 0 1 4 0
60446031 0 1 4 1
60446753 16 1 1 0
60448627 294 0 1 0
60449371 16 1 1 1
60454303 2 1 4 0
60456921 2 1 4 1
60459055 294 0 1 1
60465193 0 1 4 0
60467811 0 1 4 1
60468533 16 1 1 0
60470407 294 0 1 0
60471151 16 1 1 1
60476083 2 1 4 0
60478701 2 1 4 1
60480835 294 0 1 1
60486973 0 1 4 0
60489591 0 1 4 1
60490313 16 1 1 0
60492187 294 0 1 0
60492931 16 1 1 1
60497863 2 1 4 0
60500481 2 1 4 1
60502615 294 0 1 1
60508753 0 1 4 0
60511371 0 1 4 1
60512093 16 1 1 0
60513967 294 0 1 0
60514711 16 1 1 1
60519643 2 1 4 0
60522261 2 1 4 1
60524395 294 0 1 1
60530533 0 1 4 0
60533151 0 1 4 1
60533873 16 1 1 0
60535747 294 0 1 0
60536491 16 1 1 1
60541423 2 1 4 0
60544041 2 1 4 1
60546175 294 0 1 1
60552313 0 1 4 0
60554931 0 1 4 1
60555653 16 1 1 0
60557527 294 0 1 0
60558271 16 1 1 1
60563203 2 1 4 0
60565821 2 1 4 1
60567955 294 0 1 1
60574093 0 1 4 0
60576711 0 1 4 1
60577433 16 1 1 0
60579307 294 0 1 0
60580051 16 1 1 1
60584983 2 1 4 0
60587601 2 1 4 1
60589735 294 0 1 1
60595873 0 1 4 0
60598491 0 1 4 1
60599213 16 1 1 0
60601087 294 0 1 0
60601831 16 1 1 1
60606763 2 1 4 0
60609381 2 1 4 1
60611515 294 0 1 1
60617653 0 1 4 0
60620271 0 1 4 1
60620993 16 1 1 0
60622867 294 0 1 0
60623611 16 1 1 1
60628543 2 1 4 0
60631161 2 1 4 1
60633295 294 0 1 1
60639433 0 1 4 0
60642051 0 1 4 1
60642773 16 1 1 0
60644647 294 0 1 0
60645391 16 1 1 1
60650323 2 1 4 0
60652941 2 1 4 1
60655075 294 0 1 1
60661213 0 1 4 0
60663831 0 1 4 1
60664553 16 1 1 0
60666427 294 0 1 0
60667171 16 1 1 1
60672103 2 1 4 0
60674721 2 1 4 1
60676855 294 0 1 1
60682993 0 1 4 0
60685611 0 1 4 1
60686333 16 1 1 0
60688207 294 0 1 0
60688951 16 1 1 1
60693883 2 1 4 0
60696501 2 1 4 1
60698635 294 0 1 1
60704773 0 1 4 0
60707391 0 1 4 1
60708113 16 1 1 0
60709987 294 0 1 0
60710731 16 1 1 1
60715663 2 1 4 0
60718281 2 1 4 1
60720415 294 0 1 1
60726553 0 1 4 0
60729171 0 1 4 1
60729893 16 1 1 0
60731767 294 0 1 0
60732511 16 1 1 1
60737443 2 1 4 0
60740061 2 1 4 1
60742195 294 0 1 1
60748333 0 1 4 0
60750951 0 1 4 1
60751673 16 1 1 0
60753547 294 0 1 0
60754291 16 1 1 1
60759223 2 1 4 0
60761841 2 1 4 1
60763975 294 0 1 1
60770113 0 1 4 0
60772731 0 1 4 1
60773453 16 1 1 0
60775327 294 0 1 0
60776071 16 1 1 1
60781003 2 1 4 0
60783621 2 1 4 1
60785755 294 0 1 1
60791893 0 1 4 0
60794511 0 1 4 1
60794863 2 1 4 0
60795233 16 1 1 0
60797107 294 0 1 0
60797851 16 1 1 1
60807535 294 0 1 1
60813673 0 1 4 0
60816291 0 1 4 1
60817013 16 1 1 0
60818887 294 0 1 0
60819631 16 1 1 1
60829315 294 0 1 1
60835453 0 1 4 0
60838071 0 1 4 1
60838793 16 1 1 0
60840667 294 0 1 0
60841411 16 1 1 1
60851095 294 0 1 1
60856738 0 1 4 0
60859356 0 1 4 1
60860078 16 1 1 0
60861952 294 0 1 0
60862696 16 1 1 1
60872380 294 0 1 1
60878518 0 1 4 0
60881259 0 1 4 1
60881858 16 1 1 0
60883732 294 0 1 0
60884599 16 1 1 1
60894655 294 0 1 1
60900793 0 1 4 0
60903411 0 1 4 1
60904133 16 1 1 0
60906007 294 0 1 0
60906751 16 1 1 1
60916435 294 0 1 1
60922573 0 1 4 0
60925191 0 1 4 1
60925913 16 1 1 0
60927787 294 0 1 0
60928531 16 1 1 1
60938215 294 0 1 1
60944353 0 1 4 0
60946971 0 1 4 1
60947693 16 1 1 0
60949567 294 0 1 0
60950311 16 1 1 1
60959995 294 0 1 1
60966133 0 1 4 0
60968751 0 1 4 1
60969473 16 1 1 0
60971347 294 0 1 0
60972091 16 1 1 1
60981775 294 0 1 1
60987418 0 1 4 0
60990159 0 1 4 1
60990758 16 1 1 0
60992632 294 0 1 0
60993499 16 1 1 1
61003555 294 0 1 1
61009693 0 1 4 0
61012311 0 1 4 1
61013033 16 1 1 0
61014907 294 0 1 0
61015651 16 1 1 1
61025335 294 0 1 1
61031473 0 1 4 0
61034091 0 1 4 1
61034813 16 1 1 0
61036687 294 0 1 0
61037431 16 1 1 1
61047115 294 0 1 1
61053253 0 1 4 0
61055871 0 1 4 1
61056593 16 1 1 0
61058467 294 0 1 0
61059211 16 1 1 1
61068895 294 0 1 1
61075033 0 1 4 0
61077651 0 1 4 1
61078373 16 1 1 0
61080247 294 0 1 0
61080991 16 1 1 1
61090675 294 0 1 1
61096813 0 1 4 0
61099431 0 1 4 1
61100153 16 1 1 0
61102027 294 0 1 0
61102771 16 1 1 1
61112455 294 0 1 1
61118098 0 1 4 0
61120839 0 1 4 1
61121438 16 1 1 0
61123312 294 0 1 0
61124179 16 1 1 1
61134235 294 0 1 1
61140373 0 1 4 0
61142991 0 1 4 1
61143713 16 1 1 0
61145587 294 0 1 0
61146331 16 1 1 1
61156015 294 0 1 1
61162153 0 1 4 0
61164771 0 1 4 1
61165493 16 1 1 0
61167367 294 0 1 0
61168111 16 1 1 1
61177795 294 0 1 1
61183933 0 1 4 0
61186551 0 1 4 1
61187273 16 1 1 0
61189147 294 0 1 0
61189891 16 1 1 1
61199575 294 0 1 1
61205713 0 1 4 0
61208331 0 1 4 1
61209053 16 1 1 0
61210927 294 0 1 0
61211671 16 1 1 1
61221355 294 0 1 1
61227493 0 1 4 0
61230111 0 1 4 1
61230833 16 1 1 0
61232707 294 0 1 0
61233451 16 1 1 1
61243135 294 0 1 1
61248778 0 1 4 0
61251519 0 1 4 1
61252118 16 1 1 0
61253992 294 0 1 0
61254859 16 1 1 1
61264915 294 0 1 1
61271053 0 1 4 0
61273671 0 1 4 1
61274393 16 1 1 0
61276267 294 0 1 0
61277011 16 1 1 1
61286695 294 0 1 1
61292833 0 1 4 0
61295451 0 1 4 1
61296173 16 1 1 0
61298047 294 0 1 0
61298791 16 1 1 1
61308475 294 0 1 1
61314613 0 1 4 0
61317231 0 1 4 1
61317953 16 1 1 0
61319827 294 0 1 0
61320571 16 1 1 1
61330255 294 0 1 1
61336393 0 1 4 0
61339011 0 1 4 1
61339733 16 1 1 0
61341607 294 0 1 0
61342351 16 1 1 1
61352035 294 0 1 1
61358173 0 1 4 0
61360791 0 1 4 1
61361513 16 1 1 0
61363387 294 0 1 0
61364131 16 1 1 1
61373815 294 0 1 1
61379458 0 1 4 0
61382199 0 1 4 1
61382798 16 1 1 0
61384672 294 0 1 0
61385539 16 1 1 1
61395595 294 0 1 1
61401733 0 1 4 0
61404351 0 1 4 1
61405073 16 1 1 0
61406947 294 0 1 0
61407691 16 1 1 1
61417375 294 0 1 1
61423513 0 1 4 0
61426131 0 1 4 1
61426853 16 1 1 0
61428727 294 0 1 0
61429471 16 1 1 1
61439155 294 0 1 1
61445293 0 1 4 0
61447911 0 1 4 1
61448633 16 1 1 0
61450507 294 0 1 0
61451251 16 1 1 1
61460935 294 0 1 1
61467073 0 1 4 0
61469691 0 1 4 1
61470413 16 1 1 0
61472287 294 0 1 0
61473031 16 1 1 1
61482715 294 0 1 1
61488853 0 1 4 0
61491471 0 1 4 1
61492193 16 1 1 0
61494067 294 0 1 0
61494811 16 1 1 1
61504495 294 0 1 1
61510138 0 1 4 0
61512879 0 1 4 1
61513478 16 1 1 0
61515352 294 0 1 0
61516219 16 1 1 1
61526275 294 0 1 1
61532413 0 1 4 0
61535031 0 1 4 1
61535753 16 1 1 0
61537627 294 0 1 0
61538371 16 1 1 1
61548055 294 0 1 1
61554193 0 1 4 0
61556811 0 1 4 1
61557533 16 1 1 0
61559407 294 0 1 0
61560151 16 1 1 1
61569835 294 0 1 1
61575973 0 1 4 0
61578591 0 1 4 1
61579313 16 1 1 0
61581187 294 0 1 0
61581931 16 1 1 1
61591615 294 0 1 1
61597753 0 1 4 0
61600371 0 1 4 1
61601093 16 1 1 0
61602967 294 0 1 0
61603711 16 1 1 1
61613395 294 0 1 1
61619533 0 1 4 0
61622151 0 1 4 1
61622873 16 1 1 0
61624747 294 0 1 0
61625491 16 1 1 1
61635175 294 0 1 1
61640818 0 1 4 0
61643559 0 1 4 1
61644158 16 1 1 0
61646032 294 0 1 0
61646899 16 1 1 1
61656955 294 0 1 1
61663093 0 1 4 0
61665711 0 1 4 1
61666433 16 1 1 0
61668307 294 0 1 0
61669051 16 1 1 1
61678735 294 0 1 1
61684873 0 1 4 0
61687491 0 1 4 1
61688213 16 1 1 0
61690087 294 0 1 0
61690831 16 1 1 1
61700515 294 0 1 1
61706653 0 1 4 0
61709271 0 1 4 1
61709993 16 1 1 0
61711867 294 0 1 0
61712611 16 1 1 1
61722295 294 0 1 1
61728433 0 1 4 0
61731051 0 1 4 1
61731773 16 1 1 0
61733647 294 0 1 0
61734391 16 1 1 1
61744075 294 0 1 1
61749718 0 1 4 0
61752336 0 1 4 1
61753058 16 1 1 0
61754932 294 0 1 0
61755676 16 1 1 1
61765360 294 0 1 1
61771498 0 1 4 0
61774239 0 1 4 1
61774838 16 1 1 0
61776712 294 0 1 0
61777579 16 1 1 1
61787635 294 0 1 1
61793773 0 1 4 0
61796391 0 1 4 1
61797113 16 1 1 0
61798987 294 0 1 0
61799731 16 1 1 1
61809415 294 0 1 1
61815553 0 1 4 0
61818171 0 1 4 1
61818893 16 1 1 0
61820767 294 0 1 0
61821511 16 1 1 1
61831195 294 0 1 1
61837333 0 1 4 0
61839951 0 1 4 1
61840673 16 1 1 0
61842547 294 0 1 0
61843291 16 1 1 1
61852975 294 0 1 1
61859113 0 1 4 0
61861731 0 1 4 1
61862453 16 1 1 0
61864327 294 0 1 0
61865071 16 1 1 1
61874755 294 0 1 1
61880398 0 1 4 0
61883139 0 1 4 1
61883738 16 1 1 0
61885612 294 0 1 0
61886479 16 1 1 1
61896535 294 0 1 1
61902673 0 1 4 0
61905291 0 1 4 1
61906013 16 1 1 0
61907887 294 0 1 0
61908631 16 1 1 1
61918315 294 0 1 1
61924453 0 1 4 0
61927071 0 1 4 1
61927793 16 1 1 0
61929667 294 0 1 0
61930411 16 1 1 1
61940095 294 0 1 1
61946233 0 1 4 0
61948851 0 1 4 1
61949573 16 1 1 0
61951447 294 0 1 0
61952191 16 1 1 1
61961875 294 0 1 1
61968013 0 1 4 0
61970631 0 1 4 1
61971353 16 1 1 0
61973227 294 0 1 0
61973971 16 1 1 1
61983655 294 0 1 1
61989793 0 1 4 0
61992411 0 1 4 1
61993133 16 1 1 0
61995007 294 0 1 0
61995751 16 1 1 1
62005435 294 0 1 1
62011078 0 1 4 0
62013819 0 1 4 1
62014418 16 1 1 0
62016292 294 0 1 0
62017159 16 1 1 1
62027215 294 0 1 1
62033353 0 1 4 0
62035971 0 1 4 1
62036693 16 1 1 0
62038567 294 0 1 0
62039311 16 1 1 1
62048995 294 0 1 1
62055133 0 1 4 0
62057751 0 1 4 1
62058473 16 1 1 0
62060347 294 0 1 0
62061091 16 1 1 1
62070775 294 0 1 1
62076913 0 1 4 0
62079531 0 1 4 1
62080253 16 1 1 0
62082127 294 0 1 0
62082871 16 1 1 1
62092555 294 0 1 1
62098693 0 1 4 0
62101311 0 1 4 1
62102033 16 1 1 0
62103907 294 0 1 0
62104651 16 1 1 1
62114335 294 0 1 1
62120473 0 1 4 0
62123091 0 1 4 1
62123813 16 1 1 0
62125687 294 0 1 0
62126431 16 1 1 1
62136115 294 0 1 1
62141758 0 1 4 0
62144499 0 1 4 1
62145098 16 1 1 0
62146972 294 0 1 0
62147839 16 1 1 1
62157895 294 0 1 1
62164033 0 1 4 0
62166651 0 1 4 1
62167373 16 1 1 0
62169247 294 0 1 0
62169991 16 1 1 1
62179675 294 0 1 1
62185813 0 1 4 0
62188431 0 1 4 1
62189153 16 1 1 0
62191027 294 0 1 0
62191771 16 1 1 1
62201455 294 0 1 1
62207593 0 1 4 0
62210211 0 1 4 1
62210933 16 1 1 0
62212807 294 0 1 0
62213551 16 1 1 1
62223235 294 0 1 1
62229373 0 1 4 0
62231991 0 1 4 1
62232713 16 1 1 0
62234587 294 0 1 0
62235331 16 1 1 1
62245015 294 0 1 1
62251153 0 1 4 0
62253771 0 1 4 1
62254493 16 1 1 0
62256367 294 0 1 0
62257111 16 1 1 1
62266795 294 0 1 1
62272438 0 1 4 0
62275179 0 1 4 1
62275778 16 1 1 0
62277652 294 0 1 0
62278519 16 1 1 1
62288575 294 0 1 1
62294713 0 1 4 0
62297331 0 1 4 1
62298053 16 1 1 0
62299927 294 0 1 0
62300671 16 1 1 1
62310355 294 0 1 1
62316493 0 1 4 0
62319111 0 1 4 1
62319833 16 1 1 0
62321707 294 0 1 0
62322451 16 1 1 1
62332135 294 0 1 1
62338273 0 1 4 0
62340891 0 1 4 1
62341613 16 1 1 0
62343487 294 0 1 0
62344231 16 1 1 1
62353915 294 0 1 1
62360053 0 1 4 0
62362671 0 1 4 1
62363393 16 1 1 0
62365267 294 0 1 0
62366011 16 1 1 1
62375695 294 0 1 1
62381833 0 1 4 0
62384451 0 1 4 1
62385173 16 1 1 0
62387047 294 0 1 0
62387791 16 1 1 1
62397475 294 0 1 1
62403118 0 1 4 0
62405859 0 1 4 1
62406458 16 1 1 0
62408332 294 0 1 0
62409199 16 1 1 1
62419255 294 0 1 1
62425393 0 1 4 0
62428011 0 1 4 1
62428733 16 1 1 0
62430607 294 0 1 0
62431351 16 1 1 1
62441035 294 0 1 1
62447173 0 1 4 0
62449791 0 1 4 1
62450513 16 1 1 0
62452387 294 0 1 0
62453131 16 1 1 1
62462815 294 0 1 1
62468953 0 1 4 0
62471571 0 1 4 1
62472293 16 1 1 0
62474167 294 0 1 0
62474911 16 1 1 1
62484595 294 0 1 1
62490733 0 1 4 0
62493351 0 1 4 1
62494073 16 1 1 0
62495947 294 0 1 0
62496691 16 1 1 1
62506375 294 0 1 1
62512513 0 1 4 0
62515131 0 1 4 1
62515853 16 1 1 0
62517727 294 0 1 0
62518471 16 1 1 1
62528155 294 0 1 1
62533798 0 1 4 0
62536539 0 1 4 1
62537138 16 1 1 0
62539012 294 0 1 0
62539879 16 1 1 1
62549935 294 0 1 1
62556073 0 1 4 0
62558691 0 1 4 1
62559413 16 1 1 0
62561287 294 0 1 0
62562031 16 1 1 1
62571715 294 0 1 1
62577853 0 1 4 0
62580471 0 1 4 1
62581193 16 1 1 0
62583067 294 0 1 0
62583811 16 1 1 1
62593495 294 0 1 1
62599633 0 1 4 0
62602251 0 1 4 1
62602973 16 1 1 0
62604847 294 0 1 0
62605591 16 1 1 1
62615275 294 0 1 1
62621413 0 1 4 0
62624031 0 1 4 1
62624753 16 1 1 0
62626627 294 0 1 0
62627371 16 1 1 1
62637055 294 0 1 1
62643193 0 1 4 0
62645811 0 1 4 1
62646533 16 1 1 0
62648407 294 0 1 0
62649151 16 1 1 1
62658835 294 0 1 1
62664478 0 1 4 0
62667219 0 1 4 1
62667818 16 1 1 0
62669692 294 0 1 0
62670559 16 1 1 1
62680615 294 0 1 1
62686753 0 1 4 0
62689371 0 1 4 1
62690093 16 1 1 0
62691967 294 0 1 0
62692711 16 1 1 1
62702395 294 0 1 1
62708533 0 1 4 0
62711151 0 1 4 1
62711873 16 1 1 0
62713747 294 0 1 0
62714491 16 1 1 1
62724175 294 0 1 1
62730313 0 1 4 0
62732931 0 1 4 1
62733653 16 1 1 0
62735527 294 0 1 0
62736271 16 1 1 1
62745955 294 0 1 1
62752093 0 1 4 0
62754711 0 1 4 1
62755433 16 1 1 0
62757307 294 0 1 0
62758051 16 1 1 1
62767735 294 0 1 1
62773378 0 1 4 0
62776119 0 1 4 1
62776718 16 1 1 0
62778592 294 0 1 0
62779459 16 1 1 1
62789515 294 0 1 1
62795653 0 1 4 0
62798271 0 1 4 1
62798993 16 1 1 0
62800867 294 0 1 0
62801611 16 1 1 1
62811295 294 0 1 1
62817433 0 1 4 0
62820051 0 1 4 1
62820773 16 1 1 0
62822647 294 0 1 0
62823391 16 1 1 1
62833075 294 0 1 1
62839213 0 1 4 0
62841831 0 1 4 1
62842553 16 1 1 0
62844427 294 0 1 0
62845171 16 1 1 1
62854855 294 0 1 1
62860993 0 1 4 0
62863611 0 1 4 1
62864333 16 1 1 0
62866207 294 0 1 0
62866951 16 1 1 1
62876635 294 0 1 1
62882773 0 1 4 0
62885391 0 1 4 1
62886113 16 1 1 0
62887987 294 0 1 0
62888731 16 1 1 1
62898415 294 0 1 1
62904058 0 1 4 0
62906799 0 1 4 1
62907398 16 1 1 0
62909272 294 0 1 0
62910139 16 1 1 1
62920195 294 0 1 1
62926333 0 1 4 0
62928951 0 1 4 1
62929673 16 1 1 0
62931547 294 0 1 0
62932291 16 1 1 1
62941975 294 0 1 1
62948113 0 1 4 0
62950731 0 1 4 1
62951453 16 1 1 0
62953327 294 0 1 0
62954071 16 1 1 1
62963755 294 0 1 1
62969893 0 1 4 0
62972511 0 1 4 1
62973233 16 1 1 0
62975107 294 0 1 0
62975851 16 1 1 1
62985535 294 0 1 1
62991673 0 1 4 0
62994291 0 1 4 1
62995013 16 1 1 0
62996887 294 0 1 0
62997631 16 1 1 1
63007315 294 0 1 1
63013453 0 1 4 0
63016071 0 1 4 1
63016793 16 1 1 0
63018667 294 0 1 0
63019411 16 1 1 1
63029095 294 0 1 1
63034738 0 1 4 0
63037479 0 1 4 1
63038078 16 1 1 0
63039952 294 0 1 0
63040819 16 1 1 1
63050875 294 0 1 1
63057013 0 1 4 0
63059631 0 1 4 1
63060353 16 1 1 0
63062227 294 0 1 0
63062971 16 1 1 1
63072655 294 0 1 1
63078793 0 1 4 0
63081411 0 1 4 1
63082133 16 1 1 0
63084007 294 0 1 0
63084751 16 1 1 1
63094435 294 0 1 1
63100573 0 1 4 0
63103191 0 1 4 1
63103913 16 1 1 0
63105787 294 0 1 0
63106531 16 1 1 1
63116215 294 0 1 1
63122353 0 1 4 0
63124971 0 1 4 1
63125693 16 1 1 0
63127567 294 0 1 0
63128311 16 1 1 1
63137995 294 0 1 1
63144133 0 1 4 0
63146751 0 1 4 1
63147473 16 1 1 0
63149347 294 0 1 0
63150091 16 1 1 1
63159775 294 0 1 1
63165418 0 1 4 0
63168159 0 1 4 1
63168758 16 1 1 0
63170632 294 0 1 0
63171499 16 1 1 1
63181555 294 0 1 1
63187693 0 1 4 0
63190311 0 1 4 1
63191033 16 1 1 0
63192907 294 0 1 0
63193651 16 1 1 1
63203335 294 0 1 1
63209473 0 1 4 0
63212091 0 1 4 1
63212813 16 1 1 0
63214687 294 0 1 0
63215431 16 1 1 1
63225115 294 0 1 1
63231253 0 1 4 0
63233871 0 1 4 1
63234593 16 1 1 0
63236467 294 0 1 0
63237211 16 1 1 1
63246895 294 0 1 1
63253033 0 1 4 0
63255651 0 1 4 1
63256373 16 1 1 0
63258247 294 0 1 0
63258991 16 1 1 1
63268675 294 0 1 1
63274813 0 1 4 0
63277431 0 1 4 1
63278153 16 1 1 0
63280027 294 0 1 0
63280771 16 1 1 1
63290455 294 0 1 1
63296098 0 1 4 0
63298839 0 1 4 1
63299438 16 1 1 0
63301312 294 0 1 0
63302179 16 1 1 1
63312235 294 0 1 1
63318373 0 1 4 0
63320991 0 1 4 1
63321713 16 1 1 0
63323587 294 0 1 0
63324331 16 1 1 1
63334015 294 0 1 1
63340153 0 1 4 0
63342771 0 1 4 1
63343493 16 1 1 0
63345367 294 0 1 0
63346111 16 1 1 1
63355795 294 0 1 1
63361933 0 1 4 0
63364551 0 1 4 1
63365273 16 1 1 0
63367147 294 0 1 0
63367891 16 1 1 1
63377575 294 0 1 1
63383713 0 1 4 0
63386331 0 1 4 1
63387053 16 1 1 0
63388927 294 0 1 0
63389671 16 1 1 1
63399355 294 0 1 1
63405493 0 1 4 0
63408111 0 1 4 1
63408833 16 1 1 0
63410707 294 0 1 0
63411451 16 1 1 1
63421135 294 0 1 1
63426778 0 1 4 0
63429519 0 1 4 1
63430118 16 1 1 0
63431992 294 0 1 0
63432859 16 1 1 1
63442915 294 0 1 1
63449053 0 1 4 0
63451671 0 1 4 1
63452393 16 1 1 0
63454267 294 0 1 0
63455011 16 1 1 1
63464695 294 0 1 1
63470833 0 1 4 0
63473451 0 1 4 1
63474173 16 1 1 0
63476047 294 0 1 0
63476791 16 1 1 1
63486475 294 0 1 1
63492613 0 1 4 0
63495231 0 1 4 1
63495953 16 1 1 0
63497827 294 0 1 0
63498571 16 1 1 1
63508255 294 0 1 1
63514393 0 1 4 0
63517011 0 1 4 1
63517733 16 1 1 0
63519607 294 0 1 0
63520351 16 1 1 1
63530035 294 0 1 1
63536173 0 1 4 0
63538791 0 1 4 1
63539513 16 1 1 0
63541387 294 0 1 0
63542131 16 1 1 1
63551815 294 0 1 1
63557458 0 1 4 0
63560199 0 1 4 1
63560798 16 1 1 0
63562672 294 0 1 0
63563539 16 1 1 1
63573595 294 0 1 1
63579733 0 1 4 0
63582351 0 1 4 1
63583073 16 1 1 0
63584947 294 0 1 0
63585691 16 1 1 1
63595375 294 0 1 1
63601513 0 1 4 0
63604131 0 1 4 1
63604853 16 1 1 0
63606727 294 0 1 0
63607471 16 1 1 1
63617155 294 0 1 1
63623293 0 1 4 0
63625911 0 1 4 1
63626633 16 1 1 0
63628507 294 0 1 0
63629251 16 1 1 1
63638935 294 0 1 1
63645073 0 1 4 0
63647691 0 1 4 1
63648413 16 1 1 0
63650287 294 0 1 0
63651031 16 1 1 1
63660715 294 0 1 1
63666358 0 1 4 0
63668976 0 1 4 1
63669698 16 1 1 0
63671572 294 0 1 0
63672316 16 1 1 1
63682000 294 0 1 1
63688138 0 1 4 0
63690879 0 1 4 1
63691478 16 1 1 0
63693352 294 0 1 0
63694219 16 1 1 1
63704275 294 0 1 1
63710413 0 1 4 0
63713031 0 1 4 1
63713753 16 1 1 0
63715627 294 0 1 0
63716371 16 1 1 1
63726055 294 0 1 1
63732193 0 1 4 0
63734811 0 1 4 1
63735533 16 1 1 0
63737407 294 0 1 0
63738151 16 1 1 1
63747835 294 0 1 1
63753973 0 1 4 0
63756591 0 1 4 1
63757313 16 1 1 0
63759187 294 0 1 0
63759931 16 1 1 1
63769615 294 0 1 1
63775753 0 1 4 0
63778371 0 1 4 1
63779093 16 1 1 0
63780967 294 0 1 0
63781711 16 1 1 1
63791395 294 0 1 1
63797038 0 1 4 0
63799779 0 1 4 1
63800378 16 1 1 0
63802252 294 0 1 0
63803119 16 1 1 1
63813175 294 0 1 1
63819313 0 1 4 0
63821931 0 1 4 1
63822653 16 1 1 0
63824527 294 0 1 0
63825271 16 1 1 1
63834955 294 0 1 1
63841093 0 1 4 0
63843711 0 1 4 1
63844433 16 1 1 0
63846307 294 0 1 0
63847051 16 1 1 1
63856735 294 0 1 1
63862873 0 1 4 0
63865491 0 1 4 1
63866213 16 1 1 0
63868087 294 0 1 0
63868831 16 1 1 1
63878515 294 0 1 1
63884653 0 1 4 0
63887271 0 1 4 1
63887993 16 1 1 0
63889867 294 0 1 0
63890611 16 1 1 1
63900295 294 0 1 1
63906433 0 1 4 0
63909051 0 1 4 1
63909773 16 1 1 0
63911647 294 0 1 0
63912391 16 1 1 1
63922075 294 0 1 1
63927718 0 1 4 0
63930459 0 1 4 1
63931058 16 1 1 0
63932932 294 0 1 0
63933799 16 1 1 1
63943855 294 0 1 1
63949993 0 1 4 0
63952611 0 1 4 1
63953333 16 1 1 0
63955207 294 0 1 0
63955951 16 1 1 1
63965635 294 0 1 1
63971773 0 1 4 0
63974391 0 1 4 1
63975113 16 1 1 0
63976987 294 0 1 0
63977731 16 1 1 1
63987415 294 0 1 1
63993553 0 1 4 0
63996171 0 1 4 1
63996893 16 1 1 0
63998767 294 0 1 0
63999511 16 1 1 1
64009195 294 0 1 1
64015333 0 1 4 0
64017951 0 1 4 1
64018673 16 1 1 0
64020547 294 0 1 0
64021291 16 1 1 1
64030975 294 0 1 1
64037113 0 1 4 0
64039731 0 1 4 1
64040453 16 1 1 0
64042327 294 0 1 0
64043071 16 1 1 1
64052755 294 0 1 1
64058398 0 1 4 0
64061139 0 1 4 1
64061738 16 1 1 0
64063612 294 0 1 0
64064479 16 1 1 1
64074535 294 0 1 1
64080673 0 1 4 0
64083291 0 1 4 1
64084013 16 1 1 0
64085887 294 0 1 0
64086631 16 1 1 1
64096315 294 0 1 1
64102453 0 1 4 0
64105071 0 1 4 1
64105793 16 1 1 0
64107667 294 0 1 0
64108411 16 1 1 1
64118095 294 0 1 1
64124233 0 1 4 0
64126851 0 1 4 1
64127573 16 1 1 0
64129447 294 0 1 0
64130191 16 1 1 1
64139875 294 0 1 1
64146013 0 1 4 0
64148631 0 1 4 1
64149353 16 1 1 0
64151227 294 0 1 0
64151971 16 1 1 1
64161655 294 0 1 1
64167793 0 1 4 0
64170411 0 1 4 1
64171133 16 1 1 0
64173007 294 0 1 0
64173751 16 1 1 1
64183435 294 0 1 1
64189078 0 1 4 0
64191819 0 1 4 1
64192418 16 1 1 0
64194292 294 0 1 0
64195159 16 1 1 1
64205215 294 0 1 1
64211353 0 1 4 0
64213971 0 1 4 1
64214693 16 1 1 0
64216567 294 0 1 0
64217311 16 1 1 1
64226995 294 0 1 1
64233133 0 1 4 0
64235751 0 1 4 1
64236473 16 1 1 0
64238347 294 0 1 0
64239091 16 1 1 1
64248775 294 0 1 1
64254913 0 1 4 0
64257531 0 1 4 1
64258253 16 1 1 0
64260127 294 0 1 0
64260871 16 1 1 1
64270555 294 0 1 1
64276693 0 1 4 0
64279311 0 1 4 1
64280033 16 1 1 0
64281907 294 0 1 0
64282651 16 1 1 1
64292335 294 0 1 1
64298473 0 1 4 0
64301091 0 1 4 1
64301813 16 1 1 0
64303687 294 0 1 0
64304431 16 1 1 1
64314115 294 0 1 1
64319758 0 1 4 0
64322499 0 1 4 1
64323098 16 1 1 0
64324972 294 0 1 0
64325839 16 1 1 1
64335895 294 0 1 1
64342033 0 1 4 0
64344651 0 1 4 1
64345373 16 1 1 0
64347247 294 0 1 0
64347991 16 1 1 1
64357675 294 0 1 1
64363813 0 1 4 0
64366431 0 1 4 1
64367153 16 1 1 0
64369027 294 0 1 0
64369771 16 1 1 1
64379455 294 0 1 1
64385593 0 1 4 0
64388211 0 1 4 1
64388933 16 1 1 0
64390807 294 0 1 0
64391551 16 1 1 1
64401235 294 0 1 1
64407373 0 1 4 0
64409991 0 1 4 1
64410713 16 1 1 0
64412587 294 0 1 0
64413331 16 1 1 1
64423015 294 0 1 1
64429153 0 1 4 0
64431771 0 1 4 1
64432493 16 1 1 0
64434367 294 0 1 0
64435111 16 1 1 1
64444795 294 0 1 1
64452418 0 1 4 0
64455282 0 1 4 1
64455758 16 1 1 0
64457632 294 0 1 0
64458622 16 1 1 1
64469050 294 0 1 1
64476178 0 1 4 0
64478796 0 1 4 1
64479518 16 1 1 0
64481392 294 0 1 0
64482136 16 1 1 1
64491820 294 0 1 1
64497958 0 1 4 0
64500699 0 1 4 1
64501298 16 1 1 0
64503172 294 0 1 0
64504039 16 1 1 1
64514095 294 0 1 1
64520233 0 1 4 0
64522974 0 1 4 1
64523573 16 1 1 0
64525447 294 0 1 0
64526314 16 1 1 1
64536370 294 0 1 1
64542508 0 1 4 0
64545372 0 1 4 1
64545848 16 1 1 0
64547722 294 0 1 0
64548712 16 1 1 1
64559140 294 0 1 1
64564783 0 1 4 0
64567647 0 1 4 1
64568123 16 1 1 0
64569997 294 0 1 0
64570987 16 1 1 1
64581415 294 0 1 1
64587553 0 1 4 0
64590171 0 1 4 1
64590893 16 1 1 0
64592767 294 0 1 0
64593511 16 1 1 1
64603195 294 0 1 1
64609333 0 1 4 0
64611951 0 1 4 1
64612673 16 1 1 0
64614547 294 0 1 0
64615291 16 1 1 1
64624975 294 0 1 1
64631113 0 1 4 0
64633731 0 1 4 1
64634453 16 1 1 0
64636327 294 0 1 0
64637071 16 1 1 1
64646755 294 0 1 1
64652893 0 1 4 0
64655511 0 1 4 1
64656233 16 1 1 0
64658107 294 0 1 0
64658851 16 1 1 1
64668535 294 0 1 1
64674673 0 1 4 0
64677291 0 1 4 1
64678013 16 1 1 0
64679887 294 0 1 0
64680631 16 1 1 1
64690315 294 0 1 1
64695958 0 1 4 0
64698699 0 1 4 1
64699298 16 1 1 0
64701172 294 0 1 0
64702039 16 1 1 1
64712095 294 0 1 1
64718233 0 1 4 0
64720851 0 1 4 1
64721573 16 1 1 0
64723447 294 0 1 0
64724191 16 1 1 1
64733875 294 0 1 1
64740013 0 1 4 0
64742631 0 1 4 1
64743353 16 1 1 0
64745227 294 0 1 0
64745971 16 1 1 1
64755655 294 0 1 1
64761793 0 1 4 0
64764411 0 1 4 1
64765133 16 1 1 0
64767007 294 0 1 0
64767751 16 1 1 1
64777435 294 0 1 1
64783573 0 1 4 0
64786191 0 1 4 1
64786913 16 1 1 0
64788787 294 0 1 0
64789531 16 1 1 1
64799215 294 0 1 1
64805353 0 1 4 0
64807971 0 1 4 1
64808693 16 1 1 0
64810567 294 0 1 0
64811311 16 1 1 1
64820995 294 0 1 1
64826638 0 1 4 0
64829379 0 1 4 1
64829978 16 1 1 0
64831852 294 0 1 0
64832719 16 1 1 1
64842775 294 0 1 1
64848913 0 1 4 0
64851531 0 1 4 1
64852253 16 1 1 0
64854127 294 0 1 0
64854871 16 1 1 1
64864555 294 0 1 1
64870693 0 1 4 0
64873311 0 1 4 1
64874033 16 1 1 0
64875907 294 0 1 0
64876651 16 1 1 1
64886335 294 0 1 1
64892473 0 1 4 0
64895091 0 1 4 1
64895813 16 1 1 0
64897687 294 0 1 0
64898431 16 1 1 1
64908115 294 0 1 1
64914253 0 1 4 0
64916871 0 1 4 1
64917593 16 1 1 0
64919467 294 0 1 0
64920211 16 1 1 1
64929895 294 0 1 1
64936033 0 1 4 0
64938651 0 1 4 1
64939373 16 1 1 0
64941247 294 0 1 0
64941991 16 1 1 1
64951675 294 0 1 1
64957318 0 1 4 0
64960059 0 1 4 1
64960658 16 1 1 0
64962532 294 0 1 0
64963399 16 1 1 1
64973455 294 0 1 1
64979593 0 1 4 0
64982211 0 1 4 1
64982933 16 1 1 0
64984807 294 0 1 0
64985551 16 1 1 1
64995235 294 0 1 1
65001373 0 1 4 0
65003991 0 1 4 1
65004713 16 1 1 0
65006587 294 0 1 0
65007331 16 1 1 1
65017015 294 0 1 1
65023153 0 1 4 0
65025771 0 1 4 1
65026493 16 1 1 0
65028367 294 0 1 0
65029111 16 1 1 1
65038795 294 0 1 1
65044933 0 1 4 0
65047551 0 1 4 1
65048273 16 1 1 0
65050147 294 0 1 0
65050891 16 1 1 1
65060575 294 0 1 1
65066713 0 1 4 0
65069331 0 1 4 1
65070053 16 1 1 0
65071927 294 0 1 0
65072671 16 1 1 1
65082355 294 0 1 1
65087998 0 1 4 0
65090739 0 1 4 1
65091338 16 1 1 0
65093212 294 0 1 0
65094079 16 1 1 1
65104135 294 0 1 1
65110273 0 1 4 0
65112891 0 1 4 1
65113613 16 1 1 0
65115487 294 0 1 0
65116231 16 1 1 1
65125915 294 0 1 1
65132053 0 1 4 0
65134671 0 1 4 1
65135393 16 1 1 0
65137267 294 0 1 0
65138011 16 1 1 1
65147695 294 0 1 1
65153833 0 1 4 0
65156451 0 1 4 1
65157173 16 1 1 0
65159047 294 0 1 0
65159791 16 1 1 1
65169475 294 0 1 1
65175613 0 1 4 0
65178231 0 1 4 1
65178953 16 1 1 0
65180827 294 0 1 0
65181571 16 1 1 1
65191255 294 0 1 1
65197393 0 1 4 0
65200011 0 1 4 1
65200733 16 1 1 0
65202607 294 0 1 0
65203351 16 1 1 1
65213035 294 0 1 1
65218678 0 1 4 0
65221419 0 1 4 1
65222018 16 1 1 0
65223892 294 0 1 0
65224759 16 1 1 1
65234815 294 0 1 1
65240953 0 1 4 0
65243571 0 1 4 1
65244293 16 1 1 0
65246167 294 0 1 0
65246911 16 1 1 1
65256595 294 0 1 1
65262733 0 1 4 0
65265351 0 1 4 1
65266073 16 1 1 0
65267947 294 0 1 0
65268691 16 1 1 1
65278375 294 0 1 1
65284513 0 1 4 0
65287131 0 1 4 1
65287853 16 1 1 0
65289727 294 0 1 0
65290471 16 1 1 1
65300155 294 0 1 1
65306293 0 1 4 0
65308911 0 1 4 1
65309633 16 1 1 0
65311507 294 0 1 0
65312251 16 1 1 1
65321935 294 0 1 1
65327578 0 1 4 0
65330319 0 1 4 1
65330918 16 1 1 0
65332792 294 0 1 0
65333659 16 1 1 1
65343715 294 0 1 1
65349853 0 1 4 0
65352471 0 1 4 1
65353193 16 1 1 0
65355067 294 0 1 0
65355811 16 1 1 1
65365495 294 0 1 1
65371633 0 1 4 0
65374251 0 1 4 1
65374973 16 1 1 0
65376847 294 0 1 0
65377591 16 1 1 1
65387275 294 0 1 1
65393413 0 1 4 0
65396031 0 1 4 1
65396753 16 1 1 0
65398627 294 0 1 0
65399371 16 1 1 1
65409055 294 0 1 1
65415193 0 1 4 0
65417811 0 1 4 1
65418533 16 1 1 0
65420407 294 0 1 0
65421151 16 1 1 1
65430835 294 0 1 1
65436973 0 1 4 0
65439591 0 1 4 1
65440313 16 1 1 0
65442187 294 0 1 0
65442931 16 1 1 1
65452615 294 0 1 1
65458258 0 1 4 0
65460999 0 1 4 1
65461598 16 1 1 0
65463472 294 0 1 0
65464339 16 1 1 1
65474395 294 0 1 1
65480533 0 1 4 0
65483151 0 1 4 1
65483873 16 1 1 0
65485747 294 0 1 0
65486491 16 1 1 1
65496175 294 0 1 1
65502313 0 1 4 0
65504931 0 1 4 1
65505653 16 1 1 0
65507527 294 0 1 0
65508271 16 1 1 1
65517955 294 0 1 1
65524093 0 1 4 0
65526711 0 1 4 1
65527433 16 1 1 0
65529307 294 0 1 0
65530051 16 1 1 1
65539735 294 0 1 1
65545873 0 1 4 0
65548491 0 1 4 1
65549213 16 1 1 0
65551087 294 0 1 0
65551831 16 1 1 1
65561515 294 0 1 1
65567653 0 1 4 0
65570271 0 1 4 1
65570993 16 1 1 0
65572867 294 0 1 0
65573611 16 1 1 1
65583295 294 0 1 1
65588938 0 1 4 0
65591679 0 1 4 1
65592278 16 1 1 0
65594152 294 0 1 0
65595019 16 1 1 1
65605075 294 0 1 1
65611213 0 1 4 0
65613831 0 1 4 1
65614553 16 1 1 0
65616427 294 0 1 0
65617171 16 1 1 1
65626855 294 0 1 1
65632993 0 1 4 0
65635611 0 1 4 1
65636333 16 1 1 0
65638207 294 0 1 0
65638951 16 1 1 1
65648635 294 0 1 1
65654773 0 1 4 0
65657391 0 1 4 1
65658113 16 1 1 0
65659987 294 0 1 0
65660731 16 1 1 1
65670415 294 0 1 1
65676553 0 1 4 0
65679171 0 1 4 1
65679893 16 1 1 0
65681767 294 0 1 0
65682511 16 1 1 1
65692195 294 0 1 1
65698333 0 1 4 0
65700951 0 1 4 1
65701673 16 1 1 0
65703547 294 0 1 0
65704291 16 1 1 1
65713975 294 0 1 1
65719618 0 1 4 0
65722359 0 1 4 1
65722958 16 1 1 0
65724832 294 0 1 0
65725699 16 1 1 1
65735755 294 0 1 1
65741893 0 1 4 0
65744511 0 1 4 1
65745233 16 1 1 0
65747107 294 0 1 0
65747851 16 1 1 1
65757535 294 0 1 1
65763673 0 1 4 0
65766291 0 1 4 1
65767013 16 1 1 0
65768887 294 0 1 0
65769631 16 1 1 1
65779315 294 0 1 1
65785453 0 1 4 0
65788071 0 1 4 1
65788793 16 1 1 0
65790667 294 0 1 0
65791411 16 1 1 1
65801095 294 0 1 1
65807233 0 1 4 0
65809851 0 1 4 1
65810573 16 1 1 0
65812447 294 0 1 0
65813191 16 1 1 1
65822875 294 0 1 1
65829013 0 1 4 0
65831631 0 1 4 1
65832353 16 1 1 0
65834227 294 0 1 0
65834971 16 1 1 1
65844655 294 0 1 1
65850298 0 1 4 0
65853039 0 1 4 1
65853638 16 1 1 0
65855512 294 0 1 0
65856379 16 1 1 1
65866435 294 0 1 1
65872573 0 1 4 0
65875191 0 1 4 1
65875913 16 1 1 0
65877787 294 0 1 0
65878531 16 1 1 1
65888215 294 0 1 1
65894353 0 1 4 0
65896971 0 1 4 1
65897693 16 1 1 0
65899567 294 0 1 0
65900311 16 1 1 1
65909995 294 0 1 1
65916133 0 1 4 0
65918751 0 1 4 1
65919473 16 1 1 0
65921347 294 0 1 0
65922091 16 1 1 1
65931775 294 0 1 1
65937913 0 1 4 0
65940531 0 1 4 1
65941253 16 1 1 0
65943127 294 0 1 0
65943871 16 1 1 1
65953555 294 0 1 1
65959693 0 1 4 0
65962311 0 1 4 1
65963033 16 1 1 0
65964907 294 0 1 0
65965651 16 1 1 1
65975335 294 0 1 1
65980978 0 1 4 0
65983719 0 1 4 1
65984318 16 1 1 0
65986192 294 0 1 0
65987059 16 1 1 1
65997115 294 0 1 1
66003253 0 1 4 0
66005871 0 1 4 1
66006593 16 1 1 0
66008467 294 0 1 0
66009211 16 1 1 1
66018895 294 0 1 1
66025033 0 1 4 0
66027651 0 1 4 1
66028373 16 1 1 0
66030247 294 0 1 0
66030991 16 1 1 1
66040675 294 0 1 1
66046813 0 1 4 0
66049431 0 1 4 1
66050153 16 1 1 0
66052027 294 0 1 0
66052771 16 1 1 1
66062455 294 0 1 1
66068593 0 1 4 0
66071211 0 1 4 1
66071933 16 1 1 0
66073807 294 0 1 0
66074551 16 1 1 1
66082293 0 1 4 0
66084235 294 0 1 1
66085403 0 1 4 1
66085633 16 1 1 0
66087507 294 0 1 0
66088743 16 1 1 1
66095163 0 1 4 0
66098273 0 1 4 1
66098503 16 1 1 0
66101613 16 1 1 1
66108033 0 1 4 0
66111143 0 1 4 1
66111373 16 1 1 0
66114483 16 1 1 1
66120903 0 1 4 0
66124013 0 1 4 1
66124243 16 1 1 0
66127353 16 1 1 1
66133773 0 1 4 0
66136883 0 1 4 1
66137113 16 1 1 0
66140223 16 1 1 1
66146643 0 1 4 0
66149753 0 1 4 1
66149983 16 1 1 0
66153093 16 1 1 1
66159513 0 1 4 0
66162623 0 1 4 1
66162853 16 1 1 0
66165963 16 1 1 1
66172383 0 1 4 0
66175493 0 1 4 1
66175723 16 1 1 0
66178833 16 1 1 1
66185253 0 1 4 0
66188363 0 1 4 1
66188593 16 1 1 0
66191703 16 1 1 1
66198123 0 1 4 0
66201233 0 1 4 1
66201463 16 1 1 0
66204573 16 1 1 1
66210993 0 1 4 0
66214103 0 1 4 1
66214333 16 1 1 0
66217443 16 1 1 1
66223863 0 1 4 0
66226973 0 1 4 1
66227203 16 1 1 0
66230313 16 1 1 1
66236733 0 1 4 0
66239843 0 1 4 1
66240073 16 1 1 0
66243183 16 1 1 1
66249603 0 1 4 0
66252713 0 1 4 1
66252943 16 1 1 0
66256053 16 1 1 1
66262473 0 1 4 0
66265583 0 1 4 1
66265813 16 1 1 0
66268923 16 1 1 1
66275343 0 1 4 0
66278453 0 1 4 1
66278683 16 1 1 0
66281793 16 1 1 1
66288213 0 1 4 0
66291323 0 1 4 1
66291553 16 1 1 0
66294663 16 1 1 1
66301083 0 1 4 0
66304193 0 1 4 1
66304423 16 1 1 0
66307533 16 1 1 1
66313953 0 1 4 0
66317063 0 1 4 1
66317293 16 1 1 0
66320403 16 1 1 1
66326823 0 1 4 0
66329933 0 1 4 1
66330163 16 1 1 0
66333273 16 1 1 1
66339693 0 1 4 0
66342803 0 1 4 1
66343033 16 1 1 0
66346143 16 1 1 1
66352563 0 1 4 0
66355673 0 1 4 1
66355903 16 1 1 0
66359013 16 1 1 1
66365433 0 1 4 0
66368543 0 1 4 1
66368773 16 1 1 0
66371883 16 1 1 1
66378303 0 1 4 0
66381413 0 1 4 1
66381643 16 1 1 0
66384753 16 1 1 1
66391173 0 1 4 0
66394283 0 1 4 1
66394513 16 1 1 0
66397623 16 1 1 1
66404043 0 1 4 0
66407153 0 1 4 1
66407383 16 1 1 0
66410493 16 1 1 1
66416913 0 1 4 0
66420023 0 1 4 1
66420253 16 1 1 0
66423363 16 1 1 1
66429783 0 1 4 0
66432893 0 1 4 1
66433123 16 1 1 0
66436233 16 1 1 1
66442653 0 1 4 0
66445763 0 1 4 1
66445993 16 1 1 0
66449103 16 1 1 1
66455523 0 1 4 0
66458633 0 1 4 1
66458863 16 1 1 0
66461973 16 1 1 1
66468393 0 1 4 0
66471503 0 1 4 1
66471733 16 1 1 0
66474843 16 1 1 1
66481263 0 1 4 0
66484373 0 1 4 1
66484603 16 1 1 0
66487713 16 1 1 1
66494133 0 1 4 0
66497243 0 1 4 1
66497473 16 1 1 0
66500583 16 1 1 1
66507003 0 1 4 0
66510113 0 1 4 1
66510343 16 1 1 0
66513453 16 1 1 1
66519873 0 1 4 0
66522983 0 1 4 1
66523213 16 1 1 0
66526323 16 1 1 1
66532743 0 1 4 0
66535853 0 1 4 1
66536083 16 1 1 0
66539193 16 1 1 1
66545613 0 1 4 0
66548723 0 1 4 1
66548953 16 1 1 0
66552063 16 1 1 1
66558483 0 1 4 0
66561593 0 1 4 1
66561823 16 1 1 0
66564933 16 1 1 1
66571353 0 1 4 0
66574463 0 1 4 1
66574693 16 1 1 0
66577803 16 1 1 1
66584223 0 1 4 0
66587333 0 1 4 1
66587563 16 1 1 0
66590673 16 1 1 1
66597093 0 1 4 0
66600203 0 1 4 1
66600433 16 1 1 0
66603543 16 1 1 1
66609963 0 1 4 0
66613073 0 1 4 1
66613303 16 1 1 0
66616413 16 1 1 1
66622833 0 1 4 0
66625943 0 1 4 1
66626173 16 1 1 0
66629283 16 1 1 1
66635703 0 1 4 0
66638813 0 1 4 1
66639043 16 1 1 0
66642153 16 1 1 1
66648573 0 1 4 0
66651683 0 1 4 1
66651913 16 1 1 0
66655023 16 1 1 1
66661443 0 1 4 0
66664553 0 1 4 1
66664783 16 1 1 0
66667893 16 1 1 1
66674313 0 1 4 0
66677423 0 1 4 1
66677653 16 1 1 0
66680763 16 1 1 1
66687183 0 1 4 0
66690293 0 1 4 1
66690523 16 1 1 0
66693633 16 1 1 1
66700053 0 1 4 0
66703163 0 1 4 1
66703393 16 1 1 0
66706503 16 1 1 1
66712923 0 1 4 0
66716033 0 1 4 1
66716263 16 1 1 0
66719373 16 1 1 1
66725793 0 1 4 0
66728903 0 1 4 1
66729133 16 1 1 0
66732243 16 1 1 1
66738663 0 1 4 0
66741773 0 1 4 1
66742003 16 1 1 0
66745113 16 1 1 1
66751533 0 1 4 0
66754643 0 1 4 1
66754873 16 1 1 0
66757983 16 1 1 1
66764403 0 1 4 0
66767513 0 1 4 1
66767743 16 1 1 0
66770853 16 1 1 1
66777273 0 1 4 0
66780383 0 1 4 1
66780613 16 1 1 0
66783723 16 1 1 1
66790143 0 1 4 0
66793253 0 1 4 1
66793483 16 1 1 0
66796593 16 1 1 1
66803013 0 1 4 0
66806123 0 1 4 1
66806353 16 1 1 0
66809463 16 1 1 1
66815883 0 1 4 0
66818993 0 1 4 1
66819223 16 1 1 0
66822333 16 1 1 1
66828753 0 1 4 0
66831863 0 1 4 1
66832093 16 1 1 0
66835203 16 1 1 1
66841623 0 1 4 0
66844733 0 1 4 1
66844963 16 1 1 0
66848073 16 1 1 1
66854493 0 1 4 0
66857603 0 1 4 1
66857833 16 1 1 0
66860943 16 1 1 1
66867363 0 1 4 0
66870473 0 1 4 1
66870703 16 1 1 0
66873813 16 1 1 1
66880233 0 1 4 0
66883343 0 1 4 1
66883573 16 1 1 0
66886683 16 1 1 1
66893103 0 1 4 0
66896213 0 1 4 1
66896443 16 1 1 0
66899553 16 1 1 1
66905973 0 1 4 0
66909083 0 1 4 1
66909313 16 1 1 0
66912423 16 1 1 1
66918843 0 1 4 0
66921953 0 1 4 1
66922183 16 1 1 0
66925293 16 1 1 1
66931713 0 1 4 0
66934823 0 1 4 1
66935053 16 1 1 0
66938163 16 1 1 1
66944583 0 1 4 0
66947693 0 1 4 1
66947923 16 1 1 0
66951033 16 1 1 1
66957453 0 1 4 0
66960563 0 1 4 1
66960793 16 1 1 0
66963903 16 1 1 1
66970323 0 1 4 0
66973433 0 1 4 1
66973663 16 1 1 0
66976773 16 1 1 1
66983193 0 1 4 0
66986303 0 1 4 1
66986533 16 1 1 0
66989643 16 1 1 1
66996063 0 1 4 0
66999173 0 1 4 1
66999403 16 1 1 0
67002513 16 1 1 1
67008933 0 1 4 0
67012043 0 1 4 1
67012273 16 1 1 0
67015383 16 1 1 1
67021803 0 1 4 0
67024913 0 1 4 1
67025143 16 1 1 0
67028253 16 1 1 1
67034673 0 1 4 0
67037783 0 1 4 1
67038013 16 1 1 0
67041123 16 1 1 1
67047543 0 1 4 0
67050653 0 1 4 1
67050883 16 1 1 0
67053993 16 1 1 1
67060413 0 1 4 0
67063523 0 1 4 1
67063753 16 1 1 0
67066863 16 1 1 1
67073283 0 1 4 0
67076393 0 1 4 1
67076623 16 1 1 0
67079733 16 1 1 1
67086153 0 1 4 0
67089263 0 1 4 1
67089493 16 1 1 0
67092603 16 1 1 1
67099023 0 1 4 0
67102133 0 1 4 1
67102363 16 1 1 0
67105473 16 1 1 1
67111893 0 1 4 0
67115003 0 1 4 1
67115233 16 1 1 0
67118343 16 1 1 1
67124763 0 1 4 0
67127873 0 1 4 1
67128103 16 1 1 0
67131213 16 1 1 1
67137633 0 1 4 0
67140743 0 1 4 1
67140973 16 1 1 0
67144083 16 1 1 1
67150503 0 1 4 0
67153613 0 1 4 1
67153843 16 1 1 0
67156953 16 1 1 1
67163373 0 1 4 0
67166483 0 1 4 1
67166713 16 1 1 0
67169823 16 1 1 1
67176243 0 1 4 0
67179353 0 1 4 1
67179583 16 1 1 0
67182693 16 1 1 1
67189113 0 1 4 0
67192223 0 1 4 1
67192453 16 1 1 0
67195563 16 1 1 1
67201983 0 1 4 0
67205093 0 1 4 1
67205323 16 1 1 0
67208433 16 1 1 1
67214853 0 1 4 0
67217963 0 1 4 1
67218193 16 1 1 0
67221303 16 1 1 1
67227723 0 1 4 0
67230833 0 1 4 1
67231063 16 1 1 0
67234173 16 1 1 1
67240593 0 1 4 0
67243703 0 1 4 1
67243933 16 1 1 0
67247043 16 1 1 1
67253463 0 1 4 0
67256573 0 1 4 1
67256803 16 1 1 0
67259913 16 1 1 1
67266333 0 1 4 0
67269443 0 1 4 1
67269673 16 1 1 0
67272783 16 1 1 1
67279203 0 1 4 0
67282313 0 1 4 1
67282543 16 1 1 0
67285653 16 1 1 1
67292073 0 1 4 0
67295183 0 1 4 1
67295413 16 1 1 0
67298523 16 1 1 1
67304943 0 1 4 0
67308053 0 1 4 1
67308283 16 1 1 0
67311393 16 1 1 1
67317813 0 1 4 0
67320923 0 1 4 1
67321153 16 1 1 0
67324263 16 1 1 1
67330683 0 1 4 0
67333793 0 1 4 1
67334023 16 1 1 0
67337133 16 1 1 1
67343553 0 1 4 0
67346663 0 1 4 1
67346893 16 1 1 0
67350003 16 1 1 1
67356423 0 1 4 0
67359533 0 1 4 1
67359763 16 1 1 0
67362873 16 1 1 1
67369293 0 1 4 0
67372403 0 1 4 1
67372633 16 1 1 0
67375743 16 1 1 1
67382163 0 1 4 0
67385273 0 1 4 1
67385503 16 1 1 0
67388613 16 1 1 1
67395033 0 1 4 0
67398143 0 1 4 1
67398373 16 1 1 0
67401483 16 1 1 1
67407903 0 1 4 0
67411013 0 1 4 1
67411243 16 1 1 0
67414353 16 1 1 1
67420773 0 1 4 0
67423883 0 1 4 1
67424113 16 1 1 0
67427223 16 1 1 1
67433643 0 1 4 0
67436753 0 1 4 1
67436983 16 1 1 0
67440093 16 1 1 1
67446513 0 1 4 0
67449623 0 1 4 1
67449853 16 1 1 0
67452963 16 1 1 1
67459383 0 1 4 0
67462493 0 1 4 1
67462723 16 1 1 0
67465833 16 1 1 1
67472253 0 1 4 0
67475363 0 1 4 1
67475593 16 1 1 0
67478703 16 1 1 1
67485123 0 1 4 0
67488233 0 1 4 1
67488463 16 1 1 0
67491573 16 1 1 1
67497993 0 1 4 0
67501103 0 1 4 1
67501333 16 1 1 0
67504443 16 1 1 1
67510863 0 1 4 0
67513973 0 1 4 1
67514203 16 1 1 0
67517313 16 1 1 1
67523733 0 1 4 0
67526843 0 1 4 1
67527073 16 1 1 0
67530183 16 1 1 1
67536603 0 1 4 0
67539713 0 1 4 1
67539943 16 1 1 0
67543053 16 1 1 1
67549473 0 1 4 0
67552583 0 1 4 1
67552813 16 1 1 0
67555923 16 1 1 1
67562343 0 1 4 0
67565453 0 1 4 1
67565683 16 1 1 0
67568793 16 1 1 1
67575213 0 1 4 0
67578323 0 1 4 1
67578553 16 1 1 0
67581663 16 1 1 1
67588083 0 1 4 0
67591193 0 1 4 1
67591423 16 1 1 0
67594533 16 1 1 1
67600953 0 1 4 0
67604063 0 1 4 1
67604293 16 1 1 0
67607403 16 1 1 1
67613823 0 1 4 0
67616933 0 1 4 1
67617163 16 1 1 0
67620273 16 1 1 1
67626693 0 1 4 0
67629803 0 1 4 1
67630033 16 1 1 0
67633143 16 1 1 1
67639563 0 1 4 0
67642673 0 1 4 1
67642903 16 1 1 0
67646013 16 1 1 1
67652433 0 1 4 0
67655543 0 1 4 1
67655773 16 1 1 0
67658883 16 1 1 1
67665303 0 1 4 0
67668413 0 1 4 1
67668643 16 1 1 0
67671753 16 1 1 1
67678173 0 1 4 0
67681283 0 1 4 1
67681513 16 1 1 0
67684623 16 1 1 1
67691043 0 1 4 0
67694153 0 1 4 1
67694383 16 1 1 0
67697493 16 1 1 1
67703913 0 1 4 0
67707023 0 1 4 1
67707253 16 1 1 0
67710363 16 1 1 1
67716783 0 1 4 0
67719893 0 1 4 1
67720123 16 1 1 0
67723233 16 1 1 1
67729653 0 1 4 0
67732763 0 1 4 1
67732993 16 1 1 0
67736103 16 1 1 1
67742523 0 1 4 0
67745633 0 1 4 1
67745863 16 1 1 0
67748973 16 1 1 1
67755393 0 1 4 0
67758503 0 1 4 1
67758733 16 1 1 0
67761843 16 1 1 1
67768263 0 1 4 0
67771373 0 1 4 1
67771603 16 1 1 0
67774713 16 1 1 1
67781133 0 1 4 0
67784243 0 1 4 1
67784473 16 1 1 0
67787583 16 1 1 1
67794003 0 1 4 0
67797113 0 1 4 1
67797343 16 1 1 0
67800453 16 1 1 1
67806873 0 1 4 0
67809983 0 1 4 1
67810213 16 1 1 0
67813323 16 1 1 1
67819743 0 1 4 0
67822853 0 1 4 1
67823083 16 1 1 0
67826193 16 1 1 1
67832613 0 1 4 0
67835723 0 1 4 1
67835953 16 1 1 0
67839063 16 1 1 1
67845483 0 1 4 0
67848593 0 1 4 1
67848823 16 1 1 0
67851933 16 1 1 1
67858353 0 1 4 0
67861463 0 1 4 1
67861693 16 1 1 0
67864803 16 1 1 1
67871223 0 1 4 0
67874333 0 1 4 1
67874563 16 1 1 0
67877673 16 1 1 1
67884093 0 1 4 0
67887203 0 1 4 1
67887433 16 1 1 0
67890543 16 1 1 1
67896963 0 1 4 0
67900073 0 1 4 1
67900303 16 1 1 0
67903413 16 1 1 1
67909833 0 1 4 0
67912943 0 1 4 1
67913173 16 1 1 0
67916283 16 1 1 1
67922703 0 1 4 0
67925813 0 1 4 1
67926043 16 1 1 0
67929153 16 1 1 1
67935573 0 1 4 0
67938683 0 1 4 1
67938913 16 1 1 0
67942023 16 1 1 1
67948443 0 1 4 0
67951553 0 1 4 1
67951783 16 1 1 0
67954893 16 1 1 1
67961313 0 1 4 0
67964423 0 1 4 1
67964653 16 1 1 0
67967763 16 1 1 1
67974183 0 1 4 0
67977293 0 1 4 1
67977523 16 1 1 0
67980633 16 1 1 1
67987053 0 1 4 0
67990163 0 1 4 1
67990393 16 1 1 0
67993503 16 1 1 1
67999923 0 1 4 0
68003033 0 1 4 1
68003263 16 1 1 0
68006373 16 1 1 1
68012793 0 1 4 0
68015903 0 1 4 1
68016133 16 1 1 0
68019243 16 1 1 1
68025663 0 1 4 0
68028773 0 1 4 1
68029003 16 1 1 0
68032113 16 1 1 1
68038533 0 1 4 0
68041643 0 1 4 1
68041873 16 1 1 0
68044983 16 1 1 1
68051403 0 1 4 0
68054513 0 1 4 1
68054743 16 1 1 0
68057853 16 1 1 1
68064273 0 1 4 0
68067383 0 1 4 1
68067613 16 1 1 0
68070723 16 1 1 1
68077143 0 1 4 0
68080253 0 1 4 1
68080483 16 1 1 0
68083593 16 1 1 1
68090013 0 1 4 0
68093123 0 1 4 1
68093353 16 1 1 0
68096463 16 1 1 1
68102883 0 1 4 0
68105993 0 1 4 1
68106223 16 1 1 0
68109333 16 1 1 1
68115753 0 1 4 0
68118863 0 1 4 1
68119093 16 1 1 0
68122203 16 1 1 1
68128623 0 1 4 0
68131733 0 1 4 1
68131963 16 1 1 0
68135073 16 1 1 1
68141493 0 1 4 0
68144603 0 1 4 1
68144833 16 1 1 0
68147943 16 1 1 1
68154363 0 1 4 0
68157473 0 1 4 1
68157703 16 1 1 0
68160813 16 1 1 1
68167233 0 1 4 0
68170343 0 1 4 1
68170573 16 1 1 0
68173683 16 1 1 1
68180103 0 1 4 0
68183213 0 1 4 1
68183443 16 1 1 0
68186553 16 1 1 1
68192973 0 1 4 0
68196083 0 1 4 1
68196313 16 1 1 0
68199423 16 1 1 1
68205843 0 1 4 0
68208953 0 1 4 1
68209183 16 1 1 0
68212293 16 1 1 1
68218713 0 1 4 0
68221823 0 1 4 1
68222053 16 1 1 0
68225163 16 1 1 1
68231583 0 1 4 0
68234693 0 1 4 1
68234923 16 1 1 0
68238033 16 1 1 1
68244453 0 1 4 0
68247563 0 1 4 1
68247793 16 1 1 0
68250903 16 1 1 1
68257323 0 1 4 0
68260433 0 1 4 1
68260663 16 1 1 0
68263773 16 1 1 1
68270193 0 1 4 0
68273303 0 1 4 1
68273533 16 1 1 0
68276643 16 1 1 1
68283063 0 1 4 0
68286173 0 1 4 1
68286403 16 1 1 0
68289513 16 1 1 1
68295933 0 1 4 0
68299043 0 1 4 1
68299273 16 1 1 0
68302383 16 1 1 1
68308803 0 1 4 0
68311913 0 1 4 1
68312143 16 1 1 0
68315253 16 1 1 1
68321673 0 1 4 0
68324783 0 1 4 1
68325013 16 1 1 0
68328123 16 1 1 1
68334543 0 1 4 0
68337653 0 1 4 1
68337883 16 1 1 0
68340993 16 1 1 1
68347413 0 1 4 0
68350523 0 1 4 1
68350753 16 1 1 0
68353863 16 1 1 1
68360283 0 1 4 0
68363393 0 1 4 1
68363623 16 1 1 0
68366733 16 1 1 1
68373153 0 1 4 0
68376263 0 1 4 1
68376493 16 1 1 0
68379603 16 1 1 1
68386023 0 1 4 0
68389133 0 1 4 1
68389363 16 1 1 0
68392473 16 1 1 1
68398893 0 1 4 0
68402003 0 1 4 1
68402233 16 1 1 0
68405343 16 1 1 1
68411763 0 1 4 0
68414873 0 1 4 1
68415103 16 1 1 0
68418213 16 1 1 1
68424633 0 1 4 0
68427743 0 1 4 1
68427973 16 1 1 0
68431083 16 1 1 1
68437503 0 1 4 0
68440613 0 1 4 1
68440843 16 1 1 0
68443953 16 1 1 1
68450373 0 1 4 0
68453483 0 1 4 1
68453713 16 1 1 0
68456823 16 1 1 1
68463243 0 1 4 0
68466353 0 1 4 1
68466583 16 1 1 0
68469693 16 1 1 1
68476113 0 1 4 0
68479223 0 1 4 1
68479453 16 1 1 0
68482563 16 1 1 1
68488983 0 1 4 0
68492093 0 1 4 1
68492323 16 1 1 0
68495433 16 1 1 1
68501853 0 1 4 0
68504963 0 1 4 1
68505193 16 1 1 0
68508303 16 1 1 1
68514723 0 1 4 0
68517833 0 1 4 1
68518063 16 1 1 0
68521173 16 1 1 1
68527593 0 1 4 0
68530703 0 1 4 1
68530933 16 1 1 0
68534043 16 1 1 1
68540463 0 1 4 0
68543573 0 1 4 1
68543803 16 1 1 0
68546913 16 1 1 1
68553333 0 1 4 0
68556443 0 1 4 1
68556673 16 1 1 0
68559783 16 1 1 1
68566203 0 1 4 0
68569313 0 1 4 1
68569543 16 1 1 0
68572653 16 1 1 1
68579073 0 1 4 0
68582183 0 1 4 1
68582413 16 1 1 0
68585523 16 1 1 1
68591943 0 1 4 0
68595053 0 1 4 1
68595283 16 1 1 0
68598393 16 1 1 1
68604813 0 1 4 0
68607923 0 1 4 1
68608153 16 1 1 0
68611263 16 1 1 1
68617683 0 1 4 0
68620793 0 1 4 1
68621023 16 1 1 0
68624133 16 1 1 1
68630553 0 1 4 0
68633663 0 1 4 1
68633893 16 1 1 0
68637003 16 1 1 1
68643423 0 1 4 0
68646533 0 1 4 1
68646763 16 1 1 0
68649873 16 1 1 1
68656293 0 1 4 0
68659403 0 1 4 1
68659633 16 1 1 0
68662743 16 1 1 1
68669163 0 1 4 0
68672273 0 1 4 1
68672503 16 1 1 0
68675613 16 1 1 1
68682033 0 1 4 0
68685143 0 1 4 1
68685373 16 1 1 0
68688483 16 1 1 1
68694903 0 1 4 0
68698013 0 1 4 1
68698243 16 1 1 0
68701353 16 1 1 1
68707773 0 1 4 0
68710883 0 1 4 1
68711113 16 1 1 0
68714223 16 1 1 1
68720643 0 1 4 0
68723753 0 1 4 1
68723983 16 1 1 0
68727093 16 1 1 1
68733513 0 1 4 0
68736623 0 1 4 1
68736853 16 1 1 0
68739963 16 1 1 1
68746383 0 1 4 0
68749493 0 1 4 1
68749723 16 1 1 0
68752833 16 1 1 1
68759253 0 1 4 0
68762363 0 1 4 1
68762593 16 1 1 0
68765703 16 1 1 1
68772123 0 1 4 0
68775233 0 1 4 1
68775463 16 1 1 0
68778573 16 1 1 1
68784993 0 1 4 0
68788103 0 1 4 1
68788333 16 1 1 0
68791443 16 1 1 1
68797863 0 1 4 0
68800973 0 1 4 1
68801203 16 1 1 0
68804313 16 1 1 1
68810733 0 1 4 0
68813843 0 1 4 1
68814073 16 1 1 0
68817183 16 1 1 1
68823603 0 1 4 0
68826713 0 1 4 1
68826943 16 1 1 0
68830053 16 1 1 1
68836473 0 1 4 0
68839583 0 1 4 1
68839813 16 1 1 0
68842923 16 1 1 1
68849343 0 1 4 0
68852453 0 1 4 1
68852683 16 1 1 0
68855793 16 1 1 1
68862213 0 1 4 0
68865323 0 1 4 1
68865553 16 1 1 0
68868663 16 1 1 1
68875083 0 1 4 0
68878193 0 1 4 1
68878423 16 1 1 0
68881533 16 1 1 1
68887953 0 1 4 0
68891063 0 1 4 1
68891293 16 1 1 0
68894403 16 1 1 1
68900823 0 1 4 0
68903933 0 1 4 1
68904163 16 1 1 0
68907273 16 1 1 1
68913693 0 1 4 0
68916803 0 1 4 1
68917033 16 1 1 0
68920143 16 1 1 1
68926563 0 1 4 0
68929673 0 1 4 1
68929903 16 1 1 0
68933013 16 1 1 1
68939433 0 1 4 0
68942543 0 1 4 1
68942773 16 1 1 0
68945883 16 1 1 1
68952303 0 1 4 0
68955413 0 1 4 1
68955643 16 1 1 0
68958753 16 1 1 1
68965173 0 1 4 0
68968283 0 1 4 1
68968513 16 1 1 0
68971623 16 1 1 1
68978043 0 1 4 0
68981153 0 1 4 1
68981383 16 1 1 0
68984493 16 1 1 1
68990913 0 1 4 0
68994023 0 1 4 1
68994253 16 1 1 0
68997363 16 1 1 1
69003783 0 1 4 0
69006893 0 1 4 1
69007123 16 1 1 0
69010233 16 1 1 1
69016653 0 1 4 0
69019763 0 1 4 1
69019993 16 1 1 0
69023103 16 1 1 1
69029523 0 1 4 0
69032633 0 1 4 1
69032863 16 1 1 0
69035973 16 1 1 1
69042393 0 1 4 0
69045503 0 1 4 1
69045733 16 1 1 0
69048843 16 1 1 1
69055263 0 1 4 0
69058373 0 1 4 1
69058603 16 1 1 0
69061713 16 1 1 1
69068133 0 1 4 0
69071243 0 1 4 1
69071473 16 1 1 0
69074583 16 1 1 1
69081003 0 1 4 0
69084113 0 1 4 1
69084343 16 1 1 0
69087453 16 1 1 1
69093873 0 1 4 0
69096983 0 1 4 1
69097213 16 1 1 0
69100323 16 1 1 1
69106743 0 1 4 0
69109853 0 1 4 1
69110083 16 1 1 0
69113193 16 1 1 1
69119613 0 1 4 0
69122723 0 1 4 1
69122953 16 1 1 0
69126063 16 1 1 1
69132483 0 1 4 0
69135593 0 1 4 1
69135823 16 1 1 0
69138933 16 1 1 1
69145353 0 1 4 0
69148463 0 1 4 1
69148693 16 1 1 0
69151803 16 1 1 1
69158223 0 1 4 0
69161333 0 1 4 1
69161563 16 1 1 0
69164673 16 1 1 1
69171093 0 1 4 0
69174203 0 1 4 1
69174433 16 1 1 0
69177543 16 1 1 1
69183963 0 1 4 0
69186442 16 1 1 0
69187073 0 1 4 1
69196833 0 1 4 0
69199943 0 1 4 1
69209703 0 1 4 0
69212813 0 1 4 1
69222573 0 1 4 0
69225683 0 1 4 1
69235443 0 1 4 0
69238553 0 1 4 1
69248313 0 1 4 0
69251423 0 1 4 1
69261183 0 1 4 0
69264293 0 1 4 1
69274053 0 1 4 0
69277163 0 1 4 1
69286923 0 1 4 0
69290033 0 1 4 1
69299793 0 1 4 0
69302903 0 1 4 1
69312663 0 1 4 0
69315773 0 1 4 1
69325533 0 1 4 0
69328643 0 1 4 1
69338403 0 1 4 0
69341513 0 1 4 1
69351273 0 1 4 0
69354383 0 1 4 1
69364143 0 1 4 0
69367253 0 1 4 1
69377013 0 1 4 0
69380123 0 1 4 1
69389883 0 1 4 0
69392993 0 1 4 1
69402753 0 1 4 0
69405863 0 1 4 1
69415623 0 1 4 0
69418733 0 1 4 1
69428493 0 1 4 0
69431603 0 1 4 1
69441363 0 1 4 0
69444473 0 1 4 1
69454233 0 1 4 0
69457343 0 1 4 1
69467103 0 1 4 0
69470213 0 1 4 1
69479973 0 1 4 0
69483083 0 1 4 1
69492843 0 1 4 0
69495953 0 1 4 1
69505713 0 1 4 0
69508823 0 1 4 1
69518583 0 1 4 0
69521693 0 1 4 1
69531453 0 1 4 0
69534563 0 1 4 1
69544323 0 1 4 0
69547433 0 1 4 1
69557193 0 1 4 0
69560303 0 1 4 1
69570063 0 1 4 0
69573173 0 1 4 1
69582933 0 1 4 0
69586043 0 1 4 1
69595803 0 1 4 0
69598913 0 1 4 1
69608673 0 1 4 0
69611783 0 1 4 1
69621543 0 1 4 0
69624653 0 1 4 1
69634413 0 1 4 0
69637523 0 1 4 1
69647283 0 1 4 0
69650393 0 1 4 1
69660153 0 1 4 0
69663263 0 1 4 1
69673023 0 1 4 0
69676133 0 1 4 1
69685893 0 1 4 0
69689003 0 1 4 1
69698763 0 1 4 0
69701873 0 1 4 1
69711633 0 1 4 0
69714743 0 1 4 1
69724503 0 1 4 0
69727613 0 1 4 1
69737373 0 1 4 0
69740483 0 1 4 1
69750243 0 1 4 0
69753353 0 1 4 1
69763113 0 1 4 0
69766223 0 1 4 1
69775983 0 1 4 0
69779093 0 1 4 1
69788853 0 1 4 0
69791963 0 1 4 1
69801723 0 1 4 0
69804833 0 1 4 1
69814593 0 1 4 0
69817703 0 1 4 1
69827463 0 1 4 0
69830573 0 1 4 1
69840333 0 1 4 0
69843443 0 1 4 1
69853203 0 1 4 0
69856313 0 1 4 1
69866073 0 1 4 0
69869183 0 1 4 1
69878943 0 1 4 0
69882053 0 1 4 1
69891813 0 1 4 0
69894923 0 1 4 1
69904683 0 1 4 0
69907793 0 1 4 1
69917553 0 1 4 0
69920663 0 1 4 1
69930423 0 1 4 0
69933533 0 1 4 1
69943293 0 1 4 0
69946403 0 1 4 1
69956163 0 1 4 0
69959273 0 1 4 1
69969033 0 1 4 0
69972143 0 1 4 1
69981903 0 1 4 0
69985013 0 1 4 1
69994773 0 1 4 0
69997883 0 1 4 1
70007643 0 1 4 0
70010753 0 1 4 1
70020513 0 1 4 0
70023623 0 1 4 1
70033383 0 1 4 0
70036493 0 1 4 1
70046253 0 1 4 0
70049363 0 1 4 1
70059123 0 1 4 0
70062233 0 1 4 1
70071993 0 1 4 0
70075103 0 1 4 1
70084863 0 1 4 0
70087973 0 1 4 1
70097733 0 1 4 0
70100843 0 1 4 1
70110603 0 1 4 0
70113713 0 1 4 1
70123473 0 1 4 0
70126583 0 1 4 1
70136343 0 1 4 0
70139453 0 1 4 1
70149213 0 1 4 0
70152323 0 1 4 1
70162083 0 1 4 0
70165193 0 1 4 1
70174953 0 1 4 0
70178063 0 1 4 1
70187823 0 1 4 0
70190933 0 1 4 1
70200693 0 1 4 0
70203803 0 1 4 1
70213563 0 1 4 0
70216673 0 1 4 1
70226433 0 1 4 0
70229543 0 1 4 1
70239303 0 1 4 0
70242413 0 1 4 1
70252173 0 1 4 0
70255283 0 1 4 1
70265043 0 1 4 0
70268153 0 1 4 1
70277913 0 1 4 0
70281023 0 1 4 1
70290783 0 1 4 0
70293893 0 1 4 1
70303653 0 1 4 0
70306763 0 1 4 1
70316523 0 1 4 0
70319633 0 1 4 1
70329393 0 1 4 0
70332503 0 1 4 1
70342263 0 1 4 0
70345373 0 1 4 1
70355133 0 1 4 0
70358243 0 1 4 1
70368003 0 1 4 0
70371113 0 1 4 1
70380873 0 1 4 0
70383983 0 1 4 1
70393743 0 1 4 0
70396853 0 1 4 1
70406613 0 1 4 0
70409723 0 1 4 1
70419483 0 1 4 0
70422593 0 1 4 1
70432353 0 1 4 0
70435463 0 1 4 1
70445223 0 1 4 0
70448333 0 1 4 1
70458093 0 1 4 0
70461203 0 1 4 1
70470963 0 1 4 0
70474073 0 1 4 1
70483833 0 1 4 0
70486943 0 1 4 1
70496703 0 1 4 0
70499813 0 1 4 1
70509573 0 1 4 0
70512683 0 1 4 1
70522443 0 1 4 0
70525553 0 1 4 1
70535313 0 1 4 0
70538423 0 1 4 1
70548183 0 1 4 0
70551293 0 1 4 1
70561053 0 1 4 0
70564163 0 1 4 1
70573923 0 1 4 0
70577033 0 1 4 1
70586793 0 1 4 0
70589903 0 1 4 1
70599663 0 1 4 0
70602773 0 1 4 1
70612533 0 1 4 0
70615643 0 1 4 1
70625403 0 1 4 0
70628513 0 1 4 1
70638273 0 1 4 0
70641383 0 1 4 1
70651143 0 1 4 0
70654253 0 1 4 1
70664013 0 1 4 0
70667123 0 1 4 1
70676883 0 1 4 0
70679993 0 1 4 1
70689753 0 1 4 0
70692863 0 1 4 1
70702623 0 1 4 0
70705733 0 1 4 1
70715493 0 1 4 0
70718603 0 1 4 1
70728363 0 1 4 0
70731473 0 1 4 1
70741233 0 1 4 0
70744343 0 1 4 1
70754103 0 1 4 0
70757213 0 1 4 1
70766973 0 1 4 0
70770083 0 1 4 1
70779843 0 1 4 0
70782953 0 1 4 1
70792713 0 1 4 0
70795823 0 1 4 1
70805583 0 1 4 0
70808693 0 1 4 1
70818453 0 1 4 0
70821563 0 1 4 1
70831323 0 1 4 0
70834433 0 1 4 1
70844193 0 1 4 0
70847303 0 1 4 1
70857063 0 1 4 0
70860173 0 1 4 1
70869933 0 1 4 0
70873043 0 1 4 1
70882803 0 1 4 0
70885913 0 1 4 1
70895673 0 1 4 0
70898783 0 1 4 1
70908543 0 1 4 0
70911653 0 1 4 1
70921413 0 1 4 0
70924523 0 1 4 1
70934283 0 1 4 0
70937393 0 1 4 1
70947153 0 1 4 0
70950263 0 1 4 1
70960023 0 1 4 0
70963133 0 1 4 1
70972893 0 1 4 0
70976003 0 1 4 1
70985763 0 1 4 0
70988873 0 1 4 1
70998633 0 1 4 0
71001743 0 1 4 1
71011503 0 1 4 0
71014613 0 1 4 1
71024373 0 1 4 0
71027483 0 1 4 1
71037243 0 1 4 0
71040353 0 1 4 1
71050113 0 1 4 0
71053223 0 1 4 1
71062983 0 1 4 0
71066093 0 1 4 1
71075853 0 1 4 0
71078963 0 1 4 1
71088723 0 1 4 0
71091833 0 1 4 1
71101593 0 1 4 0
71104703 0 1 4 1
71114463 0 1 4 0
71117573 0 1 4 1
71127333 0 1 4 0
71130443 0 1 4 1
71140203 0 1 4 0
71143313 0 1 4 1
71153073 0 1 4 0
71156183 0 1 4 1
71165943 0 1 4 0
71169053 0 1 4 1
71178813 0 1 4 0
71181923 0 1 4 1
71191683 0 1 4 0
71194793 0 1 4 1
71204553 0 1 4 0
71207663 0 1 4 1
71217423 0 1 4 0
71220533 0 1 4 1
71230293 0 1 4 0
71233403 0 1 4 1
71243163 0 1 4 0
71246273 0 1 4 1
71256033 0 1 4 0
71259143 0 1 4 1
71268903 0 1 4 0
71272013 0 1 4 1
71281773 0 1 4 0
71284883 0 1 4 1
71294643 0 1 4 0
71297753 0 1 4 1
71307513 0 1 4 0
71310623 0 1 4 1
71320383 0 1 4 0
71323493 0 1 4 1
71333253 0 1 4 0
71336363 0 1 4 1
71346123 0 1 4 0
71349233 0 1 4 1
71358993 0 1 4 0
71362103 0 1 4 1
71371863 0 1 4 0
71374973 0 1 4 1
71384733 0 1 4 0
71387843 0 1 4 1
71397603 0 1 4 0
71400713 0 1 4 1
71410473 0 1 4 0
71413583 0 1 4 1
71423343 0 1 4 0
71426453 0 1 4 1
71436213 0 1 4 0
71439323 0 1 4 1
71449083 0 1 4 0
71452193 0 1 4 1
71461953 0 1 4 0
71465063 0 1 4 1
71474823 0 1 4 0
71477933 0 1 4 1
71487693 0 1 4 0
71490803 0 1 4 1
71500563 0 1 4 0
71503673 0 1 4 1
71513433 0 1 4 0
71516543 0 1 4 1
71526303 0 1 4 0
71529413 0 1 4 1
71539173 0 1 4 0
71542283 0 1 4 1
71552043 0 1 4 0
71555153 0 1 4 1
71564913 0 1 4 0
71568023 0 1 4 1
71577783 0 1 4 0
71580893 0 1 4 1
71590653 0 1 4 0
71593763 0 1 4 1
71603523 0 1 4 0
71606633 0 1 4 1
71616393 0 1 4 0
71619503 0 1 4 1
71629263 0 1 4 0
71632373 0 1 4 1
71642133 0 1 4 0
71645243 0 1 4 1
71655003 0 1 4 0
71658113 0 1 4 1
71667873 0 1 4 0
71670983 0 1 4 1
71680743 0 1 4 0
71683853 0 1 4 1
71693613 0 1 4 0
71696723 0 1 4 1
71706483 0 1 4 0
71709593 0 1 4 1
71719353 0 1 4 0
71722463 0 1 4 1
71732223 0 1 4 0
71735333 0 1 4 1
71745093 0 1 4 0
71748203 0 1 4 1
71757963 0 1 4 0
71761073 0 1 4 1
71770833 0 1 4 0
71773943 0 1 4 1
71783703 0 1 4 0
71786813 0 1 4 1
71796573 0 1 4 0
71799683 0 1 4 1
71809443 0 1 4 0
71812553 0 1 4 1
71822313 0 1 4 0
71825423 0 1 4 1
71835183 0 1 4 0
71838293 0 1 4 1
71848053 0 1 4 0
