1718980 232 0 1 1
1726018 232 0 1 0
1733551 232 0 1 1
1741084 232 0 1 0
1748122 232 0 1 1
1757140 232 0 1 0
1762674 232 0 1 1
1773710 232 0 1 0
1779244 232 0 1 1
1792279 232 0 1 0
1797813 232 0 1 1
1808354 232 0 1 0
1813374 232 0 1 1
1821916 232 0 1 0
1828935 232 0 1 1
1835973 232 0 1 0
1843011 232 0 1 1
1850030 232 0 1 0
1856554 232 0 1 1
1864049 232 0 1 0
1871049 232 0 1 1
1878049 232 0 1 0
1885049 232 0 1 1
1892049 232 0 1 0
1899544 232 0 1 1
1907039 232 0 1 0
1914553 232 0 1 1
1921553 232 0 1 0
1928553 232 0 1 1
1936048 232 0 1 0
1942039 232 0 1 1
1949039 232 0 1 0
1956553 232 0 1 1
1963572 232 0 1 0
1970610 232 0 1 1
1977648 232 0 1 0
1984172 232 0 1 1
1990715 232 0 1 0
1997734 232 0 1 1
2004772 232 0 1 0
2011810 232 0 1 1
2018848 232 0 1 0
2026362 232 0 1 1
2033400 232 0 1 0
2038934 232 0 1 1
2045953 232 0 1 0
2053505 232 0 1 1
2060543 232 0 1 0
2067581 232 0 1 1
2074638 232 0 1 0
2081676 232 0 1 1
2088219 232 0 1 0
2094762 232 0 1 1
2101800 232 0 1 0
2108857 232 0 1 1
2110127 326 0 1 1
2115895 232 0 1 0
2121258 326 0 1 0
2122438 232 0 1 1
2126354 326 0 1 1
2129495 232 0 1 0
2136476 326 0 1 0
2136533 232 0 1 1
2141572 326 0 1 1
2143590 232 0 1 0
2150628 232 0 1 1
2151675 326 0 1 0
2156219 326 0 1 1
2157685 232 0 1 0
2160382 335 0 1 1
2164723 232 0 1 1
2166284 326 0 1 0
2171761 232 0 1 0
2171818 326 0 1 1
2179313 232 0 1 1
2183387 326 0 1 0
2186351 232 0 1 0
2188902 326 0 1 1
2193389 232 0 1 1
2199443 326 0 1 0
2200941 232 0 1 0
2203987 326 0 1 1
2207484 232 0 1 1
2214522 232 0 1 0
2215042 326 0 1 0
2220538 326 0 1 1
2221560 232 0 1 1
2229112 232 0 1 0
2231098 326 0 1 0
2236613 326 0 1 1
2236664 232 0 1 1
2243721 232 0 1 0
2248163 326 0 1 0
2250759 232 0 1 1
2252688 326 0 1 1
2257797 232 0 1 0
2262772 326 0 1 0
2264835 232 0 1 1
2267868 326 0 1 1
2271378 232 0 1 0
2277940 232 0 1 1
2277990 326 0 1 0
2283086 326 0 1 1
2284978 232 0 1 0
2292016 232 0 1 1
2294655 326 0 1 0
2299073 232 0 1 0
2300208 326 0 1 1
2306606 232 0 1 1
2310749 326 0 1 0
2313663 232 0 1 0
2316302 326 0 1 1
2320701 232 0 1 1
2327852 326 0 1 0
2328253 232 0 1 0
2332377 326 0 1 1
2335805 232 0 1 1
2342442 326 0 1 0
2342843 232 0 1 0
2347976 326 0 1 1
2349900 232 0 1 1
2356938 232 0 1 0
2359050 326 0 1 0
2362126 164 0 1 1
2363575 326 0 1 1
2364490 232 0 1 1
2369202 164 0 1 0
2371547 232 0 1 0
2374154 326 0 1 0
2375783 164 0 1 1
2377081 232 0 1 1
2379688 326 0 1 1
2382615 232 0 1 0
2382840 164 0 1 0
2388682 232 0 1 1
2390411 164 0 1 1
2390762 326 0 1 0
2395701 232 0 1 0
2396296 326 0 1 1
2397487 164 0 1 0
2402758 232 0 1 1
2403554 164 0 1 1
2408855 326 0 1 0
2409815 232 0 1 0
2411125 164 0 1 0
2414408 326 0 1 1
2417367 232 0 1 1
2418715 164 0 1 1
2424424 232 0 1 0
2425482 326 0 1 0
2426286 164 0 1 0
2430997 326 0 1 1
2431462 232 0 1 1
2433362 164 0 1 1
2438519 232 0 1 0
2440438 164 0 1 0
2443556 326 0 1 0
2446071 232 0 1 1
2447514 164 0 1 1
2449109 326 0 1 1
2453623 232 0 1 0
2454590 164 0 1 0
2460661 232 0 1 1
2461647 164 0 1 1
2467718 232 0 1 0
2468084 326 0 1 0
2468723 164 0 1 0
2470581 333 0 1 1
2472076 326 0 1 1
2475251 232 0 1 1
2475799 164 0 1 1
2477572 333 0 1 0
2482308 232 0 1 0
2482856 164 0 1 0
2483545 333 0 1 1
2489346 232 0 1 1
2489951 164 0 1 1
2490518 326 0 1 0
2491026 333 0 1 0
2496384 232 0 1 0
2496999 333 0 1 1
2497499 326 0 1 1
2497522 164 0 1 0
2502432 232 0 1 1
2503509 333 0 1 0
2505093 164 0 1 1
2508480 232 0 1 0
2508492 333 0 1 1
2510972 326 0 1 0
2512169 164 0 1 0
2514509 232 0 1 1
2515954 333 0 1 0
2517953 326 0 1 1
2519245 164 0 1 1
2521547 232 0 1 0
2521927 333 0 1 1
2526321 164 0 1 0
2528437 326 0 1 0
2528945 333 0 1 0
2532388 164 0 1 1
2535413 333 0 1 1
2535418 326 0 1 1
2539445 164 0 1 0
2542913 333 0 1 0
2548377 326 0 1 0
2548391 333 0 1 1
2555377 326 0 1 1
2555885 333 0 1 0
2561858 333 0 1 1
2565842 326 0 1 0
2569339 333 0 1 0
2572823 326 0 1 1
2575312 333 0 1 1
2581822 333 0 1 0
2583802 326 0 1 0
2586805 333 0 1 1
2588803 326 0 1 1
2594280 333 0 1 0
2598016 232 0 1 1
2598773 326 0 1 0
2600253 333 0 1 1
2605130 232 0 1 0
2605754 326 0 1 1
2607271 333 0 1 0
2610740 232 0 1 1
2613244 333 0 1 1
2616238 326 0 1 0
2617340 232 0 1 0
2620230 333 0 1 0
2623219 326 0 1 1
2624949 232 0 1 1
2626203 333 0 1 1
2632025 232 0 1 0
2633208 333 0 1 0
2633703 326 0 1 0
2638685 326 0 1 1
2638686 333 0 1 1
2639063 232 0 1 1
2645606 232 0 1 0
2646180 333 0 1 0
2649169 326 0 1 0
2651658 333 0 1 1
2652644 232 0 1 1
2656150 326 0 1 1
2658162 333 0 1 0
2659701 232 0 1 0
2664135 333 0 1 1
2666615 326 0 1 0
2667234 232 0 1 1
2671616 333 0 1 0
2673615 326 0 1 1
2674291 232 0 1 0
2677589 333 0 1 1
2681348 232 0 1 1
2684080 326 0 1 0
2684607 333 0 1 0
2688386 232 0 1 0
2690580 333 0 1 1
2691080 326 0 1 1
2694831 1 1 1 1
2694929 232 0 1 1
2697566 333 0 1 0
2701986 232 0 1 0
2702040 326 0 1 0
2703539 333 0 1 1
2704178 1 1 1 0
2707041 326 0 1 1
2707546 1 1 1 1
2709519 232 0 1 1
2711681 333 0 1 0
2716576 232 0 1 0
2717011 326 0 1 0
2718319 333 0 1 1
2719679 1 1 1 0
2722860 1 1 1 1
2723614 232 0 1 1
2724011 326 0 1 1
2724519 333 0 1 0
2730671 232 0 1 0
2733518 1 1 1 0
2734476 326 0 1 0
2735937 333 0 1 1
2736390 1 1 1 1
2738223 232 0 1 1
2739972 333 0 1 0
2741476 326 0 1 1
2745280 232 0 1 0
2746791 1 1 1 0
2748915 333 0 1 1
2749410 1 1 1 1
2749413 1 1 1 0
2749690 1 1 1 1
2751941 326 0 1 0
2752832 232 0 1 1
2752944 333 0 1 0
2757932 326 0 1 1
2759889 232 0 1 0
2760787 1 1 1 0
2763698 1 1 1 1
2764857 333 0 1 1
2767441 232 0 1 1
2769901 326 0 1 0
2769914 333 0 1 0
2773468 1 1 1 0
2774498 232 0 1 0
2776463 1 1 1 1
2776882 326 0 1 1
2781555 232 0 1 1
2785787 333 0 1 1
2786871 326 0 1 0
2788124 1 1 1 0
2788612 232 0 1 0
2791311 1 1 1 1
2791527 333 0 1 0
2793852 326 0 1 1
2795174 232 0 1 1
2802250 232 0 1 0
2802330 1 1 1 0
2804812 326 0 1 0
2805215 1 1 1 1
2806016 333 0 1 1
2809307 232 0 1 1
2809813 326 0 1 1
2810321 333 0 1 0
2815079 1 1 1 0
2815869 232 0 1 0
2818293 1 1 1 1
2819759 333 0 1 1
2819783 326 0 1 0
2822945 232 0 1 1
2824113 2 1 10 1
2824289 333 0 1 0
2826764 326 0 1 1
2828494 2 1 10 0
2828734 1 1 1 0
2829983 232 0 1 0
2832098 1 1 1 1
2833232 333 0 1 1
2834350 2 1 10 1
2837059 232 0 1 1
2837743 326 0 1 0
2838339 2 1 10 0
2839755 333 0 1 0
2843429 1 1 1 0
2843621 232 0 1 0
2844292 2 1 10 1
2844743 326 0 1 1
2845233 333 0 1 1
2846203 1 1 1 1
2848674 2 1 10 0
2850678 232 0 1 1
2852219 333 0 1 0
2853982 2 1 10 1
2855208 326 0 1 0
2855536 1 1 1 0
2857849 232 0 1 0
2858192 333 0 1 1
2858388 2 1 10 0
2858558 1 1 1 1
2862189 326 0 1 1
2863809 2 1 10 1
2864506 232 0 1 1
2865210 333 0 1 0
2868368 2 1 10 0
2868592 1 1 1 0
2871183 333 0 1 1
2871464 1 1 1 1
2871677 232 0 1 0
2872673 326 0 1 0
2873474 2 1 10 1
2877679 2 1 10 0
2878169 333 0 1 0
2878867 232 0 1 1
2879159 326 0 1 1
2880587 1 1 1 0
2883152 333 0 1 1
2883193 2 1 10 1
2883343 1 1 1 1
2885505 232 0 1 0
2887511 2 1 10 0
2890633 326 0 1 0
2890646 333 0 1 0
2892676 232 0 1 1
2893051 2 1 10 1
2893522 1 1 1 0
2896411 1 1 1 1
2896619 333 0 1 1
2897119 326 0 1 1
2897292 2 1 10 0
2899333 232 0 1 0
2902513 2 1 10 1
2903605 333 0 1 0
2905717 1 1 1 0
2906504 232 0 1 1
2907177 2 1 10 0
2908079 326 0 1 0
2908845 1 1 1 1
2909578 333 0 1 1
2912702 2 1 10 1
2913161 232 0 1 0
2915079 326 0 1 1
2916577 333 0 1 0
2916871 2 1 10 0
2918204 1 1 1 0
2919818 232 0 1 1
2921695 1 1 1 1
2921736 2 1 10 1
2922550 333 0 1 1
2925544 326 0 1 0
2925961 232 0 1 0
2926010 2 1 10 0
2929555 333 0 1 0
2931357 1 1 1 0
2931378 2 1 10 1
2932544 326 0 1 1
2932599 232 0 1 1
2934653 1 1 1 1
2935410 2 1 10 0
2935528 333 0 1 1
2938647 232 0 1 0
2940135 2 1 10 1
2942514 333 0 1 0
2944348 1 1 1 0
2944695 232 0 1 1
2944695 2 1 10 0
2947007 326 0 1 0
2947466 1 1 1 1
2948487 333 0 1 1
2949536 2 1 10 1
2951771 232 0 1 0
2952998 326 0 1 1
2954250 2 1 10 0
2955505 333 0 1 0
2956784 1 1 1 0
2958809 232 0 1 1
2959095 2 1 10 1
2960051 1 1 1 1
2960488 333 0 1 1
2963798 2 1 10 0
2965371 232 0 1 0
2967461 333 0 1 0
2968771 2 1 10 1
2970243 1 1 1 0
2972390 232 0 1 1
2972430 326 0 1 0
2973442 1 1 1 1
2973545 2 1 10 0
2973929 333 0 1 1
2974616 335 0 1 0
2978155 2 1 10 1
2978627 335 0 1 1
2979390 232 0 1 0
2980915 326 0 1 1
2981423 333 0 1 0
2982912 2 1 10 0
2983106 1 1 1 0
2986093 1 1 1 1
2986371 232 0 1 1
2986901 333 0 1 1
2987986 2 1 10 1
2989187 335 0 1 0
2992536 2 1 10 0
2992884 326 0 1 0
2993261 232 0 1 0
2993887 333 0 1 0
2994207 335 0 1 1
2995553 1 1 1 0
2997190 2 1 10 1
2998554 1 1 1 1
3000261 232 0 1 1
3000355 333 0 1 1
3001864 326 0 1 1
3002060 2 1 10 0
3005738 335 0 1 0
3006729 0 1 1 1
3007039 2 1 10 1
3007261 232 0 1 0
3007360 333 0 1 0
3008209 1 1 1 0
3009279 0 1 1 0
3011253 335 0 1 1
3011282 1 1 1 1
3011946 2 1 10 0
3013252 232 0 1 1
3013828 333 0 1 1
3014328 326 0 1 0
3015457 2 1 10 1
3015597 2 1 10 0
3015985 2 1 10 1
3019484 0 1 1 1
3020252 232 0 1 0
3020338 333 0 1 0
3020754 1 1 1 0
3021823 326 0 1 1
3022255 0 1 1 0
3022615 2 1 10 0
3023298 335 0 1 0
3023747 1 1 1 1
3026311 333 0 1 1
3026356 2 1 10 1
3027747 232 0 1 1
3028318 335 0 1 1
3031777 0 1 1 1
3032307 326 0 1 0
3032815 333 0 1 0
3033347 1 1 1 0
3033441 2 1 10 0
3034747 232 0 1 0
3034920 0 1 1 0
3036909 2 1 10 1
3037031 1 1 1 1
3037355 335 0 1 0
3037798 333 0 1 1
3038298 326 0 1 1
3041728 232 0 1 1
3042859 0 1 1 1
3043011 0 1 1 0
3043335 2 1 10 0
3043706 0 1 1 1
3044374 335 0 1 1
3044784 333 0 1 0
3046971 1 1 1 0
3047097 2 1 10 1
3047362 0 1 1 0
3048709 232 0 1 0
3049258 326 0 1 0
3049966 1 1 1 1
3051252 333 0 1 1
3051393 335 0 1 0
3053980 2 1 10 0
3054361 0 1 1 1
3054396 0 1 1 0
3054959 0 1 1 1
3055709 232 0 1 1
3057475 2 1 10 1
3058257 326 0 1 1
3058270 333 0 1 0
3058423 0 1 1 0
3058943 1 1 1 0
3061439 335 0 1 1
3062277 1 1 1 1
3062656 232 0 1 0
3064243 333 0 1 1
3064414 0 1 1 1
3064803 2 1 10 0
3068008 0 1 1 0
3068254 2 1 10 1
3069486 335 0 1 0
3069656 232 0 1 1
3070721 333 0 1 0
3071216 326 0 1 0
3072045 1 1 1 0
3074887 1 1 1 1
3075241 0 1 1 1
3076264 2 1 10 0
3076656 232 0 1 0
3076694 333 0 1 1
3079034 0 1 1 0
3079475 335 0 1 1
3080196 326 0 1 1
3080870 2 1 10 1
3082666 232 0 1 1
3083119 1 1 1 0
3083693 333 0 1 0
3085902 0 1 1 1
3086451 1 1 1 1
3086570 335 0 1 0
3087399 2 1 10 0
3089682 0 1 1 0
3090161 333 0 1 1
3091509 2 1 10 1
3092184 326 0 1 0
3095663 232 0 1 0
3096218 1 1 1 0
3096452 0 1 1 1
3096594 2 1 10 0
3096671 333 0 1 0
3097606 335 0 1 1
3099213 1 1 1 1
3100172 0 1 1 0
3100458 2 1 10 1
3100686 63 0 1 1
3101164 326 0 1 1
3102168 232 0 1 1
3102644 333 0 1 1
3104663 335 0 1 0
3105639 2 1 10 0
3106711 0 1 1 1
3109303 1 1 1 0
3109405 2 1 10 1
3110144 333 0 1 0
3110350 0 1 1 0
3111758 335 0 1 1
3112364 1 1 1 1
3114803 2 1 10 0
3116117 333 0 1 1
3116155 232 0 1 0
3116456 0 1 1 1
3117112 326 0 1 0
3118796 335 0 1 0
3119058 2 1 10 1
3119946 0 1 1 0
3122328 1 1 1 0
3122608 333 0 1 0
3123669 232 0 1 1
3125193 2 1 10 0
3125200 1 1 1 1
3125601 63 0 1 0
3126092 326 0 1 1
3127564 0 1 1 1
3128804 335 0 1 1
3128994 2 1 10 1
3129076 333 0 1 1
3130124 63 0 1 1
3130748 0 1 1 0
3133653 1 1 1 0
3135880 335 0 1 0
3136081 333 0 1 0
3136354 2 1 10 0
3136709 1 1 1 1
3137735 0 1 1 1
3138080 326 0 1 0
3140149 232 0 1 0
3140213 2 1 10 1
3142054 333 0 1 1
3142218 0 1 1 0
3145664 232 0 1 1
3145945 335 0 1 1
3147060 326 0 1 1
3147380 1 1 1 0
3147471 0 1 1 1
3148052 2 1 10 0
3148558 333 0 1 0
3150608 1 1 1 1
3150706 63 0 1 0
3151328 0 1 1 0
3151674 2 1 10 1
3151955 335 0 1 0
3154761 63 0 1 1
3155026 333 0 1 1
3156696 0 1 1 1
3159352 2 1 10 0
3160019 326 0 1 0
3160954 0 1 1 0
3161049 335 0 1 1
3161284 1 1 1 0
3161707 232 0 1 0
3162031 333 0 1 0
3163019 2 1 10 1
3164361 1 1 1 1
3166894 0 1 1 1
3167222 232 0 1 1
3168144 335 0 1 0
3168499 333 0 1 1
3168999 326 0 1 1
3170326 2 1 10 0
3170899 0 1 1 0
3173205 63 0 1 0
3174011 2 1 10 1
3175153 1 1 1 0
3175504 333 0 1 0
3175648 0 1 1 1
3176153 335 0 1 1
3176166 335 0 1 0
3177188 335 0 1 1
3177198 63 0 1 1
3178457 1 1 1 1
3179343 0 1 1 0
3180492 326 0 1 0
3180982 333 0 1 1
3181939 2 1 10 0
3184219 0 1 1 1
3184721 335 0 1 0
3184769 232 0 1 0
3185799 2 1 10 1
3186464 326 0 1 1
3187981 333 0 1 0
3188452 0 1 1 0
3189052 1 1 1 0
3189789 232 0 1 1
3192259 1 1 1 1
3193935 0 1 1 1
3193954 333 0 1 1
3195257 2 1 10 0
3195795 335 0 1 1
3196146 63 0 1 0
3197938 326 0 1 0
3198523 0 1 1 0
3198925 2 1 10 1
3200139 63 0 1 1
3200445 333 0 1 0
3202393 1 1 1 0
3202814 335 0 1 0
3203137 0 1 1 1
3205458 1 1 1 1
3206193 2 1 10 0
3206327 232 0 1 0
3206418 333 0 1 1
3206918 326 0 1 1
3207093 0 1 1 0
3209269 2 1 10 1
3211366 232 0 1 1
3211539 0 1 1 1
3212928 333 0 1 0
3212936 335 0 1 1
3214757 1 1 1 0
3215499 0 1 1 0
3217017 2 1 10 0
3217506 1 1 1 1
3218392 326 0 1 0
3218901 333 0 1 1
3219087 63 0 1 0
3219863 0 1 1 1
3219974 335 0 1 0
3220503 2 1 10 1
3223080 63 0 1 1
3223887 232 0 1 0
3224094 0 1 1 0
3225633 1 1 1 0
3225887 333 0 1 0
3227372 326 0 1 1
3228259 1 1 1 1
3229163 2 1 10 0
3229378 0 1 1 1
3230906 232 0 1 1
3232038 335 0 1 1
3232355 333 0 1 1
3232535 2 1 10 1
3234137 0 1 1 0
3238198 1 1 1 0
3238619 335 0 1 0
3238846 326 0 1 0
3239373 333 0 1 0
3240209 0 1 1 1
3240528 2 1 10 0
3241320 1 1 1 1
3243754 2 1 10 1
3243941 232 0 1 0
3244837 326 0 1 1
3244851 333 0 1 1
3245017 63 0 1 0
3245093 0 1 1 0
3246647 335 0 1 1
3249010 63 0 1 1
3250746 2 1 10 0
3250822 0 1 1 1
3250960 232 0 1 1
3251837 333 0 1 0
3252337 1 1 1 0
3254180 335 0 1 0
3254237 2 1 10 1
3255088 0 1 1 0
3255290 1 1 1 1
3255293 1 1 1 0
3255689 1 1 1 1
3256825 326 0 1 0
3258305 333 0 1 1
3259776 0 1 1 1
3261996 232 0 1 0
3263273 2 1 10 0
3263781 0 1 1 0
3264302 335 0 1 1
3265310 333 0 1 0
3265803 1 1 1 0
3265805 326 0 1 1
3266926 2 1 10 1
3267958 63 0 1 0
3268025 232 0 1 1
3268195 0 1 1 1
3268804 1 1 1 1
3271283 333 0 1 1
3271321 335 0 1 0
3271951 63 0 1 1
3272387 0 1 1 0
3275794 2 1 10 0
3277557 232 0 1 0
3277774 326 0 1 0
3277787 333 0 1 0
3278067 0 1 1 1
3279095 1 1 1 0
3279361 2 1 10 1
3282094 1 1 1 1
3282395 335 0 1 1
3282453 0 1 1 0
3283760 333 0 1 1
3284576 232 0 1 1
3287058 2 1 10 0
3287190 0 1 1 1
3288753 326 0 1 1
3289958 2 1 10 1
3289966 335 0 1 0
3290251 333 0 1 0
3291595 232 0 1 0
3291692 0 1 1 0
3292327 63 0 1 0
3292913 1 1 1 0
3295734 326 0 1 0
3296035 1 1 1 1
3296224 333 0 1 1
3296815 63 0 1 1
3297417 0 1 1 1
3298030 2 1 10 0
3298614 232 0 1 1
3299974 335 0 1 1
3301680 2 1 10 1
3302629 1 1 1 0
3302689 0 1 1 0
3302734 333 0 1 0
3305723 326 0 1 1
3306247 1 1 1 1
3306642 232 0 1 0
3307272 63 0 1 0
3307564 335 0 1 0
3308291 0 1 1 1
3308707 333 0 1 1
3310530 2 1 10 0
3312255 63 0 1 1
3313598 0 1 1 0
3314071 2 1 10 1
3314104 1 1 1 0
3314175 232 0 1 1
3316188 333 0 1 0
3316683 326 0 1 0
3317436 1 1 1 1
3319581 0 1 1 1
3322289 2 1 10 0
3322656 333 0 1 1
3323606 1 1 1 0
3324197 63 0 1 0
3324666 0 1 1 0
3325682 326 0 1 1
3325870 2 1 10 1
3326878 1 1 1 1
3327705 232 0 1 0
3329179 333 0 1 0
3329180 63 0 1 1
3329476 0 1 1 1
3333663 1 1 1 0
3334641 0 1 1 0
3334676 2 1 10 0
3334705 232 0 1 1
3335152 333 0 1 1
3336658 1 1 1 1
3338146 326 0 1 0
3338363 2 1 10 1
3339132 0 1 1 1
3341643 333 0 1 0
3343102 63 0 1 0
3344178 0 1 1 0
3344201 1 1 1 0
3346704 2 1 10 0
3347126 326 0 1 1
3347379 1 1 1 1
3347616 333 0 1 1
3348216 232 0 1 0
3348388 63 0 1 1
3349852 0 1 1 1
3350479 2 1 10 1
3354126 333 0 1 0
3354253 1 1 1 0
3354700 0 1 1 0
3355235 232 0 1 1
3357002 1 1 1 1
3359095 326 0 1 0
3359217 0 1 1 1
3359286 0 1 1 0
3359367 2 1 10 0
3359691 0 1 1 1
3359938 63 0 1 0
3361089 333 0 1 1
3363035 2 1 10 1
3363398 0 1 1 0
3364197 1 1 1 0
3364444 63 0 1 1
3364734 4 1 2 1
3367319 1 1 1 1
3368094 326 0 1 1
3368107 333 0 1 0
3368698 4 1 2 0
3370587 0 1 1 1
3371278 2 1 10 0
3373783 1 1 1 0
3373878 0 1 1 0
3374523 2 1 10 1
3374575 333 0 1 1
3375448 63 0 1 0
3375589 4 1 2 1
3377059 1 1 1 1
3379134 4 1 2 0
3379153 0 1 1 1
3379222 232 0 1 0
3380431 63 0 1 1
3382344 2 1 10 0
3382530 0 1 1 0
3382557 333 0 1 0
3384261 232 0 1 1
3384537 326 0 1 0
3384852 4 1 2 1
3385663 1 1 1 0
3386256 2 1 10 1
3388410 4 1 2 0
3388530 333 0 1 1
3388715 1 1 1 1
3389481 0 1 1 1
3391840 63 0 1 0
3393286 0 1 1 0
3393517 326 0 1 1
3393850 4 1 2 1
3394480 2 1 10 0
3395529 333 0 1 0
3395943 1 1 1 0
3396328 63 0 1 1
3397472 4 1 2 0
3398221 2 1 10 1
3399527 1 1 1 1
3399587 335 0 1 1
3400188 0 1 1 1
3401332 232 0 1 0
3401502 333 0 1 1
3403312 4 1 2 1
3403547 0 1 1 0
3404093 335 0 1 0
3405415 1 1 1 0
3405486 326 0 1 0
3406848 2 1 10 0
3406967 4 1 2 0
3407185 63 0 1 0
3408488 333 0 1 0
3408541 1 1 1 1
3409874 232 0 1 1
3410164 0 1 1 1
3410216 2 1 10 1
3411178 63 0 1 1
3412250 4 1 2 1
3412620 4 1 2 0
3413034 4 1 2 1
3413478 0 1 1 0
3414461 333 0 1 1
3414466 326 0 1 1
3415441 1 1 1 0
3416218 4 1 2 0
3416893 232 0 1 0
3418266 2 1 10 0
3419134 1 1 1 1
3420746 0 1 1 1
3420952 333 0 1 0
3421945 4 1 2 1
3422241 2 1 10 1
3422530 63 0 1 0
3423950 232 0 1 1
3424465 0 1 1 0
3425737 4 1 2 0
3425988 1 1 1 0
3426430 333 0 1 1
3426435 326 0 1 0
3427018 63 0 1 1
3429180 1 1 1 1
3429697 2 1 10 0
3430988 232 0 1 0
3431777 0 1 1 1
3431787 335 0 1 1
3431800 335 0 1 0
3431909 4 1 2 1
3432426 326 0 1 1
3433315 2 1 10 1
3433317 335 0 1 1
3434438 333 0 1 0
3435164 1 1 1 0
3435320 0 1 1 0
3435432 4 1 2 0
3437512 232 0 1 1
3437875 63 0 1 0
3438375 335 0 1 0
3438413 1 1 1 1
3440299 2 1 10 0
3440539 4 1 2 1
3440906 333 0 1 1
3442363 63 0 1 1
3442394 0 1 1 1
3443046 232 0 1 0
3444260 4 1 2 0
3444395 326 0 1 0
3444536 2 1 10 1
3445614 1 1 1 0
3446125 0 1 1 0
3447892 333 0 1 0
3448797 4 1 2 1
3449650 1 1 1 1
3450084 232 0 1 1
3450654 2 1 10 0
3452576 0 1 1 1
3453375 326 0 1 1
3453624 4 1 2 0
3453865 333 0 1 1
3454772 2 1 10 1
3455785 0 1 1 0
3457215 1 1 1 0
3458652 4 1 2 1
3460230 2 1 10 0
3460375 333 0 1 0
3460645 63 0 1 0
3461139 232 0 1 0
3461467 1 1 1 1
3462236 0 1 1 1
3463318 4 1 2 0
3464143 2 1 10 1
3465133 63 0 1 1
3465437 0 1 1 0
3465839 326 0 1 0
3466843 333 0 1 1
3467187 232 0 1 1
3468295 4 1 2 1
3468374 1 1 1 0
3469975 2 1 10 0
3472340 0 1 1 1
3472521 1 1 1 1
3473210 4 1 2 0
3473440 2 1 10 1
3473829 333 0 1 0
3474838 326 0 1 1
3476343 0 1 1 0
3478061 4 1 2 1
3479455 63 0 1 0
3480096 1 1 1 0
3480290 335 0 1 1
3480297 333 0 1 1
3480370 2 1 10 0
3480755 232 0 1 0
3482423 4 1 2 0
3483532 0 1 1 1
3483943 63 0 1 1
3484040 1 1 1 1
3484484 2 1 10 1
3485424 335 0 1 0
3486776 0 1 1 0
3486789 4 1 2 1
3487302 333 0 1 0
3488307 232 0 1 1
3489796 326 0 1 0
3490531 1 1 1 0
3490789 4 1 2 0
3491084 2 1 10 0
3493275 333 0 1 1
3494215 0 1 1 1
3494273 1 1 1 1
3494418 2 1 10 1
3495556 4 1 2 1
3497976 0 1 1 0
3498776 326 0 1 1
3499255 63 0 1 0
3499284 333 0 1 0
3499394 4 1 2 0
3500379 2 1 10 0
3500826 1 1 1 0
3502389 232 0 1 0
3503635 2 1 10 1
3503743 63 0 1 1
3504427 1 1 1 1
3504554 0 1 1 1
3504971 4 1 2 1
3505257 333 0 1 1
3507816 0 1 1 0
3508437 232 0 1 1
3509043 4 1 2 0
3509978 1 1 1 0
3511240 326 0 1 0
3512262 333 0 1 0
3512778 2 1 10 0
3513350 1 1 1 1
3515004 4 1 2 1
3515132 0 1 1 1
3516040 2 1 10 1
3518235 333 0 1 1
3518975 0 1 1 0
3518991 4 1 2 0
3519753 1 1 1 0
3520220 326 0 1 1
3520520 232 0 1 0
3523726 1 1 1 1
3524996 4 1 2 1
3525415 2 1 10 0
3526480 63 0 1 0
3526549 232 0 1 1
3527023 0 1 1 1
3527201 333 0 1 0
3528783 2 1 10 1
3528864 4 1 2 0
3530526 0 1 1 0
3530554 1 1 1 0
3530968 63 0 1 1
3533174 333 0 1 1
3534542 1 1 1 1
3535153 4 1 2 1
3535673 326 0 1 0
3537100 0 1 1 1
3537305 2 1 10 0
3538874 4 1 2 0
3539684 333 0 1 0
3540136 232 0 1 0
3540332 2 1 10 1
3540769 0 1 1 0
3541529 1 1 1 0
3544653 326 0 1 1
3545165 4 1 2 1
3545224 1 1 1 1
3545300 4 1 2 0
3545657 333 0 1 1
3545710 4 1 2 1
3546089 335 0 1 1
3546277 63 0 1 0
3547669 232 0 1 1
3547970 0 1 1 1
3548176 0 1 1 0
3548668 2 1 10 0
3548708 0 1 1 1
3549719 335 0 1 0
3550078 4 1 2 0
3551260 63 0 1 1
3551678 0 1 1 0
3551935 2 1 10 1
3552076 1 1 1 0
3552148 333 0 1 0
3555422 4 1 2 1
3556089 4 1 2 0
3556127 326 0 1 0
3556161 1 1 1 1
3556287 4 1 2 1
3558616 333 0 1 1
3558748 0 1 1 1
3559453 4 1 2 0
3561398 2 1 10 0
3561751 232 0 1 0
3562155 63 0 1 0
3562473 0 1 1 0
3563162 1 1 1 0
3564117 326 0 1 1
3564643 2 1 10 1
3565120 333 0 1 0
3565297 4 1 2 1
3566643 63 0 1 1
3566780 1 1 1 1
3569303 232 0 1 1
3569860 4 1 2 0
3570103 333 0 1 1
3570162 0 1 1 1
3573168 2 1 10 0
3573655 1 1 1 0
3574146 0 1 1 0
3574785 335 0 1 1
3575458 188 0 1 1
3575569 4 1 2 1
3575893 2 1 10 1
3576581 333 0 1 0
3577076 326 0 1 0
3577138 63 0 1 0
3577277 1 1 1 1
3578872 335 0 1 0
3579354 4 1 2 0
3579609 0 1 1 1
3581131 63 0 1 1
3582376 232 0 1 0
3582554 333 0 1 1
3583698 0 1 1 0
3583953 1 1 1 0
3585172 4 1 2 1
3585561 326 0 1 1
3585614 2 1 10 0
3587950 0 1 1 1
3587985 1 1 1 1
3588891 2 1 10 1
3588919 232 0 1 1
3589077 333 0 1 0
3589161 4 1 2 0
3592177 0 1 1 0
3592298 188 0 1 0
3593625 63 0 1 0
3594960 1 1 1 0
3595005 4 1 2 1
3595050 333 0 1 1
3595295 335 0 1 1
3597394 0 1 1 1
3597618 63 0 1 1
3598044 326 0 1 0
3598290 1 1 1 1
3598547 1 1 1 0
3598659 4 1 2 0
3598739 2 1 10 0
3598834 188 0 1 1
3598934 1 1 1 1
3601497 232 0 1 0
3601541 333 0 1 0
3601870 2 1 10 1
3602301 0 1 1 0
3602523 335 0 1 0
3604581 4 1 2 1
3606015 326 0 1 1
3606351 1 1 1 0
3607019 333 0 1 1
3607760 0 1 1 1
3608191 4 1 2 0
3608554 232 0 1 1
3610284 1 1 1 1
3612080 2 1 10 0
3612245 335 0 1 1
3612331 0 1 1 0
3613852 4 1 2 1
3614005 333 0 1 0
3614401 188 0 1 0
3615370 2 1 10 1
3616128 63 0 1 0
3616519 0 1 1 1
3617319 1 1 1 0
3617398 335 0 1 0
3617751 4 1 2 0
3618003 326 0 1 0
3619978 333 0 1 1
3620121 63 0 1 1
3620237 188 0 1 1
3620676 0 1 1 0
3621186 1 1 1 1
3622636 232 0 1 0
3623222 4 1 2 1
3624475 2 1 10 0
3624664 335 0 1 1
3624984 326 0 1 1
3625641 0 1 1 1
3626874 4 1 2 0
3626977 333 0 1 0
3627341 2 1 10 1
3627977 1 1 1 0
3629179 232 0 1 1
3630974 0 1 1 0
3631438 1 1 1 1
3632425 335 0 1 0
3632814 4 1 2 1
3632950 333 0 1 1
3634954 326 0 1 0
3635167 2 1 10 0
3636199 0 1 1 1
3636279 4 1 2 0
3638059 1 1 1 0
3638136 63 0 1 0
3638317 2 1 10 1
3640026 188 0 1 0
3640450 333 0 1 0
3640964 0 1 1 0
3641757 232 0 1 0
3641778 1 1 1 1
3642004 4 1 2 1
3642129 63 0 1 1
3642430 326 0 1 1
3643270 335 0 1 1
3645684 4 1 2 0
3645931 0 1 1 1
3645978 188 0 1 1
3646918 333 0 1 1
3646999 1 1 1 0
3647913 2 1 10 0
3648300 232 0 1 1
3650143 1 1 1 1
3650182 0 1 1 0
3650403 335 0 1 0
3651205 2 1 10 1
3651778 4 1 2 1
3652419 326 0 1 0
3654161 0 1 1 1
3654412 333 0 1 0
3655751 4 1 2 0
3656428 1 1 1 0
3658069 335 0 1 1
3658410 326 0 1 1
3658635 0 1 1 0
3659395 333 0 1 1
3660305 1 1 1 1
3661257 2 1 10 0
3661373 232 0 1 0
3661714 4 1 2 1
3662600 63 0 1 0
3663230 0 1 1 1
3663679 335 0 1 0
3664625 2 1 10 1
3665886 333 0 1 0
3665908 4 1 2 0
3666373 188 0 1 0
3666593 63 0 1 1
3667701 0 1 1 0
3668145 1 1 1 0
3668411 232 0 1 1
3669865 326 0 1 0
3669896 188 0 1 1
3671364 333 0 1 1
3671430 1 1 1 1
3671485 0 1 1 1
3672248 4 1 2 1
3673344 335 0 1 1
3674223 2 1 10 0
3675621 0 1 1 0
3675879 4 1 2 0
3677464 2 1 10 1
3677855 326 0 1 1
3677868 333 0 1 0
3679925 335 0 1 0
3680137 1 1 1 0
3680219 0 1 1 1
3681861 4 1 2 1
3681960 232 0 1 0
3682400 63 0 1 0
3682498 4 1 2 0
3682766 4 1 2 1
3683041 1 1 1 1
3683204 188 0 1 0
3683346 333 0 1 1
3685151 0 1 1 0
3685284 4 1 2 0
3686835 326 0 1 0
3687383 63 0 1 1
3687391 2 1 10 0
3687454 188 0 1 1
3689512 232 0 1 1
3689749 0 1 1 1
3689801 1 1 1 0
3689990 335 0 1 1
3690332 333 0 1 0
3690759 4 1 2 1
3690993 2 1 10 1
3691224 4 1 2 0
3691378 4 1 2 1
3692331 326 0 1 1
3693878 1 1 1 1
3694588 4 1 2 0
3695492 0 1 1 0
3696305 333 0 1 1
3696495 335 0 1 0
3698907 63 0 1 0
3700321 326 0 1 0
3700562 0 1 1 1
3701192 4 1 2 1
3701803 2 1 4 1
3701912 2 1 10 0
3702852 1 1 1 0
3702943 63 0 1 1
3703304 333 0 1 0
3703556 232 0 1 0
3705084 4 1 2 0
3705288 188 0 1 0
3705601 1 1 1 1
3705641 2 1 10 1
3705891 0 1 1 0
3706473 2 1 4 0
3706541 335 0 1 1
3706807 326 0 1 1
3709277 333 0 1 1
3709984 2 1 4 1
3710212 188 0 1 1
3710493 0 1 1 1
3710499 232 0 1 1
3712023 4 1 2 1
3712999 335 0 1 0
3714080 63 0 1 0
3714260 1 1 1 0
3714283 326 0 1 0
3715167 4 1 2 0
3715330 0 1 1 0
3715693 2 1 4 0
3716060 2 1 10 0
3716295 333 0 1 0
3717291 1 1 1 1
3718770 326 0 1 1
3718940 0 1 1 1
3719274 63 0 1 1
3719290 0 1 1 0
3719555 0 1 1 1
3719672 2 1 4 1
3719781 2 1 10 1
3721773 333 0 1 1
3721849 4 1 2 1
3721980 4 1 2 0
3722341 4 1 2 1
3722561 335 0 1 1
3723872 1 1 1 0
3723882 0 1 1 0
3724048 232 0 1 0
3725571 2 1 4 0
3726101 4 1 2 0
3726256 188 0 1 0
3727696 1 1 1 1
3728234 0 1 1 1
3728245 326 0 1 0
3729205 2 1 4 1
3729248 333 0 1 0
3729694 335 0 1 0
3730910 63 0 1 0
3731115 2 1 10 0
3731581 232 0 1 1
3731772 188 0 1 1
3732944 0 1 1 0
3734527 2 1 4 0
3734972 4 1 2 1
3735085 2 1 10 1
3735221 333 0 1 1
3735556 4 1 2 0
3735893 63 0 1 1
3736339 1 1 1 0
3736383 4 1 2 1
3736711 326 0 1 1
3737288 4 1 2 0
3737669 0 1 1 1
3738157 2 1 4 1
3738902 335 0 1 1
3739425 1 1 1 1
3740036 188 0 1 0
3742188 333 0 1 0
3743261 4 1 2 1
3743280 0 1 1 0
3744312 2 1 4 0
3744474 335 0 1 0
3745024 188 0 1 1
3746006 232 0 1 0
3746094 4 1 2 0
3746174 2 1 10 0
3747740 63 0 1 0
3747832 0 1 1 1
3748161 333 0 1 1
3748424 1 1 1 0
3748547 2 1 4 1
3748642 326 0 1 0
3749570 335 0 1 1
3749895 2 1 10 1
3752228 63 0 1 1
3752535 1 1 1 1
3752549 232 0 1 1
3752685 0 1 1 0
3753619 335 0 1 0
3754074 2 1 4 0
3755128 333 0 1 0
3756469 4 1 2 1
3756613 326 0 1 1
3756659 188 0 1 0
3757344 0 1 1 1
3757735 2 1 4 1
3759175 4 1 2 0
3759802 2 1 10 0
3760671 188 0 1 1
3761596 333 0 1 1
3761964 1 1 1 0
3762275 335 0 1 1
3763027 2 1 10 1
3763195 0 1 1 0
3763580 63 0 1 0
3763621 2 1 4 0
3764768 1 1 1 1
3765079 326 0 1 0
3765565 232 0 1 0
3766825 188 0 1 0
3767751 2 1 4 1
3767915 0 1 1 1
3768041 0 1 1 0
3768068 63 0 1 1
3768412 0 1 1 1
3768557 333 0 1 0
3768894 335 0 1 0
3770729 4 1 2 1
3770837 188 0 1 1
3770962 2 1 10 0
3771051 326 0 1 1
3772013 232 0 1 1
3772550 333 0 1 1
3772954 0 1 1 0
3773410 4 1 2 0
3773512 2 1 4 0
3773963 1 1 1 0
3774187 2 1 10 1
3776782 0 1 1 1
3776991 188 0 1 0
3777501 1 1 1 1
3778011 2 1 4 1
3778978 335 0 1 1
3779536 326 0 1 0
3780410 63 0 1 0
3781003 188 0 1 1
3781395 0 1 1 0
3782357 4 1 2 1
3783528 333 0 1 0
3784006 2 1 4 0
3784023 326 0 1 1
3784149 1 1 1 0
3784591 2 1 10 0
3785247 0 1 1 1
3785393 63 0 1 1
3785521 335 0 1 0
3785879 4 1 2 0
3786057 232 0 1 0
3786643 188 0 1 0
3786898 1 1 1 1
3788136 2 1 4 1
3788308 2 1 10 1
3789006 333 0 1 1
3790058 0 1 1 0
3791664 188 0 1 1
3792578 335 0 1 1
3792591 335 0 1 0
3793022 326 0 1 0
3793038 232 0 1 1
3793578 2 1 4 0
3793672 4 1 2 1
3794641 335 0 1 1
3794906 0 1 1 1
3795141 0 1 1 0
3795398 0 1 1 1
3796549 1 1 1 0
3797132 4 1 2 0
3797240 63 0 1 0
3797962 2 1 4 1
3798499 326 0 1 1
3798512 333 0 1 0
3799306 1 1 1 1
3799338 2 1 10 0
3799341 188 0 1 0
3799661 335 0 1 0
3801252 0 1 1 0
3801728 63 0 1 1
3802678 2 1 10 1
3802857 4 1 2 1
3803993 2 1 4 0
3804474 232 0 1 0
3804485 333 0 1 1
3805004 326 0 1 0
3805969 0 1 1 1
3806380 188 0 1 1
3806537 4 1 2 0
3807579 1 1 1 0
3808117 2 1 4 1
3809764 335 0 1 1
3810005 326 0 1 1
3810756 0 1 1 0
3810905 1 1 1 1
3810992 4 1 2 1
3810995 4 1 2 0
3811487 4 1 2 1
3811503 333 0 1 0
3811563 188 0 1 0
3812007 232 0 1 1
3812090 63 0 1 0
3812348 2 1 10 0
3813153 2 1 4 0
3814487 0 1 1 1
3815569 2 1 10 1
3815850 335 0 1 0
3816065 4 1 2 0
3816486 333 0 1 1
3816906 2 1 4 1
3816986 326 0 1 0
3817073 63 0 1 1
3819026 232 0 1 0
3819097 188 0 1 1
3819262 0 1 1 0
3820271 1 1 1 0
3820594 4 1 2 1
3822519 2 1 4 0
3823072 326 0 1 1
3823343 1 1 1 1
3823599 333 0 1 0
3823860 0 1 1 1
3824280 188 0 1 0
3824459 4 1 2 0
3824734 2 1 10 0
3825969 232 0 1 1
3826399 2 1 4 1
3827930 63 0 1 0
3827933 335 0 1 1
3827955 2 1 10 1
3828806 188 0 1 1
3829062 4 1 2 1
3829572 333 0 1 1
3830061 0 1 1 0
3830110 326 0 1 0
3831070 1 1 1 0
3831645 2 1 4 0
3832417 232 0 1 0
3832913 63 0 1 1
3833448 4 1 2 0
3833951 188 0 1 0
3834438 335 0 1 0
3834535 1 1 1 1
3835081 0 1 1 1
3835131 2 1 4 1
3836177 326 0 1 1
3837209 2 1 10 0
3837218 333 0 1 0
3837927 4 1 2 1
3838922 232 0 1 1
3839961 0 1 1 0
3840809 188 0 1 1
3841065 2 1 10 1
3841216 326 0 1 0
3841250 2 1 4 0
3842672 4 1 2 0
3843686 333 0 1 1
3843743 0 1 1 1
3844265 63 0 1 0
3844484 335 0 1 1
3844507 2 1 4 1
3844684 1 1 1 0
3845465 232 0 1 0
3847485 4 1 2 1
3848188 1 1 1 1
3848211 0 1 1 0
3848825 326 0 1 1
3849248 63 0 1 1
3850168 2 1 4 0
3851008 335 0 1 0
3851361 2 1 10 0
3851375 188 0 1 0
3852090 4 1 2 0
3852361 333 0 1 0
3852465 232 0 1 1
3853701 2 1 4 1
3853920 0 1 1 1
3855114 2 1 10 1
3856819 4 1 2 1
3857302 1 1 1 0
3857588 96 0 1 1
3857839 333 0 1 1
3857843 326 0 1 0
3857887 188 0 1 1
3858913 232 0 1 0
3859074 335 0 1 1
3859872 2 1 4 0
3860100 0 1 1 0
3860105 63 0 1 0
3861277 1 1 1 1
3861486 4 1 2 0
3863256 2 1 4 1
3863339 326 0 1 1
3864593 63 0 1 1
3865218 2 1 10 0
3865979 335 0 1 0
3866099 4 1 2 1
3866333 188 0 1 0
3866389 232 0 1 1
3866924 0 1 1 1
3868646 2 1 4 0
3868677 2 1 10 1
3870392 4 1 2 0
3871559 0 1 1 0
3871862 333 0 1 0
3871899 2 1 4 1
3872369 188 0 1 1
3873600 1 1 1 0
3873903 232 0 1 0
3874375 326 0 1 0
3874706 4 1 2 1
3875035 335 0 1 1
3875784 0 1 1 1
3876440 63 0 1 0
3877144 2 1 10 0
3877340 333 0 1 1
3877364 1 1 1 1
3877962 2 1 4 0
3879864 2 1 10 1
3880031 4 1 2 0
3880309 0 1 1 0
3880922 232 0 1 1
3881423 63 0 1 1
3881596 2 1 4 1
3881760 188 0 1 0
3884186 335 0 1 0
3884512 4 1 2 1
3885213 0 1 1 1
3886616 1 1 1 0
3886768 188 0 1 1
3887214 2 1 4 0
3887289 2 1 10 0
3887865 232 0 1 0
3888891 0 1 1 0
3889245 4 1 2 0
3889454 1 1 1 1
3889866 333 0 1 0
3890161 2 1 10 1
3890710 2 1 4 1
3891243 335 0 1 1
3891799 63 0 1 0
3892360 326 0 1 1
3893232 4 1 2 1
3893612 0 1 1 1
3894509 188 0 1 0
3894865 232 0 1 1
3895431 5 1 7 1
3895839 333 0 1 1
3896290 2 1 4 0
3896782 63 0 1 1
3897399 326 0 1 0
3898330 1 1 1 0
3898607 4 1 2 0
3898890 188 0 1 1
3899347 0 1 1 0
3900021 2 1 4 1
3900337 335 0 1 0
3900477 5 1 7 0
3900640 2 1 10 0
3901202 1 1 1 1
3901884 232 0 1 0
3903615 5 1 7 1
3903713 4 1 2 1
3904119 2 1 10 1
3905798 0 1 1 1
3905978 0 1 1 0
3905999 2 1 4 0
3906635 63 0 1 0
3906663 0 1 1 1
3908239 4 1 2 0
3908384 335 0 1 1
3908435 333 0 1 0
3908922 232 0 1 1
3909483 2 1 4 1
3909553 188 0 1 0
3911066 5 1 7 0
3911144 0 1 1 0
3911218 1 1 1 0
3911424 326 0 1 1
3911618 63 0 1 1
3912230 4 1 2 1
3913418 333 0 1 1
3913946 5 1 7 1
3915199 2 1 10 0
3915240 2 1 4 0
3915340 1 1 1 1
3915780 0 1 1 1
3916398 232 0 1 0
3916409 188 0 1 1
3916430 4 1 2 0
3918443 326 0 1 0
3918506 335 0 1 0
3918945 2 1 4 1
3919551 2 1 10 1
3919859 0 1 1 0
3920882 4 1 2 1
3922475 63 0 1 0
3922679 5 1 7 0
3923874 232 0 1 1
3924260 2 1 4 0
3925433 0 1 1 1
3925524 0 1 1 0
3925556 2 1 10 0
3925818 0 1 1 1
3926179 5 1 7 1
3926327 4 1 2 0
3926471 333 0 1 0
3926949 188 0 1 0
3927458 63 0 1 1
3928168 2 1 4 1
3929133 1 1 1 0
3929859 2 1 10 1
3930646 335 0 1 1
3930912 232 0 1 0
3931487 0 1 1 0
3932406 1 1 1 1
3932444 333 0 1 1
3932788 4 1 2 1
3932944 326 0 1 1
3933699 188 0 1 1
3933768 2 1 4 0
3935107 5 1 7 0
3936171 2 1 10 0
3936227 4 1 2 0
3936465 232 0 1 1
3936585 0 1 1 1
3936830 63 0 1 0
3937170 335 0 1 0
3937418 2 1 4 1
3938370 5 1 7 1
3938440 326 0 1 0
3939973 1 1 1 0
3940404 2 1 10 1
3941461 0 1 1 0
3941813 63 0 1 1
3942167 4 1 2 1
3942456 232 0 1 0
3942781 2 1 4 0
3943345 1 1 1 1
3945459 333 0 1 0
3945637 188 0 1 0
3945787 4 1 2 0
3946816 335 0 1 1
3946935 2 1 4 1
3946950 2 1 10 0
3947104 5 1 7 0
3947477 326 0 1 1
3947490 326 0 1 0
3948428 232 0 1 1
3948988 326 0 1 1
3949646 0 1 1 1
3950100 2 1 10 1
3950442 333 0 1 1
3950607 5 1 7 1
3950889 4 1 2 1
3952187 188 0 1 1
3952835 1 1 1 0
3952852 2 1 4 0
3953190 0 1 1 0
3953532 326 0 1 0
3953660 63 0 1 0
3954145 4 1 2 0
3954368 335 0 1 0
3954457 232 0 1 0
3954981 1 1 10 1
3955862 1 1 1 1
3956844 2 1 4 1
3957327 2 1 10 0
3957492 1 1 10 0
3958643 63 0 1 1
3959260 4 1 2 1
3959818 5 1 7 0
3960136 188 0 1 0
3960199 2 1 10 1
3960346 2 1 10 0
3960472 2 1 10 1
3960919 0 1 1 1
3961514 232 0 1 1
3961920 335 0 1 1
3962456 2 1 4 0
3963007 333 0 1 0
3963084 4 1 2 0
3963237 1 1 10 1
3963304 5 1 7 1
3963555 0 1 1 0
3966096 2 1 4 1
3966638 188 0 1 1
3966863 1 1 10 0
3967989 1 1 1 0
3968332 4 1 2 1
3968980 333 0 1 1
3969500 63 0 1 0
3969665 2 1 10 0
3970005 335 0 1 0
3970508 326 0 1 1
3971304 0 1 1 1
3971628 1 1 1 1
3971695 2 1 4 0
3971875 4 1 2 0
3972408 5 1 7 0
3973203 2 1 10 1
3973540 232 0 1 0
3974483 63 0 1 1
3974852 0 1 1 0
3974910 1 1 10 1
3975665 5 1 7 1
3975984 2 1 4 1
3976080 326 0 1 0
3976556 4 1 2 1
3977961 188 0 1 0
3978698 1 1 10 0
3980014 292 0 1 1
3980054 1 1 1 0
3980186 335 0 1 1
3980654 232 0 1 1
3980875 4 1 2 0
3981295 2 1 4 0
3982071 333 0 1 0
3982879 1 1 1 1
3982951 2 1 10 0
3983892 188 0 1 1
3984350 63 0 1 0
3984361 5 1 7 0
3984679 0 1 1 1
3985235 4 1 2 1
3985260 2 1 4 1
3985435 1 1 10 1
3986815 2 1 10 1
3987437 5 1 7 1
3987791 0 1 1 0
3988044 333 0 1 1
3988099 335 0 1 0
3988629 1 1 10 0
3989032 292 0 1 0
3989333 63 0 1 1
3990182 4 1 2 0
3991024 2 1 4 0
3992969 1 1 1 0
3994071 292 0 1 1
3994127 0 1 1 1
3995079 4 1 2 1
3995432 2 1 4 1
3995451 188 0 1 0
3996012 335 0 1 1
3996469 5 1 7 0
3996578 326 0 1 1
3996756 1 1 1 1
3996965 0 1 1 0
3996993 1 1 10 1
3997455 2 1 10 0
3998753 232 0 1 0
3999223 4 1 2 0
3999424 5 1 7 1
3999695 63 0 1 0
4000975 1 1 10 0
4001418 2 1 10 1
4001454 2 1 4 0
4001598 333 0 1 0
4002027 188 0 1 1
4002588 326 0 1 0
4002916 335 0 1 0
4003547 4 1 2 1
4004117 292 0 1 0
4004249 232 0 1 1
4004678 63 0 1 1
4005358 2 1 4 1
4005662 2 1 4 0
4005981 2 1 4 1
4006002 0 1 1 1
4007076 333 0 1 1
4007305 1 1 1 0
4007929 4 1 2 0
4008318 1 1 10 1
4009156 292 0 1 1
4009181 5 1 7 0
4009501 0 1 1 0
4010029 188 0 1 0
4010130 1 1 1 1
4010333 2 1 10 0
4010810 335 0 1 1
4011099 2 1 4 0
4011284 1 1 10 0
4011840 4 1 2 1
4012101 326 0 1 1
4012436 5 1 7 1
4013554 2 1 10 1
4013555 63 0 1 0
4014646 333 0 1 0
4015003 2 1 4 1
4016392 188 0 1 1
4016417 4 1 2 0
4016645 326 0 1 0
4017548 63 0 1 1
4018005 0 1 1 1
4018228 335 0 1 0
4018559 1 1 1 0
4019778 2 1 4 0
4020192 292 0 1 0
4020619 333 0 1 1
4020654 4 1 2 1
4020735 2 1 10 0
4021075 0 1 1 0
4021566 1 1 1 1
4021656 5 1 7 0
4022329 232 0 1 0
4023833 2 1 10 1
4024207 2 1 4 1
4024655 5 1 7 1
4025331 4 1 2 0
4025701 326 0 1 1
4025726 292 0 1 1
4026293 1 1 10 1
4026920 63 0 1 0
4027106 188 0 1 0
4027155 1 1 10 0
4027226 335 0 1 1
4027753 1 1 1 0
4027944 1 1 10 1
4028358 232 0 1 1
4028521 2 1 4 0
4028703 333 0 1 0
4028850 1 1 10 0
4029678 2 1 1 1
4029693 326 0 1 0
4029949 2 1 1 0
4030004 0 1 1 1
4030283 2 1 1 1
4030527 4 1 2 1
4030756 1 1 1 1
4031903 63 0 1 1
4032605 2 1 10 0
4032886 2 1 4 1
4033407 0 1 1 0
4033886 188 0 1 1
4034319 2 1 1 0
4034676 333 0 1 1
4034830 4 1 2 0
4035158 335 0 1 0
4035312 5 1 7 0
4036076 2 1 10 1
4036781 292 0 1 0
4037507 2 1 4 0
4038320 5 1 7 1
4038711 2 1 1 1
4039613 4 1 2 1
4040902 1 1 10 1
4041275 63 0 1 0
4041447 1 1 1 0
4042309 333 0 1 0
4042315 292 0 1 1
4042338 0 1 1 1
4042393 2 1 4 1
4043004 0 1 1 0
4043147 4 1 2 0
4043312 0 1 1 1
4043661 2 1 1 0
4044404 1 1 1 1
4044853 0 1 1 0
4045014 1 1 10 0
4045987 2 1 10 0
4046400 232 0 1 0
4046734 188 0 1 0
4046753 63 0 1 1
4046774 2 1 4 0
4047942 2 1 1 1
4048282 333 0 1 1
4049212 2 1 10 1
4049315 326 0 1 1
4049485 4 1 2 1
4049744 1 1 1 0
4051398 2 1 4 1
4051656 0 1 1 1
4051698 5 1 7 0
4052145 2 1 1 0
4052429 232 0 1 1
4052856 292 0 1 0
4052960 4 1 2 0
4053675 1 1 1 1
4053878 326 0 1 0
4054268 188 0 1 1
4054362 1 1 10 1
4054439 5 1 7 1
4054557 1 1 10 0
4054930 1 1 10 1
4055429 0 1 1 0
4055978 335 0 1 1
4056423 333 0 1 0
4056547 2 1 1 1
4056646 2 1 4 0
4057115 63 0 1 0
4058187 1 1 10 0
4058390 292 0 1 1
4059824 4 1 2 1
4059870 2 1 10 0
4060270 188 0 1 0
4060693 335 0 1 0
4060990 232 0 1 0
4061358 2 1 1 0
4061964 2 1 4 1
4062098 63 0 1 1
4062396 333 0 1 1
4063181 1 1 1 0
4063479 4 1 2 0
4063583 2 1 10 1
4065515 232 0 1 1
4065872 0 1 1 1
4065881 2 1 1 1
4066011 1 1 1 1
4067229 2 1 4 0
4067309 188 0 1 1
4068356 5 1 7 0
4068658 1 1 10 1
4068931 292 0 1 0
4068969 326 0 1 1
4069476 0 1 1 0
4069877 4 1 2 1
4070110 335 0 1 1
4070579 2 1 1 0
4071294 5 1 7 1
4071495 326 0 1 0
4071907 1 1 10 0
4072302 1 1 1 0
4072344 2 1 4 1
4072498 333 0 1 0
4072904 63 0 1 0
4073368 188 0 1 0
4073759 4 1 2 0
4074122 2 1 10 0
4074465 292 0 1 1
4074787 335 0 1 0
4075360 2 1 1 1
4076184 2 1 4 0
4076441 1 1 1 1
4077316 0 1 1 1
4077720 2 1 10 1
4077976 333 0 1 1
4078684 63 0 1 1
4079883 232 0 1 0
4080191 2 1 1 0
4080606 4 1 2 1
4080904 0 1 1 0
4081416 188 0 1 1
4082906 2 1 4 1
4083057 1 1 1 0
4083104 1 1 10 1
4084179 4 1 2 0
4084181 2 1 1 1
4085025 292 0 1 0
4085836 232 0 1 1
4086137 1 1 1 1
4086383 1 1 10 0
4086410 2 1 4 0
4087013 2 1 10 0
4087475 188 0 1 0
4087861 5 1 7 0
4088585 333 0 1 0
4089290 63 0 1 0
4089393 2 1 1 0
4090222 0 1 1 1
4090242 2 1 10 1
4090446 4 1 2 1
4090540 292 0 1 1
4090972 5 1 7 1
4091399 1 1 1 0
4093068 2 1 4 1
4093297 2 1 1 1
4094063 333 0 1 1
4094080 4 1 2 0
4094171 0 1 1 0
4094273 63 0 1 1
4094495 188 0 1 1
4094551 1 1 1 1
4095968 335 0 1 1
4096915 2 1 4 0
4097443 2 1 10 0
4097739 1 1 10 1
4098978 2 1 1 0
4100554 188 0 1 0
4100664 2 1 10 1
4100702 4 1 2 1
4100876 1 1 10 0
4100982 1 1 1 0
4101595 292 0 1 0
4101882 335 0 1 0
4103288 232 0 1 0
4103370 2 1 1 1
4103576 0 1 1 1
4104139 333 0 1 0
4104140 63 0 1 0
4104362 1 1 1 1
4104429 4 1 2 0
4106726 0 1 1 0
4107002 5 1 7 0
4107129 292 0 1 1
4107574 188 0 1 1
4108539 333 0 1 1
4108649 2 1 1 0
4108649 1 1 1 0
4108841 2 1 10 0
4109618 63 0 1 1
4109638 5 1 7 1
4109755 232 0 1 1
4110121 1 1 10 1
4111297 4 1 2 1
4112152 1 1 1 1
4112561 2 1 1 1
4112681 188 0 1 0
4113177 2 1 10 1
4113300 1 1 10 0
4114246 0 1 1 1
4114400 0 1 1 0
4114653 0 1 1 1
4115020 4 1 2 0
4115210 2 1 6 1
4115676 333 0 1 0
4116693 188 0 1 1
4116922 2 1 1 0
4117988 0 1 1 0
4118165 292 0 1 0
4118579 2 1 6 0
4119980 63 0 1 0
4120220 1 1 1 0
4120538 5 1 7 0
4120758 2 1 1 1
4121104 4 1 2 1
4121178 1 1 10 1
4121225 335 0 1 1
4121231 2 1 10 0
4121693 333 0 1 1
4121743 188 0 1 0
4123474 1 1 1 1
4123669 5 1 7 1
4123699 292 0 1 1
4123817 1 1 10 0
4124206 2 1 10 1
4124601 4 1 2 0
4124963 63 0 1 1
4125142 335 0 1 0
4125542 2 1 6 1
4126198 232 0 1 0
4126543 2 1 1 0
4127270 0 1 1 1
4127898 1 1 1 0
4129088 2 1 6 0
4129169 2 1 10 0
4130928 2 1 1 1
4130979 0 1 1 0
4131036 4 1 2 1
4131495 333 0 1 0
4132171 1 1 1 1
4132229 1 1 10 1
4132646 232 0 1 1
4132890 2 1 10 1
4133745 292 0 1 0
4134687 4 1 2 0
4135214 5 1 7 0
4135672 1 1 10 0
4135820 63 0 1 0
4135874 2 1 1 0
4135954 2 1 6 1
4136122 2 1 6 0
4136424 2 1 6 1
4137150 335 0 1 1
4137569 333 0 1 1
4138209 5 1 7 1
4138484 1 1 1 0
4139279 292 0 1 1
4139654 2 1 6 0
4139663 2 1 1 1
4140186 4 1 2 1
4140803 63 0 1 1
4140956 2 1 10 0
4141386 0 1 1 1
4141427 1 1 10 1
4141503 1 1 1 1
4141972 335 0 1 0
4143739 4 1 2 0
4144764 1 1 10 0
4144812 2 1 10 1
4145000 2 1 1 0
4145565 0 1 1 0
4146740 2 1 6 1
4147062 1 1 1 0
4148061 232 0 1 0
4148392 5 1 7 0
4148840 333 0 1 0
4149289 2 1 1 1
4149980 4 1 2 1
4150175 63 0 1 0
4150334 292 0 1 0
4150385 2 1 10 0
4150422 1 1 10 1
4150458 1 1 1 1
4150644 2 1 6 0
4151269 5 1 7 1
4153265 2 1 10 1
4153476 2 1 10 0
4153659 2 1 10 1
4153846 4 1 2 0
4154265 1 1 10 0
4154796 2 1 1 0
4154868 0 1 1 1
4155158 63 0 1 1
4155501 1 1 1 0
4155712 335 0 1 1
4155803 333 0 1 1
4155868 292 0 1 1
4157488 2 1 6 1
4158088 232 0 1 1
4158296 1 1 10 1
4158596 0 1 1 0
4158774 1 1 1 1
4158962 2 1 1 1
4160736 4 1 2 1
4160946 2 1 6 0
4161270 2 1 10 0
4161405 333 0 1 0
4161623 5 1 7 0
4162270 335 0 1 0
4163098 1 1 10 0
4163594 2 1 1 0
4164198 1 1 1 0
4164456 4 1 2 0
4164772 5 1 7 1
4165471 2 1 10 1
4165520 63 0 1 0
4166428 292 0 1 0
4166870 0 1 1 1
4166883 333 0 1 1
4167288 2 1 1 1
4167973 188 0 1 1
4167979 1 1 1 1
4168142 2 1 6 1
4168713 1 1 10 1
4170160 0 1 1 0
4170324 4 1 2 1
4170453 4 1 2 0
4170503 63 0 1 1
4170702 4 1 2 1
4171448 292 0 1 1
4171471 2 1 6 0
4171849 188 0 1 0
4172009 2 1 1 0
4172118 2 1 10 0
4172260 335 0 1 1
4173380 333 0 1 0
4174278 1 1 10 0
4174292 1 1 1 0
4174891 4 1 2 0
4175409 2 1 1 1
4175507 2 1 1 0
4175559 5 1 7 0
4175617 2 1 10 1
4175782 2 1 1 1
4176135 335 0 1 0
4176310 3 1 10 1
4177316 1 1 1 1
4177942 2 1 6 1
4178387 326 0 1 1
4178440 1 1 10 1
4178562 5 1 7 1
4179129 0 1 1 1
4179557 232 0 1 0
4179908 3 1 10 0
4180286 2 1 1 0
4180817 4 1 2 1
4180865 63 0 1 0
4181118 2 1 6 0
4181828 333 0 1 1
4182486 1 1 1 0
4182503 292 0 1 0
4182641 2 1 10 0
4182793 0 1 1 0
4182940 1 1 10 0
4184020 3 1 10 1
4184206 4 1 2 0
4184577 232 0 1 1
4184858 63 0 1 1
4184956 2 1 1 1
4185444 326 0 1 0
4186764 2 1 10 1
4187152 1 1 1 1
4187829 1 1 10 1
4187914 5 1 7 0
4188037 292 0 1 1
4188223 188 0 1 1
4188281 2 1 6 1
4188941 333 0 1 0
4189290 2 1 1 0
4189399 3 1 10 0
4189697 335 0 1 1
4190547 4 1 2 1
4190936 5 1 7 1
4191620 0 1 1 1
4192008 2 1 6 0
4192458 1 1 10 0
4192961 1 1 1 0
4193057 3 1 10 1
4193572 2 1 1 1
4193650 188 0 1 0
4194644 4 1 2 0
4194725 63 0 1 0
4194844 0 1 1 0
4195731 1 1 10 1
4195853 1 1 1 1
4195907 1 1 10 0
4195927 335 0 1 0
4196253 1 1 10 1
4196460 2 1 10 0
4196935 2 1 1 0
4197389 333 0 1 1
4198107 232 0 1 0
4198725 2 1 6 1
4199092 292 0 1 0
4199708 63 0 1 1
4200135 4 1 2 1
4200359 2 1 10 1
4200371 3 1 10 0
4200487 1 1 10 0
4200685 5 1 7 0
4201609 2 1 1 1
4202007 2 1 6 0
4202785 1 1 1 0
4203070 232 0 1 1
4203438 5 1 7 1
4203505 326 0 1 1
4203625 4 1 2 0
4204104 3 1 10 1
4204150 0 1 1 1
4204626 292 0 1 1
4206081 2 1 1 0
4206318 1 1 10 1
4206574 1 1 1 1
4208199 0 1 1 0
4208302 2 1 6 1
4208360 2 1 10 0
4209246 4 1 2 1
4209496 333 0 1 0
4209991 326 0 1 0
4210565 63 0 1 0
4210736 1 1 1 0
4211036 1 1 10 0
4211279 188 0 1 1
4211300 3 1 10 0
4211509 2 1 1 1
4211637 2 1 10 1
4211914 335 0 1 1
4212027 2 1 6 0
4212802 5 1 7 0
4213536 4 1 2 0
4214013 1 1 1 1
4214597 3 1 10 1
4215167 292 0 1 0
4215814 5 1 7 1
4215944 1 1 10 1
4215964 333 0 1 1
4216043 63 0 1 1
4216581 232 0 1 0
4216837 2 1 1 0
4216967 188 0 1 0
4217819 0 1 1 1
4218080 0 1 1 0
4218125 2 1 6 1
4218237 0 1 1 1
4218697 335 0 1 0
4219003 1 1 10 0
4219155 2 1 10 0
4219335 4 1 2 1
4220720 292 0 1 1
4220872 2 1 1 1
4221207 1 1 1 0
4221564 0 1 1 0
4221620 232 0 1 1
4222053 2 1 6 0
4222303 3 1 10 0
4222836 2 1 10 1
4222930 4 1 2 0
4224480 1 1 1 1
4224954 1 1 10 1
4225446 5 1 7 0
4225461 2 1 1 0
4225854 3 1 10 1
4227395 63 0 1 0
4228028 2 1 6 1
4228033 326 0 1 1
4228179 4 1 2 1
4228331 5 1 7 1
4229099 1 1 10 0
4229569 333 0 1 0
4229995 0 1 1 1
4230004 2 1 1 1
4230570 2 1 10 0
4230793 1 1 1 0
4231522 2 1 6 0
4231545 188 0 1 1
4231756 292 0 1 0
4232059 4 1 2 0
4232364 3 1 10 0
4232378 63 0 1 1
4233042 0 1 1 0
4234451 1 1 1 1
4234471 2 1 10 1
4234637 2 1 1 0
4234977 1 1 10 1
4235528 326 0 1 0
4235569 232 0 1 0
4235657 3 1 10 1
4235965 188 0 1 0
4236037 333 0 1 1
4236169 335 0 1 1
4237309 292 0 1 1
4237638 5 1 7 0
4237685 4 1 2 1
4237743 2 1 6 1
4238799 2 1 1 1
4239325 1 1 10 0
4240510 1 1 1 0
4240608 232 0 1 1
4240625 0 1 1 1
4240737 5 1 7 1
4241446 4 1 2 0
4241617 2 1 6 0
4242361 3 1 10 0
4242457 335 0 1 0
4242740 63 0 1 0
4243280 2 1 1 0
4243905 0 1 1 0
4243932 2 1 10 0
4244049 1 1 1 1
4246309 3 1 10 1
4246384 1 1 10 1
4246945 4 1 2 1
4247069 2 1 1 1
4247181 2 1 10 1
4247723 63 0 1 1
4247850 292 0 1 0
4248211 2 1 6 1
4248665 5 1 7 0
4249058 333 0 1 0
4249088 188 0 1 1
4250060 4 1 2 0
4250309 1 1 10 0
4250870 1 1 1 0
4251098 0 1 1 1
4251256 2 1 1 0
4252012 2 1 6 0
4252049 5 1 7 1
4253260 3 1 10 0
4253403 292 0 1 1
4253570 326 0 1 1
4253632 1 1 1 1
4254234 0 1 1 0
4254318 188 0 1 0
4254335 2 1 10 0
4255042 333 0 1 1
4255414 2 1 1 1
4255531 4 1 2 1
4255535 260 0 1 1
4255975 1 1 10 1
4256113 1 1 10 0
4256477 1 1 10 1
4256731 3 1 10 1
4257676 2 1 10 1
4258522 335 0 1 1
4258856 2 1 6 1
4258945 1 1 1 0
4259155 5 1 7 0
4259670 4 1 2 0
4259684 1 1 10 0
4260065 63 0 1 0
4260078 232 0 1 0
4260195 2 1 1 0
4260589 326 0 1 0
4261957 0 1 1 1
4262534 2 1 6 0
4262692 5 1 7 1
4262976 1 1 1 1
4263290 3 1 10 0
4263430 292 0 1 0
4264058 63 0 1 1
4264187 1 1 10 1
4264546 232 0 1 1
4264877 2 1 1 1
4265018 2 1 10 0
4265227 335 0 1 0
4265606 0 1 1 0
4266085 333 0 1 0
4266171 4 1 2 1
4266933 260 0 1 0
4267472 3 1 10 1
4267868 188 0 1 1
4268469 292 0 1 1
4268509 2 1 6 1
4268559 2 1 10 1
4268832 1 1 10 0
4269460 4 1 2 0
4269462 2 1 1 0
4269547 1 1 1 0
4270573 333 0 1 1
4270670 5 1 7 0
4272232 188 0 1 0
4272425 2 1 6 0
4272451 1 1 1 1
4272672 326 0 1 1
4272685 326 0 1 0
4273381 260 0 1 1
4273630 3 1 10 0
4273743 2 1 1 1
4274202 326 0 1 1
4274215 326 0 1 0
4274300 5 1 7 1
4274328 4 1 2 1
4275153 0 1 1 1
4275217 335 0 1 1
4275622 335 0 1 0
4275732 326 0 1 1
4276240 326 0 1 0
4276272 1 1 10 1
4277243 326 0 1 1
4277485 3 1 10 1
4278048 2 1 10 0
4278051 4 1 2 0
4278206 335 0 1 1
4278442 2 1 1 0
4278625 1 1 1 0
4278777 2 1 6 1
4279035 0 1 1 0
4279757 1 1 10 0
4281235 333 0 1 0
4281350 63 0 1 0
4281730 326 0 1 0
4281769 5 1 7 0
4282299 2 1 10 1
4282301 2 1 6 0
4282513 292 0 1 0
4282799 260 0 1 0
4283053 1 1 1 1
4283118 2 1 1 1
4283269 188 0 1 1
4283888 3 1 10 0
4284911 1 1 10 1
4285343 63 0 1 1
4285430 4 1 2 1
4285464 5 1 7 1
4285522 335 0 1 0
4285876 0 1 1 1
4285957 0 1 1 0
4286015 232 0 1 0
4286754 0 1 1 1
4286801 333 0 1 1
4287003 0 1 1 0
4287264 0 1 1 1
4287548 2 1 1 0
4287595 188 0 1 0
4288028 292 0 1 1
4288165 3 1 10 1
4288177 2 1 6 1
4288701 1 1 10 0
4288752 260 0 1 1
4289701 326 0 1 1
4290026 232 0 1 1
4290066 4 1 2 0
4290620 0 1 1 0
4290960 2 1 10 0
4291378 1 1 1 0
4291972 2 1 6 0
4292984 5 1 7 0
4293873 2 1 1 1
4294187 3 1 10 0
4294222 2 1 10 1
4294772 1 1 10 1
4294892 1 1 10 0
4294905 1 1 1 1
4295319 1 1 10 1
4296282 326 0 1 0
4296364 5 1 7 1
4296560 0 1 1 1
4297180 4 1 2 1
4297308 2 1 1 0
4297824 2 1 6 1
4297908 3 1 10 1
4298573 188 0 1 1
4298808 333 0 1 0
4299178 1 1 10 0
4299452 1 1 1 0
4299655 260 0 1 0
4300709 0 1 1 0
4300746 4 1 2 0
4300920 2 1 10 0
4301063 292 0 1 0
4301801 2 1 6 0
4302444 188 0 1 0
4302635 63 0 1 0
4302994 335 0 1 1
4303118 1 1 1 1
4303908 2 1 1 1
4303959 1 1 10 1
4304089 3 1 10 0
4304183 1 1 10 0
4304202 2 1 10 1
4304463 1 1 10 1
4304542 5 1 7 0
4305276 333 0 1 1
4305608 260 0 1 1
4305886 4 1 2 1
4306083 292 0 1 1
4306628 63 0 1 1
4307526 2 1 6 1
4307636 3 1 10 1
4307765 1 1 10 0
4307962 5 1 7 1
4308147 2 1 1 0
4309236 4 1 2 0
4309303 0 1 1 1
4309401 232 0 1 0
4309480 335 0 1 0
4310879 188 0 1 1
4311292 1 1 1 0
4311412 2 1 6 0
4312744 326 0 1 1
4312817 2 1 10 0
4313210 0 1 1 0
4313452 2 1 1 1
4313623 2 1 1 0
4313738 3 1 10 0
4313792 1 1 10 1
4313964 2 1 1 1
4314383 232 0 1 1
4314531 260 0 1 0
4314854 4 1 2 1
4315450 1 1 1 1
4315523 5 1 7 0
4316227 188 0 1 0
4316279 333 0 1 0
4316577 2 1 10 1
4316774 326 0 1 0
4317183 2 1 1 0
4317355 3 1 10 1
4317514 2 1 6 1
4318389 4 1 2 0
4318604 292 0 1 0
4318795 1 1 10 0
4318796 5 1 7 1
4320047 0 1 1 1
4320484 260 0 1 1
4321537 2 1 6 0
4322252 333 0 1 1
4322662 1 1 10 1
4322795 3 1 10 0
4323624 292 0 1 1
4323628 1 1 1 0
4323795 0 1 1 0
4323920 63 0 1 0
4324143 2 1 1 1
4324243 4 1 2 1
4325492 335 0 1 1
4325650 2 1 10 0
4326607 3 1 10 1
4326866 232 0 1 0
4326922 1 1 10 0
4326992 5 1 7 0
4327418 63 0 1 1
4327497 4 1 2 0
4327512 2 1 6 1
4327774 1 1 1 1
4327939 2 1 1 0
4328923 2 1 10 1
4328982 0 1 1 1
4329176 2 1 10 0
4329425 2 1 10 1
4329902 260 0 1 0
4330072 335 0 1 0
4330364 5 1 7 1
4330964 2 1 6 0
4331351 333 0 1 0
4331354 1 1 10 1
4331372 232 0 1 1
4331795 188 0 1 1
4332341 326 0 1 1
4332499 0 1 1 0
4333115 4 1 2 1
4333608 2 1 1 1
4334096 3 1 10 0
4334579 1 1 1 0
4334865 260 0 1 1
4335054 1 1 10 0
4335650 292 0 1 0
4336497 2 1 10 0
4336849 4 1 2 0
4337189 2 1 6 1
4337324 333 0 1 1
4337725 1 1 1 1
4337775 2 1 1 0
4337818 188 0 1 0
4337938 5 1 7 0
4338048 3 1 10 1
4339615 2 1 10 1
4339912 326 0 1 0
4340254 0 1 1 1
4340327 1 1 10 1
4340939 2 1 6 0
4341072 5 1 7 1
4341165 292 0 1 1
4341856 232 0 1 0
4343418 1 1 10 0
4343586 4 1 2 1
4343998 3 1 10 0
4344283 260 0 1 0
4344498 2 1 1 1
4344710 63 0 1 0
4345292 1 1 1 0
4345565 0 1 1 0
4345867 232 0 1 1
4346291 2 1 6 1
4346592 335 0 1 1
4346976 2 1 10 0
4347060 1 1 10 1
4347881 3 1 10 1
4347911 5 1 7 0
4348072 4 1 2 0
4348089 6 1 4 1
4348233 2 1 1 0
4348397 333 0 1 0
4348680 1 1 1 1
4348703 63 0 1 1
4350004 2 1 10 1
4350155 2 1 6 0
4350236 260 0 1 1
4350862 335 0 1 0
4351046 188 0 1 1
4351160 5 1 7 1
4351165 6 1 4 0
4352032 0 1 1 1
4352158 0 1 1 0
4352538 0 1 1 1
4353103 1 1 10 0
4353542 2 1 1 1
4353564 3 1 10 0
4354181 292 0 1 0
4354370 333 0 1 1
4355383 4 1 2 1
4356176 0 1 1 0
4356255 1 1 1 0
4356342 2 1 6 1
4356628 188 0 1 0
4356835 3 1 10 1
4357430 5 1 7 0
4357675 2 1 1 0
4358281 2 1 10 0
4359143 1 1 1 1
4359159 260 0 1 0
4359173 4 1 2 0
4359182 292 0 1 1
4359761 1 1 10 1
4359858 326 0 1 1
4359950 6 1 4 1
4360175 2 1 6 0
4360675 5 1 7 1
4362065 0 1 1 1
4362130 2 1 1 1
4362145 2 1 10 1
4363143 3 1 10 0
4363160 6 1 4 0
4363383 1 1 10 0
4364393 335 0 1 1
4364510 63 0 1 0
4365112 260 0 1 1
4365227 4 1 2 1
4365325 1 1 1 0
4365868 326 0 1 0
4366065 2 1 6 1
4366082 0 1 1 0
4366775 2 1 1 0
4366890 333 0 1 0
4367148 1 1 10 1
4367325 3 1 10 1
4368782 4 1 2 0
4368998 63 0 1 1
4369075 5 1 7 0
4369209 292 0 1 0
4369614 1 1 1 1
4369766 2 1 6 0
4370527 1 1 10 0
4370662 335 0 1 0
4371364 6 1 4 1
4371403 2 1 1 1
4371873 333 0 1 1
4372145 2 1 10 0
4372455 5 1 7 1
4372637 232 0 1 0
4373540 260 0 1 0
4373967 0 1 1 1
4374089 3 1 10 0
4374229 292 0 1 1
4374345 4 1 2 1
4375015 6 1 4 0
4375126 2 1 6 1
4375731 2 1 10 1
4376541 2 1 1 0
4376598 1 1 10 1
4377292 1 1 1 0
4377632 3 1 10 1
4377844 4 1 2 0
4378041 0 1 1 0
4378503 260 0 1 1
4379091 2 1 6 0
4379694 232 0 1 1
4380352 5 1 7 0
4381700 2 1 1 1
4381825 1 1 10 0
4382068 3 1 10 0
4382331 1 1 1 1
4382530 63 0 1 0
4382834 6 1 4 1
4382964 6 1 4 0
4383027 2 1 10 0
4383225 6 1 4 1
4383326 333 0 1 0
4383478 6 1 4 0
4383617 0 1 1 1
4383786 5 1 7 1
4383862 6 1 4 1
4384116 0 1 1 0
4384136 2 1 6 1
4384275 292 0 1 0
4384373 0 1 1 1
4384912 4 1 2 1
4385332 1 1 10 1
4385789 3 1 10 1
4385795 326 0 1 1
4385903 2 1 10 1
4386931 260 0 1 0
4387018 63 0 1 1
4387431 6 1 4 0
4387499 2 1 1 0
4388010 1 1 1 0
4388128 0 1 1 0
4388570 4 1 2 0
4389276 2 1 6 0
4389695 335 0 1 1
4389794 333 0 1 1
4389809 292 0 1 1
4390272 1 1 10 0
4390366 5 1 7 0
4391783 1 1 1 1
4391983 3 1 10 0
4392253 2 1 1 1
4392776 326 0 1 0
4392884 260 0 1 1
4392947 2 1 10 0
4393152 2 1 6 1
4393752 5 1 7 1
4395403 3 1 10 1
4395412 335 0 1 0
4395715 6 1 4 1
4395811 4 1 2 1
4396393 0 1 1 1
4396693 1 1 10 1
4396819 2 1 10 1
4397592 1 1 1 0
4397653 2 1 1 0
4398801 2 1 6 0
4399359 6 1 4 0
4400160 0 1 1 0
4400173 232 0 1 0
4400207 4 1 2 0
4400412 1 1 10 0
4400845 292 0 1 0
4401067 3 1 10 0
4401244 63 0 1 0
4401807 260 0 1 0
4401953 5 1 7 0
4401988 1 1 1 1
4402346 333 0 1 0
4402569 2 1 1 1
4402919 2 1 6 1
4404370 188 0 1 1
4404522 3 1 10 1
4405277 5 1 7 1
4405707 232 0 1 1
4405732 63 0 1 1
4405939 2 1 10 0
4406352 1 1 10 1
4406379 292 0 1 1
4406578 0 1 1 1
4407112 6 1 4 1
4407613 188 0 1 0
4407760 260 0 1 1
4407824 333 0 1 1
4408167 1 1 1 0
4408177 4 1 2 1
4408277 2 1 1 0
4408710 2 1 6 0
4409058 1 1 10 0
4409680 2 1 10 1
4409745 0 1 1 0
4410399 326 0 1 1
4410400 3 1 10 0
4410729 6 1 4 0
4411394 4 1 2 0
4412222 1 1 1 1
4412328 2 1 6 1
4412774 5 1 7 0
4412941 335 0 1 1
4413320 2 1 1 1
4413896 326 0 1 0
4414631 3 1 10 1
4414648 0 1 1 1
4416111 5 1 7 1
4416495 335 0 1 0
4416683 260 0 1 0
4416842 4 1 2 1
4416939 292 0 1 0
4417368 1 1 1 0
4417781 2 1 6 0
4417888 333 0 1 0
4417940 63 0 1 0
4418171 2 1 10 0
4418189 0 1 1 0
4418424 2 1 1 0
4419975 4 1 2 0
4420271 6 1 4 1
4420645 1 1 1 1
4420827 3 1 10 0
4421797 2 1 6 1
4422047 2 1 10 1
4422428 63 0 1 1
4422473 292 0 1 1
4422636 260 0 1 1
4423264 5 1 7 0
4423366 333 0 1 1
4423391 2 1 1 1
4423829 6 1 4 0
4424382 3 1 10 1
4425811 1 1 1 0
4426009 0 1 1 1
4426360 326 0 1 1
4426640 5 1 7 1
4426906 326 0 1 0
4427257 335 0 1 1
4427270 335 0 1 0
4427482 4 1 2 1
4427928 326 0 1 1
4428061 2 1 6 0
4428969 326 0 1 0
4429023 2 1 10 0
4429324 2 1 1 0
4429496 326 0 1 1
4430371 3 1 10 0
4430629 0 1 1 0
4430846 1 1 1 1
4430947 4 1 2 0
4431035 335 0 1 1
4431051 326 0 1 0
4431929 2 1 6 1
4432073 326 0 1 1
4432086 326 0 1 0
4432319 2 1 10 1
4432549 260 0 1 0
4433160 6 1 4 1
4433166 292 0 1 0
4433769 5 1 7 0
4433998 2 1 1 1
4434251 232 0 1 0
4434581 3 1 10 1
4434612 333 0 1 0
4434655 63 0 1 0
4435012 335 0 1 0
4436588 0 1 1 1
4436885 6 1 4 0
4437510 5 1 7 1
4437590 2 1 6 0
4437914 1 1 1 0
4438096 326 0 1 1
4438109 326 0 1 0
4438180 4 1 2 1
4438231 292 0 1 1
4438502 260 0 1 1
4438923 2 1 10 0
4439143 63 0 1 1
4439322 2 1 1 0
4439702 5 1 3 1
4440825 0 1 1 0
4441444 2 1 6 1
4441516 5 1 3 0
4441568 1 1 1 1
4441575 333 0 1 1
4441719 4 1 2 0
4441834 2 1 10 1
4441920 2 1 10 0
4442184 2 1 10 1
4442577 326 0 1 1
4443473 3 1 10 0
4443996 2 1 1 1
4444011 232 0 1 1
4446416 5 1 7 0
4446651 0 1 1 1
4446771 3 1 10 1
4446849 1 1 1 0
4447160 6 1 4 1
4447535 6 1 4 0
4447714 2 1 6 0
4447907 6 1 4 1
4447920 260 0 1 0
4448117 292 0 1 0
4448272 4 1 2 1
4448568 326 0 1 0
4449357 2 1 10 0
4449626 1 1 1 1
4449665 5 1 7 1
4449697 232 0 1 0
4449836 2 1 1 0
4449856 5 1 3 1
4450288 0 1 1 0
4450426 5 1 3 0
4450912 6 1 4 0
4451411 4 1 2 0
4451832 2 1 6 1
4451928 335 0 1 1
4451955 5 1 3 1
4452325 5 1 3 0
4452341 63 0 1 0
4452456 2 1 10 1
4452598 333 0 1 0
4453241 292 0 1 1
4453298 5 1 3 1
4453415 5 1 3 0
4454193 2 1 1 1
4454368 260 0 1 1
4455449 3 1 10 0
4455839 63 0 1 1
4455927 1 1 1 0
4456352 0 1 1 1
4456355 0 1 1 0
4456652 5 1 3 1
4456735 0 1 1 1
4456904 5 1 3 0
4457287 5 1 3 1
4457429 5 1 7 0
4457763 232 0 1 1
4457787 2 1 10 0
4457894 5 1 3 0
4458025 5 1 3 1
4458277 335 0 1 0
4458590 2 1 6 0
4458665 3 1 10 1
4459007 5 1 3 0
4459066 333 0 1 1
4459708 1 1 1 1
4459888 4 1 2 1
4460594 2 1 1 0
4460721 0 1 1 0
4460935 5 1 7 1
4461117 2 1 10 1
4462397 2 1 6 1
4462962 292 0 1 0
4463358 6 1 4 1
4463786 260 0 1 0
4464000 4 1 2 0
4464502 2 1 1 1
4465182 326 0 1 1
4465785 0 1 1 1
4465911 0 1 1 0
4466384 3 1 10 0
4466588 6 1 4 0
4466803 0 1 1 1
4466806 0 1 1 0
4467009 1 1 1 0
4467055 0 1 1 1
4467637 292 0 1 1
4467801 2 1 10 0
4468052 5 1 7 0
4468071 2 1 6 0
4468999 63 0 1 0
4469244 260 0 1 1
4469364 3 1 10 1
4470164 333 0 1 0
4470413 1 1 1 1
4471170 2 1 10 1
4471193 2 1 1 0
4471217 0 1 1 0
4471496 5 1 7 1
4471649 326 0 1 0
4471921 2 1 6 1
4472224 4 1 2 1
4473487 63 0 1 1
4474377 335 0 1 1
4475305 2 1 1 1
4475342 2 1 1 0
4475642 333 0 1 1
4475673 2 1 1 1
4475841 4 1 2 0
4475956 1 1 1 0
4476845 0 1 1 1
4477864 3 1 10 0
4477918 292 0 1 0
4477994 6 1 4 1
4478066 2 1 6 0
4478075 2 1 10 0
4478662 260 0 1 0
4479122 5 1 7 0
4479217 1 1 1 1
4479953 5 1 3 1
4480088 232 0 1 0
4480552 335 0 1 0
4480638 0 1 1 0
4481141 3 1 10 1
4481247 6 1 4 0
4481784 2 1 10 1
4482068 2 1 6 1
4482371 5 1 7 1
4482882 5 1 3 0
4483094 4 1 2 1
4483364 2 1 1 0
4483452 292 0 1 1
4484615 260 0 1 1
4485145 1 1 1 0
4485731 333 0 1 0
4486125 4 1 2 0
4486231 232 0 1 1
4486704 63 0 1 0
4486840 0 1 1 1
4487399 2 1 1 1
4487680 2 1 1 0
4487903 2 1 1 1
4488116 2 1 6 0
4488219 2 1 10 0
4489049 1 1 1 1
4489710 326 0 1 1
4489715 3 1 10 0
4490106 5 1 7 0
4490250 335 0 1 1
4491192 63 0 1 1
4491285 0 1 1 0
4491784 232 0 1 0
4491865 2 1 6 1
4491935 2 1 10 1
4492199 333 0 1 1
4492988 3 1 10 1
4493105 5 1 7 1
4493317 4 1 2 1
4493538 260 0 1 0
4493584 2 1 1 0
4493865 292 0 1 0
4496712 6 1 4 1
4496803 4 1 2 0
4496817 335 0 1 0
4496862 1 1 1 0
4496955 0 1 1 1
4497224 326 0 1 0
4497619 2 1 1 1
4497801 2 1 6 0
4497908 232 0 1 1
4498554 2 1 10 0
4498980 292 0 1 1
4499491 260 0 1 1
4500266 5 1 7 0
4500282 6 1 4 0
4500414 3 1 10 0
4500839 0 1 1 0
4501016 1 1 1 1
4501677 2 1 6 1
4502176 2 1 10 1
4503291 333 0 1 0
4503765 5 1 7 1
4503824 335 0 1 1
4503895 63 0 1 0
4503925 4 1 2 1
4504560 3 1 10 1
4505155 2 1 1 0
4506770 4 1 2 0
4508032 2 1 6 0
4508280 0 1 1 1
4508301 1 1 1 0
4508383 63 0 1 1
4508414 260 0 1 0
4509264 333 0 1 1
4509286 2 1 1 1
4509322 292 0 1 0
4509404 3 1 10 0
4510252 335 0 1 0
4510554 5 1 7 0
4510994 2 1 10 0
4511182 6 1 4 1
4511185 6 1 4 0
4511550 1 1 1 1
4511800 6 1 4 1
4511908 2 1 6 1
4512427 0 1 1 0
4512740 3 1 10 1
4512896 4 1 2 1
4513819 326 0 1 1
4514032 5 1 7 1
4514367 260 0 1 1
4514666 6 1 4 0
4514878 292 0 1 1
4515330 2 1 10 1
4516087 4 1 2 0
4516188 1 1 1 0
4516505 2 1 1 0
4517200 0 1 1 1
4517932 2 1 6 0
4518320 3 1 10 0
4519167 232 0 1 0
4519296 333 0 1 0
4519941 1 1 1 1
4520096 63 0 1 0
4520219 0 1 1 0
4520286 326 0 1 0
4520594 2 1 1 1
4521732 2 1 6 1
4522100 5 1 7 0
4522478 3 1 10 1
4523506 6 1 4 1
4523512 4 1 2 1
4524447 335 0 1 1
4524584 63 0 1 1
4524775 260 0 1 0
4525197 2 1 10 0
4525269 333 0 1 1
4525640 5 1 7 1
4525736 292 0 1 0
4526490 6 1 4 0
4526956 1 1 1 0
4526980 0 1 1 1
4527295 2 1 1 0
4527390 3 1 10 0
4527897 2 1 6 0
4528177 4 1 2 0
4528261 232 0 1 1
4529216 2 1 10 1
4530676 0 1 1 0
4530705 1 1 1 1
4530728 260 0 1 1
4530821 292 0 1 1
4530945 2 1 1 1
4531042 335 0 1 0
4531159 3 1 10 1
4532138 2 1 6 1
4533212 6 1 4 1
4533543 5 1 7 0
4534038 4 1 2 1
4535871 2 1 10 0
4535929 333 0 1 0
4536380 2 1 1 0
4536507 6 1 4 0
4536681 5 1 7 1
4536955 0 1 1 1
4536962 1 1 1 0
4537129 3 1 10 0
4537204 0 1 1 0
4538073 4 1 2 0
4538465 0 1 1 1
4538791 63 0 1 0
4538870 2 1 10 1
4538886 2 1 6 0
4539651 260 0 1 0
4539927 326 0 1 1
4540469 1 1 1 1
4540619 292 0 1 0
4541013 2 1 1 1
4541118 3 1 10 1
4541728 0 1 1 0
4542397 333 0 1 1
4542865 2 1 6 1
4543064 4 1 2 1
4543179 6 1 4 1
4543327 5 1 7 0
4544717 292 0 1 1
4544764 63 0 1 1
4544964 1 1 1 0
4545604 260 0 1 1
4546070 2 1 1 0
4546299 2 1 10 0
4546378 0 1 1 1
4546394 326 0 1 0
4546763 3 1 10 0
4546830 5 1 7 1
4547088 6 1 4 0
4547237 335 0 1 1
4547272 4 1 2 0
4548902 0 1 1 0
4549086 1 1 1 1
4550003 2 1 6 0
4550155 3 1 10 1
4550217 2 1 10 1
4551554 2 1 1 1
4552767 6 1 4 1
4552787 6 1 4 0
4552822 335 0 1 0
4552898 63 0 1 0
4552898 4 1 2 1
4553158 6 1 4 1
4553413 333 0 1 0
4553936 5 1 7 0
4553984 2 1 6 1
4553996 292 0 1 0
4554486 1 1 1 0
4554527 260 0 1 0
4555591 0 1 1 1
4555840 232 0 1 0
4556404 6 1 4 0
4556801 3 1 10 0
4556805 2 1 1 0
4557417 5 1 7 1
4557782 4 1 2 0
4558346 2 1 10 0
4558395 63 0 1 1
4559080 292 0 1 1
4559104 1 1 1 1
4559386 333 0 1 1
4559886 0 1 1 0
4559943 326 0 1 1
4560086 3 1 10 1
4560279 2 1 6 0
4560824 2 1 1 1
4561553 2 1 10 1
4561965 260 0 1 1
4561978 260 0 1 0
4563251 4 1 2 1
4564424 2 1 1 0
4564461 2 1 6 1
4564961 260 0 1 1
4565600 232 0 1 1
4565873 1 1 1 0
4565977 63 0 1 0
4566020 5 1 7 0
4566048 326 0 1 0
4566050 6 1 4 1
4566187 6 1 4 0
4566240 6 1 4 1
4566931 0 1 1 1
4567018 4 1 2 0
4567296 2 1 10 0
4568383 292 0 1 0
4569209 3 1 10 0
4569228 2 1 1 1
4569493 5 1 7 1
4569625 6 1 4 0
4570241 1 1 1 1
4570313 335 0 1 1
4570344 2 1 6 0
4570419 260 0 1 0
4570590 2 1 10 1
4570677 232 0 1 0
4570986 0 1 1 0
4571474 63 0 1 1
4571692 4 1 2 1
4572020 333 0 1 0
4572355 3 1 10 1
4573511 2 1 1 0
4573543 292 0 1 1
4574049 2 1 6 1
4574606 335 0 1 0
4575718 4 1 2 0
4575849 232 0 1 1
4576498 1 1 1 0
4576822 0 1 1 1
4577085 5 1 7 0
4577993 333 0 1 1
4579008 2 1 10 0
4579042 2 1 1 1
4579825 2 1 6 0
4579866 1 1 1 1
4580122 63 0 1 0
4580275 6 1 4 1
4580401 6 1 4 0
4580415 0 1 1 0
4580684 3 1 10 0
4580912 6 1 4 1
4580947 5 1 7 1
4581429 4 1 2 1
4582346 2 1 1 0
4582680 2 1 10 1
4583570 2 1 6 1
4583711 3 1 10 1
4584434 6 1 4 0
4584826 292 0 1 0
4585721 4 1 2 0
4585937 326 0 1 1
4586254 1 1 1 0
4586488 2 1 1 1
4586615 63 0 1 1
4587762 5 1 7 0
4588291 0 1 1 1
4588332 335 0 1 1
4588958 333 0 1 0
4589199 2 1 10 0
4589250 2 1 6 0
4589652 1 1 1 1
4590051 292 0 1 1
4590684 2 1 1 0
4590832 4 1 2 1
4591471 326 0 1 0
4591477 5 1 7 1
4591764 3 1 10 0
4592101 0 1 1 0
4592326 6 1 4 1
4592373 6 1 4 0
4592821 2 1 10 1
4592840 6 1 4 1
4593503 2 1 6 1
4594434 335 0 1 0
4594686 63 0 1 0
4594687 260 0 1 1
4594946 4 1 2 0
4595239 3 1 10 1
4595426 333 0 1 1
4595707 2 1 1 1
4596381 6 1 4 0
4596790 1 1 1 0
4597869 232 0 1 0
4599276 2 1 6 0
4599434 5 1 7 0
4599489 2 1 10 0
4599547 0 1 1 1
4599742 4 1 2 1
4599908 1 1 1 1
4600145 260 0 1 0
4600536 2 1 1 0
4600575 63 0 1 1
4601309 292 0 1 0
4602754 0 1 1 0
4602786 5 1 7 1
4603596 2 1 10 1
4603737 6 1 4 1
4603767 2 1 6 1
4604526 232 0 1 1
4604941 4 1 2 0
4605646 3 1 10 0
4606440 2 1 1 1
4606884 292 0 1 1
4607057 333 0 1 0
4607708 6 1 4 0
4608047 326 0 1 1
4608100 63 0 1 0
4608780 0 1 1 1
4608923 1 1 1 0
4608948 3 1 10 1
4609182 2 1 6 0
4609660 232 0 1 0
4609817 4 1 2 1
4610488 2 1 10 0
4610520 5 1 7 0
4611787 2 1 1 0
4611979 0 1 1 0
4612549 1 1 1 1
4613030 333 0 1 1
4613054 2 1 6 1
4613952 5 1 7 1
4614004 2 1 10 1
4614072 6 1 4 1
4614258 6 1 4 0
4614318 6 1 4 1
4614514 326 0 1 0
4614592 4 1 2 0
4614593 63 0 1 1
4614794 232 0 1 1
4614977 335 0 1 1
4616183 2 1 1 1
4617465 6 1 4 0
4617483 260 0 1 1
4617638 3 1 10 0
4617689 292 0 1 0
4618498 2 1 6 0
4619099 4 1 2 1
4619103 2 1 10 0
4619181 335 0 1 0
4619829 2 1 1 0
4620582 5 1 7 0
4620789 3 1 10 1
4621533 0 1 1 1
4622373 2 1 10 1
4622710 63 0 1 0
4622747 2 1 6 1
4622889 292 0 1 1
4622941 260 0 1 0
4623225 4 1 2 0
4624052 1 1 1 0
4624339 5 1 7 1
4624860 2 1 1 1
4624995 6 1 4 1
4625016 0 1 1 0
4625121 6 1 4 0
4625363 6 1 4 1
4626121 333 0 1 0
4626435 4 1 2 1
4626438 4 1 2 0
4626691 4 1 2 1
4627666 1 1 1 1
4628232 2 1 6 0
4628305 2 1 10 0
4628517 6 1 4 0
4628662 63 0 1 1
4629194 3 1 10 0
4630121 2 1 1 0
4631627 5 1 7 0
4631686 4 1 2 0
4631804 2 1 10 1
4632094 333 0 1 1
4632245 2 1 6 1
4632336 3 1 10 1
4632632 326 0 1 1
4632832 0 1 1 1
4633059 335 0 1 1
4633559 292 0 1 0
4633654 232 0 1 0
4634564 1 1 1 0
4634960 6 1 4 1
4634963 6 1 4 0
4634993 5 1 7 1
4635351 6 1 4 1
4635406 2 1 1 1
4636189 63 0 1 0
4636462 0 1 1 0
4636693 4 1 2 1
4637016 2 1 10 0
4637801 2 1 6 0
4637932 1 1 1 1
4638623 326 0 1 0
4638811 292 0 1 1
4639282 335 0 1 0
4639385 6 1 4 0
4639778 232 0 1 1
4640184 2 1 10 1
4640324 232 0 1 0
4640343 2 1 1 0
4640832 232 0 1 1
4641108 3 1 10 0
4641497 2 1 6 1
4642091 4 1 2 0
4642181 63 0 1 1
4642761 5 1 7 0
4644471 3 1 10 1
4645403 0 1 1 1
4645505 2 1 1 1
4645529 0 1 1 0
4645857 5 1 7 1
4645912 0 1 1 1
4646080 333 0 1 0
4646164 6 1 4 1
4646366 232 0 1 0
4646371 2 1 6 0
4646496 2 1 10 0
4646975 4 1 2 1
4647177 1 1 1 0
4649249 63 0 1 0
4649371 6 1 4 0
4649415 0 1 1 0
4649500 2 1 1 0
4649688 292 0 1 0
4650118 2 1 10 1
4650284 2 1 6 1
4650968 4 1 12 1
4651418 1 1 1 1
4652082 335 0 1 1
4652212 4 1 2 0
4652548 333 0 1 1
4652928 232 0 1 1
4653449 3 1 10 0
4653784 5 1 7 0
4654408 292 0 1 1
4654727 63 0 1 1
4655002 4 1 12 0
4655358 2 1 1 1
4655706 2 1 6 0
4655973 4 1 2 1
4656219 6 1 4 1
4656476 3 1 10 1
4656627 326 0 1 1
4657524 0 1 1 1
4657599 5 1 7 1
4657713 2 1 10 0
4657815 335 0 1 0
4659454 2 1 6 1
4659671 1 1 1 0
4660197 6 1 4 0
4660536 4 1 12 1
4660627 4 1 2 0
4660650 0 1 1 0
4661123 2 1 1 0
4661228 326 0 1 0
4661585 2 1 10 1
4661871 63 0 1 0
4663039 1 1 1 1
4664466 292 0 1 0
4664585 4 1 12 0
4664822 335 0 1 1
4664977 5 1 7 0
4665050 3 1 10 0
4665367 2 1 6 0
4665388 4 1 2 1
4666210 333 0 1 0
4666281 2 1 1 1
4666883 6 1 4 1
4668339 63 0 1 1
4668476 5 1 7 1
4668550 0 1 1 1
4668571 3 1 10 1
4668603 2 1 10 0
4668866 2 1 6 1
4669554 292 0 1 1
4669796 1 1 1 0
4670324 4 1 2 0
4670445 6 1 4 0
4670892 4 1 12 1
4671611 0 1 1 0
4671655 335 0 1 0
4671983 2 1 1 0
4672183 333 0 1 1
4672859 2 1 10 1
4673965 2 1 6 0
4674414 1 1 1 1
4674531 4 1 12 0
4674585 4 1 2 1
4675978 63 0 1 0
4676383 2 1 1 1
4676570 5 1 7 0
4677345 6 1 4 1
4678007 0 1 1 1
4678041 3 1 10 0
4678110 2 1 6 1
4678662 335 0 1 1
4679118 232 0 1 0
4679271 5 1 7 1
4679575 4 1 2 0
4680808 2 1 1 0
4681006 6 1 4 0
4681163 1 1 1 0
4681353 292 0 1 0
4681415 4 1 12 1
4681457 3 1 10 1
4681510 0 1 1 0
4681951 63 0 1 1
4682007 2 1 10 0
4683217 2 1 6 0
4683578 4 1 2 1
4683700 232 0 1 1
4684789 1 1 1 1
4684966 4 1 12 0
4685058 2 1 1 1
4685247 6 1 4 1
4685534 335 0 1 0
4685705 333 0 1 0
4686417 2 1 10 1
4686868 292 0 1 1
4687085 2 1 6 1
4688332 4 1 2 0
4688600 63 0 1 0
4688644 0 1 1 1
4689121 6 1 4 0
4689181 1 1 1 0
4690070 5 1 7 0
4690505 3 1 10 0
4690769 2 1 1 0
4691387 4 1 12 1
4691678 333 0 1 1
4692167 0 1 1 0
4692488 2 1 6 0
4692541 335 0 1 1
4692549 1 1 1 1
4693089 4 1 2 1
4693534 5 1 7 1
4693585 3 1 10 1
4693976 2 1 10 0
4694078 63 0 1 1
4694272 6 1 4 1
4694665 2 1 1 1
4695388 4 1 12 0
4696772 2 1 6 1
4697109 2 1 10 1
4697548 4 1 2 0
4697885 292 0 1 0
4698737 6 1 4 0
4698963 2 1 1 0
4699059 0 1 1 1
4699247 335 0 1 0
4699786 1 1 1 0
4701577 3 1 10 0
4702102 5 1 7 0
4702174 63 0 1 0
4702286 2 1 6 0
4702298 4 1 12 1
4702330 4 1 2 1
4702427 0 1 1 0
4702728 2 1 10 0
4703051 1 1 1 1
4703895 292 0 1 1
4703994 2 1 1 1
4704494 6 1 4 1
4704610 333 0 1 0
4704742 3 1 10 1
4705185 5 1 7 1
4705319 335 0 1 1
4705642 4 1 12 0
4706523 2 1 6 1
4706585 2 1 10 1
4708038 1 1 1 0
4708147 4 1 2 0
4708642 63 0 1 1
4708745 6 1 4 0
4708841 0 1 1 1
4709791 2 1 1 0
4710404 232 0 1 0
4710586 333 0 1 1
4711430 1 1 1 1
4711689 4 1 12 1
4711715 4 1 12 0
4712022 2 1 6 0
4712105 4 1 12 1
4712636 4 1 2 1
4712744 0 1 1 0
4712787 335 0 1 0
4713153 2 1 10 0
4713734 6 1 4 1
4713810 2 1 1 1
4714034 3 1 10 0
4714931 292 0 1 0
4715005 232 0 1 1
4715255 5 1 7 0
4715792 4 1 12 0
4716521 2 1 6 1
4716833 63 0 1 0
4716848 2 1 10 1
4717057 4 1 2 0
4717402 3 1 10 1
4717667 6 1 4 0
4718052 1 1 1 0
4718054 5 1 7 1
4718472 2 1 1 0
4719640 0 1 1 1
4720427 292 0 1 1
4720588 335 0 1 1
4721809 1 1 1 1
4721810 4 1 2 1
4722056 6 1 4 1
4722226 4 1 12 1
4722311 63 0 1 1
4722401 2 1 6 0
4722495 2 1 1 1
4723724 333 0 1 0
4724270 0 1 1 0
4724538 2 1 10 0
4725070 232 0 1 0
4725714 4 1 12 0
4725824 1 1 1 0
4726092 6 1 4 0
4726727 3 1 10 0
4726769 2 1 6 1
4726920 4 1 2 0
4727210 2 1 1 0
4728160 5 1 7 0
4728269 2 1 10 1
4728547 335 0 1 0
4729073 1 1 1 1
4729550 63 0 1 0
4729671 232 0 1 1
4729697 333 0 1 1
4729877 3 1 10 1
4730566 0 1 1 1
4731177 4 1 2 1
4731229 2 1 1 1
4731437 5 1 7 1
4731463 292 0 1 0
4731663 326 0 1 1
4731940 6 1 4 1
4732482 2 1 6 0
4732767 4 1 12 1
4734038 63 0 1 1
4734049 2 1 10 0
4734827 0 1 1 0
4735161 2 1 1 0
4736062 335 0 1 1
4736362 4 1 2 0
4736472 4 1 12 0
4736483 292 0 1 1
4736815 1 1 1 0
4736840 2 1 6 1
4736960 6 1 4 0
4737449 3 1 10 0
4737502 2 1 10 1
4737692 326 0 1 0
4738676 2 1 1 1
4739771 0 1 1 1
4740515 5 1 7 0
4740579 3 1 10 1
4740817 4 1 2 1
4741215 1 1 1 1
4741743 63 0 1 0
4742407 335 0 1 0
4742435 2 1 6 0
4742839 4 1 12 1
4743024 96 0 1 0
4743245 333 0 1 0
4743325 0 1 1 0
4743408 6 1 4 1
4743904 5 1 7 1
4744115 2 1 1 0
4744892 2 1 10 0
4745008 4 1 2 0
4746790 4 1 12 0
4747176 2 1 6 1
4747221 63 0 1 1
4747481 292 0 1 0
4747718 1 1 1 0
4747757 6 1 4 0
4748796 2 1 10 1
4748913 2 1 1 1
4749218 333 0 1 1
4749479 0 1 1 1
4749615 335 0 1 1
4749749 4 1 2 1
4749919 3 1 10 0
4751106 1 1 1 1
4751328 5 1 7 0
4752442 96 0 1 1
4752538 2 1 6 0
4752938 3 1 10 1
4753015 292 0 1 1
4753456 4 1 12 1
4753843 2 1 1 0
4754270 6 1 4 1
4754299 63 0 1 0
4754343 0 1 1 0
4754713 5 1 7 1
4755595 4 1 2 0
4756371 1 1 1 0
4756432 232 0 1 0
4756510 2 1 10 0
4756894 2 1 6 1
4756909 4 1 12 0
4757276 326 0 1 1
4757290 335 0 1 0
4757444 6 1 4 0
4757823 2 1 1 1
4759282 63 0 1 1
4759385 96 0 1 0
4759975 4 1 2 1
4760263 1 1 1 1
4760540 2 1 10 1
4761490 232 0 1 1
4761600 2 1 6 0
4761629 5 1 7 0
4761917 3 1 10 0
4762634 0 1 1 1
4762753 333 0 1 0
4762897 0 1 1 0
4763039 2 1 1 0
4763146 0 1 1 1
4763511 4 1 12 1
4763928 292 0 1 0
4763986 6 1 4 1
4764238 326 0 1 0
4764607 4 1 2 0
4764711 5 1 7 1
4764929 335 0 1 1
4765146 3 1 10 1
4765861 2 1 6 1
4766350 63 0 1 0
4766938 0 1 1 0
4767123 4 1 12 0
4767308 2 1 1 1
4767899 6 1 4 0
4768726 333 0 1 1
4768869 2 1 10 0
4769462 292 0 1 1
4770022 4 1 2 1
4770288 96 0 1 1
4770624 2 1 6 0
4771393 5 1 7 0
4772045 2 1 1 0
4772303 2 1 10 1
4772908 4 1 12 1
4772933 1 1 1 0
4773097 335 0 1 0
4773239 3 1 10 0
4773982 4 1 2 0
4774713 0 1 1 1
4775032 5 1 7 1
4775238 2 1 6 1
4775438 6 1 4 1
4776353 4 1 12 0
4776441 2 1 1 1
4776663 3 1 10 1
4776940 1 1 1 1
4777231 96 0 1 0
4777740 2 1 10 0
4778013 4 1 2 1
4778660 0 1 1 0
4779404 6 1 4 0
4780517 292 0 1 0
4780612 335 0 1 1
4780691 2 1 6 0
4780840 2 1 10 1
4781460 5 1 7 0
4781583 2 1 1 0
4781785 333 0 1 0
4781902 4 1 2 0
4782952 4 1 12 1
4783765 326 0 1 1
4785047 3 1 10 0
4785098 5 1 7 1
4785164 96 0 1 1
4785186 2 1 6 1
4786051 292 0 1 1
4786241 2 1 1 1
4786269 6 1 4 1
4786609 4 1 12 0
4786957 335 0 1 0
4787022 0 1 1 1
4787437 4 1 2 1
4787758 333 0 1 1
4787938 2 1 10 0
4788252 326 0 1 0
4788377 3 1 10 1
4788832 1 1 1 0
4789736 232 0 1 0
4789851 6 1 4 0
4790561 0 1 1 0
4790820 2 1 6 0
4791070 5 1 3 1
4791412 5 1 3 0
4791437 2 1 10 1
4791608 4 1 2 0
4791612 96 0 1 0
4791805 2 1 1 0
4791816 5 1 3 1
4791978 1 1 1 1
4792586 5 1 7 0
4792715 4 1 12 1
4794261 232 0 1 1
4794275 335 0 1 1
4794675 5 1 3 0
4795187 6 1 4 1
4795307 2 1 6 1
4795843 5 1 7 1
4796082 2 1 1 1
4796322 4 1 12 0
4796540 3 1 10 0
4797532 4 1 2 1
4797765 326 0 1 1
4798449 6 1 4 0
4799451 2 1 10 0
4799934 3 1 10 1
4800392 0 1 1 1
4801154 2 1 1 0
4801207 4 1 2 0
4801313 2 1 6 0
4801319 333 0 1 0
4801525 96 0 1 1
4802309 326 0 1 0
4802518 63 0 1 1
4802694 4 1 12 1
4802751 1 1 1 0
4802773 5 1 3 1
4802797 335 0 1 0
4802827 2 1 10 1
4803337 5 1 7 0
4804112 292 0 1 0
4804292 6 1 4 1
4804655 0 1 1 0
4804802 232 0 1 0
4805304 2 1 6 1
4805687 5 1 3 0
4805804 2 1 1 1
4806157 4 1 2 1
4806558 63 0 1 0
4806619 1 1 1 1
4806696 4 1 12 0
4806797 333 0 1 1
4807058 5 1 7 1
4808464 3 1 10 0
4808576 2 1 10 0
4808721 6 1 4 0
4809113 292 0 1 1
4809458 96 0 1 0
4810340 4 1 2 0
4810518 2 1 6 0
4811202 2 1 10 1
4811430 0 1 1 1
4811745 3 1 10 1
4811781 335 0 1 1
4811821 232 0 1 1
4812127 4 1 12 1
4812135 2 1 1 0
4813395 5 1 7 0
4814154 5 1 3 1
4814241 0 1 1 0
4814394 2 1 6 1
4814475 5 1 3 0
4814884 5 1 3 1
4815569 4 1 2 1
4816044 6 1 4 1
4816234 4 1 12 0
4816666 2 1 1 1
4816855 5 1 7 1
4817227 2 1 1 0
4817455 2 1 10 0
4817666 2 1 1 1
4817940 5 1 3 0
4819323 333 0 1 0
4819627 335 0 1 0
4819649 4 1 2 0
4820018 96 0 1 1
4820177 6 1 4 0
4820313 326 0 1 1
4820321 2 1 6 0
4820456 3 1 10 0
4820685 2 1 10 1
4821273 2 1 1 0
4821995 4 1 12 1
4822918 0 1 1 1
4823100 292 0 1 0
4823237 1 1 1 0
4823648 5 1 7 0
4824568 3 1 10 1
4824787 4 1 2 1
4824800 326 0 1 0
4824970 2 1 6 1
4825042 2 1 1 1
4825296 333 0 1 1
4825549 6 1 4 1
4825998 4 1 12 0
4826561 96 0 1 0
4827035 0 1 1 0
4827142 335 0 1 1
4827468 5 1 7 1
4827530 5 1 3 1
4827606 292 0 1 1
4827740 1 1 1 1
4827866 5 1 3 0
4828145 5 1 3 1
4828302 2 1 10 0
4828926 2 1 1 0
4829036 6 1 4 0
4829146 4 1 2 0
4831176 2 1 6 0
4831332 5 1 3 0
4831386 232 0 1 0
4831944 2 1 10 1
4832333 4 1 12 1
4832887 3 1 10 0
4832941 2 1 1 1
4833041 63 0 1 1
4833487 335 0 1 0
4834049 6 1 4 1
4834234 0 1 1 1
4834979 5 1 7 0
4835122 96 0 1 1
4835413 2 1 6 1
4836462 4 1 12 0
4836549 3 1 10 1
4836979 2 1 1 0
4837585 63 0 1 0
4837605 6 1 4 0
4837927 0 1 1 0
4838389 4 1 2 1
4838463 333 0 1 0
4838585 5 1 7 1
4838750 2 1 10 0
4840462 326 0 1 1
4840762 335 0 1 1
4840919 2 1 6 0
4841251 1 1 1 0
4841619 4 1 2 0
4841646 96 0 1 0
4842035 2 1 10 1
4842378 4 1 12 1
4842410 5 1 3 1
4842468 2 1 1 1
4842734 2 1 1 0
4842960 6 1 4 1
4843145 2 1 1 1
4843545 232 0 1 1
4844100 3 1 10 0
4844436 333 0 1 1
4844770 0 1 1 1
4844787 2 1 6 1
4844893 1 1 1 1
4845301 5 1 3 0
4845927 5 1 7 0
4846510 326 0 1 0
4846657 292 0 1 0
4846742 4 1 12 0
4847088 6 1 4 0
4847184 3 1 10 1
4848439 2 1 1 0
4849145 2 1 10 0
4849327 335 0 1 0
4849452 0 1 1 0
4849775 5 1 7 1
4851086 2 1 6 0
4851144 292 0 1 1
4851711 96 0 1 1
4852424 2 1 10 1
4852444 6 1 4 1
4852620 5 1 3 1
4852935 4 1 12 1
4853142 1 1 1 0
4853870 3 1 10 0
4854355 2 1 1 1
4854770 2 1 1 0
4855331 5 1 3 0
4855335 2 1 6 1
4855363 2 1 1 1
4855883 1 1 1 1
4856131 5 1 7 0
4856466 0 1 1 1
4856842 335 0 1 1
4857184 6 1 4 0
4857208 3 1 10 1
4857275 4 1 12 0
4857527 333 0 1 0
4858406 96 0 1 0
4859712 2 1 10 0
4859747 2 1 1 0
4860232 5 1 7 1
4860233 0 1 1 0
4862120 2 1 6 0
4862712 4 1 12 1
4863014 335 0 1 0
4863048 326 0 1 1
4863260 2 1 10 1
4863500 333 0 1 1
4863782 6 1 4 1
4864710 5 1 3 1
4865145 5 1 3 0
4865163 2 1 1 1
4865334 5 1 3 1
4865667 3 1 10 0
4865966 2 1 6 1
4866021 1 1 1 0
4866118 232 0 1 0
4866987 6 1 7 1
4867097 326 0 1 0
4867104 4 1 12 0
4867403 5 1 7 0
4867500 96 0 1 1
4867625 292 0 1 0
4868032 0 1 1 1
4868046 96 0 1 0
4868352 5 1 3 0
4868554 96 0 1 1
4868836 3 1 10 1
4869011 6 1 4 0
4869409 1 1 1 1
4870040 335 0 1 1
4871017 2 1 1 0
4871020 5 1 7 1
4871182 2 1 6 0
4871762 4 1 12 1
4871989 2 1 10 0
4872131 292 0 1 1
4872345 0 1 1 0
4873117 6 1 7 0
4874202 96 0 1 0
4874427 2 1 6 1
4874887 6 1 4 1
4875212 232 0 1 1
4875549 2 1 10 1
4876013 4 1 12 0
4876057 335 0 1 0
4876586 6 1 7 1
4876593 6 1 7 0
4876886 6 1 7 1
4877189 3 1 10 0
4877531 5 1 7 0
4877638 333 0 1 0
4878060 2 1 1 1
4879139 6 1 4 0
4879728 5 1 3 1
4880313 4 1 12 1
4880575 3 1 10 1
4880717 2 1 6 0
4880784 5 1 7 1
4881142 0 1 1 1
4881145 0 1 1 0
4881887 0 1 1 1
4882307 232 0 1 0
4882763 96 0 1 1
4882847 5 1 3 0
4883003 6 1 4 1
4883077 335 0 1 1
4883226 6 1 7 0
4883334 2 1 1 0
4883467 63 0 1 1
4884106 333 0 1 1
4884619 4 1 12 0
4885047 1 1 1 0
4885305 2 1 6 1
4885640 2 1 10 0
4886082 0 1 1 0
4887122 6 1 7 1
4887229 5 1 7 0
4887365 232 0 1 1
4887539 63 0 1 0
4887818 6 1 4 0
4888238 2 1 1 1
4888804 1 1 1 1
4888925 96 0 1 0
4889031 4 1 12 1
4889164 4 1 12 0
4889535 4 1 12 1
4889652 3 1 10 0
4889893 2 1 10 1
4890630 292 0 1 0
4890718 5 1 7 1
4891897 335 0 1 0
4891939 0 1 1 1
4892858 2 1 6 0
4892911 3 1 10 1
4892969 6 1 7 0
4893174 6 1 4 1
4893614 2 1 1 0
4894068 4 1 12 0
4895117 292 0 1 1
4895221 0 1 1 0
4896738 6 1 7 1
4896842 5 1 3 1
4897226 2 1 6 1
4897276 5 1 3 0
4897373 5 1 7 0
4897596 5 1 3 1
4898218 333 0 1 0
4898671 6 1 4 0
4899017 2 1 10 0
4899066 96 0 1 1
4899090 4 1 12 1
4899412 335 0 1 1
4900421 2 1 1 1
4900592 5 1 3 0
4900801 5 1 7 1
4901939 3 1 10 0
4902164 0 1 1 1
4902192 1 1 1 0
4902765 6 1 7 0
4902982 2 1 10 1
4903623 4 1 12 0
4903981 2 1 6 0
4904057 6 1 4 1
4904191 333 0 1 1
4904874 232 0 1 0
4905089 3 1 10 1
4905205 0 1 1 0
4905458 1 1 1 1
4905685 96 0 1 0
4905755 2 1 1 0
4905757 335 0 1 0
4906490 6 1 7 1
4907357 2 1 6 1
4907373 2 1 6 0
4907676 2 1 6 1
4908115 6 1 4 0
4908273 4 1 12 1
4908708 5 1 7 0
4909212 2 1 10 0
4911122 292 0 1 0
4911539 0 1 1 1
4912042 2 1 10 1
4912069 5 1 7 1
4912399 2 1 6 0
4912441 2 1 1 1
4912758 335 0 1 1
4912811 6 1 4 1
4912914 6 1 7 0
4913075 4 1 12 0
4913471 3 1 10 0
4915096 1 1 1 0
4915288 0 1 1 0
4915729 2 1 6 1
4915891 232 0 1 1
4915994 2 1 1 0
4916509 6 1 7 1
4916748 3 1 10 1
4916782 5 1 3 1
4917123 333 0 1 0
4917810 5 1 3 0
4917818 6 1 4 0
4917863 96 0 1 1
4917948 5 1 3 1
4918103 1 1 1 1
4918122 292 0 1 1
4918264 4 1 12 1
4918852 2 1 10 0
4919119 5 1 3 0
4919122 335 0 1 0
4919983 5 1 7 0
4922075 2 1 6 0
4922217 0 1 1 1
4922315 6 1 4 1
4922339 2 1 10 1
4923096 333 0 1 1
4923140 4 1 12 0
4923569 2 1 1 1
4923617 63 0 1 1
4923681 6 1 7 0
4923784 5 1 7 1
4924463 96 0 1 0
4924779 3 1 10 0
4925669 0 1 1 0
4926259 2 1 6 1
4926359 335 0 1 1
4926550 6 1 4 0
4926884 2 1 1 0
4927087 63 0 1 0
4927196 6 1 7 1
4927667 3 1 10 1
4927925 4 1 12 1
4927983 5 1 3 1
4927986 5 1 3 0
4928111 292 0 1 0
4928254 1 1 1 0
4929360 5 1 3 1
4930164 6 1 4 1
4930573 5 1 7 0
4931015 1 1 1 1
4931507 2 1 10 0
4932142 4 1 12 0
4932421 5 1 3 0
4932808 2 1 1 1
4933455 6 1 7 0
4933483 0 1 1 1
4933701 2 1 6 0
4934090 96 0 1 1
4934467 335 0 1 0
4934539 5 1 7 1
4935501 2 1 10 1
4936064 6 1 4 0
4936120 292 0 1 1
4936237 333 0 1 0
4936371 2 1 1 0
4936661 4 1 12 1
4936866 0 1 1 0
4936959 6 1 7 1
4937089 232 0 1 0
4937120 3 1 10 0
4938091 2 1 6 1
4940397 3 1 10 1
4940690 96 0 1 0
4940882 6 1 4 1
4941124 4 1 12 0
4941963 335 0 1 1
4942276 1 1 1 0
4942307 5 1 7 0
4943113 0 1 1 1
4943200 333 0 1 1
4943656 2 1 1 1
4943850 6 1 7 0
4944312 2 1 10 0
4945087 2 1 6 0
4945152 1 1 1 1
4945744 7 1 10 1
4945766 4 1 12 1
4946118 5 1 7 1
4946371 0 1 1 0
4946473 6 1 4 0
4946604 292 0 1 0
4946896 6 1 7 1
4946925 232 0 1 1
4947269 5 1 3 1
4947597 3 1 10 0
4947724 2 1 10 1
4948169 2 1 1 0
4948459 2 1 6 1
4948822 335 0 1 0
4949478 4 1 12 0
4949925 5 1 3 0
4950093 7 1 10 0
4950374 96 0 1 1
4950670 3 1 10 1
4950837 6 1 4 1
4952450 2 1 1 1
4952883 0 1 1 1
4953164 2 1 10 0
4953378 4 1 12 1
4953691 2 1 6 0
4953963 232 0 1 0
4954220 292 0 1 1
4954353 5 1 7 0
4954414 6 1 7 0
4954655 1 1 1 0
4954727 7 1 10 1
4955694 2 1 1 0
4955840 0 1 1 0
4956232 335 0 1 1
4956422 96 0 1 0
4956630 2 1 10 1
4956855 6 1 4 0
4957102 4 1 12 0
4957400 1 1 1 1
4957436 2 1 6 1
4957790 6 1 7 1
4958204 5 1 7 1
4958207 333 0 1 0
4959042 7 1 10 0
4959916 292 0 1 0
4960349 3 1 10 0
4960924 232 0 1 1
4961076 6 1 4 1
4961911 0 1 1 1
4962162 4 1 12 1
4962229 2 1 1 1
4963154 7 1 10 1
4963242 2 1 10 0
4963672 335 0 1 0
4963951 3 1 10 1
4964180 333 0 1 1
4964500 5 1 7 0
4964675 6 1 7 0
4964799 2 1 6 0
4965116 96 0 1 1
4965196 63 0 1 1
4965292 63 0 1 0
4965975 0 1 1 0
4966165 4 1 12 0
4966259 6 1 4 0
4966294 63 0 1 1
4966831 2 1 1 0
4967320 63 0 1 0
4967412 7 1 10 0
4967450 2 1 10 1
4967501 5 1 3 1
4967585 5 1 3 0
4968089 6 1 7 1
4968185 63 0 1 1
4968299 5 1 7 1
4968382 5 1 3 1
4968668 5 1 3 0
4968763 5 1 3 1
4968891 1 1 1 0
4969432 2 1 6 1
4969679 96 0 1 0
4969851 6 1 4 1
4970322 63 0 1 0
4970344 292 0 1 1
4970960 4 1 12 1
4971149 335 0 1 1
4971178 5 1 3 0
4971772 1 1 1 1
4972939 7 1 10 1
4972993 2 1 1 1
4974066 0 1 1 1
4975035 5 1 7 0
4975094 2 1 10 0
4975199 3 1 10 0
4975375 4 1 12 0
4975995 232 0 1 0
4976063 6 1 7 0
4977168 6 1 4 0
4977359 2 1 6 0
4977813 7 1 10 0
4977859 0 1 1 0
4977949 2 1 1 0
4978297 96 0 1 1
4978500 5 1 7 1
4978551 2 1 10 1
4978730 3 1 10 1
4978935 6 1 7 1
4979011 292 0 1 0
4979512 335 0 1 0
4979794 6 1 4 1
4980649 4 1 12 1
4980672 333 0 1 0
4981731 2 1 6 1
4981832 7 1 10 1
4982002 1 1 1 0
4984046 0 1 1 1
4984349 2 1 1 1
4984443 2 1 1 0
4984897 96 0 1 0
4985234 5 1 7 0
4985340 4 1 12 0
4985366 1 1 1 1
4985484 2 1 1 1
4985733 7 1 10 0
4986645 333 0 1 1
4986724 6 1 7 0
4987008 335 0 1 1
4987127 2 1 10 0
4987306 0 1 1 0
4988449 292 0 1 1
4988836 5 1 7 1
4988889 6 1 4 0
4989086 2 1 1 0
4989137 3 1 10 0
4989369 2 1 6 0
4989772 6 1 7 1
4989987 5 1 3 1
4990415 7 1 10 1
4990494 4 1 12 1
4990789 2 1 10 1
4990914 232 0 1 1
4992641 6 1 4 1
4992727 5 1 3 0
4992855 3 1 10 1
4993625 2 1 6 1
4993991 96 0 1 1
4994031 4 1 12 0
4994113 2 1 1 1
4994207 2 1 1 0
4994325 0 1 1 1
4994423 5 1 7 0
4994490 2 1 1 1
4995079 292 0 1 0
4995352 335 0 1 0
4996437 7 1 10 0
4996924 6 1 7 0
4997455 0 1 1 0
4997583 1 1 1 0
4998573 5 1 7 1
4998635 2 1 1 0
4998890 4 1 12 1
4999543 2 1 6 0
4999967 6 1 4 0
4999976 6 1 7 1
5000582 1 1 1 1
5000610 96 0 1 0
5000681 333 0 1 0
5001179 2 1 10 0
5001333 7 1 10 1
5002761 2 1 6 1
5003109 0 1 1 1
5003140 4 1 12 0
5003215 335 0 1 1
5003474 3 1 10 0
5003527 292 0 1 1
5003565 6 1 4 1
5005162 2 1 1 1
5005494 5 1 7 0
5005514 2 1 10 1
5006652 232 0 1 0
5006654 333 0 1 1
5007057 3 1 10 1
5007112 0 1 1 0
5007523 7 1 10 0
5008220 2 1 6 0
5008751 6 1 7 0
5008983 4 1 12 1
5009386 5 1 7 1
5009894 2 1 1 0
5010119 292 0 1 0
5011549 1 1 1 0
5011661 7 1 10 1
5011684 96 0 1 1
5011687 335 0 1 0
5012021 2 1 6 1
5012174 6 1 7 1
5013043 4 1 12 0
5013395 6 1 4 0
5014060 1 1 1 1
5014595 0 1 1 1
5015039 2 1 10 0
5015989 3 1 10 0
5016052 2 1 1 1
5016106 5 1 7 0
5016434 6 1 4 1
5017427 7 1 10 0
5017657 2 1 10 1
5017967 0 1 1 0
5018567 292 0 1 1
5018623 2 1 6 0
5018798 96 0 1 0
5019005 4 1 12 1
5019035 3 1 10 1
5019756 5 1 7 1
5020138 333 0 1 0
5020154 335 0 1 1
5020334 232 0 1 1
5020525 2 1 1 0
5021164 6 1 7 0
5021257 7 1 10 1
5022499 2 1 6 1
5022752 4 1 12 0
5023558 2 1 10 0
5024267 6 1 4 0
5024295 6 1 7 1
5024683 292 0 1 0
5025040 2 1 1 1
5025311 0 1 1 1
5025538 5 1 7 0
5025622 333 0 1 1
5025884 1 1 1 0
5026527 7 1 10 0
5027061 2 1 10 1
5027696 6 1 4 1
5027752 3 1 10 0
5027972 4 1 12 1
5028151 2 1 1 0
5028517 335 0 1 0
5028879 1 1 1 1
5028898 2 1 6 0
5029650 5 1 7 1
5029929 96 0 1 1
5030052 0 1 1 0
5030276 7 1 10 1
5030990 3 1 10 1
5031938 6 1 7 0
5032013 4 1 12 0
5032623 2 1 6 1
5033131 292 0 1 1
5033428 2 1 1 1
5034837 63 0 1 1
5035427 6 1 7 1
5035558 232 0 1 0
5035731 7 1 10 0
5035818 5 1 7 0
5036013 335 0 1 1
5036162 6 1 4 0
5036949 2 1 10 0
5037421 4 1 12 1
5037995 96 0 1 0
5038241 2 1 1 0
5038243 333 0 1 0
5038743 2 1 6 0
5038753 0 1 1 1
5039277 63 0 1 0
5039284 6 1 4 1
5039387 3 1 10 0
5039567 5 1 7 1
5040119 7 1 10 1
5040237 292 0 1 0
5040986 4 1 12 0
5041325 2 1 10 1
5041747 1 1 1 0
5042111 2 1 6 1
5042406 3 1 10 1
5042502 0 1 1 0
5043264 2 1 1 1
5044081 6 1 7 0
5044216 333 0 1 1
5044357 335 0 1 0
5044611 1 1 1 1
5046144 4 1 12 1
5046308 232 0 1 1
5046335 7 1 10 0
5046535 6 1 4 0
5046858 5 1 7 0
5047146 96 0 1 1
5047188 6 1 7 1
5047263 2 1 1 0
5047663 2 1 6 0
5048977 0 1 1 1
5049660 6 1 4 1
5049675 292 0 1 1
5049708 4 1 12 0
5050254 5 1 7 1
5050338 232 0 1 0
5050715 7 1 10 1
5051035 2 1 6 1
5051229 2 1 10 0
5051671 2 1 1 1
5051815 335 0 1 1
5051865 3 1 10 0
5053607 0 1 1 0
5053665 63 0 1 1
5053689 96 0 1 0
5054501 232 0 1 1
5054730 6 1 7 0
5055051 3 1 10 1
5055373 2 1 10 1
5055520 5 1 7 0
5055702 2 1 1 0
5055755 4 1 12 1
5056286 292 0 1 0
5056320 7 1 10 0
5056745 1 1 1 0
5057220 2 1 6 0
5057722 335 0 1 0
5057955 6 1 7 1
5058905 6 1 4 0
5059185 333 0 1 0
5059217 5 1 7 1
5059857 63 0 1 0
5059986 1 1 1 1
5060261 4 1 12 0
5060463 2 1 1 1
5060965 7 1 10 1
5061356 2 1 6 1
5062173 0 1 1 1
5062489 6 1 4 1
5064661 2 1 10 0
5064723 335 0 1 1
5064734 292 0 1 1
5064790 3 1 10 0
5064858 96 0 1 1
5065158 333 0 1 1
5065669 5 1 7 0
5065826 7 1 10 0
5066112 2 1 1 0
5066164 0 1 1 0
5066165 232 0 1 0
5066556 4 1 12 1
5066567 6 1 7 0
5067767 2 1 6 0
5068063 3 1 10 1
5068305 63 0 1 1
5069247 5 1 7 1
5069397 2 1 10 1
5069604 1 1 1 0
5069647 7 1 10 1
5069901 6 1 7 1
5070374 4 1 12 0
5070565 6 1 4 0
5071125 292 0 1 0
5071266 2 1 6 1
5071532 0 1 1 1
5071915 96 0 1 0
5072111 1 1 1 1
5072131 2 1 1 1
5073081 335 0 1 0
5073195 6 1 4 1
5074466 7 1 10 0
5074650 0 1 1 0
5075167 4 1 12 1
5075354 232 0 1 1
5076247 5 1 7 0
5076313 2 1 1 0
5076570 2 1 10 0
5077079 6 1 7 0
5077305 2 1 6 0
5078100 3 1 10 0
5078642 333 0 1 0
5079092 4 1 12 0
5079413 7 1 10 1
5079490 5 1 7 1
5079697 2 1 1 1
5079829 6 1 4 0
5080218 2 1 10 1
5080221 6 1 7 1
5080609 335 0 1 1
5080990 0 1 1 1
5081047 96 0 1 1
5081078 232 0 1 0
5081169 2 1 6 1
5081456 3 1 10 1
5081553 292 0 1 1
5081858 0 1 1 0
5082115 0 1 1 1
5083450 6 1 4 1
5083955 2 1 1 0
5084043 7 1 10 0
5084479 0 1 1 0
5084615 333 0 1 1
5084844 1 1 1 0
5085004 4 1 12 1
5086378 2 1 10 0
5086905 5 1 7 0
5087240 232 0 1 1
5087400 6 1 7 0
5087590 96 0 1 0
5087726 292 0 1 0
5087978 1 1 1 1
5088788 7 1 10 1
5088861 2 1 6 0
5088940 335 0 1 0
5089216 2 1 1 1
5089336 4 1 12 0
5090146 2 1 10 1
5090301 5 1 7 1
5090720 0 1 1 1
5090970 3 1 10 0
5091300 6 1 7 1
5092370 3 1 3 1
5092606 2 1 6 1
5092932 2 1 1 0
5093591 6 1 4 0
5093940 7 1 10 0
5094191 3 1 10 1
5094461 0 1 1 0
5095068 2 1 10 0
5095214 4 1 12 1
5096070 5 1 7 0
5096439 2 1 1 1
5096571 335 0 1 1
5097284 3 1 3 0
5097312 6 1 4 1
5097756 333 0 1 0
5097769 96 0 1 1
5098154 292 0 1 1
5098431 7 1 10 1
5098502 2 1 10 1
5098814 6 1 7 0
5099363 4 1 12 0
5099487 5 1 7 1
5100551 2 1 1 0
5100874 2 1 6 0
5101856 6 1 4 0
5102543 0 1 1 1
5102613 6 1 7 1
5102909 3 1 10 0
5103315 3 1 3 1
5103449 1 1 1 0
5103747 7 1 10 0
5104158 232 0 1 0
5104224 333 0 1 1
5104242 2 1 6 1
5104289 292 0 1 0
5104293 96 0 1 0
5104562 2 1 1 1
5104680 2 1 10 0
5104742 4 1 12 1
5104747 335 0 1 0
5106055 3 1 10 1
5106210 1 1 1 1
5106410 6 1 4 1
5106705 5 1 7 0
5107407 0 1 1 0
5107507 3 1 3 0
5107654 69 0 1 1
5108358 7 1 10 1
5108863 4 1 12 0
5108919 2 1 10 1
5109695 2 1 1 0
5109985 5 1 7 1
5110170 6 1 7 0
5110374 2 1 6 0
5112243 335 0 1 1
5112399 6 1 4 0
5112772 3 1 3 1
5113119 2 1 6 1
5113337 7 1 10 0
5113514 6 1 7 1
5113763 0 1 1 1
5114206 2 1 1 1
5114717 292 0 1 1
5114793 232 0 1 1
5115045 3 1 10 0
5115146 4 1 12 1
5115500 96 0 1 1
5115712 2 1 10 0
5116226 6 1 4 1
5116325 63 0 1 0
5116877 0 1 1 0
5117113 3 1 3 0
5117243 69 0 1 0
5118046 3 1 10 1
5118102 7 1 10 1
5118110 2 1 1 0
5118165 333 0 1 0
5118195 7 1 10 0
5118380 5 1 7 0
5118516 7 1 10 1
5119379 2 1 6 0
5119423 1 1 1 0
5119710 2 1 10 1
5119759 4 1 12 0
5120242 335 0 1 0
5120376 292 0 1 0
5121479 6 1 7 0
5121565 232 0 1 0
5121814 6 1 4 0
5121818 5 1 7 1
5122081 96 0 1 0
5122271 3 1 3 1
5122365 3 1 3 0
5122367 2 1 1 1
5122368 0 1 1 1
5122370 2 1 6 1
5122418 1 1 1 1
5122742 3 1 3 1
5123310 69 0 1 1
5124138 333 0 1 1
5124537 2 1 10 0
5124645 7 1 10 0
5125075 6 1 4 1
5125082 6 1 7 1
5125175 4 1 12 1
5125482 0 1 1 0
5126072 232 0 1 1
5126175 3 1 10 0
5126537 3 1 3 0
5127706 335 0 1 1
5127707 2 1 10 1
5127743 63 0 1 1
5127912 5 1 7 0
5128010 2 1 1 0
5128406 4 1 12 0
5128719 96 0 1 1
5128952 3 1 10 1
5129402 7 1 10 1
5129998 2 1 6 0
5130401 1 1 1 0
5130447 6 1 4 0
5130804 292 0 1 1
5131259 6 1 7 0
5131433 3 1 3 1
5131447 5 1 7 1
5131472 5 1 7 0
5131873 5 1 7 1
5131949 0 1 1 1
5132894 2 1 1 1
5132899 69 0 1 0
5133279 2 1 10 0
5133305 4 1 12 1
5133392 1 1 1 1
5133757 333 0 1 0
5133777 96 0 1 0
5133870 2 1 6 1
5134566 7 1 10 0
5134872 6 1 4 1
5135113 6 1 7 1
5135932 335 0 1 0
5135942 3 1 3 0
5135944 0 1 1 0
5136589 2 1 1 0
5136977 292 0 1 0
5137284 4 1 12 0
5137929 3 1 10 0
5137995 69 0 1 1
5138767 2 1 10 1
5138835 7 1 10 1
5139011 5 1 7 0
5140350 2 1 1 1
5140582 6 1 4 0
5140592 3 1 3 1
5140708 3 1 3 0
5141218 3 1 10 1
5141406 2 1 6 0
5141461 3 1 3 1
5142205 333 0 1 1
5142217 6 1 7 0
5142355 232 0 1 0
5142492 5 1 7 1
5142620 4 1 12 1
5143404 96 0 1 1
5143428 335 0 1 1
5143541 7 1 10 0
5143923 0 1 1 1
5144081 6 1 4 1
5144337 2 1 10 0
5144435 292 0 1 1
5144516 292 0 1 0
5145147 2 1 6 1
5145283 2 1 1 0
5145285 6 1 7 1
5145425 292 0 1 1
5145829 3 1 3 0
5146105 1 1 1 0
5146421 4 1 12 0
5147051 69 0 1 0
5148029 0 1 1 0
5148803 7 1 10 1
5149243 2 1 10 1
5149421 2 1 1 1
5149600 1 1 1 1
5149832 5 1 7 0
5150537 96 0 1 0
5150856 3 1 10 0
5151144 63 0 1 0
5151233 3 1 3 1
5151291 333 0 1 0
5151438 4 1 12 1
5151772 335 0 1 0
5151850 232 0 1 1
5152036 292 0 1 0
5152066 2 1 6 0
5152098 6 1 4 0
5152623 69 0 1 1
5152741 6 1 7 0
5153193 5 1 7 1
5153247 7 1 10 0
5153267 2 1 10 0
5153323 5 1 7 0
5153576 5 1 7 1
5153756 2 1 1 0
5154149 3 1 10 1
5155039 4 1 12 0
5155303 2 1 6 1
5155597 6 1 4 1
5155929 6 1 7 1
5156025 3 1 3 0
5156512 0 1 1 1
5157104 2 1 10 1
5157205 232 0 1 0
5157264 333 0 1 1
5158116 7 1 10 1
5158602 63 0 1 1
5158652 2 1 1 1
5159249 335 0 1 1
5160253 0 1 1 0
5160614 4 1 12 1
5160935 3 1 3 1
5161096 2 1 6 0
5161194 5 1 7 0
5161242 3 1 3 0
5161649 96 0 1 1
5161685 3 1 3 1
5161698 69 0 1 0
5162360 2 1 10 0
5162970 2 1 1 0
5163195 7 1 10 0
5163361 232 0 1 1
5163454 292 0 1 1
5163694 1 1 1 0
5164125 6 1 7 0
5164268 4 1 12 0
5164341 2 1 6 1
5164408 3 1 10 0
5164827 333 0 1 0
5165149 5 1 7 1
5165821 3 1 3 0
5166731 2 1 1 1
5166820 1 1 1 1
5167270 69 0 1 1
5167562 3 1 10 1
5167607 6 1 7 1
5167612 335 0 1 0
5167802 2 1 10 1
5167970 0 1 1 1
5168268 96 0 1 0
5168468 7 1 10 1
5168704 7 1 10 0
5168849 7 1 10 1
5168928 6 1 4 0
5169646 292 0 1 0
5170160 4 1 12 1
5170800 333 0 1 1
5171084 0 1 1 0
5171213 3 1 3 1
5171356 5 1 7 0
5172016 2 1 1 0
5172069 2 1 6 0
5172494 6 1 4 1
5173479 7 1 10 0
5173485 2 1 10 0
5174088 6 1 7 0
5174219 4 1 12 0
5174956 3 1 3 0
5175394 5 1 7 1
5175683 2 1 6 1
5176237 335 0 1 1
5176345 69 0 1 0
5176729 3 1 10 0
5176900 2 1 1 1
5176972 6 1 7 1
5177448 0 1 1 1
5177648 1 1 1 0
5178136 2 1 10 1
5178615 7 1 10 1
5178987 7 1 10 0
5179148 7 1 10 1
5179418 96 0 1 1
5179565 4 1 12 1
5179633 3 1 10 1
5180074 292 0 1 1
5180229 3 1 3 1
5180405 1 1 1 1
5180671 63 0 1 0
5180680 2 1 1 0
5180689 0 1 1 0
5180971 333 0 1 0
5181917 69 0 1 1
5181955 232 0 1 0
5182231 2 1 10 0
5182631 6 1 4 0
5182947 7 1 10 0
5183221 4 1 12 0
5183578 5 1 7 0
5183918 2 1 6 0
5184074 6 1 7 0
5184442 335 0 1 0
5184735 3 1 3 0
5185692 6 1 4 1
5185941 2 1 1 1
5186056 96 0 1 0
5186247 292 0 1 0
5186363 2 1 10 1
5186712 7 1 10 1
5186909 5 1 7 1
5186944 333 0 1 1
5187387 6 1 7 1
5187676 3 1 10 0
5187786 2 1 6 1
5188406 0 1 1 1
5188892 1 1 1 0
5189119 63 0 1 1
5189194 4 1 12 1
5190461 3 1 10 1
5190504 3 1 3 1
5190769 7 1 10 0
5191409 0 1 1 0
5191487 69 0 1 0
5191700 2 1 1 0
5192010 1 1 1 1
5192249 2 1 10 0
5192465 232 0 1 1
5193132 96 0 1 1
5193577 4 1 12 0
5193598 5 1 7 0
5194531 3 1 3 0
5195898 335 0 1 1
5196198 6 1 4 0
5196428 6 1 7 0
5196503 2 1 6 0
5196585 2 1 10 1
5196657 7 1 10 1
5196675 292 0 1 1
5197346 2 1 1 1
5197554 69 0 1 1
5198039 5 1 7 1
5198130 0 1 1 1
5199693 6 1 4 1
5199770 96 0 1 0
5199857 333 0 1 0
5199918 3 1 3 1
5200089 3 1 10 0
5200175 4 1 12 1
5200197 6 1 7 1
5200748 2 1 6 1
5201256 0 1 1 0
5201909 7 1 10 0
5201930 2 1 1 0
5202262 335 0 1 0
5202810 292 0 1 0
5203112 3 1 10 1
5203717 3 1 3 0
5204232 2 1 10 0
5204497 1 1 1 0
5204630 4 1 12 0
5204808 5 1 7 0
5205830 333 0 1 1
5206695 2 1 1 1
5206863 7 1 10 1
5207254 1 1 1 1
5207481 0 1 1 1
5207638 69 0 1 0
5207681 6 1 7 0
5208239 2 1 10 1
5208371 3 1 3 1
5208494 6 1 4 0
5209487 2 1 6 0
5210075 5 1 7 1
5210341 0 1 1 0
5210620 6 1 7 1
5210667 7 1 10 0
5210675 2 1 1 0
5210712 63 0 1 0
5210897 6 1 4 1
5210996 4 1 12 1
5211489 326 0 1 1
5212005 96 0 1 1
5212254 3 1 3 0
5212304 3 1 10 0
5213140 232 0 1 0
5213172 69 0 1 1
5213238 292 0 1 1
5213485 2 1 6 1
5213960 2 1 10 0
5214613 4 1 12 0
5215060 335 0 1 1
5215194 2 1 1 1
5215319 3 1 10 1
5215413 7 1 10 1
5217118 1 1 1 0
5217197 0 1 1 1
5217201 5 1 7 0
5217989 2 1 10 1
5218555 3 1 3 1
5218605 96 0 1 0
5219127 6 1 7 0
5219160 63 0 1 1
5219392 292 0 1 0
5219460 326 0 1 0
5219533 2 1 1 0
5219605 7 1 10 0
5219607 4 1 12 1
5219776 6 1 4 0
5219978 1 1 1 1
5220686 69 0 1 0
5220815 0 1 1 0
5220977 333 0 1 0
5221693 5 1 7 1
5222081 335 0 1 0
5222165 2 1 6 0
5222277 6 1 7 1
5222835 3 1 3 0
5223152 6 1 4 1
5223351 4 1 12 0
5223468 3 1 10 0
5223644 232 0 1 1
5224040 2 1 1 1
5224116 7 1 10 1
5224478 2 1 10 0
5225262 96 0 1 1
5226110 3 1 10 1
5226160 2 1 6 1
5226950 333 0 1 1
5227578 335 0 1 1
5227595 5 1 7 0
5228069 2 1 1 0
5228721 3 1 3 1
5228781 7 1 10 0
5228980 232 0 1 0
5229102 2 1 10 1
5229144 4 1 12 1
5229405 0 1 1 1
5230810 292 0 1 1
5231525 5 1 7 1
5231535 6 1 7 0
5231741 69 0 1 1
5232588 2 1 1 1
5232645 6 1 4 0
5232650 0 1 1 0
5232973 232 0 1 1
5233058 3 1 3 0
5233212 4 1 12 0
5233592 2 1 10 0
5233669 7 1 10 1
5234918 3 1 10 0
5234927 96 0 1 0
5234969 1 1 1 0
5235474 2 1 6 0
5235590 6 1 7 1
5235670 6 1 4 1
5235998 335 0 1 0
5236760 2 1 1 0
5237002 292 0 1 0
5237006 5 1 7 0
5237275 69 0 1 0
5237872 7 1 10 0
5238065 3 1 10 1
5238137 0 1 1 1
5238333 1 1 1 1
5238351 3 1 3 1
5239082 2 1 10 1
5239215 2 1 6 1
5239304 4 1 12 1
5239939 326 0 1 1
5240004 96 0 1 1
5241152 2 1 1 1
5241210 63 0 1 0
5241218 5 1 7 1
5241475 333 0 1 0
5241505 0 1 1 0
5242192 2 1 10 0
5242234 3 1 3 0
5242884 7 1 10 1
5242974 4 1 12 0
5243340 6 1 7 0
5244460 292 0 1 1
5245481 4 1 11 1
5245945 2 1 1 0
5246055 5 1 7 0
5246309 6 1 7 1
5246458 333 0 1 1
5246608 6 1 4 0
5246855 7 1 10 0
5246887 2 1 10 1
5247007 3 1 3 1
5247226 0 1 1 1
5247454 335 0 1 1
5247582 1 1 1 0
5247961 2 1 6 0
5248090 4 1 12 1
5248337 3 1 10 0
5248349 69 0 1 1
5249269 4 1 11 0
5249275 232 0 1 0
5249341 1 1 6 1
5249658 63 0 1 1
5249733 5 1 7 1
5249963 0 1 1 0
5249999 6 1 4 1
5250093 1 1 1 1
5250557 292 0 1 0
5250570 3 1 3 0
5251154 96 0 1 0
5251329 2 1 6 1
5251587 2 1 1 1
5251741 3 1 10 1
5251870 4 1 12 0
5252079 2 1 10 0
5252671 1 1 6 0
5253370 7 1 10 1
5253418 335 0 1 0
5253883 69 0 1 0
5254502 4 1 11 1
5254742 5 1 7 0
5254838 6 1 7 0
5255364 2 1 10 1
5255851 3 1 3 1
5256212 0 1 1 1
5256250 96 0 1 1
5256264 2 1 1 0
5256762 7 1 10 0
5257351 232 0 1 1
5257820 4 1 12 1
5258603 6 1 7 1
5258932 5 1 7 1
5258950 4 1 11 0
5259870 6 1 4 0
5259881 2 1 10 0
5259902 2 1 1 1
5259909 3 1 3 0
5260257 1 1 6 1
5260437 333 0 1 0
5260556 2 1 6 0
5260576 0 1 1 0
5261330 1 1 1 0
5261365 96 0 1 0
5261560 4 1 12 0
5261975 292 0 1 1
5262230 3 1 10 0
5263462 1 1 6 0
5263492 6 1 4 1
5263587 2 1 10 1
5263632 5 1 7 0
5263805 2 1 6 1
5263841 2 1 1 0
5264298 4 1 11 1
5264678 0 1 1 1
5264825 1 1 1 1
5264893 335 0 1 1
5264919 69 0 1 1
5265055 3 1 3 1
5265629 3 1 10 1
5266137 7 1 10 1
5266316 6 1 7 0
5266410 333 0 1 1
5266933 5 1 7 1
5268148 292 0 1 0
5268171 4 1 12 1
5268390 3 1 3 0
5268428 4 1 11 0
5268860 2 1 1 1
5268907 0 1 1 0
5269625 7 1 10 0
5269744 6 1 7 1
5269894 1 1 6 1
5270093 326 0 1 0
5270472 69 0 1 0
5270601 333 0 1 0
5270954 96 0 1 1
5271540 5 1 7 0
5271944 2 1 10 0
5272196 2 1 6 0
5272421 4 1 12 0
5273260 2 1 1 0
5273332 335 0 1 0
5273540 3 1 3 1
5273596 1 1 6 0
5274149 4 1 11 1
5274512 2 1 4 1
5275021 0 1 1 1
5275244 2 1 4 0
5275509 2 1 4 1
5275783 6 1 4 0
5275814 2 1 6 1
5275850 5 1 7 1
5275967 2 1 10 1
5276271 3 1 10 0
5276574 6 1 7 0
5276951 1 1 1 0
5277116 96 0 1 0
5277322 7 1 10 1
5277396 3 1 3 0
5277591 292 0 1 1
5278152 2 1 1 1
5278255 4 1 11 0
5278668 6 1 4 1
5278922 2 1 4 0
5279003 4 1 12 1
5279298 3 1 10 1
5279470 232 0 1 0
5279539 6 1 7 1
5280262 0 1 1 0
5280694 63 0 1 0
5280785 7 1 10 0
5280815 1 1 1 1
5280817 1 1 6 1
5280828 335 0 1 1
5281013 69 0 1 1
5281527 5 1 7 0
5282234 3 1 3 1
5283084 2 1 4 1
5283207 292 0 1 0
5283279 4 1 12 0
5283440 2 1 1 0
5283480 4 1 11 1
5284075 2 1 10 0
5284263 6 1 4 0
5284351 1 1 6 0
5284741 0 1 1 1
5285364 5 1 7 1
5286071 69 0 1 0
5286210 3 1 3 0
5286376 2 1 6 0
5287131 2 1 4 0
5287551 3 1 10 0
5288073 6 1 4 1
5288132 4 1 11 0
5288181 7 1 10 1
5288258 335 0 1 0
5288266 96 0 1 1
5288433 6 1 7 0
5288586 2 1 1 1
5288687 2 1 10 1
5288720 0 1 1 0
5289142 63 0 1 1
5289993 232 0 1 1
5289998 2 1 6 1
5290120 4 1 12 1
5290457 326 0 1 1
5290681 5 1 7 0
5290828 3 1 10 1
5291133 2 1 4 1
5291233 3 1 3 1
5291756 6 1 7 1
5292390 1 1 6 1
5292475 2 1 1 0
5292494 7 1 10 0
5292588 0 1 1 1
5292703 1 1 1 0
5293567 4 1 11 1
5293635 292 0 1 1
5294059 4 1 12 0
5294338 5 1 7 1
5294342 2 1 10 0
5294720 3 1 3 0
5294815 232 0 1 0
5294904 96 0 1 0
5295103 1 1 6 0
5296212 69 0 1 1
5296609 2 1 1 1
5296624 7 1 10 1
5296756 2 1 4 0
5297071 1 1 1 1
5297779 4 1 11 0
5298051 2 1 6 0
5298206 0 1 1 0
5299497 3 1 3 1
5299520 3 1 10 0
5299763 5 1 7 0
5299789 292 0 1 0
5299920 4 1 12 1
5299967 2 1 10 1
5299998 2 1 10 0
5300278 6 1 4 0
5300503 2 1 10 1
5300525 2 1 4 1
5300704 335 0 1 1
5300765 2 1 1 0
5301296 2 1 6 1
5301308 69 0 1 0
5301579 7 1 10 0
5301754 6 1 7 0
5301835 232 0 1 1
5302682 3 1 10 1
5302696 4 1 11 1
5302970 96 0 1 1
5303382 3 1 3 0
5303780 4 1 12 0
5303850 5 1 7 1
5304007 6 1 4 1
5304128 2 1 10 0
5304312 0 1 1 1
5304946 6 1 7 1
5306252 2 1 4 0
5306535 2 1 1 1
5306604 1 1 6 1
5306965 4 1 11 0
5307471 7 1 10 1
5308163 3 1 3 1
5308274 5 1 7 0
5308505 2 1 10 1
5308787 0 1 1 0
5308984 335 0 1 0
5309017 3 1 3 0
5309167 2 1 6 0
5309236 1 1 6 0
5309278 3 1 3 1
5309474 4 1 12 1
5309627 96 0 1 0
5309921 1 1 1 0
5310118 6 1 4 0
5310156 2 1 4 1
5310954 69 0 1 1
5311207 292 0 1 1
5311780 2 1 1 0
5312274 7 1 10 0
5312313 4 1 11 1
5312445 3 1 3 0
5312536 0 1 1 1
5312543 2 1 6 1
5312789 3 1 10 0
5312900 5 1 7 1
5313029 2 1 10 0
5313132 4 1 12 0
5313278 6 1 4 1
5313404 6 1 4 0
5313434 6 1 7 0
5313613 6 1 4 1
5314268 1 1 1 1
5315517 69 0 1 0
5316155 2 1 4 0
5316169 3 1 10 1
5316448 335 0 1 1
5316865 4 1 11 0
5316918 6 1 7 1
5317041 2 1 1 1
5317273 0 1 1 0
5317399 292 0 1 0
5317551 7 1 10 1
5318068 2 1 10 1
5318337 3 1 3 1
5318763 2 1 6 0
5318830 4 1 12 1
5319075 5 1 7 0
5319639 333 0 1 1
5320190 2 1 4 1
5320555 232 0 1 0
5320720 96 0 1 1
5321111 63 0 1 0
5321631 2 1 6 1
5322213 4 1 11 1
5322502 0 1 1 1
5322545 2 1 1 0
5322679 4 1 12 0
5322724 3 1 3 0
5322874 0 1 1 0
5323062 5 1 7 1
5323068 7 1 10 0
5323127 0 1 1 1
5323583 2 1 10 0
5324668 69 0 1 1
5325061 326 0 1 0
5325097 335 0 1 0
5325305 1 1 1 0
5325829 6 1 4 0
5326066 1 1 6 1
5326359 2 1 4 0
5326589 6 1 7 0
5326769 3 1 10 0
5326806 96 0 1 0
5326984 4 1 11 0
5327448 4 1 12 1
5327562 2 1 10 1
5327827 292 0 1 1
5328155 5 1 7 0
5328556 2 1 1 1
5328569 63 0 1 1
5328596 333 0 1 0
5328706 1 1 6 0
5328831 7 1 10 1
5328860 0 1 1 0
5328905 232 0 1 1
5329158 2 1 6 0
5329570 6 1 4 1
5329636 6 1 7 1
5329764 69 0 1 0
5329844 1 1 1 1
5329948 2 1 4 1
5330009 3 1 3 1
5330054 3 1 10 1
5331603 335 0 1 1
5331839 2 1 10 0
5332079 5 1 7 1
5332106 4 1 12 0
5332140 4 1 11 1
5332570 2 1 1 0
5332948 2 1 6 1
5333367 7 1 10 0
5333423 3 1 3 0
5333981 292 0 1 0
5334224 0 1 1 1
5334569 333 0 1 1
5335486 6 1 4 0
5335824 96 0 1 1
5335900 232 0 1 0
5336170 4 1 11 0
5336294 2 1 10 1
5336327 2 1 1 1
5336545 2 1 4 0
5336993 4 1 12 1
5337132 7 1 10 1
5337743 5 1 7 0
5338371 6 1 4 1
5338475 6 1 7 0
5338834 0 1 1 0
5339138 3 1 10 0
5340006 2 1 1 0
5340072 2 1 4 1
5340204 3 1 3 1
5340933 69 0 1 1
5341058 2 1 6 0
5341142 4 1 11 1
5341416 232 0 1 1
5341521 2 1 10 0
5341599 333 0 1 0
5341626 7 1 10 0
5341681 6 1 7 1
5341740 4 1 12 0
5342012 1 1 1 0
5342124 5 1 7 1
5342296 3 1 10 1
5342326 1 1 6 1
5342405 96 0 1 0
5342479 335 0 1 0
5342978 6 1 3 1
5343122 326 0 1 1
5343563 0 1 1 1
5343589 3 1 3 0
5344409 292 0 1 1
5344553 2 1 6 1
5345097 1 1 6 0
5345768 4 1 11 0
5345778 1 1 1 1
5345896 2 1 4 0
5345991 69 0 1 0
5346078 4 1 12 1
5346213 7 1 10 1
5346743 2 1 10 1
5346869 2 1 10 0
5347008 5 1 7 0
5347199 2 1 10 1
5347572 333 0 1 1
5347750 6 1 3 0
5347894 2 1 1 1
5347931 0 1 1 0
5348080 6 1 4 0
5349423 2 1 4 1
5350358 3 1 3 1
5350427 7 1 10 0
5350542 4 1 12 0
5350582 292 0 1 0
5350930 6 1 7 0
5350965 335 0 1 1
5351001 3 1 10 0
5351297 5 1 7 1
5351328 4 1 11 1
5351331 6 1 3 1
5351515 333 0 1 0
5351579 6 1 4 1
5351696 2 1 10 0
5351698 2 1 1 0
5351937 96 0 1 1
5353049 0 1 1 1
5353413 2 1 6 0
5353530 3 1 3 0
5354016 3 1 10 1
5354593 6 1 7 1
5355068 4 1 12 1
5355192 7 1 10 1
5355902 2 1 10 1
5355907 2 1 4 0
5355970 4 1 11 0
5356132 69 0 1 1
5356538 96 0 1 0
5356789 2 1 6 1
5356924 5 1 7 0
5357151 0 1 1 0
5357971 6 1 3 0
5359091 4 1 12 0
5359388 1 1 1 0
5359394 7 1 10 0
5359400 232 0 1 0
5359410 3 1 3 1
5359562 2 1 4 1
5359889 2 1 10 0
5359965 0 1 3 1
5360436 6 1 4 0
5360637 5 1 7 1
5361094 2 1 1 1
5361228 69 0 1 0
5361385 4 1 11 1
5361496 6 1 3 1
5361638 0 1 1 1
5362000 292 0 1 1
5362600 3 1 10 0
5362935 3 1 3 0
5363138 96 0 1 1
5363254 1 1 1 1
5363428 333 0 1 1
5363431 6 1 4 1
5363501 6 1 7 0
5363527 63 0 1 0
5363532 7 1 10 1
5363707 0 1 3 0
5364388 4 1 12 1
5365063 2 1 1 0
5365312 2 1 6 0
5365500 3 1 10 1
5365594 4 1 11 0
5365633 2 1 4 0
5365756 0 1 1 0
5365853 2 1 10 1
5365869 5 1 7 0
5366398 6 1 7 1
5367536 7 1 10 0
5367546 4 1 12 0
5367737 6 1 3 0
5368159 0 1 3 1
5368173 292 0 1 0
5368252 0 1 3 0
5368559 0 1 3 1
5368650 5 1 7 1
5368910 2 1 4 1
5369057 2 1 6 1
5369262 96 0 1 0
5369739 0 1 1 1
5369852 232 0 1 1
5369954 2 1 10 0
5370212 3 1 3 1
5370762 333 0 1 0
5371039 4 1 11 1
5371350 69 0 1 1
5371514 6 1 3 1
5371535 4 1 12 1
5371538 4 1 12 0
5371838 4 1 12 1
5372746 0 1 3 0
5372813 7 1 10 1
5372965 63 0 1 1
5373067 6 1 4 0
5373361 0 1 1 0
5373628 5 1 7 0
5373649 3 1 3 0
5374212 3 1 10 0
5374748 2 1 4 0
5374837 6 1 7 0
5375332 2 1 1 1
5375399 2 1 10 1
5375553 4 1 11 0
5375553 4 1 12 0
5375631 292 0 1 1
5376075 6 1 4 1
5376123 1 1 1 0
5376427 69 0 1 0
5376735 333 0 1 1
5377097 2 1 6 0
5377475 3 1 10 1
5377533 6 1 7 1
5377607 5 1 7 1
5377650 6 1 3 0
5377885 0 1 3 1
5378085 7 1 10 0
5378619 2 1 4 1
5378888 2 1 10 0
5379074 0 1 1 1
5379383 1 1 1 1
5379470 2 1 1 0
5380431 96 0 1 1
5380465 2 1 6 1
5381017 3 1 3 1
5381275 6 1 3 1
5381328 326 0 1 0
5381384 4 1 11 1
5381728 292 0 1 0
5382023 0 1 3 0
5382356 4 1 12 1
5383190 5 1 7 0
5383854 333 0 1 0
5383872 3 1 3 0
5384253 7 1 10 1
5384320 2 1 10 1
5384815 0 1 1 0
5384995 6 1 4 0
5385572 1 1 1 0
5385621 2 1 4 0
5385662 4 1 11 0
5385783 6 1 7 0
5386688 4 1 12 0
5387006 69 0 1 1
5387364 6 1 3 0
5387367 0 1 3 1
5387526 96 0 1 0
5387629 5 1 7 1
5387865 6 1 4 1
5388006 3 1 10 0
5388068 1 1 1 1
5388101 2 1 6 0
5388108 2 1 10 0
5388890 2 1 4 1
5389512 7 1 10 0
5389663 6 1 7 1
5389862 2 1 1 1
5390149 3 1 3 1
5390175 0 1 1 1
5390428 0 1 1 0
5390522 69 0 1 0
5390554 0 1 1 1
5390842 2 1 6 1
5390929 6 1 3 1
5391206 3 1 10 1
5391227 63 0 1 0
5391316 4 1 11 1
5391565 0 1 3 0
5391777 232 0 1 0
5392156 292 0 1 1
5393414 0 1 1 0
5393524 3 1 3 0
5394019 7 1 10 1
5394170 4 1 12 1
5394315 5 1 7 0
5394572 2 1 10 1
5394940 2 1 1 0
5395087 2 1 4 0
5395789 4 1 11 0
5396135 2 1 6 0
5396141 6 1 4 0
5396927 0 1 3 1
5397643 0 1 1 1
5397705 96 0 1 1
5397745 6 1 3 0
5397830 7 1 10 0
5398040 2 1 10 0
5398272 292 0 1 0
5398282 4 1 12 0
5398493 1 1 1 0
5398618 2 1 4 1
5398757 5 1 7 1
5399048 6 1 7 0
5399339 326 0 1 1
5399547 3 1 3 1
5399626 2 1 6 1
5399706 6 1 4 1
5399708 3 1 3 0
5400047 3 1 3 1
5400957 3 1 10 0
5401249 0 1 3 0
5401357 4 1 11 1
5401476 6 1 3 1
5401655 63 0 1 1
5401952 6 1 7 1
5402095 7 1 10 1
5402300 232 0 1 1
5402788 3 1 3 0
5402851 1 1 1 1
5403614 2 1 10 1
5403753 96 0 1 0
5403792 3 1 10 1
5403876 0 1 1 0
5405101 2 1 4 0
5405106 4 1 12 1
5405832 2 1 1 1
5405841 7 1 10 0
5405944 4 1 11 0
5406324 5 1 7 0
5406663 0 1 3 1
5406765 2 1 10 0
5407649 2 1 6 0
5407712 232 0 1 0
5408116 2 1 4 1
5408308 6 1 3 0
5408811 3 1 3 1
5408849 3 1 3 0
5409269 4 1 12 0
5409690 292 0 1 1
5409790 2 1 1 0
5409986 6 1 4 0
5410331 3 1 3 1
5410422 0 1 3 0
5410499 5 1 7 1
5410610 7 1 10 1
5411021 2 1 6 1
5411228 0 1 1 1
5411506 6 1 7 0
5411784 4 1 11 1
5412223 6 1 3 1
5412309 3 1 10 0
5413284 6 1 4 1
5413514 2 1 10 1
5413572 3 1 3 0
5414481 4 1 12 1
5414620 2 1 4 0
5414659 0 1 3 1
5414660 7 1 10 0
5415063 6 1 7 1
5415140 232 0 1 1
5415197 3 1 10 1
5415825 292 0 1 0
5416007 96 0 1 1
5416111 4 1 11 0
5416471 5 1 7 0
5417282 2 1 10 0
5417326 0 1 1 0
5417457 1 1 1 0
5418045 3 1 12 1
5418059 2 1 1 1
5418163 2 1 4 1
5418480 4 1 12 0
5419128 0 1 3 0
5419353 7 1 10 1
5419525 6 1 3 0
5419628 2 1 6 0
5419639 3 1 3 1
5419860 3 1 3 0
5420638 5 1 7 1
5420841 1 1 1 1
5421166 3 1 3 1
5421493 2 1 1 0
5421497 63 0 1 0
5421579 0 1 1 1
5421709 4 1 11 1
5422550 96 0 1 0
5422673 6 1 4 0
5423193 3 1 12 0
5423268 3 1 10 0
5423429 4 1 12 1
5423485 6 1 3 1
5423619 2 1 6 1
5423874 7 1 10 0
5424250 3 1 3 0
5424266 6 1 7 0
5424404 2 1 10 1
5424972 0 1 3 1
5425467 333 0 1 1
5425566 0 1 1 0
5425672 6 1 4 1
5425711 6 1 4 0
5425747 2 1 4 0
5425958 6 1 4 1
5426107 4 1 11 0
5426181 3 1 10 1
5426270 292 0 1 1
5426691 5 1 7 0
5426716 3 1 12 1
5427207 6 1 7 1
5427536 2 1 10 0
5427974 4 1 12 0
5428246 2 1 1 1
5428970 2 1 1 0
5429183 333 0 1 0
5429215 0 1 3 0
5429253 7 1 10 1
5429381 2 1 1 1
5429622 2 1 4 1
5430424 3 1 3 1
5430548 6 1 3 0
5430672 0 1 1 1
5431075 2 1 1 0
5431350 2 1 1 1
5431371 5 1 7 1
5431586 4 1 11 1
5431600 2 1 1 0
5432155 2 1 6 0
5432915 63 0 1 1
5433122 2 1 10 1
5433738 96 0 1 1
5433763 3 1 3 0
5433894 7 1 10 0
5434165 4 1 12 1
5434418 326 0 1 0
5434489 6 1 3 1
5434844 292 0 1 0
5434955 3 1 10 0
5435147 0 1 1 0
5435500 0 1 3 1
5435600 1 1 1 0
5435646 2 1 6 1
5435698 232 0 1 0
5435884 4 1 11 0
5436228 2 1 4 0
5436357 6 1 7 0
5436596 2 1 10 0
5436742 2 1 1 1
5437266 6 1 4 0
5437310 3 1 12 0
5437905 7 1 10 1
5438019 7 1 10 0
5438173 4 1 12 0
5438243 5 1 7 0
5438290 7 1 10 1
5438317 3 1 10 1
5438831 1 1 1 1
5439141 2 1 4 1
5439420 6 1 7 1
5439565 0 1 3 0
5440015 0 1 1 1
5440141 0 1 1 0
5440319 96 0 1 0
5440392 6 1 4 1
5440394 3 1 12 1
5440513 0 1 1 1
5440626 2 1 1 0
5440717 3 1 3 1
5441305 6 1 3 0
5441605 4 1 11 1
5441845 5 1 7 1
5442302 292 0 1 1
5442380 7 1 10 0
5442692 4 1 12 1
5443052 2 1 10 1
5443503 2 1 6 0
5444429 3 1 3 0
5444872 6 1 3 1
5445231 232 0 1 1
5445256 0 1 3 1
5445652 2 1 4 0
5445852 4 1 12 0
5445869 0 1 1 0
5446074 4 1 11 0
5446896 2 1 10 0
5447125 2 1 6 1
5448066 5 1 7 0
5448153 7 1 10 1
5448437 1 1 1 0
5448768 2 1 1 1
5448783 2 1 4 1
5449078 2 1 1 0
5449091 3 1 10 0
5449406 3 1 12 0
5449498 0 1 3 0
5449518 2 1 1 1
5449764 6 1 4 0
5450206 6 1 7 0
5450341 292 0 1 0
5450357 3 1 3 1
5450946 4 1 11 1
5451225 0 1 1 1
5451519 6 1 3 0
5451827 1 1 1 1
5452080 4 1 12 1
5452290 3 1 12 1
5452403 5 1 7 1
5452573 96 0 1 1
5452606 3 1 10 1
5452678 2 1 1 0
5452804 2 1 10 1
5452817 6 1 4 1
5452832 237 0 1 1
5453581 3 1 3 0
5453638 6 1 7 1
5453643 7 1 10 0
5454473 0 1 3 1
5454477 0 1 3 0
5454809 6 1 8 1
5455049 0 1 3 1
5455189 4 1 11 0
5455285 2 1 4 0
5455383 2 1 6 0
5455404 6 1 3 1
5455719 2 1 10 0
5455954 0 1 1 0
5456532 326 0 1 1
5456665 4 1 12 0
5457288 63 0 1 0
5457799 292 0 1 1
5458435 2 1 4 1
5458665 5 1 7 0
5458882 2 1 6 1
5458968 6 1 8 0
5459186 0 1 3 0
5459247 3 1 3 1
5459436 7 1 10 1
5460695 0 1 1 1
5460783 4 1 11 1
5460948 0 1 1 0
5461201 0 1 1 1
5461328 2 1 1 1
5461351 6 1 3 0
5461529 2 1 10 1
5461849 6 1 7 0
5461982 3 1 12 0
5462234 6 1 8 1
5462289 4 1 12 1
5462581 3 1 3 0
5463018 7 1 10 0
5463269 3 1 10 0
5463867 6 1 4 0
5463992 5 1 7 1
5464526 0 1 3 1
5464901 6 1 7 1
5464942 0 1 1 0
5465065 6 1 3 1
5465108 4 1 11 0
5465230 2 1 1 0
5465239 2 1 6 0
5465257 2 1 4 0
5465259 3 1 12 1
5465284 96 0 1 0
5465762 1 1 1 0
5465990 4 1 12 0
5466352 292 0 1 0
5466550 3 1 10 1
5467130 232 0 1 0
5467184 6 1 8 0
5467611 6 1 4 1
5467716 63 0 1 1
5467926 7 1 10 1
5468392 0 1 3 0
5468636 3 1 3 1
5468669 2 1 4 1
5468720 3 1 3 0
5468793 2 1 10 0
5469009 3 1 3 1
5469015 1 1 1 1
5469113 2 1 6 1
5469413 0 1 1 1
5470337 4 1 11 1
5470822 6 1 8 1
5471067 4 1 12 1
5471099 5 1 7 0
5471184 6 1 3 0
5471374 2 1 1 1
5471941 96 0 1 1
5472166 7 1 10 0
5472473 2 1 10 1
5472619 3 1 3 0
5473810 292 0 1 1
5473863 0 1 3 1
5474268 333 0 1 1
5474319 2 1 1 0
5474481 3 1 12 0
5474730 5 1 7 1
5474837 4 1 12 0
5474963 232 0 1 1
5474976 232 0 1 0
5475086 6 1 3 1
5475214 4 1 11 0
5475404 0 1 1 0
5475641 232 0 1 1
5475798 6 1 8 0
5475827 2 1 4 0
5475973 2 1 6 0
5475973 6 1 7 0
5476634 3 1 10 0
5477402 3 1 12 1
5477609 0 1 3 0
5478169 333 0 1 0
5478405 6 1 4 0
5478447 7 1 10 1
5478535 3 1 3 1
5479134 6 1 7 1
5479243 2 1 4 1
5479837 2 1 6 1
5479908 3 1 10 1
5480054 6 1 8 1
5480607 1 1 1 0
5480929 4 1 11 1
5480956 4 1 12 1
5481111 96 0 1 0
5481145 0 1 1 1
5481400 6 1 3 0
5481650 6 1 4 1
5481849 292 0 1 0
5481885 232 0 1 0
5481941 5 1 7 0
5481965 0 1 3 1
5482141 3 1 3 0
5482197 0 1 3 0
5482741 0 1 3 1
5482745 2 1 10 0
5483356 1 1 1 1
5483473 2 1 1 1
5483860 7 1 10 0
5484059 4 1 12 0
5485001 0 1 1 0
5485198 96 0 1 1
5485200 6 1 3 1
5485203 6 1 8 0
5485507 4 1 11 0
5485936 326 0 1 0
5486025 2 1 6 0
5486149 2 1 10 1
5486157 0 1 3 0
5486187 5 1 7 1
5486869 2 1 4 0
5486929 3 1 12 0
5486940 2 1 1 0
5488065 3 1 3 1
5488094 4 1 12 1
5488317 292 0 1 1
5488328 3 1 3 0
5488342 3 1 10 0
5488480 0 1 1 1
5488871 7 1 10 1
5488905 232 0 1 1
5488968 6 1 8 1
5489020 2 1 6 1
5489081 63 0 1 0
5489081 3 1 3 1
5489300 6 1 7 0
5489549 1 1 1 0
5489567 3 1 12 1
5489876 2 1 4 1
5490605 4 1 11 1
5490888 4 1 12 0
5490927 0 1 3 1
5491142 3 1 10 1
5491288 2 1 1 1
5491381 2 1 1 0
5491477 6 1 3 0
5491693 2 1 1 1
5491945 3 1 3 0
5492617 6 1 7 1
5492870 7 1 10 0
5493175 1 1 1 1
5493596 5 1 7 0
5493958 6 1 4 0
5493959 0 1 1 0
5494059 2 1 6 0
5494113 6 1 8 0
5494789 4 1 11 0
5494802 2 1 10 0
5494878 2 1 1 0
5495119 6 1 3 1
5495389 0 1 3 0
5495415 96 0 1 0
5495842 292 0 1 0
5497008 7 1 10 1
5497172 4 1 12 1
5497350 2 1 10 1
5497469 6 1 4 1
5497529 63 0 1 1
5497558 2 1 6 1
5497738 3 1 3 1
5498009 6 1 8 1
5498228 5 1 7 1
5499507 2 1 4 0
5499887 4 1 11 1
5499927 3 1 10 0
5500462 0 1 1 1
5501226 0 1 3 1
5501260 7 1 10 0
5501276 6 1 7 0
5501426 3 1 3 0
5501558 96 0 1 1
5501724 3 1 12 0
5501880 4 1 12 0
5501913 6 1 3 0
5502974 2 1 4 1
5503023 6 1 8 0
5503096 3 1 10 1
5503300 292 0 1 1
5503469 2 1 10 0
5503975 4 1 11 0
5504091 326 0 1 1
5504111 2 1 6 0
5504322 6 1 7 1
5504671 2 1 1 1
5504878 3 1 12 1
5504968 2 1 1 0
5505597 0 1 3 0
5505681 2 1 1 1
5505769 6 1 3 1
5506048 0 1 1 0
5506202 5 1 7 0
5506459 1 1 1 0
5506742 2 1 10 1
5506796 6 1 8 1
5507283 7 1 10 1
5507625 232 0 1 0
5508479 2 1 6 1
5508747 3 1 3 1
5508836 4 1 11 1
5508840 3 1 3 0
5509062 4 1 12 1
5509407 6 1 4 0
5509505 3 1 3 1
5509801 1 1 1 1
5510527 0 1 1 1
5510754 2 1 1 0
5511223 96 0 1 0
5511356 5 1 7 1
5511564 0 1 3 1
5511834 292 0 1 0
5511923 2 1 4 0
5512016 7 1 10 0
5512184 3 1 10 0
5512229 6 1 8 0
5512740 6 1 3 0
5512753 3 1 3 0
5512854 6 1 4 1
5512885 4 1 11 0
5513633 4 1 12 0
5513754 63 0 1 0
5514250 6 1 10 1
5514518 0 1 1 0
5514995 2 1 10 0
5515203 3 1 10 1
5515263 2 1 4 1
5515710 0 1 3 0
5515868 6 1 7 0
5515908 7 1 10 1
5516027 2 1 1 1
5516189 6 1 8 1
5516248 2 1 6 0
5516398 6 1 3 1
5516915 3 1 12 0
5517347 96 0 1 1
5517559 4 1 11 1
5517653 232 0 1 1
5518539 5 1 7 0
5518682 3 1 3 1
5518767 2 1 10 1
5518921 3 1 3 0
5518968 6 1 10 0
5519105 7 1 10 0
5519292 292 0 1 1
5519390 0 1 1 1
5519503 2 1 1 0
5519689 6 1 7 1
5519823 3 1 12 1
5520072 3 1 3 1
5520496 0 1 3 1
5520616 2 1 6 1
5520718 1 1 1 0
5521554 4 1 11 0
5521801 2 1 4 0
5521854 6 1 8 0
5521983 4 1 12 1
5522039 6 1 4 0
5522151 5 1 7 1
5522350 6 1 3 0
5523000 0 1 1 0
5523309 3 1 3 0
5523411 1 1 1 1
5523523 6 1 10 1
5523957 232 0 1 0
5524182 63 0 1 1
5524732 333 0 1 1
5524905 6 1 4 1
5525003 0 1 3 0
5525108 7 1 10 1
5525171 2 1 4 1
5525730 3 1 10 0
5526089 6 1 8 1
5526339 6 1 3 1
5526423 2 1 1 1
5526652 4 1 11 1
5527133 4 1 12 0
5527350 292 0 1 0
5527698 2 1 10 0
5527751 5 1 7 0
5527956 232 0 1 1
5528059 96 0 1 0
5528193 6 1 10 0
5528221 0 1 1 1
5528242 2 1 6 0
5528298 333 0 1 0
5528819 1 1 1 0
5529350 3 1 10 1
5529949 7 1 10 0
5530066 2 1 1 0
5530068 326 0 1 0
5530622 3 1 3 1
5530983 0 1 3 1
5530983 6 1 7 0
5531047 4 1 11 0
5531255 2 1 10 1
5531297 6 1 8 0
5531960 6 1 10 1
5531990 6 1 3 0
5532102 2 1 4 0
5532487 2 1 6 1
5532527 3 1 12 0
5532545 5 1 7 1
5532695 1 1 1 1
5533612 96 0 1 1
5533861 3 1 3 0
5534520 0 1 3 0
5534633 6 1 7 1
5534808 292 0 1 1
5534950 0 1 1 0
5535099 7 1 10 1
5535193 6 1 8 1
5535855 3 1 12 1
5535867 2 1 1 1
5535903 2 1 4 1
5536277 6 1 3 1
5536569 6 1 4 0
5536769 4 1 12 1
5537109 4 1 11 1
5537614 6 1 10 0
5538326 5 1 7 0
5538788 2 1 10 0
5539516 3 1 10 0
5539927 6 1 4 1
5539991 0 1 3 1
5540014 7 1 10 0
5540265 2 1 6 0
5540470 2 1 1 0
5540643 6 1 8 0
5541057 3 1 3 1
5541155 3 1 3 0
5541470 2 1 10 1
5541511 63 0 1 0
5541556 3 1 3 1
5541595 4 1 11 0
5541623 4 1 12 0
5541740 6 1 3 0
5542072 0 1 1 1
5542202 1 1 1 0
5542240 6 1 10 1
5542421 5 1 7 1
5542784 2 1 4 0
5542940 3 1 10 1
5543577 0 1 3 0
5543750 6 1 7 0
5543759 292 0 1 0
5544210 96 0 1 0
5544234 2 1 6 1
5544283 7 1 10 1
5545043 6 1 8 1
5545248 3 1 3 0
5545321 232 0 1 0
5545414 1 1 1 1
5545873 6 1 3 1
5546328 6 1 7 1
5546370 2 1 1 1
5546392 4 1 11 1
5546434 2 1 4 1
5547626 5 1 7 0
5547785 0 1 1 0
5548488 6 1 10 0
5548671 3 1 12 0
5548752 7 1 10 0
5548983 2 1 10 0
5549048 0 1 3 1
5549521 6 1 4 0
5549588 2 1 1 0
5549767 4 1 12 1
5549928 2 1 6 0
5550505 4 1 11 0
5550653 1 1 1 0
5550683 5 1 7 1
5550703 6 1 8 0
5550934 6 1 3 0
5550949 63 0 1 1
5551217 292 0 1 1
5551248 96 0 1 1
5551322 292 0 1 0
5551403 3 1 10 0
5551567 3 1 12 1
5552057 3 1 3 1
5552114 2 1 10 1
5552207 292 0 1 1
5552399 0 1 1 1
5552467 326 0 1 1
5552601 6 1 4 1
5552640 7 1 10 1
5553248 6 1 10 1
5553343 2 1 6 1
5553481 2 1 4 0
5553484 0 1 3 0
5553756 1 1 1 1
5554392 232 0 1 1
5554892 3 1 10 1
5554957 3 1 3 0
5555104 6 1 3 1
5555143 2 1 1 1
5555294 6 1 8 1
5555400 5 1 7 0
5555483 4 1 12 0
5555980 4 1 11 1
5556021 0 1 1 0
5556315 7 1 10 0
5556893 6 1 7 0
5557020 2 1 4 1
5558388 6 1 10 0
5558586 0 1 3 1
5558799 292 0 1 0
5558909 0 1 3 0
5559125 5 1 7 1
5559232 0 1 3 1
5559940 2 1 10 0
5559949 2 1 6 0
5560060 6 1 7 1
5560115 2 1 1 0
5560147 6 1 3 0
5560381 4 1 11 0
5560580 7 1 10 1
5560635 0 1 1 1
5560938 6 1 8 0
5561093 4 1 12 1
5561108 4 1 12 0
5561569 4 1 12 1
5561580 232 0 1 0
5562042 6 1 10 1
5562135 3 1 3 1
5562817 96 0 1 0
5562911 0 1 3 0
5562935 2 1 10 1
5563040 2 1 4 0
5563065 2 1 10 0
5563417 2 1 10 1
5563736 1 1 1 0
5564098 5 1 7 0
5564150 3 1 10 0
5564317 2 1 6 1
5564523 6 1 4 0
5564606 6 1 3 1
5564630 0 1 1 0
5564638 2 1 1 1
5565138 4 1 11 1
5565207 6 1 8 1
5565269 3 1 12 0
5565679 3 1 3 0
5565958 326 0 1 0
5566106 232 0 1 1
5566184 63 0 1 0
5566296 2 1 4 1
5566333 4 1 12 0
5566742 7 1 10 0
5567112 1 1 1 1
5567191 6 1 10 0
5567427 5 1 7 1
5567520 3 1 10 1
5568018 3 1 12 1
5568121 0 1 1 1
5568144 6 1 4 1
5568847 6 1 7 0
5568903 96 0 1 1
5569227 292 0 1 1
5569255 0 1 3 1
5569315 4 1 11 0
5569891 0 1 3 0
5570120 0 1 3 1
5570170 2 1 1 0
5570255 6 1 3 0
5570502 6 1 8 0
5570986 1 1 1 0
5571822 5 1 7 0
5571826 6 1 7 1
5571936 7 1 10 1
5572212 4 1 12 1
5572377 6 1 10 1
5572502 4 1 12 0
5572578 2 1 4 0
5572615 3 1 3 1
5572698 2 1 6 0
5572787 4 1 12 1
5573702 0 1 3 0
5573804 2 1 1 1
5574239 0 1 1 0
5574351 6 1 3 1
5574632 63 0 1 1
5574707 1 1 1 1
5574867 292 0 1 0
5574994 4 1 11 1
5575247 3 1 10 0
5575275 6 1 8 1
5575356 333 0 1 1
5575562 5 1 7 1
5575966 2 1 4 1
5575999 3 1 3 0
5576748 6 1 10 0
5576773 4 1 12 0
5577208 2 1 6 1
5577312 2 1 10 0
5578205 6 1 4 0
5578274 3 1 10 1
5578883 7 1 10 0
5579035 4 1 11 0
5579068 333 0 1 0
5579080 2 1 1 0
5579463 96 0 1 0
5579533 6 1 3 0
5579591 0 1 1 1
5579885 5 1 7 0
5579896 0 1 3 1
5580144 6 1 8 0
5580541 6 1 10 1
5580702 2 1 10 1
5581323 6 1 4 1
5581602 2 1 4 0
5581710 2 1 1 1
5581820 4 1 12 1
5581963 6 1 7 0
5582501 3 1 12 0
5583361 3 1 3 1
5583424 3 1 3 0
5583713 5 1 7 1
5583855 232 0 1 0
5583865 6 1 3 1
5584029 7 1 10 1
5584134 1 1 1 0
5584148 0 1 3 0
5584328 0 1 1 0
5584336 3 1 3 1
5584671 6 1 8 1
5585152 2 1 6 0
5585295 292 0 1 1
5585319 6 1 7 1
5585342 3 1 12 1
5585374 4 1 11 1
5585379 2 1 4 1
5585549 96 0 1 1
5585753 6 1 10 0
5585790 4 1 12 0
5586738 3 1 10 0
5587948 1 1 1 1
5587954 3 1 3 0
5588566 5 1 7 0
5588811 0 1 1 1
5589116 6 1 3 0
5589147 2 1 1 0
5589156 6 1 8 0
5589609 2 1 6 1
5589976 3 1 10 1
5590048 4 1 11 0
5590052 326 0 1 1
5590061 6 1 10 1
5590386 7 1 10 0
5590468 4 1 12 1
5590786 0 1 3 1
5590822 2 1 10 0
5591140 2 1 4 0
5591348 6 1 4 0
5591847 63 0 1 0
5591906 292 0 1 0
5592547 5 1 7 1
5592654 2 1 1 1
5593056 6 1 8 1
5593369 232 0 1 1
5593520 6 1 3 1
5593602 1 1 1 0
5593694 2 1 10 1
5594024 2 1 4 1
5594028 6 1 10 0
5594102 0 1 3 0
5594250 6 1 4 1
5594644 3 1 3 1
5594671 0 1 1 0
5594795 4 1 12 0
5595032 7 1 10 1
5595328 6 1 7 0
5595993 5 1 7 0
5596128 96 0 1 0
5596507 4 1 11 1
5596871 1 1 1 1
5597225 2 1 6 0
5597396 6 1 8 0
5597414 3 1 10 0
5597618 3 1 3 0
5598210 232 0 1 0
5598302 6 1 7 1
5598369 6 1 3 0
5598537 6 1 10 1
5599035 0 1 1 1
5599693 2 1 1 0
5599790 7 1 10 0
5600069 0 1 3 1
5600072 0 1 3 0
5600145 2 1 4 0
5600240 3 1 12 0
5600298 3 1 10 1
5600323 0 1 3 1
5600682 4 1 12 1
5600743 4 1 11 0
5601148 96 0 1 1
5601258 326 0 1 0
5601268 292 0 1 1
5601285 63 0 1 1
5601665 6 1 8 1
5601843 2 1 6 1
5602222 232 0 1 1
5602372 1 1 1 0
5602392 6 1 3 1
5602835 2 1 1 1
5602891 0 1 1 0
5602924 7 1 10 1
5602938 6 1 10 0
5603136 3 1 12 1
5604065 2 1 4 1
5604149 0 1 3 0
5604162 6 1 4 0
5604321 3 1 3 1
5604519 2 1 10 0
5605433 4 1 12 0
5605621 1 1 1 1
5605893 6 1 8 0
5606596 6 1 10 1
5606825 4 1 11 1
5607000 6 1 4 1
5607497 0 1 1 1
5607575 3 1 3 0
5607655 6 1 3 0
5608054 2 1 10 1
5608447 6 1 7 0
5608603 2 1 1 0
5608890 7 1 10 0
5609294 3 1 10 0
5609361 4 1 12 1
5610083 0 1 3 1
5610323 2 1 6 0
5610426 2 1 4 0
5610582 91 0 1 1
5610734 6 1 8 1
5611390 4 1 11 0
5611864 2 1 1 1
5611873 6 1 7 1
5612080 6 1 3 1
5612279 96 0 1 0
5612453 6 1 10 0
5612467 292 0 1 0
5613015 0 1 3 0
5613096 3 1 10 1
5613099 0 1 1 0
5613405 7 1 10 1
5613495 4 1 12 0
5614322 2 1 6 1
5615041 3 1 3 1
5615207 2 1 4 1
5615844 6 1 8 0
5616732 1 1 1 0
5616895 6 1 3 0
5616955 292 0 1 1
5616956 6 1 4 0
5617018 2 1 1 0
5617054 4 1 11 1
5617563 4 1 12 1
5617631 6 1 10 1
5618074 3 1 3 0
5618320 0 1 1 1
5618368 3 1 12 0
5619189 7 1 10 0
5619229 0 1 3 1
5619279 96 0 1 1
5619495 232 0 1 0
5619755 326 0 1 1
5619918 2 1 6 0
5620547 2 1 10 0
5620621 6 1 8 1
5620704 6 1 4 1
5620795 4 1 11 0
5620855 6 1 3 1
5620863 1 1 1 1
5621172 2 1 1 1
5621373 2 1 4 0
5621387 3 1 12 1
5621451 63 0 1 0
5621948 6 1 10 0
5622166 3 1 10 0
5622296 4 1 12 0
5622455 6 1 7 0
5622832 0 1 3 0
5622909 2 1 6 1
5623466 7 1 10 1
5623565 0 1 1 0
5623763 2 1 10 1
5624764 3 1 3 1
5624895 6 1 8 0
5625003 2 1 4 1
5625495 6 1 7 1
5625649 6 1 7 0
5625775 6 1 7 1
5625879 96 0 1 0
5625939 3 1 10 1
5626063 6 1 3 0
5626200 1 1 1 0
5626370 4 1 12 1
5626574 6 1 10 1
5627008 4 1 11 1
5627488 292 0 1 0
5627524 232 0 1 1
5627621 3 1 3 0
5627746 2 1 1 0
5627925 0 1 1 1
5628104 7 1 10 0
5628427 188 0 1 1
5628601 333 0 1 1
5628918 6 1 8 1
5629172 0 1 3 1
5629254 0 1 3 0
5629445 1 1 1 1
5629623 2 1 6 0
5629711 0 1 3 1
5629758 6 1 4 0
5630509 6 1 3 1
5630889 63 0 1 1
5631247 4 1 11 0
5631443 2 1 4 0
5631525 7 1 10 1
5631793 0 1 1 0
5631804 4 1 12 0
5631932 2 1 10 0
5631976 292 0 1 1
5632390 333 0 1 0
5632523 2 1 1 1
5632719 6 1 4 1
5632742 6 1 10 0
5632788 6 1 8 0
5633491 2 1 6 1
5634470 0 1 3 0
5634841 3 1 3 1
5634921 326 0 1 0
5635220 2 1 4 1
5635257 4 1 9 1
5635547 4 1 12 1
5635551 6 1 7 0
5635628 2 1 10 1
5635692 6 1 3 0
5635899 0 1 1 1
5636026 4 1 9 0
5636293 7 1 2 1
5636408 2 1 1 0
5636466 3 1 10 0
5636684 6 1 8 1
5636742 3 1 12 0
5636767 7 1 10 0
5636774 7 1 2 0
5636896 96 0 1 1
5636932 4 1 9 1
5637216 188 0 1 0
5637535 6 1 10 1
5637603 4 1 11 1
5637874 3 1 3 0
5638044 4 1 9 0
5638145 1 1 1 0
5638562 6 1 7 1
5638885 4 1 9 1
5639836 6 1 3 1
5639896 3 1 12 1
5640046 2 1 1 1
5640062 4 1 9 0
5640214 3 1 10 1
5640270 7 1 10 1
5640582 2 1 4 0
5640745 4 1 12 0
5640805 4 1 9 1
5641036 1 1 1 1
5641089 2 1 6 0
5641260 6 1 8 0
5641285 0 1 3 1
5641429 4 1 11 0
5642013 6 1 10 0
5642276 6 1 4 0
5642864 188 0 1 1
5643243 0 1 1 0
5643338 4 1 9 0
5643496 96 0 1 0
5643556 292 0 1 0
5643895 2 1 4 1
5644741 3 1 3 1
5644879 0 1 3 0
5645074 6 1 4 1
5645199 2 1 6 1
5645239 4 1 12 1
5645372 6 1 3 0
5645403 7 1 10 0
5646003 2 1 1 0
5646374 6 1 8 1
5647207 6 1 10 1
5647262 6 1 7 0
5647381 4 1 9 1
5647769 4 1 11 1
5647779 3 1 3 0
5648546 292 0 1 1
5648956 0 1 1 1
5649019 3 1 10 0
5649133 1 1 1 0
5649680 6 1 3 1
5649777 2 1 4 0
5649784 2 1 1 1
5649799 7 1 10 1
5649981 0 1 3 1
5650523 6 1 7 1
5650899 2 1 10 0
5651324 6 1 8 0
5651485 4 1 11 0
5651616 2 1 6 0
5652268 4 1 12 0
5652377 1 1 1 1
5652393 6 1 4 0
5652665 3 1 10 1
5652687 4 1 9 0
5652933 6 1 10 0
5653066 0 1 1 0
5653318 3 1 3 1
5653558 0 1 3 0
5653669 2 1 4 1
5653953 3 1 3 0
5654342 3 1 3 1
5654592 6 1 3 0
5654615 2 1 6 1
5654657 2 1 10 1
5655074 326 0 1 1
5655519 6 1 4 1
5655579 96 0 1 1
5655702 7 1 10 0
5656070 3 1 12 0
5656274 6 1 8 1
5656348 7 1 2 1
5656872 4 1 9 1
5657214 4 1 11 1
5657228 6 1 10 1
5657452 3 1 3 0
5657547 63 0 1 0
5657687 7 1 2 0
5657688 0 1 1 1
5657951 188 0 1 0
5658150 4 1 12 1
5658608 1 1 1 0
5658779 0 1 3 1
5658979 6 1 3 1
5659025 6 1 7 0
5659228 3 1 12 1
5659986 2 1 1 0
5660119 292 0 1 0
5660328 7 1 10 1
5660492 7 1 2 1
5660659 2 1 6 0
5660695 7 1 2 0
5660915 2 1 4 0
5660928 6 1 8 0
5661109 4 1 11 0
5661135 4 1 9 0
5661545 6 1 10 0
5661793 3 1 10 0
5661882 0 1 3 0
5662103 232 0 1 0
5662408 6 1 7 1
5662421 7 1 2 1
5662497 1 1 1 1
5662579 96 0 1 0
5663029 188 0 1 1
5663622 4 1 12 0
5663901 2 1 10 0
5663921 0 1 1 0
5664116 2 1 1 1
5664292 6 1 3 0
5664434 2 1 4 1
5664607 292 0 1 1
5664654 2 1 6 1
5664681 3 1 10 1
5665213 6 1 8 1
5665370 4 1 9 1
5665508 7 1 10 0
5665597 7 1 2 0
5665985 6 1 10 1
5666043 3 1 3 1
5666338 6 1 4 0
5666985 63 0 1 1
5667051 2 1 10 1
5667448 4 1 11 1
5667646 0 1 3 1
5668400 0 1 1 1
5668510 6 1 3 1
5669150 7 1 10 1
5669232 6 1 4 1
5669252 3 1 3 0
5669269 326 0 1 0
5669459 7 1 2 1
5669705 2 1 1 0
5669769 6 1 10 0
5669940 6 1 8 0
5670434 2 1 4 0
5670471 4 1 12 1
5670656 4 1 9 0
5671225 4 1 11 0
5671287 0 1 3 0
5671617 232 0 1 1
5672015 0 1 1 0
5672193 2 1 6 0
5672654 3 1 10 0
5672727 7 1 2 0
5672966 2 1 1 1
5673664 6 1 7 0
5673707 2 1 4 1
5673748 96 0 1 1
5673895 1 1 1 0
5674328 6 1 8 1
5674352 6 1 3 0
5674439 6 1 10 1
5674568 4 1 9 1
5674972 7 1 10 0
5675005 3 1 12 0
5675051 298 0 1 1
5675556 4 1 12 0
5675665 3 1 10 1
5675673 292 0 1 0
5675998 0 1 1 1
5676012 6 1 4 0
5676442 3 1 3 1
5676803 2 1 6 1
5676803 0 1 3 1
5676953 7 1 2 1
5677270 6 1 7 1
5677373 1 1 1 1
5677416 232 0 1 0
5677444 4 1 11 1
5678020 3 1 12 1
5678386 188 0 1 0
5678424 6 1 8 0
5678921 6 1 3 1
5679253 6 1 4 1
5679267 4 1 9 0
5679346 7 1 10 1
5679514 2 1 4 0
5679551 3 1 3 0
5679572 6 1 10 0
5680161 292 0 1 1
5680254 2 1 10 0
5680367 96 0 1 0
5680413 0 1 3 0
5680487 7 1 2 0
5680756 4 1 11 0
5681015 4 1 12 1
5681428 333 0 1 1
5681440 4 1 12 0
5681600 0 1 1 0
5681670 2 1 1 0
5682108 4 1 12 1
5682509 6 1 8 1
5682648 298 0 1 0
5683148 2 1 4 1
5683394 4 1 9 1
5683544 3 1 10 0
5683562 1 1 1 0
5683733 188 0 1 1
5683966 2 1 10 1
5684008 6 1 10 1
5684157 6 1 3 0
5684342 2 1 6 0
5684423 232 0 1 1
5684819 7 1 2 1
5685196 333 0 1 0
5685304 2 1 1 1
5685533 7 1 10 0
5685770 4 1 12 0
5685999 3 1 3 1
5686460 0 1 1 1
5686511 0 1 3 1
5686692 1 1 1 1
5686727 6 1 4 0
5686784 6 1 8 0
5686797 4 1 11 1
5686901 3 1 10 1
5687647 6 1 7 0
5687684 63 0 1 0
5688106 6 1 10 0
5688190 4 1 9 0
5688319 6 1 3 1
5688407 7 1 2 0
5688633 2 1 4 0
5688706 2 1 6 1
5688884 298 0 1 1
5689251 326 0 1 1
5689599 6 1 4 1
5689683 3 1 3 0
5689797 0 1 3 0
5690597 4 1 11 0
5690719 4 1 12 1
5690732 292 0 1 0
5690736 7 1 10 1
5690756 6 1 7 1
5691450 6 1 8 1
5691649 2 1 10 0
5691974 7 1 2 1
5692096 0 1 1 0
5692224 2 1 4 1
5692364 4 1 9 1
5692878 188 0 1 0
5693190 1 1 1 0
5693407 2 1 1 0
5693423 6 1 10 1
5693611 96 0 1 1
5693746 6 1 3 0
5693919 3 1 12 0
5693922 4 1 12 0
5694434 3 1 10 0
5694680 2 1 10 1
5695220 292 0 1 1
5695953 2 1 6 0
5696352 298 0 1 0
5696415 6 1 8 0
5696749 4 1 11 1
5696752 0 1 3 1
5696768 4 1 9 0
5696837 0 1 1 1
5696879 3 1 3 1
5697036 7 1 10 0
5697050 1 1 1 1
5697286 7 1 2 0
5697295 2 1 1 1
5697297 6 1 4 0
5697394 3 1 12 1
5697479 188 0 1 1
5697493 3 1 10 1
5697658 6 1 10 0
5698112 63 0 1 1
5698210 6 1 3 1
5698955 4 1 12 1
5699208 4 1 12 0
5699321 2 1 6 1
5699461 4 1 12 1
5699467 2 1 4 0
5699754 96 0 1 0
5699917 4 1 11 0
5700181 3 1 3 0
5700557 4 1 9 1
5700938 6 1 8 1
5701054 0 1 1 0
5701138 6 1 4 1
5701696 0 1 3 0
5701741 7 1 2 1
5701989 6 1 7 0
5702063 7 1 10 1
5702376 4 1 12 0
5702665 6 1 10 1
5702883 298 0 1 1
5703147 2 1 10 0
5703518 6 1 3 0
5703633 2 1 4 1
5704128 6 1 5 1
5704503 2 1 6 0
5704762 6 1 5 0
5704928 3 1 10 0
5704944 6 1 8 0
5704979 6 1 7 1
5705011 6 1 5 1
5705424 4 1 11 1
5705547 0 1 1 1
5705659 4 1 11 0
5705702 4 1 9 0
5705850 1 1 1 0
5706324 292 0 1 0
5706363 2 1 10 1
5706467 2 1 1 0
5706511 4 1 11 1
5706648 7 1 2 0
5706881 4 1 12 1
5707159 3 1 3 1
5707304 7 1 10 0
5707653 326 0 1 0
5707865 6 1 3 1
5707875 2 1 6 1
5707966 188 0 1 0
5708190 6 1 10 0
5708206 3 1 10 1
5708645 6 1 5 0
5709083 298 0 1 0
5709095 1 1 1 1
5709362 6 1 8 1
5709481 2 1 4 0
5709724 2 1 1 1
5709761 4 1 9 1
5709785 6 1 4 0
5709888 0 1 3 1
5709914 96 0 1 1
5709927 4 1 11 0
5710084 4 1 12 0
5710397 3 1 3 0
5710775 7 1 2 1
5710819 7 1 10 1
5711268 0 1 1 0
5711307 292 0 1 1
5711930 2 1 10 0
5712053 188 0 1 1
5712302 6 1 10 1
5713143 2 1 4 1
5713143 6 1 3 0
5713292 6 1 4 1
5713930 6 1 8 0
5713941 1 1 1 0
5714071 0 1 3 0
5714648 4 1 9 0
5714763 2 1 6 0
5714779 6 1 5 1
5714870 3 1 12 0
5715092 2 1 10 1
5715119 298 0 1 1
5715567 2 1 1 0
5715616 0 1 1 1
5715702 3 1 3 1
5715998 7 1 10 0
5716076 96 0 1 0
5716082 7 1 2 0
5716318 4 1 12 1
5716610 3 1 10 0
5716734 6 1 10 0
5717047 6 1 3 1
5717266 6 1 7 0
5717394 4 1 11 1
5717771 232 0 1 0
5717840 1 1 1 1
5718131 3 1 12 1
5718262 188 0 1 0
5718345 6 1 8 1
5718909 6 1 5 0
5719068 4 1 9 1
5719194 2 1 4 0
5719337 3 1 3 0
5719377 2 1 6 1
5719502 3 1 10 1
5719590 2 1 1 1
5719653 7 1 2 1
5719725 6 1 7 1
5719990 4 1 12 0
5720313 7 1 10 1
5720740 4 1 11 0
5720829 63 0 1 0
5721151 0 1 3 1
5721365 0 1 1 0
5721896 6 1 3 0
5721929 298 0 1 0
5722087 6 1 10 1
5722739 188 0 1 1
5722836 2 1 4 1
5722935 6 1 8 0
5723420 292 0 1 0
5723507 2 1 10 0
5724130 4 1 9 0
5724747 0 1 3 0
5724912 6 1 5 1
5725512 6 1 4 0
5725682 3 1 3 1
5725725 7 1 10 0
5725760 1 1 1 0
5725781 232 0 1 1
5725975 0 1 1 1
5726061 7 1 2 0
5726288 6 1 3 1
5726531 2 1 10 1
5726713 6 1 10 0
5726917 3 1 10 0
5727245 96 0 1 1
5727367 6 1 8 1
5727508 4 1 12 1
5727911 4 1 9 1
5728203 4 1 11 1
5728216 2 1 6 0
5728403 292 0 1 1
5728460 298 0 1 1
5728511 3 1 12 0
5728792 6 1 5 0
5729093 2 1 1 0
5729108 3 1 3 0
5729134 6 1 4 1
5729136 1 1 1 1
5729490 2 1 4 0
5729944 3 1 10 1
5730125 0 1 3 1
5730224 326 0 1 1
5730251 0 1 3 0
5730267 63 0 1 1
5730298 7 1 2 1
5730339 0 1 1 0
5730625 7 1 10 1
5731129 6 1 10 1
5731136 232 0 1 0
5731149 3 1 12 1
5731212 6 1 10 0
5731492 6 1 3 0
5731534 4 1 11 0
5731620 4 1 12 0
5731637 6 1 10 1
5731956 0 1 3 1
5732211 4 1 9 0
5732310 6 1 8 0
5732830 2 1 6 1
5733108 2 1 1 1
5733128 2 1 4 1
5733162 2 1 10 0
5733388 96 0 1 0
5734309 188 0 1 0
5734545 6 1 5 1
5734919 298 0 1 0
5735314 0 1 1 1
5735436 7 1 2 0
5735646 6 1 3 1
5735798 7 1 10 0
5736014 3 1 10 0
5736397 4 1 9 1
5736580 3 1 3 1
5736780 0 1 3 0
5736803 2 1 10 1
5736959 6 1 8 1
5737097 6 1 7 0
5737276 6 1 10 0
5738137 232 0 1 1
5738179 6 1 5 0
5738233 1 1 1 0
5738525 3 1 10 1
5738747 4 1 12 1
5738896 6 1 4 0
5739120 4 1 11 1
5739292 2 1 4 0
5739507 292 0 1 0
5739783 2 1 1 0
5739890 7 1 2 1
5740097 3 1 3 0
5740161 2 1 6 0
5740174 333 0 1 1
5740202 7 1 10 1
5740246 6 1 7 1
5740424 0 1 1 0
5740601 6 1 3 0
5741296 4 1 9 0
5741450 298 0 1 1
5741672 1 1 1 1
5742294 6 1 10 1
5742412 4 1 11 0
5742454 4 1 12 0
5742502 3 1 12 0
5742511 6 1 8 0
5742514 6 1 4 1
5743149 2 1 4 1
5743175 2 1 1 1
5743284 188 0 1 1
5743406 2 1 6 1
5743448 326 0 1 0
5743842 2 1 10 0
5743904 6 1 5 1
5743982 333 0 1 0
5743995 292 0 1 1
5744165 0 1 1 1
5744517 6 1 3 1
5744557 96 0 1 1
5745052 0 1 3 1
5745224 4 1 9 1
5745398 3 1 12 1
5745435 7 1 2 0
5745815 7 1 10 0
5745921 3 1 10 0
5746242 3 1 3 1
5746488 6 1 10 0
5746594 2 1 10 1
5747453 1 1 1 0
5747661 6 1 8 1
5748076 298 0 1 0
5748445 4 1 12 1
5748730 6 1 3 0
5748748 3 1 10 1
5748898 0 1 1 0
5749002 0 1 3 0
5749185 2 1 6 0
5749256 6 1 5 0
5749518 2 1 4 0
5749736 4 1 9 0
5749834 3 1 3 0
5750050 7 1 2 1
5750275 1 1 1 1
5750316 7 1 10 1
5750379 4 1 11 1
5750738 96 0 1 0
5750994 6 1 7 0
5751277 6 1 10 1
5751853 2 1 1 0
5752434 2 1 6 1
5752958 6 1 8 0
5752968 4 1 12 0
5753168 2 1 4 1
5753220 6 1 3 1
5753251 6 1 4 0
5753254 0 1 1 1
5753485 6 1 5 1
5753694 188 0 1 0
5753950 4 1 11 0
5754104 6 1 7 1
5754125 298 0 1 1
5754291 4 1 9 1
5754850 0 1 3 1
5755437 0 1 3 0
5755456 7 1 2 0
5755594 292 0 1 0
5755618 2 1 1 1
5755893 6 1 10 0
5755911 0 1 3 1
5756522 3 1 3 1
5756588 7 1 10 0
5756659 1 1 1 0
5756883 2 1 10 0
5756902 3 1 10 0
5757250 6 1 4 1
5757749 6 1 8 1
5757833 96 0 1 1
5758095 6 1 5 0
5758228 2 1 6 0
5758233 0 1 1 0
5758401 6 1 3 0
5758662 188 0 1 1
5759359 0 1 3 0
5759532 3 1 10 1
5759588 3 1 12 0
5759642 4 1 9 0
5759809 6 1 10 1
5760032 4 1 12 1
5760082 292 0 1 1
5760119 2 1 4 0
5760138 2 1 10 1
5760176 1 1 1 1
5760387 3 1 3 0
5760501 7 1 2 1
5761396 298 0 1 0
5761492 7 1 10 1
5761596 2 1 6 1
5761624 7 1 10 0
5761893 7 1 10 1
5762324 6 1 5 1
5762560 6 1 3 1
5762720 0 1 1 1
5762766 6 1 8 0
5762795 3 1 12 1
5763043 2 1 1 0
5763202 4 1 11 1
5763462 96 0 1 0
5764025 2 1 4 1
5764077 4 1 12 0
5764125 4 1 9 1
5764933 6 1 10 0
5765359 6 1 7 0
5765498 2 1 10 0
5765504 7 1 2 0
5766016 0 1 3 1
5766342 326 0 1 1
5766501 63 0 1 0
5766521 188 0 1 0
5766644 4 1 11 0
5766802 3 1 3 1
5766900 6 1 8 1
5767290 3 1 10 0
5767304 2 1 1 1
5767558 6 1 3 0
5767676 6 1 5 0
5767869 4 1 12 1
5767872 298 0 1 1
5767973 7 1 10 0
5768102 6 1 7 1
5768133 4 1 12 0
5768223 2 1 6 0
5768510 6 1 4 0
5768659 2 1 10 1
5769076 0 1 1 0
5769161 4 1 12 1
5769200 7 1 2 1
5769238 6 1 10 1
5769319 4 1 9 0
5770182 3 1 10 1
5770292 3 1 3 0
5770543 0 1 3 0
5770559 2 1 4 0
5770710 292 0 1 0
5770964 6 1 8 0
5770985 1 1 1 0
5771273 188 0 1 1
5771413 6 1 5 1
5772186 2 1 6 1
5772211 6 1 3 1
5772254 7 1 10 1
5772374 6 1 4 1
5773026 4 1 12 0
5773218 6 1 10 0
5773815 4 1 9 1
5774238 1 1 1 1
5774341 3 1 12 0
5774436 0 1 1 1
5774492 4 1 11 1
5774650 96 0 1 1
5774672 298 0 1 0
5774729 6 1 8 1
5775103 7 1 2 0
5775198 292 0 1 1
5775329 6 1 11 1
5775332 2 1 4 1
5775515 6 1 5 0
5775939 63 0 1 1
5776388 2 1 10 0
5777063 7 1 10 0
5777065 3 1 12 1
5777275 6 1 3 0
5777514 3 1 3 1
5777634 3 1 3 0
5777895 3 1 3 1
5777939 4 1 11 0
5778041 2 1 1 0
5778161 232 0 1 0
5778189 6 1 10 1
5778352 4 1 9 0
5778633 0 1 3 1
5778657 0 1 1 0
5778846 2 1 6 0
5779141 3 1 10 0
5779187 2 1 4 0
5779291 6 1 8 0
5779319 2 1 10 1
5779456 7 1 2 1
5779625 6 1 5 1
5779890 6 1 11 0
5780018 4 1 12 1
5780441 326 0 1 0
5780693 7 1 10 1
5781326 96 0 1 0
5781360 6 1 4 0
5781664 3 1 3 0
5781694 6 1 7 0
5781709 298 0 1 1
5781814 2 1 1 1
5781865 6 1 3 1
5781887 0 1 3 0
5782127 2 1 1 0
5782142 4 1 9 1
5782218 2 1 6 1
5782348 2 1 1 1
5782406 3 1 10 1
5782623 6 1 10 0
5782625 333 0 1 1
5782759 0 1 1 1
5783347 4 1 12 0
5783556 6 1 11 1
5783564 6 1 8 1
5783731 6 1 5 0
5783774 188 0 1 0
5784034 2 1 4 1
5784164 7 1 2 0
5784319 6 1 7 1
5785037 1 1 1 0
5785232 6 1 4 1
5785415 7 1 10 0
5785848 292 0 1 0
5786336 333 0 1 0
5786381 4 1 11 1
5786538 2 1 6 0
5786777 6 1 10 1
5787139 4 1 9 0
5787187 2 1 1 0
5787358 0 1 3 1
5787433 6 1 3 0
5787468 6 1 5 1
5787488 232 0 1 1
5788090 2 1 4 0
5788445 6 1 8 0
5788478 7 1 2 1
5788703 298 0 1 0
5788738 0 1 1 0
5788829 2 1 10 0
5788960 1 1 1 1
5789069 7 1 10 1
5789504 3 1 12 0
5789648 3 1 3 1
5789720 4 1 12 1
5789779 2 1 6 1
5789885 6 1 11 0
5789948 2 1 1 1
5790039 4 1 11 0
5790962 0 1 3 0
5791226 4 1 9 1
5791821 292 0 1 1
5792086 6 1 10 0
5792260 6 1 3 1
5792328 6 1 5 0
5792435 2 1 10 1
5792465 3 1 12 1
5792495 96 0 1 1
5792894 6 1 8 1
5792947 4 1 12 0
5793037 3 1 10 0
5793411 3 1 3 0
5793555 6 1 11 1
5793634 7 1 10 0
5793930 188 0 1 1
5793983 0 1 1 1
5794067 2 1 4 1
5794160 7 1 2 0
5795657 298 0 1 1
5796363 6 1 10 1
5796425 3 1 10 1
5796466 6 1 7 0
5796499 4 1 9 0
5796553 6 1 5 1
5797047 2 1 6 0
5797104 6 1 4 0
5797309 0 1 3 1
5797344 6 1 3 0
5797894 2 1 1 0
5798216 0 1 1 0
5798339 6 1 8 0
5798375 4 1 11 1
5798534 7 1 10 1
5798581 96 0 1 0
5798614 326 0 1 1
5798759 7 1 2 1
5799041 292 0 1 0
5799055 2 1 4 0
5799062 6 1 7 1
5799737 2 1 10 0
5799986 6 1 11 0
5800034 0 1 7 1
5800095 6 1 4 1
5800165 4 1 9 1
5800408 4 1 12 1
5800452 6 1 10 0
5800899 3 1 3 1
5801210 0 1 3 0
5801375 6 1 3 1
5801419 1 1 1 0
5801653 2 1 1 1
5801659 6 1 5 0
5801661 2 1 6 1
5801689 4 1 11 0
5802453 0 1 1 1
5802584 2 1 10 1
5802623 2 1 10 0
5802654 63 0 1 0
5802895 2 1 10 1
5803229 298 0 1 0
5803289 6 1 8 1
5803296 7 1 10 0
5803656 6 1 11 1
5803887 4 1 12 0
5804128 3 1 3 0
5804340 2 1 4 1
5804342 1 1 1 1
5804434 7 1 2 0
5804557 2 1 4 0
5804717 2 1 4 1
5805014 292 0 1 1
5805241 6 1 10 1
5805563 188 0 1 0
5805769 6 1 5 1
5806216 4 1 9 0
5806261 6 1 3 0
5806844 0 1 7 0
5806993 3 1 12 0
5807589 0 1 3 1
5807658 7 1 2 1
5807763 3 1 10 0
5807942 7 1 10 1
5808051 0 1 1 0
5808414 2 1 1 0
5808673 2 1 4 0
5808892 6 1 8 0
5808984 6 1 4 0
5809139 333 0 1 1
5809331 96 0 1 1
5809353 6 1 10 0
5809410 6 1 7 0
5809754 298 0 1 1
5810025 2 1 6 0
5810121 6 1 5 0
5810135 3 1 12 1
5810227 4 1 11 1
5810379 6 1 11 0
5810505 4 1 9 1
5810592 3 1 3 1
5810637 0 1 7 1
5810800 6 1 3 1
5810882 3 1 3 0
5811099 2 1 10 0
5811160 3 1 10 1
5811192 188 0 1 1
5811231 3 1 3 1
5811333 0 1 3 0
5811553 326 0 1 0
5811625 4 1 12 1
5811675 2 1 1 1
5812215 292 0 1 0
5812326 6 1 7 1
5812772 0 1 1 1
5812828 6 1 4 1
5812901 7 1 2 0
5813062 7 1 10 0
5813082 63 0 1 1
5813189 6 1 8 1
5813372 6 1 10 1
5813817 4 1 11 0
5813950 2 1 4 1
5814223 6 1 5 1
5814274 2 1 10 1
5814327 6 1 11 1
5814351 96 0 1 0
5814643 2 1 6 1
5814938 1 1 1 0
5815069 4 1 12 0
5815309 3 1 3 0
5815849 4 1 9 0
5816020 6 1 3 0
5816270 298 0 1 0
5816740 0 1 7 0
5816861 7 1 2 1
5816864 7 1 2 0
5816946 7 1 10 1
5817162 7 1 2 1
5817677 2 1 4 0
5817763 0 1 1 0
5818188 292 0 1 1
5818239 6 1 8 0
5818343 333 0 1 0
5818564 1 1 1 1
5818568 6 1 10 0
5818788 0 1 3 1
5818999 2 1 1 0
5819532 188 0 1 0
5819538 3 1 10 0
5819575 6 1 5 0
5819809 4 1 9 1
5820392 0 1 7 1
5820686 6 1 3 1
5820899 6 1 11 0
5821912 3 1 3 1
5822180 3 1 10 1
5822234 0 1 1 1
5822262 0 1 3 0
5822470 298 0 1 1
5822518 2 1 1 1
5822540 7 1 10 0
5822550 96 0 1 1
5822687 7 1 2 0
5822716 4 1 12 1
5822835 2 1 4 1
5822926 2 1 10 0
5822974 4 1 11 1
5822977 4 1 12 0
5823131 6 1 8 1
5823168 2 1 6 0
5823292 4 1 12 1
5823349 6 1 10 1
5823691 6 1 7 0
5824423 6 1 5 1
5824574 6 1 4 0
5824823 6 1 11 1
5825408 292 0 1 0
5825436 4 1 9 0
5825735 3 1 3 0
5825809 188 0 1 1
5825864 4 1 12 0
5825920 2 1 10 1
5826148 6 1 3 0
5826296 333 0 1 1
5826301 7 1 10 1
5826329 6 1 7 1
5826348 0 1 1 0
5826513 4 1 11 0
5826707 2 1 4 0
5826726 3 1 12 0
5826901 7 1 2 1
5827132 96 0 1 0
5827350 6 1 8 0
5827678 0 1 3 1
5827728 6 1 10 0
5827778 2 1 6 1
5827959 0 1 3 0
5828319 6 1 4 1
5828389 0 1 7 0
5828651 232 0 1 0
5828670 3 1 10 0
5828852 0 1 3 1
5829345 2 1 1 0
5829365 4 1 9 1
5829738 3 1 12 1
5829934 298 0 1 0
5830271 6 1 5 0
5830553 6 1 11 0
5830831 0 1 1 1
5830941 6 1 3 1
5831179 3 1 3 1
5831181 3 1 10 1
5831381 292 0 1 1
5831566 7 1 10 0
5831612 326 0 1 1
5831734 2 1 4 1
5831921 0 1 7 1
5832002 6 1 8 1
5832027 2 1 10 0
5832487 2 1 1 1
5832509 6 1 10 1
5833064 4 1 12 1
5833404 0 1 3 0
5833506 4 1 12 0
5833653 7 1 2 0
5833729 4 1 12 1
5834027 4 1 9 0
5834243 6 1 11 1
5834688 3 1 3 0
5834752 63 0 1 0
5834783 1 1 1 0
5834919 2 1 10 1
5835100 6 1 5 1
5835477 298 0 1 1
5835515 4 1 12 0
5835589 2 1 4 0
5835691 0 1 1 0
5835836 6 1 3 0
5836192 7 1 10 1
5836260 6 1 8 0
5836340 96 0 1 1
5836435 188 0 1 0
5836531 2 1 6 0
5836585 4 1 11 1
5836616 6 1 10 0
5836670 333 0 1 0
5837470 2 1 1 0
5837509 7 1 2 1
5837808 4 1 9 1
5838146 232 0 1 1
5838155 1 1 1 1
5838471 6 1 4 0
5838570 3 1 10 0
5839096 292 0 1 0
5839780 6 1 3 1
5840047 0 1 1 1
5840235 2 1 4 1
5840266 6 1 10 1
5840266 4 1 11 0
5840341 6 1 5 0
5840356 2 1 10 0
5840504 0 1 3 1
5840633 6 1 7 0
5840715 6 1 11 0
5840772 2 1 6 1
5840848 298 0 1 0
5840909 6 1 8 1
5840972 4 1 12 1
5841017 188 0 1 1
5841045 3 1 3 1
5841108 2 1 1 1
5841309 4 1 12 0
5841315 0 1 7 0
5841327 3 1 10 1
5841417 96 0 1 0
5841555 6 1 4 1
5841728 7 1 10 0
5841942 4 1 12 1
5842148 333 0 1 1
5842223 3 1 12 0
5842743 7 1 2 0
5843096 4 1 9 0
5843279 6 1 7 1
5843982 2 1 10 1
5844079 292 0 1 1
5844099 2 1 4 0
5844190 63 0 1 1
5844285 0 1 7 1
5844542 3 1 3 0
5844616 0 1 3 0
5844675 6 1 8 0
5844792 4 1 12 0
5844905 6 1 11 1
5844961 6 1 3 0
5845026 0 1 1 0
5845090 6 1 5 1
5845127 3 1 12 1
5845488 6 1 10 0
5846383 298 0 1 1
5846497 7 1 10 1
5846564 2 1 6 0
5846741 7 1 2 1
5846931 326 0 1 0
5847196 4 1 9 1
5847462 1 1 1 0
5848146 188 0 1 0
5848219 4 1 11 1
5849134 6 1 8 1
5849322 2 1 1 0
5849421 6 1 3 1
5849436 2 1 6 1
5849601 2 1 4 1
5849704 6 1 5 0
5849882 1 1 1 1
5850056 3 1 10 0
5850069 6 1 4 0
5850354 0 1 1 1
5850388 6 1 10 1
5850615 6 1 11 0
5850756 3 1 3 1
5851082 96 0 1 1
5851211 0 1 3 1
5851261 292 0 1 0
5851867 4 1 11 0
5852027 333 0 1 0
5852207 2 1 10 0
5852473 7 1 2 0
5852583 2 1 1 1
5852948 3 1 10 1
5853246 4 1 12 1
5853261 188 0 1 1
5853428 6 1 7 0
5853529 298 0 1 0
5853590 6 1 5 1
5853687 6 1 4 1
5853725 7 1 10 0
5853754 4 1 9 0
5854145 6 1 8 0
5854169 2 1 4 0
5854313 6 1 11 1
5854495 6 1 3 0
5854664 6 1 10 0
5854902 3 1 12 0
5854912 0 1 3 0
5855014 3 1 3 0
5855107 2 1 10 1
5855588 2 1 6 0
5855591 0 1 1 0
5855605 1 1 1 0
5856327 6 1 7 1
5856668 4 1 12 0
5856691 7 1 2 1
5856918 0 1 7 0
5857187 96 0 1 0
5857234 292 0 1 1
5857502 7 1 10 1
5857806 3 1 12 1
5858000 333 0 1 1
5858031 4 1 9 1
5858331 6 1 5 0
5858437 2 1 1 0
5858608 1 1 1 1
5858843 2 1 4 1
5858915 1 1 1 0
5858918 6 1 8 1
5859079 2 1 6 1
5859089 6 1 3 1
5859108 1 1 1 1
5859578 0 1 1 1
5859700 6 1 11 0
5859711 6 1 10 1
5859953 4 1 11 1
5860060 298 0 1 1
5860068 0 1 7 1
5860633 0 1 3 1
5860872 0 1 3 0
5861306 0 1 3 1
5861724 6 1 4 0
5862030 2 1 10 0
5862133 3 1 3 1
5862140 7 1 10 0
5862174 7 1 2 0
5862199 6 1 5 1
5862327 3 1 10 0
5862538 2 1 1 1
5862776 63 0 1 0
5863120 4 1 12 1
5863239 6 1 11 1
5863278 6 1 8 0
5863415 4 1 11 0
5863627 333 0 1 0
5863649 2 1 4 0
5863757 188 0 1 0
5863856 4 1 9 0
5863930 0 1 1 0
5864241 6 1 10 0
5864354 6 1 4 1
5864394 6 1 3 0
5864454 292 0 1 0
5864650 2 1 6 0
5864862 0 1 3 0
5865131 326 0 1 1
5865188 3 1 10 1
5865533 2 1 10 1
5865802 3 1 3 0
5866134 7 1 2 1
5866364 4 1 12 0
5866367 6 1 7 0
5866416 298 0 1 0
5866571 6 1 5 0
5866651 7 1 10 1
5868022 2 1 6 1
5868230 6 1 10 1
5868305 6 1 8 1
5868319 4 1 9 1
5868324 3 1 12 0
5868375 96 0 1 1
5868620 2 1 4 1
5868687 6 1 3 1
5868778 0 1 1 1
5869163 6 1 11 0
5869275 6 1 7 1
5870427 292 0 1 1
5870718 2 1 10 0
5870909 188 0 1 1
5870943 6 1 5 1
5871216 3 1 12 1
5871224 63 0 1 1
5871376 0 1 7 0
5871448 2 1 1 0
5871554 0 1 3 1
5871896 1 1 1 0
5872151 3 1 3 1
5872311 7 1 2 0
5872535 7 1 10 0
5872593 6 1 8 0
5872794 2 1 4 0
5872888 0 1 1 0
5872928 6 1 4 0
5872941 298 0 1 1
5873128 4 1 11 1
5873210 6 1 10 0
5873230 6 1 11 1
5873499 6 1 3 0
5873825 4 1 12 1
5874055 333 0 1 1
5874063 3 1 10 0
5874192 0 1 7 1
5874263 4 1 9 0
5874359 2 1 10 1
5874984 0 1 3 0
5875141 1 1 1 1
5875143 2 1 6 0
5875584 96 0 1 0
5875594 2 1 1 1
5875631 3 1 3 0
5876009 7 1 2 1
5876275 7 1 2 0
5876296 6 1 4 1
5876434 6 1 5 0
5876557 4 1 11 0
5876766 7 1 2 1
5876833 2 1 4 1
5877117 0 1 1 1
5877201 3 1 10 1
5877538 6 1 3 1
5877562 7 1 10 1
5877579 4 1 12 0
5877610 6 1 10 1
5877628 292 0 1 0
5877691 6 1 8 1
5878055 4 1 9 1
5879093 2 1 6 1
5879325 6 1 11 0
5879718 6 1 7 0
5880123 4 1 3 1
5880223 298 0 1 0
5880332 0 1 3 1
5880656 3 1 4 1
5881052 6 1 5 1
5881110 4 1 3 0
5881193 7 1 2 0
5881210 333 0 1 0
5881247 2 1 4 0
5881256 188 0 1 0
5881464 4 1 3 1
5881464 3 1 3 1
5881525 2 1 1 0
5881717 6 1 10 0
5881800 6 1 8 0
5882163 6 1 3 0
5882238 326 0 1 0
5882468 2 1 10 0
5882730 6 1 7 1
5882765 4 1 3 0
5882842 0 1 1 0
5882878 4 1 9 0
5882888 6 1 11 1
5883004 7 1 10 0
5883101 232 0 1 0
5883106 292 0 1 1
5883789 0 1 3 0
5884120 3 1 12 0
5884236 6 1 4 0
5884637 3 1 3 0
5884813 2 1 1 1
5885294 7 1 2 1
5885476 2 1 10 1
5885538 2 1 6 0
5885573 6 1 8 1
5885793 6 1 5 0
5885806 2 1 4 1
5885872 3 1 10 0
5885936 0 1 7 0
5886081 6 1 3 1
5886088 7 1 10 1
5886151 4 1 9 1
5886518 6 1 10 1
5886575 4 1 12 1
5886660 4 1 3 1
5886674 1 1 1 0
5886754 298 0 1 1
5886792 3 1 4 0
5886893 4 1 11 1
5887108 6 1 4 1
5887456 0 1 1 1
5887762 96 0 1 1
5887786 3 1 12 1
5887819 4 1 11 0
5888314 4 1 11 1
5888435 188 0 1 1
5888684 3 1 10 1
5888774 0 1 7 1
5889014 0 1 3 1
5889250 2 1 6 1
5889259 0 1 3 0
5889271 6 1 11 0
5889478 6 1 8 0
5889574 0 1 3 1
5889629 4 1 11 0
5889658 333 0 1 1
5889832 2 1 4 0
5890045 3 1 4 1
5890165 6 1 5 1
5890307 292 0 1 0
5890371 7 1 10 0
5890472 1 1 1 1
5890533 6 1 10 0
5890541 4 1 12 0
5890715 4 1 3 0
5890716 3 1 3 1
5890878 6 1 3 0
5891458 4 1 9 0
5891606 7 1 2 0
5891927 0 1 1 0
5892833 0 1 3 0
5893046 6 1 11 1
5893056 2 1 1 0
5893060 298 0 1 0
5893548 232 0 1 1
5893879 3 1 3 0
5893886 96 0 1 0
5894136 7 1 10 1
5894139 3 1 12 0
5894235 6 1 8 1
5894252 2 1 4 1
5894683 6 1 10 1
5894871 7 1 2 1
5894948 333 0 1 0
5895239 4 1 9 1
5895343 6 1 3 1
5895490 2 1 10 0
5895734 4 1 3 1
5895758 2 1 6 0
5895783 6 1 5 0
5895864 63 0 1 0
5896280 292 0 1 1
5896676 0 1 1 1
5896693 2 1 1 1
5896879 3 1 10 0
5897619 6 1 4 0
5898004 4 1 12 1
5898325 3 1 12 1
5898376 188 0 1 0
5898441 6 1 7 0
5898643 2 1 4 0
5898771 2 1 10 1
5898807 0 1 3 1
5898870 6 1 8 0
5898944 0 1 7 0
5899257 2 1 6 1
5899529 298 0 1 1
5899833 7 1 10 0
5899859 3 1 10 1
5899938 6 1 10 0
5900115 6 1 11 0
5900149 4 1 9 0
5900151 6 1 5 1
5900194 4 1 11 1
5900277 6 1 5 0
5900353 4 1 3 0
5900596 6 1 3 0
5900650 4 1 12 0
5900657 6 1 5 1
5901256 3 1 3 1
5901430 6 1 7 1
5901520 0 1 1 0
5901774 6 1 4 1
5901789 3 1 4 0
5901820 2 1 1 0
5901911 333 0 1 1
5901963 0 1 7 1
5902209 0 1 3 0
5902529 1 1 1 0
5902796 4 1 11 0
5902991 7 1 2 0
5903155 2 1 4 1
5903462 292 0 1 0
5903508 6 1 8 1
5903549 4 1 9 1
5903809 6 1 11 1
5904088 6 1 10 1
5904312 63 0 1 1
5904523 326 0 1 1
5904606 7 1 10 1
5904622 188 0 1 1
5904665 3 1 4 1
5904885 6 1 3 1
5905093 2 1 1 1
5905112 96 0 1 1
5905148 6 1 5 0
5905277 2 1 6 0
5905424 3 1 3 0
5905630 0 1 1 1
5906070 1 1 1 1
5906181 7 1 2 1
5906337 4 1 3 1
5906684 4 1 12 1
5906903 298 0 1 0
5907334 2 1 10 0
5907601 333 0 1 0
5907985 2 1 4 0
5908172 0 1 3 1
5908468 6 1 10 0
5908518 6 1 8 0
5908653 2 1 6 1
5908811 3 1 12 0
5909159 4 1 9 0
5909435 292 0 1 1
5909588 3 1 10 0
5909613 6 1 3 0
5909646 4 1 12 0
5909766 6 1 5 1
5909880 6 1 11 0
5910109 0 1 1 0
5910617 2 1 10 1
5910760 7 1 10 0
5910983 6 1 4 0
5911217 96 0 1 0
5911707 3 1 12 1
5911715 0 1 3 0
5912159 4 1 3 0
5912282 3 1 10 1
5912909 2 1 4 1
5913063 4 1 9 1
5913179 6 1 8 1
5913321 6 1 7 0
5913434 298 0 1 1
5913542 6 1 11 1
5913574 333 0 1 1
5913604 6 1 10 1
5913836 2 1 1 0
5913882 3 1 3 1
5914017 3 1 4 0
5914084 6 1 3 1
5914109 6 1 4 1
5914138 6 1 5 0
5914342 0 1 1 1
5914366 7 1 2 0
5914527 164 0 1 1
5914646 188 0 1 0
5915230 1 1 1 0
5915386 7 1 10 1
5915395 0 1 7 0
5915786 2 1 6 0
5915862 4 1 11 1
5916034 4 1 11 0
5916221 4 1 11 1
5916424 4 1 3 1
5916460 6 1 7 1
5916529 4 1 11 0
5916610 4 1 12 1
5916659 4 1 11 1
5916662 4 1 11 0
5916674 292 0 1 0
5916842 4 1 11 1
5916893 3 1 4 1
5917311 3 1 3 0
5917412 4 1 11 0
5917485 6 1 8 0
5917589 2 1 1 1
5917682 0 1 3 1
5917707 4 1 11 1
5917758 6 1 10 0
5917851 2 1 4 0
5917964 7 1 2 1
5917968 2 1 1 0
5918014 4 1 11 0
5918129 6 1 5 1
5918220 2 1 1 1
5918681 4 1 9 0
5918687 1 1 1 1
5918806 0 1 7 1
5919071 0 1 1 0
5919233 333 0 1 0
5919461 6 1 3 0
5919653 6 1 11 0
5919869 298 0 1 0
5919956 4 1 12 0
5920241 326 0 1 0
5920400 2 1 6 1
5920526 7 1 10 0
5920889 2 1 10 0
5921114 4 1 3 0
5921396 96 0 1 1
5921705 6 1 10 1
5921762 6 1 8 1
5921839 6 1 10 0
5921928 6 1 10 1
5921997 6 1 5 0
5922007 3 1 10 0
5922033 0 1 3 0
5922263 2 1 4 1
5922278 4 1 9 1
5922600 188 0 1 1
5922647 292 0 1 1
5922795 6 1 11 1
5923074 6 1 4 0
5923239 4 1 11 1
5923586 4 1 11 0
5923739 4 1 11 1
5923930 6 1 3 1
5924105 2 1 10 1
5924222 4 1 11 0
5924253 7 1 10 1
5924668 3 1 3 1
5924714 3 1 10 1
5924985 4 1 11 1
5925169 0 1 1 1
5925206 333 0 1 1
5925354 4 1 3 1
5925800 6 1 8 0
5925914 3 1 12 0
5926025 4 1 11 0
5926369 6 1 5 1
5926419 298 0 1 1
5926667 2 1 4 0
5926696 6 1 4 1
5927006 96 0 1 0
5927146 6 1 7 0
5927163 6 1 10 0
5927319 4 1 12 1
5927646 7 1 2 0
5927878 2 1 1 0
5928002 3 1 3 0
5928148 4 1 9 0
5928372 3 1 4 0
5928394 6 1 11 0
5928402 2 1 6 0
5928445 3 1 12 1
5929444 7 1 10 0
5929484 6 1 3 0
5929861 0 1 3 1
5929867 292 0 1 0
5929898 0 1 1 0
5930009 6 1 8 1
5930120 6 1 7 1
5930182 0 1 3 0
5930362 333 0 1 0
5930483 0 1 3 1
5930550 1 1 1 0
5930671 4 1 12 0
5930860 6 1 5 0
5930933 4 1 3 0
5931210 2 1 4 1
5931375 3 1 4 1
5931606 7 1 2 1
5931893 2 1 1 1
5931925 4 1 9 1
5932032 2 1 6 1
5932056 6 1 11 1
5932117 2 1 6 0
5932333 6 1 10 1
5932415 0 1 7 0
5932532 2 1 6 1
5933087 298 0 1 0
5933480 4 1 11 1
5933594 7 1 10 1
5933793 4 1 11 0
5933803 1 1 1 1
5933905 188 0 1 0
5934035 63 0 1 0
5934188 6 1 3 1
5934218 0 1 3 0
5934270 6 1 8 0
5934627 0 1 1 1
5934768 2 1 10 0
5934972 4 1 11 1
5935077 164 0 1 0
5935101 6 1 5 1
5935345 292 0 1 1
5935452 4 1 3 1
5935480 2 1 4 0
5935738 6 1 4 0
5935758 3 1 10 0
5935891 0 1 7 1
5936066 232 0 1 0
5936335 333 0 1 1
5936379 3 1 3 1
5936630 6 1 10 0
5936721 3 1 3 0
5937010 4 1 12 1
5937018 3 1 3 1
5937204 96 0 1 1
5937319 4 1 11 0
5937419 4 1 9 0
5937923 2 1 6 0
5938135 2 1 10 1
5938142 3 1 10 1
5938725 6 1 11 0
5938759 2 1 1 0
5938850 6 1 5 0
5938983 6 1 4 1
5939070 164 0 1 1
5939223 7 1 10 0
5939336 6 1 8 1
5939638 6 1 3 0
5939765 2 1 4 1
5939805 3 1 3 0
5939864 0 1 1 0
5939953 188 0 1 1
5940091 298 0 1 1
5940403 4 1 3 0
5940804 0 1 3 1
5940934 4 1 9 1
5940951 4 1 12 0
5941045 2 1 6 1
5941183 4 1 9 0
5941271 3 1 4 0
5941384 333 0 1 0
5941531 4 1 9 1
5941901 6 1 10 1
5942149 2 1 1 1
5942276 6 1 11 1
5942374 326 0 1 1
5942527 292 0 1 0
5942933 3 1 12 0
5943086 7 1 2 0
5943091 6 1 5 1
5943290 96 0 1 0
5943473 63 0 1 1
5944088 6 1 3 1
5944100 6 1 8 0
5944373 7 1 10 1
5944392 4 1 3 1
5944471 6 1 7 0
5944474 0 1 1 1
5944495 2 1 4 0
5944524 3 1 4 1
5944965 1 1 1 0
5945517 0 1 3 0
5945542 232 0 1 1
5945583 3 1 12 1
5946019 6 1 10 0
5946551 7 1 2 1
5946658 3 1 3 1
5946752 2 1 10 0
5946928 2 1 6 0
5946953 0 1 7 0
5947105 4 1 9 0
5947357 333 0 1 1
5947399 6 1 7 1
5947579 298 0 1 0
5947705 6 1 5 0
5948091 1 1 1 1
5948319 6 1 4 0
5948427 4 1 12 1
5948441 6 1 11 0
5948500 292 0 1 1
5948803 6 1 3 0
5948818 0 1 1 0
5949189 2 1 4 1
5949533 3 1 3 0
5949711 3 1 10 0
5949799 4 1 3 0
5949809 6 1 8 1
5949829 0 1 7 1
5949994 6 1 10 1
5950094 2 1 10 1
5950153 2 1 1 0
5950357 7 1 10 0
5950677 2 1 6 1
5951082 4 1 9 1
5951199 6 1 4 1
5951317 6 1 4 0
5951445 6 1 4 1
5951792 333 0 1 0
5951938 188 0 1 0
5951972 4 1 11 1
5952114 4 1 12 0
5952258 4 1 11 0
5952323 6 1 11 1
5952460 3 1 10 1
5952470 4 1 11 1
5952595 0 1 3 1
5952823 7 1 2 0
5953031 96 0 1 1
5953255 6 1 3 1
5953319 6 1 5 1
5953801 0 1 1 1
5954051 298 0 1 1
5954164 2 1 1 1
5954196 2 1 4 0
5954368 4 1 3 1
5954759 6 1 8 0
5954793 4 1 11 0
5955007 7 1 10 1
5955014 1 1 1 0
5955249 3 1 4 0
5955280 6 1 10 0
5955720 292 0 1 0
5955929 7 1 2 1
5956537 0 1 3 0
5956759 3 1 3 1
5957061 4 1 9 0
5957270 333 0 1 1
5957460 2 1 6 0
5957548 188 0 1 1
5957564 6 1 5 0
5957756 2 1 10 0
5957894 1 1 1 1
5958051 96 0 1 0
5958062 3 1 4 1
5958154 6 1 4 0
5958169 0 1 1 0
5958202 6 1 3 0
5958682 326 0 1 0
5958743 2 1 4 1
5959367 6 1 7 0
5959455 4 1 12 1
5959515 6 1 11 0
5959612 3 1 3 0
5959645 4 1 3 0
5959909 6 1 8 1
5960048 3 1 12 0
5960489 2 1 10 1
5960601 6 1 10 1
5960602 4 1 9 1
5960673 298 0 1 0
5960959 2 1 6 1
5961007 164 0 1 0
5961403 6 1 4 1
5961665 7 1 10 0
5961693 292 0 1 1
5962274 333 0 1 0
5962406 0 1 1 1
5962509 6 1 7 1
5962517 6 1 3 1
5962532 0 1 7 0
5962932 6 1 5 1
5963071 3 1 12 1
5963092 3 1 10 0
5963164 2 1 4 0
5963213 6 1 11 1
5963504 0 1 3 1
5963588 4 1 12 0
5963671 6 1 8 0
5963678 2 1 1 0
5964037 4 1 3 1
5964227 1 1 1 0
5964791 188 0 1 0
5964900 6 1 10 0
5965000 164 0 1 1
5965312 7 1 2 0
5965726 0 1 7 1
5965837 4 1 9 0
5965853 3 1 10 1
5965926 7 1 10 1
5966090 7 1 10 0
5966203 3 1 3 1
5966446 7 1 10 1
5966466 2 1 6 0
5966762 0 1 1 0
5966789 298 0 1 1
5967123 0 1 3 0
5967278 96 0 1 1
5967451 2 1 1 1
5967550 6 1 5 0
5967752 3 1 4 0
5967911 6 1 3 0
5967977 2 1 4 1
5968012 1 1 1 1
5968213 4 1 3 0
5968247 333 0 1 1
5968309 6 1 8 1
5968894 292 0 1 0
5968920 6 1 11 0
5969084 3 1 3 0
5969098 4 1 9 1
5969137 7 1 2 1
5969870 4 1 11 1
5969965 2 1 6 1
5970574 6 1 10 1
5970886 3 1 4 1
5971108 6 1 4 0
5971180 4 1 12 1
5971735 4 1 3 1
5971861 4 1 3 0
5971943 188 0 1 1
5971997 2 1 10 0
5972148 4 1 3 1
5972208 6 1 3 1
5972245 0 1 1 1
5972291 2 1 4 0
5972344 6 1 11 1
5972424 6 1 8 0
5972525 7 1 10 0
5972668 6 1 5 1
5972759 1 1 1 0
5972831 96 0 1 0
5972954 4 1 11 0
5972963 0 1 3 1
5973220 333 0 1 0
5973676 6 1 7 0
5973695 298 0 1 0
5974349 6 1 4 1
5974465 4 1 9 0
5974585 2 1 1 0
5974867 292 0 1 1
5974894 4 1 12 0
5974972 3 1 10 0
5975520 2 1 10 1
5975694 6 1 10 0
5976338 2 1 4 1
5976484 0 1 3 0
5976650 6 1 3 0
5976818 6 1 7 1
5976897 4 1 3 0
5976921 7 1 10 1
5976985 1 1 1 1
5977030 0 1 7 0
5977050 2 1 6 0
5977474 0 1 1 0
5977480 3 1 3 1
5977507 3 1 12 0
5977536 6 1 5 0
5977646 232 0 1 0
5977842 2 1 1 1
5977953 2 1 1 0
5978024 6 1 8 1
5978325 6 1 11 0
5978346 3 1 10 1
5978377 4 1 9 1
5978604 2 1 1 1
5978774 63 0 1 0
5979205 333 0 1 1
5979221 7 1 2 0
5979610 6 1 10 1
5979725 298 0 1 1
5979831 0 1 7 1
5980335 6 1 4 0
5980458 3 1 12 1
5980588 2 1 4 0
5980602 3 1 3 0
5980886 4 1 3 1
5981012 4 1 3 0
5981035 4 1 3 1
5981049 2 1 6 1
5981061 6 1 3 1
5981158 326 0 1 1
5981435 7 1 10 0
5981770 6 1 11 1
5981832 3 1 4 0
5982019 7 1 2 1
5982023 6 1 11 0
5982276 6 1 11 1
5982285 6 1 5 1
5982370 4 1 12 1
5982542 1 1 1 0
5982633 188 0 1 0
5982780 6 1 8 0
5982830 2 1 1 0
5983097 0 1 3 1
5983163 4 1 9 0
5983310 0 1 1 1
5983352 2 1 10 0
5983457 6 1 4 1
5983543 96 0 1 1
5983598 6 1 10 0
5983703 333 0 1 0
5984827 7 1 10 1
5984962 3 1 4 1
5984976 164 0 1 0
5985012 2 1 4 1
5985818 6 1 3 0
5985934 4 1 12 0
5986112 4 1 3 0
5986241 298 0 1 0
5986280 6 1 5 0
5986479 2 1 10 1
5986661 0 1 3 0
5986722 2 1 6 0
5987066 3 1 3 1
5987222 63 0 1 1
5987289 3 1 3 0
5987548 1 1 1 1
5987583 4 1 9 1
5987845 2 1 1 1
5987883 6 1 10 1
5988109 6 1 11 0
5988112 232 0 1 1
5988209 3 1 3 1
5988424 0 1 1 0
5988729 3 1 10 0
5988969 164 0 1 1
5989060 2 1 4 0
5989300 7 1 2 0
5989595 7 1 10 0
5989602 2 1 6 1
5989680 6 1 8 1
5989785 188 0 1 1
5989935 4 1 11 1
5989939 6 1 3 1
5990171 333 0 1 1
5990451 4 1 3 1
5990521 6 1 5 1
5990568 0 1 7 0
5990920 292 0 1 0
5991209 96 0 1 0
5991241 3 1 3 0
5991461 1 1 1 0
5991735 2 1 1 0
5991742 3 1 10 1
5991903 4 1 9 0
5991923 6 1 11 1
5991993 6 1 7 0
5992045 0 1 3 1
5992240 0 1 3 0
5992347 7 1 2 1
5992538 0 1 1 1
5992568 3 1 12 0
5992759 4 1 11 0
5992766 298 0 1 1
5992850 6 1 10 0
5992902 0 1 3 1
5993478 0 1 7 1
5993488 2 1 4 1
5993709 6 1 4 0
5994066 7 1 10 1
5994359 6 1 8 0
5994497 6 1 3 0
5994747 3 1 4 0
5994878 6 1 7 1
5994980 4 1 12 1
5995020 6 1 5 0
5995039 4 1 9 1
5995042 4 1 9 0
5995073 4 1 3 0
5995131 1 1 1 1
5995258 2 1 1 1
5995345 3 1 12 1
5995466 232 0 1 0
5995466 2 1 1 0
5995631 2 1 1 1
5995640 333 0 1 0
5995811 4 1 9 1
5995980 2 1 1 0
5996188 2 1 1 1
5996393 2 1 6 0
5996398 292 0 1 1
5996648 326 0 1 0
5996775 0 1 1 0
5996817 0 1 3 0
5997242 2 1 10 0
5997301 6 1 10 1
5997754 6 1 4 1
5997989 2 1 4 0
5997996 3 1 4 1
5998125 6 1 11 0
5998538 6 1 3 1
5998844 3 1 3 1
5999126 4 1 12 0
5999161 3 1 3 0
5999282 298 0 1 0
5999348 3 1 3 1
5999374 2 1 1 0
5999380 6 1 5 1
5999390 4 1 3 1
5999477 3 1 3 0
5999737 3 1 3 1
6000089 2 1 10 1
6000386 6 1 8 1
6000503 2 1 6 1
6000748 7 1 10 0
6000818 3 1 10 0
6000963 232 0 1 1
6001116 4 1 9 0
6001496 7 1 2 0
6001523 1 1 1 0
6001938 6 1 11 1
6002178 96 0 1 1
6002231 188 0 1 0
6002274 2 1 4 1
6002373 0 1 1 1
6002990 6 1 3 0
6003106 0 1 3 1
6003121 3 1 3 0
6003469 6 1 10 0
6004075 3 1 10 1
6004194 4 1 3 0
6004282 2 1 1 1
6004407 6 1 8 0
6004498 6 1 5 0
6005054 0 1 7 0
6005078 333 0 1 1
6005140 7 1 10 1
6005195 7 1 10 0
6005499 298 0 1 1
6005525 7 1 10 1
6005718 7 1 2 1
6006052 4 1 9 1
6006197 0 1 3 0
6006253 3 1 4 0
6006302 1 1 1 1
6006305 1 1 1 0
6006575 1 1 1 1
6006596 6 1 4 0
6006841 6 1 7 0
6006843 3 1 12 0
6006851 2 1 4 0
6006987 0 1 1 0
6007031 6 1 3 1
6007614 4 1 12 1
6007635 6 1 10 1
6007663 2 1 6 0
6008025 6 1 11 0
6008266 0 1 7 1
6008810 2 1 1 0
6008857 96 0 1 0
6008926 164 0 1 0
6008970 4 1 3 1
6008993 6 1 5 1
6009295 6 1 8 1
6009549 333 0 1 0
6009594 6 1 7 1
6009637 3 1 4 1
6009831 188 0 1 1
6009837 6 1 4 1
6009893 3 1 12 1
6010368 1 1 1 0
6010893 4 1 12 0
6011275 2 1 4 1
6011336 2 1 10 0
6011539 2 1 6 1
6011613 3 1 3 1
6011619 4 1 9 0
6011630 7 1 10 0
6011826 6 1 3 0
6011953 6 1 11 1
6012013 0 1 3 1
6012218 0 1 1 1
6012523 2 1 1 1
6012812 3 1 10 0
6012837 298 0 1 0
6012919 164 0 1 1
6012975 6 1 5 0
6013049 2 1 5 1
6013241 0 1 3 0
6013293 6 1 10 0
6013392 0 1 3 1
6013900 1 1 1 1
6014327 3 1 3 0
6014379 4 1 3 0
6014523 6 1 8 0
6014871 2 1 10 1
6014984 7 1 2 0
6015011 4 1 9 1
6015492 3 1 4 0
6015545 3 1 10 1
6015776 7 1 10 1
6016126 2 1 4 0
6016191 6 1 3 1
6016302 0 1 3 0
6016459 0 1 1 0
6017096 6 1 5 1
6017502 333 0 1 1
6017586 6 1 10 1
6017620 2 1 1 0
6017738 188 0 1 0
6017849 4 1 12 1
6017925 6 1 11 0
6018117 2 1 5 0
6018134 2 1 6 0
6018182 1 1 1 0
6018391 292 0 1 0
6018439 7 1 2 1
6018784 6 1 8 1
6018814 96 0 1 1
6018858 326 0 1 1
6018999 3 1 4 1
6019042 4 1 3 1
6019216 6 1 7 0
6019362 298 0 1 1
6019416 6 1 4 0
6020544 7 1 10 0
6020656 3 1 3 1
6020753 2 1 4 1
6020982 4 1 12 0
6021126 4 1 9 0
6021130 0 1 7 0
6021137 6 1 3 0
6021818 6 1 10 0
6021829 0 1 1 1
6021846 6 1 7 1
6021906 2 1 5 1
6021940 6 1 5 0
6021998 2 1 6 1
6022127 6 1 11 1
6022273 0 1 3 1
6022583 0 1 3 0
6022637 1 1 1 1
6022879 292 0 1 1
6022918 2 1 1 1
6022968 2 1 10 0
6022980 63 0 1 0
6023161 6 1 4 1
6023258 2 1 1 0
6023483 0 1 3 1
6023503 3 1 12 0
6023611 333 0 1 0
6023651 2 1 1 1
6023732 3 1 3 0
6024081 4 1 3 0
6024326 6 1 8 0
6024376 188 0 1 1
6024477 0 1 7 1
6024806 3 1 10 0
6024906 7 1 10 1
6024907 4 1 9 1
6025672 6 1 3 1
6025760 2 1 4 0
6025859 298 0 1 0
6025989 0 1 3 0
6026005 96 0 1 0
6026118 2 1 10 1
6026317 6 1 5 1
6026546 3 1 12 1
6026987 7 1 2 0
6026988 6 1 10 1
6027417 2 1 1 0
6027427 0 1 1 0
6027563 6 1 11 0
6027829 3 1 10 1
6028017 2 1 5 0
6028021 3 1 4 0
6028314 6 1 8 1
6028805 4 1 12 1
6028830 4 1 3 1
6028868 2 1 6 0
6029359 1 1 1 0
6029834 7 1 2 1
6030079 6 1 4 0
6030253 2 1 4 1
6030401 164 0 1 0
6030717 188 0 1 0
6030790 6 1 5 0
6030798 7 1 10 0
6030910 6 1 3 0
6031428 63 0 1 1
6031576 4 1 9 0
6031745 6 1 11 1
6031769 0 1 3 1
6031778 3 1 4 1
6031790 2 1 5 1
6031828 2 1 1 1
6032253 6 1 10 0
6032384 298 0 1 1
6032486 3 1 3 1
6032510 0 1 3 0
6032617 2 1 6 1
6032621 4 1 12 0
6032791 0 1 1 1
6032825 0 1 3 1
6032951 6 1 4 1
6032969 6 1 8 0
6033049 333 0 1 1
6033086 232 0 1 0
6033802 1 1 1 1
6034022 1 1 1 0
6034073 4 1 3 0
6034341 1 1 1 1
6034394 164 0 1 1
6034870 6 1 3 1
6035117 3 1 3 0
6035256 7 1 10 1
6035358 2 1 4 0
6035415 4 1 9 1
6035419 0 1 3 0
6035632 6 1 7 0
6035654 6 1 5 1
6035677 96 0 1 1
6035915 3 1 10 0
6036004 326 0 1 0
6036126 2 1 1 0
6037098 0 1 7 0
6037136 7 1 2 0
6037401 0 1 1 0
6037508 6 1 8 1
6037578 333 0 1 0
6037742 6 1 11 0
6037873 2 1 5 0
6037951 6 1 10 1
6038084 3 1 12 0
6038262 6 1 7 1
6038453 1 1 1 0
6038481 4 1 3 1
6038824 3 1 10 1
6039068 188 0 1 1
6039252 3 1 4 0
6039304 2 1 6 0
6039605 298 0 1 0
6039782 2 1 10 0
6039876 6 1 5 0
6040195 6 1 3 0
6040267 2 1 4 1
6040317 0 1 7 1
6040345 7 1 10 0
6040409 7 1 2 1
6040615 3 1 12 1
6040968 96 0 1 0
6041226 4 1 9 0
6041280 2 1 1 1
6041305 4 1 12 1
6041398 6 1 4 0
6041559 6 1 11 1
6041646 2 1 5 1
6041950 3 1 3 1
6042099 1 1 1 1
6042317 3 1 3 0
6042378 3 1 4 1
6042543 232 0 1 1
6042625 0 1 3 1
6042675 6 1 8 0
6042683 2 1 6 1
6042721 3 1 3 1
6043066 6 1 10 0
6043122 0 1 1 1
6043170 2 1 10 1
6043487 7 1 10 1
6043551 333 0 1 1
6043792 4 1 3 0
6044282 6 1 3 1
6044749 4 1 9 1
6044770 6 1 4 1
6045009 2 1 4 0
6045331 4 1 12 0
6045350 3 1 3 0
6045376 6 1 5 1
6045625 0 1 3 0
6045891 2 1 1 0
6046136 298 0 1 1
6046966 6 1 10 1
6047234 6 1 11 0
6047387 1 1 1 0
6047398 2 1 5 0
6047484 6 1 8 1
6047766 3 1 10 0
6047813 188 0 1 0
6048188 0 1 1 0
6048303 333 0 1 0
6048362 4 1 3 1
6048430 7 1 2 0
6049116 7 1 10 0
6049147 6 1 5 0
6049371 3 1 4 0
6049438 6 1 3 0
6049532 2 1 4 1
6049648 2 1 1 1
6049848 2 1 6 0
6050430 3 1 10 1
6050587 96 0 1 1
6051027 6 1 10 0
6051145 4 1 9 0
6051179 2 1 5 1
6051391 6 1 7 0
6051424 6 1 11 1
6051555 0 1 7 0
6051592 7 1 2 1
6051936 1 1 1 1
6051984 3 1 12 0
6052171 2 1 10 0
6052203 3 1 3 1
6052455 298 0 1 0
6052564 0 1 1 1
6052565 4 1 12 1
6052919 0 1 3 1
6052955 6 1 8 0
6053001 3 1 4 1
6053190 6 1 4 0
6053216 2 1 6 1
6053262 7 1 10 1
6053540 4 1 3 0
6053796 6 1 3 1
6053924 2 1 1 0
6054005 292 0 1 0
6054040 6 1 5 1
6054166 6 1 5 0
6054276 333 0 1 1
6054451 188 0 1 1
6054626 3 1 12 1
6054633 6 1 7 1
6054674 6 1 5 1
6054677 0 1 7 1
6054793 2 1 4 0
6054865 164 0 1 0
6054888 6 1 10 1
6054933 2 1 10 1
6055024 1 1 1 0
6055444 4 1 9 1
6055828 4 1 12 0
6055893 3 1 3 0
6056280 0 1 3 0
6056730 96 0 1 0
6056746 2 1 5 0
6056927 6 1 4 1
6057218 0 1 1 0
6057313 3 1 10 0
6057470 6 1 11 0
6057490 6 1 8 1
6057983 4 1 3 1
6058109 4 1 3 0
6058157 326 0 1 1
6058171 7 1 2 0
6058464 4 1 3 1
6058518 7 1 10 0
6058772 1 1 1 1
6058858 164 0 1 1
6058884 6 1 3 0
6058980 298 0 1 1
6059160 333 0 1 0
6059197 2 1 1 1
6059454 6 1 5 0
6059483 292 0 1 1
6059514 6 1 10 0
6059781 2 1 4 1
6059959 3 1 10 1
6060070 3 1 4 0
6060333 188 0 1 0
6060400 2 1 5 1
6060675 63 0 1 0
6060836 2 1 6 0
6061271 6 1 11 1
6061553 4 1 9 0
6062007 7 1 2 1
6062868 0 1 1 1
6062875 6 1 3 1
6062980 7 1 10 1
6063450 3 1 4 1
6063465 6 1 8 0
6063670 4 1 3 0
6063685 2 1 1 0
6063893 0 1 3 1
6063947 4 1 12 1
6064204 2 1 6 1
6064490 6 1 5 1
6064616 2 1 4 0
6064712 1 1 1 0
6065133 333 0 1 1
6065684 6 1 10 1
6065851 6 1 7 0
6065958 3 1 12 0
6065975 2 1 10 0
6066192 298 0 1 0
6066208 2 1 5 0
6066481 3 1 3 1
6066547 4 1 9 1
6066600 96 0 1 1
6066844 0 1 3 0
6066930 6 1 11 0
6067018 0 1 1 0
6067519 4 1 12 0
6067604 0 1 7 0
6067680 188 0 1 1
6067750 6 1 8 1
6067823 2 1 1 1
6067869 6 1 4 0
6067955 4 1 3 1
6068165 6 1 3 0
6068448 6 1 5 0
6068674 6 1 7 1
6068854 3 1 12 1
6069002 2 1 10 1
6069059 3 1 10 0
6069300 2 1 4 1
6069311 7 1 2 0
6069464 7 1 10 0
6069489 1 1 1 1
6069695 3 1 3 0
6070049 333 0 1 0
6070481 2 1 5 1
6070489 6 1 11 1
6070549 2 1 6 0
6070599 0 1 7 1
6070792 4 1 9 0
6071103 63 0 1 1
6071442 3 1 4 0
6071606 6 1 10 0
6071744 2 1 1 0
6071779 0 1 1 1
6071864 6 1 4 1
6072145 6 1 3 1
6072270 3 1 10 1
6072723 298 0 1 1
6072723 232 0 1 0
6072930 4 1 3 0
6073077 6 1 5 1
6073184 0 1 3 1
6073259 7 1 2 1
6073562 6 1 8 0
6073679 0 1 3 0
6073836 2 1 6 1
6074067 0 1 3 1
6074117 1 1 1 0
6074307 2 1 4 0
6074329 3 1 4 1
6074332 96 0 1 0
6074362 4 1 9 1
6074853 2 1 10 0
6074856 7 1 10 1
6074864 4 1 12 1
6075032 333 0 1 1
6075240 0 1 3 0
6075549 0 1 1 0
6076108 2 1 5 0
6076117 6 1 11 0
6076123 0 1 3 1
6076280 6 1 10 1
6076521 2 1 1 1
6076527 314 0 1 1
6076876 0 1 3 0
6076911 4 1 3 1
6077087 1 1 1 1
6077215 1 1 11 1
6077330 6 1 5 0
6077364 292 0 1 0
6077488 4 1 12 0
6077519 6 1 8 1
6077773 7 1 2 0
6077858 0 1 3 1
6078062 6 1 3 0
6078177 0 1 3 0
6078320 164 0 1 0
6078433 2 1 10 1
6078800 2 1 4 1
6079061 298 0 1 0
6079587 188 0 1 0
6079663 333 0 1 0
6079709 3 1 3 1
6079844 6 1 11 1
6079871 4 1 9 0
6079873 2 1 1 0
6080160 314 0 1 0
6080601 3 1 12 0
6080699 0 1 1 1
6080869 2 1 5 1
6080948 6 1 5 1
6081291 7 1 10 0
6081300 3 1 10 0
6081391 4 1 3 0
6081563 6 1 5 0
6081603 1 1 11 0
6081674 6 1 10 0
6081678 0 1 7 0
6081721 7 1 2 1
6081831 6 1 5 1
6082062 2 1 6 0
6082064 3 1 4 0
6082532 1 1 1 0
6082576 6 1 7 0
6082586 6 1 8 0
6082636 6 1 3 1
6082808 164 0 1 1
6082842 292 0 1 1
6082864 3 1 3 0
6083009 0 1 3 1
6083157 232 0 1 1
6083331 0 1 3 0
6083402 4 1 9 1
6083461 2 1 4 0
6083703 3 1 12 1
6083709 6 1 4 0
6083896 2 1 1 1
6083900 4 1 12 1
6083902 0 1 3 1
6083980 2 1 1 0
6084184 3 1 10 1
6084269 2 1 1 1
6084490 0 1 7 1
6084983 6 1 11 0
6085303 96 0 1 1
6085441 6 1 7 1
6085475 1 1 11 1
6085533 298 0 1 1
6085694 3 1 4 1
6085926 4 1 3 1
6086008 2 1 5 0
6086049 2 1 6 1
6086184 6 1 5 0
6086226 0 1 1 0
6086441 7 1 10 1
6086621 6 1 8 1
6086836 6 1 10 1
6086964 4 1 12 0
6087232 4 1 9 0
6087259 326 0 1 0
6087396 0 1 3 0
6087520 6 1 4 1
6087615 2 1 4 1
6087947 7 1 2 0
6087965 6 1 3 0
6087977 1 1 1 1
6088522 6 1 11 1
6089349 2 1 1 0
6090011 232 0 1 0
6090091 2 1 5 1
6090253 0 1 1 1
6090472 6 1 5 1
6090662 6 1 10 0
6090680 188 0 1 1
6091144 4 1 3 0
6091412 7 1 2 1
6091668 1 1 1 0
6091697 6 1 8 0
6091778 1 1 11 0
6091924 96 0 1 0
6091951 2 1 4 0
6092052 6 1 3 1
6092116 4 1 9 1
6092287 3 1 10 0
6092587 298 0 1 0
6093061 333 0 1 1
6093168 2 1 10 0
6093171 4 1 12 1
6093363 63 0 1 0
6093614 0 1 3 1
6093663 7 1 10 0
6093891 0 1 1 0
6093892 0 1 3 0
6093893 3 1 3 1
6094111 6 1 11 0
6094382 3 1 4 0
6094499 232 0 1 1
6094774 6 1 10 1
6095027 1 1 1 1
6095064 3 1 10 1
6095094 6 1 5 0
6095172 0 1 7 0
6095232 0 1 3 1
6095356 2 1 5 0
6095409 2 1 6 0
6095499 2 1 1 1
6095593 0 1 3 0
6095650 1 1 11 1
6095814 6 1 4 0
6095925 4 1 3 1
6096081 2 1 4 1
6096195 2 1 10 1
6096253 4 1 12 0
6096329 6 1 8 1
6096518 3 1 12 0
6096584 0 1 3 1
6096992 3 1 3 0
6097400 333 0 1 0
6097580 0 1 3 0
6097631 3 1 4 1
6097667 4 1 9 0
6097835 188 0 1 0
6097839 6 1 11 1
6097861 6 1 3 0
6097917 0 1 7 1
6097961 7 1 2 0
6098317 7 1 10 1
6098473 0 1 3 1
6098520 6 1 7 0
6098682 6 1 4 1
6099168 0 1 1 1
6099188 6 1 10 0
6099299 3 1 12 1
6099456 0 1 3 0
6099526 298 0 1 1
6099535 2 1 6 1
6099648 2 1 5 1
6099699 6 1 5 1
6100574 4 1 3 0
6100704 292 0 1 0
6100810 2 1 1 0
6100827 2 1 4 0
6101053 1 1 1 0
6101396 6 1 7 1
6101447 4 1 9 1
6101478 314 0 1 1
6101775 164 0 1 0
6102044 7 1 2 1
6102201 4 1 12 1
6102444 6 1 3 1
6102471 1 1 11 0
6102801 63 0 1 1
6102834 6 1 8 0
6103154 6 1 11 0
6103454 326 0 1 1
6103560 0 1 1 0
6103605 7 1 10 0
6103737 96 0 1 1
6103787 3 1 4 0
6103949 2 1 10 0
6104100 6 1 10 1
6104435 0 1 3 1
6104542 6 1 5 0
6104565 0 1 3 0
6104785 3 1 10 0
6104818 2 1 5 0
6104828 4 1 3 1
6104956 2 1 1 1
6105020 4 1 3 0
6105277 0 1 3 1
6105383 4 1 12 0
6105404 314 0 1 0
6105413 4 1 3 1
6105443 2 1 4 1
6105768 164 0 1 1
6105829 1 1 1 1
6106182 292 0 1 1
6106478 1 1 11 1
6106663 3 1 4 1
6106739 3 1 3 1
6106767 4 1 9 0
6106812 6 1 11 1
6106837 6 1 4 0
6106888 298 0 1 0
6106946 2 1 6 0
6107353 2 1 10 1
6107373 6 1 8 1
6107882 7 1 10 1
6107957 188 0 1 1
6107996 6 1 3 0
6108050 3 1 10 1
6108617 6 1 5 1
6108824 2 1 1 0
6108837 0 1 1 1
6108976 2 1 5 1
6109256 0 1 7 0
6109475 0 1 3 0
6109571 3 1 12 0
6109822 2 1 6 1
6109862 3 1 3 0
6109905 6 1 10 0
6110024 7 1 2 0
6110187 6 1 4 1
6110530 2 1 4 0
6110584 4 1 3 0
6111322 4 1 9 1
6111355 4 1 9 0
6111435 96 0 1 0
6111574 1 1 1 0
6111687 4 1 9 1
6112060 6 1 11 0
6112276 6 1 7 0
6112339 6 1 3 1
6112348 3 1 12 1
6112614 0 1 1 0
6112641 0 1 7 1
6112702 7 1 10 0
6112711 1 1 11 0
6112832 6 1 5 0
6113109 4 1 12 1
6113273 188 0 1 0
6113419 298 0 1 1
6113419 6 1 8 0
6113591 7 1 2 1
6113728 2 1 5 0
6113839 2 1 1 1
6114182 3 1 4 0
6114706 6 1 10 1
6114758 333 0 1 1
6115121 6 1 7 1
6115172 2 1 4 1
6115220 1 1 1 1
6115246 4 1 3 1
6115511 4 1 9 0
6115800 6 1 11 1
6115968 2 1 6 0
6116047 3 1 10 0
6116313 7 1 10 1
6116507 2 1 10 0
6116570 4 1 12 0
6116583 1 1 11 1
6116741 232 0 1 0
6116902 6 1 5 1
6116905 6 1 5 0
6117010 0 1 1 1
6117188 6 1 5 1
6117435 3 1 4 1
6117731 2 1 1 0
6117897 6 1 4 0
6118017 2 1 5 1
6118171 6 1 3 0
6118212 6 1 8 1
6118671 1 1 1 0
6118903 4 1 9 1
6119002 333 0 1 0
6119013 3 1 10 1
6119205 2 1 6 1
6119410 0 1 3 1
6119591 2 1 10 1
6119740 3 1 3 1
6119789 6 1 10 0
6119975 3 1 3 0
6120125 4 1 3 0
6120141 2 1 4 0
6120154 298 0 1 0
6120624 3 1 3 1
6120888 7 1 10 0
6121618 6 1 4 1
6121838 6 1 5 0
6121865 2 1 1 1
6121948 7 1 2 0
6121955 6 1 11 0
6122074 4 1 12 1
6122488 6 1 3 1
6122557 0 1 1 0
6122820 1 1 11 0
6122967 63 0 1 0
6123257 3 1 3 0
6123312 0 1 3 0
6123372 96 0 1 1
6123492 292 0 1 0
6123628 2 1 5 0
6124138 6 1 8 0
6124235 1 1 1 1
6124238 3 1 12 0
6124288 7 1 10 1
6124644 4 1 3 1
6124699 0 1 7 0
6124761 4 1 9 0
6124914 2 1 4 1
6124932 4 1 12 0
6125102 7 1 2 1
6125249 164 0 1 0
6125325 6 1 10 1
6126073 6 1 5 1
6126141 6 1 11 1
6126179 232 0 1 1
6126184 298 0 1 1
6126316 2 1 1 0
6126372 3 1 4 0
6126446 1 1 11 1
6127187 0 1 12 1
6127412 3 1 12 1
6127488 2 1 6 0
6127560 0 1 7 1
6127830 0 1 1 1
6127909 2 1 5 1
6127994 6 1 3 0
6128207 314 0 1 1
6128475 292 0 1 1
6128479 3 1 10 0
6128550 6 1 8 1
6128945 7 1 10 0
6129242 164 0 1 1
6129343 96 0 1 0
6129364 4 1 9 1
6129451 2 1 4 0
6129519 4 1 3 0
6129592 1 1 1 0
6129871 2 1 10 0
6130297 6 1 10 0
6130356 3 1 4 1
6130737 6 1 5 0
6131011 4 1 12 1
6131061 0 1 3 1
6131086 6 1 7 0
6131249 0 1 12 0
6131365 0 1 3 0
6131733 3 1 10 1
6131788 2 1 6 1
6131835 2 1 1 1
6131861 0 1 1 0
6132021 6 1 3 1
6132155 6 1 11 0
6132227 188 0 1 1
6132247 314 0 1 0
6132303 3 1 3 1
6132464 7 1 10 1
6132538 2 1 5 0
6132579 0 1 3 1
6132594 298 0 1 0
6133025 2 1 10 1
6133076 232 0 1 0
6133134 4 1 9 0
6133309 1 1 1 1
6133390 333 0 1 1
6133395 63 0 1 1
6133713 1 1 11 0
6133797 6 1 7 1
6134004 6 1 4 0
6134117 2 1 4 1
6134216 4 1 3 1
6134384 4 1 12 0
6134608 6 1 5 1
6135008 7 1 2 0
6135094 6 1 10 1
6135104 6 1 8 0
6135297 3 1 3 0
6135451 326 0 1 0
6135597 0 1 3 0
6135693 6 1 11 1
6135903 0 1 12 1
6136062 2 1 1 0
6136708 2 1 5 1
6136777 0 1 1 1
6137161 7 1 10 0
6137466 3 1 4 0
6137489 333 0 1 0
6137548 1 1 11 1
6137564 232 0 1 1
6137588 6 1 3 0
6137741 6 1 4 1
6138241 96 0 1 1
6138579 7 1 2 1
6138589 4 1 9 1
6138594 1 1 1 0
6138749 96 0 1 0
6138756 3 1 12 0
6139034 96 0 1 1
6139074 298 0 1 1
6139100 2 1 4 0
6139149 6 1 5 0
6139255 4 1 3 0
6139624 188 0 1 0
6139639 6 1 8 1
6139779 0 1 7 0
6140291 7 1 10 1
6140346 3 1 4 1
6140430 3 1 10 0
6140590 4 1 12 1
6140655 0 1 12 0
6140700 2 1 1 1
6140864 6 1 11 0
6141050 0 1 1 0
6141110 6 1 10 0
6141285 2 1 10 0
6141563 3 1 12 1
6141996 6 1 3 1
6142119 2 1 6 0
6142221 2 1 5 0
6142656 0 1 7 1
6142925 4 1 9 0
6143056 0 1 3 1
6143239 1 1 1 1
6143313 4 1 12 0
6143318 3 1 10 1
6143552 1 1 11 0
6143845 0 1 3 0
6143869 2 1 4 1
6143937 6 1 5 1
6144036 4 1 3 1
6144312 2 1 10 1
6144383 7 1 10 0
6144544 0 1 3 1
6144798 3 1 3 1
6144808 6 1 11 1
6145167 96 0 1 0
6145197 0 1 12 1
6145290 292 0 1 0
6145442 6 1 7 0
6145631 6 1 8 0
6145722 298 0 1 0
6146348 2 1 1 0
6146368 2 1 6 1
6146432 333 0 1 1
6146462 0 1 1 1
6146645 2 1 5 1
6146740 1 1 11 1
6146932 6 1 10 1
6147540 6 1 4 0
6147555 6 1 3 0
6147626 4 1 9 1
6147649 3 1 3 0
6148016 7 1 2 0
6148017 7 1 10 1
6148085 0 1 3 0
6148188 4 1 12 1
6148356 3 1 4 0
6148367 1 1 1 0
6148369 6 1 7 1
6148549 2 1 4 0
6148704 164 0 1 0
6148773 4 1 3 0
6149123 6 1 5 0
6149590 326 0 1 1
6150223 0 1 12 0
6150273 292 0 1 1
6150624 6 1 11 0
6150666 7 1 2 1
6150809 6 1 8 1
6151035 6 1 4 1
6151448 6 1 3 1
6151486 2 1 1 1
6151604 4 1 12 0
6151640 333 0 1 0
6151746 4 1 9 0
6151751 0 1 1 0
6152019 2 1 5 0
6152105 3 1 4 1
6152182 3 1 10 0
6152266 298 0 1 1
6152586 6 1 10 0
6152680 1 1 11 0
6152697 164 0 1 1
6152752 0 1 7 0
6152844 3 1 12 0
6152953 2 1 4 1
6153070 314 0 1 1
6153200 7 1 10 0
6153378 1 1 1 1
6153647 4 1 3 1
6153980 6 1 5 1
6154034 6 1 5 0
6154185 188 0 1 1
6154381 6 1 5 1
6154533 0 1 12 1
6154814 6 1 11 1
6154836 2 1 10 0
6155184 3 1 10 1
6155569 2 1 6 0
6155775 0 1 7 1
6155800 96 0 1 1
6155846 232 0 1 0
6155852 3 1 3 1
6155901 0 1 1 1
6156005 2 1 1 0
6156014 3 1 12 1
6156054 2 1 5 1
6156061 3 1 3 0
6156071 1 1 11 1
6156364 0 1 3 1
6156616 3 1 3 1
6156790 6 1 8 0
6156864 6 1 3 0
6156886 4 1 12 1
6156918 4 1 9 1
6157469 7 1 10 1
6157474 2 1 4 0
6157586 314 0 1 0
6157665 2 1 10 1
6158145 1 1 1 0
6158383 6 1 10 1
6158588 4 1 3 0
6158763 298 0 1 0
6159098 333 0 1 1
6159186 3 1 3 0
6159243 188 0 1 0
6159286 0 1 12 0
6159306 2 1 6 1
6159521 6 1 5 0
6159567 7 1 2 0
6159783 0 1 3 0
6160174 0 1 1 0
6160236 3 1 4 0
6160256 4 1 12 0
6160571 4 1 9 0
6160715 2 1 5 0
6160743 96 0 1 0
6160774 6 1 3 1
6161019 6 1 11 0
6161401 2 1 1 1
6161829 6 1 8 1
6161982 1 1 1 1
6162104 6 1 4 0
6162255 2 1 4 1
6162359 6 1 10 0
6162605 7 1 10 0
6162606 7 1 2 1
6162941 4 1 3 1
6162948 3 1 4 1
6162992 1 1 11 0
6163261 6 1 7 0
6163348 333 0 1 0
6163417 3 1 10 0
6163814 188 0 1 1
6164011 6 1 5 1
6164063 0 1 12 1
6164793 298 0 1 1
6165004 2 1 5 1
6165019 4 1 9 1
6165086 6 1 11 1
6165340 0 1 1 1
6165820 6 1 10 1
6166022 6 1 7 1
6166299 232 0 1 1
6166345 6 1 4 1
6166364 3 1 10 1
6166645 2 1 1 0
6166672 6 1 3 0
6166687 6 1 8 0
6166816 0 1 3 1
6166884 1 1 11 1
6166936 2 1 10 0
6166956 0 1 3 0
6167010 3 1 12 0
6167106 2 1 6 0
6167123 0 1 3 1
6167251 7 1 10 1
6167460 2 1 4 0
6167503 0 1 3 0
6167573 63 0 1 0
6167593 4 1 3 0
6167602 292 0 1 0
6167992 0 1 3 1
6168373 0 1 3 0
6168395 4 1 12 1
6168511 188 0 1 0
6168769 0 1 7 0
6168792 6 1 5 0
6168959 3 1 3 1
6169002 0 1 1 0
6169014 0 1 12 0
6169213 0 1 3 1
6169559 1 1 1 0
6169610 4 1 9 0
6169703 164 0 1 0
6169914 3 1 12 1
6169974 2 1 6 1
6170083 6 1 8 1
6170265 2 1 10 1
6170529 2 1 1 1
6170615 2 1 5 0
6170774 6 1 10 0
6170875 96 0 1 1
6171115 6 1 11 0
6171249 6 1 3 1
6171290 298 0 1 0
6171713 3 1 3 0
6171861 0 1 3 0
6171912 3 1 4 0
6172013 4 1 3 1
6172091 4 1 12 0
6172161 0 1 7 1
6172585 292 0 1 1
6172619 2 1 4 1
6173009 6 1 5 1
6173547 7 1 10 0
6173551 0 1 12 1
6173696 164 0 1 1
6173776 333 0 1 1
6173969 7 1 2 0
6174072 1 1 11 0
6174451 4 1 9 1
6174511 6 1 8 0
6174719 2 1 1 0
6174791 0 1 1 1
6174868 1 1 1 1
6174912 2 1 5 1
6175031 63 0 1 1
6175178 6 1 11 1
6175400 6 1 10 1
6175415 3 1 10 0
6175665 3 1 4 1
6175747 2 1 6 0
6176401 4 1 3 0
6177032 7 1 2 1
6177062 6 1 3 0
6177207 2 1 4 0
6177266 6 1 5 0
6177341 326 0 1 0
6177444 1 1 11 1
6177538 298 0 1 1
6177868 333 0 1 0
6177938 96 0 1 0
6178067 1 1 1 0
6178177 0 1 12 0
6178189 4 1 9 0
6178312 7 1 10 1
6178386 2 1 10 0
6178579 6 1 4 0
6178852 3 1 10 1
6179182 6 1 7 0
6179238 2 1 6 1
6179321 4 1 12 1
6179443 0 1 3 1
6179485 0 1 3 0
6179550 6 1 8 1
6179734 2 1 1 1
6179967 0 1 3 1
6180058 2 1 5 0
6180235 6 1 10 0
6180389 314 0 1 1
6180457 0 1 1 0
6180956 6 1 3 1
6181059 4 1 3 1
6181245 6 1 5 1
6181314 6 1 11 0
6181411 2 1 10 1
6181500 3 1 12 0
6181595 3 1 3 1
6182024 2 1 4 1
6182152 6 1 7 1
6182155 6 1 7 0
6182177 4 1 12 0
6182449 1 1 1 1
6182524 6 1 7 1
6182697 6 1 4 1
6182702 0 1 12 1
6182871 1 1 11 0
6182956 0 1 3 0
6183189 4 1 9 1
6183818 188 0 1 1
6183953 314 0 1 0
6184221 2 1 1 0
6184281 3 1 12 1
6184362 0 1 7 0
6184407 3 1 3 0
6184438 7 1 10 0
6184497 3 1 4 0
6184613 2 1 5 1
6184754 6 1 8 0
6184831 333 0 1 1
6184839 298 0 1 0
6185274 6 1 11 1
6185616 4 1 3 0
6185619 6 1 10 1
6185750 0 1 1 1
6186007 0 1 1 0
6186133 0 1 1 1
6186161 6 1 5 0
6186383 2 1 4 0
6186415 6 1 3 0
6186616 1 1 11 1
6186626 7 1 2 0
6187123 3 1 4 1
6187428 3 1 10 0
6187451 4 1 9 0
6187552 0 1 12 0
6187688 0 1 7 1
6187982 2 1 1 1
6188407 2 1 6 0
6188453 7 1 10 1
6188779 1 1 1 0
6188927 0 1 3 1
6189367 333 0 1 0
6189414 0 1 1 0
6189419 292 0 1 0
6189596 7 1 2 1
6189653 0 1 3 0
6189674 6 1 8 1
6189677 4 1 12 1
6189807 4 1 12 0
6189958 2 1 5 0
6190058 4 1 12 1
6190143 6 1 10 0
6190158 96 0 1 1
6190292 0 1 3 1
6190437 3 1 10 1
6190496 232 0 1 0
6190522 6 1 5 1
6190674 4 1 3 1
6190719 6 1 11 0
6190767 2 1 4 1
6190803 6 1 3 1
6191189 0 1 3 0
6191370 298 0 1 1
6191385 326 0 1 1
6191582 4 1 9 1
6191985 0 1 3 1
6192053 0 1 12 1
6192355 0 1 3 0
6192367 2 1 1 0
6192402 2 1 6 1
6192456 188 0 1 0
6192663 7 1 10 0
6192729 1 1 11 0
6193139 164 0 1 0
6193188 2 1 10 0
6193619 6 1 4 0
6193839 4 1 12 0
6193918 2 1 5 1
6194003 1 1 1 1
6194027 3 1 3 1
6194084 0 1 1 1
6194397 3 1 4 0
6194402 292 0 1 1
6194526 3 1 12 0
6194626 6 1 5 0
6194679 6 1 11 1
6194882 4 1 3 0
6195087 2 1 4 0
6195303 4 1 9 0
6195404 6 1 10 1
6195757 6 1 8 0
6195916 7 1 10 1
6195931 6 1 7 0
6196182 1 1 11 1
6196272 2 1 10 1
6196469 0 1 3 1
6196486 6 1 3 0
6196493 0 1 12 0
6196856 6 1 4 1
6197054 3 1 3 0
6197097 0 1 3 0
6197132 164 0 1 1
6197461 0 1 3 1
6197484 1 1 1 0
6197553 3 1 12 1
6197602 96 0 1 0
6197640 2 1 1 1
6197807 298 0 1 0
6197815 333 0 1 1
6198281 3 1 4 1
6198631 2 1 5 0
6198697 6 1 7 1
6198746 6 1 5 1
6198786 3 1 10 0
6198909 4 1 3 1
6199303 7 1 2 0
6199422 0 1 7 0
6199615 2 1 4 1
6199979 6 1 10 0
6200242 0 1 1 0
6200275 0 1 3 0
6200284 6 1 11 0
6200377 6 1 3 1
6200569 4 1 9 1
6200808 7 1 10 0
6200923 6 1 8 1
6200924 232 0 1 1
6200939 0 1 12 1
6201072 1 1 1 1
6201086 4 1 12 1
6201393 1 1 11 0
6201424 3 1 10 1
6201886 2 1 1 0
6201929 2 1 6 0
6202117 333 0 1 0
6202298 0 1 7 1
6202828 2 1 5 1
6202961 7 1 2 1
6203250 4 1 3 0
6203476 2 1 10 0
6203619 6 1 5 0
6203738 4 1 12 0
6203913 6 1 10 1
6204039 6 1 10 0
6204084 6 1 11 1
6204113 6 1 10 1
6204164 4 1 9 0
6204338 298 0 1 1
6204510 2 1 4 0
6204638 1 1 11 1
6204950 7 1 10 1
6205393 2 1 1 1
6205404 6 1 3 0
6205489 0 1 12 0
6206047 2 1 6 1
6206168 3 1 3 1
6206469 6 1 4 0
6206756 314 0 1 1
6206777 1 1 1 0
6206852 63 0 1 0
6206875 6 1 8 0
6206924 0 1 1 1
6207085 2 1 10 1
6207737 6 1 5 1
6207821 232 0 1 0
6208128 4 1 3 1
6208254 2 1 5 0
6208563 4 1 9 1
6208765 0 1 3 1
6209107 3 1 10 0
6209131 3 1 4 0
6209172 2 1 4 1
6209212 6 1 3 1
6209357 3 1 3 0
6209596 96 0 1 1
6209822 0 1 12 1
6209843 2 1 1 0
6209879 6 1 10 0
6209964 6 1 4 1
6210024 6 1 11 0
6210155 188 0 1 1
6210393 1 1 11 0
6210533 3 1 12 0
6210574 7 1 10 0
6210684 292 0 1 0
6210752 298 0 1 0
6210968 4 1 12 1
6211105 4 1 12 0
6211158 314 0 1 0
6211840 4 1 12 1
6211871 7 1 2 0
6211971 0 1 1 0
6211999 3 1 10 1
6212134 1 1 1 1
6212226 0 1 3 0
6212520 6 1 5 0
6212551 2 1 5 1
6212573 6 1 8 1
6212587 4 1 3 0
6212638 3 1 4 1
6213189 4 1 9 0
6213437 3 1 12 1
6213489 6 1 11 1
6213642 1 1 11 1
6213768 1 1 11 0
6213882 2 1 4 0
6214261 1 1 11 1
6214289 232 0 1 1
6214327 6 1 7 0
6214328 0 1 7 0
6214427 0 1 12 0
6214483 2 1 1 1
6214660 7 1 2 1
6214847 7 1 10 1
6214870 6 1 3 0
6215025 6 1 10 1
6215046 2 1 6 0
6215075 7 1 10 0
6215252 326 0 1 0
6215363 7 1 10 1
6215463 4 1 12 0
6215667 292 0 1 1
6216010 333 0 1 1
6216613 164 0 1 0
6216645 96 0 1 0
6216753 6 1 5 1
6216975 4 1 3 1
6217135 1 1 1 0
6217174 6 1 7 1
6217283 298 0 1 1
6217359 2 1 5 0
6217410 6 1 8 0
6217502 0 1 7 1
6217592 188 0 1 0
6217895 0 1 1 1
6218124 2 1 1 0
6218604 3 1 3 1
6218770 2 1 4 1
6218898 0 1 12 1
6219015 6 1 3 1
6219095 0 1 3 1
6219260 63 0 1 1
6219352 6 1 10 0
6219429 6 1 11 0
6219860 0 1 3 0
6219997 3 1 10 0
6220113 1 1 1 1
6220272 333 0 1 0
6220411 2 1 10 0
6220418 2 1 6 1
6220498 3 1 4 0
6220569 0 1 3 1
6220606 164 0 1 1
6220698 1 1 11 0
6220759 4 1 9 1
6220856 6 1 5 0
6221127 6 1 4 0
6221482 7 1 10 0
6221638 2 1 5 1
6221660 4 1 3 0
6221732 3 1 3 0
6221957 6 1 8 1
6222053 0 1 1 0
6222135 2 1 1 1
6222894 6 1 11 1
6222929 7 1 2 0
6223079 6 1 11 0
6223119 4 1 12 1
6223135 3 1 10 1
6223226 6 1 11 1
6223337 2 1 4 0
6223370 3 1 4 1
6223400 2 1 10 1
6223462 0 1 12 0
6223676 0 1 3 0
6223949 298 0 1 0
6224105 6 1 10 1
6224497 4 1 9 0
6224586 6 1 3 0
6224701 1 1 11 1
6224755 7 1 10 1
6224755 1 1 1 0
6225188 3 1 12 0
6225237 6 1 4 1
6225296 2 1 6 0
6225442 6 1 5 1
6225861 7 1 2 1
6226125 6 1 8 0
6226449 4 1 3 1
6226449 4 1 12 0
6226621 6 1 7 0
6226723 0 1 1 1
6227168 2 1 1 0
6227578 2 1 5 0
6227748 0 1 12 1
6227852 2 1 4 1
6227965 3 1 12 1
6228435 96 0 1 1
6228756 6 1 3 1
6228843 0 1 7 0
6228935 7 1 10 0
6228990 6 1 11 0
6229239 326 0 1 1
6229260 6 1 10 0
6229291 2 1 6 1
6229386 6 1 7 1
6229419 3 1 3 1
6229890 4 1 9 1
6229998 298 0 1 1
6230265 6 1 5 0
6230784 1 1 1 1
6230867 4 1 3 0
6231093 1 1 11 0
6231366 2 1 10 0
6231410 3 1 10 0
6231510 6 1 8 1
6231684 6 1 8 0
6231806 188 0 1 1
6231889 0 1 1 0
6231998 2 1 5 1
6232026 6 1 8 1
6232037 0 1 7 1
6232056 2 1 1 1
6232254 0 1 3 1
6232430 2 1 4 0
6232482 292 0 1 0
6232483 3 1 3 0
6232486 7 1 2 0
6232513 0 1 12 0
6232569 7 1 10 1
6232795 6 1 11 1
6233055 4 1 12 1
6233398 6 1 10 1
6233499 2 1 6 0
6233670 333 0 1 1
6233768 4 1 9 0
6234069 3 1 4 0
6234119 6 1 5 1
6234245 6 1 5 0
6234429 3 1 10 1
6234469 1 1 11 1
6234502 6 1 5 1
6234541 6 1 3 0
6235073 96 0 1 0
6235187 6 1 8 0
6235374 2 1 10 1
6235525 0 1 3 0
6235607 7 1 2 1
6235771 4 1 3 1
6236113 2 1 1 0
6236169 6 1 4 0
6236307 4 1 12 0
6236429 298 0 1 0
6236664 2 1 5 0
6236905 0 1 12 1
6237339 1 1 1 0
6237449 3 1 4 1
6237465 292 0 1 1
6237592 2 1 4 1
6237762 333 0 1 0
6238094 6 1 10 0
6238178 0 1 1 1
6238252 2 1 6 1
6238632 188 0 1 0
6238691 6 1 3 1
6238885 6 1 11 0
6238899 4 1 9 1
6239193 7 1 10 0
6239406 314 0 1 1
6239572 6 1 7 0
6239582 6 1 5 0
6239729 6 1 4 1
6240087 164 0 1 0
6240095 1 1 11 0
6240297 4 1 3 0
6240436 3 1 3 1
6240564 6 1 8 1
6240628 2 1 1 1
6240822 2 1 5 1
6241083 3 1 12 0
6241574 1 1 1 1
6241614 1 1 1 0
6241636 0 1 12 0
6241843 6 1 10 1
6241951 298 0 1 1
6242081 4 1 12 1
6242096 1 1 1 1
6242136 3 1 10 0
6242157 4 1 9 0
6242206 6 1 7 1
6242307 4 1 12 0
6242336 2 1 4 0
6242559 6 1 11 1
6242666 4 1 12 1
6243142 0 1 3 1
6243222 2 1 6 0
6243260 0 1 1 0
6243427 314 0 1 0
6243595 63 0 1 0
6243677 3 1 3 0
6243852 1 1 11 1
6243941 96 0 1 1
6244080 164 0 1 1
6244148 6 1 5 1
6244167 3 1 12 1
6244381 6 1 3 0
6244597 7 1 10 1
6244749 6 1 8 0
6244774 3 1 10 1
6244796 0 1 7 0
6245201 4 1 3 1
6245604 6 1 10 0
6245654 2 1 10 0
6245690 1 1 1 0
6246055 2 1 5 0
6246149 7 1 2 0
6246240 2 1 1 0
6246329 0 1 3 0
6246520 0 1 12 1
6247197 4 1 12 0
6247216 2 1 4 1
6247537 0 1 7 1
6247582 6 1 5 0
6247692 2 1 6 1
6247916 232 0 1 0
6247995 0 1 1 1
6248266 298 0 1 0
6248550 2 1 10 1
6248685 333 0 1 1
6248693 4 1 9 1
6248714 6 1 3 1
6248830 6 1 11 0
6248866 6 1 4 0
6249192 7 1 2 1
6249755 3 1 4 0
6249892 4 1 3 0
6249903 1 1 11 0
6250209 2 1 5 1
6250230 6 1 10 1
6250601 1 1 1 1
6250909 96 0 1 0
6251218 7 1 10 0
6251259 2 1 1 1
6251388 188 0 1 1
6251392 0 1 12 0
6251436 2 1 4 0
6251666 6 1 5 1
6251690 2 1 6 0
6251698 6 1 8 1
6251769 6 1 8 0
6252095 6 1 8 1
6252173 3 1 10 0
6252357 6 1 4 1
6252431 0 1 3 1
6252552 0 1 3 0
6252606 6 1 11 1
6252764 333 0 1 0
6252777 0 1 1 0
6253013 4 1 9 0
6253033 63 0 1 1
6253127 3 1 4 1
6253293 3 1 3 1
6253442 4 1 12 1
6253660 1 1 11 1
6254208 6 1 3 0
6254423 4 1 3 1
6254538 0 1 3 1
6254775 292 0 1 0
6254797 298 0 1 1
6255168 2 1 1 0
6255215 6 1 8 0
6255298 2 1 5 0
6255316 2 1 6 1
6255331 6 1 7 0
6255446 3 1 10 1
6255947 2 1 4 1
6256026 6 1 10 0
6256110 7 1 10 1
6256189 0 1 12 1
6256385 3 1 3 0
6256696 3 1 12 0
6256796 188 0 1 0
6257092 6 1 5 0
6257104 2 1 10 0
6257236 4 1 12 0
6257238 1 1 1 0
6257392 232 0 1 1
6257838 6 1 7 1
6258152 7 1 2 0
6258209 0 1 3 0
6258506 0 1 1 1
6258514 6 1 11 0
6258674 0 1 7 0
6258737 6 1 3 1
6258768 292 0 1 1
6258780 326 0 1 0
6259077 4 1 9 1
6259172 4 1 3 0
6259261 3 1 4 0
6259308 1 1 11 0
6259518 2 1 6 0
6259556 2 1 1 1
6259587 3 1 12 1
6259702 2 1 5 1
6260079 2 1 4 0
6260639 2 1 10 1
6260680 6 1 10 1
6261242 298 0 1 0
6261353 0 1 12 0
6261452 6 1 5 1
6261705 0 1 7 1
6261719 96 0 1 1
6261994 7 1 2 1
6262133 3 1 4 1
6262271 232 0 1 0
6262311 6 1 11 1
6262626 7 1 10 0
6262913 4 1 9 0
6263285 1 1 1 1
6263417 3 1 3 1
6263442 1 1 11 1
6263561 164 0 1 0
6263576 6 1 4 0
6263646 0 1 1 0
6263687 333 0 1 1
6263711 4 1 12 1
6263802 6 1 3 0
6263953 4 1 3 1
6264582 3 1 10 0
6264594 2 1 4 1
6264648 2 1 1 0
6264703 2 1 5 0
6264759 2 1 6 1
6265240 314 0 1 1
6266033 0 1 12 1
6266043 0 1 3 1
6266202 6 1 10 0
6266229 0 1 3 0
6266389 3 1 3 0
6266653 6 1 5 0
6266778 232 0 1 1
6266919 0 1 3 1
6266948 6 1 4 1
6267152 7 1 10 1
6267417 333 0 1 0
6267554 164 0 1 1
6267773 298 0 1 1
6267837 4 1 12 0
6267847 3 1 10 1
6268039 6 1 3 1
6268261 6 1 11 0
6268460 188 0 1 1
6268652 314 0 1 0
6268852 96 0 1 0
6268917 2 1 5 1
6268921 326 0 1 1
6268978 6 1 8 1
6269015 2 1 10 0
6269161 2 1 4 0
6269349 1 1 1 0
6269429 326 0 1 0
6269659 2 1 1 1
6269672 4 1 3 0
6269832 1 1 11 0
6270177 2 1 6 0
6270347 0 1 1 1
6270542 7 1 2 0
6270732 0 1 3 0
6270984 326 0 1 1
6270986 0 1 12 0
6271252 6 1 7 0
6271423 3 1 4 0
6271465 6 1 10 1
6271860 6 1 8 0
6271878 6 1 5 1
6271939 6 1 11 1
6272042 2 1 10 1
6272559 3 1 12 0
6272723 6 1 3 0
6273085 1 1 11 1
6273208 0 1 7 0
6273485 7 1 10 0
6273535 1 1 1 1
6273855 7 1 2 1
6274176 2 1 6 1
6274193 3 1 10 0
6274196 188 0 1 0
6274299 2 1 4 1
6274390 6 1 7 1
6274572 2 1 1 0
6274588 4 1 3 1
6274603 2 1 5 0
6274680 3 1 4 1
6274990 4 1 12 1
6275050 292 0 1 0
6275071 298 0 1 0
6275479 3 1 12 1
6275487 0 1 1 0
6275810 0 1 12 1
6276264 6 1 4 0
6276432 0 1 7 1
6276605 6 1 10 0
6276672 3 1 3 1
6276707 3 1 3 0
6276836 6 1 5 0
6276933 6 1 3 1
6277042 3 1 10 1
6277057 3 1 3 1
6277077 1 1 1 0
6277305 3 1 3 0
6277576 0 1 3 1
6277577 3 1 3 1
6278077 2 1 6 0
6278127 7 1 10 1
6278334 6 1 11 0
6278408 4 1 12 0
6278615 96 0 1 1
6278678 2 1 4 0
6279058 2 1 5 1
6279277 1 1 11 0
6279288 2 1 10 0
6279310 63 0 1 0
6279330 333 0 1 1
6279582 6 1 10 1
6279617 4 1 3 0
6279773 0 1 1 1
6279823 6 1 4 1
6279845 2 1 1 1
6280033 292 0 1 1
6280507 0 1 12 0
6280637 3 1 3 0
6280979 0 1 3 0
6281317 6 1 5 1
6281703 1 1 1 1
6281960 6 1 3 0
6282116 298 0 1 1
6282409 6 1 11 1
6282570 2 1 10 1
6282949 2 1 6 1
6283064 2 1 6 0
6283185 2 1 4 1
6283330 2 1 6 1
6283526 1 1 11 1
6283601 333 0 1 0
6283646 7 1 2 0
6283852 3 1 10 0
6283880 7 1 10 0
6284208 6 1 10 0
6284365 3 1 4 0
6284522 164 0 1 0
6284583 2 1 5 0
6284592 4 1 12 1
6284757 4 1 3 1
6284903 0 1 12 1
6284913 0 1 1 0
6285052 6 1 7 0
6285138 2 1 1 0
6285711 96 0 1 0
6285962 188 0 1 1
6286077 6 1 5 0
6286399 6 1 8 1
6286456 6 1 3 1
6286495 3 1 10 1
6286788 2 1 4 0
6286972 7 1 2 1
6287376 3 1 4 1
6287425 1 1 1 0
6287956 6 1 7 1
6288018 7 1 10 1
6288270 3 1 12 0
6288515 164 0 1 1
6288640 298 0 1 0
6288844 4 1 12 0
6288868 2 1 6 0
6288957 6 1 10 1
6289057 0 1 3 1
6289139 6 1 8 0
6289201 6 1 4 0
6289204 2 1 5 1
6289224 6 1 11 0
6289509 4 1 3 0
6289538 2 1 1 1
6289615 0 1 1 1
6289637 0 1 7 0
6289658 0 1 12 0
6290178 2 1 10 0
6290488 1 1 11 0
6290518 6 1 5 1
6290728 63 0 1 1
6290803 2 1 4 1
6290966 188 0 1 0
6291178 3 1 12 1
6291196 3 1 3 1
6291903 6 1 3 0
6292002 1 1 1 1
6292486 0 1 3 0
6292653 7 1 10 0
6292751 0 1 7 1
6292863 2 1 6 1
6293073 6 1 4 1
6293426 6 1 11 1
6293513 2 1 10 1
6293591 6 1 10 0
6293744 0 1 1 0
6294028 4 1 3 1
6294192 2 1 1 0
6294425 314 0 1 1
6294435 0 1 12 1
6294476 3 1 3 0
6294518 4 1 12 1
6294579 2 1 5 0
6294745 1 1 11 1
6295107 2 1 4 0
6295184 298 0 1 1
6295237 3 1 10 0
6295586 6 1 5 0
6295687 96 0 1 1
6295805 1 1 1 0
6296290 6 1 3 1
6296453 7 1 2 0
6296994 2 1 6 0
6296999 333 0 1 1
6297041 7 1 10 1
6297217 6 1 10 1
6297343 292 0 1 0
6297642 3 1 4 0
6297687 4 1 12 0
6298219 2 1 1 1
6298406 232 0 1 0
6298602 326 0 1 0
6298618 2 1 5 1
6298884 314 0 1 0
6299149 3 1 10 1
6299168 4 1 3 0
6299196 0 1 12 0
6299197 3 1 10 0
6299428 0 1 1 1
6299626 2 1 4 1
6299645 3 1 10 1
6299717 1 1 1 1
6299753 6 1 11 0
6299805 0 1 3 1
6299808 0 1 3 0
6299918 7 1 2 1
6299921 7 1 2 0
6300155 6 1 8 1
6300237 6 1 8 0
6300278 7 1 2 1
6300423 6 1 5 1
6300593 188 0 1 1
6300933 0 1 3 1
6300952 6 1 7 0
6301018 3 1 4 1
6301090 333 0 1 0
6301309 6 1 3 0
6301383 1 1 11 0
6301662 298 0 1 0
6301989 2 1 6 1
6302118 6 1 8 1
6302122 2 1 10 0
6302306 96 0 1 0
6302326 292 0 1 1
6302340 6 1 10 0
6303006 2 1 1 0
6303163 4 1 12 1
6303170 7 1 10 0
6303247 3 1 12 0
6303270 6 1 4 0
6303489 2 1 5 0
6303579 6 1 11 1
6303581 0 1 7 0
6303586 6 1 7 1
6303830 0 1 12 1
6303830 2 1 4 0
6303885 0 1 1 0
6304358 3 1 3 1
6304561 3 1 3 0
6304584 4 1 3 1
6304874 3 1 3 1
6305001 6 1 5 0
6305009 1 1 11 1
6305093 6 1 8 0
6305130 2 1 10 1
6305312 0 1 3 0
6305761 6 1 3 1
6306128 3 1 12 1
6306138 6 1 4 1
6306458 0 1 7 1
6306464 188 0 1 0
6306851 6 1 10 1
6306927 1 1 1 0
6307034 7 1 2 0
6307308 7 1 10 1
6307531 3 1 3 0
6307533 2 1 1 1
6307643 2 1 5 1
6307643 2 1 6 0
6307713 298 0 1 1
6307977 164 0 1 0
6308107 3 1 10 0
6308201 4 1 12 0
6308291 0 1 12 0
6308327 232 0 1 1
6308474 2 1 4 1
6308875 6 1 5 1
6308960 4 1 3 0
6309090 0 1 1 1
6309220 0 1 1 0
6309479 0 1 1 1
6310014 6 1 11 0
6310376 7 1 2 1
6310682 3 1 10 1
6310708 6 1 3 0
6311022 96 0 1 1
6311125 1 1 11 0
6311463 7 1 10 0
6311465 63 0 1 0
6311518 333 0 1 1
6311629 1 1 1 1
6311641 2 1 6 1
6311644 2 1 6 0
6311839 2 1 1 0
6311970 164 0 1 1
6312015 2 1 6 1
6312036 2 1 10 0
6312136 6 1 10 0
6312350 3 1 4 0
6312608 326 0 1 1
6312718 2 1 5 0
6312808 2 1 4 0
6312817 0 1 12 1
6313046 0 1 3 1
6313229 4 1 3 1
6313389 6 1 5 0
6313791 4 1 12 1
6313901 6 1 4 0
6314216 6 1 11 1
6314851 7 1 10 1
6315001 1 1 11 1
6315078 298 0 1 0
6315171 6 1 3 1
6315330 0 1 1 0
6315634 2 1 10 1
6315667 333 0 1 0
6315742 3 1 4 1
6315893 6 1 10 1
6316046 2 1 6 0
6316693 1 1 1 0
6316711 6 1 7 0
6316755 0 1 3 0
6316758 6 1 5 1
6316888 2 1 5 1
6316948 2 1 1 1
6317159 6 1 8 1
6317400 6 1 8 0
6317487 4 1 12 0
6317523 6 1 4 1
6317555 0 1 7 0
6317663 0 1 12 0
6317683 3 1 3 1
6317687 6 1 8 1
6317728 96 0 1 0
6317730 3 1 10 0
6317779 2 1 4 1
6317809 6 1 8 0
6317811 3 1 12 0
6317870 4 1 3 0
6318076 6 1 8 1
6318665 292 0 1 0
6319383 7 1 10 0
6319710 7 1 2 0
6319714 6 1 7 1
6319745 6 1 3 0
6319848 0 1 1 1
6320038 6 1 5 0
6320330 6 1 10 0
6320396 6 1 8 0
6320431 0 1 7 1
6320551 3 1 3 0
6320618 3 1 10 1
6320664 1 1 1 1
6320791 2 1 6 1
6320842 3 1 12 1
6320903 63 0 1 1
6320910 6 1 11 0
6321295 188 0 1 1
6321754 298 0 1 1
6321903 1 1 11 0
6322006 2 1 4 0
6322143 4 1 3 1
6322299 2 1 5 0
6322361 4 1 12 1
6322423 2 1 1 0
6322520 4 1 12 0
6322697 4 1 12 1
6322771 0 1 3 1
6322804 0 1 12 1
6323408 7 1 2 1
6323409 6 1 3 1
6323648 292 0 1 1
6323902 7 1 10 1
6324087 0 1 1 0
6324389 6 1 5 1
6324620 3 1 4 0
6325006 2 1 10 0
6325067 6 1 10 1
6325124 6 1 11 1
6325621 1 1 1 0
6325941 2 1 5 1
6326096 2 1 6 0
6326283 1 1 11 1
6326529 2 1 4 1
6326538 0 1 3 0
6326806 4 1 3 0
6327250 3 1 4 1
6327343 2 1 1 1
6327381 96 0 1 1
6327387 4 1 12 0
6327576 188 0 1 0
6327627 314 0 1 1
6327790 6 1 3 0
6328007 0 1 12 0
6328031 6 1 5 0
6328381 6 1 4 0
6328699 2 1 10 1
6328713 0 1 1 1
6328734 298 0 1 0
6329065 333 0 1 1
6329403 7 1 10 0
6329452 164 0 1 0
6329864 3 1 10 0
6330064 7 1 2 0
6330946 2 1 5 0
6331099 2 1 6 1
6331104 1 1 1 1
6331208 6 1 10 0
6331271 0 1 3 1
6331296 2 1 4 0
6331334 3 1 3 1
6331395 6 1 5 1
6331595 6 1 11 0
6331629 314 0 1 0
6331750 6 1 3 1
6332040 0 1 3 0
6332083 4 1 3 1
6332085 2 1 1 0
6332137 6 1 7 0
6332245 6 1 4 1
6332581 4 1 12 1
6332597 0 1 3 1
6332979 0 1 12 1
6332980 7 1 2 1
6333062 3 1 12 0
6333097 96 0 1 0
6333100 0 1 7 0
6333248 3 1 10 1
6333285 1 1 11 0
6333316 333 0 1 0
6333445 164 0 1 1
6333911 6 1 8 1
6334156 7 1 10 1
6334269 298 0 1 1
6334334 0 1 1 0
6334458 0 1 3 0
6334715 3 1 3 0
6334799 6 1 8 0
6334856 2 1 5 1
6334943 6 1 8 1
6335213 2 1 6 0
6335271 6 1 7 1
6335754 6 1 11 1
6335935 1 1 1 0
6336013 6 1 5 0
6336058 6 1 3 0
6336097 3 1 12 1
6336225 4 1 12 0
6336229 0 1 7 1
6336342 2 1 1 1
6336346 6 1 10 1
6336417 4 1 3 0
6336460 2 1 4 1
6336677 6 1 8 0
6336947 1 1 11 1
6337313 326 0 1 0
6337557 0 1 12 0
6337704 2 1 10 0
6337917 3 1 4 0
6338962 2 1 6 1
6339070 63 0 1 0
6339320 7 1 10 0
6339575 2 1 5 0
6339738 6 1 5 1
6339916 6 1 3 1
6339990 1 1 1 1
6340076 7 1 2 0
6340289 0 1 1 1
6340309 298 0 1 0
6340675 0 1 3 1
6340777 3 1 10 0
6340813 4 1 3 1
6340981 2 1 10 1
6341034 292 0 1 0
6341076 2 1 4 0
6341199 6 1 11 0
6341388 0 1 3 0
6341531 96 0 1 1
6341551 3 1 4 1
6341604 2 1 1 0
6341671 0 1 3 1
6341859 188 0 1 1
6342086 0 1 12 1
6342458 7 1 10 1
6342487 1 1 11 0
6342972 6 1 4 0
6343046 7 1 2 1
6343088 6 1 10 0
6343497 0 1 3 0
6343618 2 1 5 1
6344216 2 1 6 0
6344244 3 1 10 1
6344459 6 1 5 0
6344487 1 1 1 0
6344867 6 1 3 0
6345109 4 1 3 0
6345266 6 1 11 1
6345421 6 1 7 0
6345640 4 1 12 1
6345700 0 1 1 0
6345980 6 1 4 1
6346017 292 0 1 1
6346059 6 1 4 0
6346107 0 1 3 1
6346123 2 1 4 1
6346232 1 1 11 1
6346340 6 1 4 1
6346532 0 1 12 0
6346610 0 1 3 0
6346853 298 0 1 1
6346898 7 1 10 0
6347046 3 1 3 1
6347101 0 1 7 0
6347209 333 0 1 1
6347359 326 0 1 1
6347361 0 1 3 1
6347377 2 1 1 1
6347422 3 1 3 0
6347591 6 1 10 1
6347907 3 1 3 1
6348125 6 1 7 1
6348318 2 1 10 0
6348349 6 1 5 1
6348481 2 1 5 0
6348673 188 0 1 0
6348968 4 1 12 0
6349051 96 0 1 0
6349080 3 1 12 0
6349219 2 1 6 1
6349359 6 1 3 1
6349382 4 1 3 1
6349398 6 1 8 1
6349448 1 1 1 1
6349498 63 0 1 1
6349850 0 1 7 1
6350451 0 1 1 1
6350463 3 1 4 0
6350561 2 1 4 0
6350624 2 1 1 0
6350764 3 1 3 0
6350786 7 1 10 1
6350902 7 1 2 0
6350924 6 1 11 0
6351172 0 1 12 1
6351329 2 1 10 1
6351370 333 0 1 0
6351417 0 1 3 0
6351777 3 1 10 0
6352053 6 1 8 0
6352231 6 1 10 0
6352238 3 1 12 1
6352639 2 1 5 1
6352945 164 0 1 0
6353069 6 1 5 0
6353328 1 1 11 0
6353331 298 0 1 0
6353409 2 1 6 0
6353950 3 1 4 1
6354076 4 1 3 0
6354398 6 1 3 0
6354490 7 1 2 1
6354651 7 1 2 0
6354796 3 1 10 1
6354862 7 1 2 1
6355131 2 1 1 1
6355158 6 1 11 1
6355214 0 1 1 0
6355441 2 1 4 1
6355636 7 1 10 0
6355945 0 1 12 0
6356508 4 1 12 1
6356720 6 1 10 1
6356938 164 0 1 1
6357003 6 1 4 0
6357093 1 1 11 1
6357315 6 1 5 1
6357469 1 1 1 0
6357599 2 1 6 1
6357980 96 0 1 1
6357993 2 1 10 0
6358231 188 0 1 1
6358277 2 1 5 0
6358349 4 1 3 1
6358506 0 1 3 1
6358705 2 1 1 0
6358830 6 1 3 1
6358852 6 1 7 0
6359000 0 1 3 0
6359344 0 1 3 1
6359382 314 0 1 1
6359580 4 1 12 0
6359794 2 1 4 0
6359875 298 0 1 1
6360303 0 1 12 1
6360315 0 1 1 1
6360334 0 1 12 0
6360471 0 1 7 0
6360504 6 1 11 0
6360698 0 1 12 1
6360819 7 1 2 0
6361163 7 1 10 1
6361482 6 1 4 1
6361512 2 1 10 1
6361792 1 1 1 1
6361801 3 1 3 1
6361837 6 1 7 1
6362416 6 1 5 0
6362501 6 1 10 0
6362570 0 1 3 0
6362642 4 1 3 0
6362683 2 1 6 0
6362685 2 1 5 1
6362718 292 0 1 0
6363422 314 0 1 0
6363426 0 1 7 1
6363551 1 1 11 0
6363674 6 1 3 0
6364018 3 1 12 0
6364168 96 0 1 0
6364321 6 1 11 1
6364355 188 0 1 0
6364446 2 1 4 1
6364727 3 1 3 0
6364826 7 1 2 1
6364843 3 1 10 0
6364974 2 1 1 1
6365032 7 1 10 0
6365258 0 1 1 0
6365263 333 0 1 1
6365413 0 1 12 0
6365446 1 1 1 0
6366221 232 0 1 0
6366353 298 0 1 0
6366609 6 1 10 1
6366704 6 1 5 1
6366874 4 1 12 1
6366918 3 1 12 1
6366953 6 1 5 0
6367181 4 1 3 1
6367300 1 1 11 1
6367368 3 1 4 0
6367371 6 1 5 1
6367540 3 1 10 1
6367701 292 0 1 1
6367743 2 1 5 0
6368051 2 1 6 1
6368135 6 1 3 1
6368488 0 1 3 1
6368608 2 1 4 0
6368929 2 1 1 0
6369414 6 1 11 0
6369514 7 1 10 1
6369875 326 0 1 0
6370104 0 1 12 1
6370206 1 1 1 1
6370390 333 0 1 0
6370473 0 1 1 1
6370654 63 0 1 0
6370808 6 1 10 0
6370871 3 1 4 1
6371152 4 1 12 0
6371697 4 1 3 0
6371864 96 0 1 1
6372118 2 1 5 1
6372358 2 1 10 0
6372448 298 0 1 1
6372727 0 1 3 0
6372880 6 1 5 0
6373016 2 1 4 1
6373166 2 1 6 0
6373205 6 1 3 0
6373243 6 1 11 1
6373310 1 1 11 0
6373970 7 1 10 0
6374139 6 1 4 0
6374312 7 1 2 0
6374448 2 1 1 1
6374559 0 1 12 0
6375040 1 1 1 0
6375129 3 1 3 1
6375347 6 1 10 1
6375412 0 1 7 0
6375536 3 1 10 0
6375623 0 1 1 0
6375659 232 0 1 1
6375724 4 1 3 1
6375829 2 1 10 1
6376195 188 0 1 1
6376641 6 1 7 0
6376696 4 1 12 1
6376876 164 0 1 0
6377073 6 1 5 1
6377256 6 1 3 1
6377366 2 1 4 0
6377432 1 1 11 1
6377433 2 1 5 0
6377736 7 1 2 1
6378059 6 1 4 1
6378281 3 1 3 0
6378370 7 1 10 1
6378409 2 1 1 0
6378448 0 1 3 1
6378530 0 1 7 1
6378534 6 1 11 0
6378674 3 1 10 1
6378732 3 1 12 0
6378743 0 1 3 0
6379018 0 1 3 1
6379050 2 1 6 1
6379260 0 1 12 1
6379394 298 0 1 0
6379394 6 1 7 1
6379793 1 1 1 1
6379912 96 0 1 0
6380798 4 1 12 0
6380869 164 0 1 1
6381012 4 1 3 0
6381082 63 0 1 1
6381217 0 1 1 1
6381226 6 1 5 0
6381596 3 1 12 1
6381623 6 1 3 0
6381888 2 1 5 1
6381942 2 1 4 1
6382033 6 1 10 0
6382377 2 1 10 0
6382554 3 1 4 0
6382618 188 0 1 0
6382779 6 1 11 1
6383411 7 1 10 0
6383556 0 1 3 0
6383749 2 1 6 0
6383907 292 0 1 0
6384052 326 0 1 1
6384248 0 1 12 0
6384428 2 1 1 1
6384468 4 1 12 1
6384619 6 1 5 1
6384630 1 1 11 0
6384778 333 0 1 1
6385208 7 1 2 0
6385297 0 1 1 0
6385392 2 1 10 1
6385488 298 0 1 1
6385512 1 1 1 0
6385514 3 1 4 1
6385596 4 1 3 1
6385603 6 1 3 1
6386199 2 1 4 0
6387177 6 1 10 1
6387501 2 1 5 0
6387654 7 1 10 1
6387802 7 1 10 0
6388012 2 1 1 0
6388137 1 1 11 1
6388188 7 1 10 1
6388224 6 1 11 0
6388395 292 0 1 1
6388792 3 1 10 0
6388858 2 1 6 1
6388989 0 1 1 1
6389037 0 1 12 1
6389068 3 1 3 1
6389072 333 0 1 0
6389148 7 1 2 1
6389257 7 1 2 0
6389301 1 1 1 1
6389360 4 1 12 0
6389451 6 1 5 0
6389603 7 1 2 1
6389721 6 1 4 0
6389773 0 1 3 1
6389905 0 1 7 0
6390036 6 1 7 0
6390248 6 1 3 0
6390736 4 1 3 0
6390849 96 0 1 1
6391127 2 1 4 1
6391671 2 1 5 1
6392059 6 1 11 1
6392130 3 1 3 0
6392165 314 0 1 1
6392311 3 1 10 1
6392370 188 0 1 1
6392620 2 1 6 0
6392743 0 1 7 1
6392937 2 1 10 0
6393030 298 0 1 0
6393043 6 1 7 1
6393247 7 1 10 0
6393312 0 1 12 0
6393334 3 1 12 0
6393492 0 1 3 0
6393586 6 1 5 1
6393704 6 1 4 1
6393730 1 1 11 0
6393783 0 1 1 0
6393851 6 1 10 0
6394175 1 1 1 0
6394386 4 1 12 1
6394430 6 1 3 1
6394543 2 1 1 1
6394690 3 1 4 0
6395300 4 1 3 1
6395935 2 1 4 0
6396017 2 1 10 1
6396387 3 1 12 1
6396549 2 1 5 0
6396623 2 1 6 1
6396719 314 0 1 0
6396783 7 1 2 0
6397103 1 1 11 1
6397214 6 1 11 0
6397361 164 0 1 0
6397820 3 1 4 1
6397847 0 1 12 1
6397935 0 1 1 1
6398284 96 0 1 0
6398372 4 1 12 0
6398397 6 1 5 0
6398397 2 1 1 0
6398398 7 1 10 1
6398602 0 1 3 1
6398711 6 1 10 1
6399443 6 1 3 0
6399561 298 0 1 1
6399603 7 1 2 1
6399619 188 0 1 0
6400372 1 1 1 1
6400711 4 1 3 0
6400716 2 1 4 1
6400778 2 1 6 0
6400810 63 0 1 0
6400828 2 1 5 1
6400939 3 1 10 0
6401217 6 1 11 1
6401354 164 0 1 1
6401663 4 1 12 1
6402470 333 0 1 1
6402687 0 1 12 0
6402792 6 1 5 1
6402803 0 1 1 0
6403073 0 1 3 0
6403147 7 1 10 0
6403295 6 1 4 0
6403657 1 1 11 0
6403836 0 1 7 0
6403985 6 1 3 1
6404027 6 1 10 0
6404039 2 1 1 1
6404206 2 1 10 0
6404364 3 1 10 1
6404484 4 1 3 1
6404821 6 1 7 0
6405121 326 0 1 0
6405494 3 1 3 1
6405559 2 1 4 0
6405785 2 1 6 1
6405816 2 1 5 0
6405990 298 0 1 0
6406143 333 0 1 0
6406196 4 1 12 0
6406314 3 1 4 0
6406473 3 1 12 0
6406539 6 1 11 0
6406744 0 1 7 1
6406786 6 1 4 1
6407054 1 1 1 0
6407475 2 1 10 1
6407480 0 1 12 1
6407574 6 1 7 1
6407588 1 1 11 1
6407891 7 1 2 0
6407934 2 1 1 0
6407954 6 1 5 0
6408166 7 1 10 1
6408218 292 0 1 0
6408298 0 1 3 1
6408313 96 0 1 1
6408316 0 1 3 0
6408789 6 1 10 1
6408860 6 1 3 0
6409078 3 1 3 0
6409111 3 1 12 1
6409229 120 0 1 1
6409333 0 1 1 1
6409418 2 1 6 0
6409440 3 1 4 1
6409738 2 1 5 1
6409773 0 1 3 1
6409914 2 1 5 0
6410103 4 1 3 0
6410213 2 1 4 1
6410236 2 1 5 1
6410511 6 1 11 1
6410679 188 0 1 1
6410982 1 1 1 1
6411238 63 0 1 1
6411553 4 1 12 1
6411712 7 1 2 1
6412009 6 1 5 1
6412130 0 1 12 0
6412515 298 0 1 1
6412556 7 1 10 0
6412931 6 1 3 1
6413201 292 0 1 1
6413614 4 1 3 1
6413677 0 1 3 0
6414084 2 1 1 1
6414106 6 1 10 0
6414167 2 1 6 1
6414367 1 1 11 0
6414421 2 1 4 0
6414502 0 1 1 0
6414674 91 0 1 0
6414915 120 0 1 0
6414981 1 1 1 0
6415110 326 0 1 1
6415323 2 1 5 0
6415516 3 1 10 0
6416002 96 0 1 0
6416073 6 1 11 0
6416151 326 0 1 0
6416513 4 1 12 0
6416694 7 1 10 1
6416796 0 1 12 1
6417158 2 1 1 0
6417173 326 0 1 1
6417203 6 1 7 0
6417356 6 1 5 0
6417398 188 0 1 0
6417768 6 1 3 0
6418056 333 0 1 1
6418073 2 1 6 0
6418091 2 1 10 0
6418120 1 1 11 1
6418164 0 1 3 1
6418354 6 1 4 0
6418739 0 1 1 1
6418800 0 1 7 0
6418848 7 1 2 0
6418905 1 1 1 1
6418914 2 1 4 1
6418933 6 1 10 1
6419012 298 0 1 0
6419158 3 1 10 1
6419186 232 0 1 0
6419477 2 1 5 1
6419840 0 1 3 0
6419972 4 1 3 0
6420192 6 1 7 1
6420195 4 1 12 1
6420271 0 1 3 1
6420399 6 1 11 1
6421077 120 0 1 1
6421078 3 1 12 0
6421330 164 0 1 0
6421475 0 1 12 0
6421490 7 1 10 0
6421530 3 1 4 0
6421585 6 1 5 1
6421707 0 1 3 0
6421733 2 1 10 1
6421787 0 1 7 1
6421845 6 1 4 1
6422064 3 1 3 1
6422250 333 0 1 0
6422284 7 1 2 1
6422422 0 1 1 0
6422464 6 1 3 1
6422627 91 0 1 1
6423050 2 1 1 1
6423126 2 1 4 0
6423360 4 1 3 1
6423572 2 1 6 1
6424045 1 1 1 0
6424182 4 1 12 0
6424244 3 1 12 1
6424406 3 1 4 1
6424764 2 1 5 0
6425187 298 0 1 1
6425323 164 0 1 1
6425551 1 1 11 0
6425706 6 1 11 0
6425770 6 1 10 0
6426073 3 1 3 0
6426118 96 0 1 1
6426141 0 1 12 1
6426247 7 1 10 1
6426452 314 0 1 1
6426803 6 1 5 0
6426809 0 1 3 1
6427007 2 1 1 0
6427263 0 1 1 1
6427510 3 1 10 0
6427657 2 1 4 1
6427661 6 1 3 0
6428343 120 0 1 0
6428410 2 1 6 0
6428566 91 0 1 0
6428735 1 1 1 1
6428789 4 1 12 1
6429405 63 0 1 0
6429538 2 1 5 1
6429618 7 1 2 0
6429807 1 1 11 1
6429817 6 1 11 1
6429838 4 1 3 0
6430254 188 0 1 1
6430551 6 1 5 1
6430642 232 0 1 1
6430777 6 1 10 1
6430867 7 1 10 0
6430906 3 1 10 1
6430938 6 1 4 0
6430943 0 1 3 0
6430970 0 1 12 0
6431025 314 0 1 0
6431253 2 1 10 0
6431696 2 1 4 0
6431704 3 1 3 1
6431829 3 1 3 0
6431954 3 1 3 1
6432053 298 0 1 0
6432109 1 1 1 0
6432279 0 1 7 0
6432407 2 1 1 1
6432526 7 1 2 1
6432539 2 1 1 0
6432552 2 1 6 1
6432569 4 1 12 0
6432605 292 0 1 0
6432605 6 1 3 1
6432678 333 0 1 1
6432885 0 1 1 0
6432911 2 1 1 1
6433200 3 1 4 0
6433353 4 1 3 1
6434056 6 1 4 1
6434057 96 0 1 0
6434482 2 1 10 1
6434664 2 1 5 0
6434973 3 1 12 0
6435016 6 1 7 0
6435032 0 1 7 1
6435241 3 1 3 0
6435352 6 1 5 0
6435372 6 1 11 0
6435444 0 1 12 1
6435505 7 1 10 1
6435611 0 1 3 1
6435743 2 1 4 1
6435745 0 1 3 0
6435895 6 1 10 0
6435957 3 1 4 1
6436160 1 1 1 1
6436322 2 1 6 0
6436374 4 1 12 1
6436511 232 0 1 0
6436519 91 0 1 1
6436520 0 1 3 1
6436534 188 0 1 0
6436561 120 0 1 1
6436734 2 1 1 0
6436890 333 0 1 0
6436942 1 1 11 0
6437093 292 0 1 1
6437163 0 1 1 1
6437449 6 1 7 1
6437897 3 1 12 1
6438049 6 1 3 0
6438092 298 0 1 1
6438843 63 0 1 1
6438991 6 1 4 0
6439023 2 1 5 1
6439492 6 1 5 1
6439541 6 1 11 1
6439846 2 1 10 0
6439859 4 1 3 0
6439914 0 1 12 0
6439999 2 1 4 0
6440007 6 1 10 1
6440085 3 1 10 0
6440418 7 1 2 0
6440437 1 1 11 1
6440767 7 1 10 0
6440926 326 0 1 0
6441046 0 1 3 0
6441206 2 1 6 1
6441255 0 1 1 0
6441380 3 1 3 1
6441512 3 1 3 0
6441888 3 1 3 1
6442119 4 1 12 0
6442236 6 1 4 1
6442357 6 1 3 1
6442634 2 1 1 1
6442635 91 0 1 0
6442716 3 1 10 1
6443255 4 1 3 1
6443361 2 1 10 1
6443521 2 1 5 0
6443578 1 1 1 0
6443786 96 0 1 1
6444243 7 1 2 1
6444496 6 1 11 0
6444601 2 1 4 1
6444685 0 1 12 1
6444735 298 0 1 0
6444804 164 0 1 0
6445321 6 1 10 0
6445369 120 0 1 0
6445400 6 1 5 0
6445442 2 1 6 0
6445901 7 1 10 1
6445968 232 0 1 1
6446000 0 1 1 1
6446007 2 1 1 0
6446075 3 1 3 0
6446710 1 1 11 0
6446817 4 1 12 1
6447002 3 1 4 0
6447086 6 1 3 0
6447246 0 1 7 0
6447267 0 1 3 1
6447460 188 0 1 1
6447933 2 1 5 1
6448484 6 1 11 1
6448797 164 0 1 1
6448853 3 1 12 0
6449022 1 1 1 1
6449278 6 1 10 1
6449325 2 1 4 0
6449569 6 1 5 1
6449572 6 1 5 0
6449988 0 1 12 0
6449994 7 1 2 0
6450083 6 1 5 1
6450199 2 1 6 1
6450288 333 0 1 1
6450332 1 1 11 1
6450386 6 1 7 0
6450465 4 1 3 0
6450495 0 1 7 1
6450601 96 0 1 0
6450637 0 1 1 0
6450759 3 1 4 1
6450936 4 1 12 0
6451043 3 1 3 1
6451083 91 0 1 1
6451168 6 1 3 1
6451266 298 0 1 1
6451546 3 1 10 0
6451548 7 1 10 0
6451940 0 1 3 0
6452015 3 1 12 1
6452784 2 1 1 1
6452841 2 1 5 0
6452942 1 1 1 0
6453128 2 1 10 0
6453289 6 1 7 1
6453339 7 1 2 1
6453536 6 1 4 0
6453857 4 1 3 1
6453911 188 0 1 0
6453961 326 0 1 1
6453993 333 0 1 0
6454055 4 1 3 0
6454059 6 1 11 0
6454072 2 1 6 0
6454118 2 1 4 1
6454242 4 1 3 1
6454596 120 0 1 1
6454615 0 1 1 1
6454618 0 1 1 0
6454696 6 1 10 0
6454819 3 1 10 1
6454864 0 1 12 1
6454866 0 1 1 1
6454878 0 1 12 0
6454895 3 1 3 0
6455012 292 0 1 0
6455251 0 1 12 1
6455961 4 1 12 1
6456059 6 1 3 0
6456544 6 1 5 0
6456719 2 1 10 1
6456742 91 0 1 0
6457027 1 1 1 1
6457062 2 1 1 0
6457145 298 0 1 0
6457186 1 1 1 0
6457194 7 1 10 1
6457273 6 1 4 1
6457282 1 1 11 0
6457445 1 1 1 1
6457623 2 1 5 1
6457788 314 0 1 1
6457915 0 1 3 1
6458167 0 1 3 0
6458190 6 1 10 1
6458297 6 1 11 1
6458846 3 1 4 0
6459028 63 0 1 0
6459035 0 1 3 1
6459075 2 1 6 1
6459108 2 1 4 0
6459139 0 1 1 0
6459500 292 0 1 1
6459866 0 1 12 0
6460156 4 1 12 0
6460324 6 1 3 1
6460916 1 1 11 1
6461017 7 1 2 0
6461284 96 0 1 1
6461288 3 1 3 1
6461374 3 1 3 0
6461390 6 1 5 1
6461509 4 1 3 0
6461712 2 1 1 1
6461714 314 0 1 0
6461731 0 1 7 0
6461800 3 1 3 1
6461980 3 1 4 1
6462271 2 1 5 0
6462575 3 1 10 0
6462890 120 0 1 0
6462975 2 1 6 0
6463100 1 1 1 0
6463156 6 1 10 0
6463175 298 0 1 1
6463267 0 1 3 0
6463428 7 1 10 0
6463492 3 1 12 0
6463762 6 1 11 0
6464072 7 1 2 1
6464096 2 1 4 1
6464200 91 0 1 1
6464410 4 1 12 1
6464722 0 1 7 1
6464791 0 1 1 1
6464894 0 1 12 1
6465211 6 1 7 0
6465284 2 1 1 0
6465378 3 1 10 1
6465532 4 1 3 1
6465565 6 1 3 0
6465639 2 1 10 0
6466029 188 0 1 1
6466215 2 1 5 1
6466344 6 1 4 0
6466348 3 1 12 1
6466426 3 1 3 0
6466826 1 1 11 0
6466841 96 0 1 0
6466896 333 0 1 1
6467279 6 1 5 0
6467461 6 1 10 1
6467696 232 0 1 0
6467718 6 1 7 1
6468004 6 1 11 1
6468259 164 0 1 0
6468298 1 1 1 1
6468515 2 1 6 1
6468746 0 1 3 1
6469190 4 1 12 0
6469198 2 1 4 0
6469312 7 1 10 1
6469366 0 1 12 0
6469456 63 0 1 1
6469540 0 1 1 0
6469618 2 1 10 1
6469691 298 0 1 0
6469821 91 0 1 0
6469831 6 1 4 1
6470060 6 1 3 1
6470575 1 1 11 1
6470683 3 1 4 0
6470743 2 1 5 0
6471146 120 0 1 1
6471224 6 1 5 1
6471388 2 1 1 1
6471603 333 0 1 0
6472166 4 1 3 0
6472179 0 1 3 0
6472241 7 1 2 0
6472252 164 0 1 1
6472415 188 0 1 0
6472513 2 1 6 0
6472831 3 1 3 1
6473118 4 1 12 1
6473506 6 1 10 0
6473682 3 1 4 1
6473852 2 1 4 1
6473859 6 1 11 0
6473898 0 1 1 1
6474042 0 1 1 0
6474117 3 1 10 0
6474291 0 1 1 1
6474813 7 1 10 0
6475078 2 1 5 1
6475109 2 1 1 0
6475174 0 1 12 1
6475227 1 1 1 0
6475297 6 1 3 0
6475332 96 0 1 1
6475554 4 1 3 1
6475620 326 0 1 0
6475776 6 1 5 0
6475977 3 1 12 0
6476066 7 1 2 1
6476201 7 1 2 0
6476235 298 0 1 1
6476657 3 1 3 0
6476696 7 1 2 1
6476870 3 1 10 1
6476901 2 1 6 1
6477362 292 0 1 0
6477363 1 1 11 0
6477531 0 1 3 1
6477574 6 1 11 1
6477678 0 1 3 0
6478124 232 0 1 1
6478146 0 1 3 1
6478161 0 1 7 0
6478214 0 1 3 0
6478236 4 1 12 0
6478269 91 0 1 1
6478576 6 1 10 1
6478603 2 1 4 0
6478758 3 1 12 1
6478910 0 1 3 1
6479283 2 1 10 0
6479303 6 1 4 0
6479605 7 1 10 1
6479629 6 1 3 1
6479644 6 1 5 1
6479648 0 1 12 0
6479710 2 1 5 0
6480544 1 1 1 1
6480667 2 1 6 0
6480735 1 1 11 1
6480867 0 1 1 0
6481196 1 1 1 0
6481287 0 1 7 1
6481378 2 1 1 1
6481458 120 0 1 0
6481545 96 0 1 0
6481546 6 1 7 0
6481560 1 1 1 1
6481596 2 1 1 0
6481631 3 1 4 0
6481780 4 1 3 0
6481878 2 1 1 1
6482153 3 1 3 1
6482228 4 1 12 1
6482345 292 0 1 1
6482501 0 1 3 0
6482732 298 0 1 0
6482802 2 1 10 1
6483044 6 1 4 1
6483264 6 1 11 0
6483591 2 1 4 1
6483626 7 1 2 0
6483942 6 1 3 0
6483966 91 0 1 0
6484027 2 1 5 1
6484176 6 1 7 1
6484355 7 1 10 0
6484520 188 0 1 1
6484554 3 1 10 0
6484695 0 1 12 1
6484748 6 1 5 0
6484801 1 1 1 0
6484932 2 1 6 1
6485015 3 1 4 1
6485176 4 1 3 1
6485489 6 1 10 0
6486263 2 1 1 0
6486276 3 1 3 0
6486444 1 1 11 0
6486644 0 1 1 1
6486661 7 1 2 1
6486954 6 1 11 1
6487426 6 1 3 1
6487476 333 0 1 1
6487487 314 0 1 1
6487537 3 1 10 1
6487665 326 0 1 1
6488045 1 1 1 1
6488173 326 0 1 0
6488332 2 1 4 0
6488403 6 1 5 1
6488476 0 1 3 1
6488616 2 1 6 0
6488904 0 1 12 0
6488995 2 1 5 0
6489120 7 1 10 1
6489146 63 0 1 0
6489257 298 0 1 1
6489578 1 1 11 1
6489671 326 0 1 1
6490381 4 1 12 0
6490469 188 0 1 0
6490510 0 1 1 0
6490629 6 1 10 1
6490929 91 0 1 1
6490997 3 1 4 0
6491039 3 1 12 0
6491200 164 0 1 0
6491218 120 0 1 1
6491342 4 1 3 0
6491470 314 0 1 0
6491640 0 1 7 0
6491882 6 1 3 0
6492034 3 1 3 1
6492257 96 0 1 1
6492492 0 1 3 0
6492608 6 1 5 0
6492625 2 1 4 1
6492667 2 1 1 1
6492669 2 1 5 1
6492723 6 1 11 0
6492811 2 1 10 0
6492989 7 1 10 0
6493074 6 1 4 0
6493244 333 0 1 0
6493327 1 1 1 0
6493750 3 1 4 1
6494021 7 1 2 0
6494135 2 1 6 1
6494221 0 1 12 1
6494336 3 1 12 1
6494621 4 1 12 1
6494635 0 1 7 1
6494849 4 1 3 1
6494876 0 1 1 1
6495193 164 0 1 1
6495688 1 1 11 0
6495811 6 1 3 1
6495901 6 1 7 0
6495984 6 1 5 1
6496034 3 1 3 0
6496235 3 1 10 0
6496473 7 1 10 1
6496531 91 0 1 0
6496629 6 1 11 1
6496639 298 0 1 0
6496834 2 1 10 1
6496880 2 1 1 0
6496930 6 1 4 1
6497229 0 1 3 1
6497486 7 1 2 1
6497529 2 1 5 0
6497539 0 1 3 0
6497594 6 1 10 0
6497603 2 1 4 0
6497628 1 1 1 1
6497849 96 0 1 0
6498257 0 1 3 1
6498342 0 1 12 0
6498500 2 1 6 0
6498829 6 1 7 1
6499262 3 1 10 1
6499441 1 1 11 1
6499574 63 0 1 1
6499711 4 1 12 0
6500026 120 0 1 0
6500366 232 0 1 0
6500400 0 1 1 0
6500423 6 1 3 0
6500688 2 1 5 1
6500690 6 1 5 0
6500701 7 1 10 0
6501419 188 0 1 1
6501450 4 1 3 0
6501644 1 1 1 0
6501768 292 0 1 0
6501784 3 1 3 1
6502133 2 1 4 1
6502369 0 1 3 0
6502569 6 1 11 0
6502888 2 1 6 1
6502984 6 1 10 1
6503153 2 1 1 1
6503170 298 0 1 1
6503266 0 1 12 1
6503567 3 1 4 0
6504241 6 1 5 1
6504244 6 1 5 0
6504484 91 0 1 1
6504739 7 1 2 0
6504830 6 1 5 1
6504949 4 1 3 1
6505120 6 1 3 1
6505331 7 1 10 1
6505398 4 1 12 1
6505577 1 1 1 1
6505998 2 1 10 0
6506110 1 1 11 0
6506240 96 0 1 1
6506247 3 1 12 0
6506256 292 0 1 1
6506303 2 1 4 0
6506330 0 1 1 1
6506390 6 1 11 1
6506610 2 1 6 0
6506663 3 1 3 0
6506934 6 1 4 0
6507272 2 1 1 0
6507368 0 1 12 0
6507429 2 1 5 0
6507578 3 1 4 1
6507590 3 1 10 0
6507594 0 1 7 0
6507806 120 0 1 1
6508127 333 0 1 1
6508302 7 1 2 1
6508338 188 0 1 0
6508921 6 1 10 0
6509036 3 1 12 1
6509090 0 1 3 1
6509382 2 1 10 1
6509424 298 0 1 0
6509732 1 1 11 1
6509797 4 1 12 0
6509808 6 1 5 0
6509810 6 1 4 1
6509907 6 1 4 0
6510179 6 1 4 1
6510221 6 1 3 0
6510478 3 1 10 1
6510492 2 1 5 1
6510581 0 1 7 1
6510619 91 0 1 0
6510840 232 0 1 1
6510978 7 1 10 0
6511089 0 1 1 0
6511107 4 1 3 0
6511213 1 1 1 0
6511358 2 1 4 1
6511901 326 0 1 0
6511921 333 0 1 0
6512182 0 1 12 1
6512493 2 1 6 1
6512793 6 1 10 1
6512810 3 1 3 1
6512835 0 1 3 0
6512964 6 1 11 0
6513189 164 0 1 0
6513557 6 1 5 1
6513599 96 0 1 0
6513955 188 0 1 1
6513971 4 1 12 1
6514164 2 1 1 1
6514216 6 1 7 0
6514411 6 1 3 1
6514511 188 0 1 0
6514737 4 1 3 1
6514958 120 0 1 0
6515243 7 1 10 1
6515250 0 1 1 1
6515955 298 0 1 1
6516078 1 1 11 0
6516164 2 1 4 0
6516239 3 1 3 0
6516256 63 0 1 0
6516296 7 1 2 0
6516390 0 1 12 0
6516403 1 1 1 1
6516445 0 1 3 1
6516813 2 1 6 0
6516881 6 1 10 0
6516936 6 1 11 1
6516977 6 1 7 1
6517182 164 0 1 1
6517878 2 1 10 0
6518186 232 0 1 0
6518388 6 1 5 0
6518519 4 1 12 0
6518717 6 1 4 0
6518977 7 1 10 0
6518993 188 0 1 1
6519007 2 1 1 0
6519046 3 1 4 0
6519067 91 0 1 1
6519102 120 0 1 1
6519195 0 1 3 0
6519200 1 1 11 1
6519222 6 1 3 0
6519326 3 1 12 0
6519455 0 1 1 0
6519553 3 1 10 0
6519761 7 1 2 1
6520519 6 1 10 1
6520703 2 1 4 1
6520725 3 1 3 1
6521012 2 1 10 1
6521156 2 1 5 0
6521582 2 1 6 1
6521587 0 1 7 0
6521651 1 1 1 0
6521699 0 1 12 1
6521810 4 1 3 0
6521926 3 1 4 1
6522100 292 0 1 0
6522193 314 0 1 1
6522238 3 1 12 1
6522350 298 0 1 0
6522357 7 1 10 1
6522424 6 1 4 1
6522500 6 1 5 1
6522674 232 0 1 1
6522703 3 1 10 1
6522730 6 1 11 0
6523150 6 1 3 1
6523309 0 1 3 1
6523339 333 0 1 1
6523650 0 1 3 0
6523731 4 1 12 1
6524081 0 1 1 1
6524084 2 1 5 1
6524213 0 1 7 1
6524343 3 1 3 0
6524797 0 1 3 1
6524826 120 0 1 0
6525100 2 1 6 0
6525105 2 1 10 0
6525153 2 1 1 1
6525202 91 0 1 0
6525281 1 1 11 0
6525435 2 1 4 0
6525518 4 1 3 1
6525593 96 0 1 1
6525738 314 0 1 0
6525833 1 1 1 1
6526029 0 1 12 0
6526440 326 0 1 1
6526471 6 1 10 0
6526588 292 0 1 1
6526684 63 0 1 1
6526824 6 1 11 1
6526967 333 0 1 0
6527097 188 0 1 0
6527283 7 1 10 0
6527355 7 1 2 0
6527463 6 1 3 0
6527666 6 1 7 0
6527834 4 1 12 0
6528146 6 1 5 0
6528514 2 1 1 0
6528628 2 1 10 1
6528740 0 1 3 0
6528788 298 0 1 1
6528788 1 1 11 1
6528817 0 1 1 0
6529835 3 1 3 1
6529992 3 1 4 0
6530082 2 1 4 1
6530293 1 1 1 0
6530492 2 1 6 1
6530509 6 1 7 1
6530867 6 1 10 1
6531219 0 1 12 1
6531299 7 1 2 1
6531486 6 1 3 1
6531671 7 1 10 1
6532126 4 1 12 1
6532132 164 0 1 0
6532143 3 1 10 0
6532168 4 1 3 0
6532266 6 1 5 1
6532764 6 1 11 0
6532875 96 0 1 0
6533044 120 0 1 1
6533333 0 1 1 1
6533381 3 1 12 0
6533471 0 1 1 0
6533546 0 1 1 1
6533626 2 1 5 0
6533717 3 1 3 0
6533872 3 1 4 1
6534145 91 0 1 1
6534156 2 1 1 1
6534159 6 1 4 0
6534473 1 1 11 0
6534638 2 1 6 0
6534900 2 1 4 0
6535066 0 1 7 0
6535110 1 1 1 1
6535257 3 1 10 1
6535317 0 1 12 0
6535410 298 0 1 0
6535552 4 1 3 1
6535698 2 1 10 0
6535953 0 1 3 1
6536090 188 0 1 1
6536125 164 0 1 1
6536163 6 1 10 0
6536309 3 1 12 1
6536343 6 1 11 1
6536486 6 1 3 0
6536578 2 1 5 1
6536675 4 1 12 0
6536808 7 1 10 0
6537624 6 1 5 0
6537726 1 1 11 1
6537986 232 0 1 0
6538188 0 1 7 1
6538298 2 1 1 0
6538347 0 1 1 0
6538397 6 1 4 1
6539344 3 1 3 1
6539354 2 1 10 1
6539387 7 1 2 0
6539530 2 1 6 1
6539611 2 1 4 1
6539870 333 0 1 1
6540237 0 1 12 1
6540285 6 1 10 1
6540299 91 0 1 0
6540341 1 1 1 0
6540503 326 0 1 0
6540569 7 1 10 1
6540930 0 1 3 0
6541017 6 1 3 1
6541298 4 1 3 0
6541471 120 0 1 0
6541865 6 1 5 1
6541903 298 0 1 1
6542046 4 1 12 1
6542169 6 1 11 0
6542424 3 1 4 0
6542470 292 0 1 0
6542761 2 1 6 0
6543204 7 1 2 1
6543633 1 1 1 1
6543646 3 1 3 0
6543931 1 1 11 0
6543940 2 1 1 1
6543996 96 0 1 1
6544038 333 0 1 0
6544175 188 0 1 0
6544570 2 1 4 0
6544638 3 1 10 0
6544661 0 1 12 0
6544686 4 1 3 1
6544906 6 1 7 0
6545174 0 1 1 1
6545456 7 1 10 0
6545776 6 1 10 0
6545879 63 0 1 0
6546280 6 1 11 1
6546300 3 1 4 1
6546388 6 1 3 0
6546596 4 1 12 0
6547086 2 1 5 0
6547151 2 1 6 1
6547444 232 0 1 1
6547453 292 0 1 1
6547462 6 1 7 1
6547560 1 1 1 0
6547617 3 1 12 0
6547626 6 1 5 0
6547684 1 1 11 1
6547766 0 1 3 1
6547944 3 1 10 1
6548006 2 1 1 0
6548470 298 0 1 0
6548568 2 1 10 0
6548747 91 0 1 1
6548839 2 1 4 1
6549144 6 1 4 0
6549273 3 1 3 1
6549765 120 0 1 1
6550080 7 1 10 1
6550169 2 1 5 1
6550218 0 1 12 1
6550384 96 0 1 0
6550758 6 1 3 1
6550779 3 1 12 1
6550874 4 1 3 0
6550914 6 1 10 1
6551260 4 1 12 1
6551263 2 1 6 0
6551511 314 0 1 1
6551515 0 1 7 0
6551579 2 1 10 1
6551606 0 1 3 0
6551879 6 1 5 1
6551936 7 1 2 0
6552143 6 1 11 0
6552620 0 1 1 0
6552635 6 1 4 1
6552857 188 0 1 1
6553012 1 1 1 1
6553172 3 1 3 0
6553305 2 1 4 0
6553550 164 0 1 0
6554516 4 1 3 1
6554666 0 1 12 0
6554680 326 0 1 1
6554752 0 1 7 1
6554878 1 1 11 0
6554901 91 0 1 0
6554987 7 1 2 1
6554995 298 0 1 1
6555051 120 0 1 0
6555366 3 1 4 0
6555399 314 0 1 0
6555951 333 0 1 1
6555994 4 1 12 0
6556033 2 1 1 1
6556102 7 1 10 0
6556156 3 1 10 0
6556228 6 1 3 0
6556250 6 1 11 1
6556528 6 1 5 0
6556651 2 1 10 0
6556746 3 1 3 1
6557085 0 1 3 1
6557163 2 1 6 1
6557251 2 1 6 0
6557256 6 1 10 0
6557265 0 1 3 0
6557297 63 0 1 1
6557543 164 0 1 1
6557554 2 1 6 1
6557577 0 1 3 1
6558024 0 1 1 1
6558086 2 1 4 1
6558123 3 1 4 1
6558496 1 1 11 1
6559261 6 1 7 0
6559283 188 0 1 0
6559300 3 1 10 1
6559729 0 1 12 1
6559918 2 1 1 0
6559932 2 1 10 1
6559978 7 1 10 1
6560056 96 0 1 1
6560192 6 1 3 1
6560234 7 1 2 0
6560253 333 0 1 0
6560262 1 1 1 0
6560298 6 1 5 1
6560583 4 1 12 1
6560985 0 1 3 0
6561225 4 1 3 0
6561301 3 1 3 0
6561364 2 1 5 0
6561365 120 0 1 1
6561378 120 0 1 0
6561899 6 1 7 1
6562239 2 1 6 0
6562310 298 0 1 0
6562396 6 1 10 1
6562400 120 0 1 1
6562413 120 0 1 0
6562464 6 1 11 0
6562608 2 1 4 0
6563060 0 1 1 0
6563081 3 1 12 0
6563350 91 0 1 1
6563531 7 1 2 1
6563604 1 1 11 0
6563819 0 1 12 0
6563859 6 1 4 0
6564050 7 1 10 0
6564363 292 0 1 0
6564397 6 1 3 0
6564577 120 0 1 1
6564697 2 1 5 1
6564728 4 1 3 1
6564806 2 1 1 1
6565380 6 1 5 0
6565460 1 1 1 1
6565503 3 1 3 1
6565771 4 1 12 0
6565783 96 0 1 0
6566047 6 1 11 1
6566071 2 1 10 0
6566140 3 1 12 1
6566435 188 0 1 1
6566980 1 1 11 1
6567412 0 1 1 1
6567450 0 1 7 0
6567568 2 1 4 1
6567575 0 1 3 1
6567596 6 1 4 1
6568104 2 1 1 0
6568236 6 1 3 1
6568364 3 1 3 0
6568488 2 1 6 1
6568722 0 1 12 1
6568838 1 1 1 0
6568897 298 0 1 1
6569003 3 1 10 0
6569101 7 1 10 1
6569190 7 1 2 0
6569280 4 1 12 1
6569346 292 0 1 1
6569503 91 0 1 0
6569592 6 1 10 0
6569733 326 0 1 0
6569766 6 1 5 1
6569987 2 1 10 1
6570216 3 1 4 0
6570437 0 1 7 1
6570502 4 1 3 0
6571374 6 1 11 0
6571911 3 1 3 1
6571921 0 1 1 0
6572090 7 1 2 1
6572131 6 1 7 0
6572314 63 0 1 0
6572346 232 0 1 0
6572399 2 1 4 0
6572515 3 1 10 1
6572610 0 1 3 0
6572786 2 1 6 0
6573001 188 0 1 0
6573106 6 1 3 0
6573161 1 1 11 0
6573350 0 1 12 0
6573357 2 1 1 1
6573473 3 1 4 1
6573918 120 0 1 0
6574132 4 1 3 1
6574146 333 0 1 1
6574252 1 1 1 1
6574912 7 1 10 0
6574920 6 1 5 0
6575039 6 1 10 1
6575059 6 1 7 1
6575492 6 1 11 1
6575683 4 1 12 0
6575920 164 0 1 0
6576345 298 0 1 0
6576378 6 1 4 0
6576435 96 0 1 1
6576599 3 1 3 0
6576834 232 0 1 1
6577049 2 1 4 1
6577152 1 1 11 1
6577152 6 1 3 1
6577158 2 1 6 1
6577224 2 1 5 0
6577495 2 1 1 0
6577698 0 1 1 1
6577951 91 0 1 1
6578346 0 1 3 1
6578476 3 1 12 0
6578751 333 0 1 0
6578870 6 1 5 1
6578883 7 1 10 1
6578972 2 1 10 0
6579278 0 1 12 1
6579452 4 1 12 1
6579500 6 1 4 1
6579913 164 0 1 1
6580291 2 1 5 1
6580615 3 1 3 1
6580820 2 1 6 0
6580833 7 1 2 0
6581005 4 1 3 0
6581249 3 1 12 1
6581416 6 1 10 0
6581638 188 0 1 1
6581651 2 1 4 0
6581698 3 1 10 0
6581759 326 0 1 1
6581769 6 1 11 0
6581812 0 1 1 0
6581950 1 1 1 0
6582094 6 1 3 0
6582129 3 1 4 0
6582414 0 1 7 0
6582642 2 1 10 1
6582742 63 0 1 1
6582934 298 0 1 1
6583112 0 1 3 0
6583152 314 0 1 1
6583270 1 1 11 0
6583441 0 1 12 0
6583510 96 0 1 0
6583590 120 0 1 1
6583610 91 0 1 0
6583625 2 1 1 1
6583713 7 1 10 0
6583952 6 1 5 0
6584021 232 0 1 0
6584520 4 1 3 1
6584567 3 1 3 0
6584591 3 1 10 1
6584927 7 1 2 1
6585338 6 1 10 1
6585382 3 1 4 1
6585487 6 1 11 1
6585589 0 1 7 1
6585644 1 1 1 1
6585981 4 1 12 0
6586256 292 0 1 0
6586303 6 1 3 1
6586313 2 1 4 1
6586688 2 1 6 1
6587023 1 1 11 1
6587237 0 1 1 1
6587395 2 1 1 0
6587630 314 0 1 0
6587673 2 1 10 0
6587913 0 1 3 1
6588076 6 1 5 1
6588466 6 1 7 0
6588522 0 1 12 1
6588630 3 1 3 1
6588724 7 1 10 1
6589022 3 1 3 0
6589036 120 0 1 0
6589214 1 1 1 0
6589336 6 1 10 0
6589409 4 1 12 1
6589424 3 1 3 1
6589961 188 0 1 0
6590094 6 1 4 0
6590380 298 0 1 0
6590573 91 0 1 1
6590894 2 1 4 0
6590965 6 1 7 1
6591007 6 1 3 0
6591041 7 1 2 0
6591053 2 1 10 1
6591110 4 1 3 0
6591174 6 1 11 0
6591239 292 0 1 1
6591485 2 1 6 0
6591579 2 1 5 0
6592100 0 1 3 0
6592982 3 1 3 0
6593067 3 1 12 0
6593077 6 1 5 0
6593236 6 1 10 1
6593394 0 1 12 0
6593474 96 0 1 1
6593521 2 1 1 1
6593669 0 1 1 0
6593678 1 1 11 0
6593808 7 1 10 0
6593958 6 1 4 1
6594129 333 0 1 1
6594281 3 1 10 0
6594426 120 0 1 1
6594477 7 1 2 1
6594487 232 0 1 1
6594515 2 1 5 1
6594639 6 1 11 1
6594713 4 1 12 0
6594965 6 1 3 1
6595090 1 1 1 1
6595194 4 1 3 1
6595699 91 0 1 0
6595707 2 1 4 1
6595898 326 0 1 0
6595971 3 1 12 1
6596222 2 1 6 1
6596919 298 0 1 1
6597073 7 1 10 1
6597196 3 1 3 1
6597288 2 1 1 0
6597319 164 0 1 0
6597397 0 1 7 0
6597520 6 1 5 1
6597640 0 1 1 1
6597668 1 1 11 1
6597944 0 1 3 1
6598197 3 1 10 1
6598246 2 1 10 0
6598500 333 0 1 0
6598572 0 1 12 1
6598795 1 1 1 0
6599003 6 1 10 0
6599017 188 0 1 1
6599496 6 1 3 0
6599595 2 1 6 0
6599614 96 0 1 0
6600012 4 1 12 1
6600277 0 1 7 1
6600943 7 1 2 0
6601042 63 0 1 0
6601074 6 1 11 0
6601312 164 0 1 1
6601372 2 1 10 1
6601420 3 1 4 0
6601642 7 1 10 0
6601709 3 1 3 0
6601902 0 1 1 0
6601909 4 1 3 0
6602373 120 0 1 0
6602407 6 1 7 0
6602469 6 1 4 0
6602541 2 1 4 0
6602681 0 1 12 0
6602800 1 1 1 1
6602869 1 1 1 0
6602877 0 1 3 0
6602894 6 1 5 0
6603141 6 1 10 1
6603148 1 1 1 1
6603157 91 0 1 1
6603172 2 1 1 1
6603258 6 1 3 1
6603616 1 1 11 0
6603680 298 0 1 0
6603911 7 1 2 1
6604124 4 1 12 0
6604173 3 1 4 1
6604409 2 1 6 1
6605166 4 1 3 1
6605181 6 1 11 1
6605377 6 1 7 1
6605714 6 1 4 1
6605781 2 1 5 0
6605814 2 1 4 1
6605919 7 1 10 1
6605930 188 0 1 0
6606181 3 1 3 1
6606877 1 1 11 1
6607004 6 1 5 1
6607073 2 1 1 0
6607369 0 1 1 1
6607704 0 1 12 1
6607839 6 1 3 0
6607992 6 1 10 0
6608143 2 1 6 0
6608149 292 0 1 0
6608244 3 1 10 0
6608473 1 1 1 0
6608675 0 1 3 1
6608759 91 0 1 0
6608840 2 1 5 1
6609070 3 1 12 0
6609658 96 0 1 1
6609914 3 1 3 0
6609945 298 0 1 1
6609960 4 1 12 1
6609999 326 0 1 1
6610411 2 1 10 0
6610838 0 1 7 0
6611300 4 1 3 0
6611470 63 0 1 1
6611574 1 1 11 0
6611592 6 1 11 0
6611798 6 1 3 1
6611898 333 0 1 1
6612037 7 1 10 0
6612074 7 1 2 0
6612100 3 1 10 1
6612126 6 1 10 1
6612226 0 1 12 0
6612228 3 1 12 1
6612310 3 1 4 0
6612395 0 1 3 0
6612442 6 1 5 0
6612637 292 0 1 1
6612703 2 1 1 1
6612724 0 1 1 0
6612753 2 1 6 1
6612778 2 1 4 0
6613269 120 0 1 1
6613829 0 1 7 1
6614168 2 1 10 1
6614239 1 1 1 1
6614550 4 1 12 0
6614573 2 1 10 0
6614668 2 1 10 1
6614831 1 1 11 1
6614930 4 1 3 1
6615036 6 1 11 1
6615037 3 1 3 1
6615060 1 1 11 0
6615190 3 1 4 1
6615450 1 1 11 1
6616018 7 1 2 1
6616028 333 0 1 0
6616184 2 1 1 0
6616309 2 1 4 1
6616440 2 1 6 0
6616651 0 1 12 1
6616668 188 0 1 1
6616712 91 0 1 1
6616723 6 1 5 1
6616824 6 1 4 0
6617176 6 1 7 0
6617196 298 0 1 0
6617363 314 0 1 1
6617734 6 1 3 0
6617822 0 1 1 1
6617985 7 1 10 1
6618223 164 0 1 0
6619054 6 1 10 0
6619108 0 1 3 1
6619381 3 1 3 0
6619570 1 1 1 0
6619794 2 1 5 0
6619835 4 1 12 1
6619848 2 1 10 0
6620183 6 1 7 1
6620557 6 1 4 1
6620583 6 1 11 0
6620873 0 1 12 0
6621185 2 1 6 1
6621346 314 0 1 0
6621352 4 1 3 0
6621450 188 0 1 0
6621603 6 1 3 1
6621731 7 1 2 0
6621907 0 1 1 0
6622079 96 0 1 0
6622097 1 1 11 0
6622198 6 1 5 0
6622216 164 0 1 1
6622390 91 0 1 0
6622432 7 1 10 0
6622624 0 1 3 0
6622691 2 1 1 1
6622715 120 0 1 0
6622809 3 1 3 1
6622855 2 1 10 1
6622877 2 1 5 1
6623620 2 1 4 0
6623662 6 1 11 1
6623790 298 0 1 1
6624141 4 1 12 0
6624256 1 1 1 1
6624284 3 1 10 0
6624692 6 1 10 1
6624793 0 1 7 0
6624982 4 1 3 1
6625252 3 1 12 0
6625301 0 1 12 1
6625314 0 1 1 1
6625556 7 1 2 1
6625638 2 1 6 0
6625846 1 1 11 1
6625968 1 1 1 0
6626089 6 1 3 0
6626248 3 1 3 0
6626456 333 0 1 1
6626723 7 1 10 1
6627043 2 1 4 1
6627045 3 1 10 1
6627070 326 0 1 0
6627082 6 1 5 1
6627100 2 1 1 0
6627669 0 1 7 1
6628287 3 1 12 1
6628299 6 1 11 0
6628538 292 0 1 0
6628595 0 1 3 1
6628704 63 0 1 0
6628704 6 1 4 0
6628900 96 0 1 1
6629277 6 1 10 0
6629411 0 1 12 0
6629574 188 0 1 1
6629633 4 1 12 1
6629940 0 1 1 0
6630343 91 0 1 1
6630352 7 1 10 0
6630551 232 0 1 0
6630624 333 0 1 0
6630809 298 0 1 0
6630835 3 1 3 1
6630856 6 1 3 1
6631386 2 1 6 1
6631505 6 1 11 1
6631531 6 1 7 0
6631615 3 1 4 0
6631695 6 1 4 1
6631734 6 1 5 0
6631814 4 1 3 0
6632518 6 1 10 1
6632616 1 1 11 0
6632743 120 0 1 1
6633026 292 0 1 1
6633111 2 1 1 1
6633158 2 1 4 0
6633200 4 1 12 0
6633213 2 1 10 0
6633537 0 1 3 0
6633986 7 1 10 1
6634030 6 1 7 1
6634169 0 1 1 1
6634231 3 1 3 0
6634288 3 1 10 0
6634368 3 1 4 1
6634434 0 1 12 1
6635096 7 1 2 0
6635119 2 1 5 0
6635309 4 1 3 1
6635384 2 1 6 0
6635679 188 0 1 0
6635964 91 0 1 0
6635983 6 1 5 1
6636232 6 1 5 0
6636485 6 1 5 1
6636524 2 1 4 1
6636638 2 1 10 1
6636742 1 1 11 1
6636803 3 1 10 1
6636839 298 0 1 1
6636974 2 1 1 0
6637033 6 1 3 0
6637704 6 1 11 0
6638272 7 1 10 0
6638405 7 1 2 1
6638428 2 1 5 1
6638437 3 1 3 1
6638603 6 1 10 0
6638697 4 1 12 1
6639132 63 0 1 1
6639232 0 1 1 0
6639431 6 1 5 0
6639652 2 1 6 1
6639659 0 1 12 0
6640117 164 0 1 0
6640252 0 1 7 0
6640550 120 0 1 0
6640594 4 1 3 0
6640630 6 1 3 1
6640901 3 1 12 0
6640979 232 0 1 1
6641173 6 1 4 0
6641209 326 0 1 1
6641287 6 1 11 1
6641814 0 1 3 1
6642189 96 0 1 0
6642422 4 1 12 0
6642535 3 1 3 0
6642768 0 1 3 0
6642807 1 1 11 0
6642970 3 1 4 0
6642993 7 1 10 1
6643099 0 1 3 1
6643286 298 0 1 0
6643340 6 1 10 1
6643370 0 1 7 1
6643422 91 0 1 1
6643477 2 1 1 1
6643477 4 1 3 1
6643550 2 1 6 0
6643592 0 1 1 1
6643678 3 1 12 1
6643766 3 1 12 0
6644022 333 0 1 1
6644067 3 1 12 1
6644110 164 0 1 1
6644212 3 1 10 0
6644327 7 1 2 0
6644456 0 1 12 1
6644714 2 1 4 0
6644910 6 1 4 1
6645066 6 1 5 1
6645461 0 1 3 0
6645846 3 1 4 1
6646237 6 1 3 0
6646624 188 0 1 1
6646788 1 1 11 1
6646815 2 1 10 0
6646985 3 1 10 1
6647186 4 1 12 1
6647203 2 1 1 0
6647302 7 1 10 0
6647596 3 1 3 1
6647604 6 1 11 0
6647876 232 0 1 0
6648148 7 1 2 1
6648282 0 1 1 0
6648304 333 0 1 0
6648324 2 1 4 1
6648451 292 0 1 0
6648510 6 1 5 0
6648604 314 0 1 1
6648716 0 1 12 0
6648828 96 0 1 1
6649043 91 0 1 0
6649249 120 0 1 1
6649795 2 1 6 1
6649817 298 0 1 1
6649982 0 1 3 1
6650042 4 1 3 0
6650051 6 1 10 0
6650341 6 1 7 0
6650635 4 1 12 0
6650688 2 1 10 1
6650790 6 1 3 1
6650979 2 1 5 0
6651102 3 1 3 0
6651715 6 1 11 1
6652067 7 1 10 1
6652364 232 0 1 1
6652748 188 0 1 0
6652821 1 1 11 0
6652939 292 0 1 1
6653025 314 0 1 0
6653075 2 1 1 1
6653089 0 1 1 1
6653269 6 1 7 1
6653739 0 1 12 1
6653891 4 1 3 1
6654362 6 1 5 1
6654391 2 1 5 1
6654575 2 1 6 0
6654683 0 1 7 0
6654842 6 1 10 1
6654881 0 1 3 0
6655294 6 1 3 0
6655524 2 1 4 0
6655597 7 1 10 0
6655689 4 1 12 1
6655928 63 0 1 0
6655939 3 1 3 1
6656086 7 1 3 1
6656317 298 0 1 0
6656319 6 1 4 0
6656680 3 1 12 0
6656698 120 0 1 0
6656805 7 1 2 0
6657020 2 1 1 0
6657217 1 1 11 1
6657374 3 1 4 0
6657491 91 0 1 1
6657577 3 1 10 0
6657797 0 1 7 1
6657810 0 1 1 0
6657819 6 1 11 0
6658029 6 1 5 0
6658785 96 0 1 0
6658862 6 1 3 1
6659001 0 1 12 0
6659027 2 1 4 1
6659558 2 1 6 1
6659558 4 1 12 0
6659576 3 1 12 1
6660131 3 1 4 1
6660183 6 1 4 1
6660219 4 1 3 0
6660341 7 1 2 1
6660359 7 1 3 0
6660438 2 1 10 0
6660481 7 1 10 1
6661186 3 1 10 1
6661249 3 1 3 0
6661283 6 1 11 1
6661373 6 1 10 0
6661497 164 0 1 0
6661726 6 1 7 0
6662197 333 0 1 1
6662311 1 1 11 0
6662341 0 1 1 1
6662780 2 1 6 0
6662848 298 0 1 1
6663150 91 0 1 0
6663154 2 1 1 1
6663216 6 1 5 1
6663410 188 0 1 1
6663459 0 1 3 1
6663493 120 0 1 1
6663945 2 1 10 1
6663976 4 1 3 1
6664049 0 1 12 1
6664142 7 1 3 1
6664186 6 1 3 0
6664343 96 0 1 1
6664487 6 1 7 1
6664741 6 1 10 1
6664810 326 0 1 0
6664892 4 1 12 1
6664971 2 1 5 0
6665490 164 0 1 1
6665620 7 1 10 0
6665962 0 1 1 0
6666327 333 0 1 0
6666363 6 1 5 0
6666414 6 1 11 0
6666441 1 1 11 1
6666610 3 1 3 1
6666918 1 1 11 0
6667068 1 1 11 1
6667346 63 0 1 1
6667350 2 1 4 0
6667368 2 1 6 1
6667408 2 1 1 0
6667780 2 1 5 1
6668441 188 0 1 0
6668502 7 1 2 0
6668712 0 1 12 0
6668821 292 0 1 0
6668976 6 1 3 1
6669303 6 1 4 0
6669376 6 1 10 0
6669475 298 0 1 0
6669779 0 1 3 0
6669879 6 1 11 1
6670161 0 1 7 0
6670508 4 1 12 0
6670608 91 0 1 1
6670697 3 1 3 0
6670731 4 1 3 0
6670738 2 1 4 1
6670750 7 1 10 1
6671091 3 1 12 0
6671156 120 0 1 0
6671183 0 1 1 1
6671278 1 1 11 0
6671282 7 1 3 0
6671465 3 1 10 0
6671669 2 1 6 0
6672352 6 1 5 1
6672569 7 1 2 1
6672792 2 1 1 1
6672913 6 1 4 1
6672974 6 1 10 1
6673398 0 1 7 1
6673559 0 1 12 1
6673804 292 0 1 1
6673847 6 1 3 0
6673868 3 1 12 1
6674111 4 1 3 1
6674220 4 1 3 0
6674276 2 1 10 0
6674488 4 1 3 1
6674596 6 1 7 0
6674734 3 1 10 1
6675196 7 1 10 0
6675400 1 1 11 1
6675420 7 1 3 1
6675629 4 1 12 1
6675639 96 0 1 0
6675739 298 0 1 1
6675819 6 1 11 0
6675889 0 1 3 1
6675966 6 1 5 0
6676184 3 1 4 0
6676229 91 0 1 0
6676705 3 1 3 1
6676722 2 1 1 0
6676733 0 1 1 0
6676755 333 0 1 1
6676912 326 0 1 1
6677209 6 1 3 1
6677226 6 1 7 1
6677656 2 1 6 1
6677692 2 1 4 0
6677943 188 0 1 1
6678028 2 1 5 0
6678402 2 1 10 1
6678656 7 1 2 0
6678800 0 1 12 0
6679193 6 1 10 0
6679203 7 1 10 1
6679427 1 1 11 0
6679488 3 1 4 1
6679779 6 1 11 1
6679793 4 1 12 0
6680057 7 1 3 0
6680166 0 1 3 0
6680838 2 1 4 1
6680916 164 0 1 0
6680981 333 0 1 0
6681125 2 1 5 1
6681212 0 1 1 1
6681331 4 1 3 0
6681570 3 1 3 0
6681721 2 1 6 0
6681929 6 1 5 1
6681947 7 1 2 1
6682103 120 0 1 1
6682246 96 0 1 1
6682535 298 0 1 0
6682621 2 1 10 0
6682659 6 1 4 0
6682934 6 1 10 1
6683086 6 1 3 0
6683133 63 0 1 0
6683311 1 1 11 1
6683317 7 1 10 0
6683872 2 1 1 1
6684051 7 1 3 1
6684156 188 0 1 0
6684182 91 0 1 1
6684224 0 1 12 1
6684843 4 1 12 1
6684909 164 0 1 1
6685080 4 1 3 1
6685233 314 0 1 1
6685469 6 1 5 0
6685601 0 1 7 0
6685813 2 1 10 1
6685951 0 1 3 1
6685976 6 1 11 0
6685991 232 0 1 0
6686038 3 1 3 1
6686257 0 1 1 0
6686349 2 1 6 1
6686831 3 1 12 0
6686892 6 1 4 1
6687268 2 1 1 0
6687522 3 1 10 0
6687997 1 1 11 0
6688123 6 1 3 1
6688481 0 1 7 1
6688705 7 1 10 1
6688979 0 1 12 0
6689079 298 0 1 1
6689093 6 1 10 0
6689128 4 1 12 0
6689280 3 1 3 0
6689436 6 1 11 1
6689768 314 0 1 0
6689788 2 1 4 0
6689803 91 0 1 0
6689862 3 1 12 1
6689941 6 1 7 0
6689995 2 1 6 0
6690359 0 1 1 1
6690536 7 1 2 0
6690695 292 0 1 0
6691035 7 1 3 0
6691172 3 1 10 1
6691523 6 1 5 1
6691806 4 1 3 0
6691920 120 0 1 0
6691998 0 1 3 0
6692025 2 1 1 1
6692043 3 1 4 0
6692266 1 1 11 1
6692329 2 1 5 0
6692497 6 1 7 1
6692943 96 0 1 0
6692962 3 1 3 1
6693322 6 1 10 1
6693346 6 1 3 0
6693505 2 1 4 1
6693561 63 0 1 1
6693712 7 1 10 0
6693983 326 0 1 0
6694100 4 1 12 1
6694214 2 1 10 0
6694341 7 1 2 1
6694379 333 0 1 1
6694494 2 1 6 1
6694657 0 1 12 1
6694738 6 1 11 0
6694846 188 0 1 1
6694873 0 1 1 0
6694931 3 1 4 1
6695067 6 1 5 0
6695183 292 0 1 1
6695285 2 1 5 1
6695467 232 0 1 1
6695563 7 1 3 1
6695576 298 0 1 0
6695796 2 1 1 0
6695809 4 1 3 1
6696573 6 1 4 0
6696583 1 1 11 0
6697350 6 1 3 1
6697471 2 1 10 1
6697504 3 1 3 0
6697756 91 0 1 1
6698042 96 0 1 1
6698329 6 1 11 1
6698380 2 1 6 0
6698469 7 1 10 1
6698489 333 0 1 0
6698928 0 1 12 0
6699080 0 1 7 0
6699215 0 1 3 1
6699366 4 1 12 0
6699402 0 1 3 0
6699475 0 1 1 1
6699792 6 1 10 0
6699814 6 1 4 1
6699859 0 1 3 1
6699958 188 0 1 0
6700344 1 1 11 1
6700468 0 1 3 0
6700561 2 1 1 1
6700850 6 1 5 1
6700922 3 1 12 0
6700931 7 1 2 0
6700953 0 1 3 1
6701152 7 1 3 0
6701648 120 0 1 1
6701690 3 1 10 0
6701697 2 1 4 0
6701710 0 1 7 1
6702046 4 1 3 0
6702120 298 0 1 1
6702615 3 1 3 1
6702772 164 0 1 0
6702871 6 1 3 0
6703227 0 1 1 0
6703551 6 1 11 0
6703720 2 1 1 0
6703910 91 0 1 0
6703949 4 1 12 1
6703994 2 1 6 1
6704041 6 1 10 1
6704084 3 1 12 1
6704141 0 1 12 1
6704401 2 1 10 0
6704494 7 1 2 1
6704511 6 1 5 0
6704597 7 1 3 1
6704690 2 1 4 1
6704908 7 1 10 0
6705082 3 1 10 1
6705131 1 1 11 0
6705256 2 1 5 0
6705781 6 1 7 0
6705875 0 1 3 0
6705922 4 1 3 1
6706308 96 0 1 0
6706692 3 1 3 0
6706765 164 0 1 1
6706876 6 1 11 1
6706937 333 0 1 1
6707254 63 0 1 0
6707540 6 1 3 1
6708073 2 1 5 1
6708084 326 0 1 1
6708247 4 1 12 0
6708338 2 1 6 0
6708356 0 1 1 1
6708378 3 1 4 0
6708399 6 1 4 0
6708538 6 1 7 1
6708636 298 0 1 0
6708654 2 1 10 1
6709096 2 1 1 1
6709354 188 0 1 1
6709367 188 0 1 0
6709400 1 1 11 1
6709643 1 1 11 0
6709703 120 0 1 0
6709739 0 1 3 1
6709755 0 1 12 0
6709908 1 1 11 1
6709916 6 1 10 0
6710283 6 1 5 1
6710315 188 0 1 1
6710411 0 1 3 0
6710532 6 1 5 0
6710581 7 1 10 1
6710792 6 1 5 1
6711012 3 1 4 1
6711223 7 1 3 0
6711279 3 1 3 1
6711350 0 1 3 1
6711483 96 0 1 1
6711598 292 0 1 0
6712133 333 0 1 0
6712203 2 1 4 0
6712509 6 1 4 1
6712772 6 1 3 0
6712823 2 1 1 0
6712853 91 0 1 1
6712880 4 1 3 0
6713103 0 1 7 0
6713127 0 1 1 0
6713279 7 1 2 0
6713330 2 1 6 1
6713423 6 1 11 0
6713598 4 1 12 1
6713893 3 1 10 0
6713903 6 1 10 1
6714223 6 1 5 0
6714305 0 1 3 0
6714666 298 0 1 1
6714704 1 1 11 0
6715318 0 1 12 1
6715595 2 1 4 1
6715702 63 0 1 1
6715730 120 0 1 1
6715739 7 1 3 1
6716217 0 1 7 1
6716281 2 1 10 0
6716313 3 1 3 0
6716482 7 1 10 0
6716581 292 0 1 1
6716611 6 1 3 1
6716977 7 1 2 1
6717006 4 1 3 1
6717016 2 1 6 0
6717057 3 1 10 1
6717358 0 1 1 1
6717509 3 1 12 0
6717522 6 1 11 1
6718212 4 1 12 0
6718461 2 1 1 1
6718474 91 0 1 0
6718651 6 1 7 0
6718697 2 1 5 0
6718770 1 1 11 1
6719006 314 0 1 1
6719267 188 0 1 0
6719388 0 1 12 0
6719479 6 1 5 1
6719534 2 1 10 1
6719572 6 1 10 0
6720086 333 0 1 1
6720798 3 1 12 1
6721019 3 1 3 1
6721184 7 1 3 0
6721220 298 0 1 0
6721268 0 1 3 1
6721408 6 1 7 1
6721769 120 0 1 0
6721772 2 1 5 1
6721785 326 0 1 0
6721967 6 1 3 0
6721984 0 1 1 0
6722003 2 1 6 1
6722259 7 1 10 1
6722501 6 1 5 0
6722541 2 1 1 0
6722711 7 1 2 0
6722780 4 1 3 0
6722807 6 1 4 0
6722970 314 0 1 0
6723033 1 1 11 0
6723188 4 1 12 1
6723299 6 1 10 1
6723488 96 0 1 0
6723723 2 1 4 0
6724190 164 0 1 0
6724329 6 1 11 0
6724689 0 1 12 1
6724704 7 1 3 1
6724892 3 1 3 0
6725112 2 1 10 0
6725301 333 0 1 0
6725437 91 0 1 1
6725703 3 1 4 0
6725844 0 1 1 1
6725881 7 1 2 1
6726056 6 1 4 1
6726295 4 1 3 1
6726316 188 0 1 1
6726667 1 1 11 1
6726889 3 1 10 0
6726898 2 1 6 0
6727115 2 1 4 1
6727315 4 1 12 0
6727378 6 1 3 1
6727571 232 0 1 0
6727745 298 0 1 1
6727908 6 1 11 1
6727963 2 1 10 1
6727980 0 1 7 0
6728167 0 1 3 0
6728183 164 0 1 1
6728361 6 1 5 1
6728566 3 1 4 1
6728691 6 1 10 0
6728857 7 1 10 0
6729235 96 0 1 1
6729313 0 1 12 0
6729793 3 1 10 1
6729814 2 1 1 1
6729868 3 1 3 1
6730037 0 1 1 0
6730494 188 0 1 0
6730506 91 0 1 0
6730779 333 0 1 1
6730794 1 1 11 0
6731141 7 1 3 0
6731217 0 1 7 1
6731683 120 0 1 1
6731706 6 1 5 0
6731813 6 1 10 1
6731981 4 1 3 0
6731984 63 0 1 0
6732513 6 1 3 0
6732625 3 1 12 0
6732680 4 1 12 1
6732762 2 1 6 1
6732878 6 1 4 0
6733147 2 1 5 0
6733253 7 1 10 1
6733584 6 1 7 0
6733887 7 1 2 0
6734016 0 1 1 1
6734016 2 1 1 0
6734100 292 0 1 0
6734225 0 1 12 1
6734261 298 0 1 0
6734305 1 1 11 1
6734950 2 1 10 0
6735212 0 1 3 1
6735448 333 0 1 0
6735464 3 1 3 0
6735642 7 1 3 1
6735652 3 1 12 1
6735714 6 1 11 0
6735738 4 1 3 1
6735943 326 0 1 1
6735998 2 1 4 0
6736095 2 1 5 1
6736218 6 1 7 1
6736260 6 1 4 1
6736406 6 1 3 1
6736428 2 1 6 0
6736566 6 1 5 1
6736713 6 1 5 0
6736807 4 1 12 0
6736922 7 1 2 1
6737000 7 1 2 0
6737121 6 1 5 1
6737328 7 1 10 0
6737387 7 1 2 1
6737469 91 0 1 1
6737833 6 1 10 0
6738012 0 1 3 0
6738037 232 0 1 1
6738232 0 1 1 0
6738588 292 0 1 1
6738818 0 1 12 0
6738825 1 1 11 0
6738826 2 1 10 1
6739674 6 1 11 1
6739812 96 0 1 0
6740025 2 1 4 1
6740328 3 1 10 0
6740456 3 1 3 1
6740457 298 0 1 1
6740599 7 1 3 0
6740730 6 1 5 0
6740923 2 1 6 1
6741101 7 1 10 1
6741240 4 1 12 1
6741251 120 0 1 0
6741823 6 1 3 0
6741945 6 1 10 1
6742245 0 1 3 1
6742412 63 0 1 1
6742538 91 0 1 0
6742542 4 1 3 0
6743158 2 1 1 1
6743348 1 1 11 1
6743572 0 1 1 1
6743896 3 1 10 1
6743915 0 1 7 0
6744037 3 1 4 0
6744126 7 1 3 1
6744252 0 1 12 1
6744420 7 1 2 0
6744472 6 1 4 0
6744545 3 1 3 0
6744886 333 0 1 1
6745002 2 1 10 0
6745310 2 1 6 0
6745687 7 1 10 0
6745790 96 0 1 1
6746122 164 0 1 0
6746168 4 1 3 1
6746225 4 1 12 0
6746488 2 1 1 0
6746598 6 1 5 1
6746726 3 1 12 0
6746794 3 1 4 1
6746929 6 1 3 1
6747160 0 1 7 1
6747302 298 0 1 0
6747469 6 1 11 0
6747493 6 1 10 0
6747597 2 1 5 0
6747888 1 1 11 0
6747956 7 1 2 1
6748402 0 1 3 0
6748459 6 1 4 1
6748489 2 1 4 0
6748628 2 1 10 1
6748731 0 1 1 0
6748878 3 1 3 1
6748906 0 1 12 0
6749130 333 0 1 0
6749341 6 1 7 0
6749449 7 1 10 1
6749503 3 1 12 1
6749996 91 0 1 1
6750004 6 1 5 0
6750115 164 0 1 1
6750525 2 1 5 1
6750680 7 1 3 0
6750805 2 1 6 1
6750959 120 0 1 1
6751110 326 0 1 0
6751218 314 0 1 1
6751365 6 1 10 1
6751582 4 1 12 1
6751637 6 1 3 0
6751695 6 1 11 1
6751758 2 1 4 1
6751903 1 1 11 1
6752002 1 1 11 0
6752106 6 1 7 1
6752276 1 1 11 1
6752645 3 1 10 0
6752916 4 1 3 0
6753262 3 1 3 0
6753456 0 1 1 1
6753757 2 1 1 1
6753827 298 0 1 1
6754102 7 1 10 0
6754238 0 1 12 1
6754530 7 1 3 1
6754540 2 1 10 0
6754541 2 1 6 0
6754546 292 0 1 0
6754886 0 1 7 0
6755130 6 1 5 1
6755260 6 1 3 1
6755309 96 0 1 0
6755422 3 1 4 0
6755433 3 1 10 1
6755579 91 0 1 0
6755676 7 1 2 0
6755696 314 0 1 0
6756404 120 0 1 0
6756524 4 1 12 0
6756588 333 0 1 1
6756819 0 1 3 1
6756831 4 1 3 1
6757289 2 1 10 1
6757331 1 1 11 0
6757497 3 1 3 1
6757685 63 0 1 0
6758032 0 1 1 0
6758044 292 0 1 1
6758100 2 1 1 0
6758261 6 1 5 0
6758414 6 1 10 0
6758552 3 1 4 1
6758579 6 1 4 0
6758660 0 1 7 1
6758957 2 1 6 1
6758978 7 1 10 1
6759297 7 1 3 0
6759382 7 1 2 1
6759538 0 1 12 0
6759995 6 1 11 0
6760091 3 1 12 0
6760362 298 0 1 0
6760597 2 1 4 0
6760756 333 0 1 0
6760869 2 1 5 0
6761251 326 0 1 1
6761277 6 1 3 0
6761469 1 1 11 1
6761578 1 1 11 0
6761623 4 1 12 1
6761679 3 1 3 0
6761892 0 1 1 1
6762314 0 1 3 0
6762324 6 1 4 1
6762346 1 1 11 1
6762720 6 1 7 0
6763003 3 1 12 1
6763007 7 1 3 1
6763055 6 1 10 1
6763104 96 0 1 1
6763316 2 1 6 0
6763532 91 0 1 1
6763655 4 1 3 0
6763785 2 1 5 1
6763824 120 0 1 1
6763861 6 1 5 1
6763877 2 1 10 0
6764114 6 1 11 1
6764243 2 1 4 1
6764374 7 1 10 0
6764467 3 1 10 0
6765232 0 1 12 1
6765383 298 0 1 1
6765452 6 1 3 1
6765485 6 1 7 1
6766012 3 1 3 1
6766385 0 1 7 0
6766396 3 1 3 0
6766508 2 1 1 1
6766655 3 1 3 1
6766957 4 1 12 0
6767082 6 1 5 0
6767285 4 1 3 1
6767478 3 1 10 1
6767613 1 1 11 0
6767765 7 1 2 0
6767796 7 1 10 1
6767884 2 1 10 1
6768206 0 1 1 0
6768530 164 0 1 0
6769045 2 1 6 1
6769103 63 0 1 1
6769121 91 0 1 0
6769204 333 0 1 1
6769260 6 1 10 0
6769284 6 1 4 0
6769527 0 1 3 1
6769805 0 1 3 0
6769825 6 1 3 0
6769866 7 1 3 0
6769876 0 1 7 1
6769922 2 1 1 0
6770515 0 1 3 1
6770686 0 1 12 0
6770890 298 0 1 0
6771197 7 1 2 1
6771525 7 1 10 0
6771698 4 1 12 1
6771785 3 1 3 0
6771786 120 0 1 0
6771951 96 0 1 0
6772166 6 1 11 0
6772271 2 1 4 0
6772505 1 1 11 1
6772509 6 1 10 1
6772523 164 0 1 1
6772589 4 1 3 0
6772771 6 1 4 1
6773181 0 1 1 1
6773268 6 1 5 1
6773387 0 1 3 0
6773391 333 0 1 0
6773404 2 1 6 0
6773456 6 1 3 1
6773606 232 0 1 0
6773881 7 1 3 1
6774251 3 1 4 0
6774630 292 0 1 0
6775224 2 1 5 0
6775390 326 0 1 0
6775413 7 1 10 1
6775483 2 1 4 1
6775757 2 1 10 0
6775807 0 1 12 1
6775809 6 1 11 1
6775810 0 1 12 0
6775898 3 1 12 0
6776118 0 1 12 1
6776212 4 1 3 1
6776364 3 1 3 1
6776425 298 0 1 1
6776766 6 1 5 0
6776791 3 1 3 0
6776850 4 1 12 0
6776987 7 1 2 0
6777074 91 0 1 1
6777135 3 1 4 1
6777146 3 1 3 1
6777226 1 1 11 0
6777389 0 1 7 0
6777477 0 1 1 0
6777556 6 1 7 0
6777874 0 1 3 1
6778144 2 1 5 1
6778193 6 1 10 0
6778284 2 1 6 1
6778490 3 1 10 0
6778623 292 0 1 1
6779209 7 1 3 0
6779230 6 1 3 0
6779264 2 1 10 1
6779305 3 1 12 1
6779347 7 1 10 0
6779948 2 1 1 1
6780304 7 1 2 1
6780313 6 1 7 1
6780739 6 1 4 0
6780740 120 0 1 1
6780749 0 1 7 1
6780947 0 1 12 0
6781037 3 1 3 0
6781581 6 1 10 1
6781618 1 1 11 1
6781839 333 0 1 1
6781988 2 1 6 0
6782009 3 1 10 1
6782209 4 1 3 0
6782211 4 1 12 1
6782451 6 1 5 1
6782582 298 0 1 0
6782632 91 0 1 0
6782661 0 1 3 0
6782698 0 1 1 1
6782846 6 1 11 0
6782969 6 1 3 1
6783238 2 1 1 0
6783362 7 1 10 1
6783478 7 1 3 1
6784053 232 0 1 1
6784775 2 1 4 0
6785066 96 0 1 1
6785207 6 1 4 1
6785429 314 0 1 1
6785701 3 1 3 1
6785740 0 1 12 1
6785950 333 0 1 0
6785954 6 1 5 0
6786032 6 1 11 1
6786136 4 1 3 1
6786483 2 1 6 1
6786546 63 0 1 0
6786647 2 1 10 0
6786663 4 1 12 0
6786669 1 1 11 0
6787069 7 1 2 0
6787377 0 1 1 0
6787521 0 1 7 0
6788062 0 1 3 1
6788118 6 1 10 0
6788263 6 1 3 0
6788342 0 1 3 0
6788467 2 1 4 1
6788534 0 1 3 1
6788618 298 0 1 1
6788766 7 1 10 0
6788839 3 1 10 0
6788929 2 1 5 0
6789431 314 0 1 0
6789453 326 0 1 1
6789620 7 1 3 0
6789904 2 1 10 1
6789940 2 1 1 1
6789941 232 0 1 0
6789953 120 0 1 0
6790090 91 0 1 1
6790156 3 1 3 0
6790359 0 1 12 0
6790370 7 1 2 1
6790557 1 1 11 1
6790635 0 1 7 1
6790644 96 0 1 0
6790698 4 1 12 1
6790713 1 1 11 0
6790781 3 1 12 0
6790938 164 0 1 0
6790978 2 1 6 0
6791057 1 1 11 1
6791366 3 1 10 1
6791878 2 1 5 1
6791940 6 1 5 1
6792066 6 1 5 0
6792327 0 1 1 1
6792513 6 1 10 1
6792566 3 1 4 0
6792639 6 1 11 0
6792764 4 1 3 0
6792930 6 1 5 1
6792961 0 1 3 0
6793052 7 1 3 1
6793182 6 1 3 1
6793689 3 1 12 1
6793830 2 1 1 0
6794021 298 0 1 0
6794100 3 1 3 1
6794281 7 1 10 1
6794398 333 0 1 1
6794931 164 0 1 1
6794953 1 1 11 0
6795533 0 1 12 1
6795673 91 0 1 0
6795871 6 1 7 0
6795953 4 1 12 0
6795960 6 1 11 1
6796200 3 1 4 1
6796263 4 1 3 1
6796509 6 1 4 0
6796723 2 1 6 1
6796974 6 1 5 0
6797005 326 0 1 0
6797437 232 0 1 1
6797683 2 1 10 0
6797741 292 0 1 0
6797931 0 1 7 0
6797964 63 0 1 1
6797967 2 1 4 0
6798092 7 1 2 0
6798178 6 1 10 0
6798187 3 1 3 0
6798267 0 1 1 0
6798632 6 1 7 1
6798899 7 1 3 0
6798917 3 1 10 0
6798948 0 1 12 0
6799059 0 1 3 1
6799099 1 1 11 1
6799560 7 1 10 0
6799849 6 1 3 0
6799885 6 1 4 1
6800070 298 0 1 1
6800159 333 0 1 0
6800544 4 1 12 1
6800766 120 0 1 1
6801099 6 1 10 1
6801417 7 1 2 1
6801470 2 1 4 1
6801476 2 1 4 0
6801553 0 1 7 1
6801637 2 1 4 1
6801678 2 1 10 1
6801694 3 1 10 1
6802000 0 1 1 1
6802861 0 1 3 0
6802970 4 1 3 0
6803178 6 1 11 0
6803219 292 0 1 1
6803252 7 1 3 1
6803298 3 1 3 1
6803314 2 1 1 1
6803791 6 1 3 1
6803849 2 1 6 0
6803893 2 1 5 0
6803902 6 1 5 1
6803936 7 1 10 1
6803937 1 1 11 0
6804121 91 0 1 1
6804719 7 1 10 0
6804841 96 0 1 1
6805102 3 1 12 0
6805356 7 1 10 1
6806204 298 0 1 0
6806233 0 1 3 1
6806342 0 1 1 0
6806345 6 1 10 0
6806372 6 1 11 1
6806602 2 1 6 1
6806679 2 1 1 0
6806846 4 1 3 1
6806986 4 1 12 0
6807054 0 1 3 0
6807067 2 1 5 1
6807229 0 1 3 1
6807449 6 1 4 0
6807505 6 1 5 0
6807812 3 1 3 0
6807851 7 1 2 0
6807911 3 1 4 0
6808002 3 1 12 1
6808421 0 1 7 0
6808444 1 1 11 1
6808703 0 1 12 1
6809236 6 1 7 0
6809365 120 0 1 0
6809370 6 1 3 0
6809742 91 0 1 0
6809854 7 1 3 0
6809912 7 1 10 0
6810296 96 0 1 0
6810348 6 1 10 1
6810395 0 1 3 0
6810400 6 1 10 0
6810414 4 1 12 1
6810532 3 1 10 0
6810571 6 1 4 1
6810587 333 0 1 1
6810734 6 1 10 1
6810787 3 1 4 1
6810940 2 1 10 0
6811003 2 1 4 0
6811220 326 0 1 1
6811781 0 1 7 1
6811811 7 1 2 1
6811972 2 1 1 1
6811993 6 1 7 1
6812034 3 1 3 1
6812100 0 1 12 0
6812791 298 0 1 1
6812793 0 1 1 1
6812870 164 0 1 0
6812911 2 1 6 0
6813307 3 1 10 1
6813513 1 1 11 0
6813749 4 1 3 0
6813868 7 1 3 1
6813994 7 1 3 0
6814000 7 1 3 1
6814085 6 1 3 1
6814419 6 1 11 0
6814454 2 1 4 1
6814574 2 1 10 1
6814717 333 0 1 0
6814776 6 1 5 1
6814836 63 0 1 0
6814999 7 1 10 1
6815393 2 1 1 0
6815513 7 1 10 0
6815804 7 1 10 1
6815870 0 1 3 1
6816511 6 1 4 0
6816584 3 1 3 0
6816783 2 1 6 1
6816863 164 0 1 1
6816987 4 1 12 0
6817077 0 1 1 0
6817184 314 0 1 1
6817200 91 0 1 1
6817230 326 0 1 0
6817736 6 1 11 1
6817756 4 1 3 1
6817990 120 0 1 1
6818057 6 1 5 0
6818209 3 1 12 0
6818419 7 1 3 0
6818491 292 0 1 0
6818590 6 1 10 0
6818786 1 1 11 1
6818786 0 1 12 1
6818878 2 1 1 1
6818930 0 1 7 0
6819352 2 1 5 0
6819710 7 1 10 0
6820155 7 1 2 0
6820252 6 1 4 1
6820262 0 1 3 0
6820302 6 1 3 0
6820370 298 0 1 0
6820859 3 1 12 1
6821154 6 1 7 0
6821576 3 1 3 1
6821719 314 0 1 0
6821802 0 1 1 1
6821893 3 1 10 0
6822082 7 1 3 1
6822098 4 1 12 1
6822256 2 1 5 1
6822285 2 1 4 0
6822290 0 1 7 1
6822555 2 1 1 0
6822780 3 1 4 0
6822783 91 0 1 0
6823296 7 1 10 1
6823304 0 1 12 0
6823317 7 1 2 1
6823371 96 0 1 1
6823396 4 1 3 0
6823474 292 0 1 1
6823489 1 1 11 0
6823603 6 1 10 1
6823780 120 0 1 0
6823788 6 1 7 1
6824155 333 0 1 1
6824402 6 1 3 1
6824602 2 1 10 0
6824913 6 1 5 1
6824920 3 1 10 1
6825050 2 1 4 1
6825279 3 1 3 0
6825309 6 1 11 0
6825495 2 1 6 0
6825898 3 1 4 1
6825983 0 1 3 1
6825987 0 1 1 0
6826254 63 0 1 1
6826406 298 0 1 1
6826818 4 1 12 0
6826867 7 1 10 0
6827153 4 1 3 1
6828000 1 1 11 1
6828279 6 1 11 1
6828361 333 0 1 0
6828470 0 1 12 1
6828486 2 1 10 1
6828561 6 1 5 0
6828625 2 1 6 1
6828944 0 1 7 0
6828981 96 0 1 0
6829122 2 1 1 1
6829485 7 1 3 0
6829710 6 1 4 0
6829751 3 1 3 1
6829855 120 0 1 1
6830515 6 1 3 0
6830550 7 1 2 0
6830577 0 1 3 0
6830736 91 0 1 1
6831208 0 1 1 1
6831371 3 1 12 0
6831388 326 0 1 1
6831593 4 1 12 1
6831959 2 1 1 0
6832005 7 1 10 1
6832070 0 1 7 1
6832160 6 1 10 0
6832549 232 0 1 0
6832668 298 0 1 0
6833339 1 1 11 0
6833540 7 1 3 1
6833548 2 1 6 0
6833634 2 1 5 0
6833666 7 1 3 0
6833677 4 1 3 0
6833688 0 1 12 0
6833826 2 1 10 0
6833959 6 1 4 1
6834009 3 1 12 1
6834036 7 1 3 1
6834121 2 1 4 0
6834224 7 1 2 1
6834452 6 1 11 0
6834815 3 1 10 0
6834821 164 0 1 0
6835064 0 1 3 1
6835165 6 1 3 1
6835222 3 1 3 0
6835277 6 1 5 1
6835791 4 1 12 0
6835887 0 1 1 0
6836338 91 0 1 0
6836467 120 0 1 0
6836499 6 1 7 0
6836554 2 1 5 1
6836952 2 1 10 1
6837090 6 1 10 1
6837123 2 1 6 1
6837188 4 1 3 1
6837248 2 1 1 1
6837452 2 1 4 1
6837519 6 1 11 1
6837737 7 1 10 0
6838037 3 1 10 1
6838219 1 1 11 1
6838607 6 1 5 0
6838614 7 1 3 0
6838708 292 0 1 0
6838814 164 0 1 1
6839100 0 1 12 1
6839137 6 1 7 1
6839212 298 0 1 1
6839319 0 1 3 0
6839440 3 1 3 1
6839453 0 1 7 0
6839549 326 0 1 0
6840120 0 1 1 1
6840628 4 1 12 1
6841016 232 0 1 1
6841095 3 1 4 0
6841207 2 1 1 0
6842082 7 1 3 1
6842183 7 1 2 0
6842193 6 1 4 0
6842279 1 1 11 0
6842495 6 1 3 0
6842752 96 0 1 1
6842821 0 1 7 1
6843291 7 1 10 1
6843481 4 1 3 0
6843616 3 1 3 0
6843691 292 0 1 1
6843802 0 1 3 1
6843930 0 1 1 0
6844046 3 1 4 1
6844241 3 1 12 0
6844255 0 1 12 0
6844291 91 0 1 1
6844980 6 1 5 1
6845109 6 1 11 0
6845177 6 1 4 1
6845201 2 1 4 0
6845513 6 1 10 0
6845630 4 1 12 0
6845631 120 0 1 1
6845637 2 1 6 0
6845677 63 0 1 0
6845728 298 0 1 0
6845848 2 1 10 0
6845966 7 1 2 1
6846163 1 1 11 1
6846363 96 0 1 0
6846502 314 0 1 1
6846516 2 1 1 1
6846996 4 1 3 1
6847168 6 1 3 1
6847280 3 1 12 1
6847831 0 1 3 0
6847894 232 0 1 0
6848098 6 1 5 0
6848274 3 1 10 0
6848308 2 1 5 0
6848522 7 1 10 0
6848574 6 1 11 1
6848593 2 1 4 1
6849467 0 1 7 0
6849517 2 1 6 1
6849524 6 1 10 1
6849638 2 1 6 0
6849644 3 1 3 1
6849759 0 1 12 1
6849844 2 1 10 1
6849855 91 0 1 0
6849892 2 1 1 0
6849965 7 1 3 0
6850017 2 1 6 1
6850385 0 1 1 1
6850485 314 0 1 0
6850510 120 0 1 0
6850729 4 1 12 1
6850892 1 1 11 0
6851203 0 1 3 1
6851332 0 1 3 0
6851336 3 1 10 1
6851351 2 1 5 1
6851613 326 0 1 1
6851720 96 0 1 1
6851758 298 0 1 1
6852220 0 1 3 1
6852617 6 1 3 0
6852823 0 1 7 1
6853038 4 1 3 0
6853372 232 0 1 1
6853768 6 1 4 0
6853824 6 1 7 0
6853847 3 1 3 0
6854052 6 1 10 0
6854202 0 1 1 0
6854310 7 1 2 0
6854322 6 1 5 1
6854735 164 0 1 0
6854812 0 1 12 0
6854922 7 1 10 1
6855447 2 1 1 1
6855643 7 1 3 1
6855927 4 1 12 0
6856105 63 0 1 1
6856153 1 1 11 1
6856188 6 1 3 1
6856281 2 1 4 0
6856299 4 1 3 1
6856577 6 1 11 0
6856578 120 0 1 1
6856714 6 1 7 1
6856717 2 1 6 0
6857313 91 0 1 1
6857622 6 1 5 0
6857846 7 1 2 1
6857916 292 0 1 0
6858190 6 1 10 1
6858214 298 0 1 0
6858255 6 1 4 1
6858297 0 1 3 0
6858492 6 1 4 0
6858728 164 0 1 1
6858747 6 1 4 1
6858778 2 1 1 0
6859091 3 1 12 0
6859152 0 1 1 1
6859241 3 1 3 1
6859303 3 1 3 0
6859349 3 1 10 0
6859462 0 1 7 0
6859574 2 1 10 0
6859597 2 1 6 1
6859740 3 1 3 1
6859871 96 0 1 0
6860054 2 1 4 1
6860226 0 1 12 1
6860583 6 1 11 1
6860925 1 1 11 0
6861050 7 1 10 0
6861384 4 1 12 1
6861390 3 1 4 0
6861716 326 0 1 0
6862003 3 1 12 1
6862081 4 1 3 0
6862230 3 1 10 1
6862815 7 1 3 0
6862830 0 1 7 1
6862886 6 1 3 0
6862896 91 0 1 0
6862899 292 0 1 1
6862960 3 1 3 0
6863208 2 1 10 1
6863216 2 1 5 0
6863750 0 1 3 1
6863753 0 1 3 0
6864020 6 1 5 1
6864135 3 1 4 1
6864202 2 1 1 1
6864204 0 1 1 0
6864268 0 1 3 1
6864354 0 1 3 0
6864562 120 0 1 0
6864753 298 0 1 1
6864885 0 1 3 1
6864888 0 1 3 0
6865235 0 1 3 1
6865271 7 1 2 0
6865283 0 1 12 0
6865349 4 1 3 1
6865569 4 1 12 0
6865686 1 1 11 1
6865751 6 1 10 0
6866215 7 1 3 1
6866527 5 1 9 1
6866537 2 1 5 1
6866668 5 1 9 0
6866694 6 1 7 0
6866901 2 1 6 0
6866951 7 1 10 1
6866963 6 1 11 0
6867035 5 1 9 1
6867059 2 1 1 0
6867288 6 1 5 0
6867370 6 1 3 1
6867437 2 1 4 0
6868075 3 1 3 1
6868351 6 1 4 0
6868587 96 0 1 1
6868962 0 1 7 0
6869334 7 1 2 1
6869584 6 1 7 1
6869807 4 1 12 1
6870018 5 1 9 0
6870510 6 1 11 1
6870519 6 1 10 1
6870622 2 1 4 1
6870742 1 1 11 0
6870839 298 0 1 0
6870957 0 1 12 1
6871032 0 1 1 1
6871209 2 1 6 1
6871344 91 0 1 1
6871475 2 1 1 1
6871665 7 1 3 0
6871708 4 1 3 0
6871719 6 1 4 1
6871751 6 1 4 0
6871912 7 1 10 0
6871961 3 1 12 0
6872039 3 1 3 0
6872203 0 1 7 1
6872215 6 1 4 1
6872270 0 1 3 0
6872272 2 1 10 0
6872868 120 0 1 1
6872956 3 1 10 0
6873034 63 0 1 0
6873058 6 1 3 0
6874090 6 1 5 1
6874549 4 1 12 0
6874565 96 0 1 0
6874815 6 1 11 0
6874877 3 1 12 1
6875648 4 1 3 1
6875717 3 1 10 1
6875873 2 1 1 0
6875874 326 0 1 1
6875982 0 1 1 0
6876029 2 1 10 1
6876122 1 1 11 1
6876191 164 0 1 0
6876259 3 1 4 0
6876306 0 1 12 0
6876404 6 1 4 0
6876444 7 1 3 1
6876470 91 0 1 0
6876510 6 1 3 1
6876566 298 0 1 1
6876638 0 1 3 1
6876765 3 1 3 1
6876796 7 1 10 1
6876897 7 1 10 0
6877231 7 1 10 1
6877248 314 0 1 1
6877735 6 1 5 0
6878180 2 1 5 0
6878307 6 1 10 0
6878430 5 1 9 1
6878470 5 1 9 0
6878628 6 1 11 1
6878684 5 1 9 1
6879131 7 1 2 0
6879353 2 1 6 0
6879399 6 1 4 1
6879431 2 1 4 0
6879471 0 1 7 0
6879520 3 1 4 1
6879670 4 1 12 1
6880184 164 0 1 1
6880185 1 1 11 0
6880190 3 1 3 0
6880638 96 0 1 1
6881076 0 1 1 1
6881235 2 1 5 1
6881248 2 1 1 1
6881706 7 1 10 0
6881721 5 1 9 0
6881726 0 1 12 1
6881821 314 0 1 0
6881859 120 0 1 0
6881909 0 1 3 0
6882039 6 1 7 0
6882551 7 1 2 1
6882808 6 1 3 0
6882931 326 0 1 0
6882954 0 1 7 1
6883005 2 1 4 1
6883060 6 1 10 1
6883344 2 1 6 1
6883404 298 0 1 0
6883785 4 1 3 0
6884027 4 1 12 0
6884069 1 1 11 1
6884145 7 1 3 0
6884329 3 1 10 0
6884423 91 0 1 1
6884452 63 0 1 1
6884643 6 1 5 1
6884665 6 1 7 1
6884902 6 1 11 0
6885019 232 0 1 0
6885171 2 1 10 0
6885387 0 1 1 0
6885563 3 1 3 1
6885658 0 1 3 1
6885703 2 1 1 0
6886034 292 0 1 0
6886213 7 1 10 1
6886298 0 1 12 0
6886521 96 0 1 0
6887034 4 1 3 1
6887306 3 1 12 0
6887318 3 1 10 1
6887635 6 1 3 1
6887914 7 1 3 1
6887981 0 1 7 0
6888084 6 1 5 0
6888301 2 1 10 1
6888750 1 1 11 0
6889031 7 1 2 0
6889054 6 1 10 0
6889136 6 1 4 0
6889164 6 1 11 1
6889379 4 1 12 1
6889487 3 1 3 0
6889624 3 1 4 0
6889948 298 0 1 1
6890025 91 0 1 0
6890087 3 1 12 1
6890248 5 1 9 1
6890743 0 1 7 1
6890750 7 1 10 0
6890981 0 1 1 1
6891017 292 0 1 1
6891139 2 1 1 1
6891339 0 1 12 1
6891582 7 1 3 0
6891607 2 1 4 0
6891809 6 1 10 1
6892050 2 1 6 0
6892496 7 1 2 1
6892512 6 1 4 1
6892611 2 1 5 0
6892754 3 1 4 1
6892999 120 0 1 1
6893091 2 1 10 0
6893124 4 1 3 0
6893246 0 1 3 0
6893320 5 1 9 0
6893518 1 1 11 1
6893661 96 0 1 1
6894251 4 1 12 0
6894664 0 1 1 0
6894669 6 1 5 1
6894700 6 1 11 0
6894773 6 1 3 0
6894928 2 1 4 1
6895011 7 1 10 1
6895321 7 1 3 1
6895333 2 1 1 0
6895349 0 1 12 0
6895485 232 0 1 1
6895642 3 1 3 1
6895686 2 1 5 1
6895926 2 1 6 1
6896385 4 1 3 1
6896445 298 0 1 0
6896967 0 1 7 0
6897157 3 1 10 0
6897451 326 0 1 1
6897810 4 1 12 1
6897876 0 1 3 1
6897978 91 0 1 1
6898038 0 1 3 0
6898100 1 1 11 0
6898142 164 0 1 0
6898221 6 1 5 0
6898368 6 1 3 1
6898569 6 1 11 1
6898596 2 1 10 1
6898797 0 1 3 1
6899237 0 1 12 1
6899352 7 1 10 0
6899364 2 1 1 1
6899364 6 1 7 0
6899426 7 1 2 0
6899560 96 0 1 0
6899573 6 1 4 0
6900217 3 1 3 0
6900466 0 1 7 1
6900500 0 1 1 1
6900614 3 1 10 1
6900671 3 1 12 0
6900719 5 1 9 1
6901413 4 1 12 0
6901465 7 1 3 0
6902052 326 0 1 0
6902117 6 1 7 1
6902135 164 0 1 1
6902307 2 1 10 0
6902429 2 1 4 0
6902465 7 1 2 1
6902504 120 0 1 0
6902523 4 1 3 0
6902603 1 1 11 1
6902989 298 0 1 1
6903036 2 1 6 0
6903043 2 1 1 0
6903103 6 1 3 0
6903129 6 1 4 1
6903342 0 1 12 0
6903437 63 0 1 0
6903561 91 0 1 0
6903729 5 1 9 0
6903956 3 1 12 1
6903979 6 1 10 0
6904014 6 1 11 0
6904492 7 1 10 1
6904823 7 1 3 1
6904949 6 1 5 1
6904960 4 1 12 1
6905187 0 1 1 0
6905448 2 1 4 1
6905539 3 1 3 1
6905996 4 1 3 1
6906182 2 1 6 1
6906607 0 1 3 0
6906890 6 1 10 1
6906962 0 1 7 0
6907067 1 1 11 0
6907080 2 1 5 0
6907553 6 1 11 1
6907611 6 1 3 1
6908024 2 1 10 1
6908123 0 1 12 1
6908584 314 0 1 1
6908594 2 1 1 1
6908596 6 1 5 0
6908929 3 1 4 0
6909290 4 1 12 0
6909505 298 0 1 0
6909644 6 1 4 0
6909785 0 1 1 1
6909897 7 1 3 0
6910146 7 1 10 0
6910151 2 1 5 1
6910445 0 1 7 1
6910827 3 1 10 0
6910928 7 1 2 0
6911123 3 1 3 0
6911479 0 1 3 1
6911514 91 0 1 1
6911522 5 1 9 1
6911559 3 1 4 1
6911578 1 1 11 1
6911967 2 1 1 0
6912061 4 1 3 0
6912178 2 1 10 0
6912179 2 1 6 0
6912259 6 1 7 0
6912605 314 0 1 0
6912652 2 1 4 0
6912773 0 1 12 0
6912924 6 1 11 0
6913131 6 1 4 1
6913602 0 1 1 0
6914100 3 1 10 1
6914166 7 1 3 1
6914270 4 1 12 1
6914479 7 1 2 1
6914571 96 0 1 1
6914596 120 0 1 1
6914605 5 1 9 0
6914855 63 0 1 1
6914858 6 1 3 0
6915026 3 1 12 0
6915195 4 1 3 1
6915247 6 1 7 1
6915300 6 1 5 1
6915311 4 1 3 0
6915407 7 1 10 1
6915631 0 1 3 0
6915759 4 1 3 1
6915809 292 0 1 0
6916049 298 0 1 1
6916078 1 1 11 0
6916116 2 1 4 1
6916129 2 1 1 1
6916424 2 1 6 1
6917118 6 1 11 1
6917573 91 0 1 0
6917676 326 0 1 1
6917819 3 1 12 1
6917928 0 1 7 0
6917989 3 1 3 1
6918069 0 1 12 1
6918175 6 1 3 1
6918397 6 1 5 0
6918552 0 1 1 1
6918606 2 1 10 1
6919133 4 1 12 0
6919205 2 1 1 0
6919529 0 1 3 1
6919913 2 1 4 0
6919955 7 1 10 0
6920297 292 0 1 1
6920371 96 0 1 0
6920550 164 0 1 0
6920552 7 1 3 0
6920728 1 1 11 1
6921054 2 1 5 0
6921219 6 1 4 0
6921419 0 1 7 1
6922164 5 1 9 1
6922196 7 1 2 0
6922334 6 1 3 0
6922565 298 0 1 0
6922573 2 1 10 0
6922792 0 1 12 0
6923141 6 1 11 0
6923319 3 1 10 0
6923621 0 1 1 0
6923629 2 1 1 1
6923723 6 1 10 0
6923748 2 1 6 0
6923793 120 0 1 0
6923806 3 1 3 0
6923982 2 1 5 1
6924125 6 1 5 1
6924125 4 1 3 0
6924128 6 1 5 0
6924214 6 1 4 1
6924375 4 1 12 1
6924499 6 1 5 1
6924543 164 0 1 1
6924942 7 1 3 1
6925000 5 1 9 0
6925104 6 1 7 0
6925281 1 1 11 0
6925297 3 1 4 0
6925408 2 1 4 1
6925601 7 1 10 1
6926009 7 1 2 1
6926197 3 1 10 1
6926516 91 0 1 1
6926715 0 1 3 0
6926740 6 1 3 1
6926823 6 1 11 1
6926955 6 1 10 1
6927010 2 1 1 0
6927628 4 1 3 1
6927664 6 1 5 0
6927742 6 1 7 1
6928181 3 1 4 1
6928208 0 1 12 1
6928366 2 1 6 1
6928624 2 1 4 0
6928654 3 1 12 0
6928913 0 1 7 0
6928925 3 1 3 1
6929074 232 0 1 0
6929410 298 0 1 1
6929442 0 1 1 1
6929827 7 1 10 0
6930050 1 1 11 1
6930140 2 1 10 1
6930187 7 1 3 0
6930290 4 1 12 0
6930533 2 1 1 1
6931092 326 0 1 0
6931574 6 1 11 0
6931681 3 1 12 1
6931712 0 1 3 1
6931804 6 1 4 0
6932166 5 1 9 1
6932300 6 1 5 1
6932632 91 0 1 0
6932777 0 1 7 1
6933402 0 1 1 0
6933461 7 1 10 1
6933515 6 1 3 0
6933563 0 1 12 0
6933590 3 1 3 0
6933960 7 1 3 1
6934021 2 1 5 0
6934117 1 1 11 0
6934145 4 1 3 0
6934225 2 1 1 0
6934287 7 1 2 0
6934418 314 0 1 1
6934439 96 0 1 1
6934620 2 1 4 1
6934674 120 0 1 1
6934803 6 1 4 1
6934815 3 1 10 0
6934924 5 1 9 0
6934948 2 1 10 0
6935167 2 1 6 0
6935306 63 0 1 0
6935307 6 1 5 0
6935576 4 1 12 1
6936012 0 1 3 0
6936189 6 1 11 1
6936961 2 1 5 1
6936999 6 1 3 1
6937091 298 0 1 0
6937575 3 1 10 1
6937656 4 1 3 1
6937703 7 1 2 1
6937857 0 1 1 1
6937916 2 1 4 0
6937940 7 1 10 0
6938306 314 0 1 0
6938920 2 1 6 1
6938963 3 1 3 1
6939045 1 1 11 1
6939221 0 1 12 1
6939422 0 1 7 0
6939559 232 0 1 1
6939751 4 1 12 0
6939776 2 1 1 1
6939789 0 1 3 1
6940052 96 0 1 0
6940313 6 1 5 1
6940587 7 1 3 0
6941080 91 0 1 1
6941327 120 0 1 0
6941361 6 1 4 0
6941558 6 1 10 0
6941751 6 1 3 0
6941934 6 1 7 0
6942011 2 1 10 1
6942502 0 1 1 0
6942746 3 1 12 0
6942778 0 1 7 1
6942977 164 0 1 0
6943080 7 1 10 1
6943119 6 1 11 0
6943134 2 1 1 0
6943156 326 0 1 1
6943177 3 1 4 0
6943315 2 1 6 0
6943527 2 1 4 1
6943577 5 1 9 1
6943584 298 0 1 1
6943678 4 1 3 0
6943705 1 1 11 0
6944199 4 1 12 1
6944202 0 1 12 0
6944403 6 1 5 0
6944434 6 1 10 1
6944572 6 1 7 1
6945035 3 1 3 0
6945431 3 1 10 0
6945535 3 1 12 1
6945537 7 1 3 1
6945734 63 0 1 1
6945844 6 1 4 1
6946157 2 1 10 0
6946259 6 1 3 1
6946263 0 1 3 0
6946314 2 1 6 1
6946338 7 1 2 0
6946553 3 1 4 1
6946634 2 1 4 0
6946701 91 0 1 0
6946780 5 1 9 0
6946812 4 1 3 1
6946894 232 0 1 0
6946970 164 0 1 1
6947174 120 0 1 1
6947361 7 1 10 0
6947473 0 1 1 1
6947693 2 1 5 0
6947808 2 1 1 1
6948327 4 1 12 0
6948564 6 1 11 1
6948974 1 1 11 1
6949093 3 1 10 1
6949379 0 1 7 0
6949501 0 1 12 1
6949698 6 1 5 1
6950151 298 0 1 0
6950167 7 1 2 1
6950458 292 0 1 0
6950809 3 1 3 1
6950891 2 1 5 1
6951377 2 1 1 0
6951382 232 0 1 1
6951524 0 1 3 1
6951717 0 1 1 0
6952284 120 0 1 0
6952370 7 1 3 0
6952415 2 1 6 0
6952462 6 1 3 0
6952491 7 1 10 1
6952668 2 1 10 1
6952751 0 1 7 1
6952786 4 1 3 0
6952846 4 1 12 1
6953308 6 1 5 0
6953517 2 1 4 1
6953726 1 1 11 0
6953917 96 0 1 1
6954353 0 1 12 0
6954654 91 0 1 1
6954685 5 1 9 1
6954946 292 0 1 1
6955170 2 1 1 1
6955754 6 1 11 0
6955956 7 1 10 0
6955968 3 1 3 0
6955971 7 1 2 0
6956063 3 1 4 0
6956111 3 1 12 0
6956170 4 1 3 1
6956303 6 1 3 1
6956379 6 1 7 0
6956451 2 1 10 0
6956651 298 0 1 1
6956656 2 1 6 1
6956673 7 1 3 1
6957156 0 1 1 1
6957412 0 1 3 0
6957486 2 1 4 0
6957731 5 1 9 0
6957878 6 1 10 0
6958092 6 1 4 0
6958845 1 1 11 1
6958959 6 1 5 1
6959012 3 1 4 1
6959027 3 1 12 1
6959147 7 1 2 1
6959196 0 1 12 1
6959336 0 1 7 0
6959401 3 1 10 0
6959425 6 1 7 1
6959519 6 1 5 0
6959552 96 0 1 0
6959743 6 1 5 1
6959793 7 1 10 1
6959798 4 1 12 0
6959926 335 0 1 0
6960218 91 0 1 0
6960444 6 1 11 1
6960879 6 1 10 1
6960915 0 1 3 1
6961101 6 1 3 0
6961122 0 1 1 0
6961293 326 0 1 0
6961341 3 1 3 1
6961743 2 1 5 0
6961949 120 0 1 1
6961959 2 1 1 0
6961990 2 1 10 1
6962010 2 1 6 0
6962480 6 1 5 0
6962525 4 1 3 0
6962788 1 1 11 0
6962827 0 1 7 1
6962862 7 1 3 0
6963059 3 1 10 1
6963202 6 1 4 1
6963249 298 0 1 0
6964079 314 0 1 1
6964104 0 1 12 0
6964538 2 1 4 1
6964595 4 1 12 1
6965000 7 1 10 0
6965005 2 1 6 1
6965101 2 1 1 1
6965128 2 1 5 1
6965300 0 1 3 0
6965404 164 0 1 0
6965728 2 1 10 0
6965762 5 1 9 1
6965782 4 1 3 1
6965845 6 1 3 1
6966707 6 1 11 0
6967004 7 1 3 1
6967172 1 1 11 1
6967265 0 1 1 1
6967570 3 1 3 0
6968100 314 0 1 0
6968171 91 0 1 1
6968223 2 1 4 0
6968479 7 1 2 0
6968560 5 1 9 0
6968673 6 1 5 1
6968922 6 1 5 0
6969126 7 1 10 1
6969216 6 1 5 1
6969389 335 0 1 1
6969397 164 0 1 1
6969498 63 0 1 0
6969599 0 1 12 1
6969654 6 1 7 0
6969772 120 0 1 0
6969793 298 0 1 1
6969845 0 1 7 0
6970053 0 1 3 1
6970348 2 1 1 0
6970443 4 1 12 0
6970505 3 1 12 0
6970508 6 1 11 1
6970517 2 1 10 1
6970537 3 1 10 0
6970543 2 1 6 0
6971260 7 1 2 1
6971343 1 1 11 0
6972012 0 1 1 0
6972082 4 1 3 0
6972404 6 1 5 0
6972411 6 1 7 1
6972729 6 1 4 0
6972817 7 1 3 0
6973278 91 0 1 0
6973300 326 0 1 1
6973317 3 1 4 0
6973336 0 1 7 1
6973373 0 1 3 0
6973467 3 1 3 1
6973581 3 1 3 0
6973675 3 1 12 1
6973774 6 1 3 0
6973848 3 1 3 1
6973858 2 1 10 0
6974072 3 1 10 1
6974083 7 1 10 0
6974415 2 1 6 1
6974837 4 1 12 1
6975143 0 1 12 0
6975148 2 1 4 1
6975149 2 1 1 1
6975281 298 0 1 0
6975468 96 0 1 1
6975831 4 1 3 1
6975850 1 1 11 1
6975972 0 1 1 1
6976170 1 1 11 0
6976296 1 1 11 1
6976360 2 1 5 0
6976387 6 1 11 0
6976443 3 1 4 1
6976447 7 1 3 1
6976720 6 1 4 1
6976949 0 1 3 1
6977107 5 1 9 1
6977492 6 1 3 1
6978106 6 1 5 1
6978886 2 1 4 0
6978936 63 0 1 1
6979163 6 1 10 0
6979296 2 1 5 1
6979336 7 1 10 1
6979401 2 1 10 1
6979411 3 1 3 0
6979696 2 1 6 0
6979840 0 1 7 0
6979862 1 1 11 0
6980003 120 0 1 1
6980244 6 1 11 1
6980247 4 1 12 0
6980274 2 1 1 0
6980393 7 1 2 0
6980557 5 1 9 0
6980659 0 1 1 0
6980736 91 0 1 1
6980883 96 0 1 0
6980952 0 1 12 1
6981076 6 1 5 0
6981211 335 0 1 0
6981290 3 1 10 0
6981672 7 1 3 0
6981825 298 0 1 1
6982043 6 1 10 1
6982160 4 1 3 0
6982675 6 1 3 0
6983115 2 1 6 1
6983355 3 1 3 1
6983567 7 1 2 1
6983581 0 1 7 1
6983601 0 1 3 0
6983904 4 1 12 1
6983953 2 1 10 0
6984019 232 0 1 0
6984059 2 1 1 1
6984207 6 1 4 0
6984326 3 1 12 0
6984698 3 1 10 1
6984999 6 1 7 0
6984999 7 1 10 0
6985015 0 1 1 1
6985137 7 1 3 1
6985194 6 1 11 0
6985381 1 1 11 1
6985544 4 1 3 1
6986079 2 1 4 1
6986080 0 1 12 0
6986300 91 0 1 0
6987003 6 1 5 1
6987145 292 0 1 0
6987253 6 1 3 1
6987624 3 1 12 1
6987758 3 1 3 0
6987764 6 1 7 1
6987831 164 0 1 0
6988440 6 1 4 1
6988629 2 1 6 0
6988829 0 1 3 1
6988872 6 1 11 1
6988919 298 0 1 0
6989207 5 1 9 1
6989313 5 1 9 0
6989478 4 1 12 0
6989495 1 1 11 0
6989629 7 1 10 1
6989679 2 1 1 0
6989711 5 1 9 1
6989736 2 1 4 0
6989784 120 0 1 0
6989792 2 1 10 1
6990081 6 1 5 0
6990327 0 1 1 0
6990330 0 1 7 0
6990649 335 0 1 1
6990690 3 1 4 0
6990762 96 0 1 1
6990868 2 1 5 0
6991021 4 1 3 0
6991215 7 1 3 0
6991250 0 1 12 1
6991529 3 1 10 0
6991572 7 1 2 0
6991633 292 0 1 1
6991824 164 0 1 1
6992476 3 1 3 1
6992497 2 1 6 1
6992549 0 1 3 0
6992623 2 1 1 1
6993273 5 1 9 0
6993303 326 0 1 0
6993458 4 1 12 1
6993566 3 1 4 1
6993817 0 1 7 1
6993901 2 1 10 0
6994071 7 1 10 0
6994074 2 1 5 1
6994104 6 1 11 0
6994253 91 0 1 1
6994383 1 1 11 1
6994467 1 1 11 0
6994671 3 1 10 1
6994768 1 1 11 1
6994782 0 1 1 1
6995032 4 1 3 1
6995037 7 1 3 1
6995080 6 1 5 1
6995116 6 1 3 0
6995523 0 1 12 0
6995566 6 1 10 0
6995616 298 0 1 1
6995853 314 0 1 1
6995951 7 1 2 1
6996465 232 0 1 1
6996542 2 1 4 1
6996639 3 1 3 0
6996742 6 1 4 0
6997179 0 1 3 1
6997281 6 1 11 1
6997652 2 1 1 0
6998101 3 1 12 0
6998306 6 1 3 1
6998333 6 1 5 0
6998688 4 1 12 0
6998700 6 1 10 1
6998700 2 1 6 0
6998824 7 1 10 1
6998998 1 1 11 0
6999341 91 0 1 0
6999440 2 1 10 1
6999741 6 1 4 1
6999996 0 1 12 1
7000019 7 1 3 0
7000226 2 1 4 0
7000227 0 1 1 0
7000317 3 1 3 1
7000369 314 0 1 0
7000384 6 1 7 0
7000687 0 1 3 0
7000704 120 0 1 1
7000829 4 1 3 0
7001072 7 1 2 0
7001171 2 1 1 1
7001315 0 1 7 0
7001394 3 1 12 1
7001562 3 1 10 0
7002024 6 1 11 0
7002181 5 1 9 1
7002833 2 1 10 0
7002912 6 1 3 0
7003178 4 1 12 1
7003206 298 0 1 0
7003280 7 1 3 1
7003354 6 1 7 1
7003445 2 1 6 1
7003841 0 1 1 1
7004050 6 1 5 1
7004144 1 1 11 1
7004199 0 1 12 0
7004327 3 1 3 0
7004424 4 1 3 1
7004573 1 1 11 0
7004600 7 1 10 0
7004810 0 1 7 1
7004851 2 1 5 0
7004944 0 1 3 1
7004958 3 1 10 1
7005017 1 1 11 1
7005040 6 1 4 0
7005356 7 1 2 1
7005405 326 0 1 1
7005466 335 0 1 0
7005599 2 1 1 0
7005651 5 1 9 0
7006746 6 1 11 1
7006799 91 0 1 1
7007043 2 1 4 1
7007210 6 1 5 0
7007325 6 1 3 1
7007825 2 1 5 1
7008071 3 1 4 0
7008308 4 1 12 0
7008480 0 1 12 1
7008531 6 1 4 1
7008568 120 0 1 0
7008607 2 1 10 1
7008707 0 1 3 0
7008892 1 1 11 0
7009261 298 0 1 1
7009424 7 1 10 1
7009765 2 1 1 1
7009957 7 1 3 0
7010270 3 1 3 1
7010597 2 1 4 0
7010644 0 1 1 0
7010772 164 0 1 0
7010828 3 1 4 1
7010834 0 1 7 0
7011056 3 1 12 0
7011401 4 1 3 0
7011546 2 1 6 0
7012386 2 1 10 0
7012390 7 1 2 0
7012401 91 0 1 0
7012547 4 1 12 1
7013034 0 1 12 0
7013133 63 0 1 0
7013165 3 1 10 0
7013273 6 1 11 0
7013859 6 1 10 0
7013983 6 1 3 0
7014079 0 1 7 1
7014173 1 1 11 1
7014242 3 1 12 1
7014353 7 1 3 1
7014555 6 1 5 1
7014627 0 1 1 1
7014692 0 1 3 1
7014699 6 1 7 0
7014765 164 0 1 1
7014804 6 1 4 0
7014857 5 1 9 1
7015098 7 1 10 0
7015543 4 1 3 1
7015712 3 1 3 0
7016089 2 1 6 1
7016232 2 1 1 0
7016334 7 1 2 1
7016427 335 0 1 1
7016670 3 1 10 1
7016993 6 1 10 1
7017193 120 0 1 1
7017326 6 1 3 1
7017725 6 1 11 1
7017837 6 1 7 1
7017919 2 1 4 1
7018060 5 1 9 0
7018070 6 1 5 0
7018180 6 1 4 1
7018364 326 0 1 0
7018398 0 1 12 1
7018549 2 1 10 1
7018695 1 1 11 0
7019043 7 1 3 0
7019086 2 1 5 0
7019151 4 1 12 0
7019386 2 1 1 1
7019859 91 0 1 1
7020027 0 1 1 0
7020591 63 0 1 1
7020632 0 1 3 0
7020829 0 1 7 0
7020855 7 1 10 1
7021122 2 1 6 0
7021415 4 1 3 0
7021451 3 1 12 0
7021487 2 1 4 0
7022145 2 1 5 1
7022290 7 1 2 0
7022435 298 0 1 0
7022479 6 1 3 0
7022563 2 1 10 0
7022576 4 1 12 1
7022757 7 1 3 1
7023003 0 1 12 0
7023097 120 0 1 0
7023447 6 1 11 0
7023871 1 1 11 1
7024113 3 1 12 1
7024133 0 1 1 1
7024160 6 1 5 1
7024263 3 1 10 0
7024312 0 1 7 1
7024367 2 1 6 1
7024456 2 1 1 0
7024795 4 1 3 1
7024928 91 0 1 0
7024938 3 1 4 0
7025139 0 1 3 1
7025195 3 1 3 1
7025647 314 0 1 1
7025825 5 1 9 1
7026133 5 1 9 0
7026146 7 1 2 1
7026305 292 0 1 0
7026333 5 1 9 1
7026990 6 1 11 1
7027183 4 1 12 0
7027209 6 1 3 1
7027246 335 0 1 0
7027342 63 0 1 0
7027540 6 1 5 0
7027650 2 1 4 1
7027731 7 1 10 0
7027797 1 1 11 0
7028051 3 1 10 1
7028068 3 1 4 1
7028087 3 1 3 0
7028169 6 1 4 0
7028266 0 1 12 1
7028334 326 0 1 1
7028356 2 1 1 1
7028963 0 1 3 0
7028984 2 1 10 1
7029177 298 0 1 1
7029559 232 0 1 0
7029856 5 1 9 0
7030125 314 0 1 0
7030290 7 1 3 0
7030298 292 0 1 1
7030340 7 1 2 0
7030499 120 0 1 1
7030824 0 1 7 0
7030917 0 1 1 0
7031149 4 1 12 1
7031239 2 1 4 0
7031518 4 1 3 0
7031529 6 1 7 0
7031830 63 0 1 1
7032183 2 1 6 0
7032219 6 1 11 0
7032592 1 1 11 1
7032685 164 0 1 0
7032718 2 1 1 0
7032723 2 1 5 0
7032881 91 0 1 1
7033058 7 1 10 1
7033156 2 1 10 0
7033271 6 1 4 1
7033331 3 1 12 0
7033428 0 1 12 0
7033505 3 1 3 1
7033696 3 1 3 0
7033933 3 1 3 1
7034286 6 1 7 1
7034319 0 1 7 1
7034668 6 1 10 0
7034754 6 1 5 1
7034847 0 1 3 1
7034896 6 1 3 0
7034932 7 1 3 1
7035308 7 1 2 1
7035402 4 1 3 1
7035647 2 1 5 1
7035648 3 1 10 0
7035732 335 0 1 1
7035867 0 1 1 1
7036179 6 1 11 1
7036354 3 1 12 1
7036478 4 1 12 0
7036666 2 1 6 1
7036674 1 1 11 0
7036678 164 0 1 1
7036995 2 1 1 1
7037017 3 1 3 0
7037548 6 1 10 1
7038172 2 1 4 1
7038173 6 1 5 0
7038204 120 0 1 0
7038342 326 0 1 0
7038483 91 0 1 0
7038741 7 1 10 0
7038884 6 1 3 1
7038925 3 1 10 1
7038937 0 1 12 1
7039272 5 1 9 1
7039647 4 1 3 0
7039749 3 1 4 0
7040138 0 1 3 0
7040142 7 1 3 0
7040236 2 1 10 1
7040324 0 1 7 0
7040580 0 1 1 0
7040605 7 1 2 0
7040877 4 1 12 1
7041440 6 1 11 0
7041558 1 1 11 1
7041729 2 1 4 0
7041989 2 1 1 0
7042024 232 0 1 1
7042156 2 1 5 0
7042502 3 1 4 1
7042577 5 1 9 0
7042654 4 1 3 1
7043086 335 0 1 0
7043121 7 1 10 1
7043225 2 1 6 0
7043514 6 1 4 0
7043669 7 1 3 1
7043684 0 1 7 1
7043726 0 1 12 0
7044009 298 0 1 0
7044022 0 1 3 1
7044055 6 1 3 0
7044208 6 1 5 1
7044343 2 1 10 0
7044932 0 1 1 1
7044956 7 1 2 1
7045257 6 1 11 1
7045524 2 1 1 1
7045527 2 1 5 1
7045676 2 1 1 0
7045712 1 1 11 0
7045910 2 1 1 1
7045941 91 0 1 1
7046201 3 1 12 0
7046352 2 1 6 1
7046389 326 0 1 1
7046558 3 1 10 0
7047036 6 1 4 1
7047170 7 1 10 0
7047203 0 1 3 0
7047236 6 1 5 0
7047540 4 1 12 0
7048536 2 1 4 1
7048579 6 1 3 1
7048926 4 1 3 0
7049217 0 1 12 1
7049349 120 0 1 1
7049393 3 1 12 1
7049573 335 0 1 1
7049638 2 1 5 0
7049727 0 1 1 0
7050006 7 1 2 0
7050064 298 0 1 1
7050265 3 1 10 1
7050420 1 1 11 1
7050710 7 1 3 0
7050744 2 1 10 1
7050833 0 1 7 0
7050870 5 1 9 1
7050916 5 1 9 0
7051006 63 0 1 0
7051010 91 0 1 0
7051070 3 1 4 0
7051173 7 1 10 1
7051272 6 1 11 0
7051433 6 1 10 0
7051491 5 1 9 1
7051773 2 1 6 0
7051774 2 1 1 0
7051824 6 1 7 0
7051859 2 1 4 0
7051873 4 1 12 1
7052540 4 1 3 1
7052618 164 0 1 0
7053210 0 1 3 1
7053588 6 1 5 1
7053687 0 1 1 1
7053704 3 1 4 1
7053866 7 1 2 1
7053875 0 1 12 0
7053884 326 0 1 0
7054102 7 1 3 1
7054166 7 1 3 0
7054181 1 1 11 0
7054201 0 1 7 1
7054228 2 1 5 1
7054413 314 0 1 1
7054437 7 1 3 1
7054567 6 1 10 1
7054585 6 1 7 1
7054738 2 1 10 0
7055013 5 1 9 0
7055030 6 1 4 0
7055339 6 1 11 1
7055387 2 1 6 1
7055686 2 1 1 1
7055801 7 1 10 0
7055871 6 1 3 0
7056611 164 0 1 1
7057093 6 1 5 0
7057257 4 1 3 0
7057268 4 1 12 0
7057367 0 1 3 0
7058396 314 0 1 0
7058406 6 1 4 1
7058429 3 1 10 0
7058468 91 0 1 1
7058514 2 1 5 0
7058535 7 1 2 0
7058852 120 0 1 0
7059132 0 1 1 0
7059142 7 1 3 0
7059144 0 1 12 1
7059178 335 0 1 0
7059196 1 1 11 1
7059320 7 1 10 1
7059454 63 0 1 1
7059523 6 1 3 1
7059566 3 1 12 0
7060464 2 1 1 0
7060782 6 1 11 0
7060828 0 1 7 0
7060997 0 1 3 1
7061106 0 1 3 0
7061143 2 1 10 1
7061145 4 1 3 1
7061470 4 1 12 1
7061747 0 1 3 1
7061821 3 1 10 1
7062096 2 1 6 0
7062369 0 1 1 1
7062474 3 1 12 1
7062607 298 0 1 0
7062618 1 1 11 0
7062868 7 1 2 1
7063048 5 1 9 1
7063187 292 0 1 0
7063261 2 1 5 1
7063358 7 1 3 1
7063556 91 0 1 0
7063853 0 1 12 0
7064054 7 1 10 0
7064064 6 1 3 0
7064547 6 1 5 1
7064595 6 1 11 1
7064692 0 1 7 1
7064799 6 1 4 0
7065331 2 1 10 0
7065449 3 1 4 0
7065872 326 0 1 1
7066006 4 1 12 0
7066038 5 1 9 0
7066064 2 1 6 1
7066142 2 1 1 1
7066622 0 1 3 0
7066887 1 1 11 1
7067473 2 1 5 0
7067726 7 1 2 0
7068016 4 1 3 0
7068040 6 1 4 1
7068116 6 1 5 0
7068329 3 1 4 1
7068597 6 1 3 1
7068641 335 0 1 1
7068664 232 0 1 0
7068665 292 0 1 1
7068698 0 1 12 1
7068718 7 1 10 1
7068880 3 1 10 0
7069136 298 0 1 1
7069253 6 1 10 0
7069613 0 1 1 0
7069815 4 1 12 1
7070008 7 1 3 0
7070278 2 1 1 0
7070784 120 0 1 1
7070847 1 1 11 0
7070881 6 1 11 0
7071014 91 0 1 1
7071146 4 1 3 1
7071756 0 1 3 1
7071994 2 1 10 1
7072228 6 1 10 1
7072327 0 1 7 0
7072360 3 1 10 1
7072509 0 1 12 0
7072554 2 1 5 1
7072688 3 1 12 0
7072960 7 1 2 1
7073166 2 1 1 1
7073176 2 1 6 0
7073355 5 1 9 1
7073500 5 1 9 0
7073531 7 1 3 1
7073592 0 1 1 1
7073766 7 1 10 0
7073954 5 1 9 1
7074973 0 1 3 0
7075045 164 0 1 0
7075496 6 1 11 1
7075584 6 1 7 0
7075691 0 1 7 1
7075723 3 1 12 1
7075833 6 1 5 1
7075974 4 1 12 0
7076135 2 1 5 0
7076221 2 1 10 0
7076263 1 1 11 1
7076390 4 1 3 0
7076578 91 0 1 0
7076897 335 0 1 0
7077067 5 1 9 0
7077324 6 1 4 0
7077421 2 1 6 1
7077498 6 1 3 0
7077629 0 1 12 1
7077730 7 1 2 0
7077843 7 1 10 1
7078095 6 1 7 1
7078161 2 1 1 0
7078437 0 1 1 0
7078485 7 1 3 0
7078488 326 0 1 0
7079038 164 0 1 1
7079530 6 1 5 0
7079572 120 0 1 0
7079607 0 1 3 1
7080229 63 0 1 0
7080413 1 1 11 0
7080549 4 1 12 1
7080889 4 1 3 1
7080909 0 1 12 0
7080979 3 1 10 0
7081001 6 1 3 1
7081674 7 1 2 1
7081873 298 0 1 0
7081948 2 1 5 1
7081955 7 1 10 0
7082056 6 1 11 0
7082065 6 1 4 1
7082100 232 0 1 1
7082250 7 1 3 1
7082322 0 1 7 0
7082372 2 1 10 1
7082397 0 1 1 1
7082769 3 1 4 0
7083208 2 1 1 1
7084248 3 1 10 1
7084375 6 1 5 1
7084531 91 0 1 1
7084664 314 0 1 1
7084750 0 1 3 0
7084811 3 1 12 0
7085039 1 1 11 1
7085064 2 1 6 0
7085147 5 1 9 1
7085370 335 0 1 1
7085495 6 1 11 1
7085518 3 1 4 1
7085541 4 1 12 0
7085606 7 1 10 1
7085805 0 1 7 1
7085923 2 1 10 0
7086228 6 1 3 0
7086515 2 1 5 0
7087060 0 1 12 1
7087275 120 0 1 1
7087347 0 1 1 0
7087899 5 1 9 0
7087981 3 1 12 1
7088118 298 0 1 1
7088124 4 1 3 0
7088125 7 1 2 0
7088382 2 1 1 0
7088682 2 1 6 1
7089057 1 1 11 0
7089087 7 1 3 0
7089180 314 0 1 0
7089657 91 0 1 0
7089801 6 1 3 1
7089926 6 1 5 0
7090043 6 1 10 0
7090088 4 1 12 1
7090458 0 1 3 1
7090473 7 1 10 0
7090533 326 0 1 1
7090642 6 1 11 0
7090657 63 0 1 1
7090730 3 1 10 0
7090869 0 1 12 0
7090957 0 1 1 1
7091588 2 1 5 1
7091796 2 1 10 1
7091822 0 1 7 0
7091873 4 1 3 1
7092484 6 1 4 0
7092974 7 1 2 1
7093054 6 1 10 1
7093056 2 1 1 1
7093217 7 1 3 1
7093289 120 0 1 0
7093447 0 1 3 0
7093542 2 1 6 0
7094324 6 1 11 1
7094418 3 1 10 1
7094425 6 1 5 1
7094445 1 1 11 1
7094473 1 1 11 0
7094676 5 1 9 1
7094822 1 1 11 1
7094980 7 1 10 1
7095002 4 1 12 0
7095313 0 1 7 1
7095328 2 1 10 0
7095612 335 0 1 0
7095926 6 1 7 0
7095985 6 1 4 1
7096259 2 1 5 0
7096629 3 1 4 0
7097058 2 1 6 1
7097278 0 1 12 1
7097491 164 0 1 0
7097610 91 0 1 1
7097649 7 1 2 0
7097742 0 1 1 0
7097755 5 1 9 0
7097772 4 1 3 0
7098133 6 1 3 0
7098176 3 1 12 0
7098769 6 1 7 1
7099090 1 1 11 0
7099176 2 1 1 0
7099480 6 1 5 0
7099577 0 1 3 1
7099631 7 1 3 0
7099759 3 1 4 1
7100427 2 1 10 1
7100901 292 0 1 0
7100967 4 1 12 1
7100997 3 1 10 0
7101209 7 1 10 0
7101223 3 1 12 1
7101420 2 1 5 1
7101451 0 1 12 0
7101484 164 0 1 1
7101519 6 1 11 0
7101598 6 1 3 1
7101629 298 0 1 0
7101817 0 1 7 0
7101884 4 1 3 1
7102074 6 1 4 0
7102197 0 1 1 1
7102367 7 1 2 1
7102502 326 0 1 0
7103081 120 0 1 1
7103084 2 1 1 1
7103193 91 0 1 0
7103426 0 1 3 0
7103811 6 1 5 1
7103937 7 1 3 1
7104097 1 1 11 1
7104127 2 1 6 0
7104189 4 1 12 0
7104238 2 1 10 0
7104266 3 1 10 1
7105227 6 1 11 1
7105300 0 1 7 1
7105327 6 1 4 1
7105389 292 0 1 1
7105848 7 1 10 1
7105937 5 1 9 1
7105953 2 1 5 0
7106675 0 1 3 1
7106959 1 1 11 0
7107055 335 0 1 1
7107430 7 1 2 0
7107445 6 1 10 0
7107489 2 1 1 0
7107831 4 1 3 0
7107999 0 1 12 1
7108137 0 1 1 0
7108364 2 1 6 1
7108674 298 0 1 1
7108942 6 1 5 0
7109254 232 0 1 0
7109598 5 1 9 0
7109805 3 1 4 0
7110115 2 1 10 1
7110213 0 1 3 0
7110260 7 1 3 0
7110302 6 1 10 1
7110651 91 0 1 1
7110886 7 1 10 0
7111076 3 1 10 0
7111084 3 1 12 0
7111172 6 1 3 0
7111461 4 1 3 1
7111465 6 1 4 0
7111533 7 1 2 1
7111719 6 1 7 0
7111727 4 1 12 1
7111901 2 1 1 1
7111914 6 1 11 0
7112048 0 1 12 0
7112243 0 1 1 1
7112605 120 0 1 0
7112681 3 1 4 1
7112821 0 1 7 0
7112911 6 1 5 1
7113431 63 0 1 0
7113643 2 1 10 0
7113996 3 1 12 1
7114013 7 1 3 1
7114108 6 1 3 1
7114233 3 1 10 1
7114480 6 1 7 1
7114706 6 1 4 1
7115020 4 1 12 0
7115023 326 0 1 1
7115049 2 1 6 0
7115758 91 0 1 0
7115770 7 1 10 1
7115781 0 1 3 1
7116069 6 1 11 1
7116185 0 1 7 1
7116399 2 1 1 0
7116429 7 1 2 0
7116841 335 0 1 0
7117577 6 1 5 0
7117989 0 1 12 1
7118037 0 1 1 0
7118333 4 1 3 0
7118807 5 1 9 1
7118926 314 0 1 1
7119055 2 1 6 1
7119137 1 1 11 1
7119423 164 0 1 0
7119621 7 1 3 0
7119707 232 0 1 1
7119861 7 1 2 1
7119861 4 1 12 1
7119955 0 1 3 0
7120032 2 1 10 1
7120168 2 1 1 1
7121416 3 1 10 0
7121442 7 1 10 0
7121445 6 1 5 1
7121502 0 1 1 1
7122010 5 1 9 0
7122025 0 1 12 0
7122195 1 1 11 0
7122540 4 1 3 1
7122797 0 1 7 0
7123216 91 0 1 1
7123234 298 0 1 0
7123266 2 1 10 0
7123390 7 1 3 1
7123416 164 0 1 1
7123555 3 1 12 0
7123943 314 0 1 0
7124093 0 1 3 1
7124289 6 1 11 0
7124320 3 1 10 1
7124450 335 0 1 1
7124755 7 1 2 0
7124828 120 0 1 1
7124863 3 1 4 0
7125649 4 1 12 0
7125683 7 1 10 1
7125684 6 1 4 0
7125839 63 0 1 1
7126084 232 0 1 0
7126098 3 1 12 1
7126178 6 1 3 0
7126292 0 1 7 1
7126381 6 1 5 0
7126452 0 1 1 0
7126513 2 1 1 0
7127186 2 1 6 0
7127283 6 1 10 0
7127489 3 1 4 1
7128077 326 0 1 0
7128287 4 1 3 0
7128405 6 1 11 1
7128430 0 1 12 1
7128687 7 1 3 0
7128699 7 1 2 1
7128780 91 0 1 0
7128860 3 1 10 0
7129318 6 1 3 1
7129401 2 1 10 1
7129539 6 1 7 0
7129557 4 1 12 1
7129744 6 1 4 1
7129812 298 0 1 1
7129913 6 1 10 1
7130173 0 1 3 0
7130177 0 1 1 1
7130287 5 1 9 1
7130591 232 0 1 1
7130661 6 1 5 1
7130728 2 1 1 1
7130996 7 1 10 0
7131715 4 1 3 1
7131804 2 1 6 1
7131891 3 1 10 1
7132032 0 1 12 0
7132167 7 1 3 1
7132186 335 0 1 0
7132300 6 1 7 1
7132638 120 0 1 0
7132811 0 1 7 0
7133170 7 1 2 0
7133395 5 1 9 0
7133938 2 1 10 0
7134249 6 1 4 0
7134656 1 1 11 1
7135007 7 1 10 1
7135130 4 1 12 0
7135179 6 1 11 0
7135362 0 1 1 0
7135680 0 1 3 1
7135704 2 1 1 0
7135777 6 1 5 0
7135891 3 1 12 0
7136320 2 1 6 0
7136540 0 1 7 1
7136733 91 0 1 1
7137266 1 1 11 0
7137417 0 1 12 1
7137618 7 1 2 1
7137625 292 0 1 0
7137629 6 1 4 1
7138377 4 1 3 0
7138587 7 1 3 0
7138855 3 1 10 0
7138892 0 1 3 0
7138988 6 1 11 1
7139045 3 1 12 1
7139316 4 1 12 1
7139319 2 1 6 1
7139322 0 1 1 1
7139841 298 0 1 0
7140034 6 1 5 1
7140370 2 1 1 1
7140589 6 1 3 0
7140672 335 0 1 1
7140690 0 1 12 0
7140703 3 1 4 0
7140785 7 1 10 0
7141275 5 1 9 1
7141474 326 0 1 1
7141831 164 0 1 0
7141897 91 0 1 0
7142113 292 0 1 1
7142219 3 1 10 1
7142409 6 1 7 0
7142575 7 1 2 0
7142598 7 1 3 1
7142933 6 1 4 0
7143008 6 1 10 0
7143320 0 1 7 0
7143392 4 1 3 1
7143428 6 1 3 1
7143480 4 1 3 0
7143564 120 0 1 1
7143583 3 1 4 1
7143773 4 1 3 1
7144285 5 1 9 0
7144565 0 1 3 1
7144583 4 1 12 0
7144767 0 1 1 0
7145015 6 1 5 0
7145112 2 1 1 0
7145538 7 1 10 1
7145670 6 1 7 1
7145824 164 0 1 1
7146011 6 1 10 1
7146313 6 1 4 1
7146364 0 1 12 1
7146380 7 1 2 1
7146391 2 1 6 0
7146557 0 1 7 1
7146564 6 1 11 0
7148213 63 0 1 0
7148235 7 1 3 0
7148381 2 1 1 1
7148386 0 1 3 0
7148486 4 1 3 0
7148576 1 1 11 1
7148690 1 1 11 0
7148757 4 1 12 1
7148923 3 1 10 0
7148949 1 1 11 1
7149255 3 1 12 0
7149268 6 1 5 1
7149355 91 0 1 1
7149369 0 1 1 1
7150118 120 0 1 0
7150211 314 0 1 1
7150501 335 0 1 0
7150505 2 1 6 1
7150512 0 1 12 0
7150724 7 1 10 0
7150881 6 1 11 1
7150999 6 1 4 0
7151751 7 1 2 0
7151840 7 1 3 1
7151950 3 1 10 1
7152134 1 1 11 0
7152429 3 1 12 1
7152467 5 1 9 1
7152801 0 1 7 0
7152822 2 1 1 0
7153192 3 1 4 0
7153303 4 1 3 1
7153986 0 1 3 1
7153989 0 1 3 0
7154282 0 1 3 1
7154433 326 0 1 0
7154746 314 0 1 0
7154805 6 1 5 0
7154854 7 1 10 1
7154994 6 1 4 1
7155014 91 0 1 0
7155641 4 1 12 0
7155670 5 1 9 0
7155822 7 1 2 1
7156044 6 1 3 0
7156152 0 1 1 0
7156260 3 1 4 1
7156292 0 1 7 1
7156726 2 1 6 0
7157034 7 1 3 0
7157226 2 1 1 1
7157442 0 1 3 0
7157449 0 1 12 1
7157996 120 0 1 1
7158006 6 1 11 0
7158545 3 1 10 0
7158641 63 0 1 1
7158787 6 1 7 0
7158980 6 1 3 1
7159272 7 1 10 0
7159303 6 1 5 1
7159889 0 1 1 1
7160017 2 1 6 1
7160027 6 1 4 0
7160042 4 1 3 0
7160085 4 1 12 1
7160367 7 1 3 1
7160406 6 1 10 0
7160967 335 0 1 1
7161385 7 1 2 0
7161609 0 1 12 0
7161684 6 1 11 1
7161691 3 1 10 1
7161757 6 1 7 1
7162626 2 1 1 0
7162677 3 1 12 0
7162707 0 1 3 1
7163209 232 0 1 0
7163286 6 1 10 1
7163291 0 1 7 0
7163530 6 1 4 1
7163533 7 1 10 1
7163792 5 1 9 1
7164452 91 0 1 1
7164753 164 0 1 0
7164861 6 1 5 0
7164922 4 1 3 1
7165062 0 1 1 0
7165321 7 1 2 1
7165356 7 1 2 0
7165585 2 1 6 0
7165589 3 1 12 1
7165729 4 1 12 0
7165837 7 1 2 1
7165867 120 0 1 0
7166107 1 1 11 1
7166440 326 0 1 1
7166605 0 1 3 0
7166655 0 1 7 1
7166817 7 1 3 0
7166994 3 1 4 0
7167055 5 1 9 0
7167165 2 1 1 1
7167614 6 1 3 0
7167849 6 1 11 0
7168446 0 1 12 1
7168592 6 1 4 0
7168746 164 0 1 1
7168764 3 1 10 0
7168816 335 0 1 0
7168830 1 1 11 0
7169072 2 1 6 1
7169111 4 1 3 0
7169271 6 1 5 1
7169291 0 1 1 1
7169411 7 1 10 0
7169628 3 1 4 1
7169804 4 1 12 1
7170023 7 1 2 0
7170111 91 0 1 0
7170145 6 1 3 1
7170455 7 1 3 1
7171695 232 0 1 1
7171809 6 1 11 1
7171858 0 1 3 1
7172099 6 1 4 1
7172253 3 1 10 1
7172331 292 0 1 0
7172617 0 1 12 0
7172944 2 1 1 0
7173324 0 1 7 0
7173854 6 1 5 0
7174026 7 1 2 1
7174114 4 1 3 1
7174352 4 1 12 0
7174467 0 1 1 0
7174478 2 1 6 0
7174803 7 1 10 1
7174949 0 1 3 0
7175237 5 1 9 1
7175248 3 1 12 0
7175846 7 1 3 0
7176569 0 1 7 1
7176669 6 1 7 0
7176819 292 0 1 1
7177103 6 1 5 1
7177221 2 1 1 1
7177289 335 0 1 1
7177318 6 1 11 0
7177604 2 1 6 1
7177776 120 0 1 1
7177884 0 1 1 1
7178045 3 1 12 1
7178093 4 1 12 1
7178384 6 1 4 0
7178486 5 1 9 0
7178559 91 0 1 1
7178668 4 1 3 0
7178721 6 1 10 0
7178760 0 1 12 1
7179049 232 0 1 0
7179205 7 1 2 0
7179299 6 1 7 1
7179337 3 1 10 0
7179529 314 0 1 1
7179806 7 1 3 1
7179879 3 1 4 0
7179968 63 0 1 0
7180251 1 1 11 1
7180303 6 1 3 0
7180353 1 1 11 0
7180408 326 0 1 0
7180480 6 1 11 1
7180591 0 1 3 1
7180719 1 1 11 1
7180880 7 1 10 0
7180889 0 1 3 0
7181217 0 1 3 1
7181480 6 1 10 1
7181773 6 1 5 0
7182253 2 1 1 0
7182509 3 1 4 1
7182584 0 1 12 0
7182805 0 1 7 0
7182813 7 1 2 1
7182913 6 1 4 1
7182994 3 1 10 1
7183134 4 1 3 1
7183425 6 1 3 1
7183450 1 1 11 0
7183537 232 0 1 1
7183808 4 1 12 0
7183872 0 1 1 0
7183893 314 0 1 0
7184237 91 0 1 0
7184775 2 1 6 0
7184849 0 1 3 0
7185731 6 1 5 1
7186018 7 1 10 1
7186169 0 1 7 1
7186659 6 1 11 0
7186767 5 1 9 1
7187177 2 1 1 1
7187199 164 0 1 0
7187301 7 1 3 0
7187352 292 0 1 0
7187508 120 0 1 0
7188010 4 1 3 0
7188101 0 1 1 1
7188226 3 1 12 0
7188264 4 1 12 1
7188557 6 1 4 0
7188620 7 1 2 0
7188739 0 1 12 1
7189102 0 1 3 1
7189397 2 1 6 1
7190225 7 1 10 0
7190320 5 1 9 0
7190396 63 0 1 1
7190596 335 0 1 0
7190788 6 1 5 0
7190850 292 0 1 1
7190984 6 1 11 1
7191192 164 0 1 1
7191531 3 1 12 1
7191582 7 1 3 1
7191695 91 0 1 1
7191909 6 1 7 0
7191941 6 1 4 1
7192396 326 0 1 1
7192609 2 1 1 0
7192656 4 1 3 1
7192800 0 1 7 0
7192945 7 1 2 1
7192947 3 1 10 0
7193118 0 1 12 0
7193736 7 1 10 1
7193772 0 1 1 0
7193928 0 1 3 0
7194050 4 1 12 0
7194677 3 1 4 0
7194799 6 1 7 1
7195182 2 1 6 0
7195423 6 1 5 1
7196287 0 1 7 1
7196365 3 1 10 1
7196366 6 1 3 0
7196390 7 1 3 0
7196469 6 1 4 0
7196802 91 0 1 0
7197375 4 1 3 0
7197414 2 1 1 1
7197434 3 1 4 1
7197516 7 1 10 0
7197549 6 1 11 0
7198181 2 1 6 1
7198272 7 1 2 0
7198374 0 1 1 1
7198448 6 1 10 0
7199026 4 1 12 1
7199082 335 0 1 1
7199198 120 0 1 1
7199462 5 1 9 1
7199731 6 1 3 1
7199816 0 1 3 1
7199848 7 1 3 1
7199972 6 1 4 1
7200047 0 1 12 1
7200096 0 1 3 0
7200226 0 1 3 1
7201175 1 1 11 1
7201477 6 1 5 0
7201582 6 1 10 1
7201620 6 1 11 1
7201767 4 1 3 1
7202023 7 1 10 1
7202295 3 1 12 0
7202359 2 1 6 0
7202814 0 1 7 0
7203044 0 1 3 0
7203190 5 1 9 0
7203222 0 1 1 0
7203244 7 1 2 1
7203707 1 1 11 0
7203917 2 1 1 0
7204066 0 1 12 0
7204422 326 0 1 0
7204437 3 1 10 0
7204444 4 1 12 0
7204755 91 0 1 1
7205344 3 1 12 1
7205362 2 1 6 1
7205529 6 1 4 0
7205706 314 0 1 1
7205873 6 1 5 1
7206076 4 1 3 0
7206182 0 1 7 1
7206264 6 1 7 0
7206897 7 1 3 0
7206902 120 0 1 0
7207484 3 1 10 1
7207694 2 1 1 1
7207709 0 1 1 1
7207980 7 1 10 0
7208087 6 1 11 0
7208861 4 1 12 1
7208898 6 1 7 1
7208932 0 1 3 1
7209112 164 0 1 0
7209592 6 1 3 0
7209613 314 0 1 0
7210032 6 1 4 1
7210220 0 1 12 1
7210355 7 1 2 0
7210390 63 0 1 0
7210395 91 0 1 0
7210396 335 0 1 0
7210859 7 1 3 1
7211856 7 1 10 1
7212056 2 1 6 0
7212079 4 1 3 1
7212127 6 1 3 1
7212162 2 1 1 0
7212213 6 1 5 0
7212295 0 1 7 0
7212475 5 1 9 1
7212686 0 1 3 0
7212701 6 1 11 1
7212964 326 0 1 1
7213011 3 1 4 0
7213105 164 0 1 1
7214004 120 0 1 1
7214121 7 1 2 1
7214321 0 1 1 0
7214440 0 1 12 0
7214783 6 1 10 0
7215142 3 1 12 0
7215176 7 1 10 0
7215236 4 1 12 0
7215536 3 1 10 0
7215660 6 1 4 0
7215663 0 1 7 1
7215891 3 1 4 1
7215896 7 1 3 0
7216090 5 1 9 0
7216670 2 1 6 1
7217038 6 1 5 1
7217156 4 1 3 0
7217197 0 1 3 1
7217602 2 1 1 1
7217853 91 0 1 1
7217993 6 1 10 1
7218305 3 1 10 1
7218522 0 1 1 1
7218597 3 1 12 1
7218649 232 0 1 0
7218838 63 0 1 1
7218878 120 0 1 0
7219036 6 1 4 1
7219058 4 1 12 1
7219283 7 1 3 1
7219425 7 1 10 1
7219795 7 1 2 0
7219824 6 1 11 0
7220870 4 1 3 1
7221068 292 0 1 0
7221416 6 1 3 0
7221500 0 1 12 1
7221930 335 0 1 1
7222252 0 1 3 0
7222804 0 1 7 0
7222850 0 1 1 0
7222998 91 0 1 0
7223011 2 1 1 0
7223091 2 1 6 0
7223105 6 1 5 0
7223383 6 1 11 1
7223448 326 0 1 0
7223880 4 1 12 0
7224077 7 1 10 0
7224208 6 1 4 0
7224387 7 1 3 0
7224516 7 1 2 1
7224622 6 1 7 0
7224853 6 1 3 1
7224871 5 1 9 1
7225381 3 1 10 0
7225556 292 0 1 1
7225653 0 1 12 0
7226065 4 1 3 0
7226295 0 1 7 1
7226433 1 1 11 1
7226524 1 1 11 0
7226607 0 1 3 1
7227042 2 1 1 1
7227082 2 1 6 1
7227469 6 1 7 1
7227620 6 1 5 1
7227687 7 1 3 1
7227706 0 1 1 1
7227719 6 1 4 1
7227888 3 1 10 1
7227940 5 1 9 0
7227985 1 1 11 1
7228043 1 1 11 0
7228190 120 0 1 1
7228209 4 1 12 1
7228239 6 1 11 0
7228276 232 0 1 1
7228356 3 1 4 0
7228374 1 1 11 1
7228445 4 1 12 0
7228540 1 1 11 0
7228717 4 1 12 1
7229039 1 1 11 1
7229196 7 1 10 1
7229401 3 1 12 0
7229577 1 1 11 0
7230551 1 1 11 1
7230655 7 1 2 0
7230917 1 1 11 0
7230951 91 0 1 1
7231113 3 1 4 1
7231244 0 1 3 0
7231534 4 1 3 1
7231553 0 1 12 1
7231577 164 0 1 0
7232199 6 1 11 1
7232255 0 1 1 0
7232401 6 1 4 0
7232424 3 1 12 1
7232671 335 0 1 0
7232743 2 1 6 0
7232799 0 1 7 0
7233251 6 1 5 0
7233359 7 1 3 0
7233881 2 1 1 0
7234583 6 1 10 0
7234999 4 1 12 0
7235141 0 1 12 0
7235320 0 1 3 1
7235386 314 0 1 1
7235479 232 0 1 0
7235570 164 0 1 1
7235746 2 1 6 1
7235755 7 1 10 0
7235815 4 1 3 0
7235885 3 1 10 0
7236020 7 1 2 1
7236123 0 1 1 1
7236294 0 1 7 1
7236312 5 1 9 1
7236519 6 1 4 1
7236520 1 1 11 1
7236610 91 0 1 0
7236678 1 1 11 0
7236898 6 1 5 1
7237073 326 0 1 1
7237159 1 1 11 1
7237289 120 0 1 0
7237587 7 1 3 1
7237725 6 1 10 1
7238095 6 1 3 0
7238301 2 1 1 1
7238634 6 1 11 0
7238956 298 0 1 1
7239483 314 0 1 0
7239498 1 1 11 0
7239771 3 1 10 1
7239783 5 1 9 0
7239923 4 1 12 1
7239986 232 0 1 1
7240125 0 1 12 1
7240207 0 1 3 0
7240320 2 1 6 0
7240381 7 1 10 1
7240450 4 1 3 1
7241409 6 1 7 0
7241604 6 1 5 0
7241683 6 1 3 1
7241831 0 1 1 0
7241855 6 1 4 0
7242128 335 0 1 1
7242510 298 0 1 0
7242565 7 1 2 0
7242813 0 1 7 0
7243089 6 1 11 1
7243143 0 1 12 0
7243152 2 1 1 0
7243172 3 1 12 0
7243215 6 1 11 0
7243356 6 1 11 1
7244068 91 0 1 1
7244174 6 1 7 1
7244401 2 1 6 1
7244517 7 1 3 0
7244541 7 1 10 0
7244710 0 1 3 1
7245239 6 1 4 1
7245734 6 1 5 1
7246116 7 1 2 1
7246195 3 1 4 0
7246286 4 1 3 0
7246342 3 1 12 1
7246431 0 1 7 1
7246437 0 1 1 1
7246749 4 1 12 0
7246828 63 0 1 0
7247453 2 1 1 1
7247877 0 1 12 1
7248091 7 1 10 1
7248286 7 1 3 1
7248497 5 1 9 1
7249075 3 1 4 1
7249194 91 0 1 0
7249470 3 1 10 0
7250089 326 0 1 0
7250183 6 1 11 0
7250312 0 1 3 0
7250385 120 0 1 1
7250629 6 1 5 0
7250981 4 1 12 1
7251192 0 1 1 0
7251211 6 1 3 0
7251414 6 1 4 0
7251457 2 1 6 0
7251559 4 1 3 1
7251714 0 1 12 0
7251909 2 1 1 0
7252158 5 1 9 0
7252222 7 1 10 0
7252373 3 1 10 1
7252953 7 1 2 0
7252964 6 1 10 0
7252966 335 0 1 0
7253172 7 1 3 0
7253322 0 1 7 0
7253942 0 1 3 1
7253985 164 0 1 0
7254115 6 1 3 1
7254250 6 1 11 1
7254542 6 1 5 1
7255269 6 1 7 0
7255313 2 1 1 1
7255403 4 1 3 0
7255440 2 1 6 1
7255534 6 1 10 1
7255571 2 1 6 0
7255647 0 1 1 1
7255664 4 1 12 0
7255988 2 1 6 1
7256114 7 1 10 1
7256266 63 0 1 1
7256298 6 1 4 1
7256652 91 0 1 1
7256809 0 1 7 1
7257293 3 1 12 0
7257445 7 1 3 1
7257702 0 1 3 0
7257798 7 1 2 1
7257978 164 0 1 1
7258159 6 1 7 1
7258528 0 1 12 1
7258595 120 0 1 0
7259316 314 0 1 1
7259919 6 1 11 0
7260038 4 1 12 1
7260055 3 1 4 0
7260171 2 1 1 0
7260414 4 1 3 1
7260500 6 1 5 0
7260667 3 1 12 1
7260960 7 1 10 0
7261451 5 1 9 1
7261838 3 1 10 0
7261968 7 1 3 0
7261982 326 0 1 1
7262086 6 1 4 0
7262273 91 0 1 0
7262316 0 1 1 0
7262455 0 1 3 1
7262631 0 1 12 0
7262860 7 1 2 0
7263165 2 1 6 0
7263280 314 0 1 0
7263308 3 1 4 1
7263853 335 0 1 1
7264081 6 1 3 0
7264202 2 1 1 1
7264326 0 1 7 0
7264378 2 1 1 0
7264498 6 1 11 1
7264535 7 1 10 1
7264591 2 1 1 1
7265003 6 1 5 1
7265038 5 1 9 0
7265188 0 1 1 1
7265412 4 1 3 0
7265470 6 1 4 1
7265547 4 1 12 0
7265690 7 1 3 1
7266005 3 1 10 1
7266681 7 1 2 1
7266973 2 1 6 1
7267051 0 1 3 0
7267442 6 1 3 1
7267788 7 1 10 0
7268059 0 1 7 1
7268639 120 0 1 1
7268928 2 1 1 0
7269329 1 1 11 1
7269532 6 1 11 0
7269668 0 1 12 1
7269960 4 1 12 1
7270050 4 1 3 1
7270226 91 0 1 1
7270393 1 1 11 0
7270497 6 1 5 0
7270522 3 1 12 0
7270584 6 1 4 0
7271148 2 1 6 0
7271293 7 1 2 0
7271383 0 1 3 1
7271604 6 1 7 0
7271795 7 1 10 1
7272203 6 1 10 0
7272836 2 1 1 1
7273086 7 1 3 0
7273307 3 1 12 1
7273420 3 1 4 0
7273816 0 1 12 0
7273853 6 1 11 1
7273880 3 1 10 0
7273950 5 1 9 1
7274091 6 1 4 1
7274251 335 0 1 0
7274282 2 1 6 1
7274283 0 1 7 0
7274496 6 1 7 1
7274713 7 1 2 1
7274827 6 1 5 1
7274883 7 1 2 0
7274972 120 0 1 0
7274973 4 1 3 0
7275229 7 1 2 1
7275352 91 0 1 0
7275429 6 1 10 1
7276007 326 0 1 0
7276151 4 1 12 0
7276344 3 1 4 1
7276412 164 0 1 0
7276914 232 0 1 0
7277046 5 1 9 0
7277288 3 1 10 1
7277415 7 1 10 0
7277743 2 1 1 0
7277770 0 1 7 1
7277859 7 1 3 1
7278374 0 1 3 0
7278888 6 1 3 0
7279407 0 1 1 0
7279665 6 1 4 0
7279865 4 1 3 1
7280052 6 1 11 0
7280356 2 1 6 0
7280398 6 1 5 0
7280405 164 0 1 1
7280593 4 1 12 1
7280680 7 1 2 0
7280952 0 1 12 1
7281701 6 1 3 1
7281778 2 1 1 1
7281874 120 0 1 1
7282007 3 1 12 0
7282426 0 1 1 1
7282699 335 0 1 1
7282810 91 0 1 1
7283081 7 1 10 1
7283220 1 1 11 1
7283508 0 1 3 1
7283510 7 1 3 0
7283533 6 1 4 1
7283596 7 1 2 1
7283916 7 1 2 0
7284035 326 0 1 1
7284244 6 1 5 1
7284278 0 1 7 0
7284509 7 1 2 1
7284530 3 1 12 1
7284546 4 1 3 0
7284652 1 1 11 0
7284728 2 1 6 1
7284851 63 0 1 0
7285327 5 1 9 1
7285429 6 1 11 1
7285521 0 1 12 0
7286396 232 0 1 1
7287036 0 1 3 0
7287073 314 0 1 1
7287267 7 1 3 1
7287489 2 1 1 0
7287519 0 1 7 1
7287707 7 1 10 0
7287854 6 1 4 0
7288450 91 0 1 0
7288485 3 1 10 0
7288825 5 1 9 0
7289024 6 1 5 0
7289431 120 0 1 0
7289692 4 1 3 1
7289759 4 1 12 0
7289919 6 1 7 0
7290269 3 1 4 0
7290380 6 1 3 0
7290580 7 1 2 0
7291013 6 1 10 0
7291088 335 0 1 0
7291094 314 0 1 0
7291104 6 1 11 0
7291254 3 1 10 1
7291262 2 1 1 1
7291365 6 1 4 1
7291708 2 1 6 0
7291772 0 1 3 1
7292407 0 1 12 1
7292460 7 1 10 1
7293022 6 1 5 1
7293049 6 1 7 1
7293101 4 1 12 1
7293116 7 1 3 0
7293299 63 0 1 1
7293403 3 1 4 1
7293407 6 1 3 1
7293774 6 1 10 1
7293778 0 1 7 0
7293948 326 0 1 0
7294039 3 1 12 0
7294377 7 1 2 1
7294648 4 1 3 0
7295106 6 1 11 1
7295734 2 1 1 0
7295850 164 0 1 0
7295908 91 0 1 1
7296068 2 1 6 1
7296172 0 1 12 0
7296954 6 1 4 0
7296963 3 1 12 1
7296999 5 1 9 1
7297023 0 1 7 1
7297139 7 1 3 1
7298189 7 1 10 0
7298435 3 1 10 0
7298664 6 1 5 0
7298860 0 1 3 0
7298995 7 1 2 0
7299188 120 0 1 1
7299374 4 1 3 1
7299843 164 0 1 1
7300104 5 1 9 0
7300247 6 1 11 0
7300285 2 1 1 1
7300802 2 1 6 0
7300830 6 1 4 1
7301001 0 1 1 0
7301015 91 0 1 0
7301186 4 1 12 0
7301188 3 1 10 1
7302036 335 0 1 1
7302043 7 1 3 0
7302327 0 1 12 1
7302493 292 0 1 0
7302808 7 1 2 1
7303055 6 1 5 1
7303641 7 1 10 1
7303662 0 1 1 1
7303754 0 1 7 0
7304090 4 1 12 1
7304196 6 1 3 0
7304274 6 1 7 0
7304576 6 1 11 1
7304760 4 1 3 0
7304793 2 1 6 1
7304867 0 1 3 1
7305517 2 1 1 0
7305589 3 1 12 0
7305654 0 1 12 0
7305935 7 1 3 1
7306375 6 1 4 0
7306953 6 1 10 0
7306981 292 0 1 1
7307020 5 1 9 1
7307114 0 1 7 1
7307140 6 1 3 1
7307223 5 1 9 0
7307287 6 1 7 1
7307532 5 1 9 1
7307553 7 1 2 0
7307826 120 0 1 0
7307878 326 0 1 1
7307920 0 1 3 0
7308251 3 1 12 1
7308510 7 1 10 0
7308968 91 0 1 1
7309079 3 1 4 0
7309171 2 1 1 1
7309362 6 1 5 0
7309398 4 1 3 1
7309498 6 1 11 0
7309878 6 1 4 1
7310037 6 1 10 1
7310519 0 1 12 1
7310568 5 1 9 0
7311406 2 1 6 0
7311429 3 1 10 0
7311751 7 1 2 1
7311840 3 1 4 1
7312366 335 0 1 0
7313210 7 1 3 0
7313235 0 1 7 0
7313505 7 1 10 1
7313773 0 1 12 0
7313874 6 1 11 1
7314065 4 1 3 0
7314181 6 1 5 1
7314312 0 1 3 1
7314329 3 1 10 1
7314399 2 1 1 0
7314447 6 1 4 0
7314570 91 0 1 0
7315028 2 1 6 1
7315877 314 0 1 1
7316302 4 1 12 0
7316480 0 1 7 1
7316519 7 1 3 1
7316607 120 0 1 1
7317179 6 1 3 0
7317289 7 1 2 0
7317570 3 1 12 0
7317950 6 1 4 1
7318277 164 0 1 0
7318296 7 1 10 0
7318369 5 1 9 1
7318562 0 1 3 0
7318580 4 1 3 1
7318602 2 1 6 0
7318629 6 1 7 0
7318946 2 1 1 1
7319019 0 1 12 1
7319319 6 1 11 0
7319561 4 1 12 1
7319728 63 0 1 0
7319889 6 1 5 0
7319936 314 0 1 0
7320131 6 1 3 1
7320482 3 1 12 1
7320577 0 1 1 0
7321098 7 1 2 1
7321114 232 0 1 0
7321130 7 1 3 0
7321314 7 1 2 0
7321394 6 1 7 1
7321458 5 1 9 0
7321614 7 1 2 1
7322028 91 0 1 1
7322270 164 0 1 1
7322419 7 1 10 1
7322455 326 0 1 0
7322596 0 1 12 0
7322689 120 0 1 0
7322832 335 0 1 1
7322946 0 1 3 1
7322964 2 1 6 1
7322967 0 1 1 1
7323211 0 1 7 0
7323380 3 1 10 0
7323392 6 1 5 1
7323602 2 1 1 0
7323603 4 1 3 0
7324414 6 1 11 1
7324674 6 1 4 0
7324938 3 1 4 0
7325546 7 1 3 1
7325770 0 1 3 0
7326350 7 1 10 0
7326579 0 1 7 1
7326810 3 1 10 1
7327135 91 0 1 0
7327441 3 1 4 1
7327605 4 1 3 1
7327705 7 1 2 0
7327899 2 1 1 1
7328043 6 1 5 0
7328185 63 0 1 1
7328608 0 1 12 1
7328633 6 1 10 0
7329046 6 1 4 1
7329320 2 1 6 0
7329338 4 1 12 0
7329515 120 0 1 1
7329602 3 1 12 0
7329779 5 1 9 1
7330448 6 1 11 0
7330492 7 1 10 1
7330571 232 0 1 1
7331083 6 1 3 0
7331510 7 1 2 1
7331527 0 1 3 1
7331635 6 1 10 1
7332143 7 1 3 0
7332372 6 1 5 1
7332395 3 1 12 1
7332410 4 1 3 0
7332444 326 0 1 1
7332568 0 1 12 0
7332635 4 1 12 1
7332692 0 1 7 0
7332880 5 1 9 0
7333692 2 1 6 1
7333704 2 1 1 0
7334072 6 1 3 1
7334113 6 1 4 0
7334146 335 0 1 0
7334761 6 1 11 1
7334866 0 1 3 0
7335088 91 0 1 1
7335408 7 1 3 1
7335696 7 1 10 0
7335929 0 1 7 1
7335936 0 1 1 0
7336349 3 1 10 0
7336830 120 0 1 0
7337376 7 1 2 0
7337439 6 1 7 0
7337620 6 1 4 1
7337747 2 1 1 1
7337944 232 0 1 0
7338302 4 1 3 1
7338558 0 1 1 1
7338707 6 1 5 0
7339108 0 1 12 1
7339333 6 1 11 0
7339499 3 1 10 1
7340283 3 1 4 0
7340335 6 1 7 1
7340496 0 1 3 1
7340652 91 0 1 0
7340704 164 0 1 0
7340810 7 1 10 1
7341451 7 1 2 1
7341554 5 1 9 1
7341945 2 1 6 0
7342129 3 1 12 0
7342302 6 1 4 0
7342527 7 1 3 0
7342660 4 1 3 0
7343182 0 1 7 0
7343272 0 1 12 0
7343279 3 1 4 1
7343404 6 1 11 1
7343422 232 0 1 1
7343468 6 1 5 1
7343494 2 1 1 0
7343518 326 0 1 0
7343603 335 0 1 1
7344446 4 1 12 0
7344555 5 1 9 0
7344697 164 0 1 1
7344925 6 1 3 0
7345214 314 0 1 1
7345240 3 1 12 1
7345487 0 1 3 0
7345798 4 1 3 1
7345928 6 1 4 1
7346046 6 1 10 0
7346341 7 1 10 0
7346487 7 1 3 1
7346563 2 1 6 1
7346852 3 1 10 0
7346923 0 1 7 1
7347010 7 1 2 0
7347285 4 1 12 1
7347523 120 0 1 1
7348075 6 1 3 1
7348110 91 0 1 1
7348299 2 1 1 1
7348558 6 1 11 0
7348768 0 1 12 1
7348876 0 1 12 0
7349157 0 1 12 1
7349184 6 1 10 1
7349254 314 0 1 0
7349749 6 1 5 0
7350008 3 1 10 1
7350583 0 1 3 1
7351010 4 1 3 0
7351247 6 1 4 0
7351470 7 1 2 1
7351668 3 1 4 0
7351833 7 1 10 1
7351837 6 1 7 0
7352613 6 1 11 1
7352828 0 1 12 0
7352957 2 1 1 0
7352971 5 1 9 1
7353136 2 1 6 0
7353177 0 1 7 0
7353236 91 0 1 0
7353609 292 0 1 0
7353659 326 0 1 1
7353803 0 1 3 0
7354010 6 1 5 1
7354530 3 1 4 1
7354664 7 1 3 0
7354807 6 1 7 1
7354910 120 0 1 0
7355170 3 1 12 0
7355496 6 1 4 1
7355529 4 1 3 1
7355938 2 1 6 1
7356054 5 1 9 0
7356232 4 1 12 0
7356553 0 1 7 1
7357006 0 1 1 0
7357080 63 0 1 0
7357250 2 1 1 1
7357304 6 1 11 0
7357401 7 1 10 0
7357628 7 1 2 0
7357641 6 1 3 0
7357906 335 0 1 0
7358188 0 1 12 1
7358403 3 1 12 1
7358592 292 0 1 1
7359068 7 1 3 1
7359179 6 1 5 0
7359382 4 1 12 1
7359634 4 1 3 0
7359691 0 1 3 1
7359848 3 1 10 0
7360251 0 1 1 1
7360319 6 1 3 1
7360694 91 0 1 1
7361240 6 1 11 1
7361297 6 1 4 0
7361303 2 1 6 0
7361314 7 1 2 1
7361856 7 1 10 1
7361990 7 1 10 0
7362400 0 1 12 0
7362545 3 1 4 0
7362658 7 1 10 1
7362699 0 1 3 0
7362941 3 1 10 1
7363131 164 0 1 0
7363260 120 0 1 1
7363335 6 1 5 1
7363667 0 1 7 0
7363853 5 1 9 1
7363948 4 1 3 1
7364065 5 1 9 0
7364124 326 0 1 0
7364177 6 1 4 1
7364284 2 1 1 0
7364474 5 1 9 1
7364560 5 1 9 0
7364663 2 1 6 1
7364964 5 1 9 1
7365263 6 1 10 0
7365528 63 0 1 1
7365654 6 1 7 0
7365782 91 0 1 0
7366317 7 1 3 0
7366392 335 0 1 1
7366663 3 1 4 1
7366707 3 1 12 0
7366730 7 1 10 0
7367031 0 1 7 1
7367124 164 0 1 1
7367334 6 1 11 0
7367712 7 1 2 0
7367819 2 1 1 1
7367889 6 1 10 1
7368048 5 1 9 0
7368278 0 1 12 1
7368544 6 1 7 1
7368872 6 1 4 0
7368873 4 1 3 0
7369079 0 1 3 1
7369141 298 0 1 1
7369285 0 1 3 0
7369494 4 1 12 0
7369665 0 1 3 1
7369730 3 1 12 1
7369746 6 1 5 0
7369904 120 0 1 0
7370377 6 1 3 0
7370451 7 1 3 1
7370572 314 0 1 1
7370614 7 1 10 1
7371324 6 1 11 1
7371518 2 1 1 0
7371628 7 1 2 1
7372053 2 1 6 0
7372638 4 1 3 1
7372714 298 0 1 0
7372800 0 1 12 0
7372867 6 1 4 1
7372997 3 1 10 0
7373025 4 1 12 1
7373709 6 1 3 1
7373735 91 0 1 1
7374195 0 1 7 0
7374219 6 1 5 1
7374445 0 1 3 0
7375088 314 0 1 0
7375168 2 1 1 1
7375411 7 1 10 0
7376059 232 0 1 0
7376093 326 0 1 1
7376215 7 1 2 0
7376282 3 1 10 1
7376298 2 1 6 1
7376337 5 1 9 1
7376811 1 1 8 1
7376969 6 1 11 0
7377042 1 1 8 0
7377083 0 1 12 1
7377211 335 0 1 0
7377244 4 1 3 0
7377563 0 1 7 1
7377758 7 1 3 0
7377821 1 1 8 1
7377848 120 0 1 1
7377922 6 1 4 0
7378419 3 1 4 0
7378720 3 1 12 0
7378749 0 1 1 0
7378785 91 0 1 0
7379075 6 1 5 0
7379333 0 1 3 1
7379373 5 1 9 0
7379742 2 1 1 0
7380631 7 1 2 1
7380769 7 1 3 1
7380786 6 1 11 1
7381019 0 1 12 0
7381096 4 1 12 0
7381103 6 1 10 0
7381168 3 1 4 1
7381365 1 1 8 0
7381433 6 1 4 1
7381494 0 1 1 1
7381549 7 1 10 1
7381798 4 1 3 1
7382033 3 1 12 1
7382234 6 1 5 1
7382652 0 1 3 0
7382979 6 1 7 0
7383698 335 0 1 1
7383733 6 1 10 1
7383916 2 1 1 1
7384271 2 1 6 0
7384405 4 1 12 1
7384568 164 0 1 0
7384723 0 1 7 0
7385392 6 1 3 0
7385482 6 1 7 1
7386119 6 1 4 0
7386217 120 0 1 0
7386525 232 0 1 1
7386534 4 1 3 0
7386610 7 1 2 0
7386738 91 0 1 1
7386820 7 1 3 0
7386824 3 1 10 0
7387039 0 1 12 1
7387105 6 1 11 0
7387364 6 1 5 0
7387814 7 1 10 0
7387825 5 1 9 1
7388012 2 1 6 1
7388218 0 1 7 1
7388479 6 1 3 1
7388561 164 0 1 1
7389495 6 1 4 1
7389680 326 0 1 0
7390060 2 1 1 0
7390291 4 1 3 1
7390298 7 1 2 1
7390350 3 1 10 1
7390409 0 1 3 1
7390420 1 1 8 1
7390817 5 1 9 0
7391094 6 1 11 1
7391330 7 1 3 1
7391465 3 1 12 0
7391548 4 1 12 0
7391617 6 1 5 1
7391818 335 0 1 0
7391819 0 1 12 0
7391826 91 0 1 0
7391951 314 0 1 1
7392071 63 0 1 0
7392936 7 1 10 1
7393267 3 1 4 0
7393376 1 1 8 0
7394143 0 1 3 0
7394226 2 1 1 1
7394678 4 1 12 1
7394893 3 1 12 1
7395251 0 1 7 0
7395304 2 1 6 0
7395515 314 0 1 0
7395870 120 0 1 1
7395882 4 1 3 0
7395954 6 1 4 0
7396016 3 1 4 1
7396616 6 1 3 0
7396653 7 1 2 0
7396732 6 1 11 0
7396826 335 0 1 1
7397065 0 1 12 1
7397484 6 1 10 0
7397761 7 1 10 0
7397829 6 1 7 0
7398087 6 1 5 0
7398273 0 1 3 1
7398492 7 1 3 0
7398615 0 1 7 1
7398677 2 1 6 1
7399003 5 1 9 1
7399284 91 0 1 1
7399369 2 1 1 0
7399438 6 1 3 1
7399504 0 1 1 0
7399953 6 1 4 1
7400160 6 1 11 1
7400431 3 1 10 0
7400442 7 1 2 1
7400445 6 1 10 1
7400824 0 1 12 0
7400951 1 1 8 1
7401067 1 1 8 0
7401072 6 1 7 1
7401278 4 1 3 1
7401443 1 1 8 1
7401509 63 0 1 1
7401872 7 1 10 1
7402003 7 1 3 1
7402180 5 1 9 0
7402452 0 1 3 0
7402487 0 1 1 1
7402951 335 0 1 0
7403094 6 1 5 1
7403115 326 0 1 1
7403177 120 0 1 0
7403191 4 1 12 0
7403774 3 1 12 0
7403955 1 1 8 0
7403980 3 1 10 1
7404043 2 1 1 1
7404499 2 1 6 0
7404574 292 0 1 0
7404848 91 0 1 0
7405238 6 1 4 0
7405265 0 1 7 0
7405677 0 1 12 1
7405697 6 1 11 0
7405911 7 1 2 0
7406005 164 0 1 0
7406582 4 1 12 1
7406821 3 1 12 1
7407012 7 1 10 0
7407801 4 1 3 0
7407879 2 1 6 1
7408251 6 1 4 1
7408392 7 1 3 0
7408567 292 0 1 1
7408629 0 1 7 1
7409109 6 1 11 1
7409135 2 1 1 0
7409347 6 1 5 0
7409738 3 1 4 0
7409998 164 0 1 1
7410204 0 1 12 0
7410208 7 1 2 1
7410645 1 1 8 1
7411308 4 1 3 1
7411347 0 1 3 1
7411347 6 1 3 0
7411468 4 1 3 0
7411505 5 1 9 1
7411808 4 1 3 1
7411900 7 1 10 1
7411907 7 1 3 1
7412184 6 1 7 0
7412408 335 0 1 1
7412801 91 0 1 1
7412983 3 1 4 1
7413051 2 1 1 1
7413365 1 1 8 0
7413487 6 1 5 1
7413811 120 0 1 1
7414070 0 1 3 0
7414071 4 1 12 0
7414338 6 1 4 0
7414369 6 1 11 0
7414551 3 1 10 0
7414696 6 1 3 1
7414945 6 1 7 1
7414973 5 1 9 0
7415217 2 1 6 0
7415815 7 1 2 0
7416169 326 0 1 0
7416212 0 1 7 0
7416216 0 1 12 1
7416642 4 1 3 0
7417296 7 1 10 0
7417639 232 0 1 0
7417889 91 0 1 0
7417897 4 1 12 1
7417901 3 1 10 1
7418190 6 1 11 1
7418228 6 1 10 0
7418353 6 1 4 1
7419237 2 1 6 1
7419339 2 1 1 0
7419551 0 1 1 0
7419553 6 1 5 0
7419639 7 1 3 0
7419737 0 1 12 0
7419763 3 1 12 0
7419834 0 1 7 1
7419846 7 1 2 1
7419883 0 1 3 1
7420525 120 0 1 0
7421288 314 0 1 1
7421313 1 1 8 1
7421366 6 1 10 1
7421403 4 1 3 1
7421668 7 1 10 1
7421761 335 0 1 0
7422296 0 1 1 1
7423224 3 1 12 1
7423388 0 1 3 0
7423640 2 1 1 1
7423679 6 1 5 1
7424140 1 1 8 0
7424168 63 0 1 0
7424278 5 1 9 1
7424388 6 1 4 0
7424809 7 1 3 1
7424849 6 1 11 0
7425105 6 1 3 0
7425241 0 1 12 1
7425354 91 0 1 1
7425499 314 0 1 0
7425662 7 1 2 0
7426381 7 1 10 0
7426664 0 1 7 0
7426665 4 1 3 0
7426985 4 1 12 0
7427052 3 1 4 0
7427115 232 0 1 1
7427425 5 1 9 0
7427461 164 0 1 0
7427518 6 1 4 1
7427646 3 1 10 0
7427922 6 1 3 1
7428142 2 1 6 0
7428435 6 1 5 0
7428652 326 0 1 1
7428762 2 1 1 0
7428908 7 1 2 1
7428941 0 1 12 0
7429238 335 0 1 1
7429432 6 1 11 1
7430025 4 1 3 1
7430032 0 1 7 1
7430117 3 1 4 1
7430178 120 0 1 1
7430441 4 1 12 1
7430499 6 1 7 0
7430873 3 1 10 1
7430911 91 0 1 0
7431314 1 1 8 1
7431454 164 0 1 1
7431657 7 1 3 0
7431680 6 1 5 1
7432011 7 1 10 1
7432441 0 1 3 1
7432805 2 1 1 1
7432879 2 1 6 1
7433137 6 1 7 1
7433159 0 1 12 1
7433479 232 0 1 0
7433490 6 1 4 0
7433849 1 1 8 0
7434155 3 1 12 0
7434229 7 1 2 0
7434537 7 1 3 1
7434596 63 0 1 1
7435010 0 1 1 0
7435126 335 0 1 0
7435165 4 1 3 0
7435268 0 1 3 0
7436079 5 1 9 1
7436139 6 1 11 0
7436554 6 1 5 0
7436725 6 1 3 0
7436843 7 1 10 0
7436862 6 1 4 1
7436953 120 0 1 0
7437104 6 1 10 0
7437202 3 1 12 1
7437314 0 1 12 0
7437592 0 1 7 0
7437807 0 1 1 1
7438124 2 1 1 0
7438356 7 1 2 1
7438361 4 1 12 0
7438864 91 0 1 1
7439305 5 1 9 0
7439694 6 1 11 1
7439738 6 1 10 1
7439752 6 1 3 1
7440319 4 1 3 1
7440396 1 1 8 1
7440695 3 1 10 0
7440933 7 1 10 1
7441071 0 1 7 1
7441195 6 1 5 1
7441494 6 1 4 0
7441594 335 0 1 1
7441872 2 1 6 0
7441927 232 0 1 1
7442015 4 1 12 1
7442052 7 1 3 0
7442794 2 1 1 1
7443211 0 1 12 1
7443269 120 0 1 1
7443435 0 1 12 0
7443582 1 1 8 0
7443600 0 1 12 1
7443914 3 1 10 1
7444229 0 1 3 1
7444301 0 1 3 0
7444436 4 1 3 0
7444540 0 1 3 1
7444572 6 1 11 0
7445004 7 1 2 0
7445332 314 0 1 1
7445964 6 1 7 0
7446005 6 1 4 1
7446490 2 1 6 1
7446635 7 1 10 0
7446718 7 1 3 1
7446746 3 1 4 0
7446880 164 0 1 0
7446980 0 1 12 0
7447227 326 0 1 0
7447726 6 1 5 0
7447766 0 1 3 0
7448044 0 1 7 0
7448361 3 1 12 0
7448518 6 1 11 1
7448539 5 1 9 1
7448934 6 1 7 1
7449039 2 1 1 0
7449088 4 1 3 1
7449247 120 0 1 0
7449277 314 0 1 0
7449395 4 1 12 0
7449618 3 1 4 1
7450270 335 0 1 0
7450317 7 1 2 1
7450502 1 1 8 1
7450873 164 0 1 1
7451269 7 1 10 1
7451282 6 1 3 0
7451305 0 1 12 1
7451396 3 1 12 1
7451526 1 1 8 0
7451662 0 1 7 1
7451879 1 1 8 1
7451968 5 1 9 0
7452494 6 1 5 1
7452702 6 1 4 0
7452737 4 1 12 1
7452800 7 1 3 0
7453011 1 1 8 0
7453205 2 1 1 1
7454403 3 1 10 0
7454434 292 0 1 0
7454460 4 1 3 0
7454887 6 1 3 1
7455271 6 1 11 0
7455538 2 1 6 0
7455882 0 1 12 0
7456069 7 1 3 1
7456209 6 1 4 1
7456349 0 1 3 1
7456375 7 1 10 0
7456617 0 1 1 0
7456838 6 1 10 0
7457188 7 1 2 0
7457296 3 1 10 1
7457753 335 0 1 1
7458136 2 1 1 0
7458297 6 1 5 0
7458477 0 1 7 0
7458922 292 0 1 1
7459147 120 0 1 1
7459197 63 0 1 0
7459211 6 1 11 1
7459253 326 0 1 1
7459483 0 1 3 0
7459612 0 1 1 1
7459902 2 1 6 1
7459976 6 1 10 1
7460185 1 1 8 1
7460236 1 1 8 0
7460689 1 1 8 1
7460698 6 1 4 0
7460761 5 1 9 1
7461083 7 1 2 1
7461249 4 1 3 1
7461259 7 1 10 1
7461787 0 1 12 1
7461845 0 1 7 1
7461998 4 1 12 0
7462179 2 1 1 1
7462179 6 1 7 0
7462482 3 1 12 0
7462700 7 1 3 0
7462976 6 1 5 1
7463179 232 0 1 0
7463382 1 1 8 0
7464055 5 1 9 0
7464535 4 1 3 0
7464585 3 1 4 0
7464713 6 1 4 1
7464813 6 1 7 1
7464950 7 1 10 0
7465110 6 1 11 0
7465271 4 1 12 1
7465537 3 1 12 1
7465971 2 1 6 0
7465986 3 1 10 0
7466342 2 1 1 0
7466429 0 1 12 0
7466739 7 1 3 1
7467346 164 0 1 0
7467457 3 1 4 1
7467509 6 1 3 0
7467565 120 0 1 0
7467933 7 1 2 0
7468122 314 0 1 1
7468129 237 0 1 0
7468635 63 0 1 1
7468776 7 1 10 1
7468910 0 1 7 0
7469195 2 1 6 1
7469201 0 1 3 1
7469259 3 1 10 1
7469259 6 1 4 0
7469281 335 0 1 0
7469296 4 1 3 1
7469304 6 1 11 1
7469623 2 1 1 1
7469942 6 1 5 0
7470656 232 0 1 1
7470909 0 1 12 1
7471031 6 1 3 1
7471339 164 0 1 1
7471684 314 0 1 0
7471869 326 0 1 0
7472218 7 1 2 1
7472286 4 1 12 0
7472424 0 1 3 0
7472520 0 1 7 1
7472711 1 1 8 1
7472811 1 1 8 0
7472876 5 1 9 1
7473215 1 1 8 1
7473237 7 1 3 0
7473274 6 1 4 1
7473540 4 1 3 0
7474187 7 1 10 0
7474425 0 1 12 0
7474671 6 1 5 1
7475178 6 1 10 0
7475211 2 1 6 0
7475248 2 1 1 0
7475768 335 0 1 1
7475781 1 1 8 0
7475858 4 1 12 1
7476234 6 1 11 0
7476260 7 1 3 1
7476393 5 1 9 0
7476551 0 1 1 0
7477025 7 1 2 0
7477413 3 1 12 0
7477420 4 1 3 1
7477595 120 0 1 1
7477755 298 0 1 1
7478029 232 0 1 0
7478316 6 1 10 1
7478317 7 1 10 1
7478800 6 1 4 0
7478899 2 1 6 1
7479311 6 1 5 0
7479427 0 1 1 1
7479651 3 1 10 0
7479672 6 1 3 0
7479807 2 1 1 1
7479857 0 1 7 0
7480064 0 1 12 1
7480317 3 1 12 1
7480432 6 1 11 1
7480749 0 1 3 1
7480770 4 1 3 0
7480883 7 1 2 1
7481366 298 0 1 0
7481982 6 1 7 0
7482345 7 1 10 0
7482354 6 1 3 1
7482592 6 1 5 1
7482608 4 1 12 0
7482646 335 0 1 0
7482797 3 1 10 1
7483137 7 1 3 0
7483471 0 1 7 1
7483507 232 0 1 1
7483632 0 1 3 0
7483704 6 1 4 1
7483828 1 1 8 1
7483890 3 1 4 0
7483952 326 0 1 1
7484821 6 1 7 1
7484934 0 1 12 0
7484940 2 1 1 0
7485611 4 1 12 1
7486184 6 1 11 0
7486201 7 1 2 0
7486322 1 1 8 0
7486607 5 1 9 1
7486720 7 1 10 1
7486867 3 1 4 1
7486870 120 0 1 0
7486931 2 1 6 0
7487412 4 1 3 1
7487430 6 1 5 0
7487549 7 1 3 1
7487793 164 0 1 0
7488850 6 1 4 0
7489238 63 0 1 0
7489245 2 1 1 1
7489343 7 1 2 1
7489608 6 1 11 1
7489656 0 1 12 1
7489795 5 1 9 0
7489942 237 0 1 1
7490123 335 0 1 1
7490527 314 0 1 1
7490799 2 1 6 1
7490804 0 1 7 0
7491372 7 1 10 0
7491630 4 1 3 0
7491786 164 0 1 1
7491810 6 1 5 1
7492365 6 1 4 1
7492873 3 1 10 0
7492948 3 1 12 0
7493107 4 1 12 0
7493153 6 1 3 0
7493444 0 1 12 0
7493729 0 1 3 1
7494027 7 1 3 0
7494041 0 1 7 1
7494360 3 1 1 1
7494643 314 0 1 0
7494725 2 1 1 0
7494877 3 1 1 0
7494953 6 1 10 0
7495242 1 1 8 1
7495315 3 1 1 1
7495506 7 1 10 1
7495796 7 1 2 0
7496177 6 1 11 0
7496288 3 1 12 1
7496372 1 1 8 0
7496468 3 1 10 1
7496776 4 1 3 1
7496919 6 1 3 1
7496960 120 0 1 1
7497029 4 1 12 1
7497255 6 1 4 0
7497266 0 1 3 0
7497282 1 1 8 1
7497427 7 1 3 1
7497829 237 0 1 0
7497857 1 1 8 0
7497977 326 0 1 0
7498200 6 1 10 1
7498277 6 1 5 0
7498676 63 0 1 1
7498692 0 1 1 0
7498764 2 1 1 1
7498912 0 1 12 1
7498981 335 0 1 0
7499029 5 1 9 1
7499332 3 1 1 0
7499693 7 1 2 1
7499842 6 1 7 0
7499863 6 1 11 1
7500284 2 1 6 0
7500761 0 1 7 0
7500951 7 1 10 0
7501320 4 1 3 0
7501778 6 1 4 1
7501810 0 1 1 1
7502372 5 1 9 0
7502480 6 1 7 1
7502649 6 1 5 1
7502963 0 1 12 0
7503220 3 1 4 0
7503531 4 1 12 0
7503573 3 1 1 1
7504075 7 1 3 0
7504244 0 1 7 1
7504459 335 0 1 1
7504789 292 0 1 0
7504792 237 0 1 1
7504915 7 1 2 0
7505043 2 1 1 0
7505112 6 1 11 0
7505291 2 1 6 1
7505390 120 0 1 0
7505392 1 1 8 1
7505597 1 1 8 0
7505827 7 1 10 1
7505846 3 1 4 1
7505904 1 1 8 1
7506005 326 0 1 1
7506364 232 0 1 0
7506541 3 1 10 0
7506720 276 0 1 1
7506857 0 1 3 1
7506955 4 1 12 1
7506976 6 1 4 0
7507135 7 1 3 1
7507208 4 1 3 1
7507988 3 1 12 0
7508240 164 0 1 0
7508398 1 1 8 0
7508782 292 0 1 1
7508908 6 1 11 1
7508934 7 1 2 1
7508963 2 1 1 1
7509172 3 1 1 0
7509459 6 1 5 0
7509852 0 1 12 1
7509928 3 1 10 1
7510013 0 1 3 0
7510699 6 1 3 0
7510710 7 1 10 0
7510749 3 1 12 1
7510864 6 1 4 1
7511213 0 1 7 0
7511294 4 1 3 0
7512233 164 0 1 1
7512892 5 1 9 1
7513042 6 1 11 0
7513137 2 1 6 0
7513275 0 1 12 0
7513413 3 1 1 1
7513580 2 1 1 0
7513651 7 1 3 0
7513766 6 1 10 0
7513913 6 1 3 1
7513947 6 1 5 1
7513950 6 1 5 0
7514205 7 1 2 0
7514322 6 1 5 1
7514715 4 1 12 0
7514836 232 0 1 1
7514950 0 1 7 1
7515043 120 0 1 1
7515225 7 1 10 1
7515316 335 0 1 0
7515495 4 1 3 1
7515661 6 1 4 0
7516030 5 1 9 0
7516144 237 0 1 0
7516332 6 1 10 1
7516579 3 1 4 0
7516751 2 1 6 1
7517597 7 1 2 1
7517686 7 1 3 1
7517814 6 1 11 1
7517841 276 0 1 0
7518092 1 1 8 1
7518119 4 1 12 1
7518313 2 1 1 1
7518469 326 0 1 0
7518711 0 1 3 1
7518834 3 1 1 0
7518931 314 0 1 1
7519205 3 1 4 1
7519234 4 1 3 0
7519430 6 1 4 1
7519494 0 1 12 1
7519705 3 1 10 0
7519945 7 1 10 0
7520094 6 1 7 0
7520148 0 1 1 0
7520192 6 1 5 0
7520682 1 1 8 0
7521521 0 1 3 0
7521723 120 0 1 0
7522242 6 1 3 0
7522269 6 1 11 0
7522306 63 0 1 0
7522329 276 0 1 1
7522579 3 1 1 1
7522674 0 1 7 0
7522724 6 1 7 1
7522793 335 0 1 1
7522900 3 1 10 1
7522988 2 1 6 0
7523020 0 1 1 1
7523063 6 1 4 0
7523085 314 0 1 0
7523403 0 1 12 0
7523534 3 1 12 0
7523585 2 1 1 0
7523747 7 1 10 1
7524103 7 1 3 0
7524436 6 1 5 1
7524592 237 0 1 1
7524715 7 1 2 0
7525057 4 1 12 0
7525059 6 1 3 1
7525260 5 1 9 1
7525515 4 1 3 1
7526233 2 1 6 1
7526284 0 1 7 1
7526870 2 1 1 1
7527216 3 1 12 1
7527455 6 1 4 1
7527524 7 1 3 1
7528221 3 1 1 0
7528302 120 0 1 1
7528373 7 1 10 0
7528405 5 1 9 0
7528475 6 1 11 1
7528488 7 1 2 1
7528592 4 1 12 1
7528687 164 0 1 0
7529607 4 1 3 0
7529860 0 1 3 1
7530381 326 0 1 1
7530515 1 1 8 1
7530804 0 1 12 1
7530945 6 1 5 0
7531648 6 1 10 0
7531744 63 0 1 1
7532122 7 1 10 1
7532221 1 1 8 0
7532254 335 0 1 0
7532270 3 1 10 0
7532272 276 0 1 0
7532361 2 1 1 0
7532411 0 1 3 0
7532531 1 1 8 1
7532659 2 1 6 0
7532839 3 1 1 1
7532914 3 1 4 0
7533011 1 1 8 0
7533175 164 0 1 1
7533469 237 0 1 0
7533495 4 1 3 1
7533621 0 1 7 0
7533633 6 1 4 0
7533654 6 1 11 0
7533995 0 1 12 0
7534136 7 1 3 0
7534260 120 0 1 0
7534409 6 1 10 1
7534522 0 1 1 0
7534989 7 1 2 0
7535268 6 1 5 1
7535382 4 1 12 0
7535439 6 1 7 0
7535517 3 1 10 1
7535803 6 1 3 0
7536155 3 1 4 1
7536527 2 1 1 1
7536654 2 1 6 1
7536658 7 1 10 0
7536760 276 0 1 1
7536775 6 1 4 1
7537104 0 1 7 1
7537144 0 1 1 1
7537147 7 1 3 1
7537641 4 1 3 0
7537778 5 1 9 1
7538192 6 1 7 1
7539036 4 1 12 1
7539089 0 1 3 1
7539156 6 1 11 1
7539189 3 1 1 0
7539213 0 1 12 1
7539341 0 1 3 0
7539397 7 1 2 1
7539402 6 1 3 1
7539409 232 0 1 0
7539728 0 1 3 1
7539737 335 0 1 1
7540239 6 1 5 0
7540673 6 1 4 0
7540857 5 1 9 0
7541102 2 1 1 0
7541433 314 0 1 1
7541737 7 1 10 1
7541917 237 0 1 1
7542047 3 1 12 0
7542713 0 1 12 0
7542770 0 1 3 0
7543278 120 0 1 1
7543578 0 1 7 0
7543655 7 1 3 0
7543729 6 1 11 0
7543799 4 1 3 1
7543807 3 1 1 1
7543869 6 1 5 1
7544064 292 0 1 0
7544372 1 1 8 1
7544483 314 0 1 0
7544760 7 1 2 0
7544811 6 1 4 1
7545229 3 1 12 1
7545252 3 1 10 0
7545415 326 0 1 0
7545511 335 0 1 0
7545526 2 1 1 1
7546019 4 1 12 0
7546510 2 1 6 0
7546954 0 1 7 1
7547097 4 1 3 0
7547205 232 0 1 1
7547251 1 1 8 0
7547674 276 0 1 0
7547967 7 1 3 1
7548057 292 0 1 1
7548413 6 1 10 0
7548443 3 1 10 1
7548471 7 1 10 0
7548791 7 1 2 1
7549249 6 1 11 1
7549299 4 1 12 1
7549429 3 1 1 0
7549600 6 1 5 0
7549860 6 1 4 0
7549971 0 1 12 1
7550258 3 1 4 0
7550619 164 0 1 0
7550983 2 1 1 0
7550989 335 0 1 1
7551247 2 1 6 1
7551303 6 1 10 1
7551350 120 0 1 0
7551866 4 1 3 1
7551992 6 1 3 0
7552657 276 0 1 1
7552992 0 1 3 1
7553047 3 1 1 1
7553130 3 1 4 1
7553142 0 1 1 0
7553201 0 1 3 0
7553432 63 0 1 0
7553559 7 1 10 1
7553623 6 1 4 1
7553649 0 1 12 0
7553666 6 1 11 0
7553764 237 0 1 0
7553994 0 1 3 1
7554049 0 1 7 0
7554186 7 1 2 0
7554191 0 1 3 0
7554198 6 1 5 1
7554417 7 1 3 0
7554519 0 1 3 1
7554612 164 0 1 1
7554653 2 1 1 1
7554744 6 1 7 0
7554793 6 1 3 1
7555249 232 0 1 0
7555296 4 1 12 0
7555760 0 1 1 1
7556999 4 1 3 0
7557230 3 1 12 0
7557282 0 1 7 1
7557386 6 1 7 1
7557533 0 1 3 0
7557742 3 1 1 0
7557809 7 1 3 1
7557832 7 1 2 1
7557943 6 1 11 1
7558253 4 1 12 1
7558381 335 0 1 0
7558520 3 1 10 0
7558743 1 1 8 1
7558866 7 1 10 0
7558921 1 1 8 0
7559273 6 1 4 0
7559374 1 1 8 1
7559383 326 0 1 1
7559589 0 1 12 1
7560081 3 1 12 1
7560231 2 1 1 0
7560658 6 1 5 0
7561272 2 1 6 0
7561346 314 0 1 1
7561368 3 1 1 1
7561515 120 0 1 1
7561889 63 0 1 1
7561944 3 1 10 1
7561969 1 1 8 0
7562212 237 0 1 1
7562276 4 1 3 1
7562364 6 1 11 0
7563042 6 1 4 1
7563053 0 1 12 0
7563496 7 1 10 1
7563639 2 1 1 1
7563735 232 0 1 1
7563859 335 0 1 1
7564006 0 1 7 0
7564037 6 1 3 0
7564047 7 1 2 0
7564393 0 1 3 1
7564396 2 1 1 0
7564618 276 0 1 0
7564794 2 1 1 1
7564812 7 1 3 0
7564872 314 0 1 0
7564903 6 1 5 1
7565470 2 1 6 1
7565604 4 1 3 0
7566071 4 1 12 0
7566157 3 1 1 0
7566233 6 1 10 0
7566867 6 1 3 1
7567281 7 1 10 0
7567326 6 1 4 0
7567366 0 1 7 1
7567502 0 1 3 0
7568137 3 1 4 0
7568304 6 1 11 1
7568436 2 1 1 0
7568591 164 0 1 0
7568720 7 1 3 1
7569036 7 1 2 1
7569106 276 0 1 1
7569188 6 1 10 1
7569462 120 0 1 0
7569799 0 1 12 1
7569967 4 1 12 1
7570594 6 1 5 0
7570763 3 1 4 1
7570776 7 1 10 1
7570890 3 1 1 1
7571131 4 1 3 1
7571337 6 1 4 1
7572213 2 1 1 1
7572574 237 0 1 0
7572584 164 0 1 1
7572660 3 1 12 0
7572717 3 1 10 0
7573059 6 1 7 0
7573227 7 1 3 0
7573254 6 1 11 0
7573720 0 1 12 0
7573963 0 1 7 0
7574046 2 1 6 0
7574173 7 1 2 0
7574216 0 1 1 0
7574604 1 1 8 1
7574845 6 1 5 1
7575304 7 1 10 0
7575562 6 1 7 1
7575639 6 1 4 0
7575808 4 1 3 0
7575994 3 1 10 1
7576073 3 1 12 1
7576254 7 1 3 1
7577081 0 1 7 1
7577088 0 1 1 1
7577172 2 1 6 1
7577212 2 1 1 0
7577464 4 1 12 0
7577542 3 1 1 0
7577558 326 0 1 0
7577599 1 1 8 0
7577924 6 1 11 1
7578181 335 0 1 0
7578196 6 1 3 0
7578270 120 0 1 1
7578283 0 1 3 1
7578708 7 1 2 1
7579553 7 1 10 1
7579773 6 1 5 0
7580035 6 1 4 1
7580307 4 1 3 1
7580477 276 0 1 0
7580483 4 1 12 1
7581001 6 1 3 1
7581236 0 1 12 1
7581259 2 1 1 1
7581365 0 1 3 0
7582389 6 1 11 0
7582507 237 0 1 1
7583018 6 1 5 1
7583156 3 1 1 1
7583406 0 1 7 0
7583810 7 1 10 0
7583812 2 1 6 0
7583819 7 1 3 0
7583886 7 1 2 0
7583916 4 1 3 0
7585317 6 1 4 0
7585391 3 1 10 0
7585460 276 0 1 1
7585569 0 1 12 0
7585677 335 0 1 1
7585752 120 0 1 0
7585834 63 0 1 0
7586032 3 1 4 0
7586325 7 1 10 1
7586893 0 1 7 1
7587144 2 1 1 0
7587180 314 0 1 1
7587289 0 1 3 1
7587307 2 1 6 1
7587469 7 1 3 1
7587690 6 1 11 1
7587832 292 0 1 0
7587960 1 1 8 1
7588013 6 1 10 0
7588038 6 1 5 0
7588074 3 1 12 0
7588122 1 1 8 0
7588343 7 1 2 1
7588414 232 0 1 0
7588451 6 1 4 1
7588602 3 1 1 0
7588750 3 1 10 1
7588841 1 1 8 1
7589003 4 1 12 0
7589038 164 0 1 0
7589158 3 1 4 1
7589660 326 0 1 1
7589831 0 1 3 0
7590072 7 1 10 0
7590193 4 1 3 1
7590728 3 1 12 1
7590921 6 1 7 0
7591151 6 1 10 1
7591491 1 1 8 0
7591807 6 1 5 1
7591825 292 0 1 1
7591887 6 1 11 0
7592267 314 0 1 0
7592351 3 1 1 1
7592417 3 1 1 0
7592594 6 1 4 0
7592708 0 1 12 1
7592723 2 1 1 1
7592790 6 1 3 0
7592796 7 1 2 0
7592847 3 1 1 1
7592953 335 0 1 0
7592969 3 1 1 0
7593031 164 0 1 1
7593096 4 1 12 1
7593099 4 1 12 0
7593427 4 1 12 1
7593559 6 1 7 1
7593712 3 1 1 1
7593858 0 1 7 0
7593859 237 0 1 0
7594071 4 1 3 0
7594512 7 1 3 0
7594606 2 1 6 0
7594662 120 0 1 1
7594872 0 1 1 0
7595272 63 0 1 1
7595607 6 1 3 1
7595841 7 1 10 1
7595872 232 0 1 1
7596078 0 1 12 0
7596696 6 1 11 1
7596858 2 1 1 0
7596972 0 1 7 1
7597421 276 0 1 0
7597582 6 1 4 1
7597616 6 1 5 0
7597692 0 1 1 1
7597789 7 1 3 1
7597847 7 1 2 1
7597978 2 1 6 1
7598090 4 1 3 1
7598847 3 1 10 0
7598997 3 1 1 0
7600273 4 1 12 0
7601061 0 1 3 1
7601097 6 1 11 0
7601445 335 0 1 1
7601473 2 1 1 1
7601499 2 1 1 0
7601558 0 1 12 1
7601631 2 1 1 1
7601858 6 1 5 1
7601909 276 0 1 1
7601966 7 1 10 0
7602167 4 1 3 0
7602307 237 0 1 1
7602374 3 1 10 1
7602942 120 0 1 0
7603115 3 1 1 1
7603195 7 1 2 0
7603320 0 1 7 0
7603359 6 1 4 0
7603422 7 1 3 0
7603759 232 0 1 0
7603793 3 1 12 0
7603799 326 0 1 0
7603808 4 1 12 1
7604186 0 1 3 0
7604904 0 1 12 0
7605255 6 1 11 1
7605402 6 1 3 0
7605515 1 1 8 1
7605717 3 1 4 0
7606115 1 1 8 0
7606396 1 1 8 1
7606449 2 1 1 0
7606520 7 1 10 1
7606938 0 1 7 1
7606955 3 1 12 1
7607084 7 1 3 1
7607366 6 1 10 0
7607380 2 1 6 0
7607751 6 1 4 1
7607865 7 1 2 1
7607926 1 1 8 0
7608145 4 1 3 1
7608172 3 1 1 0
7608354 6 1 3 1
7608466 6 1 5 0
7608515 3 1 4 1
7608604 298 0 1 1
7609049 6 1 11 0
7609485 164 0 1 0
7609779 0 1 1 0
7609956 2 1 1 1
7610184 6 1 7 0
7610327 6 1 10 1
7610356 335 0 1 0
7610841 7 1 10 0
7611068 7 1 2 0
7611255 232 0 1 1
7611625 2 1 6 1
7611965 3 1 10 0
7612084 6 1 4 0
7612153 4 1 12 0
7612215 298 0 1 0
7612317 0 1 12 1
7612403 5 1 8 1
7612418 4 1 3 0
7612529 0 1 3 1
7612660 6 1 5 1
7612663 3 1 1 1
7612695 6 1 7 1
7612770 0 1 1 1
7612880 276 0 1 0
7613322 7 1 3 0
7613478 164 0 1 1
7613977 6 1 11 1
7614041 120 0 1 1
7614154 237 0 1 0
7614286 0 1 7 0
7614838 2 1 1 0
7615070 314 0 1 1
7615151 0 1 3 0
7615349 7 1 2 1
7615381 3 1 10 1
7615787 326 0 1 1
7615841 6 1 4 1
7616019 0 1 12 0
7616065 4 1 12 1
7616106 7 1 10 1
7616226 4 1 3 1
7616960 7 1 3 1
7616961 5 1 8 0
7617368 276 0 1 1
7617650 0 1 7 1
7617814 335 0 1 1
7618008 6 1 5 0
7618346 3 1 1 0
7618660 1 1 8 1
7618752 6 1 11 0
7618808 3 1 12 0
7618987 1 1 8 0
7619167 314 0 1 0
7619207 63 0 1 0
7619672 1 1 8 1
7619849 2 1 1 1
7619931 2 1 1 0
7619957 6 1 3 0
7620025 292 0 1 0
7620192 2 1 6 0
7620345 2 1 1 1
7620369 5 1 8 1
7620607 4 1 3 0
7620645 6 1 4 0
7620891 1 1 8 0
7621380 6 1 5 1
7621467 7 1 2 0
7621514 1 1 8 1
7621731 7 1 10 0
7622033 1 1 8 0
7622121 3 1 12 1
7622293 0 1 12 1
7622731 335 0 1 0
7622799 4 1 12 0
7623008 120 0 1 0
7623167 6 1 3 1
7623206 3 1 1 1
7623691 2 1 6 1
7623744 6 1 11 1
7624018 292 0 1 1
7624024 2 1 1 0
7624087 237 0 1 1
7624118 4 1 3 1
7624333 3 1 10 0
7624527 3 1 4 0
7624738 0 1 7 0
7625060 7 1 3 0
7625252 6 1 10 0
7625343 7 1 2 1
7625529 6 1 7 0
7625611 0 1 12 0
7625619 0 1 3 1
7625807 6 1 4 1
7626528 6 1 5 0
7626588 4 1 12 1
7627053 7 1 10 1
7627111 3 1 10 1
7627640 6 1 10 1
7627649 3 1 4 1
7627817 4 1 3 0
7628203 2 1 1 1
7628460 7 1 3 1
7628471 0 1 7 1
7628527 3 1 1 0
7628536 6 1 7 1
7628620 5 1 8 0
7628645 63 0 1 1
7628694 6 1 11 0
7628796 276 0 1 0
7629431 0 1 3 0
7629932 164 0 1 0
7630703 6 1 4 0
7630722 335 0 1 1
7631100 2 1 6 0
7631220 6 1 5 1
7631931 7 1 2 0
7632209 4 1 3 1
7632262 0 1 12 1
7632270 5 1 8 1
7632661 120 0 1 1
7632763 326 0 1 0
7633267 1 1 8 1
7633284 276 0 1 1
7633332 6 1 11 1
7633641 3 1 1 1
7633667 7 1 3 0
7633674 2 1 1 0
7633721 4 1 12 0
7633781 7 1 10 0
7633843 0 1 1 0
7633851 6 1 3 0
7633925 164 0 1 1
7633954 237 0 1 0
7633965 1 1 8 0
7634795 1 1 8 1
7634841 2 1 6 1
7634968 6 1 4 1
7635711 1 1 8 0
7636268 0 1 12 0
7636592 0 1 1 1
7636593 7 1 2 1
7636648 6 1 3 1
7636675 0 1 7 0
7637188 4 1 3 0
7637408 4 1 12 1
7637453 6 1 11 0
7637865 3 1 12 0
7637914 232 0 1 0
7638047 120 0 1 0
7638341 7 1 3 1
7638417 3 1 10 0
7638472 6 1 5 0
7638685 2 1 1 1
7639000 314 0 1 1
7639237 6 1 4 0
7639417 3 1 1 0
7639792 7 1 10 1
7639891 3 1 4 0
7640074 0 1 3 1
7640416 0 1 7 1
7640978 5 1 8 0
7641350 3 1 12 1
7641425 3 1 10 1
7641710 6 1 11 1
7641957 4 1 3 1
7642402 237 0 1 1
7642531 335 0 1 0
7642990 0 1 3 0
7643002 6 1 4 1
7643013 3 1 4 1
7643095 6 1 5 1
7643116 314 0 1 0
7643489 7 1 2 0
7643518 2 1 1 0
7643558 0 1 12 1
7643948 6 1 10 0
7644078 2 1 6 0
7644154 3 1 1 1
7644198 276 0 1 0
7644414 4 1 12 0
7644610 7 1 10 0
7644644 5 1 8 1
7644846 326 0 1 1
7645052 1 1 8 1
7646287 1 1 8 0
7646400 232 0 1 1
7646514 6 1 11 0
7646584 1 1 8 1
7646670 4 1 3 0
7646721 6 1 3 0
7646840 6 1 10 1
7646944 120 0 1 1
7647008 7 1 2 1
7647157 0 1 12 0
7647184 7 1 3 0
7647522 1 1 8 0
7647652 6 1 4 0
7647804 6 1 7 0
7648136 0 1 7 0
7648191 4 1 12 1
7648196 2 1 6 1
7648518 3 1 10 0
7648686 276 0 1 1
7648867 7 1 10 1
7649487 3 1 1 0
7649673 6 1 3 1
7649679 6 1 5 0
7649791 2 1 1 1
7650379 164 0 1 0
7650474 6 1 11 1
7650663 6 1 7 1
7651031 3 1 10 1
7651139 7 1 3 1
7651492 0 1 7 1
7651495 4 1 3 1
7651988 335 0 1 1
7652458 5 1 8 0
7652504 0 1 3 1
7652555 7 1 10 0
7652575 0 1 3 0
7652648 7 1 2 0
7652667 6 1 4 1
7652903 0 1 12 1
7653056 63 0 1 0
7653265 2 1 1 0
7653426 326 0 1 0
7653523 0 1 3 1
7654143 6 1 5 1
7654228 3 1 1 1
7654318 120 0 1 0
7654372 164 0 1 1
7654744 232 0 1 0
7655097 6 1 11 0
7655273 4 1 12 0
7655418 3 1 12 0
7655731 5 1 8 1
7655734 237 0 1 0
7656113 7 1 2 1
7656189 7 1 10 1
7656205 4 1 3 0
7656268 2 1 1 1
7656408 0 1 12 0
7656723 2 1 6 0
7656740 7 1 3 0
7656917 0 1 1 0
7657151 0 1 3 0
7657739 292 0 1 0
7657870 6 1 4 0
7658093 0 1 7 0
7658206 3 1 4 0
7658579 3 1 10 0
7658588 3 1 12 1
7658865 4 1 12 1
7659213 6 1 3 0
7659232 232 0 1 1
7659399 1 1 8 1
7659657 276 0 1 0
7659785 0 1 1 1
7659884 6 1 5 0
7659943 3 1 1 0
7659977 6 1 11 1
7660461 2 1 1 0
7660700 7 1 3 1
7661091 2 1 6 1
7661105 4 1 3 1
7661336 3 1 10 1
7661355 6 1 10 0
7661401 7 1 10 0
7661451 3 1 4 1
7661703 0 1 7 1
7661732 292 0 1 1
7661762 6 1 4 1
7661836 335 0 1 0
7661917 1 1 8 0
7662304 6 1 3 1
7662494 63 0 1 1
7663452 5 1 8 0
7663548 326 0 1 1
7663825 0 1 12 1
7663953 7 1 2 0
7664024 6 1 5 1
7664145 276 0 1 1
7664443 6 1 10 1
7664455 3 1 1 1
7664586 120 0 1 1
7664968 2 1 1 1
7665109 6 1 11 0
7665667 237 0 1 1
7666224 6 1 4 0
7666308 4 1 12 0
7666356 5 1 8 1
7666736 7 1 3 0
7666992 0 1 3 1
7667051 0 1 3 0
7667249 0 1 3 1
7667604 6 1 7 0
7667642 0 1 12 0
7667724 7 1 10 1
7667780 4 1 3 0
7668218 7 1 2 1
7669180 2 1 1 0
7669493 6 1 11 1
7669535 0 1 7 0
7669851 14 1 4 1
7669885 6 1 5 0
7670047 3 1 1 0
7670128 7 1 3 1
7670377 0 1 1 0
7670395 4 1 12 1
7670536 6 1 4 1
7670571 0 1 3 0
7670611 6 1 7 1
7670807 164 0 1 0
7671364 2 1 6 0
7671981 3 1 12 0
7672118 3 1 10 0
7672321 335 0 1 1
7672903 0 1 7 1
7673011 0 1 1 1
7673566 7 1 10 0
7673642 6 1 5 1
7673914 5 1 8 0
7674053 4 1 3 1
7674062 0 1 12 1
7674072 2 1 1 1
7674301 6 1 11 0
7674348 6 1 3 0
7674348 7 1 2 0
7674544 237 0 1 0
7674788 3 1 1 1
7674800 164 0 1 1
7674985 6 1 4 0
7675055 3 1 10 1
7675409 3 1 12 1
7675554 276 0 1 0
7675609 2 1 6 1
7675703 7 1 3 0
7675882 120 0 1 0
7675941 1 1 8 1
7676640 326 0 1 0
7677296 6 1 3 1
7677441 5 1 8 1
7677618 0 1 12 0
7677998 2 1 1 0
7678022 4 1 12 0
7678204 7 1 10 1
7678388 7 1 2 1
7678497 1 1 8 0
7678497 4 1 3 0
7678518 7 1 10 0
7678553 3 1 4 0
7678696 7 1 10 1
7678941 6 1 5 0
7679304 6 1 11 1
7679492 0 1 7 0
7679512 3 1 1 0
7679976 7 1 3 1
7680012 6 1 4 1
7680042 276 0 1 1
7680552 14 1 4 0
7681302 3 1 4 1
7681878 2 1 1 1
7681969 232 0 1 0
7682325 0 1 3 1
7682381 4 1 3 1
7682586 4 1 12 1
7682630 7 1 10 0
7682856 0 1 7 1
7682939 6 1 5 1
7682992 237 0 1 1
7683121 335 0 1 0
7683626 3 1 1 1
7683740 3 1 10 0
7684031 14 1 4 1
7684043 6 1 10 0
7684138 2 1 6 0
7684261 0 1 12 1
7684629 6 1 11 0
7684866 7 1 2 0
7684880 5 1 8 0
7685116 6 1 3 0
7685436 0 1 1 0
7685475 0 1 3 0
7685891 7 1 10 1
7685981 232 0 1 1
7686170 6 1 4 0
7686448 63 0 1 0
7686599 2 1 1 0
7686795 3 1 10 1
7686903 120 0 1 1
7686909 6 1 7 0
7686951 6 1 10 1
7687506 2 1 6 1
7687577 4 1 3 0
7687915 5 1 8 1
7688070 3 1 12 0
7688123 7 1 2 1
7688188 0 1 12 0
7688199 6 1 3 1
7688409 7 1 3 0
7688422 3 1 1 0
7688460 6 1 5 0
7688531 4 1 12 0
7688611 326 0 1 1
7688701 0 1 1 1
7688763 6 1 11 1
7689274 164 0 1 0
7689543 6 1 7 1
7689931 6 1 4 1
7690087 7 1 10 0
7690477 0 1 7 0
7690941 292 0 1 0
7691013 276 0 1 0
7691113 3 1 12 1
7691547 7 1 3 1
7692033 1 1 8 1
7692096 4 1 3 1
7692467 6 1 5 1
7692544 3 1 1 1
7692606 2 1 1 1
7692670 4 1 12 1
7693413 6 1 11 0
7693482 7 1 2 0
7693762 164 0 1 1
7693878 3 1 4 0
7694046 0 1 3 1
7694095 0 1 7 1
7694236 6 1 4 0
7694494 120 0 1 0
7694509 1 1 8 0
7694934 292 0 1 1
7694956 2 1 6 0
7695237 7 1 10 1
7695266 0 1 3 0
7695458 3 1 10 0
7695769 7 1 3 0
7695829 237 0 1 0
7695871 0 1 12 1
7695886 63 0 1 1
7695943 0 1 3 1
7695956 4 1 3 0
7695996 276 0 1 1
7696417 5 1 8 0
7696557 335 0 1 1
7696619 0 1 3 0
7696647 14 1 4 0
7696897 2 1 1 0
7696996 3 1 4 1
7697693 7 1 2 1
7697694 6 1 11 1
7697866 3 1 1 0
7698132 6 1 4 1
7698304 232 0 1 0
7698551 3 1 10 1
7698729 6 1 5 0
7698750 4 1 12 0
7698896 0 1 1 0
7698973 2 1 6 1
7699006 2 1 6 0
7699133 0 1 12 0
7699227 326 0 1 0
7699324 2 1 6 1
7699817 5 1 8 1
7699919 7 1 3 1
7700011 7 1 3 0
7700217 4 1 3 1
7700435 7 1 3 1
7700506 6 1 3 0
7700639 7 1 10 0
7700956 6 1 10 0
7700968 2 1 1 1
7700994 2 1 1 0
7701036 14 1 4 1
7701277 2 1 1 1
7701802 232 0 1 1
7701919 0 1 7 0
7702359 6 1 4 0
7702368 6 1 11 0
7702418 120 0 1 1
7702662 0 1 3 1
7702901 0 1 1 1
7703107 3 1 1 1
7703184 6 1 5 1
7703558 4 1 12 1
7703565 3 1 12 0
7703739 6 1 7 0
7703962 0 1 12 1
7704041 6 1 10 1
7704072 6 1 3 1
7704627 7 1 2 0
7704901 4 1 3 0
7705135 2 1 6 0
7705598 2 1 1 0
7705674 0 1 3 0
7705787 0 1 7 1
7706023 7 1 10 1
7706600 3 1 12 1
7706623 6 1 7 1
7706628 6 1 4 1
7706881 335 0 1 0
7707027 6 1 11 1
7707212 0 1 12 0
7707271 1 1 8 1
7707280 1 1 8 0
7707372 7 1 3 0
7707436 5 1 8 0
7707919 276 0 1 0
7708151 1 1 8 1
7708314 6 1 5 0
7708717 3 1 1 0
7708769 7 1 2 1
7708793 4 1 3 1
7709149 4 1 12 0
7709601 2 1 1 1
7709825 120 0 1 0
7709984 3 1 10 0
7710010 7 1 3 1
7710336 5 1 8 1
7710745 1 1 8 0
7710965 7 1 10 0
7711290 326 0 1 1
7711465 6 1 5 1
7711701 164 0 1 0
7711702 237 0 1 1
7712287 3 1 4 0
7712325 6 1 11 0
7712360 2 1 6 1
7712496 6 1 4 0
7712595 4 1 3 0
7712848 2 1 1 0
7712857 3 1 10 1
7712902 276 0 1 1
7713012 4 1 12 1
7713081 7 1 2 0
7713089 3 1 1 1
7713380 0 1 7 0
7713974 0 1 12 1
7714162 6 1 3 0
7715163 3 1 4 1
7715348 335 0 1 1
7715659 14 1 4 0
7715694 164 0 1 1
7715857 7 1 10 1
7716235 7 1 3 0
7716338 7 1 2 1
7716367 0 1 7 1
7716435 6 1 3 1
7716455 6 1 11 1
7716494 6 1 4 1
7716522 6 1 5 0
7716637 3 1 1 0
7717039 0 1 1 0
7717089 2 1 6 0
7717283 0 1 12 0
7717359 2 1 1 1
7717360 4 1 3 1
7717659 0 1 3 1
7718154 14 1 4 1
7718187 3 1 12 0
7718469 5 1 8 0
7718713 4 1 12 0
7719657 7 1 10 0
7719894 120 0 1 1
7719923 0 1 1 1
7720100 7 1 3 1
7720221 63 0 1 0
7720263 3 1 1 1
7720511 0 1 3 0
7720566 6 1 4 0
7720639 6 1 11 0
7720775 6 1 5 1
7721123 3 1 12 1
7721501 298 0 1 1
7721657 4 1 3 0
7721731 335 0 1 0
7721738 5 1 8 1
7721784 2 1 1 0
7722229 7 1 2 0
7722559 232 0 1 0
7722763 0 1 12 1
7722782 326 0 1 0
7722789 4 1 12 1
7723044 6 1 7 0
7723148 6 1 10 0
7723211 2 1 6 1
7723278 3 1 10 0
7723787 7 1 10 1
7723797 276 0 1 0
7723832 0 1 7 0
7724044 237 0 1 0
7724474 6 1 3 0
7724579 298 0 1 0
7724593 6 1 4 1
7724653 1 1 8 1
7724688 7 1 3 0
7724891 1 1 8 0
7724955 6 1 11 1
7725133 292 0 1 0
7725145 1 1 8 1
7725422 4 1 3 1
7725687 1 1 8 0
7725752 7 1 2 1
7725924 6 1 7 1
7726034 6 1 10 1
7726293 3 1 10 1
7726358 0 1 12 0
7726556 3 1 1 0
7726562 1 1 8 1
7726674 6 1 5 0
7726795 2 1 1 1
7726871 1 1 8 0
7727319 0 1 7 1
7727363 4 1 12 0
7727464 2 1 6 0
7727491 0 1 1 0
7727531 0 1 3 1
7727544 0 1 3 0
7727806 7 1 3 1
7727831 6 1 3 1
7728037 232 0 1 1
7728285 276 0 1 1
7728328 0 1 3 1
7728696 7 1 10 0
7729227 335 0 1 1
7729621 292 0 1 1
7729691 5 1 8 0
7730016 6 1 11 0
7730196 120 0 1 0
7730248 6 1 4 0
7730770 6 1 5 1
7730770 4 1 3 0
7731002 0 1 1 1
7731672 164 0 1 0
7731899 0 1 3 0
7731999 3 1 4 0
7732268 4 1 12 1
7732301 3 1 1 1
7732629 63 0 1 1
7732675 326 0 1 1
7732705 3 1 1 0
7732842 7 1 2 0
7732947 2 1 6 1
7733099 5 1 8 1
7733240 2 1 1 0
7733293 3 1 1 1
7734005 6 1 4 1
7734088 3 1 12 0
7734160 0 1 12 1
7734211 7 1 10 1
7734277 6 1 11 1
7734770 3 1 4 1
7734798 0 1 7 0
7735146 7 1 3 0
7735629 14 1 4 0
7735665 164 0 1 1
7736199 3 1 10 0
7736547 4 1 3 1
7736718 7 1 2 1
7736945 2 1 6 0
7737064 6 1 5 0
7737397 3 1 12 1
7737597 3 1 1 0
7737624 2 1 1 1
7737894 6 1 7 0
7738081 4 1 12 0
7738238 0 1 12 0
7738318 6 1 4 0
7738432 237 0 1 1
7738539 0 1 7 1
7738616 14 1 4 1
7738685 7 1 10 0
7738761 3 1 10 1
7739056 335 0 1 0
7739218 276 0 1 0
7739258 6 1 11 0
7739510 7 1 3 1
7740460 2 1 1 0
7740520 6 1 7 1
7740634 4 1 3 0
7740833 5 1 8 0
7741070 6 1 10 0
7741112 120 0 1 1
7741204 6 1 5 1
7741313 2 1 6 1
7741405 6 1 3 0
7741592 3 1 1 1
7741599 4 1 12 1
7741994 0 1 3 1
7742231 0 1 3 0
7742333 7 1 2 0
7742337 6 1 4 1
7742568 326 0 1 0
7742625 0 1 3 1
7742827 7 1 10 1
7742903 0 1 3 0
7743209 0 1 3 1
7743635 0 1 1 0
7743706 276 0 1 1
7744114 5 1 8 1
7744147 6 1 10 1
7744274 0 1 3 0
7744524 6 1 11 1
7744603 0 1 3 1
7744776 4 1 3 1
7744967 2 1 1 1
7745152 2 1 6 0
7745159 6 1 3 1
7745189 0 1 3 0
7745467 7 1 2 1
7745528 0 1 12 1
7745724 3 1 1 0
7745764 0 1 7 0
7746211 6 1 5 0
7746477 7 1 3 0
7746769 0 1 1 1
7746800 4 1 12 0
7746921 1 1 8 1
7747260 3 1 10 0
7747309 237 0 1 0
7747661 1 1 8 0
7747807 63 0 1 0
7747956 7 1 10 0
7748334 3 1 4 0
7748478 6 1 4 0
7748512 2 1 1 0
7748930 120 0 1 0
7748977 1 1 8 1
7749124 0 1 7 1
7749128 0 1 12 0
7749146 1 1 8 0
7749219 6 1 5 1
7749522 335 0 1 1
7749795 4 1 3 0
7749983 6 1 11 0
7750030 3 1 10 1
7750219 3 1 1 1
7750234 7 1 3 1
7750279 232 0 1 0
7750956 3 1 4 1
7750960 14 1 4 0
7750978 0 1 3 1
7751217 3 1 12 0
7751274 2 1 6 1
7751344 4 1 12 1
7751375 2 1 6 0
7751472 5 1 8 0
7751499 4 1 12 0
7751651 2 1 6 1
7751691 7 1 2 0
7751769 4 1 12 1
7752346 6 1 7 0
7752423 326 0 1 1
7752751 6 1 4 1
7753273 2 1 1 1
7753676 0 1 3 0
7753773 7 1 10 1
7753947 14 1 4 1
7754060 4 1 3 1
7754487 5 1 8 1
7754544 3 1 12 1
7754609 6 1 11 1
7754614 6 1 5 0
7754993 0 1 12 1
7755096 276 0 1 0
7755108 164 0 1 0
7755281 232 0 1 1
7755341 7 1 2 1
7755476 6 1 7 1
7755742 3 1 1 0
7755981 4 1 12 0
7756005 120 0 1 1
7756067 0 1 1 0
7756216 0 1 7 0
7756314 6 1 4 0
7756377 7 1 3 0
7756554 2 1 6 0
7757144 6 1 3 0
7757919 2 1 1 0
7757968 4 1 3 0
7758259 292 0 1 0
7758302 0 1 12 0
7758361 335 0 1 0
7758985 6 1 5 1
7759080 0 1 7 1
7759101 164 0 1 1
7759475 7 1 10 0
7759570 0 1 1 1
7759584 276 0 1 1
7759814 6 1 3 1
7759900 6 1 11 0
7759952 6 1 4 1
7759966 4 1 12 1
7760091 3 1 10 0
7760215 63 0 1 1
7760355 326 0 1 0
7760376 7 1 3 1
7760487 3 1 1 1
7761697 237 0 1 1
7762049 2 1 1 1
7762252 292 0 1 1
7762271 0 1 3 1
7762864 4 1 3 1
7762961 120 0 1 0
7763121 5 1 8 0
7763168 2 1 6 1
7763268 3 1 10 1
7763738 6 1 10 0
7764203 1 1 8 1
7764327 3 1 1 0
7764600 4 1 12 0
7764634 232 0 1 0
7764657 6 1 11 1
7764945 0 1 12 1
7765121 7 1 10 1
7765134 335 0 1 1
7765369 7 1 2 0
7765433 0 1 3 0
7765462 6 1 4 0
7765655 6 1 5 0
7765678 3 1 4 0
7766173 0 1 7 0
7766277 6 1 3 0
7766471 1 1 8 0
7766852 6 1 10 1
7766918 5 1 8 1
7767031 2 1 1 0
7768035 4 1 12 1
7768097 326 0 1 1
7768488 2 1 6 0
7768627 232 0 1 1
7768672 4 1 3 0
7768677 3 1 4 1
7768742 7 1 3 0
7768770 3 1 12 0
7768791 14 1 4 0
7768931 0 1 12 0
7769019 7 1 2 1
7769418 0 1 7 1
7769445 3 1 1 1
7769489 6 1 4 1
7769503 6 1 3 1
7769769 6 1 11 0
7769912 6 1 5 1
7770562 7 1 10 0
7770574 276 0 1 0
7771416 3 1 12 1
7771726 335 0 1 0
7771901 14 1 4 1
7771950 3 1 10 0
7771991 7 1 3 1
7772038 2 1 1 1
7772173 0 1 1 0
7772544 6 1 7 0
7772617 120 0 1 1
7773314 4 1 3 1
7773529 4 1 12 0
7774039 237 0 1 0
7774093 6 1 4 0
7774268 6 1 11 1
7774384 63 0 1 0
7774731 3 1 10 1
7775064 3 1 1 0
7775176 0 1 1 1
7775289 6 1 7 1
7775340 2 1 6 1
7775557 276 0 1 1
7775641 6 1 5 0
7775702 7 1 10 1
7775787 5 1 8 0
7776130 0 1 7 0
7776543 7 1 3 0
7776590 0 1 12 1
7776733 2 1 1 0
7777532 4 1 3 0
7777985 6 1 4 1
7778229 4 1 12 1
7778656 326 0 1 0
7778928 6 1 11 0
7778936 3 1 1 1
7779060 5 1 8 1
7779496 164 0 1 0
7779498 0 1 7 1
7779781 6 1 5 1
7779818 0 1 12 0
7779929 2 1 6 0
7780043 120 0 1 0
7780653 7 1 3 1
7781202 335 0 1 1
7781613 2 1 1 1
7781635 0 1 1 0
7781697 3 1 12 0
7781746 7 1 10 0
7782047 7 1 2 0
7782117 6 1 3 0
7782170 4 1 3 1
7782472 3 1 1 0
7782508 3 1 4 0
7782549 6 1 4 0
7783105 4 1 12 0
7783134 6 1 11 1
7783489 164 0 1 1
7783738 0 1 3 1
7784494 3 1 12 1
7784511 0 1 1 1
7784643 0 1 12 1
7784768 0 1 12 0
7784812 63 0 1 1
7784919 6 1 7 0
7784935 7 1 2 1
7784942 3 1 10 0
7785071 0 1 12 1
7785253 3 1 4 1
7785302 2 1 1 0
7785462 6 1 3 1
7785608 14 1 4 0
7786275 6 1 5 0
7786543 2 1 6 1
7786568 6 1 4 1
7786613 0 1 3 0
7786717 3 1 1 1
7786734 5 1 8 0
7787096 0 1 7 0
7787108 4 1 3 0
7787261 7 1 10 1
7787383 4 1 12 1
7787423 276 0 1 0
7787549 6 1 7 1
7787578 3 1 10 1
7787780 7 1 3 0
7788106 6 1 11 0
7788294 120 0 1 1
7788416 326 0 1 1
7788466 232 0 1 0
7788728 0 1 12 0
7788936 2 1 1 1
7789051 335 0 1 0
7790082 14 1 4 1
7790273 5 1 8 1
7790452 0 1 7 1
7790840 4 1 3 1
7790906 7 1 3 1
7791008 6 1 5 1
7791332 2 1 6 0
7791397 237 0 1 1
7791911 276 0 1 1
7791931 7 1 10 0
7792030 0 1 1 0
7792047 3 1 1 0
7792104 6 1 4 0
7792794 292 0 1 0
7792921 6 1 11 1
7793079 4 1 12 0
7793148 7 1 2 0
7793188 2 1 1 0
7793966 3 1 10 0
7794477 232 0 1 1
7794674 3 1 12 0
7794783 6 1 3 0
7795043 4 1 3 0
7795160 0 1 1 1
7796127 6 1 4 1
7796170 0 1 12 1
7796192 7 1 10 1
7796215 326 0 1 0
7796221 120 0 1 0
7796282 7 1 2 1
7796387 3 1 4 0
7796741 4 1 12 1
7796787 292 0 1 1
7796788 3 1 1 1
7797334 6 1 3 1
7797442 2 1 6 1
7797488 3 1 10 1
7797548 0 1 7 0
7797566 3 1 12 1
7797691 2 1 1 1
7797698 6 1 5 0
7797957 7 1 3 0
7798118 6 1 11 0
7798252 5 1 8 0
7798263 14 1 4 0
7798890 3 1 4 1
7799234 0 1 12 0
7799504 335 0 1 1
7800316 4 1 3 1
7800433 6 1 4 0
7800912 0 1 7 1
7801141 2 1 6 0
7801271 5 1 8 1
7801282 3 1 1 0
7801409 164 0 1 0
7801416 7 1 10 0
7801479 2 1 1 0
7801749 6 1 7 0
7801758 6 1 5 1
7801829 7 1 3 1
7801838 14 1 4 1
7802007 6 1 5 0
7802008 63 0 1 0
7802193 6 1 5 1
7802254 237 0 1 0
7802752 4 1 12 0
7802901 276 0 1 0
7803429 6 1 11 1
7804059 0 1 12 1
7804109 3 1 10 0
7804125 6 1 7 1
7804468 6 1 4 1
7805019 0 1 3 1
7805154 3 1 1 1
7805379 120 0 1 1
7805402 164 0 1 1
7805546 7 1 10 1
7805636 2 1 6 1
7805784 4 1 3 0
7805877 6 1 3 0
7806376 335 0 1 0
7806518 4 1 12 1
7806546 326 0 1 1
7806740 2 1 1 1
7807066 2 1 1 0
7807236 2 1 1 1
7807269 0 1 12 0
7807437 3 1 12 0
7807508 0 1 3 0
7807524 0 1 7 0
7807676 6 1 11 0
7807857 7 1 3 0
7807884 276 0 1 1
7807893 3 1 10 1
7808352 6 1 5 0
7808802 6 1 4 0
7808922 2 1 6 0
7808947 3 1 1 0
7809230 6 1 3 1
7809483 7 1 2 0
7809504 5 1 8 0
7809664 4 1 3 1
7809731 7 1 10 0
7810369 3 1 12 1
7810773 0 1 7 1
7811167 0 1 1 0
7811198 4 1 12 0
7811217 7 1 3 1
7811287 298 0 1 1
7811635 2 1 1 0
7812022 120 0 1 0
7812482 6 1 5 1
7812571 6 1 4 1
7812617 7 1 2 1
7812793 5 1 8 1
7813134 6 1 7 0
7813712 3 1 4 0
7813736 326 0 1 0
7813742 7 1 10 1
7813815 3 1 1 1
7813824 6 1 11 1
7813834 335 0 1 1
7813916 0 1 12 1
7814551 0 1 1 1
7814702 4 1 3 0
7814879 298 0 1 0
7814905 2 1 6 1
7814918 3 1 10 0
7815019 2 1 1 1
7815126 14 1 4 0
7815172 2 1 6 0
7815405 2 1 6 1
7815653 4 1 12 1
7815887 6 1 7 1
7816396 63 0 1 1
7816554 3 1 4 1
7816642 237 0 1 1
7817132 4 1 12 0
7817154 0 1 12 0
7817353 6 1 5 0
7817907 6 1 11 0
7818167 6 1 4 0
7818279 7 1 3 0
7818490 0 1 7 0
7818907 7 1 10 0
7818916 3 1 10 1
7819084 232 0 1 0
7819272 3 1 1 0
7819307 2 1 1 0
7819816 2 1 6 0
7819856 4 1 3 1
7820226 276 0 1 0
7821047 120 0 1 1
7821063 0 1 1 0
7821063 6 1 5 1
7821174 5 1 8 0
7821421 326 0 1 1
7821434 14 1 4 1
7821884 3 1 12 0
7822215 0 1 7 1
7822249 0 1 12 1
7822436 6 1 4 1
7822651 7 1 3 1
7822790 6 1 3 0
7823068 2 1 1 1
7823206 335 0 1 0
7823474 7 1 2 0
7823724 6 1 11 1
7823820 0 1 1 1
7824180 7 1 10 1
7824347 4 1 3 0
7824529 237 0 1 0
7824581 232 0 1 1
7824763 3 1 1 1
7824845 164 0 1 0
7824854 3 1 12 1
7825028 3 1 10 0
7825082 5 1 8 1
7825209 276 0 1 1
7825302 0 1 12 0
7825933 6 1 5 0
7826295 2 1 6 1
7826503 2 1 1 0
7826544 6 1 3 1
7826907 6 1 4 0
7826910 292 0 1 0
7827104 7 1 2 1
7827710 299 0 1 1
7827731 4 1 3 1
7828173 326 0 1 0
7828381 6 1 11 0
7828826 7 1 3 0
7828838 164 0 1 1
7829108 3 1 10 1
7829172 3 1 1 0
7829298 120 0 1 0
7829298 96 0 1 0
7829551 6 1 5 1
7829635 7 1 10 0
7829879 2 1 1 1
7829964 6 1 7 0
7830427 0 1 7 0
7830452 0 1 3 1
7830903 292 0 1 1
7830929 6 1 4 1
7831086 2 1 6 0
7831532 3 1 4 0
7832228 4 1 3 0
7832452 7 1 3 1
7832507 63 0 1 0
7832594 6 1 7 1
7832666 14 1 4 0
7832711 0 1 12 1
7832794 3 1 1 1
7832841 0 1 12 0
7832977 237 0 1 1
7832985 0 1 12 1
7833185 2 1 1 0
7833281 6 1 11 1
7833405 0 1 3 0
7833672 335 0 1 1
7833766 96 0 1 1
7834017 5 1 8 0
7834019 7 1 10 1
7834285 3 1 4 1
7834295 0 1 7 1
7834354 326 0 1 1
7834644 0 1 1 0
7835432 6 1 5 0
7835652 3 1 12 0
7836200 3 1 10 0
7836248 0 1 12 0
7836385 232 0 1 0
7836391 14 1 4 1
7836899 6 1 11 0
7837236 0 1 1 1
7837405 6 1 4 0
7837425 5 1 8 1
7837684 276 0 1 0
7837862 4 1 3 1
7837912 3 1 1 0
7837934 2 1 6 1
7838192 2 1 1 1
7838362 6 1 3 0
7838675 7 1 10 0
7838687 3 1 12 1
7838969 120 0 1 1
7839042 7 1 3 0
7840017 7 1 2 0
7840177 6 1 5 1
7840378 232 0 1 1
7840656 3 1 10 1
7840973 299 0 1 0
7841294 6 1 3 1
7841359 237 0 1 0
7841393 0 1 7 0
7841474 14 1 4 0
7841525 326 0 1 0
7841575 0 1 12 1
7841665 0 1 1 0
7841809 6 1 4 1
7841932 2 1 6 0
7842339 6 1 7 0
7842652 6 1 11 1
7842667 276 0 1 1
7842728 7 1 2 1
7842860 7 1 3 1
7843528 2 1 1 0
7843551 4 1 3 0
7843805 7 1 10 1
7843846 14 1 4 1
7843925 63 0 1 1
7844022 3 1 1 1
7844634 0 1 7 1
7845044 0 1 12 0
7845469 6 1 7 1
7845475 6 1 4 0
7845574 299 0 1 1
7845695 5 1 8 0
7845815 0 1 1 1
7845976 335 0 1 0
7846696 6 1 11 0
7847056 2 1 6 1
7847114 3 1 10 0
7847323 6 1 5 0
7847341 4 1 3 1
7847679 120 0 1 0
7847767 164 0 1 0
7847785 2 1 1 1
7848516 3 1 12 0
7848736 6 1 4 1
7849107 5 1 8 1
7849297 3 1 1 0
7849601 0 1 1 0
7849951 6 1 3 0
7850856 3 1 4 0
7850885 2 1 6 0
7851119 7 1 3 0
7851340 3 1 10 1
7851384 7 1 2 0
7851411 7 1 10 0
7851571 3 1 12 1
7851760 164 0 1 1
7851973 6 1 11 1
7851982 14 1 4 0
7852009 4 1 3 0
7852248 6 1 5 1
7852777 237 0 1 1
7852854 0 1 7 0
7852959 2 1 1 0
7852965 0 1 12 1
7853308 6 1 3 1
7853372 3 1 4 1
7853379 326 0 1 1
7853661 3 1 1 1
7853829 6 1 4 0
7854001 0 1 1 1
7854552 276 0 1 0
7854608 7 1 2 1
7854714 6 1 7 0
7854868 7 1 3 1
7855219 232 0 1 0
7856018 14 1 4 1
7856101 6 1 11 0
7856118 2 1 6 1
7856337 0 1 7 1
7856340 0 1 7 0
7856444 4 1 3 1
7856549 7 1 10 1
7856829 0 1 7 1
7856893 2 1 1 1
7857038 0 1 12 0
7857314 299 0 1 0
7857463 6 1 7 1
7857765 5 1 8 0
7857882 3 1 1 0
7858143 0 1 1 0
7858689 3 1 10 0
7859040 276 0 1 1
7859225 6 1 4 1
7859257 91 0 1 0
7859393 335 0 1 1
7859426 6 1 5 0
7859598 63 0 1 0
7859732 232 0 1 1
7860074 326 0 1 0
7860360 2 1 6 0
7860569 292 0 1 0
7860980 6 1 11 1
7861161 5 1 8 1
7861568 2 1 1 0
7861762 7 1 3 0
7861873 3 1 1 1
7861896 299 0 1 1
7861939 120 0 1 1
7862877 3 1 12 0
7862924 0 1 1 1
7863139 237 0 1 0
7863357 3 1 10 1
7863508 335 0 1 0
7863622 4 1 3 0
7863713 14 1 4 0
7863792 0 1 12 1
7864155 6 1 5 1
7864314 6 1 11 0
7864562 292 0 1 1
7864684 7 1 10 0
7864810 0 1 7 0
7864956 2 1 1 1
7864996 6 1 4 0
7866035 3 1 12 1
7866135 6 1 3 0
7866256 7 1 3 1
7866454 14 1 4 1
7866622 3 1 1 0
7866831 2 1 6 1
7866938 0 1 12 0
7867506 120 0 1 0
7867527 7 1 2 0
7867768 4 1 3 1
7867894 0 1 1 0
7868428 0 1 7 1
7868526 276 0 1 0
7869107 6 1 7 0
7869190 91 0 1 1
7869256 6 1 3 1
7869320 0 1 3 1
7869459 6 1 5 0
7869515 6 1 4 1
7869568 7 1 10 1
7869740 5 1 8 0
7870102 237 0 1 1
7870194 164 0 1 0
7870284 2 1 1 0
7870452 6 1 11 1
7870645 7 1 2 1
7870782 3 1 10 0
7870874 2 1 6 0
7871047 299 0 1 0
7871537 0 1 3 0
7871610 6 1 7 1
7871875 3 1 1 1
7872294 0 1 1 1
7872837 6 1 5 1
7872996 63 0 1 1
7873013 5 1 8 1
7873179 7 1 3 0
7873509 276 0 1 1
7873557 2 1 1 1
7873674 4 1 3 0
7874052 6 1 4 0
7874187 164 0 1 1
7874224 0 1 12 1
7874490 6 1 11 0
7875639 3 1 10 1
7875667 299 0 1 1
7875757 0 1 7 0
7875802 14 1 4 0
7875972 91 0 1 0
7876906 7 1 3 1
7877226 2 1 6 1
7877251 3 1 1 0
7877758 0 1 1 0
7877778 6 1 5 0
7877918 0 1 12 0
7878020 326 0 1 1
7878058 4 1 3 1
7878079 6 1 4 1
7878275 7 1 10 0
7878457 6 1 3 0
7878580 237 0 1 0
7878664 7 1 2 0
7878703 2 1 1 0
7878789 14 1 4 1
7879099 326 0 1 0
7879117 0 1 7 1
7879557 6 1 11 1
7879597 6 1 7 0
7879707 3 1 12 0
7880140 292 0 1 0
7881051 3 1 4 0
7881239 5 1 8 0
7881258 6 1 3 1
7881655 7 1 10 1
7881918 6 1 5 1
7882027 2 1 6 0
7882218 2 1 1 1
7882539 6 1 4 0
7882543 0 1 1 1
7882600 7 1 2 1
7882604 6 1 7 1
7882791 3 1 10 0
7882799 7 1 3 0
7882978 3 1 12 1
7883111 3 1 1 1
7883638 292 0 1 1
7883821 6 1 11 0
7883925 91 0 1 1
7884041 3 1 4 1
7884072 4 1 3 0
7884172 335 0 1 1
7884401 5 1 8 1
7885096 14 1 4 0
7885261 326 0 1 1
7885288 335 0 1 0
7885451 276 0 1 0
7886052 7 1 3 1
7886240 0 1 12 1
7886723 0 1 7 0
7887079 4 1 3 1
7887117 3 1 10 1
7887137 0 1 1 0
7887361 6 1 4 1
7887407 299 0 1 0
7887698 63 0 1 0
7888063 6 1 5 0
7888078 2 1 1 0
7888339 326 0 1 0
7888402 3 1 1 0
7889213 6 1 11 1
7889252 2 1 6 1
7889493 0 1 12 0
7889612 7 1 10 0
7889673 7 1 2 0
7889676 232 0 1 0
7889679 91 0 1 0
7889752 14 1 4 1
7889939 276 0 1 1
7890206 0 1 7 1
7890281 0 1 3 1
7890294 6 1 3 0
7890357 6 1 7 0
7890641 164 0 1 0
7891771 0 1 1 1
7891989 299 0 1 1
7892094 6 1 4 0
7892097 2 1 1 1
7892329 5 1 8 0
7892435 6 1 5 1
7892520 3 1 1 1
7892766 7 1 2 1
7893027 3 1 1 0
7893237 6 1 7 1
7893246 7 1 10 1
7893274 3 1 1 1
7893385 6 1 3 1
7893492 0 1 3 0
7893493 6 1 11 0
7893669 232 0 1 1
7893816 4 1 3 0
7893909 2 1 6 0
7894107 120 0 1 1
7894288 3 1 10 0
7894634 164 0 1 1
7894793 7 1 3 0
7895547 3 1 12 0
7895614 5 1 8 1
7895855 6 1 4 1
7895866 0 1 12 1
7896259 0 1 1 0
7896274 2 1 1 0
7897312 3 1 1 0
7897423 237 0 1 1
7897799 7 1 2 0
7898127 91 0 1 1
7898713 3 1 12 1
7899030 14 1 4 0
7899043 0 1 3 1
7899056 6 1 5 0
7899113 0 1 12 0
7899116 63 0 1 1
7899212 4 1 3 1
7899252 3 1 10 1
7899290 7 1 3 1
7899412 2 1 1 1
7899726 0 1 7 0
7899954 6 1 11 1
7900155 120 0 1 0
7900638 2 1 6 1
7900813 6 1 4 0
7900938 3 1 1 1
7901040 0 1 1 1
7901329 276 0 1 0
7901553 7 1 2 1
7901815 7 1 10 0
7902031 14 1 4 1
7902682 299 0 1 0
7902731 0 1 3 0
7903221 0 1 7 1
7903809 6 1 5 1
7903906 7 1 3 0
7904099 5 1 8 0
7904349 232 0 1 0
7904395 91 0 1 0
7904499 6 1 11 0
7904737 3 1 1 0
7905179 2 1 6 0
7905410 6 1 3 0
7905817 276 0 1 1
7905844 6 1 4 1
7906117 0 1 1 0
7906422 3 1 10 0
7906445 7 1 10 1
7906468 4 1 3 0
7907006 0 1 12 1
7907179 0 1 12 0
7907264 299 0 1 1
7907290 237 0 1 0
7907395 0 1 12 1
7907404 5 1 8 1
7907413 7 1 3 1
7908628 6 1 3 1
7908631 0 1 3 1
7908765 6 1 7 0
7908784 7 1 2 0
7909355 3 1 1 1
7909833 232 0 1 1
7910142 6 1 5 0
7910334 292 0 1 0
7910395 6 1 11 1
7910428 4 1 3 1
7910693 0 1 12 0
7910767 0 1 1 1
7910783 14 1 4 0
7910986 6 1 4 0
7911000 3 1 10 1
7911239 3 1 10 0
7911386 3 1 10 1
7911447 2 1 6 1
7911637 6 1 7 1
7911853 91 0 1 1
7911979 0 1 3 0
7912200 7 1 2 1
7912289 7 1 2 0
7912708 7 1 2 1
7912748 0 1 7 0
7912989 3 1 12 0
7913911 2 1 1 0
7914058 164 0 1 0
7914139 14 1 4 1
7914159 6 1 5 1
7914176 6 1 11 0
7914254 3 1 4 0
7914313 63 0 1 0
7914327 292 0 1 1
7914339 3 1 1 0
7915331 0 1 1 0
7915378 6 1 4 1
7915612 0 1 7 1
7916158 2 1 6 0
7916287 7 1 3 0
7916307 5 1 8 0
7916368 4 1 3 0
7916390 7 1 10 0
7916788 276 0 1 0
7916795 2 1 1 1
7916814 3 1 12 1
7916872 3 1 4 1
7916964 3 1 10 0
7917086 6 1 3 0
7918051 164 0 1 1
7918082 0 1 12 1
7918559 91 0 1 0
7918622 14 1 4 0
7918947 299 0 1 0
7919453 3 1 1 1
7919540 7 1 3 1
7919552 335 0 1 1
7919552 0 1 3 1
7919584 5 1 8 1
7919754 6 1 11 1
7919872 3 1 10 1
7919903 6 1 3 1
7920173 6 1 4 0
7920288 0 1 1 1
7920506 4 1 3 1
7920645 6 1 5 0
7920655 7 1 10 1
7921191 326 0 1 1
7921629 0 1 12 0
7921768 7 1 2 0
7921771 276 0 1 1
7922224 14 1 4 1
7922276 2 1 6 1
7922300 2 1 6 0
7922772 2 1 6 1
7922833 232 0 1 0
7923102 120 0 1 1
7923141 6 1 7 0
7923163 237 0 1 1
7923403 335 0 1 0
7923548 299 0 1 1
7923662 0 1 3 0
7923899 6 1 11 0
7924231 326 0 1 0
7924485 120 0 1 0
7924677 7 1 3 0
7924707 3 1 1 0
7924946 6 1 4 1
7925013 6 1 5 1
7925045 7 1 2 1
7925300 3 1 10 0
7925436 7 1 2 0
7925692 7 1 2 1
7925878 0 1 1 0
7925968 2 1 6 0
7926148 6 1 7 1
7926331 232 0 1 1
7926341 0 1 7 0
7926678 4 1 3 0
7927007 91 0 1 1
7927692 5 1 8 0
7927711 63 0 1 1
7928660 7 1 3 1
7928694 2 1 1 0
7928940 3 1 1 1
7928994 7 1 10 0
7929149 0 1 12 1
7929205 0 1 7 1
7929229 0 1 12 0
7929443 0 1 3 1
7929484 6 1 4 0
7929653 0 1 12 1
7929654 6 1 11 1
7929752 3 1 10 1
7929883 120 0 1 1
7930050 14 1 4 0
7930266 4 1 3 1
7930336 2 1 6 1
7930555 237 0 1 0
7930827 5 1 8 1
7931205 2 1 1 1
7931245 6 1 5 0
7931556 0 1 1 1
7931626 6 1 3 0
7931682 3 1 12 0
7932087 7 1 10 1
7932389 7 1 2 0
7932627 3 1 1 0
7932773 0 1 12 0
7933037 14 1 4 1
7933289 0 1 3 0
7933351 91 0 1 0
7933361 6 1 11 0
7933372 6 1 4 1
7933751 276 0 1 0
7934015 2 1 6 0
7934993 3 1 10 0
7934998 6 1 5 1
7935124 3 1 12 1
7935250 299 0 1 0
7935257 6 1 3 1
7935260 120 0 1 0
7935830 335 0 1 1
7935990 164 0 1 0
7935990 6 1 7 0
7936315 7 1 3 0
7936321 7 1 2 1
7936757 3 1 1 1
7937493 0 1 1 0
7937584 4 1 3 0
7938102 3 1 10 1
7938239 276 0 1 1
7938241 6 1 11 1
7938475 7 1 10 0
7938590 5 1 8 0
7938638 6 1 4 0
7938872 63 0 1 0
7939501 6 1 7 1
7939738 335 0 1 0
7939851 299 0 1 1
7939880 7 1 3 1
7939983 164 0 1 1
7940010 2 1 6 1
7940162 0 1 12 1
7940252 0 1 12 0
7940286 6 1 5 0
7940314 91 0 1 1
7940410 0 1 7 0
7940547 0 1 12 1
7941069 3 1 1 0
7941209 0 1 3 1
7941236 5 1 8 1
7941363 7 1 10 1
7942062 3 1 10 0
7942324 6 1 4 1
7942556 0 1 1 1
7942804 6 1 11 0
7943036 0 1 7 1
7943107 4 1 3 1
7943256 7 1 2 0
7943458 14 1 4 0
7943478 3 1 4 0
7943612 292 0 1 0
7944150 6 1 5 1
7944535 2 1 6 0
7944653 0 1 12 0
7944972 7 1 3 0
7945415 0 1 3 0
7945516 91 0 1 0
7945556 3 1 1 1
7946283 7 1 2 1
7946517 3 1 10 1
7946600 3 1 4 1
7946637 2 1 1 0
7947447 6 1 3 0
7947605 292 0 1 1
7947646 0 1 1 0
7948017 3 1 12 0
7948344 7 1 3 1
7948984 7 1 10 0
7949069 6 1 11 1
7949300 63 0 1 1
7949398 2 1 1 1
7949629 276 0 1 0
7949786 6 1 5 0
7949913 6 1 4 0
7949967 5 1 8 0
7950015 120 0 1 1
7950166 4 1 3 0
7950348 3 1 1 0
7950387 6 1 3 1
7950504 14 1 4 1
7950525 299 0 1 0
7950883 237 0 1 1
7951175 3 1 12 1
7951194 335 0 1 1
7951264 2 1 6 1
7951927 6 1 7 0
7951950 0 1 3 1
7952043 7 1 2 0
7952296 0 1 12 1
7952417 0 1 12 0
7952761 6 1 11 0
7952800 0 1 12 1
7952951 0 1 1 1
7953264 5 1 8 1
7953287 7 1 10 1
7953469 91 0 1 1
7953563 6 1 4 1
7953591 120 0 1 0
7953643 6 1 5 1
7953988 4 1 3 1
7954117 276 0 1 1
7954351 3 1 1 1
7954560 3 1 10 0
7955061 6 1 7 1
7955126 299 0 1 1
7955287 0 1 3 0
7955564 0 1 7 0
7955802 0 1 12 0
7956233 7 1 2 1
7956237 2 1 6 0
7956762 7 1 3 0
7957118 0 1 1 0
7957391 6 1 11 1
7958053 335 0 1 0
7958190 6 1 3 0
7958197 3 1 1 0
7958631 3 1 10 1
7958809 0 1 7 1
7959276 14 1 4 0
7959291 6 1 5 0
7959586 4 1 3 0
7959760 232 0 1 0
7959902 164 0 1 0
7960043 7 1 2 0
7960255 237 0 1 0
7960265 7 1 3 1
7960708 91 0 1 0
7960868 6 1 3 1
7961284 0 1 1 1
7961351 5 1 8 0
7961709 6 1 11 0
7961821 0 1 3 1
7962017 14 1 4 1
7962501 7 1 10 0
7962686 6 1 4 0
7963081 3 1 1 1
7963550 3 1 10 0
7963575 3 1 12 0
7963593 2 1 6 1
7963619 6 1 5 1
7963702 0 1 12 1
7963813 2 1 1 0
7963895 164 0 1 1
7964110 7 1 2 1
7964362 5 1 8 1
7964445 4 1 3 1
7964535 63 0 1 0
7964959 0 1 3 0
7965088 276 0 1 0
7965267 7 1 3 0
7965693 6 1 4 1
7965752 232 0 1 1
7966012 7 1 10 1
7966820 2 1 1 1
7966847 299 0 1 0
7966903 0 1 1 0
7967130 3 1 12 1
7967358 0 1 12 0
7967593 6 1 11 1
7968165 14 1 4 0
7968297 3 1 10 1
7968592 3 1 1 0
7968599 2 1 6 0
7968660 6 1 7 0
7969156 91 0 1 1
7969359 7 1 3 1
7969490 335 0 1 1
7969728 0 1 3 1
7969838 6 1 5 0
7970031 120 0 1 1
7970046 7 1 2 0
7970071 276 0 1 1
7970310 6 1 4 0
7970813 5 1 8 0
7971275 14 1 4 1
7971357 6 1 3 0
7971429 299 0 1 1
7971438 6 1 11 0
7971944 7 1 10 0
7972208 0 1 1 1
7972290 6 1 7 1
7972517 4 1 3 0
7973299 6 1 4 1
7973332 5 1 8 1
7973408 7 1 2 1
7973454 0 1 3 0
7973548 120 0 1 0
7973707 0 1 7 0
7973842 0 1 12 1
7974269 6 1 5 1
7974333 3 1 1 1
7974953 6 1 3 1
7975078 7 1 10 1
7975332 2 1 6 1
7975378 335 0 1 0
7975386 91 0 1 0
7975904 3 1 10 0
7976376 292 0 1 0
7976553 4 1 3 1
7976568 6 1 11 1
7976662 3 1 4 0
7976972 0 1 12 0
7977063 0 1 7 1
7977450 0 1 1 0
7977613 237 0 1 1
7977839 7 1 3 0
7978042 7 1 2 0
7978306 6 1 4 0
7978923 63 0 1 1
7978924 2 1 6 0
7979237 14 1 4 0
7979288 3 1 4 1
7979482 3 1 1 0
7979697 3 1 12 0
7979816 164 0 1 0
7980610 3 1 10 1
7980864 292 0 1 1
7980903 6 1 5 0
7980985 276 0 1 0
7981088 6 1 11 0
7981094 299 0 1 0
7981326 7 1 3 1
7981370 0 1 3 1
7981563 6 1 4 1
7981751 5 1 8 0
7982149 4 1 3 0
7982154 2 1 1 0
7982498 7 1 2 1
7982579 120 0 1 1
7982671 7 1 2 0
7982678 7 1 10 0
7982978 3 1 12 1
7983014 7 1 2 1
7983116 3 1 1 1
7983120 0 1 1 1
7983288 2 1 6 1
7983809 164 0 1 1
7983946 14 1 4 1
7984329 91 0 1 1
7984510 237 0 1 0
7984722 0 1 12 1
7984769 0 1 3 0
7984784 2 1 1 1
7984901 5 1 8 1
7985144 6 1 5 1
7985206 6 1 7 0
7985473 276 0 1 1
7985898 4 1 3 1
7985990 3 1 1 0
7986152 299 0 1 1
7986316 7 1 10 1
7986666 2 1 6 0
7986773 7 1 2 0
7986823 7 1 3 0
7987706 6 1 11 1
7987811 335 0 1 1
7987937 120 0 1 0
7988033 0 1 12 0
7988136 0 1 1 0
7988220 3 1 10 0
7988271 0 1 7 0
7989090 6 1 7 1
7989541 6 1 3 0
7989866 3 1 1 1
7989938 7 1 3 1
7990246 0 1 3 1
7990836 7 1 2 1
7991020 0 1 7 1
7991305 6 1 5 0
7991480 4 1 3 0
7991589 6 1 11 0
7991852 6 1 4 0
7992158 91 0 1 0
7992409 0 1 1 1
7992749 63 0 1 0
7992859 5 1 8 0
7993010 14 1 4 0
7993156 6 1 3 1
7993510 2 1 6 1
7993542 3 1 10 1
7993693 335 0 1 0
7993937 7 1 10 0
7993993 0 1 12 1
7994344 0 1 3 0
7994847 7 1 2 0
7994898 3 1 1 0
7995042 3 1 12 0
7995367 6 1 4 1
7995400 4 1 3 1
7995462 7 1 3 0
7995763 6 1 5 1
7995977 6 1 11 1
7996279 5 1 8 1
7996425 276 0 1 0
7996612 14 1 4 1
7997123 0 1 12 0
7997639 0 1 1 0
7997698 7 1 10 1
7998134 2 1 1 0
7998138 2 1 6 0
7998216 3 1 12 1
7998349 299 0 1 0
7998653 7 1 2 1
7998961 7 1 3 1
7999627 3 1 1 1
8000014 6 1 11 0
8000136 4 1 3 0
8000606 91 0 1 1
8000764 2 1 1 1
8000914 6 1 4 0
8001035 3 1 10 0
8001125 0 1 3 1
8001408 276 0 1 1
8001431 3 1 4 0
8001758 120 0 1 1
8002309 0 1 1 1
8002320 6 1 7 0
8002525 6 1 5 0
8002776 164 0 1 0
8002931 299 0 1 1
8003353 237 0 1 1
8003808 3 1 1 0
8003921 4 1 3 1
8004102 14 1 4 0
8004144 0 1 3 0
8004274 6 1 4 1
8004303 3 1 4 1
8004310 232 0 1 0
8004484 0 1 12 1
8004760 2 1 6 1
8004828 7 1 2 0
8004910 0 1 7 0
8005077 6 1 7 1
8005140 6 1 11 1
8005157 63 0 1 1
8005362 7 1 3 0
8005424 5 1 8 0
8005903 91 0 1 0
8006177 0 1 1 0
8006273 3 1 10 1
8006393 6 1 5 1
8006480 7 1 10 0
8006769 164 0 1 1
8006816 120 0 1 0
8007129 335 0 1 1
8007713 0 1 12 0
8007811 3 1 1 1
8007849 6 1 3 0
8007867 7 1 2 1
8008058 7 1 2 0
8008155 0 1 7 1
8008252 7 1 2 1
8008308 5 1 8 1
8008964 6 1 11 0
8009098 2 1 6 0
8009159 292 0 1 0
8009293 232 0 1 1
8009345 7 1 3 1
8009563 4 1 3 0
8009672 14 1 4 1
8010044 0 1 3 1
8010474 0 1 1 1
8010864 7 1 10 1
8010882 3 1 12 0
8011035 6 1 3 1
8011118 6 1 5 0
8011443 7 1 2 0
8011633 3 1 1 0
8012470 6 1 4 0
8013152 292 0 1 1
8013220 237 0 1 0
8013369 276 0 1 0
8013463 4 1 3 1
8014154 0 1 3 0
8014191 3 1 12 1
8014400 3 1 10 0
8014705 0 1 12 1
8014747 2 1 6 1
8014771 2 1 6 0
8014840 0 1 1 0
8014846 91 0 1 1
8014938 6 1 11 1
8015071 299 0 1 0
8015089 2 1 6 1
8015473 335 0 1 0
8015473 6 1 4 1
8015933 5 1 8 0
8015982 6 1 5 1
8016658 2 1 1 0
8016675 6 1 7 0
8016739 3 1 1 1
8017058 7 1 2 1
8017737 7 1 3 0
8017857 276 0 1 1
8018042 120 0 1 1
8018402 0 1 12 0
8018416 7 1 10 0
8018470 2 1 6 0
8018701 4 1 3 0
8018888 14 1 4 0
8018956 5 1 8 1
8018957 0 1 1 1
8019040 63 0 1 0
8019041 5 1 8 0
8019273 5 1 8 1
8019415 2 1 1 1
8019637 6 1 3 0
8019813 6 1 7 1
8019874 6 1 11 0
8019900 3 1 10 1
8019998 3 1 10 0
8020138 3 1 10 1
8020186 299 0 1 1
8020614 6 1 5 0
8020689 0 1 3 1
8021486 7 1 3 1
8021554 7 1 10 1
8022027 6 1 4 0
8022142 91 0 1 0
8022246 7 1 2 0
8022334 6 1 3 1
8022435 0 1 1 0
8022484 232 0 1 0
8022547 3 1 1 0
8022548 120 0 1 0
8022558 0 1 7 0
8022651 14 1 4 1
8022762 2 1 6 1
8023635 4 1 3 1
8023706 3 1 4 0
8023783 0 1 3 0
8024923 6 1 4 1
8025237 3 1 12 0
8025543 7 1 2 1
8025601 6 1 5 1
8025775 0 1 12 1
8026037 0 1 7 1
8026193 164 0 1 0
8026250 6 1 11 1
8026441 2 1 6 0
8026477 232 0 1 1
8026832 3 1 4 1
8027697 3 1 10 0
8027857 5 1 8 0
8027919 335 0 1 1
8028032 7 1 10 0
8028542 3 1 12 1
8028752 276 0 1 0
8028930 0 1 12 0
8029053 3 1 1 1
8029089 14 1 4 0
8029319 7 1 3 0
8029671 4 1 3 0
8029785 0 1 3 1
8030040 6 1 7 0
8030081 6 1 11 0
8030110 7 1 2 0
8030186 164 0 1 1
8030260 6 1 5 0
8030458 63 0 1 1
8030590 91 0 1 1
8030789 7 1 10 1
8031388 5 1 8 1
8032044 335 0 1 0
8032666 6 1 7 1
8032924 2 1 6 1
8032992 299 0 1 0
8033240 276 0 1 1
8033548 237 0 1 1
8033625 6 1 4 0
8033637 3 1 10 1
8033679 120 0 1 1
8033687 7 1 3 1
8033763 6 1 3 0
8034339 0 1 3 0
8034427 3 1 1 0
8034599 4 1 3 1
8034624 2 1 1 0
8034951 7 1 2 1
8035009 6 1 5 1
8035028 14 1 4 1
8035199 6 1 11 1
8036053 0 1 12 1
8036180 7 1 10 0
8036814 6 1 3 1
8036839 91 0 1 0
8037122 0 1 7 0
8037127 2 1 1 1
8037159 2 1 6 0
8037390 6 1 4 1
8038031 299 0 1 1
8038783 3 1 1 1
8038831 6 1 11 0
8039270 120 0 1 0
8039305 7 1 2 0
8039455 237 0 1 0
8039508 335 0 1 1
8039625 0 1 7 1
8039650 6 1 5 0
8039693 0 1 12 0
8039870 7 1 3 0
8040060 7 1 10 1
8040435 6 1 7 0
8040511 5 1 8 0
8040561 4 1 3 0
8040993 0 1 3 1
8041584 3 1 12 0
8041966 3 1 10 0
8042258 6 1 10 0
8042418 3 1 1 0
8042991 7 1 2 1
8043427 292 0 1 0
8043607 7 1 3 1
8043673 6 1 4 0
8043700 6 1 7 1
8043802 91 0 1 1
8043945 0 1 3 0
8043964 5 1 8 1
8043978 6 1 11 1
8044031 2 1 6 1
8044379 63 0 1 0
8044453 6 1 5 1
8044725 276 0 1 0
8044885 3 1 12 1
8045203 4 1 3 1
8046565 6 1 4 1
8046668 7 1 2 0
8046763 14 1 4 0
8047095 3 1 4 0
8047401 3 1 1 1
8047404 6 1 10 1
8047420 292 0 1 1
8047449 0 1 12 1
8047613 0 1 12 0
8047620 3 1 10 1
8047799 6 1 11 0
8047828 0 1 12 1
8048467 2 1 6 0
8048477 7 1 10 0
8048985 91 0 1 0
8049018 6 1 5 0
8049098 2 1 1 0
8049115 164 0 1 0
8049708 276 0 1 1
8050160 3 1 4 1
8050218 0 1 3 1
8050304 299 0 1 0
8050305 4 1 3 0
8050363 120 0 1 1
8050614 0 1 12 0
8050874 7 1 2 1
8051343 232 0 1 0
8051362 7 1 3 0
8051855 2 1 1 1
8051911 6 1 3 0
8052230 7 1 10 1
8052435 6 1 4 0
8052456 14 1 4 1
8052912 3 1 1 0
8053052 6 1 11 1
8053108 164 0 1 1
8053234 5 1 8 0
8053763 6 1 5 1
8053799 0 1 7 0
8053954 2 1 6 1
8054391 299 0 1 1
8054578 335 0 1 0
8054861 7 1 3 1
8054945 120 0 1 0
8055063 0 1 3 0
8055074 3 1 10 0
8055124 4 1 3 1
8055232 6 1 3 1
8055411 7 1 2 0
8055442 6 1 4 1
8055780 6 1 7 0
8056443 91 0 1 1
8056662 5 1 8 1
8057023 3 1 12 0
8057148 2 1 6 0
8057171 0 1 7 1
8057340 0 1 12 1
8057568 6 1 11 0
8058145 3 1 1 1
8058192 7 1 2 1
8058298 237 0 1 1
8058306 232 0 1 1
8058660 6 1 7 1
8058767 63 0 1 1
8058778 6 1 5 0
8059788 3 1 10 1
8060094 14 1 4 0
8060261 7 1 10 0
8060328 3 1 12 1
8060908 4 1 3 0
8061197 0 1 3 1
8061297 7 1 3 0
8061372 0 1 12 0
8061498 6 1 10 0
8061631 276 0 1 0
8062036 335 0 1 1
8062060 7 1 2 0
8062235 91 0 1 0
8062639 2 1 6 1
8062835 14 1 4 1
8063307 3 1 1 0
8063777 6 1 4 0
8063887 7 1 10 1
8064007 6 1 5 1
8064300 7 1 3 1
8064379 6 1 10 1
8064665 299 0 1 0
8064936 6 1 11 1
8065032 5 1 8 0
8065172 0 1 3 0
8065349 3 1 10 0
8065606 292 0 1 0
8065721 4 1 3 1
8066095 120 0 1 1
8066119 276 0 1 1
8066878 0 1 7 0
8066892 2 1 6 0
8067233 6 1 4 1
8067458 7 1 2 1
8067623 6 1 3 0
8068122 5 1 8 1
8068651 3 1 1 1
8068859 6 1 5 0
8069085 6 1 11 0
8069155 237 0 1 0
8069205 0 1 12 1
8069217 7 1 3 0
8069247 299 0 1 1
8069377 0 1 7 1
8069524 3 1 10 1
8069599 292 0 1 1
8069730 14 1 4 0
8070188 91 0 1 1
8070258 7 1 10 0
8070404 6 1 3 1
8070544 4 1 3 0
8070639 120 0 1 0
8070733 2 1 1 0
8071125 6 1 7 0
8072037 164 0 1 0
8072106 7 1 2 0
8072363 0 1 12 0
8072465 6 1 4 0
8072757 3 1 12 0
8072757 14 1 4 1
8072908 2 1 6 1
8072958 7 1 3 1
8072980 0 1 3 1
8073207 3 1 1 0
8073265 7 1 10 1
8073334 6 1 11 1
8073358 6 1 5 1
8073490 2 1 1 1
8074338 6 1 7 1
8074611 63 0 1 0
8074790 3 1 10 0
8074863 6 1 10 0
8075349 6 1 4 1
8075734 4 1 3 1
8075919 7 1 2 1
8076030 164 0 1 1
8076058 3 1 12 1
8076242 3 1 4 0
8077004 2 1 6 0
8077008 91 0 1 0
8077052 276 0 1 0
8077257 6 1 11 0
8077483 5 1 8 0
8077529 6 1 5 0
8077575 3 1 1 1
8077743 6 1 10 1
8077960 299 0 1 0
8078037 6 1 3 0
8078368 14 1 4 0
8078655 0 1 3 0
8079364 3 1 4 1
8079950 0 1 12 1
8080199 3 1 10 1
8080318 335 0 1 0
8080527 7 1 2 0
8080890 7 1 3 0
8081034 5 1 8 1
8081219 6 1 3 1
8081939 6 1 4 0
8082008 6 1 5 1
8082025 232 0 1 0
8082047 299 0 1 1
8082530 276 0 1 1
8082736 3 1 1 0
8082745 7 1 10 0
8082836 120 0 1 1
8083130 2 1 6 1
8083159 2 1 6 0
8083353 4 1 3 0
8083500 6 1 7 0
8083517 0 1 7 0
8083569 14 1 4 1
8083610 2 1 6 1
8083792 0 1 12 0
8084248 6 1 11 1
8084471 7 1 2 1
8084881 7 1 3 1
8084961 91 0 1 1
8085602 0 1 3 1
8086029 63 0 1 1
8086130 6 1 7 1
8086214 6 1 4 1
8086611 3 1 12 0
8086727 6 1 5 0
8086754 0 1 7 1
8086786 335 0 1 1
8087176 2 1 6 0
8087387 7 1 10 1
8087733 3 1 10 0
8087842 3 1 1 1
8088248 7 1 2 0
8088389 120 0 1 0
8088466 6 1 11 0
8088472 0 1 3 0
8088916 4 1 3 1
8088988 232 0 1 1
8089045 2 1 1 0
8089523 3 1 12 1
8089557 5 1 8 0
8090490 0 1 12 1
8091115 91 0 1 0
8091802 2 1 1 1
8091834 2 1 6 1
8091861 6 1 5 1
8092188 6 1 10 0
8092195 14 1 4 0
8092708 7 1 2 1
8092838 5 1 8 1
8092908 3 1 1 0
8092977 7 1 3 0
8093206 0 1 3 1
8093350 6 1 11 1
8093479 3 1 10 1
8093648 0 1 12 0
8093711 299 0 1 0
8093713 4 1 3 0
8094085 6 1 4 0
8094464 164 0 1 0
8094529 276 0 1 0
8095310 6 1 10 1
8095362 6 1 3 0
8095381 2 1 6 0
8095423 237 0 1 1
8095857 292 0 1 0
8095920 14 1 4 1
8096075 7 1 10 0
8096153 3 1 1 1
8096300 7 1 3 1
8096453 6 1 5 0
8096919 6 1 11 0
8097313 7 1 2 0
8097485 6 1 4 1
8097837 0 1 3 0
8098345 6 1 7 0
8098457 164 0 1 1
8098573 91 0 1 1
8098774 4 1 3 1
8098807 299 0 1 1
8099512 276 0 1 1
8099850 292 0 1 1
8100090 7 1 10 1
8100156 0 1 7 0
8100331 63 0 1 0
8100432 3 1 1 0
8100466 5 1 8 0
8100969 0 1 12 1
8100989 2 1 6 1
8101042 3 1 10 0
8101232 6 1 5 1
8101315 6 1 7 1
8101392 7 1 3 0
8101613 7 1 2 1
8102052 3 1 12 0
8102206 6 1 4 0
8103033 6 1 11 1
8103374 5 1 8 1
8103405 0 1 7 1
8104043 0 1 12 0
8104584 120 0 1 1
8104597 120 0 1 0
8104657 0 1 3 1
8104661 4 1 3 0
8104680 2 1 1 0
8104795 237 0 1 0
8104898 91 0 1 0
8104927 3 1 1 1
8105109 2 1 6 0
8105268 7 1 3 1
8105472 3 1 12 1
8105482 14 1 4 0
8105600 120 0 1 1
8105915 6 1 5 0
8106068 7 1 2 0
8106204 6 1 4 1
8106216 3 1 10 1
8106553 335 0 1 0
8106857 6 1 11 0
8106923 3 1 4 0
8107437 2 1 1 1
8107876 7 1 10 0
8109071 0 1 3 0
8109331 4 1 3 1
8109672 3 1 4 1
8110143 7 1 2 1
8110398 6 1 5 1
8110437 14 1 4 1
8110475 0 1 12 1
8110522 6 1 10 0
8110728 3 1 1 0
8110759 63 0 1 1
8110966 299 0 1 0
8111220 6 1 7 0
8111268 7 1 10 1
8111432 5 1 8 0
8111435 276 0 1 0
8111472 6 1 11 1
8111473 2 1 6 1
8111808 7 1 3 0
8112437 6 1 4 0
8112905 3 1 10 0
8113021 335 0 1 1
8113190 120 0 1 0
8113346 91 0 1 1
8113533 6 1 10 1
8113730 0 1 7 0
8114064 4 1 3 0
8114142 7 1 2 0
8114349 0 1 12 0
8114586 5 1 8 1
8114604 6 1 7 1
8114713 6 1 5 0
8115184 7 1 3 1
8115310 6 1 11 0
8115452 6 1 4 1
8115576 3 1 1 1
8115586 299 0 1 1
8115923 276 0 1 1
8115944 0 1 3 1
8116229 0 1 7 1
8116337 326 0 1 1
8116373 2 1 6 0
8116442 3 1 12 0
8117214 14 1 4 0
8117386 164 0 1 0
8118337 3 1 10 1
8118349 4 1 3 1
8119118 7 1 2 1
8119330 3 1 12 1
8119585 6 1 5 1
8119645 232 0 1 0
8119671 91 0 1 0
8120267 0 1 3 0
8120825 7 1 10 0
8121062 14 1 4 1
8121379 164 0 1 1
8121631 6 1 11 1
8121926 3 1 1 0
8122313 0 1 12 1
8122368 2 1 6 1
8122708 2 1 1 0
8123005 63 0 1 0
8123021 326 0 1 0
8123098 5 1 8 0
8123172 7 1 3 0
8123186 6 1 4 0
8123355 4 1 3 0
8123509 7 1 2 0
8124336 6 1 5 0
8125123 232 0 1 1
8125280 3 1 10 0
8125383 6 1 11 0
8125441 2 1 6 0
8125461 2 1 1 1
8125523 0 1 12 0
8125590 7 1 10 1
8126010 335 0 1 0
8126070 6 1 7 0
8126194 6 1 4 1
8126264 5 1 8 1
8126464 0 1 3 1
8126933 7 1 2 1
8127129 91 0 1 1
8127298 7 1 3 1
8127351 276 0 1 0
8127386 120 0 1 1
8127521 4 1 3 1
8127651 3 1 1 1
8127713 3 1 4 0
8127745 299 0 1 0
8128093 237 0 1 1
8128823 6 1 7 1
8128835 6 1 5 1
8128937 6 1 5 0
8129220 6 1 5 1
8129446 3 1 10 1
8129466 14 1 4 0
8129612 292 0 1 0
8129874 0 1 7 0
8129998 6 1 10 0
8130060 2 1 6 1
8130089 3 1 4 1
8130188 6 1 11 1
8130732 6 1 4 0
8131031 326 0 1 1
8131088 7 1 2 0
8131167 3 1 12 0
8131587 0 1 3 0
8131839 276 0 1 1
8132394 4 1 3 0
8132425 120 0 1 0
8132497 335 0 1 1
8132733 0 1 12 1
8132807 91 0 1 0
8132860 299 0 1 1
8132874 6 1 10 1
8133353 0 1 7 1
8133427 3 1 1 0
8133437 14 1 4 1
8133463 0 1 7 0
8133605 292 0 1 1
8133726 0 1 7 1
8133735 2 1 6 0
8133858 6 1 5 0
8133920 7 1 3 0
8134190 3 1 10 0
8134190 6 1 4 1
8134427 63 0 1 1
8134495 237 0 1 0
8134516 7 1 2 1
8134595 3 1 12 1
8134691 6 1 11 0
8134738 7 1 10 0
8135192 5 1 8 0
8136713 0 1 12 0
8137060 4 1 3 1
8137338 164 0 1 0
8137661 0 1 3 1
8138090 3 1 10 1
8138219 7 1 3 1
8138368 14 1 4 0
8138422 3 1 1 1
8138556 326 0 1 0
8138622 7 1 10 1
8138853 6 1 5 1
8138862 5 1 8 1
8138955 7 1 2 0
8139956 279 0 1 1
8140230 2 1 6 1
8140502 6 1 7 0
8140528 2 1 1 0
8140619 6 1 11 1
8140728 6 1 11 0
8140760 91 0 1 1
8140836 164 0 1 1
8140836 0 1 3 0
8140986 14 1 4 1
8141000 6 1 11 1
8141412 6 1 4 0
8142531 4 1 3 0
8142829 276 0 1 0
8143022 7 1 2 1
8143281 2 1 1 1
8143396 6 1 5 0
8143636 6 1 7 1
8144068 6 1 10 0
8144193 6 1 11 0
8144487 3 1 1 0
8144565 120 0 1 1
8144578 6 1 4 1
8144676 3 1 10 0
8144939 0 1 12 1
8144954 2 1 6 0
8145037 7 1 10 0
8145447 7 1 3 0
8145571 299 0 1 0
8146172 0 1 3 1
8146516 3 1 12 0
8146789 279 0 1 0
8146824 4 1 3 1
8146956 6 1 10 1
8147001 7 1 2 0
8147504 91 0 1 0
8147613 0 1 12 0
8147802 7 1 10 1
8147812 276 0 1 1
8148055 6 1 5 1
8148100 120 0 1 0
8148114 5 1 8 0
8148993 14 1 4 0
8149089 3 1 1 1
8149178 0 1 7 0
8149371 6 1 11 1
8149541 6 1 4 0
8149743 3 1 12 1
8149760 7 1 3 1
8149850 0 1 3 0
8149989 3 1 10 1
8150153 299 0 1 1
8150425 7 1 2 1
8150583 326 0 1 1
8151047 63 0 1 0
8151116 2 1 6 1
8152016 335 0 1 0
8152318 6 1 7 0
8152343 232 0 1 0
8152502 4 1 3 0
8152510 6 1 5 0
8152517 5 1 8 1
8152546 0 1 7 1
8152564 6 1 4 1
8152627 14 1 4 1
8152977 3 1 4 0
8153115 3 1 1 0
8153733 7 1 10 0
8154053 6 1 11 0
8154909 7 1 2 0
8155027 0 1 3 1
8155133 2 1 6 0
8155452 6 1 7 1
8155726 3 1 4 1
8155952 91 0 1 1
8156227 279 0 1 1
8156355 232 0 1 1
8156528 326 0 1 0
8156863 7 1 10 1
8157042 6 1 5 1
8157081 3 1 10 0
8157360 3 1 1 1
8157553 4 1 3 1
8157633 5 1 8 0
8157766 164 0 1 0
8157824 0 1 12 1
8157846 2 1 1 0
8157927 6 1 4 0
8158484 335 0 1 1
8158731 6 1 11 1
8158775 7 1 3 0
8159033 7 1 2 1
8159180 0 1 3 0
8159251 2 1 6 1
8159348 2 1 6 0
8159358 14 1 4 0
8159701 2 1 6 1
8159792 276 0 1 0
8159862 2 1 6 0
8160140 2 1 6 1
8160278 120 0 1 1
8160472 2 1 1 1
8160920 0 1 12 0
8161322 299 0 1 0
8161458 6 1 4 1
8161475 63 0 1 1
8161719 6 1 5 0
8161759 164 0 1 1
8161788 3 1 12 0
8161992 6 1 11 0
8162077 6 1 10 0
8162239 91 0 1 0
8162248 237 0 1 1
8162280 292 0 1 0
8162286 279 0 1 0
8162417 5 1 8 1
8162742 7 1 2 0
8162766 7 1 3 1
8162767 3 1 10 1
8163195 6 1 7 0
8163685 0 1 7 0
8163813 120 0 1 0
8163813 2 1 6 0
8164001 3 1 1 0
8164039 4 1 3 0
8164280 276 0 1 1
8164516 0 1 3 1
8164557 326 0 1 1
8164805 14 1 4 1
8164880 7 1 10 0
8165039 3 1 12 1
8165342 6 1 10 1
8165904 299 0 1 1
8166198 6 1 7 1
8166273 292 0 1 1
8166430 0 1 7 1
8166706 6 1 5 1
8166964 5 1 8 0
8167368 7 1 2 1
8168323 0 1 3 0
8168339 4 1 3 1
8169133 7 1 10 1
8169183 2 1 6 1
8169322 7 1 3 0
8169710 6 1 11 1
8169849 3 1 1 1
8169855 6 1 4 0
8170007 5 1 8 1
8170122 5 1 8 0
8170135 237 0 1 0
8170913 7 1 2 0
8171182 91 0 1 1
8171279 3 1 10 0
8171603 0 1 12 1
8171726 5 1 8 1
8171817 6 1 5 0
8172115 232 0 1 0
8172231 4 1 3 0
8172714 279 0 1 1
8173071 7 1 3 1
8173548 2 1 6 0
8173893 6 1 11 0
8174263 0 1 3 1
8174271 6 1 4 1
8174333 0 1 12 0
8174887 120 0 1 1
8175033 326 0 1 0
8175524 7 1 2 1
8175670 276 0 1 0
8176092 14 1 4 0
8176376 3 1 1 0
8176500 3 1 10 1
8176603 232 0 1 1
8176606 4 1 3 1
8176616 299 0 1 0
8176633 5 1 8 0
8177062 6 1 5 1
8177098 237 0 1 1
8177151 2 1 1 0
8177269 7 1 10 0
8177393 91 0 1 0
8177517 6 1 10 0
8177934 0 1 3 0
8178041 335 0 1 0
8178289 7 1 3 0
8178305 6 1 11 1
8178384 6 1 11 0
8178687 3 1 12 0
8178809 6 1 11 1
8179192 279 0 1 0
8179277 0 1 7 0
8179412 2 1 6 1
8179431 120 0 1 0
8179448 14 1 4 1
8179912 2 1 1 1
8180158 276 0 1 1
8180391 7 1 10 1
8180393 6 1 10 1
8180396 6 1 4 0
8180917 63 0 1 0
8181183 164 0 1 0
8181421 7 1 2 0
8181669 5 1 8 1
8181674 299 0 1 1
8181689 6 1 5 0
8181966 6 1 11 0
8182008 3 1 1 1
8182024 4 1 3 0
8182038 7 1 3 1
8182091 3 1 12 1
8182500 6 1 7 0
8182700 3 1 10 0
8182756 0 1 7 1
8183292 6 1 4 1
8183460 2 1 6 0
8184181 3 1 4 0
8184356 91 0 1 1
8184393 0 1 3 1
8184528 335 0 1 1
8184583 0 1 12 1
8184966 326 0 1 1
8184985 237 0 1 0
8185176 164 0 1 1
8185781 4 1 3 1
8185880 6 1 7 1
8185889 7 1 2 1
8186415 6 1 5 1
8186434 14 1 4 0
8186723 5 1 8 0
8186971 3 1 10 1
8187155 7 1 10 0
8187303 3 1 4 1
8187597 0 1 12 0
8187640 279 0 1 1
8187816 232 0 1 0
8188148 6 1 11 1
8188601 120 0 1 1
8188779 0 1 3 0
8188867 3 1 1 0
8189365 63 0 1 1
8189512 7 1 2 0
8189559 6 1 4 0
8189997 7 1 3 0
8190320 2 1 6 1
8190539 7 1 10 1
8190757 91 0 1 0
8190897 14 1 4 1
8191088 5 1 8 1
8191167 276 0 1 0
8191243 6 1 5 0
8191311 6 1 11 0
8191565 4 1 3 0
8191809 232 0 1 1
8192578 6 1 4 1
8192669 120 0 1 0
8192675 6 1 4 0
8192832 6 1 4 1
8193325 7 1 2 1
8193390 6 1 7 0
8193538 326 0 1 0
8193642 279 0 1 0
8193713 3 1 12 0
8193813 3 1 10 0
8193871 299 0 1 0
8193873 0 1 3 1
8194920 2 1 6 0
8194969 3 1 1 1
8194988 7 1 3 1
8195032 6 1 10 0
8195444 5 1 8 0
8195958 292 0 1 0
8196270 6 1 7 1
8196360 6 1 7 0
8196504 6 1 5 1
8196645 276 0 1 1
8196651 6 1 7 1
8196703 4 1 3 1
8196783 7 1 10 0
8196945 3 1 12 1
8196951 2 1 1 0
8197112 6 1 11 1
8197598 0 1 3 0
8197625 6 1 4 0
8197720 91 0 1 1
8197877 0 1 7 0
8197924 6 1 10 1
8198142 14 1 4 0
8198482 0 1 12 1
8198725 3 1 10 1
8198929 299 0 1 1
8199021 335 0 1 0
8199128 7 1 2 0
8199581 2 1 1 1
8199805 5 1 8 1
8200159 7 1 10 1
8200446 292 0 1 1
8200644 6 1 4 1
8201053 326 0 1 1
8201126 3 1 1 0
8201184 6 1 5 0
8201230 6 1 11 0
8201491 0 1 7 1
8201558 0 1 12 0
8201621 14 1 4 1
8201661 2 1 6 1
8201677 4 1 3 0
8202230 7 1 3 0
8202677 63 0 1 0
8202791 120 0 1 1
8203131 7 1 2 1
8203549 0 1 3 1
8203912 91 0 1 0
8204105 164 0 1 0
8204695 5 1 8 0
8205182 6 1 5 1
8205240 3 1 1 1
8205515 6 1 11 1
8205527 335 0 1 1
8205606 7 1 3 1
8206050 279 0 1 1
8206307 4 1 3 1
8206437 2 1 6 0
8206731 6 1 4 0
8206779 7 1 10 0
8206798 237 0 1 1
8206859 120 0 1 0
8207179 7 1 2 0
8207235 3 1 10 0
8207726 0 1 3 0
8208073 276 0 1 0
8208098 164 0 1 1
8208521 326 0 1 0
8208981 6 1 11 0
8209065 3 1 1 0
8209520 6 1 10 0
8209604 5 1 8 1
8209675 6 1 5 0
8209905 7 1 10 1
8210135 63 0 1 1
8210220 6 1 7 0
8210258 6 1 4 1
8210367 3 1 12 0
8210650 299 0 1 0
8211008 7 1 2 1
8211370 91 0 1 1
8211762 4 1 3 0
8211777 7 1 3 0
8212072 14 1 4 0
8212468 6 1 10 1
8212479 0 1 7 0
8212560 3 1 1 1
8212561 276 0 1 1
8212566 279 0 1 0
8212705 237 0 1 0
8212806 3 1 10 1
8213013 3 1 12 1
8213354 6 1 7 1
8213616 0 1 3 1
8213681 2 1 1 0
8213920 2 1 6 1
8214414 3 1 4 0
8214516 6 1 5 1
8214544 6 1 11 1
8214747 5 1 8 0
8215224 0 1 7 1
8215423 6 1 4 0
8215518 7 1 3 1
8215642 4 1 3 1
8215765 299 0 1 1
8215781 4 1 3 0
8215879 14 1 4 1
8216019 4 1 3 1
8216557 2 1 1 1
8216572 91 0 1 0
8216783 7 1 2 0
8217036 3 1 4 1
8217160 232 0 1 0
8217528 292 0 1 0
8217648 3 1 1 0
8217835 0 1 3 0
8217845 7 1 10 0
8217933 120 0 1 1
8217954 2 1 6 0
8218577 6 1 4 1
8218993 5 1 8 1
8219202 7 1 3 0
8219426 6 1 11 0
8219475 6 1 5 0
8220608 7 1 2 1
8220779 3 1 10 0
8221360 7 1 10 1
8221521 292 0 1 1
8221758 3 1 1 1
8221835 4 1 3 0
8222004 279 0 1 1
8222143 232 0 1 1
8222832 7 1 3 1
8223010 120 0 1 0
8223039 326 0 1 1
8223568 14 1 4 0
8223790 0 1 3 1
8223923 335 0 1 0
8223980 63 0 1 0
8223997 6 1 11 1
8224123 237 0 1 1
8224199 2 1 6 1
8224267 3 1 10 1
8224292 5 1 8 0
8224339 6 1 5 1
8224503 276 0 1 0
8224525 91 0 1 1
8224903 6 1 10 0
8225217 3 1 12 0
8225565 6 1 7 0
8225902 6 1 4 0
8225950 7 1 2 0
8226551 164 0 1 0
8226558 3 1 1 0
8227170 14 1 4 1
8227596 4 1 3 1
8227944 0 1 3 0
8227976 6 1 11 0
8227977 279 0 1 0
8228045 6 1 10 1
8228117 3 1 12 1
8228223 0 1 7 0
8228334 6 1 7 1
8228334 2 1 6 0
8228457 299 0 1 0
8228677 5 1 8 1
8228745 5 1 8 0
8228921 6 1 5 0
8228925 6 1 4 1
8229070 5 1 8 1
8229368 326 0 1 0
8229486 276 0 1 1
8229517 7 1 2 1
8229833 7 1 10 0
8229910 3 1 10 0
8230391 335 0 1 1
8230525 237 0 1 0
8230544 164 0 1 1
8230791 3 1 1 1
8230793 91 0 1 0
8231139 7 1 3 0
8231587 0 1 7 1
8232428 63 0 1 1
8232801 4 1 3 0
8233408 6 1 5 1
8233553 299 0 1 1
8233691 3 1 10 1
8233778 7 1 2 0
8233780 0 1 3 1
8233789 6 1 11 1
8233957 5 1 8 0
8233963 7 1 10 1
8234076 2 1 1 0
8234477 14 1 4 0
8234488 6 1 4 0
8234900 7 1 3 1
8235071 2 1 6 1
8236197 120 0 1 1
8236688 3 1 1 0
8236765 2 1 1 1
8236883 326 0 1 1
8236944 7 1 2 1
8237095 14 1 4 1
8237163 7 1 2 0
8237325 7 1 2 1
8237415 279 0 1 1
8237562 4 1 3 1
8237784 0 1 3 0
8237784 6 1 5 0
8238087 3 1 12 0
8238273 6 1 4 1
8238507 6 1 11 0
8238719 5 1 8 1
8238746 91 0 1 1
8239425 6 1 7 0
8239625 3 1 10 0
8239732 2 1 6 0
8239992 7 1 3 0
8240265 120 0 1 0
8240458 237 0 1 1
8240806 3 1 1 1
8240864 3 1 12 1
8241466 276 0 1 0
8241605 7 1 10 0
8241816 0 1 7 0
8242303 6 1 5 1
8242313 6 1 7 1
8242381 0 1 3 1
8242682 3 1 10 1
8242804 6 1 11 1
8243098 4 1 3 0
8243247 5 1 8 0
8243327 6 1 10 0
8243979 279 0 1 0
8244073 0 1 7 1
8244114 3 1 4 0
8244218 335 0 1 0
8244715 7 1 2 0
8244840 7 1 3 1
8244880 237 0 1 0
8245007 3 1 1 0
8245092 6 1 4 0
8245274 299 0 1 0
8245493 7 1 10 1
8245642 91 0 1 0
8245863 14 1 4 0
8245942 326 0 1 0
8245954 276 0 1 1
8246216 63 0 1 0
8246427 0 1 3 0
8246465 6 1 10 1
8246661 4 1 3 1
8246741 6 1 5 0
8246846 2 1 6 1
8247057 6 1 11 0
8247481 3 1 4 1
8247558 7 1 2 1
8248504 6 1 4 1
8248779 5 1 8 1
8249117 3 1 1 1
8249230 6 1 7 0
8249473 164 0 1 0
8249525 3 1 10 0
8249856 299 0 1 1
8250080 14 1 4 1
8250319 4 1 3 0
8250330 120 0 1 1
8250749 292 0 1 0
8251000 2 1 1 0
8251211 2 1 6 0
8251224 6 1 5 1
8251694 63 0 1 1
8251714 335 0 1 1
8252251 7 1 2 0
8252360 6 1 7 1
8252361 120 0 1 0
8252625 0 1 3 1
8252862 6 1 11 1
8252933 3 1 10 1
8253041 3 1 10 0
8253100 91 0 1 1
8253147 5 1 8 0
8253204 3 1 12 0
8253288 7 1 10 0
8253310 3 1 10 1
8253357 7 1 3 0
8253466 164 0 1 1
8253626 2 1 1 1
8254171 14 1 4 0
8254207 3 1 1 0
8254581 4 1 3 1
8254742 292 0 1 1
8255397 279 0 1 1
8255518 6 1 4 0
8255957 326 0 1 1
8256041 7 1 10 1
8256194 5 1 8 1
8256306 6 1 5 0
8256366 3 1 12 1
8256372 5 1 8 0
8256835 63 0 1 0
8256842 7 1 2 1
8256849 276 0 1 0
8256912 14 1 4 1
8257065 0 1 7 0
8257389 7 1 3 1
8257403 6 1 11 0
8257423 0 1 3 0
8257512 5 1 8 1
8257944 3 1 1 1
8258361 4 1 3 0
8258604 2 1 6 1
8258612 3 1 10 0
8258740 91 0 1 0
8259311 6 1 4 1
8259475 120 0 1 1
8260048 6 1 10 0
8260478 120 0 1 0
8260623 6 1 5 1
8260683 0 1 7 1
8261025 299 0 1 0
8261215 232 0 1 0
8261277 7 1 3 0
8261337 276 0 1 1
8261369 3 1 10 1
8261489 7 1 10 0
8261541 6 1 11 1
8261741 4 1 3 1
8262238 237 0 1 1
8262313 63 0 1 1
8262351 279 0 1 0
8262643 2 1 6 0
8262799 5 1 8 0
8263373 6 1 10 1
8263435 3 1 1 0
8264070 120 0 1 1
8264358 0 1 3 1
8264370 326 0 1 0
8264468 7 1 2 0
8264777 6 1 4 0
8265227 232 0 1 1
8265238 7 1 10 1
8265272 7 1 3 1
8265451 6 1 5 0
8265607 299 0 1 1
8265660 6 1 7 0
8265983 2 1 1 0
8266101 3 1 10 0
8266303 6 1 11 0
8266882 4 1 3 0
8267188 91 0 1 1
8267357 5 1 8 1
8267933 7 1 2 1
8268197 6 1 4 1
8268432 14 1 4 0
8268595 120 0 1 0
8268617 2 1 1 1
8268777 3 1 12 0
8268926 3 1 1 1
8269036 6 1 7 1
8269126 2 1 6 1
8269427 0 1 3 0
8270125 237 0 1 0
8270159 6 1 5 1
8271477 6 1 11 1
8271509 6 1 11 0
8271529 3 1 10 1
8271764 6 1 11 1
8271770 4 1 3 1
8271789 279 0 1 1
8271937 5 1 8 0
8272066 3 1 12 1
8272367 3 1 4 0
8272376 164 0 1 0
8272386 326 0 1 1
8272573 7 1 2 0
8272860 276 0 1 0
8272942 91 0 1 0
8272951 2 1 6 0
8273157 7 1 3 0
8273918 335 0 1 0
8274206 7 1 10 0
8274351 0 1 3 1
8274617 14 1 4 1
8274848 6 1 4 0
8274860 6 1 5 0
8275239 3 1 4 1
8275303 0 1 7 0
8275743 6 1 11 0
8275786 299 0 1 0
8275871 3 1 1 0
8276369 164 0 1 1
8276420 4 1 3 0
8276560 232 0 1 0
8276660 7 1 2 1
8276953 5 1 8 1
8277470 7 1 3 1
8277740 6 1 4 1
8277843 276 0 1 1
8278305 279 0 1 0
8278858 6 1 10 0
8279036 0 1 7 1
8279060 0 1 3 0
8279288 6 1 5 1
8279327 2 1 6 1
8279344 7 1 10 1
8279396 335 0 1 1
8279608 63 0 1 0
8279764 120 0 1 1
8280179 3 1 10 0
8280387 299 0 1 1
8280895 91 0 1 1
8281077 7 1 3 0
8281121 7 1 2 0
8281151 6 1 11 1
8281343 326 0 1 0
8281543 237 0 1 1
8281837 5 1 8 0
8281846 3 1 1 1
8281931 4 1 3 1
8281995 6 1 7 0
8282057 232 0 1 1
8282111 6 1 10 1
8282683 2 1 1 0
8282939 6 1 4 0
8282972 14 1 4 0
8283688 2 1 6 0
8283913 292 0 1 0
8284028 6 1 5 0
8284207 7 1 3 1
8284422 7 1 2 1
8284776 0 1 3 1
8284841 120 0 1 0
8284968 4 1 3 0
8285006 6 1 7 1
8285086 63 0 1 1
8285112 3 1 12 0
8285275 2 1 1 1
8286097 6 1 4 1
8286123 3 1 10 1
8286575 5 1 8 1
8286636 6 1 11 0
8286955 237 0 1 0
8287715 91 0 1 0
8287743 279 0 1 1
8287906 292 0 1 1
8288232 14 1 4 1
8288236 0 1 3 0
8288362 3 1 1 0
8288524 3 1 12 1
8288645 6 1 5 1
8288725 4 1 3 1
8288905 232 0 1 0
8289455 7 1 10 0
8290024 7 1 3 0
8290261 276 0 1 0
8290278 7 1 2 0
8291167 2 1 6 1
8291196 6 1 4 0
8291356 5 1 8 0
8291814 6 1 11 1
8292095 3 1 10 0
8292403 232 0 1 1
8292584 299 0 1 0
8292716 7 1 10 1
8292726 3 1 1 1
8293008 0 1 7 0
8293142 7 1 3 1
8293281 4 1 3 0
8293309 7 1 2 1
8293370 326 0 1 1
8293449 0 1 3 1
8293652 6 1 5 0
8293764 279 0 1 0
8294232 6 1 10 0
8294592 6 1 4 1
8294749 276 0 1 1
8294803 164 0 1 0
8295668 91 0 1 1
8295999 0 1 7 1
8296032 2 1 6 0
8296106 5 1 8 1
8296134 3 1 10 1
8296146 3 1 4 0
8296244 3 1 10 0
8296294 6 1 11 0
8296511 3 1 10 1
8296845 6 1 7 0
8296864 3 1 1 0
8297005 6 1 10 1
8297035 14 1 4 0
8297370 63 0 1 0
8297548 2 1 1 0
8297680 299 0 1 1
8297888 0 1 3 0
8298173 335 0 1 0
8298249 4 1 3 1
8298389 6 1 5 1
8298796 164 0 1 1
8299264 3 1 4 1
8299574 6 1 4 0
8299722 7 1 10 0
8299729 6 1 7 1
8300284 5 1 8 0
8300432 2 1 1 1
8300465 120 0 1 1
8300579 7 1 3 0
8300847 3 1 1 1
8300987 3 1 12 0
8301638 326 0 1 0
8301756 14 1 4 1
8301778 3 1 10 0
8301872 7 1 2 0
8301936 91 0 1 0
8301976 6 1 11 1
8302181 0 1 3 1
8302227 0 1 3 0
8302596 0 1 3 1
8302610 7 1 10 1
8302859 6 1 4 1
8302893 6 1 5 0
8303091 4 1 3 0
8303150 2 1 6 1
8303202 279 0 1 1
8304141 3 1 12 1
8304571 120 0 1 0
8304641 335 0 1 1
8304649 5 1 8 1
8304828 63 0 1 1
8304977 5 1 8 0
8305169 5 1 8 1
8305187 276 0 1 0
8305808 7 1 2 1
8305898 3 1 1 0
8305919 3 1 10 1
8306125 0 1 7 0
8306464 14 1 4 0
8306474 6 1 11 0
8306556 0 1 3 0
8306725 4 1 3 1
8306824 7 1 3 1
8307240 6 1 7 0
8307265 6 1 5 1
8307321 2 1 6 0
8307596 6 1 10 0
8308803 7 1 10 0
8308887 299 0 1 0
8309082 14 1 4 1
8309243 0 1 7 1
8309661 279 0 1 0
8309675 276 0 1 1
8309889 91 0 1 1
8309899 5 1 8 0
8310218 6 1 10 1
8310262 3 1 1 1
8310643 4 1 3 0
8310644 6 1 11 1
8310870 6 1 7 1
8311035 6 1 4 0
8311400 3 1 10 0
8311666 326 0 1 1
8311671 7 1 10 1
8311766 6 1 5 0
8312019 0 1 3 1
8313550 2 1 6 1
8313945 299 0 1 1
8314100 7 1 3 0
8314506 5 1 8 1
8314508 335 0 1 0
8314697 6 1 4 1
8315023 4 1 3 1
8315216 6 1 11 0
8315658 3 1 1 0
8315664 120 0 1 1
8316055 7 1 2 0
8316086 14 1 4 0
8316136 6 1 5 1
8316157 91 0 1 0
8316193 237 0 1 1
8316193 3 1 10 1
8316456 0 1 3 0
8316488 326 0 1 0
8316548 2 1 1 0
8316722 7 1 3 1
8317096 292 0 1 0
8317345 2 1 6 0
8317416 3 1 12 0
8318239 164 0 1 0
8318308 4 1 3 0
8318392 7 1 10 0
8318597 63 0 1 0
8318864 6 1 4 0
8319086 7 1 2 1
8319099 279 0 1 1
8319157 3 1 1 1
8319192 279 0 1 0
8319196 14 1 4 1
8319428 2 1 1 1
8319531 5 1 8 0
8319694 276 0 1 0
8319986 335 0 1 1
8320089 279 0 1 1
8320189 279 0 1 0
8320316 6 1 5 0
8320722 120 0 1 0
8320960 6 1 10 0
8321079 279 0 1 1
8321089 292 0 1 1
8321171 3 1 12 1
8321780 7 1 10 1
8321787 6 1 11 1
8321915 0 1 3 1
8322232 164 0 1 1
8322272 6 1 4 1
8322465 7 1 3 0
8322517 3 1 1 0
8322565 4 1 3 1
8322815 3 1 10 0
8323354 0 1 7 0
8323615 91 0 1 1
8323644 7 1 2 0
8323687 276 0 1 1
8323844 2 1 6 1
8324118 6 1 10 1
8324124 299 0 1 0
8324146 5 1 8 1
8324222 6 1 7 0
8324575 237 0 1 0
8324627 6 1 5 1
8325472 0 1 3 0
8326055 63 0 1 1
8326346 3 1 10 1
8326360 3 1 4 0
8326377 3 1 1 1
8326681 279 0 1 0
8326833 0 1 7 1
8326838 7 1 2 1
8326848 6 1 11 0
8327229 6 1 7 1
8327363 14 1 4 0
8327396 4 1 3 0
8327456 7 1 3 1
8327697 299 0 1 1
8327758 2 1 6 0
8328515 326 0 1 1
8328612 5 1 8 0
8329265 3 1 4 1
8329319 0 1 3 1
8329321 6 1 5 0
8329807 91 0 1 0
8330358 6 1 4 0
8330486 6 1 11 1
8330633 7 1 10 0
8330830 3 1 10 0
8331010 232 0 1 0
8331457 14 1 4 1
8331661 4 1 3 1
8332796 3 1 1 0
8333192 5 1 8 1
8333488 7 1 3 0
8333670 0 1 3 0
8333741 2 1 6 1
8333913 7 1 10 1
8334106 276 0 1 0
8334117 3 1 12 0
8334118 6 1 11 0
8334177 6 1 5 1
8334286 6 1 4 1
8334775 2 1 1 0
8335143 14 1 4 0
8335801 299 0 1 0
8335951 326 0 1 0
8335993 232 0 1 1
8336016 3 1 10 1
8336128 4 1 3 0
8336273 7 1 2 0
8336773 6 1 10 0
8336778 63 0 1 0
8336894 3 1 12 1
8336917 120 0 1 1
8337109 279 0 1 1
8337233 7 1 3 1
8337283 3 1 1 1
8337524 2 1 6 0
8337532 2 1 1 1
8337555 5 1 8 0
8337939 120 0 1 0
8338255 91 0 1 1
8338268 335 0 1 0
8338425 6 1 7 0
8338745 14 1 4 1
8339021 6 1 4 0
8339089 276 0 1 1
8339165 6 1 11 1
8339257 6 1 5 0
8339518 0 1 3 1
8339669 6 1 10 1
8339751 7 1 2 1
8340190 164 0 1 0
8340354 7 1 10 0
8340421 299 0 1 1
8340440 3 1 1 0
8340448 237 0 1 1
8340508 4 1 3 1
8341186 6 1 7 1
8341592 0 1 7 0
8342167 6 1 4 1
8342256 63 0 1 1
8342301 5 1 8 1
8343132 6 1 5 1
8343502 7 1 3 0
8343656 6 1 11 0
8343710 0 1 3 0
8343870 335 0 1 1
8343936 7 1 10 1
8344009 91 0 1 0
8344063 279 0 1 0
8344070 3 1 10 0
8344142 2 1 6 1
8344189 3 1 1 1
8344956 0 1 7 1
8345166 4 1 3 0
8345173 164 0 1 1
8346757 292 0 1 0
8347053 7 1 2 0
8347169 6 1 4 0
8347482 3 1 12 0
8347499 2 1 6 0
8347827 5 1 8 0
8347845 6 1 5 0
8347891 7 1 3 1
8348242 326 0 1 1
8348322 6 1 11 1
8348335 237 0 1 0
8348629 14 1 4 0
8349558 0 1 3 1
8349813 3 1 1 0
8350136 120 0 1 1
8350212 3 1 12 1
8350260 3 1 10 1
8350350 7 1 2 1
8350454 6 1 4 1
8350750 292 0 1 1
8351088 276 0 1 0
8351181 4 1 3 1
8351212 2 1 1 0
8351623 6 1 10 0
8351962 91 0 1 1
8352104 299 0 1 0
8352118 6 1 5 1
8352723 14 1 4 1
8352831 5 1 8 1
8353118 326 0 1 0
8353128 3 1 4 0
8353172 0 1 3 0
8353347 7 1 3 0
8353427 3 1 1 1
8353501 279 0 1 1
8353578 6 1 11 0
8353613 2 1 6 1
8353770 6 1 7 0
8353977 2 1 1 1
8354556 7 1 10 0
8354654 6 1 10 1
8355504 3 1 4 1
8355576 276 0 1 1
8355680 0 1 7 0
8356154 6 1 4 0
8356184 120 0 1 0
8356469 7 1 3 1
8356599 7 1 2 0
8356631 6 1 5 0
8356904 6 1 7 1
8356924 7 1 3 0
8356961 5 1 8 0
8357092 7 1 3 1
8357159 0 1 3 1
8357200 299 0 1 1
8357208 2 1 6 0
8357380 4 1 3 0
8357440 3 1 1 0
8357716 91 0 1 0
8357921 3 1 10 0
8357998 6 1 11 1
8358425 0 1 7 1
8358440 7 1 10 1
8358572 335 0 1 0
8358784 6 1 4 1
8358929 326 0 1 1
8359534 6 1 11 0
8359560 279 0 1 0
8360029 14 1 4 0
8360156 63 0 1 0
8360418 7 1 2 1
8360847 3 1 12 0
8361123 6 1 5 1
8361473 0 1 3 0
8361838 5 1 8 1
8361935 3 1 1 1
8362137 4 1 3 1
8363131 164 0 1 0
8363185 232 0 1 0
8363326 2 1 6 1
8363454 7 1 3 0
8363755 3 1 12 1
8364758 3 1 10 1
8365065 335 0 1 1
8365483 6 1 10 0
8365669 91 0 1 1
8365985 4 1 3 0
8366357 5 1 8 0
8366442 14 1 4 1
8366490 276 0 1 0
8366774 7 1 10 0
8367164 2 1 6 0
8367198 0 1 3 1
8367237 3 1 1 0
8367258 6 1 5 0
8367614 63 0 1 1
8367619 164 0 1 1
8367710 6 1 4 0
8368375 6 1 10 1
8368381 120 0 1 1
8368451 7 1 3 1
8369397 299 0 1 0
8369903 7 1 2 0
8369988 279 0 1 1
8370035 7 1 10 1
8370148 232 0 1 1
8370246 4 1 3 1
8370672 0 1 3 0
8371037 326 0 1 0
8371443 0 1 7 0
8371473 276 0 1 1
8371724 3 1 1 1
8371838 3 1 10 0
8371889 5 1 8 1
8372007 6 1 4 1
8372121 6 1 5 1
8372508 91 0 1 0
8372574 2 1 1 0
8372887 120 0 1 0
8373454 7 1 2 1
8374212 3 1 12 0
8374266 2 1 6 1
8374493 299 0 1 1
8374632 7 1 3 0
8374926 0 1 7 1
8375055 6 1 7 0
8375181 4 1 3 0
8375704 2 1 1 1
8375999 5 1 8 0
8376466 279 0 1 0
8376639 0 1 3 1
8376782 14 1 4 0
8376888 3 1 4 0
8376910 6 1 5 0
8376959 3 1 12 1
8376967 3 1 1 0
8377016 3 1 10 1
8377385 63 0 1 0
8377797 7 1 10 0
8377804 6 1 7 1
8377958 2 1 6 0
8378004 7 1 3 1
8378255 6 1 4 0
8378848 6 1 10 0
8379637 3 1 4 1
8379907 7 1 2 0
8379940 292 0 1 0
8380212 3 1 1 1
8380438 4 1 3 1
8380461 91 0 1 1
8380737 5 1 8 1
8381058 7 1 10 1
8381067 0 1 3 0
8381147 6 1 4 1
8381258 6 1 5 1
8381737 14 1 4 1
8381756 6 1 10 1
8383335 7 1 2 1
8383737 3 1 10 0
8383920 7 1 3 0
8383933 292 0 1 1
8383986 276 0 1 0
8384318 4 1 3 0
8384562 3 1 1 0
8384606 164 0 1 0
8384798 335 0 1 0
8384843 63 0 1 1
8385062 0 1 3 1
8385080 2 1 6 1
8385141 5 1 8 0
8385644 91 0 1 0
8385906 279 0 1 1
8386074 120 0 1 1
8386214 299 0 1 0
8386294 96 0 1 0
8386348 6 1 4 0
8386615 6 1 5 0
8387325 4 1 3 1
8387941 7 1 2 0
8388222 14 1 4 0
8388386 3 1 12 0
8388572 326 0 1 1
8388887 0 1 3 0
8388969 276 0 1 1
8388978 5 1 8 1
8389032 5 1 8 0
8389094 164 0 1 1
8389169 7 1 3 1
8389200 2 1 6 0
8389502 2 1 1 0
8389595 3 1 10 1
8389676 3 1 1 1
8389681 0 1 7 0
8389810 7 1 10 0
8389986 6 1 4 1
8390117 5 1 8 1
8390267 96 0 1 1
8390276 335 0 1 1
8390487 6 1 5 1
8390656 120 0 1 0
8391310 299 0 1 1
8391385 7 1 2 1
8391679 3 1 12 1
8391688 4 1 3 0
8392193 14 1 4 1
8392263 2 1 1 1
8392420 279 0 1 0
8392772 0 1 3 1
8392802 232 0 1 0
8392996 63 0 1 0
8393164 0 1 7 1
8393455 6 1 7 0
8394203 326 0 1 0
8394583 7 1 10 1
8394587 91 0 1 1
8394688 6 1 10 0
8394972 5 1 8 0
8395106 6 1 5 0
8395715 0 1 3 0
8395831 6 1 7 1
8395848 3 1 1 0
8395895 7 1 3 0
8396052 2 1 6 1
8396195 4 1 3 1
8396198 2 1 6 0
8396425 2 1 6 1
8396457 6 1 4 0
8396540 3 1 10 0
8397714 6 1 10 1
8398118 7 1 2 0
8398794 232 0 1 1
8399099 6 1 4 1
8399378 7 1 3 1
8399448 5 1 8 1
8399585 6 1 5 1
8399648 335 0 1 0
8400111 4 1 3 0
8400214 326 0 1 1
8400310 2 1 6 0
8400454 63 0 1 1
8400892 276 0 1 0
8401089 3 1 1 1
8401234 14 1 4 0
8401296 7 1 2 1
8401407 91 0 1 0
8401453 292 0 1 0
8401513 3 1 10 1
8401858 279 0 1 1
8402016 7 1 10 0
8402317 0 1 3 1
8402777 120 0 1 1
8402789 5 1 8 0
8402922 3 1 12 0
8403469 299 0 1 0
8403618 4 1 3 1
8404302 0 1 7 0
8404344 14 1 4 1
8404438 6 1 5 0
8404491 6 1 4 0
8405380 276 0 1 1
8405446 292 0 1 1
8405548 164 0 1 0
8405806 3 1 12 1
8405890 7 1 3 0
8405963 0 1 3 0
8406837 3 1 1 0
8407031 7 1 10 1
8407131 335 0 1 1
8407199 2 1 1 0
8407277 5 1 8 1
8407301 0 1 7 1
8407305 2 1 6 1
8407321 120 0 1 0
8407394 5 1 8 0
8407491 3 1 10 0
8407588 7 1 2 0
8407812 5 1 8 1
8407936 279 0 1 0
8408026 6 1 4 1
8408063 326 0 1 0
8408175 6 1 5 1
8408584 299 0 1 1
8408886 4 1 3 0
8409043 6 1 10 0
8409102 63 0 1 0
8409710 2 1 1 1
8410036 164 0 1 1
8410091 3 1 4 0
8410200 6 1 7 0
8410350 91 0 1 1
8410946 0 1 3 1
8411078 3 1 1 1
8411155 7 1 2 1
8411546 14 1 4 0
8411710 2 1 6 0
8412324 6 1 10 1
8412392 5 1 8 0
8412659 7 1 3 1
8412770 7 1 10 0
8413046 3 1 10 1
8413076 6 1 7 1
8413086 3 1 4 1
8413116 6 1 5 0
8414600 6 1 4 0
8414675 0 1 3 0
8414961 4 1 3 1
8416491 5 1 8 1
8416560 63 0 1 1
8416580 91 0 1 0
8416903 276 0 1 0
8417026 3 1 1 0
8417202 7 1 3 0
8417277 3 1 12 0
8417293 14 1 4 1
8417374 279 0 1 1
8417508 6 1 4 1
8417888 6 1 5 1
8418530 7 1 2 0
8418924 7 1 10 1
8419092 2 1 6 1
8419795 3 1 10 0
8420072 5 1 8 0
8420154 3 1 12 1
8420762 299 0 1 0
8420832 7 1 3 1
8420896 0 1 3 1
8421055 0 1 7 0
8421259 3 1 1 1
8421886 276 0 1 1
8421927 4 1 3 0
8422270 2 1 6 0
8422381 2 1 1 0
8422526 120 0 1 1
8422585 232 0 1 0
8422838 6 1 5 0
8423022 7 1 2 1
8423133 6 1 4 0
8423852 279 0 1 0
8423990 7 1 3 0
8424290 5 1 8 1
8424432 14 1 4 0
8424527 5 1 8 0
8424533 91 0 1 1
8424669 0 1 7 1
8424713 63 0 1 0
8424920 0 1 3 0
8424945 5 1 8 1
8425022 5 1 8 0
8425093 237 0 1 1
8425142 2 1 1 1
8425363 299 0 1 1
8425465 5 1 8 1
8425725 7 1 10 0
8425873 6 1 10 0
8426061 120 0 1 0
8426152 6 1 4 1
8426434 4 1 3 1
8426467 3 1 1 0
8426490 164 0 1 0
8426578 232 0 1 1
8426873 335 0 1 0
8426882 3 1 10 1
8426910 96 0 1 0
8426943 6 1 5 1
8427751 7 1 3 1
8428634 2 1 6 1
8428728 7 1 2 0
8429031 6 1 10 1
8429264 14 1 4 1
8429316 0 1 3 1
8429601 7 1 10 1
8429771 7 1 10 0
8429982 7 1 10 1
8430032 5 1 8 0
8430231 4 1 3 0
8430487 326 0 1 1
8430831 3 1 1 1
8430978 164 0 1 1
8431372 91 0 1 0
8431517 7 1 2 1
8431748 2 1 6 0
8431753 6 1 4 0
8431980 6 1 7 0
8432171 63 0 1 1
8432459 6 1 5 0
8432485 237 0 1 0
8432521 7 1 3 0
8432741 3 1 10 0
8433358 96 0 1 1
8433360 335 0 1 1
8433473 7 1 10 0
8433612 3 1 12 0
8434032 0 1 3 0
8434280 279 0 1 1
8434399 276 0 1 0
8434598 292 0 1 0
8434737 6 1 7 1
8434865 4 1 3 1
8434954 6 1 4 1
8435306 5 1 8 1
8436075 299 0 1 0
8436240 120 0 1 1
8436488 3 1 12 1
8436501 3 1 1 0
8436520 7 1 3 1
8436819 6 1 5 1
8437484 7 1 10 1
8437554 14 1 4 0
8437782 7 1 2 0
8437842 2 1 6 1
8438038 3 1 10 1
8438052 2 1 6 0
8438342 2 1 6 1
8438591 292 0 1 1
8439255 0 1 7 0
8439325 91 0 1 1
8439382 276 0 1 1
8440112 5 1 8 0
8440779 6 1 10 0
8440803 120 0 1 0
8440857 3 1 1 1
8440910 14 1 4 1
8440962 7 1 3 0
8441068 4 1 3 0
8441133 299 0 1 1
8441276 63 0 1 0
8441348 279 0 1 0
8441476 2 1 6 0
8441610 0 1 3 1
8441649 6 1 5 0
8441678 7 1 2 1
8441690 3 1 10 0
8441748 6 1 4 0
8441936 2 1 1 0
8443111 0 1 7 1
8443671 6 1 10 1
8443703 335 0 1 0
8443783 7 1 10 0
8444269 3 1 4 0
8444648 6 1 4 1
8444693 2 1 1 1
8445401 3 1 1 0
8445737 14 1 4 0
8445759 5 1 8 1
8445894 6 1 5 1
8445987 3 1 12 0
8446031 91 0 1 0
8446330 7 1 2 0
8446423 164 0 1 0
8446513 0 1 3 0
8446606 3 1 10 1
8446673 326 0 1 0
8446754 63 0 1 1
8446957 7 1 3 1
8447141 3 1 4 1
8447829 4 1 3 1
8448349 232 0 1 0
8448413 7 1 10 1
8448650 3 1 1 1
8448756 3 1 12 1
8448810 6 1 7 0
8448832 2 1 6 1
8449184 5 1 8 0
8449291 335 0 1 1
8449770 7 1 2 1
8450602 14 1 4 1
8450911 164 0 1 1
8451214 6 1 4 0
8451381 276 0 1 0
8451485 3 1 10 0
8451725 6 1 5 0
8451776 279 0 1 1
8451886 7 1 3 0
8451935 2 1 6 0
8452071 6 1 7 1
8452854 299 0 1 0
8453001 5 1 8 1
8453115 6 1 10 0
8453197 3 1 1 0
8453332 232 0 1 1
8453489 91 0 1 1
8453669 0 1 3 1
8454561 4 1 3 0
8454693 7 1 10 0
8454999 6 1 4 1
8455512 7 1 3 1
8455646 96 0 1 0
8455662 2 1 1 0
8455869 276 0 1 1
8455895 7 1 3 0
8456033 7 1 2 0
8456129 14 1 4 0
8456143 7 1 3 1
8456199 6 1 10 1
8456331 6 1 5 1
8456938 3 1 1 1
8457615 5 1 8 0
8457912 299 0 1 1
8457988 0 1 7 0
8458060 3 1 10 1
8458276 0 1 3 0
8458311 279 0 1 0
8458525 2 1 1 1
8458653 7 1 10 1
8458672 91 0 1 0
8458943 63 0 1 0
8459156 2 1 6 1
8459772 7 1 3 0
8459847 3 1 12 0
8460036 7 1 2 1
8460592 14 1 4 1
8460787 6 1 5 0
8461199 4 1 3 1
8461352 0 1 7 1
8461892 5 1 8 1
8461895 5 1 8 0
8462361 5 1 8 1
8462473 3 1 12 1
8462498 2 1 6 0
8462589 96 0 1 1
8463097 3 1 1 0
8463725 6 1 7 0
8463792 7 1 10 0
8464319 3 1 10 0
8464384 6 1 4 0
8464693 237 0 1 1
8464746 6 1 5 1
8464956 0 1 3 1
8465136 7 1 3 1
8465404 164 0 1 0
8466117 120 0 1 1
8466220 326 0 1 1
8466401 63 0 1 1
8466840 276 0 1 0
8466859 6 1 7 1
8466967 7 1 2 0
8467030 6 1 4 1
8467134 5 1 8 0
8467463 335 0 1 0
8467549 3 1 4 0
8467667 292 0 1 0
8467949 4 1 3 0
8468195 3 1 1 1
8468279 3 1 10 1
8468315 3 1 10 0
8468553 7 1 10 1
8468624 14 1 4 0
8468731 3 1 10 1
8468739 279 0 1 1
8469283 0 1 3 0
8469346 2 1 6 1
8469633 299 0 1 0
8469760 7 1 2 1
8469892 164 0 1 1
8469925 3 1 4 1
8470079 6 1 5 0
8470423 6 1 10 0
8470585 91 0 1 1
8470662 7 1 3 0
8471297 5 1 8 1
8471328 276 0 1 1
8471589 5 1 8 0
8471660 292 0 1 1
8471856 5 1 8 1
8471918 326 0 1 0
8472007 96 0 1 0
8472023 6 1 4 0
8472282 3 1 10 0
8472580 237 0 1 0
8472622 120 0 1 0
8472659 2 1 6 0
8472841 14 1 4 1
8473104 0 1 7 0
8473315 6 1 10 1
8473460 4 1 3 1
8473520 0 1 3 1
8473570 232 0 1 0
8473707 3 1 12 0
8473969 335 0 1 1
8474255 7 1 10 0
8474426 7 1 2 0
8474463 6 1 5 1
8474516 63 0 1 0
8474553 3 1 1 0
8474691 299 0 1 1
8475091 91 0 1 0
8475428 3 1 10 1
8475538 7 1 3 1
8475716 7 1 3 0
8475807 279 0 1 0
8475857 0 1 7 1
8475924 6 1 4 1
8476030 7 1 3 1
8476345 2 1 1 0
8476468 3 1 12 1
8476647 5 1 8 0
8477689 4 1 3 0
8477769 0 1 3 0
8478058 232 0 1 1
8478529 7 1 2 1
8478741 6 1 5 0
8478950 96 0 1 1
8479008 3 1 1 1
8479102 2 1 1 1
8479273 2 1 6 1
8479934 326 0 1 1
8480151 7 1 10 1
8480562 7 1 3 0
8480831 3 1 10 0
8480985 6 1 7 0
8481238 5 1 8 1
8481252 276 0 1 0
8481942 4 1 3 1
8481961 14 1 4 0
8482238 6 1 5 1
8482546 2 1 6 0
8483865 6 1 7 1
8483954 63 0 1 1
8484244 0 1 3 1
8484283 6 1 10 0
8484404 164 0 1 0
8485403 299 0 1 0
8485586 7 1 2 0
8485740 276 0 1 1
8485781 7 1 10 0
8485847 120 0 1 1
8485867 3 1 1 0
8486065 7 1 3 1
8486099 3 1 10 1
8486153 5 1 8 0
8486509 91 0 1 1
8486577 3 1 12 0
8486608 4 1 3 0
8487364 120 0 1 0
8487364 6 1 5 0
8487572 6 1 10 1
8487826 14 1 4 1
8487839 0 1 7 0
8487918 6 1 4 0
8488215 279 0 1 1
8488397 164 0 1 1
8489029 2 1 6 1
8489083 0 1 3 0
8489198 7 1 2 1
8489501 3 1 12 1
8489938 237 0 1 1
8490233 326 0 1 0
8490363 5 1 8 1
8490461 299 0 1 1
8490549 91 0 1 0
8490558 7 1 10 1
8491322 0 1 7 1
8491828 7 1 3 0
8491838 3 1 1 1
8492271 2 1 6 0
8492346 6 1 4 1
8492349 6 1 5 1
8492640 63 0 1 0
8492708 335 0 1 0
8492873 4 1 3 1
8494055 3 1 10 0
8494191 7 1 2 0
8494293 279 0 1 0
8494293 7 1 10 0
8494459 120 0 1 1
8494808 0 1 3 1
8494845 6 1 7 0
8495139 5 1 8 0
8495155 2 1 1 0
8496738 6 1 5 0
8496768 276 0 1 0
8496990 6 1 4 0
8497161 7 1 2 1
8497229 7 1 3 1
8497598 6 1 7 1
8497785 2 1 1 1
8497825 237 0 1 0
8497975 120 0 1 0
8498121 4 1 3 0
8498186 335 0 1 1
8498242 292 0 1 0
8498376 14 1 4 0
8498412 3 1 1 0
8498579 5 1 8 1
8498681 7 1 10 1
8498733 3 1 10 1
8498869 2 1 6 1
8499606 0 1 3 0
8499867 7 1 3 0
8500098 63 0 1 1
8500248 96 0 1 0
8500394 6 1 4 1
8500618 6 1 10 0
8500844 6 1 5 1
8500977 91 0 1 1
8501363 14 1 4 1
8501742 3 1 4 0
8501751 276 0 1 1
8501922 3 1 12 0
8501946 0 1 7 0
8502235 292 0 1 1
8502433 2 1 6 0
8502632 4 1 3 1
8502677 299 0 1 0
8502852 164 0 1 0
8502929 3 1 10 0
8503026 3 1 1 1
8503177 7 1 2 0
8503506 6 1 10 1
8503731 279 0 1 1
8503997 7 1 3 1
8504144 5 1 8 0
8504318 0 1 7 1
8504368 3 1 4 1
8504556 0 1 3 1
8504800 7 1 10 0
8504814 3 1 12 1
8504822 6 1 5 0
8505337 14 1 4 0
8505436 91 0 1 0
8505735 6 1 7 0
8506277 326 0 1 1
8506889 3 1 10 1
8507211 232 0 1 0
8507259 299 0 1 1
8507268 7 1 2 1
8507346 4 1 3 0
8507835 164 0 1 1
8507846 5 1 8 1
8508181 96 0 1 1
8508548 335 0 1 0
8508708 63 0 1 0
8508762 0 1 3 0
8508992 6 1 7 1
8509431 14 1 4 1
8509694 6 1 5 1
8509700 7 1 10 1
8509781 2 1 6 1
8509797 3 1 1 0
8510266 279 0 1 0
8510652 6 1 4 0
8510709 232 0 1 1
8511252 7 1 3 0
8512239 7 1 2 0
8512431 2 1 1 0
8512761 4 1 3 1
8513253 3 1 10 0
8513701 5 1 8 0
8513731 276 0 1 0
8513750 6 1 5 0
8514088 2 1 6 0
8514189 120 0 1 1
8514335 3 1 12 0
8514456 0 1 3 1
8514580 6 1 4 1
8514973 6 1 10 0
8515024 7 1 2 1
8515054 335 0 1 1
8515061 2 1 1 1
8515399 3 1 1 1
8516166 63 0 1 1
8516312 164 0 1 0
8516668 237 0 1 1
8516973 3 1 12 1
8517026 5 1 8 1
8517124 7 1 3 1
8517214 0 1 7 0
8517724 120 0 1 0
8517864 0 1 3 0
8517882 6 1 5 1
8517917 6 1 10 1
8517951 14 1 4 0
8518219 276 0 1 1
8518339 91 0 1 1
8518448 326 0 1 0
8518466 299 0 1 0
8518504 4 1 3 0
8518769 3 1 10 1
8519883 6 1 4 0
8520240 7 1 10 0
8520288 292 0 1 0
8520694 279 0 1 1
8520828 0 1 7 1
8521152 7 1 3 0
8521295 164 0 1 1
8521373 7 1 2 0
8521560 14 1 4 1
8522497 3 1 1 0
8522648 6 1 4 1
8522649 5 1 8 0
8522678 2 1 6 1
8522702 91 0 1 0
8523015 4 1 3 1
8523060 6 1 7 0
8523117 6 1 5 0
8523497 0 1 3 1
8523747 7 1 10 1
8523819 7 1 10 0
8524038 299 0 1 1
8524120 7 1 10 1
8524281 292 0 1 1
8525050 237 0 1 0
8525464 7 1 2 1
8526067 6 1 7 1
8526097 5 1 8 1
8526350 4 1 3 0
8526515 2 1 6 0
8526778 3 1 12 0
8527004 96 0 1 0
8527151 7 1 3 1
8527220 3 1 10 0
8527229 279 0 1 0
8527750 0 1 3 0
8527940 7 1 3 0
8528111 3 1 1 1
8528155 7 1 3 1
8528350 6 1 5 1
8528414 7 1 3 0
8528651 7 1 3 1
8529408 3 1 12 1
8529505 232 0 1 0
8529723 276 0 1 0
8529772 164 0 1 0
8529859 63 0 1 0
8529936 7 1 10 0
8530603 4 1 3 1
8530769 0 1 7 0
8530966 6 1 4 0
8531674 5 1 8 0
8531848 7 1 2 0
8531910 14 1 4 0
8531995 0 1 3 1
8532236 6 1 5 0
8532309 6 1 10 0
8532537 7 1 3 0
8532948 120 0 1 1
8533003 232 0 1 1
8533633 0 1 7 1
8533672 3 1 10 1
8533701 7 1 10 1
8533765 2 1 1 0
8533947 96 0 1 1
8534112 6 1 4 1
8534120 91 0 1 1
8534211 276 0 1 1
8534319 2 1 6 1
8534547 3 1 1 0
8534755 164 0 1 1
8534860 4 1 3 0
8535058 6 1 10 1
8535440 3 1 4 0
8535850 6 1 5 1
8535900 5 1 8 1
8535996 326 0 1 1
8536004 14 1 4 1
8536073 0 1 3 0
8536074 7 1 2 1
8536272 2 1 1 1
8536528 7 1 3 1
8536667 279 0 1 1
8536763 335 0 1 0
8537136 6 1 7 0
8537317 63 0 1 1
8537758 299 0 1 0
8538160 91 0 1 0
8538319 2 1 6 0
8538439 3 1 4 1
8539278 3 1 10 0
8539280 3 1 1 1
8539371 4 1 3 1
8539438 237 0 1 1
8539639 6 1 7 1
8540043 120 0 1 0
8540459 6 1 4 0
8540713 7 1 10 0
8540910 7 1 2 0
8540941 0 1 3 1
8541055 14 1 4 0
8541186 0 1 3 0
8541269 5 1 8 0
8541433 0 1 3 1
8541880 96 0 1 0
8541958 3 1 12 0
8542033 7 1 3 0
8542241 335 0 1 1
8542737 164 0 1 0
8542745 279 0 1 0
8542873 299 0 1 1
8543367 6 1 4 1
8543707 7 1 2 1
8543793 7 1 10 1
8543905 0 1 7 0
8544028 4 1 3 0
8544230 3 1 10 1
8544312 5 1 8 1
8544912 0 1 3 0
8545258 276 0 1 0
8545346 3 1 12 1
8545413 63 0 1 0
8545552 2 1 6 1
8545698 3 1 1 0
8546133 14 1 4 1
8546830 237 0 1 0
8546843 96 0 1 1
8547158 4 1 3 1
8547273 0 1 7 1
8547719 7 1 3 1
8547842 2 1 1 0
8547882 7 1 3 0
8548215 164 0 1 1
8548786 7 1 3 1
8548800 6 1 7 0
8548859 6 1 4 0
8549155 2 1 6 0
8549495 7 1 10 0
8549518 0 1 3 1
8549746 276 0 1 1
8549787 3 1 10 0
8550118 6 1 10 0
8550292 5 1 8 0
8550498 7 1 2 0
8550595 2 1 1 1
8550704 6 1 5 0
8550909 4 1 3 0
8551046 3 1 1 1
8551063 91 0 1 1
8551882 6 1 4 1
8552081 6 1 7 1
8552183 279 0 1 1
8552629 6 1 10 1
8552871 63 0 1 1
8552881 292 0 1 0
8553098 335 0 1 0
8553125 7 1 10 1
8553695 6 1 5 1
8553871 5 1 8 1
8554088 326 0 1 0
8554208 7 1 2 1
8554321 0 1 3 0
8554513 14 1 4 0
8554575 299 0 1 0
8554816 4 1 3 1
8554866 3 1 10 1
8555305 120 0 1 1
8555712 91 0 1 0
8555787 7 1 3 0
8555956 0 1 7 0
8556379 292 0 1 1
8557150 2 1 6 1
8557713 3 1 1 0
8557869 14 1 4 1
8557880 3 1 12 0
8558672 164 0 1 0
8558775 279 0 1 0
8559052 4 1 3 0
8559066 0 1 7 1
8559157 299 0 1 1
8559531 7 1 2 0
8559585 335 0 1 1
8559599 7 1 3 1
8559609 3 1 10 0
8559800 0 1 3 1
8559890 7 1 10 0
8560249 5 1 8 0
8560332 7 1 3 0
8560798 7 1 3 1
8560844 2 1 6 0
8561087 3 1 12 1
8561096 6 1 4 0
8561269 276 0 1 0
8561500 63 0 1 0
8561848 120 0 1 0
8562200 3 1 1 1
8562269 7 1 3 0
8562501 7 1 2 1
8562839 7 1 3 1
8563461 4 1 3 1
8563651 7 1 10 1
8563792 7 1 3 0
8564070 5 1 8 1
8564147 14 1 4 0
8564150 164 0 1 1
8564172 3 1 10 1
8564573 0 1 3 0
8565143 6 1 4 1
8565171 96 0 1 0
8565630 6 1 7 0
8565757 276 0 1 1
8566644 3 1 4 0
8567011 14 1 4 1
8567011 7 1 2 0
8567024 7 1 3 1
8567712 3 1 1 0
8568213 279 0 1 1
8568549 6 1 7 1
8568615 91 0 1 1
8568657 6 1 5 0
8568924 120 0 1 1
8568958 63 0 1 1
8568995 4 1 3 0
8569351 2 1 6 1
8569707 5 1 8 0
8569793 299 0 1 0
8569889 3 1 4 1
8570095 232 0 1 0
8570594 6 1 10 0
8570983 7 1 2 1
8571091 0 1 7 0
8571171 0 1 3 1
8571220 3 1 10 0
8571754 2 1 1 0
8571776 7 1 10 0
8571779 6 1 5 1
8571949 3 1 1 1
8572613 7 1 3 0
8572620 14 1 4 0
8572671 6 1 4 0
8572769 335 0 1 0
8572787 279 0 1 0
8572817 2 1 6 0
8573104 96 0 1 1
8573141 164 0 1 0
8573306 5 1 8 1
8573448 6 1 10 1
8573697 3 1 12 0
8573911 91 0 1 0
8574413 299 0 1 1
8574434 4 1 3 1
8574511 2 1 1 1
8574583 237 0 1 1
8574590 0 1 7 1
8574633 0 1 3 0
8575281 276 0 1 0
8575517 7 1 10 1
8575948 6 1 4 1
8576458 3 1 12 1
8576590 120 0 1 0
8576703 3 1 10 1
8577092 63 0 1 0
8577572 232 0 1 1
8577612 3 1 1 0
8578091 7 1 2 0
8578124 164 0 1 1
8578273 14 1 4 1
8578470 0 1 3 1
8578493 7 1 3 1
8578590 7 1 3 0
8578989 7 1 3 1
8579896 5 1 8 0
8579959 2 1 6 1
8580037 4 1 3 0
8580264 276 0 1 1
8580981 292 0 1 0
8581255 335 0 1 1
8581480 237 0 1 0
8581531 7 1 2 1
8581693 3 1 10 0
8582107 3 1 1 1
8582225 279 0 1 1
8582228 6 1 5 0
8582266 6 1 4 0
8582607 2 1 6 0
8583098 5 1 8 1
8583142 0 1 7 0
8583564 299 0 1 0
8583628 120 0 1 1
8583789 7 1 10 0
8584123 0 1 3 0
8584512 7 1 3 0
8584550 63 0 1 1
8584834 91 0 1 1
8584858 6 1 5 1
8584974 292 0 1 1
8585044 4 1 3 1
8585629 3 1 10 1
8585655 3 1 12 0
8585831 6 1 4 1
8585889 6 1 4 0
8586133 0 1 7 1
8586161 14 1 4 0
8586174 6 1 4 1
8586558 7 1 10 1
8586582 164 0 1 0
8586760 7 1 2 0
8587814 7 1 3 1
8588217 0 1 3 1
8588225 3 1 12 1
8588400 6 1 7 0
8588452 0 1 3 0
8588656 14 1 4 1
8588679 299 0 1 1
8588710 0 1 3 1
8588779 279 0 1 0
8588844 5 1 8 0
8588898 3 1 1 0
8589075 0 1 3 0
8589324 0 1 3 1
8589350 91 0 1 0
8589352 2 1 6 1
8590011 4 1 3 0
8590171 63 0 1 0
8590343 7 1 2 1
8591074 6 1 10 0
8591657 6 1 7 1
8591828 6 1 4 0
8592221 3 1 10 0
8592282 276 0 1 0
8592367 2 1 6 0
8592419 5 1 8 1
8592422 3 1 4 0
8592555 164 0 1 1
8592988 7 1 10 0
8593127 3 1 1 1
8593135 7 1 3 0
8593274 120 0 1 0
8593402 0 1 3 0
8593410 2 1 1 0
8593559 335 0 1 0
8594008 6 1 10 1
8594597 6 1 4 1
8594897 96 0 1 0
8594917 14 1 4 0
8595421 3 1 4 1
8595520 4 1 3 1
8596018 3 1 10 1
8596037 5 1 8 0
8596135 2 1 1 1
8596176 326 0 1 1
8596618 7 1 10 1
8596770 276 0 1 1
8596792 0 1 7 0
8597629 63 0 1 1
8597755 7 1 2 0
8597907 3 1 1 0
8598068 6 1 5 0
8598217 279 0 1 1
8599257 7 1 3 1
8599265 3 1 10 0
8599462 14 1 4 1
8599833 0 1 3 1
8599878 2 1 6 1
8600152 0 1 7 1
8600601 5 1 8 1
8600922 3 1 12 0
8600990 5 1 8 0
8601029 3 1 1 1
8601198 6 1 5 1
8601352 299 0 1 0
8601487 4 1 3 0
8601862 7 1 2 1
8602045 335 0 1 1
8602587 2 1 6 0
8602748 91 0 1 1
8602830 96 0 1 1
8602903 6 1 4 0
8603891 120 0 1 1
8603933 0 1 3 0
8603937 3 1 12 1
8603975 14 1 4 0
8604040 164 0 1 0
8604314 279 0 1 0
8604575 3 1 10 1
8604944 326 0 1 0
8605245 7 1 10 0
8606160 3 1 1 0
8606263 237 0 1 1
8606467 299 0 1 1
8606690 7 1 3 0
8606725 232 0 1 0
8606753 63 0 1 0
8606823 6 1 4 1
8607021 4 1 3 1
8607238 7 1 2 0
8607323 4 1 3 0
8607494 4 1 3 1
8607534 14 1 4 1
8608274 276 0 1 0
8608329 0 1 3 1
8608463 91 0 1 0
8609133 7 1 10 1
8609338 0 1 7 0
8609518 164 0 1 1
8610070 2 1 6 1
8610261 3 1 4 0
8610909 3 1 1 1
8611015 7 1 2 1
8611170 6 1 7 0
8611201 7 1 3 1
8611213 232 0 1 1
8611241 63 0 1 1
8611675 237 0 1 0
8611697 4 1 3 0
8611715 2 1 1 0
8611843 0 1 3 0
8611865 3 1 10 0
8612460 0 1 7 1
8612574 6 1 4 0
8612660 2 1 6 0
8612760 3 1 4 1
8612762 276 0 1 1
8612854 6 1 10 0
8613359 335 0 1 0
8613499 120 0 1 0
8613748 14 1 4 0
8613752 279 0 1 1
8613908 6 1 5 0
8614050 292 0 1 0
8614472 2 1 1 1
8614685 6 1 7 1
8614719 7 1 3 0
8615277 3 1 12 0
8615484 6 1 10 1
8615803 0 1 3 1
8616109 6 1 4 1
8616458 4 1 3 1
8616491 164 0 1 0
8616534 6 1 5 1
8616547 3 1 10 1
8616814 7 1 2 0
8617310 7 1 10 0
8617449 3 1 1 0
8618043 292 0 1 1
8618588 299 0 1 0
8618589 3 1 12 1
8618633 14 1 4 1
8618861 63 0 1 0
8619587 7 1 3 1
8619711 7 1 3 0
8620010 7 1 3 1
8620158 0 1 3 0
8620226 7 1 3 0
8620344 279 0 1 0
8620376 91 0 1 1
8620417 2 1 6 1
8620587 7 1 3 1
8620749 4 1 3 0
8621163 7 1 2 1
8621198 7 1 10 1
8621474 164 0 1 1
8621807 335 0 1 1
8621928 3 1 1 1
8622950 0 1 7 0
8622966 3 1 10 0
8623145 120 0 1 1
8623227 299 0 1 1
8623440 2 1 6 0
8623633 96 0 1 0
8623809 276 0 1 0
8624473 0 1 3 1
8624633 4 1 3 1
8625101 6 1 4 0
8625406 91 0 1 0
8625666 7 1 3 0
8625943 6 1 5 0
8626319 63 0 1 1
8626437 0 1 7 1
8627537 14 1 4 0
8628102 3 1 1 0
8628297 276 0 1 1
8628411 3 1 10 1
8628505 232 0 1 0
8628557 0 1 3 0
8628801 4 1 3 0
8628884 7 1 2 0
8628903 6 1 5 1
8629017 6 1 4 1
8629782 279 0 1 1
8630661 7 1 3 1
8630675 7 1 10 0
8631139 14 1 4 1
8631179 335 0 1 0
8631181 2 1 6 1
8631465 6 1 7 0
8631566 96 0 1 1
8632107 3 1 12 0
8632405 0 1 3 1
8632582 7 1 2 1
8632585 3 1 1 1
8632940 164 0 1 0
8633128 4 1 3 1
8633159 3 1 4 0
8633249 6 1 4 0
8633939 63 0 1 0
8633983 232 0 1 1
8634275 2 1 1 0
8634307 6 1 7 1
8634563 7 1 10 1
8634844 91 0 1 1
8635140 2 1 6 0
8635229 3 1 12 1
8635348 299 0 1 0
8635418 3 1 10 0
8635515 0 1 7 0
8635822 279 0 1 0
8636024 0 1 3 0
8636186 3 1 4 1
8636399 6 1 4 1
8636689 6 1 10 0
8637159 2 1 1 1
8637572 14 1 4 0
8637711 4 1 3 0
8637943 237 0 1 1
8637946 7 1 2 0
8637972 7 1 3 0
8638312 120 0 1 0
8638383 0 1 7 1
8638497 3 1 1 0
8638662 335 0 1 1
8639408 164 0 1 1
8639446 6 1 10 1
8639858 276 0 1 0
8639949 299 0 1 1
8639969 91 0 1 0
8640779 0 1 3 1
8641247 3 1 10 1
8641394 7 1 2 1
8641397 63 0 1 1
8641974 96 0 1 0
8642008 6 1 5 0
8642115 3 1 1 1
8642661 4 1 3 1
8643019 14 1 4 1
8643397 2 1 6 1
8644346 276 0 1 1
8644351 7 1 10 0
8644880 6 1 5 1
8645128 0 1 3 0
8645260 279 0 1 1
8645602 7 1 3 1
8646448 2 1 6 0
8646513 7 1 2 0
8646774 4 1 3 0
8646912 3 1 1 0
8646937 96 0 1 1
8647019 335 0 1 0
8647128 0 1 7 0
8647299 6 1 4 0
8647315 237 0 1 0
8647425 120 0 1 1
8647614 292 0 1 0
8648295 6 1 7 0
8648399 164 0 1 0
8648497 3 1 10 0
8648636 3 1 12 0
8648858 7 1 10 1
8649055 63 0 1 0
8649993 7 1 2 1
8650087 0 1 3 1
8650128 7 1 2 0
8650485 7 1 2 1
8650492 0 1 7 1
8650585 299 0 1 0
8650661 3 1 1 1
8650724 2 1 1 0
8651223 6 1 4 1
8651281 4 1 3 1
8651504 3 1 12 1
8651607 292 0 1 1
8651675 6 1 7 1
8651792 7 1 3 0
8651852 279 0 1 0
8653159 3 1 10 1
8653367 91 0 1 1
8653377 6 1 5 0
8653382 164 0 1 1
8653555 2 1 1 1
8653832 2 1 6 1
8654044 14 1 4 0
8654169 0 1 3 0
8654930 7 1 3 1
8655393 276 0 1 0
8655424 6 1 10 0
8655548 120 0 1 0
8655643 299 0 1 1
8656108 7 1 2 0
8656341 4 1 3 0
8656366 3 1 4 0
8656378 6 1 5 1
8656399 3 1 1 0
8656416 14 1 4 1
8656486 6 1 4 0
8656495 335 0 1 1
8656513 63 0 1 1
8656718 2 1 6 0
8658296 6 1 10 1
8658395 3 1 10 0
8658587 91 0 1 0
8658890 7 1 10 0
8659290 7 1 2 1
8659374 6 1 4 1
8659493 0 1 3 1
8659619 3 1 4 1
8659655 0 1 7 0
8659881 276 0 1 1
8660125 7 1 3 0
8660259 3 1 1 1
8660549 14 1 4 0
8660795 279 0 1 1
8660852 4 1 3 1
8661807 3 1 12 0
8662045 3 1 10 1
8662354 164 0 1 0
8662624 120 0 1 1
8662646 0 1 7 1
8662647 7 1 10 1
8663145 6 1 7 0
8664141 7 1 2 0
8664151 14 1 4 1
8664332 96 0 1 0
8664335 0 1 3 0
8664441 3 1 12 1
8664673 237 0 1 1
8664685 63 0 1 0
8664808 4 1 3 0
8664999 2 1 6 1
8665550 7 1 3 1
8666029 6 1 7 1
8666451 3 1 1 0
8666697 3 1 10 0
8667035 91 0 1 1
8667192 7 1 2 1
8667224 6 1 4 0
8667406 279 0 1 0
8667802 299 0 1 0
8667809 335 0 1 0
8667832 164 0 1 1
8668150 2 1 6 0
8668675 0 1 3 1
8669065 4 1 3 1
8669146 292 0 1 0
8669174 6 1 5 0
8669652 7 1 3 0
8669882 6 1 4 1
8670085 237 0 1 0
8670290 120 0 1 0
8670839 3 1 10 1
8670946 3 1 1 1
8671230 0 1 7 0
8671385 276 0 1 0
8671615 91 0 1 0
8671650 7 1 10 0
8672143 63 0 1 1
8672165 6 1 5 1
8672284 96 0 1 1
8672644 292 0 1 1
8672860 299 0 1 1
8673725 0 1 7 1
8673944 7 1 3 1
8673970 4 1 3 0
8674023 0 1 3 0
8674345 2 1 1 0
8674677 3 1 12 0
8675025 6 1 7 0
8675158 7 1 10 1
8675267 335 0 1 1
8675365 7 1 2 0
8676319 120 0 1 1
8676368 276 0 1 1
8676513 3 1 1 0
8676844 279 0 1 1
8677102 2 1 1 1
8677133 2 1 6 1
8677314 6 1 10 0
8677346 3 1 12 1
8677704 3 1 10 0
8677897 4 1 3 1
8678289 164 0 1 0
8678405 6 1 7 1
8678965 14 1 4 0
8679552 7 1 3 0
8679885 3 1 1 1
8679966 0 1 3 1
8679988 7 1 2 1
8680158 6 1 4 0
8680315 63 0 1 0
8680398 6 1 10 1
8680523 2 1 6 0
8680878 6 1 5 0
8681129 326 0 1 1
8681418 279 0 1 0
8682155 7 1 10 0
8682537 3 1 10 1
8682951 6 1 4 1
8683071 4 1 3 0
8683496 6 1 5 1
8683551 7 1 3 1
8683674 14 1 4 1
8683767 164 0 1 1
8683852 0 1 7 0
8683938 3 1 1 0
8683947 120 0 1 0
8684048 299 0 1 0
8684532 0 1 3 0
8684639 326 0 1 0
8685043 7 1 10 1
8685627 3 1 4 0
8686124 335 0 1 0
8686588 4 1 3 1
8686892 7 1 2 0
8686901 276 0 1 0
8687347 0 1 7 1
8687443 237 0 1 1
8687547 3 1 12 0
8687802 3 1 1 1
8688149 2 1 6 1
8688400 3 1 10 0
8688503 3 1 4 1
8688763 63 0 1 1
8689163 299 0 1 1
8689177 7 1 3 0
8690117 96 0 1 0
8690304 3 1 12 1
8690669 14 1 4 0
8690717 0 1 3 1
8690725 7 1 2 1
8690856 279 0 1 1
8691273 164 0 1 0
8691298 2 1 6 0
8691389 276 0 1 1
8691580 4 1 3 0
8691805 232 0 1 0
8692089 120 0 1 1
8692592 335 0 1 1
8692855 237 0 1 0
8693044 0 1 7 0
8693054 3 1 10 1
8693065 7 1 3 1
8693163 7 1 10 0
8693340 6 1 7 0
8694188 3 1 1 0
8694252 6 1 5 0
8694276 0 1 3 0
8694640 14 1 4 1
8694945 7 1 2 0
8695761 164 0 1 1
8695888 4 1 3 1
8696674 7 1 10 1
8696724 6 1 7 1
8696877 7 1 3 0
8696896 279 0 1 0
8696896 0 1 7 1
8696973 63 0 1 0
8697117 96 0 1 1
8697213 6 1 5 1
8697681 2 1 1 0
8697992 7 1 2 1
8698273 232 0 1 1
8698719 0 1 3 1
8698788 3 1 1 1
8698984 6 1 10 0
8699489 335 0 1 0
8699789 2 1 6 1
8700032 3 1 10 0
8700281 6 1 4 0
8700313 237 0 1 1
8700557 2 1 1 1
8700775 237 0 1 0
8700865 299 0 1 0
8701190 7 1 3 1
8701303 237 0 1 1
8701741 6 1 10 1
8701777 292 0 1 0
8702398 276 0 1 0
8702584 4 1 3 0
8702616 3 1 12 0
8702734 0 1 7 0
8703070 6 1 4 1
8703102 2 1 6 0
8703859 3 1 1 0
8704186 3 1 10 1
8704230 6 1 7 0
8704597 7 1 2 0
8704719 7 1 10 0
8704733 164 0 1 0
8704882 3 1 4 0
8704967 335 0 1 1
8705116 0 1 3 0
8705421 63 0 1 1
8705466 299 0 1 1
8705770 292 0 1 1
8705777 3 1 12 1
8705790 120 0 1 0
8705885 14 1 4 0
8706102 0 1 7 1
8706197 7 1 3 0
8706334 279 0 1 1
8706591 4 1 3 1
8706886 276 0 1 1
8707114 6 1 7 1
8707311 3 1 4 1
8708108 3 1 1 1
8708222 7 1 10 1
8708827 7 1 2 1
8708863 0 1 3 1
8709190 237 0 1 0
8709327 7 1 3 1
8709458 6 1 5 0
8709610 14 1 4 1
8709933 3 1 10 0
8710706 164 0 1 1
8711225 0 1 7 0
8711597 2 1 6 1
8712059 0 1 3 0
8712160 4 1 3 0
8712588 6 1 5 1
8712907 279 0 1 0
8713706 3 1 10 1
8713946 3 1 1 0
8714145 63 0 1 0
8714488 14 1 4 0
8714499 2 1 6 0
8714903 120 0 1 1
8715093 0 1 7 1
8715167 4 1 3 1
8715687 7 1 3 0
8715824 335 0 1 0
8716134 7 1 2 0
8716153 237 0 1 1
8716673 299 0 1 0
8716682 96 0 1 0
8716860 14 1 4 1
8717100 6 1 7 0
8717141 0 1 3 1
8717300 3 1 10 0
8717453 6 1 4 0
8718233 2 1 1 0
8718237 3 1 12 0
8718371 276 0 1 0
8718559 7 1 10 0
8718784 6 1 10 0
8718949 3 1 1 1
8719420 7 1 2 1
8719701 4 1 3 0
8719984 6 1 4 1
8720186 7 1 3 1
8720437 120 0 1 0
8720603 6 1 7 1
8720730 326 0 1 1
8720801 0 1 7 0
8720875 2 1 1 1
8721010 2 1 6 1
8721121 3 1 12 1
8721132 0 1 3 0
8721255 299 0 1 1
8721547 6 1 5 0
8721577 3 1 10 1
8721603 63 0 1 1
8721656 6 1 10 1
8721843 14 1 4 0
8722172 164 0 1 0
8722578 7 1 10 1
8722859 276 0 1 1
8723335 279 0 1 1
8723757 2 1 6 0
8724082 4 1 3 1
8724341 3 1 1 0
8724435 6 1 5 1
8724530 0 1 7 1
8724615 96 0 1 1
8724701 7 1 2 0
8724953 14 1 4 1
8725281 335 0 1 1
8726020 237 0 1 0
8726227 0 1 3 1
8727567 7 1 3 0
8728078 91 0 1 1
8728145 164 0 1 1
8728538 7 1 2 1
8728594 3 1 1 1
8728726 3 1 10 0
8728980 6 1 7 0
8729024 4 1 3 0
8729519 0 1 3 0
8729588 120 0 1 1
8729684 326 0 1 0
8729737 63 0 1 0
8729863 0 1 7 0
8730422 279 0 1 0
8730730 6 1 4 0
8731136 3 1 4 0
8731268 2 1 6 1
8731276 7 1 10 0
8731282 299 0 1 0
8731333 2 1 6 0
8731570 7 1 3 1
8731617 91 0 1 0
8731645 2 1 6 1
8732368 6 1 7 1
8732377 3 1 1 0
8732404 4 1 3 1
8732629 0 1 3 1
8732761 14 1 4 0
8732785 7 1 2 0
8732999 3 1 10 1
8733223 0 1 7 1
8733265 6 1 4 1
8733887 276 0 1 0
8734077 3 1 12 0
8734139 3 1 4 1
8734566 96 0 1 0
8735023 2 1 6 0
8735250 232 0 1 0
8735410 7 1 10 1
8735931 7 1 3 0
8736127 164 0 1 0
8736205 63 0 1 1
8736302 299 0 1 1
8736583 0 1 3 0
8736668 6 1 5 0
8737138 3 1 1 1
8737461 3 1 12 1
8737716 14 1 4 1
8737867 4 1 3 0
8738313 7 1 2 1
8738375 276 0 1 1
8738387 292 0 1 0
8738468 0 1 7 0
8738923 237 0 1 1
8739097 3 1 10 0
8739243 232 0 1 1
8739261 2 1 1 0
8739574 6 1 10 0
8739663 6 1 5 1
8739860 279 0 1 1
8740186 120 0 1 0
8740307 7 1 3 1
8740365 6 1 7 0
8740538 96 0 1 1
8740574 335 0 1 0
8740615 164 0 1 1
8741695 7 1 2 0
8741885 292 0 1 1
8741887 2 1 1 1
8742160 0 1 3 1
8742336 0 1 7 1
8742450 6 1 10 1
8742651 4 1 3 1
8742895 2 1 6 1
8743499 6 1 7 1
8743669 3 1 10 1
8743890 14 1 4 0
8743932 3 1 1 0
8745251 7 1 10 0
8745938 279 0 1 0
8745948 2 1 6 0
8746645 7 1 2 1
8746671 0 1 3 0
8746776 14 1 4 1
8746849 6 1 4 0
8747350 7 1 3 0
8747781 6 1 5 0
8748044 0 1 7 0
8748330 3 1 10 0
8748359 4 1 3 0
8748470 63 0 1 0
8748804 299 0 1 0
8748885 7 1 10 1
8749022 335 0 1 1
8749299 120 0 1 1
8749711 6 1 4 1
8749898 276 0 1 0
8749917 3 1 12 0
8749943 3 1 1 1
8750260 7 1 2 0
8750292 6 1 5 1
8750596 164 0 1 0
8750726 7 1 3 1
8751138 0 1 3 1
8751265 237 0 1 0
8751654 0 1 7 1
8751722 3 1 10 1
8752220 326 0 1 1
8752362 4 1 3 1
8752619 14 1 4 0
8752819 6 1 7 0
8753059 3 1 12 1
8753320 2 1 6 1
8753824 299 0 1 1
8754386 276 0 1 1
8754395 120 0 1 0
8754946 7 1 3 0
8755114 14 1 4 1
8755280 7 1 2 1
8755642 3 1 1 0
8755919 326 0 1 0
8756072 6 1 7 1
8756366 279 0 1 1
8756511 4 1 3 0
8756569 164 0 1 1
8756571 2 1 6 0
8756647 0 1 3 0
8756918 63 0 1 1
8757125 0 1 7 0
8757205 7 1 10 0
8757394 6 1 10 0
8757683 3 1 10 0
8758062 6 1 4 0
8759064 7 1 2 0
8759170 96 0 1 0
8760106 6 1 10 1
8760174 2 1 1 0
8760195 7 1 3 1
8760220 7 1 10 1
8760360 3 1 4 0
8760489 0 1 7 1
8760609 0 1 7 0
8760768 4 1 3 1
8760862 0 1 7 1
8760867 6 1 4 1
8761158 3 1 1 1
8761426 0 1 3 1
8761433 120 0 1 1
8761452 3 1 10 1
8761710 14 1 4 0
8762408 6 1 5 0
8762849 335 0 1 0
8762939 279 0 1 0
8763058 2 1 1 1
8763109 3 1 4 1
8763135 6 1 7 0
8763929 276 0 1 0
8763970 7 1 2 1
8764086 2 1 6 1
8764365 299 0 1 0
8764926 4 1 3 0
8765519 0 1 3 0
8765523 6 1 5 1
8765586 7 1 3 0
8765623 63 0 1 0
8765653 237 0 1 1
8766073 0 1 7 0
8766189 96 0 1 1
8766419 14 1 4 1
8766464 3 1 12 0
8766550 164 0 1 0
8766769 6 1 7 1
8766990 2 1 6 0
8767197 3 1 1 0
8767295 3 1 10 0
8767631 7 1 2 0
8768433 4 1 3 1
8768763 7 1 10 0
8768871 299 0 1 1
8768912 276 0 1 1
8769023 120 0 1 0
8769466 7 1 3 1
8769933 0 1 7 1
8769987 3 1 12 1
8769999 0 1 3 1
8770265 6 1 4 0
8771101 63 0 1 1
8771323 3 1 1 1
8771475 292 0 1 0
8771560 3 1 10 1
8772001 14 1 4 0
8772028 164 0 1 1
8772143 7 1 10 1
8772326 4 1 3 0
8773070 6 1 4 1
8773248 7 1 2 1
8773251 7 1 2 0
8773277 335 0 1 1
8773655 0 1 3 0
8773679 7 1 2 1
8773902 2 1 6 1
8774357 279 0 1 1
8775019 3 1 1 0
8775111 14 1 4 1
8775150 96 0 1 0
8775468 292 0 1 1
8775597 232 0 1 0
8776144 0 1 7 0
8776966 6 1 5 0
8777182 7 1 3 0
8777227 2 1 6 0
8777673 7 1 10 0
8777690 3 1 10 0
8777703 7 1 2 0
8777792 6 1 7 0
8777796 0 1 3 1
8777853 4 1 3 1
8778184 6 1 10 0
8778295 2 1 1 0
8779170 91 0 1 1
8779515 164 0 1 0
8779776 3 1 1 1
8779888 299 0 1 0
8779965 6 1 5 1
8780116 120 0 1 1
8780123 0 1 7 1
8780170 96 0 1 1
8780172 7 1 10 1
8780397 279 0 1 0
8780470 237 0 1 0
8780580 232 0 1 1
8780791 6 1 7 1
8780798 2 1 1 1
8781060 6 1 10 1
8781169 6 1 4 0
8781387 276 0 1 0
8781431 7 1 3 1
8781482 326 0 1 1
8782071 4 1 3 0
8782123 0 1 3 0
8782213 3 1 10 1
8782610 14 1 4 0
8782649 335 0 1 0
8782688 3 1 12 0
8782814 63 0 1 0
8782881 91 0 1 0
8783770 7 1 2 1
8783831 6 1 4 1
8784227 7 1 3 0
8784498 164 0 1 1
8784698 120 0 1 0
8784908 299 0 1 1
8785017 3 1 1 0
8785118 14 1 4 1
8785492 2 1 6 1
8786042 3 1 12 1
8786253 0 1 7 0
8786370 276 0 1 1
8786955 0 1 3 1
8787217 4 1 3 1
8787433 237 0 1 1
8787520 7 1 2 0
8787599 326 0 1 0
8787744 3 1 10 0
8788085 7 1 10 0
8788853 7 1 3 1
8789072 48 0 1 1
8789339 2 1 6 0
8789389 3 1 1 1
8789487 3 1 1 0
8789762 3 1 1 1
8789835 279 0 1 1
8789998 0 1 7 1
8790128 6 1 5 0
8790886 3 1 10 1
8791224 335 0 1 1
8791280 63 0 1 1
8791935 4 1 3 0
8791977 7 1 10 1
8792146 0 1 3 0
8792340 6 1 7 0
8792553 7 1 2 1
8792581 3 1 4 0
8793098 6 1 5 1
8793148 6 1 4 0
8793957 14 1 4 0
8794801 120 0 1 1
8794917 3 1 1 0
8795334 3 1 4 1
8795353 0 1 7 0
8795469 164 0 1 0
8795815 237 0 1 0
8795945 6 1 4 1
8796145 7 1 2 0
8796302 6 1 7 1
8796367 0 1 3 1
8796389 279 0 1 0
8797085 3 1 10 0
8797199 7 1 3 0
8797712 4 1 3 1
8797905 299 0 1 0
8798168 232 0 1 0
8798212 96 0 1 0
8798479 6 1 10 0
8798713 0 1 7 1
8798757 6 1 5 0
8798818 0 1 7 0
8798864 276 0 1 0
8798922 3 1 12 0
8799209 0 1 7 1
8799338 2 1 6 1
8799896 14 1 4 1
8799904 3 1 1 1
8800728 0 1 3 0
8800947 164 0 1 1
8801245 6 1 10 1
8801481 3 1 10 1
8801737 7 1 10 0
8801857 48 0 1 0
8802217 7 1 2 1
8802239 3 1 12 1
8802320 6 1 5 1
8802580 7 1 2 0
8802583 7 1 3 1
8802675 232 0 1 1
8802725 4 1 3 0
8802948 7 1 2 1
8803352 276 0 1 1
8803420 299 0 1 1
8803709 2 1 6 0
8803725 6 1 7 0
8803828 6 1 4 0
8804228 2 1 1 0
8804815 0 1 7 0
8805419 335 0 1 0
8805633 7 1 10 1
8805708 3 1 1 0
8805827 279 0 1 1
8806183 96 0 1 1
8806355 7 1 2 0
8806389 120 0 1 0
8806482 6 1 4 1
8806868 6 1 7 1
8807099 0 1 3 1
8807112 2 1 1 1
8807233 237 0 1 1
8808159 91 0 1 1
8808325 48 0 1 1
8808560 0 1 7 1
8808831 3 1 10 0
8808948 164 0 1 0
8808981 4 1 3 1
8809070 4 1 3 0
8809633 4 1 3 1
8809659 326 0 1 1
8809730 6 1 5 0
8810335 7 1 3 0
8810842 14 1 4 0
8811456 0 1 3 0
8811886 279 0 1 0
8812072 3 1 1 1
8812834 7 1 10 0
8813064 4 1 3 0
8813277 3 1 12 0
8813339 2 1 6 1
8813343 7 1 2 1
8813886 335 0 1 1
8813888 6 1 5 1
8813931 164 0 1 1
8813993 3 1 10 1
8814361 276 0 1 0
8814372 0 1 7 0
8814867 3 1 4 0
8815797 14 1 4 1
8816309 326 0 1 0
8816543 3 1 12 1
8816649 6 1 4 0
8816771 2 1 6 0
8816794 7 1 2 0
8816931 299 0 1 0
8817120 7 1 3 1
8817226 7 1 10 1
8817444 120 0 1 1
8817687 3 1 1 0
8817806 3 1 4 1
8818080 6 1 7 0
8818228 0 1 7 1
8818608 14 1 4 0
8818868 0 1 3 1
8819080 237 0 1 0
8819344 276 0 1 1
8819677 48 0 1 0
8819828 6 1 5 0
8819859 6 1 4 1
8821226 14 1 4 1
8821291 6 1 10 0
8821324 279 0 1 1
8821801 3 1 1 1
8821830 7 1 3 0
8821956 6 1 7 1
8822045 120 0 1 0
8822116 292 0 1 0
8822216 0 1 3 0
8822240 3 1 10 0
8822446 299 0 1 1
8822798 6 1 5 1
8822820 7 1 10 0
8822992 4 1 3 1
8823667 6 1 10 1
8823886 7 1 2 1
8823893 164 0 1 0
8824462 0 1 7 0
8824532 2 1 6 1
8825437 3 1 1 0
8825829 326 0 1 1
8826046 4 1 3 0
8826109 292 0 1 1
8826517 3 1 10 1
8826757 96 0 1 0
8826835 7 1 10 1
8826914 14 1 4 0
8827330 7 1 2 0
8827718 2 1 6 0
8827816 2 1 1 0
8827878 279 0 1 0
8828074 120 0 1 1
8828125 48 0 1 1
8828215 6 1 4 0
8828343 91 0 1 0
8828437 0 1 7 1
8828622 3 1 12 0
8829077 120 0 1 0
8829379 6 1 5 0
8829465 6 1 7 0
8829655 14 1 4 1
8829866 164 0 1 1
8830057 4 1 3 1
8830218 2 1 1 1
8830551 3 1 1 1
8830758 6 1 4 1
8831362 276 0 1 0
8831556 3 1 12 1
8831730 7 1 10 0
8831983 237 0 1 1
8832375 7 1 3 1
8832941 326 0 1 0
8833099 6 1 7 1
8833343 6 1 5 1
8833551 4 1 3 0
8833663 3 1 10 0
8833757 96 0 1 1
8834057 0 1 7 0
8834299 7 1 2 1
8834358 7 1 2 0
8834581 7 1 2 1
8835125 120 0 1 1
8835229 7 1 10 1
8835229 2 1 6 1
8835250 7 1 2 0
8835355 7 1 2 1
8835850 276 0 1 1
8835995 299 0 1 0
8836497 3 1 1 0
8837128 3 1 10 1
8837823 7 1 3 0
8837925 0 1 7 1
8837944 6 1 5 0
8837992 48 0 1 0
8838079 14 1 4 0
8838220 7 1 2 0
8838306 279 0 1 1
8839024 2 1 6 0
8839205 4 1 3 1
8839564 7 1 10 0
8840694 6 1 4 0
8840697 14 1 4 1
8841194 6 1 5 1
8841510 299 0 1 1
8842040 3 1 10 0
8842049 335 0 1 0
8842347 276 0 1 0
8842615 3 1 1 1
8842945 6 1 7 0
8842956 326 0 1 1
8843335 237 0 1 0
8843448 7 1 10 1
8843472 3 1 12 0
8843596 3 1 4 0
8843900 6 1 4 1
8843946 4 1 3 0
8844147 0 1 7 0
8844460 48 0 1 1
8844619 120 0 1 0
8845353 279 0 1 0
8845451 7 1 2 1
8845468 14 1 4 0
8845948 6 1 7 1
8846190 3 1 10 1
8846263 7 1 3 1
8846348 3 1 12 1
8846841 3 1 4 1
8847198 6 1 5 0
8847546 335 0 1 1
8847825 276 0 1 1
8848207 3 1 1 0
8848249 0 1 7 1
8848475 7 1 10 0
8848948 4 1 3 1
8849110 7 1 2 0
8849273 2 1 6 1
8849337 7 1 3 0
8849344 2 1 6 0
8849405 2 1 1 0
8849646 2 1 6 1
8850257 96 0 1 0
8850464 326 0 1 0
8851712 14 1 4 1
8851720 6 1 5 1
8851893 232 0 1 0
8851916 2 1 1 1
8852249 4 1 3 0
8852434 6 1 10 0
8852575 3 1 1 1
8852601 7 1 10 1
8852811 279 0 1 1
8853225 6 1 7 0
8853268 237 0 1 1
8853292 3 1 10 0
8853555 299 0 1 0
8853704 0 1 7 0
8853875 2 1 6 0
8854268 96 0 1 1
8854486 6 1 4 0
8854760 276 0 1 0
8854776 96 0 1 0
8855234 6 1 10 1
8855317 48 0 1 0
8855779 96 0 1 1
8855788 120 0 1 1
8855802 3 1 1 0
8855886 232 0 1 1
8856342 3 1 12 0
8856475 326 0 1 1
8856478 6 1 7 1
8856641 4 1 3 1
8856683 7 1 2 1
8856810 120 0 1 0
8857195 0 1 7 1
8857279 292 0 1 0
8857553 6 1 4 1
8857827 3 1 10 1
8858460 7 1 10 0
8858775 14 1 4 0
8858904 7 1 3 1
8859070 299 0 1 1
8859103 3 1 12 1
8859428 6 1 5 0
8859793 120 0 1 1
8860159 7 1 2 0
8860162 3 1 1 1
8860238 276 0 1 1
8860660 237 0 1 0
8860859 335 0 1 0
8861270 14 1 4 1
8861272 292 0 1 1
8861728 279 0 1 0
8861785 48 0 1 1
8862135 6 1 7 0
8862291 4 1 3 0
8862766 0 1 7 0
8862967 7 1 10 1
8863422 7 1 3 0
8863826 96 0 1 0
8863924 6 1 5 1
8864632 2 1 6 1
8865015 6 1 7 1
8865286 3 1 10 0
8865800 6 1 4 0
8866027 3 1 1 0
8866375 335 0 1 1
8866630 0 1 7 1
8866694 63 0 1 0
8866930 7 1 2 1
8867268 276 0 1 0
8867437 4 1 3 1
8867802 120 0 1 0
8868609 6 1 4 1
8868762 2 1 6 0
8868834 7 1 3 1
8869076 7 1 3 0
8869108 237 0 1 1
8869186 279 0 1 1
8869284 7 1 10 0
8869338 7 1 3 1
8869809 3 1 10 1
8869956 14 1 4 0
8870166 6 1 5 0
8870422 164 0 1 0
8870480 2 1 1 0
8871010 7 1 2 0
8871629 299 0 1 0
8871652 7 1 3 0
8871892 96 0 1 1
8872006 3 1 12 0
8872147 48 0 1 0
8872161 4 1 3 0
8872266 0 1 7 0
8872395 3 1 1 1
8872533 3 1 1 0
8872739 326 0 1 0
8872764 3 1 1 1
8872901 14 1 4 1
8873241 276 0 1 1
8873245 2 1 1 1
8873737 6 1 5 1
8874152 63 0 1 1
8874310 3 1 4 0
8874795 7 1 10 1
8875405 164 0 1 1
8875448 3 1 12 1
8875995 0 1 7 1
8876578 7 1 2 1
8876649 299 0 1 1
8877436 3 1 4 1
8877561 4 1 3 1
8877960 6 1 4 0
8877975 6 1 7 0
8878177 279 0 1 0
8878270 3 1 10 0
8878615 48 0 1 1
8878884 2 1 6 1
8878904 3 1 1 0
8879404 14 1 4 0
8879418 6 1 5 0
8879942 120 0 1 1
8880076 7 1 3 1
8880338 7 1 2 0
8880351 91 0 1 1
8880690 276 0 1 0
8880757 6 1 4 1
8880945 120 0 1 0
8881236 6 1 7 1
8881291 7 1 10 0
8881296 63 0 1 0
8881842 0 1 7 0
8882440 237 0 1 0
8882713 2 1 6 0
8883051 4 1 3 0
8883124 6 1 10 0
8883722 7 1 3 0
8883771 6 1 5 1
8883805 3 1 10 1
8884118 91 0 1 0
8884574 3 1 12 0
8884649 3 1 1 1
8884937 120 0 1 1
8884993 7 1 2 1
8885498 7 1 2 0
8885548 7 1 10 1
8885631 6 1 10 1
8885635 279 0 1 1
8885784 63 0 1 1
8885833 0 1 7 1
8885835 14 1 4 1
8885902 7 1 2 1
8885952 232 0 1 0
8886168 276 0 1 1
8886997 48 0 1 0
8888534 3 1 12 1
8888548 4 1 3 1
8888579 335 0 1 0
8888589 6 1 4 0
8889064 7 1 10 0
8889078 7 1 2 0
8889085 2 1 1 0
8889698 6 1 5 0
8889722 299 0 1 0
8889801 96 0 1 0
8890350 6 1 7 0
8890353 3 1 1 0
8890466 0 1 7 0
8890832 326 0 1 1
8890888 237 0 1 1
8890973 232 0 1 1
8891201 2 1 6 1
8891349 3 1 10 0
8891509 6 1 4 1
8891719 2 1 1 1
8891904 7 1 3 1
8892063 7 1 10 1
8892888 6 1 5 1
8893022 120 0 1 0
8893131 4 1 3 0
8893141 276 0 1 0
8893465 48 0 1 1
8893607 6 1 7 1
8893832 292 0 1 0
8894207 335 0 1 1
8894214 2 1 6 0
8894626 279 0 1 0
8894723 299 0 1 1
8894805 7 1 2 1
8895018 7 1 2 0
8895183 0 1 7 1
8895325 7 1 2 1
8895372 7 1 3 0
8895586 3 1 1 1
8896126 3 1 10 1
8896265 14 1 4 0
8896839 96 0 1 1
8897427 3 1 12 0
8897479 7 1 10 0
8897825 292 0 1 1
8897865 6 1 5 0
8898081 4 1 3 1
8898610 7 1 2 0
8899006 14 1 4 1
8899114 276 0 1 1
8899535 3 1 4 0
8899547 0 1 7 0
8900328 2 1 6 1
8900531 3 1 1 0
8900938 3 1 12 1
8901281 6 1 4 0
8901448 6 1 5 1
8901956 3 1 10 0
8902084 279 0 1 1
8902240 7 1 10 1
8902562 3 1 4 1
8903162 2 1 6 0
8903276 14 1 4 0
8903332 48 0 1 0
8903585 4 1 3 0
8903725 237 0 1 0
8903939 7 1 3 1
8904058 120 0 1 1
8904082 6 1 4 1
8904395 0 1 7 1
8905200 6 1 7 0
8905651 7 1 2 1
8906601 276 0 1 0
8906746 6 1 5 0
8906768 299 0 1 0
8906872 3 1 10 1
8907389 335 0 1 0
8907615 7 1 3 0
8907822 3 1 12 0
8908498 3 1 1 1
8908514 0 1 7 0
8908950 6 1 7 1
8908969 14 1 4 1
8909005 7 1 2 0
8909238 7 1 10 0
8909485 4 1 3 1
8909800 48 0 1 1
8910563 120 0 1 0
8910603 3 1 12 1
8910903 2 1 1 0
8911053 6 1 5 1
8911246 3 1 10 0
8911349 326 0 1 0
8911428 6 1 4 0
8911589 279 0 1 0
8911788 299 0 1 1
8911788 2 1 6 1
8911877 335 0 1 1
8912079 276 0 1 1
8912173 237 0 1 1
8912243 0 1 7 1
8912628 3 1 1 0
8913335 6 1 10 0
8913660 2 1 1 1
8914288 4 1 3 0
8914495 7 1 10 1
8914519 3 1 10 1
8914668 7 1 3 1
8914984 2 1 6 0
8915154 6 1 4 1
8915935 7 1 2 1
8916088 6 1 10 1
8917080 0 1 7 0
8917143 3 1 12 0
8917813 96 0 1 0
8917883 6 1 5 0
8918052 7 1 3 0
8919047 279 0 1 1
8919051 3 1 10 0
8919057 4 1 3 1
8919090 276 0 1 0
8919626 7 1 2 0
8919921 164 0 1 0
8919937 7 1 10 0
8920435 14 1 4 0
8920476 3 1 1 1
8920657 48 0 1 0
8920704 120 0 1 1
8920849 3 1 12 1
8920863 6 1 5 1
8921356 2 1 6 1
8921682 0 1 7 1
8921815 299 0 1 0
8922525 6 1 7 0
8923032 326 0 1 1
8923067 7 1 10 1
8923198 63 0 1 0
8923230 120 0 1 0
8923334 4 1 3 0
8923662 232 0 1 0
8923709 3 1 10 1
8923914 164 0 1 1
8924112 3 1 1 0
8924484 2 1 6 0
8924741 91 0 1 1
8924813 96 0 1 1
8925055 7 1 2 1
8925524 6 1 7 1
8925525 279 0 1 0
8925630 6 1 4 0
8925759 14 1 4 1
8926219 0 1 7 0
8926321 299 0 1 1
8926425 7 1 3 1
8926518 6 1 5 0
8926548 276 0 1 1
8926770 7 1 10 0
8927125 48 0 1 1
8927485 237 0 1 0
8927980 4 1 3 1
8928193 120 0 1 1
8928414 91 0 1 0
8928612 3 1 12 0
8929074 6 1 4 1
8929300 7 1 2 0
8929350 3 1 10 0
8929841 3 1 1 1
8929985 292 0 1 0
8930147 7 1 3 0
8930654 7 1 10 1
8930656 63 0 1 1
8930658 326 0 1 0
8930814 3 1 4 0
8930961 232 0 1 1
8931075 0 1 7 1
8931329 6 1 5 1
8931917 3 1 12 1
8931993 279 0 1 1
8932364 2 1 6 1
8932885 14 1 4 0
8932948 4 1 3 0
8933129 335 0 1 0
8933496 3 1 10 1
8933537 3 1 1 0
8933936 3 1 4 1
8933978 292 0 1 1
8934279 120 0 1 0
8934448 237 0 1 1
8934511 276 0 1 0
8934880 7 1 2 1
8935120 2 1 1 0
8935395 6 1 7 0
8935751 2 1 6 0
8935833 0 1 7 0
8936585 3 1 10 0
8937213 4 1 3 1
8937487 48 0 1 0
8937575 7 1 10 0
8937754 2 1 1 1
8938271 6 1 7 1
8938342 7 1 2 0
8938366 299 0 1 0
8938473 6 1 5 0
8938563 3 1 12 0
8938607 335 0 1 1
8939070 14 1 4 1
8939631 6 1 4 0
8939850 3 1 10 1
8940172 326 0 1 1
8940304 0 1 7 1
8940326 0 1 7 0
8940484 276 0 1 1
8940527 279 0 1 0
8940673 0 1 7 1
8940966 4 1 3 0
8941131 3 1 1 1
8941864 3 1 12 1
8942588 6 1 5 1
8942671 7 1 3 1
8942964 6 1 4 1
8943225 7 1 10 1
8943881 299 0 1 1
8943955 48 0 1 1
8944196 7 1 2 1
8944506 3 1 1 0
8944661 2 1 6 1
8944892 96 0 1 0
8945193 7 1 3 0
8945334 120 0 1 1
8945428 0 1 7 0
8945779 3 1 10 0
8946112 4 1 3 1
8946295 237 0 1 0
8947253 7 1 2 0
8947359 6 1 10 0
8947422 3 1 12 0
8947538 6 1 5 0
8947804 2 1 6 0
8947985 279 0 1 1
8947990 276 0 1 0
8948474 326 0 1 0
8948675 14 1 4 0
8949255 6 1 7 0
8949796 0 1 7 1
8950112 6 1 10 1
8950120 4 1 3 0
8950530 7 1 10 0
8950608 3 1 12 1
8951445 3 1 10 1
8951503 6 1 5 1
8951949 96 0 1 1
8952035 6 1 4 0
8952131 6 1 7 1
8952207 91 0 1 1
8952391 120 0 1 0
8952404 232 0 1 0
8953258 237 0 1 1
8953424 335 0 1 0
8953627 7 1 2 1
8953999 14 1 4 1
8954071 0 1 7 0
8954262 4 1 3 1
8954458 276 0 1 1
8954688 2 1 6 1
8954812 48 0 1 0
8954961 326 0 1 1
8955360 6 1 4 1
8956032 91 0 1 0
8956295 7 1 10 1
8956674 7 1 2 0
8956898 232 0 1 1
8956957 279 0 1 0
8956969 2 1 1 0
8957411 299 0 1 0
8957848 4 1 3 0
8957931 335 0 1 1
8958149 2 1 6 0
8958542 0 1 7 1
8958708 6 1 5 0
8958877 3 1 10 0
8959413 2 1 1 1
8960292 3 1 12 0
8960440 3 1 4 0
8960925 7 1 10 0
8961280 48 0 1 1
8961424 96 0 1 0
8961444 7 1 3 1
8961466 120 0 1 1
8961938 164 0 1 0
8962244 4 1 3 1
8962478 276 0 1 0
8962570 14 1 4 0
8962692 6 1 5 1
8962692 7 1 3 0
8962926 299 0 1 1
8963190 0 1 7 0
8963447 3 1 4 1
8963950 7 1 2 1
8964044 292 0 1 0
8964087 3 1 12 1
8964190 3 1 10 1
8964415 279 0 1 1
8965020 120 0 1 0
8965436 7 1 10 1
8965704 6 1 4 0
8965931 164 0 1 1
8966529 2 1 6 1
8966580 6 1 7 0
8966706 4 1 3 0
8966969 7 1 2 0
8968037 292 0 1 1
8968042 0 1 7 1
8968047 6 1 5 0
8968405 96 0 1 1
8968509 14 1 4 1
8968570 237 0 1 0
8968642 326 0 1 0
8968946 276 0 1 1
8969155 63 0 1 0
8969291 7 1 10 0
8969692 6 1 4 1
8969906 2 1 6 0
8969960 6 1 7 1
8970078 120 0 1 1
8971642 48 0 1 0
8971677 3 1 12 0
8971700 0 1 7 0
8971769 6 1 5 1
8972183 3 1 10 0
8972356 4 1 3 1
8972635 3 1 1 1
8972663 7 1 10 1
8973077 7 1 2 1
8973080 120 0 1 0
8973162 7 1 2 0
8973387 279 0 1 0
8973723 7 1 2 1
8974962 3 1 12 1
8975095 3 1 12 0
8975351 3 1 12 1
8975691 3 1 1 0
8975942 299 0 1 0
8976064 0 1 7 1
8976184 6 1 10 0
8976354 4 1 3 0
8976853 14 1 4 0
8976909 276 0 1 0
8977018 237 0 1 1
8977226 3 1 10 1
8977287 3 1 10 0
8977549 2 1 1 0
8977603 63 0 1 1
8977628 7 1 2 0
8977679 335 0 1 0
8977782 7 1 10 0
8977853 3 1 10 1
8978110 48 0 1 1
8978162 326 0 1 1
8978228 6 1 5 0
8978687 6 1 10 1
8978816 2 1 6 1
8979392 6 1 4 0
8979450 6 1 7 0
8979810 0 1 7 0
8980042 120 0 1 1
8980203 2 1 1 1
8980578 14 1 4 1
8980845 279 0 1 1
8980962 299 0 1 1
8981715 7 1 10 1
8982231 4 1 3 1
8982300 91 0 1 1
8982380 6 1 7 1
8982387 276 0 1 1
8982462 6 1 5 1
8982567 3 1 12 0
8982623 2 1 6 0
8982662 335 0 1 1
8982856 6 1 4 1
8984605 120 0 1 0
8985090 3 1 10 0
8985265 0 1 7 1
8985595 292 0 1 0
8985721 3 1 12 1
8985730 7 1 2 1
8986170 7 1 10 0
8986466 96 0 1 0
8986863 4 1 3 0
8986865 91 0 1 0
8987084 326 0 1 0
8987380 237 0 1 0
8987468 7 1 3 1
8987854 6 1 5 0
8988472 48 0 1 0
8988849 7 1 2 0
8988929 0 1 7 0
8989093 292 0 1 1
8989121 3 1 10 1
8989379 276 0 1 0
8989874 279 0 1 0
8989917 7 1 3 0
8990159 6 1 4 0
8990173 7 1 10 1
8990917 6 1 5 1
8991098 6 1 5 0
8991141 4 1 3 1
8991243 6 1 5 1
8991622 2 1 6 1
8992191 3 1 10 0
8992271 120 0 1 1
8992320 6 1 7 0
8992968 3 1 12 0
8993194 14 1 4 0
8993412 0 1 7 1
8993464 6 1 4 1
8993502 299 0 1 0
8994343 237 0 1 1
8994437 96 0 1 1
8995196 6 1 7 1
8995282 4 1 3 0
8995440 2 1 6 0
8995456 3 1 10 1
8995499 335 0 1 0
8995623 3 1 4 0
8995847 276 0 1 1
8996267 7 1 2 1
8996285 3 1 12 1
8996565 7 1 10 0
8996592 6 1 5 0
8996920 48 0 1 1
8997270 0 1 7 0
8997332 279 0 1 1
8997748 120 0 1 0
8998253 3 1 4 1
8998503 299 0 1 1
8999061 4 1 3 1
8999434 7 1 2 0
8999864 2 1 1 0
9000155 6 1 5 1
9000240 14 1 4 1
9000482 335 0 1 1
9000860 3 1 1 1
9001110 326 0 1 1
9001431 3 1 1 0
9001499 164 0 1 0
9001614 3 1 10 0
9001713 4 1 3 0
9001848 3 1 1 1
9001868 0 1 7 1
9002068 7 1 10 1
9002498 2 1 1 1
9002553 6 1 4 0
9003258 276 0 1 0
9003411 3 1 1 0
9004026 96 0 1 0
9004169 2 1 6 1
9004992 6 1 5 0
9005304 3 1 12 0
9005492 164 0 1 1
9006005 6 1 4 1
9006089 14 1 4 0
9006139 0 1 7 0
9006247 279 0 1 0
9006609 4 1 3 1
9007042 3 1 10 1
9007435 6 1 10 0
9007519 7 1 2 1
9007557 2 1 6 0
9007594 232 0 1 0
9007777 48 0 1 0
9007908 120 0 1 1
9008160 6 1 7 0
9008445 7 1 10 0
9008511 299 0 1 0
9008777 6 1 5 1
9008875 3 1 12 1
9009065 96 0 1 1
9009160 237 0 1 0
9009568 14 1 4 1
9009726 276 0 1 1
9009823 6 1 10 1
9010917 6 1 7 1
9011085 7 1 2 0
9011118 4 1 3 0
9011610 0 1 7 1
9011679 0 1 7 0
9011979 0 1 7 1
9012082 232 0 1 1
9012541 299 0 1 1
9012667 292 0 1 0
9013079 7 1 10 1
9013604 6 1 5 0
9014123 91 0 1 1
9014245 48 0 1 1
9014695 279 0 1 1
9014788 2 1 6 1
9014840 6 1 4 0
9015092 3 1 10 0
9015753 0 1 7 0
9016083 63 0 1 0
9016391 4 1 3 1
9016624 3 1 1 1
9016660 292 0 1 1
9016727 3 1 12 0
9017251 276 0 1 0
9017355 7 1 10 0
9017364 120 0 1 0
9017426 2 1 6 0
9017594 7 1 2 1
9017608 237 0 1 1
9017760 6 1 4 1
9017774 326 0 1 0
9018233 91 0 1 0
9018489 6 1 5 1
9018852 3 1 1 0
9019516 14 1 4 0
9020127 3 1 10 1
9020535 6 1 7 0
9020575 4 1 3 0
9020675 3 1 12 1
9020875 7 1 2 0
9021085 0 1 7 1
9021239 7 1 10 1
9022110 2 1 1 0
9022218 7 1 3 1
9022455 7 1 3 0
9022568 299 0 1 0
9022696 279 0 1 0
9022734 7 1 3 1
9022995 14 1 4 1
9023219 335 0 1 0
9023541 63 0 1 1
9023550 6 1 7 1
9023568 7 1 3 0
9023719 276 0 1 1
9023762 7 1 3 1
9023829 6 1 5 0
9023988 7 1 3 0
9024112 48 0 1 0
9024274 7 1 3 1
9024435 7 1 3 0
9024847 3 1 4 0
9024872 0 1 7 0
9024994 2 1 1 1
9025168 4 1 3 1
9026591 120 0 1 1
9026827 6 1 4 0
9027015 6 1 5 1
9027066 3 1 10 0
9027117 3 1 12 0
9027357 7 1 10 0
9027588 299 0 1 1
9027727 3 1 4 1
9027900 7 1 2 1
9028042 326 0 1 1
9028465 237 0 1 0
9028503 14 1 4 0
9028648 2 1 6 1
9028697 335 0 1 1
9028954 96 0 1 0
9029142 164 0 1 0
9029433 4 1 3 0
9029720 0 1 7 1
9029894 3 1 12 1
9030124 6 1 4 1
9030145 7 1 3 1
9030154 279 0 1 1
9030580 48 0 1 1
9030775 7 1 2 0
9031625 276 0 1 0
9031677 2 1 6 0
9031842 6 1 5 0
9032745 7 1 10 1
9032794 7 1 3 0
9032821 4 1 3 1
9033135 164 0 1 1
9033406 6 1 7 0
9033615 6 1 10 0
9033900 0 1 7 0
9034560 3 1 10 1
9034595 3 1 10 0
9035080 3 1 10 1
9036068 96 0 1 1
9036089 326 0 1 0
9036118 6 1 10 1
9036142 120 0 1 0
9036204 6 1 5 1
9036506 3 1 12 0
9036663 6 1 7 1
9036858 4 1 3 0
9036913 237 0 1 1
9037598 276 0 1 1
9037666 6 1 4 0
9038479 7 1 2 1
9038867 0 1 7 1
9039021 3 1 10 0
9039049 7 1 10 0
9039126 279 0 1 0
9039540 7 1 3 1
9039916 3 1 12 1
9040324 6 1 4 1
9040604 299 0 1 0
9041183 6 1 5 0
9041437 48 0 1 0
9041500 4 1 3 1
9042160 7 1 2 0
9042785 7 1 3 0
9043015 0 1 7 0
9043560 7 1 10 1
9043769 2 1 1 0
9044156 3 1 1 1
9044399 232 0 1 0
9044504 335 0 1 0
9044609 276 0 1 0
9044897 6 1 5 1
9045603 326 0 1 1
9045906 4 1 3 0
9046119 299 0 1 1
9046234 3 1 12 0
9046403 2 1 1 1
9046584 279 0 1 1
9047002 3 1 10 1
9047211 3 1 1 0
9047217 7 1 3 1
9047240 292 0 1 0
9047410 48 0 1 1
9047749 120 0 1 1
9047935 2 1 6 1
9048131 6 1 4 0
9048359 0 1 7 1
9048949 7 1 10 0
9049217 6 1 5 0
9049401 232 0 1 1
9049777 3 1 12 1
9050001 335 0 1 1
9050302 4 1 3 1
9050374 3 1 10 0
9050496 2 1 6 0
9050575 7 1 2 1
9050582 276 0 1 1
9050730 6 1 7 0
9051297 7 1 3 0
9051494 14 1 4 1
9051575 6 1 4 1
9051728 292 0 1 1
9051774 14 1 4 0
9052583 7 1 10 1
9052648 0 1 7 0
9053411 91 0 1 1
9053545 7 1 2 0
9053856 6 1 5 1
9053860 6 1 7 1
9055173 4 1 3 0
9055195 237 0 1 0
9055358 120 0 1 0
9056000 3 1 12 0
9056013 279 0 1 0
9056090 96 0 1 0
9056869 7 1 10 0
9057027 91 0 1 0
9057041 3 1 4 0
9057611 0 1 7 1
9057827 3 1 10 1
9057993 276 0 1 0
9058267 48 0 1 0
9058289 164 0 1 0
9059188 4 1 3 1
9059489 63 0 1 0
9059662 6 1 5 0
9059966 3 1 4 1
9059999 7 1 10 1
9060163 299 0 1 0
9060186 3 1 12 1
9060198 7 1 3 1
9060594 7 1 2 1
9060830 3 1 10 0
9060928 237 0 1 1
9061253 0 1 7 0
9061630 232 0 1 0
9062015 6 1 4 0
9062083 2 1 6 1
9062109 4 1 3 0
9062208 6 1 10 0
9062282 164 0 1 1
9062709 6 1 5 1
9063051 2 1 1 0
9063471 279 0 1 1
9063809 326 0 1 0
9063966 276 0 1 1
9063972 7 1 2 0
9064294 7 1 10 0
9064334 7 1 3 0
9064715 6 1 10 1
9064735 48 0 1 1
9064946 2 1 6 0
9065085 6 1 7 0
9065164 299 0 1 1
9065447 6 1 4 1
9065681 2 1 1 1
9066079 96 0 1 1
9066109 0 1 7 1
9066128 4 1 3 1
9066613 232 0 1 1
9066947 63 0 1 1
9067633 6 1 5 0
9067898 3 1 10 1
9067938 3 1 10 0
9067981 6 1 7 1
9068150 3 1 1 1
9068256 3 1 1 0
9068291 3 1 10 1
9068553 3 1 1 1
9068751 3 1 1 0
9068831 3 1 12 0
9069478 120 0 1 1
9069531 3 1 1 1
9069551 7 1 10 1
9070035 0 1 7 0
9070248 7 1 2 1
9070518 4 1 3 0
9070957 3 1 1 0
9070965 7 1 3 1
9071623 3 1 1 1
9071948 276 0 1 0
9071993 3 1 10 0
9072036 3 1 1 0
9072117 6 1 5 1
9072120 3 1 12 1
9072209 3 1 12 0
9072405 6 1 4 0
9072462 279 0 1 0
9072620 3 1 12 1
9073548 7 1 2 0
9074366 7 1 3 0
9074668 4 1 3 1
9074838 7 1 10 0
9075182 6 1 4 1
9075194 335 0 1 0
9075490 237 0 1 0
9075592 48 0 1 0
9075836 326 0 1 1
9075998 0 1 7 1
9077188 2 1 6 1
9077289 6 1 5 0
9077921 276 0 1 1
9078199 299 0 1 0
9078240 7 1 10 1
9079428 4 1 3 0
9079796 2 1 6 0
9079920 279 0 1 1
9080424 0 1 7 0
9080643 7 1 2 1
9081066 120 0 1 0
9081420 6 1 7 0
9081501 7 1 3 1
9081657 3 1 10 1
9081681 335 0 1 1
9081684 96 0 1 0
9081855 7 1 3 0
9081886 7 1 3 1
9081958 237 0 1 1
9082060 48 0 1 1
9082062 3 1 12 0
9082544 2 1 1 0
9083219 299 0 1 1
9083291 232 0 1 0
9083336 292 0 1 0
9084070 7 1 2 0
9084180 7 1 10 0
9084185 6 1 7 1
9084799 3 1 4 0
9084828 4 1 3 1
9085182 2 1 1 1
9085187 7 1 3 0
9085241 3 1 1 1
9085370 276 0 1 0
9085403 0 1 7 1
9085433 3 1 10 0
9085469 0 1 7 0
9085482 3 1 1 0
9085776 0 1 7 1
9085795 326 0 1 0
9085831 6 1 4 0
9085880 14 1 4 1
9086113 3 1 12 1
9086373 3 1 1 1
9086809 14 1 4 0
9088218 3 1 4 1
9088319 292 0 1 1
9088445 7 1 10 1
9088612 6 1 4 1
9088835 279 0 1 0
9088921 164 0 1 0
9089046 3 1 1 0
9089283 232 0 1 1
9089961 4 1 3 0
9090038 0 1 7 0
9090765 7 1 3 1
9091635 96 0 1 1
9091838 276 0 1 1
9092167 7 1 2 1
9092422 48 0 1 0
9092800 6 1 10 0
9092992 2 1 6 1
9093388 7 1 3 0
9093409 164 0 1 1
9094204 3 1 10 1
9094234 4 1 3 1
9094333 7 1 10 0
9094437 3 1 12 0
9095230 7 1 2 0
9095243 120 0 1 1
9095255 0 1 7 1
9095303 6 1 10 1
9095762 2 1 6 0
9096184 6 1 4 0
9096293 279 0 1 1
9096730 299 0 1 0
9096932 3 1 10 0
9098036 326 0 1 1
9098721 7 1 10 1
9098733 4 1 3 0
9098890 48 0 1 1
9099004 3 1 12 1
9099176 0 1 7 0
9099240 6 1 7 0
9099325 276 0 1 0
9099453 6 1 4 1
9100222 335 0 1 0
9100244 120 0 1 0
9100665 7 1 3 1
9101011 3 1 10 1
9101230 237 0 1 0
9101750 299 0 1 1
9101959 6 1 7 1
9102651 2 1 1 0
9103184 7 1 2 1
9103358 7 1 3 0
9103818 7 1 2 0
9103890 7 1 10 0
9104035 7 1 2 1
9104143 0 1 7 1
9104368 4 1 3 1
9104390 3 1 10 0
9104670 96 0 1 0
9105284 279 0 1 0
9105285 2 1 1 1
9105298 276 0 1 1
9105570 91 0 1 1
9105706 335 0 1 1
9105854 120 0 1 1
9106317 3 1 12 0
9106708 237 0 1 1
9106781 7 1 2 0
9107167 7 1 3 1
9107724 0 1 7 0
9108855 232 0 1 0
9108889 2 1 6 1
9109073 6 1 4 0
9109128 4 1 3 0
9109131 2 1 6 0
9109223 91 0 1 0
9109252 48 0 1 0
9109270 7 1 10 1
9109477 3 1 1 1
9110020 2 1 6 1
9110249 3 1 12 1
9110798 7 1 3 0
9111257 2 1 6 0
9111719 276 0 1 0
9111902 120 0 1 0
9111973 6 1 4 1
9112275 3 1 1 0
9112319 326 0 1 0
9112502 3 1 10 1
9112639 4 1 3 1
9112814 0 1 7 1
9113262 299 0 1 0
9113892 3 1 12 0
9114333 232 0 1 1
9114659 96 0 1 1
9114722 279 0 1 1
9114925 7 1 2 1
9115365 7 1 10 0
9115593 164 0 1 0
9115720 48 0 1 1
9116279 335 0 1 0
9116565 6 1 7 0
9116680 4 1 3 0
9116843 0 1 7 0
9116931 3 1 12 1
9117098 14 1 4 1
9117316 2 1 6 1
9117350 3 1 10 0
9117414 292 0 1 0
9117478 63 0 1 0
9117692 276 0 1 1
9117826 7 1 3 1
9118026 120 0 1 1
9118418 7 1 2 0
9118796 299 0 1 1
9119002 3 1 4 0
9119203 6 1 7 1
9119586 164 0 1 1
9119976 2 1 6 0
9120126 7 1 10 1
9120171 14 1 4 0
9120365 6 1 4 0
9120952 4 1 3 1
9121058 2 1 1 0
9121690 7 1 3 0
9121776 335 0 1 1
9121833 326 0 1 1
9121902 292 0 1 1
9122124 3 1 4 1
9122183 0 1 7 1
9123150 6 1 4 1
9123438 2 1 1 1
9123483 4 1 3 0
9123607 48 0 1 0
9123656 279 0 1 0
9123694 6 1 10 0
9124495 237 0 1 0
9124512 120 0 1 0
9124907 7 1 2 1
9124936 63 0 1 1
9125127 3 1 12 0
9125160 276 0 1 0
9125760 7 1 10 0
9125981 0 1 7 0
9126455 6 1 10 1
9126625 3 1 10 1
9126871 4 1 3 1
9128984 7 1 2 0
9129571 3 1 12 1
9129973 237 0 1 1
9130075 48 0 1 1
9130124 279 0 1 1
9130207 96 0 1 0
9130287 7 1 10 1
9130337 0 1 7 1
9130389 7 1 3 1
9130638 276 0 1 1
9130734 3 1 10 0
9131317 299 0 1 0
9131403 4 1 3 0
9131504 326 0 1 0
9131829 2 1 6 1
9132168 6 1 4 0
9133726 3 1 1 1
9133893 3 1 1 0
9134222 3 1 1 1
9134318 2 1 6 0
9134586 3 1 1 0
9134586 0 1 7 0
9134718 3 1 1 1
9134863 7 1 3 0
9135360 7 1 10 0
9135802 3 1 1 0
9135961 6 1 4 1
9136043 120 0 1 1
9136365 6 1 7 0
9136545 4 1 3 1
9137007 3 1 12 0
9137630 276 0 1 0
9137798 3 1 10 1
9137822 299 0 1 1
9138125 279 0 1 0
9138922 7 1 3 1
9139249 6 1 7 1
9139494 7 1 10 1
9139520 326 0 1 1
9140041 0 1 7 1
9140177 96 0 1 1
9140300 3 1 12 1
9140319 4 1 3 0
9140437 48 0 1 0
9141020 3 1 10 0
9142251 2 1 1 0
9142971 7 1 3 0
9143504 335 0 1 0
9143591 0 1 7 0
9143671 120 0 1 0
9144062 232 0 1 0
9144098 276 0 1 1
9144627 2 1 1 1
9144961 4 1 3 1
9145132 3 1 12 0
9145336 299 0 1 0
9145462 2 1 6 1
9145583 279 0 1 1
9145711 164 0 1 0
9145818 292 0 1 0
9146550 7 1 10 0
9146905 48 0 1 1
9147760 237 0 1 0
9148121 6 1 4 0
9148146 2 1 6 0
9148566 0 1 7 1
9148728 4 1 3 0
9148763 0 1 7 0
9148786 3 1 10 1
9149064 232 0 1 1
9149066 0 1 7 1
9149155 3 1 12 1
9149704 164 0 1 1
9149939 326 0 1 0
9149972 335 0 1 1
9150630 3 1 1 1
9150776 3 1 4 0
9150801 292 0 1 1
9150921 3 1 1 0
9151365 299 0 1 1
9151406 6 1 4 1
9151464 3 1 10 0
9151535 7 1 3 1
9151710 6 1 7 0
9151713 3 1 1 1
9151815 7 1 10 1
9151909 7 1 10 0
9152004 276 0 1 0
9152196 7 1 10 1
9152321 91 0 1 1
9152362 4 1 3 1
9152748 0 1 7 0
9153238 237 0 1 1
9153803 3 1 4 1
9154202 96 0 1 0
9154287 3 1 1 0
9154336 6 1 7 1
9154384 6 1 10 0
9154498 279 0 1 0
9155163 4 1 3 0
9155792 120 0 1 1
9155898 7 1 3 0
9155956 91 0 1 0
9156459 3 1 12 0
9157137 6 1 10 1
9157762 48 0 1 0
9157977 276 0 1 1
9158203 0 1 7 1
9159374 299 0 1 0
9159915 7 1 10 0
9159948 326 0 1 1
9160178 4 1 3 1
9160892 3 1 12 1
9161505 7 1 3 1
9161600 6 1 4 0
9161956 279 0 1 1
9162292 2 1 6 1
9162419 0 1 7 0
9162570 3 1 10 1
9164003 2 1 1 0
9164229 96 0 1 1
9164230 48 0 1 1
9164828 7 1 3 0
9165063 4 1 3 0
9165065 292 0 1 0
9165274 6 1 4 1
9165305 120 0 1 0
9165384 299 0 1 1
9165462 3 1 10 0
9165483 276 0 1 0
9165557 7 1 10 1
9165570 2 1 6 0
9166633 2 1 1 1
9167152 0 1 7 1
9167205 0 1 7 0
9167729 3 1 12 0
9167771 0 1 7 1
9169530 6 1 7 0
9170543 292 0 1 1
9170840 4 1 3 1
9171101 7 1 3 1
9171442 279 0 1 0
9171456 276 0 1 1
9171520 237 0 1 0
9171526 3 1 12 1
9171719 326 0 1 0
9172033 0 1 7 0
9172045 6 1 7 1
9172422 299 0 1 0
9172576 232 0 1 0
9173204 335 0 1 0
9173836 7 1 10 0
9173849 164 0 1 0
9174592 48 0 1 0
9174915 7 1 3 0
9175032 4 1 3 0
9175484 120 0 1 1
9176296 6 1 4 0
9176607 3 1 12 0
9176877 0 1 7 1
9177100 3 1 10 1
9177150 96 0 1 0
9177466 63 0 1 0
9177632 232 0 1 1
9177842 164 0 1 1
9177970 7 1 10 1
9177988 237 0 1 1
9178367 3 1 10 0
9178432 299 0 1 1
9178679 18 1 8 1
9178867 276 0 1 0
9178900 279 0 1 1
9179589 6 1 4 1
9179614 2 1 6 1
9179691 335 0 1 1
9179729 326 0 1 1
9180066 120 0 1 0
9180088 3 1 1 1
9180352 3 1 1 0
9180416 3 1 12 1
9180581 0 1 7 0
9180809 4 1 3 1
9181046 3 1 4 0
9181060 48 0 1 1
9181061 7 1 3 1
9182076 3 1 1 1
9182332 3 1 1 0
9182661 2 1 6 0
9183675 7 1 10 0
9183885 6 1 7 0
9184084 6 1 10 0
9184377 7 1 3 0
9184787 3 1 4 1
9184840 276 0 1 1
9184863 4 1 3 0
9184924 63 0 1 1
9185105 120 0 1 1
9185559 2 1 1 0
9185679 0 1 7 1
9185854 292 0 1 0
9185927 299 0 1 0
9186012 3 1 12 0
9186591 6 1 10 1
9186646 6 1 7 1
9186958 3 1 1 1
9187215 96 0 1 1
9187305 18 1 8 0
9187432 7 1 10 1
9187834 279 0 1 0
9188316 2 1 1 1
9189300 0 1 7 0
9189539 326 0 1 0
9189547 3 1 12 1
9189757 3 1 1 0
9189763 4 1 3 1
9189774 6 1 4 0
9189813 7 1 3 1
9189935 18 1 8 1
9191610 120 0 1 0
9191815 237 0 1 0
9191917 48 0 1 0
9192346 276 0 1 0
9192470 299 0 1 1
9192585 7 1 10 0
9192682 6 1 4 1
9192817 292 0 1 1
9192942 7 1 3 0
9193278 4 1 3 0
9194185 2 1 6 1
9194513 0 1 7 1
9194541 2 1 6 0
9194689 2 1 6 1
9195053 2 1 6 0
9195201 2 1 6 1
9195292 279 0 1 1
9196100 7 1 10 1
9196418 3 1 12 0
9196538 2 1 6 0
9196930 232 0 1 0
9197074 91 0 1 1
9197293 237 0 1 1
9197547 4 1 3 1
9197549 326 0 1 1
9198240 0 1 7 0
9198319 276 0 1 1
9198385 48 0 1 1
9198648 120 0 1 1
9198735 6 1 7 0
9199984 299 0 1 0
9200709 91 0 1 0
9200866 3 1 12 1
9201492 6 1 7 1
9201645 7 1 3 1
9201693 4 1 3 0
9201987 164 0 1 0
9202249 96 0 1 0
9202409 335 0 1 0
9203092 0 1 7 1
9203706 120 0 1 0
9203764 7 1 10 0
9203842 6 1 4 0
9204264 279 0 1 0
9204407 232 0 1 1
9205254 276 0 1 0
9205268 2 1 6 1
9205317 7 1 3 0
9205980 164 0 1 1
9206776 0 1 7 0
9206802 3 1 12 0
9206889 6 1 4 1
9206899 14 1 4 1
9206984 299 0 1 1
9207089 4 1 3 1
9207668 18 1 8 0
9207832 2 1 6 0
9207973 14 1 4 0
9208147 292 0 1 0
9208160 7 1 10 1
9208252 48 0 1 0
9208744 14 1 4 1
9209160 326 0 1 0
9209212 14 1 4 0
9209296 335 0 1 1
9209710 3 1 12 1
9209751 4 1 3 0
9209918 3 1 12 0
9210218 3 1 12 1
9210325 120 0 1 1
9210671 18 1 8 1
9211227 276 0 1 1
9211628 0 1 7 1
9211722 279 0 1 1
9211804 6 1 10 0
9212635 292 0 1 1
9213613 3 1 4 0
9213648 7 1 3 1
9213787 7 1 3 0
9214020 4 1 3 1
9214063 7 1 3 1
9214227 3 1 12 0
9214256 96 0 1 1
9214311 6 1 10 1
9214720 48 0 1 1
9215507 299 0 1 0
9215764 7 1 10 0
9216070 232 0 1 0
9216123 0 1 7 0
9216731 3 1 4 1
9216849 120 0 1 0
9217485 7 1 3 0
9217548 6 1 4 0
9217627 3 1 12 1
9217671 4 1 3 0
9219040 237 0 1 0
9219190 276 0 1 0
9219568 232 0 1 1
9220325 6 1 4 1
9220515 6 1 7 0
9220590 0 1 7 1
9220675 279 0 1 0
9221033 7 1 10 1
9221100 3 1 1 1
9221187 0 1 7 0
9221451 0 1 7 1
9221598 2 1 1 0
9222031 299 0 1 1
9222571 4 1 3 1
9222686 2 1 6 1
9223149 6 1 7 1
9223192 326 0 1 1
9223895 3 1 1 0
9224228 2 1 1 1
9224518 237 0 1 1
9224631 3 1 12 0
9225082 48 0 1 0
9225163 276 0 1 1
9225299 0 1 7 0
9225994 2 1 6 0
9226395 7 1 3 1
9226443 4 1 3 0
9227413 292 0 1 0
9227644 6 1 10 0
9227786 96 0 1 0
9228133 279 0 1 1
9228494 120 0 1 1
9229069 299 0 1 0
9229154 164 0 1 0
9229202 3 1 12 1
9229299 232 0 1 0
9230067 7 1 3 0
9230405 0 1 7 1
9230437 6 1 10 1
9231159 6 1 4 0
9231195 7 1 10 0
9231550 48 0 1 1
9232093 4 1 3 1
9232110 335 0 1 0
9232396 292 0 1 1
9232631 276 0 1 0
9233147 164 0 1 1
9233298 232 0 1 1
9233603 18 1 8 0
9234067 6 1 4 1
9234094 0 1 7 0
9234542 120 0 1 0
9234954 326 0 1 0
9235060 299 0 1 1
9235512 3 1 12 0
9235860 6 1 7 0
9236361 7 1 10 1
9237028 4 1 3 0
9237086 279 0 1 0
9237446 3 1 10 1
9237606 18 1 8 1
9238039 6 1 10 0
9238597 335 0 1 1
9238621 6 1 7 1
9238765 96 0 1 1
9239061 0 1 7 1
9239099 276 0 1 1
9239325 0 1 7 0
9239623 3 1 12 1
9239922 0 1 7 1
9239932 48 0 1 0
9240095 3 1 10 0
9240243 14 1 4 1
9240628 120 0 1 1
9240824 2 1 6 1
9240876 3 1 4 0
9241033 63 0 1 0
9241523 6 1 10 1
9242079 299 0 1 0
9242634 14 1 4 0
9242726 7 1 3 1
9243133 6 1 4 0
9243251 0 1 7 0
9243546 2 1 6 0
9243879 3 1 4 1
9244440 4 1 3 1
9244544 279 0 1 1
9244560 7 1 10 0
9244754 232 0 1 0
9244780 237 0 1 0
9245214 7 1 3 0
9245907 3 1 12 0
9246291 6 1 4 1
9246318 292 0 1 0
9246400 48 0 1 1
9246529 276 0 1 0
9247100 326 0 1 1
9247833 7 1 10 1
9248089 299 0 1 1
9248223 4 1 3 0
9248234 0 1 7 1
9248252 232 0 1 1
9248253 6 1 10 0
9248410 0 1 7 0
9248734 0 1 7 1
9249268 237 0 1 1
9249323 3 1 12 1
9250471 63 0 1 1
9251169 120 0 1 0
9251205 6 1 7 0
9251536 279 0 1 0
9251753 6 1 10 1
9251796 292 0 1 1
9251985 7 1 10 0
9252254 4 1 3 1
9252997 276 0 1 1
9253185 0 1 7 0
9253209 96 0 1 0
9253853 3 1 12 0
9253962 6 1 7 1
9254632 299 0 1 0
9254890 326 0 1 0
9255123 7 1 10 1
9256306 4 1 3 0
9257177 232 0 1 0
9257257 48 0 1 0
9257639 6 1 4 0
9257653 63 0 1 0
9257728 3 1 12 1
9258004 279 0 1 1
9258301 164 0 1 0
9258644 0 1 7 1
9259717 6 1 10 0
9259989 276 0 1 0
9260142 91 0 1 1
9260154 2 1 6 1
9260247 96 0 1 1
9260315 7 1 10 0
9260868 2 1 1 0
9260964 4 1 3 1
9261067 6 1 4 1
9261137 299 0 1 1
9261576 7 1 3 1
9262141 63 0 1 1
9262289 7 1 3 0
9262294 164 0 1 1
9262309 335 0 1 0
9262326 18 1 8 0
9262402 0 1 7 0
9262525 7 1 3 1
9263080 7 1 10 1
9263188 232 0 1 1
9263229 6 1 10 1
9263244 2 1 1 1
9263290 120 0 1 1
9263346 2 1 6 0
9263725 48 0 1 1
9263776 91 0 1 0
9264222 7 1 3 0
9264404 326 0 1 1
9264650 292 0 1 0
9265456 18 1 8 1
9265929 279 0 1 0
9265962 276 0 1 1
9266538 4 1 3 0
9266665 3 1 12 0
9267424 6 1 4 0
9267635 0 1 7 1
9268729 7 1 10 0
9269025 6 1 7 0
9269138 292 0 1 1
9269146 299 0 1 0
9269310 335 0 1 1
9269935 4 1 3 1
9270979 6 1 4 1
9271024 6 1 10 0
9271609 7 1 10 1
9271855 3 1 12 1
9271995 0 1 7 0
9272036 6 1 7 1
9272768 96 0 1 0
9272995 237 0 1 0
9273387 279 0 1 1
9273592 48 0 1 0
9273868 276 0 1 0
9274544 6 1 10 1
9275651 299 0 1 1
9275849 120 0 1 0
9275943 4 1 3 0
9277133 6 1 4 0
9277483 237 0 1 1
9277640 7 1 10 0
9278065 0 1 7 1
9278577 3 1 12 0
9278953 7 1 3 1
9279558 232 0 1 0
9279841 276 0 1 1
9279926 6 1 4 1
9279946 2 1 6 1
9280060 48 0 1 1
9280271 2 1 6 0
9280375 4 1 3 1
9280458 2 1 6 1
9280495 3 1 4 0
9280671 2 1 6 0
9280812 14 1 4 1
9280958 2 1 6 1
9281079 292 0 1 0
9281547 7 1 3 0
9281915 0 1 7 0
9281970 6 1 10 0
9282002 14 1 4 0
9282040 18 1 8 0
9282104 326 0 1 0
9282156 2 1 6 0
9282359 279 0 1 0
9282405 7 1 10 1
9282689 299 0 1 0
9283013 3 1 12 1
9283248 3 1 4 1
9283690 96 0 1 1
9284547 232 0 1 1
9284924 18 1 8 1
9285331 6 1 10 1
9285567 292 0 1 1
9285855 6 1 7 0
9286439 164 0 1 0
9287037 120 0 1 1
9287144 0 1 7 1
9287347 276 0 1 0
9288415 6 1 4 0
9288477 3 1 12 0
9288813 4 1 3 0
9288874 6 1 7 1
9289194 299 0 1 1
9289817 279 0 1 1
9290024 335 0 1 0
9290422 48 0 1 0
9290767 0 1 7 0
9290927 164 0 1 1
9291499 7 1 10 0
9291627 3 1 12 1
9291940 63 0 1 0
9292228 6 1 4 1
9292782 6 1 10 0
9293029 2 1 6 1
9293372 4 1 3 1
9293815 276 0 1 1
9294131 326 0 1 1
9295119 0 1 7 1
9295807 3 1 10 1
9295808 2 1 1 0
9295942 2 1 6 0
9296179 6 1 10 1
9296395 7 1 10 1
9296498 335 0 1 1
9297203 299 0 1 0
9297715 96 0 1 0
9297882 3 1 12 0
9298215 6 1 7 0
9298408 63 0 1 1
9298518 3 1 10 0
9298565 2 1 1 1
9298640 7 1 3 1
9298732 279 0 1 0
9298829 6 1 4 0
9298870 48 0 1 1
9298888 14 1 4 1
9299005 232 0 1 0
9299243 0 1 7 0
9300198 4 1 3 0
9300994 7 1 3 0
9301207 276 0 1 0
9301725 6 1 4 1
9301861 6 1 7 1
9301933 3 1 12 1
9302026 14 1 4 0
9302344 292 0 1 0
9303389 326 0 1 0
9303483 4 1 3 1
9303746 299 0 1 1
9304070 6 1 10 0
9304587 0 1 7 1
9304753 96 0 1 1
9304978 232 0 1 1
9305155 120 0 1 0
9306190 279 0 1 1
9306645 6 1 7 0
9306832 292 0 1 1
9307150 237 0 1 0
9307180 276 0 1 1
9307339 7 1 10 0
9307590 6 1 10 1
9308623 4 1 3 0
9308625 0 1 7 0
9309039 6 1 4 0
9309216 18 1 8 0
9309656 6 1 7 1
9309762 3 1 12 0
9310222 48 0 1 0
9311014 7 1 3 1
9311260 299 0 1 0
9311638 237 0 1 1
9311782 2 1 6 1
9311856 2 1 6 0
9312145 2 1 6 1
9312493 7 1 10 1
9312543 4 1 3 1
9312842 18 1 8 1
9313297 120 0 1 1
9313986 232 0 1 0
9314223 7 1 3 0
9314289 3 1 12 1
9314534 6 1 4 1
9314719 0 1 7 1
9314826 2 1 6 0
9314844 6 1 10 0
9315181 279 0 1 0
9315567 164 0 1 0
9316690 48 0 1 1
9317765 299 0 1 1
9318134 3 1 4 0
9318199 0 1 7 0
9318217 6 1 10 1
9318259 91 0 1 1
9318735 292 0 1 0
9318994 232 0 1 1
9319414 326 0 1 1
9319523 6 1 4 0
9319560 164 0 1 1
9319998 4 1 3 0
9320010 6 1 7 0
9320157 3 1 12 0
9320295 7 1 10 0
9320714 335 0 1 0
9320739 96 0 1 0
9320814 7 1 3 1
9320887 3 1 4 1
9322074 91 0 1 0
9322763 6 1 7 1
9323223 292 0 1 1
9323289 0 1 7 1
9323402 4 1 3 1
9323846 6 1 4 1
9323933 7 1 10 1
9324208 7 1 3 0
9324553 3 1 12 1
9325298 299 0 1 0
9325306 232 0 1 0
9325778 96 0 1 1
9326147 276 0 1 0
9326151 6 1 10 0
9326884 120 0 1 0
9327508 0 1 7 0
9327539 6 1 4 0
9327547 48 0 1 0
9328129 7 1 10 0
9328191 335 0 1 1
9328612 2 1 6 1
9329527 4 1 3 0
9329535 6 1 10 1
9329794 232 0 1 1
9330795 7 1 3 1
9331047 3 1 12 0
9331175 2 1 6 0
9331402 18 1 8 0
9331625 276 0 1 1
9331803 299 0 1 1
9331994 6 1 4 1
9332025 7 1 10 1
9332364 0 1 7 1
9332539 279 0 1 1
9332833 63 0 1 0
9332837 2 1 1 0
9332958 3 1 10 1
9333080 3 1 10 0
9333508 292 0 1 0
9334017 7 1 3 0
9334048 4 1 3 1
9334278 18 1 8 1
9335005 48 0 1 1
9335189 3 1 12 1
9335475 2 1 1 1
9335478 6 1 4 0
9336322 0 1 7 0
9336355 237 0 1 0
9336583 6 1 10 0
9338534 326 0 1 0
9338948 120 0 1 1
9339074 279 0 1 0
9339205 232 0 1 0
9339349 7 1 10 0
9339604 7 1 3 1
9339769 6 1 10 1
9339831 299 0 1 0
9340291 63 0 1 1
9340305 6 1 7 0
9340698 96 0 1 0
9340817 6 1 4 1
9340843 237 0 1 1
9340920 0 1 7 1
9340966 292 0 1 1
9340966 3 1 10 1
9341024 0 1 7 0
9341104 3 1 10 0
9341138 3 1 12 0
9341289 0 1 7 1
9341474 3 1 10 1
9341618 3 1 10 0
9341778 4 1 3 0
9343122 7 1 10 1
9343210 164 0 1 0
9343324 6 1 7 1
9343422 7 1 3 0
9344458 6 1 4 0
9345034 3 1 12 1
9345255 0 1 7 0
9345276 3 1 10 1
9345841 299 0 1 1
9345928 4 1 3 1
9346357 48 0 1 0
9346689 96 0 1 1
9347203 164 0 1 1
9347281 6 1 10 0
9347584 3 1 10 0
9347698 14 1 4 1
9347892 63 0 1 0
9348876 326 0 1 1
9349050 276 0 1 0
9349176 232 0 1 1
9349347 292 0 1 0
9350015 7 1 10 0
9350352 3 1 12 0
9350491 6 1 10 1
9350689 6 1 4 1
9350726 0 1 7 1
9350782 14 1 4 0
9351135 7 1 3 1
9351678 4 1 3 0
9352394 335 0 1 0
9352472 279 0 1 1
9352825 48 0 1 1
9352860 299 0 1 0
9353023 18 1 8 0
9353300 6 1 4 0
9354250 3 1 12 1
9354330 292 0 1 1
9354792 7 1 10 1
9354921 0 1 7 0
9355023 276 0 1 1
9355034 4 1 3 1
9355228 7 1 3 0
9355350 63 0 1 1
9355364 326 0 1 0
9355581 120 0 1 0
9355726 96 0 1 0
9356280 18 1 8 1
9357135 6 1 7 0
9357256 6 1 10 0
9357330 232 0 1 0
9359026 279 0 1 0
9359059 3 1 12 0
9359879 299 0 1 1
9359909 335 0 1 1
9360015 6 1 7 1
9360388 0 1 7 1
9360589 6 1 10 1
9360600 0 1 7 0
9360712 48 0 1 0
9360742 3 1 4 0
9360880 0 1 7 1
9362073 4 1 3 0
9362447 3 1 12 1
9363368 3 1 4 1
9364579 7 1 10 0
9364878 326 0 1 1
9365258 0 1 7 0
9365589 120 0 1 1
9365772 96 0 1 1
9366167 4 1 3 1
9367090 292 0 1 0
9367180 48 0 1 1
9367907 299 0 1 0
9368259 6 1 10 0
9368464 3 1 12 0
9368987 7 1 10 1
9369882 164 0 1 0
9370614 0 1 7 1
9370989 2 1 1 0
9371030 3 1 10 1
9371478 4 1 3 0
9371723 6 1 10 1
9372356 3 1 12 1
9372490 237 0 1 0
9373438 276 0 1 0
9373568 326 0 1 0
9373678 3 1 10 0
9373793 232 0 1 1
9373873 2 1 1 1
9373875 164 0 1 1
9374053 292 0 1 1
9374404 279 0 1 1
9374431 299 0 1 1
9374659 7 1 10 0
9374834 4 1 3 1
9374955 6 1 7 0
9375043 0 1 7 0
9376057 48 0 1 0
9376861 2 1 6 1
9376978 237 0 1 1
9377851 6 1 7 1
9378051 18 1 8 0
9378134 335 0 1 0
9378424 7 1 10 1
9378859 3 1 12 0
9378916 276 0 1 1
9379169 96 0 1 0
9379262 6 1 10 0
9379766 2 1 6 0
9380014 0 1 7 1
9380223 120 0 1 0
9380866 18 1 8 1
9381434 279 0 1 0
9381507 91 0 1 1
9381578 326 0 1 1
9382368 4 1 3 0
9382440 299 0 1 0
9382525 48 0 1 1
9382624 3 1 12 1
9382730 6 1 10 1
9383462 292 0 1 0
9383650 335 0 1 1
9384360 0 1 7 0
9385054 7 1 10 0
9385189 91 0 1 0
9386216 4 1 3 1
9387078 3 1 4 0
9387934 7 1 10 1
9388232 120 0 1 1
9388445 292 0 1 1
9388964 299 0 1 1
9389054 3 1 12 0
9389070 2 1 6 1
9389186 2 1 6 0
9389471 2 1 6 1
9389593 0 1 7 1
9389917 48 0 1 0
9389946 3 1 4 1
9390167 96 0 1 1
9390227 6 1 10 0
9390509 326 0 1 0
9390783 4 1 3 0
9392541 2 1 6 0
9392775 6 1 7 0
9392984 335 0 1 0
9393060 7 1 10 0
9393319 3 1 12 1
9393572 6 1 10 1
9394042 0 1 7 0
9394071 4 1 3 1
9394319 3 1 10 1
9394522 3 1 10 0
9395240 3 1 10 1
9395458 3 1 10 0
9395740 3 1 10 1
9395786 6 1 7 1
9396355 120 0 1 0
9396385 48 0 1 1
9396497 299 0 1 0
9396812 279 0 1 1
9396819 63 0 1 0
9396943 3 1 10 0
9397079 7 1 10 1
9397472 335 0 1 1
9398001 164 0 1 0
9398068 18 1 8 0
9398378 276 0 1 0
9399244 292 0 1 0
9399513 0 1 7 1
9399848 3 1 12 0
9400134 2 1 6 1
9400571 18 1 8 1
9400619 6 1 10 0
9401673 4 1 3 0
9401994 164 0 1 1
9402536 326 0 1 1
9403002 299 0 1 1
9403170 0 1 7 0
9403209 2 1 6 0
9403361 276 0 1 1
9403777 48 0 1 0
9403842 279 0 1 0
9403863 3 1 12 1
9403974 6 1 10 1
9404227 292 0 1 1
9404277 63 0 1 1
9404383 120 0 1 1
9404573 96 0 1 0
9404665 232 0 1 0
9406113 7 1 10 0
9406751 4 1 3 1
9406776 3 1 4 0
9408899 0 1 7 1
9409255 48 0 1 1
9409615 237 0 1 0
9409873 2 1 1 0
9410169 232 0 1 1
9410516 299 0 1 0
9410539 3 1 12 0
9410595 6 1 7 0
9411013 3 1 4 1
9411567 6 1 10 0
9411731 7 1 10 1
9412507 2 1 1 1
9412544 96 0 1 1
9412762 2 1 6 1
9412832 0 1 7 0
9413206 3 1 10 1
9413483 6 1 7 1
9413651 4 1 3 0
9413927 3 1 12 1
9414103 237 0 1 1
9415039 6 1 10 1
9415657 48 0 1 0
9415753 3 1 10 0
9416016 292 0 1 0
9416193 2 1 6 0
9416249 326 0 1 0
9417007 4 1 3 1
9417040 299 0 1 1
9417734 335 0 1 0
9417930 0 1 7 1
9420045 120 0 1 0
9420199 7 1 10 0
9420310 276 0 1 0
9420439 3 1 12 0
9422125 48 0 1 1
9422190 279 0 1 1
9422570 6 1 10 0
9422579 18 1 8 0
9422970 0 1 7 0
9423474 292 0 1 1
9423948 4 1 3 0
9423999 96 0 1 0
9424059 299 0 1 0
9424207 335 0 1 1
9424327 3 1 12 1
9424368 7 1 10 1
9425175 2 1 6 1
9425644 164 0 1 0
9425788 276 0 1 1
9425836 18 1 8 1
9425915 6 1 10 1
9426312 326 0 1 1
9426975 3 1 4 0
9427584 0 1 7 1
9428181 2 1 6 0
9428230 279 0 1 0
9428288 4 1 3 1
9429349 3 1 12 0
9429637 164 0 1 1
9429970 3 1 4 1
9430012 48 0 1 0
9430395 6 1 7 0
9430583 299 0 1 1
9431260 0 1 7 0
9432147 120 0 1 1
9432369 292 0 1 0
9432737 3 1 12 1
9432858 4 1 3 0
9433069 6 1 10 0
9433545 6 1 7 1
9433565 7 1 10 0
9434065 326 0 1 0
9434613 2 1 1 0
9435016 96 0 1 1
9435085 3 1 4 0
9435128 0 1 7 1
9435722 4 1 3 1
9436398 6 1 10 1
9436522 2 1 6 1
9437620 2 1 1 1
9437847 292 0 1 1
9438097 299 0 1 0
9438195 7 1 10 1
9438322 3 1 4 1
9438460 48 0 1 1
9438894 0 1 7 0
9439744 3 1 12 0
9439762 2 1 6 0
9440168 63 0 1 0
9442119 4 1 3 0
9442770 6 1 7 0
9443608 279 0 1 1
9443708 3 1 12 1
9443738 0 1 7 1
9443770 237 0 1 0
9444043 6 1 10 0
9444621 299 0 1 1
9444854 7 1 10 0
9445212 276 0 1 0
9445654 6 1 7 1
9446043 326 0 1 1
9446347 48 0 1 0
9447074 4 1 3 1
9447396 6 1 10 1
9447714 120 0 1 0
9447816 18 1 8 0
9448258 237 0 1 1
9448402 2 1 6 1
9448508 0 1 7 0
9448616 63 0 1 1
9448734 7 1 10 1
9448946 96 0 1 0
9449616 335 0 1 0
9449636 292 0 1 0
9449700 276 0 1 1
9449899 3 1 4 0
9450638 3 1 12 0
9450657 279 0 1 0
9450946 18 1 8 1
9451380 3 1 10 1
9451412 3 1 10 0
9451446 2 1 6 0
9451825 48 0 1 1
9451880 3 1 10 1
9451907 3 1 10 0
9452135 299 0 1 0
9452376 3 1 10 1
9452626 0 1 7 1
9452661 0 1 7 0
9452897 3 1 10 0
9452995 0 1 7 1
9453398 3 1 4 1
9454334 164 0 1 0
9454395 3 1 12 1
9454638 4 1 3 0
9455008 6 1 10 0
9455609 292 0 1 1
9455818 120 0 1 1
9456971 7 1 10 0
9457099 335 0 1 1
9457627 0 1 7 0
9457994 4 1 3 1
9458327 164 0 1 1
9458366 6 1 10 1
9458659 299 0 1 1
9458722 48 0 1 0
9458897 96 0 1 1
9460083 2 1 6 1
9460615 3 1 10 1
9460799 326 0 1 0
9460875 2 1 1 0
9461052 3 1 12 0
9461085 6 1 7 0
9461224 7 1 10 1
9462102 0 1 7 1
9463252 2 1 6 0
9463386 2 1 1 1
9463425 3 1 10 0
9463548 4 1 3 0
9463838 6 1 7 1
9463922 120 0 1 0
9464009 292 0 1 0
9464200 48 0 1 1
9464817 3 1 12 1
9465355 3 1 4 0
9465412 91 0 1 1
9465739 6 1 10 0
9466035 279 0 1 1
9466173 299 0 1 0
9466232 0 1 7 0
9467125 276 0 1 0
9467719 7 1 10 0
9467858 3 1 4 1
9467888 4 1 3 1
9468973 6 1 10 1
9469065 91 0 1 0
9469894 120 0 1 1
9469982 292 0 1 1
9470400 326 0 1 1
9470715 0 1 7 1
9470845 7 1 10 1
9471097 48 0 1 0
9471403 18 1 8 0
9471613 276 0 1 1
9472351 96 0 1 0
9472608 279 0 1 0
9472647 2 1 6 1
9472697 299 0 1 1
9473350 3 1 12 0
9473941 3 1 4 0
9473955 6 1 7 0
9474037 18 1 8 1
9474366 7 1 10 0
9474818 0 1 7 0
9475428 4 1 3 0
9475450 237 0 1 0
9475872 6 1 10 0
9475924 2 1 6 0
9476575 48 0 1 1
9476639 326 0 1 0
9476984 3 1 12 1
9477097 6 1 7 1
9477440 3 1 4 1
9478743 335 0 1 0
9478967 63 0 1 0
9479211 4 1 3 1
9479245 6 1 10 1
9479492 7 1 10 1
9479924 0 1 7 1
9480035 120 0 1 0
9480800 292 0 1 0
9480928 237 0 1 1
9481220 299 0 1 0
9481388 96 0 1 1
9481444 164 0 1 0
9482482 48 0 1 0
9483843 4 1 3 0
9483879 3 1 12 0
9483997 7 1 10 0
9484116 2 1 6 1
9484350 0 1 7 0
9485255 335 0 1 1
9485288 292 0 1 1
9485437 164 0 1 1
9486153 326 0 1 1
9486254 18 1 8 0
9486425 63 0 1 1
9486725 3 1 10 1
9486837 6 1 10 0
9486849 3 1 12 1
9487016 120 0 1 1
9487086 2 1 6 0
9487199 4 1 3 1
9487744 299 0 1 1
9487986 279 0 1 1
9488583 0 1 7 1
9488950 48 0 1 1
9489533 276 0 1 0
9489585 7 1 10 1
9490003 3 1 10 0
9490007 18 1 8 1
9490088 3 1 12 0
9490214 6 1 10 1
9490290 6 1 7 0
9490441 2 1 1 0
9491929 96 0 1 0
9492797 6 1 7 1
9493067 2 1 1 1
9493133 0 1 7 0
9493341 3 1 12 1
9493386 4 1 3 0
9494021 276 0 1 1
9494040 7 1 10 0
9494521 63 0 1 0
9494540 279 0 1 0
9494744 299 0 1 0
9495555 3 1 4 0
9495945 2 1 6 1
9496068 292 0 1 0
9497111 4 1 3 1
9497840 6 1 10 0
9497993 0 1 7 1
9498322 48 0 1 0
9498677 3 1 4 1
9499275 2 1 6 0
9500134 3 1 12 0
9500695 232 0 1 0
9500989 63 0 1 1
9501451 6 1 10 1
9501539 18 1 8 0
9501782 299 0 1 1
9502035 7 1 10 1
9502299 326 0 1 0
9502538 0 1 7 0
9502653 4 1 3 0
9503031 292 0 1 1
9503173 120 0 1 0
9503860 96 0 1 1
9504014 3 1 12 1
9504546 18 1 8 1
9504790 48 0 1 1
9506378 4 1 3 1
9506415 232 0 1 1
9506625 6 1 7 0
9506650 164 0 1 0
9507390 0 1 7 1
9507674 7 1 10 0
9508120 237 0 1 0
9508792 2 1 6 1
9508814 335 0 1 0
9508928 279 0 1 1
9509357 6 1 10 0
9509513 6 1 7 1
9509810 299 0 1 0
9510529 3 1 12 0
9510643 164 0 1 1
9510841 96 0 1 0
9510932 276 0 1 0
9510936 292 0 1 0
9511448 0 1 7 0
9511558 7 1 10 1
9511931 2 1 6 0
9512030 2 1 1 0
9512314 326 0 1 1
9512710 6 1 10 1
9512871 4 1 3 0
9513172 48 0 1 0
9513238 120 0 1 1
9513540 3 1 12 1
9513598 237 0 1 1
9514529 3 1 4 0
9514656 2 1 1 1
9515021 7 1 10 0
9515320 335 0 1 1
9515420 276 0 1 1
9515444 279 0 1 0
9515804 0 1 7 1
9516030 0 1 7 0
9516304 0 1 7 1
9516315 299 0 1 1
9516414 292 0 1 1
9516422 0 1 7 0
9516673 0 1 7 1
9516842 4 1 3 1
9517028 3 1 4 1
9517822 96 0 1 1
9518045 3 1 10 1
9518528 3 1 12 0
9518923 18 1 8 0
9519000 6 1 7 0
9519640 48 0 1 1
9519704 326 0 1 0
9520189 6 1 10 0
9520603 3 1 10 0
9520672 2 1 6 1
9521348 0 1 7 0
9521517 3 1 12 1
9521757 6 1 7 1
9522255 7 1 10 1
9522680 18 1 8 1
9522842 96 0 1 0
9523086 4 1 3 0
9523661 6 1 10 1
9523811 2 1 6 0
9524324 299 0 1 0
9526320 3 1 4 0
9526450 0 1 7 1
9526537 48 0 1 0
9526710 7 1 10 0
9526811 4 1 3 1
9526825 120 0 1 0
9527746 292 0 1 0
9527854 3 1 12 0
9528950 3 1 4 1
9528993 91 0 1 1
9529732 326 0 1 1
9529832 279 0 1 1
9530867 299 0 1 1
9530880 0 1 7 0
9531192 6 1 10 0
9531359 63 0 1 0
9531734 3 1 12 1
9531959 7 1 10 1
9532234 292 0 1 1
9532407 276 0 1 0
9532552 2 1 6 1
9532627 91 0 1 0
9532721 2 1 6 0
9532848 4 1 3 0
9532888 96 0 1 1
9532928 2 1 6 1
9533005 48 0 1 1
9534171 2 1 1 0
9534267 6 1 10 1
9534817 7 1 10 0
9535113 0 1 7 1
9535790 2 1 6 0
9536367 279 0 1 0
9536534 335 0 1 0
9536895 276 0 1 1
9536928 2 1 1 1
9536966 120 0 1 1
9537065 4 1 3 1
9537074 18 1 8 0
9538362 299 0 1 0
9538810 232 0 1 0
9538817 63 0 1 1
9539201 7 1 10 1
9539239 3 1 12 0
9539407 48 0 1 0
9539800 237 0 1 0
9540158 0 1 7 0
9540285 6 1 7 0
9540700 18 1 8 1
9540878 96 0 1 0
9541148 6 1 10 0
9541223 164 0 1 0
9542005 292 0 1 0
9542123 3 1 12 1
9543045 7 1 10 0
9543298 232 0 1 1
9543494 2 1 6 1
9543554 6 1 7 1
9543738 4 1 3 0
9544006 3 1 4 0
9544030 335 0 1 1
9544511 6 1 10 1
9544886 299 0 1 1
9545278 237 0 1 1
9545444 326 0 1 0
9545711 164 0 1 1
9545760 0 1 7 1
9545875 48 0 1 1
9546391 3 1 10 1
9546486 2 1 6 0
9546874 3 1 4 1
9547159 3 1 12 0
9547521 4 1 3 1
9549030 120 0 1 0
9549958 292 0 1 1
9550185 0 1 7 0
9550543 3 1 12 1
9550667 7 1 10 1
9550683 3 1 10 0
9550925 18 1 8 0
9551745 279 0 1 1
9551869 6 1 10 0
9552291 4 1 3 0
9552733 2 1 1 0
9552847 96 0 1 1
9552914 299 0 1 0
9552959 326 0 1 1
9553432 18 1 8 1
9554145 6 1 7 0
9554752 48 0 1 0
9554774 2 1 6 1
9554815 276 0 1 0
9554910 0 1 7 1
9555023 0 1 7 0
9555079 6 1 10 1
9555370 2 1 1 1
9555402 0 1 7 1
9555527 7 1 10 0
9555808 4 1 3 1
9556049 120 0 1 1
9557158 6 1 7 1
9557627 2 1 6 0
9558794 279 0 1 0
9559169 3 1 12 0
9559303 276 0 1 1
9559438 299 0 1 1
9559768 7 1 10 1
9559958 0 1 7 0
9560323 96 0 1 0
9561220 48 0 1 1
9561273 3 1 10 1
9561779 326 0 1 0
9561845 3 1 4 0
9562678 6 1 10 0
9562686 4 1 3 0
9563442 3 1 12 1
9563616 7 1 10 0
9564254 335 0 1 0
9564318 0 1 7 1
9565213 3 1 4 1
9565235 3 1 10 0
9565695 120 0 1 0
9565749 18 1 8 0
9565919 4 1 3 1
9566035 6 1 10 1
9566276 2 1 6 1
9566403 2 1 6 0
9566673 2 1 6 1
9566971 299 0 1 0
9567683 63 0 1 0
9568868 0 1 7 0
9569004 7 1 10 1
9569005 237 0 1 0
9569107 48 0 1 0
9569133 18 1 8 1
9569620 2 1 6 0
9569789 326 0 1 1
9570424 3 1 12 0
9570468 4 1 3 0
9571151 292 0 1 0
9571359 96 0 1 1
9571705 120 0 1 1
9571750 335 0 1 1
9573298 3 1 4 0
9573427 3 1 12 1
9573458 0 1 7 1
9573493 237 0 1 1
9573649 6 1 10 0
9573685 7 1 10 0
9573971 299 0 1 1
9574440 6 1 7 0
9574460 3 1 10 1
9574562 4 1 3 1
9574760 2 1 1 0
9574844 164 0 1 0
9575162 279 0 1 1
9575575 48 0 1 1
9575793 3 1 4 1
9576214 276 0 1 0
9576629 292 0 1 1
9576633 3 1 12 0
9577137 6 1 10 1
9577586 6 1 7 1
9577767 2 1 1 1
9577778 0 1 7 0
9578096 3 1 10 0
9578111 63 0 1 1
9578348 2 1 6 1
9578609 326 0 1 0
9578837 164 0 1 1
9579387 96 0 1 0
9579823 7 1 10 1
9579882 3 1 12 1
9581202 279 0 1 0
9581386 2 1 6 0
9581485 299 0 1 0
9581692 276 0 1 1
9581835 4 1 3 0
9583007 0 1 7 1
9583354 7 1 10 0
9583462 48 0 1 0
9584378 3 1 4 0
9584436 18 1 8 0
9584913 6 1 10 0
9586456 3 1 10 1
9586468 3 1 12 0
9586544 4 1 3 1
9586619 326 0 1 1
9587678 0 1 7 0
9587805 6 1 7 0
9587820 18 1 8 1
9588119 3 1 4 1
9588266 6 1 10 1
9588361 7 1 10 1
9588504 299 0 1 1
9589766 120 0 1 0
9589787 2 1 6 1
9589795 237 0 1 0
9589930 48 0 1 1
9590221 3 1 12 1
9590480 3 1 10 0
9590693 6 1 7 1
9592346 96 0 1 1
9592623 7 1 10 0
9592899 0 1 7 1
9592942 2 1 6 0
9593871 4 1 3 0
9594283 237 0 1 1
9594529 292 0 1 0
9595273 326 0 1 0
9595555 6 1 10 0
9596018 299 0 1 0
9596330 2 1 1 0
9597210 0 1 7 0
9597419 335 0 1 0
9598011 4 1 3 1
9598312 48 0 1 0
9598384 18 1 8 0
9598523 3 1 4 0
9598560 279 0 1 1
9598626 7 1 10 1
9598920 6 1 10 1
9599017 292 0 1 1
9599134 3 1 12 0
9599214 2 1 1 1
9600324 3 1 10 1
9600392 276 0 1 0
9601266 18 1 8 1
9601331 2 1 6 1
9601451 0 1 7 1
9601995 3 1 4 1
9602047 299 0 1 1
9602316 96 0 1 0
9602445 7 1 10 0
9602877 120 0 1 1
9603276 3 1 12 1
9603289 326 0 1 1
9603633 4 1 3 0
9603903 2 1 1 0
9604384 2 1 6 0
9604711 3 1 10 0
9604780 48 0 1 1
9604915 335 0 1 1
9605375 276 0 1 1
9605993 0 1 7 0
9606484 279 0 1 0
9606538 6 1 10 0
9606989 4 1 3 1
9607110 6 1 7 0
9607160 2 1 1 1
9607694 7 1 10 1
9608307 96 0 1 1
9608465 164 0 1 0
9609184 3 1 4 0
9609580 299 0 1 0
9609829 6 1 7 1
9609895 6 1 10 1
9610556 63 0 1 0
9610845 0 1 7 1
9611365 91 0 1 1
9611806 3 1 4 1
9612118 2 1 6 1
9612458 164 0 1 1
9612499 3 1 12 0
9612667 48 0 1 0
9612764 326 0 1 0
9612950 2 1 1 0
9613038 4 1 3 0
9613236 7 1 10 0
9614903 0 1 7 0
9614999 91 0 1 0
9615040 232 0 1 0
9615291 2 1 6 0
9615580 2 1 1 1
9615735 18 1 8 0
9616066 299 0 1 1
9616483 120 0 1 0
9616539 3 1 10 1
9616889 4 1 3 1
9617027 6 1 10 0
9617629 3 1 12 1
9618010 237 0 1 0
9618014 63 0 1 1
9619135 48 0 1 1
9619140 0 1 7 1
9619485 0 1 7 0
9619528 232 0 1 1
9619636 0 1 7 1
9619673 3 1 10 0
9619828 18 1 8 1
9619939 0 1 7 0
9620132 0 1 7 1
9620364 6 1 10 1
9621116 7 1 10 1
9621497 4 1 3 0
9621862 279 0 1 1
9622339 3 1 4 0
9622455 6 1 7 0
9622498 237 0 1 1
9622806 326 0 1 1
9622846 96 0 1 0
9623237 276 0 1 0
9623318 0 1 7 0
9623410 2 1 6 1
9623618 299 0 1 0
9624530 120 0 1 1
9624874 3 1 12 0
9625216 6 1 7 1
9625222 4 1 3 1
9625592 3 1 4 1
9626026 7 1 10 0
9626676 2 1 6 0
9627022 48 0 1 0
9627119 335 0 1 0
9627214 292 0 1 0
9627725 276 0 1 1
9627754 3 1 12 1
9628029 3 1 10 1
9628049 6 1 10 0
9628100 3 1 10 0
9628174 0 1 7 1
9628521 3 1 10 1
9628595 3 1 10 0
9628834 279 0 1 0
9628894 3 1 10 1
9629097 3 1 10 0
9629394 3 1 10 1
9629456 2 1 1 0
9629592 3 1 10 0
9629775 7 1 10 1
9629886 3 1 10 1
9630123 299 0 1 1
9630125 3 1 10 0
9630394 3 1 10 1
9630480 326 0 1 0
9630620 3 1 10 0
9630886 3 1 10 1
9631148 6 1 10 1
9631733 0 1 7 0
9631967 2 1 1 1
9631987 4 1 3 0
9632500 48 0 1 1
9632892 96 0 1 1
9633068 7 1 10 0
9633187 292 0 1 1
9633606 335 0 1 1
9633784 3 1 12 0
9633984 326 0 1 1
9634820 2 1 6 1
9635030 3 1 10 0
9635194 18 1 8 0
9636204 4 1 3 1
9636454 0 1 7 1
9637017 3 1 4 0
9637401 3 1 12 1
9637594 164 0 1 0
9638005 6 1 10 0
9638061 2 1 6 0
9638295 6 1 7 0
9638574 18 1 8 1
9638646 299 0 1 0
9638726 120 0 1 0
9638999 326 0 1 0
9639397 48 0 1 0
9639641 3 1 4 1
9639653 0 1 7 0
9639698 7 1 10 1
9639790 237 0 1 0
9640479 2 1 1 0
9640679 6 1 7 1
9641320 96 0 1 0
9641362 6 1 10 1
9641587 164 0 1 1
9641748 4 1 3 0
9643222 279 0 1 1
9643288 237 0 1 1
9643517 0 1 7 1
9643613 0 1 7 0
9643863 2 1 1 1
9643890 0 1 7 1
9644235 0 1 7 0
9644386 0 1 7 1
9644612 4 1 3 1
9644929 7 1 10 0
9645111 276 0 1 0
9645824 3 1 12 0
9645865 48 0 1 1
9646116 3 1 10 1
9646160 299 0 1 1
9646533 326 0 1 1
9646700 2 1 6 1
9647311 96 0 1 1
9648394 6 1 10 0
9648563 0 1 7 0
9648696 120 0 1 1
9649106 3 1 4 0
9649585 3 1 12 1
9649599 276 0 1 1
9649661 279 0 1 0
9649776 18 1 8 0
9649904 2 1 6 0
9649961 3 1 10 0
9650747 7 1 10 1
9650848 4 1 3 0
9651501 6 1 10 1
9651982 3 1 4 1
9652364 335 0 1 0
9652400 292 0 1 0
9653033 18 1 8 1
9653302 96 0 1 0
9653752 48 0 1 0
9653943 63 0 1 0
9654188 299 0 1 0
9654399 0 1 7 1
9654630 6 1 7 0
9654707 7 1 10 0
9654819 4 1 3 1
9656059 3 1 12 0
9656620 232 0 1 0
9656725 2 1 6 1
9657349 6 1 7 1
9657383 292 0 1 1
9658463 0 1 7 0
9658789 6 1 10 0
9658948 3 1 10 1
9659066 3 1 12 1
9659841 2 1 6 0
9660079 7 1 10 1
9660558 4 1 3 0
9660712 299 0 1 1
9660817 120 0 1 0
9660837 335 0 1 1
9660995 326 0 1 0
9661078 2 1 1 0
9661210 48 0 1 1
9661401 63 0 1 1
9662289 6 1 10 1
9662593 232 0 1 1
9662735 3 1 10 0
9663055 237 0 1 0
9663692 0 1 7 1
9663739 7 1 10 0
9663835 2 1 1 1
9664341 4 1 3 1
9664367 3 1 4 0
9665039 279 0 1 1
9666479 3 1 12 0
9666553 237 0 1 1
9666664 164 0 1 0
9666992 18 1 8 0
9667373 0 1 7 0
9667940 2 1 6 1
9667956 276 0 1 0
9668094 3 1 4 1
9668226 299 0 1 0
9668602 48 0 1 0
9669011 326 0 1 1
9669497 63 0 1 0
9669872 6 1 10 0
9669963 4 1 3 0
9670480 232 0 1 0
9670547 7 1 10 1
9670621 3 1 12 1
9670657 164 0 1 1
9670753 18 1 8 1
9670861 3 1 10 1
9671226 2 1 6 0
9671853 120 0 1 1
9672444 276 0 1 1
9672450 6 1 7 0
9672526 279 0 1 0
9672590 0 1 7 1
9673193 6 1 10 1
9674025 3 1 10 0
9674608 4 1 3 1
9674975 63 0 1 1
9675070 48 0 1 1
9675125 7 1 10 0
9675211 6 1 7 1
9675245 299 0 1 1
9675501 232 0 1 1
9676778 0 1 7 0
9677605 292 0 1 0
9678829 3 1 12 0
9679370 2 1 6 1
9679419 326 0 1 0
9679471 3 1 4 0
9680837 6 1 10 0
9680874 7 1 10 1
9681274 299 0 1 0
9681628 18 1 8 0
9681677 2 1 1 0
9681843 4 1 3 0
9681844 3 1 12 1
9681884 0 1 7 1
9682220 3 1 4 1
9682377 3 1 10 1
9682611 2 1 6 0
9682946 120 0 1 0
9683549 335 0 1 0
9683578 292 0 1 1
9683837 91 0 1 1
9683925 7 1 10 0
9684004 18 1 8 1
9684166 6 1 10 1
9684307 2 1 1 1
9684823 96 0 1 1
9685199 4 1 3 1
9685432 48 0 1 0
9686034 6 1 10 0
9686183 0 1 7 0
9686284 3 1 10 0
9686914 279 0 1 1
9687435 326 0 1 1
9687471 91 0 1 0
9688150 7 1 10 1
9688795 237 0 1 0
9689224 3 1 12 0
9689310 96 0 1 0
9689778 299 0 1 1
9689946 120 0 1 1
9690036 335 0 1 1
9690287 276 0 1 0
9690440 2 1 6 1
9690804 164 0 1 0
9691289 0 1 7 1
9691611 3 1 4 0
9691743 4 1 3 0
9692250 6 1 7 0
9692481 3 1 12 1
9693141 7 1 10 0
9693283 237 0 1 1
9693501 2 1 6 0
9694361 279 0 1 0
9694870 48 0 1 1
9694884 6 1 7 1
9695270 276 0 1 1
9695292 164 0 1 1
9695293 299 0 1 0
9695429 326 0 1 0
9695588 0 1 7 0
9695590 3 1 4 1
9696058 18 1 8 0
9696452 4 1 3 1
9697775 7 1 10 1
9697886 3 1 10 1
9699407 18 1 8 1
9699687 2 1 1 0
9700609 3 1 12 0
9700657 3 1 10 0
9700711 2 1 6 1
9701440 7 1 10 0
9701444 0 1 7 1
9701953 292 0 1 0
9701991 120 0 1 0
9702444 2 1 1 1
9703623 4 1 3 0
9703743 3 1 12 1
9703816 299 0 1 1
9703844 335 0 1 0
9703974 2 1 6 0
9705457 326 0 1 1
9705488 0 1 7 0
9706197 7 1 10 1
9706309 7 1 10 0
9706566 7 1 10 1
9706805 7 1 10 0
9706943 7 1 10 1
9706979 4 1 3 1
9707212 48 0 1 0
9707595 6 1 7 0
9707799 3 1 10 1
9707913 3 1 10 0
9708168 3 1 10 1
9709845 299 0 1 0
9710255 3 1 4 0
9710364 6 1 7 1
9710729 279 0 1 1
9710871 4 1 3 0
9710956 3 1 10 0
9711047 120 0 1 1
9711359 335 0 1 1
9711582 0 1 7 1
9711700 7 1 10 0
9711803 2 1 6 1
9712984 3 1 12 0
9713249 326 0 1 0
9713746 3 1 4 1
9714040 237 0 1 0
9714179 276 0 1 0
9714473 4 1 3 1
9714584 18 1 8 0
9714786 2 1 6 0
9715388 0 1 7 0
9715660 48 0 1 1
9715741 3 1 12 1
9715968 63 0 1 0
9717080 7 1 10 1
9717739 279 0 1 0
9718086 18 1 8 1
9718528 237 0 1 1
9718578 3 1 10 1
9718667 276 0 1 1
9718863 299 0 1 1
9719870 3 1 4 0
9720744 0 1 7 1
9721096 3 1 12 0
9721236 3 1 10 0
9721291 292 0 1 1
9721809 2 1 1 0
9722128 4 1 3 0
9722445 6 1 7 0
9722492 2 1 6 1
9722599 3 1 4 1
9723216 7 1 10 0
9723438 326 0 1 1
9724063 120 0 1 0
9724298 0 1 7 0
9724443 2 1 1 1
9724726 3 1 12 1
9724837 6 1 7 1
9724873 299 0 1 0
9725129 335 0 1 0
9725377 164 0 1 0
9725406 63 0 1 1
9725527 48 0 1 0
9725676 2 1 6 0
9725781 292 0 1 0
9726099 4 1 3 1
9728539 0 1 7 1
9729346 7 1 10 1
9729370 164 0 1 1
9731005 48 0 1 1
9731794 3 1 12 0
9732059 326 0 1 0
9732218 0 1 7 0
9732333 4 1 3 0
9732625 335 0 1 1
9732858 2 1 6 1
9732917 7 1 10 0
9733117 279 0 1 1
9733396 299 0 1 1
9733521 279 0 1 0
9733534 3 1 10 1
9734768 3 1 12 1
9734785 18 1 8 0
9735042 120 0 1 1
9735044 276 0 1 0
9735097 279 0 1 1
9735537 3 1 4 0
9735988 4 1 3 1
9736051 2 1 6 0
9736104 3 1 10 0
9736574 0 1 7 1
9736800 0 1 7 0
9736912 48 0 1 0
9737074 0 1 7 1
9738040 3 1 4 1
9738248 3 1 4 0
9738536 3 1 4 1
9738542 18 1 8 1
9738555 7 1 10 1
9739770 6 1 7 0
9740522 276 0 1 1
9740704 3 1 12 0
9740760 0 1 7 0
9740885 2 1 1 0
9741738 4 1 3 0
9742126 279 0 1 0
9742390 48 0 1 1
9742904 6 1 7 1
9743206 7 1 10 0
9743245 237 0 1 0
9743571 3 1 4 0
9743591 326 0 1 1
9743765 2 1 1 1
9743981 3 1 12 1
9744412 2 1 6 1
9745586 4 1 3 1
9746074 3 1 4 1
9746414 335 0 1 0
9746485 0 1 7 1
9746926 299 0 1 0
9747090 7 1 10 1
9747951 2 1 6 0
9748584 292 0 1 1
9748723 237 0 1 1
9748884 91 0 1 1
9749098 164 0 1 0
9749119 3 1 12 0
9750038 0 1 7 0
9750136 7 1 10 0
9750277 48 0 1 0
9751143 4 1 3 0
9752024 91 0 1 0
9752094 120 0 1 0
9752257 3 1 12 1
9752674 292 0 1 0
9752859 18 1 8 0
9752936 299 0 1 1
9753091 164 0 1 1
9753910 335 0 1 1
9753936 326 0 1 0
9754253 4 1 3 1
9754367 3 1 10 1
9754608 3 1 10 0
9754752 3 1 10 1
9754890 0 1 7 1
9754988 0 1 7 0
9755115 6 1 7 0
9755263 0 1 7 1
9755512 7 1 10 1
9755755 48 0 1 1
9755776 2 1 6 1
9756696 18 1 8 1
9757039 3 1 12 0
9757295 3 1 10 0
9757876 6 1 7 1
9758494 279 0 1 1
9758841 2 1 6 0
9759075 0 1 7 0
9760036 7 1 10 0
9760106 4 1 3 0
9760248 3 1 4 0
9760419 3 1 12 1
9760935 276 0 1 0
9762064 120 0 1 1
9762455 2 1 1 0
9762652 48 0 1 0
9762751 3 1 4 1
9762858 63 0 1 0
9764173 0 1 7 1
9764331 4 1 3 1
9764393 0 1 7 0
9764416 7 1 10 1
9764597 7 1 10 0
9764669 0 1 7 1
9764785 7 1 10 1
9764959 3 1 12 0
9764962 299 0 1 0
9765089 2 1 1 1
9765559 2 1 6 1
9765771 2 1 6 0
9765918 276 0 1 1
9765936 2 1 6 1
9766018 279 0 1 0
9766125 326 0 1 1
9768184 7 1 10 0
9768268 3 1 12 1
9768828 2 1 6 0
9768848 0 1 7 0
9769120 48 0 1 1
9769468 299 0 1 1
9769679 335 0 1 0
9769878 3 1 4 0
9770091 4 1 3 0
9771546 18 1 8 0
9771906 3 1 12 0
9773119 3 1 4 1
9773286 63 0 1 1
9773290 7 1 10 1
9773608 4 1 3 1
9773925 6 1 7 0
9773958 0 1 7 1
9774803 18 1 8 1
9775972 292 0 1 1
9776092 2 1 6 1
9776167 3 1 12 1
9776410 237 0 1 0
9776800 326 0 1 0
9776821 6 1 7 1
9777175 335 0 1 1
9777693 164 0 1 0
9777975 3 1 10 1
9778253 0 1 7 0
9778457 7 1 10 0
9778486 299 0 1 0
9778987 48 0 1 0
9779358 4 1 3 0
9779380 232 0 1 0
9779591 2 1 6 0
9779706 120 0 1 0
9780272 292 0 1 0
9780898 237 0 1 1
9781294 3 1 12 0
9781324 3 1 10 0
9781686 164 0 1 1
9782386 279 0 1 1
9783011 299 0 1 1
9783974 0 1 7 1
9784465 48 0 1 1
9784718 7 1 10 1
9784976 3 1 12 1
9785341 276 0 1 0
9786876 232 0 1 1
9787817 2 1 6 1
9788153 0 1 7 0
9788575 2 1 1 0
9788719 3 1 12 0
9789509 3 1 4 0
9789695 120 0 1 1
9789739 7 1 10 0
9790324 276 0 1 1
9790386 279 0 1 0
9790867 48 0 1 0
9791016 2 1 6 0
9791127 18 1 8 0
9791459 2 1 1 1
9792336 326 0 1 1
9792377 3 1 4 1
9792449 335 0 1 0
9792735 6 1 7 0
9793386 0 1 7 1
9793675 3 1 12 1
9794047 299 0 1 0
9794123 7 1 10 1
9794880 18 1 8 1
9795627 6 1 7 1
9796345 48 0 1 1
9797514 3 1 12 0
9797558 0 1 7 0
9797957 164 0 1 0
9798553 299 0 1 1
9798726 2 1 6 1
9798874 7 1 10 0
9800935 335 0 1 1
9801141 3 1 4 0
9801359 326 0 1 0
9801950 164 0 1 1
9802130 2 1 6 0
9803052 3 1 10 1
9803570 292 0 1 1
9803635 237 0 1 0
9803648 3 1 4 1
9803737 48 0 1 0
9803775 0 1 7 1
9804129 3 1 12 1
9804710 120 0 1 0
9805004 7 1 10 1
9805310 7 1 10 0
9805758 7 1 10 1
9806300 3 1 10 0
9806444 18 1 8 0
9807090 6 1 7 0
9807452 292 0 1 0
9807585 0 1 7 0
9807718 3 1 12 0
9807744 279 0 1 1
9808580 299 0 1 0
9808824 18 1 8 1
9809113 237 0 1 1
9809215 48 0 1 1
9809582 2 1 6 1
9809709 276 0 1 0
9809843 63 0 1 0
9809982 6 1 7 1
9810259 7 1 10 0
9811040 2 1 6 0
9812731 164 0 1 0
9813051 3 1 12 1
9813105 299 0 1 1
9813187 0 1 7 1
9813785 120 0 1 1
9813857 2 1 1 0
9814197 276 0 1 1
9814258 3 1 4 0
9814647 7 1 10 1
9815287 279 0 1 0
9815385 326 0 1 1
9816741 2 1 1 1
9816863 0 1 7 0
9817213 3 1 12 0
9817219 164 0 1 1
9817257 3 1 4 1
9817301 63 0 1 1
9817597 48 0 1 0
9817694 335 0 1 0
9819170 7 1 10 0
9820834 326 0 1 0
9821723 0 1 7 1
9822419 18 1 8 0
9822808 3 1 12 1
9823608 299 0 1 0
9824065 48 0 1 1
9824669 7 1 10 1
9825177 335 0 1 1
9825405 6 1 7 0
9825773 0 1 7 0
9825792 120 0 1 0
9825803 18 1 8 1
9826834 3 1 12 0
9827206 3 1 10 1
9828152 299 0 1 1
9828287 91 0 1 1
9828291 6 1 7 1
9828346 7 1 10 0
9828685 279 0 1 1
9830041 276 0 1 0
9830750 292 0 1 1
9830849 326 0 1 1
9830935 3 1 4 0
9831002 0 1 7 1
9831537 3 1 10 0
9831921 91 0 1 0
9832447 48 0 1 0
9833068 3 1 12 1
9833595 7 1 10 1
9833610 326 0 1 0
9833801 120 0 1 1
9834180 3 1 4 1
9834810 0 1 7 0
9834936 292 0 1 0
9835024 276 0 1 1
9835810 237 0 1 0
9835862 164 0 1 0
9836096 279 0 1 0
9836769 3 1 12 0
9837925 48 0 1 1
9839169 299 0 1 0
9839474 335 0 1 0
9839760 6 1 7 0
9839837 7 1 10 0
9839855 164 0 1 1
9839912 0 1 7 1
9840018 2 1 1 0
9840298 237 0 1 1
9841348 18 1 8 0
9842015 3 1 4 0
9842183 3 1 12 1
9842648 2 1 1 1
9842652 6 1 7 1
9843225 0 1 7 0
9843675 299 0 1 1
9844090 7 1 10 1
9844818 120 0 1 0
9845010 3 1 4 1
9845056 18 1 8 1
9845317 48 0 1 0
9845700 326 0 1 1
9846634 3 1 12 0
9846957 335 0 1 1
9847757 7 1 10 0
9848692 0 1 7 1
9850879 326 0 1 0
9852464 279 0 1 1
9852630 0 1 7 0
9852775 48 0 1 1
9853003 3 1 12 1
9853026 7 1 10 1
9853604 164 0 1 0
9853702 299 0 1 0
9853912 120 0 1 1
9854428 276 0 1 0
9855105 6 1 7 0
9856115 3 1 10 1
9856144 3 1 10 0
9856629 3 1 10 1
9856639 3 1 10 0
9856696 3 1 12 0
9856970 3 1 10 1
9857150 3 1 4 0
9857153 3 1 10 0
9857244 292 0 1 1
9857285 7 1 10 0
9857470 3 1 10 1
9857597 164 0 1 1
9857736 0 1 7 1
9858001 6 1 7 1
9858085 237 0 1 0
9858227 299 0 1 1
9858916 276 0 1 1
9859152 3 1 10 0
9859493 279 0 1 0
9860167 48 0 1 0
9860646 18 1 8 0
9860662 335 0 1 0
9861018 3 1 4 1
9861164 292 0 1 0
9861411 7 1 10 1
9861908 0 1 7 0
9861950 3 1 12 1
9862078 237 0 1 1
9862983 326 0 1 1
9863776 18 1 8 1
9865111 7 1 10 0
9865645 48 0 1 1
9865820 3 1 12 0
9867256 0 1 7 1
9868164 335 0 1 1
9868254 299 0 1 0
9868306 3 1 4 0
9870469 120 0 1 0
9870614 7 1 10 1
9870945 0 1 7 0
9871154 326 0 1 0
9871182 3 1 4 1
9871312 3 1 12 1
9872047 48 0 1 0
9872338 164 0 1 0
9872760 299 0 1 1
9873655 2 1 1 0
9873915 6 1 7 0
9875011 3 1 12 0
9875294 276 0 1 0
9875506 7 1 10 0
9876331 164 0 1 1
9876400 237 0 1 0
9876551 0 1 7 1
9876662 2 1 1 1
9876684 6 1 7 1
9876851 279 0 1 1
9877525 48 0 1 1
9878428 18 1 8 0
9879407 63 0 1 0
9880277 276 0 1 1
9880350 0 1 7 0
9880439 120 0 1 1
9880771 7 1 10 1
9881297 3 1 12 1
9881778 299 0 1 0
9881878 237 0 1 1
9882189 18 1 8 1
9882908 279 0 1 0
9884299 3 1 4 0
9884911 3 1 12 0
9884957 292 0 1 1
9885014 335 0 1 0
9885079 0 1 7 1
9885261 326 0 1 1
9885300 0 1 7 0
9885377 7 1 10 0
9885412 48 0 1 0
9885817 0 1 7 1
9887274 299 0 1 1
9887421 3 1 4 1
9888280 232 0 1 0
9889237 292 0 1 0
9889260 6 1 7 0
9889380 7 1 10 1
9889628 0 1 7 0
9890042 3 1 12 1
9890825 63 0 1 1
9890890 48 0 1 1
9891767 6 1 7 1
9892510 335 0 1 1
9892808 299 0 1 0
9893297 7 1 10 0
9893367 326 0 1 0
9893526 164 0 1 0
9893843 3 1 12 0
9894488 0 1 7 1
9895370 232 0 1 1
9895511 120 0 1 0
9896306 279 0 1 1
9897028 18 1 8 0
9897314 299 0 1 1
9897519 164 0 1 1
9898282 48 0 1 0
9898538 0 1 7 0
9899147 276 0 1 0
9899604 3 1 4 0
9899665 237 0 1 0
9899931 7 1 10 1
9900662 18 1 8 1
9900689 3 1 12 1
9901893 2 1 1 0
9902595 3 1 4 1
9903305 299 0 1 0
9903716 279 0 1 0
9903760 48 0 1 1
9903898 0 1 7 1
9904130 276 0 1 1
9904400 2 1 1 1
9904643 120 0 1 1
9905026 232 0 1 0
9905126 3 1 12 0
9905143 237 0 1 1
9905709 91 0 1 1
9906556 7 1 10 0
9907080 6 1 7 0
9907615 326 0 1 1
9907943 0 1 7 0
9908344 299 0 1 1
9908774 335 0 1 0
9909362 91 0 1 0
9909520 232 0 1 1
9909803 164 0 1 0
9909845 6 1 7 1
9910657 48 0 1 0
9910932 3 1 12 1
9911051 292 0 1 1
9913541 0 1 7 1
9913796 164 0 1 1
9913968 18 1 8 0
9913999 3 1 4 0
9914210 7 1 10 1
9914354 299 0 1 0
9914727 3 1 12 0
9915141 292 0 1 0
9915280 335 0 1 1
9916199 326 0 1 0
9916598 18 1 8 1
9917125 48 0 1 1
9917129 3 1 4 1
9917843 0 1 7 0
9918170 7 1 10 0
9919355 299 0 1 1
9920084 279 0 1 1
9920329 120 0 1 0
9921203 3 1 12 1
9922050 7 1 10 1
9923534 276 0 1 0
9923695 0 1 7 1
9923920 237 0 1 0
9924870 299 0 1 0
9924900 6 1 7 0
9925343 2 1 1 0
9925424 7 1 10 0
9925426 3 1 12 0
9926497 48 0 1 0
9927094 279 0 1 0
9927792 6 1 7 1
9927932 3 1 4 0
9928022 276 0 1 1
9928093 18 1 8 0
9928100 2 1 1 1
9928238 0 1 7 0
9928900 299 0 1 1
9929398 237 0 1 1
9929824 326 0 1 1
9930024 292 0 1 1
9930241 120 0 1 1
9930550 3 1 4 1
9931173 7 1 10 1
9931432 335 0 1 0
9931906 3 1 12 1
9931926 18 1 8 1
9932965 48 0 1 1
9932992 164 0 1 0
9933882 299 0 1 0
9934571 292 0 1 0
9934820 0 1 7 1
9935401 3 1 12 0
9935930 63 0 1 0
9936985 164 0 1 1
9937847 7 1 10 0
9937972 326 0 1 0
9938407 299 0 1 1
9938633 0 1 7 0
9939255 6 1 7 0
9940357 48 0 1 0
9940748 3 1 4 0
9940766 3 1 12 1
9941390 335 0 1 1
9941420 63 0 1 1
9942151 6 1 7 1
9942472 279 0 1 1
9943225 237 0 1 0
9943408 299 0 1 0
9943497 0 1 7 1
9943747 3 1 4 1
9944616 7 1 10 1
9944806 3 1 12 0
9945835 48 0 1 1
9945884 276 0 1 0
9946496 63 0 1 0
9947273 120 0 1 0
9947419 299 0 1 1
9947543 0 1 7 0
9947747 7 1 10 0
9947783 164 0 1 0
9948464 292 0 1 1
9948703 237 0 1 1
9949136 18 1 8 0
9949958 279 0 1 0
9950372 276 0 1 1
9951052 3 1 12 1
9951776 164 0 1 1
9952492 7 1 10 1
9952630 232 0 1 0
9952839 18 1 8 1
9952883 0 1 7 1
9952934 299 0 1 0
9952964 63 0 1 1
9953353 292 0 1 0
9953709 3 1 4 0
9953862 2 1 1 0
9954217 48 0 1 0
9955039 3 1 12 0
9956657 7 1 10 0
9956789 335 0 1 0
9956827 3 1 4 1
9956948 0 1 7 0
9957000 2 1 1 1
9957954 299 0 1 1
9958209 326 0 1 1
9958232 120 0 1 1
9958560 6 1 7 0
9959117 232 0 1 1
9959695 48 0 1 1
9961198 6 1 7 1
9961293 3 1 12 1
9961664 7 1 10 1
9962177 0 1 7 1
9963276 335 0 1 1
9963469 299 0 1 0
9965264 3 1 12 0
9965336 279 0 1 1
9966097 48 0 1 0
9966679 7 1 10 0
9966848 0 1 7 0
9967679 326 0 1 0
9967777 276 0 1 0
9967975 299 0 1 1
9968731 292 0 1 1
9969186 18 1 8 0
9970367 3 1 4 0
9970617 3 1 12 1
9970945 237 0 1 0
9971009 164 0 1 0
9971309 7 1 10 1
9971575 48 0 1 1
9972576 292 0 1 0
9972639 18 1 8 1
9972760 276 0 1 1
9972823 279 0 1 0
9973061 0 1 7 1
9973985 299 0 1 0
9974516 3 1 12 0
9974714 7 1 10 0
9974854 3 1 4 1
9975002 164 0 1 1
9975885 6 1 7 0
9976292 120 0 1 0
9976423 237 0 1 1
9976748 0 1 7 0
9976936 2 1 1 0
9978896 6 1 7 1
9979024 299 0 1 1
9979439 2 1 1 1
9979472 48 0 1 0
9979531 326 0 1 1
9980721 7 1 10 1
9981024 292 0 1 1
9981215 3 1 12 1
9981539 335 0 1 0
9981850 0 1 7 1
9985015 299 0 1 0
9985100 120 0 1 1
9985190 292 0 1 0
9985230 164 0 1 0
9985291 3 1 12 0
9985658 0 1 7 0
9985940 48 0 1 1
9986357 7 1 10 0
9986549 3 1 4 0
9986834 326 0 1 0
9988201 279 0 1 1
9988356 18 1 8 0
9989223 164 0 1 1
9989502 299 0 1 1
9989786 3 1 4 1
9989883 63 0 1 0
9990250 237 0 1 0
9990295 3 1 12 1
9990501 335 0 1 1
9990641 276 0 1 0
9991010 0 1 7 1
9991230 6 1 7 0
9991606 7 1 10 1
9992208 18 1 8 1
9993316 3 1 12 0
9994116 6 1 7 1
9994541 299 0 1 0
9994993 120 0 1 0
9995123 292 0 1 1
9995129 276 0 1 1
9995190 0 1 7 0
9995210 279 0 1 0
9995302 48 0 1 0
9995728 237 0 1 1
9996257 7 1 10 0
9996798 326 0 1 1
9997724 3 1 4 0
9998331 63 0 1 1
9998495 91 0 1 1
9998975 3 1 12 1
9999047 299 0 1 1
9999803 292 0 1 0
10000596 3 1 4 1
10000736 120 0 1 1
10001161 0 1 7 1
10001399 7 1 10 1
10001948 326 0 1 0
10002242 91 0 1 0
10002721 3 1 12 0
10002824 120 0 1 0
10003750 48 0 1 1
10004562 299 0 1 0
10004963 0 1 7 0
10005167 7 1 10 0
10005448 164 0 1 0
10006492 120 0 1 1
10007551 18 1 8 0
10007565 6 1 7 0
10008444 2 1 1 0
10008746 292 0 1 1
10008856 3 1 12 1
10009441 164 0 1 1
10009507 326 0 1 1
10009563 299 0 1 1
10009799 0 1 7 1
10009932 7 1 10 1
10010441 6 1 7 1
10010550 18 1 8 1
10010588 279 0 1 1
10010683 335 0 1 0
10011328 2 1 1 1
10012536 3 1 12 0
10012991 276 0 1 0
10013133 7 1 10 0
10013392 3 1 4 0
10013515 237 0 1 0
10013597 292 0 1 0
10013873 0 1 7 0
10015102 48 0 1 0
10015592 299 0 1 0
10015891 3 1 4 1
10016684 326 0 1 0
10017849 3 1 12 1
10017974 276 0 1 1
10018074 279 0 1 0
10018166 335 0 1 1
10018279 7 1 10 1
10018936 120 0 1 0
10018993 237 0 1 1
10019098 0 1 7 1
10020612 299 0 1 1
10020988 3 1 12 0
10022045 292 0 1 1
10022386 7 1 10 0
10022560 48 0 1 1
10022910 6 1 7 0
10023278 0 1 7 0
10023470 3 1 4 0
10023705 164 0 1 0
10024512 18 1 8 0
10024603 120 0 1 1
10025790 6 1 7 1
10026108 299 0 1 0
10026136 292 0 1 0
10026178 3 1 12 1
10026520 7 1 10 1
10026549 2 1 1 0
10026723 3 1 4 1
10026750 326 0 1 1
10027956 18 1 8 1
10028193 164 0 1 1
10029052 2 1 1 1
10029852 0 1 7 1
10029971 3 1 12 0
10031030 7 1 10 0
10031090 299 0 1 1
10031437 48 0 1 0
10031831 120 0 1 0
10033232 63 0 1 0
10033759 326 0 1 0
10033800 0 1 7 0
10034442 279 0 1 1
10034504 335 0 1 0
10035790 237 0 1 0
10036243 3 1 12 1
10036508 120 0 1 1
10036864 276 0 1 0
10036915 48 0 1 1
10037138 299 0 1 0
10037164 7 1 10 1
10037265 6 1 7 0
10039039 292 0 1 1
10039188 3 1 4 0
10039529 0 1 7 1
10040211 3 1 12 0
10040272 6 1 7 1
10041123 7 1 10 0
10041268 237 0 1 1
10041352 276 0 1 1
10041947 279 0 1 0
10042019 335 0 1 1
10042060 3 1 4 1
10042139 299 0 1 1
10042670 63 0 1 1
10042822 48 0 1 0
10043320 292 0 1 0
10043573 0 1 7 0
10043919 18 1 8 0
10045354 326 0 1 1
10046786 3 1 12 1
10047003 7 1 10 1
10047407 164 0 1 0
10047537 18 1 8 1
10048149 299 0 1 0
10048300 48 0 1 1
10049405 0 1 7 1
10050344 326 0 1 0
10050736 3 1 12 0
10051400 164 0 1 1
10052655 299 0 1 1
10052687 7 1 10 0
10053473 0 1 7 0
10053600 6 1 7 0
10053684 3 1 4 0
10054059 2 1 1 0
10056238 6 1 7 1
10056562 2 1 1 1
10056719 120 0 1 0
10056719 292 0 1 1
10056811 3 1 12 1
10057177 48 0 1 0
10057180 299 0 1 0
10057325 279 0 1 1
10057548 3 1 4 1
10058224 276 0 1 0
10058321 7 1 10 1
10058825 0 1 7 1
10060428 292 0 1 0
10060540 237 0 1 0
10060636 3 1 12 0
10060695 335 0 1 0
10060924 326 0 1 1
10061597 7 1 10 0
10061667 164 0 1 0
10061705 299 0 1 1
10062878 0 1 7 0
10063207 276 0 1 1
10063288 279 0 1 0
10063955 18 1 8 0
10065625 48 0 1 1
10065660 164 0 1 1
10065862 7 1 10 1
10066018 237 0 1 1
10067182 299 0 1 0
10067204 18 1 8 1
10067223 3 1 12 1
10067540 326 0 1 0
10067621 120 0 1 1
10068591 0 1 7 1
10068945 6 1 7 0
10069039 3 1 4 0
10070135 7 1 10 0
10070177 335 0 1 1
10070935 232 0 1 0
10071364 3 1 12 0
10071952 6 1 7 1
10072202 299 0 1 1
10072778 0 1 7 0
10072895 3 1 4 1
10073689 326 0 1 1
10073826 292 0 1 1
10075023 7 1 10 1
10075492 48 0 1 0
10077403 232 0 1 1
10077537 292 0 1 0
10077590 2 1 1 0
10077947 3 1 12 1
10078134 0 1 7 1
10078231 299 0 1 0
10078666 279 0 1 1
10078816 7 1 10 0
10080176 3 1 4 0
10080470 2 1 1 1
10080731 63 0 1 0
10081913 326 0 1 0
10081927 18 1 8 0
10082116 276 0 1 0
10082183 0 1 7 0
10082342 3 1 12 0
10082438 7 1 10 1
10082597 120 0 1 0
10083044 3 1 4 1
10083232 299 0 1 1
10083940 48 0 1 1
10084916 18 1 8 1
10085187 232 0 1 0
10085290 237 0 1 0
10086171 279 0 1 0
10086347 7 1 10 0
10086415 164 0 1 0
10086479 335 0 1 0
10086765 6 1 7 0
10087099 276 0 1 1
10088031 0 1 7 1
10088189 63 0 1 1
10088747 299 0 1 0
10089653 6 1 7 1
10089890 91 0 1 1
10089945 292 0 1 1
10090389 232 0 1 1
10090408 164 0 1 1
10090768 237 0 1 1
10091386 120 0 1 1
10092083 0 1 7 0
10092360 3 1 4 0
10092616 7 1 10 1
10092966 335 0 1 1
10093489 326 0 1 1
10093505 91 0 1 0
10093748 299 0 1 1
10093807 48 0 1 0
10093960 292 0 1 0
10095359 3 1 4 1
10097304 0 1 7 1
10098443 7 1 10 0
10100275 48 0 1 1
10100834 335 0 1 0
10101120 0 1 7 0
10101243 299 0 1 0
10101343 18 1 8 0
10101824 326 0 1 0
10102539 279 0 1 1
10102730 164 0 1 0
10103208 7 1 10 1
10103717 3 1 4 0
10104401 120 0 1 0
10104585 6 1 7 0
10104588 18 1 8 1
10106503 276 0 1 0
10106718 0 1 7 1
10106723 164 0 1 1
10107137 7 1 10 0
10107208 3 1 4 1
10107358 292 0 1 1
10107471 6 1 7 1
10107854 326 0 1 1
10108641 2 1 1 0
10108657 48 0 1 0
10109290 299 0 1 1
10109339 335 0 1 1
10110063 279 0 1 0
10110535 237 0 1 0
10110893 0 1 7 0
10110991 276 0 1 1
10111126 292 0 1 0
10111278 2 1 1 1
10113271 7 1 10 1
10114135 48 0 1 1
10114218 120 0 1 1
10116013 237 0 1 1
10116290 299 0 1 0
10117310 7 1 10 0
10117610 0 1 7 1
10118445 6 1 7 0
10119563 18 1 8 0
10121032 48 0 1 0
10121206 6 1 7 1
10121310 299 0 1 1
10121754 3 1 4 0
10121783 0 1 7 0
10122563 7 1 10 1
10123123 18 1 8 1
10124102 326 0 1 0
10124433 164 0 1 0
10125007 3 1 4 1
10125441 279 0 1 1
10126802 63 0 1 0
10127069 335 0 1 0
10127282 299 0 1 0
10127400 7 1 10 0
10127492 0 1 7 1
10127500 48 0 1 1
10127864 276 0 1 0
10128426 164 0 1 1
10130897 7 1 10 1
10131683 0 1 7 0
10132258 326 0 1 1
10132302 299 0 1 1
10132446 3 1 4 0
10133305 237 0 1 0
10133342 276 0 1 1
10133422 279 0 1 0
10133562 335 0 1 1
10133790 6 1 7 0
10133820 120 0 1 0
10134031 2 1 1 0
10134857 7 1 10 0
10135314 3 1 4 1
10136788 2 1 1 1
10136805 6 1 7 1
10136912 0 1 7 1
10137367 48 0 1 0
10137793 237 0 1 1
10137836 299 0 1 0
10138220 63 0 1 1
10138836 18 1 8 0
10139424 326 0 1 0
10141088 0 1 7 0
10142204 18 1 8 1
10142376 7 1 10 1
10142837 299 0 1 1
10143835 48 0 1 1
10144067 164 0 1 0
10144665 120 0 1 1
10146084 3 1 4 0
10147126 7 1 10 0
10147420 0 1 7 1
10148828 299 0 1 0
10148982 326 0 1 1
10149579 3 1 4 1
10150620 6 1 7 0
10150780 279 0 1 1
10151006 7 1 10 1
10151483 0 1 7 0
10152217 48 0 1 0
10152610 237 0 1 0
10153240 276 0 1 0
10153867 299 0 1 1
10153889 6 1 7 1
10154604 335 0 1 0
10154872 7 1 10 0
10157335 0 1 7 1
10157695 48 0 1 1
10158088 237 0 1 1
10158129 18 1 8 0
10158223 276 0 1 1
10158818 279 0 1 0
10159432 120 0 1 0
10159858 299 0 1 0
10160781 3 1 4 0
10160879 7 1 10 1
10161510 0 1 7 0
10161606 18 1 8 1
10162604 2 1 1 0
10163772 3 1 4 1
10164099 335 0 1 1
10164345 299 0 1 1
10165087 48 0 1 0
10165484 2 1 1 1
10165936 7 1 10 0
10165965 6 1 7 0
10167155 120 0 1 1
10168092 0 1 7 1
10168734 6 1 7 1
10169365 299 0 1 0
10171555 48 0 1 1
10172400 0 1 7 0
10172470 3 1 4 0
10173070 7 1 10 1
10174385 299 0 1 1
10175186 279 0 1 1
10175842 3 1 4 1
10176370 237 0 1 0
10177646 276 0 1 0
10177816 7 1 10 0
10177883 0 1 7 1
10178942 18 1 8 0
10179005 120 0 1 0
10179245 164 0 1 1
10179539 335 0 1 0
10180414 299 0 1 0
10180432 48 0 1 0
10180858 237 0 1 1
10181678 0 1 7 0
10182134 276 0 1 1
10182215 279 0 1 0
10182560 18 1 8 1
10182598 3 1 4 0
10182824 164 0 1 0
10183150 7 1 10 1
10183785 6 1 7 0
10185434 299 0 1 1
10185495 63 0 1 0
10185839 3 1 4 1
10186776 0 1 7 1
10186900 48 0 1 1
10186923 6 1 7 1
10187327 7 1 10 0
10187686 120 0 1 1
10189053 335 0 1 1
10190930 299 0 1 0
10191083 0 1 7 0
10191461 7 1 10 1
10193943 63 0 1 1
10194217 2 1 1 0
10195282 48 0 1 0
10195931 299 0 1 1
10196170 237 0 1 0
10196237 7 1 10 0
10196851 2 1 1 1
10197593 279 0 1 1
10197790 3 1 4 0
10198292 0 1 7 1
10198478 91 0 1 1
10199025 276 0 1 0
10199130 6 1 7 0
10199353 18 1 8 0
10200437 299 0 1 0
10201293 3 1 4 1
10201648 237 0 1 1
10201750 48 0 1 1
10201794 120 0 1 0
10202092 91 0 1 0
10202237 335 0 1 0
10202344 6 1 7 1
10202468 0 1 7 0
10203236 7 1 10 1
10203309 18 1 8 1
10204008 276 0 1 1
10204070 279 0 1 0
10205476 299 0 1 1
10206750 335 0 1 1
10207638 120 0 1 1
10207689 0 1 7 1
10208239 7 1 10 0
10208724 120 0 1 0
10209142 48 0 1 0
10210051 232 0 1 0
10210280 326 0 1 0
10211467 299 0 1 0
10211636 120 0 1 1
10211873 0 1 7 0
10211973 3 1 4 0
10213258 7 1 10 1
10213457 7 1 10 0
10213877 7 1 10 1
10214620 48 0 1 1
10215333 3 1 4 1
10215488 279 0 1 1
10216487 299 0 1 1
10216619 232 0 1 1
10217110 0 1 7 1
10217644 7 1 10 0
10218485 326 0 1 1
10219401 18 1 8 0
10219415 276 0 1 0
10219920 6 1 7 0
10221232 2 1 1 0
10221405 0 1 7 0
10221663 3 1 4 0
10221778 7 1 10 1
10222002 299 0 1 0
10222773 18 1 8 1
10222800 6 1 7 1
10222900 237 0 1 0
10223002 48 0 1 0
10223993 2 1 1 1
10224398 276 0 1 1
10224535 3 1 4 1
10225078 120 0 1 0
10225937 7 1 10 0
10226020 279 0 1 0
10226634 0 1 7 1
10227388 237 0 1 1
10227407 164 0 1 1
10227517 299 0 1 1
10229441 335 0 1 0
10229470 48 0 1 1
10230683 0 1 7 0
10231019 326 0 1 0
10231192 164 0 1 0
10231622 120 0 1 1
10233579 7 1 10 1
10235458 279 0 1 1
10235760 6 1 7 0
10236021 299 0 1 0
10236396 0 1 7 1
10236750 0 1 7 0
10236962 335 0 1 1
10237015 0 1 7 1
10237845 3 1 4 0
10237852 48 0 1 0
10238192 63 0 1 0
10238572 326 0 1 1
10238775 6 1 7 1
10238807 7 1 10 0
10239832 2 1 1 0
10240066 18 1 8 0
10240336 276 0 1 0
10240583 0 1 7 0
10240836 3 1 4 1
10241003 299 0 1 1
10241564 120 0 1 0
10242212 2 1 1 1
10242700 237 0 1 0
10243052 7 1 10 1
10243330 48 0 1 1
10243670 63 0 1 1
10243776 18 1 8 1
10244824 276 0 1 1
10245400 279 0 1 0
10246222 326 0 1 0
10246308 0 1 7 1
10246994 299 0 1 0
10247857 3 1 4 0
10248106 7 1 10 0
10248178 237 0 1 1
10249237 48 0 1 0
10250115 0 1 7 0
10250610 6 1 7 0
10250627 120 0 1 1
10250856 3 1 4 1
10253371 7 1 10 1
10253752 6 1 7 1
10254427 326 0 1 1
10254715 48 0 1 1
10255336 0 1 7 1
10255560 0 1 7 0
10255828 279 0 1 1
10256201 0 1 7 1
10257963 7 1 10 0
10258244 335 0 1 0
10259717 276 0 1 0
10260346 18 1 8 0
10260383 0 1 7 0
10262107 48 0 1 0
10262855 7 1 10 1
10263714 18 1 8 1
10264205 276 0 1 1
10265110 335 0 1 1
10265164 3 1 4 0
10265470 237 0 1 0
10265687 120 0 1 0
10265735 0 1 7 1
10265827 279 0 1 0
10267440 6 1 7 0
10267778 2 1 1 0
10267906 7 1 10 0
10268032 3 1 4 1
10268575 48 0 1 1
10269958 6 1 7 1
10270283 0 1 7 0
10270912 2 1 1 1
10270948 237 0 1 1
10271320 164 0 1 1
10272726 120 0 1 1
10273294 7 1 10 1
10273331 3 1 4 0
10274275 279 0 1 1
10274974 164 0 1 0
10275595 120 0 1 0
10276000 0 1 7 1
10276005 232 0 1 0
10276064 335 0 1 0
10276572 3 1 4 1
10277947 48 0 1 0
10278796 7 1 10 0
10279591 276 0 1 0
10280616 120 0 1 1
10280678 0 1 7 0
10281300 6 1 7 0
10281508 232 0 1 1
10281930 18 1 8 0
10282532 335 0 1 1
10282930 7 1 10 1
10282985 7 1 10 0
10283635 7 1 10 1
10284061 6 1 7 1
10285069 276 0 1 1
10285175 18 1 8 1
10285349 63 0 1 0
10285405 48 0 1 1
10285664 279 0 1 0
10286407 0 1 7 1
10286944 7 1 10 0
10289230 237 0 1 0
10290541 3 1 4 0
10290578 0 1 7 0
10290730 91 0 1 1
10291570 7 1 10 1
10293443 120 0 1 0
10293663 3 1 4 1
10293787 48 0 1 0
10294345 91 0 1 0
10294708 237 0 1 1
10295160 6 1 7 0
10296303 0 1 7 1
10296408 2 1 1 0
10297340 7 1 10 0
10297757 63 0 1 1
10298040 6 1 7 1
10298072 279 0 1 1
10299042 2 1 1 1
10299479 120 0 1 1
10300631 3 1 4 0
10300716 18 1 8 0
10301008 276 0 1 0
10301245 48 0 1 1
10301468 0 1 7 0
10301712 7 1 10 1
10303376 3 1 4 1
10303715 18 1 8 1
10305496 276 0 1 1
10305764 335 0 1 0
10306249 7 1 10 0
10307193 0 1 7 1
10307398 120 0 1 0
10307535 0 1 7 0
10307812 0 1 7 1
10308128 279 0 1 0
10310387 7 1 10 1
10311112 48 0 1 0
10311495 6 1 7 0
10312232 335 0 1 1
10312358 0 1 7 0
10313310 3 1 4 0
10313485 237 0 1 0
10314633 6 1 7 1
10315102 164 0 1 1
10315452 120 0 1 1
10316059 3 1 4 1
10316590 48 0 1 1
10317419 7 1 10 0
10318079 0 1 7 1
10318556 279 0 1 1
10318946 164 0 1 0
10318963 237 0 1 1
10320791 7 1 10 1
10320903 276 0 1 0
10321395 0 1 7 0
10322002 48 0 1 0
10322952 2 1 1 0
10324361 120 0 1 0
10324860 6 1 7 0
10325713 2 1 1 1
10326381 276 0 1 1
10326481 0 1 7 1
10327984 279 0 1 0
10327994 6 1 7 1
10328470 48 0 1 1
10329492 3 1 4 0
10330673 0 1 7 0
10331461 326 0 1 0
10332114 3 1 4 1
10332916 7 1 10 0
10333285 237 0 1 0
10333979 335 0 1 0
10334300 18 1 8 0
10334433 120 0 1 1
10335509 0 1 7 1
10336173 7 1 10 1
10336529 120 0 1 0
10336961 63 0 1 0
10336977 326 0 1 1
10337422 279 0 1 1
10337791 18 1 8 1
10337842 48 0 1 0
10338763 237 0 1 1
10338962 335 0 1 1
10339489 3 1 4 0
10339583 0 1 7 0
10339710 6 1 7 0
10342300 276 0 1 0
10342348 6 1 7 1
10342559 120 0 1 1
10343095 3 1 4 1
10343311 7 1 10 0
10344374 335 0 1 0
10344419 63 0 1 1
10344669 0 1 7 1
10344869 326 0 1 0
10345300 48 0 1 1
10346788 276 0 1 1
10346818 7 1 10 1
10347402 279 0 1 0
10348367 335 0 1 1
10348988 0 1 7 0
10352369 120 0 1 0
10353096 326 0 1 1
10354124 164 0 1 1
10354177 48 0 1 0
10354560 6 1 7 0
10354570 0 1 7 1
10354793 3 1 4 0
10354886 7 1 10 0
10355553 2 1 1 0
10357045 237 0 1 0
10357542 3 1 4 1
10357567 6 1 7 1
10357835 164 0 1 0
10358778 2 1 1 1
10358820 279 0 1 1
10358888 0 1 7 0
10359766 7 1 10 1
10360389 18 1 8 0
10362176 276 0 1 0
10362253 326 0 1 0
10362523 237 0 1 1
10362888 18 1 8 1
10364101 0 1 7 1
10364453 120 0 1 1
10365595 48 0 1 1
10366664 276 0 1 1
10367430 6 1 7 0
10368293 0 1 7 0
10368925 232 0 1 0
10369352 279 0 1 0
10369793 326 0 1 1
10370441 6 1 7 1
10370480 3 1 4 0
10373352 3 1 4 1
10373506 0 1 7 1
10373977 48 0 1 0
10374422 232 0 1 1
10374437 7 1 10 0
10374663 120 0 1 0
10377825 0 1 7 0
10378790 279 0 1 1
10380006 63 0 1 0
10380194 7 1 10 1
10380509 335 0 1 0
10381593 276 0 1 0
10382911 0 1 7 1
10383765 6 1 7 0
10385395 48 0 1 1
10386250 237 0 1 0
10386448 91 0 1 1
10386474 63 0 1 1
10386526 6 1 7 1
10386576 276 0 1 1
10387225 120 0 1 1
10387230 0 1 7 0
10387709 3 1 4 0
10388976 335 0 1 1
10389549 91 0 1 0
10389760 279 0 1 0
10390332 2 1 1 0
10390738 237 0 1 1
10390807 48 0 1 0
10390944 7 1 10 0
10390946 3 1 4 1
10391524 63 0 1 0
10391695 232 0 1 0
10392316 0 1 7 1
10393428 2 1 1 1
10393574 18 1 8 0
10394447 7 1 10 1
10396508 0 1 7 0
10396569 18 1 8 1
10396697 232 0 1 1
10397201 120 0 1 0
10397894 3 1 4 0
10398120 6 1 7 0
10398265 48 0 1 1
10398982 63 0 1 1
10399198 279 0 1 1
10400893 3 1 4 1
10401008 6 1 7 1
10401721 0 1 7 1
10402687 48 0 1 0
10403030 276 0 1 0
10404260 7 1 10 0
10405913 0 1 7 0
10407246 120 0 1 1
10407518 276 0 1 1
10408755 7 1 10 1
10409140 279 0 1 0
10411135 48 0 1 1
10411312 120 0 1 0
10411485 6 1 7 0
10411737 0 1 7 1
10414498 6 1 7 1
10415599 3 1 4 0
10416308 0 1 7 0
10417042 48 0 1 0
10417153 120 0 1 1
10417997 7 1 10 0
10418590 3 1 4 1
10419568 279 0 1 1
10420886 276 0 1 0
10421886 0 1 7 1
10422131 18 1 8 0
10422631 7 1 10 1
10423375 237 0 1 0
10425126 18 1 8 1
10425172 120 0 1 0
10425345 6 1 7 0
10425396 2 1 1 0
10425490 48 0 1 1
10425869 276 0 1 1
10426335 0 1 7 0
10427863 237 0 1 1
10428102 6 1 7 1
10428539 279 0 1 0
10428780 2 1 1 1
10430902 48 0 1 0
10430990 7 1 10 0
10431121 3 1 4 0
10431302 0 1 7 1
10434248 120 0 1 1
10434251 7 1 10 1
10435227 3 1 4 1
10435613 0 1 7 0
10438095 120 0 1 0
10438710 6 1 7 0
10439957 279 0 1 1
10440340 48 0 1 1
10440890 7 1 10 0
10441733 276 0 1 0
10441810 0 1 7 1
10441848 6 1 7 1
10444060 3 1 4 0
10444092 120 0 1 1
10444716 63 0 1 0
10445016 7 1 10 1
10445726 276 0 1 1
10445752 48 0 1 0
10446008 0 1 7 0
10446563 3 1 4 1
10447116 2 1 1 0
10448456 120 0 1 0
10449442 279 0 1 0
10449492 2 1 1 1
10451184 63 0 1 1
10451340 0 1 7 1
10451580 6 1 7 0
10453210 48 0 1 1
10453903 7 1 10 0
10454472 6 1 7 1
10454684 326 0 1 0
10455402 18 1 8 0
10455908 0 1 7 0
10456682 3 1 4 0
10457660 7 1 10 1
10458520 237 0 1 0
10458622 48 0 1 0
10458880 279 0 1 1
10458893 18 1 8 1
10459673 3 1 4 1
10460065 276 0 1 0
10461736 0 1 7 1
10463008 237 0 1 1
10464939 326 0 1 1
10465048 276 0 1 1
10465090 120 0 1 1
10466303 0 1 7 0
10466430 6 1 7 0
10468060 48 0 1 1
10468173 2 1 1 0
10468760 3 1 4 0
10469187 6 1 7 1
10469850 279 0 1 0
10470255 120 0 1 0
10470828 7 1 10 0
10470930 2 1 1 1
10471635 0 1 7 1
10472374 3 1 4 1
10473472 48 0 1 0
10475276 120 0 1 1
10475708 0 1 7 0
10475835 7 1 10 1
10476247 326 0 1 0
10479300 6 1 7 0
10480278 279 0 1 1
10480987 276 0 1 0
10481528 0 1 7 1
10481545 3 1 4 0
10481652 91 0 1 1
10481920 48 0 1 1
10482154 120 0 1 0
10482700 6 1 7 1
10482965 7 1 10 0
10484290 3 1 4 1
10485267 91 0 1 0
10485475 276 0 1 1
10486103 0 1 7 0
10486595 18 1 8 0
10487091 7 1 10 1
10487823 326 0 1 1
10488857 232 0 1 0
10489312 48 0 1 0
10489594 18 1 8 1
10489763 279 0 1 0
10490695 237 0 1 0
10492792 0 1 7 1
10495183 237 0 1 1
10495368 7 1 10 0
10495388 232 0 1 1
10495709 3 1 4 0
10495890 63 0 1 0
10496347 2 1 1 0
10496993 0 1 7 0
10498211 279 0 1 1
10498752 7 1 10 1
10499108 2 1 1 1
10499196 3 1 4 1
10499283 120 0 1 1
10499873 276 0 1 0
10501090 232 0 1 0
10501720 48 0 1 1
10502358 63 0 1 1
10503813 0 1 7 1
10504856 276 0 1 1
10505102 232 0 1 1
10505877 7 1 10 0
10506030 6 1 7 0
10507883 0 1 7 0
10507927 120 0 1 0
10508388 3 1 4 0
10509105 279 0 1 0
10509295 6 1 7 1
10509607 48 0 1 0
10509864 63 0 1 0
10510626 7 1 10 1
10510705 355 0 1 1
10511001 2 1 1 0
10511257 18 1 8 0
10511383 3 1 4 1
10513096 0 1 7 1
10513504 2 1 1 1
10513639 355 0 1 0
10513798 18 1 8 1
10516332 63 0 1 1
10516435 237 0 1 0
10516793 0 1 7 0
10519595 7 1 10 0
10520017 120 0 1 1
10520111 355 0 1 1
10520794 276 0 1 0
10521025 48 0 1 1
10521513 279 0 1 1
10521913 237 0 1 1
10522277 3 1 4 0
10524101 0 1 7 1
10525479 7 1 10 1
10525514 3 1 4 1
10526272 276 0 1 1
10526932 48 0 1 0
10527683 0 1 7 0
10528810 232 0 1 0
10529878 120 0 1 0
10530780 6 1 7 0
10531550 279 0 1 0
10532892 0 1 7 1
10532956 2 1 1 0
10533727 3 1 4 0
10533893 232 0 1 1
10533918 6 1 7 1
10535380 48 0 1 1
10535844 2 1 1 1
10536718 3 1 4 1
10537328 7 1 10 0
10537583 0 1 7 0
10540212 18 1 8 0
10540792 48 0 1 0
10540988 279 0 1 1
10541968 120 0 1 1
10542089 7 1 10 1
10542211 276 0 1 0
10542590 355 0 1 0
10543096 120 0 1 0
10543580 18 1 8 1
10544764 0 1 7 1
10546135 237 0 1 0
10546699 276 0 1 1
10548105 0 1 7 0
10549126 120 0 1 1
10550230 48 0 1 1
10550930 279 0 1 0
10551006 3 1 4 0
10551038 355 0 1 1
10551613 237 0 1 1
10552966 63 0 1 0
10553255 7 1 10 0
10553806 0 1 7 1
10554540 6 1 7 0
10554755 3 1 4 1
10555642 48 0 1 0
10555827 120 0 1 0
10557400 2 1 1 0
10557809 6 1 7 1
10558373 0 1 7 0
10559635 7 1 10 1
10560368 279 0 1 1
10560657 2 1 1 1
10560854 120 0 1 1
10562106 276 0 1 0
10562404 63 0 1 1
10562504 326 0 1 0
10562626 3 1 4 0
10564090 48 0 1 1
10564697 0 1 7 1
10565617 3 1 4 1
10565803 120 0 1 0
10567089 276 0 1 1
10567905 0 1 7 0
10569502 48 0 1 0
10570390 237 0 1 0
10570728 326 0 1 1
10570824 279 0 1 0
10571570 7 1 10 0
10573708 0 1 7 1
10574069 18 1 8 0
10574823 7 1 10 1
10574878 237 0 1 1
10576320 6 1 7 0
10576324 355 0 1 0
10576941 18 1 8 1
10576960 48 0 1 1
10578902 120 0 1 1
10579163 0 1 7 0
10579335 6 1 7 1
10579489 7 1 10 0
10579855 3 1 4 0
10580489 326 0 1 0
10581252 279 0 1 1
10581877 48 0 1 0
10582850 3 1 4 1
10583511 0 1 7 1
10583542 276 0 1 0
10583782 355 0 1 1
10584869 7 1 10 1
10585735 232 0 1 0
10585755 120 0 1 0
10587216 2 1 1 0
10587765 91 0 1 1
10588073 0 1 7 0
10588166 326 0 1 1
10588525 276 0 1 1
10590325 48 0 1 1
10590440 3 1 4 0
10590727 2 1 1 1
10591379 91 0 1 0
10592203 232 0 1 1
10592241 279 0 1 0
10592917 0 1 7 1
10594300 3 1 4 1
10594818 120 0 1 1
10596232 48 0 1 0
10596320 7 1 10 0
10597120 237 0 1 0
10597814 326 0 1 0
10597973 0 1 7 0
10598704 18 1 8 0
10600637 63 0 1 0
10601086 355 0 1 0
10601575 232 0 1 0
10601608 237 0 1 1
10601700 7 1 10 1
10601874 0 1 7 1
10601953 18 1 8 1
10602669 279 0 1 1
10603029 120 0 1 0
10603050 6 1 7 0
10603690 48 0 1 1
10604185 3 1 4 0
10604959 2 1 1 0
10605454 276 0 1 0
10605642 326 0 1 1
10605930 6 1 7 1
10606115 63 0 1 1
10606615 232 0 1 1
10607061 3 1 4 1
10607339 2 1 1 1
10608607 48 0 1 0
10609358 0 1 7 0
10609534 355 0 1 1
10609942 276 0 1 1
10611170 7 1 10 0
10612086 120 0 1 1
10613684 120 0 1 0
10613706 0 1 7 1
10614078 63 0 1 0
10614153 279 0 1 0
10614800 7 1 10 1
10617055 48 0 1 1
10618818 2 1 1 0
10619258 0 1 7 0
10619358 3 1 4 0
10619556 63 0 1 1
10620385 237 0 1 0
10620729 120 0 1 1
10621448 2 1 1 1
10621565 7 1 10 0
10622353 3 1 4 1
10622467 48 0 1 0
10622622 0 1 7 1
10624873 237 0 1 1
10625449 18 1 8 0
10625571 279 0 1 1
10625697 17 1 1 1
10625804 276 0 1 0
10625945 7 1 10 1
10626810 6 1 7 0
10627831 355 0 1 0
10628321 18 1 8 1
10628790 0 1 7 0
10629273 3 1 4 0
10629925 48 0 1 1
10630083 6 1 7 1
10630787 276 0 1 1
10631895 3 1 4 1
10632400 0 1 7 1
10633636 120 0 1 0
10634929 7 1 10 0
10635832 48 0 1 0
10637074 279 0 1 0
10637700 0 1 7 0
10638936 7 1 10 1
10640433 2 1 1 0
10641314 0 1 7 1
10642146 3 1 4 0
10643294 7 1 10 0
10643444 2 1 1 1
10644532 279 0 1 1
10645018 3 1 4 1
10645270 48 0 1 1
10645630 237 0 1 0
10646155 276 0 1 0
10647677 7 1 10 1
10647968 0 1 7 0
10648313 18 1 8 0
10649344 17 1 1 0
10650118 237 0 1 1
10650174 63 0 1 0
10650643 276 0 1 1
10651062 18 1 8 1
10651177 48 0 1 0
10651238 279 0 1 0
10651578 0 1 7 1
10652208 17 1 1 1
10652550 6 1 7 0
10652557 3 1 4 0
10655429 3 1 4 1
10655446 6 1 7 1
10655726 279 0 1 1
10658363 0 1 7 0
10658622 63 0 1 1
10659996 2 1 1 0
10660615 48 0 1 1
10661761 7 1 10 0
10662219 0 1 7 1
10662376 2 1 1 1
10663154 326 0 1 0
10663517 279 0 1 0
10665037 48 0 1 0
10665641 7 1 10 1
10665925 232 0 1 0
10666525 276 0 1 0
10667400 0 1 7 0
10668970 3 1 4 0
10669985 279 0 1 1
10670074 7 1 10 0
10670875 237 0 1 0
10670887 0 1 7 1
10671505 48 0 1 1
10671508 276 0 1 1
10671715 3 1 4 1
10672393 232 0 1 1
10673189 2 1 1 0
10673417 7 1 10 1
10674729 326 0 1 1
10675363 237 0 1 1
10675946 2 1 1 1
10677907 48 0 1 0
10678163 0 1 7 0
10678785 6 1 7 0
10678823 279 0 1 0
10681154 3 1 4 0
10681523 0 1 7 1
10681673 6 1 7 1
10683944 326 0 1 0
10684429 7 1 10 0
10685026 3 1 4 1
10686055 18 1 8 0
10686281 279 0 1 1
10688558 0 1 7 0
10689325 48 0 1 1
10689427 276 0 1 0
10689550 18 1 8 1
10689685 232 0 1 0
10691432 7 1 10 1
10691992 326 0 1 1
10692724 63 0 1 0
10692910 0 1 7 1
10693463 279 0 1 0
10693915 276 0 1 1
10694030 232 0 1 1
10696352 91 0 1 1
10696717 48 0 1 0
10697110 237 0 1 0
10697850 3 1 4 0
10698090 0 1 7 0
10698941 279 0 1 1
10699966 91 0 1 0
10700162 2 1 1 0
10700218 7 1 10 0
10700827 17 1 1 0
10701091 3 1 4 1
10701598 237 0 1 1
10701700 0 1 7 1
10702844 7 1 10 1
10703445 17 1 1 1
10703673 2 1 1 1
10704142 63 0 1 1
10706010 6 1 7 0
10706770 279 0 1 0
10707145 48 0 1 1
10707694 7 1 10 0
10708644 6 1 7 1
10709348 0 1 7 0
10710292 276 0 1 0
10710844 18 1 8 0
10711836 7 1 10 1
10712557 48 0 1 0
10712712 0 1 7 1
10713023 3 1 4 0
10713238 279 0 1 1
10713962 18 1 8 1
10714780 276 0 1 1
10716018 3 1 4 1
10716822 2 1 1 0
10717099 7 1 10 0
10719248 0 1 7 0
10719325 2 1 1 1
10720937 7 1 10 1
10721190 3 1 4 0
10721581 279 0 1 0
10721995 48 0 1 1
10722125 232 0 1 0
10723104 0 1 7 1
10725046 3 1 4 1
10727902 48 0 1 0
10728285 0 1 7 0
10728675 232 0 1 1
10729285 237 0 1 0
10730148 276 0 1 0
10730464 7 1 10 0
10731019 279 0 1 1
10732014 0 1 7 1
10733773 237 0 1 1
10733967 7 1 10 1
10735131 276 0 1 1
10736340 63 0 1 0
10737195 6 1 7 0
10737340 48 0 1 1
10737353 3 1 4 0
10737404 326 0 1 0
10739175 0 1 7 0
10739747 7 1 10 0
10740071 6 1 7 1
10740314 2 1 1 0
10740344 3 1 4 1
10741131 18 1 8 0
10741437 279 0 1 0
10741818 63 0 1 1
10742416 0 1 7 1
10743247 48 0 1 0
10743254 7 1 10 1
10743829 2 1 1 1
10744499 18 1 8 1
10747470 326 0 1 1
10748779 7 1 10 0
10749343 63 0 1 0
10749885 279 0 1 1
10749938 0 1 7 0
10751546 276 0 1 0
10752028 7 1 10 1
10752031 3 1 4 0
10752685 48 0 1 1
10753522 326 0 1 0
10753659 17 1 1 0
10754167 0 1 7 1
10754821 63 0 1 1
10755899 3 1 4 1
10756034 276 0 1 1
10756277 17 1 1 1
10757105 279 0 1 0
10758490 237 0 1 0
10758592 48 0 1 0
10759470 0 1 7 0
10759670 7 1 10 0
10759713 2 1 1 0
10762203 2 1 1 1
10763187 3 1 4 0
10763203 0 1 7 1
10763813 326 0 1 1
10763968 237 0 1 1
10764563 279 0 1 1
10764685 18 1 8 0
10765558 7 1 10 1
10765805 3 1 4 1
10766400 6 1 7 0
10767040 48 0 1 1
10767600 18 1 8 1
10768791 6 1 7 1
10770233 0 1 7 0
10770967 48 0 1 0
10771345 276 0 1 0
10773034 7 1 10 0
10773593 0 1 7 1
10773705 2 1 1 0
10773877 279 0 1 0
10776208 2 1 1 1
10776328 276 0 1 1
10776549 7 1 10 1
10777389 3 1 4 0
10778425 48 0 1 1
10778561 335 0 1 0
10780345 279 0 1 1
10780388 3 1 4 1
10780628 0 1 7 0
10781278 326 0 1 0
10783049 335 0 1 1
10783751 232 0 1 0
10783837 48 0 1 0
10784419 7 1 10 0
10784449 63 0 1 0
10784730 0 1 7 1
10787545 7 1 10 1
10788193 279 0 1 0
10788818 326 0 1 1
10790655 0 1 7 0
10791271 3 1 4 0
10791907 63 0 1 1
10792069 91 0 1 1
10792281 232 0 1 1
10792340 7 1 10 0
10793232 2 1 1 0
10793275 48 0 1 1
10793843 18 1 8 0
10794130 237 0 1 0
10794228 276 0 1 0
10794265 0 1 7 1
10794516 3 1 4 1
10794661 279 0 1 1
10794824 326 0 1 0
10795170 91 0 1 0
10795708 7 1 10 1
10796362 2 1 1 1
10796834 18 1 8 1
10798618 237 0 1 1
10798716 276 0 1 1
10799677 48 0 1 0
10801050 6 1 7 0
10801418 0 1 7 0
10803718 3 1 4 0
10803725 7 1 10 0
10803905 17 1 1 0
10803936 6 1 7 1
10804489 279 0 1 0
10804782 0 1 7 1
10804922 326 0 1 1
10806340 3 1 4 1
10806403 17 1 1 1
10810105 48 0 1 1
10810113 7 1 10 1
10810353 7 1 10 0
10810740 7 1 10 1
10811090 326 0 1 0
10811813 0 1 7 0
10812574 2 1 1 0
10812937 279 0 1 1
10815110 7 1 10 0
10815112 276 0 1 0
10815186 232 0 1 0
10815200 2 1 1 1
10815423 0 1 7 1
10816012 48 0 1 0
10816117 18 1 8 0
10817901 3 1 4 0
10818244 7 1 10 1
10819600 276 0 1 1
10819612 18 1 8 1
10820648 326 0 1 1
10820723 0 1 7 0
10820727 232 0 1 1
10820896 3 1 4 1
10823030 7 1 10 0
10823496 63 0 1 0
10824345 279 0 1 0
10824456 0 1 7 1
10826305 237 0 1 0
10827430 48 0 1 1
10827541 7 1 10 1
10828929 3 1 4 0
10830793 237 0 1 1
10831118 0 1 7 0
10831551 3 1 4 1
10832032 7 1 10 0
10832934 63 0 1 1
10834215 6 1 7 0
10834454 276 0 1 0
10834482 0 1 7 1
10834773 279 0 1 1
10834872 2 1 1 0
10835317 48 0 1 0
10836158 18 1 8 0
10837035 7 1 10 1
10837107 6 1 7 1
10837756 2 1 1 1
10839034 18 1 8 1
10839437 276 0 1 1
10841241 3 1 4 0
10841513 0 1 7 0
10842977 326 0 1 0
10844105 3 1 4 1
10844696 279 0 1 0
10844810 7 1 10 0
10845373 0 1 7 1
10847725 48 0 1 1
10850235 2 1 1 0
10850423 0 1 7 0
10851067 7 1 10 1
10853054 237 0 1 0
10853242 2 1 1 1
10853632 48 0 1 0
10853898 17 1 1 0
10854134 279 0 1 1
10854156 0 1 7 1
10855678 3 1 4 0
10855700 7 1 10 0
10856516 17 1 1 1
10856823 276 0 1 0
10857443 326 0 1 1
10857542 237 0 1 1
10858203 18 1 8 0
10859080 7 1 10 1
10859165 7 1 10 0
10860527 7 1 10 1
10860915 3 1 4 1
10861311 276 0 1 1
10861313 0 1 7 0
10861650 18 1 8 1
10864060 48 0 1 1
10864923 0 1 7 1
10865066 279 0 1 0
10865094 63 0 1 0
10867457 7 1 10 0
10867464 2 1 1 0
10868427 6 1 7 0
10869971 2 1 1 1
10870462 48 0 1 0
10870572 63 0 1 1
10871192 6 1 7 1
10871708 0 1 7 0
10872407 7 1 10 1
10873091 3 1 4 0
10873519 7 1 10 0
10873837 7 1 10 1
10874504 279 0 1 1
10875072 0 1 7 1
10875499 7 1 10 0
10875700 232 0 1 0
10876082 3 1 4 1
10877193 276 0 1 0
10877602 63 0 1 0
10879744 7 1 10 1
10880629 18 1 8 0
10881113 0 1 7 0
10881681 276 0 1 1
10883001 18 1 8 1
10883202 232 0 1 1
10883860 48 0 1 1
10884419 326 0 1 0
10884973 0 1 7 1
10885060 63 0 1 1
10885819 237 0 1 0
10885931 279 0 1 0
10885966 7 1 10 0
10886778 91 0 1 1
10886817 3 1 4 0
10889435 3 1 4 1
10889751 2 1 1 0
10890307 237 0 1 1
10890350 7 1 10 1
10890393 91 0 1 0
10891252 48 0 1 0
10891508 0 1 7 0
10892758 2 1 1 1
10894872 0 1 7 1
10894973 0 1 7 0
10895122 0 1 7 1
10895369 279 0 1 1
10896801 3 1 4 0
10897279 7 1 10 0
10897737 232 0 1 0
10898489 326 0 1 1
10898553 276 0 1 0
10898774 326 0 1 0
10899800 3 1 4 1
10900044 326 0 1 1
10901408 0 1 7 0
10901417 7 1 10 1
10901735 7 1 10 0
10902225 232 0 1 1
10902670 48 0 1 1
10902671 7 1 10 1
10903536 276 0 1 1
10903715 7 1 10 0
10904492 7 1 10 1
10904676 326 0 1 0
10904676 6 1 7 0
10905018 0 1 7 1
10905502 17 1 1 0
10905722 7 1 10 0
10906218 7 1 10 1
10906244 279 0 1 0
10906852 18 1 8 0
10907193 7 1 10 0
10907933 6 1 7 1
10907997 17 1 1 1
10909072 48 0 1 0
10909478 18 1 8 1
10909823 7 1 10 1
10910100 3 1 4 0
10910279 2 1 1 0
10911803 0 1 7 0
10912722 3 1 4 1
10912778 2 1 1 1
10914961 326 0 1 1
10915659 0 1 7 1
10915678 63 0 1 0
10917079 7 1 10 0
10917118 237 0 1 0
10917662 279 0 1 1
10919500 48 0 1 1
10919913 276 0 1 0
10921073 2 1 1 0
10921336 7 1 10 1
10921606 237 0 1 1
10922146 63 0 1 1
10922198 0 1 7 0
10924338 2 1 1 1
10924401 276 0 1 1
10925558 0 1 7 1
10926397 48 0 1 0
10926777 3 1 4 0
10926857 7 1 10 0
10928118 279 0 1 0
10930772 3 1 4 1
10931108 0 1 7 0
10932560 2 1 1 0
10932930 18 1 8 0
10933237 7 1 10 1
10934472 0 1 7 1
10935433 18 1 8 1
10935948 2 1 1 1
10935975 6 1 7 0
10938546 279 0 1 1
10938805 48 0 1 1
10938994 6 1 7 1
10939024 7 1 10 0
10939769 276 0 1 0
10940599 326 0 1 0
10941008 0 1 7 0
10942408 7 1 10 1
10942795 2 1 1 0
10943968 3 1 4 0
10944217 48 0 1 0
10944741 0 1 7 1
10944752 276 0 1 1
10945497 7 1 10 0
10945932 2 1 1 1
10946103 237 0 1 0
10946836 3 1 4 1
10950030 279 0 1 0
10950232 63 0 1 0
10950591 237 0 1 1
10950885 7 1 10 1
10951403 0 1 7 0
10952175 326 0 1 1
10952637 2 1 1 0
10952665 48 0 1 1
10953639 3 1 4 0
10954767 0 1 7 1
10955247 17 1 1 0
10955546 232 0 1 0
10955710 63 0 1 1
10956089 2 1 1 1
10957122 3 1 4 1
10957742 17 1 1 1
10958176 7 1 10 0
10958572 48 0 1 0
10959164 326 0 1 0
10959468 279 0 1 1
10959818 0 1 7 0
10960653 276 0 1 0
10961683 18 1 8 0
10962245 63 0 1 0
10962929 7 1 10 1
10963555 0 1 7 1
10964032 232 0 1 1
10964289 2 1 1 0
10964610 18 1 8 1
10965747 3 1 4 0
10967212 326 0 1 1
10968123 2 1 1 1
10968438 7 1 10 0
10968746 3 1 4 1
10969000 48 0 1 1
10969453 6 1 7 0
10970443 0 1 7 0
10970693 63 0 1 1
10971447 279 0 1 0
10972076 7 1 10 1
10972460 6 1 7 1
10972928 237 0 1 0
10973934 0 1 7 1
10975026 2 1 1 0
10975402 48 0 1 0
10975985 7 1 10 0
10977416 237 0 1 1
10978343 2 1 1 1
10979895 279 0 1 1
10980362 0 1 7 0
10980463 3 1 4 0
10980726 7 1 10 1
10980935 7 1 10 0
10981307 7 1 10 1
10983089 3 1 4 1
10984341 0 1 7 1
10984526 2 1 1 0
10984969 232 0 1 0
10985830 48 0 1 1
10986409 7 1 10 0
10988125 2 1 1 1
10989535 18 1 8 0
10989789 7 1 10 1
10990013 0 1 7 0
10990789 279 0 1 0
10990986 232 0 1 1
10991242 48 0 1 0
10992034 18 1 8 1
10992815 7 1 10 0
10993104 3 1 4 0
10993377 0 1 7 1
10997319 2 1 1 0
10997841 3 1 4 1
10998949 7 1 10 1
10999690 48 0 1 1
10999772 237 0 1 0
11000227 279 0 1 1
11000408 0 1 7 0
11001315 2 1 1 1
11001330 63 0 1 0
11002165 326 0 1 0
11002237 6 1 7 0
11004006 17 1 1 0
11004018 0 1 7 1
11004112 48 0 1 0
11004260 237 0 1 1
11004875 6 1 7 1
11006378 17 1 1 1
11007169 7 1 10 0
11007486 3 1 4 0
11007561 2 1 1 0
11007798 63 0 1 1
11007980 279 0 1 0
11009318 0 1 7 0
11010481 3 1 4 1
11010803 7 1 10 1
11011029 2 1 1 1
11012456 326 0 1 1
11012468 279 0 1 1
11012560 48 0 1 1
11013543 0 1 7 1
11014809 63 0 1 0
11016089 7 1 10 0
11017585 326 0 1 0
11018298 2 1 1 0
11018350 18 1 8 0
11018467 48 0 1 0
11019297 63 0 1 1
11020638 237 0 1 0
11020703 0 1 7 0
11020907 7 1 10 1
11021222 18 1 8 1
11021763 279 0 1 0
11022294 2 1 1 1
11023033 3 1 4 0
11024317 0 1 7 1
11025126 237 0 1 1
11025782 3 1 4 1
11026274 7 1 10 0
11028895 48 0 1 1
11029161 326 0 1 1
11030634 2 1 1 0
11031593 0 1 7 0
11032527 7 1 10 1
11032527 6 1 7 0
11033181 279 0 1 1
11034503 2 1 1 1
11034802 48 0 1 0
11034970 232 0 1 0
11035165 6 1 7 1
11035330 0 1 7 1
11035757 7 1 10 0
11036167 3 1 4 0
11039125 2 1 1 0
11040014 18 1 8 0
11040408 3 1 4 1
11040998 0 1 7 0
11041760 7 1 10 1
11041878 7 1 10 0
11042137 7 1 10 1
11042373 2 1 1 1
11042820 18 1 8 1
11043842 63 0 1 0
11043879 232 0 1 1
11044854 0 1 7 1
11045179 279 0 1 0
11045230 48 0 1 1
11045466 7 1 10 0
11047463 237 0 1 0
11050833 2 1 1 0
11051600 7 1 10 1
11051632 48 0 1 0
11051888 0 1 7 0
11051951 237 0 1 1
11053014 17 1 1 0
11053280 63 0 1 1
11053397 3 1 4 0
11054617 279 0 1 1
11054976 2 1 1 1
11055248 0 1 7 1
11055366 7 1 10 0
11055755 17 1 1 1
11056511 3 1 4 1
11057696 326 0 1 0
11060504 18 1 8 0
11060507 7 1 10 1
11060875 0 1 7 0
11061070 48 0 1 1
11061354 7 1 10 0
11061608 2 1 1 0
11061627 7 1 10 1
11063055 279 0 1 0
11063130 18 1 8 1
11063150 7 1 10 0
11064731 0 1 7 1
11064945 2 1 1 1
11065378 232 0 1 0
11065492 48 0 1 0
11065561 3 1 4 0
11065920 326 0 1 1
11067030 7 1 10 1
11069004 326 0 1 0
11069056 3 1 4 1
11069523 279 0 1 1
11069842 6 1 7 0
11070216 7 1 10 0
11070698 0 1 7 0
11070894 232 0 1 1
11071337 237 0 1 0
11071603 2 1 1 0
11072468 6 1 7 1
11072950 48 0 1 1
11074062 0 1 7 1
11075738 2 1 1 1
11075825 237 0 1 1
11076544 326 0 1 1
11076719 7 1 10 1
11077726 3 1 4 0
11078362 48 0 1 0
11078875 279 0 1 0
11080598 3 1 4 1
11081093 0 1 7 0
11081106 7 1 10 0
11082736 18 1 8 0
11083043 2 1 1 0
11084424 326 0 1 0
11084699 0 1 7 1
11085608 18 1 8 1
11085701 6 1 7 0
11086333 279 0 1 1
11086781 2 1 1 1
11087800 48 0 1 1
11087877 63 0 1 0
11088335 6 1 7 1
11089217 7 1 10 1
11090498 0 1 7 0
11091592 2 1 1 0
11092648 326 0 1 1
11092717 48 0 1 0
11093908 3 1 4 0
11094167 7 1 10 0
11094505 279 0 1 0
11094727 0 1 7 1
11094925 2 1 1 1
11096903 3 1 4 1
11097172 237 0 1 0
11099295 63 0 1 1
11099983 279 0 1 1
11101388 0 1 7 0
11101660 237 0 1 1
11101682 7 1 10 1
11101809 18 1 8 0
11102155 48 0 1 1
11102386 2 1 1 0
11103920 3 1 4 0
11104431 18 1 8 1
11104752 0 1 7 1
11105486 17 1 1 0
11106351 7 1 10 0
11107049 2 1 1 1
11107788 3 1 4 1
11108062 48 0 1 0
11108104 17 1 1 1
11108802 279 0 1 0
11110051 6 1 7 0
11110743 7 1 10 1
11111288 0 1 7 0
11112939 6 1 7 1
11114056 7 1 10 0
11115144 0 1 7 1
11115270 279 0 1 1
11115389 2 1 1 0
11117500 48 0 1 1
11118452 2 1 1 1
11119247 3 1 4 0
11119544 326 0 1 0
11120555 7 1 10 1
11120693 0 1 7 0
11121305 18 1 8 0
11121960 232 0 1 0
11122119 3 1 4 1
11122417 48 0 1 0
11123445 237 0 1 0
11123681 18 1 8 1
11124061 0 1 7 1
11124127 2 1 1 0
11124158 0 1 7 0
11124165 7 1 10 0
11124307 0 1 7 1
11126467 232 0 1 1
11127933 237 0 1 1
11128480 63 0 1 0
11128667 2 1 1 1
11129115 326 0 1 1
11129680 7 1 10 1
11129875 48 0 1 1
11131088 0 1 7 0
11132085 279 0 1 0
11133255 3 1 1 1
11134071 7 1 10 0
11134821 0 1 7 1
11134948 63 0 1 1
11134953 3 1 4 0
11135287 48 0 1 0
11135449 232 0 1 0
11136882 2 1 1 0
11137821 3 1 4 1
11138354 326 0 1 0
11138458 232 0 1 1
11138790 232 0 1 0
11139486 232 0 1 1
11139554 7 1 10 1
11140265 6 1 7 0
11140533 279 0 1 1
11140751 2 1 1 1
11141483 0 1 7 0
11142384 7 1 10 0
11143030 6 1 7 1
11143692 3 1 1 0
11143879 18 1 8 0
11144053 3 1 4 0
11144725 48 0 1 1
11145466 0 1 7 1
11145720 237 0 1 0
11146153 2 1 1 0
11146402 326 0 1 1
11146878 18 1 8 1
11146925 3 1 4 1
11147318 3 1 1 1
11147494 7 1 10 1
11149355 2 1 1 1
11150208 237 0 1 1
11151383 0 1 7 0
11151396 7 1 10 0
11152117 48 0 1 0
11154489 17 1 1 0
11155116 0 1 7 1
11156908 2 1 1 0
11157107 17 1 1 1
11157443 279 0 1 0
11159302 3 1 4 0
11159532 3 1 1 0
11159597 7 1 10 1
11159804 232 0 1 0
11160565 48 0 1 1
11161309 2 1 1 1
11161774 0 1 7 0
11161935 3 1 4 1
11162140 63 0 1 0
11162896 3 1 1 1
11163771 7 1 10 0
11165028 232 0 1 1
11165384 0 1 7 1
11165397 18 1 8 0
11166724 6 1 7 0
11166881 279 0 1 1
11167618 63 0 1 1
11168150 18 1 8 1
11168758 326 0 1 0
11169322 2 1 1 0
11169489 6 1 7 1
11169937 48 0 1 0
11170199 237 0 1 0
11171123 7 1 10 1
11171196 7 1 10 0
11171674 0 1 7 0
11171869 7 1 10 1
11173548 2 1 1 1
11174286 3 1 4 0
11175372 3 1 1 0
11175700 7 1 10 0
11175780 0 1 7 1
11176156 63 0 1 0
11176667 237 0 1 1
11179027 3 1 4 1
11179107 2 1 1 0
11179109 3 1 1 1
11179375 48 0 1 1
11179933 7 1 10 1
11182073 0 1 7 0
11182317 2 1 1 1
11183155 326 0 1 1
11183389 7 1 10 0
11184857 279 0 1 0
11185594 63 0 1 1
11185683 0 1 7 1
11185757 18 1 8 0
11187252 3 1 1 0
11188504 6 1 7 0
11188752 18 1 8 1
11189242 48 0 1 0
11189339 326 0 1 0
11189481 2 1 1 0
11189991 7 1 10 1
11189997 3 1 1 1
11190676 3 1 4 0
11191325 279 0 1 1
11191396 6 1 7 1
11191969 0 1 7 0
11192474 237 0 1 0
11193471 7 1 10 0
11193679 3 1 4 1
11193843 2 1 1 1
11196321 0 1 7 1
11196873 326 0 1 1
11197383 7 1 2 1
11198942 237 0 1 1
11199670 48 0 1 1
11200122 3 1 1 0
11200248 7 1 2 0
11200315 7 1 10 1
11200410 2 1 1 0
11202859 0 1 7 0
11202876 7 1 10 0
11203002 3 1 1 1
11203092 3 1 1 0
11203489 2 1 1 1
11203498 3 1 1 1
11203529 3 1 4 0
11205346 17 1 1 0
11205490 18 1 8 0
11206592 0 1 7 1
11206770 3 1 4 1
11207557 48 0 1 0
11207613 7 1 10 1
11207964 17 1 1 1
11208208 232 0 1 0
11208366 18 1 8 1
11209411 7 1 2 1
11209605 2 1 1 0
11210672 279 0 1 0
11211291 7 1 10 0
11213224 2 1 1 1
11213258 0 1 7 0
11213318 63 0 1 0
11213982 3 1 1 0
11214701 232 0 1 1
11216005 48 0 1 1
11216234 237 0 1 0
11217024 3 1 4 0
11217140 279 0 1 1
11217364 0 1 7 1
11217473 3 1 1 1
11218528 7 1 10 1
11218829 7 1 2 0
11219777 3 1 4 1
11221408 2 1 1 0
11221590 7 1 2 1
11221766 63 0 1 1
11222181 7 1 10 0
11222669 232 0 1 0
11222702 237 0 1 1
11223649 0 1 7 0
11224484 326 0 1 0
11225551 2 1 1 1
11225872 48 0 1 0
11226124 6 1 7 0
11226657 3 1 4 0
11226775 18 1 8 0
11227351 232 0 1 1
11227465 0 1 7 1
11227777 7 1 2 0
11228144 7 1 10 1
11229008 6 1 7 1
11229406 3 1 4 1
11229647 18 1 8 1
11230534 7 1 2 1
11231287 2 1 1 0
11231802 3 1 1 0
11232081 7 1 10 0
11232532 326 0 1 1
11234044 0 1 7 0
11234814 2 1 1 1
11235428 3 1 1 1
11236300 48 0 1 1
11237496 279 0 1 0
11238404 0 1 7 1
11238876 7 1 2 0
11239171 7 1 10 1
11240489 237 0 1 0
11240819 326 0 1 0
11242010 7 1 2 1
11242121 2 1 1 0
11242197 3 1 1 0
11243341 7 1 10 0
11243453 0 1 7 0
11243681 3 1 4 0
11245438 3 1 1 1
11245439 232 0 1 0
11245448 17 1 1 0
11246509 2 1 1 1
11246957 237 0 1 1
11247176 3 1 4 1
11247559 0 1 7 1
11247750 18 1 8 0
11247910 63 0 1 0
11248147 48 0 1 0
11248435 17 1 1 1
11249904 279 0 1 1
11250447 7 1 10 1
11250720 18 1 8 1
11251017 326 0 1 1
11252021 232 0 1 1
11252896 2 1 1 0
11253050 7 1 10 0
11253353 0 1 7 0
11255329 6 1 7 0
11255518 3 1 4 0
11256034 2 1 1 1
11256358 63 0 1 1
11257033 7 1 10 1
11257090 0 1 7 1
11257400 7 1 2 0
11258148 3 1 4 1
11258532 3 1 1 0
11258606 6 1 7 1
11259565 48 0 1 1
11260296 7 1 10 0
11260623 7 1 2 1
11262400 3 1 1 1
11263176 2 1 1 0
11263253 0 1 7 0
11265734 237 0 1 0
11266376 279 0 1 0
11267441 2 1 1 1
11267550 18 1 8 0
11267890 7 1 10 1
11267982 0 1 7 1
11268469 3 1 4 0
11270172 18 1 8 1
11270412 3 1 1 0
11271412 48 0 1 0
11271469 7 1 2 0
11272202 237 0 1 1
11272575 3 1 4 1
11272583 7 1 10 0
11272844 279 0 1 1
11272907 3 1 1 1
11273644 0 1 7 0
11274675 2 1 1 0
11274980 7 1 2 1
11277500 0 1 7 1
11277682 2 1 1 1
11278111 17 1 1 0
11279804 7 1 10 1
11280079 6 1 7 0
11280343 3 1 4 0
11280483 17 1 1 1
11282366 2 1 1 0
11282830 48 0 1 1
11282884 7 1 10 0
11283053 0 1 7 0
11283090 6 1 7 1
11283096 3 1 4 1
11284379 326 0 1 0
11284596 63 0 1 0
11284767 3 1 1 0
11286004 2 1 1 1
11287019 237 0 1 0
11287286 0 1 7 1
11287986 18 1 8 0
11288051 7 1 2 0
11288736 7 1 10 1
11288766 3 1 1 1
11289202 279 0 1 0
11290074 63 0 1 1
11290717 48 0 1 0
11290858 18 1 8 1
11291435 7 1 2 1
11291959 0 1 7 0
11292287 7 1 10 0
11293141 2 1 1 0
11293487 237 0 1 1
11295040 3 1 4 0
11295819 0 1 7 1
11296140 2 1 1 1
11296552 63 0 1 0
11296660 279 0 1 1
11297908 3 1 4 1
11298107 7 1 10 1
11298175 48 0 1 1
11298324 326 0 1 1
11299122 3 1 1 0
11301137 2 1 1 0
11301787 7 1 10 0
11302358 0 1 7 0
11302978 3 1 1 1
11303020 63 0 1 1
11304886 2 1 1 1
11305623 7 1 2 0
11305731 232 0 1 0
11306091 0 1 7 1
11306654 326 0 1 0
11307266 7 1 10 1
11307304 6 1 7 0
11307403 7 1 10 0
11307889 18 1 8 0
11308143 7 1 10 1
11308537 48 0 1 0
11308602 3 1 4 0
11309257 7 1 2 1
11309815 6 1 7 1
11310392 18 1 8 1
11311739 2 1 1 0
11311759 0 1 7 0
11312505 7 1 10 0
11313008 17 1 1 0
11313254 237 0 1 0
11313290 232 0 1 1
11313462 3 1 4 1
11314560 279 0 1 0
11314869 2 1 1 1
11315952 3 1 1 0
11316115 0 1 7 1
11316118 17 1 1 1
11316206 326 0 1 1
11317975 48 0 1 1
11319443 3 1 1 1
11319714 7 1 10 1
11319722 237 0 1 1
11320702 7 1 2 0
11321107 2 1 1 0
11321168 0 1 7 0
11322018 279 0 1 1
11323161 7 1 10 0
11323920 3 1 4 0
11323963 7 1 2 1
11324495 2 1 1 1
11325032 0 1 7 1
11326041 7 1 10 1
11326800 3 1 4 1
11327121 7 1 10 0
11327410 7 1 10 1
11328592 7 1 10 0
11328707 63 0 1 0
11329317 3 1 1 0
11330091 18 1 8 0
11331068 0 1 7 0
11331081 2 1 1 0
11333082 18 1 8 1
11333452 7 1 10 1
11333570 3 1 1 1
11334834 2 1 1 1
11334928 0 1 7 1
11335024 6 1 7 0
11336047 3 1 4 0
11337509 237 0 1 0
11337662 6 1 7 1
11338011 7 1 10 0
11338919 3 1 4 1
11339135 63 0 1 1
11339918 279 0 1 0
11339974 0 1 7 0
11340207 3 1 1 0
11341186 7 1 2 0
11341761 2 1 1 0
11342952 3 1 1 1
11343682 48 0 1 0
11344562 7 1 2 1
11344580 0 1 7 1
11344603 326 0 1 0
11344967 237 0 1 1
11345068 17 1 1 0
11345097 7 1 10 1
11345244 2 1 1 1
11346386 279 0 1 1
11347663 17 1 1 1
11349396 7 1 10 0
11350373 0 1 7 0
11351140 48 0 1 1
11351229 3 1 4 0
11352119 2 1 1 0
11353077 3 1 1 0
11353133 18 1 8 0
11353294 7 1 2 0
11353987 0 1 7 1
11354109 3 1 4 1
11355606 2 1 1 1
11356247 18 1 8 1
11356436 7 1 2 1
11356441 3 1 1 1
11356958 326 0 1 1
11357507 7 1 10 1
11359778 0 1 7 0
11361643 3 1 4 0
11361987 3 1 1 0
11362114 2 1 1 0
11362259 237 0 1 0
11362266 7 1 10 0
11363126 326 0 1 0
11363715 279 0 1 0
11364239 232 0 1 0
11364511 0 1 7 1
11364982 3 1 1 1
11365134 3 1 4 1
11365613 2 1 1 1
11366630 7 1 10 1
11366849 7 1 2 0
11368727 237 0 1 1
11369678 0 1 7 0
11369867 63 0 1 0
11369987 7 1 2 1
11370183 279 0 1 1
11370377 7 1 10 0
11370666 326 0 1 1
11371792 232 0 1 1
11372375 2 1 1 0
11372382 3 1 1 0
11373542 0 1 7 1
11374624 6 1 7 0
11375345 63 0 1 1
11375388 63 0 1 0
11375963 18 1 8 0
11376107 3 1 1 1
11376335 63 0 1 1
11376378 63 0 1 0
11376590 7 1 10 1
11376608 2 1 1 1
11377325 63 0 1 1
11377508 6 1 7 1
11378332 48 0 1 0
11378581 18 1 8 1
11379591 7 1 10 0
11380073 0 1 7 0
11381128 3 1 4 0
11381404 63 0 1 0
11381818 17 1 1 0
11383607 2 1 1 0
11383683 0 1 7 1
11384135 3 1 4 1
11384237 7 1 10 1
11384805 17 1 1 1
11385747 3 1 1 0
11385887 7 1 2 0
11386786 48 0 1 1
11386882 63 0 1 1
11387007 2 1 1 1
11387504 232 0 1 0
11388218 7 1 10 0
11388979 0 1 7 0
11388996 3 1 1 1
11389271 7 1 2 1
11389484 237 0 1 0
11389549 279 0 1 0
11392371 3 1 4 0
11392475 232 0 1 1
11393354 2 1 1 0
11393581 0 1 7 1
11394816 7 1 10 1
11395312 18 1 8 0
11396227 3 1 4 1
11396942 237 0 1 1
11397262 2 1 1 1
11397807 18 1 8 1
11397997 279 0 1 1
11398617 3 1 1 0
11398883 0 1 7 0
11399442 7 1 2 0
11399717 7 1 10 0
11402600 3 1 1 1
11402684 326 0 1 0
11402743 0 1 7 1
11402953 7 1 2 1
11404853 2 1 1 0
11406315 7 1 10 1
11406467 3 1 4 0
11407294 6 1 7 0
11408761 2 1 1 1
11408779 0 1 7 0
11409343 3 1 4 1
11409977 7 1 10 0
11410002 3 1 1 0
11410063 6 1 7 1
11410507 48 0 1 0
11412397 0 1 7 1
11413628 3 1 1 1
11414549 63 0 1 0
11414768 326 0 1 1
11415118 2 1 1 0
11415333 18 1 8 0
11415917 7 1 10 1
11416392 279 0 1 0
11417204 237 0 1 0
11418012 0 1 7 0
11418030 18 1 8 1
11418042 7 1 2 0
11418351 2 1 1 1
11418955 48 0 1 1
11419015 17 1 1 0
11421017 63 0 1 1
11421299 7 1 2 1
11421666 7 1 10 0
11421879 17 1 1 1
11421989 326 0 1 0
11422118 0 1 7 1
11422682 237 0 1 1
11423862 3 1 1 0
11424172 3 1 4 0
11426401 2 1 1 0
11426820 279 0 1 1
11427171 3 1 4 1
11427417 0 1 7 0
11427718 3 1 1 1
11429018 63 0 1 0
11429506 7 1 10 1
11430642 2 1 1 1
11431650 0 1 7 1
11432044 6 1 7 0
11432059 326 0 1 1
11433494 3 1 4 0
11433506 63 0 1 1
11434041 7 1 10 0
11434586 7 1 2 0
11435305 6 1 7 1
11435742 3 1 1 0
11436509 237 0 1 0
11436858 3 1 4 1
11437521 2 1 1 0
11437812 0 1 7 0
11437970 7 1 2 1
11438401 18 1 8 0
11439068 335 0 1 0
11439602 3 1 1 1
11440512 7 1 10 1
11440524 2 1 1 1
11441392 18 1 8 1
11441903 0 1 7 1
11441987 237 0 1 1
11443575 335 0 1 1
11445157 48 0 1 0
11445329 279 0 1 0
11445426 7 1 10 0
11445452 232 0 1 0
11445904 0 1 7 0
11446526 2 1 1 0
11447157 17 1 1 0
11448007 3 1 4 0
11449218 7 1 2 0
11450114 48 0 1 1
11450640 2 1 1 1
11450653 0 1 7 1
11450752 3 1 4 1
11450882 17 1 1 1
11451582 3 1 1 0
11452147 7 1 10 1
11452356 7 1 10 0
11452606 7 1 2 1
11452787 279 0 1 1
11453155 7 1 10 1
11454642 0 1 7 0
11454824 237 0 1 0
11455507 232 0 1 1
11455684 3 1 1 1
11456811 7 1 10 0
11458124 326 0 1 0
11458887 0 1 7 1
11459205 2 1 1 0
11459312 237 0 1 1
11459734 3 1 4 0
11460802 7 1 10 1
11461286 18 1 8 0
11461977 3 1 1 0
11462754 63 0 1 0
11463057 0 1 7 0
11463114 3 1 4 1
11463438 2 1 1 1
11463908 18 1 8 1
11464219 6 1 7 0
11464549 7 1 10 0
11465810 17 1 1 0
11465960 3 1 1 1
11466683 0 1 7 1
11467099 6 1 7 1
11468264 7 1 2 0
11468674 17 1 1 1
11469447 2 1 1 0
11470208 326 0 1 1
11470977 0 1 7 0
11471202 63 0 1 1
11471529 7 1 2 1
11471655 7 1 10 1
11472561 2 1 1 1
11473162 279 0 1 0
11474459 326 0 1 0
11474888 3 1 4 0
11475614 237 0 1 0
11476077 7 1 10 0
11476099 0 1 7 1
11477760 3 1 4 1
11477817 3 1 1 0
11479630 279 0 1 1
11479887 0 1 7 0
11480447 2 1 1 0
11480802 18 1 8 0
11481685 3 1 1 1
11482082 237 0 1 1
11482544 7 1 10 1
11483005 17 1 1 0
11483543 18 1 8 1
11483875 7 1 2 0
11484525 326 0 1 1
11484624 0 1 7 1
11484676 2 1 1 1
11486361 17 1 1 1
11487509 7 1 2 1
11487614 7 1 10 0
11488717 48 0 1 0
11488797 0 1 7 0
11489959 6 1 7 0
11491677 3 1 1 0
11491960 7 1 2 0
11492593 3 1 4 0
11492935 2 1 1 0
11493046 0 1 7 1
11493101 6 1 7 1
11493700 48 0 1 1
11494971 7 1 2 1
11494998 279 0 1 0
11495172 3 1 1 1
11495596 3 1 4 1
11495764 7 1 10 1
11495804 7 1 10 0
11496032 7 1 10 1
11496259 7 1 10 0
11496291 2 1 1 1
11496528 7 1 10 1
11496863 0 1 7 0
11497382 18 1 8 0
11499374 237 0 1 0
11499836 7 1 10 0
11499857 18 1 8 1
11499953 63 0 1 0
11501104 17 1 1 0
11501466 279 0 1 1
11501502 2 1 1 0
11501604 0 1 7 1
11503062 3 1 1 0
11504091 17 1 1 1
11504852 237 0 1 1
11505354 2 1 1 1
11505428 0 1 7 0
11506335 3 1 4 0
11506446 7 1 10 1
11506926 3 1 1 1
11508401 63 0 1 1
11509711 3 1 4 1
11509756 7 1 10 0
11510054 0 1 7 1
11510985 7 1 2 0
11511234 326 0 1 0
11511265 369 0 1 1
11512727 18 1 8 0
11513172 2 1 1 0
11514120 0 1 7 0
11514246 7 1 2 1
11515204 6 1 7 0
11515220 369 0 1 0
11515437 3 1 1 0
11515841 18 1 8 1
11517115 17 1 1 0
11517282 2 1 1 1
11517402 326 0 1 1
11517506 63 0 1 0
11517592 6 1 7 1
11518979 3 1 4 0
11518988 0 1 7 1
11519353 232 0 1 0
11519531 3 1 1 1
11519823 279 0 1 0
11520196 17 1 1 1
11521724 3 1 4 1
11521979 326 0 1 0
11521994 63 0 1 1
11521999 7 1 10 1
11522144 237 0 1 0
11523124 0 1 7 0
11523243 7 1 10 0
11523687 369 0 1 1
11524370 2 1 1 0
11524750 18 1 8 0
11526025 7 1 2 0
11526377 232 0 1 1
11527281 279 0 1 1
11527317 3 1 1 0
11527365 2 1 1 1
11527366 369 0 1 0
11527622 237 0 1 1
11527746 0 1 7 1
11527860 18 1 8 1
11529159 7 1 2 1
11529738 326 0 1 1
11529802 48 0 1 0
11530693 3 1 1 1
11531425 0 1 7 0
11532861 2 1 1 0
11534290 48 0 1 1
11534878 326 0 1 0
11535564 232 0 1 0
11535814 369 0 1 1
11536221 2 1 1 1
11536293 0 1 7 1
11536333 18 1 8 0
11537039 17 1 1 0
11537788 3 1 4 0
11538949 369 0 1 0
11539161 7 1 2 0
11539411 17 1 1 1
11539570 18 1 8 1
11540187 3 1 1 0
11540449 0 1 7 0
11541160 3 1 4 1
11541162 232 0 1 1
11542295 7 1 2 1
11542418 326 0 1 1
11542776 2 1 1 0
11544297 3 1 1 1
11544948 0 1 7 1
11546389 6 1 7 0
11546509 2 1 1 1
11546666 279 0 1 0
11546894 237 0 1 0
11547397 369 0 1 1
11547928 18 1 8 0
11548709 63 0 1 0
11549023 6 1 7 1
11549213 0 1 7 0
11550087 3 1 1 0
11550298 326 0 1 0
11550544 369 0 1 0
11551042 18 1 8 1
11552372 237 0 1 1
11552694 3 1 4 0
11553818 2 1 1 0
11553831 0 1 7 1
11553950 17 1 1 0
11553951 3 1 1 1
11555566 3 1 4 1
11556167 63 0 1 1
11556485 326 0 1 1
11556568 17 1 1 1
11557563 2 1 1 1
11557602 0 1 7 0
11558256 7 1 2 0
11558992 369 0 1 1
11559876 18 1 8 0
11561386 7 1 2 1
11561488 232 0 1 0
11562343 0 1 7 1
11562496 369 0 1 0
11563693 18 1 8 1
11564330 2 1 1 0
11564442 3 1 1 0
11565704 237 0 1 0
11566512 0 1 7 0
11566927 48 0 1 0
11567600 232 0 1 1
11567829 2 1 1 1
11568298 3 1 1 1
11569261 17 1 1 0
11569361 18 1 8 0
11569930 48 0 1 1
11571134 0 1 7 1
11571182 237 0 1 1
11572496 17 1 1 1
11573340 18 1 8 1
11573958 7 1 2 0
11574836 2 1 1 0
11575827 3 1 1 0
11576412 0 1 7 0
11577473 7 1 2 1
11578462 2 1 1 1
11579067 18 1 8 0
11579422 3 1 4 0
11579568 3 1 1 1
11580538 0 1 7 1
11580544 6 1 7 0
11582796 18 1 8 1
11583055 6 1 7 1
11583409 3 1 4 1
11584332 0 1 7 0
11585727 3 1 1 0
11585804 2 1 1 0
11588200 17 1 1 0
11588474 237 0 1 0
11588488 7 1 2 0
11588539 18 1 8 0
11589039 7 1 10 1
11589200 0 1 7 1
11589295 2 1 1 1
11589319 7 1 10 0
11589341 3 1 1 1
11591011 63 0 1 0
11591019 7 1 10 1
11591187 17 1 1 1
11591495 7 1 2 1
11591794 7 1 10 0
11592268 18 1 8 1
11592322 7 1 10 1
11592969 0 1 7 0
11593533 7 1 10 0
11593952 237 0 1 1
11595435 2 1 1 0
11596784 3 1 4 0
11597587 0 1 7 1
11597734 7 1 10 1
11597988 7 1 10 0
11598286 7 1 10 1
11598469 63 0 1 1
11598607 48 0 1 0
11598791 2 1 1 1
11599680 326 0 1 0
11599906 3 1 4 1
11600082 3 1 1 0
11600958 7 1 10 0
11602105 48 0 1 1
11602324 0 1 7 0
11602817 18 1 8 0
11603538 63 0 1 0
11603946 3 1 1 1
11605546 2 1 1 0
11605688 17 1 1 0
11606565 0 1 7 1
11606792 18 1 8 1
11607545 7 1 2 0
11607769 6 1 7 0
11608624 7 1 10 1
11608675 17 1 1 1
11608926 2 1 1 1
11609238 326 0 1 1
11609982 3 1 1 0
11610006 63 0 1 1
11610556 7 1 2 1
11610661 6 1 7 1
11610739 0 1 7 0
11610883 7 1 10 0
11611244 237 0 1 0
11613842 3 1 1 1
11614544 326 0 1 0
11614570 2 1 1 0
11614894 18 1 8 0
11615046 7 1 2 0
11615480 0 1 7 1
11615494 369 0 1 1
11616722 237 0 1 1
11616772 369 0 1 0
11617549 7 1 2 1
11617648 7 1 10 1
11618029 7 1 10 0
11618069 2 1 1 1
11618275 7 1 10 1
11618869 18 1 8 1
11619649 0 1 7 0
11619882 3 1 1 0
11620758 7 1 10 0
11622592 326 0 1 1
11623009 17 1 1 0
11623021 232 0 1 0
11623750 3 1 1 1
11624255 0 1 7 1
11624521 3 1 4 0
11625001 2 1 1 0
11626119 17 1 1 1
11626164 7 1 2 0
11627200 369 0 1 1
11627516 3 1 4 1
11627567 18 1 8 0
11628387 0 1 7 0
11628742 2 1 1 1
11629175 7 1 2 1
11630060 369 0 1 0
11630277 3 1 1 0
11630549 237 0 1 0
11631536 232 0 1 1
11631546 18 1 8 1
11631979 7 1 10 1
11632501 0 1 7 1
11633649 3 1 1 1
11635037 237 0 1 1
11635354 7 1 10 0
11636063 2 1 1 0
11637297 0 1 7 0
11639550 2 1 1 1
11640360 3 1 4 0
11640488 369 0 1 1
11640603 18 1 8 0
11640672 3 1 1 0
11640804 7 1 2 0
11640907 17 1 1 0
11641415 0 1 7 1
11642727 369 0 1 0
11643244 3 1 4 1
11643753 7 1 2 1
11643771 17 1 1 1
11644040 3 1 1 1
11644397 18 1 8 1
11645712 0 1 7 0
11646058 2 1 1 0
11646830 63 0 1 0
11647337 7 1 10 1
11649295 2 1 1 1
11650349 237 0 1 0
11650367 7 1 10 0
11650572 3 1 1 0
11651092 0 1 7 1
11652985 18 1 8 0
11653155 369 0 1 1
11654440 3 1 1 1
11654622 0 1 7 0
11655232 369 0 1 0
11655805 2 1 1 0
11656268 63 0 1 1
11656817 237 0 1 1
11656964 18 1 8 1
11657379 17 1 1 0
11657764 6 1 7 0
11658998 0 1 7 1
11659226 3 1 4 0
11659296 2 1 1 1
11659732 232 0 1 0
11660472 3 1 1 0
11660612 17 1 1 1
11660656 6 1 7 1
11661721 3 1 4 1
11662342 18 1 8 0
11662393 7 1 2 0
11664027 0 1 7 0
11664092 7 1 10 1
11664586 3 1 1 1
11665330 232 0 1 1
11665612 2 1 1 0
11665646 7 1 2 1
11665825 18 1 8 1
11667899 0 1 7 1
11668278 7 1 10 0
11668968 2 1 1 1
11669877 3 1 1 0
11671867 48 0 1 0
11672687 326 0 1 0
11672826 3 1 4 0
11672937 0 1 7 0
11673126 3 1 1 1
11675166 2 1 1 0
11675253 18 1 8 0
11675560 369 0 1 1
11676468 3 1 4 1
11676850 48 0 1 1
11677178 17 1 1 0
11677504 369 0 1 0
11677574 237 0 1 0
11678051 0 1 7 1
11678522 2 1 1 1
11679232 18 1 8 1
11679451 7 1 2 0
11679904 7 1 10 1
11680165 17 1 1 1
11680930 326 0 1 1
11681524 0 1 7 0
11681757 3 1 1 0
11682363 7 1 2 1
11683702 7 1 10 0
11684042 237 0 1 1
11685613 3 1 1 1
11685656 2 1 1 0
11686138 0 1 7 1
11687525 7 1 2 0
11687932 369 0 1 1
11688808 18 1 8 0
11689182 3 1 1 0
11689504 2 1 1 1
11690262 0 1 7 0
11690279 326 0 1 0
11690651 7 1 2 1
11691301 369 0 1 0
11691424 6 1 7 0
11691589 3 1 4 0
11692783 18 1 8 1
11693439 3 1 1 1
11693888 17 1 1 0
11694312 6 1 7 1
11694338 3 1 4 1
11694638 0 1 7 1
11695517 2 1 1 0
11696752 17 1 1 1
11696757 3 1 1 0
11697724 7 1 10 1
11697813 326 0 1 1
11698504 2 1 1 1
11698526 18 1 8 0
11699003 7 1 2 0
11699172 0 1 7 0
11700798 7 1 10 0
11700879 3 1 1 1
11700898 18 1 8 1
11700990 3 1 1 0
11701379 3 1 1 1
11702125 7 1 2 1
11703314 237 0 1 0
11703548 0 1 7 1
11704503 2 1 1 0
11704527 3 1 1 0
11707092 0 1 7 0
11707456 7 1 2 0
11707777 18 1 8 0
11708232 2 1 1 1
11708659 369 0 1 1
11709268 3 1 1 1
11709532 369 0 1 0
11709782 237 0 1 1
11710218 17 1 1 0
11710705 7 1 2 1
11711638 7 1 10 1
11711714 0 1 7 1
11711879 18 1 8 1
11712942 3 1 1 0
11713328 17 1 1 1
11715049 7 1 10 0
11715138 3 1 4 0
11715278 2 1 1 0
11716002 0 1 7 0
11716826 3 1 1 1
11718014 3 1 4 1
11719128 232 0 1 0
11719138 2 1 1 1
11720377 48 0 1 0
11720629 6 1 7 0
11720858 0 1 7 1
11720862 3 1 1 0
11720925 18 1 8 0
11720950 369 0 1 1
11721068 7 1 2 0
11722926 369 0 1 0
11723394 6 1 7 1
11724313 7 1 2 1
11724370 48 0 1 1
11724488 3 1 1 1
11724726 232 0 1 1
11724904 18 1 8 1
11725407 0 1 7 0
11725444 7 1 10 1
11725577 2 1 1 0
11727569 237 0 1 0
11728287 3 1 1 0
11728652 17 1 1 0
11728668 7 1 10 0
11729076 2 1 1 1
11729275 3 1 4 0
11729525 0 1 7 1
11730564 7 1 2 0
11731639 17 1 1 1
11732052 3 1 1 1
11732057 237 0 1 1
11732897 3 1 4 1
11733317 7 1 2 1
11733529 63 0 1 0
11733778 18 1 8 0
11734344 369 0 1 1
11734489 0 1 7 0
11735489 232 0 1 0
11735656 369 0 1 0
11735712 3 1 1 0
11735802 2 1 1 0
11737511 18 1 8 1
11738516 7 1 10 1
11739103 0 1 7 1
11739305 2 1 1 1
11739779 326 0 1 0
11739834 3 1 1 1
11740987 63 0 1 1
11741613 232 0 1 1
11741779 7 1 10 0
11742732 0 1 7 0
11743632 3 1 1 0
11744399 237 0 1 0
11745094 369 0 1 1
11745570 7 1 2 0
11745757 2 1 1 0
11746223 17 1 1 0
11746702 3 1 4 0
11746862 18 1 8 0
11747742 3 1 1 1
11747846 0 1 7 1
11748573 7 1 2 1
11749256 2 1 1 1
11749328 3 1 4 1
11749355 369 0 1 0
11749702 17 1 1 1
11749877 237 0 1 1
11750835 3 1 1 0
11750930 18 1 8 1
11751814 6 1 7 0
11753937 326 0 1 1
11754612 0 1 7 0
11754668 7 1 2 0
11754698 6 1 7 1
11754834 3 1 1 1
11755849 2 1 1 0
11756476 18 1 8 0
11757298 7 1 2 1
11757353 7 1 10 1
11757984 0 1 7 1
11758482 3 1 1 0
11759590 18 1 8 1
11760336 2 1 1 1
11760843 7 1 10 0
11762604 3 1 1 1
11763522 0 1 7 0
11764694 237 0 1 0
11764915 3 1 4 0
11765065 7 1 2 0
11765422 48 0 1 0
11765570 63 0 1 0
11765906 17 1 1 0
11766897 3 1 1 0
11767022 2 1 1 0
11767660 0 1 7 1
11768128 18 1 8 0
11768184 7 1 2 1
11768693 369 0 1 1
11769041 3 1 4 1
11769415 48 0 1 1
11769508 17 1 1 1
11769883 369 0 1 0
11770058 63 0 1 1
11770484 2 1 1 1
11770896 3 1 1 1
11771162 237 0 1 1
11772107 18 1 8 1
11773575 7 1 2 0
11774412 0 1 7 0
11774751 2 1 1 0
11774817 3 1 1 0
11776056 7 1 10 1
11776824 7 1 2 1
11777657 0 1 7 1
11778439 3 1 1 1
11779158 7 1 10 0
11779541 3 1 4 0
11781019 6 1 7 0
11781280 18 1 8 0
11781301 369 0 1 1
11781747 3 1 1 0
11782536 3 1 4 1
11783650 369 0 1 0
11784046 6 1 7 1
11784807 0 1 7 0
11785009 18 1 8 1
11786004 3 1 1 1
11787183 17 1 1 0
11788082 7 1 2 0
11788179 0 1 7 1
11789559 3 1 1 0
11790416 17 1 1 1
11790962 7 1 2 1
11790994 18 1 8 0
11791424 237 0 1 0
11792249 326 0 1 0
11792363 7 1 10 1
11793394 0 1 7 0
11793673 3 1 1 1
11794231 18 1 8 1
11795988 7 1 10 0
11796902 237 0 1 1
11796980 3 1 1 0
11797028 0 1 7 1
11798354 232 0 1 0
11800235 326 0 1 1
11800991 3 1 1 1
11801998 369 0 1 1
11802778 18 1 8 0
11803337 232 0 1 1
11803796 3 1 4 0
11804112 0 1 7 0
11804150 7 1 2 0
11805271 369 0 1 0
11805517 48 0 1 0
11806002 3 1 1 0
11806234 17 1 1 0
11806721 7 1 10 1
11806757 18 1 8 1
11807026 7 1 2 1
11807053 3 1 4 1
11807738 0 1 7 1
11808459 326 0 1 0
11809353 7 1 10 0
11809510 48 0 1 1
11809713 17 1 1 1
11810116 3 1 1 1
11813668 3 1 1 0
11814679 6 1 7 0
11814971 18 1 8 0
11815002 0 1 7 0
11815184 237 0 1 0
11815699 369 0 1 1
11815999 326 0 1 1
11816726 369 0 1 0
11817164 232 0 1 0
11817385 3 1 4 0
11817440 6 1 7 1
11817639 63 0 1 0
11818048 3 1 1 1
11818628 0 1 7 1
11818827 18 1 8 1
11820507 3 1 4 1
11820697 7 1 10 1
11821239 3 1 1 0
11821652 232 0 1 1
11821652 237 0 1 1
11823912 0 1 7 0
11823991 7 1 10 0
11825097 63 0 1 1
11825111 7 1 2 0
11825915 17 1 1 0
11826242 3 1 1 1
11827154 369 0 1 1
11827546 0 1 7 1
11827617 18 1 8 0
11828350 7 1 2 1
11829517 17 1 1 1
11829762 3 1 1 0
11830110 369 0 1 0
11831346 18 1 8 1
11834249 3 1 1 1
11834479 0 1 7 0
11836716 18 1 8 0
11836819 7 1 10 1
11836964 237 0 1 0
11837073 7 1 10 0
11837314 7 1 10 1
11837456 3 1 4 0
11837828 3 1 1 0
11838101 0 1 7 1
11839439 232 0 1 0
11839457 18 1 8 1
11840582 3 1 4 1
11840779 7 1 10 0
11841339 3 1 1 1
11841452 237 0 1 1
11844917 232 0 1 1
11845672 7 1 2 0
11845692 0 1 7 0
11847377 18 1 8 0
11847468 369 0 1 1
11847582 3 1 1 0
11847953 17 1 1 0
11848339 6 1 7 0
11848374 7 1 2 1
11849076 0 1 7 1
11849624 369 0 1 0
11851309 17 1 1 1
11851358 6 1 7 1
11851411 18 1 8 1
11851450 3 1 1 1
11851542 3 1 1 0
11851827 3 1 1 1
11852801 3 1 4 0
11854742 7 1 10 1
11854893 7 1 10 0
11855157 3 1 1 0
11855238 7 1 10 1
11855764 0 1 7 0
11856062 3 1 4 1
11858744 237 0 1 0
11859348 7 1 10 0
11859406 0 1 7 1
11859676 3 1 1 1
11860052 369 0 1 1
11861224 18 1 8 0
11862927 3 1 1 0
11862962 326 0 1 0
11863840 369 0 1 0
11865169 0 1 7 0
11865212 237 0 1 1
11865326 18 1 8 1
11867180 17 1 1 0
11867291 3 1 1 1
11868727 7 1 2 0
11868803 0 1 7 1
11870621 3 1 1 0
11870905 17 1 1 1
11871101 335 0 1 0
11871307 18 1 8 0
11871352 48 0 1 0
11871488 7 1 2 1
11871688 7 1 10 1
11872106 3 1 4 0
11874175 18 1 8 1
11874557 326 0 1 1
11874632 3 1 1 1
11874732 3 1 4 1
11875132 335 0 1 1
11875188 7 1 10 0
11875345 48 0 1 1
11876382 0 1 7 0
11878272 3 1 1 0
11879189 63 0 1 0
11880024 0 1 7 1
11881798 18 1 8 0
11882009 237 0 1 0
11882188 369 0 1 1
11882374 3 1 1 1
11883553 369 0 1 0
11885777 18 1 8 1
11886454 0 1 7 0
11886687 3 1 1 0
11887637 63 0 1 1
11888465 17 1 1 0
11888477 237 0 1 1
11888947 18 1 8 0
11890219 0 1 7 1
11890829 3 1 1 1
11891906 3 1 4 0
11892190 17 1 1 1
11893879 6 1 7 0
11894395 3 1 1 0
11895171 3 1 4 1
11896354 0 1 7 0
11896763 6 1 7 1
11897342 18 1 8 1
11898616 3 1 1 1
11899492 0 1 7 1
11899702 7 1 2 0
11900388 18 1 8 0
11902089 3 1 1 0
11902304 232 0 1 0
11902586 7 1 2 1
11904776 3 1 4 0
11906231 3 1 1 1
11906749 0 1 7 0
11907398 3 1 4 1
11907749 237 0 1 0
11907782 232 0 1 1
11909077 18 1 8 1
11909387 17 1 1 0
11909457 3 1 1 0
11910006 0 1 7 1
11912460 18 1 8 0
11912497 17 1 1 1
11913227 237 0 1 1
11913817 3 1 1 1
11916154 0 1 7 0
11916397 48 0 1 0
11917377 3 1 1 0
11917484 326 0 1 0
11917649 232 0 1 0
11919804 0 1 7 1
11920390 48 0 1 1
11921387 18 1 8 1
11921392 3 1 1 1
11922719 7 1 2 0
11923127 232 0 1 1
11924084 237 0 1 0
11924639 18 1 8 0
11924802 3 1 1 0
11925594 7 1 2 1
11925882 0 1 7 0
11926027 326 0 1 1
11926061 3 1 4 0
11927893 17 1 1 0
11928404 3 1 1 1
11928822 3 1 4 1
11929520 0 1 7 1
11929562 237 0 1 1
11930014 6 1 7 0
11931495 17 1 1 1
11932722 3 1 1 0
11932779 6 1 7 1
11933266 18 1 8 1
11933932 326 0 1 0
11936461 18 1 8 0
11936967 3 1 1 1
11937439 0 1 7 0
11940147 3 1 1 0
11940700 0 1 7 1
11941406 3 1 4 0
11942156 326 0 1 1
11944032 3 1 4 1
11944257 3 1 1 1
11945043 18 1 8 1
11945187 0 1 7 0
11946812 63 0 1 0
11947572 3 1 1 0
11947702 17 1 1 0
11948308 18 1 8 0
11949071 0 1 7 1
11951181 17 1 1 1
11951440 3 1 1 1
11953280 63 0 1 1
11953314 7 1 2 0
11954269 6 1 7 0
11954997 3 1 1 0
11956077 0 1 7 0
11956284 7 1 2 1
11956480 3 1 4 0
11956907 6 1 7 1
11957237 18 1 8 1
11958980 3 1 1 1
11959461 0 1 7 1
11959606 3 1 4 1
11960518 18 1 8 0
11961937 48 0 1 0
11963412 3 1 1 0
11964803 63 0 1 0
11965482 0 1 7 0
11965930 48 0 1 1
11967776 3 1 1 1
11967997 17 1 1 0
11969477 18 1 8 1
11969620 0 1 7 1
11971332 3 1 1 0
11971599 17 1 1 1
11972261 63 0 1 1
11972757 18 1 8 0
11973089 232 0 1 0
11975184 3 1 1 1
11975877 0 1 7 0
11977046 3 1 4 0
11978503 3 1 1 0
11979511 0 1 7 1
11979557 232 0 1 1
11980295 3 1 4 1
11980349 326 0 1 0
11981343 18 1 8 1
11982289 7 1 2 0
11982605 3 1 1 1
11984464 6 1 7 0
11984583 18 1 8 0
11985050 7 1 2 1
11985777 0 1 7 0
11985820 3 1 1 0
11987729 6 1 7 1
11988042 17 1 1 0
11989165 0 1 7 1
11990045 3 1 1 1
11991398 17 1 1 1
11991919 326 0 1 1
11992919 18 1 8 1
11993146 3 1 1 0
11994687 0 1 7 0
11996056 18 1 8 0
11996575 3 1 4 0
11997379 3 1 1 1
11998325 0 1 7 1
11999689 3 1 4 1
12002294 232 0 1 0
12002517 3 1 1 0
12004759 0 1 7 0
12004761 18 1 8 1
12006377 3 1 1 1
12007020 17 1 1 0
12007477 48 0 1 0
12007993 18 1 8 0
12008770 0 1 7 1
12009752 232 0 1 1
12010622 17 1 1 1
12010903 7 1 2 0
12010932 3 1 1 0
12011470 48 0 1 1
12013704 7 1 2 1
12014659 6 1 7 0
12015173 3 1 1 1
12015649 0 1 7 0
12017141 3 1 4 0
12017321 18 1 8 1
12017797 6 1 7 1
12018503 3 1 1 0
12018906 0 1 7 1
12020406 18 1 8 0
12020525 3 1 4 1
12022986 3 1 1 1
12024387 0 1 7 0
12026277 3 1 1 0
12026902 17 1 1 0
12028148 0 1 7 1
12028409 63 0 1 0
12029599 326 0 1 0
12030107 18 1 8 1
12030258 17 1 1 1
12031133 3 1 1 1
12032710 3 1 4 0
12033180 18 1 8 0
12033792 0 1 7 0
12034684 3 1 1 0
12034877 63 0 1 1
12035742 326 0 1 1
12036443 3 1 4 1
12037430 0 1 7 1
12037464 7 1 2 0
12038663 3 1 1 1
12040094 7 1 2 1
12040399 6 1 7 0
12041912 326 0 1 0
12042630 3 1 1 0
12042877 18 1 8 1
12043160 6 1 7 1
12043692 0 1 7 0
12045326 17 1 1 0
12045958 18 1 8 0
12046863 3 1 1 1
12046933 63 0 1 0
12047322 0 1 7 1
12049075 48 0 1 0
12049666 17 1 1 1
12050201 3 1 1 0
12051470 326 0 1 1
12052411 63 0 1 1
12052573 48 0 1 1
12054259 0 1 7 0
12055259 232 0 1 0
12055299 3 1 1 1
12055723 18 1 8 1
12058226 3 1 4 0
12058246 0 1 7 1
12058390 3 1 1 0
12058744 18 1 8 0
12058873 17 1 1 0
12061475 3 1 4 1
12061491 17 1 1 1
12062915 7 1 2 0
12063707 232 0 1 1
12064339 3 1 1 1
12064977 0 1 7 0
12065672 7 1 2 1
12068318 18 1 8 1
12068349 0 1 7 1
12069360 3 1 1 0
12071089 6 1 7 0
12071387 18 1 8 0
12072310 3 1 4 0
12073486 3 1 1 1
12073977 6 1 7 1
12075867 0 1 7 0
12075932 3 1 4 1
12077247 17 1 1 0
12078765 3 1 1 0
12079743 0 1 7 1
12081104 18 1 8 1
12081956 17 1 1 1
12082887 3 1 1 1
12082979 232 0 1 0
12084173 18 1 8 0
12085272 0 1 7 0
12087675 3 1 1 0
12089013 0 1 7 1
12089886 17 1 1 0
12090734 326 0 1 0
12091034 7 1 2 0
12092027 3 1 1 1
12092258 17 1 1 1
12093791 7 1 2 1
12093965 18 1 8 1
12095839 0 1 7 0
12096585 3 1 1 0
12096971 18 1 8 0
12099084 0 1 7 1
12099311 3 1 4 0
12100555 48 0 1 0
12100937 3 1 1 1
12102310 3 1 4 1
12102818 326 0 1 1
12103264 6 1 7 0
12104548 48 0 1 1
12105037 63 0 1 0
12105739 0 1 7 0
12105990 3 1 1 0
12106156 6 1 7 1
12106557 18 1 8 1
12106992 17 1 1 0
12109697 18 1 8 0
12109984 0 1 7 1
12110231 3 1 1 1
12111947 17 1 1 1
12113485 63 0 1 1
12115745 3 1 1 0
12115962 0 1 7 0
12119719 0 1 7 1
12119779 18 1 8 1
12120486 3 1 1 1
12120543 7 1 2 0
12120576 17 1 1 0
12122576 3 1 4 0
12122804 18 1 8 0
12123071 17 1 1 1
12123304 7 1 2 1
12125295 3 1 1 0
12125444 3 1 4 1
12126852 0 1 7 0
12129651 3 1 1 1
12129750 3 1 1 0
12129901 3 1 1 1
12130478 0 1 7 1
12131478 17 1 1 0
12132512 18 1 8 1
12133736 3 1 1 0
12133850 17 1 1 1
12135545 18 1 8 0
12136165 3 1 4 0
12136924 0 1 7 0
12139799 3 1 4 1
12140673 0 1 7 1
12141546 17 1 1 0
12141550 326 0 1 0
12142630 48 0 1 0
12143617 7 1 2 0
12144041 17 1 1 1
12145123 18 1 8 1
12146247 7 1 2 1
12146824 0 1 7 0
12147118 48 0 1 1
12147319 6 1 7 0
12148133 18 1 8 0
12150073 0 1 7 1
12150207 6 1 7 1
12155658 326 0 1 1
12157047 0 1 7 0
12158080 18 1 8 1
12158546 17 1 1 0
12161177 18 1 8 0
12161186 3 1 4 0
12161288 0 1 7 1
12163382 17 1 1 1
12164177 3 1 4 1
12166663 63 0 1 0
12168109 0 1 7 0
12170257 3 1 4 0
12171374 18 1 8 1
12171862 0 1 7 1
12172141 63 0 1 1
12172315 18 1 8 0
12172735 17 1 1 0
12173379 3 1 4 1
12174544 6 1 7 0
12175230 17 1 1 1
12177825 6 1 7 1
12178999 0 1 7 0
12179171 63 0 1 0
12179260 48 0 1 0
12180170 7 1 2 0
12182621 0 1 7 1
12183054 7 1 2 1
12183253 48 0 1 1
12183617 17 1 1 0
12183622 3 1 4 0
12183659 63 0 1 1
12185989 17 1 1 1
12187383 3 1 4 1
12188404 0 1 7 0
12192653 0 1 7 1
12193022 17 1 1 0
12195049 326 0 1 0
12195400 335 0 1 0
12195640 17 1 1 1
12197816 3 1 4 0
12199617 0 1 7 0
12199868 335 0 1 1
12200934 3 1 4 1
12202874 0 1 7 1
12203254 6 1 7 0
12204748 7 1 2 0
12206142 6 1 7 1
12206392 3 1 4 0
12207509 7 1 2 1
12209151 326 0 1 1
12209517 0 1 7 0
12209637 3 1 4 1
12210770 17 1 1 0
12213385 0 1 7 1
12215602 17 1 1 1
12218767 3 1 4 0
12219912 0 1 7 0
12220345 48 0 1 0
12223389 3 1 4 1
12223780 0 1 7 1
12223843 48 0 1 1
12224649 17 1 1 0
12227144 17 1 1 1
12228172 3 1 4 0
12229307 7 1 2 0
12230802 0 1 7 0
12231294 3 1 4 1
12231964 6 1 7 0
12232068 7 1 2 1
12234174 0 1 7 1
12234844 6 1 7 1
12237911 3 1 4 0
12240207 0 1 7 0
12241287 3 1 4 1
12241333 17 1 1 0
12244329 0 1 7 1
12245842 63 0 1 0
12246288 17 1 1 1
12247480 326 0 1 0
12249791 3 1 4 0
12250107 0 1 7 0
12252310 63 0 1 1
12253479 0 1 7 1
12254433 3 1 4 1
12257552 326 0 1 1
12257704 6 1 7 0
12258816 7 1 2 0
12260179 0 1 7 0
12260461 6 1 7 1
12261182 17 1 1 0
12261430 48 0 1 0
12261446 7 1 2 1
12263317 3 1 4 0
12263320 326 0 1 0
12264424 0 1 7 1
12266260 17 1 1 1
12266413 48 0 1 1
12266935 3 1 4 1
12269356 326 0 1 1
12269907 0 1 7 0
12273660 0 1 7 1
12274529 17 1 1 0
12277024 17 1 1 1
12277177 3 1 4 0
12280315 3 1 4 1
12281292 0 1 7 0
12282347 7 1 2 0
12283939 6 1 7 0
12284668 0 1 7 1
12284668 17 1 1 0
12284727 7 1 2 1
12286450 6 1 7 1
12286675 48 0 1 0
12287077 3 1 4 0
12290318 3 1 4 1
12290697 0 1 7 0
12291658 48 0 1 1
12292030 326 0 1 0
12295069 0 1 7 1
12296482 3 1 4 0
12299850 3 1 4 1
12300084 326 0 1 1
12301587 0 1 7 0
12304963 0 1 7 1
12307372 3 1 4 0
12307972 7 1 2 0
12309029 326 0 1 0
12310497 0 1 7 0
12310621 3 1 4 1
12310729 7 1 2 1
12314873 0 1 7 1
12315059 326 0 1 1
12316777 3 1 4 0
12317104 6 1 7 0
12319976 63 0 1 0
12320026 3 1 4 1
12320111 6 1 7 1
12321325 48 0 1 0
12321882 0 1 7 0
12325512 0 1 7 1
12326308 48 0 1 1
12327667 3 1 4 0
12328424 63 0 1 1
12331287 0 1 7 0
12331813 3 1 4 1
12335417 0 1 7 1
12337024 7 1 2 0
12338389 6 1 7 0
12339777 7 1 2 1
12341027 6 1 7 1
12341682 0 1 7 0
12343507 3 1 4 0
12343510 326 0 1 0
12345054 0 1 7 1
12347887 3 1 4 1
12348550 48 0 1 0
12351087 0 1 7 0
12353533 48 0 1 1
12354840 0 1 7 1
12355600 326 0 1 1
12357367 3 1 4 0
12360616 3 1 4 1
12360664 0 1 7 0
12364786 0 1 7 1
12366095 7 1 2 0
12367594 6 1 7 0
12368979 7 1 2 1
12370851 6 1 7 1
12371066 3 1 4 0
12372049 0 1 7 0
12374785 48 0 1 0
12375302 0 1 7 1
12375331 3 1 4 1
12377339 326 0 1 0
12378778 48 0 1 1
12381127 3 1 4 0
12381282 0 1 7 0
12383369 326 0 1 1
12383749 3 1 4 1
12384912 0 1 7 1
12389869 0 1 7 0
12390159 7 1 2 0
12391027 3 1 4 0
12392020 326 0 1 0
12392793 7 1 2 1
12393122 0 1 7 1
12394819 6 1 7 0
12395280 3 1 4 1
12395652 63 0 1 0
12397973 6 1 7 1
12400264 0 1 7 0
12402092 326 0 1 1
12402120 63 0 1 1
12404521 0 1 7 1
12405877 3 1 4 0
12405970 48 0 1 0
12409169 63 0 1 0
12409497 0 1 7 0
12410110 3 1 4 1
12410953 48 0 1 1
12413246 0 1 7 1
12414647 63 0 1 1
12417650 7 1 2 0
12418091 3 1 4 0
12419569 6 1 7 0
12420387 0 1 7 0
12420407 7 1 2 1
12422082 3 1 4 1
12422330 6 1 7 1
12424759 0 1 7 1
12428740 48 0 1 0
12429964 0 1 7 0
12432610 326 0 1 0
12432941 3 1 4 0
12433723 48 0 1 1
12433967 0 1 7 1
12437305 3 1 4 1
12441349 0 1 7 0
12444472 7 1 10 1
12444539 7 1 10 0
12444700 326 0 1 1
12444964 7 1 10 1
12444971 0 1 7 1
12445034 7 1 10 0
12445337 7 1 10 1
12445972 3 1 4 0
12448004 7 1 10 0
12448796 7 1 2 0
12449717 3 1 4 1
12450754 0 1 7 0
12451553 7 1 2 1
12454876 0 1 7 1
12457357 3 1 4 0
12458935 48 0 1 0
12460482 0 1 7 0
12460594 3 1 4 1
12462231 7 1 10 1
12462324 7 1 10 0
12462604 7 1 10 1
12463918 48 0 1 1
12464112 0 1 7 1
12465267 7 1 10 0
12467584 6 1 7 0
12467591 3 1 4 0
12470467 3 1 4 1
12470591 6 1 7 1
12470877 0 1 7 0
12473869 7 1 2 0
12474253 0 1 7 1
12476626 7 1 2 1
12478958 7 1 10 1
12479632 3 1 4 0
12479959 0 1 7 0
12480715 48 0 1 0
12482043 7 1 10 0
12483836 63 0 1 0
12484127 3 1 4 1
12484208 0 1 7 1
12484708 48 0 1 1
12485249 326 0 1 0
12490182 0 1 7 0
12490323 3 1 4 0
12490849 6 1 7 0
12492284 63 0 1 1
12493560 3 1 4 1
12493566 0 1 7 1
12493610 6 1 7 1
12497333 326 0 1 1
12497897 7 1 10 1
12498111 7 1 10 0
12498393 7 1 10 1
12499759 0 1 7 0
12500907 7 1 10 0
12501010 48 0 1 0
12501412 3 1 4 0
12502369 7 1 2 0
12504008 0 1 7 1
12505003 48 0 1 1
12505126 7 1 2 1
12505935 3 1 4 1
12509487 0 1 7 0
12512867 0 1 7 1
12513292 3 1 4 0
12514609 6 1 7 0
12516533 3 1 4 1
12517747 6 1 7 1
12519387 0 1 7 0
12521707 3 1 4 0
12523425 7 1 2 0
12523517 0 1 7 1
12524948 3 1 4 1
12525932 7 1 2 1
12527740 48 0 1 0
12528792 0 1 7 0
12531779 326 0 1 0
12532545 0 1 7 1
12532723 48 0 1 1
12533092 3 1 4 0
12536976 3 1 4 1
12537322 7 1 10 1
12540177 0 1 7 0
12540534 7 1 10 0
12543803 0 1 7 1
12543982 3 1 4 0
12545881 326 0 1 1
12547346 3 1 4 1
12549582 0 1 7 0
12553354 7 1 10 1
12553962 0 1 7 1
12554178 3 1 4 0
12554524 63 0 1 0
12555460 48 0 1 0
12556347 7 1 10 0
12557027 7 1 2 0
12557542 3 1 4 1
12558169 6 1 7 0
12559780 7 1 2 1
12560002 63 0 1 1
12560472 0 1 7 0
12560938 48 0 1 1
12561307 6 1 7 1
12563287 3 1 4 0
12563848 0 1 7 1
12567536 3 1 4 1
12568183 7 1 10 1
12568399 7 1 10 0
12568675 7 1 10 1
12570049 0 1 7 0
12571224 7 1 10 0
12573310 0 1 7 1
12574349 326 0 1 0
12575167 3 1 4 0
12575494 6 1 7 0
12578767 6 1 7 1
12578793 3 1 4 1
12580210 48 0 1 0
12580572 7 1 10 1
12580767 0 1 7 0
12582538 7 1 2 0
12583457 7 1 10 0
12584077 3 1 4 0
12584397 0 1 7 1
12584415 326 0 1 1
12584698 48 0 1 1
12585172 7 1 2 1
12586945 3 1 4 1
12589030 326 0 1 0
12591657 0 1 7 0
12594273 3 1 4 0
12595033 0 1 7 1
12595066 326 0 1 1
12595392 7 1 10 1
12595624 7 1 10 0
12595892 7 1 10 1
12597907 3 1 4 1
12598554 7 1 10 0
12599749 6 1 7 0
12602768 6 1 7 1
12603537 0 1 7 0
12604668 3 1 4 0
12606583 7 1 2 0
12606794 0 1 7 1
12609213 7 1 2 1
12609266 3 1 4 1
12609415 48 0 1 0
12609775 7 1 10 1
12609834 7 1 10 0
12610148 7 1 10 1
12612949 7 1 10 0
12613114 6 1 7 0
12613777 3 1 4 0
12614113 63 0 1 0
12614398 48 0 1 1
12614922 0 1 7 0
12616514 6 1 7 1
12617514 3 1 4 1
12617909 326 0 1 0
12618794 0 1 7 1
12619591 63 0 1 1
12623642 7 1 10 1
12623939 326 0 1 1
12625657 3 1 4 0
12626169 7 1 10 0
12626974 6 1 7 0
12627792 0 1 7 0
12628914 3 1 4 1
12629354 6 1 7 1
12629789 326 0 1 0
12630124 63 0 1 0
12631195 48 0 1 0
12631664 0 1 7 1
12633577 3 1 4 0
12635382 7 1 10 1
12635683 48 0 1 1
12635819 326 0 1 1
12636203 3 1 4 1
12637582 63 0 1 1
12638049 7 1 10 0
12640604 7 1 2 0
12640834 0 1 7 0
12641793 3 1 4 0
12643488 7 1 2 1
12644583 0 1 7 1
12645165 3 1 4 1
12647877 7 1 10 1
12649249 6 1 7 0
12650424 7 1 10 0
12651892 3 1 4 0
12652133 6 1 7 1
12653209 0 1 7 0
12656462 0 1 7 1
12656510 3 1 4 1
12660724 7 1 10 1
12660807 7 1 10 0
12661093 7 1 10 1
12661314 7 1 10 0
12661390 48 0 1 0
12661585 7 1 10 1
12662614 6 1 7 0
12663078 3 1 4 0
12664348 7 1 10 0
12664422 0 1 7 0
12665658 7 1 2 0
12666006 6 1 7 1
12666373 48 0 1 1
12666442 3 1 4 1
12667409 326 0 1 0
12667552 0 1 7 1
12668538 7 1 2 1
12671493 3 1 4 0
12674322 0 1 7 0
12674365 3 1 4 1
12675414 7 1 10 1
12677444 0 1 7 1
12677959 6 1 7 0
12678612 7 1 10 0
12679908 3 1 4 0
12681101 6 1 7 1
12681511 326 0 1 1
12683288 3 1 4 1
12683899 0 1 7 0
12684655 48 0 1 0
12687029 0 1 7 1
12688932 7 1 10 1
12689143 48 0 1 1
12689512 3 1 4 0
12691977 7 1 10 0
12692216 7 1 2 0
12693372 3 1 4 1
12694846 7 1 2 1
12696597 0 1 7 0
12698204 63 0 1 0
12700402 3 1 4 0
12700477 0 1 7 1
12702214 6 1 7 0
12703273 7 1 10 1
12703651 3 1 4 1
12705940 48 0 1 0
12705991 6 1 7 1
12706332 7 1 10 0
12706652 63 0 1 1
12709438 48 0 1 1
12709639 0 1 7 0
12709807 3 1 4 0
12712810 3 1 4 1
12713388 0 1 7 1
12715919 326 0 1 0
12717559 6 1 7 0
12717727 3 1 4 0
12719104 7 1 10 1
12720234 3 1 4 1
12720828 6 1 7 1
12721519 0 1 7 0
12722172 7 1 10 0
12725268 0 1 7 1
12727779 7 1 2 0
12727923 3 1 4 0
12728003 326 0 1 1
12730803 3 1 4 1
12730897 7 1 2 1
12730984 7 1 10 1
12732175 48 0 1 0
12733399 0 1 7 0
12734052 7 1 10 0
12736652 0 1 7 1
12737158 48 0 1 1
12738022 3 1 4 0
12741271 3 1 4 1
12745279 0 1 7 0
12746717 7 1 10 1
12746949 7 1 10 0
12747094 7 1 10 1
12747427 3 1 4 0
12747444 7 1 10 0
12747713 7 1 10 1
12747754 6 1 7 0
12748909 0 1 7 1
12749410 326 0 1 0
12750387 7 1 10 0
12751027 6 1 7 1
12751160 3 1 4 1
12752300 7 1 2 0
12754450 48 0 1 0
12754926 7 1 2 1
12755446 326 0 1 1
12757482 0 1 7 0
12757623 3 1 4 0
12757831 63 0 1 0
12758443 48 0 1 1
12759634 6 1 7 0
12760608 0 1 7 1
12761630 3 1 4 1
12761683 7 1 10 1
12762772 6 1 7 1
12764769 7 1 10 0
12766279 63 0 1 1
12766409 326 0 1 0
12767382 0 1 7 0
12770197 3 1 4 0
12770504 0 1 7 1
12773565 3 1 4 1
12774745 48 0 1 0
12776475 326 0 1 1
12777065 7 1 10 1
12777145 7 1 10 0
12777438 7 1 10 1
12778117 3 1 4 0
12778243 48 0 1 1
12778444 0 1 7 0
12780609 7 1 10 0
12781235 3 1 4 1
12781951 0 1 7 1
12784384 6 1 7 0
12787772 6 1 7 1
12789348 7 1 2 0
12789441 7 1 10 1
12790152 0 1 7 0
12790293 3 1 4 0
12792093 7 1 2 1
12792489 7 1 10 0
12793415 3 1 4 1
12793532 0 1 7 1
12798244 6 1 7 0
12800069 326 0 1 0
12800392 3 1 4 0
12801378 6 1 7 1
12802032 0 1 7 0
12802960 48 0 1 0
12803637 3 1 4 1
12805293 7 1 10 1
12805359 7 1 10 0
12805662 7 1 10 1
12805785 0 1 7 1
12807943 48 0 1 1
12808117 326 0 1 1
12808797 7 1 10 0
12809598 3 1 4 0
12812093 3 1 4 1
12813374 7 1 2 0
12814407 0 1 7 0
12815996 7 1 2 1
12817779 0 1 7 1
12818129 7 1 10 1
12819697 3 1 4 0
12820519 6 1 7 0
12820849 7 1 10 0
12822446 63 0 1 0
12822819 3 1 4 1
12823415 6 1 7 1
12826287 0 1 7 0
12827617 3 1 4 0
12828914 63 0 1 1
12830159 0 1 7 1
12830489 3 1 4 1
12831175 48 0 1 0
12833367 7 1 10 1
12835833 3 1 4 0
12836158 48 0 1 1
12836517 7 1 10 0
12838339 0 1 7 0
12838832 3 1 4 1
12841309 6 1 7 0
12841408 63 0 1 0
12841961 0 1 7 1
12842639 326 0 1 0
12845070 6 1 7 1
12847417 3 1 4 0
12847876 63 0 1 1
12849285 7 1 10 1
12850162 3 1 4 1
12850687 326 0 1 1
12851037 0 1 7 0
12851469 7 1 2 0
12852357 7 1 10 0
12854341 7 1 2 1
12854659 0 1 7 1
12854842 3 1 4 0
12854935 48 0 1 0
12857964 3 1 4 1
12859918 48 0 1 1
12861657 7 1 10 1
12862594 6 1 7 0
12863412 0 1 7 0
12864250 326 0 1 0
12864732 7 1 10 0
12865038 3 1 4 0
12865355 6 1 7 1
12866538 0 1 7 1
12868402 3 1 4 1
12873807 0 1 7 0
12874322 326 0 1 1
12874938 3 1 4 0
12876485 7 1 2 0
12876937 0 1 7 1
12876972 7 1 10 1
12877444 6 1 7 0
12878433 3 1 4 1
12879357 7 1 2 1
12879832 6 1 7 1
12880077 7 1 10 0
12883150 48 0 1 0
12883707 0 1 7 0
12886323 3 1 4 0
12886829 0 1 7 1
12887638 48 0 1 1
12889651 3 1 4 1
12889869 7 1 10 1
12892452 7 1 10 0
12894937 3 1 4 0
12895759 0 1 7 0
12897910 326 0 1 0
12898956 3 1 4 1
12899512 0 1 7 1
12900214 6 1 7 0
12901035 63 0 1 0
12902256 7 1 10 1
12903614 6 1 7 1
12904342 3 1 4 0
12904435 48 0 1 0
12905322 7 1 10 0
12905964 326 0 1 1
12908091 3 1 4 1
12908134 0 1 7 0
12908428 48 0 1 1
12909483 63 0 1 1
12911887 0 1 7 1
12912809 326 0 1 0
12913552 7 1 2 0
12913747 3 1 4 0
12916420 7 1 2 1
12917484 3 1 4 1
12919024 6 1 7 0
12921018 7 1 10 1
12921189 7 1 10 0
12921327 0 1 7 0
12921510 7 1 10 1
12922170 6 1 7 1
12922657 3 1 4 0
12922875 326 0 1 1
12924575 7 1 10 0
12924707 0 1 7 1
12925918 3 1 4 1
12929647 326 0 1 0
12931072 3 1 4 0
12931722 0 1 7 0
12933145 48 0 1 0
12934848 0 1 7 1
12935325 3 1 4 1
12938073 7 1 2 0
12938128 48 0 1 1
12938643 3 1 4 0
12940818 7 1 2 1
12940906 7 1 10 1
12941622 0 1 7 0
12941731 326 0 1 1
12941884 3 1 4 1
12943279 6 1 7 0
12943932 7 1 10 0
12944744 0 1 7 1
12946679 6 1 7 1
12946768 3 1 4 0
12951636 3 1 4 1
12952189 0 1 7 0
12953399 326 0 1 0
12955206 3 1 4 0
12955442 0 1 7 1
12958129 6 1 7 0
12959136 7 1 10 1
12961148 6 1 7 1
12962098 3 1 4 1
12962099 7 1 2 0
12962160 3 1 4 0
12962270 7 1 10 0
12962348 3 1 4 1
12962907 0 1 7 0
12963835 48 0 1 0
12964971 7 1 2 1
12965312 326 0 1 1
12966160 0 1 7 1
12967063 3 1 4 0
12968818 48 0 1 1
12971114 63 0 1 0
12972943 3 1 4 1
12975777 0 1 7 0
12977582 63 0 1 1
12977859 7 1 10 1
12977953 3 1 4 0
12979899 0 1 7 1
12980870 7 1 10 0
12983869 6 1 7 0
12985522 335 0 1 0
12985599 3 1 4 1
12986110 48 0 1 0
12987059 326 0 1 0
12987265 6 1 7 1
12989637 0 1 7 0
12989833 3 1 4 0
12990047 7 1 2 0
12990598 48 0 1 1
12990896 7 1 10 1
12990984 7 1 10 0
12991392 7 1 10 1
12991479 7 1 10 0
12991884 7 1 10 1
12991974 7 1 10 0
12992261 7 1 10 1
12992494 7 1 10 0
12992669 7 1 2 1
12992745 7 1 10 1
12993517 0 1 7 1
12995225 3 1 4 1
12995439 7 1 10 0
12997910 335 0 1 1
12998719 6 1 7 0
12999733 3 1 4 0
13000457 326 0 1 1
13002369 6 1 7 1
13002507 0 1 7 0
13006383 0 1 7 1
13006661 3 1 4 1
13007310 7 1 10 1
13007395 48 0 1 0
13010289 7 1 10 0
13010893 48 0 1 1
13011063 3 1 4 0
13011783 335 0 1 0
13015549 0 1 7 0
13017138 7 1 2 0
13017336 3 1 4 1
13019298 0 1 7 1
13019887 7 1 2 1
13021018 3 1 4 0
13021201 335 0 1 1
13023469 6 1 7 0
13024620 7 1 10 1
13026815 3 1 4 1
13026885 6 1 7 1
13027614 7 1 10 0
13027752 0 1 7 0
13030124 326 0 1 0
13030470 3 1 4 0
13031132 0 1 7 1
13032145 48 0 1 0
13036339 6 1 7 0
13037128 48 0 1 1
13037214 63 0 1 0
13037291 3 1 4 1
13037400 3 1 4 0
13037688 3 1 4 1
13039137 0 1 7 0
13039529 335 0 1 0
13040275 6 1 7 1
13040854 7 1 10 1
13041542 326 0 1 1
13041808 3 1 4 0
13042505 0 1 7 1
13042692 63 0 1 1
13043987 7 1 10 0
13044172 7 1 2 0
13046794 7 1 2 1
13049209 6 1 7 0
13049442 335 0 1 1
13050522 0 1 7 0
13051984 3 1 4 1
13052760 6 1 7 1
13054140 0 1 7 1
13054608 7 1 10 1
13054653 63 0 1 0
13054725 3 1 4 0
13057136 7 1 10 0
13058834 326 0 1 0
13061121 63 0 1 1
13061499 3 1 4 1
13061845 48 0 1 0
13061907 0 1 7 0
13062079 6 1 7 0
13063315 335 0 1 0
13064083 3 1 4 0
13065279 0 1 7 1
13065368 6 1 7 1
13066828 48 0 1 1
13068272 326 0 1 1
13071086 7 1 10 1
13071187 7 1 2 0
13072969 0 1 7 0
13073228 335 0 1 1
13073921 3 1 4 1
13074030 3 1 4 0
13074059 7 1 2 1
13074166 7 1 10 0
13074802 3 1 4 1
13076460 0 1 7 1
13077448 3 1 4 0
13081384 6 1 7 0
13082099 326 0 1 0
13084534 6 1 7 1
13084615 48 0 1 0
13084626 335 0 1 0
13084677 0 1 7 0
13085963 7 1 10 1
13086169 7 1 10 0
13086459 7 1 10 1
13086683 7 1 10 0
13086951 7 1 10 1
13088053 0 1 7 1
13088274 3 1 4 1
13088608 48 0 1 1
13089177 7 1 10 0
13089557 326 0 1 1
13090971 3 1 4 0
13092274 6 1 7 0
13092559 335 0 1 1
13095313 6 1 7 1
13096062 0 1 7 0
13096736 7 1 2 0
13097711 7 1 10 1
13099481 7 1 2 1
13099692 0 1 7 1
13100482 7 1 10 0
13102889 326 0 1 0
13103659 6 1 7 0
13106420 6 1 7 1
13106927 335 0 1 0
13108437 0 1 7 0
13108524 3 1 4 1
13111603 3 1 4 0
13111694 0 1 7 1
13112569 6 1 7 0
13113325 48 0 1 0
13114194 7 1 10 1
13114307 326 0 1 1
13115465 6 1 7 1
13116840 335 0 1 1
13117209 7 1 10 0
13118308 48 0 1 1
13119327 0 1 7 0
13122295 63 0 1 0
13122445 0 1 7 1
13124925 3 1 4 1
13127601 3 1 4 0
13129433 7 1 10 1
13129722 0 1 7 0
13130218 335 0 1 0
13130743 63 0 1 1
13131874 6 1 7 0
13132094 326 0 1 0
13132201 7 1 10 0
13132852 0 1 7 1
13134279 7 1 2 0
13134782 6 1 7 1
13135600 48 0 1 0
13137151 7 1 2 1
13139141 335 0 1 1
13139593 48 0 1 1
13140311 3 1 4 1
13140612 0 1 7 0
13143228 3 1 4 0
13143512 326 0 1 1
13143806 7 1 10 1
13144238 0 1 7 1
13146909 7 1 10 0
13148209 6 1 7 0
13150982 6 1 7 1
13152169 0 1 7 0
13152519 335 0 1 0
13154544 3 1 4 1
13155672 0 1 7 1
13157583 3 1 4 0
13158324 7 1 2 0
13159594 6 1 7 0
13160706 7 1 10 1
13160804 326 0 1 0
13161073 7 1 2 1
13161835 48 0 1 0
13162248 6 1 7 1
13163907 7 1 10 0
13164412 335 0 1 1
13165362 0 1 7 0
13166282 326 0 1 1
13166818 48 0 1 1
13168992 0 1 7 1
13170879 3 1 4 1
13173179 326 0 1 0
13173918 3 1 4 0
13175434 6 1 7 0
13176500 7 1 10 1
13177737 0 1 7 0
13177790 335 0 1 0
13178334 6 1 7 1
13178657 326 0 1 1
13179150 7 1 10 0
13181859 0 1 7 1
13181893 7 1 2 0
13184761 7 1 2 1
13185242 3 1 4 1
13185723 335 0 1 1
13186585 48 0 1 0
13186819 6 1 7 0
13187833 3 1 4 0
13189656 7 1 10 1
13189842 6 1 7 1
13191568 48 0 1 1
13191597 0 1 7 0
13192474 7 1 10 0
13192979 326 0 1 0
13193345 63 0 1 0
13194973 0 1 7 1
13196149 3 1 4 1
13198606 335 0 1 0
13199218 3 1 4 0
13201793 63 0 1 1
13202982 0 1 7 0
13204578 3 1 4 1
13204639 6 1 7 0
13205452 7 1 10 1
13206104 0 1 7 1
13206377 326 0 1 1
13207420 6 1 7 1
13207529 335 0 1 1
13208289 7 1 10 0
13208623 3 1 4 0
13209308 7 1 2 0
13212053 7 1 2 1
13212882 0 1 7 0
13213810 48 0 1 0
13216004 0 1 7 1
13217308 48 0 1 1
13217824 3 1 4 1
13218499 6 1 7 0
13220640 7 1 10 1
13221021 335 0 1 0
13221411 6 1 7 1
13221493 3 1 4 0
13223277 0 1 7 0
13223648 7 1 10 0
13223669 326 0 1 0
13226530 0 1 7 1
13227869 3 1 4 1
13227975 3 1 4 0
13228242 3 1 4 1
13229147 326 0 1 1
13232114 335 0 1 1
13232878 3 1 4 0
13234023 7 1 10 1
13234116 7 1 10 0
13234339 6 1 7 0
13234343 7 1 2 0
13234519 7 1 10 1
13236147 0 1 7 0
13237215 7 1 2 1
13237354 6 1 7 1
13237494 7 1 10 0
13237570 48 0 1 0
13238238 3 1 4 1
13239014 326 0 1 0
13239900 0 1 7 1
13240798 3 1 4 0
13242553 48 0 1 1
13244492 326 0 1 1
13244616 335 0 1 0
13247079 3 1 4 1
13247704 6 1 7 0
13248522 0 1 7 0
13250227 6 1 7 1
13250345 7 1 10 1
13251193 3 1 4 0
13252402 0 1 7 1
13253417 7 1 10 0
13253634 335 0 1 1
13258099 6 1 7 0
13258537 3 1 4 1
13261257 6 1 7 1
13261289 326 0 1 0
13261825 48 0 1 0
13261887 0 1 7 0
13262967 63 0 1 0
13263073 3 1 4 0
13264956 7 1 2 0
13265517 0 1 7 1
13266808 48 0 1 1
13267824 7 1 2 1
13268445 63 0 1 1
13268478 7 1 10 1
13269125 335 0 1 0
13270834 3 1 4 1
13271560 7 1 10 0
13272707 326 0 1 1
13273767 0 1 7 0
13275424 6 1 7 0
13275990 3 1 4 0
13276889 0 1 7 1
13278070 6 1 7 1
13278181 335 0 1 1
13281415 63 0 1 0
13282435 7 1 10 1
13282639 7 1 10 0
13282927 7 1 10 1
13284162 0 1 7 0
13285534 7 1 10 0
13286534 326 0 1 0
13287070 48 0 1 0
13287292 0 1 7 1
13288758 3 1 4 1
13288789 6 1 7 0
13289863 63 0 1 1
13291063 48 0 1 1
13291951 6 1 7 1
13291985 3 1 4 0
13292568 335 0 1 0
13293992 326 0 1 1
13294234 0 1 7 0
13294903 7 1 2 0
13297274 7 1 10 1
13297356 0 1 7 1
13297771 7 1 2 1
13298559 335 0 1 1
13300359 7 1 10 0
13301164 6 1 7 0
13304199 6 1 7 1
13305124 0 1 7 0
13308027 3 1 4 1
13308091 335 0 1 0
13308619 0 1 7 1
13308660 3 1 4 0
13312769 326 0 1 0
13314034 6 1 7 0
13314177 335 0 1 1
13314567 7 1 10 1
13316942 6 1 7 1
13317683 7 1 10 0
13317760 48 0 1 0
13317822 0 1 7 0
13317993 3 1 4 1
13318434 7 1 2 0
13320988 3 1 4 0
13321056 7 1 2 1
13321194 0 1 7 1
13322743 48 0 1 1
13326167 326 0 1 1
13327523 7 1 10 1
13328217 0 1 7 0
13329211 335 0 1 0
13330242 7 1 10 0
13331028 63 0 1 0
13331343 0 1 7 1
13333339 6 1 7 0
13334054 3 1 4 1
13336112 6 1 7 1
13336506 63 0 1 1
13336535 3 1 4 0
13338612 0 1 7 0
13339219 335 0 1 1
13340035 48 0 1 0
13341738 0 1 7 1
13343197 7 1 10 1
13344028 48 0 1 1
13344229 6 1 7 0
13344935 7 1 2 0
13345782 2 1 12 1
13347101 3 1 4 1
13347137 6 1 7 1
13347311 7 1 2 1
13347384 7 1 10 0
13347914 326 0 1 0
13349007 0 1 7 0
13349900 3 1 4 0
13349971 63 0 1 0
13352244 7 1 10 1
13352256 0 1 7 1
13352339 2 1 12 0
13352864 335 0 1 0
13354834 2 1 12 1
13355614 6 1 7 0
13356789 7 1 10 0
13357429 63 0 1 1
13358137 6 1 7 1
13359332 326 0 1 1
13359897 0 1 7 0
13361569 3 1 4 1
13363269 0 1 7 1
13363292 335 0 1 1
13364053 3 1 4 0
13364145 7 1 10 1
13368863 7 1 10 0
13369474 6 1 7 0
13370230 48 0 1 0
13372382 6 1 7 1
13372767 0 1 7 0
13373346 7 1 10 1
13375213 48 0 1 1
13376643 0 1 7 1
13377119 335 0 1 0
13377579 7 1 10 0
13377841 3 1 4 1
13377960 3 1 4 0
13378337 3 1 4 1
13378455 3 1 4 0
13378574 2 1 12 0
13378829 3 1 4 1
13378950 3 1 4 0
13379321 3 1 4 1
13379594 326 0 1 0
13381192 2 1 12 1
13381920 3 1 4 0
13382839 6 1 7 0
13384284 7 1 10 1
13384577 335 0 1 1
13385608 6 1 7 1
13385637 0 1 7 0
13387052 326 0 1 1
13387999 7 1 10 0
13388732 63 0 1 0
13389240 3 1 4 1
13389386 0 1 7 1
13391515 48 0 1 0
13391773 3 1 4 0
13392720 7 1 10 1
13394224 6 1 7 0
13395252 7 1 2 0
13396003 48 0 1 1
13396190 63 0 1 1
13397263 6 1 7 1
13397477 7 1 10 0
13398012 0 1 7 0
13398124 7 1 2 1
13398404 335 0 1 0
13401374 326 0 1 0
13401769 0 1 7 1
13402460 7 1 10 1
13403577 3 1 4 1
13406289 7 1 10 0
13406294 2 1 12 0
13406568 3 1 4 0
13409153 2 1 12 1
13409822 335 0 1 1
13410064 6 1 7 0
13411377 0 1 7 0
13411506 7 1 10 1
13412833 6 1 7 1
13414765 0 1 7 1
13414772 326 0 1 1
13416189 7 1 10 0
13421549 7 1 10 1
13421659 7 1 10 0
13421848 3 1 4 1
13421918 7 1 10 1
13422205 48 0 1 0
13422267 0 1 7 0
13422934 6 1 7 0
13422971 7 1 2 0
13424490 3 1 4 0
13425134 335 0 1 0
13425651 0 1 7 1
13425716 7 1 2 1
13425838 6 1 7 1
13426089 7 1 10 0
13427188 48 0 1 1
13431921 7 1 10 1
13432310 3 1 4 1
13432662 0 1 7 0
13433549 326 0 1 0
13434814 6 1 7 0
13435278 3 1 4 0
13435562 335 0 1 1
13435675 7 1 10 0
13435792 0 1 7 1
13437456 6 1 7 1
13438135 63 0 1 0
13438964 2 1 12 0
13440654 7 1 10 1
13441007 326 0 1 1
13441459 2 1 12 1
13442562 0 1 7 0
13444975 48 0 1 0
13445811 0 1 7 1
13446583 63 0 1 1
13447196 3 1 4 1
13447912 7 1 10 0
13448968 48 0 1 1
13449890 3 1 4 0
13451369 335 0 1 0
13451644 6 1 7 0
13451645 7 1 10 1
13452957 0 1 7 0
13454806 6 1 7 1
13456202 0 1 7 1
13458299 326 0 1 0
13459525 7 1 10 0
13460733 63 0 1 0
13460807 335 0 1 1
13462362 0 1 7 0
13462555 3 1 4 1
13462762 7 1 10 1
13463777 326 0 1 1
13464209 2 1 12 0
13465492 0 1 7 1
13465528 3 1 4 0
13469181 63 0 1 1
13470719 7 1 10 0
13472434 6 1 7 0
13472654 326 0 1 0
13473685 48 0 1 0
13473919 0 1 7 0
13474587 7 1 10 1
13475330 6 1 7 1
13477438 7 1 2 0
13477549 0 1 7 1
13478132 326 0 1 1
13478594 335 0 1 0
13478668 48 0 1 1
13480306 7 1 2 1
13481875 7 1 10 0
13484142 0 1 7 0
13484866 7 1 10 1
13486789 6 1 7 0
13487042 335 0 1 1
13487391 0 1 7 1
13489574 6 1 7 1
13491959 326 0 1 0
13492041 7 1 10 0
13493719 0 1 7 0
13495465 48 0 1 0
13495770 7 1 10 1
13496841 0 1 7 1
13498174 6 1 7 0
13498963 48 0 1 1
13500828 6 1 7 1
13502264 7 1 10 0
13502952 0 1 7 0
13503377 326 0 1 1
13504215 63 0 1 0
13505324 335 0 1 0
13505517 7 1 10 1
13506078 0 1 7 1
13510584 6 1 7 0
13510802 335 0 1 1
13511673 63 0 1 1
13513234 7 1 10 0
13513361 6 1 7 1
13513724 7 1 2 0
13514337 0 1 7 0
13516469 7 1 2 1
13516844 7 1 10 1
13517699 326 0 1 0
13518463 0 1 7 1
13518689 335 0 1 0
13522690 48 0 1 0
13524167 335 0 1 1
13525157 326 0 1 1
13525585 7 1 10 0
13526217 0 1 7 0
13526424 6 1 7 0
13528168 48 0 1 1
13528826 7 1 10 1
13529451 6 1 7 1
13530085 0 1 7 1
13534034 326 0 1 0
13536324 6 1 7 0
13536722 7 1 10 0
13537499 335 0 1 0
13537809 0 1 7 0
13539228 6 1 7 1
13539512 326 0 1 1
13540451 7 1 10 1
13542308 0 1 7 1
13542433 7 1 2 0
13545055 7 1 2 1
13546937 335 0 1 1
13546945 48 0 1 0
13547421 7 1 10 0
13548204 6 1 7 0
13550472 0 1 7 0
13550662 7 1 10 1
13550850 6 1 7 1
13551928 48 0 1 1
13552095 63 0 1 0
13554221 0 1 7 1
13557794 326 0 1 0
13559129 7 1 10 0
13560543 63 0 1 1
13560867 0 1 7 0
13561259 335 0 1 0
13562489 7 1 10 1
13564112 0 1 7 1
13565034 6 1 7 0
13567807 6 1 7 1
13568686 7 1 10 0
13569212 326 0 1 1
13570652 63 0 1 0
13570697 335 0 1 1
13570767 0 1 7 0
13571931 7 1 10 1
13573893 0 1 7 1
13573944 6 1 7 0
13576645 48 0 1 0
13577090 6 1 7 1
13577120 63 0 1 1
13580489 7 1 10 0
13580667 0 1 7 0
13581628 48 0 1 1
13582049 335 0 1 0
13583349 6 1 7 0
13583793 0 1 7 1
13584222 7 1 10 1
13585999 6 1 7 1
13586009 326 0 1 0
13586537 335 0 1 1
13587989 335 0 1 0
13588517 335 0 1 1
13588979 335 0 1 0
13589577 0 1 7 0
13591683 7 1 10 0
13592822 0 1 7 1
13594952 335 0 1 1
13595043 7 1 10 1
13595447 326 0 1 1
13599477 0 1 7 0
13600674 6 1 7 0
13601395 48 0 1 0
13602599 0 1 7 1
13603429 7 1 10 0
13603447 6 1 7 1
13605538 7 1 2 0
13606378 48 0 1 1
13606924 7 1 10 1
13607071 63 0 1 0
13608037 7 1 2 1
13609377 0 1 7 0
13610759 335 0 1 0
13611254 326 0 1 0
13612059 6 1 7 0
13612503 0 1 7 1
13612549 63 0 1 1
13613224 7 1 10 0
13615074 6 1 7 1
13616338 7 1 10 1
13617722 335 0 1 1
13618151 63 0 1 0
13618287 0 1 7 0
13618712 326 0 1 1
13621651 0 1 7 1
13622454 6 1 7 0
13624751 7 1 10 0
13625497 6 1 7 1
13625609 63 0 1 1
13626145 48 0 1 0
13627404 0 1 7 0
13628115 7 1 10 1
13628579 326 0 1 0
13630899 0 1 7 1
13631128 48 0 1 1
13634024 335 0 1 0
13634509 7 1 10 0
13635324 6 1 7 0
13636037 326 0 1 1
13637869 7 1 10 1
13638117 6 1 7 1
13639077 0 1 7 0
13642472 335 0 1 1
13642941 0 1 7 1
13645083 7 1 10 0
13647421 7 1 2 0
13648082 7 1 10 1
13649905 48 0 1 0
13650043 7 1 2 1
13650669 6 1 7 0
13650957 0 1 7 0
13653954 6 1 7 1
13654814 326 0 1 0
13654833 0 1 7 1
13654888 48 0 1 1
13655794 7 1 10 0
13656299 335 0 1 0
13658568 63 0 1 0
13659662 7 1 10 1
13661777 335 0 1 1
13661847 0 1 7 0
13662272 326 0 1 1
13662549 6 1 7 0
13665481 0 1 7 1
13665584 6 1 7 1
13666026 63 0 1 1
13666481 7 1 10 0
13669476 7 1 10 1
13669705 48 0 1 0
13671747 0 1 7 0
13673129 335 0 1 0
13674688 48 0 1 1
13674992 0 1 7 1
13675914 6 1 7 0
13676159 63 0 1 0
13677079 7 1 10 0
13678574 326 0 1 0
13678822 6 1 7 1
13680587 335 0 1 1
13680700 7 1 10 1
13682627 63 0 1 1
13682637 0 1 7 0
13686759 0 1 7 1
13688450 7 1 10 0
13689505 48 0 1 0
13689992 326 0 1 1
13691572 7 1 10 1
13693239 6 1 7 0
13693498 48 0 1 1
13694229 0 1 7 0
13694909 335 0 1 0
13696127 6 1 7 1
13698355 0 1 7 1
13698859 7 1 10 0
13702219 7 1 10 1
13704912 0 1 7 0
13705337 335 0 1 1
13706524 63 0 1 0
13707820 48 0 1 0
13708018 7 1 2 0
13708034 0 1 7 1
13709574 6 1 7 0
13710267 7 1 10 0
13710513 7 1 2 1
13711813 48 0 1 1
13712002 63 0 1 1
13712224 6 1 7 1
13712234 326 0 1 0
13713258 7 1 10 1
13715307 0 1 7 0
13719548 0 1 7 1
13719603 63 0 1 0
13720144 7 1 10 0
13721639 335 0 1 0
13723434 6 1 7 0
13723889 7 1 10 1
13724091 63 0 1 1
13725632 326 0 1 1
13726135 48 0 1 0
13726334 6 1 7 1
13726899 0 1 7 0
13730087 335 0 1 1
13730406 0 1 7 1
13730623 48 0 1 1
13732180 7 1 10 0
13735314 6 1 7 0
13735417 7 1 10 1
13738284 0 1 7 0
13738341 6 1 7 1
13741374 7 1 10 0
13741787 0 1 7 1
13742324 7 1 2 0
13744742 7 1 10 1
13744950 7 1 2 1
13745399 326 0 1 0
13745440 48 0 1 0
13745894 335 0 1 0
13748472 0 1 7 0
13748938 48 0 1 1
13751602 0 1 7 1
13752492 7 1 10 0
13753134 6 1 7 0
13753352 335 0 1 1
13755487 7 1 10 1
13755911 6 1 7 1
13756460 63 0 1 0
13756817 326 0 1 1
13757877 0 1 7 0
13761122 0 1 7 1
13762270 48 0 1 0
13762928 63 0 1 1
13763115 7 1 10 0
13763529 6 1 7 0
13766758 48 0 1 1
13766971 7 1 10 1
13767080 6 1 7 1
13767674 335 0 1 0
13767984 0 1 7 0
13771983 0 1 7 1
13772547 63 0 1 0
13773604 7 1 10 0
13775904 6 1 7 0
13776122 335 0 1 1
13776722 7 1 10 1
13778689 6 1 7 1
13779015 63 0 1 1
13779369 0 1 7 0
13779554 326 0 1 0
13781575 48 0 1 0
13782868 0 1 7 1
13785121 7 1 2 0
13785484 7 1 10 0
13785568 48 0 1 1
13787012 326 0 1 1
13787866 7 1 2 1
13788848 7 1 10 1
13788949 7 1 10 0
13789221 7 1 10 1
13789557 0 1 7 0
13791434 335 0 1 0
13792239 6 1 7 0
13792679 0 1 7 1
13795139 6 1 7 1
13795879 7 1 10 0
13798962 0 1 7 0
13799366 7 1 10 1
13800872 335 0 1 1
13801870 48 0 1 0
13802215 0 1 7 1
13804614 6 1 7 0
13807260 6 1 7 1
13807843 48 0 1 1
13808120 7 1 10 0
13808264 335 0 1 0
13808367 0 1 7 0
13809254 326 0 1 0
13811615 7 1 10 1
13812128 0 1 7 1
13813494 63 0 1 0
13813742 335 0 1 1
13815999 6 1 7 0
13816511 7 1 2 0
13817791 7 1 10 0
13818637 6 1 7 1
13818969 0 1 7 0
13819014 7 1 2 1
13820782 7 1 10 1
13822218 0 1 7 1
13824632 326 0 1 1
13826620 48 0 1 0
13826892 63 0 1 1
13828947 7 1 10 0
13829157 0 1 7 0
13830539 335 0 1 0
13831603 48 0 1 1
13832334 6 1 7 0
13832402 0 1 7 1
13832442 7 1 10 1
13834463 7 1 2 0
13834853 6 1 7 1
13837335 7 1 2 1
13838067 0 1 7 0
13838459 326 0 1 0
13838713 7 1 10 0
13839977 335 0 1 1
13841189 0 1 7 1
13842697 63 0 1 0
13845699 6 1 7 0
13847897 326 0 1 1
13847905 48 0 1 0
13847967 0 1 7 0
13848226 6 1 7 1
13851601 0 1 7 1
13852888 48 0 1 1
13854115 63 0 1 1
13855784 335 0 1 0
13855937 7 1 2 0
13856589 6 1 7 0
13858436 7 1 2 1
13858569 0 1 7 0
13859354 6 1 7 1
13862449 0 1 7 1
13864694 326 0 1 0
13866212 335 0 1 1
13866489 6 1 7 0
13869012 6 1 7 1
13869190 48 0 1 0
13869459 0 1 7 0
13869863 63 0 1 0
13872152 326 0 1 1
13872581 0 1 7 1
13872861 7 1 2 0
13873678 48 0 1 1
13875237 7 1 2 1
13878657 0 1 7 0
13881029 335 0 1 0
13881783 0 1 7 1
13883319 6 1 7 0
13884251 63 0 1 1
13886338 6 1 7 1
13887774 0 1 7 0
13888495 48 0 1 0
13889939 326 0 1 0
13890775 7 1 2 0
13891273 0 1 7 1
13892488 48 0 1 1
13893274 7 1 2 1
13894427 335 0 1 1
13896189 6 1 7 0
13897397 326 0 1 1
13898169 0 1 7 0
13898831 6 1 7 1
13901160 63 0 1 0
13901791 0 1 7 1
13905594 6 1 7 0
13906274 326 0 1 0
13906315 48 0 1 0
13908240 6 1 7 1
13908746 7 1 2 0
13909554 0 1 7 0
13909739 335 0 1 0
13909813 48 0 1 1
13911122 7 1 2 1
13912578 63 0 1 1
13913061 0 1 7 1
13913732 326 0 1 1
13919177 335 0 1 1
13919247 0 1 7 0
13922369 0 1 7 1
13922650 48 0 1 0
13923414 6 1 7 0
13924185 7 1 2 0
13925933 6 1 7 1
13926643 48 0 1 1
13926930 7 1 2 1
13928652 0 1 7 0
13928821 63 0 1 0
13929044 326 0 1 0
13931024 335 0 1 0
13931913 0 1 7 1
13936284 6 1 7 0
13938482 335 0 1 1
13938552 0 1 7 0
13939057 6 1 7 1
13939249 63 0 1 1
13940462 326 0 1 1
13940965 48 0 1 0
13942678 0 1 7 1
13944117 7 1 2 0
13944463 48 0 1 1
13946866 7 1 2 1
13949154 6 1 7 0
13950144 0 1 7 0
13951792 6 1 7 1
13953299 335 0 1 0
13954135 0 1 7 1
13954388 63 0 1 0
13955815 48 0 1 0
13956764 326 0 1 0
13960303 48 0 1 1
13963014 0 1 7 0
13963727 335 0 1 1
13965806 63 0 1 1
13966200 7 1 2 0
13966202 326 0 1 1
13966767 0 1 7 1
13969195 7 1 2 1
13969634 335 0 1 0
13970934 6 1 7 0
13971717 0 1 7 0
13974703 6 1 7 1
13974847 0 1 7 1
13975112 335 0 1 1
13975615 48 0 1 0
13978049 326 0 1 0
13979113 48 0 1 1
13981122 0 1 7 0
13981668 63 0 1 0
13984299 6 1 7 0
13984367 0 1 7 1
13985507 326 0 1 1
13986170 7 1 2 0
13988358 6 1 7 1
13988915 7 1 2 1
13989434 335 0 1 0
13991229 0 1 7 0
13992096 63 0 1 1
13992445 48 0 1 0
13994474 0 1 7 1
13995374 326 0 1 0
13996933 48 0 1 1
13998563 7 1 2 0
14000139 0 1 7 0
14001872 7 1 2 1
14003257 0 1 7 1
14004812 326 0 1 1
14007872 7 1 2 0
14009729 326 0 1 0
14010752 335 0 1 1
14010822 0 1 7 0
14011836 7 1 2 1
14012740 48 0 1 0
14013917 63 0 1 0
14013999 6 1 7 0
14014436 0 1 7 1
14017154 335 0 1 0
14017228 48 0 1 1
14018308 6 1 7 1
14018533 7 1 2 0
14019167 326 0 1 1
14022104 326 0 1 0
14022207 0 1 7 0
14022365 63 0 1 1
14022886 7 1 2 1
14024612 335 0 1 1
14026833 0 1 7 1
14028417 7 1 2 0
14029034 335 0 1 0
14029562 326 0 1 1
14030334 6 1 7 0
14032084 7 1 2 1
14033525 63 0 1 0
14034914 6 1 7 1
14035077 0 1 7 0
14036459 326 0 1 0
14036500 48 0 1 0
14036832 7 1 2 0
14037274 237 0 1 0
14038449 0 1 7 1
14039394 6 1 7 0
14039462 335 0 1 1
14040635 7 1 2 1
14040983 63 0 1 1
14040988 48 0 1 1
14043275 6 1 7 1
14044482 0 1 7 0
14044752 7 1 2 0
14045864 335 0 1 0
14047809 6 1 7 0
14047854 0 1 7 1
14049682 237 0 1 1
14051845 48 0 1 0
14052917 6 1 7 1
14053817 326 0 1 1
14054877 0 1 7 0
14055094 63 0 1 0
14055838 48 0 1 1
14056569 6 1 7 0
14056754 326 0 1 0
14058126 0 1 7 1
14061529 237 0 1 0
14062618 6 1 7 1
14063542 63 0 1 1
14064984 0 1 7 0
14066619 6 1 7 0
14067997 237 0 1 1
14068229 0 1 7 1
14071645 48 0 1 0
14073731 63 0 1 0
14073736 6 1 7 1
14075379 0 1 7 0
14076628 48 0 1 1
14077533 6 1 7 0
14079001 0 1 7 1
14079209 63 0 1 1
14082032 326 0 1 1
14082224 6 1 7 1
14084506 63 0 1 0
14085072 0 1 7 0
14086419 6 1 7 0
14086774 237 0 1 0
14086949 326 0 1 0
14088444 0 1 7 1
14089984 63 0 1 1
14092435 48 0 1 0
14092853 6 1 7 1
14094232 237 0 1 1
14096169 0 1 7 0
14096571 6 1 7 0
14097418 48 0 1 1
14100299 0 1 7 1
14101429 6 1 7 1
14104114 63 0 1 0
14104627 6 1 7 0
14107347 0 1 7 0
14109049 237 0 1 0
14110465 0 1 7 1
14110582 63 0 1 1
14111458 6 1 7 1
14112235 48 0 1 0
14116081 6 1 7 0
14116507 237 0 1 1
14116723 48 0 1 1
14116959 0 1 7 0
14119134 63 0 1 0
14120704 0 1 7 1
14120907 6 1 7 1
14124039 6 1 7 0
14125602 63 0 1 1
14128137 0 1 7 0
14130191 6 1 7 1
14131386 0 1 7 1
14132530 48 0 1 0
14133304 237 0 1 0
14134397 6 1 7 0
14137018 48 0 1 1
14138209 63 0 1 0
14138532 0 1 7 0
14138782 237 0 1 1
14139084 6 1 7 1
14140442 335 0 1 1
14141916 0 1 7 1
14142275 6 1 7 0
14144864 335 0 1 0
14146657 63 0 1 1
14148582 6 1 7 1
14148639 0 1 7 0
14150629 237 0 1 0
14151888 0 1 7 1
14152330 48 0 1 0
14152749 6 1 7 0
14156282 335 0 1 1
14156323 48 0 1 1
14157097 237 0 1 1
14157342 0 1 7 0
14157567 6 1 7 1
14158198 63 0 1 0
14159714 335 0 1 0
14160468 0 1 7 1
14160661 6 1 7 0
14163676 63 0 1 1
14166841 6 1 7 1
14167737 0 1 7 0
14169160 48 0 1 0
14170924 237 0 1 0
14171064 6 1 7 0
14171121 0 1 7 1
14172658 48 0 1 1
14175366 6 1 7 1
14176402 237 0 1 1
14176647 0 1 7 0
14177844 63 0 1 0
14179103 6 1 7 0
14179777 0 1 7 1
14185302 63 0 1 1
14185393 6 1 7 1
14185982 335 0 1 1
14185990 48 0 1 0
14187537 0 1 7 0
14189765 6 1 7 0
14190478 48 0 1 1
14191219 237 0 1 0
14191290 0 1 7 1
14193374 335 0 1 0
14194503 6 1 7 1
14195282 63 0 1 0
14197687 237 0 1 1
14197794 6 1 7 0
14197932 0 1 7 0
14201308 0 1 7 1
14202740 63 0 1 1
14203679 6 1 7 1
14206285 48 0 1 0
14207337 0 1 7 0
14207917 6 1 7 0
14210188 63 0 1 0
14210524 237 0 1 0
14210983 0 1 7 1
14211268 48 0 1 1
14212111 6 1 7 1
14213702 335 0 1 1
14215959 6 1 7 0
14216002 237 0 1 1
14217646 63 0 1 1
14218722 0 1 7 0
14222106 0 1 7 1
14222253 6 1 7 1
14226504 6 1 7 0
14227570 48 0 1 0
14228334 0 1 7 0
14229092 63 0 1 0
14231377 6 1 7 1
14232222 0 1 7 1
14232553 48 0 1 1
14232799 237 0 1 0
14235318 6 1 7 0
14236550 63 0 1 1
14238419 335 0 1 0
14239267 237 0 1 1
14240214 0 1 7 0
14242073 6 1 7 1
14243963 0 1 7 1
14244969 63 0 1 0
14245877 335 0 1 1
14246534 6 1 7 0
14248639 237 0 1 0
14249124 0 1 7 0
14249350 48 0 1 0
14251173 6 1 7 1
14252258 0 1 7 1
14252427 63 0 1 1
14252807 326 0 1 1
14253764 326 0 1 0
14254117 237 0 1 1
14254333 48 0 1 1
14254685 6 1 7 0
14259519 0 1 7 0
14260904 6 1 7 1
14261893 63 0 1 0
14263399 0 1 7 1
14265182 326 0 1 1
14265218 6 1 7 0
14267371 63 0 1 1
14267449 237 0 1 0
14269604 326 0 1 0
14269914 0 1 7 0
14269972 6 1 7 1
14271130 48 0 1 0
14272927 237 0 1 1
14273040 0 1 7 1
14273069 335 0 1 0
14273529 6 1 7 0
14276113 48 0 1 1
14279752 6 1 7 1
14279807 63 0 1 0
14279824 237 0 1 0
14280309 0 1 7 0
14280527 335 0 1 1
14284092 6 1 7 0
14284312 237 0 1 1
14284332 0 1 7 1
14288942 326 0 1 1
14291137 6 1 7 1
14291487 0 1 7 0
14292910 48 0 1 0
14293364 326 0 1 0
14294562 6 1 7 0
14294617 0 1 7 1
14297893 48 0 1 1
14299129 237 0 1 0
14299484 6 1 7 1
14301594 0 1 7 0
14303759 335 0 1 0
14303814 6 1 7 0
14305482 0 1 7 1
14308567 237 0 1 1
14309237 335 0 1 1
14310722 326 0 1 1
14311937 6 1 7 1
14312484 0 1 7 0
14315680 48 0 1 0
14316237 0 1 7 1
14316594 6 1 7 0
14316629 326 0 1 0
14320589 335 0 1 0
14320663 48 0 1 1
14323879 237 0 1 0
14324502 6 1 7 1
14325147 0 1 7 0
14326067 335 0 1 1
14327895 6 1 7 0
14328047 326 0 1 1
14328547 0 1 7 1
14330347 237 0 1 1
14332015 48 0 1 0
14332900 6 1 7 1
14334552 0 1 7 0
14335513 48 0 1 1
14335934 326 0 1 0
14337166 6 1 7 0
14338428 0 1 7 1
14341412 326 0 1 1
14345197 6 1 7 1
14345659 237 0 1 0
14346432 0 1 7 0
14349299 326 0 1 0
14349340 48 0 1 0
14349759 6 1 7 0
14350292 0 1 7 1
14351774 335 0 1 0
14354323 48 0 1 1
14354777 326 0 1 1
14356087 237 0 1 1
14356229 326 0 1 0
14357173 6 1 7 1
14358519 0 1 7 0
14360222 335 0 1 1
14361552 6 1 7 0
14361707 326 0 1 1
14362252 0 1 7 1
14366445 6 1 7 1
14368707 0 1 7 0
14370549 6 1 7 0
14372083 0 1 7 1
14372110 48 0 1 0
14373874 237 0 1 0
14374049 326 0 1 0
14375057 6 1 7 1
14377093 48 0 1 1
14379102 0 1 7 0
14379527 326 0 1 1
14382494 0 1 7 1
14382774 6 1 7 0
14385292 237 0 1 1
14386919 335 0 1 0
14387135 6 1 7 1
14387909 326 0 1 0
14390694 0 1 7 0
14391415 48 0 1 0
14393387 335 0 1 1
14394677 0 1 7 1
14394985 6 1 7 0
14395367 326 0 1 1
14396398 48 0 1 1
14397634 237 0 1 0
14398294 6 1 7 1
14402574 0 1 7 0
14403112 237 0 1 1
14404025 6 1 7 0
14405234 326 0 1 0
14406212 0 1 7 1
14407214 335 0 1 0
14407604 6 1 7 1
14410712 326 0 1 1
14412267 0 1 7 0
14413195 48 0 1 0
14413682 335 0 1 1
14414743 6 1 7 0
14415631 0 1 7 1
14418178 48 0 1 1
14418703 6 1 7 1
14419589 326 0 1 0
14422879 237 0 1 0
14423652 0 1 7 0
14424776 6 1 7 0
14427290 0 1 7 1
14427958 6 1 7 1
14432317 237 0 1 1
14433759 6 1 7 0
14434047 0 1 7 0
14434967 326 0 1 1
14434975 48 0 1 0
14437296 0 1 7 1
14437723 6 1 7 1
14437904 335 0 1 0
14439958 48 0 1 1
14443452 0 1 7 0
14444834 326 0 1 0
14445362 335 0 1 1
14445639 6 1 7 0
14446693 0 1 7 1
14447629 237 0 1 0
14449909 6 1 7 1
14452117 237 0 1 1
14452292 326 0 1 1
14453064 0 1 7 0
14455765 48 0 1 0
14456034 6 1 7 0
14456452 0 1 7 1
14460253 48 0 1 1
14460256 6 1 7 1
14461169 335 0 1 0
14461984 237 0 1 0
14463149 326 0 1 0
14464242 0 1 7 0
14468106 0 1 7 1
14468409 6 1 7 0
14468627 335 0 1 1
14469442 237 0 1 1
14472587 326 0 1 1
14472798 6 1 7 1
14474575 48 0 1 0
14477112 0 1 7 0
14478558 6 1 7 0
14478568 48 0 1 1
14478814 237 0 1 0
14480738 0 1 7 1
14481621 6 1 7 1
14481959 326 0 1 0
14483302 237 0 1 1
14488002 0 1 7 0
14488115 6 1 7 0
14488394 335 0 1 0
14489417 326 0 1 1
14491140 0 1 7 1
14492480 6 1 7 1
14493385 48 0 1 0
14493872 335 0 1 1
14496139 237 0 1 0
14497902 0 1 7 0
14498368 48 0 1 1
14500737 6 1 7 0
14501036 0 1 7 1
14501264 326 0 1 0
14504967 6 1 7 1
14506567 237 0 1 1
14509494 0 1 7 0
14511265 6 1 7 0
14512682 326 0 1 1
14513505 0 1 7 1
14514670 48 0 1 0
14514705 6 1 7 1
14518414 237 0 1 0
14518589 335 0 1 0
14519653 48 0 1 1
14519832 6 1 7 0
14521064 326 0 1 0
14522652 0 1 7 0
14523760 6 1 7 1
14524882 237 0 1 1
14525057 335 0 1 1
14526766 0 1 7 1
14528314 237 0 1 0
14528522 326 0 1 1
14530855 6 1 7 0
14534782 237 0 1 1
14534965 48 0 1 0
14535200 6 1 7 1
14536017 0 1 7 0
14536409 335 0 1 0
14536904 326 0 1 0
14539948 48 0 1 1
14540155 0 1 7 1
14541887 335 0 1 1
14542373 6 1 7 0
14542382 326 0 1 1
14545144 237 0 1 0
14545809 6 1 7 1
14549382 0 1 7 0
14550269 326 0 1 0
14551074 6 1 7 0
14551612 237 0 1 1
14552492 0 1 7 1
14554765 48 0 1 0
14555189 6 1 7 1
14558263 48 0 1 1
14558499 0 1 7 0
14559707 326 0 1 1
14559994 237 0 1 0
14561752 0 1 7 1
14562459 6 1 7 0
14565472 237 0 1 1
14566604 326 0 1 0
14566832 6 1 7 1
14567594 335 0 1 0
14569884 0 1 7 0
14571595 48 0 1 0
14573614 6 1 7 0
14573637 0 1 7 1
14573854 237 0 1 0
14574062 335 0 1 1
14576042 326 0 1 1
14576083 48 0 1 1
14576788 6 1 7 1
14581764 6 1 7 0
14583042 0 1 7 0
14585272 237 0 1 1
14585601 6 1 7 1
14586676 0 1 7 1
14587889 335 0 1 0
14590900 48 0 1 0
14593149 6 1 7 0
14593932 0 1 7 0
14594357 335 0 1 1
14595388 48 0 1 1
14597070 0 1 7 1
14597478 6 1 7 1
14599594 237 0 1 0
14601254 326 0 1 0
14604327 0 1 7 0
14604779 6 1 7 0
14607052 237 0 1 1
14607842 6 1 7 1
14607941 0 1 7 1
14608504 237 0 1 0
14610700 48 0 1 0
14612002 237 0 1 1
14612672 326 0 1 1
14612949 6 1 7 0
14615188 48 0 1 1
14616414 0 1 7 0
14616659 6 1 7 1
14618084 326 0 1 0
14619074 335 0 1 0
14620048 0 1 7 1
14622354 6 1 7 0
14623562 326 0 1 1
14624552 335 0 1 1
14626819 237 0 1 0
14626834 6 1 7 1
14629077 0 1 7 0
14630005 48 0 1 0
14632314 0 1 7 1
14635963 6 1 7 0
14637463 48 0 1 1
14638874 335 0 1 0
14638977 0 1 7 0
14639227 237 0 1 1
14639923 6 1 7 1
14642115 0 1 7 1
14644319 326 0 1 0
14645501 6 1 7 0
14646332 335 0 1 1
14647825 48 0 1 0
14648500 6 1 7 1
14648877 0 1 7 0
14649797 326 0 1 1
14652015 0 1 7 1
14652808 48 0 1 1
14653078 6 1 7 0
14654539 237 0 1 0
14657002 6 1 7 1
14658674 326 0 1 0
14661252 0 1 7 0
14664101 6 1 7 0
14664513 0 1 7 1
14665150 48 0 1 0
14665957 237 0 1 1
14668045 6 1 7 1
14669638 48 0 1 1
14671577 326 0 1 1
14671647 0 1 7 0
14674904 0 1 7 1
14675105 6 1 7 0
14675329 237 0 1 0
14678020 48 0 1 0
14678474 335 0 1 0
14678978 6 1 7 1
14682787 237 0 1 1
14683032 0 1 7 0
14683498 48 0 1 1
14683734 6 1 7 0
14684942 335 0 1 1
14686884 0 1 7 1
14686916 6 1 7 1
14690674 237 0 1 0
14692644 6 1 7 0
14693860 48 0 1 0
14695407 0 1 7 0
14696152 237 0 1 1
14696953 6 1 7 1
14697853 48 0 1 1
14698274 335 0 1 0
14698779 0 1 7 1
14699759 326 0 1 0
14702554 237 0 1 0
14703752 335 0 1 1
14705699 6 1 7 0
14706235 48 0 1 0
14706722 326 0 1 1
14706792 0 1 7 0
14709742 6 1 7 1
14709910 0 1 7 1
14710228 48 0 1 1
14711002 237 0 1 1
14714609 326 0 1 0
14715256 6 1 7 0
14716692 0 1 7 0
14718299 6 1 7 1
14718889 237 0 1 0
14719941 0 1 7 1
14721085 48 0 1 0
14723334 6 1 7 0
14724367 237 0 1 1
14724542 326 0 1 1
14725004 335 0 1 0
14727230 6 1 7 1
14727553 48 0 1 1
14728294 237 0 1 0
14728779 0 1 7 0
14730482 335 0 1 1
14732766 0 1 7 1
14734719 6 1 7 0
14734762 237 0 1 1
14738369 326 0 1 0
14739028 6 1 7 1
14741380 48 0 1 0
14742432 0 1 7 0
14742649 237 0 1 0
14743847 326 0 1 1
14745574 0 1 7 1
14745869 6 1 7 0
14746858 48 0 1 1
14750190 6 1 7 1
14753322 0 1 7 0
14755240 48 0 1 0
14756397 6 1 7 0
14756563 0 1 7 1
14757179 335 0 1 0
14758738 48 0 1 1
14759313 6 1 7 1
14760644 326 0 1 0
14762727 0 1 7 0
14764469 6 1 7 0
14764637 335 0 1 1
14765865 0 1 7 1
14768110 48 0 1 0
14769092 326 0 1 1
14770835 6 1 7 1
14772103 48 0 1 1
14774814 6 1 7 0
14775102 0 1 7 0
14778220 0 1 7 1
14778959 335 0 1 0
14785277 6 1 7 1
14785427 335 0 1 1
14785704 0 1 7 0
14788495 6 1 7 0
14789334 0 1 7 1
14791829 326 0 1 0
14792860 48 0 1 0
14796853 48 0 1 1
14797872 0 1 7 0
14798714 6 1 7 1
14801232 0 1 7 1
14803611 6 1 7 0
14806217 326 0 1 1
14810247 0 1 7 0
14811629 335 0 1 0
14814385 0 1 7 1
14817107 335 0 1 1
14818600 48 0 1 0
14822593 48 0 1 1
14823612 0 1 7 0
14827480 0 1 7 1
14828954 335 0 1 0
14829944 326 0 1 0
14835422 335 0 1 1
14835987 0 1 7 0
14839351 0 1 7 1
14844332 326 0 1 1
14844340 48 0 1 0
14846877 0 1 7 0
14848333 48 0 1 1
14850003 0 1 7 1
14851724 335 0 1 0
14852714 326 0 1 0
14857479 0 1 7 0
14860962 0 1 7 1
14861162 335 0 1 1
14864140 48 0 1 0
14869123 48 0 1 1
14869647 0 1 7 0
14870072 326 0 1 1
14872761 0 1 7 1
14874989 335 0 1 0
14880042 0 1 7 0
14881424 326 0 1 0
14883184 0 1 7 1
14883437 335 0 1 1
14889872 326 0 1 1
14890932 0 1 7 0
14894304 0 1 7 1
14895284 335 0 1 0
14895820 48 0 1 0
14900729 326 0 1 0
14900803 48 0 1 1
14902317 0 1 7 0
14903732 335 0 1 1
14905927 0 1 7 1
14909144 335 0 1 0
14914622 335 0 1 1
14914692 0 1 7 0
14917826 0 1 7 1
14918087 326 0 1 1
14924489 326 0 1 0
14926077 0 1 7 0
14928449 335 0 1 0
14929711 0 1 7 1
14929975 48 0 1 0
14934463 48 0 1 1
14935907 326 0 1 1
14937957 0 1 7 0
14939867 335 0 1 1
14941567 0 1 7 1
14946764 326 0 1 0
14950044 0 1 7 0
14952209 335 0 1 0
14953777 0 1 7 1
14959667 335 0 1 1
14963202 0 1 7 0
14964122 326 0 1 1
14967086 0 1 7 1
14973989 326 0 1 0
14974030 48 0 1 0
14974484 335 0 1 0
14975577 0 1 7 0
14978695 0 1 7 1
14980003 48 0 1 1
14980952 335 0 1 1
14985477 0 1 7 0
14986892 326 0 1 1
14988591 0 1 7 1
14992799 335 0 1 0
14996759 326 0 1 0
14996862 0 1 7 0
14998277 335 0 1 1
15000496 0 1 7 1
15009237 0 1 7 0
15009629 335 0 1 0
15011147 326 0 1 1
15013359 0 1 7 1
15014117 335 0 1 1
15014579 335 0 1 0
15015107 335 0 1 1
15015569 335 0 1 0
15020057 335 0 1 1
15021509 326 0 1 0
15023097 0 1 7 0
15026211 0 1 7 1
15031442 326 0 1 1
15032997 0 1 7 0
15035864 335 0 1 0
15036254 0 1 7 1
15039622 48 0 1 0
15040814 326 0 1 0
15044094 0 1 7 0
15044312 335 0 1 1
15045595 48 0 1 1
15047589 0 1 7 1
15050747 326 0 1 1
15056757 0 1 7 0
15058139 326 0 1 0
15058634 335 0 1 0
15060609 0 1 7 1
15069062 335 0 1 1
15069132 0 1 7 0
15072527 326 0 1 1
15072893 0 1 7 1
15079717 48 0 1 0
15081404 335 0 1 0
15082002 0 1 7 0
15083710 48 0 1 1
15085132 0 1 7 1
15087839 326 0 1 0
15089852 335 0 1 1
15091902 0 1 7 0
15095020 0 1 7 1
15099257 326 0 1 1
15101802 0 1 7 0
15104669 326 0 1 0
15105063 0 1 7 1
15105659 335 0 1 0
15110147 326 0 1 1
15112404 0 1 7 0
15112589 326 0 1 0
15114107 335 0 1 1
15115357 48 0 1 0
15115641 0 1 7 1
15116582 326 0 1 1
15119350 48 0 1 1
15123582 0 1 7 0
15127434 0 1 7 1
15127934 326 0 1 0
15135359 335 0 1 0
15136947 0 1 7 0
15137867 326 0 1 1
15140601 0 1 7 1
15140837 335 0 1 1
15147549 0 1 7 0
15148522 48 0 1 0
15151155 0 1 7 1
15152515 48 0 1 1
15155159 335 0 1 0
15159614 326 0 1 0
15160212 0 1 7 0
15160637 335 0 1 1
15164100 0 1 7 1
15171102 0 1 7 0
15174002 326 0 1 1
15174347 0 1 7 1
15174959 326 0 1 0
15178952 326 0 1 1
15179909 335 0 1 0
15182982 0 1 7 0
15186838 0 1 7 1
15191327 335 0 1 1
15195852 0 1 7 0
15198994 0 1 7 1
15200497 48 0 1 0
15202184 326 0 1 0
15204969 0 1 7 0
15204985 48 0 1 1
15208452 0 1 7 1
15213569 335 0 1 0
15216642 0 1 7 0
15218057 326 0 1 1
15219047 335 0 1 1
15220050 0 1 7 1
15227532 0 1 7 0
15230892 0 1 7 1
15238117 48 0 1 0
15238814 326 0 1 0
15238917 0 1 7 0
15242047 0 1 7 1
15242110 48 0 1 1
15248322 0 1 7 0
15250199 335 0 1 0
15250232 326 0 1 1
15251678 0 1 7 1
15259212 0 1 7 0
15259637 335 0 1 1
15262584 0 1 7 1
15263069 326 0 1 0
15269009 335 0 1 0
15269607 0 1 7 0
15272844 0 1 7 1
15273002 326 0 1 1
15274487 335 0 1 1
15275242 48 0 1 0
15279012 0 1 7 0
15279235 48 0 1 1
15282261 0 1 7 1
15288314 326 0 1 0
15289902 0 1 7 0
15291284 335 0 1 0
15293532 0 1 7 1
15295277 326 0 1 1
15296762 335 0 1 1
15300792 0 1 7 0
15304402 0 1 7 1
15308609 326 0 1 0
15310882 48 0 1 0
15312177 0 1 7 0
15312569 335 0 1 0
15314875 48 0 1 1
15315569 0 1 7 1
15315572 326 0 1 1
15318047 335 0 1 1
15321789 0 1 7 0
15324903 0 1 7 1
15330884 326 0 1 0
15332472 0 1 7 0
15336221 0 1 7 1
15336824 335 0 1 0
15340817 326 0 1 1
15343259 326 0 1 0
15344282 335 0 1 1
15345342 0 1 7 0
15348502 48 0 1 0
15348737 326 0 1 1
15349706 0 1 7 1
15352000 48 0 1 1
15357222 0 1 7 0
15360089 335 0 1 0
15360586 0 1 7 1
15364544 326 0 1 0
15365567 335 0 1 1
15367329 0 1 7 0
15370447 0 1 7 1
15371969 335 0 1 0
15374477 326 0 1 1
15377447 335 0 1 1
15378012 0 1 7 0
15381765 0 1 7 1
15385677 48 0 1 0
15389789 326 0 1 0
15390099 0 1 7 0
15393340 0 1 7 1
15394244 335 0 1 0
15395267 326 0 1 1
15398802 0 1 7 0
15400712 335 0 1 1
15402420 0 1 7 1
15408599 326 0 1 0
15411384 0 1 7 0
15415363 0 1 7 1
15418532 326 0 1 1
15420479 335 0 1 0
15424749 0 1 7 0
15426947 335 0 1 1
15428986 0 1 7 1
15433541 326 0 1 0
15436917 0 1 7 0
15437006 335 0 1 0
15440650 0 1 7 1
15443474 335 0 1 1
15448797 0 1 7 0
15448990 335 0 1 0
15452042 0 1 7 1
15459399 0 1 7 0
15462636 0 1 7 1
15468597 0 1 7 0
15472223 0 1 7 1
15479487 0 1 7 0
15483093 0 1 7 1
15490872 0 1 7 0
15494109 0 1 7 1
15499782 0 1 7 0
15503904 0 1 7 1
15512859 0 1 7 0
15516846 0 1 7 1
15522552 0 1 7 0
15525662 0 1 7 1
15532947 0 1 7 0
15536680 0 1 7 1
15544539 0 1 7 0
15548272 0 1 7 1
15553737 0 1 7 0
15556982 0 1 7 1
15564834 0 1 7 0
15569067 0 1 7 1
15575517 0 1 7 0
15578631 0 1 7 1
15585417 0 1 7 0
15588797 0 1 7 1
15595029 0 1 7 0
15599127 0 1 7 1
15606702 0 1 7 0
15610308 0 1 7 1
15615819 0 1 7 0
15619060 0 1 7 1
15626502 0 1 7 0
15630128 0 1 7 1
15636897 0 1 7 0
15640011 0 1 7 1
15645807 0 1 7 0
15649048 0 1 7 1
15656202 0 1 7 0
15660344 0 1 7 1
15667587 0 1 7 0
15670947 0 1 7 1
15677487 0 1 7 0
15681339 0 1 7 1
15689367 0 1 7 0
15692501 0 1 7 1
15697494 0 1 7 0
15700862 0 1 7 1
15708672 0 1 7 0
15712048 0 1 7 1
15718572 0 1 7 0
15722674 0 1 7 1
15730452 0 1 7 0
15733828 0 1 7 1
15740352 0 1 7 0
15744207 0 1 7 1
15752232 0 1 7 0
15756084 0 1 7 1
15761844 0 1 7 0
15765581 0 1 7 1
15773022 0 1 7 0
15776902 0 1 7 1
15783129 0 1 7 0
15786251 0 1 7 1
15794307 0 1 7 0
15798925 0 1 7 1
15802948 335 0 1 1
15805197 0 1 7 0
15808323 0 1 7 1
15815097 0 1 7 0
15818752 0 1 7 1
15822729 0 1 7 0
15844000 335 0 1 0
15848488 335 0 1 1
15894985 335 0 1 0
15904423 335 0 1 1
15961810 335 0 1 0
