28175
126 147 3 100 175484 0.000000
209 202 3 100 6530 0.000000
243 267 3 100 39282 0.000000
324 152 3 100 42578 0.000001
173 379 3 100 8292 0.000001
286 202 3 100 42735 0.000001
144 273 3 100 438704 0.000001
261 96 3 100 33903 0.000001
222 326 3 100 34190 0.000002
37 220 3 100 26818 0.000002
103 325 3 100 2166 0.000002
252 198 3 100 23362 0.000002
296 47 3 100 37190 0.000003
108 354 3 100 322442 0.000003
74 329 3 100 6840 0.000003
147 38 3 100 34086 0.000003
238 306 3 100 8750 0.000003
331 365 3 100 285726 0.000003
141 395 3 100 11270 0.000003
319 261 3 100 16556 0.000003
154 44 3 100 40739 0.000004
285 37 3 100 27424 0.000004
167 136 3 100 43626 0.000004
358 217 3 100 5204 0.000004
179 173 3 100 20812 0.000005
319 269 3 100 43431 0.000005
244 41 3 100 31278 0.000005
321 292 3 100 7517 0.000005
84 292 3 100 22092 0.000005
28 132 3 100 15944 0.000005
34 42 3 100 12019 0.000005
386 232 3 100 153799 0.000005
83 275 3 100 151376 0.000005
395 26 3 100 2802 0.000006
88 222 3 100 81946 0.000006
96 184 3 100 382095 0.000006
30 74 3 100 39095 0.000007
363 144 3 100 107397 0.000007
223 403 3 100 22660 0.000007
38 250 3 100 27726 0.000007
81 402 3 100 24960 0.000007
31 61 3 100 15565 0.000007
40 378 3 100 1719 0.000007
359 290 3 100 44775 0.000007
327 313 3 100 41933 0.000008
124 307 3 100 270939 0.000008
24 136 3 100 31203 0.000008
187 348 3 100 437590 0.000008
179 324 3 100 16412 0.000008
395 104 3 100 17632 0.000008
357 150 3 100 10944 0.000008
384 117 3 100 20720 0.000009
341 261 3 100 1681 0.000009
134 276 3 100 12447 0.000009
273 179 3 100 250867 0.000009
105 288 3 100 15412 0.000009
402 277 3 100 280587 0.000009
38 230 3 100 29210 0.000010
324 215 3 100 23336 0.000010
176 125 3 100 303621 0.000010
122 89 3 100 36659 0.000010
136 274 3 100 38500 0.000010
263 190 3 100 1339 0.000010
50 63 3 100 16842 0.000010
57 234 3 100 22988 0.000010
322 348 3 100 30231 0.000011
141 278 3 100 19078 0.000011
134 114 3 100 64604 0.000011
213 180 3 100 230369 0.000011
204 250 3 100 129002 0.000011
41 40 3 100 35293 0.000011
85 127 3 100 26791 0.000012
268 150 3 100 7426 0.000012
169 386 3 100 447700 0.000012
141 263 3 100 35767 0.000012
64 59 3 100 27101 0.000012
73 118 3 100 27942 0.000012
318 291 3 100 45696 0.000012
56 214 3 100 7577 0.000012
105 227 3 100 14683 0.000012
275 138 3 100 19518 0.000012
129 331 3 100 3600 0.000013
28 284 3 100 15244 0.000013
376 82 3 100 6925 0.000013
179 28 3 100 328206 0.000013
275 78 3 100 8502 0.000013
381 74 3 100 35370 0.000013
79 115 3 100 17397 0.000013
227 139 3 100 40496 0.000013
124 29 3 100 283405 0.000013
357 180 3 100 56898 0.000013
22 197 3 100 1490 0.000014
377 114 3 100 19045 0.000014
242 58 3 100 15233 0.000014
66 302 3 100 27999 0.000014
185 156 3 100 33982 0.000014
347 351 3 100 41042 0.000014
22 29 3 100 39595 0.000014
134 159 3 100 23732 0.000014
157 390 3 100 32890 0.000015
319 96 3 100 402525 0.000015
195 202 3 100 43807 0.000015
274 161 3 100 39755 0.000015
388 204 3 100 27230 0.000015
27 229 3 100 17278 0.000015
145 309 3 100 17231 0.000015
212 320 3 100 29388 0.000016
392 121 3 100 105784 0.000016
54 141 3 100 45633 0.000016
388 363 3 100 120986 0.000016
66 137 3 100 20885 0.000016
311 116 3 100 416475 0.000016
250 149 3 100 13877 0.000017
226 146 3 100 64286 0.000017
283 91 3 100 31581 0.000017
255 40 3 100 713 0.000017
48 138 3 100 229256 0.000018
269 312 3 100 28801 0.000018
326 212 3 100 26237 0.000018
203 302 3 100 14249 0.000018
290 258 3 100 45163 0.000018
307 57 3 100 43555 0.000018
278 43 3 100 416194 0.000018
128 269 3 100 23183 0.000018
153 369 3 100 108247 0.000018
140 259 3 100 445594 0.000019
92 80 3 100 17688 0.000019
249 141 3 100 3742 0.000019
98 167 3 100 45700 0.000020
317 211 3 100 1217 0.000020
107 135 3 100 97208 0.000020
167 196 3 100 43587 0.000020
85 135 3 100 17223 0.000020
36 145 3 100 40528 0.000020
312 107 3 100 7260 0.000021
158 321 3 100 75556 0.000021
255 392 3 100 38603 0.000021
294 158 3 100 22511 0.000021
150 167 3 100 42106 0.000021
349 346 3 100 36842 0.000022
161 382 3 100 33791 0.000022
382 398 3 100 1359 0.000022
32 56 3 100 5485 0.000022
169 39 3 100 11192 0.000022
265 24 3 100 206207 0.000022
39 275 3 100 19624 0.000022
213 56 3 100 41283 0.000023
217 126 3 100 969 0.000023
57 129 3 100 5679 0.000023
117 382 3 100 10047 0.000023
70 309 3 100 4769 0.000023
255 172 3 100 36304 0.000023
190 339 3 100 5087 0.000023
328 179 3 100 32505 0.000023
188 244 3 100 294988 0.000024
67 151 3 100 455285 0.000024
79 225 3 100 45802 0.000024
314 91 3 100 31854 0.000024
289 364 3 100 405978 0.000024
327 130 3 100 31641 0.000024
48 45 3 100 6119 0.000025
102 169 3 100 14965 0.000026
273 382 3 100 14755 0.000026
341 289 3 100 30943 0.000026
390 222 3 100 31699 0.000026
327 56 3 100 4868 0.000026
22 198 3 100 21272 0.000026
133 211 3 100 13376 0.000027
42 255 3 100 454497 0.000027
26 56 3 100 43127 0.000027
69 356 3 100 26588 0.000027
32 104 3 100 172733 0.000027
284 273 3 100 21318 0.000027
92 121 3 100 300132 0.000027
70 371 3 100 403100 0.000027
322 211 3 100 8284 0.000028
274 358 3 100 6625 0.000028
243 32 3 100 392330 0.000028
169 122 3 100 7232 0.000028
381 222 3 100 33797 0.000028
251 399 3 100 39450 0.000029
101 123 3 100 19865 0.000029
185 72 3 100 9902 0.000030
200 97 3 100 223407 0.000030
364 67 3 100 24547 0.000030
254 89 3 100 1035 0.000030
205 333 3 100 44609 0.000030
180 99 3 100 340290 0.000030
188 135 3 100 355054 0.000030
325 40 3 100 11641 0.000030
24 260 3 100 198610 0.000031
107 66 3 100 42362 0.000031
321 156 3 100 37522 0.000032
248 106 3 100 33736 0.000032
150 332 3 100 40403 0.000032
134 373 3 100 32581 0.000032
261 327 3 100 32581 0.000032
387 122 3 100 5871 0.000032
353 59 3 100 220557 0.000033
238 397 3 100 36876 0.000033
341 280 3 100 31861 0.000033
188 274 3 100 1513 0.000034
248 276 3 100 159233 0.000034
249 318 3 100 23928 0.000034
47 138 3 100 32219 0.000034
266 170 3 100 20063 0.000035
400 73 3 100 48469 0.000035
214 371 3 100 105335 0.000035
210 163 3 100 39666 0.000035
365 305 3 100 231781 0.000035
288 383 3 100 32530 0.000036
143 291 3 100 396117 0.000036
230 238 3 100 32807 0.000036
27 382 3 100 24740 0.000036
174 226 3 100 25581 0.000036
36 186 3 100 20634 0.000036
304 344 3 100 34718 0.000036
137 393 3 100 14451 0.000036
206 130 3 100 39513 0.000037
27 315 3 100 376134 0.000037
252 280 3 100 7462 0.000037
209 148 3 100 21071 0.000037
54 183 3 100 664 0.000038
325 165 3 100 427361 0.000038
281 400 3 100 304183 0.000038
203 29 3 100 32767 0.000038
267 186 3 100 43265 0.000038
24 208 3 100 42581 0.000039
323 376 3 100 37473 0.000039
102 325 3 100 26647 0.000039
143 46 3 100 43341 0.000039
233 99 3 100 2747 0.000040
56 202 3 100 14487 0.000040
166 304 3 100 586 0.000040
164 147 3 100 25552 0.000040
47 257 3 100 15840 0.000040
193 35 3 100 412165 0.000041
175 314 3 100 23085 0.000041
72 146 3 100 2883 0.000041
381 235 3 100 27218 0.000041
392 241 3 100 5699 0.000041
346 251 3 100 337 0.000041
124 187 3 100 161377 0.000041
319 148 3 100 38237 0.000041
387 319 3 100 42245 0.000041
375 46 3 100 256466 0.000041
129 281 3 100 33678 0.000041
288 393 3 100 25781 0.000042
44 64 3 100 14418 0.000042
331 97 3 100 22048 0.000042
207 327 3 100 36844 0.000042
334 88 3 100 363099 0.000042
127 255 3 100 44219 0.000042
374 381 3 100 368 0.000042
227 167 3 100 18143 0.000042
317 144 3 100 11771 0.000042
52 64 3 100 18514 0.000042
210 266 3 100 33216 0.000042
102 166 3 100 19445 0.000043
373 202 3 100 13624 0.000043
115 204 3 100 38767 0.000043
247 384 3 100 345850 0.000043
357 190 3 100 10995 0.000043
81 384 3 100 45008 0.000043
338 120 3 100 22628 0.000044
230 358 3 100 43298 0.000044
244 392 3 100 18088 0.000044
185 312 3 100 7752 0.000044
244 64 3 100 130743 0.000044
175 361 3 100 30401 0.000044
33 301 3 100 14522 0.000044
354 88 3 100 7374 0.000044
371 394 3 100 13203 0.000044
311 59 3 100 14281 0.000045
225 265 3 100 209549 0.000045
75 322 3 100 69304 0.000045
75 347 3 100 7602 0.000045
190 154 3 100 33683 0.000045
192 343 3 100 13553 0.000045
49 128 3 100 17424 0.000045
135 252 3 100 14093 0.000046
328 96 3 100 25085 0.000046
274 374 3 100 39533 0.000046
401 282 3 100 2586 0.000046
66 164 3 100 117954 0.000046
164 190 3 100 36220 0.000046
327 245 3 100 38046 0.000046
114 297 3 100 37029 0.000047
323 161 3 100 9283 0.000047
313 130 3 100 16189 0.000047
169 150 3 100 34811 0.000047
94 103 3 100 75253 0.000048
293 390 3 100 39914 0.000048
41 52 3 100 145688 0.000048
156 340 3 100 198085 0.000048
228 303 3 100 12582 0.000048
142 248 3 100 25318 0.000049
376 349 3 100 39469 0.000049
23 24 3 100 15416 0.000049
173 171 3 100 4496 0.000049
239 387 3 100 120740 0.000049
200 146 3 100 38896 0.000049
127 184 3 100 27692 0.000049
295 75 3 100 90967 0.000050
130 90 3 100 165192 0.000050
25 251 3 100 24469 0.000050
321 30 3 100 212225 0.000050
333 350 3 100 20023 0.000050
384 86 3 100 15672 0.000051
282 225 3 100 16840 0.000051
280 400 3 100 36879 0.000051
233 252 3 100 4072 0.000051
306 127 3 100 1964 0.000051
352 360 3 100 22794 0.000052
398 79 3 100 23303 0.000052
373 354 3 100 17145 0.000052
30 24 3 100 44689 0.000052
387 219 3 100 29903 0.000052
251 184 3 100 14265 0.000052
233 307 3 100 407215 0.000052
198 278 3 100 5467 0.000053
136 40 3 100 302736 0.000053
129 391 3 100 26021 0.000053
28 267 3 100 334967 0.000053
276 301 3 100 44385 0.000053
197 194 3 100 1882 0.000054
195 345 3 100 3274 0.000054
252 102 3 100 21854 0.000054
336 180 3 100 16845 0.000054
305 269 3 100 19034 0.000054
386 160 3 100 42337 0.000054
336 39 3 100 18672 0.000054
51 129 3 100 30763 0.000054
138 352 3 100 19870 0.000054
225 234 3 100 31651 0.000054
149 277 3 100 7472 0.000055
251 154 3 100 4462 0.000055
179 314 3 100 115557 0.000055
224 271 3 100 39085 0.000055
360 94 3 100 11532 0.000055
217 263 3 100 157994 0.000056
114 221 3 100 17760 0.000056
228 151 3 100 3826 0.000056
42 353 3 100 3118 0.000056
125 271 3 100 393168 0.000056
102 60 3 100 41046 0.000057
348 228 3 100 17882 0.000057
240 348 3 100 8622 0.000057
218 403 3 100 18099 0.000057
275 159 3 100 29320 0.000058
139 104 3 100 29084 0.000058
212 171 3 100 57214 0.000058
269 203 3 100 333146 0.000058
32 393 3 100 21987 0.000058
298 372 3 100 9275 0.000059
168 166 3 100 448449 0.000059
368 286 3 100 9099 0.000059
391 310 3 100 7198 0.000059
83 396 3 100 18182 0.000060
32 277 3 100 16933 0.000060
210 292 3 100 40259 0.000061
197 252 3 100 250445 0.000061
216 295 3 100 33470 0.000061
98 166 3 100 30742 0.000061
171 242 3 100 22150 0.000061
144 334 3 100 338883 0.000061
240 252 3 100 11262 0.000061
131 312 3 100 33895 0.000062
290 180 3 100 169195 0.000062
324 253 3 100 16821 0.000062
391 61 3 100 62326 0.000062
46 353 3 100 203 0.000062
274 182 3 100 31341 0.000062
271 198 3 100 328336 0.000063
165 168 3 100 30248 0.000063
381 66 3 100 30705 0.000063
33 142 3 100 1191 0.000063
285 356 3 100 3720 0.000063
170 192 3 100 29689 0.000064
320 254 3 100 10344 0.000064
115 287 3 100 43131 0.000064
395 64 3 100 456111 0.000065
392 179 3 100 395398 0.000065
74 339 3 100 344403 0.000065
401 391 3 100 35700 0.000065
272 161 3 100 7615 0.000065
248 23 3 100 12507 0.000065
177 395 3 100 36381 0.000065
355 320 3 100 418914 0.000065
378 168 3 100 3749 0.000066
193 161 3 100 1322 0.000066
41 258 3 100 293615 0.000066
175 260 3 100 34552 0.000066
25 149 3 100 41274 0.000067
296 388 3 100 1504 0.000067
324 367 3 100 31005 0.000067
140 185 3 100 215 0.000067
223 366 3 100 117331 0.000067
132 171 3 100 38238 0.000068
128 363 3 100 98817 0.000068
177 298 3 100 5260 0.000068
294 380 3 100 28724 0.000068
350 395 3 100 37935 0.000068
51 224 3 100 18075 0.000069
403 107 3 100 38228 0.000069
383 344 3 100 42638 0.000069
390 287 3 100 35616 0.000069
375 147 3 100 66406 0.000069
337 224 3 100 459592 0.000069
308 214 3 100 16104 0.000070
239 265 3 100 32715 0.000070
403 152 3 100 45367 0.000070
123 142 3 100 2766 0.000070
287 54 3 100 1108 0.000070
197 205 3 100 165715 0.000071
185 401 3 100 16982 0.000071
231 282 3 100 10367 0.000071
235 155 3 100 41107 0.000071
251 135 3 100 6095 0.000071
115 36 3 100 9307 0.000071
356 43 3 100 34944 0.000072
75 29 3 100 16552 0.000072
180 188 3 100 14915 0.000072
183 321 3 100 28591 0.000072
163 61 3 100 393692 0.000073
203 154 3 100 11494 0.000073
203 370 3 100 129240 0.000073
186 326 3 100 25985 0.000073
349 298 3 100 23283 0.000073
130 347 3 100 7153 0.000073
170 282 3 100 30906 0.000073
23 378 3 100 3548 0.000073
166 328 3 100 240 0.000073
261 109 3 100 2089 0.000073
386 371 3 100 170424 0.000073
230 377 3 100 335760 0.000074
324 74 3 100 369441 0.000074
392 82 3 100 40742 0.000074
355 139 3 100 31612 0.000074
186 390 3 100 13847 0.000074
269 116 3 100 4301 0.000074
68 176 3 100 83910 0.000074
233 242 3 100 42442 0.000074
338 400 3 100 27139 0.000075
401 218 3 100 316914 0.000075
259 45 3 100 19791 0.000075
123 195 3 100 15068 0.000076
272 194 3 100 30930 0.000076
221 272 3 100 34475 0.000076
277 265 3 100 1374 0.000076
292 386 3 100 21315 0.000076
22 363 3 100 1097 0.000077
84 226 3 100 34373 0.000078
25 99 3 100 39020 0.000078
111 354 3 100 36564 0.000078
48 113 3 100 450007 0.000078
241 104 3 100 37734 0.000079
171 376 3 100 14881 0.000079
92 249 3 100 19157 0.000079
24 73 3 100 4210 0.000079
132 281 3 100 215440 0.000079
147 338 3 100 289670 0.000079
234 135 3 100 15965 0.000080
209 49 3 100 17781 0.000080
99 267 3 100 30054 0.000080
313 71 3 100 39040 0.000080
160 237 3 100 11623 0.000080
211 64 3 100 22793 0.000080
129 195 3 100 14556 0.000080
364 104 3 100 41180 0.000081
166 208 3 100 12898 0.000081
277 351 3 100 17354 0.000082
237 390 3 100 133095 0.000082
171 134 3 100 305503 0.000082
192 258 3 100 27036 0.000082
165 231 3 100 330 0.000082
273 170 3 100 3289 0.000082
204 245 3 100 42406 0.000083
283 179 3 100 67747 0.000083
329 267 3 100 45026 0.000083
387 76 3 100 19335 0.000083
203 83 3 100 416146 0.000083
391 136 3 100 26661 0.000083
327 251 3 100 308210 0.000083
220 262 3 100 15124 0.000083
357 29 3 100 44620 0.000083
239 368 3 100 216578 0.000083
196 347 3 100 2468 0.000084
26 254 3 100 374513 0.000084
265 288 3 100 301722 0.000084
282 137 3 100 5288 0.000084
198 346 3 100 21869 0.000084
287 155 3 100 5686 0.000084
366 60 3 100 27568 0.000084
75 288 3 100 7610 0.000085
346 175 3 100 403731 0.000085
343 305 3 100 24513 0.000085
76 359 3 100 15625 0.000085
236 181 3 100 397784 0.000085
250 396 3 100 5105 0.000086
340 197 3 100 42154 0.000086
343 202 3 100 45342 0.000086
183 191 3 100 27287 0.000086
51 371 3 100 44929 0.000086
214 52 3 100 403177 0.000086
67 31 3 100 364406 0.000086
25 88 3 100 20687 0.000086
359 249 3 100 19160 0.000086
296 399 3 100 38994 0.000087
377 188 3 100 163942 0.000088
237 65 3 100 2764 0.000088
288 332 3 100 26455 0.000088
129 104 3 100 32825 0.000088
281 286 3 100 25668 0.000088
192 279 3 100 37689 0.000088
388 183 3 100 68639 0.000089
178 223 3 100 32173 0.000089
333 73 3 100 99015 0.000089
395 37 3 100 22458 0.000089
162 44 3 100 86910 0.000089
260 266 3 100 29364 0.000089
160 79 3 100 28549 0.000090
170 274 3 100 40439 0.000090
175 380 3 100 13327 0.000090
320 275 3 100 254997 0.000090
316 49 3 100 329596 0.000090
367 79 3 100 39233 0.000090
170 166 3 100 20716 0.000091
166 272 3 100 187768 0.000091
322 202 3 100 149667 0.000091
25 86 3 100 311949 0.000092
178 40 3 100 25143 0.000092
42 287 3 100 26136 0.000092
118 113 3 100 3491 0.000092
197 111 3 100 33347 0.000093
229 242 3 100 429140 0.000093
177 156 3 100 9279 0.000093
334 293 3 100 10372 0.000093
390 154 3 100 25820 0.000093
91 399 3 100 1387 0.000093
266 153 3 100 39020 0.000094
201 210 3 100 42721 0.000094
312 31 3 100 8922 0.000094
324 188 3 100 31470 0.000094
278 207 3 100 12456 0.000094
231 221 3 100 26042 0.000095
72 365 3 100 7782 0.000095
184 359 3 100 213908 0.000095
135 39 3 100 20758 0.000095
167 178 3 100 10624 0.000095
104 354 3 100 22697 0.000095
42 373 3 100 14853 0.000095
255 186 3 100 10074 0.000095
111 342 3 100 18251 0.000095
307 74 3 100 112468 0.000095
98 122 3 100 21027 0.000096
385 75 3 100 43851 0.000097
298 105 3 100 29933 0.000097
236 142 3 100 349569 0.000097
50 76 3 100 457053 0.000098
102 192 3 100 16365 0.000098
122 68 3 100 17233 0.000098
109 357 3 100 14530 0.000098
154 149 3 100 12158 0.000098
36 389 3 100 14626 0.000099
299 342 3 100 38484 0.000099
193 218 3 100 24438 0.000100
219 362 3 100 8689 0.000100
37 324 3 100 399577 0.000100
218 361 3 100 225924 0.000100
352 329 3 100 599 0.000101
385 252 3 100 10061 0.000101
386 203 3 100 29609 0.000101
258 186 3 100 38673 0.000101
333 224 3 100 130632 0.000101
33 105 3 100 21872 0.000101
183 64 3 100 8542 0.000101
389 342 3 100 41933 0.000101
167 100 3 100 234019 0.000101
369 60 3 100 347778 0.000102
187 251 3 100 23083 0.000102
152 165 3 100 10311 0.000102
22 69 3 100 5696 0.000102
140 194 3 100 43935 0.000102
194 328 3 100 44553 0.000102
254 221 3 100 12047 0.000103
395 118 3 100 23199 0.000103
208 82 3 100 406324 0.000103
297 375 3 100 33548 0.000103
41 212 3 100 36871 0.000104
159 122 3 100 21386 0.000104
196 61 3 100 42989 0.000104
31 288 3 100 44058 0.000104
182 358 3 100 236093 0.000104
347 173 3 100 17100 0.000104
293 175 3 100 44156 0.000105
83 181 3 100 16383 0.000105
210 191 3 100 37765 0.000105
280 28 3 100 165019 0.000105
90 213 3 100 351536 0.000105
153 139 3 100 34533 0.000106
100 69 3 100 45231 0.000106
147 283 3 100 417294 0.000106
60 96 3 100 7146 0.000106
190 94 3 100 35491 0.000106
202 185 3 100 164164 0.000106
224 397 3 100 8470 0.000107
174 240 3 100 120466 0.000107
366 32 3 100 13342 0.000107
203 373 3 100 9456 0.000107
324 123 3 100 37791 0.000107
114 292 3 100 433 0.000107
306 239 3 100 780 0.000107
195 153 3 100 41096 0.000107
47 130 3 100 32712 0.000107
374 378 3 100 11037 0.000107
205 299 3 100 40023 0.000108
278 307 3 100 6178 0.000108
248 39 3 100 36931 0.000108
296 214 3 100 40808 0.000108
306 293 3 100 4860 0.000108
113 119 3 100 42751 0.000108
145 325 3 100 28966 0.000108
296 25 3 100 23488 0.000108
59 152 3 100 156673 0.000108
304 204 3 100 11735 0.000108
124 174 3 100 10089 0.000108
304 41 3 100 29197 0.000108
242 267 3 100 277645 0.000109
141 386 3 100 29810 0.000109
288 131 3 100 10668 0.000109
157 355 3 100 2908 0.000109
77 181 3 100 8109 0.000109
50 169 3 100 19142 0.000109
400 367 3 100 20001 0.000109
344 314 3 100 27480 0.000109
202 340 3 100 214736 0.000110
98 164 3 100 535 0.000110
167 319 3 100 25626 0.000110
59 122 3 100 12767 0.000110
239 266 3 100 1972 0.000110
185 105 3 100 478 0.000110
403 142 3 100 18841 0.000111
387 346 3 100 16426 0.000111
157 341 3 100 32483 0.000111
223 109 3 100 18077 0.000111
152 169 3 100 182 0.000111
169 98 3 100 30761 0.000111
393 21 3 100 26508 0.000112
387 329 3 100 138122 0.000112
76 127 3 100 44793 0.000112
231 109 3 100 258363 0.000112
67 393 3 100 9672 0.000112
377 87 3 100 27953 0.000112
90 73 3 100 15751 0.000113
330 51 3 100 310765 0.000113
113 65 3 100 5026 0.000113
318 329 3 100 34437 0.000113
343 288 3 100 21682 0.000113
128 210 3 100 39665 0.000113
251 72 3 100 373755 0.000113
64 66 3 100 134376 0.000113
31 385 3 100 357253 0.000113
342 225 3 100 28957 0.000114
376 280 3 100 7263 0.000114
280 160 3 100 179558 0.000115
402 84 3 100 40865 0.000115
41 337 3 100 253 0.000115
310 253 3 100 40732 0.000115
158 314 3 100 9858 0.000115
259 335 3 100 18285 0.000115
187 190 3 100 30773 0.000115
212 176 3 100 35666 0.000115
93 276 3 100 34103 0.000116
28 178 3 100 333894 0.000116
347 130 3 100 40617 0.000116
342 379 3 100 4450 0.000116
257 127 3 100 41703 0.000116
150 111 3 100 44569 0.000116
288 112 3 100 41842 0.000116
175 40 3 100 37734 0.000117
349 335 3 100 14188 0.000117
137 206 3 100 38235 0.000117
168 102 3 100 388411 0.000117
101 114 3 100 4859 0.000117
386 206 3 100 42878 0.000118
227 88 3 100 21609 0.000118
219 237 3 100 35263 0.000118
270 243 3 100 44852 0.000118
290 150 3 100 4301 0.000118
306 204 3 100 83649 0.000119
64 403 3 100 33730 0.000119
253 324 3 100 7927 0.000119
351 75 3 100 431298 0.000119
62 151 3 100 33064 0.000119
384 20 3 100 15253 0.000119
252 306 3 100 33954 0.000120
195 112 3 100 205171 0.000120
213 185 3 100 30212 0.000120
260 102 3 100 20793 0.000120
160 44 3 100 58099 0.000120
223 215 3 100 27153 0.000120
34 51 3 100 10964 0.000120
60 235 3 100 11694 0.000120
299 199 3 100 19986 0.000120
89 278 3 100 31153 0.000121
224 104 3 100 12517 0.000121
270 94 3 100 4104 0.000121
177 282 3 100 5396 0.000121
235 247 3 100 11306 0.000122
159 126 3 100 150240 0.000122
65 279 3 100 15627 0.000122
370 198 3 100 3607 0.000122
38 335 3 100 250526 0.000122
394 245 3 100 19772 0.000122
189 235 3 100 17555 0.000122
200 79 3 100 8776 0.000123
231 46 3 100 4980 0.000123
102 376 3 100 7803 0.000124
152 304 3 100 34979 0.000124
384 97 3 100 407759 0.000124
164 82 3 100 23801 0.000124
97 179 3 100 40490 0.000125
308 384 3 100 4963 0.000125
334 256 3 100 1560 0.000125
102 154 3 100 37765 0.000125
114 380 3 100 24575 0.000125
37 328 3 100 23454 0.000126
282 392 3 100 40014 0.000126
169 258 3 100 19297 0.000126
211 199 3 100 35034 0.000126
31 367 3 100 8274 0.000126
247 320 3 100 23335 0.000126
250 384 3 100 25768 0.000126
277 394 3 100 36797 0.000127
70 228 3 100 45170 0.000127
114 400 3 100 439899 0.000127
365 269 3 100 5816 0.000127
159 70 3 100 114400 0.000127
92 30 3 100 9486 0.000127
393 366 3 100 12436 0.000127
302 319 3 100 44118 0.000127
49 326 3 100 8234 0.000127
86 204 3 100 19162 0.000128
104 353 3 100 90686 0.000128
263 105 3 100 4860 0.000128
258 124 3 100 17451 0.000128
359 205 3 100 22660 0.000129
59 147 3 100 21577 0.000129
272 284 3 100 21799 0.000129
365 264 3 100 25305 0.000129
319 285 3 100 30410 0.000129
305 193 3 100 17730 0.000129
360 216 3 100 8426 0.000129
182 199 3 100 57243 0.000130
84 163 3 100 23579 0.000130
20 235 3 100 38696 0.000130
364 27 3 100 4694 0.000130
46 270 3 100 37942 0.000131
265 322 3 100 131136 0.000131
286 58 3 100 43560 0.000131
401 255 3 100 44034 0.000131
243 335 3 100 39321 0.000131
149 292 3 100 4578 0.000131
308 307 3 100 80908 0.000131
117 141 3 100 37713 0.000131
79 313 3 100 45396 0.000131
175 106 3 100 34733 0.000131
288 378 3 100 187803 0.000132
185 162 3 100 6067 0.000132
99 249 3 100 33050 0.000132
161 195 3 100 23373 0.000132
30 215 3 100 25603 0.000132
41 345 3 100 26557 0.000132
318 52 3 100 23630 0.000132
209 387 3 100 19381 0.000132
276 339 3 100 7786 0.000132
84 280 3 100 42633 0.000133
400 170 3 100 37582 0.000133
403 111 3 100 19267 0.000133
258 361 3 100 4726 0.000133
203 291 3 100 11918 0.000133
396 392 3 100 45868 0.000133
264 402 3 100 10135 0.000133
92 315 3 100 44384 0.000133
53 106 3 100 15379 0.000134
372 44 3 100 32102 0.000134
345 56 3 100 51748 0.000134
128 256 3 100 1309 0.000134
213 252 3 100 32084 0.000134
245 258 3 100 16272 0.000134
373 395 3 100 318525 0.000135
126 24 3 100 10508 0.000135
160 283 3 100 62367 0.000135
218 113 3 100 375579 0.000135
45 68 3 100 38662 0.000135
311 139 3 100 6602 0.000136
226 344 3 100 40303 0.000136
258 223 3 100 7 0.000136
332 213 3 100 36360 0.000136
69 108 3 100 313225 0.000137
217 229 3 100 4289 0.000137
271 140 3 100 45411 0.000137
311 226 3 100 37436 0.000137
237 236 3 100 42157 0.000137
400 147 3 100 34455 0.000137
272 150 3 100 31997 0.000138
104 309 3 100 42903 0.000138
74 255 3 100 31256 0.000138
95 168 3 100 19893 0.000138
281 275 3 100 220371 0.000138
194 384 3 100 41970 0.000139
337 317 3 100 5734 0.000139
82 101 3 100 39942 0.000139
69 214 3 100 28392 0.000139
161 359 3 100 398402 0.000140
72 349 3 100 107799 0.000140
305 170 3 100 35758 0.000140
72 260 3 100 20015 0.000140
114 345 3 100 28798 0.000140
173 98 3 100 38535 0.000140
286 97 3 100 367837 0.000141
158 24 3 100 28767 0.000141
118 266 3 100 407786 0.000141
40 80 3 100 40332 0.000141
240 309 3 100 78954 0.000141
144 124 3 100 12862 0.000141
399 179 3 100 40789 0.000141
388 354 3 100 361098 0.000141
379 303 3 100 43833 0.000141
123 180 3 100 8261 0.000141
169 221 3 100 14196 0.000141
62 164 3 100 44680 0.000142
100 243 3 100 44722 0.000142
222 196 3 100 1737 0.000142
234 298 3 100 8283 0.000142
208 198 3 100 24799 0.000142
44 225 3 100 388383 0.000143
20 323 3 100 5351 0.000143
107 117 3 100 25324 0.000143
319 244 3 100 92224 0.000143
343 287 3 100 18040 0.000143
63 106 3 100 13875 0.000143
134 122 3 100 41363 0.000144
296 85 3 100 123470 0.000144
334 329 3 100 41747 0.000144
307 173 3 100 320582 0.000144
44 223 3 100 164285 0.000144
164 59 3 100 14851 0.000144
201 309 3 100 1139 0.000145
304 124 3 100 31738 0.000145
266 209 3 100 22213 0.000145
123 252 3 100 25994 0.000145
72 367 3 100 21859 0.000145
385 104 3 100 38906 0.000145
25 376 3 100 84809 0.000145
68 90 3 100 20440 0.000145
196 158 3 100 11997 0.000146
178 392 3 100 20716 0.000146
244 150 3 100 434484 0.000146
35 371 3 100 27045 0.000146
116 28 3 100 27915 0.000147
206 298 3 100 230699 0.000147
61 68 3 100 50731 0.000147
44 83 3 100 31097 0.000147
346 55 3 100 7327 0.000148
246 247 3 100 45570 0.000148
377 144 3 100 25088 0.000148
346 123 3 100 378701 0.000148
51 360 3 100 32103 0.000148
330 137 3 100 30140 0.000148
227 257 3 100 3958 0.000149
221 176 3 100 10904 0.000149
358 249 3 100 32701 0.000149
40 323 3 100 14358 0.000149
212 78 3 100 22818 0.000150
244 82 3 100 14725 0.000150
137 207 3 100 9246 0.000150
107 169 3 100 35375 0.000151
306 132 3 100 29313 0.000151
149 178 3 100 278470 0.000151
168 36 3 100 29813 0.000151
77 318 3 100 70652 0.000151
306 259 3 100 37992 0.000151
152 141 3 100 19832 0.000151
179 141 3 100 20263 0.000151
28 42 3 100 7222 0.000152
344 52 3 100 16777 0.000152
153 138 3 100 9026 0.000152
77 393 3 100 41694 0.000152
214 329 3 100 42334 0.000152
201 38 3 100 272920 0.000152
290 338 3 100 19857 0.000152
358 77 3 100 285484 0.000153
33 128 3 100 42207 0.000153
381 68 3 100 37721 0.000153
161 152 3 100 7424 0.000153
341 202 3 100 45053 0.000153
176 73 3 100 21221 0.000153
198 202 3 100 21307 0.000153
397 236 3 100 41052 0.000153
183 45 3 100 45356 0.000153
273 87 3 100 4419 0.000153
188 122 3 100 24230 0.000153
237 375 3 100 116611 0.000153
389 204 3 100 25139 0.000154
70 208 3 100 310514 0.000155
145 247 3 100 11947 0.000155
391 69 3 100 41231 0.000155
366 66 3 100 31076 0.000155
261 49 3 100 15977 0.000155
363 28 3 100 726 0.000156
347 37 3 100 35589 0.000156
382 251 3 100 31687 0.000156
198 353 3 100 18142 0.000156
365 125 3 100 33036 0.000156
281 396 3 100 173457 0.000156
235 173 3 100 31268 0.000156
100 65 3 100 24599 0.000156
148 108 3 100 17921 0.000156
65 57 3 100 1838 0.000156
391 245 3 100 382709 0.000157
66 122 3 100 6519 0.000157
389 216 3 100 27766 0.000157
236 243 3 100 42169 0.000158
286 299 3 100 15199 0.000158
119 35 3 100 281822 0.000158
74 185 3 100 371622 0.000158
66 22 3 100 253220 0.000158
283 394 3 100 33752 0.000158
200 366 3 100 37817 0.000158
186 118 3 100 151096 0.000158
307 250 3 100 1135 0.000158
294 230 3 100 20267 0.000158
321 362 3 100 16155 0.000158
39 284 3 100 10559 0.000159
321 217 3 100 16179 0.000159
170 86 3 100 27305 0.000159
297 382 3 100 31170 0.000159
197 71 3 100 1749 0.000159
111 295 3 100 9560 0.000159
68 128 3 100 6554 0.000159
371 261 3 100 20815 0.000160
225 194 3 100 28504 0.000160
25 238 3 100 410917 0.000160
135 166 3 100 30479 0.000161
363 63 3 100 32954 0.000161
298 127 3 100 39175 0.000161
254 80 3 100 34898 0.000161
80 360 3 100 420010 0.000162
399 29 3 100 44910 0.000162
73 240 3 100 15631 0.000162
361 41 3 100 34599 0.000162
191 112 3 100 32882 0.000162
392 399 3 100 288519 0.000163
230 113 3 100 11903 0.000163
346 395 3 100 18441 0.000163
350 279 3 100 13831 0.000163
173 205 3 100 6704 0.000163
240 393 3 100 33211 0.000164
300 344 3 100 218026 0.000164
176 56 3 100 2582 0.000164
85 126 3 100 826 0.000164
85 168 3 100 2350 0.000164
312 228 3 100 37271 0.000164
179 272 3 100 39538 0.000164
231 190 3 100 11993 0.000164
309 291 3 100 271690 0.000164
261 322 3 100 21509 0.000164
27 194 3 100 20620 0.000165
104 183 3 100 438767 0.000165
143 381 3 100 22013 0.000165
186 274 3 100 408614 0.000165
167 370 3 100 12929 0.000165
115 335 3 100 41063 0.000166
267 185 3 100 87705 0.000166
89 224 3 100 4492 0.000166
201 213 3 100 3062 0.000166
400 26 3 100 7675 0.000166
29 353 3 100 31784 0.000167
273 204 3 100 25047 0.000167
238 152 3 100 177064 0.000167
123 49 3 100 370281 0.000167
38 77 3 100 72512 0.000167
49 35 3 100 40206 0.000167
72 266 3 100 20618 0.000168
296 184 3 100 8302 0.000168
208 77 3 100 11750 0.000168
46 168 3 100 45908 0.000168
66 344 3 100 3018 0.000169
192 387 3 100 43391 0.000169
186 47 3 100 16219 0.000169
82 276 3 100 21693 0.000169
48 343 3 100 44845 0.000169
219 133 3 100 39693 0.000170
279 170 3 100 13884 0.000170
196 263 3 100 39344 0.000170
31 233 3 100 917 0.000170
355 147 3 100 41375 0.000170
219 306 3 100 359254 0.000170
91 89 3 100 31869 0.000171
239 36 3 100 3828 0.000171
254 149 3 100 21352 0.000171
74 220 3 100 19949 0.000171
280 44 3 100 334 0.000171
68 350 3 100 36233 0.000171
240 137 3 100 24341 0.000171
354 254 3 100 29917 0.000171
35 358 3 100 4679 0.000171
236 338 3 100 15978 0.000172
31 94 3 100 26688 0.000172
238 242 3 100 282459 0.000172
133 287 3 100 21430 0.000172
170 77 3 100 44092 0.000172
206 152 3 100 21428 0.000172
294 283 3 100 219941 0.000172
335 99 3 100 2460 0.000172
39 352 3 100 23535 0.000172
246 190 3 100 33588 0.000172
308 215 3 100 2546 0.000173
206 383 3 100 15986 0.000173
74 186 3 100 24724 0.000174
256 42 3 100 37089 0.000174
108 170 3 100 45808 0.000174
145 363 3 100 13697 0.000174
351 171 3 100 21674 0.000174
318 143 3 100 12581 0.000174
31 197 3 100 132769 0.000175
253 107 3 100 11407 0.000175
226 380 3 100 201 0.000175
20 145 3 100 14754 0.000175
30 202 3 100 5407 0.000175
161 261 3 100 3365 0.000176
64 134 3 100 19063 0.000176
134 327 3 100 2401 0.000176
335 382 3 100 299614 0.000176
266 393 3 100 21744 0.000176
54 41 3 100 9148 0.000177
357 246 3 100 2124 0.000177
55 323 3 100 43440 0.000177
393 217 3 100 5466 0.000177
339 326 3 100 20098 0.000177
325 23 3 100 13748 0.000177
326 281 3 100 18715 0.000177
91 249 3 100 60333 0.000178
201 301 3 100 11586 0.000178
181 116 3 100 35872 0.000178
239 73 3 100 423661 0.000178
43 220 3 100 1899 0.000178
64 350 3 100 2517 0.000178
306 276 3 100 43883 0.000178
23 195 3 100 19016 0.000179
37 189 3 100 198373 0.000179
140 25 3 100 27600 0.000179
366 73 3 100 5002 0.000179
77 31 3 100 38335 0.000179
154 87 3 100 261818 0.000179
243 33 3 100 7222 0.000179
291 240 3 100 41672 0.000179
183 21 3 100 29497 0.000180
298 44 3 100 37507 0.000180
107 183 3 100 264091 0.000181
56 214 3 100 32664 0.000181
240 39 3 100 36628 0.000181
42 137 3 100 25833 0.000181
44 211 3 100 27444 0.000182
388 232 3 100 28534 0.000182
327 230 3 100 24357 0.000182
357 107 3 100 162177 0.000182
65 53 3 100 15880 0.000183
225 219 3 100 25018 0.000183
344 221 3 100 32220 0.000183
54 334 3 100 453783 0.000183
132 380 3 100 5984 0.000183
142 377 3 100 12975 0.000183
173 39 3 100 6733 0.000183
250 231 3 100 31722 0.000183
180 189 3 100 16101 0.000183
288 125 3 100 2123 0.000184
242 29 3 100 4346 0.000184
57 211 3 100 17804 0.000184
101 317 3 100 371735 0.000184
312 155 3 100 341922 0.000184
263 204 3 100 312908 0.000184
365 348 3 100 25984 0.000185
142 64 3 100 287568 0.000185
251 378 3 100 129445 0.000185
80 336 3 100 35672 0.000185
375 382 3 100 23529 0.000185
331 322 3 100 20081 0.000185
82 170 3 100 4534 0.000186
363 277 3 100 21773 0.000186
116 340 3 100 40897 0.000186
373 348 3 100 16308 0.000186
178 379 3 100 20992 0.000187
321 369 3 100 19549 0.000187
365 288 3 100 22524 0.000187
165 142 3 100 10370 0.000187
204 78 3 100 132147 0.000187
238 119 3 100 34506 0.000188
227 332 3 100 250974 0.000188
355 105 3 100 27564 0.000188
188 257 3 100 10600 0.000188
56 25 3 100 23371 0.000188
366 107 3 100 14524 0.000188
67 198 3 100 30040 0.000188
180 340 3 100 23214 0.000188
169 71 3 100 30240 0.000188
330 89 3 100 40829 0.000188
43 213 3 100 13017 0.000188
217 82 3 100 14727 0.000189
384 191 3 100 26872 0.000189
382 358 3 100 29253 0.000189
99 61 3 100 41156 0.000189
66 44 3 100 40000 0.000190
58 246 3 100 36502 0.000190
332 258 3 100 13889 0.000191
244 185 3 100 32132 0.000191
313 45 3 100 30048 0.000191
390 242 3 100 19719 0.000191
354 347 3 100 25545 0.000191
115 305 3 100 16832 0.000191
85 203 3 100 398690 0.000191
202 336 3 100 27597 0.000191
195 94 3 100 6302 0.000191
128 77 3 100 419481 0.000191
95 75 3 100 16171 0.000191
131 400 3 100 2569 0.000192
383 43 3 100 9641 0.000192
225 215 3 100 26369 0.000192
46 20 3 100 450811 0.000192
296 214 3 100 21862 0.000192
62 22 3 100 22193 0.000192
284 221 3 100 212124 0.000192
343 263 3 100 2058 0.000192
274 178 3 100 422698 0.000193
144 309 3 100 1670 0.000193
398 195 3 100 10891 0.000193
212 402 3 100 32679 0.000194
395 236 3 100 6460 0.000194
295 58 3 100 16029 0.000194
122 102 3 100 25710 0.000194
182 82 3 100 316757 0.000194
324 263 3 100 396013 0.000194
268 369 3 100 31638 0.000195
189 137 3 100 35663 0.000195
163 200 3 100 23677 0.000195
372 398 3 100 9564 0.000195
317 276 3 100 36827 0.000195
179 282 3 100 99430 0.000196
140 126 3 100 3051 0.000196
178 145 3 100 45119 0.000196
69 119 3 100 11518 0.000196
273 336 3 100 18067 0.000196
338 327 3 100 26131 0.000196
333 362 3 100 153272 0.000196
219 165 3 100 25301 0.000197
50 319 3 100 6407 0.000198
284 198 3 100 454929 0.000198
192 88 3 100 10559 0.000198
377 55 3 100 274873 0.000199
248 358 3 100 42470 0.000199
87 215 3 100 27381 0.000199
85 61 3 100 18137 0.000200
178 80 3 100 15702 0.000200
185 226 3 100 321086 0.000200
363 241 3 100 3810 0.000200
140 376 3 100 40595 0.000200
191 64 3 100 33397 0.000200
300 116 3 100 21031 0.000200
252 308 3 100 321841 0.000201
138 314 3 100 43423 0.000202
116 361 3 100 238198 0.000202
21 344 3 100 24347 0.000202
376 42 3 100 258224 0.000202
363 393 3 100 1468 0.000202
398 48 3 100 27149 0.000202
358 106 3 100 6184 0.000202
282 92 3 100 19259 0.000203
125 242 3 100 11042 0.000203
136 169 3 100 68049 0.000204
341 131 3 100 309875 0.000204
171 91 3 100 6892 0.000204
369 200 3 100 40301 0.000204
35 212 3 100 33422 0.000204
103 37 3 100 27143 0.000204
230 304 3 100 14245 0.000204
260 190 3 100 11151 0.000205
254 231 3 100 102106 0.000205
270 45 3 100 11735 0.000205
20 309 3 100 114371 0.000206
70 75 3 100 25481 0.000206
334 103 3 100 29141 0.000207
238 323 3 100 385182 0.000207
126 285 3 100 307703 0.000207
284 54 3 100 161006 0.000207
34 323 3 100 7308 0.000208
22 141 3 100 9207 0.000208
368 95 3 100 19954 0.000208
60 189 3 100 433501 0.000208
54 373 3 100 45464 0.000209
368 120 3 100 28362 0.000209
91 146 3 100 32793 0.000209
266 303 3 100 23358 0.000209
392 379 3 100 43501 0.000209
239 327 3 100 3741 0.000209
376 102 3 100 45989 0.000209
383 181 3 100 180435 0.000210
63 278 3 100 32434 0.000210
387 53 3 100 334944 0.000210
351 363 3 100 30170 0.000210
311 353 3 100 4427 0.000210
381 336 3 100 24041 0.000210
125 261 3 100 21555 0.000211
31 262 3 100 190265 0.000211
79 147 3 100 40492 0.000211
117 124 3 100 12514 0.000211
156 280 3 100 323361 0.000212
68 140 3 100 40543 0.000212
119 233 3 100 15713 0.000212
317 101 3 100 146072 0.000212
33 161 3 100 205078 0.000212
136 191 3 100 44649 0.000212
266 356 3 100 44905 0.000212
158 344 3 100 14642 0.000213
50 329 3 100 16498 0.000213
181 260 3 100 131845 0.000213
284 201 3 100 39744 0.000213
372 131 3 100 4174 0.000213
348 356 3 100 7761 0.000213
300 174 3 100 31555 0.000214
79 265 3 100 34823 0.000214
218 38 3 100 191044 0.000214
255 342 3 100 29957 0.000214
363 341 3 100 33468 0.000214
323 102 3 100 13583 0.000215
267 398 3 100 4470 0.000215
390 114 3 100 40477 0.000215
55 290 3 100 26601 0.000215
383 226 3 100 39758 0.000215
106 233 3 100 143140 0.000216
338 288 3 100 11645 0.000216
354 296 3 100 399283 0.000216
374 325 3 100 41058 0.000217
402 188 3 100 32842 0.000217
134 124 3 100 5711 0.000217
389 236 3 100 87953 0.000217
183 181 3 100 26875 0.000217
130 140 3 100 20479 0.000217
285 347 3 100 41579 0.000217
65 347 3 100 44335 0.000218
156 86 3 100 360756 0.000218
82 134 3 100 12796 0.000218
268 136 3 100 30123 0.000218
204 107 3 100 33794 0.000219
248 314 3 100 31414 0.000219
78 72 3 100 32265 0.000219
191 346 3 100 39816 0.000219
236 211 3 100 7000 0.000219
169 161 3 100 18005 0.000219
201 198 3 100 143260 0.000219
301 247 3 100 272533 0.000220
248 112 3 100 32306 0.000220
370 190 3 100 9597 0.000220
322 76 3 100 28792 0.000220
333 142 3 100 45061 0.000220
302 205 3 100 29574 0.000221
191 357 3 100 40538 0.000221
360 41 3 100 27255 0.000221
186 298 3 100 27223 0.000221
319 348 3 100 22541 0.000222
350 393 3 100 29633 0.000222
209 353 3 100 25850 0.000222
273 233 3 100 14321 0.000222
122 153 3 100 20178 0.000222
364 133 3 100 5427 0.000222
222 237 3 100 19125 0.000222
39 156 3 100 6317 0.000222
322 258 3 100 27275 0.000222
365 301 3 100 44210 0.000223
329 241 3 100 208147 0.000223
302 80 3 100 245 0.000223
331 228 3 100 20146 0.000223
258 84 3 100 43285 0.000223
165 401 3 100 30694 0.000223
403 314 3 100 25978 0.000223
383 53 3 100 370677 0.000224
170 391 3 100 184273 0.000224
181 321 3 100 149411 0.000224
189 76 3 100 21018 0.000224
78 47 3 100 26470 0.000224
243 209 3 100 12812 0.000224
363 189 3 100 44230 0.000224
191 355 3 100 9144 0.000224
306 394 3 100 25096 0.000224
130 301 3 100 23066 0.000224
109 171 3 100 298636 0.000224
217 33 3 100 308095 0.000224
357 58 3 100 11803 0.000225
105 244 3 100 256162 0.000225
240 20 3 100 30541 0.000225
259 47 3 100 45589 0.000226
396 394 3 100 17838 0.000226
55 207 3 100 32645 0.000226
400 236 3 100 172878 0.000226
239 66 3 100 44541 0.000226
125 51 3 100 23075 0.000226
61 114 3 100 44409 0.000226
185 146 3 100 1483 0.000227
27 255 3 100 14963 0.000227
157 228 3 100 9227 0.000227
136 308 3 100 2117 0.000227
229 270 3 100 18795 0.000227
388 190 3 100 32744 0.000228
325 131 3 100 14893 0.000228
71 133 3 100 43113 0.000228
375 287 3 100 4436 0.000228
190 267 3 100 258606 0.000228
191 341 3 100 13095 0.000228
114 68 3 100 9233 0.000228
198 189 3 100 31986 0.000228
260 77 3 100 13672 0.000228
317 246 3 100 28127 0.000228
83 263 3 100 13579 0.000229
28 134 3 100 27528 0.000229
345 309 3 100 17369 0.000229
40 319 3 100 302567 0.000229
252 119 3 100 40852 0.000229
74 261 3 100 5671 0.000229
137 31 3 100 192019 0.000229
72 22 3 100 8824 0.000229
253 59 3 100 16512 0.000229
108 250 3 100 3209 0.000230
337 43 3 100 28019 0.000230
169 271 3 100 33093 0.000230
38 62 3 100 25653 0.000230
197 143 3 100 25340 0.000230
75 210 3 100 24565 0.000230
306 200 3 100 40645 0.000230
301 349 3 100 26915 0.000231
323 25 3 100 5234 0.000231
171 305 3 100 14926 0.000231
240 305 3 100 21418 0.000231
163 88 3 100 354516 0.000231
77 347 3 100 68508 0.000232
393 303 3 100 26025 0.000232
261 211 3 100 6363 0.000232
307 95 3 100 269252 0.000233
228 83 3 100 416732 0.000233
370 117 3 100 19136 0.000233
32 328 3 100 350738 0.000234
402 288 3 100 26514 0.000234
259 121 3 100 31222 0.000235
69 335 3 100 35556 0.000235
372 286 3 100 7766 0.000235
77 241 3 100 32110 0.000235
302 87 3 100 4634 0.000235
239 325 3 100 256979 0.000235
135 380 3 100 1654 0.000236
250 202 3 100 144259 0.000236
318 279 3 100 46016 0.000236
201 114 3 100 37800 0.000236
175 324 3 100 5519 0.000236
255 278 3 100 34878 0.000236
307 168 3 100 4034 0.000236
29 183 3 100 40344 0.000237
157 176 3 100 27270 0.000237
382 343 3 100 3686 0.000237
349 380 3 100 13284 0.000237
120 361 3 100 40774 0.000237
316 168 3 100 22375 0.000238
391 141 3 100 19631 0.000238
382 21 3 100 29016 0.000238
239 63 3 100 37853 0.000239
278 35 3 100 24602 0.000239
141 82 3 100 40411 0.000239
164 146 3 100 104280 0.000239
111 142 3 100 42750 0.000239
220 52 3 100 18301 0.000240
283 346 3 100 43423 0.000240
199 324 3 100 309003 0.000240
344 391 3 100 42759 0.000240
23 289 3 100 743 0.000240
216 288 3 100 4789 0.000241
39 45 3 100 26085 0.000241
301 123 3 100 31712 0.000241
177 188 3 100 20387 0.000242
28 299 3 100 37908 0.000242
221 178 3 100 14954 0.000242
296 196 3 100 3356 0.000242
349 290 3 100 10117 0.000242
364 58 3 100 16142 0.000242
23 34 3 100 38783 0.000242
105 338 3 100 32811 0.000243
367 212 3 100 18771 0.000243
274 21 3 100 27406 0.000243
312 169 3 100 2281 0.000244
266 41 3 100 40843 0.000244
136 145 3 100 9666 0.000244
314 247 3 100 8342 0.000244
317 365 3 100 17488 0.000245
389 50 3 100 18868 0.000245
80 376 3 100 30793 0.000245
361 109 3 100 22393 0.000245
160 151 3 100 20605 0.000245
339 290 3 100 31588 0.000245
160 203 3 100 44507 0.000245
126 233 3 100 5293 0.000245
146 294 3 100 315701 0.000245
129 221 3 100 34595 0.000246
80 178 3 100 21512 0.000246
158 126 3 100 12856 0.000246
309 176 3 100 7779 0.000246
272 265 3 100 7933 0.000246
170 234 3 100 255512 0.000247
366 127 3 100 418208 0.000247
388 285 3 100 22065 0.000247
247 233 3 100 40060 0.000247
119 122 3 100 36369 0.000247
224 375 3 100 32951 0.000248
396 306 3 100 62758 0.000248
149 282 3 100 2817 0.000248
224 341 3 100 17714 0.000248
158 166 3 100 15169 0.000249
151 300 3 100 19112 0.000249
324 158 3 100 177566 0.000249
359 273 3 100 17892 0.000250
164 287 3 100 4808 0.000250
247 331 3 100 3808 0.000250
124 250 3 100 320116 0.000250
327 275 3 100 42266 0.000250
35 26 3 100 43917 0.000251
304 135 3 100 19970 0.000251
347 259 3 100 43744 0.000251
376 117 3 100 5420 0.000252
213 273 3 100 66096 0.000252
281 152 3 100 6473 0.000252
231 328 3 100 8471 0.000252
177 38 3 100 14756 0.000252
204 224 3 100 45407 0.000252
268 215 3 100 27280 0.000252
72 315 3 100 6392 0.000252
78 274 3 100 42667 0.000253
140 38 3 100 18141 0.000253
204 398 3 100 245314 0.000253
235 316 3 100 33128 0.000253
362 267 3 100 376482 0.000253
41 308 3 100 31387 0.000253
245 296 3 100 21549 0.000253
292 280 3 100 184028 0.000253
304 63 3 100 397021 0.000253
197 58 3 100 299004 0.000253
269 388 3 100 39417 0.000254
367 201 3 100 35043 0.000254
220 277 3 100 2070 0.000254
72 228 3 100 10297 0.000254
79 335 3 100 57840 0.000254
330 160 3 100 360648 0.000254
163 79 3 100 44555 0.000255
152 144 3 100 964 0.000255
129 357 3 100 279062 0.000255
143 118 3 100 2546 0.000255
218 403 3 100 15390 0.000255
83 251 3 100 96250 0.000255
366 172 3 100 4964 0.000255
214 30 3 100 34800 0.000255
76 25 3 100 16879 0.000255
207 65 3 100 38456 0.000256
168 310 3 100 5849 0.000256
314 113 3 100 33325 0.000256
268 334 3 100 11099 0.000256
290 129 3 100 698 0.000256
71 254 3 100 1275 0.000256
126 203 3 100 88863 0.000257
176 290 3 100 14769 0.000257
36 42 3 100 19940 0.000257
137 148 3 100 40585 0.000258
346 52 3 100 40666 0.000258
176 369 3 100 399500 0.000258
145 222 3 100 6853 0.000258
150 46 3 100 239761 0.000258
396 359 3 100 45115 0.000259
250 346 3 100 11190 0.000259
382 41 3 100 7340 0.000259
32 158 3 100 17493 0.000259
288 68 3 100 289703 0.000259
88 34 3 100 21179 0.000259
73 261 3 100 26171 0.000259
83 312 3 100 28279 0.000260
212 155 3 100 12724 0.000260
253 279 3 100 31500 0.000261
240 112 3 100 24329 0.000261
153 76 3 100 127023 0.000261
395 22 3 100 36126 0.000261
339 220 3 100 41333 0.000262
93 72 3 100 23196 0.000262
56 102 3 100 14050 0.000262
69 396 3 100 29859 0.000262
332 93 3 100 454504 0.000262
134 362 3 100 356884 0.000262
370 217 3 100 16151 0.000262
383 290 3 100 2044 0.000262
74 167 3 100 35257 0.000262
53 101 3 100 34067 0.000262
160 202 3 100 44545 0.000263
166 188 3 100 39445 0.000263
347 373 3 100 40057 0.000263
384 115 3 100 41128 0.000263
145 371 3 100 15771 0.000263
281 51 3 100 40250 0.000263
152 117 3 100 41348 0.000263
315 87 3 100 38178 0.000263
53 85 3 100 39554 0.000263
72 391 3 100 45701 0.000264
53 354 3 100 42808 0.000264
319 382 3 100 36742 0.000264
223 232 3 100 18236 0.000264
325 187 3 100 34208 0.000265
368 181 3 100 35294 0.000265
234 263 3 100 10506 0.000265
236 81 3 100 19910 0.000266
31 105 3 100 39529 0.000267
86 166 3 100 25795 0.000267
32 119 3 100 1774 0.000267
183 302 3 100 9878 0.000267
396 172 3 100 17208 0.000267
168 200 3 100 233722 0.000267
179 168 3 100 27044 0.000267
161 90 3 100 31549 0.000267
171 384 3 100 14939 0.000267
98 310 3 100 13482 0.000268
393 203 3 100 183065 0.000268
104 190 3 100 37741 0.000268
92 194 3 100 41151 0.000268
116 245 3 100 13727 0.000268
373 29 3 100 36192 0.000268
304 354 3 100 5604 0.000269
309 278 3 100 24178 0.000269
239 326 3 100 431324 0.000270
112 119 3 100 1858 0.000270
135 205 3 100 39123 0.000270
305 225 3 100 18482 0.000270
379 212 3 100 10825 0.000270
219 350 3 100 252142 0.000271
235 97 3 100 39011 0.000271
24 34 3 100 34815 0.000271
155 384 3 100 433452 0.000271
152 371 3 100 14036 0.000271
375 401 3 100 156209 0.000271
39 74 3 100 18175 0.000271
103 189 3 100 15528 0.000272
318 77 3 100 160425 0.000272
59 398 3 100 5752 0.000272
153 329 3 100 29651 0.000272
65 313 3 100 23346 0.000272
288 143 3 100 8425 0.000272
279 224 3 100 5897 0.000272
29 176 3 100 41306 0.000272
392 312 3 100 446358 0.000272
311 200 3 100 43010 0.000272
302 142 3 100 322713 0.000272
201 113 3 100 423889 0.000273
132 338 3 100 3448 0.000273
213 398 3 100 22057 0.000273
256 131 3 100 1141 0.000273
317 23 3 100 44099 0.000273
23 42 3 100 14845 0.000273
122 41 3 100 36832 0.000273
210 91 3 100 12997 0.000273
273 110 3 100 11058 0.000273
103 248 3 100 22784 0.000274
64 130 3 100 42516 0.000275
104 183 3 100 10509 0.000275
208 288 3 100 152741 0.000275
271 123 3 100 29012 0.000275
326 103 3 100 150219 0.000275
85 164 3 100 258908 0.000275
343 292 3 100 484 0.000275
217 62 3 100 11770 0.000275
373 343 3 100 8270 0.000275
62 339 3 100 13940 0.000275
137 266 3 100 10740 0.000276
35 43 3 100 11062 0.000276
36 268 3 100 13759 0.000276
392 386 3 100 23061 0.000276
184 87 3 100 38895 0.000277
239 94 3 100 30581 0.000277
281 230 3 100 338772 0.000277
192 111 3 100 24604 0.000277
282 267 3 100 24418 0.000278
189 305 3 100 26361 0.000278
106 154 3 100 12074 0.000278
207 375 3 100 21702 0.000279
190 152 3 100 18399 0.000279
316 296 3 100 10925 0.000279
131 105 3 100 8940 0.000279
280 200 3 100 23712 0.000279
36 388 3 100 45210 0.000279
292 186 3 100 43689 0.000279
99 52 3 100 13576 0.000279
110 222 3 100 108941 0.000279
340 296 3 100 7073 0.000279
82 198 3 100 36888 0.000279
160 264 3 100 16254 0.000280
47 386 3 100 31671 0.000280
32 108 3 100 234688 0.000280
33 249 3 100 31939 0.000281
312 117 3 100 19821 0.000281
396 39 3 100 34724 0.000281
332 289 3 100 32267 0.000281
118 239 3 100 36705 0.000281
230 209 3 100 30440 0.000281
275 390 3 100 27597 0.000281
87 268 3 100 13978 0.000281
247 341 3 100 104057 0.000281
81 47 3 100 393799 0.000282
117 162 3 100 37519 0.000283
342 270 3 100 248143 0.000283
144 123 3 100 81750 0.000283
216 125 3 100 21476 0.000283
326 305 3 100 30679 0.000283
56 271 3 100 32730 0.000284
242 46 3 100 14824 0.000284
181 235 3 100 211431 0.000284
250 175 3 100 24654 0.000284
164 316 3 100 28663 0.000284
70 210 3 100 103288 0.000284
279 393 3 100 44567 0.000285
226 320 3 100 40827 0.000285
157 242 3 100 8082 0.000285
197 216 3 100 42680 0.000285
160 162 3 100 37272 0.000285
288 85 3 100 10373 0.000286
198 371 3 100 181314 0.000286
98 219 3 100 26113 0.000286
248 215 3 100 20140 0.000286
350 248 3 100 251360 0.000286
266 40 3 100 35666 0.000286
85 205 3 100 246736 0.000286
180 167 3 100 43650 0.000287
387 150 3 100 33784 0.000287
395 264 3 100 23885 0.000287
62 101 3 100 32914 0.000287
267 286 3 100 24009 0.000287
343 67 3 100 44054 0.000288
271 84 3 100 22610 0.000288
354 128 3 100 315615 0.000288
380 298 3 100 21576 0.000288
227 371 3 100 10543 0.000288
29 51 3 100 12852 0.000288
368 230 3 100 26451 0.000289
94 53 3 100 24190 0.000289
384 391 3 100 5586 0.000289
72 24 3 100 33935 0.000289
348 159 3 100 28857 0.000289
129 92 3 100 416586 0.000290
103 384 3 100 358259 0.000290
290 338 3 100 225865 0.000290
101 83 3 100 16608 0.000290
257 212 3 100 33715 0.000290
282 52 3 100 32822 0.000290
265 243 3 100 24697 0.000290
302 213 3 100 9434 0.000291
376 313 3 100 22476 0.000291
87 307 3 100 35260 0.000291
96 332 3 100 355958 0.000291
161 97 3 100 21403 0.000291
364 379 3 100 31899 0.000292
153 106 3 100 41523 0.000292
74 254 3 100 10959 0.000292
280 238 3 100 5465 0.000292
323 315 3 100 966 0.000292
265 258 3 100 37139 0.000292
116 349 3 100 215000 0.000292
118 234 3 100 5738 0.000293
385 116 3 100 12083 0.000293
57 307 3 100 39634 0.000293
170 72 3 100 20034 0.000293
91 332 3 100 24428 0.000293
319 302 3 100 5572 0.000293
256 180 3 100 33000 0.000293
280 164 3 100 13189 0.000294
92 347 3 100 33474 0.000294
375 368 3 100 43860 0.000294
274 125 3 100 288275 0.000294
255 108 3 100 2166 0.000294
109 262 3 100 25470 0.000294
108 360 3 100 7855 0.000294
258 96 3 100 363120 0.000295
149 395 3 100 27747 0.000295
56 214 3 100 69233 0.000295
244 116 3 100 18050 0.000295
212 353 3 100 42729 0.000295
330 385 3 100 377448 0.000295
334 243 3 100 984 0.000295
239 399 3 100 39569 0.000295
181 352 3 100 22299 0.000296
308 275 3 100 6324 0.000296
113 235 3 100 146852 0.000296
51 103 3 100 348314 0.000296
383 402 3 100 35305 0.000296
385 84 3 100 19772 0.000296
304 208 3 100 1239 0.000297
109 283 3 100 390087 0.000297
142 342 3 100 352036 0.000297
354 131 3 100 4039 0.000297
235 54 3 100 21513 0.000297
124 399 3 100 5454 0.000297
56 175 3 100 6308 0.000298
98 168 3 100 19304 0.000298
223 192 3 100 1092 0.000298
314 58 3 100 34064 0.000299
178 115 3 100 15405 0.000299
368 86 3 100 324251 0.000299
166 186 3 100 42112 0.000299
171 71 3 100 451280 0.000300
270 80 3 100 32097 0.000300
272 243 3 100 1846 0.000300
391 131 3 100 40628 0.000300
82 39 3 100 42134 0.000300
119 398 3 100 344063 0.000300
195 273 3 100 12846 0.000300
75 351 3 100 39054 0.000300
59 367 3 100 39327 0.000300
317 50 3 100 24447 0.000300
217 304 3 100 11297 0.000300
39 377 3 100 25595 0.000301
200 214 3 100 448677 0.000301
281 27 3 100 2021 0.000301
91 351 3 100 30919 0.000301
227 390 3 100 396025 0.000301
251 386 3 100 4124 0.000301
140 227 3 100 21866 0.000302
102 172 3 100 29998 0.000302
362 244 3 100 37038 0.000302
342 245 3 100 13653 0.000302
318 33 3 100 17493 0.000302
158 126 3 100 45532 0.000302
236 51 3 100 43217 0.000303
320 98 3 100 203179 0.000303
163 82 3 100 39485 0.000303
259 364 3 100 2841 0.000303
51 150 3 100 8990 0.000303
192 121 3 100 403849 0.000304
399 269 3 100 44099 0.000304
223 242 3 100 42737 0.000304
116 150 3 100 5811 0.000304
191 65 3 100 26872 0.000305
309 214 3 100 35523 0.000305
132 319 3 100 24784 0.000305
79 143 3 100 21087 0.000305
175 181 3 100 33886 0.000306
58 327 3 100 457539 0.000306
388 197 3 100 399345 0.000306
203 64 3 100 21391 0.000306
266 360 3 100 25367 0.000306
403 258 3 100 18182 0.000307
177 176 3 100 138506 0.000307
80 370 3 100 8497 0.000307
75 396 3 100 43457 0.000307
95 35 3 100 204136 0.000307
168 234 3 100 27632 0.000307
154 389 3 100 23449 0.000308
364 185 3 100 85150 0.000309
363 380 3 100 4007 0.000309
114 384 3 100 43969 0.000309
352 190 3 100 310096 0.000309
77 165 3 100 39852 0.000310
355 214 3 100 34023 0.000310
137 211 3 100 20329 0.000310
169 250 3 100 26566 0.000310
331 105 3 100 16229 0.000310
213 112 3 100 154165 0.000310
386 188 3 100 28619 0.000310
237 118 3 100 43099 0.000310
124 219 3 100 42850 0.000310
113 305 3 100 27737 0.000310
324 151 3 100 11898 0.000311
123 366 3 100 38773 0.000311
31 37 3 100 24310 0.000311
121 171 3 100 42159 0.000311
66 374 3 100 20758 0.000311
364 327 3 100 38676 0.000311
384 295 3 100 18397 0.000312
67 80 3 100 426876 0.000312
157 218 3 100 13301 0.000312
163 318 3 100 28017 0.000312
296 154 3 100 32856 0.000312
301 223 3 100 39767 0.000312
110 183 3 100 235246 0.000313
263 195 3 100 37688 0.000313
27 310 3 100 14090 0.000313
232 191 3 100 44541 0.000313
303 160 3 100 6534 0.000313
282 349 3 100 6225 0.000313
127 77 3 100 1559 0.000314
210 331 3 100 26570 0.000314
72 235 3 100 19747 0.000314
183 85 3 100 23 0.000314
202 347 3 100 299447 0.000314
284 125 3 100 34226 0.000314
343 369 3 100 31100 0.000315
388 300 3 100 28303 0.000315
196 85 3 100 13930 0.000315
312 289 3 100 460024 0.000315
397 228 3 100 279850 0.000315
366 112 3 100 42916 0.000315
397 151 3 100 29472 0.000315
159 326 3 100 6162 0.000316
306 126 3 100 16045 0.000316
122 76 3 100 12754 0.000316
242 276 3 100 98241 0.000316
370 310 3 100 25396 0.000316
279 293 3 100 33105 0.000316
80 210 3 100 19272 0.000317
125 317 3 100 11397 0.000317
403 75 3 100 32933 0.000317
40 258 3 100 37921 0.000317
25 252 3 100 7246 0.000317
111 251 3 100 8523 0.000317
269 403 3 100 16541 0.000318
104 154 3 100 25094 0.000318
241 387 3 100 689 0.000318
242 189 3 100 3567 0.000318
41 131 3 100 8486 0.000318
253 184 3 100 4428 0.000318
202 293 3 100 7293 0.000319
382 316 3 100 17062 0.000319
33 349 3 100 3973 0.000319
262 342 3 100 42755 0.000319
258 276 3 100 40949 0.000319
362 173 3 100 14721 0.000319
223 321 3 100 45405 0.000319
216 192 3 100 20183 0.000319
337 299 3 100 36717 0.000319
189 238 3 100 31014 0.000319
285 119 3 100 8371 0.000320
373 177 3 100 4332 0.000320
214 192 3 100 11188 0.000320
201 322 3 100 6479 0.000320
383 54 3 100 31484 0.000320
188 43 3 100 29825 0.000320
158 67 3 100 30097 0.000320
123 72 3 100 34685 0.000321
315 124 3 100 16240 0.000321
142 65 3 100 356288 0.000321
57 178 3 100 23486 0.000321
210 287 3 100 30633 0.000321
73 269 3 100 43584 0.000321
148 216 3 100 35501 0.000321
338 366 3 100 44659 0.000321
22 35 3 100 44041 0.000322
211 89 3 100 10998 0.000322
305 358 3 100 25344 0.000322
251 349 3 100 115073 0.000322
54 383 3 100 17505 0.000323
219 25 3 100 112635 0.000323
366 195 3 100 4724 0.000323
28 121 3 100 6970 0.000323
240 192 3 100 4975 0.000323
300 296 3 100 270443 0.000323
108 52 3 100 37496 0.000323
129 145 3 100 11419 0.000323
90 309 3 100 42577 0.000323
79 192 3 100 42753 0.000323
296 272 3 100 2927 0.000324
340 344 3 100 25273 0.000324
327 292 3 100 11039 0.000324
39 104 3 100 41430 0.000324
176 352 3 100 12248 0.000324
253 344 3 100 42912 0.000324
327 29 3 100 9387 0.000324
57 162 3 100 14472 0.000324
313 124 3 100 260303 0.000324
360 98 3 100 5726 0.000325
129 332 3 100 7159 0.000325
144 29 3 100 43902 0.000325
145 151 3 100 35068 0.000325
342 365 3 100 43516 0.000325
38 248 3 100 62049 0.000325
173 399 3 100 366096 0.000325
331 133 3 100 32730 0.000325
162 299 3 100 257185 0.000325
395 94 3 100 29288 0.000325
366 48 3 100 183823 0.000325
123 94 3 100 8054 0.000325
68 67 3 100 22418 0.000326
198 162 3 100 5672 0.000326
97 189 3 100 34028 0.000326
134 21 3 100 201136 0.000326
64 217 3 100 27933 0.000326
175 83 3 100 17992 0.000327
114 310 3 100 7944 0.000327
41 188 3 100 440666 0.000327
49 118 3 100 12853 0.000328
30 100 3 100 14564 0.000328
325 222 3 100 78268 0.000328
318 72 3 100 44225 0.000328
146 339 3 100 20111 0.000329
361 284 3 100 36223 0.000329
267 396 3 100 30769 0.000329
48 102 3 100 26950 0.000329
60 349 3 100 14784 0.000330
316 392 3 100 21877 0.000330
348 176 3 100 32567 0.000330
111 353 3 100 14910 0.000330
317 178 3 100 26395 0.000330
306 340 3 100 9047 0.000330
341 114 3 100 32114 0.000330
42 236 3 100 1525 0.000330
268 209 3 100 42757 0.000331
65 214 3 100 152213 0.000331
379 91 3 100 177774 0.000331
211 205 3 100 1617 0.000331
63 397 3 100 37041 0.000332
187 147 3 100 146875 0.000332
255 107 3 100 20395 0.000332
336 290 3 100 28935 0.000332
171 264 3 100 38694 0.000332
150 337 3 100 238158 0.000332
266 143 3 100 39450 0.000332
36 297 3 100 3639 0.000332
144 188 3 100 43140 0.000332
126 300 3 100 16172 0.000332
214 400 3 100 34409 0.000333
128 310 3 100 2916 0.000333
399 294 3 100 235488 0.000333
36 115 3 100 4642 0.000333
164 109 3 100 44254 0.000334
101 348 3 100 17844 0.000334
45 100 3 100 21890 0.000334
331 221 3 100 28107 0.000334
47 180 3 100 20578 0.000334
67 108 3 100 443381 0.000334
51 77 3 100 33266 0.000334
89 133 3 100 19 0.000334
288 113 3 100 4810 0.000335
60 253 3 100 20402 0.000335
68 134 3 100 9368 0.000335
148 20 3 100 11035 0.000335
168 386 3 100 359332 0.000335
286 219 3 100 22552 0.000335
212 124 3 100 39270 0.000336
243 64 3 100 297033 0.000336
230 378 3 100 27634 0.000336
240 38 3 100 21399 0.000336
235 160 3 100 26907 0.000336
238 354 3 100 690 0.000336
282 302 3 100 101038 0.000336
188 107 3 100 45310 0.000337
185 218 3 100 19971 0.000337
105 118 3 100 37763 0.000337
131 299 3 100 29207 0.000338
324 262 3 100 17720 0.000338
376 349 3 100 140873 0.000338
359 273 3 100 8117 0.000338
106 303 3 100 342 0.000338
337 180 3 100 11059 0.000338
402 262 3 100 6533 0.000338
211 34 3 100 144588 0.000339
172 187 3 100 1580 0.000339
303 328 3 100 5248 0.000339
52 390 3 100 1936 0.000339
352 292 3 100 182509 0.000339
206 152 3 100 20123 0.000339
134 163 3 100 218408 0.000339
265 88 3 100 324985 0.000339
175 26 3 100 17396 0.000340
276 314 3 100 28906 0.000340
397 262 3 100 24442 0.000340
198 330 3 100 9753 0.000340
40 91 3 100 8263 0.000341
106 335 3 100 18967 0.000341
108 26 3 100 45814 0.000341
154 111 3 100 30853 0.000341
21 400 3 100 24365 0.000341
135 208 3 100 24344 0.000341
50 340 3 100 1786 0.000341
22 134 3 100 37269 0.000341
173 258 3 100 32135 0.000342
44 128 3 100 28184 0.000342
267 60 3 100 19787 0.000342
370 215 3 100 36380 0.000342
203 53 3 100 25242 0.000342
348 50 3 100 37973 0.000342
62 401 3 100 290886 0.000342
36 388 3 100 6495 0.000342
160 393 3 100 2007 0.000343
284 200 3 100 12220 0.000344
257 129 3 100 1570 0.000344
351 194 3 100 16199 0.000344
73 337 3 100 248 0.000344
166 366 3 100 31863 0.000344
191 70 3 100 34890 0.000344
307 319 3 100 21737 0.000345
378 22 3 100 218505 0.000345
282 181 3 100 412381 0.000345
284 168 3 100 11143 0.000345
304 387 3 100 28830 0.000345
393 287 3 100 3733 0.000346
70 189 3 100 18622 0.000346
136 327 3 100 103602 0.000347
138 258 3 100 8639 0.000347
134 291 3 100 38553 0.000348
209 212 3 100 156068 0.000348
151 111 3 100 11680 0.000348
334 91 3 100 36842 0.000348
151 77 3 100 8695 0.000348
140 186 3 100 33274 0.000348
162 157 3 100 36083 0.000348
312 200 3 100 32039 0.000348
58 127 3 100 41900 0.000348
267 259 3 100 10181 0.000349
353 255 3 100 315298 0.000349
392 317 3 100 21402 0.000349
62 231 3 100 34375 0.000349
284 162 3 100 17819 0.000350
61 336 3 100 21047 0.000350
78 344 3 100 7683 0.000350
375 308 3 100 13919 0.000350
239 25 3 100 403812 0.000350
146 373 3 100 7273 0.000350
161 358 3 100 32804 0.000350
355 196 3 100 6506 0.000351
112 311 3 100 20667 0.000351
265 374 3 100 5793 0.000351
78 211 3 100 36658 0.000351
146 175 3 100 186457 0.000352
251 170 3 100 6932 0.000352
317 354 3 100 14675 0.000352
143 303 3 100 457916 0.000352
292 33 3 100 16504 0.000352
238 313 3 100 4976 0.000353
331 110 3 100 22052 0.000353
357 216 3 100 398203 0.000353
385 165 3 100 439987 0.000353
103 161 3 100 31160 0.000353
265 119 3 100 22830 0.000354
327 69 3 100 1390 0.000354
403 142 3 100 43622 0.000354
225 369 3 100 28363 0.000354
64 370 3 100 18604 0.000354
196 341 3 100 14712 0.000354
167 148 3 100 17631 0.000354
199 142 3 100 18670 0.000355
245 153 3 100 6229 0.000355
264 214 3 100 28387 0.000355
178 87 3 100 25782 0.000355
57 328 3 100 241728 0.000355
350 45 3 100 11730 0.000355
30 329 3 100 35956 0.000355
139 346 3 100 45353 0.000355
24 259 3 100 13126 0.000355
182 30 3 100 38261 0.000355
95 328 3 100 45014 0.000356
304 50 3 100 4307 0.000356
205 348 3 100 99953 0.000356
339 202 3 100 277533 0.000356
167 139 3 100 4841 0.000356
116 42 3 100 42133 0.000356
304 251 3 100 17104 0.000357
347 84 3 100 156506 0.000357
246 54 3 100 40549 0.000357
356 141 3 100 21768 0.000357
31 111 3 100 26997 0.000357
299 331 3 100 24331 0.000357
202 179 3 100 131100 0.000358
364 398 3 100 39290 0.000358
391 296 3 100 12519 0.000358
46 291 3 100 31047 0.000358
199 187 3 100 33929 0.000358
353 239 3 100 4164 0.000359
56 52 3 100 18116 0.000359
389 269 3 100 30860 0.000359
181 186 3 100 116656 0.000359
279 82 3 100 5010 0.000359
279 186 3 100 150079 0.000360
361 225 3 100 2789 0.000360
362 39 3 100 40362 0.000360
320 271 3 100 6174 0.000360
260 71 3 100 31350 0.000361
176 345 3 100 2145 0.000361
92 205 3 100 16299 0.000361
170 241 3 100 445886 0.000361
106 125 3 100 6126 0.000361
264 196 3 100 45178 0.000361
101 149 3 100 25764 0.000361
224 300 3 100 4910 0.000361
335 295 3 100 16348 0.000361
371 257 3 100 31181 0.000361
342 103 3 100 41321 0.000362
31 42 3 100 2624 0.000362
306 202 3 100 45655 0.000362
118 57 3 100 42352 0.000362
280 25 3 100 8772 0.000362
248 249 3 100 1040 0.000362
94 96 3 100 14201 0.000362
227 276 3 100 19023 0.000362
253 194 3 100 10588 0.000363
130 302 3 100 7761 0.000363
144 49 3 100 19218 0.000363
397 54 3 100 136808 0.000363
316 50 3 100 23094 0.000363
206 173 3 100 42418 0.000363
316 109 3 100 8751 0.000363
366 167 3 100 33029 0.000364
166 375 3 100 19976 0.000364
325 47 3 100 31282 0.000365
33 298 3 100 38673 0.000365
193 109 3 100 30374 0.000365
76 307 3 100 38100 0.000365
176 141 3 100 14484 0.000365
279 355 3 100 17981 0.000365
258 108 3 100 15671 0.000365
305 220 3 100 78437 0.000365
111 285 3 100 11005 0.000366
265 225 3 100 38538 0.000366
204 203 3 100 422119 0.000366
196 253 3 100 202 0.000366
216 121 3 100 8824 0.000367
386 299 3 100 33063 0.000367
189 75 3 100 35365 0.000367
262 62 3 100 4488 0.000367
246 313 3 100 43957 0.000367
101 56 3 100 131740 0.000368
289 218 3 100 7499 0.000368
324 328 3 100 29901 0.000368
59 317 3 100 3276 0.000368
375 265 3 100 37977 0.000369
117 124 3 100 26368 0.000369
54 276 3 100 5727 0.000369
71 378 3 100 38025 0.000369
393 99 3 100 91784 0.000369
273 135 3 100 270541 0.000369
256 377 3 100 21156 0.000369
385 225 3 100 21992 0.000370
77 376 3 100 12521 0.000371
398 94 3 100 32084 0.000371
160 199 3 100 40449 0.000371
78 230 3 100 28693 0.000371
235 360 3 100 9024 0.000371
86 154 3 100 11010 0.000371
296 400 3 100 1440 0.000371
38 139 3 100 26528 0.000371
128 225 3 100 21429 0.000372
371 338 3 100 204007 0.000372
399 81 3 100 16200 0.000372
73 140 3 100 21487 0.000372
333 252 3 100 44604 0.000372
339 215 3 100 37290 0.000372
187 364 3 100 435691 0.000372
128 271 3 100 5964 0.000373
140 208 3 100 20598 0.000373
173 249 3 100 18670 0.000373
65 47 3 100 284301 0.000373
349 286 3 100 28876 0.000373
306 349 3 100 376498 0.000373
325 367 3 100 34563 0.000373
100 379 3 100 7311 0.000374
258 330 3 100 146047 0.000374
402 20 3 100 158299 0.000374
205 136 3 100 35114 0.000374
288 219 3 100 13950 0.000374
144 45 3 100 1122 0.000375
367 283 3 100 21478 0.000375
195 26 3 100 29118 0.000375
222 256 3 100 451167 0.000375
363 156 3 100 24730 0.000375
173 83 3 100 39917 0.000375
36 54 3 100 16614 0.000376
80 359 3 100 25799 0.000376
235 160 3 100 20282 0.000377
373 38 3 100 288610 0.000377
260 112 3 100 17720 0.000377
218 34 3 100 17488 0.000377
172 71 3 100 38818 0.000377
157 305 3 100 10542 0.000377
138 263 3 100 32830 0.000377
135 175 3 100 19810 0.000377
179 205 3 100 14066 0.000377
213 345 3 100 22236 0.000377
268 331 3 100 22755 0.000378
288 185 3 100 20903 0.000378
167 49 3 100 85976 0.000378
265 151 3 100 2914 0.000378
277 257 3 100 314187 0.000378
173 95 3 100 419697 0.000379
26 200 3 100 81382 0.000379
340 137 3 100 34046 0.000379
301 145 3 100 17375 0.000379
161 36 3 100 30002 0.000379
152 147 3 100 130274 0.000379
158 313 3 100 30763 0.000379
302 204 3 100 119984 0.000379
204 196 3 100 35925 0.000379
238 174 3 100 43845 0.000380
221 23 3 100 39281 0.000380
399 103 3 100 10159 0.000380
370 133 3 100 35900 0.000380
181 374 3 100 7575 0.000381
375 282 3 100 13512 0.000381
401 293 3 100 25774 0.000381
274 51 3 100 36198 0.000381
183 285 3 100 34394 0.000381
371 53 3 100 7135 0.000381
157 94 3 100 19752 0.000381
39 187 3 100 301408 0.000381
100 116 3 100 4218 0.000382
196 104 3 100 16847 0.000382
390 236 3 100 3285 0.000382
92 305 3 100 31168 0.000382
69 289 3 100 35234 0.000382
396 221 3 100 7675 0.000383
109 202 3 100 11138 0.000383
164 228 3 100 81419 0.000383
24 88 3 100 31897 0.000383
272 92 3 100 24079 0.000383
272 103 3 100 45884 0.000383
50 243 3 100 30887 0.000383
333 65 3 100 29063 0.000383
156 60 3 100 176088 0.000383
261 89 3 100 36816 0.000384
213 307 3 100 327335 0.000384
90 173 3 100 1998 0.000384
237 348 3 100 443919 0.000384
119 61 3 100 40253 0.000384
230 51 3 100 382509 0.000385
131 183 3 100 3839 0.000385
337 69 3 100 34770 0.000385
113 396 3 100 410807 0.000385
25 123 3 100 10221 0.000385
107 58 3 100 21984 0.000385
272 178 3 100 18846 0.000385
32 181 3 100 26169 0.000386
86 395 3 100 33805 0.000386
131 345 3 100 34702 0.000386
364 303 3 100 36883 0.000386
262 79 3 100 10646 0.000386
297 199 3 100 16739 0.000386
55 100 3 100 378325 0.000386
70 260 3 100 109227 0.000387
34 254 3 100 13200 0.000387
338 348 3 100 404873 0.000387
60 224 3 100 13586 0.000387
252 280 3 100 38806 0.000387
256 279 3 100 379457 0.000387
269 265 3 100 413872 0.000387
54 276 3 100 411438 0.000387
84 160 3 100 29158 0.000388
210 54 3 100 20104 0.000388
333 303 3 100 31425 0.000388
85 335 3 100 27409 0.000389
304 141 3 100 39220 0.000389
206 227 3 100 27738 0.000389
284 352 3 100 30857 0.000389
269 197 3 100 757 0.000389
66 380 3 100 34315 0.000389
400 222 3 100 273603 0.000389
165 233 3 100 21662 0.000390
330 233 3 100 4690 0.000390
339 341 3 100 44064 0.000390
95 105 3 100 37472 0.000390
151 162 3 100 13376 0.000390
399 151 3 100 8486 0.000390
34 321 3 100 190568 0.000390
62 70 3 100 357457 0.000391
309 128 3 100 283077 0.000391
359 28 3 100 29253 0.000391
49 37 3 100 38060 0.000391
220 395 3 100 32707 0.000391
46 146 3 100 45555 0.000391
100 324 3 100 107096 0.000391
108 401 3 100 4941 0.000392
234 149 3 100 1334 0.000392
88 80 3 100 23085 0.000392
291 348 3 100 250074 0.000392
259 203 3 100 17345 0.000392
333 369 3 100 25771 0.000392
353 102 3 100 41476 0.000393
206 322 3 100 44696 0.000393
61 108 3 100 37752 0.000393
273 337 3 100 207638 0.000394
75 350 3 100 372 0.000394
254 399 3 100 11612 0.000394
276 108 3 100 12776 0.000394
300 78 3 100 387805 0.000394
34 352 3 100 3673 0.000394
303 145 3 100 302 0.000394
218 248 3 100 26005 0.000394
68 117 3 100 338681 0.000394
57 104 3 100 39248 0.000395
336 119 3 100 15920 0.000395
263 113 3 100 98327 0.000395
345 49 3 100 23459 0.000395
108 65 3 100 27137 0.000395
167 274 3 100 320758 0.000396
57 226 3 100 7194 0.000396
392 379 3 100 3057 0.000396
397 52 3 100 40219 0.000397
195 284 3 100 3432 0.000397
273 278 3 100 7757 0.000397
201 335 3 100 24075 0.000397
281 169 3 100 12783 0.000397
236 341 3 100 9817 0.000397
264 224 3 100 40975 0.000397
26 280 3 100 30159 0.000397
196 87 3 100 4188 0.000398
320 398 3 100 33748 0.000398
164 332 3 100 42200 0.000398
30 311 3 100 3953 0.000399
31 354 3 100 27257 0.000399
209 187 3 100 12274 0.000399
308 349 3 100 33112 0.000399
368 104 3 100 4440 0.000399
236 249 3 100 30652 0.000400
306 286 3 100 15740 0.000400
179 38 3 100 16624 0.000400
197 371 3 100 27727 0.000400
51 23 3 100 18362 0.000400
347 64 3 100 5669 0.000400
216 389 3 100 149027 0.000401
169 352 3 100 32861 0.000401
275 151 3 100 412948 0.000401
71 127 3 100 6935 0.000401
260 285 3 100 8341 0.000401
142 148 3 100 163810 0.000402
256 202 3 100 29675 0.000402
76 184 3 100 389483 0.000402
241 339 3 100 45961 0.000402
85 22 3 100 15897 0.000402
57 314 3 100 2227 0.000402
378 258 3 100 28225 0.000402
378 93 3 100 131170 0.000402
392 333 3 100 382530 0.000402
322 275 3 100 1674 0.000403
340 308 3 100 24579 0.000403
293 315 3 100 24564 0.000403
48 66 3 100 13288 0.000404
131 224 3 100 28246 0.000404
103 307 3 100 15226 0.000405
386 204 3 100 7506 0.000405
139 207 3 100 52729 0.000405
99 243 3 100 25218 0.000405
354 385 3 100 420782 0.000405
136 138 3 100 17821 0.000405
361 339 3 100 37839 0.000405
71 353 3 100 189267 0.000406
403 158 3 100 28642 0.000406
38 137 3 100 14026 0.000406
276 356 3 100 2768 0.000406
114 168 3 100 851 0.000406
208 92 3 100 9022 0.000406
151 166 3 100 20483 0.000406
153 136 3 100 28868 0.000407
229 252 3 100 21009 0.000407
392 323 3 100 15038 0.000407
253 350 3 100 443235 0.000407
396 24 3 100 16637 0.000407
153 38 3 100 5796 0.000407
395 66 3 100 3298 0.000407
138 77 3 100 40696 0.000407
106 134 3 100 43783 0.000408
235 356 3 100 90081 0.000408
242 250 3 100 5816 0.000408
152 106 3 100 96557 0.000408
109 269 3 100 257274 0.000409
182 391 3 100 33273 0.000409
220 367 3 100 38878 0.000409
99 267 3 100 18908 0.000409
87 310 3 100 20316 0.000409
325 216 3 100 42682 0.000409
160 164 3 100 27428 0.000410
22 169 3 100 107615 0.000410
134 398 3 100 29293 0.000410
54 48 3 100 39485 0.000410
105 160 3 100 948 0.000410
310 78 3 100 31860 0.000410
290 60 3 100 349170 0.000410
186 258 3 100 43261 0.000410
128 290 3 100 334858 0.000411
248 393 3 100 10134 0.000411
133 32 3 100 492 0.000411
294 237 3 100 13705 0.000412
20 312 3 100 8137 0.000412
365 279 3 100 3077 0.000412
54 277 3 100 43971 0.000412
296 308 3 100 35660 0.000412
93 272 3 100 36091 0.000412
340 144 3 100 1711 0.000412
374 295 3 100 9243 0.000412
381 43 3 100 32215 0.000413
275 134 3 100 13187 0.000413
81 170 3 100 8559 0.000413
181 51 3 100 12492 0.000413
141 122 3 100 4645 0.000413
175 36 3 100 16031 0.000413
311 376 3 100 18384 0.000413
322 87 3 100 23652 0.000413
249 276 3 100 112503 0.000414
382 193 3 100 23909 0.000414
75 347 3 100 30600 0.000414
269 303 3 100 22867 0.000414
347 354 3 100 2531 0.000415
231 249 3 100 35758 0.000415
335 38 3 100 37131 0.000415
134 34 3 100 35519 0.000416
224 287 3 100 15790 0.000416
100 296 3 100 17307 0.000416
309 278 3 100 5807 0.000416
26 267 3 100 33313 0.000416
178 61 3 100 8331 0.000416
179 321 3 100 35698 0.000417
239 345 3 100 23975 0.000417
330 246 3 100 14654 0.000417
211 141 3 100 8879 0.000417
274 314 3 100 39915 0.000418
348 168 3 100 26229 0.000418
219 353 3 100 25851 0.000418
286 138 3 100 36347 0.000419
100 246 3 100 3493 0.000419
242 21 3 100 21556 0.000419
397 342 3 100 351 0.000419
274 193 3 100 21292 0.000419
339 330 3 100 26358 0.000419
398 70 3 100 154584 0.000420
99 22 3 100 23027 0.000420
194 167 3 100 11824 0.000420
161 113 3 100 17540 0.000421
48 280 3 100 44561 0.000421
374 280 3 100 32629 0.000421
285 301 3 100 1919 0.000421
282 50 3 100 41354 0.000422
54 180 3 100 157435 0.000422
360 29 3 100 1285 0.000422
107 64 3 100 6904 0.000422
121 307 3 100 27904 0.000422
370 360 3 100 42139 0.000422
234 127 3 100 30759 0.000423
307 274 3 100 5783 0.000423
241 320 3 100 21236 0.000423
76 358 3 100 32465 0.000424
330 209 3 100 60441 0.000424
48 295 3 100 16152 0.000424
98 325 3 100 4900 0.000424
300 36 3 100 3781 0.000425
280 133 3 100 1350 0.000425
339 396 3 100 18345 0.000425
71 389 3 100 120125 0.000425
251 363 3 100 21501 0.000425
121 240 3 100 40635 0.000426
382 118 3 100 837 0.000426
236 123 3 100 17222 0.000426
253 219 3 100 36259 0.000426
77 88 3 100 30780 0.000426
84 75 3 100 18604 0.000427
171 264 3 100 7471 0.000427
222 304 3 100 40774 0.000427
217 302 3 100 315575 0.000427
325 222 3 100 26016 0.000427
321 52 3 100 39323 0.000427
202 327 3 100 25472 0.000427
175 313 3 100 13067 0.000427
168 59 3 100 38459 0.000427
104 34 3 100 21746 0.000427
166 237 3 100 7010 0.000428
83 180 3 100 3324 0.000428
28 261 3 100 335335 0.000428
349 104 3 100 21302 0.000429
366 402 3 100 174726 0.000429
325 90 3 100 26738 0.000429
106 92 3 100 27572 0.000429
124 108 3 100 393776 0.000429
294 115 3 100 133343 0.000430
392 193 3 100 1954 0.000430
254 343 3 100 39957 0.000430
229 289 3 100 5317 0.000430
200 219 3 100 21062 0.000430
242 367 3 100 25419 0.000430
229 282 3 100 20468 0.000431
157 122 3 100 11698 0.000431
177 204 3 100 20070 0.000431
272 91 3 100 18939 0.000431
384 105 3 100 4861 0.000431
71 23 3 100 272923 0.000431
359 43 3 100 26990 0.000432
314 36 3 100 30939 0.000432
388 330 3 100 1606 0.000432
320 351 3 100 37053 0.000432
157 382 3 100 11314 0.000433
127 123 3 100 180366 0.000433
268 50 3 100 32027 0.000433
145 369 3 100 7940 0.000433
343 77 3 100 31650 0.000433
202 180 3 100 27799 0.000434
175 380 3 100 131 0.000434
391 357 3 100 30584 0.000434
46 242 3 100 36120 0.000434
395 385 3 100 254206 0.000434
250 334 3 100 205297 0.000434
341 56 3 100 5425 0.000434
288 77 3 100 8955 0.000435
212 219 3 100 106067 0.000435
116 371 3 100 1096 0.000435
156 101 3 100 23222 0.000435
184 246 3 100 3026 0.000435
392 208 3 100 1740 0.000436
296 120 3 100 7258 0.000436
131 225 3 100 7348 0.000436
34 400 3 100 32436 0.000436
28 142 3 100 618 0.000436
258 268 3 100 38855 0.000436
75 186 3 100 26386 0.000436
236 87 3 100 22415 0.000437
363 48 3 100 42857 0.000437
227 402 3 100 2492 0.000437
48 321 3 100 42647 0.000437
254 56 3 100 4785 0.000437
243 151 3 100 30557 0.000437
108 281 3 100 2105 0.000437
52 313 3 100 20040 0.000438
287 107 3 100 122292 0.000438
91 251 3 100 295530 0.000438
42 234 3 100 39569 0.000439
361 180 3 100 40003 0.000439
340 323 3 100 21254 0.000439
172 384 3 100 14907 0.000439
206 252 3 100 41817 0.000439
347 363 3 100 38326 0.000439
217 130 3 100 696 0.000440
263 182 3 100 16952 0.000440
343 86 3 100 42977 0.000440
292 356 3 100 37395 0.000440
324 136 3 100 413328 0.000440
313 150 3 100 40251 0.000440
226 300 3 100 19707 0.000441
345 376 3 100 14345 0.000441
167 192 3 100 18290 0.000441
93 260 3 100 34225 0.000442
179 213 3 100 12425 0.000442
162 346 3 100 37248 0.000442
320 144 3 100 37509 0.000442
173 268 3 100 23776 0.000442
173 385 3 100 9470 0.000442
272 209 3 100 40082 0.000442
389 58 3 100 39344 0.000442
221 266 3 100 19741 0.000442
319 344 3 100 8633 0.000442
257 227 3 100 9823 0.000443
147 277 3 100 315681 0.000443
333 217 3 100 2404 0.000443
60 31 3 100 205844 0.000443
184 374 3 100 25573 0.000444
197 261 3 100 24223 0.000444
338 71 3 100 158365 0.000444
356 215 3 100 17760 0.000444
310 66 3 100 23117 0.000444
331 22 3 100 37538 0.000444
126 42 3 100 14585 0.000444
109 371 3 100 19998 0.000445
41 199 3 100 41406 0.000445
284 31 3 100 26971 0.000445
214 261 3 100 866 0.000445
377 260 3 100 11653 0.000445
148 58 3 100 41439 0.000445
114 121 3 100 255414 0.000445
292 348 3 100 23022 0.000446
53 113 3 100 43192 0.000446
85 240 3 100 32158 0.000446
75 41 3 100 93414 0.000446
290 244 3 100 136027 0.000446
396 279 3 100 2331 0.000447
349 367 3 100 20969 0.000447
37 378 3 100 71999 0.000447
229 29 3 100 20428 0.000447
31 65 3 100 311219 0.000447
224 113 3 100 29172 0.000447
354 242 3 100 25428 0.000448
49 304 3 100 37389 0.000448
342 402 3 100 39706 0.000448
73 331 3 100 17996 0.000448
78 220 3 100 4833 0.000448
374 84 3 100 232002 0.000448
71 356 3 100 16922 0.000448
63 342 3 100 27609 0.000448
397 202 3 100 4342 0.000448
247 385 3 100 24849 0.000449
221 238 3 100 5559 0.000449
114 136 3 100 263050 0.000450
251 64 3 100 966 0.000450
264 182 3 100 37028 0.000450
342 274 3 100 3227 0.000450
304 187 3 100 5356 0.000450
318 351 3 100 43088 0.000450
62 292 3 100 31040 0.000450
350 108 3 100 12090 0.000450
135 313 3 100 42571 0.000450
219 200 3 100 197106 0.000451
178 349 3 100 58635 0.000451
253 198 3 100 42278 0.000451
33 201 3 100 134804 0.000451
400 307 3 100 44730 0.000451
78 85 3 100 36525 0.000452
400 48 3 100 22241 0.000452
96 355 3 100 30039 0.000452
289 193 3 100 7891 0.000452
24 386 3 100 9359 0.000452
338 121 3 100 42068 0.000452
376 211 3 100 24993 0.000452
363 264 3 100 4593 0.000453
395 281 3 100 4143 0.000453
156 66 3 100 25905 0.000453
219 42 3 100 26804 0.000454
393 130 3 100 18305 0.000454
212 114 3 100 42644 0.000454
50 163 3 100 363343 0.000454
188 194 3 100 17819 0.000454
116 309 3 100 21980 0.000454
84 169 3 100 11369 0.000455
32 324 3 100 10742 0.000455
175 141 3 100 14288 0.000455
30 223 3 100 40319 0.000455
123 169 3 100 40424 0.000455
173 157 3 100 9798 0.000455
363 403 3 100 243311 0.000456
318 78 3 100 135939 0.000456
173 247 3 100 27251 0.000456
38 143 3 100 73729 0.000456
86 383 3 100 34854 0.000456
129 300 3 100 17377 0.000456
326 171 3 100 15220 0.000457
255 79 3 100 11079 0.000457
73 297 3 100 3495 0.000457
388 118 3 100 45236 0.000457
218 92 3 100 31042 0.000457
52 340 3 100 40150 0.000457
270 218 3 100 92750 0.000458
401 312 3 100 36374 0.000458
133 292 3 100 425870 0.000458
84 118 3 100 27809 0.000458
260 183 3 100 29598 0.000458
396 270 3 100 30539 0.000458
104 290 3 100 25283 0.000459
86 282 3 100 7893 0.000459
227 69 3 100 295259 0.000460
294 329 3 100 37081 0.000460
60 54 3 100 28996 0.000460
364 375 3 100 40385 0.000460
196 27 3 100 45615 0.000460
225 272 3 100 7676 0.000460
300 191 3 100 385124 0.000460
142 350 3 100 21455 0.000460
310 101 3 100 19377 0.000461
300 304 3 100 144690 0.000461
340 114 3 100 14799 0.000461
144 186 3 100 29379 0.000461
97 205 3 100 187313 0.000462
132 180 3 100 11098 0.000462
225 165 3 100 6521 0.000462
128 139 3 100 22857 0.000462
189 389 3 100 20409 0.000462
318 316 3 100 29563 0.000462
299 52 3 100 40445 0.000462
280 276 3 100 283835 0.000462
68 388 3 100 42128 0.000463
68 234 3 100 24780 0.000463
281 187 3 100 226642 0.000463
326 389 3 100 389938 0.000464
138 31 3 100 13529 0.000464
83 355 3 100 39579 0.000464
238 396 3 100 21954 0.000464
149 345 3 100 24655 0.000464
398 67 3 100 29720 0.000464
259 150 3 100 37694 0.000465
59 82 3 100 30869 0.000465
205 334 3 100 294100 0.000465
267 92 3 100 446566 0.000466
322 26 3 100 40136 0.000466
138 223 3 100 34002 0.000466
172 22 3 100 29989 0.000466
60 359 3 100 43197 0.000467
149 391 3 100 23756 0.000467
82 183 3 100 38665 0.000467
400 388 3 100 36478 0.000467
193 394 3 100 262953 0.000468
46 74 3 100 42879 0.000468
47 329 3 100 25956 0.000468
146 172 3 100 13312 0.000468
87 53 3 100 44927 0.000468
329 87 3 100 216526 0.000469
198 184 3 100 43496 0.000469
86 122 3 100 27158 0.000469
158 355 3 100 39460 0.000469
27 390 3 100 21823 0.000470
106 242 3 100 27171 0.000470
131 90 3 100 7570 0.000470
277 138 3 100 444597 0.000470
389 132 3 100 368534 0.000470
85 300 3 100 794 0.000470
339 184 3 100 435232 0.000470
93 72 3 100 32951 0.000471
88 379 3 100 24037 0.000471
225 386 3 100 15003 0.000471
398 138 3 100 35527 0.000471
92 257 3 100 5013 0.000471
100 294 3 100 11863 0.000471
288 113 3 100 371436 0.000471
244 117 3 100 319208 0.000471
385 301 3 100 6230 0.000471
236 338 3 100 84097 0.000471
369 164 3 100 6717 0.000471
47 203 3 100 246764 0.000472
298 370 3 100 7018 0.000472
217 154 3 100 33074 0.000472
183 237 3 100 5145 0.000472
185 294 3 100 6794 0.000473
377 177 3 100 380200 0.000473
50 201 3 100 327189 0.000473
308 306 3 100 11865 0.000473
44 355 3 100 27655 0.000473
176 58 3 100 20904 0.000473
393 397 3 100 3162 0.000473
40 331 3 100 39002 0.000473
145 346 3 100 42245 0.000473
266 148 3 100 43633 0.000474
91 275 3 100 21126 0.000474
263 111 3 100 278092 0.000474
178 141 3 100 30658 0.000474
230 104 3 100 260424 0.000474
188 261 3 100 4551 0.000474
385 260 3 100 91554 0.000474
196 381 3 100 34529 0.000475
305 285 3 100 11623 0.000475
173 73 3 100 417335 0.000475
359 60 3 100 208172 0.000475
123 399 3 100 12282 0.000475
109 318 3 100 110354 0.000476
275 352 3 100 45839 0.000476
124 159 3 100 129379 0.000476
129 73 3 100 214100 0.000477
84 402 3 100 221146 0.000477
103 330 3 100 34396 0.000477
108 49 3 100 33051 0.000477
396 150 3 100 5729 0.000477
278 342 3 100 35640 0.000477
182 127 3 100 458199 0.000477
314 187 3 100 54271 0.000477
317 245 3 100 44868 0.000477
384 187 3 100 378684 0.000477
128 320 3 100 19447 0.000478
43 68 3 100 112577 0.000478
119 372 3 100 10713 0.000478
117 252 3 100 76288 0.000478
260 135 3 100 399531 0.000478
333 183 3 100 4708 0.000478
203 110 3 100 34815 0.000478
290 242 3 100 34647 0.000479
238 265 3 100 7519 0.000479
38 263 3 100 13234 0.000479
321 145 3 100 29080 0.000479
388 348 3 100 2592 0.000479
180 337 3 100 160287 0.000479
92 396 3 100 37707 0.000479
161 143 3 100 13929 0.000479
281 178 3 100 1526 0.000480
313 381 3 100 39138 0.000480
352 384 3 100 19286 0.000480
197 233 3 100 19663 0.000480
349 251 3 100 25987 0.000480
171 365 3 100 14262 0.000480
175 182 3 100 9018 0.000481
344 154 3 100 35492 0.000481
271 97 3 100 1886 0.000481
99 36 3 100 40796 0.000481
215 83 3 100 6539 0.000481
60 28 3 100 8360 0.000481
123 251 3 100 337128 0.000481
120 214 3 100 1347 0.000482
127 160 3 100 392892 0.000482
326 190 3 100 44519 0.000482
166 295 3 100 37963 0.000482
175 56 3 100 107190 0.000482
239 248 3 100 383144 0.000482
240 109 3 100 6425 0.000482
172 326 3 100 25338 0.000483
205 64 3 100 42981 0.000483
236 190 3 100 14178 0.000483
154 177 3 100 41907 0.000483
47 156 3 100 16487 0.000484
43 229 3 100 4663 0.000484
225 307 3 100 25388 0.000484
108 131 3 100 12631 0.000484
363 299 3 100 43765 0.000484
143 382 3 100 14943 0.000484
131 119 3 100 82978 0.000485
334 117 3 100 34606 0.000485
391 155 3 100 32576 0.000485
258 154 3 100 242198 0.000485
164 148 3 100 172173 0.000485
114 264 3 100 7855 0.000485
212 93 3 100 11978 0.000485
275 60 3 100 254766 0.000486
193 375 3 100 31814 0.000486
383 320 3 100 27111 0.000486
311 316 3 100 2935 0.000486
108 220 3 100 21625 0.000486
214 66 3 100 38397 0.000486
306 328 3 100 13244 0.000487
233 386 3 100 14742 0.000487
73 355 3 100 18369 0.000487
307 384 3 100 411685 0.000487
59 165 3 100 20202 0.000487
106 338 3 100 8240 0.000488
177 233 3 100 39665 0.000488
158 346 3 100 39459 0.000488
212 104 3 100 2609 0.000488
87 22 3 100 5990 0.000488
20 258 3 100 44161 0.000488
351 266 3 100 279 0.000488
186 268 3 100 18101 0.000488
303 399 3 100 367726 0.000488
116 93 3 100 5582 0.000488
267 53 3 100 312658 0.000488
232 171 3 100 22513 0.000489
175 166 3 100 7171 0.000489
143 191 3 100 24628 0.000489
90 132 3 100 13444 0.000489
309 267 3 100 24523 0.000489
124 271 3 100 39434 0.000489
226 259 3 100 25681 0.000489
203 25 3 100 39577 0.000489
213 274 3 100 248297 0.000489
100 344 3 100 19425 0.000489
212 329 3 100 33266 0.000490
373 71 3 100 8049 0.000490
320 287 3 100 375117 0.000490
243 299 3 100 14953 0.000490
321 262 3 100 32693 0.000490
271 209 3 100 47106 0.000490
232 394 3 100 25744 0.000491
190 167 3 100 32119 0.000491
274 290 3 100 4258 0.000491
262 45 3 100 17145 0.000491
101 35 3 100 271356 0.000491
50 241 3 100 24020 0.000492
318 294 3 100 117950 0.000492
240 175 3 100 7872 0.000492
309 27 3 100 3968 0.000492
187 192 3 100 37540 0.000493
135 299 3 100 20750 0.000493
330 299 3 100 26810 0.000493
251 132 3 100 8283 0.000493
160 140 3 100 31311 0.000493
218 355 3 100 38640 0.000493
206 337 3 100 19132 0.000493
170 236 3 100 34251 0.000493
55 28 3 100 18525 0.000494
119 305 3 100 187955 0.000494
246 167 3 100 22114 0.000494
175 328 3 100 4272 0.000494
227 333 3 100 40209 0.000494
135 393 3 100 11460 0.000494
37 383 3 100 418938 0.000495
163 41 3 100 12223 0.000495
258 135 3 100 7415 0.000495
38 298 3 100 1619 0.000495
159 279 3 100 13462 0.000495
370 78 3 100 44293 0.000496
63 175 3 100 34042 0.000496
222 215 3 100 5687 0.000496
144 127 3 100 44309 0.000496
61 160 3 100 10879 0.000496
108 388 3 100 42668 0.000496
343 122 3 100 27640 0.000497
284 64 3 100 20805 0.000497
397 340 3 100 362866 0.000497
124 100 3 100 12285 0.000497
68 197 3 100 15280 0.000497
222 295 3 100 5657 0.000497
324 147 3 100 849 0.000498
93 158 3 100 15358 0.000498
58 328 3 100 33937 0.000498
184 229 3 100 23808 0.000498
246 328 3 100 45407 0.000498
214 390 3 100 37749 0.000498
358 51 3 100 3644 0.000499
57 273 3 100 23421 0.000499
331 99 3 100 38357 0.000499
133 194 3 100 2014 0.000499
239 185 3 100 333607 0.000499
332 198 3 100 4010 0.000499
313 288 3 100 5881 0.000499
231 298 3 100 43043 0.000499
239 307 3 100 28480 0.000499
248 182 3 100 42496 0.000499
78 340 3 100 33442 0.000499
210 167 3 100 10591 0.000500
263 272 3 100 42036 0.000500
141 35 3 100 14460 0.000500
323 384 3 100 94027 0.000500
248 167 3 100 21318 0.000500
216 388 3 100 13956 0.000500
160 33 3 100 30394 0.000500
286 397 3 100 318068 0.000500
158 275 3 100 506 0.000501
143 388 3 100 31354 0.000501
35 88 3 100 4866 0.000502
66 298 3 100 40624 0.000502
139 173 3 100 20090 0.000502
46 217 3 100 27486 0.000502
56 319 3 100 14336 0.000502
255 298 3 100 34439 0.000502
226 77 3 100 31959 0.000502
286 164 3 100 16222 0.000502
285 58 3 100 25413 0.000502
273 258 3 100 35694 0.000502
150 119 3 100 261518 0.000502
243 221 3 100 105778 0.000502
205 171 3 100 414181 0.000503
177 346 3 100 147778 0.000503
259 184 3 100 36018 0.000503
137 343 3 100 42188 0.000503
42 351 3 100 56 0.000504
308 89 3 100 19912 0.000504
57 157 3 100 154272 0.000504
168 158 3 100 12546 0.000504
277 319 3 100 36752 0.000504
285 339 3 100 25554 0.000504
60 324 3 100 27547 0.000504
137 248 3 100 5561 0.000505
330 212 3 100 22890 0.000505
323 208 3 100 29184 0.000505
250 161 3 100 10139 0.000505
95 24 3 100 31127 0.000505
272 114 3 100 31675 0.000505
337 79 3 100 24371 0.000505
146 188 3 100 21110 0.000505
187 80 3 100 5956 0.000506
236 390 3 100 291784 0.000506
146 241 3 100 444367 0.000506
257 223 3 100 34359 0.000506
266 191 3 100 13065 0.000506
144 228 3 100 16006 0.000507
158 170 3 100 12062 0.000507
197 223 3 100 18194 0.000507
140 180 3 100 9125 0.000507
382 324 3 100 20579 0.000507
385 391 3 100 367759 0.000508
304 72 3 100 2856 0.000508
189 241 3 100 31624 0.000508
385 270 3 100 248354 0.000508
252 148 3 100 24050 0.000509
390 205 3 100 17002 0.000509
393 37 3 100 20168 0.000509
372 261 3 100 27785 0.000510
203 59 3 100 9781 0.000510
260 204 3 100 23220 0.000510
123 237 3 100 300502 0.000510
374 61 3 100 32954 0.000510
347 272 3 100 332803 0.000510
358 30 3 100 40316 0.000510
219 108 3 100 9818 0.000510
85 213 3 100 23989 0.000510
25 122 3 100 456468 0.000510
252 278 3 100 25446 0.000510
75 154 3 100 19970 0.000510
320 217 3 100 399922 0.000511
320 23 3 100 18088 0.000511
216 200 3 100 3422 0.000511
375 289 3 100 41531 0.000511
132 110 3 100 10203 0.000511
86 95 3 100 449867 0.000511
234 75 3 100 186 0.000511
59 112 3 100 448232 0.000512
324 184 3 100 36744 0.000512
123 261 3 100 4014 0.000512
103 163 3 100 9357 0.000512
76 354 3 100 32002 0.000512
392 293 3 100 205484 0.000512
71 281 3 100 17589 0.000512
97 327 3 100 12999 0.000512
356 238 3 100 11447 0.000512
99 349 3 100 18394 0.000512
203 233 3 100 38196 0.000513
352 254 3 100 22173 0.000513
378 209 3 100 234880 0.000513
39 220 3 100 409351 0.000514
257 74 3 100 291282 0.000514
139 398 3 100 29228 0.000514
317 125 3 100 252163 0.000514
269 25 3 100 252782 0.000514
119 239 3 100 2729 0.000514
41 210 3 100 16297 0.000514
88 359 3 100 369 0.000514
29 32 3 100 57752 0.000515
335 136 3 100 35993 0.000515
330 280 3 100 209790 0.000515
175 355 3 100 43162 0.000515
324 67 3 100 45543 0.000515
290 315 3 100 177684 0.000515
285 246 3 100 26460 0.000515
53 47 3 100 8729 0.000516
359 365 3 100 40377 0.000516
111 243 3 100 12837 0.000516
121 21 3 100 34143 0.000516
211 357 3 100 6021 0.000516
88 139 3 100 19577 0.000516
177 387 3 100 360169 0.000516
334 147 3 100 26487 0.000516
266 329 3 100 226801 0.000516
259 239 3 100 24315 0.000517
324 76 3 100 35696 0.000517
393 147 3 100 37001 0.000517
105 75 3 100 12216 0.000517
51 66 3 100 168 0.000517
379 99 3 100 1306 0.000517
389 259 3 100 18899 0.000517
102 164 3 100 41592 0.000518
392 168 3 100 34897 0.000518
290 376 3 100 40926 0.000518
194 259 3 100 15259 0.000518
319 25 3 100 5431 0.000518
94 382 3 100 1024 0.000518
290 349 3 100 10629 0.000518
62 357 3 100 382935 0.000518
225 72 3 100 22927 0.000519
270 239 3 100 31401 0.000519
319 132 3 100 27179 0.000519
114 174 3 100 30564 0.000519
165 297 3 100 7843 0.000519
96 34 3 100 17308 0.000520
47 148 3 100 218863 0.000520
116 208 3 100 1187 0.000521
393 302 3 100 5964 0.000521
103 184 3 100 31186 0.000521
137 62 3 100 38454 0.000521
120 52 3 100 39070 0.000521
285 218 3 100 1814 0.000521
160 88 3 100 23890 0.000521
247 73 3 100 13384 0.000522
310 94 3 100 30995 0.000522
319 395 3 100 18718 0.000522
201 105 3 100 400245 0.000522
92 396 3 100 25493 0.000522
115 347 3 100 20515 0.000522
265 372 3 100 43880 0.000522
185 51 3 100 19200 0.000522
46 380 3 100 11950 0.000523
212 299 3 100 41887 0.000523
191 97 3 100 10692 0.000524
120 235 3 100 43975 0.000525
87 273 3 100 112826 0.000525
112 211 3 100 42757 0.000526
370 305 3 100 20836 0.000526
31 143 3 100 141007 0.000526
196 199 3 100 6402 0.000526
245 268 3 100 193524 0.000526
365 335 3 100 224050 0.000526
256 321 3 100 15341 0.000527
256 113 3 100 126449 0.000527
34 191 3 100 2254 0.000527
172 71 3 100 9059 0.000527
281 163 3 100 6799 0.000527
173 65 3 100 39061 0.000528
201 227 3 100 29456 0.000528
364 266 3 100 35860 0.000528
333 90 3 100 4305 0.000528
93 99 3 100 4053 0.000528
168 32 3 100 36092 0.000528
229 165 3 100 86444 0.000528
307 162 3 100 23752 0.000529
223 123 3 100 26950 0.000529
114 159 3 100 3705 0.000529
72 166 3 100 43788 0.000529
228 200 3 100 19166 0.000529
25 128 3 100 6945 0.000529
249 76 3 100 36367 0.000529
242 46 3 100 20978 0.000529
225 224 3 100 9640 0.000529
84 286 3 100 34768 0.000529
357 335 3 100 14969 0.000530
236 348 3 100 3348 0.000530
165 150 3 100 6963 0.000530
382 156 3 100 1008 0.000530
317 369 3 100 11472 0.000530
34 55 3 100 26839 0.000530
370 37 3 100 13044 0.000531
278 291 3 100 37983 0.000531
262 161 3 100 147404 0.000531
130 205 3 100 6004 0.000531
43 349 3 100 3199 0.000531
157 376 3 100 31936 0.000531
41 262 3 100 2601 0.000532
200 201 3 100 33516 0.000532
316 159 3 100 11696 0.000533
185 120 3 100 24196 0.000534
137 191 3 100 38909 0.000534
220 122 3 100 9528 0.000534
179 244 3 100 17417 0.000534
370 119 3 100 22799 0.000535
344 256 3 100 2651 0.000535
40 274 3 100 418982 0.000535
276 277 3 100 28051 0.000535
81 47 3 100 9135 0.000535
161 300 3 100 362445 0.000535
285 322 3 100 40141 0.000535
348 397 3 100 2753 0.000535
233 164 3 100 45768 0.000536
330 100 3 100 43796 0.000536
226 186 3 100 8572 0.000536
188 322 3 100 382071 0.000536
83 151 3 100 26173 0.000536
173 26 3 100 43423 0.000536
188 335 3 100 17623 0.000536
265 274 3 100 7850 0.000537
233 372 3 100 156362 0.000537
393 289 3 100 21669 0.000538
102 34 3 100 29241 0.000538
274 348 3 100 27096 0.000538
56 76 3 100 4637 0.000538
224 123 3 100 9362 0.000538
231 74 3 100 749 0.000539
187 197 3 100 28908 0.000539
374 399 3 100 34989 0.000539
129 356 3 100 3979 0.000539
204 301 3 100 25267 0.000539
207 149 3 100 10925 0.000539
355 128 3 100 30045 0.000539
197 199 3 100 12507 0.000539
295 39 3 100 1756 0.000539
341 335 3 100 421486 0.000539
151 375 3 100 51630 0.000539
375 279 3 100 18979 0.000540
262 381 3 100 39514 0.000540
217 225 3 100 29235 0.000540
164 186 3 100 17710 0.000540
70 277 3 100 40988 0.000541
385 30 3 100 279705 0.000541
325 238 3 100 10666 0.000541
251 382 3 100 9622 0.000541
29 347 3 100 22 0.000541
23 273 3 100 12377 0.000542
297 191 3 100 18239 0.000542
58 365 3 100 18512 0.000542
106 365 3 100 11336 0.000542
227 102 3 100 29946 0.000542
261 224 3 100 37623 0.000542
201 61 3 100 45246 0.000542
269 355 3 100 44709 0.000542
222 334 3 100 368103 0.000542
42 205 3 100 7887 0.000543
261 359 3 100 358076 0.000543
145 210 3 100 5037 0.000543
110 86 3 100 9837 0.000543
352 175 3 100 107902 0.000543
237 54 3 100 8531 0.000543
329 223 3 100 27891 0.000543
384 325 3 100 7243 0.000543
21 133 3 100 40412 0.000543
369 202 3 100 22610 0.000543
147 331 3 100 42460 0.000544
382 247 3 100 30371 0.000544
274 206 3 100 8931 0.000544
129 36 3 100 1618 0.000544
189 304 3 100 2787 0.000544
218 187 3 100 427638 0.000544
264 95 3 100 58999 0.000544
45 271 3 100 44341 0.000545
58 233 3 100 19370 0.000545
25 98 3 100 19737 0.000545
183 339 3 100 13922 0.000545
228 274 3 100 41983 0.000545
106 197 3 100 24237 0.000545
362 268 3 100 32361 0.000545
223 190 3 100 132099 0.000545
88 46 3 100 396865 0.000545
276 323 3 100 25638 0.000545
62 20 3 100 279811 0.000546
214 258 3 100 36340 0.000546
44 25 3 100 8490 0.000546
159 102 3 100 370596 0.000546
136 100 3 100 40460 0.000546
259 289 3 100 22375 0.000546
273 320 3 100 12991 0.000547
343 266 3 100 117391 0.000547
380 339 3 100 13279 0.000547
335 210 3 100 39644 0.000547
336 339 3 100 855 0.000547
37 79 3 100 1708 0.000547
134 313 3 100 31307 0.000547
217 199 3 100 86622 0.000548
321 231 3 100 19236 0.000548
105 258 3 100 48484 0.000548
232 78 3 100 20742 0.000548
403 268 3 100 18571 0.000548
95 75 3 100 31844 0.000548
353 341 3 100 43078 0.000549
50 58 3 100 16289 0.000549
118 134 3 100 32884 0.000549
330 61 3 100 27559 0.000549
217 58 3 100 262418 0.000549
144 250 3 100 29825 0.000549
138 148 3 100 23923 0.000549
260 389 3 100 15827 0.000549
190 101 3 100 15394 0.000550
98 397 3 100 352913 0.000550
173 140 3 100 25913 0.000551
400 41 3 100 19855 0.000551
365 60 3 100 23513 0.000551
286 112 3 100 21388 0.000551
281 394 3 100 13341 0.000551
68 124 3 100 38353 0.000552
328 55 3 100 446608 0.000552
115 312 3 100 363979 0.000552
213 36 3 100 6073 0.000552
26 95 3 100 4037 0.000552
52 279 3 100 111548 0.000552
63 112 3 100 15574 0.000552
109 333 3 100 138714 0.000552
336 160 3 100 24715 0.000552
81 380 3 100 51543 0.000552
250 78 3 100 582 0.000552
137 389 3 100 35911 0.000553
33 155 3 100 25703 0.000553
393 395 3 100 408055 0.000553
193 124 3 100 313 0.000553
114 327 3 100 7629 0.000553
109 281 3 100 21091 0.000554
384 172 3 100 27924 0.000554
125 306 3 100 30659 0.000554
251 20 3 100 37670 0.000554
285 127 3 100 255310 0.000554
305 238 3 100 30999 0.000554
222 298 3 100 423995 0.000554
108 332 3 100 7699 0.000554
128 103 3 100 26200 0.000555
99 249 3 100 237513 0.000555
27 23 3 100 201605 0.000555
176 318 3 100 9694 0.000555
267 363 3 100 20784 0.000556
329 55 3 100 161874 0.000556
132 142 3 100 440167 0.000556
346 270 3 100 244691 0.000556
316 369 3 100 10930 0.000556
316 84 3 100 22964 0.000557
341 130 3 100 217832 0.000558
80 28 3 100 44965 0.000558
321 283 3 100 9381 0.000558
192 67 3 100 20624 0.000558
397 217 3 100 39436 0.000558
133 257 3 100 29698 0.000558
376 200 3 100 33615 0.000559
289 357 3 100 130272 0.000560
32 88 3 100 184261 0.000560
286 101 3 100 23457 0.000560
253 48 3 100 20092 0.000560
209 151 3 100 6456 0.000560
232 348 3 100 10140 0.000560
306 114 3 100 33207 0.000560
150 384 3 100 3254 0.000561
206 119 3 100 23925 0.000562
224 271 3 100 394266 0.000562
68 86 3 100 39026 0.000562
221 339 3 100 12535 0.000562
154 402 3 100 25753 0.000563
243 273 3 100 400013 0.000563
401 83 3 100 18716 0.000563
131 286 3 100 156067 0.000563
363 335 3 100 3613 0.000563
336 94 3 100 10336 0.000563
167 350 3 100 2065 0.000563
286 263 3 100 7955 0.000564
325 24 3 100 28669 0.000564
190 146 3 100 28750 0.000564
381 231 3 100 8951 0.000564
48 306 3 100 40312 0.000564
159 293 3 100 31641 0.000564
396 168 3 100 35828 0.000564
66 338 3 100 18220 0.000565
264 241 3 100 29540 0.000565
49 268 3 100 25963 0.000565
309 29 3 100 45406 0.000565
362 121 3 100 310484 0.000566
267 328 3 100 27726 0.000566
100 355 3 100 11767 0.000566
211 321 3 100 22276 0.000566
153 358 3 100 28720 0.000566
301 126 3 100 12296 0.000567
287 57 3 100 18515 0.000567
371 106 3 100 29870 0.000567
221 146 3 100 10748 0.000567
71 189 3 100 25170 0.000567
178 250 3 100 9421 0.000567
78 190 3 100 14161 0.000567
307 111 3 100 33019 0.000567
322 164 3 100 3713 0.000568
334 176 3 100 15671 0.000568
212 344 3 100 35105 0.000568
396 395 3 100 8849 0.000568
318 253 3 100 16077 0.000568
181 190 3 100 4095 0.000568
211 86 3 100 25069 0.000568
32 189 3 100 452127 0.000569
353 65 3 100 339090 0.000569
93 339 3 100 240041 0.000569
118 162 3 100 456414 0.000569
392 339 3 100 111805 0.000570
272 189 3 100 40844 0.000570
143 38 3 100 55370 0.000571
322 397 3 100 100182 0.000571
323 33 3 100 45208 0.000571
398 175 3 100 30479 0.000571
180 111 3 100 29921 0.000572
291 112 3 100 23684 0.000572
186 136 3 100 27079 0.000572
181 224 3 100 11729 0.000572
154 343 3 100 23608 0.000572
319 200 3 100 15521 0.000572
253 178 3 100 28935 0.000572
82 288 3 100 12179 0.000573
329 328 3 100 34778 0.000573
233 378 3 100 3029 0.000573
87 117 3 100 313950 0.000573
111 45 3 100 62359 0.000573
93 68 3 100 13531 0.000574
374 125 3 100 37947 0.000574
287 215 3 100 410215 0.000574
36 389 3 100 405367 0.000574
191 399 3 100 23883 0.000574
92 217 3 100 123246 0.000574
246 293 3 100 100523 0.000575
359 387 3 100 39417 0.000575
101 398 3 100 21065 0.000575
66 49 3 100 5203 0.000575
325 293 3 100 37531 0.000575
394 322 3 100 42375 0.000575
308 41 3 100 38650 0.000576
186 163 3 100 36797 0.000576
85 391 3 100 12912 0.000576
241 261 3 100 11984 0.000576
98 43 3 100 25697 0.000577
387 254 3 100 15099 0.000577
400 134 3 100 14306 0.000577
320 86 3 100 396167 0.000577
396 179 3 100 92809 0.000577
339 116 3 100 38670 0.000577
224 182 3 100 25512 0.000577
368 242 3 100 4558 0.000577
191 342 3 100 13852 0.000577
173 370 3 100 28535 0.000577
136 253 3 100 329279 0.000578
230 201 3 100 71128 0.000578
339 46 3 100 19516 0.000578
293 210 3 100 45636 0.000579
162 86 3 100 19151 0.000579
214 20 3 100 24368 0.000579
382 129 3 100 41463 0.000579
42 119 3 100 33582 0.000579
179 166 3 100 4079 0.000579
260 403 3 100 41004 0.000579
287 296 3 100 26788 0.000579
384 73 3 100 29796 0.000579
303 182 3 100 33713 0.000579
64 370 3 100 34668 0.000580
256 239 3 100 33348 0.000580
181 400 3 100 20467 0.000580
181 380 3 100 33849 0.000580
134 361 3 100 261439 0.000580
70 173 3 100 23406 0.000580
332 384 3 100 39102 0.000580
242 149 3 100 23616 0.000581
340 386 3 100 14978 0.000581
387 252 3 100 354004 0.000582
89 381 3 100 14006 0.000582
295 369 3 100 12183 0.000582
44 383 3 100 451114 0.000583
273 28 3 100 41882 0.000583
144 329 3 100 319364 0.000583
250 373 3 100 37273 0.000583
62 223 3 100 35530 0.000584
214 284 3 100 6673 0.000584
337 88 3 100 5559 0.000584
317 196 3 100 44485 0.000584
394 165 3 100 8439 0.000584
140 186 3 100 364580 0.000584
327 361 3 100 12248 0.000585
403 342 3 100 27423 0.000585
350 371 3 100 42526 0.000585
346 34 3 100 385184 0.000585
75 198 3 100 2210 0.000585
262 65 3 100 30790 0.000585
29 278 3 100 31761 0.000585
294 390 3 100 7620 0.000585
110 111 3 100 394574 0.000586
269 76 3 100 26156 0.000586
128 96 3 100 27865 0.000586
229 138 3 100 20046 0.000587
92 315 3 100 1203 0.000587
386 321 3 100 33814 0.000587
75 159 3 100 37163 0.000587
147 31 3 100 42512 0.000587
104 57 3 100 456713 0.000587
346 131 3 100 160018 0.000587
254 200 3 100 18621 0.000587
58 172 3 100 37809 0.000588
179 194 3 100 9950 0.000588
211 254 3 100 3647 0.000588
139 233 3 100 38875 0.000588
282 286 3 100 17999 0.000588
34 104 3 100 7013 0.000588
161 44 3 100 29568 0.000588
171 230 3 100 414779 0.000588
61 173 3 100 45249 0.000589
144 75 3 100 26252 0.000589
344 338 3 100 384716 0.000589
229 190 3 100 36448 0.000589
162 230 3 100 17092 0.000589
61 282 3 100 33197 0.000589
73 82 3 100 424008 0.000589
104 311 3 100 6468 0.000590
279 239 3 100 306009 0.000590
115 48 3 100 87429 0.000590
390 347 3 100 21303 0.000590
90 271 3 100 44979 0.000590
212 338 3 100 10598 0.000590
70 369 3 100 205702 0.000591
213 263 3 100 25791 0.000591
232 259 3 100 5055 0.000591
105 323 3 100 16752 0.000591
113 77 3 100 16132 0.000591
171 265 3 100 23953 0.000591
110 289 3 100 27279 0.000591
146 262 3 100 36946 0.000592
23 332 3 100 41125 0.000592
381 331 3 100 5325 0.000592
67 212 3 100 3660 0.000593
146 61 3 100 38792 0.000593
172 349 3 100 3625 0.000593
152 25 3 100 8419 0.000593
131 260 3 100 2177 0.000594
344 362 3 100 12981 0.000594
124 237 3 100 35206 0.000594
245 339 3 100 33164 0.000594
125 209 3 100 342240 0.000594
208 189 3 100 15832 0.000595
62 231 3 100 25708 0.000595
236 383 3 100 267205 0.000595
398 292 3 100 75052 0.000595
367 398 3 100 33479 0.000595
214 131 3 100 299790 0.000596
286 66 3 100 15978 0.000596
255 77 3 100 40509 0.000596
203 367 3 100 37756 0.000596
330 299 3 100 5317 0.000596
185 237 3 100 15937 0.000596
216 324 3 100 26757 0.000596
341 207 3 100 36484 0.000597
145 204 3 100 16138 0.000597
374 229 3 100 26609 0.000597
336 196 3 100 13522 0.000597
71 102 3 100 19851 0.000597
147 157 3 100 15465 0.000597
101 52 3 100 40277 0.000597
59 27 3 100 38864 0.000597
173 290 3 100 44733 0.000598
125 275 3 100 251012 0.000598
255 313 3 100 29427 0.000598
104 387 3 100 171758 0.000598
297 90 3 100 22749 0.000598
63 121 3 100 1214 0.000598
246 48 3 100 208563 0.000598
377 346 3 100 23623 0.000598
192 101 3 100 29532 0.000598
132 108 3 100 30829 0.000599
306 351 3 100 28381 0.000599
130 182 3 100 44103 0.000599
188 348 3 100 14337 0.000599
360 322 3 100 23022 0.000600
373 119 3 100 39028 0.000600
295 271 3 100 43695 0.000600
179 208 3 100 14051 0.000600
192 149 3 100 36741 0.000601
175 359 3 100 330932 0.000601
173 41 3 100 27435 0.000601
295 166 3 100 26850 0.000601
159 373 3 100 31124 0.000601
89 398 3 100 6035 0.000602
79 363 3 100 35050 0.000602
371 191 3 100 88710 0.000602
384 61 3 100 9307 0.000602
282 362 3 100 105473 0.000602
307 263 3 100 260093 0.000602
236 263 3 100 215047 0.000603
138 193 3 100 44993 0.000603
387 269 3 100 407887 0.000603
397 152 3 100 11365 0.000603
198 316 3 100 8056 0.000604
129 113 3 100 173206 0.000604
189 23 3 100 7256 0.000605
212 350 3 100 9740 0.000605
88 233 3 100 21154 0.000605
69 333 3 100 44804 0.000605
403 157 3 100 176517 0.000606
336 169 3 100 1821 0.000606
153 234 3 100 35707 0.000606
165 277 3 100 33191 0.000606
238 72 3 100 39069 0.000606
141 374 3 100 23795 0.000606
79 208 3 100 95669 0.000607
161 285 3 100 27995 0.000607
99 175 3 100 54646 0.000607
335 365 3 100 3279 0.000608
324 372 3 100 32056 0.000608
231 344 3 100 39390 0.000608
276 96 3 100 319326 0.000608
264 324 3 100 159940 0.000608
184 151 3 100 45051 0.000609
231 279 3 100 27239 0.000609
202 384 3 100 10555 0.000609
160 218 3 100 3127 0.000609
380 282 3 100 17744 0.000609
139 277 3 100 34488 0.000609
96 255 3 100 12763 0.000609
198 35 3 100 38030 0.000610
282 109 3 100 31026 0.000610
146 227 3 100 16689 0.000610
190 360 3 100 2261 0.000610
58 198 3 100 11865 0.000611
41 294 3 100 7355 0.000611
187 225 3 100 354324 0.000611
36 134 3 100 2055 0.000611
323 255 3 100 301494 0.000612
380 74 3 100 15185 0.000612
375 133 3 100 31471 0.000612
27 227 3 100 29302 0.000612
279 107 3 100 158708 0.000612
74 341 3 100 53692 0.000613
133 280 3 100 124887 0.000613
263 168 3 100 30510 0.000613
244 180 3 100 39675 0.000613
225 132 3 100 38297 0.000613
113 133 3 100 7803 0.000613
244 59 3 100 18655 0.000613
44 348 3 100 2438 0.000613
244 69 3 100 22513 0.000614
199 241 3 100 40988 0.000614
25 127 3 100 242777 0.000614
230 400 3 100 25644 0.000614
115 384 3 100 214961 0.000614
337 143 3 100 230105 0.000614
348 53 3 100 23097 0.000614
208 351 3 100 18456 0.000614
375 125 3 100 170 0.000615
25 180 3 100 10269 0.000615
116 207 3 100 98158 0.000615
96 381 3 100 23862 0.000616
300 296 3 100 39427 0.000616
344 362 3 100 29598 0.000616
93 386 3 100 456836 0.000616
378 300 3 100 13584 0.000617
355 141 3 100 36670 0.000617
282 273 3 100 28124 0.000617
177 109 3 100 28498 0.000617
397 207 3 100 44836 0.000617
93 347 3 100 19072 0.000617
249 327 3 100 21982 0.000617
296 314 3 100 38052 0.000618
271 289 3 100 160344 0.000618
98 139 3 100 28100 0.000618
244 208 3 100 302666 0.000618
388 125 3 100 422924 0.000619
53 85 3 100 4046 0.000619
103 182 3 100 28471 0.000619
210 188 3 100 428638 0.000619
344 220 3 100 285414 0.000619
97 129 3 100 22078 0.000620
119 42 3 100 34861 0.000620
215 51 3 100 27305 0.000620
132 204 3 100 19665 0.000620
332 314 3 100 16229 0.000620
123 63 3 100 3228 0.000620
45 232 3 100 27530 0.000620
41 396 3 100 141867 0.000621
368 367 3 100 444370 0.000621
285 178 3 100 12272 0.000621
299 176 3 100 26938 0.000621
177 108 3 100 15595 0.000621
90 391 3 100 31897 0.000622
150 384 3 100 33433 0.000622
171 128 3 100 34342 0.000622
241 98 3 100 20562 0.000622
227 283 3 100 217263 0.000623
243 189 3 100 34247 0.000623
42 101 3 100 6317 0.000623
192 35 3 100 26712 0.000623
216 37 3 100 37135 0.000623
398 142 3 100 2878 0.000623
258 295 3 100 13032 0.000624
73 401 3 100 9900 0.000624
385 314 3 100 38653 0.000624
250 63 3 100 22679 0.000625
309 142 3 100 42166 0.000625
313 225 3 100 341780 0.000625
193 114 3 100 11898 0.000625
343 94 3 100 16936 0.000625
228 96 3 100 11411 0.000625
263 300 3 100 10496 0.000625
22 208 3 100 19240 0.000626
49 402 3 100 374 0.000626
212 124 3 100 3020 0.000626
386 160 3 100 14515 0.000626
330 255 3 100 150948 0.000627
23 177 3 100 33813 0.000627
301 43 3 100 14321 0.000627
377 254 3 100 13821 0.000627
399 265 3 100 25725 0.000627
300 96 3 100 279337 0.000627
285 187 3 100 21580 0.000627
352 330 3 100 2251 0.000628
156 174 3 100 28876 0.000628
378 352 3 100 15518 0.000628
287 265 3 100 10027 0.000628
304 194 3 100 21563 0.000628
352 182 3 100 42225 0.000628
77 71 3 100 2532 0.000628
82 362 3 100 42974 0.000629
249 255 3 100 23561 0.000629
21 225 3 100 195 0.000629
131 65 3 100 165258 0.000629
21 254 3 100 5184 0.000630
273 46 3 100 17906 0.000630
145 77 3 100 6237 0.000630
360 218 3 100 40290 0.000630
364 106 3 100 34994 0.000630
79 198 3 100 251186 0.000630
154 369 3 100 102236 0.000630
318 384 3 100 7183 0.000630
285 274 3 100 224755 0.000630
132 396 3 100 15222 0.000631
289 222 3 100 45559 0.000631
358 215 3 100 249760 0.000631
305 285 3 100 14972 0.000631
72 382 3 100 38291 0.000631
159 375 3 100 40873 0.000631
228 253 3 100 5219 0.000631
98 148 3 100 9122 0.000631
292 235 3 100 32742 0.000632
119 23 3 100 5698 0.000632
310 109 3 100 28172 0.000632
222 54 3 100 36096 0.000632
104 254 3 100 25306 0.000632
258 190 3 100 377457 0.000632
155 196 3 100 353868 0.000632
75 61 3 100 45672 0.000633
268 21 3 100 7502 0.000633
113 204 3 100 27682 0.000633
200 110 3 100 19376 0.000633
235 360 3 100 40824 0.000633
160 103 3 100 16324 0.000633
280 32 3 100 9289 0.000634
50 33 3 100 349768 0.000634
101 78 3 100 29066 0.000634
225 366 3 100 6999 0.000634
180 132 3 100 419316 0.000634
392 261 3 100 394292 0.000634
313 86 3 100 274 0.000634
402 390 3 100 148634 0.000634
253 301 3 100 36816 0.000635
119 282 3 100 12194 0.000635
272 103 3 100 3296 0.000635
381 320 3 100 17458 0.000635
396 148 3 100 21824 0.000635
150 281 3 100 7489 0.000635
40 55 3 100 39437 0.000635
169 307 3 100 41633 0.000635
206 358 3 100 39197 0.000636
105 112 3 100 29703 0.000636
275 138 3 100 20126 0.000636
145 68 3 100 14285 0.000636
394 203 3 100 18772 0.000636
228 392 3 100 223959 0.000636
88 68 3 100 31137 0.000636
347 199 3 100 19488 0.000636
317 171 3 100 28396 0.000637
156 254 3 100 35175 0.000637
383 123 3 100 190748 0.000637
70 185 3 100 33767 0.000637
296 366 3 100 18320 0.000637
335 169 3 100 2346 0.000637
280 33 3 100 36909 0.000638
263 30 3 100 3291 0.000638
186 71 3 100 16375 0.000638
400 120 3 100 39604 0.000638
348 257 3 100 15220 0.000638
78 107 3 100 1464 0.000639
304 43 3 100 33442 0.000639
333 185 3 100 17270 0.000639
151 209 3 100 12210 0.000639
205 212 3 100 19892 0.000640
343 329 3 100 41767 0.000640
71 72 3 100 14003 0.000640
149 274 3 100 21129 0.000640
383 164 3 100 42315 0.000640
231 168 3 100 29132 0.000640
178 145 3 100 38006 0.000640
339 366 3 100 14755 0.000640
301 381 3 100 197930 0.000641
84 161 3 100 4402 0.000641
353 104 3 100 4631 0.000641
139 165 3 100 23264 0.000641
240 244 3 100 305190 0.000641
148 89 3 100 8382 0.000641
61 302 3 100 239228 0.000642
153 192 3 100 25476 0.000642
333 294 3 100 2824 0.000642
162 378 3 100 158960 0.000642
180 76 3 100 45820 0.000643
337 145 3 100 11668 0.000643
337 22 3 100 37183 0.000643
314 246 3 100 35357 0.000643
109 353 3 100 19289 0.000643
395 50 3 100 382033 0.000643
131 286 3 100 24075 0.000644
302 324 3 100 9489 0.000644
387 72 3 100 376392 0.000644
70 122 3 100 19135 0.000644
97 122 3 100 168873 0.000644
255 259 3 100 23290 0.000645
63 311 3 100 36579 0.000645
122 283 3 100 10079 0.000645
270 109 3 100 10236 0.000645
153 243 3 100 20626 0.000645
97 119 3 100 11039 0.000645
331 42 3 100 21187 0.000645
188 58 3 100 279361 0.000645
377 81 3 100 18220 0.000646
106 321 3 100 1888 0.000646
273 228 3 100 33760 0.000646
362 103 3 100 18422 0.000646
346 81 3 100 36825 0.000646
73 343 3 100 159627 0.000646
316 305 3 100 45712 0.000646
140 329 3 100 28428 0.000646
241 236 3 100 40129 0.000646
24 384 3 100 30260 0.000647
382 304 3 100 29214 0.000647
127 242 3 100 11389 0.000647
372 132 3 100 27159 0.000648
223 207 3 100 13905 0.000648
143 212 3 100 24889 0.000648
394 245 3 100 19929 0.000648
347 326 3 100 14373 0.000648
347 216 3 100 9504 0.000649
317 30 3 100 28850 0.000649
128 31 3 100 40865 0.000649
313 88 3 100 375302 0.000649
185 23 3 100 145793 0.000649
293 226 3 100 26404 0.000649
266 347 3 100 44492 0.000650
245 179 3 100 5832 0.000651
164 139 3 100 3874 0.000651
262 115 3 100 34211 0.000651
302 323 3 100 111739 0.000652
296 95 3 100 32587 0.000652
48 124 3 100 29823 0.000652
303 32 3 100 7937 0.000652
71 308 3 100 9559 0.000652
269 64 3 100 388635 0.000652
285 249 3 100 8292 0.000652
294 306 3 100 27103 0.000653
270 234 3 100 1738 0.000653
88 141 3 100 26066 0.000653
162 208 3 100 30901 0.000653
323 63 3 100 43140 0.000653
324 269 3 100 41182 0.000654
321 167 3 100 17036 0.000655
114 258 3 100 192692 0.000655
275 303 3 100 34398 0.000655
186 331 3 100 40999 0.000655
22 42 3 100 35627 0.000655
112 245 3 100 43760 0.000655
340 65 3 100 17087 0.000655
223 44 3 100 18946 0.000655
34 395 3 100 80207 0.000656
91 126 3 100 42967 0.000656
179 352 3 100 31072 0.000656
246 358 3 100 9394 0.000657
134 264 3 100 338042 0.000657
259 262 3 100 6893 0.000657
270 218 3 100 6000 0.000658
348 306 3 100 28419 0.000658
233 363 3 100 235381 0.000659
78 340 3 100 10185 0.000659
176 51 3 100 1128 0.000659
31 232 3 100 38001 0.000659
72 194 3 100 13072 0.000659
86 118 3 100 1026 0.000659
265 403 3 100 8329 0.000659
240 59 3 100 297527 0.000659
308 348 3 100 52165 0.000660
102 394 3 100 91830 0.000660
174 180 3 100 30701 0.000660
149 380 3 100 5513 0.000660
365 223 3 100 1593 0.000660
88 326 3 100 45967 0.000660
119 37 3 100 23276 0.000661
124 236 3 100 28380 0.000661
321 217 3 100 33351 0.000661
77 154 3 100 29095 0.000662
133 384 3 100 5619 0.000662
47 292 3 100 2573 0.000662
304 206 3 100 20480 0.000662
163 71 3 100 41197 0.000662
217 273 3 100 151611 0.000662
77 303 3 100 23912 0.000662
247 86 3 100 36801 0.000662
134 164 3 100 39488 0.000663
403 315 3 100 32883 0.000663
121 47 3 100 15059 0.000663
75 153 3 100 5539 0.000663
385 179 3 100 522 0.000663
134 207 3 100 20590 0.000663
190 308 3 100 34445 0.000663
369 336 3 100 33951 0.000664
232 204 3 100 36203 0.000664
113 299 3 100 5122 0.000664
139 209 3 100 236716 0.000664
380 28 3 100 412762 0.000665
150 384 3 100 71439 0.000665
178 106 3 100 8046 0.000665
188 172 3 100 271855 0.000665
366 273 3 100 20902 0.000666
359 231 3 100 229561 0.000666
88 295 3 100 1913 0.000666
357 142 3 100 41530 0.000666
402 305 3 100 139951 0.000666
52 332 3 100 16918 0.000666
64 51 3 100 42303 0.000666
90 288 3 100 27758 0.000666
311 35 3 100 44178 0.000666
399 330 3 100 302216 0.000666
61 266 3 100 30737 0.000667
124 50 3 100 169676 0.000667
204 370 3 100 75502 0.000667
212 257 3 100 32277 0.000667
153 178 3 100 7774 0.000667
214 389 3 100 36393 0.000667
290 162 3 100 5063 0.000668
153 109 3 100 1414 0.000668
318 84 3 100 17588 0.000668
290 58 3 100 345547 0.000668
211 350 3 100 43822 0.000668
286 136 3 100 36485 0.000668
99 246 3 100 35107 0.000668
399 370 3 100 18819 0.000669
160 262 3 100 5709 0.000669
113 107 3 100 8067 0.000669
94 148 3 100 28381 0.000669
233 189 3 100 29853 0.000669
86 216 3 100 330335 0.000669
286 324 3 100 361873 0.000670
308 380 3 100 40436 0.000670
367 246 3 100 40365 0.000670
243 367 3 100 34617 0.000670
90 119 3 100 2554 0.000670
310 25 3 100 40321 0.000670
231 107 3 100 23321 0.000670
124 172 3 100 6258 0.000670
54 377 3 100 41923 0.000670
128 360 3 100 13763 0.000671
60 360 3 100 35537 0.000671
212 228 3 100 42398 0.000671
66 209 3 100 24369 0.000672
181 50 3 100 15523 0.000672
124 373 3 100 43817 0.000672
262 204 3 100 8812 0.000672
327 115 3 100 23613 0.000673
142 66 3 100 27101 0.000673
390 201 3 100 267980 0.000673
30 342 3 100 43017 0.000673
257 125 3 100 44666 0.000673
353 69 3 100 33755 0.000674
151 393 3 100 32810 0.000674
342 285 3 100 610 0.000675
359 68 3 100 257578 0.000675
175 277 3 100 5879 0.000675
78 169 3 100 30876 0.000675
139 372 3 100 38007 0.000675
361 270 3 100 235701 0.000675
357 349 3 100 248399 0.000675
215 31 3 100 35893 0.000675
247 25 3 100 19477 0.000675
340 46 3 100 39939 0.000675
192 390 3 100 246024 0.000676
318 287 3 100 44537 0.000676
49 380 3 100 36208 0.000676
255 142 3 100 82610 0.000676
37 199 3 100 9958 0.000677
154 301 3 100 40834 0.000677
246 132 3 100 7196 0.000677
150 266 3 100 15478 0.000678
109 82 3 100 32691 0.000678
91 81 3 100 3134 0.000678
74 225 3 100 40624 0.000679
302 300 3 100 189502 0.000679
219 152 3 100 15933 0.000679
210 256 3 100 359658 0.000679
173 174 3 100 41679 0.000680
281 386 3 100 340821 0.000680
191 323 3 100 20021 0.000680
197 42 3 100 30022 0.000680
278 369 3 100 33287 0.000680
325 328 3 100 6166 0.000680
151 226 3 100 30636 0.000681
245 229 3 100 23258 0.000681
370 241 3 100 24819 0.000681
273 180 3 100 40035 0.000681
313 86 3 100 24598 0.000681
153 248 3 100 17898 0.000681
26 234 3 100 16456 0.000681
320 394 3 100 6143 0.000681
132 169 3 100 10194 0.000681
220 222 3 100 13663 0.000682
70 270 3 100 10909 0.000682
402 281 3 100 2028 0.000682
50 264 3 100 34616 0.000682
35 201 3 100 178927 0.000682
320 308 3 100 23375 0.000682
80 236 3 100 16938 0.000682
374 79 3 100 14966 0.000682
239 381 3 100 23353 0.000683
117 207 3 100 14858 0.000683
400 348 3 100 7136 0.000683
251 182 3 100 14678 0.000684
213 268 3 100 30726 0.000684
48 391 3 100 318038 0.000684
274 107 3 100 331873 0.000684
47 191 3 100 41451 0.000685
226 246 3 100 41012 0.000685
204 216 3 100 427945 0.000685
86 255 3 100 19444 0.000685
342 89 3 100 17435 0.000685
128 298 3 100 17348 0.000685
138 109 3 100 359377 0.000685
126 242 3 100 17017 0.000686
318 402 3 100 11318 0.000686
184 192 3 100 22406 0.000686
163 376 3 100 22379 0.000686
374 342 3 100 18499 0.000686
241 294 3 100 40496 0.000686
266 370 3 100 17523 0.000686
42 369 3 100 5356 0.000687
350 263 3 100 22164 0.000687
247 264 3 100 33914 0.000687
180 206 3 100 1853 0.000687
365 126 3 100 169940 0.000687
400 395 3 100 16953 0.000687
238 147 3 100 40203 0.000688
171 133 3 100 410153 0.000688
322 287 3 100 7176 0.000688
395 33 3 100 23793 0.000688
203 182 3 100 41584 0.000688
121 122 3 100 40768 0.000689
153 320 3 100 20529 0.000689
139 215 3 100 146132 0.000689
373 260 3 100 447423 0.000689
276 221 3 100 220918 0.000689
268 84 3 100 21667 0.000689
366 346 3 100 9228 0.000689
385 382 3 100 30986 0.000689
293 135 3 100 28551 0.000689
136 24 3 100 37888 0.000689
311 143 3 100 28488 0.000689
112 350 3 100 8933 0.000689
187 147 3 100 194608 0.000689
348 186 3 100 4503 0.000689
66 365 3 100 34430 0.000689
262 200 3 100 34690 0.000690
391 31 3 100 20819 0.000690
188 232 3 100 8313 0.000690
312 174 3 100 6977 0.000690
258 180 3 100 8079 0.000690
98 188 3 100 30317 0.000690
386 306 3 100 40963 0.000690
253 307 3 100 32569 0.000691
180 157 3 100 310740 0.000691
155 303 3 100 350745 0.000691
201 100 3 100 29260 0.000691
383 181 3 100 137 0.000691
40 284 3 100 28830 0.000691
187 104 3 100 36860 0.000691
350 175 3 100 18554 0.000692
205 163 3 100 14637 0.000692
189 395 3 100 5512 0.000692
49 237 3 100 24137 0.000692
378 351 3 100 60407 0.000692
27 350 3 100 8389 0.000692
50 51 3 100 27528 0.000692
257 319 3 100 15590 0.000692
120 277 3 100 33521 0.000692
272 157 3 100 29483 0.000692
243 23 3 100 49377 0.000693
344 241 3 100 39438 0.000693
166 357 3 100 10082 0.000693
131 270 3 100 6951 0.000693
212 53 3 100 35127 0.000693
321 385 3 100 38810 0.000694
163 26 3 100 3757 0.000694
389 270 3 100 39258 0.000694
248 28 3 100 9844 0.000694
36 362 3 100 32050 0.000694
403 119 3 100 13453 0.000695
378 345 3 100 10149 0.000695
332 323 3 100 12619 0.000695
233 313 3 100 43200 0.000695
400 48 3 100 33234 0.000695
128 223 3 100 28221 0.000695
322 296 3 100 21785 0.000695
111 91 3 100 16531 0.000695
192 299 3 100 29743 0.000696
257 297 3 100 4830 0.000696
55 36 3 100 36983 0.000696
151 124 3 100 34642 0.000697
275 292 3 100 20226 0.000697
285 73 3 100 16035 0.000697
318 215 3 100 14504 0.000697
128 158 3 100 417469 0.000697
118 276 3 100 11633 0.000698
401 30 3 100 14578 0.000698
360 98 3 100 44699 0.000698
373 223 3 100 38509 0.000698
234 281 3 100 29891 0.000699
352 147 3 100 39647 0.000699
160 255 3 100 24819 0.000699
245 29 3 100 18430 0.000699
373 29 3 100 291257 0.000699
364 278 3 100 28509 0.000700
168 217 3 100 28073 0.000700
334 386 3 100 37768 0.000700
283 295 3 100 39036 0.000700
62 117 3 100 30655 0.000700
295 212 3 100 25616 0.000700
304 362 3 100 18551 0.000700
40 106 3 100 3596 0.000701
61 108 3 100 6200 0.000701
329 367 3 100 17217 0.000701
238 303 3 100 13564 0.000701
273 31 3 100 10186 0.000702
35 386 3 100 397 0.000702
308 188 3 100 34279 0.000702
287 54 3 100 22822 0.000702
259 215 3 100 29443 0.000702
202 138 3 100 39118 0.000702
119 208 3 100 8838 0.000702
303 138 3 100 256268 0.000702
378 375 3 100 12448 0.000703
283 348 3 100 17116 0.000703
251 294 3 100 6526 0.000703
94 332 3 100 15941 0.000703
359 76 3 100 25093 0.000703
155 36 3 100 36348 0.000703
286 28 3 100 30270 0.000703
22 154 3 100 3689 0.000704
51 322 3 100 72402 0.000704
175 311 3 100 22420 0.000704
21 386 3 100 27933 0.000704
196 362 3 100 12358 0.000704
273 60 3 100 21543 0.000704
388 112 3 100 41869 0.000704
203 126 3 100 9727 0.000704
228 385 3 100 38496 0.000704
347 181 3 100 455314 0.000704
242 245 3 100 10531 0.000704
176 308 3 100 25080 0.000705
34 361 3 100 11599 0.000705
342 97 3 100 10278 0.000705
362 332 3 100 13915 0.000705
125 257 3 100 3073 0.000705
89 347 3 100 21949 0.000705
51 136 3 100 216053 0.000705
108 177 3 100 328733 0.000705
48 212 3 100 9406 0.000705
142 250 3 100 27256 0.000706
226 278 3 100 243629 0.000706
388 52 3 100 21485 0.000706
27 335 3 100 17173 0.000706
118 327 3 100 32481 0.000707
60 147 3 100 4128 0.000707
308 142 3 100 130469 0.000707
334 205 3 100 18342 0.000707
268 179 3 100 1876 0.000707
309 61 3 100 37262 0.000707
43 277 3 100 28441 0.000708
112 273 3 100 13801 0.000708
366 401 3 100 370057 0.000708
46 150 3 100 198012 0.000708
350 81 3 100 37592 0.000708
358 30 3 100 42581 0.000708
337 313 3 100 7162 0.000708
327 59 3 100 13696 0.000708
128 292 3 100 76933 0.000709
78 240 3 100 428775 0.000709
349 177 3 100 8076 0.000709
307 118 3 100 5469 0.000709
328 231 3 100 15310 0.000709
368 205 3 100 436856 0.000709
67 35 3 100 4707 0.000710
276 191 3 100 398754 0.000710
64 372 3 100 13306 0.000710
119 189 3 100 356281 0.000710
335 302 3 100 9471 0.000710
36 117 3 100 8247 0.000710
391 155 3 100 270823 0.000710
401 286 3 100 189585 0.000710
367 204 3 100 399403 0.000710
347 96 3 100 26654 0.000711
223 37 3 100 22497 0.000711
173 353 3 100 5127 0.000711
227 242 3 100 139034 0.000711
80 154 3 100 18786 0.000711
104 170 3 100 7373 0.000711
303 70 3 100 29939 0.000712
69 257 3 100 17177 0.000712
44 161 3 100 81415 0.000712
384 189 3 100 337272 0.000712
174 63 3 100 16111 0.000712
111 363 3 100 55488 0.000713
260 267 3 100 194077 0.000713
366 138 3 100 34677 0.000713
37 26 3 100 22638 0.000714
304 172 3 100 79288 0.000714
296 36 3 100 11621 0.000714
124 236 3 100 38378 0.000714
364 28 3 100 25261 0.000715
303 99 3 100 169192 0.000715
185 366 3 100 33363 0.000715
174 274 3 100 19930 0.000715
101 86 3 100 80876 0.000715
54 83 3 100 24054 0.000715
390 55 3 100 3887 0.000715
340 131 3 100 39844 0.000715
140 132 3 100 32940 0.000716
282 23 3 100 32619 0.000716
286 310 3 100 87218 0.000716
143 76 3 100 22805 0.000716
252 224 3 100 8744 0.000716
45 79 3 100 438468 0.000716
215 223 3 100 12568 0.000716
71 376 3 100 19293 0.000716
264 141 3 100 294 0.000717
278 347 3 100 27149 0.000717
32 331 3 100 42055 0.000717
81 371 3 100 14730 0.000717
110 127 3 100 18428 0.000717
251 66 3 100 36467 0.000717
237 162 3 100 10226 0.000717
53 299 3 100 42179 0.000718
262 62 3 100 33613 0.000719
369 288 3 100 43530 0.000719
60 304 3 100 99042 0.000719
301 30 3 100 341538 0.000720
378 169 3 100 19945 0.000720
301 262 3 100 19105 0.000720
222 388 3 100 5154 0.000721
297 178 3 100 6860 0.000721
53 79 3 100 130872 0.000721
217 250 3 100 41591 0.000721
367 52 3 100 22305 0.000721
382 165 3 100 3348 0.000721
374 239 3 100 34081 0.000721
206 56 3 100 32706 0.000721
58 149 3 100 17072 0.000722
273 40 3 100 29745 0.000722
111 256 3 100 29700 0.000722
42 216 3 100 20529 0.000722
351 211 3 100 459599 0.000722
300 394 3 100 36397 0.000722
90 182 3 100 23032 0.000722
287 72 3 100 50716 0.000723
296 103 3 100 9127 0.000723
402 368 3 100 26375 0.000723
71 357 3 100 202489 0.000723
373 201 3 100 3194 0.000723
153 194 3 100 42535 0.000723
52 222 3 100 33872 0.000723
231 160 3 100 176893 0.000724
296 180 3 100 44650 0.000724
351 278 3 100 21970 0.000724
74 204 3 100 28682 0.000724
130 88 3 100 16542 0.000724
96 190 3 100 198695 0.000724
136 378 3 100 24320 0.000724
83 228 3 100 40802 0.000724
311 287 3 100 218561 0.000724
167 186 3 100 43969 0.000724
279 256 3 100 146360 0.000725
211 345 3 100 253754 0.000725
342 333 3 100 12274 0.000725
136 369 3 100 30572 0.000725
125 325 3 100 2759 0.000725
301 145 3 100 210025 0.000725
175 358 3 100 37145 0.000725
336 161 3 100 7049 0.000726
355 126 3 100 28130 0.000726
383 340 3 100 25260 0.000726
106 222 3 100 7582 0.000727
177 76 3 100 31809 0.000727
228 99 3 100 36063 0.000727
396 239 3 100 245377 0.000727
66 204 3 100 34797 0.000728
148 162 3 100 17453 0.000728
112 132 3 100 21754 0.000728
126 151 3 100 44999 0.000728
392 220 3 100 49659 0.000729
286 312 3 100 29815 0.000729
401 351 3 100 16087 0.000729
26 395 3 100 36449 0.000729
327 190 3 100 22053 0.000729
269 171 3 100 29979 0.000729
130 67 3 100 13239 0.000729
171 81 3 100 45680 0.000729
242 54 3 100 26138 0.000730
209 256 3 100 20590 0.000730
279 314 3 100 377818 0.000730
180 259 3 100 3441 0.000730
187 122 3 100 29252 0.000730
265 214 3 100 9419 0.000730
57 240 3 100 359197 0.000730
167 262 3 100 154845 0.000730
396 120 3 100 42791 0.000731
86 283 3 100 26055 0.000731
207 152 3 100 1312 0.000731
361 139 3 100 350042 0.000732
398 315 3 100 38170 0.000732
82 319 3 100 41936 0.000732
316 132 3 100 130530 0.000732
261 279 3 100 22060 0.000732
95 279 3 100 2964 0.000732
31 149 3 100 15115 0.000733
340 329 3 100 38940 0.000733
32 342 3 100 38329 0.000733
197 259 3 100 43615 0.000733
358 225 3 100 21428 0.000733
263 134 3 100 7615 0.000733
190 179 3 100 32677 0.000733
321 303 3 100 24513 0.000734
71 131 3 100 13502 0.000734
293 223 3 100 282521 0.000734
47 176 3 100 413461 0.000734
159 35 3 100 32399 0.000734
22 71 3 100 163992 0.000735
223 308 3 100 37125 0.000735
228 384 3 100 45892 0.000735
111 87 3 100 1919 0.000735
134 158 3 100 35223 0.000735
312 121 3 100 34558 0.000736
59 185 3 100 22873 0.000736
360 139 3 100 14909 0.000736
320 62 3 100 27442 0.000736
183 249 3 100 260305 0.000736
72 346 3 100 10185 0.000736
325 117 3 100 38279 0.000736
92 67 3 100 26642 0.000736
146 383 3 100 857 0.000737
118 311 3 100 15302 0.000737
360 273 3 100 28245 0.000737
277 288 3 100 246011 0.000738
111 33 3 100 30170 0.000738
281 119 3 100 33052 0.000738
236 20 3 100 19346 0.000738
260 395 3 100 2462 0.000739
147 103 3 100 16033 0.000739
130 277 3 100 18469 0.000739
81 249 3 100 405445 0.000739
351 269 3 100 442335 0.000739
144 288 3 100 371825 0.000740
272 87 3 100 354618 0.000740
20 107 3 100 5969 0.000740
20 243 3 100 15100 0.000740
221 272 3 100 37355 0.000740
87 382 3 100 32565 0.000740
101 100 3 100 33267 0.000740
257 313 3 100 38478 0.000741
159 22 3 100 18656 0.000741
311 278 3 100 21457 0.000741
374 296 3 100 40265 0.000741
222 20 3 100 28142 0.000741
212 70 3 100 77434 0.000742
249 173 3 100 24012 0.000742
400 99 3 100 5759 0.000742
105 167 3 100 34854 0.000742
289 166 3 100 30797 0.000742
356 122 3 100 218874 0.000742
171 42 3 100 36485 0.000742
349 103 3 100 27957 0.000742
104 259 3 100 196936 0.000743
25 156 3 100 113958 0.000743
229 370 3 100 37022 0.000743
28 114 3 100 10427 0.000743
337 230 3 100 355611 0.000743
212 175 3 100 108964 0.000743
367 43 3 100 7897 0.000743
55 91 3 100 1796 0.000743
85 149 3 100 436998 0.000743
379 368 3 100 44322 0.000743
171 135 3 100 122397 0.000744
133 215 3 100 25353 0.000744
46 173 3 100 27261 0.000744
90 252 3 100 17253 0.000744
170 336 3 100 4505 0.000744
355 170 3 100 141614 0.000745
109 42 3 100 36403 0.000745
53 76 3 100 13109 0.000745
38 133 3 100 42792 0.000745
345 153 3 100 10947 0.000745
23 281 3 100 11864 0.000745
64 154 3 100 34606 0.000746
125 230 3 100 43531 0.000746
84 275 3 100 4095 0.000746
301 108 3 100 19934 0.000746
342 55 3 100 45823 0.000746
309 23 3 100 210749 0.000746
352 243 3 100 384855 0.000747
118 22 3 100 29544 0.000747
362 166 3 100 19591 0.000747
327 31 3 100 24464 0.000747
154 205 3 100 41025 0.000747
160 337 3 100 10577 0.000747
320 278 3 100 38438 0.000747
80 69 3 100 1892 0.000748
62 54 3 100 5510 0.000748
99 347 3 100 12295 0.000748
178 194 3 100 7692 0.000748
397 231 3 100 18027 0.000749
298 91 3 100 337998 0.000749
131 32 3 100 29189 0.000749
233 341 3 100 12216 0.000749
175 382 3 100 6631 0.000749
373 263 3 100 31048 0.000749
343 218 3 100 34991 0.000749
68 203 3 100 22536 0.000750
28 252 3 100 6619 0.000750
391 357 3 100 3045 0.000750
252 96 3 100 25548 0.000750
100 277 3 100 646 0.000751
299 236 3 100 36803 0.000751
383 94 3 100 16913 0.000751
368 232 3 100 296735 0.000751
358 114 3 100 23636 0.000751
30 270 3 100 3620 0.000751
204 54 3 100 41529 0.000751
138 30 3 100 332 0.000752
274 184 3 100 3050 0.000752
383 108 3 100 27468 0.000752
34 104 3 100 38496 0.000752
332 308 3 100 42461 0.000752
145 399 3 100 409211 0.000753
147 353 3 100 18333 0.000753
110 107 3 100 33436 0.000753
155 394 3 100 30819 0.000753
348 365 3 100 152946 0.000753
303 259 3 100 30376 0.000753
183 137 3 100 23929 0.000753
325 29 3 100 4733 0.000753
296 172 3 100 9620 0.000754
316 158 3 100 18519 0.000754
347 207 3 100 19271 0.000754
260 352 3 100 391736 0.000754
322 336 3 100 28762 0.000754
188 52 3 100 14981 0.000754
39 398 3 100 297730 0.000755
107 49 3 100 30850 0.000755
88 359 3 100 17407 0.000755
200 234 3 100 16056 0.000755
27 368 3 100 7347 0.000755
196 155 3 100 22550 0.000756
348 190 3 100 18497 0.000756
127 380 3 100 21515 0.000756
100 114 3 100 133443 0.000757
228 191 3 100 434121 0.000757
112 67 3 100 17067 0.000757
383 398 3 100 31737 0.000757
357 311 3 100 40899 0.000757
364 210 3 100 30912 0.000757
277 247 3 100 45223 0.000758
343 165 3 100 2352 0.000758
39 339 3 100 1313 0.000758
58 358 3 100 22852 0.000759
119 24 3 100 10896 0.000759
367 22 3 100 13576 0.000759
210 46 3 100 10812 0.000759
139 396 3 100 26776 0.000759
307 59 3 100 13084 0.000759
174 77 3 100 26560 0.000759
254 194 3 100 272534 0.000760
218 155 3 100 42253 0.000760
66 208 3 100 118483 0.000760
96 217 3 100 1493 0.000760
342 343 3 100 15445 0.000760
98 40 3 100 11433 0.000761
353 286 3 100 339373 0.000761
187 261 3 100 31056 0.000761
105 120 3 100 45504 0.000761
157 374 3 100 32447 0.000761
248 366 3 100 40926 0.000762
357 393 3 100 4579 0.000762
307 272 3 100 44531 0.000762
347 210 3 100 5294 0.000762
34 242 3 100 33525 0.000762
351 162 3 100 2912 0.000762
77 42 3 100 4142 0.000763
241 383 3 100 26105 0.000763
20 29 3 100 25080 0.000763
244 265 3 100 19087 0.000764
164 345 3 100 297998 0.000764
230 290 3 100 15183 0.000764
126 356 3 100 43793 0.000764
170 116 3 100 37122 0.000764
212 379 3 100 11683 0.000764
250 104 3 100 272598 0.000764
255 243 3 100 339116 0.000764
217 328 3 100 286074 0.000765
292 166 3 100 66113 0.000765
294 309 3 100 44272 0.000765
354 202 3 100 34511 0.000765
320 73 3 100 193 0.000765
21 275 3 100 21946 0.000766
397 384 3 100 1086 0.000766
301 217 3 100 30523 0.000766
158 330 3 100 30887 0.000767
271 403 3 100 6760 0.000767
273 40 3 100 206834 0.000767
171 400 3 100 36718 0.000768
299 348 3 100 334976 0.000768
390 228 3 100 19769 0.000768
397 26 3 100 26520 0.000768
326 375 3 100 12281 0.000769
129 271 3 100 359651 0.000769
170 176 3 100 13081 0.000769
224 380 3 100 2579 0.000769
151 175 3 100 44621 0.000769
142 243 3 100 38702 0.000770
190 280 3 100 18752 0.000771
400 306 3 100 11306 0.000771
339 236 3 100 31172 0.000771
396 120 3 100 222202 0.000771
237 387 3 100 21083 0.000772
251 349 3 100 7098 0.000772
382 59 3 100 28940 0.000772
111 232 3 100 12421 0.000772
181 233 3 100 14912 0.000772
21 168 3 100 27053 0.000772
100 168 3 100 26415 0.000773
66 204 3 100 19971 0.000773
383 397 3 100 17821 0.000773
52 22 3 100 37529 0.000773
27 194 3 100 407830 0.000774
45 115 3 100 34961 0.000774
63 384 3 100 40981 0.000774
323 185 3 100 6308 0.000774
326 159 3 100 465 0.000774
397 213 3 100 327040 0.000774
26 66 3 100 20392 0.000775
291 275 3 100 24294 0.000775
236 286 3 100 4760 0.000775
158 174 3 100 45841 0.000775
364 249 3 100 34871 0.000775
105 352 3 100 106385 0.000776
203 335 3 100 26924 0.000776
297 307 3 100 11604 0.000776
345 298 3 100 331419 0.000776
324 61 3 100 200489 0.000776
306 266 3 100 415637 0.000777
151 220 3 100 23067 0.000777
309 169 3 100 6129 0.000777
191 304 3 100 5697 0.000777
118 365 3 100 97463 0.000778
349 61 3 100 291 0.000778
150 22 3 100 32336 0.000778
205 317 3 100 17868 0.000778
146 391 3 100 44123 0.000778
398 315 3 100 3175 0.000778
165 34 3 100 3228 0.000778
125 299 3 100 26146 0.000778
121 107 3 100 13067 0.000778
161 94 3 100 33923 0.000778
180 137 3 100 8569 0.000779
192 330 3 100 42950 0.000779
127 149 3 100 5419 0.000779
77 217 3 100 30531 0.000779
323 249 3 100 25346 0.000779
385 190 3 100 43918 0.000780
304 325 3 100 35781 0.000780
338 301 3 100 8341 0.000780
21 276 3 100 42781 0.000780
212 321 3 100 11637 0.000780
259 224 3 100 33655 0.000781
103 48 3 100 11058 0.000781
338 260 3 100 140031 0.000781
174 93 3 100 98288 0.000781
257 256 3 100 19842 0.000781
153 356 3 100 5016 0.000782
150 370 3 100 43192 0.000782
260 114 3 100 39999 0.000783
350 387 3 100 20378 0.000783
126 235 3 100 180082 0.000783
154 380 3 100 31088 0.000783
400 270 3 100 19711 0.000783
44 71 3 100 89832 0.000783
328 219 3 100 30700 0.000784
274 153 3 100 26690 0.000784
343 86 3 100 37831 0.000784
73 189 3 100 441697 0.000784
97 241 3 100 23475 0.000784
182 261 3 100 6442 0.000784
108 323 3 100 34463 0.000785
388 197 3 100 18271 0.000785
386 174 3 100 160732 0.000785
388 389 3 100 29391 0.000785
153 282 3 100 34318 0.000786
246 130 3 100 4289 0.000786
48 301 3 100 20649 0.000786
187 370 3 100 29764 0.000786
350 217 3 100 44231 0.000786
239 139 3 100 251994 0.000787
105 58 3 100 3331 0.000787
56 248 3 100 489 0.000787
224 246 3 100 26553 0.000787
311 147 3 100 70914 0.000787
40 318 3 100 233844 0.000788
207 221 3 100 16436 0.000788
299 370 3 100 41893 0.000788
370 295 3 100 12612 0.000788
31 52 3 100 45683 0.000788
328 392 3 100 25574 0.000788
402 155 3 100 36941 0.000789
166 209 3 100 253745 0.000789
41 221 3 100 29712 0.000789
255 81 3 100 26537 0.000789
218 154 3 100 33538 0.000789
132 188 3 100 11544 0.000790
67 358 3 100 26955 0.000790
24 352 3 100 31484 0.000790
210 319 3 100 3790 0.000790
308 73 3 100 5388 0.000790
251 340 3 100 4970 0.000791
292 82 3 100 141 0.000791
240 174 3 100 25955 0.000791
249 80 3 100 119898 0.000792
111 224 3 100 30513 0.000792
335 382 3 100 3099 0.000792
86 241 3 100 332850 0.000793
91 68 3 100 4886 0.000793
202 351 3 100 15476 0.000793
373 21 3 100 28847 0.000793
260 324 3 100 58958 0.000793
174 26 3 100 6995 0.000794
65 124 3 100 27331 0.000794
388 322 3 100 27158 0.000794
106 279 3 100 34585 0.000794
297 188 3 100 36392 0.000794
299 167 3 100 41810 0.000795
260 191 3 100 25881 0.000795
58 297 3 100 45021 0.000795
186 200 3 100 18314 0.000795
275 367 3 100 34490 0.000795
336 250 3 100 7742 0.000795
248 207 3 100 13676 0.000795
309 141 3 100 2572 0.000795
21 106 3 100 24436 0.000796
93 154 3 100 5357 0.000796
198 192 3 100 40098 0.000796
69 293 3 100 17962 0.000796
65 24 3 100 25190 0.000796
298 311 3 100 15478 0.000797
171 396 3 100 26458 0.000797
274 318 3 100 1560 0.000797
130 217 3 100 19068 0.000797
204 311 3 100 1695 0.000798
152 122 3 100 1514 0.000798
185 116 3 100 116736 0.000798
164 353 3 100 10354 0.000798
129 324 3 100 8852 0.000798
196 397 3 100 410085 0.000799
299 217 3 100 41396 0.000799
257 27 3 100 30710 0.000799
256 391 3 100 447947 0.000799
113 33 3 100 2012 0.000799
121 386 3 100 240321 0.000799
160 179 3 100 42592 0.000800
207 46 3 100 36082 0.000800
34 244 3 100 27816 0.000800
332 393 3 100 25735 0.000800
279 97 3 100 23980 0.000800
323 302 3 100 34021 0.000801
242 342 3 100 36493 0.000801
165 171 3 100 40824 0.000801
184 303 3 100 26061 0.000801
42 89 3 100 210431 0.000802
30 238 3 100 319 0.000802
72 264 3 100 44645 0.000802
285 143 3 100 4972 0.000802
403 373 3 100 311361 0.000802
24 180 3 100 38027 0.000802
172 90 3 100 9528 0.000802
166 373 3 100 25473 0.000802
83 208 3 100 6062 0.000802
42 297 3 100 15651 0.000802
33 312 3 100 23930 0.000803
177 243 3 100 18940 0.000803
333 76 3 100 29427 0.000803
336 37 3 100 34689 0.000803
295 341 3 100 31219 0.000803
25 366 3 100 44237 0.000803
309 75 3 100 33122 0.000803
356 211 3 100 352844 0.000804
231 327 3 100 4458 0.000804
173 254 3 100 302023 0.000804
281 386 3 100 13855 0.000804
280 54 3 100 10119 0.000804
391 35 3 100 40130 0.000804
38 356 3 100 44846 0.000804
157 315 3 100 28935 0.000804
90 229 3 100 23735 0.000805
182 44 3 100 7640 0.000805
43 202 3 100 18107 0.000806
35 37 3 100 44726 0.000807
205 332 3 100 33847 0.000807
302 236 3 100 26122 0.000807
89 294 3 100 34916 0.000808
343 223 3 100 32438 0.000808
242 269 3 100 4550 0.000808
30 63 3 100 18291 0.000808
391 358 3 100 36434 0.000809
243 362 3 100 4825 0.000809
45 64 3 100 37739 0.000809
64 382 3 100 28726 0.000809
315 199 3 100 41103 0.000809
57 334 3 100 279635 0.000809
309 359 3 100 65589 0.000810
143 93 3 100 19257 0.000810
314 207 3 100 20663 0.000810
332 85 3 100 19689 0.000810
229 148 3 100 678 0.000810
33 191 3 100 4649 0.000810
84 320 3 100 30771 0.000810
181 346 3 100 38267 0.000810
119 136 3 100 12234 0.000811
218 241 3 100 262632 0.000811
320 145 3 100 119 0.000811
97 168 3 100 8426 0.000811
27 352 3 100 19304 0.000811
317 197 3 100 42720 0.000811
375 302 3 100 4066 0.000811
164 202 3 100 48674 0.000812
266 79 3 100 36968 0.000812
162 150 3 100 390820 0.000812
377 359 3 100 16015 0.000812
295 56 3 100 41979 0.000812
280 211 3 100 58723 0.000812
46 324 3 100 22804 0.000813
219 271 3 100 36683 0.000813
193 318 3 100 232 0.000813
395 61 3 100 20889 0.000813
330 276 3 100 38538 0.000813
197 176 3 100 4415 0.000813
389 34 3 100 33543 0.000813
310 268 3 100 9472 0.000813
351 332 3 100 13272 0.000813
302 71 3 100 39784 0.000813
178 131 3 100 1585 0.000814
330 217 3 100 29069 0.000814
47 249 3 100 45523 0.000814
246 285 3 100 36120 0.000815
213 304 3 100 30502 0.000815
300 299 3 100 37227 0.000815
249 227 3 100 36838 0.000815
107 343 3 100 28669 0.000815
142 115 3 100 13250 0.000815
57 311 3 100 5633 0.000815
400 181 3 100 374353 0.000815
115 76 3 100 13949 0.000815
117 141 3 100 405096 0.000816
83 165 3 100 25448 0.000816
362 220 3 100 40418 0.000816
198 381 3 100 8195 0.000816
271 277 3 100 30283 0.000817
231 174 3 100 33900 0.000817
331 113 3 100 64853 0.000817
252 114 3 100 3542 0.000817
247 180 3 100 5392 0.000817
364 138 3 100 38763 0.000817
339 357 3 100 19110 0.000817
244 302 3 100 42292 0.000818
345 394 3 100 36151 0.000819
77 339 3 100 75466 0.000819
144 218 3 100 29416 0.000819
155 72 3 100 18577 0.000819
339 186 3 100 854 0.000819
156 239 3 100 13903 0.000819
79 284 3 100 42486 0.000819
218 145 3 100 27817 0.000820
73 312 3 100 36039 0.000820
299 371 3 100 7964 0.000820
112 258 3 100 40197 0.000820
215 332 3 100 33320 0.000820
198 204 3 100 147 0.000820
316 57 3 100 20908 0.000820
326 312 3 100 10537 0.000820
102 265 3 100 44408 0.000821
354 195 3 100 39611 0.000821
133 358 3 100 365246 0.000821
114 269 3 100 5281 0.000822
240 83 3 100 36410 0.000822
83 243 3 100 22509 0.000822
294 128 3 100 26664 0.000822
387 166 3 100 38041 0.000823
384 307 3 100 403877 0.000823
346 171 3 100 43520 0.000823
305 34 3 100 2626 0.000823
240 395 3 100 282723 0.000823
248 314 3 100 7297 0.000823
100 106 3 100 5990 0.000823
236 211 3 100 127660 0.000823
309 110 3 100 27315 0.000823
232 231 3 100 1958 0.000824
62 83 3 100 23143 0.000824
388 370 3 100 32709 0.000824
295 83 3 100 373198 0.000824
105 370 3 100 34412 0.000824
356 31 3 100 13740 0.000824
335 107 3 100 28427 0.000824
30 352 3 100 401 0.000825
300 191 3 100 25110 0.000825
81 372 3 100 6238 0.000825
382 339 3 100 16526 0.000826
398 275 3 100 17867 0.000826
249 20 3 100 40859 0.000826
74 221 3 100 440029 0.000826
60 114 3 100 41655 0.000826
399 384 3 100 12059 0.000826
152 313 3 100 31228 0.000826
129 232 3 100 120572 0.000826
197 398 3 100 8218 0.000826
39 385 3 100 38581 0.000826
102 143 3 100 23036 0.000826
403 122 3 100 282496 0.000826
392 128 3 100 71324 0.000827
327 215 3 100 30451 0.000827
295 174 3 100 5276 0.000827
170 277 3 100 38936 0.000827
299 146 3 100 31088 0.000827
292 318 3 100 22743 0.000827
171 76 3 100 364508 0.000828
124 254 3 100 401695 0.000828
134 261 3 100 1009 0.000829
324 174 3 100 20289 0.000829
137 180 3 100 35518 0.000829
165 368 3 100 9590 0.000829
53 245 3 100 4577 0.000829
385 106 3 100 33079 0.000829
68 109 3 100 20087 0.000829
68 370 3 100 28731 0.000830
75 139 3 100 8703 0.000830
278 108 3 100 24571 0.000830
235 339 3 100 444287 0.000830
172 40 3 100 28103 0.000830
122 182 3 100 45664 0.000830
141 88 3 100 30434 0.000830
177 207 3 100 5953 0.000830
102 208 3 100 38916 0.000831
189 384 3 100 32302 0.000831
212 115 3 100 29616 0.000831
299 271 3 100 8338 0.000831
265 96 3 100 454 0.000832
100 128 3 100 15335 0.000832
360 384 3 100 16650 0.000832
188 88 3 100 43910 0.000832
347 123 3 100 26006 0.000832
327 56 3 100 21377 0.000833
335 71 3 100 42938 0.000833
170 207 3 100 1489 0.000833
271 78 3 100 12195 0.000833
384 285 3 100 38332 0.000833
252 236 3 100 36529 0.000833
302 397 3 100 6975 0.000833
172 246 3 100 33649 0.000833
365 86 3 100 182099 0.000833
103 56 3 100 13060 0.000833
362 44 3 100 47225 0.000834
135 267 3 100 22577 0.000834
247 385 3 100 41524 0.000834
387 57 3 100 20874 0.000834
209 161 3 100 25319 0.000835
23 185 3 100 40513 0.000835
43 309 3 100 13582 0.000835
172 60 3 100 358508 0.000836
213 107 3 100 19167 0.000836
26 102 3 100 403101 0.000836
259 191 3 100 21874 0.000836
47 338 3 100 367078 0.000836
401 72 3 100 28472 0.000836
314 198 3 100 19979 0.000836
337 145 3 100 28724 0.000836
316 162 3 100 208618 0.000836
269 178 3 100 101 0.000836
75 276 3 100 127731 0.000836
230 46 3 100 32396 0.000836
43 312 3 100 35437 0.000836
46 271 3 100 39069 0.000837
306 122 3 100 45909 0.000837
138 324 3 100 26503 0.000837
175 304 3 100 34031 0.000837
166 145 3 100 45445 0.000837
275 366 3 100 34092 0.000837
311 196 3 100 281375 0.000838
403 388 3 100 19811 0.000838
384 277 3 100 22519 0.000838
227 78 3 100 29811 0.000838
118 187 3 100 9923 0.000838
37 348 3 100 8942 0.000838
273 94 3 100 330298 0.000838
78 27 3 100 110492 0.000838
282 198 3 100 1717 0.000838
313 374 3 100 13562 0.000838
251 272 3 100 43712 0.000839
94 120 3 100 26441 0.000839
170 164 3 100 37329 0.000839
116 82 3 100 18204 0.000839
24 98 3 100 9805 0.000839
291 302 3 100 29543 0.000839
46 91 3 100 15340 0.000839
227 114 3 100 34842 0.000840
65 131 3 100 39263 0.000840
242 324 3 100 40101 0.000840
296 314 3 100 27386 0.000840
188 44 3 100 34603 0.000840
139 314 3 100 42964 0.000840
305 290 3 100 31233 0.000841
207 394 3 100 255720 0.000841
202 152 3 100 1227 0.000842
92 281 3 100 16873 0.000842
366 217 3 100 36927 0.000842
245 268 3 100 9245 0.000843
375 197 3 100 73 0.000843
66 285 3 100 37484 0.000843
164 293 3 100 32599 0.000843
208 140 3 100 410223 0.000843
314 377 3 100 8569 0.000843
68 146 3 100 165251 0.000844
114 184 3 100 18549 0.000844
264 276 3 100 3641 0.000844
369 117 3 100 30212 0.000844
163 265 3 100 21492 0.000844
288 365 3 100 11820 0.000845
276 394 3 100 2632 0.000845
393 26 3 100 42352 0.000845
368 71 3 100 18355 0.000845
40 206 3 100 8587 0.000845
370 33 3 100 68331 0.000845
249 31 3 100 5468 0.000845
183 68 3 100 84285 0.000845
340 327 3 100 144313 0.000846
207 210 3 100 96404 0.000846
76 45 3 100 28702 0.000846
301 242 3 100 45281 0.000846
335 31 3 100 21719 0.000846
174 358 3 100 38820 0.000846
143 48 3 100 27347 0.000846
132 342 3 100 32813 0.000847
95 250 3 100 18819 0.000847
375 96 3 100 23432 0.000847
231 322 3 100 255080 0.000847
216 276 3 100 224136 0.000847
399 94 3 100 333770 0.000847
90 239 3 100 105 0.000847
233 302 3 100 352287 0.000847
36 309 3 100 34834 0.000847
71 179 3 100 16463 0.000847
227 326 3 100 38609 0.000848
403 235 3 100 7827 0.000848
182 71 3 100 31313 0.000848
101 127 3 100 719 0.000848
42 133 3 100 4209 0.000848
336 133 3 100 32096 0.000849
155 231 3 100 16622 0.000849
32 270 3 100 127788 0.000849
94 175 3 100 32930 0.000849
142 70 3 100 145884 0.000849
24 371 3 100 30098 0.000849
315 187 3 100 37176 0.000849
63 362 3 100 5642 0.000849
191 90 3 100 214397 0.000849
352 41 3 100 9725 0.000849
349 400 3 100 14960 0.000850
287 63 3 100 10284 0.000850
157 76 3 100 14964 0.000850
316 338 3 100 7487 0.000850
198 174 3 100 403870 0.000851
143 293 3 100 35538 0.000851
67 21 3 100 45971 0.000851
368 168 3 100 434193 0.000851
216 219 3 100 21997 0.000851
24 53 3 100 446503 0.000852
178 155 3 100 31723 0.000852
340 332 3 100 37621 0.000852
310 161 3 100 16977 0.000852
331 300 3 100 22467 0.000852
185 305 3 100 36370 0.000852
295 370 3 100 193621 0.000852
125 161 3 100 35039 0.000853
199 319 3 100 21911 0.000853
394 370 3 100 41059 0.000853
113 72 3 100 35642 0.000853
293 330 3 100 280980 0.000853
277 390 3 100 41369 0.000854
177 27 3 100 11065 0.000854
291 365 3 100 8462 0.000854
331 134 3 100 9035 0.000854
23 258 3 100 78222 0.000854
157 287 3 100 36968 0.000854
264 245 3 100 224992 0.000854
26 115 3 100 40410 0.000854
238 249 3 100 14932 0.000855
209 212 3 100 154 0.000855
145 121 3 100 3133 0.000855
126 106 3 100 14144 0.000855
260 319 3 100 20551 0.000855
37 171 3 100 20770 0.000856
378 226 3 100 2594 0.000856
221 219 3 100 24340 0.000856
338 369 3 100 33884 0.000856
101 287 3 100 45583 0.000856
261 92 3 100 40835 0.000856
139 133 3 100 27228 0.000857
360 57 3 100 102105 0.000857
60 274 3 100 28973 0.000857
130 306 3 100 337679 0.000857
227 285 3 100 13721 0.000857
227 217 3 100 40820 0.000857
283 35 3 100 225957 0.000857
344 274 3 100 15801 0.000857
35 42 3 100 15207 0.000858
100 278 3 100 152 0.000858
68 217 3 100 78402 0.000858
362 337 3 100 14320 0.000858
359 68 3 100 24745 0.000859
373 36 3 100 22554 0.000859
361 217 3 100 434349 0.000860
348 39 3 100 7578 0.000860
71 152 3 100 40792 0.000860
122 35 3 100 27897 0.000860
31 257 3 100 43882 0.000860
174 308 3 100 29351 0.000860
39 45 3 100 276492 0.000861
212 356 3 100 27886 0.000861
98 184 3 100 16270 0.000861
31 397 3 100 26365 0.000861
62 337 3 100 324028 0.000862
78 45 3 100 44755 0.000862
335 283 3 100 24585 0.000862
309 39 3 100 34276 0.000862
302 21 3 100 16772 0.000862
34 148 3 100 238647 0.000862
368 183 3 100 28807 0.000862
87 78 3 100 36589 0.000862
44 290 3 100 360347 0.000863
126 286 3 100 133134 0.000863
329 376 3 100 16917 0.000863
126 282 3 100 27427 0.000863
321 91 3 100 12577 0.000863
98 42 3 100 24513 0.000863
230 179 3 100 16106 0.000863
51 107 3 100 35175 0.000863
317 113 3 100 44358 0.000864
82 269 3 100 1325 0.000864
265 276 3 100 15130 0.000864
297 265 3 100 3938 0.000865
286 274 3 100 8920 0.000865
182 62 3 100 41325 0.000865
214 314 3 100 16829 0.000865
59 269 3 100 29617 0.000865
22 111 3 100 9141 0.000865
278 88 3 100 23743 0.000865
311 94 3 100 11735 0.000865
375 397 3 100 42550 0.000866
382 187 3 100 15461 0.000867
64 43 3 100 29350 0.000867
377 313 3 100 72264 0.000867
86 157 3 100 9783 0.000867
109 301 3 100 27755 0.000867
210 268 3 100 25053 0.000867
315 356 3 100 10077 0.000867
86 325 3 100 7426 0.000867
72 283 3 100 102554 0.000867
324 338 3 100 18904 0.000867
207 55 3 100 3913 0.000868
85 67 3 100 7285 0.000868
341 51 3 100 124130 0.000868
219 110 3 100 107 0.000869
53 287 3 100 7737 0.000869
276 166 3 100 157807 0.000869
336 190 3 100 222535 0.000869
152 374 3 100 225113 0.000869
234 237 3 100 21668 0.000869
276 351 3 100 233255 0.000869
316 103 3 100 43264 0.000869
257 76 3 100 66462 0.000869
152 256 3 100 34190 0.000869
376 133 3 100 27400 0.000870
295 362 3 100 37194 0.000870
327 352 3 100 2341 0.000870
182 155 3 100 13993 0.000870
314 396 3 100 5921 0.000870
378 309 3 100 25385 0.000870
397 221 3 100 430381 0.000871
47 246 3 100 222848 0.000871
20 86 3 100 21305 0.000871
347 195 3 100 26660 0.000871
237 224 3 100 30094 0.000871
240 233 3 100 177431 0.000871
385 217 3 100 22940 0.000872
286 101 3 100 41570 0.000872
314 213 3 100 41456 0.000872
23 231 3 100 34519 0.000873
208 24 3 100 33415 0.000873
347 93 3 100 1917 0.000873
114 85 3 100 29758 0.000874
247 285 3 100 23055 0.000874
268 113 3 100 25852 0.000875
321 159 3 100 85046 0.000875
258 273 3 100 3594 0.000876
271 279 3 100 47078 0.000876
258 69 3 100 12110 0.000876
331 312 3 100 43065 0.000876
82 151 3 100 3611 0.000876
392 313 3 100 45222 0.000877
265 182 3 100 31124 0.000877
102 34 3 100 11335 0.000877
185 365 3 100 382764 0.000877
248 375 3 100 19908 0.000877
186 89 3 100 44211 0.000878
231 282 3 100 33711 0.000878
71 332 3 100 434504 0.000878
252 164 3 100 5175 0.000878
103 93 3 100 29080 0.000879
56 222 3 100 14986 0.000879
367 349 3 100 12882 0.000879
94 168 3 100 13369 0.000879
173 101 3 100 408365 0.000879
147 360 3 100 25178 0.000879
267 338 3 100 232732 0.000880
48 239 3 100 24431 0.000880
77 93 3 100 1876 0.000880
262 222 3 100 33714 0.000880
69 184 3 100 636 0.000880
314 78 3 100 37063 0.000880
361 189 3 100 18420 0.000880
190 292 3 100 394439 0.000880
240 199 3 100 15158 0.000881
22 363 3 100 27375 0.000881
353 359 3 100 28337 0.000881
134 239 3 100 259549 0.000881
212 353 3 100 12384 0.000881
80 341 3 100 1373 0.000882
345 84 3 100 13466 0.000882
183 200 3 100 371190 0.000882
274 163 3 100 40854 0.000882
245 379 3 100 21399 0.000882
206 325 3 100 9739 0.000882
257 349 3 100 20905 0.000882
140 294 3 100 39607 0.000882
39 72 3 100 13484 0.000882
139 233 3 100 19990 0.000882
345 260 3 100 21701 0.000882
137 256 3 100 17932 0.000883
367 35 3 100 33698 0.000883
182 340 3 100 14119 0.000883
401 211 3 100 11717 0.000883
384 265 3 100 21477 0.000883
24 33 3 100 41179 0.000883
366 337 3 100 16282 0.000883
284 380 3 100 11299 0.000884
388 202 3 100 365082 0.000884
25 103 3 100 30639 0.000884
237 309 3 100 31173 0.000884
280 84 3 100 29361 0.000884
244 69 3 100 446942 0.000884
130 73 3 100 9596 0.000884
57 76 3 100 4855 0.000885
251 31 3 100 386743 0.000885
29 165 3 100 8799 0.000885
341 262 3 100 7121 0.000885
89 344 3 100 16616 0.000885
328 300 3 100 28312 0.000886
400 340 3 100 328287 0.000886
271 164 3 100 303275 0.000886
262 402 3 100 43163 0.000886
54 257 3 100 5929 0.000886
99 125 3 100 2331 0.000887
325 350 3 100 43380 0.000887
278 302 3 100 43807 0.000887
66 120 3 100 39489 0.000887
300 272 3 100 318097 0.000887
254 279 3 100 31604 0.000888
166 188 3 100 38360 0.000888
244 71 3 100 352612 0.000888
158 85 3 100 24662 0.000888
227 143 3 100 10155 0.000888
337 36 3 100 39861 0.000888
256 392 3 100 14884 0.000888
393 53 3 100 12249 0.000889
342 381 3 100 306 0.000889
107 202 3 100 45665 0.000889
374 162 3 100 15688 0.000889
95 284 3 100 26497 0.000889
296 185 3 100 4279 0.000889
57 25 3 100 32365 0.000889
276 72 3 100 28716 0.000890
250 256 3 100 23180 0.000890
87 352 3 100 448927 0.000890
271 371 3 100 19114 0.000891
390 284 3 100 33550 0.000891
343 157 3 100 205578 0.000891
98 157 3 100 21752 0.000891
283 253 3 100 314027 0.000891
196 121 3 100 40164 0.000891
166 69 3 100 30387 0.000891
262 41 3 100 35385 0.000891
355 91 3 100 43549 0.000891
115 76 3 100 2321 0.000891
109 307 3 100 36176 0.000892
27 247 3 100 15214 0.000892
350 384 3 100 30249 0.000892
377 381 3 100 1501 0.000892
395 260 3 100 20675 0.000893
136 223 3 100 6826 0.000893
296 304 3 100 14054 0.000893
166 178 3 100 296132 0.000893
211 384 3 100 17547 0.000893
370 194 3 100 6657 0.000893
166 193 3 100 26686 0.000894
93 289 3 100 28785 0.000894
147 196 3 100 377175 0.000894
21 182 3 100 17709 0.000894
214 49 3 100 8680 0.000894
304 249 3 100 25154 0.000894
91 334 3 100 6253 0.000894
29 354 3 100 121104 0.000895
202 72 3 100 27233 0.000895
94 148 3 100 191493 0.000896
397 313 3 100 15980 0.000896
235 77 3 100 14547 0.000896
176 396 3 100 92813 0.000896
399 49 3 100 387753 0.000896
233 219 3 100 1619 0.000896
86 166 3 100 6833 0.000897
318 385 3 100 31528 0.000897
103 391 3 100 42773 0.000897
77 271 3 100 13862 0.000897
286 165 3 100 19184 0.000897
28 282 3 100 31451 0.000897
277 330 3 100 44931 0.000897
166 78 3 100 17539 0.000898
147 287 3 100 4001 0.000898
325 32 3 100 38442 0.000898
38 100 3 100 35897 0.000898
166 169 3 100 45836 0.000898
258 380 3 100 20095 0.000898
248 307 3 100 45229 0.000898
315 245 3 100 7861 0.000898
312 186 3 100 4699 0.000898
328 103 3 100 8030 0.000898
157 173 3 100 41799 0.000898
50 364 3 100 36820 0.000899
231 365 3 100 38227 0.000900
294 233 3 100 24977 0.000900
378 297 3 100 18074 0.000901
197 133 3 100 33972 0.000901
123 356 3 100 10439 0.000901
369 53 3 100 10463 0.000901
203 89 3 100 39892 0.000901
395 314 3 100 27182 0.000901
151 302 3 100 37486 0.000902
33 81 3 100 365118 0.000902
90 358 3 100 239016 0.000902
30 159 3 100 39565 0.000902
51 263 3 100 27466 0.000902
220 284 3 100 22001 0.000902
225 181 3 100 27813 0.000902
109 83 3 100 85106 0.000902
85 103 3 100 3537 0.000903
103 151 3 100 18965 0.000903
300 76 3 100 42184 0.000903
325 272 3 100 8466 0.000903
173 138 3 100 37516 0.000903
360 237 3 100 8261 0.000903
319 80 3 100 27654 0.000904
125 155 3 100 372090 0.000904
143 246 3 100 28173 0.000904
270 161 3 100 34919 0.000904
290 73 3 100 18564 0.000904
131 260 3 100 31571 0.000904
190 43 3 100 1282 0.000904
397 102 3 100 22953 0.000904
229 276 3 100 37376 0.000905
115 110 3 100 299925 0.000905
327 334 3 100 33495 0.000905
332 129 3 100 208296 0.000905
210 235 3 100 17260 0.000905
45 246 3 100 6531 0.000905
36 366 3 100 28280 0.000906
94 114 3 100 30091 0.000906
253 260 3 100 25266 0.000907
64 128 3 100 10701 0.000907
145 114 3 100 22584 0.000907
87 345 3 100 266262 0.000907
28 265 3 100 40222 0.000908
25 72 3 100 371922 0.000908
123 183 3 100 22429 0.000908
260 336 3 100 14328 0.000908
20 67 3 100 7708 0.000908
395 288 3 100 35203 0.000908
39 127 3 100 23088 0.000908
140 265 3 100 21709 0.000908
103 394 3 100 254482 0.000909
279 177 3 100 20687 0.000909
294 188 3 100 42028 0.000909
31 322 3 100 45149 0.000910
104 156 3 100 39149 0.000910
163 97 3 100 292970 0.000910
136 369 3 100 33155 0.000910
35 40 3 100 27230 0.000910
301 139 3 100 38138 0.000910
216 264 3 100 17598 0.000910
184 269 3 100 33217 0.000910
355 109 3 100 25510 0.000911
168 27 3 100 8299 0.000911
213 282 3 100 129046 0.000911
145 227 3 100 33185 0.000911
268 148 3 100 3569 0.000911
225 375 3 100 30292 0.000912
206 272 3 100 45420 0.000912
381 321 3 100 23754 0.000912
283 268 3 100 416238 0.000912
70 342 3 100 7190 0.000912
300 70 3 100 25613 0.000913
52 138 3 100 37958 0.000913
259 326 3 100 24644 0.000913
235 399 3 100 778 0.000913
169 263 3 100 20231 0.000913
396 144 3 100 455554 0.000913
196 289 3 100 28659 0.000913
156 40 3 100 32147 0.000914
330 210 3 100 230016 0.000914
144 340 3 100 11109 0.000914
288 211 3 100 20895 0.000914
223 32 3 100 27572 0.000914
174 283 3 100 12282 0.000915
162 314 3 100 17748 0.000915
89 348 3 100 35804 0.000915
266 341 3 100 21872 0.000916
146 317 3 100 34480 0.000916
39 175 3 100 355699 0.000916
400 79 3 100 43639 0.000917
210 311 3 100 21294 0.000917
137 388 3 100 42660 0.000917
401 183 3 100 20768 0.000917
228 131 3 100 32438 0.000917
56 328 3 100 32307 0.000917
219 216 3 100 15819 0.000918
80 62 3 100 38608 0.000918
210 151 3 100 42559 0.000918
361 389 3 100 31994 0.000918
21 42 3 100 16800 0.000918
189 231 3 100 45356 0.000918
366 399 3 100 399063 0.000918
241 301 3 100 215826 0.000918
274 335 3 100 42857 0.000918
265 228 3 100 35967 0.000919
63 161 3 100 9369 0.000919
232 192 3 100 32789 0.000919
363 387 3 100 14903 0.000919
91 95 3 100 16269 0.000919
253 136 3 100 34218 0.000920
309 327 3 100 34549 0.000920
298 385 3 100 41111 0.000920
328 225 3 100 23382 0.000920
238 26 3 100 13423 0.000921
205 245 3 100 24652 0.000921
239 131 3 100 5252 0.000921
403 138 3 100 26054 0.000921
356 244 3 100 1232 0.000921
176 198 3 100 32209 0.000921
294 50 3 100 23468 0.000922
399 393 3 100 31058 0.000922
182 308 3 100 7771 0.000922
174 306 3 100 287728 0.000922
40 107 3 100 186082 0.000922
22 79 3 100 127939 0.000923
281 187 3 100 22869 0.000923
101 97 3 100 376845 0.000923
189 195 3 100 8116 0.000923
219 192 3 100 2955 0.000923
164 239 3 100 44576 0.000923
152 217 3 100 13420 0.000924
212 293 3 100 39471 0.000924
81 400 3 100 455434 0.000925
377 26 3 100 41431 0.000925
117 162 3 100 38239 0.000925
41 375 3 100 27282 0.000925
398 314 3 100 2537 0.000925
138 194 3 100 26086 0.000925
105 154 3 100 123731 0.000925
83 320 3 100 40268 0.000926
192 268 3 100 17983 0.000926
99 273 3 100 12399 0.000926
125 336 3 100 20267 0.000926
399 185 3 100 108891 0.000926
58 303 3 100 25356 0.000927
188 346 3 100 38070 0.000927
306 63 3 100 45494 0.000927
299 277 3 100 36899 0.000927
369 84 3 100 21696 0.000927
218 141 3 100 30043 0.000927
82 328 3 100 12597 0.000928
160 233 3 100 32582 0.000928
45 167 3 100 26432 0.000928
283 360 3 100 31758 0.000929
317 254 3 100 39947 0.000929
306 151 3 100 38993 0.000929
68 65 3 100 37506 0.000929
116 221 3 100 25774 0.000929
239 327 3 100 16817 0.000929
171 390 3 100 459093 0.000929
157 23 3 100 125527 0.000930
360 42 3 100 27036 0.000930
223 125 3 100 28774 0.000930
237 138 3 100 26952 0.000931
385 154 3 100 10839 0.000931
225 337 3 100 182215 0.000931
77 70 3 100 62689 0.000931
273 82 3 100 34730 0.000931
62 228 3 100 29944 0.000931
64 333 3 100 32143 0.000931
337 262 3 100 36603 0.000931
261 192 3 100 23261 0.000931
243 124 3 100 47056 0.000931
313 300 3 100 42648 0.000932
22 132 3 100 8602 0.000932
358 201 3 100 16995 0.000932
88 328 3 100 324413 0.000932
178 281 3 100 34553 0.000933
135 366 3 100 120 0.000933
173 92 3 100 22337 0.000933
403 226 3 100 17558 0.000934
337 382 3 100 7208 0.000934
207 26 3 100 23550 0.000934
115 327 3 100 2788 0.000934
379 79 3 100 17095 0.000934
295 82 3 100 402731 0.000934
83 141 3 100 20839 0.000934
388 214 3 100 44467 0.000935
280 122 3 100 1773 0.000935
346 362 3 100 20907 0.000935
211 171 3 100 27866 0.000935
269 167 3 100 30557 0.000935
358 147 3 100 43651 0.000935
364 214 3 100 45183 0.000935
174 354 3 100 16560 0.000935
123 399 3 100 311914 0.000936
372 145 3 100 23744 0.000936
345 154 3 100 269414 0.000936
371 283 3 100 19291 0.000936
203 160 3 100 24670 0.000936
327 391 3 100 21026 0.000936
113 128 3 100 25289 0.000936
130 214 3 100 321072 0.000937
197 210 3 100 423517 0.000937
207 81 3 100 18701 0.000937
155 257 3 100 5784 0.000937
195 321 3 100 45957 0.000937
382 398 3 100 12557 0.000937
391 160 3 100 17437 0.000937
403 308 3 100 7821 0.000937
147 87 3 100 17013 0.000938
343 167 3 100 98538 0.000938
302 145 3 100 31219 0.000938
151 211 3 100 21485 0.000938
34 28 3 100 16504 0.000938
40 52 3 100 7114 0.000939
287 238 3 100 121666 0.000939
25 363 3 100 163550 0.000939
144 241 3 100 394339 0.000939
70 236 3 100 15571 0.000940
383 109 3 100 3813 0.000940
77 66 3 100 40315 0.000940
215 181 3 100 28024 0.000940
330 278 3 100 31230 0.000941
391 119 3 100 207980 0.000941
351 249 3 100 2768 0.000941
43 275 3 100 6146 0.000941
78 65 3 100 14579 0.000941
263 142 3 100 1633 0.000942
374 73 3 100 195128 0.000942
37 222 3 100 13424 0.000942
353 91 3 100 72781 0.000942
206 215 3 100 4864 0.000942
24 274 3 100 43436 0.000942
139 226 3 100 154471 0.000942
255 165 3 100 39268 0.000943
157 80 3 100 32806 0.000943
271 49 3 100 370 0.000943
98 309 3 100 38814 0.000943
21 135 3 100 19615 0.000944
148 102 3 100 33101 0.000944
157 125 3 100 31502 0.000944
152 344 3 100 6073 0.000944
376 153 3 100 9850 0.000944
213 236 3 100 25706 0.000944
119 265 3 100 17975 0.000944
392 360 3 100 10785 0.000945
289 332 3 100 32019 0.000945
354 128 3 100 41178 0.000945
90 97 3 100 5375 0.000945
97 137 3 100 45896 0.000945
52 97 3 100 45713 0.000945
341 372 3 100 37874 0.000945
94 255 3 100 41182 0.000946
290 157 3 100 40700 0.000946
403 297 3 100 34924 0.000946
333 29 3 100 349475 0.000946
97 108 3 100 20634 0.000946
81 54 3 100 36952 0.000946
24 248 3 100 20345 0.000946
234 65 3 100 29922 0.000946
307 166 3 100 4440 0.000947
119 271 3 100 28819 0.000947
316 319 3 100 17518 0.000947
202 205 3 100 20480 0.000947
230 29 3 100 33691 0.000947
173 291 3 100 5192 0.000947
116 89 3 100 7523 0.000947
78 93 3 100 39944 0.000947
231 149 3 100 289626 0.000947
45 241 3 100 45843 0.000947
201 141 3 100 450402 0.000948
315 27 3 100 3207 0.000948
278 26 3 100 324141 0.000948
74 316 3 100 37959 0.000948
348 303 3 100 35030 0.000948
149 328 3 100 27031 0.000949
281 76 3 100 34542 0.000949
275 216 3 100 30967 0.000949
79 163 3 100 44018 0.000949
110 304 3 100 21426 0.000950
342 354 3 100 44406 0.000950
88 126 3 100 12374 0.000950
280 337 3 100 360113 0.000950
130 173 3 100 16006 0.000950
221 139 3 100 275819 0.000950
322 64 3 100 36856 0.000951
313 109 3 100 33544 0.000951
367 188 3 100 30130 0.000951
340 343 3 100 7767 0.000951
227 187 3 100 309587 0.000951
303 162 3 100 43531 0.000952
124 351 3 100 141058 0.000952
134 401 3 100 178937 0.000952
298 263 3 100 36054 0.000952
59 152 3 100 44092 0.000952
389 270 3 100 44534 0.000953
200 168 3 100 3736 0.000953
285 38 3 100 33835 0.000953
275 356 3 100 28585 0.000953
359 270 3 100 16021 0.000953
97 392 3 100 147091 0.000953
370 347 3 100 358283 0.000954
248 194 3 100 35523 0.000954
21 185 3 100 2070 0.000954
56 336 3 100 6531 0.000954
42 228 3 100 11008 0.000954
65 341 3 100 23483 0.000954
384 239 3 100 25070 0.000955
139 294 3 100 5891 0.000955
327 228 3 100 40302 0.000955
327 208 3 100 5819 0.000955
145 236 3 100 207967 0.000955
324 52 3 100 9030 0.000955
348 270 3 100 33880 0.000956
130 117 3 100 19861 0.000956
233 101 3 100 5052 0.000956
30 225 3 100 18879 0.000956
223 402 3 100 76245 0.000956
162 40 3 100 32146 0.000956
141 348 3 100 11454 0.000957
22 133 3 100 225472 0.000957
180 38 3 100 27158 0.000957
309 333 3 100 6187 0.000957
191 145 3 100 38259 0.000957
172 37 3 100 2309 0.000957
311 263 3 100 16084 0.000957
305 100 3 100 18528 0.000958
361 382 3 100 23922 0.000958
286 53 3 100 448139 0.000958
135 373 3 100 24035 0.000958
136 210 3 100 42906 0.000958
182 277 3 100 23778 0.000958
130 381 3 100 16318 0.000959
300 73 3 100 265267 0.000959
191 155 3 100 26109 0.000959
183 79 3 100 12169 0.000960
207 179 3 100 19497 0.000960
329 213 3 100 37037 0.000960
387 321 3 100 23659 0.000961
359 164 3 100 236560 0.000961
220 319 3 100 21266 0.000961
218 75 3 100 17851 0.000961
392 123 3 100 25065 0.000962
176 386 3 100 9672 0.000962
361 379 3 100 303417 0.000962
155 283 3 100 17349 0.000962
345 219 3 100 22219 0.000962
222 24 3 100 119344 0.000963
235 191 3 100 319187 0.000963
330 315 3 100 12014 0.000963
383 325 3 100 41238 0.000964
110 253 3 100 33007 0.000964
102 57 3 100 28703 0.000964
254 221 3 100 28367 0.000964
233 36 3 100 5026 0.000965
44 370 3 100 273534 0.000965
316 168 3 100 15039 0.000965
51 399 3 100 41853 0.000965
354 351 3 100 443 0.000965
44 123 3 100 30043 0.000966
399 75 3 100 27409 0.000966
286 262 3 100 37913 0.000966
110 403 3 100 18876 0.000966
327 311 3 100 45965 0.000966
272 335 3 100 456767 0.000966
145 127 3 100 3339 0.000966
254 336 3 100 7037 0.000966
382 100 3 100 29231 0.000966
115 368 3 100 25946 0.000966
53 166 3 100 28536 0.000967
344 44 3 100 43266 0.000967
45 402 3 100 43646 0.000967
52 350 3 100 20528 0.000967
99 402 3 100 44809 0.000967
118 183 3 100 44847 0.000967
96 278 3 100 12474 0.000967
71 40 3 100 295342 0.000967
242 379 3 100 17874 0.000967
309 181 3 100 26801 0.000968
82 78 3 100 11051 0.000968
206 167 3 100 41846 0.000968
95 391 3 100 21615 0.000968
391 257 3 100 56377 0.000968
289 51 3 100 31258 0.000969
193 49 3 100 14562 0.000969
259 40 3 100 6917 0.000969
117 104 3 100 1831 0.000970
222 317 3 100 4774 0.000970
353 300 3 100 36355 0.000970
228 386 3 100 322103 0.000970
297 346 3 100 15683 0.000971
202 135 3 100 22929 0.000971
44 210 3 100 196668 0.000971
109 362 3 100 28537 0.000971
321 102 3 100 196691 0.000971
137 282 3 100 11777 0.000972
122 329 3 100 42504 0.000972
133 349 3 100 7504 0.000972
134 357 3 100 104326 0.000972
228 69 3 100 44476 0.000972
383 351 3 100 16884 0.000973
228 240 3 100 279762 0.000973
400 324 3 100 37026 0.000973
79 233 3 100 45519 0.000973
103 279 3 100 184540 0.000973
101 91 3 100 1305 0.000974
380 302 3 100 23537 0.000974
313 291 3 100 12976 0.000974
280 33 3 100 57158 0.000974
371 39 3 100 15656 0.000974
394 23 3 100 980 0.000974
38 380 3 100 23428 0.000974
135 112 3 100 14065 0.000974
262 58 3 100 30510 0.000975
113 391 3 100 9465 0.000975
224 248 3 100 434226 0.000975
37 239 3 100 246621 0.000976
245 53 3 100 796 0.000976
165 205 3 100 14058 0.000976
358 355 3 100 8948 0.000976
280 45 3 100 27153 0.000976
176 93 3 100 23481 0.000976
151 351 3 100 20409 0.000977
305 184 3 100 32368 0.000977
335 273 3 100 24083 0.000977
151 85 3 100 31466 0.000977
285 260 3 100 44308 0.000977
82 60 3 100 1340 0.000977
399 200 3 100 15866 0.000977
214 191 3 100 45744 0.000977
107 281 3 100 269860 0.000977
400 348 3 100 30499 0.000977
346 377 3 100 42940 0.000978
233 154 3 100 29367 0.000978
197 110 3 100 10110 0.000978
60 342 3 100 6822 0.000978
325 310 3 100 37824 0.000978
218 59 3 100 24134 0.000978
213 269 3 100 21259 0.000978
114 281 3 100 6439 0.000978
350 397 3 100 58050 0.000978
345 251 3 100 5002 0.000979
183 143 3 100 43973 0.000979
173 37 3 100 25048 0.000979
336 207 3 100 32158 0.000979
217 337 3 100 3732 0.000979
141 61 3 100 20932 0.000979
46 78 3 100 23144 0.000979
64 154 3 100 262954 0.000980
244 136 3 100 12835 0.000980
354 373 3 100 44879 0.000980
179 109 3 100 37249 0.000980
399 213 3 100 40329 0.000980
33 214 3 100 17392 0.000980
44 203 3 100 34915 0.000981
320 351 3 100 12261 0.000981
134 247 3 100 7566 0.000981
136 320 3 100 29410 0.000981
260 172 3 100 37240 0.000982
333 152 3 100 14156 0.000982
351 196 3 100 26535 0.000982
378 88 3 100 2739 0.000983
60 59 3 100 13972 0.000983
38 317 3 100 38639 0.000983
339 40 3 100 21101 0.000983
141 317 3 100 44198 0.000983
329 283 3 100 22780 0.000984
265 23 3 100 35297 0.000984
243 106 3 100 28954 0.000984
334 110 3 100 3771 0.000984
399 105 3 100 36164 0.000984
143 329 3 100 16489 0.000985
344 155 3 100 16507 0.000985
182 398 3 100 26044 0.000985
102 65 3 100 30061 0.000985
376 314 3 100 16839 0.000985
225 105 3 100 68315 0.000985
354 322 3 100 39448 0.000985
37 168 3 100 4412 0.000985
383 275 3 100 17162 0.000986
158 26 3 100 33942 0.000986
115 38 3 100 38367 0.000986
250 302 3 100 39637 0.000986
389 237 3 100 3086 0.000986
150 191 3 100 45886 0.000986
47 64 3 100 24807 0.000986
270 250 3 100 32659 0.000986
41 355 3 100 26328 0.000986
248 263 3 100 16216 0.000987
251 385 3 100 221365 0.000987
31 105 3 100 21797 0.000987
327 346 3 100 5581 0.000988
163 286 3 100 20993 0.000988
392 270 3 100 32221 0.000989
105 319 3 100 20719 0.000989
185 277 3 100 44003 0.000990
383 249 3 100 43428 0.000990
209 94 3 100 19197 0.000990
186 84 3 100 20655 0.000991
169 226 3 100 184456 0.000991
70 75 3 100 40571 0.000991
116 348 3 100 184761 0.000991
337 166 3 100 16937 0.000992
180 35 3 100 434463 0.000992
180 298 3 100 38573 0.000992
394 194 3 100 11280 0.000992
179 208 3 100 16570 0.000993
374 91 3 100 18745 0.000993
115 52 3 100 24881 0.000993
56 201 3 100 38653 0.000994
254 284 3 100 35276 0.000994
80 113 3 100 38814 0.000994
164 334 3 100 17243 0.000994
185 344 3 100 35970 0.000994
21 320 3 100 36640 0.000994
228 32 3 100 2599 0.000994
222 401 3 100 31403 0.000995
156 212 3 100 6078 0.000995
127 338 3 100 44178 0.000995
107 78 3 100 30775 0.000995
130 111 3 100 24734 0.000995
353 169 3 100 304604 0.000996
202 57 3 100 23384 0.000996
393 380 3 100 16418 0.000996
193 91 3 100 9206 0.000996
111 388 3 100 14024 0.000997
158 384 3 100 400731 0.000997
291 198 3 100 23139 0.000997
217 167 3 100 10508 0.000997
245 288 3 100 1639 0.000997
266 209 3 100 27384 0.000997
355 134 3 100 12037 0.000997
192 337 3 100 14102 0.000998
254 92 3 100 42119 0.000998
388 39 3 100 31141 0.000998
335 328 3 100 23087 0.000999
253 315 3 100 26886 0.000999
55 148 3 100 421281 0.000999
355 319 3 100 41487 0.001000
202 309 3 100 30531 0.001000
24 73 3 100 8113 0.001000
198 122 3 100 513009 0.001000
140 122 3 100 512623 0.001000
229 122 3 100 512530 0.001000
376 122 3 100 512349 0.001000
153 122 3 100 512202 0.001000
160 122 3 100 512226 0.001000
189 122 3 100 512921 0.001000
192 122 3 100 512721 0.001000
306 122 3 100 512333 0.001000
365 122 3 100 512063 0.001000
164 122 3 100 512666 0.001000
149 122 3 100 512530 0.001000
269 122 3 100 513020 0.001000
231 122 3 100 512381 0.001000
52 122 3 100 512356 0.001000
141 122 3 100 512935 0.001000
171 122 3 100 512280 0.001000
335 122 3 100 512017 0.001000
106 122 3 100 512025 0.001000
286 122 3 100 512586 0.001000
328 122 3 100 512070 0.001000
362 122 3 100 512099 0.001000
132 122 3 100 512023 0.001000
206 122 3 100 512126 0.001000
61 122 3 100 512570 0.001000
65 122 3 100 512756 0.001000
242 122 3 100 512983 0.001000
399 122 3 100 512656 0.001000
307 122 3 100 512217 0.001000
220 122 3 100 512156 0.001000
228 122 3 100 512612 0.001000
312 122 3 100 512967 0.001000
121 122 3 100 512733 0.001000
383 122 3 100 512553 0.001000
341 122 3 100 512343 0.001000
62 122 3 100 513020 0.001000
348 122 3 100 512334 0.001000
272 122 3 100 512242 0.001000
110 122 3 100 513002 0.001000
384 122 3 100 512384 0.001000
325 122 3 100 512640 0.001000
111 122 3 100 512006 0.001000
81 122 3 100 512125 0.001000
234 122 3 100 512851 0.001000
86 122 3 100 512421 0.001000
70 122 3 100 512657 0.001000
165 122 3 100 512705 0.001000
29 122 3 100 512881 0.001000
108 122 3 100 512124 0.001000
103 122 3 100 512233 0.001000
46 54 3 100 70152 0.001000
288 183 3 100 45708 0.001000
157 189 3 100 13803 0.001000
243 178 3 100 215445 0.001001
134 202 3 100 23288 0.001001
214 305 3 100 24205 0.001001
363 199 3 100 44141 0.001002
312 159 3 100 125 0.001002
260 315 3 100 3610 0.001002
240 213 3 100 13871 0.001002
73 395 3 100 17741 0.001002
284 267 3 100 13914 0.001002
95 238 3 100 43195 0.001003
71 295 3 100 15945 0.001003
328 237 3 100 36287 0.001003
230 47 3 100 36536 0.001003
67 277 3 100 20782 0.001003
296 20 3 100 14784 0.001003
391 79 3 100 13382 0.001003
223 158 3 100 40189 0.001003
317 363 3 100 27051 0.001003
385 126 3 100 7975 0.001004
31 91 3 100 45587 0.001004
255 403 3 100 35504 0.001004
126 199 3 100 99364 0.001004
137 158 3 100 258334 0.001004
79 396 3 100 958 0.001004
369 267 3 100 13221 0.001004
299 302 3 100 32709 0.001005
169 234 3 100 23775 0.001005
332 50 3 100 19048 0.001005
136 403 3 100 44409 0.001005
131 353 3 100 42576 0.001006
254 136 3 100 33180 0.001006
138 55 3 100 400 0.001006
201 119 3 100 155160 0.001007
22 399 3 100 25352 0.001007
85 84 3 100 11934 0.001007
145 125 3 100 418819 0.001007
279 39 3 100 29883 0.001008
237 311 3 100 20935 0.001008
365 229 3 100 31371 0.001008
267 242 3 100 440724 0.001008
84 111 3 100 3085 0.001008
278 128 3 100 444779 0.001009
224 345 3 100 284263 0.001009
401 328 3 100 45327 0.001009
337 249 3 100 2285 0.001009
289 137 3 100 171640 0.001009
164 64 3 100 44077 0.001010
397 309 3 100 19945 0.001010
48 399 3 100 172127 0.001010
399 173 3 100 108244 0.001011
144 244 3 100 26034 0.001011
36 95 3 100 21332 0.001011
364 43 3 100 34951 0.001011
161 102 3 100 403549 0.001011
55 330 3 100 435906 0.001011
350 64 3 100 101604 0.001011
311 267 3 100 16149 0.001012
215 102 3 100 24350 0.001012
386 105 3 100 19913 0.001012
57 401 3 100 40719 0.001012
255 73 3 100 7036 0.001012
320 139 3 100 32462 0.001013
355 244 3 100 295334 0.001013
210 332 3 100 43155 0.001013
229 87 3 100 175 0.001013
49 40 3 100 24049 0.001014
263 182 3 100 5801 0.001014
380 288 3 100 36688 0.001014
96 111 3 100 24128 0.001014
227 251 3 100 49671 0.001015
155 277 3 100 29170 0.001015
297 78 3 100 374077 0.001015
353 167 3 100 29811 0.001015
320 188 3 100 22551 0.001015
171 301 3 100 6587 0.001016
241 86 3 100 26508 0.001016
93 143 3 100 196037 0.001016
272 271 3 100 14079 0.001016
87 93 3 100 10783 0.001016
122 266 3 100 202539 0.001016
334 84 3 100 6876 0.001016
219 376 3 100 31994 0.001017
331 230 3 100 40185 0.001017
358 197 3 100 4184 0.001017
106 176 3 100 23815 0.001017
49 75 3 100 17690 0.001017
117 171 3 100 9019 0.001017
131 401 3 100 14733 0.001018
137 352 3 100 142068 0.001018
278 334 3 100 282360 0.001018
218 142 3 100 23400 0.001018
100 82 3 100 42011 0.001018
295 122 3 100 16322 0.001018
354 348 3 100 40093 0.001018
139 128 3 100 260522 0.001018
80 362 3 100 439670 0.001018
202 386 3 100 33194 0.001019
179 127 3 100 2396 0.001019
350 51 3 100 39621 0.001019
315 292 3 100 24238 0.001019
132 260 3 100 1773 0.001019
165 197 3 100 136020 0.001020
300 272 3 100 32487 0.001020
104 66 3 100 44625 0.001020
130 224 3 100 29540 0.001020
245 109 3 100 42094 0.001020
326 100 3 100 206477 0.001020
24 283 3 100 23079 0.001021
64 195 3 100 298361 0.001021
286 239 3 100 28366 0.001021
41 211 3 100 15672 0.001021
266 253 3 100 21702 0.001021
26 244 3 100 39604 0.001022
50 180 3 100 168962 0.001022
118 190 3 100 2713 0.001022
245 357 3 100 44468 0.001022
231 337 3 100 31715 0.001022
208 299 3 100 422815 0.001022
372 275 3 100 40760 0.001023
123 216 3 100 313516 0.001023
21 275 3 100 9925 0.001023
30 79 3 100 194043 0.001023
52 218 3 100 14431 0.001024
108 60 3 100 13768 0.001024
378 303 3 100 366524 0.001024
288 314 3 100 37914 0.001024
351 75 3 100 30567 0.001025
345 364 3 100 36884 0.001025
70 107 3 100 24198 0.001025
231 255 3 100 33276 0.001025
37 345 3 100 13491 0.001026
336 75 3 100 22752 0.001026
120 229 3 100 208425 0.001026
267 313 3 100 20738 0.001026
256 259 3 100 29350 0.001026
314 211 3 100 7989 0.001026
240 255 3 100 39244 0.001026
66 375 3 100 13330 0.001026
103 328 3 100 22883 0.001027
74 328 3 100 37478 0.001027
137 223 3 100 10835 0.001027
235 269 3 100 25229 0.001027
76 164 3 100 28808 0.001027
126 330 3 100 4715 0.001027
39 402 3 100 75264 0.001028
87 228 3 100 9617 0.001028
266 234 3 100 54041 0.001028
23 325 3 100 225205 0.001028
151 303 3 100 19396 0.001028
394 143 3 100 14318 0.001029
229 387 3 100 258663 0.001029
279 397 3 100 14056 0.001029
189 314 3 100 38657 0.001029
170 230 3 100 5156 0.001030
224 256 3 100 37244 0.001030
289 31 3 100 34709 0.001030
299 393 3 100 8939 0.001030
117 312 3 100 429580 0.001030
232 243 3 100 17691 0.001031
181 266 3 100 128370 0.001031
383 127 3 100 224786 0.001031
94 215 3 100 40055 0.001031
145 48 3 100 16725 0.001031
282 320 3 100 33769 0.001031
358 257 3 100 264222 0.001031
152 330 3 100 4769 0.001032
63 118 3 100 4903 0.001032
129 363 3 100 173706 0.001032
296 255 3 100 595 0.001032
378 88 3 100 10372 0.001032
337 83 3 100 35711 0.001032
237 177 3 100 24662 0.001032
142 61 3 100 36143 0.001032
65 144 3 100 45539 0.001033
400 327 3 100 21313 0.001033
266 367 3 100 369238 0.001034
134 132 3 100 27143 0.001034
139 111 3 100 122496 0.001034
145 294 3 100 32972 0.001034
251 65 3 100 7586 0.001034
37 188 3 100 255285 0.001034
156 328 3 100 34421 0.001034
204 60 3 100 10637 0.001035
26 266 3 100 9260 0.001035
223 220 3 100 35906 0.001035
159 363 3 100 31109 0.001035
81 307 3 100 11235 0.001036
92 213 3 100 290837 0.001036
309 106 3 100 4631 0.001036
52 210 3 100 22140 0.001036
50 41 3 100 16519 0.001036
381 75 3 100 48583 0.001036
145 115 3 100 34261 0.001036
81 362 3 100 6855 0.001036
178 207 3 100 41936 0.001036
167 95 3 100 23504 0.001037
287 223 3 100 1475 0.001037
301 241 3 100 19556 0.001037
242 313 3 100 13571 0.001037
312 278 3 100 35400 0.001037
365 290 3 100 21761 0.001037
55 71 3 100 28770 0.001038
334 173 3 100 379876 0.001038
57 344 3 100 37102 0.001038
330 74 3 100 6149 0.001038
321 57 3 100 75831 0.001039
381 301 3 100 22761 0.001039
218 396 3 100 43728 0.001039
219 395 3 100 37750 0.001039
216 315 3 100 18124 0.001039
391 252 3 100 42714 0.001039
22 105 3 100 234607 0.001039
71 248 3 100 51279 0.001039
364 320 3 100 26667 0.001040
220 192 3 100 24963 0.001040
103 52 3 100 1886 0.001040
123 23 3 100 6741 0.001040
384 340 3 100 7105 0.001040
85 209 3 100 21454 0.001040
49 35 3 100 360672 0.001041
329 25 3 100 37836 0.001041
241 288 3 100 10219 0.001041
358 329 3 100 2236 0.001041
353 150 3 100 38588 0.001041
372 236 3 100 846 0.001041
273 339 3 100 38706 0.001041
134 286 3 100 311477 0.001041
250 56 3 100 41081 0.001042
307 288 3 100 4999 0.001042
141 226 3 100 138492 0.001042
241 211 3 100 424407 0.001042
128 301 3 100 300223 0.001042
173 148 3 100 25459 0.001042
286 338 3 100 28715 0.001043
29 143 3 100 34236 0.001043
58 60 3 100 192589 0.001043
307 40 3 100 30436 0.001043
382 85 3 100 30606 0.001043
277 331 3 100 23769 0.001043
71 200 3 100 39410 0.001043
251 364 3 100 16116 0.001044
60 375 3 100 34340 0.001045
331 319 3 100 39455 0.001046
110 30 3 100 38498 0.001046
391 158 3 100 6585 0.001046
73 212 3 100 35870 0.001046
270 51 3 100 124846 0.001046
332 134 3 100 4227 0.001046
227 196 3 100 32259 0.001046
225 108 3 100 9936 0.001047
255 72 3 100 16730 0.001047
340 90 3 100 6191 0.001047
403 362 3 100 45892 0.001047
211 272 3 100 41554 0.001047
106 184 3 100 22895 0.001048
336 184 3 100 40259 0.001048
199 52 3 100 16147 0.001048
364 342 3 100 30453 0.001048
309 328 3 100 17841 0.001048
390 218 3 100 26512 0.001048
239 180 3 100 7502 0.001048
166 83 3 100 211492 0.001049
369 210 3 100 29097 0.001049
258 121 3 100 30597 0.001049
324 294 3 100 43136 0.001049
195 139 3 100 151983 0.001050
201 319 3 100 36463 0.001050
90 181 3 100 9514 0.001050
258 341 3 100 22871 0.001050
376 29 3 100 20790 0.001050
192 148 3 100 28245 0.001050
95 56 3 100 8414 0.001050
238 234 3 100 6427 0.001051
328 335 3 100 297457 0.001051
223 243 3 100 39344 0.001051
170 35 3 100 22773 0.001051
194 353 3 100 42565 0.001051
136 381 3 100 30356 0.001051
87 260 3 100 260206 0.001052
375 264 3 100 19606 0.001052
347 27 3 100 1318 0.001052
34 54 3 100 23874 0.001052
92 237 3 100 141177 0.001052
374 123 3 100 23456 0.001052
360 390 3 100 45455 0.001053
187 395 3 100 12182 0.001053
169 359 3 100 40395 0.001054
371 79 3 100 33382 0.001054
116 98 3 100 14620 0.001054
373 129 3 100 8980 0.001055
199 212 3 100 15444 0.001055
85 293 3 100 28469 0.001055
107 294 3 100 12080 0.001055
257 186 3 100 37430 0.001055
218 197 3 100 341119 0.001055
338 258 3 100 41411 0.001055
104 394 3 100 43727 0.001056
138 39 3 100 19033 0.001056
267 92 3 100 394775 0.001056
64 193 3 100 10304 0.001056
381 95 3 100 22297 0.001056
218 41 3 100 40923 0.001056
61 66 3 100 41090 0.001057
76 33 3 100 28623 0.001057
294 97 3 100 305915 0.001057
40 261 3 100 311932 0.001057
152 129 3 100 24926 0.001057
36 156 3 100 13553 0.001057
212 307 3 100 40296 0.001057
35 388 3 100 20427 0.001058
82 318 3 100 39123 0.001058
152 187 3 100 33334 0.001058
379 373 3 100 6094 0.001058
133 96 3 100 43686 0.001059
116 397 3 100 27654 0.001059
368 166 3 100 45221 0.001059
142 50 3 100 33841 0.001059
344 350 3 100 31931 0.001059
151 114 3 100 6775 0.001059
104 43 3 100 31148 0.001059
154 376 3 100 457856 0.001060
164 51 3 100 420822 0.001060
301 292 3 100 63579 0.001060
65 44 3 100 45820 0.001060
392 73 3 100 11304 0.001060
127 282 3 100 44286 0.001060
78 401 3 100 10742 0.001061
338 56 3 100 32770 0.001061
296 380 3 100 8330 0.001061
386 309 3 100 8075 0.001061
309 343 3 100 15525 0.001061
29 221 3 100 26606 0.001061
56 143 3 100 105288 0.001061
169 363 3 100 7464 0.001061
191 314 3 100 45095 0.001061
272 293 3 100 37693 0.001062
294 322 3 100 41480 0.001062
99 263 3 100 33020 0.001062
102 74 3 100 49486 0.001062
382 370 3 100 28429 0.001063
199 371 3 100 4999 0.001063
23 398 3 100 15793 0.001063
170 83 3 100 36521 0.001063
125 92 3 100 32596 0.001063
138 262 3 100 23730 0.001063
366 396 3 100 185360 0.001063
274 71 3 100 150972 0.001063
403 183 3 100 21749 0.001063
326 386 3 100 3543 0.001063
264 342 3 100 6740 0.001064
252 396 3 100 232636 0.001064
166 212 3 100 15140 0.001064
103 209 3 100 50910 0.001064
185 252 3 100 28516 0.001065
344 197 3 100 11820 0.001065
105 341 3 100 298494 0.001065
402 59 3 100 117505 0.001065
322 151 3 100 38081 0.001065
93 390 3 100 11071 0.001065
347 43 3 100 55242 0.001066
113 259 3 100 27717 0.001066
213 219 3 100 42177 0.001066
244 137 3 100 12678 0.001066
178 34 3 100 1784 0.001066
180 231 3 100 24263 0.001066
179 170 3 100 7220 0.001066
345 320 3 100 33916 0.001066
82 144 3 100 45910 0.001067
286 116 3 100 445881 0.001067
279 302 3 100 43369 0.001067
76 198 3 100 28633 0.001067
33 289 3 100 2006 0.001067
87 238 3 100 45537 0.001067
293 63 3 100 9710 0.001068
388 196 3 100 11553 0.001068
279 157 3 100 17731 0.001068
333 283 3 100 20994 0.001068
79 264 3 100 45667 0.001068
74 320 3 100 26200 0.001068
129 329 3 100 377668 0.001069
227 45 3 100 44113 0.001069
46 371 3 100 12350 0.001070
245 369 3 100 272572 0.001070
255 344 3 100 25624 0.001070
27 364 3 100 21147 0.001070
335 355 3 100 17494 0.001070
54 25 3 100 20978 0.001071
273 383 3 100 7955 0.001071
184 132 3 100 11188 0.001071
55 345 3 100 42361 0.001071
20 87 3 100 19548 0.001071
188 27 3 100 13234 0.001071
274 213 3 100 14280 0.001071
182 67 3 100 7989 0.001071
353 311 3 100 42633 0.001072
343 82 3 100 161646 0.001072
32 213 3 100 40805 0.001072
348 26 3 100 14856 0.001072
402 126 3 100 1235 0.001073
244 173 3 100 16527 0.001073
135 170 3 100 33006 0.001073
192 144 3 100 92358 0.001073
329 150 3 100 44381 0.001073
135 56 3 100 20615 0.001073
233 20 3 100 5112 0.001074
354 193 3 100 13119 0.001074
249 220 3 100 18311 0.001074
215 23 3 100 28661 0.001074
242 376 3 100 30521 0.001074
221 31 3 100 34754 0.001074
38 348 3 100 23663 0.001075
114 74 3 100 298288 0.001075
366 358 3 100 258797 0.001075
244 361 3 100 25297 0.001075
339 221 3 100 44391 0.001075
90 303 3 100 32169 0.001075
79 136 3 100 9528 0.001075
134 41 3 100 26120 0.001075
359 200 3 100 43569 0.001076
109 102 3 100 13628 0.001076
324 33 3 100 239493 0.001076
344 164 3 100 20413 0.001076
387 139 3 100 40423 0.001077
334 102 3 100 21053 0.001077
254 201 3 100 41404 0.001078
182 163 3 100 19281 0.001078
94 103 3 100 5280 0.001078
301 194 3 100 6549 0.001078
143 321 3 100 7508 0.001079
174 22 3 100 43344 0.001079
62 184 3 100 8001 0.001079
76 188 3 100 36475 0.001080
86 101 3 100 2340 0.001080
245 68 3 100 429308 0.001080
118 33 3 100 251664 0.001080
376 23 3 100 510 0.001081
254 168 3 100 38534 0.001081
43 319 3 100 23215 0.001081
130 72 3 100 23252 0.001081
268 235 3 100 29620 0.001081
306 203 3 100 11094 0.001081
388 96 3 100 38086 0.001081
341 344 3 100 27672 0.001082
402 121 3 100 373256 0.001082
113 154 3 100 21214 0.001082
202 367 3 100 41887 0.001082
298 43 3 100 267253 0.001082
67 367 3 100 13073 0.001082
105 233 3 100 16983 0.001082
194 181 3 100 29546 0.001082
261 95 3 100 292726 0.001082
184 397 3 100 5320 0.001083
206 94 3 100 25274 0.001083
33 269 3 100 5351 0.001083
62 315 3 100 2120 0.001083
323 396 3 100 38279 0.001083
353 286 3 100 8328 0.001083
120 321 3 100 18549 0.001083
59 299 3 100 45400 0.001083
137 58 3 100 93933 0.001083
127 287 3 100 5972 0.001084
341 45 3 100 45192 0.001084
155 341 3 100 71995 0.001084
89 138 3 100 10283 0.001084
397 181 3 100 41643 0.001084
102 386 3 100 24872 0.001084
221 297 3 100 25610 0.001084
256 46 3 100 23550 0.001085
120 159 3 100 44545 0.001085
33 360 3 100 19171 0.001085
335 69 3 100 27103 0.001085
373 403 3 100 35682 0.001085
183 246 3 100 32081 0.001085
99 74 3 100 1917 0.001085
100 250 3 100 25451 0.001085
225 126 3 100 39571 0.001085
384 30 3 100 40250 0.001085
245 144 3 100 85391 0.001085
350 262 3 100 24313 0.001086
398 122 3 100 6853 0.001086
345 339 3 100 24422 0.001086
120 103 3 100 39799 0.001086
365 104 3 100 41006 0.001087
384 41 3 100 45406 0.001087
92 240 3 100 24320 0.001087
401 206 3 100 38357 0.001087
171 351 3 100 19372 0.001087
372 179 3 100 10978 0.001087
249 308 3 100 9176 0.001088
294 200 3 100 38557 0.001088
272 369 3 100 24211 0.001088
369 55 3 100 3389 0.001088
338 58 3 100 34681 0.001088
283 215 3 100 33761 0.001088
80 178 3 100 7739 0.001088
140 222 3 100 230311 0.001088
227 298 3 100 30761 0.001089
108 107 3 100 94738 0.001089
355 127 3 100 5989 0.001089
216 38 3 100 42363 0.001089
271 320 3 100 26857 0.001089
284 223 3 100 24730 0.001089
50 225 3 100 9542 0.001090
152 103 3 100 21131 0.001090
373 55 3 100 41890 0.001090
130 147 3 100 379977 0.001091
266 229 3 100 165815 0.001091
199 149 3 100 33065 0.001091
247 41 3 100 37148 0.001091
222 362 3 100 44323 0.001091
262 170 3 100 38933 0.001092
172 152 3 100 41626 0.001092
74 172 3 100 37557 0.001092
298 151 3 100 98056 0.001092
150 322 3 100 40098 0.001093
22 185 3 100 3939 0.001093
139 325 3 100 365944 0.001093
196 83 3 100 10124 0.001093
251 59 3 100 6702 0.001094
96 327 3 100 36853 0.001094
236 78 3 100 21998 0.001094
50 193 3 100 41423 0.001094
307 346 3 100 10039 0.001094
194 289 3 100 381564 0.001094
381 158 3 100 21990 0.001094
171 263 3 100 37373 0.001094
100 377 3 100 1907 0.001095
181 28 3 100 402393 0.001095
227 125 3 100 27835 0.001095
345 140 3 100 392187 0.001095
132 35 3 100 9276 0.001095
363 358 3 100 18827 0.001095
157 371 3 100 281292 0.001096
263 74 3 100 40721 0.001096
228 340 3 100 21449 0.001096
307 303 3 100 3036 0.001097
368 22 3 100 38608 0.001097
335 200 3 100 45307 0.001097
58 187 3 100 20133 0.001097
213 156 3 100 27522 0.001098
47 184 3 100 416941 0.001098
136 73 3 100 24919 0.001098
97 155 3 100 33682 0.001098
310 72 3 100 11092 0.001098
283 51 3 100 133670 0.001098
338 263 3 100 42085 0.001098
176 360 3 100 4918 0.001099
280 58 3 100 23095 0.001099
364 267 3 100 28447 0.001099
196 84 3 100 35988 0.001099
103 209 3 100 1452 0.001099
36 88 3 100 34757 0.001099
204 150 3 100 70483 0.001099
175 183 3 100 18900 0.001099
138 381 3 100 4815 0.001099
72 238 3 100 137593 0.001099
273 126 3 100 18478 0.001099
112 37 3 100 8593 0.001100
362 115 3 100 10799 0.001100
101 161 3 100 11802 0.001100
113 78 3 100 10056 0.001100
141 225 3 100 27652 0.001100
45 365 3 100 28942 0.001101
235 249 3 100 11151 0.001101
374 356 3 100 24440 0.001101
184 260 3 100 25729 0.001101
173 318 3 100 52147 0.001102
200 132 3 100 4838 0.001102
354 68 3 100 42963 0.001102
355 98 3 100 29459 0.001102
392 79 3 100 4192 0.001102
53 378 3 100 17439 0.001102
222 141 3 100 12028 0.001103
326 227 3 100 18991 0.001103
358 402 3 100 13796 0.001103
107 71 3 100 32999 0.001103
66 24 3 100 20597 0.001103
222 206 3 100 6641 0.001104
190 96 3 100 36283 0.001104
35 52 3 100 33099 0.001104
364 223 3 100 865 0.001104
242 380 3 100 3790 0.001104
378 396 3 100 36371 0.001104
221 249 3 100 8001 0.001105
190 108 3 100 30985 0.001105
268 192 3 100 26193 0.001105
40 368 3 100 42849 0.001105
247 187 3 100 10508 0.001105
162 38 3 100 36708 0.001106
52 248 3 100 14849 0.001106
339 129 3 100 459575 0.001106
307 275 3 100 15269 0.001106
32 54 3 100 8583 0.001106
80 297 3 100 2881 0.001107
295 164 3 100 44773 0.001108
278 164 3 100 31608 0.001108
248 398 3 100 346761 0.001108
380 183 3 100 27170 0.001108
284 137 3 100 19479 0.001108
271 77 3 100 189270 0.001108
211 86 3 100 897 0.001108
294 350 3 100 10250 0.001109
189 76 3 100 12227 0.001109
220 264 3 100 22708 0.001109
336 389 3 100 31914 0.001109
138 341 3 100 85457 0.001109
196 129 3 100 10377 0.001109
342 88 3 100 340455 0.001110
265 211 3 100 30245 0.001110
193 335 3 100 19242 0.001110
91 107 3 100 18262 0.001110
249 159 3 100 37602 0.001111
396 217 3 100 31520 0.001111
61 115 3 100 363 0.001111
297 35 3 100 2134 0.001111
112 245 3 100 364223 0.001111
148 369 3 100 20254 0.001111
247 65 3 100 18594 0.001111
363 359 3 100 24634 0.001111
228 133 3 100 1006 0.001112
71 379 3 100 1750 0.001112
127 21 3 100 24532 0.001112
31 309 3 100 29985 0.001112
388 355 3 100 135639 0.001113
58 33 3 100 2081 0.001113
171 93 3 100 23486 0.001114
49 131 3 100 15941 0.001114
62 370 3 100 43586 0.001114
302 360 3 100 35978 0.001114
331 403 3 100 22883 0.001114
25 369 3 100 39287 0.001115
397 389 3 100 32693 0.001115
70 191 3 100 378469 0.001115
52 313 3 100 418753 0.001115
153 282 3 100 345435 0.001115
210 361 3 100 5636 0.001115
256 82 3 100 5687 0.001115
32 326 3 100 17013 0.001115
229 121 3 100 21313 0.001115
264 143 3 100 17138 0.001116
387 190 3 100 10652 0.001116
132 149 3 100 1036 0.001116
115 78 3 100 27884 0.001116
117 64 3 100 14483 0.001116
112 330 3 100 143428 0.001116
40 125 3 100 557 0.001116
237 386 3 100 8333 0.001116
380 48 3 100 6794 0.001117
321 187 3 100 8179 0.001117
213 393 3 100 39015 0.001117
185 179 3 100 18535 0.001117
77 76 3 100 46001 0.001117
389 325 3 100 517 0.001117
81 41 3 100 45827 0.001117
264 206 3 100 32027 0.001118
147 127 3 100 35096 0.001118
206 301 3 100 5079 0.001118
144 86 3 100 29780 0.001118
278 393 3 100 24382 0.001119
189 88 3 100 423319 0.001119
105 149 3 100 24478 0.001119
303 165 3 100 24618 0.001119
244 355 3 100 5737 0.001119
177 48 3 100 8619 0.001119
41 152 3 100 12597 0.001119
236 188 3 100 30535 0.001119
176 302 3 100 73211 0.001119
42 297 3 100 415033 0.001120
80 307 3 100 173055 0.001120
136 170 3 100 379832 0.001120
135 69 3 100 7296 0.001120
217 69 3 100 23181 0.001120
118 211 3 100 373367 0.001120
264 180 3 100 21844 0.001120
98 138 3 100 241380 0.001120
361 351 3 100 21469 0.001120
278 234 3 100 39023 0.001121
128 220 3 100 3224 0.001122
92 327 3 100 14350 0.001122
391 112 3 100 10720 0.001122
401 254 3 100 31981 0.001122
117 366 3 100 21372 0.001122
390 293 3 100 33262 0.001123
146 39 3 100 22434 0.001123
371 117 3 100 31790 0.001123
296 54 3 100 10082 0.001123
25 156 3 100 2558 0.001123
317 75 3 100 36700 0.001123
95 126 3 100 9266 0.001123
80 143 3 100 35602 0.001124
190 177 3 100 44137 0.001124
154 68 3 100 22814 0.001124
129 382 3 100 5260 0.001124
309 247 3 100 19824 0.001124
46 38 3 100 414868 0.001125
60 71 3 100 37129 0.001125
229 282 3 100 30988 0.001125
247 301 3 100 13315 0.001126
60 39 3 100 32189 0.001126
283 81 3 100 44850 0.001126
364 380 3 100 32840 0.001127
107 132 3 100 7310 0.001127
71 245 3 100 26155 0.001127
199 110 3 100 19802 0.001127
183 347 3 100 41889 0.001127
36 158 3 100 33156 0.001127
205 292 3 100 36705 0.001127
282 212 3 100 12789 0.001128
254 148 3 100 414907 0.001128
398 26 3 100 28513 0.001128
189 105 3 100 34385 0.001128
90 81 3 100 16121 0.001128
106 393 3 100 64594 0.001128
24 169 3 100 2098 0.001128
77 360 3 100 25807 0.001128
243 85 3 100 32459 0.001129
399 138 3 100 37379 0.001129
86 85 3 100 7148 0.001129
80 400 3 100 44334 0.001129
274 403 3 100 6510 0.001129
261 211 3 100 32137 0.001129
307 70 3 100 20609 0.001130
94 60 3 100 19801 0.001130
359 330 3 100 9242 0.001130
48 289 3 100 6748 0.001130
284 245 3 100 9277 0.001130
252 30 3 100 14097 0.001131
62 310 3 100 282852 0.001131
271 306 3 100 1765 0.001132
246 369 3 100 326842 0.001132
237 278 3 100 439690 0.001132
240 291 3 100 2824 0.001132
212 142 3 100 19941 0.001132
352 179 3 100 5727 0.001132
356 77 3 100 22754 0.001132
392 221 3 100 432754 0.001133
199 360 3 100 9708 0.001133
144 366 3 100 7510 0.001133
384 206 3 100 28330 0.001133
326 213 3 100 44304 0.001133
82 242 3 100 44383 0.001133
216 226 3 100 38799 0.001134
75 123 3 100 10790 0.001134
238 390 3 100 226040 0.001134
365 152 3 100 9963 0.001134
97 165 3 100 115825 0.001134
75 257 3 100 184721 0.001134
364 93 3 100 44204 0.001134
316 390 3 100 43165 0.001134
283 45 3 100 287452 0.001134
396 197 3 100 31987 0.001134
50 375 3 100 20790 0.001135
273 214 3 100 38913 0.001135
269 246 3 100 413234 0.001135
138 305 3 100 16922 0.001135
157 193 3 100 44227 0.001135
384 99 3 100 198701 0.001135
100 244 3 100 387099 0.001135
71 160 3 100 11055 0.001136
346 104 3 100 43293 0.001136
145 370 3 100 33093 0.001136
213 329 3 100 35251 0.001136
84 249 3 100 36487 0.001136
341 184 3 100 33543 0.001136
277 120 3 100 43448 0.001136
290 385 3 100 6554 0.001137
211 300 3 100 391484 0.001137
376 41 3 100 15039 0.001137
109 342 3 100 16394 0.001138
39 305 3 100 10080 0.001138
198 310 3 100 34416 0.001138
37 238 3 100 31211 0.001139
70 391 3 100 16291 0.001139
169 295 3 100 21468 0.001139
289 147 3 100 135250 0.001139
302 274 3 100 41874 0.001139
243 39 3 100 20307 0.001139
197 97 3 100 23088 0.001140
125 132 3 100 17492 0.001140
276 377 3 100 323746 0.001140
255 21 3 100 19140 0.001140
326 272 3 100 8605 0.001140
401 242 3 100 24925 0.001141
45 301 3 100 21469 0.001141
64 320 3 100 36464 0.001141
202 229 3 100 10439 0.001141
154 76 3 100 14892 0.001142
142 25 3 100 56177 0.001142
157 80 3 100 19801 0.001142
135 344 3 100 40665 0.001142
400 58 3 100 23445 0.001142
131 230 3 100 24749 0.001142
195 370 3 100 43696 0.001142
147 283 3 100 44376 0.001143
78 85 3 100 354919 0.001143
244 155 3 100 5614 0.001143
394 210 3 100 119167 0.001143
76 294 3 100 31822 0.001143
190 381 3 100 33884 0.001144
37 344 3 100 44368 0.001144
193 73 3 100 21893 0.001144
335 169 3 100 39194 0.001144
171 373 3 100 15965 0.001144
36 325 3 100 2064 0.001145
215 333 3 100 20393 0.001145
107 110 3 100 29622 0.001145
162 247 3 100 20808 0.001145
198 172 3 100 39753 0.001145
310 64 3 100 22063 0.001145
22 257 3 100 22915 0.001146
207 296 3 100 5820 0.001146
49 136 3 100 13687 0.001146
194 230 3 100 1792 0.001146
210 397 3 100 1853 0.001146
281 378 3 100 17064 0.001146
53 37 3 100 3915 0.001146
223 401 3 100 26953 0.001146
290 125 3 100 21380 0.001146
149 80 3 100 16680 0.001147
369 26 3 100 24052 0.001147
158 252 3 100 42201 0.001147
80 50 3 100 30447 0.001147
330 387 3 100 3603 0.001147
140 101 3 100 104945 0.001147
265 353 3 100 1773 0.001148
236 384 3 100 35097 0.001149
28 335 3 100 22655 0.001149
147 109 3 100 32904 0.001149
229 66 3 100 119776 0.001149
331 167 3 100 449249 0.001150
83 236 3 100 7628 0.001150
263 370 3 100 7349 0.001151
68 289 3 100 6198 0.001151
210 374 3 100 4393 0.001151
152 42 3 100 19929 0.001151
159 56 3 100 29759 0.001151
243 228 3 100 21387 0.001152
334 81 3 100 1437 0.001152
21 188 3 100 27178 0.001153
372 350 3 100 359455 0.001153
168 202 3 100 33682 0.001153
298 117 3 100 35759 0.001153
92 82 3 100 19171 0.001153
41 75 3 100 17845 0.001154
249 96 3 100 30293 0.001154
378 371 3 100 2036 0.001154
103 361 3 100 259206 0.001154
148 232 3 100 38670 0.001154
141 280 3 100 43538 0.001154
124 37 3 100 14081 0.001154
27 54 3 100 14229 0.001155
300 245 3 100 15445 0.001155
47 153 3 100 39402 0.001155
237 108 3 100 34436 0.001155
244 228 3 100 9528 0.001156
316 127 3 100 222663 0.001156
176 102 3 100 28085 0.001156
162 206 3 100 24086 0.001157
287 282 3 100 31591 0.001157
299 103 3 100 4627 0.001157
57 310 3 100 30368 0.001157
238 190 3 100 22282 0.001157
402 217 3 100 37206 0.001158
93 396 3 100 36044 0.001158
265 283 3 100 8047 0.001158
188 317 3 100 25848 0.001158
399 308 3 100 303030 0.001158
319 226 3 100 258358 0.001158
304 215 3 100 4841 0.001159
269 235 3 100 42903 0.001159
54 84 3 100 39510 0.001159
63 198 3 100 10706 0.001159
62 29 3 100 33895 0.001159
63 228 3 100 37135 0.001159
288 133 3 100 7955 0.001160
45 348 3 100 13661 0.001160
216 168 3 100 14345 0.001160
151 78 3 100 17916 0.001160
259 264 3 100 5167 0.001160
163 256 3 100 2801 0.001160
247 319 3 100 36787 0.001161
109 48 3 100 392416 0.001161
317 331 3 100 22426 0.001161
341 163 3 100 5714 0.001162
305 260 3 100 16791 0.001162
242 204 3 100 13461 0.001162
346 260 3 100 169838 0.001162
363 30 3 100 20933 0.001163
29 153 3 100 20794 0.001163
79 149 3 100 139694 0.001163
256 291 3 100 36312 0.001163
389 386 3 100 36883 0.001163
130 208 3 100 16036 0.001163
139 346 3 100 43720 0.001164
191 138 3 100 14828 0.001164
270 67 3 100 312316 0.001164
86 317 3 100 229483 0.001164
79 98 3 100 44065 0.001164
177 386 3 100 24505 0.001164
165 34 3 100 16030 0.001164
116 250 3 100 33538 0.001165
351 296 3 100 21305 0.001165
125 213 3 100 12853 0.001165
297 134 3 100 2406 0.001165
119 175 3 100 293590 0.001165
260 163 3 100 23977 0.001165
288 384 3 100 7269 0.001165
337 353 3 100 241598 0.001166
391 271 3 100 9136 0.001166
103 90 3 100 16232 0.001166
331 377 3 100 31613 0.001166
289 318 3 100 42904 0.001166
38 242 3 100 14700 0.001167
292 96 3 100 15901 0.001167
359 68 3 100 24134 0.001167
319 112 3 100 21033 0.001167
82 154 3 100 13642 0.001167
31 283 3 100 27327 0.001167
370 195 3 100 40477 0.001168
263 366 3 100 19240 0.001168
368 193 3 100 20157 0.001168
83 190 3 100 21917 0.001168
127 382 3 100 402872 0.001168
151 58 3 100 21386 0.001168
83 187 3 100 81203 0.001168
151 128 3 100 18545 0.001168
316 220 3 100 37178 0.001168
268 336 3 100 58940 0.001168
196 359 3 100 45881 0.001169
310 231 3 100 35613 0.001169
70 304 3 100 4616 0.001169
63 276 3 100 21826 0.001169
200 345 3 100 103921 0.001169
111 53 3 100 25029 0.001169
346 130 3 100 26770 0.001169
402 235 3 100 41842 0.001170
214 378 3 100 19705 0.001170
265 330 3 100 45128 0.001170
322 85 3 100 33416 0.001170
160 102 3 100 14746 0.001170
47 239 3 100 37252 0.001170
27 390 3 100 392940 0.001170
87 110 3 100 8301 0.001170
279 388 3 100 13239 0.001171
61 140 3 100 19980 0.001171
279 125 3 100 11500 0.001172
119 286 3 100 3299 0.001172
100 175 3 100 16204 0.001172
193 34 3 100 40541 0.001172
69 77 3 100 36848 0.001172
294 270 3 100 14762 0.001172
324 358 3 100 6201 0.001173
27 215 3 100 142789 0.001173
133 252 3 100 31205 0.001173
272 38 3 100 37411 0.001173
108 215 3 100 35246 0.001173
328 265 3 100 34949 0.001173
216 316 3 100 7229 0.001174
102 322 3 100 40861 0.001174
317 216 3 100 9703 0.001174
161 88 3 100 11666 0.001175
281 294 3 100 235127 0.001175
157 298 3 100 22969 0.001175
194 188 3 100 110958 0.001175
56 30 3 100 38345 0.001175
349 158 3 100 53646 0.001175
197 125 3 100 633 0.001175
91 304 3 100 1816 0.001175
91 264 3 100 20131 0.001175
184 176 3 100 7597 0.001176
368 108 3 100 256226 0.001176
238 205 3 100 6027 0.001176
308 345 3 100 35864 0.001176
160 292 3 100 20109 0.001176
371 84 3 100 6745 0.001176
400 371 3 100 19509 0.001177
362 75 3 100 36296 0.001177
143 277 3 100 33272 0.001177
172 385 3 100 15906 0.001177
180 111 3 100 22142 0.001177
75 170 3 100 401998 0.001178
342 311 3 100 7320 0.001178
60 352 3 100 40909 0.001178
188 53 3 100 21186 0.001179
364 289 3 100 386212 0.001179
359 266 3 100 27647 0.001179
122 266 3 100 36834 0.001179
79 148 3 100 1422 0.001179
296 106 3 100 98199 0.001180
185 347 3 100 18190 0.001180
119 398 3 100 423078 0.001180
261 186 3 100 15323 0.001180
142 71 3 100 33959 0.001180
177 96 3 100 44915 0.001181
303 357 3 100 27109 0.001181
31 173 3 100 16550 0.001181
239 60 3 100 8207 0.001181
373 360 3 100 294311 0.001181
234 99 3 100 120247 0.001181
165 108 3 100 8172 0.001182
130 240 3 100 44972 0.001182
372 40 3 100 11073 0.001182
278 300 3 100 12105 0.001182
288 343 3 100 45463 0.001182
63 279 3 100 279717 0.001182
240 181 3 100 22488 0.001183
132 234 3 100 34944 0.001183
45 388 3 100 9680 0.001183
113 281 3 100 39317 0.001183
37 188 3 100 48777 0.001183
178 191 3 100 39286 0.001183
166 199 3 100 611 0.001184
373 254 3 100 15205 0.001184
328 306 3 100 12960 0.001184
278 308 3 100 38572 0.001184
249 274 3 100 34470 0.001184
342 317 3 100 30974 0.001184
211 226 3 100 37217 0.001184
25 144 3 100 142700 0.001184
231 213 3 100 31048 0.001185
22 168 3 100 15508 0.001185
168 362 3 100 39810 0.001185
79 92 3 100 20227 0.001185
369 254 3 100 150950 0.001186
90 248 3 100 17386 0.001186
273 325 3 100 408668 0.001186
29 82 3 100 33667 0.001186
112 24 3 100 12973 0.001187
211 370 3 100 173449 0.001187
397 172 3 100 2880 0.001187
199 156 3 100 22657 0.001187
89 84 3 100 44064 0.001187
372 118 3 100 35488 0.001187
68 26 3 100 10662 0.001188
105 243 3 100 19779 0.001188
185 287 3 100 32655 0.001189
36 323 3 100 36952 0.001189
68 364 3 100 29517 0.001189
66 335 3 100 37829 0.001189
246 41 3 100 21390 0.001189
137 387 3 100 15806 0.001189
145 149 3 100 11053 0.001190
239 58 3 100 23537 0.001190
255 247 3 100 38696 0.001190
87 273 3 100 32508 0.001191
245 32 3 100 408207 0.001191
317 167 3 100 25000 0.001191
296 218 3 100 7945 0.001191
185 88 3 100 32101 0.001192
97 35 3 100 20465 0.001192
208 307 3 100 195756 0.001192
333 134 3 100 34538 0.001192
333 68 3 100 16836 0.001193
160 371 3 100 445163 0.001193
245 107 3 100 22203 0.001193
243 42 3 100 449549 0.001193
261 156 3 100 4873 0.001193
389 337 3 100 8896 0.001194
59 283 3 100 139178 0.001194
359 96 3 100 19643 0.001194
93 317 3 100 347888 0.001194
238 99 3 100 21496 0.001194
394 187 3 100 15537 0.001194
222 34 3 100 27861 0.001194
282 217 3 100 39525 0.001194
164 143 3 100 5865 0.001194
72 93 3 100 16552 0.001195
74 242 3 100 16945 0.001195
202 402 3 100 67851 0.001195
236 112 3 100 3165 0.001196
106 236 3 100 14622 0.001196
292 77 3 100 190501 0.001197
133 236 3 100 17718 0.001197
334 260 3 100 10214 0.001197
60 185 3 100 10565 0.001197
76 92 3 100 43475 0.001197
96 143 3 100 1456 0.001197
48 87 3 100 27867 0.001197
89 163 3 100 31516 0.001197
207 147 3 100 16746 0.001198
195 98 3 100 33113 0.001198
391 267 3 100 28196 0.001198
260 290 3 100 366247 0.001198
90 250 3 100 19592 0.001198
292 27 3 100 43426 0.001198
73 291 3 100 420870 0.001198
312 236 3 100 1961 0.001198
136 280 3 100 19812 0.001198
194 224 3 100 18010 0.001198
101 26 3 100 5616 0.001199
220 178 3 100 8309 0.001199
319 378 3 100 164023 0.001200
275 382 3 100 6554 0.001200
331 358 3 100 23684 0.001200
321 49 3 100 38549 0.001200
46 384 3 100 7469 0.001200
64 106 3 100 110 0.001201
177 244 3 100 39218 0.001201
297 283 3 100 6560 0.001201
24 178 3 100 16467 0.001201
124 84 3 100 169981 0.001201
156 50 3 100 69673 0.001201
114 294 3 100 61648 0.001201
323 147 3 100 171056 0.001202
87 194 3 100 37134 0.001202
30 399 3 100 7475 0.001202
384 290 3 100 23749 0.001203
204 177 3 100 31044 0.001203
301 129 3 100 42329 0.001203
68 182 3 100 9361 0.001203
334 260 3 100 42718 0.001203
178 177 3 100 2665 0.001203
391 51 3 100 43704 0.001203
76 198 3 100 45968 0.001204
86 39 3 100 3264 0.001204
166 209 3 100 9231 0.001204
131 268 3 100 18406 0.001204
354 126 3 100 24673 0.001204
319 185 3 100 10306 0.001205
220 218 3 100 22974 0.001205
104 88 3 100 29391 0.001205
100 341 3 100 387199 0.001205
90 103 3 100 25682 0.001205
141 283 3 100 6379 0.001205
191 125 3 100 2687 0.001205
367 94 3 100 4910 0.001205
28 258 3 100 7064 0.001206
303 22 3 100 44118 0.001206
349 53 3 100 735 0.001206
387 42 3 100 7681 0.001206
263 287 3 100 7052 0.001206
165 170 3 100 4070 0.001206
181 235 3 100 125936 0.001206
55 276 3 100 4482 0.001207
56 122 3 100 8180 0.001207
110 266 3 100 49258 0.001207
76 74 3 100 20538 0.001208
379 380 3 100 23399 0.001208
328 335 3 100 15230 0.001209
65 377 3 100 148881 0.001209
353 36 3 100 20801 0.001209
162 372 3 100 1866 0.001209
164 367 3 100 230599 0.001209
315 292 3 100 40966 0.001209
289 291 3 100 31817 0.001210
256 116 3 100 39881 0.001210
63 101 3 100 4108 0.001210
64 325 3 100 43686 0.001210
110 107 3 100 315689 0.001211
91 209 3 100 452121 0.001211
236 72 3 100 30920 0.001211
161 61 3 100 11475 0.001211
63 88 3 100 39069 0.001211
73 78 3 100 12598 0.001211
202 389 3 100 10272 0.001212
328 214 3 100 13656 0.001212
239 64 3 100 37499 0.001212
228 382 3 100 13763 0.001212
107 220 3 100 38574 0.001212
329 280 3 100 25258 0.001212
278 46 3 100 23606 0.001213
140 132 3 100 9288 0.001213
225 379 3 100 658 0.001213
173 227 3 100 33606 0.001213
156 117 3 100 29692 0.001213
354 67 3 100 14534 0.001213
314 267 3 100 28160 0.001213
127 315 3 100 22825 0.001214
367 197 3 100 17587 0.001214
71 260 3 100 32391 0.001214
36 119 3 100 34816 0.001214
378 240 3 100 233240 0.001214
52 330 3 100 2612 0.001214
90 194 3 100 38729 0.001215
245 269 3 100 25683 0.001215
213 244 3 100 23360 0.001215
205 133 3 100 3314 0.001215
25 81 3 100 26201 0.001215
216 261 3 100 282111 0.001215
344 47 3 100 43712 0.001215
107 60 3 100 185853 0.001215
134 246 3 100 13494 0.001215
386 106 3 100 114513 0.001216
63 301 3 100 29947 0.001216
64 75 3 100 11985 0.001216
371 291 3 100 17657 0.001216
113 31 3 100 41840 0.001216
324 31 3 100 40482 0.001216
221 177 3 100 36135 0.001216
371 26 3 100 5775 0.001217
81 321 3 100 31545 0.001217
236 214 3 100 32160 0.001217
326 271 3 100 340637 0.001217
230 87 3 100 14436 0.001218
190 258 3 100 17170 0.001218
142 151 3 100 25718 0.001218
45 357 3 100 43547 0.001219
227 107 3 100 241450 0.001219
320 360 3 100 40568 0.001219
311 176 3 100 19420 0.001219
240 213 3 100 215536 0.001219
254 174 3 100 32990 0.001219
303 318 3 100 28833 0.001219
239 47 3 100 147618 0.001220
176 296 3 100 267838 0.001220
78 53 3 100 10918 0.001220
254 250 3 100 15678 0.001221
240 200 3 100 34817 0.001221
204 401 3 100 25420 0.001221
373 386 3 100 2732 0.001221
250 306 3 100 15958 0.001221
23 35 3 100 177253 0.001222
363 31 3 100 19972 0.001222
290 220 3 100 39112 0.001222
231 301 3 100 2847 0.001222
354 71 3 100 2147 0.001222
158 225 3 100 4633 0.001222
242 122 3 100 325804 0.001222
200 138 3 100 35025 0.001223
396 395 3 100 1056 0.001223
225 391 3 100 32765 0.001223
353 284 3 100 36144 0.001223
49 122 3 100 14516 0.001223
350 158 3 100 3367 0.001223
258 61 3 100 765 0.001223
345 283 3 100 28700 0.001224
230 176 3 100 33756 0.001224
117 269 3 100 23817 0.001224
39 251 3 100 37583 0.001224
139 386 3 100 36516 0.001224
265 174 3 100 43278 0.001224
136 202 3 100 236801 0.001224
335 33 3 100 172900 0.001225
348 373 3 100 20787 0.001225
51 24 3 100 41726 0.001225
367 354 3 100 38129 0.001225
153 135 3 100 4444 0.001225
83 84 3 100 30105 0.001225
343 69 3 100 422549 0.001225
42 278 3 100 40689 0.001225
339 209 3 100 389698 0.001226
310 359 3 100 41914 0.001226
258 327 3 100 227945 0.001226
95 109 3 100 27572 0.001227
349 371 3 100 18116 0.001227
350 59 3 100 13840 0.001227
143 293 3 100 19009 0.001227
143 358 3 100 268405 0.001227
250 170 3 100 31178 0.001227
214 327 3 100 9602 0.001227
304 105 3 100 401447 0.001227
260 209 3 100 223743 0.001227
231 228 3 100 39988 0.001228
363 308 3 100 7110 0.001229
398 84 3 100 17326 0.001229
164 62 3 100 19762 0.001229
127 120 3 100 12616 0.001229
394 388 3 100 29134 0.001230
339 372 3 100 45229 0.001230
250 95 3 100 37074 0.001230
180 157 3 100 21887 0.001230
369 103 3 100 19541 0.001230
22 267 3 100 45854 0.001231
237 130 3 100 8820 0.001231
35 245 3 100 31118 0.001231
344 372 3 100 3467 0.001231
65 61 3 100 25996 0.001231
65 351 3 100 16218 0.001231
84 23 3 100 15227 0.001231
397 292 3 100 78110 0.001231
23 256 3 100 39037 0.001232
312 232 3 100 23137 0.001232
273 83 3 100 43948 0.001232
199 215 3 100 24513 0.001232
64 65 3 100 45548 0.001232
225 371 3 100 1828 0.001232
130 235 3 100 27806 0.001232
59 52 3 100 2947 0.001232
205 141 3 100 10776 0.001232
358 158 3 100 7541 0.001232
175 353 3 100 446175 0.001233
50 228 3 100 2103 0.001233
231 352 3 100 37637 0.001233
315 68 3 100 25338 0.001233
244 30 3 100 22804 0.001233
231 381 3 100 28349 0.001234
137 168 3 100 261885 0.001234
151 117 3 100 7340 0.001235
147 79 3 100 2199 0.001235
374 107 3 100 161093 0.001235
326 243 3 100 14224 0.001235
344 248 3 100 38157 0.001235
54 392 3 100 32086 0.001235
164 399 3 100 27550 0.001235
185 357 3 100 405352 0.001236
308 229 3 100 345793 0.001236
307 305 3 100 44864 0.001236
312 115 3 100 32177 0.001236
229 204 3 100 12160 0.001236
177 143 3 100 35117 0.001236
225 370 3 100 11394 0.001237
232 328 3 100 14923 0.001237
355 53 3 100 26133 0.001237
66 374 3 100 64361 0.001237
385 61 3 100 34043 0.001237
174 109 3 100 284596 0.001237
207 239 3 100 192614 0.001237
171 66 3 100 239633 0.001237
21 94 3 100 25115 0.001238
189 272 3 100 10998 0.001238
120 177 3 100 21389 0.001238
381 299 3 100 427671 0.001238
246 151 3 100 12976 0.001238
139 193 3 100 36154 0.001238
122 346 3 100 428254 0.001238
217 91 3 100 22935 0.001238
52 390 3 100 34371 0.001238
20 213 3 100 14834 0.001238
318 143 3 100 39198 0.001238
320 140 3 100 42197 0.001239
162 102 3 100 32157 0.001239
399 107 3 100 34111 0.001239
402 227 3 100 28484 0.001239
64 119 3 100 28034 0.001239
334 139 3 100 25681 0.001239
321 132 3 100 20937 0.001239
234 86 3 100 36632 0.001239
207 147 3 100 2445 0.001240
158 303 3 100 3391 0.001240
240 347 3 100 193288 0.001240
401 171 3 100 22859 0.001241
109 324 3 100 37348 0.001241
383 135 3 100 19462 0.001241
255 232 3 100 20082 0.001241
290 102 3 100 23519 0.001241
182 36 3 100 13241 0.001241
299 65 3 100 19664 0.001241
369 376 3 100 31150 0.001241
375 327 3 100 2471 0.001241
125 392 3 100 17239 0.001241
156 178 3 100 7663 0.001242
75 84 3 100 229157 0.001242
271 218 3 100 2741 0.001243
296 385 3 100 278623 0.001243
320 94 3 100 37605 0.001243
394 58 3 100 30719 0.001243
33 230 3 100 9808 0.001243
105 239 3 100 100975 0.001243
78 198 3 100 39505 0.001244
96 101 3 100 45825 0.001244
37 115 3 100 42855 0.001244
125 54 3 100 18637 0.001244
380 119 3 100 43201 0.001244
222 215 3 100 27065 0.001244
352 211 3 100 1215 0.001244
298 93 3 100 10562 0.001244
382 389 3 100 325378 0.001244
118 155 3 100 44127 0.001244
21 248 3 100 39038 0.001244
305 233 3 100 11824 0.001245
337 33 3 100 12914 0.001245
155 143 3 100 21268 0.001245
27 121 3 100 16424 0.001245
289 31 3 100 99450 0.001245
185 36 3 100 12517 0.001245
44 303 3 100 30405 0.001246
370 294 3 100 36195 0.001246
80 337 3 100 24528 0.001246
124 218 3 100 32150 0.001247
233 303 3 100 348773 0.001247
397 183 3 100 332741 0.001247
302 270 3 100 15912 0.001247
218 295 3 100 16391 0.001248
174 228 3 100 17934 0.001248
95 108 3 100 4526 0.001248
198 225 3 100 34548 0.001248
314 51 3 100 95761 0.001248
250 319 3 100 456791 0.001248
233 208 3 100 15296 0.001248
392 29 3 100 441874 0.001248
96 221 3 100 12040 0.001248
251 366 3 100 41058 0.001248
291 311 3 100 7484 0.001249
365 34 3 100 4204 0.001249
347 393 3 100 16592 0.001249
234 123 3 100 12068 0.001249
363 142 3 100 24828 0.001249
382 199 3 100 11245 0.001249
151 378 3 100 2880 0.001249
304 93 3 100 26388 0.001250
363 58 3 100 441933 0.001250
225 141 3 100 14985 0.001251
103 239 3 100 28836 0.001251
50 193 3 100 211393 0.001251
174 294 3 100 5202 0.001251
283 299 3 100 14566 0.001251
277 27 3 100 336452 0.001252
145 214 3 100 40197 0.001252
168 120 3 100 39797 0.001252
296 197 3 100 40758 0.001252
214 355 3 100 2048 0.001252
197 297 3 100 37008 0.001252
139 200 3 100 5306 0.001252
371 195 3 100 35917 0.001253
196 173 3 100 44210 0.001253
35 31 3 100 22589 0.001253
68 357 3 100 33089 0.001253
204 355 3 100 9174 0.001253
68 117 3 100 11942 0.001253
294 260 3 100 40269 0.001253
324 114 3 100 20553 0.001254
213 76 3 100 25857 0.001254
54 83 3 100 23288 0.001254
376 137 3 100 11469 0.001254
115 307 3 100 5883 0.001255
98 228 3 100 8554 0.001255
81 381 3 100 15880 0.001255
21 376 3 100 9715 0.001255
303 87 3 100 26534 0.001255
332 117 3 100 36994 0.001255
104 392 3 100 9421 0.001256
308 114 3 100 39290 0.001256
329 36 3 100 43114 0.001256
346 212 3 100 34049 0.001256
176 275 3 100 11045 0.001256
288 170 3 100 28910 0.001257
174 262 3 100 19168 0.001257
45 322 3 100 24529 0.001258
128 155 3 100 7258 0.001258
219 171 3 100 13942 0.001258
134 25 3 100 8836 0.001258
177 353 3 100 29352 0.001259
177 304 3 100 207787 0.001259
103 264 3 100 13218 0.001259
362 139 3 100 278956 0.001259
116 355 3 100 305427 0.001259
295 356 3 100 39481 0.001259
77 158 3 100 40784 0.001259
160 381 3 100 43959 0.001260
300 380 3 100 13086 0.001260
393 124 3 100 11897 0.001260
363 163 3 100 35904 0.001260
308 224 3 100 413284 0.001260
201 358 3 100 291190 0.001260
97 218 3 100 35992 0.001260
147 363 3 100 25567 0.001260
123 34 3 100 40395 0.001260
89 91 3 100 13354 0.001261
349 153 3 100 19587 0.001261
33 391 3 100 42370 0.001261
38 329 3 100 18254 0.001261
78 46 3 100 16447 0.001261
397 314 3 100 73269 0.001262
127 155 3 100 42396 0.001262
179 232 3 100 41710 0.001262
370 191 3 100 97041 0.001262
25 160 3 100 34632 0.001262
375 353 3 100 200414 0.001262
149 31 3 100 23856 0.001262
327 198 3 100 23109 0.001262
198 339 3 100 42243 0.001263
374 373 3 100 36166 0.001263
42 275 3 100 43795 0.001264
345 119 3 100 31132 0.001264
184 151 3 100 28761 0.001264
293 294 3 100 16404 0.001264
274 347 3 100 14879 0.001264
324 105 3 100 16920 0.001264
249 29 3 100 13703 0.001265
251 190 3 100 38796 0.001265
295 306 3 100 33224 0.001265
290 176 3 100 16178 0.001266
315 23 3 100 37777 0.001266
49 337 3 100 44861 0.001266
350 49 3 100 39418 0.001266
174 325 3 100 315822 0.001267
376 212 3 100 31364 0.001267
390 103 3 100 26792 0.001267
39 245 3 100 20835 0.001267
129 113 3 100 449404 0.001267
289 98 3 100 13645 0.001267
320 319 3 100 42295 0.001267
298 229 3 100 34326 0.001267
182 306 3 100 42911 0.001268
345 273 3 100 21450 0.001268
335 265 3 100 30676 0.001268
345 306 3 100 12702 0.001269
148 253 3 100 372832 0.001269
130 100 3 100 7069 0.001269
288 158 3 100 25770 0.001269
91 85 3 100 37605 0.001269
132 348 3 100 31035 0.001269
198 119 3 100 351900 0.001269
28 248 3 100 43424 0.001269
131 49 3 100 35318 0.001269
100 209 3 100 45830 0.001269
82 296 3 100 422794 0.001270
106 242 3 100 6258 0.001270
291 331 3 100 30941 0.001271
143 36 3 100 42719 0.001271
41 130 3 100 72501 0.001271
258 389 3 100 23010 0.001272
387 154 3 100 9938 0.001272
153 73 3 100 18037 0.001273
226 126 3 100 275528 0.001273
89 373 3 100 1733 0.001273
69 25 3 100 33542 0.001273
355 124 3 100 215 0.001273
255 204 3 100 430870 0.001273
266 181 3 100 16794 0.001274
344 43 3 100 36708 0.001274
350 299 3 100 422104 0.001274
216 386 3 100 417228 0.001274
335 294 3 100 16989 0.001274
175 351 3 100 17566 0.001274
310 276 3 100 367 0.001274
382 369 3 100 400694 0.001274
397 155 3 100 25175 0.001275
143 373 3 100 28904 0.001275
318 267 3 100 23457 0.001275
83 402 3 100 732 0.001275
98 401 3 100 33184 0.001275
159 72 3 100 35447 0.001275
45 292 3 100 216295 0.001276
300 333 3 100 3766 0.001276
298 102 3 100 277155 0.001276
34 204 3 100 17697 0.001276
333 215 3 100 35273 0.001277
233 86 3 100 16799 0.001277
126 135 3 100 175520 0.001277
147 222 3 100 17909 0.001277
120 323 3 100 9138 0.001277
92 247 3 100 395073 0.001277
362 218 3 100 21079 0.001278
344 258 3 100 27076 0.001278
31 171 3 100 44937 0.001278
239 41 3 100 19108 0.001279
399 397 3 100 24279 0.001279
232 228 3 100 45708 0.001279
94 80 3 100 41414 0.001279
356 251 3 100 28955 0.001279
123 253 3 100 18066 0.001279
175 280 3 100 373208 0.001279
26 342 3 100 22450 0.001279
90 330 3 100 25868 0.001279
323 231 3 100 5260 0.001279
171 199 3 100 27882 0.001280
326 161 3 100 453765 0.001280
173 276 3 100 48613 0.001281
104 292 3 100 374808 0.001281
225 235 3 100 29865 0.001281
118 177 3 100 23573 0.001281
107 324 3 100 39658 0.001281
297 250 3 100 5590 0.001281
181 29 3 100 310750 0.001282
82 47 3 100 39976 0.001283
248 385 3 100 81600 0.001283
212 334 3 100 402799 0.001283
203 54 3 100 37069 0.001284
316 153 3 100 13853 0.001284
393 63 3 100 83182 0.001284
215 372 3 100 39036 0.001284
105 322 3 100 37214 0.001285
352 355 3 100 20512 0.001285
348 178 3 100 43538 0.001285
276 67 3 100 11605 0.001285
165 81 3 100 278053 0.001285
82 122 3 100 393281 0.001285
363 261 3 100 41795 0.001285
272 179 3 100 13323 0.001286
69 316 3 100 698 0.001286
291 339 3 100 23 0.001286
32 224 3 100 33255 0.001286
52 363 3 100 10394 0.001286
386 368 3 100 35609 0.001287
71 144 3 100 16922 0.001287
137 397 3 100 4253 0.001287
331 317 3 100 5468 0.001287
165 378 3 100 45572 0.001287
323 256 3 100 5397 0.001287
363 284 3 100 43881 0.001288
283 125 3 100 1947 0.001288
239 146 3 100 26635 0.001288
230 267 3 100 26607 0.001288
26 252 3 100 7569 0.001288
328 199 3 100 157807 0.001289
311 167 3 100 39284 0.001289
160 148 3 100 29325 0.001289
23 400 3 100 25328 0.001289
111 362 3 100 43227 0.001290
304 385 3 100 41882 0.001290
121 138 3 100 73268 0.001290
173 219 3 100 313918 0.001291
341 240 3 100 9106 0.001291
386 22 3 100 28538 0.001291
263 171 3 100 19746 0.001291
383 338 3 100 11136 0.001291
55 325 3 100 354921 0.001292
291 33 3 100 41841 0.001292
146 360 3 100 398889 0.001292
111 198 3 100 8120 0.001292
247 347 3 100 29400 0.001293
272 250 3 100 25731 0.001293
90 195 3 100 32031 0.001293
348 258 3 100 13139 0.001293
222 203 3 100 10370 0.001293
247 356 3 100 44839 0.001293
198 270 3 100 15332 0.001293
243 322 3 100 40710 0.001294
299 116 3 100 4097 0.001294
153 403 3 100 19821 0.001294
25 276 3 100 14053 0.001295
249 193 3 100 40228 0.001295
105 229 3 100 19388 0.001295
185 85 3 100 11575 0.001295
58 386 3 100 288788 0.001295
313 100 3 100 42931 0.001295
294 311 3 100 126760 0.001296
169 191 3 100 33868 0.001296
284 363 3 100 19494 0.001296
144 373 3 100 10510 0.001296
286 273 3 100 33495 0.001296
255 337 3 100 29083 0.001296
246 367 3 100 44305 0.001296
323 386 3 100 14303 0.001296
49 185 3 100 413059 0.001297
163 66 3 100 198550 0.001297
237 129 3 100 24998 0.001297
302 130 3 100 19835 0.001298
69 272 3 100 5181 0.001298
289 204 3 100 13834 0.001298
281 305 3 100 29952 0.001298
237 136 3 100 274598 0.001298
131 357 3 100 44368 0.001298
183 83 3 100 28132 0.001298
208 392 3 100 39056 0.001299
22 27 3 100 9945 0.001299
379 147 3 100 35404 0.001300
304 110 3 100 38405 0.001300
165 128 3 100 996 0.001300
205 220 3 100 18250 0.001301
361 96 3 100 21404 0.001301
44 289 3 100 37139 0.001301
83 303 3 100 126219 0.001301
363 294 3 100 29577 0.001301
49 190 3 100 39127 0.001301
156 354 3 100 431369 0.001301
110 378 3 100 15965 0.001301
354 379 3 100 2863 0.001302
342 305 3 100 36108 0.001303
321 356 3 100 26225 0.001303
338 334 3 100 41852 0.001303
161 75 3 100 22689 0.001303
219 170 3 100 27232 0.001303
271 126 3 100 18190 0.001303
142 167 3 100 41844 0.001304
288 294 3 100 146220 0.001304
148 268 3 100 21343 0.001304
115 165 3 100 102061 0.001304
223 81 3 100 17862 0.001304
147 195 3 100 292935 0.001304
361 63 3 100 28148 0.001304
398 357 3 100 11157 0.001304
70 188 3 100 94594 0.001304
182 301 3 100 45809 0.001305
260 219 3 100 110247 0.001305
357 319 3 100 257149 0.001306
315 79 3 100 38445 0.001306
24 138 3 100 186440 0.001306
188 115 3 100 18504 0.001306
87 374 3 100 11835 0.001306
376 139 3 100 28778 0.001306
330 79 3 100 19278 0.001306
153 287 3 100 45067 0.001307
177 393 3 100 35434 0.001307
254 24 3 100 39862 0.001307
384 304 3 100 370543 0.001307
92 253 3 100 167149 0.001307
263 272 3 100 16988 0.001307
212 355 3 100 396821 0.001308
183 303 3 100 32997 0.001308
335 340 3 100 10933 0.001308
23 40 3 100 22738 0.001308
60 97 3 100 442600 0.001309
90 243 3 100 321422 0.001309
38 241 3 100 5942 0.001309
171 99 3 100 189611 0.001309
204 240 3 100 43336 0.001309
333 59 3 100 46329 0.001309
97 51 3 100 38505 0.001309
192 350 3 100 24086 0.001309
72 338 3 100 15773 0.001309
263 222 3 100 21149 0.001310
262 325 3 100 43637 0.001310
77 335 3 100 39763 0.001310
225 350 3 100 218303 0.001310
367 248 3 100 21769 0.001310
316 214 3 100 1290 0.001310
130 378 3 100 7678 0.001310
235 298 3 100 18435 0.001310
242 183 3 100 20021 0.001311
375 296 3 100 23530 0.001311
237 48 3 100 14649 0.001311
24 193 3 100 11364 0.001311
229 192 3 100 44865 0.001311
275 84 3 100 43030 0.001312
160 287 3 100 23395 0.001312
400 155 3 100 24116 0.001312
77 275 3 100 18870 0.001313
90 156 3 100 4265 0.001313
267 266 3 100 45484 0.001313
50 289 3 100 22861 0.001313
132 110 3 100 32409 0.001313
364 194 3 100 7027 0.001313
294 337 3 100 23153 0.001314
173 300 3 100 3329 0.001314
142 301 3 100 390224 0.001314
315 23 3 100 36957 0.001314
105 362 3 100 14138 0.001314
92 275 3 100 21591 0.001314
280 132 3 100 172825 0.001314
307 144 3 100 18956 0.001315
396 233 3 100 37869 0.001315
241 137 3 100 34490 0.001315
114 59 3 100 13702 0.001315
293 285 3 100 1485 0.001315
209 72 3 100 36669 0.001315
93 357 3 100 44694 0.001315
146 216 3 100 17279 0.001315
338 83 3 100 176237 0.001315
96 194 3 100 18158 0.001315
387 397 3 100 364744 0.001315
322 62 3 100 9322 0.001316
330 400 3 100 2060 0.001316
132 192 3 100 31663 0.001316
126 225 3 100 40984 0.001317
58 271 3 100 20731 0.001317
352 321 3 100 27720 0.001318
22 202 3 100 42428 0.001318
264 215 3 100 90201 0.001318
169 366 3 100 26397 0.001318
221 138 3 100 40669 0.001318
390 245 3 100 196199 0.001318
120 372 3 100 26245 0.001318
22 192 3 100 35425 0.001318
23 75 3 100 32695 0.001318
368 57 3 100 27808 0.001319
250 288 3 100 12087 0.001319
335 101 3 100 18377 0.001319
250 366 3 100 14503 0.001319
375 395 3 100 31979 0.001320
246 123 3 100 40210 0.001320
193 375 3 100 18864 0.001320
385 180 3 100 1670 0.001320
146 291 3 100 10709 0.001320
134 313 3 100 5952 0.001321
42 256 3 100 13489 0.001321
100 376 3 100 19607 0.001321
170 240 3 100 28770 0.001321
390 210 3 100 6830 0.001322
155 108 3 100 18053 0.001322
282 278 3 100 18280 0.001322
43 48 3 100 6264 0.001322
69 107 3 100 22613 0.001322
201 171 3 100 29758 0.001322
136 169 3 100 37310 0.001322
29 150 3 100 24682 0.001322
100 132 3 100 13895 0.001323
223 104 3 100 40713 0.001323
354 233 3 100 380000 0.001323
358 393 3 100 27223 0.001323
223 392 3 100 7478 0.001324
282 113 3 100 37088 0.001324
159 154 3 100 39447 0.001324
396 127 3 100 20334 0.001324
87 302 3 100 42212 0.001324
48 332 3 100 173716 0.001324
225 351 3 100 5784 0.001325
159 147 3 100 310942 0.001325
85 268 3 100 31362 0.001325
263 170 3 100 372775 0.001325
95 128 3 100 325929 0.001325
130 194 3 100 76062 0.001326
114 178 3 100 361542 0.001326
232 139 3 100 30711 0.001326
39 76 3 100 39803 0.001326
43 65 3 100 41165 0.001327
97 263 3 100 103760 0.001327
42 187 3 100 44428 0.001328
191 38 3 100 41705 0.001328
208 243 3 100 33540 0.001329
57 75 3 100 31236 0.001329
90 68 3 100 25543 0.001329
26 130 3 100 25362 0.001330
205 288 3 100 39220 0.001330
281 398 3 100 34028 0.001330
366 170 3 100 39859 0.001330
245 161 3 100 342728 0.001330
281 188 3 100 14996 0.001330
272 168 3 100 10036 0.001330
65 351 3 100 31386 0.001330
133 219 3 100 38600 0.001330
253 89 3 100 4439 0.001330
220 192 3 100 14626 0.001331
101 118 3 100 27123 0.001331
214 378 3 100 367814 0.001331
293 219 3 100 17678 0.001331
135 374 3 100 17145 0.001332
230 374 3 100 13414 0.001332
78 287 3 100 38221 0.001332
230 197 3 100 27557 0.001332
117 310 3 100 8582 0.001333
109 253 3 100 23454 0.001333
366 133 3 100 191430 0.001333
94 52 3 100 37283 0.001333
355 352 3 100 24103 0.001333
272 172 3 100 9279 0.001333
236 86 3 100 15998 0.001334
141 402 3 100 31369 0.001334
294 381 3 100 15311 0.001334
386 85 3 100 28754 0.001334
196 177 3 100 25812 0.001335
158 186 3 100 737 0.001335
218 310 3 100 390451 0.001335
177 312 3 100 6532 0.001335
192 87 3 100 21611 0.001335
93 242 3 100 13316 0.001335
291 240 3 100 103573 0.001335
398 319 3 100 22745 0.001336
196 162 3 100 8436 0.001336
97 376 3 100 24707 0.001336
312 332 3 100 61528 0.001336
150 250 3 100 36521 0.001336
184 147 3 100 24250 0.001337
168 20 3 100 21594 0.001337
302 351 3 100 12500 0.001337
139 23 3 100 52948 0.001337
386 356 3 100 4102 0.001338
81 371 3 100 45708 0.001338
164 147 3 100 206152 0.001338
326 106 3 100 33805 0.001338
264 261 3 100 19896 0.001338
240 60 3 100 25591 0.001338
183 122 3 100 42658 0.001338
135 280 3 100 23430 0.001338
339 293 3 100 362489 0.001339
103 297 3 100 11282 0.001339
341 255 3 100 255654 0.001339
177 205 3 100 18700 0.001339
315 204 3 100 44983 0.001339
97 187 3 100 7555 0.001339
232 61 3 100 36187 0.001340
206 288 3 100 7 0.001340
36 196 3 100 40326 0.001340
115 238 3 100 40434 0.001340
119 40 3 100 13593 0.001340
173 385 3 100 35784 0.001340
115 43 3 100 21526 0.001340
344 89 3 100 34320 0.001340
148 340 3 100 23091 0.001341
171 65 3 100 376906 0.001341
91 263 3 100 435331 0.001341
211 27 3 100 126327 0.001341
365 224 3 100 44777 0.001341
380 27 3 100 17008 0.001342
227 286 3 100 8067 0.001342
214 221 3 100 12492 0.001342
94 232 3 100 35189 0.001342
86 338 3 100 5610 0.001342
333 284 3 100 8160 0.001342
192 267 3 100 44017 0.001343
249 208 3 100 277297 0.001343
389 212 3 100 11555 0.001343
217 122 3 100 14257 0.001343
78 250 3 100 10236 0.001343
274 129 3 100 37641 0.001343
241 35 3 100 27327 0.001344
46 383 3 100 5928 0.001344
362 135 3 100 24408 0.001345
403 402 3 100 304033 0.001345
167 289 3 100 22168 0.001345
200 80 3 100 4729 0.001345
200 395 3 100 217262 0.001346
45 230 3 100 20249 0.001346
350 332 3 100 27618 0.001347
305 326 3 100 41333 0.001347
221 262 3 100 13641 0.001347
103 337 3 100 10778 0.001347
169 320 3 100 45358 0.001347
72 347 3 100 4262 0.001347
112 258 3 100 44695 0.001348
147 23 3 100 29873 0.001348
302 335 3 100 45241 0.001348
153 326 3 100 8004 0.001349
112 327 3 100 7753 0.001349
189 301 3 100 14185 0.001349
107 89 3 100 20838 0.001349
207 358 3 100 42917 0.001349
37 210 3 100 17638 0.001350
126 176 3 100 247945 0.001350
186 216 3 100 50273 0.001350
150 49 3 100 25544 0.001350
52 70 3 100 34427 0.001351
401 148 3 100 44422 0.001351
37 329 3 100 45837 0.001351
109 205 3 100 38291 0.001351
238 358 3 100 39201 0.001351
208 351 3 100 419436 0.001351
345 293 3 100 19341 0.001351
174 149 3 100 30627 0.001352
178 353 3 100 4980 0.001352
236 322 3 100 7890 0.001352
219 253 3 100 35038 0.001352
185 89 3 100 32544 0.001352
123 235 3 100 44956 0.001353
196 47 3 100 38256 0.001353
295 70 3 100 7508 0.001353
228 206 3 100 43829 0.001354
325 374 3 100 324623 0.001354
273 92 3 100 118627 0.001355
342 403 3 100 22836 0.001356
58 108 3 100 42597 0.001356
233 327 3 100 10775 0.001357
25 332 3 100 35975 0.001357
22 256 3 100 8092 0.001357
32 291 3 100 13225 0.001357
398 169 3 100 10003 0.001357
398 27 3 100 135292 0.001357
211 373 3 100 21223 0.001357
58 203 3 100 44905 0.001358
276 117 3 100 43671 0.001358
54 85 3 100 42538 0.001359
141 57 3 100 30138 0.001359
223 402 3 100 36198 0.001359
118 31 3 100 45313 0.001359
150 268 3 100 26043 0.001359
34 207 3 100 33541 0.001359
389 397 3 100 39402 0.001360
197 343 3 100 33369 0.001360
140 397 3 100 110497 0.001360
239 304 3 100 285286 0.001360
57 132 3 100 25466 0.001360
228 325 3 100 30446 0.001361
129 76 3 100 43390 0.001361
237 331 3 100 659 0.001361
340 326 3 100 35022 0.001361
255 185 3 100 28744 0.001361
295 142 3 100 252493 0.001361
274 227 3 100 34171 0.001362
372 181 3 100 21719 0.001362
46 266 3 100 40463 0.001363
256 225 3 100 20355 0.001363
183 40 3 100 14090 0.001364
61 377 3 100 19265 0.001364
391 69 3 100 567 0.001364
56 54 3 100 15479 0.001365
74 112 3 100 16910 0.001365
291 285 3 100 45525 0.001365
331 195 3 100 40032 0.001365
207 331 3 100 34987 0.001365
222 145 3 100 24194 0.001366
164 56 3 100 39815 0.001366
45 173 3 100 10084 0.001367
231 82 3 100 11345 0.001367
32 365 3 100 34124 0.001367
222 310 3 100 2572 0.001367
72 98 3 100 9028 0.001368
113 117 3 100 32071 0.001368
258 396 3 100 9099 0.001368
259 272 3 100 7805 0.001368
269 110 3 100 29339 0.001368
382 210 3 100 10288 0.001369
383 184 3 100 28345 0.001369
143 335 3 100 2162 0.001369
384 323 3 100 10400 0.001369
232 361 3 100 37468 0.001369
101 210 3 100 4133 0.001369
160 380 3 100 11061 0.001370
68 184 3 100 423607 0.001370
189 250 3 100 158284 0.001370
166 297 3 100 36605 0.001370
53 321 3 100 44655 0.001370
43 292 3 100 24660 0.001370
161 238 3 100 451516 0.001370
56 345 3 100 315263 0.001371
287 140 3 100 194093 0.001371
280 189 3 100 959 0.001371
181 218 3 100 11865 0.001371
121 255 3 100 10591 0.001371
289 300 3 100 3312 0.001371
60 65 3 100 35663 0.001371
386 394 3 100 27090 0.001371
111 226 3 100 260998 0.001371
300 251 3 100 99275 0.001371
179 364 3 100 41127 0.001371
92 297 3 100 22876 0.001372
209 364 3 100 6252 0.001372
227 69 3 100 25074 0.001373
318 133 3 100 35084 0.001373
220 117 3 100 40934 0.001373
116 129 3 100 206120 0.001373
88 163 3 100 45521 0.001373
382 104 3 100 1135 0.001374
163 382 3 100 6426 0.001374
93 192 3 100 41075 0.001374
135 193 3 100 9998 0.001374
322 312 3 100 117760 0.001374
362 34 3 100 30240 0.001374
68 323 3 100 23689 0.001374
125 188 3 100 37475 0.001375
165 203 3 100 30327 0.001375
139 225 3 100 21190 0.001375
135 138 3 100 28554 0.001375
327 21 3 100 14828 0.001375
390 266 3 100 440028 0.001375
200 28 3 100 122997 0.001376
396 231 3 100 44738 0.001376
100 75 3 100 450624 0.001376
348 267 3 100 16791 0.001376
80 177 3 100 4143 0.001377
200 25 3 100 43867 0.001377
352 147 3 100 29494 0.001377
137 352 3 100 25335 0.001377
312 261 3 100 16071 0.001377
38 256 3 100 40526 0.001377
218 125 3 100 36442 0.001377
67 122 3 100 2211 0.001377
256 303 3 100 8842 0.001377
348 64 3 100 149462 0.001377
328 319 3 100 7609 0.001377
401 342 3 100 29691 0.001378
341 66 3 100 27598 0.001378
85 267 3 100 30967 0.001378
212 338 3 100 35770 0.001378
272 396 3 100 40406 0.001378
340 365 3 100 45047 0.001378
176 153 3 100 42061 0.001379
85 54 3 100 7465 0.001379
304 219 3 100 122620 0.001379
147 130 3 100 45593 0.001379
59 345 3 100 29165 0.001379
268 269 3 100 34516 0.001379
28 203 3 100 27010 0.001380
211 152 3 100 45097 0.001380
116 376 3 100 16424 0.001380
297 206 3 100 144218 0.001380
271 287 3 100 35497 0.001380
144 369 3 100 332002 0.001380
71 399 3 100 33725 0.001381
164 289 3 100 18129 0.001381
256 354 3 100 22311 0.001381
58 75 3 100 285323 0.001381
334 61 3 100 29996 0.001381
86 403 3 100 37588 0.001382
81 191 3 100 41037 0.001382
303 398 3 100 14156 0.001383
326 240 3 100 45982 0.001383
114 293 3 100 38186 0.001383
302 247 3 100 28620 0.001383
290 165 3 100 337 0.001383
86 77 3 100 42365 0.001384
102 348 3 100 41265 0.001384
197 158 3 100 35911 0.001384
95 360 3 100 20935 0.001384
129 394 3 100 4602 0.001385
387 307 3 100 12145 0.001385
351 333 3 100 17890 0.001385
212 71 3 100 414807 0.001385
31 41 3 100 39999 0.001385
149 112 3 100 15515 0.001385
249 276 3 100 21850 0.001385
52 87 3 100 71300 0.001386
395 81 3 100 11768 0.001386
82 362 3 100 783 0.001386
100 164 3 100 35847 0.001386
191 196 3 100 44555 0.001386
176 110 3 100 177639 0.001386
70 378 3 100 38168 0.001386
214 270 3 100 23206 0.001386
366 221 3 100 16103 0.001386
80 223 3 100 181571 0.001386
324 314 3 100 6509 0.001387
357 235 3 100 18638 0.001387
295 397 3 100 20436 0.001387
213 81 3 100 12958 0.001387
210 171 3 100 209641 0.001387
311 198 3 100 152385 0.001387
68 224 3 100 709 0.001387
191 372 3 100 35214 0.001388
123 28 3 100 34448 0.001388
176 168 3 100 16253 0.001389
35 392 3 100 14892 0.001389
403 127 3 100 6587 0.001389
256 213 3 100 18513 0.001389
228 67 3 100 140376 0.001389
172 185 3 100 28244 0.001389
168 330 3 100 43107 0.001389
336 181 3 100 21187 0.001389
207 320 3 100 60838 0.001389
289 341 3 100 21922 0.001390
381 21 3 100 2252 0.001390
227 325 3 100 12059 0.001390
274 270 3 100 25342 0.001390
356 116 3 100 320133 0.001390
161 384 3 100 8754 0.001391
284 102 3 100 44270 0.001391
386 24 3 100 405311 0.001391
306 212 3 100 5997 0.001391
387 210 3 100 15863 0.001392
57 234 3 100 10614 0.001392
315 92 3 100 366563 0.001392
71 127 3 100 18812 0.001392
52 345 3 100 16894 0.001392
182 147 3 100 189770 0.001392
307 281 3 100 25685 0.001392
127 215 3 100 22231 0.001392
240 334 3 100 15686 0.001393
174 182 3 100 16801 0.001394
156 239 3 100 575 0.001394
120 292 3 100 9844 0.001394
332 368 3 100 363871 0.001394
211 295 3 100 33329 0.001394
355 92 3 100 37524 0.001394
184 221 3 100 414190 0.001394
260 125 3 100 28469 0.001394
279 100 3 100 30975 0.001394
370 46 3 100 13353 0.001394
257 211 3 100 19633 0.001395
316 50 3 100 35573 0.001395
96 63 3 100 149113 0.001395
300 110 3 100 24839 0.001395
343 318 3 100 10882 0.001395
230 375 3 100 2865 0.001396
214 398 3 100 254271 0.001396
291 361 3 100 8839 0.001396
33 194 3 100 30581 0.001396
24 90 3 100 1534 0.001396
88 151 3 100 6243 0.001396
393 40 3 100 297174 0.001396
212 137 3 100 17084 0.001396
166 45 3 100 41483 0.001397
102 290 3 100 19733 0.001397
278 275 3 100 16811 0.001397
259 301 3 100 22381 0.001397
228 288 3 100 32478 0.001397
343 247 3 100 36381 0.001397
220 106 3 100 14342 0.001397
341 226 3 100 20430 0.001397
287 222 3 100 34101 0.001397
108 127 3 100 375285 0.001398
136 278 3 100 42497 0.001399
25 137 3 100 37409 0.001399
99 128 3 100 1195 0.001399
391 182 3 100 38916 0.001400
132 125 3 100 17925 0.001400
226 275 3 100 16200 0.001400
280 143 3 100 22776 0.001400
193 138 3 100 24846 0.001400
95 347 3 100 38434 0.001401
223 80 3 100 18885 0.001401
169 396 3 100 8935 0.001401
317 246 3 100 305365 0.001401
327 343 3 100 4879 0.001402
232 306 3 100 43053 0.001402
224 318 3 100 9284 0.001402
102 104 3 100 42901 0.001403
76 331 3 100 3682 0.001403
374 260 3 100 42390 0.001403
278 269 3 100 17098 0.001404
264 234 3 100 28261 0.001404
259 234 3 100 222940 0.001404
266 40 3 100 30234 0.001404
33 214 3 100 37898 0.001404
63 334 3 100 21043 0.001404
300 111 3 100 45989 0.001405
314 291 3 100 156051 0.001405
71 231 3 100 19048 0.001405
399 370 3 100 281618 0.001405
251 141 3 100 3300 0.001405
219 257 3 100 33893 0.001405
190 341 3 100 434099 0.001405
242 204 3 100 222125 0.001405
84 245 3 100 6176 0.001406
282 65 3 100 13027 0.001406
186 318 3 100 34654 0.001406
291 247 3 100 5060 0.001406
199 365 3 100 42227 0.001406
73 295 3 100 4279 0.001407
223 29 3 100 9517 0.001407
62 329 3 100 51843 0.001407
30 123 3 100 41690 0.001407
382 114 3 100 39841 0.001407
149 27 3 100 10116 0.001408
313 301 3 100 302824 0.001408
339 362 3 100 232924 0.001408
105 156 3 100 182893 0.001408
156 392 3 100 39137 0.001408
356 398 3 100 137710 0.001408
354 250 3 100 844 0.001408
150 238 3 100 2340 0.001408
227 134 3 100 39560 0.001409
283 43 3 100 31630 0.001409
389 377 3 100 31189 0.001409
299 270 3 100 6646 0.001409
400 391 3 100 19701 0.001410
217 398 3 100 1952 0.001410
294 149 3 100 3158 0.001411
366 98 3 100 34370 0.001411
396 53 3 100 649 0.001411
223 156 3 100 44841 0.001411
254 62 3 100 256977 0.001411
293 315 3 100 31518 0.001411
228 193 3 100 370424 0.001411
77 391 3 100 10056 0.001412
68 165 3 100 9596 0.001412
74 44 3 100 34785 0.001412
137 132 3 100 8922 0.001412
176 339 3 100 12169 0.001413
212 394 3 100 42344 0.001414
317 160 3 100 17848 0.001414
35 30 3 100 42756 0.001414
298 74 3 100 28709 0.001414
207 127 3 100 9415 0.001414
248 129 3 100 40926 0.001414
43 181 3 100 159921 0.001414
22 341 3 100 77165 0.001415
327 267 3 100 20499 0.001415
231 242 3 100 388586 0.001415
217 120 3 100 38123 0.001415
116 378 3 100 23582 0.001415
79 247 3 100 255703 0.001415
339 23 3 100 26149 0.001415
156 183 3 100 15805 0.001416
188 203 3 100 18621 0.001416
201 209 3 100 206854 0.001416
164 146 3 100 229325 0.001416
112 161 3 100 374229 0.001416
322 182 3 100 27741 0.001416
29 85 3 100 18645 0.001417
363 209 3 100 365370 0.001417
52 349 3 100 44778 0.001417
317 45 3 100 99562 0.001417
114 394 3 100 9075 0.001417
156 230 3 100 32950 0.001418
42 396 3 100 325790 0.001418
84 278 3 100 30533 0.001418
91 179 3 100 23547 0.001418
139 276 3 100 20351 0.001419
261 327 3 100 27609 0.001419
279 160 3 100 21908 0.001419
22 133 3 100 19111 0.001419
272 122 3 100 31920 0.001419
285 76 3 100 26965 0.001420
110 392 3 100 39094 0.001420
185 273 3 100 17114 0.001420
385 360 3 100 2901 0.001420
287 247 3 100 45022 0.001420
367 75 3 100 38760 0.001420
344 224 3 100 384351 0.001421
106 135 3 100 425367 0.001421
281 332 3 100 182174 0.001421
125 96 3 100 306837 0.001421
55 91 3 100 5188 0.001421
218 276 3 100 41398 0.001421
303 226 3 100 8152 0.001421
179 351 3 100 19818 0.001421
92 167 3 100 244768 0.001421
75 199 3 100 18901 0.001421
223 270 3 100 44715 0.001421
353 243 3 100 26255 0.001421
376 354 3 100 326454 0.001421
126 354 3 100 14262 0.001422
129 267 3 100 417242 0.001422
129 174 3 100 16476 0.001422
188 360 3 100 22161 0.001422
331 259 3 100 138810 0.001422
31 269 3 100 10096 0.001422
105 155 3 100 36877 0.001422
363 276 3 100 5971 0.001422
302 395 3 100 34952 0.001422
28 100 3 100 41404 0.001422
375 223 3 100 27582 0.001422
93 391 3 100 18141 0.001422
238 250 3 100 39358 0.001422
149 81 3 100 50262 0.001423
99 171 3 100 129358 0.001423
196 95 3 100 10651 0.001423
165 42 3 100 42616 0.001423
338 117 3 100 27014 0.001423
125 341 3 100 3380 0.001423
353 20 3 100 28704 0.001423
39 374 3 100 19578 0.001423
382 21 3 100 30911 0.001423
238 81 3 100 21857 0.001424
219 245 3 100 348645 0.001424
263 105 3 100 36850 0.001424
180 337 3 100 34834 0.001424
205 310 3 100 12744 0.001424
352 365 3 100 25659 0.001424
96 114 3 100 66858 0.001425
261 93 3 100 9492 0.001425
249 59 3 100 42549 0.001425
225 45 3 100 93311 0.001425
222 164 3 100 5419 0.001425
61 385 3 100 23231 0.001426
264 58 3 100 2925 0.001426
286 316 3 100 315387 0.001426
365 393 3 100 21510 0.001426
310 367 3 100 9904 0.001426
34 45 3 100 11223 0.001426
217 198 3 100 39191 0.001427
248 155 3 100 30981 0.001427
219 53 3 100 13164 0.001427
336 350 3 100 42783 0.001427
316 64 3 100 27754 0.001427
374 263 3 100 29786 0.001428
110 46 3 100 4756 0.001428
79 290 3 100 3190 0.001428
366 77 3 100 16791 0.001428
371 399 3 100 34274 0.001428
50 58 3 100 35388 0.001428
121 50 3 100 12682 0.001428
170 154 3 100 30414 0.001428
217 234 3 100 24994 0.001428
231 200 3 100 29832 0.001429
162 213 3 100 17416 0.001430
393 203 3 100 1393 0.001430
242 172 3 100 125745 0.001430
194 185 3 100 23875 0.001430
271 256 3 100 37285 0.001431
320 345 3 100 3310 0.001431
108 122 3 100 22219 0.001431
43 388 3 100 16390 0.001431
192 230 3 100 5019 0.001431
197 91 3 100 233028 0.001431
291 98 3 100 214770 0.001431
312 55 3 100 410903 0.001431
155 393 3 100 250500 0.001431
94 333 3 100 30385 0.001431
60 359 3 100 16131 0.001432
302 194 3 100 33830 0.001432
268 54 3 100 19413 0.001432
198 53 3 100 443118 0.001433
40 277 3 100 8897 0.001433
191 100 3 100 28210 0.001433
367 272 3 100 1432 0.001433
144 227 3 100 7777 0.001434
263 290 3 100 31182 0.001434
298 310 3 100 44257 0.001434
182 119 3 100 20371 0.001434
354 107 3 100 40885 0.001434
164 241 3 100 29134 0.001434
230 220 3 100 9988 0.001434
261 399 3 100 10147 0.001435
43 42 3 100 7890 0.001435
396 158 3 100 44752 0.001435
165 320 3 100 80497 0.001435
387 264 3 100 127933 0.001435
23 98 3 100 42586 0.001435
376 378 3 100 8759 0.001435
310 394 3 100 14700 0.001435
223 231 3 100 21808 0.001435
122 144 3 100 141302 0.001435
196 373 3 100 7946 0.001435
361 52 3 100 4670 0.001436
357 359 3 100 36923 0.001436
377 277 3 100 264576 0.001437
221 110 3 100 21341 0.001437
83 33 3 100 36157 0.001437
272 77 3 100 31360 0.001437
333 232 3 100 36512 0.001437
200 330 3 100 172124 0.001437
232 272 3 100 5069 0.001438
322 217 3 100 30371 0.001438
117 395 3 100 7633 0.001438
202 22 3 100 15746 0.001438
116 228 3 100 42899 0.001438
291 300 3 100 19138 0.001438
132 175 3 100 6013 0.001439
190 236 3 100 405559 0.001439
348 325 3 100 4616 0.001439
109 367 3 100 56957 0.001439
172 124 3 100 3744 0.001440
29 279 3 100 287413 0.001440
63 59 3 100 26394 0.001440
39 66 3 100 35193 0.001440
24 66 3 100 8323 0.001440
29 88 3 100 297212 0.001440
233 326 3 100 248060 0.001440
240 163 3 100 9307 0.001440
175 165 3 100 17694 0.001440
41 250 3 100 258566 0.001441
117 221 3 100 6201 0.001441
148 309 3 100 22580 0.001441
386 322 3 100 6359 0.001441
316 388 3 100 353795 0.001442
359 321 3 100 35629 0.001442
387 361 3 100 277984 0.001443
75 20 3 100 16818 0.001443
263 98 3 100 11958 0.001443
317 146 3 100 5649 0.001443
390 379 3 100 29296 0.001444
370 202 3 100 411963 0.001444
148 199 3 100 299887 0.001444
212 158 3 100 7128 0.001444
223 272 3 100 997 0.001444
81 122 3 100 30950 0.001444
390 84 3 100 25403 0.001445
128 25 3 100 41947 0.001445
337 282 3 100 1432 0.001445
394 186 3 100 21612 0.001446
116 82 3 100 40028 0.001446
263 215 3 100 42130 0.001447
125 278 3 100 35625 0.001447
241 62 3 100 21421 0.001447
121 314 3 100 40903 0.001447
72 191 3 100 247715 0.001447
329 348 3 100 2731 0.001447
290 159 3 100 23037 0.001447
286 134 3 100 21012 0.001447
98 21 3 100 17613 0.001448
246 317 3 100 22987 0.001448
374 367 3 100 22145 0.001448
91 300 3 100 43301 0.001448
313 60 3 100 8157 0.001448
159 288 3 100 34118 0.001448
212 117 3 100 3159 0.001448
299 254 3 100 995 0.001448
302 384 3 100 10520 0.001449
315 173 3 100 129484 0.001449
43 108 3 100 1553 0.001449
159 402 3 100 6406 0.001449
148 285 3 100 32987 0.001450
359 55 3 100 420 0.001450
347 322 3 100 39148 0.001450
147 45 3 100 38570 0.001450
289 323 3 100 10670 0.001450
326 285 3 100 33431 0.001451
340 326 3 100 14292 0.001451
217 56 3 100 314206 0.001451
288 89 3 100 188240 0.001451
353 386 3 100 321291 0.001451
88 224 3 100 17055 0.001452
107 151 3 100 6998 0.001452
220 151 3 100 8269 0.001452
235 366 3 100 229 0.001452
83 174 3 100 25495 0.001452
381 46 3 100 43579 0.001452
182 403 3 100 29536 0.001452
324 307 3 100 9034 0.001452
378 226 3 100 35901 0.001453
179 332 3 100 44258 0.001453
44 279 3 100 26282 0.001453
351 61 3 100 1846 0.001453
277 216 3 100 8497 0.001453
271 98 3 100 38678 0.001453
215 66 3 100 448773 0.001454
229 316 3 100 27666 0.001454
196 176 3 100 6561 0.001454
364 44 3 100 33461 0.001454
169 210 3 100 19779 0.001454
253 280 3 100 227660 0.001455
120 75 3 100 39852 0.001455
91 201 3 100 5171 0.001455
143 364 3 100 7156 0.001455
145 58 3 100 28063 0.001455
197 382 3 100 45322 0.001455
243 37 3 100 22070 0.001455
227 321 3 100 32922 0.001456
396 143 3 100 11831 0.001456
45 138 3 100 41223 0.001456
118 197 3 100 165753 0.001456
386 349 3 100 222898 0.001456
301 66 3 100 39203 0.001456
157 331 3 100 43235 0.001456
125 347 3 100 9050 0.001456
200 99 3 100 7545 0.001457
99 191 3 100 21845 0.001457
91 217 3 100 9122 0.001457
23 374 3 100 16627 0.001457
382 245 3 100 15799 0.001457
319 78 3 100 10498 0.001458
393 67 3 100 14692 0.001458
230 191 3 100 152369 0.001458
149 82 3 100 192462 0.001458
359 229 3 100 45201 0.001458
333 98 3 100 10297 0.001458
349 163 3 100 168613 0.001458
139 308 3 100 238674 0.001458
91 180 3 100 22998 0.001458
274 97 3 100 20208 0.001459
282 80 3 100 9172 0.001459
111 101 3 100 38320 0.001459
288 102 3 100 254409 0.001459
59 58 3 100 27158 0.001459
67 201 3 100 371299 0.001459
287 108 3 100 30215 0.001459
362 98 3 100 1270 0.001459
199 257 3 100 7579 0.001459
123 266 3 100 16815 0.001460
115 147 3 100 12823 0.001460
103 179 3 100 37826 0.001460
341 122 3 100 22561 0.001460
90 374 3 100 22031 0.001460
63 192 3 100 7554 0.001460
49 218 3 100 208345 0.001461
177 20 3 100 35997 0.001461
241 288 3 100 174498 0.001461
333 340 3 100 336256 0.001461
382 224 3 100 9462 0.001461
398 30 3 100 28247 0.001461
158 254 3 100 30393 0.001461
327 401 3 100 285536 0.001462
254 381 3 100 377324 0.001462
165 347 3 100 879 0.001462
39 107 3 100 9148 0.001462
320 256 3 100 11049 0.001462
340 331 3 100 165320 0.001462
57 58 3 100 35156 0.001463
229 334 3 100 41412 0.001463
75 23 3 100 5829 0.001463
102 349 3 100 16384 0.001463
193 244 3 100 4004 0.001463
295 263 3 100 15559 0.001464
386 317 3 100 10818 0.001464
39 213 3 100 24664 0.001464
171 145 3 100 364783 0.001464
74 279 3 100 449133 0.001464
324 33 3 100 23486 0.001464
118 307 3 100 4256 0.001465
340 86 3 100 15977 0.001465
105 364 3 100 6202 0.001465
115 210 3 100 44638 0.001465
259 195 3 100 19438 0.001465
61 54 3 100 42532 0.001465
113 173 3 100 33604 0.001465
191 399 3 100 44219 0.001466
59 227 3 100 34084 0.001466
56 369 3 100 36762 0.001466
244 189 3 100 21784 0.001466
376 229 3 100 391057 0.001466
332 51 3 100 105 0.001466
203 90 3 100 10510 0.001466
158 33 3 100 1694 0.001466
358 33 3 100 39135 0.001467
235 21 3 100 23684 0.001467
151 368 3 100 361613 0.001467
160 49 3 100 28765 0.001467
67 125 3 100 105 0.001467
304 203 3 100 449687 0.001467
143 386 3 100 248691 0.001467
70 59 3 100 19919 0.001467
193 375 3 100 7455 0.001467
386 303 3 100 5622 0.001468
240 134 3 100 44577 0.001468
146 21 3 100 34611 0.001468
116 170 3 100 43783 0.001469
41 108 3 100 2663 0.001469
280 97 3 100 13056 0.001469
263 343 3 100 33421 0.001469
163 284 3 100 41120 0.001469
113 381 3 100 16184 0.001469
364 297 3 100 163709 0.001470
294 52 3 100 10897 0.001470
239 368 3 100 5586 0.001470
140 166 3 100 42336 0.001470
22 227 3 100 42996 0.001470
77 272 3 100 23767 0.001470
39 273 3 100 26359 0.001471
89 77 3 100 171042 0.001471
126 325 3 100 7430 0.001471
392 241 3 100 17870 0.001472
109 379 3 100 24658 0.001472
317 226 3 100 8259 0.001472
29 134 3 100 10298 0.001472
91 399 3 100 17548 0.001472
261 241 3 100 36681 0.001473
390 53 3 100 213881 0.001473
157 130 3 100 43703 0.001473
145 353 3 100 44359 0.001473
112 122 3 100 4038 0.001473
358 149 3 100 14424 0.001473
362 368 3 100 12167 0.001474
213 231 3 100 18778 0.001474
97 57 3 100 15743 0.001474
22 205 3 100 14129 0.001474
156 63 3 100 10165 0.001474
210 352 3 100 12020 0.001474
196 380 3 100 45312 0.001475
368 108 3 100 42635 0.001475
210 285 3 100 16146 0.001475
272 353 3 100 173433 0.001475
272 25 3 100 39429 0.001475
379 389 3 100 8326 0.001475
186 160 3 100 5481 0.001475
316 127 3 100 44281 0.001476
281 111 3 100 11543 0.001476
158 207 3 100 36429 0.001476
194 389 3 100 24890 0.001476
106 160 3 100 9475 0.001476
80 327 3 100 15311 0.001477
282 183 3 100 18980 0.001477
72 253 3 100 37894 0.001477
298 157 3 100 40912 0.001477
308 384 3 100 41788 0.001477
178 119 3 100 44507 0.001477
54 291 3 100 32107 0.001477
20 394 3 100 55507 0.001478
297 331 3 100 40887 0.001478
356 200 3 100 11229 0.001478
140 188 3 100 41892 0.001478
370 70 3 100 43671 0.001478
116 366 3 100 9649 0.001479
152 238 3 100 38350 0.001479
240 211 3 100 162854 0.001479
204 309 3 100 22644 0.001479
399 74 3 100 11475 0.001480
395 177 3 100 28970 0.001480
27 362 3 100 288300 0.001480
117 358 3 100 57669 0.001481
230 280 3 100 32780 0.001481
124 63 3 100 1621 0.001481
197 393 3 100 30835 0.001481
124 374 3 100 8170 0.001481
253 399 3 100 4102 0.001481
100 346 3 100 416493 0.001482
128 168 3 100 17533 0.001482
257 137 3 100 12388 0.001482
392 169 3 100 166517 0.001482
232 369 3 100 30654 0.001482
304 112 3 100 17327 0.001483
170 134 3 100 12042 0.001483
40 277 3 100 9679 0.001483
168 167 3 100 150068 0.001483
311 269 3 100 406847 0.001483
99 164 3 100 1448 0.001483
77 254 3 100 35024 0.001483
360 115 3 100 8638 0.001483
149 176 3 100 44951 0.001483
215 147 3 100 398573 0.001483
168 193 3 100 76150 0.001483
177 182 3 100 35785 0.001484
395 149 3 100 199073 0.001484
149 189 3 100 44696 0.001484
33 392 3 100 19969 0.001485
240 238 3 100 30079 0.001485
331 191 3 100 8506 0.001485
206 234 3 100 2343 0.001485
205 365 3 100 6104 0.001486
114 206 3 100 32769 0.001486
293 209 3 100 5588 0.001486
151 343 3 100 8716 0.001486
278 32 3 100 27884 0.001486
32 145 3 100 11408 0.001487
217 385 3 100 380920 0.001487
52 261 3 100 17120 0.001487
230 299 3 100 20260 0.001487
173 109 3 100 20185 0.001488
259 87 3 100 397881 0.001488
238 28 3 100 5791 0.001488
348 298 3 100 8040 0.001488
21 77 3 100 390107 0.001488
363 214 3 100 4823 0.001488
58 21 3 100 118054 0.001488
364 258 3 100 283095 0.001488
327 147 3 100 25293 0.001489
135 142 3 100 33631 0.001489
284 360 3 100 22952 0.001489
73 239 3 100 42860 0.001490
263 76 3 100 40257 0.001490
129 361 3 100 93426 0.001490
357 205 3 100 286526 0.001490
216 64 3 100 13553 0.001490
260 129 3 100 195489 0.001490
391 82 3 100 13520 0.001490
168 141 3 100 16026 0.001490
368 379 3 100 131404 0.001490
34 327 3 100 38005 0.001491
398 391 3 100 23055 0.001491
302 385 3 100 35363 0.001491
253 30 3 100 33742 0.001491
338 206 3 100 379081 0.001491
274 146 3 100 40101 0.001491
390 261 3 100 20513 0.001492
262 377 3 100 35457 0.001492
270 155 3 100 10936 0.001492
386 258 3 100 22909 0.001492
288 147 3 100 4520 0.001492
111 260 3 100 6670 0.001493
327 381 3 100 20220 0.001493
54 27 3 100 33259 0.001493
395 118 3 100 16602 0.001493
149 265 3 100 32055 0.001493
174 256 3 100 25236 0.001493
35 393 3 100 3237 0.001493
227 134 3 100 42213 0.001493
242 361 3 100 44410 0.001493
138 192 3 100 76810 0.001494
73 349 3 100 32302 0.001494
175 43 3 100 45360 0.001494
289 137 3 100 40849 0.001495
315 44 3 100 231853 0.001495
31 296 3 100 99128 0.001495
45 241 3 100 28025 0.001496
240 223 3 100 35806 0.001496
175 101 3 100 27045 0.001496
365 281 3 100 36916 0.001496
326 90 3 100 6882 0.001496
289 198 3 100 449 0.001496
323 46 3 100 16575 0.001496
396 309 3 100 23965 0.001496
228 388 3 100 139796 0.001496
209 292 3 100 24104 0.001496
219 247 3 100 45672 0.001496
368 344 3 100 25208 0.001497
150 378 3 100 260546 0.001497
277 181 3 100 29264 0.001497
121 69 3 100 16184 0.001497
52 25 3 100 19003 0.001497
254 172 3 100 37602 0.001497
399 264 3 100 444268 0.001497
198 37 3 100 10247 0.001497
85 123 3 100 35531 0.001497
384 398 3 100 42212 0.001498
398 313 3 100 17841 0.001498
97 375 3 100 4252 0.001498
202 273 3 100 431354 0.001498
184 237 3 100 12130 0.001498
192 222 3 100 28271 0.001498
334 163 3 100 144791 0.001498
399 94 3 100 29052 0.001498
274 288 3 100 40650 0.001498
40 184 3 100 43906 0.001499
257 36 3 100 15819 0.001499
116 158 3 100 1229 0.001499
275 327 3 100 25560 0.001499
101 383 3 100 6497 0.001500
207 141 3 100 29752 0.001500
153 129 3 100 7545 0.001500
164 203 3 100 8834 0.001500
177 142 3 100 5224 0.001500
292 124 3 100 361521 0.001500
262 254 3 100 23001 0.001500
96 283 3 100 27768 0.001500
73 125 3 100 3331 0.001501
142 167 3 100 1680 0.001501
248 225 3 100 27699 0.001501
272 336 3 100 32833 0.001502
191 24 3 100 31793 0.001502
277 304 3 100 43141 0.001503
196 231 3 100 127242 0.001503
391 91 3 100 33811 0.001503
388 96 3 100 27948 0.001503
161 318 3 100 40827 0.001503
386 328 3 100 198551 0.001503
247 386 3 100 6788 0.001503
155 51 3 100 10026 0.001504
77 319 3 100 18806 0.001504
23 171 3 100 3207 0.001504
116 98 3 100 28579 0.001504
152 206 3 100 10922 0.001504
220 103 3 100 7437 0.001504
282 174 3 100 40574 0.001504
167 337 3 100 12649 0.001505
264 300 3 100 28028 0.001505
313 245 3 100 15165 0.001505
146 387 3 100 292440 0.001505
277 353 3 100 327299 0.001506
305 213 3 100 3495 0.001506
109 247 3 100 36634 0.001506
248 261 3 100 1302 0.001507
80 46 3 100 19092 0.001507
166 67 3 100 36357 0.001508
303 277 3 100 11982 0.001508
309 38 3 100 2333 0.001508
100 44 3 100 42087 0.001508
128 148 3 100 29445 0.001508
70 94 3 100 35221 0.001508
303 318 3 100 84203 0.001509
272 55 3 100 1692 0.001509
115 389 3 100 32934 0.001509
52 283 3 100 13314 0.001509
288 122 3 100 2950 0.001509
277 65 3 100 23014 0.001509
131 57 3 100 21450 0.001510
333 304 3 100 33624 0.001510
131 262 3 100 8662 0.001510
255 243 3 100 12628 0.001511
216 174 3 100 22972 0.001511
186 340 3 100 12235 0.001511
140 180 3 100 33804 0.001511
133 207 3 100 41814 0.001511
71 46 3 100 4238 0.001511
287 385 3 100 30280 0.001511
337 21 3 100 6618 0.001511
277 57 3 100 43730 0.001511
109 71 3 100 17925 0.001511
333 219 3 100 9645 0.001511
272 398 3 100 35642 0.001511
240 61 3 100 24941 0.001511
380 214 3 100 249101 0.001511
145 224 3 100 23263 0.001512
182 106 3 100 18556 0.001512
45 259 3 100 14825 0.001512
232 318 3 100 21583 0.001512
34 340 3 100 10168 0.001513
271 103 3 100 8847 0.001513
40 382 3 100 300533 0.001513
240 327 3 100 388353 0.001513
304 263 3 100 8245 0.001513
28 403 3 100 12265 0.001514
72 237 3 100 397420 0.001514
140 314 3 100 14447 0.001514
296 275 3 100 33333 0.001514
58 125 3 100 43131 0.001514
109 53 3 100 6151 0.001514
203 321 3 100 165217 0.001515
75 375 3 100 35048 0.001515
97 92 3 100 28052 0.001515
123 339 3 100 7502 0.001515
118 376 3 100 3806 0.001515
204 329 3 100 34367 0.001515
278 267 3 100 16278 0.001515
294 100 3 100 32568 0.001516
200 345 3 100 148051 0.001516
379 400 3 100 37991 0.001516
315 113 3 100 12621 0.001516
142 244 3 100 6878 0.001516
363 297 3 100 43184 0.001516
363 54 3 100 35253 0.001516
295 41 3 100 16369 0.001516
164 173 3 100 9095 0.001516
159 364 3 100 2290 0.001517
360 154 3 100 29795 0.001517
284 106 3 100 29798 0.001517
98 261 3 100 10329 0.001517
66 301 3 100 23441 0.001517
73 68 3 100 25883 0.001517
265 20 3 100 6060 0.001517
275 261 3 100 8501 0.001517
143 181 3 100 32763 0.001518
170 168 3 100 10630 0.001518
158 115 3 100 18621 0.001518
88 74 3 100 23452 0.001518
345 76 3 100 26350 0.001518
372 255 3 100 42406 0.001519
88 202 3 100 9848 0.001519
285 267 3 100 23194 0.001519
172 45 3 100 29375 0.001519
315 292 3 100 27577 0.001520
188 123 3 100 42148 0.001520
254 150 3 100 11126 0.001520
352 50 3 100 14712 0.001520
211 277 3 100 39849 0.001520
400 391 3 100 358260 0.001520
220 311 3 100 17323 0.001520
250 243 3 100 5254 0.001520
87 60 3 100 16742 0.001521
27 248 3 100 39135 0.001521
20 179 3 100 19929 0.001521
399 98 3 100 10790 0.001521
30 331 3 100 30092 0.001521
27 145 3 100 7505 0.001521
343 144 3 100 27654 0.001521
335 65 3 100 410390 0.001522
119 98 3 100 13796 0.001522
40 376 3 100 20142 0.001522
116 176 3 100 330858 0.001522
100 338 3 100 10571 0.001522
230 98 3 100 39208 0.001522
223 192 3 100 7688 0.001523
112 198 3 100 12364 0.001523
99 192 3 100 307742 0.001523
303 86 3 100 15728 0.001523
107 212 3 100 6203 0.001523
194 320 3 100 39913 0.001523
282 283 3 100 32196 0.001523
207 320 3 100 30237 0.001523
270 394 3 100 34491 0.001523
85 130 3 100 7872 0.001523
195 59 3 100 4605 0.001523
197 144 3 100 64697 0.001523
61 387 3 100 164890 0.001524
170 393 3 100 270292 0.001524
378 239 3 100 12355 0.001524
276 317 3 100 21751 0.001524
339 362 3 100 19613 0.001524
25 53 3 100 5720 0.001524
292 241 3 100 28844 0.001525
153 79 3 100 38510 0.001525
226 20 3 100 865 0.001525
354 243 3 100 29340 0.001525
188 169 3 100 43347 0.001525
132 115 3 100 7534 0.001525
79 361 3 100 4208 0.001526
303 161 3 100 43738 0.001526
42 185 3 100 35680 0.001526
327 298 3 100 431395 0.001526
208 44 3 100 15805 0.001526
367 167 3 100 34742 0.001526
264 329 3 100 8472 0.001526
95 350 3 100 440672 0.001527
21 272 3 100 2846 0.001527
253 242 3 100 15840 0.001527
83 166 3 100 12691 0.001527
347 301 3 100 8654 0.001528
123 24 3 100 6508 0.001528
280 366 3 100 62021 0.001528
86 140 3 100 36105 0.001528
280 111 3 100 39583 0.001528
78 41 3 100 5307 0.001528
269 251 3 100 530 0.001529
371 299 3 100 150880 0.001529
28 145 3 100 7565 0.001529
335 48 3 100 45133 0.001529
174 188 3 100 16516 0.001529
87 75 3 100 16491 0.001529
80 132 3 100 25040 0.001529
209 402 3 100 368760 0.001529
151 379 3 100 30876 0.001530
129 109 3 100 15633 0.001530
90 71 3 100 7103 0.001530
310 76 3 100 30988 0.001530
272 312 3 100 34404 0.001530
174 189 3 100 42882 0.001530
338 100 3 100 38002 0.001530
49 25 3 100 19585 0.001530
211 397 3 100 353654 0.001531
181 355 3 100 229764 0.001531
396 216 3 100 2935 0.001531
202 131 3 100 28230 0.001532
344 196 3 100 28118 0.001532
297 97 3 100 18634 0.001532
390 187 3 100 3030 0.001532
23 157 3 100 310983 0.001532
63 82 3 100 39212 0.001532
272 118 3 100 24290 0.001533
89 62 3 100 9050 0.001533
144 58 3 100 27455 0.001533
315 282 3 100 35295 0.001533
130 77 3 100 37974 0.001533
368 184 3 100 19113 0.001533
37 295 3 100 27356 0.001533
394 60 3 100 32759 0.001533
178 80 3 100 33250 0.001534
265 87 3 100 362851 0.001534
374 90 3 100 380956 0.001534
66 28 3 100 10121 0.001534
357 210 3 100 3480 0.001534
242 214 3 100 32653 0.001534
211 265 3 100 17310 0.001535
21 162 3 100 366064 0.001535
187 291 3 100 44573 0.001535
316 238 3 100 438368 0.001535
257 351 3 100 157740 0.001535
103 300 3 100 2755 0.001535
80 95 3 100 4037 0.001536
160 73 3 100 30539 0.001536
344 290 3 100 151833 0.001536
345 382 3 100 154329 0.001536
315 157 3 100 20325 0.001537
156 364 3 100 34589 0.001537
351 35 3 100 20888 0.001537
215 287 3 100 7991 0.001537
149 256 3 100 17660 0.001537
145 289 3 100 123089 0.001537
151 130 3 100 16412 0.001537
328 288 3 100 18330 0.001538
79 246 3 100 25593 0.001538
282 347 3 100 233141 0.001538
337 313 3 100 21162 0.001538
83 137 3 100 23157 0.001538
206 29 3 100 21603 0.001538
313 378 3 100 35608 0.001539
298 140 3 100 356193 0.001539
268 388 3 100 2773 0.001540
137 36 3 100 42557 0.001540
397 72 3 100 396718 0.001540
403 140 3 100 3062 0.001540
313 148 3 100 35728 0.001540
80 351 3 100 2522 0.001541
287 278 3 100 24882 0.001541
225 177 3 100 447071 0.001541
331 245 3 100 26411 0.001541
54 259 3 100 31665 0.001542
251 143 3 100 20582 0.001542
134 390 3 100 13062 0.001542
364 262 3 100 25036 0.001542
61 346 3 100 378343 0.001542
347 121 3 100 17971 0.001542
71 75 3 100 29512 0.001543
200 273 3 100 115749 0.001543
256 81 3 100 14669 0.001543
246 350 3 100 369547 0.001543
180 403 3 100 31516 0.001543
385 115 3 100 42611 0.001543
74 313 3 100 3671 0.001543
398 196 3 100 275469 0.001544
251 370 3 100 235177 0.001544
91 283 3 100 7706 0.001544
22 118 3 100 10809 0.001545
382 110 3 100 32944 0.001545
157 261 3 100 366322 0.001545
154 267 3 100 4884 0.001545
341 321 3 100 350121 0.001545
400 234 3 100 307815 0.001545
368 280 3 100 25827 0.001545
25 300 3 100 38028 0.001545
254 250 3 100 126521 0.001545
90 216 3 100 429667 0.001545
371 393 3 100 27066 0.001545
380 182 3 100 105524 0.001546
24 176 3 100 17589 0.001546
45 38 3 100 4009 0.001546
212 206 3 100 44823 0.001546
209 42 3 100 13382 0.001546
390 135 3 100 42892 0.001546
157 87 3 100 15510 0.001546
251 183 3 100 11368 0.001546
110 76 3 100 1801 0.001546
202 350 3 100 34696 0.001547
222 327 3 100 18916 0.001547
275 93 3 100 236445 0.001547
73 45 3 100 11344 0.001547
282 335 3 100 12750 0.001547
225 260 3 100 25591 0.001547
318 170 3 100 8935 0.001547
377 47 3 100 16660 0.001547
46 207 3 100 168905 0.001547
249 341 3 100 20709 0.001547
153 354 3 100 33316 0.001548
296 333 3 100 8064 0.001548
104 378 3 100 151545 0.001548
276 395 3 100 1029 0.001548
389 174 3 100 18463 0.001548
180 197 3 100 196980 0.001548
346 224 3 100 15614 0.001548
350 181 3 100 378156 0.001549
307 174 3 100 13373 0.001549
127 53 3 100 15064 0.001549
163 183 3 100 5392 0.001549
311 262 3 100 36116 0.001549
268 276 3 100 149116 0.001549
379 392 3 100 13729 0.001549
347 361 3 100 43797 0.001550
114 93 3 100 44013 0.001550
42 345 3 100 33136 0.001550
170 288 3 100 17496 0.001550
203 43 3 100 26971 0.001550
363 200 3 100 9203 0.001550
317 40 3 100 4214 0.001550
229 56 3 100 37521 0.001550
171 335 3 100 7510 0.001551
326 322 3 100 27787 0.001551
187 284 3 100 9110 0.001551
86 21 3 100 17706 0.001552
195 397 3 100 34909 0.001552
320 216 3 100 15699 0.001552
367 37 3 100 6885 0.001552
79 139 3 100 38449 0.001552
98 252 3 100 162428 0.001552
313 351 3 100 2491 0.001552
41 45 3 100 102114 0.001553
109 297 3 100 28563 0.001553
290 211 3 100 11143 0.001553
266 321 3 100 2896 0.001553
51 24 3 100 36052 0.001553
80 294 3 100 42714 0.001553
381 26 3 100 12898 0.001553
270 256 3 100 33227 0.001553
295 26 3 100 39843 0.001553
66 388 3 100 43090 0.001554
192 44 3 100 27316 0.001554
272 226 3 100 25234 0.001554
396 28 3 100 28054 0.001554
343 144 3 100 38861 0.001554
350 101 3 100 21870 0.001554
393 241 3 100 27007 0.001554
56 32 3 100 269321 0.001555
80 144 3 100 41917 0.001555
202 382 3 100 23235 0.001555
352 142 3 100 5606 0.001555
368 201 3 100 19278 0.001555
258 64 3 100 8479 0.001555
99 52 3 100 27227 0.001555
109 224 3 100 36151 0.001555
36 194 3 100 3388 0.001555
324 52 3 100 26339 0.001556
234 283 3 100 246228 0.001556
321 123 3 100 19863 0.001556
86 149 3 100 45065 0.001556
185 343 3 100 8945 0.001556
362 321 3 100 29973 0.001556
73 238 3 100 33093 0.001556
133 298 3 100 425065 0.001557
109 59 3 100 36209 0.001557
60 211 3 100 21031 0.001557
94 369 3 100 34823 0.001557
345 86 3 100 21380 0.001557
46 250 3 100 31011 0.001557
134 403 3 100 72220 0.001557
151 72 3 100 39781 0.001558
130 190 3 100 35274 0.001558
159 335 3 100 32588 0.001558
379 47 3 100 41995 0.001559
327 337 3 100 238679 0.001560
250 343 3 100 42482 0.001560
25 199 3 100 459529 0.001560
173 401 3 100 15068 0.001560
172 253 3 100 42533 0.001560
296 153 3 100 121551 0.001560
24 99 3 100 1853 0.001560
353 359 3 100 35630 0.001561
134 386 3 100 307713 0.001561
100 367 3 100 11395 0.001561
130 27 3 100 36003 0.001561
93 399 3 100 2511 0.001561
31 262 3 100 16554 0.001561
326 38 3 100 18011 0.001562
256 105 3 100 45132 0.001562
71 351 3 100 40128 0.001562
302 201 3 100 23635 0.001562
146 287 3 100 34672 0.001563
60 61 3 100 13212 0.001563
350 295 3 100 27246 0.001563
148 120 3 100 12551 0.001563
278 244 3 100 62 0.001563
227 358 3 100 36974 0.001563
31 256 3 100 6846 0.001563
302 242 3 100 344747 0.001563
151 352 3 100 15655 0.001563
190 271 3 100 27846 0.001564
394 150 3 100 11207 0.001564
161 376 3 100 141125 0.001564
239 380 3 100 11541 0.001564
377 272 3 100 874 0.001564
390 311 3 100 214085 0.001564
75 402 3 100 11090 0.001564
392 378 3 100 36396 0.001564
282 173 3 100 245286 0.001564
338 23 3 100 45665 0.001564
309 264 3 100 21642 0.001565
208 46 3 100 7909 0.001565
203 66 3 100 9079 0.001565
388 182 3 100 193577 0.001566
363 150 3 100 123702 0.001566
189 198 3 100 194562 0.001566
291 87 3 100 9612 0.001566
372 127 3 100 30663 0.001566
305 399 3 100 28019 0.001566
122 374 3 100 8938 0.001566
285 284 3 100 23943 0.001566
230 155 3 100 5374 0.001567
235 26 3 100 38976 0.001567
314 176 3 100 37720 0.001567
159 63 3 100 4520 0.001567
383 318 3 100 6501 0.001567
51 399 3 100 23430 0.001567
211 299 3 100 238484 0.001567
109 61 3 100 402380 0.001567
74 81 3 100 18683 0.001568
262 222 3 100 11104 0.001568
322 106 3 100 32020 0.001568
343 212 3 100 38611 0.001569
391 30 3 100 416690 0.001569
46 218 3 100 25559 0.001569
273 167 3 100 133739 0.001569
320 266 3 100 27995 0.001569
400 248 3 100 2490 0.001570
47 224 3 100 6833 0.001570
258 144 3 100 41772 0.001570
173 303 3 100 66852 0.001571
78 304 3 100 397944 0.001571
82 217 3 100 150751 0.001571
333 170 3 100 105674 0.001571
215 360 3 100 41160 0.001571
352 53 3 100 10908 0.001571
349 123 3 100 4201 0.001571
281 320 3 100 37524 0.001571
273 48 3 100 2535 0.001572
347 325 3 100 34887 0.001572
80 111 3 100 290403 0.001572
308 81 3 100 32384 0.001573
26 103 3 100 6846 0.001573
284 143 3 100 213457 0.001573
123 175 3 100 38825 0.001573
67 240 3 100 409086 0.001573
35 41 3 100 26690 0.001573
235 111 3 100 17468 0.001574
170 389 3 100 41811 0.001574
279 251 3 100 30454 0.001574
233 211 3 100 12486 0.001574
284 34 3 100 12853 0.001574
105 133 3 100 435627 0.001574
293 240 3 100 8989 0.001574
324 152 3 100 617 0.001574
62 105 3 100 61918 0.001575
120 230 3 100 28410 0.001575
207 109 3 100 8021 0.001575
121 243 3 100 26590 0.001575
304 217 3 100 23566 0.001575
364 38 3 100 13357 0.001575
268 86 3 100 7720 0.001575
253 138 3 100 32320 0.001575
359 379 3 100 3516 0.001575
274 32 3 100 35115 0.001576
114 43 3 100 38835 0.001576
28 143 3 100 4396 0.001576
74 153 3 100 32629 0.001576
265 255 3 100 600 0.001577
193 394 3 100 30178 0.001577
287 36 3 100 34740 0.001577
342 286 3 100 16988 0.001577
146 382 3 100 1892 0.001578
365 382 3 100 24238 0.001578
385 226 3 100 32684 0.001578
51 213 3 100 25282 0.001578
141 382 3 100 36192 0.001579
157 30 3 100 65534 0.001579
387 123 3 100 448451 0.001579
204 22 3 100 88400 0.001579
332 347 3 100 2481 0.001579
359 281 3 100 397610 0.001579
246 322 3 100 34080 0.001579
138 396 3 100 36823 0.001579
149 54 3 100 1284 0.001580
282 128 3 100 35760 0.001580
188 196 3 100 386542 0.001580
127 253 3 100 3295 0.001581
35 194 3 100 25716 0.001581
137 363 3 100 12475 0.001581
234 346 3 100 201933 0.001581
94 50 3 100 22392 0.001581
393 69 3 100 41812 0.001582
378 340 3 100 14169 0.001582
67 318 3 100 42716 0.001582
272 176 3 100 28315 0.001582
95 321 3 100 15733 0.001582
151 348 3 100 41660 0.001583
211 142 3 100 23213 0.001583
223 298 3 100 348375 0.001583
156 23 3 100 42937 0.001584
155 339 3 100 39519 0.001584
382 270 3 100 2518 0.001584
254 144 3 100 10832 0.001584
170 330 3 100 89696 0.001585
229 38 3 100 34972 0.001585
127 235 3 100 29785 0.001585
298 317 3 100 1366 0.001586
163 118 3 100 6438 0.001586
395 299 3 100 132407 0.001586
39 46 3 100 11257 0.001586
184 384 3 100 35633 0.001586
223 363 3 100 21727 0.001587
238 129 3 100 31444 0.001587
268 360 3 100 11131 0.001587
32 381 3 100 2509 0.001587
171 319 3 100 8564 0.001587
43 204 3 100 35675 0.001588
108 76 3 100 13512 0.001588
354 162 3 100 34038 0.001588
150 48 3 100 39995 0.001588
290 372 3 100 19521 0.001589
317 367 3 100 36093 0.001589
364 141 3 100 4015 0.001589
351 103 3 100 42924 0.001590
327 102 3 100 313710 0.001590
49 349 3 100 33801 0.001590
118 266 3 100 3978 0.001590
69 343 3 100 33751 0.001590
146 187 3 100 9493 0.001591
323 312 3 100 279998 0.001591
259 393 3 100 8980 0.001591
22 233 3 100 26631 0.001591
153 99 3 100 11303 0.001591
294 368 3 100 33470 0.001592
257 245 3 100 45698 0.001592
230 67 3 100 6680 0.001592
251 329 3 100 19544 0.001592
67 273 3 100 239149 0.001592
61 183 3 100 7953 0.001592
84 164 3 100 34434 0.001592
44 109 3 100 332142 0.001592
317 91 3 100 41419 0.001592
104 347 3 100 8690 0.001592
79 80 3 100 3911 0.001593
249 367 3 100 102461 0.001593
329 181 3 100 40917 0.001593
197 188 3 100 30499 0.001593
346 132 3 100 37704 0.001593
72 88 3 100 93225 0.001593
20 59 3 100 10387 0.001593
239 118 3 100 26323 0.001594
117 307 3 100 43569 0.001594
280 124 3 100 43250 0.001594
347 132 3 100 30286 0.001594
348 370 3 100 365439 0.001594
205 177 3 100 205099 0.001594
361 292 3 100 38066 0.001594
135 337 3 100 8043 0.001594
192 136 3 100 34756 0.001594
188 342 3 100 345537 0.001594
45 323 3 100 17915 0.001595
394 93 3 100 39011 0.001595
276 106 3 100 8249 0.001595
156 138 3 100 32680 0.001595
131 43 3 100 587 0.001595
53 225 3 100 456437 0.001595
363 364 3 100 26070 0.001596
127 171 3 100 8360 0.001596
82 308 3 100 5651 0.001596
341 152 3 100 12652 0.001596
269 295 3 100 30605 0.001596
39 313 3 100 52066 0.001596
285 20 3 100 242535 0.001597
166 345 3 100 25038 0.001597
259 249 3 100 19165 0.001597
177 101 3 100 12969 0.001597
311 301 3 100 14355 0.001597
238 122 3 100 45759 0.001597
254 178 3 100 30342 0.001597
162 71 3 100 329927 0.001598
129 117 3 100 34450 0.001598
123 65 3 100 35199 0.001599
21 301 3 100 39491 0.001599
374 191 3 100 29706 0.001599
66 115 3 100 42650 0.001599
305 107 3 100 28293 0.001599
62 253 3 100 31812 0.001599
354 107 3 100 9084 0.001599
173 147 3 100 18667 0.001599
234 179 3 100 13854 0.001600
374 37 3 100 34889 0.001600
204 251 3 100 31919 0.001600
295 142 3 100 1092 0.001601
209 183 3 100 33455 0.001601
219 146 3 100 387677 0.001601
77 304 3 100 161071 0.001601
60 290 3 100 19487 0.001601
72 328 3 100 23839 0.001601
247 243 3 100 21399 0.001602
349 282 3 100 13829 0.001602
379 135 3 100 20279 0.001602
381 45 3 100 33603 0.001603
26 254 3 100 33157 0.001604
61 319 3 100 14073 0.001604
218 120 3 100 1549 0.001605
371 272 3 100 22935 0.001605
294 131 3 100 13660 0.001605
71 26 3 100 11146 0.001605
70 279 3 100 236608 0.001605
167 86 3 100 432026 0.001606
128 186 3 100 26278 0.001606
306 373 3 100 125196 0.001606
319 332 3 100 42887 0.001606
93 309 3 100 916 0.001606
199 107 3 100 44852 0.001606
175 252 3 100 22777 0.001606
224 79 3 100 25720 0.001606
189 275 3 100 337420 0.001607
271 315 3 100 15216 0.001607
87 209 3 100 36021 0.001607
22 331 3 100 28242 0.001607
360 50 3 100 44158 0.001607
136 373 3 100 37752 0.001607
45 290 3 100 252669 0.001608
284 28 3 100 333060 0.001608
192 55 3 100 273482 0.001608
237 272 3 100 18917 0.001608
178 137 3 100 4046 0.001609
360 243 3 100 139828 0.001609
169 200 3 100 9804 0.001609
23 68 3 100 34665 0.001609
362 40 3 100 14795 0.001610
25 396 3 100 23387 0.001610
187 236 3 100 5576 0.001610
201 256 3 100 35884 0.001611
112 352 3 100 43429 0.001611
115 112 3 100 7214 0.001611
262 270 3 100 45977 0.001611
51 57 3 100 15642 0.001611
332 245 3 100 27701 0.001611
137 100 3 100 22171 0.001611
185 48 3 100 33081 0.001612
42 334 3 100 206224 0.001612
171 168 3 100 8952 0.001612
42 125 3 100 26213 0.001612
132 341 3 100 43304 0.001613
163 388 3 100 32759 0.001613
289 61 3 100 90050 0.001613
219 368 3 100 80406 0.001614
116 112 3 100 8451 0.001614
76 209 3 100 22729 0.001614
22 368 3 100 25308 0.001614
188 353 3 100 10222 0.001614
157 67 3 100 28337 0.001616
221 342 3 100 11770 0.001616
289 173 3 100 6170 0.001616
194 168 3 100 388395 0.001616
160 58 3 100 17505 0.001617
385 64 3 100 12479 0.001617
156 206 3 100 6473 0.001617
315 75 3 100 19245 0.001618
319 137 3 100 73633 0.001618
332 266 3 100 45809 0.001618
20 199 3 100 35279 0.001618
133 55 3 100 14210 0.001618
266 183 3 100 25991 0.001618
154 165 3 100 41411 0.001618
76 331 3 100 36885 0.001618
366 180 3 100 32853 0.001618
126 152 3 100 942 0.001619
120 156 3 100 1634 0.001619
353 129 3 100 32425 0.001619
199 184 3 100 26404 0.001619
70 205 3 100 165808 0.001619
346 86 3 100 28308 0.001619
180 267 3 100 5268 0.001619
360 200 3 100 33084 0.001619
110 114 3 100 36494 0.001620
254 355 3 100 17125 0.001620
26 215 3 100 22908 0.001620
245 302 3 100 6426 0.001620
160 72 3 100 18598 0.001620
83 187 3 100 14260 0.001620
209 314 3 100 41546 0.001620
24 369 3 100 33724 0.001621
280 147 3 100 26560 0.001621
60 249 3 100 5654 0.001621
362 285 3 100 45156 0.001621
230 294 3 100 17077 0.001621
164 151 3 100 29546 0.001621
313 256 3 100 24820 0.001621
71 384 3 100 377845 0.001621
332 356 3 100 38607 0.001621
390 73 3 100 35108 0.001622
306 327 3 100 19858 0.001622
71 352 3 100 327561 0.001622
359 295 3 100 30846 0.001622
120 397 3 100 4897 0.001623
39 324 3 100 22561 0.001623
367 264 3 100 28865 0.001623
143 129 3 100 16554 0.001623
175 83 3 100 40783 0.001623
155 76 3 100 30144 0.001623
377 198 3 100 68420 0.001624
185 51 3 100 68716 0.001624
197 59 3 100 41498 0.001624
253 272 3 100 5993 0.001624
256 54 3 100 33898 0.001624
166 286 3 100 35237 0.001624
396 227 3 100 13511 0.001624
269 134 3 100 22834 0.001624
264 91 3 100 159885 0.001624
29 27 3 100 29600 0.001626
372 328 3 100 38576 0.001626
242 373 3 100 11770 0.001626
113 73 3 100 190992 0.001626
214 162 3 100 42059 0.001626
31 160 3 100 34267 0.001626
117 75 3 100 26601 0.001627
246 232 3 100 41224 0.001627
380 205 3 100 392143 0.001627
108 337 3 100 35021 0.001627
183 302 3 100 221491 0.001627
212 86 3 100 41739 0.001627
256 139 3 100 25489 0.001627
277 92 3 100 14195 0.001627
176 379 3 100 7164 0.001628
42 115 3 100 32398 0.001628
272 31 3 100 8473 0.001628
120 280 3 100 91758 0.001628
159 125 3 100 13843 0.001629
123 126 3 100 29075 0.001629
219 302 3 100 2129 0.001630
47 308 3 100 16452 0.001630
175 204 3 100 24160 0.001630
372 151 3 100 1237 0.001630
215 176 3 100 35961 0.001630
93 58 3 100 14720 0.001630
25 377 3 100 15649 0.001631
139 294 3 100 327895 0.001631
379 309 3 100 29913 0.001631
340 61 3 100 29337 0.001631
165 62 3 100 2878 0.001632
216 111 3 100 394692 0.001632
318 70 3 100 27070 0.001632
310 317 3 100 2865 0.001632
42 393 3 100 17571 0.001632
236 63 3 100 24002 0.001632
22 53 3 100 10966 0.001632
328 233 3 100 42999 0.001632
167 121 3 100 13246 0.001633
396 115 3 100 22351 0.001633
200 309 3 100 30877 0.001633
141 275 3 100 123805 0.001633
255 70 3 100 39453 0.001633
203 368 3 100 8685 0.001634
377 379 3 100 44960 0.001634
44 170 3 100 172996 0.001634
235 331 3 100 7542 0.001634
121 70 3 100 28338 0.001634
149 347 3 100 25588 0.001634
145 301 3 100 39536 0.001634
250 42 3 100 171340 0.001634
286 63 3 100 387606 0.001635
188 266 3 100 41851 0.001635
89 35 3 100 19194 0.001635
229 221 3 100 427967 0.001636
325 126 3 100 5085 0.001636
358 330 3 100 21018 0.001636
190 54 3 100 407913 0.001636
104 115 3 100 14317 0.001636
163 403 3 100 19183 0.001636
111 25 3 100 41287 0.001636
289 162 3 100 35366 0.001636
200 30 3 100 31949 0.001637
98 74 3 100 343411 0.001637
34 379 3 100 41044 0.001637
349 303 3 100 39142 0.001637
116 169 3 100 30957 0.001638
231 316 3 100 28203 0.001638
166 219 3 100 67147 0.001638
48 245 3 100 28791 0.001639
294 261 3 100 39278 0.001639
257 152 3 100 379781 0.001639
46 268 3 100 7057 0.001639
155 201 3 100 18429 0.001639
110 177 3 100 39507 0.001640
326 118 3 100 23024 0.001640
279 403 3 100 7733 0.001640
340 279 3 100 20997 0.001640
191 384 3 100 44008 0.001640
376 309 3 100 39243 0.001640
83 362 3 100 164166 0.001641
121 289 3 100 29163 0.001641
355 249 3 100 13437 0.001641
325 238 3 100 25575 0.001641
244 309 3 100 9084 0.001641
300 88 3 100 262358 0.001641
95 392 3 100 13203 0.001641
344 324 3 100 29105 0.001641
75 297 3 100 254 0.001642
300 400 3 100 297003 0.001642
135 148 3 100 29226 0.001642
266 160 3 100 28268 0.001642
38 270 3 100 28115 0.001642
110 381 3 100 31682 0.001643
29 113 3 100 45223 0.001643
44 154 3 100 36918 0.001643
156 68 3 100 38896 0.001644
368 355 3 100 25944 0.001644
52 378 3 100 21846 0.001644
206 242 3 100 27003 0.001644
157 309 3 100 10346 0.001644
93 199 3 100 12281 0.001644
235 191 3 100 8129 0.001644
271 326 3 100 2101 0.001645
215 32 3 100 25032 0.001645
291 153 3 100 48227 0.001645
65 349 3 100 136106 0.001645
78 383 3 100 23085 0.001645
252 238 3 100 62194 0.001645
291 131 3 100 25258 0.001645
52 151 3 100 36374 0.001646
59 286 3 100 25201 0.001646
94 21 3 100 11625 0.001646
322 383 3 100 16157 0.001646
254 125 3 100 1815 0.001646
388 212 3 100 21744 0.001646
126 30 3 100 3131 0.001646
297 291 3 100 158000 0.001646
52 105 3 100 23659 0.001647
67 65 3 100 3014 0.001647
201 108 3 100 45953 0.001647
82 91 3 100 360111 0.001647
154 153 3 100 9233 0.001647
295 143 3 100 2880 0.001647
387 76 3 100 15656 0.001647
317 327 3 100 33557 0.001647
283 381 3 100 42461 0.001648
129 158 3 100 34477 0.001648
188 320 3 100 22413 0.001648
316 273 3 100 4980 0.001648
235 179 3 100 40907 0.001648
204 399 3 100 25098 0.001648
185 210 3 100 37866 0.001648
312 183 3 100 45494 0.001649
162 394 3 100 210086 0.001649
164 137 3 100 2968 0.001649
54 272 3 100 34240 0.001649
22 186 3 100 36002 0.001650
52 175 3 100 41082 0.001650
62 61 3 100 18611 0.001651
367 308 3 100 435018 0.001651
118 49 3 100 7282 0.001651
157 221 3 100 370252 0.001651
91 336 3 100 8216 0.001652
181 148 3 100 10900 0.001652
287 214 3 100 33674 0.001652
124 153 3 100 3642 0.001652
378 236 3 100 22423 0.001653
144 289 3 100 42597 0.001653
66 198 3 100 17986 0.001653
279 269 3 100 1731 0.001653
180 48 3 100 5166 0.001653
107 304 3 100 62747 0.001653
71 403 3 100 22961 0.001653
243 269 3 100 12492 0.001654
145 132 3 100 25028 0.001654
100 366 3 100 25656 0.001654
372 335 3 100 45504 0.001654
368 284 3 100 17225 0.001654
382 168 3 100 20704 0.001655
20 392 3 100 29988 0.001655
332 370 3 100 95768 0.001655
114 381 3 100 37714 0.001655
75 115 3 100 4463 0.001655
270 21 3 100 237845 0.001656
179 169 3 100 37427 0.001656
314 271 3 100 30037 0.001656
274 122 3 100 10746 0.001656
43 328 3 100 253366 0.001656
332 264 3 100 36359 0.001656
109 330 3 100 7725 0.001657
59 152 3 100 44014 0.001657
338 204 3 100 891 0.001657
366 155 3 100 38090 0.001657
149 53 3 100 156852 0.001657
47 281 3 100 99281 0.001657
320 262 3 100 42312 0.001657
251 46 3 100 18485 0.001658
352 303 3 100 343 0.001658
55 237 3 100 6166 0.001658
65 352 3 100 11740 0.001659
241 171 3 100 45559 0.001659
248 125 3 100 17751 0.001659
206 360 3 100 2335 0.001659
380 159 3 100 14648 0.001659
190 27 3 100 15341 0.001659
31 227 3 100 40668 0.001659
197 364 3 100 10573 0.001659
182 239 3 100 248283 0.001659
328 108 3 100 16687 0.001659
303 342 3 100 445478 0.001659
98 152 3 100 23932 0.001660
340 57 3 100 39715 0.001660
212 375 3 100 366388 0.001660
46 281 3 100 178165 0.001661
333 126 3 100 42440 0.001661
118 50 3 100 39465 0.001661
31 25 3 100 34465 0.001662
301 359 3 100 6775 0.001662
249 181 3 100 40930 0.001662
351 248 3 100 25030 0.001662
309 339 3 100 67124 0.001662
297 144 3 100 452012 0.001662
363 293 3 100 21961 0.001662
133 135 3 100 44759 0.001663
295 273 3 100 32632 0.001663
71 388 3 100 3111 0.001663
219 324 3 100 33287 0.001663
79 53 3 100 113013 0.001664
175 229 3 100 458386 0.001664
217 102 3 100 873 0.001664
277 389 3 100 36749 0.001664
269 337 3 100 9184 0.001664
134 298 3 100 5220 0.001664
118 302 3 100 2285 0.001665
77 69 3 100 30330 0.001665
58 191 3 100 375054 0.001665
81 260 3 100 33937 0.001665
105 159 3 100 41110 0.001665
223 214 3 100 104157 0.001665
198 292 3 100 15652 0.001665
124 102 3 100 36382 0.001665
167 92 3 100 28925 0.001665
51 384 3 100 13804 0.001665
300 372 3 100 281058 0.001666
29 165 3 100 42887 0.001666
100 91 3 100 1103 0.001667
30 99 3 100 2665 0.001667
230 58 3 100 40459 0.001667
268 236 3 100 19472 0.001667
51 158 3 100 33931 0.001667
178 239 3 100 44687 0.001667
191 41 3 100 116983 0.001668
98 329 3 100 12458 0.001668
158 253 3 100 4725 0.001668
155 135 3 100 29568 0.001668
184 142 3 100 14474 0.001668
31 300 3 100 25361 0.001670
21 352 3 100 24676 0.001670
237 133 3 100 11412 0.001670
46 399 3 100 35491 0.001670
64 321 3 100 18568 0.001670
136 374 3 100 34827 0.001670
232 205 3 100 33147 0.001671
282 334 3 100 10637 0.001671
158 138 3 100 24553 0.001671
67 296 3 100 26903 0.001671
110 399 3 100 41204 0.001671
60 361 3 100 13343 0.001671
255 385 3 100 45496 0.001671
25 393 3 100 15418 0.001672
361 194 3 100 37750 0.001672
50 396 3 100 34883 0.001672
366 198 3 100 33775 0.001672
125 261 3 100 22999 0.001672
214 46 3 100 3051 0.001672
201 247 3 100 14623 0.001673
288 157 3 100 2517 0.001673
381 53 3 100 376984 0.001673
189 394 3 100 26620 0.001673
190 345 3 100 6265 0.001674
260 156 3 100 13654 0.001674
356 174 3 100 37758 0.001674
278 173 3 100 24423 0.001674
335 40 3 100 4190 0.001674
354 166 3 100 34716 0.001674
301 183 3 100 29870 0.001674
347 174 3 100 260068 0.001674
251 37 3 100 43609 0.001675
241 287 3 100 39222 0.001675
140 271 3 100 11875 0.001675
274 347 3 100 17501 0.001675
401 84 3 100 5174 0.001675
163 138 3 100 18882 0.001676
100 352 3 100 7088 0.001676
386 380 3 100 33529 0.001676
294 334 3 100 4228 0.001676
185 112 3 100 345663 0.001676
255 87 3 100 24512 0.001676
156 157 3 100 30696 0.001677
33 98 3 100 37905 0.001677
30 36 3 100 21733 0.001677
270 357 3 100 32160 0.001677
336 329 3 100 35610 0.001677
116 373 3 100 2789 0.001677
370 118 3 100 13150 0.001677
229 175 3 100 32993 0.001677
196 72 3 100 30421 0.001677
157 369 3 100 27292 0.001678
114 178 3 100 3198 0.001678
59 329 3 100 306274 0.001678
325 192 3 100 35271 0.001678
201 395 3 100 34605 0.001678
368 249 3 100 5591 0.001678
143 343 3 100 33381 0.001678
181 88 3 100 241776 0.001678
155 383 3 100 32548 0.001679
143 231 3 100 11664 0.001679
292 145 3 100 27605 0.001679
50 311 3 100 276649 0.001680
298 44 3 100 26219 0.001680
390 399 3 100 21256 0.001680
143 251 3 100 100066 0.001680
334 23 3 100 22946 0.001680
140 220 3 100 17697 0.001680
256 185 3 100 18993 0.001680
339 384 3 100 32429 0.001680
161 157 3 100 34992 0.001680
198 65 3 100 6626 0.001680
142 248 3 100 43987 0.001681
363 350 3 100 11166 0.001681
282 317 3 100 301031 0.001681
295 313 3 100 26244 0.001681
356 126 3 100 44332 0.001681
143 109 3 100 32343 0.001681
334 59 3 100 40725 0.001681
309 294 3 100 29268 0.001682
206 111 3 100 11309 0.001682
126 85 3 100 15058 0.001683
57 375 3 100 19786 0.001683
259 49 3 100 449795 0.001683
202 206 3 100 32101 0.001683
247 269 3 100 8105 0.001683
193 21 3 100 16655 0.001683
151 302 3 100 44264 0.001683
131 169 3 100 23699 0.001683
187 62 3 100 375464 0.001683
108 240 3 100 27149 0.001684
27 288 3 100 15419 0.001684
131 388 3 100 42359 0.001684
332 266 3 100 24269 0.001684
44 95 3 100 14932 0.001685
354 291 3 100 10450 0.001685
47 232 3 100 2957 0.001685
334 272 3 100 155619 0.001685
103 361 3 100 16962 0.001685
359 145 3 100 31736 0.001685
280 297 3 100 11505 0.001686
63 320 3 100 24333 0.001686
35 162 3 100 42655 0.001686
27 231 3 100 38048 0.001686
246 25 3 100 45679 0.001686
240 333 3 100 6916 0.001687
35 278 3 100 5913 0.001687
326 85 3 100 141472 0.001687
59 117 3 100 6304 0.001687
60 387 3 100 293746 0.001687
270 244 3 100 4151 0.001687
336 125 3 100 44672 0.001687
178 372 3 100 270850 0.001687
280 327 3 100 19660 0.001688
84 232 3 100 243546 0.001688
43 135 3 100 41492 0.001689
146 329 3 100 411343 0.001689
214 272 3 100 44664 0.001689
64 95 3 100 204819 0.001689
259 75 3 100 20741 0.001689
102 265 3 100 16658 0.001689
286 395 3 100 37896 0.001690
397 324 3 100 1073 0.001690
227 202 3 100 40175 0.001690
239 273 3 100 19844 0.001690
294 120 3 100 5501 0.001690
328 203 3 100 27697 0.001690
49 301 3 100 15957 0.001690
360 242 3 100 2921 0.001690
334 166 3 100 195466 0.001690
29 43 3 100 21936 0.001690
286 309 3 100 73701 0.001691
73 339 3 100 44412 0.001691
292 277 3 100 25803 0.001691
174 44 3 100 5290 0.001691
88 325 3 100 29858 0.001692
232 104 3 100 44536 0.001692
397 107 3 100 42015 0.001692
64 127 3 100 23663 0.001692
353 370 3 100 152263 0.001692
320 363 3 100 2129 0.001693
310 364 3 100 10827 0.001693
237 368 3 100 268857 0.001693
320 36 3 100 249254 0.001693
167 116 3 100 42074 0.001693
403 99 3 100 432287 0.001693
345 173 3 100 336851 0.001694
362 38 3 100 34932 0.001694
68 337 3 100 11744 0.001694
384 314 3 100 14276 0.001694
96 218 3 100 28538 0.001694
216 120 3 100 7273 0.001694
34 39 3 100 16537 0.001694
384 256 3 100 37530 0.001694
358 266 3 100 46614 0.001694
296 279 3 100 226099 0.001695
388 74 3 100 28194 0.001695
47 65 3 100 39599 0.001695
395 176 3 100 40727 0.001695
108 272 3 100 34148 0.001695
366 159 3 100 32942 0.001695
234 286 3 100 1797 0.001695
187 221 3 100 15328 0.001696
229 295 3 100 34848 0.001696
27 399 3 100 155407 0.001697
276 245 3 100 12854 0.001697
278 153 3 100 21990 0.001697
56 145 3 100 10157 0.001697
238 256 3 100 25700 0.001697
153 194 3 100 16829 0.001697
191 256 3 100 27634 0.001698
129 352 3 100 14570 0.001698
276 374 3 100 29497 0.001698
93 306 3 100 34496 0.001698
205 105 3 100 24473 0.001698
107 38 3 100 5275 0.001699
161 328 3 100 20649 0.001699
371 102 3 100 63795 0.001699
32 239 3 100 11569 0.001700
385 295 3 100 452040 0.001700
198 370 3 100 67072 0.001700
296 301 3 100 12851 0.001700
133 293 3 100 141936 0.001700
392 238 3 100 43884 0.001700
44 348 3 100 188363 0.001700
142 353 3 100 27470 0.001700
78 191 3 100 23335 0.001701
85 148 3 100 23799 0.001701
46 236 3 100 384628 0.001701
323 393 3 100 12230 0.001701
343 143 3 100 785 0.001701
296 380 3 100 17353 0.001702
366 293 3 100 7473 0.001702
79 295 3 100 58104 0.001702
393 119 3 100 17861 0.001702
186 350 3 100 36238 0.001702
47 403 3 100 450440 0.001702
45 96 3 100 18824 0.001702
395 142 3 100 35003 0.001702
42 124 3 100 42888 0.001702
140 260 3 100 22628 0.001703
221 43 3 100 7464 0.001703
218 400 3 100 43332 0.001703
332 321 3 100 45 0.001703
161 137 3 100 42980 0.001703
359 48 3 100 12210 0.001703
44 179 3 100 141012 0.001703
197 58 3 100 33290 0.001703
161 262 3 100 370695 0.001703
149 176 3 100 9402 0.001704
66 74 3 100 44015 0.001704
298 78 3 100 26095 0.001704
305 268 3 100 17707 0.001704
309 268 3 100 405165 0.001705
174 329 3 100 272045 0.001705
246 280 3 100 328949 0.001705
246 322 3 100 15613 0.001705
121 162 3 100 14786 0.001705
243 381 3 100 41992 0.001705
287 160 3 100 3217 0.001705
237 130 3 100 36231 0.001706
241 99 3 100 6873 0.001706
399 324 3 100 370173 0.001706
200 65 3 100 29849 0.001706
271 124 3 100 22664 0.001706
311 301 3 100 232561 0.001706
56 185 3 100 18839 0.001706
357 60 3 100 19986 0.001706
162 182 3 100 31653 0.001706
231 147 3 100 77648 0.001706
112 161 3 100 33649 0.001707
42 391 3 100 34370 0.001707
365 313 3 100 26043 0.001707
116 365 3 100 15758 0.001707
52 89 3 100 27105 0.001707
238 366 3 100 22336 0.001707
270 390 3 100 30605 0.001707
305 382 3 100 27089 0.001708
280 369 3 100 445372 0.001708
160 367 3 100 42234 0.001708
91 317 3 100 28402 0.001708
385 63 3 100 37526 0.001708
102 180 3 100 441359 0.001708
170 329 3 100 280332 0.001708
68 125 3 100 41087 0.001709
153 318 3 100 42728 0.001710
309 76 3 100 15801 0.001710
115 67 3 100 39771 0.001710
244 212 3 100 36535 0.001710
123 95 3 100 1123 0.001710
382 83 3 100 16792 0.001710
199 269 3 100 41842 0.001710
124 83 3 100 9956 0.001711
169 98 3 100 22881 0.001711
157 147 3 100 25985 0.001711
222 185 3 100 33792 0.001711
138 209 3 100 6875 0.001711
53 371 3 100 33998 0.001711
212 324 3 100 19904 0.001711
337 238 3 100 24137 0.001711
392 185 3 100 33797 0.001711
52 331 3 100 10680 0.001711
244 311 3 100 32977 0.001712
106 302 3 100 37459 0.001712
73 278 3 100 2645 0.001712
255 50 3 100 37042 0.001712
216 193 3 100 4778 0.001712
258 181 3 100 11370 0.001712
355 247 3 100 10566 0.001713
335 248 3 100 25499 0.001713
151 225 3 100 345340 0.001713
21 234 3 100 309346 0.001713
191 311 3 100 257547 0.001713
148 25 3 100 6809 0.001713
255 350 3 100 9565 0.001713
20 91 3 100 6955 0.001713
384 402 3 100 36397 0.001713
325 311 3 100 38361 0.001713
46 132 3 100 324348 0.001713
294 347 3 100 6287 0.001713
48 85 3 100 4133 0.001714
241 397 3 100 180213 0.001714
402 246 3 100 32326 0.001714
100 102 3 100 41962 0.001714
380 335 3 100 5049 0.001714
289 155 3 100 14637 0.001714
110 344 3 100 31453 0.001714
301 378 3 100 931 0.001714
84 160 3 100 8818 0.001715
272 243 3 100 20128 0.001715
198 87 3 100 18661 0.001716
334 85 3 100 19874 0.001716
178 145 3 100 39389 0.001717
335 151 3 100 34822 0.001717
208 291 3 100 21080 0.001717
255 247 3 100 16169 0.001717
271 303 3 100 34246 0.001717
90 30 3 100 4248 0.001718
157 235 3 100 225817 0.001718
95 124 3 100 259499 0.001718
39 381 3 100 28799 0.001718
125 320 3 100 353210 0.001718
92 94 3 100 12665 0.001718
268 157 3 100 62701 0.001718
102 28 3 100 39777 0.001718
374 346 3 100 14343 0.001719
291 375 3 100 15564 0.001719
31 395 3 100 665 0.001719
302 48 3 100 684 0.001719
78 359 3 100 41604 0.001720
327 32 3 100 2273 0.001720
85 371 3 100 5127 0.001720
83 106 3 100 6905 0.001720
148 387 3 100 300674 0.001720
184 93 3 100 1523 0.001720
151 298 3 100 325244 0.001721
350 325 3 100 24304 0.001721
236 73 3 100 16388 0.001721
89 272 3 100 15858 0.001721
319 168 3 100 4694 0.001721
249 217 3 100 15367 0.001721
388 29 3 100 4597 0.001721
348 382 3 100 19568 0.001722
399 60 3 100 13121 0.001722
239 217 3 100 333590 0.001722
67 212 3 100 9549 0.001722
253 186 3 100 20764 0.001722
377 268 3 100 29688 0.001722
180 79 3 100 36748 0.001722
346 81 3 100 35320 0.001723
98 350 3 100 18235 0.001723
144 175 3 100 6459 0.001723
52 365 3 100 43358 0.001723
63 252 3 100 10239 0.001723
40 141 3 100 37868 0.001723
398 193 3 100 5921 0.001723
346 333 3 100 11337 0.001724
358 139 3 100 26062 0.001724
200 201 3 100 165691 0.001724
338 337 3 100 6135 0.001724
122 119 3 100 30527 0.001724
379 330 3 100 19463 0.001724
83 79 3 100 36882 0.001725
278 340 3 100 21698 0.001725
317 361 3 100 8830 0.001725
134 352 3 100 20581 0.001725
296 290 3 100 3679 0.001725
149 61 3 100 4173 0.001726
199 114 3 100 456068 0.001726
28 303 3 100 434546 0.001726
334 309 3 100 30874 0.001726
127 293 3 100 5033 0.001726
270 63 3 100 32975 0.001726
220 94 3 100 266217 0.001727
241 143 3 100 13429 0.001727
278 53 3 100 9710 0.001727
343 241 3 100 42033 0.001727
241 177 3 100 79640 0.001727
27 352 3 100 40403 0.001727
242 156 3 100 27510 0.001727
150 58 3 100 325096 0.001728
198 126 3 100 1602 0.001728
277 214 3 100 145977 0.001728
80 69 3 100 192712 0.001728
92 93 3 100 337867 0.001728
115 385 3 100 410334 0.001729
142 46 3 100 36684 0.001729
263 103 3 100 117534 0.001729
148 264 3 100 24510 0.001730
108 235 3 100 37666 0.001730
344 318 3 100 22831 0.001730
100 356 3 100 38772 0.001730
132 217 3 100 382075 0.001730
340 60 3 100 61 0.001730
270 143 3 100 27220 0.001730
181 189 3 100 23750 0.001731
42 35 3 100 26380 0.001732
333 303 3 100 78189 0.001732
234 348 3 100 44624 0.001732
196 397 3 100 43440 0.001732
24 188 3 100 27707 0.001732
191 377 3 100 9783 0.001732
112 127 3 100 212373 0.001732
38 114 3 100 3584 0.001732
139 261 3 100 45622 0.001732
304 147 3 100 35256 0.001733
199 187 3 100 6722 0.001733
137 369 3 100 23281 0.001733
248 189 3 100 97952 0.001734
360 50 3 100 229877 0.001734
120 164 3 100 6061 0.001734
226 357 3 100 9140 0.001734
340 229 3 100 37896 0.001734
21 336 3 100 37844 0.001734
348 112 3 100 8148 0.001734
400 366 3 100 65598 0.001734
265 292 3 100 40172 0.001735
84 30 3 100 19422 0.001735
271 108 3 100 19558 0.001736
80 195 3 100 21789 0.001736
337 76 3 100 1146 0.001736
198 157 3 100 7543 0.001736
187 183 3 100 194258 0.001736
296 165 3 100 32534 0.001736
397 159 3 100 18990 0.001737
119 96 3 100 26044 0.001737
214 111 3 100 31782 0.001737
381 153 3 100 37035 0.001737
351 125 3 100 30634 0.001737
189 197 3 100 85273 0.001737
395 21 3 100 22939 0.001737
180 209 3 100 13003 0.001737
296 370 3 100 24387 0.001737
150 63 3 100 23954 0.001738
335 329 3 100 37408 0.001738
318 260 3 100 38551 0.001738
21 58 3 100 43859 0.001739
399 215 3 100 206768 0.001739
226 211 3 100 38566 0.001739
28 346 3 100 33785 0.001739
121 231 3 100 82575 0.001739
169 322 3 100 21661 0.001739
271 195 3 100 414321 0.001740
152 328 3 100 26223 0.001740
87 70 3 100 37949 0.001740
288 126 3 100 35745 0.001741
71 375 3 100 17310 0.001741
333 63 3 100 22585 0.001741
394 160 3 100 10943 0.001741
348 27 3 100 17032 0.001741
243 132 3 100 32850 0.001741
186 129 3 100 35169 0.001741
72 119 3 100 11436 0.001741
51 228 3 100 28432 0.001741
131 180 3 100 40508 0.001742
343 316 3 100 8702 0.001742
197 143 3 100 28592 0.001742
161 126 3 100 15465 0.001742
361 22 3 100 34315 0.001742
228 80 3 100 80231 0.001742
228 243 3 100 398255 0.001742
230 403 3 100 6125 0.001743
377 244 3 100 328455 0.001743
201 305 3 100 40473 0.001743
329 232 3 100 34694 0.001743
117 179 3 100 21376 0.001744
131 369 3 100 5846 0.001744
75 230 3 100 26463 0.001744
197 128 3 100 28049 0.001744
166 151 3 100 423824 0.001745
68 280 3 100 37003 0.001745
171 295 3 100 13771 0.001745
86 342 3 100 4834 0.001745
317 386 3 100 39175 0.001745
201 142 3 100 24846 0.001745
181 202 3 100 380639 0.001746
126 304 3 100 18531 0.001746
48 395 3 100 23796 0.001746
364 25 3 100 14042 0.001747
52 384 3 100 25101 0.001747
62 54 3 100 37401 0.001747
231 63 3 100 250842 0.001747
387 70 3 100 20473 0.001747
343 357 3 100 32718 0.001747
269 101 3 100 166833 0.001747
143 52 3 100 119202 0.001747
297 154 3 100 32659 0.001747
52 276 3 100 172156 0.001747
92 169 3 100 8122 0.001747
368 271 3 100 41365 0.001747
300 26 3 100 153640 0.001748
360 71 3 100 5566 0.001748
56 239 3 100 15065 0.001748
165 239 3 100 1934 0.001749
101 190 3 100 21541 0.001749
310 352 3 100 4819 0.001749
238 127 3 100 35523 0.001749
263 166 3 100 11005 0.001749
33 357 3 100 31302 0.001750
211 204 3 100 19741 0.001750
297 176 3 100 32152 0.001750
200 383 3 100 18645 0.001750
382 230 3 100 20392 0.001750
150 107 3 100 9975 0.001751
216 157 3 100 17401 0.001751
309 248 3 100 39034 0.001751
217 389 3 100 2562 0.001751
54 312 3 100 14019 0.001752
239 164 3 100 18738 0.001752
243 203 3 100 12729 0.001752
204 137 3 100 44632 0.001752
153 372 3 100 38410 0.001752
307 361 3 100 16961 0.001752
106 319 3 100 42521 0.001752
38 125 3 100 379482 0.001752
323 286 3 100 187045 0.001752
132 311 3 100 198287 0.001753
247 102 3 100 38802 0.001753
310 359 3 100 13762 0.001753
200 325 3 100 26792 0.001753
107 240 3 100 121049 0.001754
322 370 3 100 658 0.001754
294 204 3 100 9829 0.001754
294 79 3 100 24829 0.001755
175 26 3 100 124047 0.001755
41 347 3 100 34712 0.001755
396 58 3 100 564 0.001755
393 167 3 100 31672 0.001755
155 121 3 100 237543 0.001755
222 260 3 100 43830 0.001755
237 217 3 100 4817 0.001756
213 383 3 100 361006 0.001756
236 343 3 100 36125 0.001757
32 384 3 100 443273 0.001757
296 200 3 100 30210 0.001757
125 195 3 100 9456 0.001757
192 78 3 100 222691 0.001757
37 191 3 100 28151 0.001758
143 337 3 100 38439 0.001758
177 389 3 100 4589 0.001758
300 127 3 100 376594 0.001758
324 248 3 100 32159 0.001758
37 205 3 100 11327 0.001758
136 280 3 100 5810 0.001758
297 167 3 100 142961 0.001758
194 77 3 100 14110 0.001759
46 340 3 100 384438 0.001759
330 86 3 100 19809 0.001759
98 358 3 100 197323 0.001759
87 357 3 100 30884 0.001759
390 349 3 100 93293 0.001759
49 289 3 100 35690 0.001759
304 86 3 100 36944 0.001760
258 78 3 100 5172 0.001760
53 341 3 100 5400 0.001760
76 182 3 100 29081 0.001760
319 394 3 100 12717 0.001760
262 394 3 100 19040 0.001760
158 329 3 100 21212 0.001760
217 98 3 100 25249 0.001761
83 391 3 100 29982 0.001761
142 306 3 100 393501 0.001761
356 86 3 100 149673 0.001761
92 165 3 100 32614 0.001762
306 251 3 100 12193 0.001762
248 389 3 100 37494 0.001762
292 116 3 100 32134 0.001762
291 199 3 100 14328 0.001762
319 111 3 100 288316 0.001763
161 134 3 100 21703 0.001763
323 133 3 100 17814 0.001763
174 75 3 100 14461 0.001763
124 53 3 100 21950 0.001763
390 196 3 100 739 0.001763
208 220 3 100 1532 0.001763
91 287 3 100 22322 0.001763
209 130 3 100 70366 0.001763
167 197 3 100 17860 0.001764
93 170 3 100 7944 0.001764
384 123 3 100 13045 0.001764
241 313 3 100 28586 0.001764
388 126 3 100 27096 0.001764
49 198 3 100 39489 0.001764
126 84 3 100 19653 0.001765
67 28 3 100 9908 0.001765
398 114 3 100 26504 0.001765
325 185 3 100 35687 0.001765
100 139 3 100 40587 0.001765
233 193 3 100 325103 0.001765
129 276 3 100 444770 0.001766
31 73 3 100 22700 0.001766
260 84 3 100 36048 0.001766
73 212 3 100 43191 0.001766
396 132 3 100 28925 0.001766
155 138 3 100 5823 0.001767
354 206 3 100 28496 0.001767
177 41 3 100 41222 0.001767
145 85 3 100 12481 0.001768
180 74 3 100 36657 0.001768
92 107 3 100 44972 0.001768
240 270 3 100 16104 0.001770
381 184 3 100 30126 0.001770
59 195 3 100 15632 0.001770
149 113 3 100 26088 0.001771
278 155 3 100 8200 0.001771
304 179 3 100 27123 0.001771
306 96 3 100 6363 0.001772
135 249 3 100 22584 0.001772
63 198 3 100 293445 0.001772
299 37 3 100 15561 0.001773
32 177 3 100 35455 0.001773
362 91 3 100 36330 0.001773
259 204 3 100 43613 0.001773
382 47 3 100 36842 0.001773
212 366 3 100 38866 0.001774
82 59 3 100 41756 0.001774
337 343 3 100 24815 0.001774
148 319 3 100 395765 0.001774
126 201 3 100 7054 0.001775
83 399 3 100 397929 0.001775
343 54 3 100 37836 0.001775
240 192 3 100 4734 0.001776
72 42 3 100 13717 0.001776
238 221 3 100 32420 0.001776
52 260 3 100 34791 0.001776
249 71 3 100 822 0.001776
279 98 3 100 32159 0.001776
253 315 3 100 4903 0.001776
80 254 3 100 13808 0.001776
354 247 3 100 3674 0.001776
73 315 3 100 19541 0.001776
126 186 3 100 16297 0.001777
246 79 3 100 32218 0.001777
283 208 3 100 195671 0.001777
330 133 3 100 35396 0.001777
379 237 3 100 20925 0.001778
377 396 3 100 38151 0.001778
382 364 3 100 19568 0.001778
399 163 3 100 33259 0.001778
342 392 3 100 228 0.001778
106 217 3 100 23189 0.001778
382 125 3 100 406346 0.001779
241 397 3 100 13774 0.001779
74 57 3 100 16770 0.001779
339 228 3 100 37289 0.001779
234 225 3 100 13846 0.001779
240 164 3 100 25743 0.001779
377 57 3 100 344033 0.001779
316 71 3 100 346541 0.001779
203 247 3 100 25602 0.001779
322 315 3 100 1078 0.001780
271 125 3 100 304643 0.001780
161 395 3 100 45626 0.001780
255 296 3 100 142721 0.001780
86 145 3 100 89726 0.001780
331 129 3 100 135569 0.001780
317 113 3 100 30828 0.001780
268 228 3 100 325391 0.001780
51 313 3 100 265451 0.001781
124 114 3 100 440316 0.001781
92 305 3 100 3393 0.001781
327 133 3 100 27005 0.001781
328 34 3 100 12996 0.001782
320 377 3 100 8996 0.001782
318 365 3 100 432382 0.001782
367 337 3 100 386000 0.001782
246 49 3 100 190745 0.001783
304 286 3 100 406984 0.001783
102 109 3 100 29355 0.001783
80 138 3 100 12304 0.001784
101 249 3 100 17857 0.001784
379 98 3 100 25588 0.001785
202 224 3 100 42290 0.001785
128 400 3 100 289634 0.001785
278 267 3 100 35071 0.001785
259 357 3 100 41332 0.001785
309 332 3 100 38796 0.001785
197 312 3 100 36627 0.001785
164 276 3 100 35221 0.001785
254 281 3 100 111757 0.001785
231 61 3 100 45246 0.001785
85 182 3 100 33408 0.001785
247 369 3 100 9309 0.001786
85 195 3 100 36222 0.001786
199 225 3 100 41536 0.001786
109 309 3 100 37370 0.001786
282 107 3 100 5349 0.001787
251 342 3 100 44268 0.001787
375 80 3 100 103638 0.001787
388 290 3 100 45478 0.001787
177 60 3 100 38997 0.001787
299 306 3 100 12999 0.001787
333 71 3 100 6373 0.001787
162 247 3 100 1243 0.001788
51 29 3 100 2876 0.001788
261 189 3 100 30435 0.001788
164 187 3 100 27756 0.001788
148 349 3 100 41158 0.001789
270 61 3 100 41356 0.001789
116 300 3 100 27429 0.001789
403 368 3 100 16644 0.001789
296 101 3 100 40297 0.001789
247 381 3 100 4509 0.001789
233 130 3 100 18138 0.001789
96 401 3 100 23571 0.001789
104 169 3 100 11601 0.001789
152 277 3 100 28614 0.001790
223 293 3 100 34363 0.001790
197 229 3 100 19544 0.001791
253 53 3 100 9127 0.001791
49 138 3 100 49578 0.001791
382 280 3 100 2862 0.001791
27 358 3 100 13364 0.001791
62 173 3 100 30667 0.001791
205 182 3 100 38143 0.001791
209 54 3 100 330978 0.001791
47 345 3 100 32057 0.001792
279 388 3 100 22452 0.001792
292 264 3 100 45528 0.001792
289 108 3 100 7816 0.001792
109 35 3 100 436300 0.001792
100 139 3 100 24590 0.001792
180 262 3 100 31545 0.001792
198 215 3 100 205489 0.001792
69 402 3 100 5706 0.001792
91 296 3 100 17287 0.001792
265 378 3 100 11455 0.001793
253 286 3 100 306100 0.001793
114 285 3 100 284565 0.001793
240 21 3 100 346233 0.001793
213 392 3 100 10119 0.001794
57 169 3 100 13983 0.001794
187 108 3 100 16567 0.001794
390 116 3 100 35583 0.001794
46 289 3 100 9946 0.001794
349 285 3 100 29277 0.001794
44 333 3 100 105125 0.001794
387 119 3 100 21168 0.001795
284 219 3 100 14964 0.001795
275 179 3 100 35085 0.001795
387 306 3 100 15661 0.001795
130 401 3 100 45972 0.001795
160 338 3 100 382354 0.001796
139 202 3 100 15132 0.001796
376 29 3 100 47059 0.001796
188 206 3 100 22240 0.001796
346 103 3 100 115543 0.001796
270 361 3 100 113667 0.001796
367 235 3 100 19237 0.001796
289 57 3 100 24244 0.001796
282 390 3 100 6265 0.001797
154 160 3 100 20288 0.001797
333 182 3 100 18656 0.001797
111 169 3 100 19434 0.001798
238 150 3 100 24362 0.001798
394 213 3 100 147803 0.001798
137 336 3 100 36097 0.001798
124 26 3 100 339781 0.001799
75 39 3 100 11988 0.001799
106 104 3 100 45474 0.001799
355 366 3 100 130837 0.001799
263 86 3 100 7300 0.001799
32 48 3 100 5682 0.001799
280 321 3 100 13099 0.001799
397 167 3 100 31908 0.001800
249 200 3 100 11755 0.001800
354 378 3 100 35755 0.001800
193 384 3 100 33796 0.001800
119 147 3 100 306719 0.001801
400 109 3 100 33360 0.001801
221 374 3 100 35705 0.001801
34 299 3 100 201362 0.001802
296 115 3 100 13441 0.001802
360 333 3 100 22817 0.001802
254 320 3 100 23345 0.001802
209 341 3 100 14176 0.001802
202 21 3 100 91114 0.001802
132 373 3 100 5721 0.001803
101 222 3 100 28352 0.001803
136 384 3 100 22712 0.001803
88 92 3 100 25119 0.001804
48 310 3 100 287282 0.001804
112 170 3 100 34537 0.001804
339 255 3 100 25298 0.001804
207 60 3 100 12808 0.001805
331 255 3 100 24533 0.001805
271 391 3 100 39604 0.001805
213 365 3 100 404429 0.001805
341 356 3 100 154176 0.001805
340 148 3 100 5004 0.001805
210 32 3 100 3226 0.001805
199 356 3 100 45427 0.001805
137 229 3 100 35563 0.001805
148 385 3 100 45307 0.001805
187 320 3 100 45680 0.001805
155 275 3 100 227855 0.001806
111 87 3 100 956 0.001806
303 162 3 100 315268 0.001806
191 236 3 100 37457 0.001806
339 157 3 100 11231 0.001806
145 377 3 100 2385 0.001806
219 45 3 100 17752 0.001806
162 355 3 100 20195 0.001806
244 127 3 100 42403 0.001806
389 131 3 100 27970 0.001807
244 97 3 100 10629 0.001808
306 249 3 100 4214 0.001808
114 282 3 100 39123 0.001808
369 179 3 100 24156 0.001808
386 85 3 100 28088 0.001808
351 224 3 100 39879 0.001808
214 174 3 100 38400 0.001809
277 390 3 100 14521 0.001809
26 117 3 100 33811 0.001809
198 388 3 100 31123 0.001810
31 276 3 100 37668 0.001810
93 198 3 100 5175 0.001810
288 338 3 100 10762 0.001810
251 372 3 100 84974 0.001810
305 317 3 100 23394 0.001810
190 54 3 100 36294 0.001810
369 397 3 100 44553 0.001810
72 331 3 100 29032 0.001811
40 239 3 100 271593 0.001811
154 55 3 100 17109 0.001811
115 56 3 100 162626 0.001811
221 239 3 100 25652 0.001811
125 199 3 100 27680 0.001811
346 240 3 100 25815 0.001812
127 378 3 100 36324 0.001812
120 80 3 100 37848 0.001812
67 149 3 100 24609 0.001812
20 254 3 100 39214 0.001812
254 141 3 100 6311 0.001812
315 243 3 100 36839 0.001812
290 144 3 100 3241 0.001813
232 190 3 100 324612 0.001813
80 353 3 100 12149 0.001813
202 228 3 100 15253 0.001814
277 313 3 100 8870 0.001814
80 399 3 100 16274 0.001814
126 149 3 100 3446 0.001815
155 76 3 100 32058 0.001815
61 133 3 100 31869 0.001815
132 185 3 100 28803 0.001816
277 186 3 100 12269 0.001816
284 221 3 100 31935 0.001816
366 326 3 100 6190 0.001816
262 76 3 100 45410 0.001816
262 338 3 100 458043 0.001816
118 252 3 100 26638 0.001816
402 323 3 100 42557 0.001816
348 159 3 100 144640 0.001816
71 196 3 100 31521 0.001817
51 316 3 100 360429 0.001817
261 262 3 100 23036 0.001817
397 84 3 100 5181 0.001817
333 374 3 100 42170 0.001817
238 181 3 100 1635 0.001818
97 133 3 100 27009 0.001818
291 48 3 100 820 0.001818
337 261 3 100 20850 0.001818
225 143 3 100 25072 0.001818
279 26 3 100 7237 0.001819
299 316 3 100 13624 0.001819
63 321 3 100 39686 0.001819
153 209 3 100 270877 0.001819
402 176 3 100 15727 0.001819
390 285 3 100 70565 0.001819
352 391 3 100 38795 0.001819
374 364 3 100 21323 0.001819
377 69 3 100 9554 0.001819
365 235 3 100 24237 0.001819
233 100 3 100 38820 0.001819
137 22 3 100 18756 0.001819
246 263 3 100 128 0.001819
243 78 3 100 9467 0.001819
171 76 3 100 1298 0.001820
128 294 3 100 25907 0.001820
357 271 3 100 43023 0.001820
179 115 3 100 38260 0.001820
156 207 3 100 47423 0.001821
380 228 3 100 3276 0.001821
209 58 3 100 8580 0.001821
180 83 3 100 6094 0.001821
314 316 3 100 6552 0.001821
349 160 3 100 40761 0.001821
135 137 3 100 42062 0.001821
364 389 3 100 352096 0.001822
32 136 3 100 287862 0.001822
255 69 3 100 142792 0.001822
201 402 3 100 196070 0.001822
264 393 3 100 149072 0.001822
240 340 3 100 317340 0.001822
125 345 3 100 40063 0.001823
272 88 3 100 21613 0.001823
381 240 3 100 14730 0.001823
81 38 3 100 27100 0.001824
81 246 3 100 7929 0.001824
29 264 3 100 35432 0.001824
199 88 3 100 138267 0.001824
121 246 3 100 8709 0.001824
171 316 3 100 44915 0.001825
373 204 3 100 397497 0.001825
266 223 3 100 5626 0.001825
239 208 3 100 44823 0.001825
143 222 3 100 319578 0.001825
238 145 3 100 33133 0.001825
378 328 3 100 132376 0.001825
275 271 3 100 29645 0.001825
329 123 3 100 38545 0.001826
390 62 3 100 38436 0.001826
20 310 3 100 32752 0.001826
321 384 3 100 6401 0.001827
207 372 3 100 443332 0.001827
402 94 3 100 35504 0.001827
399 28 3 100 23935 0.001827
85 99 3 100 218401 0.001827
289 266 3 100 18472 0.001827
377 226 3 100 28405 0.001827
114 232 3 100 2513 0.001828
73 92 3 100 34882 0.001828
91 122 3 100 21813 0.001828
379 383 3 100 45 0.001828
188 336 3 100 458515 0.001828
20 308 3 100 3121 0.001828
322 142 3 100 38686 0.001828
379 204 3 100 401263 0.001828
216 74 3 100 126374 0.001828
296 286 3 100 94132 0.001828
399 360 3 100 6187 0.001829
54 167 3 100 36435 0.001829
327 257 3 100 29247 0.001830
123 92 3 100 12655 0.001830
236 223 3 100 11120 0.001830
183 388 3 100 237430 0.001830
333 93 3 100 30017 0.001830
148 145 3 100 211853 0.001830
105 265 3 100 25639 0.001830
219 175 3 100 14317 0.001831
261 126 3 100 170107 0.001831
359 99 3 100 1295 0.001831
368 76 3 100 274477 0.001831
343 90 3 100 20296 0.001831
75 197 3 100 16481 0.001831
396 200 3 100 15461 0.001832
217 142 3 100 39951 0.001832
310 272 3 100 107078 0.001832
372 175 3 100 458071 0.001832
168 385 3 100 30791 0.001832
201 182 3 100 240068 0.001832
302 374 3 100 37346 0.001832
200 391 3 100 22275 0.001832
126 194 3 100 5683 0.001833
228 110 3 100 1641 0.001833
83 280 3 100 25283 0.001833
245 222 3 100 386489 0.001833
130 219 3 100 21465 0.001834
236 341 3 100 39692 0.001834
256 145 3 100 40955 0.001834
105 174 3 100 22134 0.001834
150 169 3 100 113893 0.001835
381 142 3 100 25432 0.001835
383 234 3 100 6327 0.001835
82 369 3 100 42142 0.001835
364 158 3 100 10948 0.001836
192 120 3 100 3768 0.001836
350 156 3 100 20081 0.001836
225 396 3 100 291760 0.001836
282 192 3 100 38258 0.001836
321 195 3 100 6979 0.001836
193 32 3 100 419046 0.001837
136 308 3 100 16138 0.001837
140 78 3 100 417003 0.001837
334 156 3 100 18995 0.001838
294 235 3 100 1662 0.001838
139 226 3 100 148432 0.001838
164 159 3 100 21097 0.001838
122 239 3 100 6568 0.001838
171 50 3 100 78792 0.001838
112 218 3 100 34168 0.001838
71 203 3 100 25386 0.001838
257 401 3 100 23547 0.001839
193 95 3 100 8369 0.001839
326 340 3 100 33332 0.001840
361 199 3 100 31710 0.001840
43 279 3 100 12515 0.001840
316 244 3 100 33848 0.001840
179 156 3 100 40779 0.001840
260 241 3 100 41835 0.001840
207 271 3 100 232 0.001840
316 325 3 100 189805 0.001840
79 31 3 100 36429 0.001840
91 372 3 100 37848 0.001840
210 266 3 100 18191 0.001841
123 47 3 100 349835 0.001841
169 52 3 100 10459 0.001841
97 163 3 100 19646 0.001841
50 289 3 100 30732 0.001841
98 61 3 100 24379 0.001841
160 165 3 100 25757 0.001842
195 66 3 100 33746 0.001842
271 186 3 100 37206 0.001842
161 371 3 100 29207 0.001842
130 268 3 100 16820 0.001842
204 32 3 100 8323 0.001842
304 305 3 100 455935 0.001842
206 86 3 100 7133 0.001843
323 103 3 100 36159 0.001843
87 266 3 100 45659 0.001843
289 397 3 100 241537 0.001843
197 261 3 100 24552 0.001844
194 269 3 100 26321 0.001844
231 285 3 100 26315 0.001844
179 51 3 100 127364 0.001844
319 89 3 100 30818 0.001844
170 114 3 100 376571 0.001844
144 56 3 100 13367 0.001845
189 300 3 100 39500 0.001845
400 321 3 100 4516 0.001845
266 85 3 100 13742 0.001845
221 185 3 100 13464 0.001845
39 20 3 100 8985 0.001846
144 267 3 100 35713 0.001846
276 305 3 100 14667 0.001846
31 58 3 100 29196 0.001846
205 34 3 100 6193 0.001846
266 276 3 100 37272 0.001846
365 27 3 100 907 0.001846
237 265 3 100 167824 0.001847
322 336 3 100 282772 0.001847
88 389 3 100 27349 0.001847
80 267 3 100 9190 0.001847
78 385 3 100 455482 0.001848
298 36 3 100 186306 0.001848
115 385 3 100 176149 0.001848
74 92 3 100 353655 0.001848
216 73 3 100 7347 0.001848
311 226 3 100 8716 0.001849
206 172 3 100 40689 0.001849
83 198 3 100 25566 0.001849
315 88 3 100 31919 0.001849
349 96 3 100 31338 0.001849
157 254 3 100 16700 0.001849
68 114 3 100 59724 0.001849
220 119 3 100 403271 0.001850
351 79 3 100 84343 0.001850
99 71 3 100 31723 0.001850
231 24 3 100 31596 0.001850
142 29 3 100 147630 0.001850
260 62 3 100 90397 0.001850
100 395 3 100 28730 0.001851
53 294 3 100 220629 0.001851
90 211 3 100 41807 0.001851
399 401 3 100 1069 0.001851
357 206 3 100 1217 0.001851
194 115 3 100 361818 0.001851
350 93 3 100 32898 0.001851
95 324 3 100 19484 0.001851
135 308 3 100 296553 0.001851
215 197 3 100 28362 0.001851
21 312 3 100 22507 0.001852
155 64 3 100 1097 0.001852
383 336 3 100 196278 0.001852
123 84 3 100 35189 0.001852
157 137 3 100 41673 0.001852
268 202 3 100 15653 0.001852
173 36 3 100 43842 0.001852
98 202 3 100 38757 0.001852
150 367 3 100 10080 0.001852
157 132 3 100 36132 0.001853
21 285 3 100 16441 0.001853
51 378 3 100 11220 0.001853
315 339 3 100 9247 0.001853
355 106 3 100 8968 0.001853
110 105 3 100 6178 0.001853
337 46 3 100 29859 0.001853
82 140 3 100 25940 0.001853
240 362 3 100 209998 0.001854
198 273 3 100 8230 0.001854
210 302 3 100 20851 0.001854
140 357 3 100 2712 0.001854
153 332 3 100 12375 0.001854
313 52 3 100 3397 0.001854
144 64 3 100 160498 0.001854
350 128 3 100 425817 0.001855
337 111 3 100 37941 0.001855
239 307 3 100 24985 0.001855
97 118 3 100 287981 0.001855
173 34 3 100 19264 0.001856
58 65 3 100 32948 0.001856
89 85 3 100 19295 0.001856
161 337 3 100 22813 0.001856
269 45 3 100 149622 0.001856
170 365 3 100 7463 0.001857
288 94 3 100 14894 0.001857
381 358 3 100 25133 0.001857
139 240 3 100 34344 0.001857
212 230 3 100 17114 0.001858
216 145 3 100 373942 0.001859
63 49 3 100 29213 0.001859
241 350 3 100 38923 0.001859
183 28 3 100 7211 0.001859
73 315 3 100 5503 0.001859
194 264 3 100 35306 0.001859
126 99 3 100 28445 0.001860
266 160 3 100 196633 0.001860
255 343 3 100 19542 0.001860
253 279 3 100 18507 0.001860
342 84 3 100 1298 0.001860
211 133 3 100 19922 0.001860
238 326 3 100 33278 0.001860
39 69 3 100 35923 0.001861
255 29 3 100 11691 0.001861
127 379 3 100 17741 0.001861
164 188 3 100 21429 0.001861
150 285 3 100 4653 0.001862
141 93 3 100 43955 0.001862
287 227 3 100 10761 0.001862
196 305 3 100 34851 0.001862
346 158 3 100 5945 0.001862
213 245 3 100 426259 0.001863
91 318 3 100 262314 0.001863
54 392 3 100 34562 0.001863
239 150 3 100 37368 0.001863
329 93 3 100 11364 0.001863
181 271 3 100 18946 0.001863
244 340 3 100 11936 0.001864
271 118 3 100 8102 0.001864
41 242 3 100 34801 0.001864
243 384 3 100 6690 0.001865
293 357 3 100 15136 0.001865
305 105 3 100 16114 0.001865
200 338 3 100 20867 0.001865
228 343 3 100 400328 0.001865
149 233 3 100 3754 0.001865
238 225 3 100 28663 0.001866
281 149 3 100 24462 0.001866
143 43 3 100 44640 0.001866
149 202 3 100 34698 0.001866
183 188 3 100 26526 0.001866
111 98 3 100 1855 0.001866
46 320 3 100 40303 0.001866
190 104 3 100 19243 0.001866
350 253 3 100 16642 0.001866
63 334 3 100 12169 0.001867
118 390 3 100 21967 0.001867
291 195 3 100 1103 0.001867
378 39 3 100 18455 0.001867
208 262 3 100 41616 0.001867
175 348 3 100 34718 0.001867
287 171 3 100 34653 0.001868
184 56 3 100 32038 0.001868
115 242 3 100 176928 0.001868
165 187 3 100 899 0.001868
377 380 3 100 39618 0.001868
398 326 3 100 40695 0.001869
239 92 3 100 269439 0.001869
131 39 3 100 33180 0.001869
315 318 3 100 20223 0.001869
160 401 3 100 275067 0.001869
298 306 3 100 6997 0.001869
124 256 3 100 38625 0.001869
112 291 3 100 34623 0.001869
231 205 3 100 281400 0.001869
44 153 3 100 30680 0.001869
268 305 3 100 250469 0.001870
393 309 3 100 10286 0.001870
26 119 3 100 36437 0.001871
232 131 3 100 124477 0.001871
120 386 3 100 38229 0.001872
90 343 3 100 1924 0.001872
123 193 3 100 4245 0.001872
176 249 3 100 16615 0.001872
101 32 3 100 12708 0.001873
343 147 3 100 109032 0.001873
221 242 3 100 136641 0.001873
61 285 3 100 39817 0.001873
145 281 3 100 3508 0.001873
318 132 3 100 26497 0.001873
392 329 3 100 457568 0.001873
192 45 3 100 2414 0.001874
398 290 3 100 343237 0.001874
333 360 3 100 100512 0.001874
83 294 3 100 16556 0.001874
128 232 3 100 13214 0.001875
346 201 3 100 15540 0.001875
287 25 3 100 2540 0.001875
81 329 3 100 26814 0.001875
30 287 3 100 43876 0.001875
268 116 3 100 4412 0.001875
265 132 3 100 7917 0.001875
386 141 3 100 27378 0.001875
56 206 3 100 19709 0.001875
345 190 3 100 14522 0.001875
312 106 3 100 22408 0.001875
234 293 3 100 18589 0.001875
130 217 3 100 16031 0.001875
62 330 3 100 28489 0.001876
231 289 3 100 39438 0.001876
28 83 3 100 16423 0.001876
203 233 3 100 8744 0.001876
21 174 3 100 34491 0.001876
95 337 3 100 25088 0.001876
299 249 3 100 14693 0.001876
66 94 3 100 15997 0.001877
189 193 3 100 19899 0.001877
91 168 3 100 8953 0.001877
239 231 3 100 28504 0.001877
237 156 3 100 12908 0.001877
124 122 3 100 30960 0.001877
61 34 3 100 16794 0.001878
297 216 3 100 34925 0.001879
148 395 3 100 14939 0.001879
325 246 3 100 29842 0.001880
199 30 3 100 33959 0.001880
164 55 3 100 39325 0.001881
295 232 3 100 28288 0.001881
252 222 3 100 30576 0.001881
38 348 3 100 29890 0.001881
367 319 3 100 23151 0.001881
230 32 3 100 22514 0.001881
60 301 3 100 9022 0.001881
78 399 3 100 15518 0.001882
387 257 3 100 934 0.001882
198 402 3 100 4963 0.001882
133 349 3 100 396384 0.001882
126 95 3 100 40459 0.001882
160 306 3 100 8024 0.001883
33 130 3 100 41384 0.001883
75 305 3 100 36721 0.001883
316 108 3 100 38494 0.001883
20 386 3 100 14666 0.001884
23 34 3 100 6201 0.001884
118 367 3 100 1131 0.001884
313 29 3 100 6478 0.001884
393 293 3 100 32399 0.001885
71 124 3 100 16054 0.001885
143 249 3 100 17942 0.001885
387 42 3 100 39565 0.001885
324 223 3 100 43413 0.001885
267 132 3 100 28971 0.001885
78 352 3 100 166623 0.001885
120 374 3 100 36736 0.001886
360 264 3 100 29611 0.001886
122 378 3 100 167647 0.001886
379 207 3 100 130483 0.001886
47 218 3 100 40588 0.001886
167 202 3 100 352214 0.001886
197 254 3 100 35558 0.001887
290 279 3 100 31537 0.001887
202 251 3 100 456399 0.001887
293 340 3 100 23389 0.001887
21 181 3 100 14635 0.001887
403 61 3 100 42120 0.001887
70 117 3 100 25319 0.001887
48 387 3 100 43197 0.001888
188 379 3 100 40780 0.001888
327 285 3 100 19239 0.001888
143 77 3 100 104712 0.001888
109 141 3 100 42069 0.001888
327 288 3 100 11254 0.001889
341 236 3 100 14776 0.001889
254 306 3 100 163603 0.001890
142 173 3 100 12670 0.001890
104 398 3 100 39431 0.001890
237 344 3 100 25734 0.001890
376 158 3 100 72277 0.001890
166 194 3 100 25184 0.001890
208 371 3 100 30728 0.001890
46 274 3 100 41736 0.001890
313 210 3 100 40932 0.001890
259 257 3 100 34200 0.001891
295 289 3 100 223943 0.001891
64 335 3 100 45712 0.001891
50 72 3 100 24353 0.001891
333 106 3 100 450403 0.001891
189 28 3 100 25836 0.001891
103 29 3 100 27629 0.001891
48 159 3 100 12241 0.001891
152 364 3 100 43823 0.001891
345 383 3 100 42989 0.001892
192 110 3 100 230471 0.001892
56 348 3 100 25451 0.001892
115 89 3 100 12926 0.001892
374 240 3 100 14757 0.001892
297 379 3 100 17815 0.001893
96 144 3 100 77972 0.001893
155 308 3 100 44243 0.001893
347 370 3 100 33444 0.001893
73 282 3 100 6027 0.001893
175 338 3 100 13723 0.001893
100 48 3 100 1505 0.001893
342 119 3 100 45872 0.001895
297 343 3 100 26658 0.001895
99 334 3 100 1695 0.001895
308 28 3 100 649 0.001896
77 211 3 100 8579 0.001896
217 211 3 100 193571 0.001897
279 166 3 100 44539 0.001897
263 185 3 100 44649 0.001897
53 282 3 100 30084 0.001897
143 94 3 100 255537 0.001897
249 135 3 100 12682 0.001897
207 249 3 100 32398 0.001897
103 399 3 100 35741 0.001898
299 351 3 100 153203 0.001898
261 334 3 100 20677 0.001898
283 244 3 100 44795 0.001898
46 25 3 100 32203 0.001898
62 194 3 100 123560 0.001898
156 331 3 100 19286 0.001898
89 61 3 100 11102 0.001898
331 370 3 100 39676 0.001899
128 218 3 100 16537 0.001899
161 322 3 100 42608 0.001899
149 263 3 100 393524 0.001899
38 255 3 100 13333 0.001899
128 344 3 100 9108 0.001899
124 215 3 100 37793 0.001900
321 136 3 100 38307 0.001900
285 203 3 100 18196 0.001900
242 277 3 100 226726 0.001901
264 274 3 100 34030 0.001902
23 309 3 100 19313 0.001902
218 220 3 100 20178 0.001902
309 126 3 100 9169 0.001902
302 115 3 100 18837 0.001902
240 76 3 100 10919 0.001902
152 89 3 100 4322 0.001902
248 177 3 100 210732 0.001902
83 169 3 100 14492 0.001902
398 231 3 100 11755 0.001902
167 27 3 100 370538 0.001902
95 123 3 100 26253 0.001903
59 328 3 100 4110 0.001903
95 40 3 100 203052 0.001903
357 268 3 100 11498 0.001903
79 96 3 100 19983 0.001903
398 338 3 100 439 0.001903
281 206 3 100 18747 0.001903
28 403 3 100 226743 0.001903
94 232 3 100 119495 0.001903
259 218 3 100 345103 0.001903
31 111 3 100 27087 0.001904
156 81 3 100 28157 0.001904
77 291 3 100 44919 0.001904
252 191 3 100 247 0.001904
127 332 3 100 77721 0.001904
60 306 3 100 11000 0.001904
121 243 3 100 19576 0.001904
350 392 3 100 20152 0.001906
87 332 3 100 234705 0.001906
95 162 3 100 11070 0.001906
139 279 3 100 36889 0.001906
360 153 3 100 18408 0.001906
322 62 3 100 27754 0.001906
236 120 3 100 23831 0.001906
204 90 3 100 6088 0.001906
22 374 3 100 448962 0.001907
309 207 3 100 44531 0.001907
300 146 3 100 41071 0.001907
228 226 3 100 34429 0.001907
144 293 3 100 22486 0.001907
110 99 3 100 28652 0.001908
245 403 3 100 38714 0.001908
201 48 3 100 44184 0.001908
307 109 3 100 31743 0.001908
96 369 3 100 8040 0.001908
393 128 3 100 34102 0.001908
240 302 3 100 27792 0.001909
44 163 3 100 163336 0.001909
205 153 3 100 2040 0.001909
332 137 3 100 8880 0.001909
383 244 3 100 28676 0.001909
370 49 3 100 33560 0.001909
104 113 3 100 26737 0.001909
136 79 3 100 6487 0.001910
289 221 3 100 33865 0.001910
71 172 3 100 39655 0.001910
229 276 3 100 28095 0.001910
174 42 3 100 10555 0.001910
137 347 3 100 42197 0.001910
26 249 3 100 38459 0.001911
70 26 3 100 28968 0.001911
63 305 3 100 255777 0.001911
206 314 3 100 30582 0.001912
35 400 3 100 42563 0.001912
143 190 3 100 399594 0.001912
104 379 3 100 18641 0.001912
29 200 3 100 159841 0.001912
114 300 3 100 22518 0.001913
79 44 3 100 20925 0.001913
192 166 3 100 21757 0.001913
30 332 3 100 5421 0.001913
358 69 3 100 27053 0.001914
290 74 3 100 253219 0.001914
31 324 3 100 39525 0.001914
386 23 3 100 1956 0.001914
84 272 3 100 32106 0.001914
309 156 3 100 28994 0.001914
274 226 3 100 30628 0.001914
181 53 3 100 45377 0.001914
245 331 3 100 43927 0.001914
380 229 3 100 215546 0.001915
360 54 3 100 422273 0.001915
244 120 3 100 24820 0.001915
172 197 3 100 30946 0.001915
131 164 3 100 17947 0.001915
78 42 3 100 22090 0.001915
396 235 3 100 416891 0.001915
131 272 3 100 26335 0.001915
372 262 3 100 11808 0.001915
27 290 3 100 11628 0.001916
356 291 3 100 41570 0.001916
342 139 3 100 2350 0.001916
187 41 3 100 21238 0.001916
57 308 3 100 6378 0.001916
145 364 3 100 362640 0.001916
94 54 3 100 24661 0.001917
379 326 3 100 269421 0.001917
74 88 3 100 44321 0.001917
83 84 3 100 19597 0.001917
331 274 3 100 28469 0.001917
257 298 3 100 40448 0.001917
164 256 3 100 39504 0.001917
287 235 3 100 40276 0.001918
367 73 3 100 280038 0.001918
334 305 3 100 16476 0.001918
224 86 3 100 20218 0.001918
388 116 3 100 27460 0.001918
387 185 3 100 183 0.001919
350 260 3 100 23533 0.001919
316 200 3 100 21326 0.001919
307 260 3 100 376830 0.001919
192 57 3 100 41569 0.001919
163 285 3 100 14761 0.001919
30 374 3 100 3353 0.001920
22 189 3 100 14635 0.001920
234 402 3 100 32124 0.001920
208 390 3 100 14126 0.001921
280 141 3 100 304769 0.001921
185 216 3 100 13141 0.001921
42 323 3 100 26174 0.001921
293 395 3 100 153288 0.001921
50 403 3 100 456158 0.001921
187 150 3 100 35469 0.001921
157 126 3 100 440461 0.001922
59 372 3 100 29009 0.001922
355 89 3 100 36176 0.001922
30 376 3 100 426301 0.001922
302 28 3 100 37594 0.001922
231 304 3 100 151995 0.001922
172 193 3 100 39144 0.001922
316 304 3 100 21510 0.001922
373 121 3 100 25656 0.001923
136 227 3 100 298890 0.001923
100 176 3 100 18822 0.001923
311 328 3 100 203490 0.001923
30 206 3 100 45400 0.001924
366 75 3 100 42130 0.001924
228 222 3 100 14881 0.001924
225 22 3 100 42616 0.001924
75 71 3 100 212304 0.001924
109 296 3 100 5909 0.001924
87 39 3 100 459568 0.001924
270 359 3 100 12283 0.001924
40 208 3 100 7671 0.001925
95 259 3 100 15891 0.001925
168 186 3 100 34772 0.001925
73 273 3 100 176375 0.001925
297 211 3 100 25212 0.001925
153 277 3 100 224181 0.001925
183 143 3 100 9546 0.001925
168 388 3 100 39968 0.001926
240 58 3 100 243282 0.001926
295 77 3 100 37079 0.001926
266 378 3 100 21648 0.001926
389 338 3 100 2305 0.001926
398 368 3 100 17268 0.001926
351 56 3 100 149458 0.001926
36 266 3 100 14313 0.001927
235 129 3 100 26707 0.001927
256 21 3 100 14328 0.001927
396 238 3 100 26123 0.001927
225 183 3 100 38968 0.001927
24 150 3 100 40100 0.001927
122 46 3 100 4640 0.001928
353 89 3 100 7916 0.001928
211 281 3 100 450556 0.001928
305 369 3 100 1363 0.001928
234 214 3 100 9238 0.001928
95 29 3 100 41917 0.001928
261 92 3 100 36717 0.001928
121 124 3 100 32691 0.001929
323 263 3 100 1953 0.001929
47 254 3 100 19701 0.001929
213 27 3 100 3965 0.001929
199 37 3 100 33328 0.001929
166 272 3 100 37275 0.001929
130 20 3 100 31524 0.001930
23 369 3 100 39424 0.001930
307 381 3 100 177260 0.001930
84 345 3 100 3321 0.001930
207 162 3 100 41258 0.001930
127 89 3 100 26231 0.001931
396 127 3 100 24232 0.001931
260 152 3 100 9531 0.001931
296 119 3 100 390793 0.001931
400 162 3 100 43000 0.001931
393 262 3 100 80622 0.001932
27 177 3 100 5189 0.001932
119 203 3 100 7566 0.001932
89 367 3 100 18304 0.001932
87 36 3 100 1503 0.001932
161 195 3 100 5720 0.001932
378 36 3 100 151528 0.001932
21 35 3 100 30538 0.001932
40 403 3 100 33152 0.001932
307 159 3 100 10125 0.001932
70 355 3 100 8533 0.001933
200 232 3 100 36920 0.001933
182 274 3 100 22562 0.001933
301 321 3 100 36633 0.001933
192 100 3 100 200024 0.001933
266 206 3 100 213286 0.001933
197 386 3 100 42090 0.001933
331 356 3 100 25977 0.001934
252 91 3 100 7654 0.001934
309 185 3 100 41960 0.001934
233 203 3 100 17716 0.001934
217 82 3 100 291971 0.001935
347 400 3 100 22029 0.001935
137 74 3 100 257 0.001935
269 219 3 100 39974 0.001935
195 137 3 100 23249 0.001935
174 224 3 100 7125 0.001935
287 162 3 100 13078 0.001935
196 164 3 100 6511 0.001935
179 231 3 100 41274 0.001935
238 141 3 100 37457 0.001935
254 145 3 100 15050 0.001936
72 233 3 100 44574 0.001936
238 399 3 100 44577 0.001936
46 121 3 100 39410 0.001936
192 93 3 100 44003 0.001936
140 89 3 100 31710 0.001937
109 395 3 100 46001 0.001937
164 117 3 100 107371 0.001937
383 331 3 100 1439 0.001937
23 335 3 100 285493 0.001937
74 303 3 100 224125 0.001938
158 207 3 100 1198 0.001938
124 240 3 100 11623 0.001938
390 324 3 100 30604 0.001938
359 53 3 100 11235 0.001938
55 388 3 100 319957 0.001938
313 167 3 100 5836 0.001939
380 132 3 100 29932 0.001939
212 31 3 100 9025 0.001939
278 42 3 100 22161 0.001939
301 264 3 100 134502 0.001939
326 368 3 100 160440 0.001939
104 121 3 100 3399 0.001939
291 347 3 100 33410 0.001939
33 260 3 100 283077 0.001939
160 117 3 100 13306 0.001940
309 273 3 100 8764 0.001940
42 302 3 100 36750 0.001940
141 239 3 100 23007 0.001940
273 190 3 100 8813 0.001940
214 250 3 100 42634 0.001940
304 70 3 100 38187 0.001940
290 93 3 100 23747 0.001940
68 301 3 100 31114 0.001940
356 151 3 100 43320 0.001941
304 385 3 100 264179 0.001941
201 128 3 100 18184 0.001941
389 252 3 100 27896 0.001941
359 101 3 100 13027 0.001941
79 259 3 100 17946 0.001941
199 194 3 100 40586 0.001941
378 104 3 100 23748 0.001941
279 302 3 100 106781 0.001941
109 88 3 100 16433 0.001942
88 148 3 100 182062 0.001942
106 237 3 100 32391 0.001942
211 270 3 100 43812 0.001943
68 400 3 100 36691 0.001944
215 156 3 100 41 0.001944
320 326 3 100 3448 0.001944
36 345 3 100 194 0.001944
362 254 3 100 7678 0.001945
37 169 3 100 8407 0.001945
27 56 3 100 5416 0.001945
136 195 3 100 3422 0.001945
329 378 3 100 1764 0.001945
229 256 3 100 27599 0.001945
207 285 3 100 28924 0.001945
116 212 3 100 107197 0.001946
179 324 3 100 21900 0.001946
99 334 3 100 20647 0.001946
37 54 3 100 25259 0.001946
180 193 3 100 32681 0.001946
251 80 3 100 20555 0.001946
48 347 3 100 23556 0.001946
108 69 3 100 17278 0.001946
328 211 3 100 19454 0.001946
337 46 3 100 35969 0.001947
145 310 3 100 4060 0.001947
71 304 3 100 373010 0.001947
387 316 3 100 1786 0.001948
313 225 3 100 43873 0.001948
40 288 3 100 45673 0.001948
199 90 3 100 5122 0.001948
380 51 3 100 23803 0.001949
186 88 3 100 29799 0.001949
242 153 3 100 38284 0.001949
79 350 3 100 217997 0.001949
242 273 3 100 274833 0.001950
246 298 3 100 10254 0.001950
293 53 3 100 26799 0.001950
81 193 3 100 11187 0.001950
220 271 3 100 26328 0.001950
337 302 3 100 5466 0.001950
137 241 3 100 22982 0.001950
240 207 3 100 13170 0.001950
162 239 3 100 28281 0.001951
104 322 3 100 30959 0.001951
262 71 3 100 14379 0.001951
279 208 3 100 29155 0.001951
71 78 3 100 30976 0.001951
266 248 3 100 17482 0.001951
75 211 3 100 172721 0.001951
175 390 3 100 326052 0.001951
312 283 3 100 45746 0.001951
283 97 3 100 111480 0.001951
25 278 3 100 17550 0.001952
182 38 3 100 340 0.001952
239 133 3 100 41246 0.001953
307 380 3 100 40872 0.001953
361 93 3 100 32075 0.001953
292 210 3 100 41550 0.001954
235 270 3 100 31366 0.001954
340 279 3 100 6154 0.001954
243 259 3 100 24165 0.001954
102 138 3 100 25668 0.001954
47 100 3 100 16450 0.001954
337 348 3 100 16241 0.001954
307 135 3 100 4148 0.001954
197 273 3 100 43586 0.001954
260 335 3 100 12157 0.001954
136 317 3 100 210504 0.001955
85 171 3 100 10500 0.001955
321 250 3 100 34356 0.001955
198 209 3 100 181841 0.001955
350 265 3 100 11541 0.001955
352 275 3 100 441496 0.001956
341 96 3 100 45131 0.001956
323 138 3 100 258673 0.001956
203 168 3 100 42745 0.001957
203 135 3 100 27907 0.001957
257 49 3 100 0 0.001957
190 370 3 100 24536 0.001957
384 319 3 100 32525 0.001958
331 398 3 100 256327 0.001958
393 308 3 100 31629 0.001958
156 230 3 100 68189 0.001958
354 316 3 100 10311 0.001958
181 337 3 100 25664 0.001958
124 350 3 100 80 0.001959
367 306 3 100 10256 0.001959
53 396 3 100 33032 0.001959
236 341 3 100 25486 0.001959
391 79 3 100 32891 0.001959
365 329 3 100 29970 0.001959
389 134 3 100 5539 0.001960
77 313 3 100 37614 0.001960
119 390 3 100 151076 0.001960
261 296 3 100 12424 0.001960
322 244 3 100 234269 0.001960
68 334 3 100 79087 0.001960
182 232 3 100 23098 0.001961
261 107 3 100 13553 0.001961
340 51 3 100 342492 0.001961
213 85 3 100 15553 0.001961
235 355 3 100 41745 0.001961
288 178 3 100 30154 0.001961
290 253 3 100 28058 0.001961
390 231 3 100 313445 0.001961
335 395 3 100 20982 0.001961
99 40 3 100 24533 0.001962
344 310 3 100 22904 0.001962
134 187 3 100 342422 0.001962
361 37 3 100 43946 0.001963
111 318 3 100 45748 0.001963
94 314 3 100 1611 0.001963
187 275 3 100 27686 0.001964
88 57 3 100 182826 0.001964
112 307 3 100 30080 0.001964
168 207 3 100 42612 0.001964
91 94 3 100 399872 0.001965
58 314 3 100 391670 0.001965
388 380 3 100 13595 0.001965
54 174 3 100 29836 0.001965
220 336 3 100 85666 0.001965
103 296 3 100 8350 0.001965
247 225 3 100 45964 0.001965
392 209 3 100 407400 0.001965
157 257 3 100 10536 0.001966
40 220 3 100 25084 0.001966
345 141 3 100 28222 0.001966
311 351 3 100 26976 0.001966
80 287 3 100 22252 0.001967
26 244 3 100 253314 0.001967
233 177 3 100 11300 0.001967
142 116 3 100 6617 0.001967
278 220 3 100 33524 0.001967
330 366 3 100 373783 0.001968
80 90 3 100 23360 0.001968
69 134 3 100 12442 0.001968
250 136 3 100 15359 0.001968
110 170 3 100 1476 0.001968
106 389 3 100 8965 0.001968
357 341 3 100 5650 0.001968
362 120 3 100 41065 0.001968
327 49 3 100 440986 0.001968
290 296 3 100 11189 0.001968
267 41 3 100 9812 0.001969
39 127 3 100 23776 0.001969
60 106 3 100 44310 0.001969
206 242 3 100 449206 0.001969
210 286 3 100 1203 0.001969
191 100 3 100 45426 0.001969
233 39 3 100 37707 0.001970
82 80 3 100 161805 0.001970
26 331 3 100 21062 0.001970
21 93 3 100 40028 0.001971
227 165 3 100 27643 0.001971
335 92 3 100 6681 0.001972
349 169 3 100 20906 0.001972
216 339 3 100 41984 0.001972
335 29 3 100 138966 0.001972
188 148 3 100 15535 0.001972
171 254 3 100 16326 0.001973
166 182 3 100 4121 0.001973
45 55 3 100 13334 0.001973
356 286 3 100 2011 0.001973
115 155 3 100 283344 0.001973
152 31 3 100 6151 0.001973
222 47 3 100 12092 0.001973
189 157 3 100 19539 0.001974
57 92 3 100 44471 0.001974
319 380 3 100 24164 0.001974
212 399 3 100 21230 0.001974
239 313 3 100 21180 0.001974
367 245 3 100 30235 0.001974
206 349 3 100 28484 0.001975
24 366 3 100 3183 0.001975
165 73 3 100 280451 0.001976
391 102 3 100 21639 0.001976
203 115 3 100 286331 0.001976
335 188 3 100 3041 0.001976
306 326 3 100 6589 0.001976
303 162 3 100 30846 0.001976
324 177 3 100 32531 0.001976
325 207 3 100 13567 0.001976
55 195 3 100 220968 0.001977
43 101 3 100 4016 0.001977
237 386 3 100 36033 0.001977
101 292 3 100 205180 0.001977
289 274 3 100 26718 0.001977
35 384 3 100 8494 0.001977
246 206 3 100 11399 0.001977
32 37 3 100 41908 0.001977
342 339 3 100 15196 0.001978
73 58 3 100 35093 0.001978
197 264 3 100 43425 0.001978
113 280 3 100 15741 0.001978
94 174 3 100 140362 0.001979
69 334 3 100 256726 0.001979
357 166 3 100 376873 0.001979
178 50 3 100 11937 0.001979
60 181 3 100 234646 0.001979
192 331 3 100 11414 0.001979
155 291 3 100 10039 0.001979
344 104 3 100 25222 0.001979
68 350 3 100 4338 0.001979
233 242 3 100 18854 0.001979
265 293 3 100 3462 0.001980
243 114 3 100 11577 0.001980
364 70 3 100 26352 0.001980
36 95 3 100 27270 0.001980
218 194 3 100 182506 0.001980
248 176 3 100 5734 0.001980
146 73 3 100 231956 0.001981
333 143 3 100 123615 0.001981
333 259 3 100 16881 0.001981
241 345 3 100 32924 0.001981
237 84 3 100 29666 0.001981
280 258 3 100 16043 0.001981
213 132 3 100 376780 0.001981
259 277 3 100 351702 0.001981
188 55 3 100 35492 0.001981
192 172 3 100 16738 0.001982
240 398 3 100 8585 0.001982
106 182 3 100 1288 0.001982
168 46 3 100 25852 0.001982
123 226 3 100 17010 0.001982
83 228 3 100 20309 0.001982
204 292 3 100 201258 0.001982
270 278 3 100 64780 0.001982
51 252 3 100 16102 0.001983
45 227 3 100 37014 0.001983
132 249 3 100 38013 0.001983
199 118 3 100 367780 0.001983
270 304 3 100 213845 0.001984
207 39 3 100 23566 0.001984
199 88 3 100 349179 0.001984
380 102 3 100 2750 0.001985
288 346 3 100 8814 0.001985
217 347 3 100 23709 0.001986
63 180 3 100 24515 0.001986
306 242 3 100 18933 0.001986
375 277 3 100 458789 0.001986
237 231 3 100 27431 0.001986
331 63 3 100 2946 0.001986
387 214 3 100 2904 0.001986
247 161 3 100 100661 0.001986
249 262 3 100 28072 0.001986
279 274 3 100 1218 0.001986
331 145 3 100 30996 0.001986
255 266 3 100 21924 0.001987
397 136 3 100 7484 0.001987
301 293 3 100 1707 0.001988
198 183 3 100 19638 0.001988
41 395 3 100 35575 0.001988
399 306 3 100 165503 0.001988
128 285 3 100 43852 0.001988
291 365 3 100 93904 0.001988
337 254 3 100 39294 0.001988
332 125 3 100 25167 0.001988
285 281 3 100 378687 0.001989
199 208 3 100 34363 0.001989
247 56 3 100 23090 0.001989
372 68 3 100 19698 0.001989
116 363 3 100 29472 0.001990
387 250 3 100 36618 0.001990
151 321 3 100 372935 0.001990
357 57 3 100 38341 0.001990
86 76 3 100 6572 0.001991
259 315 3 100 44763 0.001991
77 389 3 100 8470 0.001991
177 30 3 100 18227 0.001991
307 390 3 100 41762 0.001991
258 332 3 100 21614 0.001991
354 315 3 100 3409 0.001991
79 28 3 100 41685 0.001992
235 53 3 100 44660 0.001992
85 224 3 100 23727 0.001992
58 319 3 100 2849 0.001992
297 225 3 100 31037 0.001992
109 68 3 100 198672 0.001992
215 299 3 100 16499 0.001992
300 216 3 100 4066 0.001993
129 159 3 100 31387 0.001993
124 319 3 100 17501 0.001993
250 124 3 100 38036 0.001993
232 237 3 100 25155 0.001993
219 162 3 100 292675 0.001993
344 75 3 100 743 0.001993
355 130 3 100 18301 0.001993
202 373 3 100 32936 0.001994
392 201 3 100 5147 0.001994
265 207 3 100 17858 0.001994
256 243 3 100 45530 0.001994
261 371 3 100 25392 0.001994
132 192 3 100 5259 0.001995
76 281 3 100 31841 0.001995
128 40 3 100 9394 0.001995
178 181 3 100 38622 0.001996
210 301 3 100 25134 0.001996
114 83 3 100 26224 0.001996
260 150 3 100 16151 0.001996
160 330 3 100 3351 0.001996
58 233 3 100 210622 0.001996
389 232 3 100 10293 0.001996
149 208 3 100 4218 0.001996
150 162 3 100 8215 0.001996
287 24 3 100 40758 0.001996
254 135 3 100 439326 0.001997
29 398 3 100 42334 0.001997
97 276 3 100 146040 0.001997
172 337 3 100 42042 0.001998
273 257 3 100 34357 0.001998
122 154 3 100 13047 0.001998
49 48 3 100 13732 0.001998
63 175 3 100 5182 0.001999
377 379 3 100 24304 0.001999
123 365 3 100 1753 0.001999
292 363 3 100 29025 0.001999
377 231 3 100 15431 0.001999
194 251 3 100 18145 0.002000
391 347 3 100 33337 0.002000
151 328 3 100 44312 0.002000
26 386 3 100 32924 0.002000
188 40 3 100 29693 0.002000
259 283 3 100 45805 0.002000
376 284 3 100 39942 0.002000
85 395 3 100 19045 0.002001
180 61 3 100 20625 0.002001
87 103 3 100 13232 0.002001
387 276 3 100 9631 0.002001
148 273 3 100 18834 0.002001
160 262 3 100 21062 0.002001
284 161 3 100 12009 0.002001
311 209 3 100 280343 0.002001
402 71 3 100 66490 0.002002
370 206 3 100 4402 0.002002
244 311 3 100 455453 0.002002
91 79 3 100 186363 0.002002
293 268 3 100 405241 0.002003
62 202 3 100 37548 0.002003
135 131 3 100 33334 0.002003
298 386 3 100 276488 0.002003
276 270 3 100 18198 0.002003
34 328 3 100 324662 0.002003
154 215 3 100 43090 0.002004
212 36 3 100 40030 0.002004
311 181 3 100 41599 0.002004
210 243 3 100 44364 0.002004
306 280 3 100 314584 0.002004
201 260 3 100 299632 0.002004
232 149 3 100 36028 0.002004
318 294 3 100 13859 0.002004
31 89 3 100 45380 0.002004
398 49 3 100 4259 0.002005
274 297 3 100 144646 0.002005
230 199 3 100 40433 0.002005
402 81 3 100 37670 0.002005
91 102 3 100 153475 0.002005
177 70 3 100 25488 0.002005
251 172 3 100 14664 0.002006
59 78 3 100 124640 0.002006
340 118 3 100 38641 0.002006
335 275 3 100 414835 0.002006
106 270 3 100 11120 0.002007
39 226 3 100 11803 0.002007
99 309 3 100 626 0.002007
151 248 3 100 5916 0.002008
184 59 3 100 15110 0.002008
319 34 3 100 31014 0.002008
359 392 3 100 246290 0.002008
194 138 3 100 33741 0.002008
350 45 3 100 40421 0.002008
98 344 3 100 91208 0.002008
364 196 3 100 31652 0.002008
352 60 3 100 236253 0.002009
69 36 3 100 38308 0.002009
119 205 3 100 22611 0.002009
79 100 3 100 26317 0.002010
136 203 3 100 44401 0.002010
36 115 3 100 44795 0.002011
76 147 3 100 430400 0.002011
375 108 3 100 42764 0.002011
77 237 3 100 45676 0.002011
169 117 3 100 13720 0.002011
294 116 3 100 31962 0.002011
113 209 3 100 37456 0.002012
289 147 3 100 175058 0.002012
83 285 3 100 27533 0.002012
369 151 3 100 308666 0.002012
134 127 3 100 2725 0.002012
57 265 3 100 33615 0.002012
181 40 3 100 12012 0.002013
145 153 3 100 353269 0.002013
320 287 3 100 27635 0.002013
276 275 3 100 5863 0.002013
75 388 3 100 42139 0.002013
171 234 3 100 3147 0.002013
205 391 3 100 14244 0.002014
125 236 3 100 316174 0.002014
349 132 3 100 24078 0.002014
167 252 3 100 4502 0.002014
47 266 3 100 23204 0.002014
172 70 3 100 308580 0.002014
52 71 3 100 7016 0.002014
95 319 3 100 122360 0.002014
105 64 3 100 30852 0.002014
168 41 3 100 21264 0.002014
135 315 3 100 21532 0.002014
81 50 3 100 11510 0.002015
53 75 3 100 8001 0.002015
282 177 3 100 11249 0.002015
252 344 3 100 34257 0.002015
76 26 3 100 297920 0.002015
77 269 3 100 38221 0.002016
243 400 3 100 36947 0.002016
300 39 3 100 14583 0.002016
51 184 3 100 38003 0.002016
355 29 3 100 19259 0.002017
391 337 3 100 5749 0.002017
128 236 3 100 22441 0.002017
346 389 3 100 49210 0.002017
391 389 3 100 13446 0.002018
121 292 3 100 256486 0.002019
155 383 3 100 7546 0.002019
30 206 3 100 5580 0.002019
376 310 3 100 18399 0.002019
372 48 3 100 34204 0.002020
141 231 3 100 43482 0.002021
385 374 3 100 303596 0.002021
277 292 3 100 19803 0.002021
257 46 3 100 34697 0.002021
164 278 3 100 7091 0.002021
211 272 3 100 193528 0.002022
374 236 3 100 37737 0.002022
248 147 3 100 36455 0.002022
55 176 3 100 13277 0.002023
341 108 3 100 50244 0.002023
81 396 3 100 7917 0.002024
91 341 3 100 30405 0.002024
227 264 3 100 241233 0.002024
339 394 3 100 14104 0.002024
184 100 3 100 29400 0.002024
294 135 3 100 28614 0.002024
45 250 3 100 439103 0.002025
133 111 3 100 29038 0.002025
218 136 3 100 12765 0.002025
37 104 3 100 13619 0.002025
243 95 3 100 12997 0.002026
29 111 3 100 41507 0.002026
52 274 3 100 26197 0.002026
292 84 3 100 17210 0.002026
335 258 3 100 451751 0.002026
119 266 3 100 40093 0.002027
273 239 3 100 41523 0.002027
64 39 3 100 25840 0.002027
43 393 3 100 293270 0.002029
260 28 3 100 153838 0.002029
72 268 3 100 12938 0.002029
45 131 3 100 20180 0.002029
90 39 3 100 420242 0.002029
117 378 3 100 31434 0.002029
150 241 3 100 253012 0.002029
25 283 3 100 21496 0.002029
331 398 3 100 8270 0.002030
321 329 3 100 11400 0.002030
328 252 3 100 15528 0.002030
130 321 3 100 13953 0.002030
312 365 3 100 32297 0.002030
213 355 3 100 36822 0.002030
355 324 3 100 22247 0.002030
231 89 3 100 1563 0.002031
183 144 3 100 12047 0.002031
137 385 3 100 340804 0.002031
68 52 3 100 16969 0.002031
99 224 3 100 19432 0.002031
301 232 3 100 3611 0.002032
119 78 3 100 147350 0.002033
145 148 3 100 3192 0.002033
138 208 3 100 45676 0.002033
180 234 3 100 3123 0.002033
362 181 3 100 6986 0.002033
125 253 3 100 35458 0.002033
111 201 3 100 37756 0.002033
274 57 3 100 292 0.002034
92 53 3 100 30845 0.002034
238 371 3 100 43861 0.002034
103 85 3 100 1609 0.002034
96 386 3 100 4052 0.002034
372 256 3 100 175596 0.002035
369 342 3 100 19559 0.002035
180 226 3 100 10280 0.002035
214 60 3 100 39205 0.002035
55 218 3 100 7818 0.002036
225 296 3 100 258398 0.002036
399 28 3 100 459272 0.002036
224 236 3 100 23280 0.002036
101 172 3 100 84544 0.002036
76 396 3 100 40980 0.002036
317 41 3 100 45164 0.002036
235 58 3 100 301 0.002036
90 334 3 100 35503 0.002036
305 222 3 100 16344 0.002036
75 237 3 100 32279 0.002037
310 379 3 100 32149 0.002037
318 36 3 100 410318 0.002037
92 145 3 100 39137 0.002037
179 171 3 100 43298 0.002037
101 151 3 100 32591 0.002037
367 175 3 100 51338 0.002038
168 258 3 100 43341 0.002038
231 328 3 100 6734 0.002038
125 119 3 100 2207 0.002038
392 24 3 100 3036 0.002038
180 103 3 100 14593 0.002038
252 192 3 100 41591 0.002038
275 280 3 100 14956 0.002038
60 315 3 100 23591 0.002039
358 366 3 100 63367 0.002039
223 267 3 100 14764 0.002039
397 53 3 100 36644 0.002039
366 120 3 100 3726 0.002039
169 137 3 100 4432 0.002040
298 281 3 100 28763 0.002040
106 110 3 100 39819 0.002040
232 100 3 100 433160 0.002040
54 271 3 100 16092 0.002040
157 186 3 100 26778 0.002040
68 207 3 100 380061 0.002041
238 103 3 100 44812 0.002041
301 39 3 100 1042 0.002041
350 370 3 100 33887 0.002042
167 150 3 100 153545 0.002042
395 321 3 100 37722 0.002042
345 20 3 100 40729 0.002043
171 139 3 100 6189 0.002043
379 156 3 100 15419 0.002043
115 31 3 100 12397 0.002043
139 349 3 100 91339 0.002043
365 162 3 100 5363 0.002043
391 396 3 100 33340 0.002043
357 51 3 100 22753 0.002044
337 186 3 100 1223 0.002044
320 208 3 100 7097 0.002044
98 47 3 100 252073 0.002044
235 338 3 100 8184 0.002044
376 138 3 100 10351 0.002044
248 126 3 100 434083 0.002044
60 145 3 100 403949 0.002045
387 255 3 100 411906 0.002045
283 111 3 100 35499 0.002045
261 359 3 100 33881 0.002046
403 93 3 100 30002 0.002046
149 158 3 100 42791 0.002046
318 258 3 100 12183 0.002046
376 155 3 100 8241 0.002046
137 295 3 100 40885 0.002047
190 342 3 100 45889 0.002047
279 110 3 100 18782 0.002047
27 217 3 100 22712 0.002047
167 147 3 100 42255 0.002047
380 299 3 100 15395 0.002047
221 377 3 100 29757 0.002047
258 200 3 100 21087 0.002047
52 91 3 100 27078 0.002048
111 118 3 100 23049 0.002048
204 238 3 100 28101 0.002048
181 325 3 100 34021 0.002048
306 264 3 100 26936 0.002048
123 236 3 100 45025 0.002049
350 357 3 100 165005 0.002049
351 153 3 100 41293 0.002049
170 322 3 100 15020 0.002050
384 310 3 100 34312 0.002050
134 400 3 100 25193 0.002051
258 361 3 100 30522 0.002051
204 47 3 100 40513 0.002051
74 201 3 100 213924 0.002051
313 22 3 100 10682 0.002051
235 238 3 100 128902 0.002052
184 387 3 100 17804 0.002052
319 62 3 100 16775 0.002052
177 21 3 100 41027 0.002052
207 200 3 100 20734 0.002052
310 311 3 100 3652 0.002053
134 158 3 100 30613 0.002053
89 174 3 100 30716 0.002053
152 304 3 100 10276 0.002053
303 173 3 100 40439 0.002053
372 365 3 100 19948 0.002054
371 100 3 100 455973 0.002054
253 342 3 100 2655 0.002054
372 173 3 100 31330 0.002054
339 231 3 100 3839 0.002055
299 253 3 100 14940 0.002055
360 320 3 100 217944 0.002055
402 93 3 100 30871 0.002055
189 192 3 100 29767 0.002055
67 105 3 100 23779 0.002056
272 240 3 100 8497 0.002056
218 282 3 100 5770 0.002056
352 93 3 100 442542 0.002056
275 277 3 100 43583 0.002056
95 22 3 100 22321 0.002056
61 20 3 100 2796 0.002056
364 240 3 100 44982 0.002056
279 352 3 100 26818 0.002056
72 221 3 100 36405 0.002057
30 112 3 100 18478 0.002057
179 318 3 100 12076 0.002057
342 305 3 100 3118 0.002057
394 203 3 100 124668 0.002057
240 74 3 100 39880 0.002057
340 227 3 100 448477 0.002057
41 26 3 100 28543 0.002057
325 317 3 100 11968 0.002057
290 121 3 100 29537 0.002057
44 272 3 100 16021 0.002058
252 105 3 100 26078 0.002058
290 233 3 100 16014 0.002058
143 230 3 100 14089 0.002059
380 267 3 100 168730 0.002059
205 325 3 100 268190 0.002059
348 27 3 100 30335 0.002059
231 40 3 100 39389 0.002060
225 308 3 100 3672 0.002060
260 253 3 100 1808 0.002060
383 291 3 100 225676 0.002060
390 187 3 100 14394 0.002061
213 252 3 100 8262 0.002061
331 104 3 100 27603 0.002061
245 41 3 100 62848 0.002061
370 314 3 100 3938 0.002061
25 84 3 100 1934 0.002061
309 45 3 100 2727 0.002061
246 219 3 100 38749 0.002062
255 214 3 100 9348 0.002062
42 105 3 100 1338 0.002062
372 88 3 100 34373 0.002063
132 25 3 100 344300 0.002063
92 262 3 100 15194 0.002063
90 145 3 100 321859 0.002063
395 197 3 100 8341 0.002063
69 362 3 100 39489 0.002063
128 134 3 100 395284 0.002063
261 114 3 100 118889 0.002063
141 168 3 100 37494 0.002064
299 274 3 100 345394 0.002064
93 258 3 100 26884 0.002064
63 178 3 100 5313 0.002064
156 289 3 100 34675 0.002065
250 320 3 100 426810 0.002065
283 286 3 100 17025 0.002065
160 185 3 100 40075 0.002065
143 245 3 100 1025 0.002065
313 151 3 100 11736 0.002065
212 237 3 100 35117 0.002065
222 215 3 100 39324 0.002065
113 235 3 100 30017 0.002065
60 292 3 100 17753 0.002065
104 74 3 100 8811 0.002066
78 302 3 100 4444 0.002066
122 288 3 100 375708 0.002066
118 267 3 100 32131 0.002066
63 84 3 100 1955 0.002067
33 198 3 100 1959 0.002067
234 169 3 100 161783 0.002067
143 381 3 100 5159 0.002067
38 253 3 100 40315 0.002068
161 196 3 100 71475 0.002068
66 331 3 100 44184 0.002068
402 120 3 100 19497 0.002069
397 363 3 100 29303 0.002069
250 49 3 100 40107 0.002069
90 350 3 100 44065 0.002069
92 219 3 100 11710 0.002069
314 173 3 100 372941 0.002069
120 311 3 100 5023 0.002069
87 67 3 100 42665 0.002069
209 281 3 100 39692 0.002069
319 298 3 100 35539 0.002070
356 50 3 100 8112 0.002071
170 195 3 100 15262 0.002071
41 121 3 100 1857 0.002071
60 37 3 100 32596 0.002071
174 279 3 100 404492 0.002071
265 241 3 100 369620 0.002071
274 95 3 100 2435 0.002071
180 71 3 100 45123 0.002071
272 343 3 100 24491 0.002072
248 150 3 100 295460 0.002072
40 110 3 100 15892 0.002072
27 189 3 100 22591 0.002073
259 289 3 100 37348 0.002073
256 241 3 100 38101 0.002073
258 280 3 100 16112 0.002073
389 217 3 100 19145 0.002073
366 298 3 100 41880 0.002073
53 372 3 100 6982 0.002073
140 239 3 100 143986 0.002073
71 395 3 100 273633 0.002073
313 51 3 100 427818 0.002073
98 274 3 100 448207 0.002073
248 269 3 100 5558 0.002073
240 319 3 100 11708 0.002073
256 41 3 100 41550 0.002074
357 189 3 100 16548 0.002074
170 60 3 100 19245 0.002074
388 200 3 100 45660 0.002074
210 242 3 100 38528 0.002074
30 284 3 100 15344 0.002074
369 206 3 100 5288 0.002074
289 124 3 100 21090 0.002074
325 89 3 100 387902 0.002075
96 304 3 100 33015 0.002075
52 85 3 100 7076 0.002076
38 173 3 100 39715 0.002076
213 52 3 100 14954 0.002076
220 161 3 100 9765 0.002077
59 322 3 100 13255 0.002077
285 346 3 100 29350 0.002077
331 267 3 100 40929 0.002077
115 212 3 100 27838 0.002078
23 205 3 100 12302 0.002078
381 360 3 100 17707 0.002078
128 328 3 100 26051 0.002078
287 47 3 100 125457 0.002078
55 120 3 100 38653 0.002078
29 24 3 100 25247 0.002078
277 109 3 100 30477 0.002078
89 20 3 100 14622 0.002078
101 327 3 100 38018 0.002079
286 194 3 100 23994 0.002079
148 381 3 100 32066 0.002079
40 32 3 100 32818 0.002079
293 131 3 100 44084 0.002079
31 55 3 100 35314 0.002079
27 270 3 100 131649 0.002079
51 320 3 100 181634 0.002079
209 251 3 100 32596 0.002080
294 324 3 100 24879 0.002080
282 89 3 100 24325 0.002080
22 251 3 100 3442 0.002080
403 273 3 100 18119 0.002081
331 305 3 100 8387 0.002081
37 314 3 100 261300 0.002081
188 23 3 100 1388 0.002081
208 212 3 100 18801 0.002081
182 395 3 100 459209 0.002082
280 158 3 100 21301 0.002082
222 274 3 100 298228 0.002082
216 188 3 100 36709 0.002082
183 283 3 100 30156 0.002082
394 135 3 100 14559 0.002082
376 392 3 100 11172 0.002083
287 337 3 100 30596 0.002083
189 351 3 100 37649 0.002083
300 241 3 100 32556 0.002083
290 305 3 100 37887 0.002083
188 205 3 100 41034 0.002084
191 333 3 100 13161 0.002084
148 67 3 100 15604 0.002084
101 275 3 100 11123 0.002084
376 231 3 100 41630 0.002085
131 221 3 100 20223 0.002085
173 317 3 100 12160 0.002085
266 313 3 100 37931 0.002085
385 343 3 100 40969 0.002085
43 359 3 100 37299 0.002085
244 193 3 100 32513 0.002085
258 77 3 100 9362 0.002085
313 392 3 100 147894 0.002085
142 355 3 100 16237 0.002086
76 145 3 100 21688 0.002086
129 133 3 100 5601 0.002086
231 211 3 100 44052 0.002086
363 222 3 100 445554 0.002086
76 225 3 100 17395 0.002087
269 325 3 100 130235 0.002087
219 163 3 100 35083 0.002087
392 316 3 100 39417 0.002087
266 155 3 100 993 0.002087
251 343 3 100 41487 0.002087
213 230 3 100 9063 0.002087
293 144 3 100 34200 0.002088
20 37 3 100 235866 0.002088
252 359 3 100 31300 0.002088
284 161 3 100 32564 0.002088
170 383 3 100 17102 0.002089
130 382 3 100 16061 0.002089
351 92 3 100 40183 0.002089
320 330 3 100 17604 0.002090
322 171 3 100 246294 0.002090
389 216 3 100 22503 0.002090
166 128 3 100 28259 0.002090
105 307 3 100 30849 0.002090
127 363 3 100 25886 0.002091
348 59 3 100 6943 0.002091
173 390 3 100 42988 0.002091
253 331 3 100 195787 0.002091
185 348 3 100 24596 0.002091
149 92 3 100 11593 0.002091
110 168 3 100 1346 0.002091
243 103 3 100 11474 0.002091
101 199 3 100 22450 0.002091
113 325 3 100 332440 0.002092
135 116 3 100 15462 0.002092
222 338 3 100 22472 0.002092
100 36 3 100 12376 0.002092
363 121 3 100 45719 0.002093
46 51 3 100 13062 0.002093
171 56 3 100 11798 0.002093
394 348 3 100 89754 0.002093
51 332 3 100 34249 0.002093
175 26 3 100 71792 0.002093
223 328 3 100 26510 0.002094
394 378 3 100 406671 0.002094
198 102 3 100 27784 0.002094
262 240 3 100 14876 0.002094
158 89 3 100 319176 0.002094
180 250 3 100 311498 0.002094
53 79 3 100 349 0.002095
293 123 3 100 21011 0.002095
28 336 3 100 27234 0.002095
82 81 3 100 5080 0.002095
221 145 3 100 184050 0.002095
345 182 3 100 4602 0.002095
191 78 3 100 13890 0.002095
99 136 3 100 7803 0.002095
365 115 3 100 249379 0.002095
61 216 3 100 15517 0.002095
373 187 3 100 40937 0.002095
122 302 3 100 256186 0.002095
348 50 3 100 34248 0.002096
140 121 3 100 38664 0.002096
110 363 3 100 35932 0.002096
310 163 3 100 20590 0.002096
136 398 3 100 7756 0.002096
326 24 3 100 368275 0.002096
128 144 3 100 18292 0.002097
256 118 3 100 35865 0.002097
106 147 3 100 2764 0.002097
259 142 3 100 28961 0.002097
187 190 3 100 23869 0.002098
248 260 3 100 437073 0.002098
341 222 3 100 12203 0.002098
91 342 3 100 20770 0.002098
45 168 3 100 18116 0.002098
328 245 3 100 12238 0.002098
314 51 3 100 28428 0.002099
78 149 3 100 2410 0.002099
356 250 3 100 89083 0.002099
101 204 3 100 19878 0.002099
20 168 3 100 13927 0.002099
82 80 3 100 22538 0.002099
106 267 3 100 34837 0.002099
332 134 3 100 15866 0.002099
311 53 3 100 409091 0.002099
232 391 3 100 28918 0.002100
167 52 3 100 31947 0.002100
253 90 3 100 14762 0.002101
234 306 3 100 8930 0.002101
343 255 3 100 28960 0.002101
270 28 3 100 364229 0.002101
32 173 3 100 17548 0.002101
403 252 3 100 888 0.002101
347 103 3 100 369315 0.002101
256 338 3 100 12887 0.002101
290 78 3 100 25420 0.002101
192 232 3 100 4466 0.002101
310 360 3 100 9073 0.002101
48 103 3 100 34109 0.002101
207 362 3 100 19331 0.002102
306 398 3 100 3999 0.002102
200 367 3 100 253751 0.002102
303 279 3 100 37473 0.002102
119 102 3 100 428525 0.002102
287 236 3 100 15478 0.002102
154 141 3 100 16450 0.002102
319 215 3 100 3199 0.002103
77 108 3 100 24253 0.002103
70 382 3 100 142640 0.002103
366 392 3 100 35041 0.002103
227 330 3 100 17651 0.002103
325 237 3 100 19749 0.002103
316 119 3 100 465 0.002103
34 202 3 100 35071 0.002103
36 50 3 100 29312 0.002104
361 308 3 100 394979 0.002104
69 184 3 100 19947 0.002104
402 65 3 100 38253 0.002104
214 169 3 100 40351 0.002104
265 290 3 100 8193 0.002104
23 169 3 100 12749 0.002104
143 397 3 100 34655 0.002104
208 267 3 100 30823 0.002104
286 338 3 100 20331 0.002104
128 192 3 100 2377 0.002105
93 305 3 100 2156 0.002105
188 152 3 100 9818 0.002105
219 186 3 100 724 0.002105
377 285 3 100 91180 0.002105
203 390 3 100 33141 0.002105
215 178 3 100 42557 0.002106
92 335 3 100 37574 0.002106
204 82 3 100 331167 0.002106
123 240 3 100 34226 0.002106
375 129 3 100 22113 0.002106
71 358 3 100 5766 0.002106
154 124 3 100 21990 0.002106
81 48 3 100 26310 0.002107
296 289 3 100 29993 0.002107
161 327 3 100 17840 0.002107
69 92 3 100 5202 0.002107
53 392 3 100 22889 0.002107
164 136 3 100 34389 0.002108
22 61 3 100 30924 0.002108
249 279 3 100 393030 0.002108
260 354 3 100 5797 0.002108
89 144 3 100 23616 0.002108
377 318 3 100 4923 0.002109
166 40 3 100 44684 0.002109
105 373 3 100 33757 0.002109
378 21 3 100 36960 0.002109
62 130 3 100 380767 0.002109
109 44 3 100 11237 0.002110
129 261 3 100 24454 0.002110
226 222 3 100 100609 0.002110
275 154 3 100 28865 0.002110
386 266 3 100 13634 0.002110
39 176 3 100 30954 0.002110
184 233 3 100 8589 0.002110
166 256 3 100 229315 0.002111
341 214 3 100 40524 0.002111
154 82 3 100 11745 0.002111
339 125 3 100 3340 0.002111
377 154 3 100 43549 0.002112
374 353 3 100 14350 0.002112
234 238 3 100 30381 0.002112
373 165 3 100 25383 0.002112
200 183 3 100 232 0.002112
361 382 3 100 45981 0.002112
116 356 3 100 279837 0.002112
133 146 3 100 11307 0.002113
373 338 3 100 20731 0.002113
159 368 3 100 8260 0.002113
251 207 3 100 10258 0.002113
115 89 3 100 12644 0.002113
279 38 3 100 121988 0.002113
187 297 3 100 38432 0.002113
387 355 3 100 17944 0.002114
194 227 3 100 526 0.002114
373 386 3 100 12552 0.002114
168 26 3 100 30665 0.002114
32 138 3 100 13427 0.002115
173 321 3 100 231779 0.002115
20 150 3 100 17963 0.002115
183 125 3 100 270761 0.002115
216 244 3 100 39483 0.002115
358 292 3 100 33054 0.002116
239 179 3 100 145 0.002116
290 105 3 100 34151 0.002116
231 369 3 100 6358 0.002116
55 358 3 100 37414 0.002117
286 192 3 100 160462 0.002117
359 147 3 100 401086 0.002117
240 137 3 100 32742 0.002117
263 197 3 100 8644 0.002117
129 307 3 100 4875 0.002117
177 175 3 100 5098 0.002117
39 64 3 100 1849 0.002117
93 166 3 100 343481 0.002117
347 130 3 100 2282 0.002118
251 119 3 100 42971 0.002118
48 115 3 100 41153 0.002118
126 368 3 100 26654 0.002119
258 113 3 100 4964 0.002119
111 174 3 100 876 0.002119
201 288 3 100 6909 0.002119
316 118 3 100 22219 0.002119
26 249 3 100 26134 0.002119
345 353 3 100 12111 0.002119
165 187 3 100 13567 0.002119
304 181 3 100 18122 0.002119
388 206 3 100 32018 0.002120
185 271 3 100 37292 0.002120
394 50 3 100 1538 0.002120
92 345 3 100 30454 0.002120
98 258 3 100 10822 0.002120
285 131 3 100 291954 0.002121
27 82 3 100 20823 0.002121
270 77 3 100 203703 0.002121
108 359 3 100 29763 0.002121
126 25 3 100 10572 0.002121
264 221 3 100 13372 0.002121
260 327 3 100 16132 0.002122
68 249 3 100 27773 0.002122
211 387 3 100 44835 0.002122
99 257 3 100 434322 0.002122
390 255 3 100 343064 0.002122
180 342 3 100 29428 0.002123
121 210 3 100 20 0.002123
31 259 3 100 344378 0.002123
55 43 3 100 308770 0.002123
171 238 3 100 32776 0.002123
72 173 3 100 34466 0.002123
158 335 3 100 7835 0.002123
360 181 3 100 31924 0.002123
40 283 3 100 12009 0.002123
111 191 3 100 9530 0.002123
369 282 3 100 29555 0.002124
45 28 3 100 336088 0.002124
402 225 3 100 23608 0.002124
130 210 3 100 6236 0.002124
392 356 3 100 45723 0.002124
175 273 3 100 41974 0.002124
177 98 3 100 27007 0.002124
160 232 3 100 5755 0.002124
98 272 3 100 42762 0.002125
282 81 3 100 40762 0.002125
299 87 3 100 11010 0.002125
69 169 3 100 13043 0.002125
296 291 3 100 29538 0.002125
185 290 3 100 30151 0.002125
225 403 3 100 1227 0.002125
284 23 3 100 37477 0.002126
248 364 3 100 217320 0.002126
157 300 3 100 447 0.002126
149 239 3 100 26896 0.002126
129 229 3 100 31210 0.002126
396 271 3 100 154821 0.002127
59 104 3 100 13859 0.002127
43 272 3 100 33147 0.002127
257 172 3 100 413029 0.002127
271 61 3 100 17899 0.002127
21 189 3 100 2651 0.002127
226 251 3 100 45843 0.002127
31 93 3 100 37179 0.002128
228 355 3 100 42452 0.002128
238 160 3 100 2224 0.002128
87 212 3 100 39549 0.002128
204 224 3 100 27220 0.002128
213 27 3 100 22458 0.002128
379 209 3 100 21141 0.002129
90 403 3 100 29611 0.002130
182 58 3 100 33679 0.002130
191 155 3 100 20841 0.002130
290 159 3 100 27634 0.002130
25 268 3 100 110345 0.002130
292 352 3 100 91 0.002131
274 340 3 100 36250 0.002131
348 128 3 100 22632 0.002131
191 30 3 100 78849 0.002131
229 300 3 100 319904 0.002131
324 344 3 100 38245 0.002131
194 68 3 100 390902 0.002131
197 372 3 100 11418 0.002131
390 39 3 100 7450 0.002131
274 145 3 100 41011 0.002132
48 136 3 100 359838 0.002132
123 58 3 100 61178 0.002132
213 179 3 100 10587 0.002132
211 323 3 100 688 0.002132
125 297 3 100 22179 0.002132
216 326 3 100 44314 0.002132
119 169 3 100 34766 0.002132
123 201 3 100 45106 0.002133
143 249 3 100 45838 0.002133
347 300 3 100 144 0.002133
184 351 3 100 32099 0.002133
341 39 3 100 40637 0.002133
328 97 3 100 41056 0.002133
135 166 3 100 37247 0.002134
184 61 3 100 36071 0.002134
122 357 3 100 69521 0.002134
37 346 3 100 37647 0.002134
36 177 3 100 42788 0.002134
124 236 3 100 19387 0.002134
197 292 3 100 35047 0.002134
57 341 3 100 41728 0.002134
343 68 3 100 302948 0.002135
85 28 3 100 19823 0.002135
54 39 3 100 22241 0.002135
109 371 3 100 40169 0.002135
331 102 3 100 99976 0.002135
210 23 3 100 2252 0.002135
173 124 3 100 16578 0.002136
356 70 3 100 160149 0.002136
77 258 3 100 28827 0.002136
146 246 3 100 43220 0.002136
154 255 3 100 19465 0.002137
30 65 3 100 6829 0.002137
327 176 3 100 31901 0.002137
85 73 3 100 111590 0.002137
205 73 3 100 30949 0.002138
317 85 3 100 20208 0.002138
389 118 3 100 846 0.002138
321 387 3 100 13001 0.002138
87 292 3 100 39522 0.002138
273 79 3 100 373385 0.002138
187 25 3 100 37562 0.002138
309 291 3 100 6901 0.002138
208 286 3 100 22570 0.002138
29 347 3 100 26786 0.002138
129 77 3 100 22776 0.002139
31 339 3 100 340547 0.002139
280 187 3 100 21236 0.002139
205 285 3 100 45358 0.002139
134 44 3 100 45234 0.002140
326 398 3 100 10333 0.002141
229 123 3 100 35155 0.002141
334 297 3 100 20446 0.002142
142 207 3 100 4901 0.002142
189 91 3 100 20490 0.002142
324 39 3 100 28527 0.002142
77 90 3 100 8072 0.002143
317 143 3 100 40141 0.002143
37 391 3 100 42687 0.002143
330 142 3 100 91851 0.002144
386 68 3 100 33975 0.002144
151 126 3 100 3216 0.002144
29 360 3 100 18586 0.002145
188 376 3 100 223010 0.002145
265 193 3 100 44445 0.002145
268 44 3 100 15511 0.002145
37 287 3 100 36202 0.002146
365 263 3 100 35394 0.002146
393 135 3 100 45575 0.002146
181 173 3 100 21931 0.002146
94 272 3 100 16100 0.002146
334 134 3 100 5528 0.002146
119 358 3 100 125051 0.002147
202 176 3 100 164789 0.002147
304 230 3 100 373449 0.002147
222 263 3 100 32655 0.002147
248 117 3 100 16077 0.002147
149 188 3 100 335303 0.002147
308 180 3 100 31894 0.002147
136 86 3 100 14767 0.002147
110 120 3 100 44199 0.002148
111 29 3 100 13455 0.002148
214 36 3 100 235848 0.002148
96 269 3 100 34887 0.002148
200 118 3 100 1567 0.002148
194 202 3 100 39083 0.002148
185 224 3 100 28679 0.002149
152 344 3 100 23052 0.002149
62 172 3 100 37224 0.002149
257 177 3 100 185567 0.002149
400 379 3 100 31504 0.002149
92 125 3 100 25451 0.002149
50 185 3 100 30799 0.002149
103 252 3 100 53132 0.002149
138 39 3 100 39 0.002149
123 99 3 100 3564 0.002150
373 397 3 100 15822 0.002150
139 351 3 100 38569 0.002150
158 402 3 100 13850 0.002150
190 84 3 100 10315 0.002150
350 150 3 100 40815 0.002150
190 379 3 100 102900 0.002150
92 175 3 100 42023 0.002150
33 37 3 100 16187 0.002150
234 397 3 100 29749 0.002150
170 102 3 100 3747 0.002150
34 265 3 100 43519 0.002150
45 319 3 100 44967 0.002151
218 300 3 100 21895 0.002151
356 313 3 100 28360 0.002151
46 136 3 100 10341 0.002151
376 267 3 100 25612 0.002151
206 359 3 100 441709 0.002151
128 103 3 100 44728 0.002151
112 281 3 100 14914 0.002151
204 28 3 100 18682 0.002151
171 110 3 100 29242 0.002151
267 142 3 100 23075 0.002151
350 67 3 100 3918 0.002152
289 91 3 100 35896 0.002152
326 122 3 100 25789 0.002152
310 189 3 100 9958 0.002153
381 237 3 100 26419 0.002153
53 401 3 100 36725 0.002153
142 224 3 100 10866 0.002153
271 203 3 100 35767 0.002153
229 244 3 100 39712 0.002153
363 189 3 100 18095 0.002153
38 21 3 100 23612 0.002153
254 351 3 100 434834 0.002153
149 165 3 100 26376 0.002153
133 373 3 100 31145 0.002154
299 232 3 100 22520 0.002154
53 55 3 100 224582 0.002154
316 341 3 100 106892 0.002154
172 275 3 100 40487 0.002155
177 90 3 100 25265 0.002155
103 85 3 100 89890 0.002155
93 59 3 100 877 0.002155
378 126 3 100 17327 0.002156
107 187 3 100 89329 0.002156
71 182 3 100 425758 0.002156
161 45 3 100 44942 0.002156
290 252 3 100 6513 0.002156
68 351 3 100 144029 0.002156
97 242 3 100 33130 0.002157
238 28 3 100 30053 0.002157
366 385 3 100 29145 0.002157
145 75 3 100 11758 0.002157
296 217 3 100 33001 0.002157
215 107 3 100 3643 0.002157
293 98 3 100 9400 0.002158
144 299 3 100 146351 0.002158
401 77 3 100 36662 0.002158
329 388 3 100 32908 0.002158
258 142 3 100 40251 0.002158
78 217 3 100 25344 0.002158
289 155 3 100 15749 0.002159
313 138 3 100 44488 0.002159
53 105 3 100 2863 0.002159
362 138 3 100 439115 0.002159
127 47 3 100 29966 0.002160
343 222 3 100 29947 0.002160
185 308 3 100 20515 0.002160
344 384 3 100 5765 0.002160
170 135 3 100 16796 0.002160
211 340 3 100 24686 0.002160
24 68 3 100 1549 0.002160
400 139 3 100 30323 0.002160
78 283 3 100 39280 0.002160
402 342 3 100 19240 0.002161
126 397 3 100 31139 0.002161
23 154 3 100 41214 0.002161
46 319 3 100 36458 0.002161
66 288 3 100 41905 0.002161
96 183 3 100 137824 0.002162
34 374 3 100 43499 0.002162
46 211 3 100 19652 0.002162
175 202 3 100 42534 0.002162
306 308 3 100 44180 0.002162
278 186 3 100 4002 0.002163
185 155 3 100 453846 0.002163
35 327 3 100 407 0.002163
314 170 3 100 4370 0.002163
110 89 3 100 25436 0.002163
300 183 3 100 24061 0.002163
43 47 3 100 21051 0.002163
337 387 3 100 33701 0.002163
250 244 3 100 14119 0.002163
303 21 3 100 32959 0.002163
72 120 3 100 19639 0.002163
82 290 3 100 22759 0.002164
299 183 3 100 312671 0.002164
88 293 3 100 240773 0.002164
388 367 3 100 26235 0.002164
67 75 3 100 45540 0.002165
192 358 3 100 23664 0.002165
121 338 3 100 24650 0.002165
374 200 3 100 41719 0.002165
267 290 3 100 155526 0.002166
253 26 3 100 389837 0.002166
83 138 3 100 31277 0.002166
129 389 3 100 32021 0.002166
381 106 3 100 36762 0.002166
151 221 3 100 33446 0.002166
170 212 3 100 9639 0.002166
82 52 3 100 364194 0.002167
300 179 3 100 13085 0.002167
339 224 3 100 7481 0.002167
331 185 3 100 23706 0.002167
88 351 3 100 10867 0.002167
356 291 3 100 19589 0.002168
27 381 3 100 40997 0.002168
222 276 3 100 20643 0.002168
391 97 3 100 12014 0.002168
289 388 3 100 19621 0.002168
94 223 3 100 43795 0.002169
57 193 3 100 7847 0.002169
340 190 3 100 388229 0.002169
143 324 3 100 15379 0.002169
392 389 3 100 2529 0.002169
79 147 3 100 36954 0.002169
307 355 3 100 27459 0.002169
320 42 3 100 24834 0.002169
44 65 3 100 26471 0.002169
389 357 3 100 3193 0.002170
63 40 3 100 4635 0.002170
155 265 3 100 10356 0.002170
301 43 3 100 1941 0.002170
361 286 3 100 43491 0.002170
169 32 3 100 5112 0.002170
246 347 3 100 9341 0.002170
50 60 3 100 39769 0.002171
398 161 3 100 34736 0.002171
360 39 3 100 16946 0.002171
183 364 3 100 13738 0.002171
346 190 3 100 4064 0.002171
363 344 3 100 33748 0.002171
222 152 3 100 21615 0.002171
161 402 3 100 41674 0.002171
32 195 3 100 29764 0.002171
54 285 3 100 41219 0.002172
395 62 3 100 18738 0.002172
373 371 3 100 369041 0.002172
115 255 3 100 43233 0.002172
368 352 3 100 7218 0.002172
174 292 3 100 33301 0.002173
392 334 3 100 39736 0.002173
338 341 3 100 384268 0.002173
349 85 3 100 25675 0.002173
328 267 3 100 15508 0.002173
394 389 3 100 18103 0.002173
32 334 3 100 40918 0.002173
109 391 3 100 6409 0.002173
185 356 3 100 15200 0.002174
113 103 3 100 21003 0.002174
255 82 3 100 25810 0.002174
229 56 3 100 11323 0.002174
367 248 3 100 2908 0.002175
107 359 3 100 38070 0.002175
36 32 3 100 3310 0.002175
208 205 3 100 403185 0.002175
31 277 3 100 16371 0.002175
122 117 3 100 10778 0.002176
80 35 3 100 5272 0.002176
154 281 3 100 13461 0.002176
52 397 3 100 25653 0.002176
253 264 3 100 5803 0.002176
63 113 3 100 11102 0.002176
56 361 3 100 33797 0.002176
47 45 3 100 23299 0.002177
262 248 3 100 5834 0.002177
358 350 3 100 32497 0.002177
68 371 3 100 18114 0.002177
22 250 3 100 4800 0.002177
147 48 3 100 38287 0.002177
271 270 3 100 18050 0.002177
202 292 3 100 21279 0.002178
37 247 3 100 36443 0.002178
206 20 3 100 455527 0.002178
329 44 3 100 9324 0.002178
72 399 3 100 71603 0.002178
175 389 3 100 32551 0.002178
247 364 3 100 29501 0.002178
268 273 3 100 33957 0.002179
298 204 3 100 27024 0.002179
72 323 3 100 32392 0.002179
382 305 3 100 21648 0.002180
379 247 3 100 13008 0.002180
313 356 3 100 289536 0.002180
231 171 3 100 170078 0.002180
384 252 3 100 18900 0.002180
318 322 3 100 20005 0.002180
203 33 3 100 40580 0.002181
323 213 3 100 28100 0.002181
230 135 3 100 97283 0.002181
355 264 3 100 13187 0.002181
92 337 3 100 43712 0.002181
92 280 3 100 38232 0.002181
163 43 3 100 16451 0.002182
325 263 3 100 428938 0.002182
228 109 3 100 2538 0.002182
400 138 3 100 16643 0.002182
163 318 3 100 24578 0.002182
78 324 3 100 19131 0.002182
236 181 3 100 30705 0.002182
75 44 3 100 186403 0.002182
330 249 3 100 2122 0.002183
58 308 3 100 35437 0.002183
148 273 3 100 14247 0.002183
246 119 3 100 35267 0.002183
203 269 3 100 23548 0.002183
214 139 3 100 25444 0.002183
254 140 3 100 38131 0.002183
225 166 3 100 24784 0.002183
50 289 3 100 15488 0.002183
318 245 3 100 312490 0.002184
294 280 3 100 91433 0.002184
200 179 3 100 246595 0.002184
254 148 3 100 314 0.002184
397 193 3 100 378030 0.002185
146 344 3 100 42902 0.002185
375 389 3 100 9365 0.002185
389 48 3 100 62971 0.002186
107 106 3 100 23821 0.002186
328 146 3 100 22222 0.002186
263 92 3 100 202079 0.002186
81 395 3 100 2806 0.002186
164 217 3 100 5804 0.002186
345 342 3 100 34960 0.002186
361 379 3 100 6674 0.002188
238 156 3 100 45701 0.002188
248 268 3 100 23744 0.002188
178 188 3 100 162321 0.002188
277 370 3 100 15017 0.002188
294 80 3 100 9768 0.002189
283 286 3 100 13976 0.002189
347 379 3 100 1157 0.002189
318 187 3 100 44277 0.002189
232 22 3 100 19050 0.002190
373 249 3 100 190428 0.002190
232 382 3 100 31780 0.002190
44 59 3 100 31371 0.002190
334 68 3 100 11025 0.002190
300 136 3 100 5737 0.002190
209 132 3 100 144555 0.002191
51 282 3 100 231066 0.002191
329 339 3 100 33633 0.002191
256 182 3 100 5187 0.002191
339 159 3 100 2685 0.002191
343 116 3 100 41133 0.002192
56 66 3 100 16587 0.002192
240 238 3 100 24023 0.002192
336 387 3 100 4106 0.002192
113 133 3 100 16548 0.002192
243 298 3 100 22751 0.002192
295 285 3 100 354069 0.002193
220 205 3 100 7329 0.002193
85 214 3 100 319004 0.002193
96 262 3 100 34187 0.002193
326 360 3 100 24496 0.002193
121 183 3 100 2106 0.002193
270 283 3 100 26139 0.002193
92 401 3 100 15207 0.002194
212 293 3 100 45167 0.002194
329 297 3 100 27255 0.002194
169 316 3 100 9243 0.002195
182 118 3 100 275115 0.002195
381 24 3 100 413451 0.002195
365 326 3 100 29595 0.002195
389 219 3 100 123081 0.002195
191 39 3 100 225533 0.002195
307 246 3 100 33000 0.002196
346 299 3 100 12651 0.002196
300 287 3 100 2267 0.002196
248 320 3 100 23399 0.002196
270 44 3 100 39819 0.002196
290 263 3 100 10978 0.002196
191 289 3 100 44030 0.002197
247 198 3 100 33896 0.002197
101 173 3 100 6101 0.002197
101 36 3 100 140353 0.002197
295 374 3 100 71869 0.002198
44 397 3 100 31136 0.002198
218 255 3 100 23129 0.002198
273 92 3 100 16002 0.002198
85 100 3 100 38580 0.002198
93 337 3 100 41362 0.002198
93 141 3 100 38472 0.002199
360 101 3 100 34625 0.002199
113 114 3 100 3303 0.002199
378 302 3 100 42867 0.002199
255 295 3 100 33177 0.002199
253 144 3 100 16037 0.002199
190 309 3 100 130241 0.002199
143 28 3 100 15802 0.002200
329 75 3 100 42511 0.002200
324 128 3 100 24806 0.002200
230 28 3 100 34807 0.002200
91 299 3 100 111799 0.002200
386 399 3 100 27801 0.002201
234 394 3 100 12675 0.002201
349 127 3 100 16486 0.002201
31 235 3 100 454226 0.002201
299 401 3 100 1366 0.002202
38 261 3 100 24864 0.002202
335 80 3 100 37409 0.002202
145 240 3 100 273982 0.002202
342 317 3 100 39270 0.002202
262 57 3 100 36637 0.002203
150 64 3 100 26506 0.002204
311 36 3 100 24233 0.002204
195 232 3 100 31343 0.002204
351 224 3 100 176194 0.002204
281 312 3 100 6735 0.002205
172 105 3 100 46014 0.002205
46 297 3 100 39593 0.002205
355 390 3 100 44285 0.002205
117 122 3 100 369639 0.002206
113 383 3 100 28402 0.002206
250 210 3 100 23698 0.002206
225 260 3 100 27545 0.002206
384 403 3 100 26983 0.002206
373 71 3 100 27758 0.002206
221 162 3 100 40388 0.002206
30 267 3 100 5044 0.002206
114 320 3 100 14454 0.002207
49 91 3 100 31032 0.002207
235 309 3 100 40517 0.002207
341 340 3 100 26765 0.002207
395 144 3 100 18819 0.002207
35 106 3 100 13165 0.002207
255 165 3 100 23603 0.002207
220 176 3 100 356345 0.002208
366 270 3 100 35986 0.002208
173 180 3 100 424159 0.002208
242 194 3 100 25203 0.002208
268 195 3 100 16948 0.002208
364 383 3 100 11404 0.002209
254 403 3 100 37837 0.002209
119 177 3 100 73222 0.002209
190 124 3 100 26633 0.002209
104 250 3 100 282915 0.002210
307 192 3 100 21322 0.002210
349 285 3 100 6630 0.002210
310 153 3 100 18645 0.002210
64 266 3 100 9805 0.002210
20 32 3 100 325057 0.002210
204 178 3 100 263731 0.002210
345 117 3 100 1632 0.002210
73 350 3 100 37061 0.002210
391 321 3 100 14196 0.002211
38 191 3 100 12437 0.002211
293 47 3 100 11541 0.002211
273 52 3 100 28351 0.002211
340 180 3 100 8335 0.002211
390 301 3 100 27285 0.002211
171 103 3 100 15050 0.002211
45 329 3 100 20937 0.002211
289 114 3 100 10128 0.002212
20 110 3 100 24837 0.002212
359 314 3 100 45023 0.002212
266 188 3 100 39218 0.002212
46 67 3 100 454235 0.002212
163 201 3 100 29793 0.002212
120 261 3 100 191115 0.002212
374 93 3 100 44124 0.002212
147 300 3 100 32293 0.002213
225 87 3 100 34966 0.002213
149 24 3 100 45350 0.002213
261 223 3 100 1584 0.002213
337 78 3 100 143583 0.002213
125 102 3 100 34359 0.002213
393 152 3 100 42439 0.002213
277 165 3 100 40073 0.002213
107 327 3 100 38196 0.002213
55 392 3 100 20076 0.002214
355 213 3 100 213746 0.002214
125 248 3 100 23925 0.002214
209 394 3 100 66366 0.002214
254 79 3 100 31248 0.002214
67 72 3 100 3535 0.002215
289 321 3 100 259886 0.002215
155 340 3 100 18165 0.002215
306 127 3 100 32712 0.002216
53 370 3 100 29567 0.002216
90 217 3 100 126759 0.002216
71 36 3 100 37802 0.002216
109 96 3 100 365548 0.002216
373 390 3 100 41300 0.002216
181 217 3 100 11431 0.002217
402 170 3 100 37297 0.002217
232 263 3 100 38020 0.002217
257 42 3 100 45353 0.002217
126 45 3 100 27660 0.002217
383 152 3 100 284141 0.002218
109 110 3 100 24708 0.002218
262 80 3 100 381511 0.002218
33 301 3 100 31546 0.002218
246 366 3 100 6955 0.002218
250 358 3 100 4781 0.002219
110 157 3 100 40134 0.002219
311 313 3 100 9480 0.002219
275 327 3 100 17534 0.002219
334 34 3 100 1333 0.002219
261 310 3 100 32889 0.002219
30 269 3 100 3027 0.002219
307 222 3 100 41221 0.002220
294 274 3 100 227669 0.002220
369 231 3 100 30322 0.002221
353 148 3 100 355535 0.002221
209 236 3 100 33865 0.002221
206 203 3 100 5898 0.002221
271 221 3 100 7318 0.002221
364 180 3 100 597 0.002221
383 218 3 100 70686 0.002222
337 143 3 100 119367 0.002222
189 103 3 100 29776 0.002222
326 321 3 100 411459 0.002222
252 294 3 100 24451 0.002222
368 332 3 100 69888 0.002223
169 260 3 100 37428 0.002223
74 381 3 100 410532 0.002223
206 371 3 100 31909 0.002224
367 147 3 100 45734 0.002224
255 355 3 100 447081 0.002224
364 132 3 100 36630 0.002224
302 32 3 100 45560 0.002224
225 127 3 100 9691 0.002225
186 373 3 100 388505 0.002225
322 272 3 100 11357 0.002225
266 200 3 100 22865 0.002225
255 102 3 100 31607 0.002225
338 138 3 100 20935 0.002225
354 26 3 100 16836 0.002225
324 162 3 100 472 0.002225
79 360 3 100 37355 0.002226
275 228 3 100 11339 0.002226
55 101 3 100 7826 0.002226
133 159 3 100 370129 0.002226
217 58 3 100 11751 0.002226
197 109 3 100 23774 0.002226
162 301 3 100 17354 0.002227
204 106 3 100 118 0.002227
238 388 3 100 43936 0.002227
139 224 3 100 27244 0.002227
157 88 3 100 26879 0.002227
335 43 3 100 7645 0.002228
98 370 3 100 32363 0.002229
336 43 3 100 11174 0.002229
114 80 3 100 16286 0.002229
181 163 3 100 40333 0.002229
376 371 3 100 45256 0.002229
233 292 3 100 29258 0.002230
85 157 3 100 34848 0.002230
208 263 3 100 10441 0.002230
232 348 3 100 14978 0.002230
123 197 3 100 41240 0.002230
311 226 3 100 26087 0.002230
86 166 3 100 356986 0.002231
201 364 3 100 26343 0.002231
157 251 3 100 184408 0.002231
36 117 3 100 28272 0.002231
163 100 3 100 324889 0.002231
274 148 3 100 41571 0.002232
20 239 3 100 16588 0.002232
174 214 3 100 3097 0.002232
33 329 3 100 15804 0.002232
162 224 3 100 29803 0.002233
66 207 3 100 22006 0.002234
24 366 3 100 28448 0.002234
372 241 3 100 409582 0.002234
150 233 3 100 2737 0.002234
170 230 3 100 29083 0.002234
387 43 3 100 26229 0.002234
322 33 3 100 24386 0.002234
397 286 3 100 14249 0.002234
273 367 3 100 44608 0.002234
300 26 3 100 32102 0.002234
148 361 3 100 11024 0.002234
168 76 3 100 38581 0.002235
334 310 3 100 28592 0.002235
161 45 3 100 167366 0.002236
131 60 3 100 102369 0.002236
348 330 3 100 29270 0.002236
112 355 3 100 41411 0.002236
364 342 3 100 17425 0.002237
300 55 3 100 42091 0.002237
51 67 3 100 23414 0.002237
240 355 3 100 3271 0.002237
46 119 3 100 9971 0.002238
259 104 3 100 8040 0.002238
279 398 3 100 12446 0.002238
235 237 3 100 12375 0.002238
237 294 3 100 193891 0.002239
258 370 3 100 38528 0.002239
217 186 3 100 44368 0.002239
354 32 3 100 20813 0.002241
47 329 3 100 40057 0.002241
128 201 3 100 28647 0.002241
228 302 3 100 18732 0.002241
366 185 3 100 15710 0.002241
83 384 3 100 33848 0.002241
54 266 3 100 12439 0.002241
282 60 3 100 1821 0.002241
397 270 3 100 42541 0.002241
249 102 3 100 18922 0.002242
218 363 3 100 16017 0.002242
283 21 3 100 20513 0.002242
209 37 3 100 11339 0.002242
191 341 3 100 25495 0.002242
64 68 3 100 21846 0.002243
126 75 3 100 25097 0.002243
357 299 3 100 5811 0.002243
140 211 3 100 19504 0.002243
245 83 3 100 15001 0.002244
296 83 3 100 7856 0.002244
45 389 3 100 2356 0.002244
115 311 3 100 27030 0.002244
366 381 3 100 181682 0.002244
288 322 3 100 242439 0.002244
187 355 3 100 372401 0.002245
309 285 3 100 404885 0.002245
188 256 3 100 22053 0.002246
327 67 3 100 37865 0.002246
310 93 3 100 335830 0.002246
335 295 3 100 22272 0.002246
385 63 3 100 41345 0.002246
52 113 3 100 17263 0.002246
108 236 3 100 3554 0.002247
110 386 3 100 10074 0.002247
159 150 3 100 38626 0.002247
194 119 3 100 13352 0.002247
147 84 3 100 152873 0.002247
343 105 3 100 8254 0.002247
25 233 3 100 15109 0.002247
164 366 3 100 6521 0.002247
85 236 3 100 43003 0.002248
228 111 3 100 41716 0.002248
152 255 3 100 25803 0.002248
197 288 3 100 40551 0.002248
245 108 3 100 42394 0.002248
256 120 3 100 2513 0.002248
59 206 3 100 1418 0.002249
120 61 3 100 30538 0.002249
47 147 3 100 27343 0.002249
55 368 3 100 138884 0.002249
246 346 3 100 23008 0.002250
345 292 3 100 13702 0.002250
136 400 3 100 28649 0.002250
215 68 3 100 42034 0.002250
318 125 3 100 195428 0.002250
402 328 3 100 27980 0.002250
31 23 3 100 38099 0.002250
358 176 3 100 32809 0.002250
386 70 3 100 155503 0.002250
26 369 3 100 35654 0.002250
70 161 3 100 35060 0.002250
295 195 3 100 4142 0.002251
50 212 3 100 43311 0.002251
272 394 3 100 17252 0.002251
241 399 3 100 11675 0.002251
69 178 3 100 17678 0.002251
324 380 3 100 6846 0.002251
373 127 3 100 25983 0.002252
401 374 3 100 30362 0.002252
82 38 3 100 37158 0.002252
221 223 3 100 19080 0.002252
51 197 3 100 2526 0.002252
141 242 3 100 16872 0.002253
160 194 3 100 41777 0.002253
355 20 3 100 29541 0.002253
23 196 3 100 10780 0.002253
123 307 3 100 44393 0.002253
157 141 3 100 31278 0.002253
253 190 3 100 414762 0.002253
179 223 3 100 19913 0.002253
357 152 3 100 253336 0.002253
225 347 3 100 3562 0.002254
111 110 3 100 25460 0.002254
141 97 3 100 83814 0.002254
237 152 3 100 9515 0.002254
71 299 3 100 23829 0.002254
112 103 3 100 44719 0.002254
244 79 3 100 30652 0.002255
31 171 3 100 39639 0.002255
29 348 3 100 19700 0.002255
174 383 3 100 12893 0.002256
241 377 3 100 256215 0.002256
91 382 3 100 230154 0.002256
156 107 3 100 155687 0.002256
366 50 3 100 407094 0.002256
202 300 3 100 138386 0.002257
142 347 3 100 25177 0.002257
316 245 3 100 41454 0.002257
126 116 3 100 39810 0.002257
234 60 3 100 179262 0.002257
161 160 3 100 27254 0.002258
85 368 3 100 1704 0.002258
109 110 3 100 212204 0.002258
146 256 3 100 6843 0.002258
209 302 3 100 27177 0.002258
272 221 3 100 14569 0.002258
353 100 3 100 18525 0.002258
316 213 3 100 5551 0.002258
86 65 3 100 9760 0.002258
304 247 3 100 131203 0.002258
381 354 3 100 343847 0.002259
384 272 3 100 28831 0.002259
247 389 3 100 20659 0.002259
194 148 3 100 41260 0.002259
233 272 3 100 34067 0.002259
239 105 3 100 31197 0.002259
68 158 3 100 32345 0.002259
124 167 3 100 15456 0.002260
241 160 3 100 11142 0.002260
200 61 3 100 36134 0.002260
336 218 3 100 39309 0.002260
375 279 3 100 26727 0.002260
359 374 3 100 16587 0.002260
83 254 3 100 72251 0.002261
273 76 3 100 34101 0.002261
242 274 3 100 5765 0.002261
130 179 3 100 5299 0.002261
392 204 3 100 43262 0.002261
266 177 3 100 38711 0.002261
185 379 3 100 6152 0.002261
272 154 3 100 31048 0.002262
391 333 3 100 3019 0.002262
74 305 3 100 194624 0.002262
178 371 3 100 22036 0.002262
86 60 3 100 73658 0.002262
151 323 3 100 2260 0.002262
40 68 3 100 237175 0.002263
306 149 3 100 9835 0.002263
39 104 3 100 5851 0.002263
274 70 3 100 36114 0.002263
28 294 3 100 393312 0.002263
70 200 3 100 3538 0.002263
383 91 3 100 436374 0.002264
170 389 3 100 45188 0.002264
344 159 3 100 1623 0.002264
384 380 3 100 35763 0.002264
363 222 3 100 9051 0.002264
158 390 3 100 37848 0.002264
168 225 3 100 44108 0.002264
386 34 3 100 1123 0.002265
223 208 3 100 49367 0.002266
119 324 3 100 26341 0.002266
281 278 3 100 14443 0.002266
252 195 3 100 37090 0.002266
324 75 3 100 42078 0.002267
47 270 3 100 344355 0.002267
276 208 3 100 27157 0.002267
111 388 3 100 4477 0.002267
201 287 3 100 28783 0.002267
285 149 3 100 13505 0.002267
346 371 3 100 6479 0.002267
37 269 3 100 22692 0.002267
197 225 3 100 622 0.002268
103 101 3 100 352151 0.002268
326 54 3 100 43403 0.002268
358 47 3 100 37328 0.002268
89 342 3 100 134581 0.002269
260 70 3 100 15056 0.002269
85 262 3 100 22578 0.002270
161 221 3 100 8020 0.002270
50 257 3 100 435790 0.002270
132 109 3 100 10404 0.002270
302 373 3 100 29073 0.002271
144 180 3 100 42912 0.002271
291 71 3 100 21914 0.002271
72 214 3 100 2295 0.002271
102 300 3 100 28641 0.002271
312 50 3 100 37103 0.002271
142 209 3 100 10000 0.002271
223 28 3 100 270504 0.002272
231 345 3 100 92017 0.002272
256 230 3 100 11965 0.002272
288 326 3 100 25229 0.002272
108 302 3 100 33817 0.002272
126 99 3 100 275044 0.002272
341 385 3 100 232957 0.002272
277 326 3 100 37778 0.002273
37 86 3 100 42000 0.002273
274 167 3 100 22455 0.002273
398 106 3 100 145065 0.002273
280 135 3 100 358500 0.002274
68 359 3 100 34020 0.002274
305 223 3 100 268184 0.002274
184 197 3 100 14275 0.002274
238 354 3 100 210705 0.002274
29 62 3 100 14448 0.002274
100 299 3 100 25756 0.002274
141 253 3 100 6649 0.002274
269 98 3 100 151349 0.002275
219 276 3 100 40396 0.002275
320 252 3 100 15734 0.002275
118 378 3 100 18830 0.002275
42 291 3 100 16006 0.002275
27 381 3 100 44702 0.002275
359 392 3 100 34870 0.002276
182 72 3 100 29681 0.002276
151 227 3 100 15277 0.002276
240 85 3 100 397623 0.002276
111 49 3 100 23522 0.002276
216 334 3 100 278629 0.002276
140 131 3 100 13293 0.002277
264 282 3 100 2339 0.002277
22 121 3 100 33033 0.002277
149 27 3 100 290882 0.002277
296 106 3 100 20421 0.002277
331 228 3 100 36950 0.002277
95 217 3 100 23263 0.002277
138 53 3 100 38012 0.002277
334 313 3 100 3492 0.002278
355 395 3 100 73908 0.002278
159 355 3 100 35183 0.002278
359 350 3 100 10379 0.002278
85 132 3 100 26194 0.002278
224 346 3 100 44091 0.002279
65 40 3 100 341648 0.002279
127 73 3 100 34317 0.002279
364 158 3 100 25219 0.002279
272 204 3 100 43884 0.002279
78 84 3 100 133007 0.002279
256 152 3 100 36576 0.002279
289 307 3 100 33821 0.002280
298 229 3 100 26428 0.002280
257 90 3 100 41591 0.002280
141 63 3 100 1406 0.002280
360 374 3 100 28824 0.002280
236 314 3 100 12051 0.002280
249 55 3 100 287761 0.002281
281 160 3 100 28386 0.002281
365 253 3 100 58437 0.002281
24 214 3 100 559 0.002281
326 36 3 100 37063 0.002281
297 52 3 100 33506 0.002282
309 335 3 100 14948 0.002282
73 334 3 100 8358 0.002282
271 93 3 100 31085 0.002283
319 348 3 100 24435 0.002283
79 301 3 100 11763 0.002283
356 39 3 100 279 0.002283
135 150 3 100 10637 0.002284
122 323 3 100 6011 0.002284
288 328 3 100 33067 0.002284
40 348 3 100 20281 0.002285
105 337 3 100 1067 0.002285
355 313 3 100 12945 0.002285
136 392 3 100 28640 0.002285
64 167 3 100 39315 0.002285
219 62 3 100 16584 0.002285
343 119 3 100 13349 0.002285
188 402 3 100 36095 0.002285
48 131 3 100 27723 0.002285
258 105 3 100 8224 0.002285
33 72 3 100 24215 0.002286
307 28 3 100 1647 0.002286
111 392 3 100 23543 0.002286
389 136 3 100 42554 0.002286
403 345 3 100 36485 0.002286
315 378 3 100 200245 0.002286
336 197 3 100 28683 0.002286
389 46 3 100 25616 0.002286
368 301 3 100 4672 0.002287
241 209 3 100 19842 0.002287
72 97 3 100 23831 0.002287
62 274 3 100 5916 0.002288
310 241 3 100 25047 0.002288
83 276 3 100 159472 0.002288
35 60 3 100 13541 0.002289
225 380 3 100 18365 0.002289
255 99 3 100 23373 0.002289
129 274 3 100 19202 0.002289
299 245 3 100 40194 0.002289
304 63 3 100 64247 0.002289
86 199 3 100 33073 0.002290
315 100 3 100 9323 0.002290
334 168 3 100 32002 0.002290
25 336 3 100 15636 0.002291
332 241 3 100 280605 0.002291
191 356 3 100 21766 0.002291
47 117 3 100 25702 0.002291
360 36 3 100 40882 0.002291
79 252 3 100 17653 0.002291
194 123 3 100 39645 0.002292
311 346 3 100 21197 0.002292
268 199 3 100 390483 0.002292
97 87 3 100 39063 0.002292
117 370 3 100 16302 0.002292
175 83 3 100 43951 0.002292
286 384 3 100 445367 0.002293
394 176 3 100 89574 0.002293
384 172 3 100 27958 0.002293
400 227 3 100 33162 0.002293
395 244 3 100 129402 0.002293
356 51 3 100 40835 0.002293
262 296 3 100 37553 0.002293
273 129 3 100 69256 0.002293
250 356 3 100 14615 0.002293
94 374 3 100 2878 0.002293
26 194 3 100 33657 0.002294
49 382 3 100 5233 0.002294
49 315 3 100 283992 0.002294
219 222 3 100 141549 0.002294
104 213 3 100 43656 0.002294
173 133 3 100 13996 0.002294
366 201 3 100 33826 0.002295
257 259 3 100 44878 0.002295
299 140 3 100 46009 0.002295
335 52 3 100 33687 0.002295
102 276 3 100 41712 0.002295
73 176 3 100 29088 0.002295
153 246 3 100 35162 0.002296
351 140 3 100 71 0.002296
173 365 3 100 41858 0.002297
245 300 3 100 30871 0.002297
117 381 3 100 28621 0.002297
382 312 3 100 43923 0.002297
402 168 3 100 5191 0.002297
123 371 3 100 11871 0.002297
58 106 3 100 16858 0.002298
178 321 3 100 25937 0.002298
396 363 3 100 9612 0.002298
101 387 3 100 127465 0.002299
338 192 3 100 19590 0.002299
81 272 3 100 2779 0.002299
69 46 3 100 141697 0.002299
74 236 3 100 35025 0.002300
385 191 3 100 20612 0.002300
110 215 3 100 32872 0.002300
309 384 3 100 30843 0.002300
84 83 3 100 428773 0.002301
395 341 3 100 36483 0.002301
291 319 3 100 25478 0.002301
57 20 3 100 114239 0.002301
253 55 3 100 41922 0.002301
369 302 3 100 15875 0.002301
387 142 3 100 434472 0.002301
385 102 3 100 41886 0.002302
295 349 3 100 13504 0.002302
210 258 3 100 34127 0.002302
333 199 3 100 17395 0.002302
283 125 3 100 18795 0.002302
324 317 3 100 92333 0.002302
177 372 3 100 2464 0.002303
82 287 3 100 24894 0.002303
122 77 3 100 44562 0.002303
178 233 3 100 61 0.002303
53 360 3 100 35710 0.002303
175 315 3 100 17238 0.002304
349 46 3 100 41228 0.002304
24 306 3 100 30183 0.002304
106 294 3 100 17457 0.002304
278 39 3 100 326749 0.002305
332 193 3 100 35370 0.002305
234 119 3 100 367907 0.002305
70 292 3 100 9258 0.002305
340 393 3 100 328233 0.002305
377 306 3 100 101751 0.002305
138 182 3 100 27862 0.002306
296 376 3 100 12413 0.002306
295 87 3 100 31282 0.002306
127 320 3 100 34207 0.002306
304 349 3 100 32413 0.002306
262 61 3 100 19562 0.002306
363 304 3 100 16801 0.002306
121 177 3 100 25943 0.002306
218 126 3 100 18859 0.002306
384 192 3 100 25965 0.002307
44 200 3 100 354644 0.002307
326 279 3 100 37256 0.002307
256 243 3 100 17468 0.002307
271 268 3 100 37427 0.002307
68 394 3 100 45750 0.002307
61 352 3 100 282785 0.002307
139 328 3 100 26422 0.002307
22 367 3 100 36339 0.002307
312 290 3 100 83444 0.002307
314 69 3 100 44340 0.002308
168 69 3 100 422967 0.002308
294 170 3 100 19042 0.002308
49 131 3 100 4997 0.002309
154 285 3 100 123920 0.002309
189 278 3 100 300469 0.002309
141 131 3 100 332893 0.002309
81 38 3 100 28373 0.002309
221 270 3 100 12145 0.002309
279 334 3 100 6658 0.002309
308 392 3 100 10236 0.002309
166 233 3 100 33263 0.002309
324 74 3 100 45949 0.002310
65 83 3 100 22286 0.002310
43 60 3 100 37678 0.002310
313 295 3 100 19812 0.002311
100 172 3 100 17651 0.002311
135 136 3 100 16473 0.002311
238 341 3 100 16876 0.002311
254 218 3 100 15771 0.002311
293 52 3 100 23497 0.002311
79 369 3 100 285158 0.002311
116 338 3 100 39812 0.002311
66 271 3 100 29671 0.002311
67 200 3 100 24627 0.002312
36 251 3 100 11150 0.002312
348 294 3 100 42204 0.002313
299 154 3 100 395329 0.002313
21 219 3 100 6557 0.002313
349 252 3 100 28655 0.002313
32 388 3 100 2860 0.002313
58 199 3 100 32040 0.002313
358 246 3 100 9700 0.002314
130 222 3 100 45124 0.002314
127 95 3 100 45711 0.002314
224 65 3 100 10731 0.002315
235 202 3 100 8163 0.002315
299 38 3 100 943 0.002315
309 215 3 100 85593 0.002315
65 204 3 100 35366 0.002315
188 333 3 100 32518 0.002316
403 339 3 100 3193 0.002316
111 395 3 100 14036 0.002316
139 196 3 100 459470 0.002316
22 141 3 100 3187 0.002316
51 160 3 100 43739 0.002316
402 95 3 100 40886 0.002316
155 385 3 100 37071 0.002316
217 46 3 100 410762 0.002316
290 189 3 100 44461 0.002317
140 245 3 100 29374 0.002317
102 348 3 100 362185 0.002317
295 37 3 100 15659 0.002317
402 316 3 100 343940 0.002317
183 361 3 100 21660 0.002317
182 71 3 100 35689 0.002317
214 109 3 100 23267 0.002318
222 22 3 100 116029 0.002318
51 106 3 100 23968 0.002318
157 231 3 100 9898 0.002318
363 168 3 100 411400 0.002318
31 283 3 100 37786 0.002318
119 147 3 100 372252 0.002319
231 51 3 100 36254 0.002319
379 52 3 100 21660 0.002319
83 355 3 100 16097 0.002319
59 47 3 100 25886 0.002320
363 352 3 100 37556 0.002320
108 205 3 100 12039 0.002320
30 278 3 100 35758 0.002321
109 297 3 100 23862 0.002321
103 197 3 100 18688 0.002321
383 202 3 100 36532 0.002321
274 160 3 100 35819 0.002321
175 244 3 100 3322 0.002321
59 195 3 100 35077 0.002321
228 232 3 100 171150 0.002322
342 318 3 100 4875 0.002322
244 118 3 100 161481 0.002322
363 94 3 100 8652 0.002322
161 287 3 100 11466 0.002322
106 80 3 100 34763 0.002322
390 399 3 100 23287 0.002322
42 280 3 100 244145 0.002322
48 274 3 100 26249 0.002322
360 49 3 100 287471 0.002322
86 46 3 100 312508 0.002322
42 71 3 100 30774 0.002322
43 154 3 100 36418 0.002322
123 238 3 100 23098 0.002322
27 328 3 100 25740 0.002323
226 227 3 100 27582 0.002323
290 380 3 100 12386 0.002323
59 49 3 100 3462 0.002323
347 214 3 100 26458 0.002323
249 113 3 100 33821 0.002323
269 356 3 100 13852 0.002324
304 88 3 100 16031 0.002324
138 385 3 100 90992 0.002324
399 263 3 100 329494 0.002324
78 93 3 100 282531 0.002325
174 273 3 100 44763 0.002325
209 276 3 100 93019 0.002325
87 35 3 100 247704 0.002326
176 289 3 100 34077 0.002326
228 200 3 100 21791 0.002326
233 352 3 100 31140 0.002326
224 339 3 100 116410 0.002327
66 80 3 100 24600 0.002327
313 376 3 100 22267 0.002327
139 322 3 100 14539 0.002327
171 181 3 100 6530 0.002327
60 218 3 100 37294 0.002327
112 396 3 100 31838 0.002328
236 173 3 100 16064 0.002328
54 110 3 100 108371 0.002328
53 337 3 100 2403 0.002328
65 399 3 100 215758 0.002328
319 391 3 100 37364 0.002328
339 164 3 100 249532 0.002329
280 229 3 100 7798 0.002329
78 305 3 100 37053 0.002329
121 318 3 100 29486 0.002330
275 273 3 100 31470 0.002330
163 255 3 100 12402 0.002330
234 71 3 100 8219 0.002330
304 45 3 100 28888 0.002330
360 328 3 100 43098 0.002330
382 300 3 100 9325 0.002330
336 169 3 100 42888 0.002330
94 117 3 100 113254 0.002330
315 234 3 100 301956 0.002330
280 38 3 100 37786 0.002330
287 348 3 100 45811 0.002330
283 155 3 100 44766 0.002331
385 331 3 100 15043 0.002331
199 280 3 100 12424 0.002331
355 335 3 100 164184 0.002331
218 267 3 100 421127 0.002331
388 289 3 100 73615 0.002331
59 305 3 100 42046 0.002331
328 71 3 100 4731 0.002332
215 323 3 100 4088 0.002332
110 374 3 100 7001 0.002332
311 216 3 100 28895 0.002333
38 22 3 100 33924 0.002333
355 277 3 100 145255 0.002333
279 340 3 100 12578 0.002333
288 255 3 100 388235 0.002333
118 387 3 100 45182 0.002333
143 355 3 100 281461 0.002333
344 163 3 100 21699 0.002333
289 94 3 100 30950 0.002333
377 198 3 100 16368 0.002334
52 238 3 100 12995 0.002334
183 402 3 100 12341 0.002334
270 254 3 100 38196 0.002335
84 402 3 100 14409 0.002335
289 278 3 100 37859 0.002335
249 58 3 100 8795 0.002335
182 263 3 100 33113 0.002335
373 228 3 100 33273 0.002335
187 283 3 100 36435 0.002336
217 255 3 100 5373 0.002336
335 355 3 100 4125 0.002336
161 125 3 100 21060 0.002336
168 337 3 100 1322 0.002336
167 173 3 100 374068 0.002337
327 61 3 100 6053 0.002337
314 73 3 100 25435 0.002337
393 166 3 100 24469 0.002337
283 183 3 100 353847 0.002338
112 372 3 100 16042 0.002338
300 56 3 100 27188 0.002338
182 25 3 100 20397 0.002338
107 202 3 100 92470 0.002338
328 322 3 100 9883 0.002339
88 121 3 100 9246 0.002339
213 28 3 100 1401 0.002339
277 254 3 100 335 0.002339
342 154 3 100 25615 0.002339
110 187 3 100 19247 0.002340
140 155 3 100 16823 0.002340
229 264 3 100 45278 0.002340
370 195 3 100 10524 0.002340
284 259 3 100 40057 0.002340
226 38 3 100 3662 0.002340
349 126 3 100 19310 0.002340
391 39 3 100 13663 0.002341
234 122 3 100 30313 0.002341
388 44 3 100 33226 0.002341
43 276 3 100 33107 0.002341
69 62 3 100 20228 0.002341
313 239 3 100 12751 0.002342
259 155 3 100 8166 0.002342
256 368 3 100 14312 0.002342
227 56 3 100 19937 0.002342
255 403 3 100 2047 0.002343
349 191 3 100 41883 0.002343
266 71 3 100 44610 0.002343
173 278 3 100 45640 0.002343
56 226 3 100 19883 0.002343
214 115 3 100 30671 0.002343
251 380 3 100 5914 0.002344
210 41 3 100 3041 0.002344
32 145 3 100 5287 0.002344
255 250 3 100 20950 0.002344
176 348 3 100 39405 0.002344
74 306 3 100 38726 0.002344
55 388 3 100 32087 0.002344
234 227 3 100 36436 0.002344
139 393 3 100 30194 0.002344
401 292 3 100 288353 0.002345
154 386 3 100 14904 0.002345
373 85 3 100 27955 0.002345
241 108 3 100 64469 0.002346
167 403 3 100 35665 0.002346
173 335 3 100 343305 0.002346
208 267 3 100 118 0.002346
111 123 3 100 220913 0.002346
67 352 3 100 41068 0.002346
197 33 3 100 13947 0.002347
379 268 3 100 19351 0.002347
43 151 3 100 9929 0.002347
183 94 3 100 4921 0.002347
272 192 3 100 36701 0.002348
64 139 3 100 79182 0.002348
248 45 3 100 16895 0.002348
232 399 3 100 110213 0.002348
395 59 3 100 34556 0.002348
375 325 3 100 285603 0.002348
221 391 3 100 6318 0.002348
133 299 3 100 6208 0.002349
138 234 3 100 13849 0.002349
181 55 3 100 40665 0.002349
143 317 3 100 41627 0.002350
181 249 3 100 22787 0.002350
355 308 3 100 27202 0.002350
391 218 3 100 3714 0.002350
196 159 3 100 93465 0.002351
20 231 3 100 39673 0.002351
379 329 3 100 43795 0.002351
304 247 3 100 273765 0.002352
202 367 3 100 14094 0.002352
24 63 3 100 5444 0.002352
30 114 3 100 28822 0.002352
374 304 3 100 45949 0.002352
401 161 3 100 22637 0.002352
365 400 3 100 27614 0.002353
371 187 3 100 32133 0.002353
339 136 3 100 43640 0.002353
46 224 3 100 21890 0.002353
295 144 3 100 16481 0.002353
263 231 3 100 12593 0.002353
162 60 3 100 64834 0.002353
208 251 3 100 128045 0.002353
178 233 3 100 7652 0.002353
398 392 3 100 9002 0.002353
87 275 3 100 41243 0.002353
44 388 3 100 305497 0.002353
291 88 3 100 9327 0.002354
127 47 3 100 36877 0.002355
144 100 3 100 409 0.002355
320 263 3 100 4218 0.002355
267 137 3 100 11965 0.002355
298 327 3 100 115 0.002355
35 263 3 100 24176 0.002356
79 268 3 100 5931 0.002356
123 165 3 100 42638 0.002356
248 29 3 100 17924 0.002356
372 134 3 100 23564 0.002356
109 350 3 100 27119 0.002356
344 395 3 100 35077 0.002356
364 376 3 100 438735 0.002357
243 347 3 100 36514 0.002357
71 166 3 100 26141 0.002358
377 323 3 100 44576 0.002358
304 370 3 100 3426 0.002358
276 277 3 100 33486 0.002358
306 349 3 100 18677 0.002359
399 382 3 100 22302 0.002359
393 131 3 100 41850 0.002359
308 71 3 100 18252 0.002359
22 367 3 100 13388 0.002359
194 139 3 100 3288 0.002360
130 204 3 100 98656 0.002360
193 192 3 100 42180 0.002360
116 357 3 100 37839 0.002360
299 187 3 100 40280 0.002360
34 339 3 100 2673 0.002360
270 359 3 100 29809 0.002360
306 225 3 100 31861 0.002361
107 296 3 100 23388 0.002362
379 25 3 100 404448 0.002362
295 146 3 100 9274 0.002362
265 115 3 100 23419 0.002362
338 110 3 100 1879 0.002363
42 239 3 100 3318 0.002363
78 401 3 100 43063 0.002363
84 264 3 100 13008 0.002363
232 254 3 100 11365 0.002363
245 199 3 100 10651 0.002363
306 217 3 100 10952 0.002364
153 389 3 100 30202 0.002364
40 210 3 100 26175 0.002364
180 298 3 100 43957 0.002364
282 314 3 100 42547 0.002365
48 358 3 100 414639 0.002365
102 333 3 100 35289 0.002365
385 240 3 100 303728 0.002366
70 237 3 100 6285 0.002366
118 261 3 100 33286 0.002366
259 258 3 100 18491 0.002366
369 380 3 100 19474 0.002366
350 276 3 100 23425 0.002366
341 253 3 100 180303 0.002366
340 251 3 100 1874 0.002367
398 314 3 100 39496 0.002367
298 188 3 100 429879 0.002367
402 48 3 100 293520 0.002367
318 182 3 100 81077 0.002367
398 70 3 100 401259 0.002368
110 177 3 100 11620 0.002368
214 292 3 100 19613 0.002368
342 367 3 100 34607 0.002368
291 336 3 100 19734 0.002368
50 388 3 100 27022 0.002368
96 246 3 100 2791 0.002369
123 72 3 100 37100 0.002369
381 315 3 100 27777 0.002369
342 165 3 100 9968 0.002369
237 189 3 100 333650 0.002369
132 191 3 100 1578 0.002369
268 319 3 100 1638 0.002369
128 107 3 100 5226 0.002370
162 367 3 100 38474 0.002370
107 123 3 100 28123 0.002370
49 217 3 100 27644 0.002370
185 316 3 100 11413 0.002370
46 57 3 100 42513 0.002371
245 390 3 100 31254 0.002371
77 52 3 100 20321 0.002371
266 297 3 100 20737 0.002372
193 105 3 100 11144 0.002372
327 305 3 100 350213 0.002372
347 381 3 100 5216 0.002372
280 234 3 100 39214 0.002372
100 188 3 100 354978 0.002373
30 136 3 100 39990 0.002373
273 278 3 100 22882 0.002373
320 196 3 100 22484 0.002373
132 35 3 100 45360 0.002374
192 356 3 100 45904 0.002374
291 26 3 100 337622 0.002374
119 354 3 100 31793 0.002374
41 70 3 100 3910 0.002374
326 254 3 100 25035 0.002374
269 115 3 100 21048 0.002375
360 267 3 100 29572 0.002375
211 115 3 100 41347 0.002375
67 132 3 100 16334 0.002376
43 135 3 100 17179 0.002376
236 179 3 100 30062 0.002376
311 126 3 100 33449 0.002376
35 292 3 100 28974 0.002376
173 166 3 100 3955 0.002376
385 383 3 100 25734 0.002377
97 281 3 100 419505 0.002377
160 227 3 100 10581 0.002377
374 56 3 100 16187 0.002377
88 178 3 100 31486 0.002377
389 171 3 100 3686 0.002378
150 64 3 100 27771 0.002378
178 370 3 100 6393 0.002378
62 249 3 100 9395 0.002378
375 347 3 100 26794 0.002378
55 152 3 100 26108 0.002379
70 132 3 100 299813 0.002379
105 25 3 100 147879 0.002379
271 116 3 100 273071 0.002379
127 359 3 100 29282 0.002379
252 286 3 100 36669 0.002379
42 370 3 100 12410 0.002380
247 153 3 100 38430 0.002380
337 148 3 100 66107 0.002380
392 24 3 100 38350 0.002380
95 84 3 100 22267 0.002381
149 312 3 100 13784 0.002381
153 314 3 100 32875 0.002381
91 175 3 100 437231 0.002381
279 196 3 100 24665 0.002382
355 194 3 100 42599 0.002382
227 349 3 100 21893 0.002382
216 159 3 100 32522 0.002382
253 130 3 100 42579 0.002382
403 234 3 100 353268 0.002383
165 292 3 100 38459 0.002383
369 358 3 100 8917 0.002383
214 75 3 100 25802 0.002383
159 170 3 100 44057 0.002383
147 291 3 100 208561 0.002383
228 357 3 100 24029 0.002384
371 54 3 100 39501 0.002384
180 178 3 100 34289 0.002384
322 98 3 100 37402 0.002384
298 195 3 100 369212 0.002384
259 212 3 100 270747 0.002384
214 253 3 100 37772 0.002384
403 128 3 100 2422 0.002384
136 180 3 100 96174 0.002385
246 183 3 100 28200 0.002385
367 87 3 100 24693 0.002385
172 208 3 100 19415 0.002385
391 50 3 100 123507 0.002386
299 255 3 100 25421 0.002386
228 101 3 100 32232 0.002386
149 92 3 100 35464 0.002386
41 268 3 100 30198 0.002386
133 163 3 100 200757 0.002387
355 40 3 100 42427 0.002387
72 317 3 100 39337 0.002387
99 336 3 100 215412 0.002388
201 206 3 100 13300 0.002389
382 129 3 100 395572 0.002389
252 363 3 100 39607 0.002390
74 155 3 100 38632 0.002390
202 399 3 100 7552 0.002390
129 200 3 100 233319 0.002390
242 226 3 100 9869 0.002391
201 319 3 100 11389 0.002391
107 227 3 100 25954 0.002391
392 161 3 100 315078 0.002392
289 74 3 100 39148 0.002392
251 263 3 100 9810 0.002392
323 185 3 100 27620 0.002392
53 312 3 100 36422 0.002392
344 74 3 100 41785 0.002392
161 358 3 100 26773 0.002392
298 322 3 100 6066 0.002392
398 397 3 100 2007 0.002392
391 38 3 100 253689 0.002392
321 335 3 100 451821 0.002392
384 50 3 100 20580 0.002392
118 38 3 100 28992 0.002393
278 217 3 100 42781 0.002393
205 382 3 100 34407 0.002393
77 29 3 100 1260 0.002393
84 95 3 100 41135 0.002394
347 338 3 100 59181 0.002394
77 263 3 100 40599 0.002394
376 220 3 100 233298 0.002394
365 266 3 100 190999 0.002394
87 193 3 100 15362 0.002394
358 245 3 100 27586 0.002394
50 340 3 100 33924 0.002395
62 209 3 100 30753 0.002395
323 131 3 100 387921 0.002395
357 350 3 100 37548 0.002395
252 326 3 100 737 0.002395
198 403 3 100 292328 0.002395
376 216 3 100 38349 0.002395
159 88 3 100 190162 0.002395
82 206 3 100 16681 0.002396
252 20 3 100 8092 0.002396
257 297 3 100 25165 0.002396
397 208 3 100 300869 0.002397
32 139 3 100 18956 0.002398
26 371 3 100 379897 0.002398
195 131 3 100 10524 0.002398
370 335 3 100 13506 0.002398
192 333 3 100 29367 0.002398
286 32 3 100 14893 0.002398
303 358 3 100 28227 0.002398
53 386 3 100 35452 0.002398
64 240 3 100 16408 0.002398
113 244 3 100 12440 0.002398
218 270 3 100 45473 0.002399
136 322 3 100 8164 0.002399
334 352 3 100 1517 0.002399
312 218 3 100 574 0.002400
147 76 3 100 22411 0.002400
110 198 3 100 126858 0.002400
94 400 3 100 37942 0.002400
127 178 3 100 442942 0.002400
183 180 3 100 13221 0.002400
128 145 3 100 25157 0.002400
352 344 3 100 36295 0.002400
296 114 3 100 30651 0.002400
285 102 3 100 7913 0.002401
29 301 3 100 207411 0.002401
206 290 3 100 31384 0.002401
105 149 3 100 50566 0.002401
244 331 3 100 37655 0.002401
24 337 3 100 35943 0.002401
395 347 3 100 18588 0.002401
295 79 3 100 4345 0.002401
333 400 3 100 34146 0.002401
375 26 3 100 32973 0.002402
383 204 3 100 21092 0.002402
80 316 3 100 11283 0.002402
396 158 3 100 23840 0.002402
145 178 3 100 4597 0.002402
371 349 3 100 4448 0.002402
262 172 3 100 43414 0.002403
147 330 3 100 371028 0.002403
255 321 3 100 4016 0.002403
59 187 3 100 2098 0.002403
337 98 3 100 32841 0.002404
97 216 3 100 201903 0.002404
159 367 3 100 21759 0.002404
173 345 3 100 4479 0.002404
271 70 3 100 33799 0.002404
254 276 3 100 12749 0.002404
26 385 3 100 31946 0.002404
289 293 3 100 10762 0.002404
349 200 3 100 75338 0.002404
83 46 3 100 4684 0.002405
357 217 3 100 16416 0.002405
53 133 3 100 36684 0.002405
146 258 3 100 40262 0.002405
327 325 3 100 21664 0.002405
225 92 3 100 23440 0.002405
82 310 3 100 37756 0.002405
378 371 3 100 8957 0.002405
135 33 3 100 13870 0.002405
226 258 3 100 5496 0.002405
176 335 3 100 38329 0.002405
35 27 3 100 25732 0.002406
324 281 3 100 29970 0.002406
139 187 3 100 142787 0.002406
321 401 3 100 40813 0.002406
186 197 3 100 44154 0.002406
182 366 3 100 33682 0.002406
43 103 3 100 23519 0.002406
46 329 3 100 40981 0.002406
188 86 3 100 24702 0.002406
103 21 3 100 20407 0.002407
41 244 3 100 45626 0.002407
267 125 3 100 44062 0.002407
62 103 3 100 20332 0.002408
165 386 3 100 36661 0.002408
254 139 3 100 9398 0.002408
321 41 3 100 28209 0.002408
343 277 3 100 183520 0.002408
197 346 3 100 33812 0.002408
185 399 3 100 414767 0.002409
377 147 3 100 31348 0.002409
205 327 3 100 33729 0.002409
271 97 3 100 41191 0.002409
386 345 3 100 26290 0.002409
131 54 3 100 35162 0.002409
107 212 3 100 27438 0.002410
121 275 3 100 10111 0.002410
30 305 3 100 34272 0.002410
341 322 3 100 40308 0.002410
248 344 3 100 11422 0.002411
375 364 3 100 35057 0.002411
263 277 3 100 210418 0.002411
163 397 3 100 7459 0.002411
368 349 3 100 21790 0.002411
169 250 3 100 32617 0.002411
176 330 3 100 6810 0.002412
250 390 3 100 6664 0.002412
97 328 3 100 124813 0.002412
395 122 3 100 29436 0.002412
385 52 3 100 34699 0.002412
230 384 3 100 24906 0.002412
376 352 3 100 31566 0.002413
37 221 3 100 1662 0.002413
374 30 3 100 337352 0.002413
167 31 3 100 37691 0.002413
175 341 3 100 11285 0.002413
167 151 3 100 23990 0.002413
218 164 3 100 13833 0.002413
277 72 3 100 8120 0.002413
140 55 3 100 3196 0.002414
30 49 3 100 22812 0.002414
72 84 3 100 45172 0.002414
45 379 3 100 26716 0.002414
209 317 3 100 12701 0.002414
248 219 3 100 23384 0.002415
36 320 3 100 250292 0.002415
159 169 3 100 33686 0.002415
258 73 3 100 1022 0.002416
256 288 3 100 35041 0.002416
28 172 3 100 14015 0.002416
269 340 3 100 276994 0.002416
403 335 3 100 33136 0.002416
180 224 3 100 168 0.002417
289 187 3 100 12251 0.002417
21 180 3 100 18236 0.002417
200 362 3 100 4629 0.002417
212 239 3 100 31583 0.002417
99 82 3 100 43926 0.002417
344 286 3 100 30332 0.002417
250 298 3 100 10451 0.002417
34 111 3 100 28215 0.002417
398 112 3 100 45891 0.002418
156 283 3 100 104213 0.002418
218 298 3 100 28165 0.002418
109 240 3 100 39106 0.002418
389 181 3 100 434621 0.002418
96 126 3 100 25341 0.002418
329 396 3 100 38921 0.002419
280 35 3 100 28011 0.002419
24 52 3 100 13676 0.002419
251 180 3 100 3135 0.002419
285 75 3 100 14267 0.002419
22 140 3 100 32289 0.002419
257 363 3 100 292399 0.002420
292 293 3 100 142549 0.002421
348 246 3 100 4305 0.002421
234 264 3 100 22842 0.002421
48 301 3 100 78922 0.002422
54 318 3 100 14184 0.002422
297 313 3 100 344595 0.002422
383 328 3 100 279489 0.002422
290 213 3 100 33863 0.002423
187 196 3 100 5056 0.002423
347 385 3 100 17475 0.002423
202 359 3 100 45878 0.002423
205 78 3 100 285792 0.002423
362 44 3 100 44047 0.002423
78 353 3 100 19220 0.002423
292 235 3 100 285333 0.002424
329 232 3 100 7620 0.002424
298 257 3 100 35598 0.002424
302 119 3 100 27027 0.002424
38 212 3 100 44919 0.002425
181 210 3 100 9414 0.002425
98 312 3 100 8749 0.002425
369 218 3 100 24213 0.002425
266 401 3 100 18314 0.002425
392 146 3 100 225587 0.002425
82 361 3 100 40807 0.002425
342 161 3 100 2702 0.002425
101 132 3 100 2591 0.002425
380 324 3 100 29743 0.002426
38 331 3 100 42688 0.002426
240 302 3 100 873 0.002426
375 47 3 100 43190 0.002426
263 339 3 100 40141 0.002426
40 20 3 100 38104 0.002426
205 306 3 100 149748 0.002426
187 219 3 100 6831 0.002426
90 128 3 100 17011 0.002427
334 112 3 100 18426 0.002427
251 216 3 100 1035 0.002427
61 62 3 100 31362 0.002427
216 218 3 100 399112 0.002427
399 57 3 100 17535 0.002427
266 245 3 100 42500 0.002427
184 239 3 100 18923 0.002428
77 189 3 100 7888 0.002428
181 379 3 100 103153 0.002428
161 375 3 100 41787 0.002428
217 142 3 100 2647 0.002428
33 226 3 100 46926 0.002429
254 84 3 100 41735 0.002429
153 195 3 100 457440 0.002429
58 182 3 100 43143 0.002429
151 379 3 100 27297 0.002430
204 54 3 100 40167 0.002430
85 239 3 100 32419 0.002430
385 362 3 100 27672 0.002430
106 400 3 100 124 0.002430
190 342 3 100 42726 0.002430
370 207 3 100 5931 0.002430
58 398 3 100 5433 0.002430
356 230 3 100 32959 0.002430
262 281 3 100 27356 0.002431
302 49 3 100 238648 0.002431
283 176 3 100 2157 0.002432
240 103 3 100 2318 0.002432
194 356 3 100 67300 0.002432
31 126 3 100 211442 0.002432
241 220 3 100 36005 0.002432
29 51 3 100 4727 0.002432
36 281 3 100 35825 0.002432
318 42 3 100 32139 0.002432
91 247 3 100 26090 0.002432
249 390 3 100 9944 0.002432
80 91 3 100 3616 0.002433
247 36 3 100 46056 0.002433
111 220 3 100 358837 0.002433
175 221 3 100 14583 0.002433
81 119 3 100 38413 0.002433
329 248 3 100 185811 0.002433
42 138 3 100 28162 0.002433
245 155 3 100 31074 0.002433
160 317 3 100 30216 0.002433
275 31 3 100 14656 0.002434
255 293 3 100 303208 0.002434
189 207 3 100 4394 0.002434
381 298 3 100 7959 0.002434
354 143 3 100 11899 0.002434
248 193 3 100 11583 0.002434
63 226 3 100 3911 0.002434
80 121 3 100 17646 0.002434
62 111 3 100 155260 0.002435
199 180 3 100 26240 0.002435
272 227 3 100 24507 0.002435
378 356 3 100 435047 0.002435
301 72 3 100 23556 0.002435
312 297 3 100 1979 0.002435
375 99 3 100 43495 0.002435
228 141 3 100 37365 0.002436
80 182 3 100 38545 0.002436
214 94 3 100 39409 0.002436
62 347 3 100 36316 0.002436
325 68 3 100 362456 0.002436
62 228 3 100 10027 0.002436
180 159 3 100 28461 0.002437
298 236 3 100 295534 0.002437
396 216 3 100 145336 0.002437
262 313 3 100 67075 0.002437
242 308 3 100 15332 0.002437
389 174 3 100 39904 0.002437
145 180 3 100 7950 0.002437
65 93 3 100 8569 0.002437
177 329 3 100 25050 0.002437
115 351 3 100 23163 0.002438
201 392 3 100 3955 0.002439
51 92 3 100 25114 0.002439
344 300 3 100 28993 0.002439
62 233 3 100 11538 0.002440
195 278 3 100 3813 0.002440
33 190 3 100 1166 0.002440
322 367 3 100 420851 0.002441
206 284 3 100 2353 0.002441
381 244 3 100 12041 0.002441
21 25 3 100 22673 0.002441
381 357 3 100 406946 0.002441
344 280 3 100 21489 0.002441
50 359 3 100 29697 0.002441
354 58 3 100 453544 0.002442
301 122 3 100 45195 0.002442
146 85 3 100 34105 0.002442
98 129 3 100 35983 0.002442
137 211 3 100 40991 0.002442
30 285 3 100 20878 0.002443
368 394 3 100 143656 0.002443
44 85 3 100 43581 0.002443
380 236 3 100 37978 0.002443
39 94 3 100 134498 0.002444
316 138 3 100 406 0.002444
119 317 3 100 16545 0.002444
396 282 3 100 28725 0.002444
245 286 3 100 38486 0.002445
173 144 3 100 239 0.002445
20 271 3 100 12915 0.002446
97 55 3 100 88803 0.002447
154 75 3 100 20412 0.002447
220 263 3 100 35975 0.002447
235 141 3 100 30325 0.002447
127 63 3 100 33863 0.002447
219 120 3 100 21727 0.002447
287 222 3 100 331563 0.002447
189 201 3 100 404600 0.002447
230 194 3 100 15661 0.002448
99 186 3 100 377685 0.002448
124 277 3 100 32234 0.002448
346 393 3 100 32917 0.002448
354 297 3 100 13491 0.002448
317 139 3 100 360453 0.002448
391 76 3 100 45100 0.002448
342 125 3 100 33612 0.002448
31 66 3 100 18007 0.002449
32 160 3 100 37897 0.002449
282 294 3 100 10140 0.002449
329 309 3 100 26126 0.002449
43 54 3 100 29362 0.002449
217 226 3 100 33321 0.002449
176 281 3 100 32979 0.002450
146 172 3 100 7566 0.002450
367 103 3 100 12025 0.002450
186 250 3 100 27352 0.002450
223 114 3 100 23602 0.002451
57 257 3 100 205019 0.002451
77 151 3 100 3145 0.002451
291 87 3 100 13620 0.002451
386 162 3 100 10321 0.002451
341 204 3 100 201653 0.002452
54 183 3 100 11463 0.002452
299 207 3 100 44706 0.002452
376 270 3 100 37765 0.002452
386 339 3 100 45752 0.002452
226 310 3 100 6582 0.002452
180 89 3 100 31852 0.002453
173 361 3 100 13467 0.002453
222 196 3 100 20281 0.002454
25 228 3 100 186013 0.002455
240 335 3 100 2162 0.002455
109 297 3 100 11107 0.002455
236 112 3 100 166227 0.002455
177 54 3 100 45902 0.002455
329 264 3 100 43051 0.002455
56 202 3 100 18659 0.002455
346 75 3 100 24720 0.002455
254 97 3 100 1041 0.002456
235 201 3 100 33597 0.002456
277 334 3 100 9188 0.002456
375 140 3 100 162992 0.002457
84 254 3 100 38810 0.002457
200 68 3 100 4926 0.002457
157 47 3 100 20476 0.002457
96 183 3 100 37748 0.002458
55 386 3 100 37319 0.002458
122 90 3 100 38799 0.002458
31 328 3 100 28230 0.002458
394 169 3 100 15654 0.002459
326 346 3 100 374533 0.002459
319 163 3 100 5759 0.002459
148 62 3 100 19493 0.002460
168 105 3 100 12474 0.002460
246 292 3 100 40262 0.002460
122 233 3 100 35664 0.002460
70 270 3 100 42236 0.002460
247 297 3 100 80211 0.002460
391 134 3 100 18047 0.002460
126 229 3 100 39284 0.002460
320 321 3 100 19259 0.002461
67 88 3 100 113309 0.002461
20 83 3 100 29374 0.002461
207 120 3 100 41456 0.002461
217 192 3 100 405653 0.002461
261 58 3 100 23444 0.002461
45 403 3 100 202712 0.002461
72 223 3 100 11788 0.002461
322 387 3 100 43168 0.002462
295 166 3 100 160664 0.002462
358 176 3 100 265450 0.002462
76 329 3 100 27387 0.002462
28 343 3 100 5004 0.002463
28 292 3 100 182981 0.002463
72 247 3 100 34147 0.002463
259 116 3 100 144900 0.002463
291 143 3 100 3104 0.002463
371 196 3 100 36738 0.002464
39 253 3 100 29141 0.002464
86 40 3 100 13577 0.002464
380 303 3 100 813 0.002464
358 37 3 100 32507 0.002464
127 184 3 100 14565 0.002464
147 401 3 100 12220 0.002465
151 203 3 100 19810 0.002465
122 375 3 100 9391 0.002465
187 83 3 100 388644 0.002466
276 320 3 100 5182 0.002466
271 159 3 100 21472 0.002466
401 92 3 100 23684 0.002466
220 310 3 100 17682 0.002466
153 74 3 100 252085 0.002467
234 396 3 100 44843 0.002467
101 342 3 100 30237 0.002468
284 304 3 100 19131 0.002468
241 290 3 100 15563 0.002468
193 45 3 100 1725 0.002468
329 164 3 100 410532 0.002468
151 116 3 100 29889 0.002468
236 36 3 100 6024 0.002468
351 222 3 100 9143 0.002469
96 366 3 100 42271 0.002469
159 251 3 100 12311 0.002470
93 144 3 100 6264 0.002470
349 44 3 100 339228 0.002470
66 357 3 100 406562 0.002470
292 356 3 100 22256 0.002470
213 360 3 100 2397 0.002470
173 324 3 100 320753 0.002470
196 95 3 100 6989 0.002470
318 154 3 100 337564 0.002470
256 66 3 100 39195 0.002471
343 284 3 100 389782 0.002471
196 262 3 100 45914 0.002472
304 388 3 100 28483 0.002472
172 375 3 100 38436 0.002472
245 204 3 100 436505 0.002472
144 117 3 100 41393 0.002473
103 86 3 100 383139 0.002473
26 46 3 100 33235 0.002473
224 290 3 100 21701 0.002473
403 100 3 100 8123 0.002473
296 94 3 100 6675 0.002473
27 96 3 100 10129 0.002474
236 78 3 100 246135 0.002474
262 33 3 100 11866 0.002474
52 102 3 100 5281 0.002474
65 230 3 100 33400 0.002474
211 232 3 100 7812 0.002475
179 195 3 100 29193 0.002475
288 287 3 100 19415 0.002475
352 367 3 100 444675 0.002475
385 46 3 100 36489 0.002476
303 180 3 100 27396 0.002476
71 304 3 100 22736 0.002476
398 363 3 100 28943 0.002476
45 185 3 100 10027 0.002476
167 194 3 100 156286 0.002476
231 116 3 100 32058 0.002477
264 63 3 100 45015 0.002477
312 288 3 100 37416 0.002477
51 95 3 100 364688 0.002477
292 234 3 100 44790 0.002477
172 264 3 100 43763 0.002477
293 204 3 100 33094 0.002478
191 135 3 100 331070 0.002478
181 197 3 100 10798 0.002478
291 33 3 100 64 0.002478
40 363 3 100 23032 0.002478
333 311 3 100 18760 0.002478
264 62 3 100 22244 0.002478
361 40 3 100 19200 0.002479
277 134 3 100 26675 0.002479
197 112 3 100 228854 0.002479
118 79 3 100 31505 0.002479
310 66 3 100 19736 0.002479
236 67 3 100 24900 0.002479
319 21 3 100 22014 0.002479
99 342 3 100 33357 0.002479
247 349 3 100 96562 0.002479
175 349 3 100 40648 0.002479
234 291 3 100 8536 0.002479
257 401 3 100 40501 0.002480
393 399 3 100 7627 0.002480
113 118 3 100 121336 0.002480
211 21 3 100 5299 0.002480
119 30 3 100 35114 0.002480
337 174 3 100 48899 0.002480
51 58 3 100 225685 0.002480
79 324 3 100 22794 0.002480
198 97 3 100 16813 0.002481
332 322 3 100 24824 0.002481
50 140 3 100 269887 0.002481
377 309 3 100 14676 0.002481
245 384 3 100 26355 0.002481
320 119 3 100 169307 0.002481
263 332 3 100 7789 0.002481
189 66 3 100 106979 0.002481
44 382 3 100 21161 0.002482
314 203 3 100 17992 0.002482
219 273 3 100 19236 0.002482
23 352 3 100 37600 0.002483
172 377 3 100 177661 0.002483
359 92 3 100 142 0.002483
188 95 3 100 284324 0.002483
88 233 3 100 10015 0.002483
393 327 3 100 27147 0.002484
83 300 3 100 37764 0.002484
273 133 3 100 40804 0.002484
248 240 3 100 12606 0.002484
124 397 3 100 29159 0.002485
211 287 3 100 448110 0.002485
237 83 3 100 194367 0.002485
80 376 3 100 25290 0.002485
26 75 3 100 42730 0.002486
97 50 3 100 36495 0.002486
31 358 3 100 228239 0.002487
356 382 3 100 33696 0.002487
57 132 3 100 30403 0.002488
301 166 3 100 33513 0.002488
309 47 3 100 360368 0.002488
383 328 3 100 38113 0.002488
53 224 3 100 41515 0.002488
266 178 3 100 12985 0.002488
183 73 3 100 17090 0.002488
209 262 3 100 22570 0.002488
71 397 3 100 19222 0.002489
283 269 3 100 28671 0.002489
258 372 3 100 36618 0.002489
28 344 3 100 117003 0.002489
214 394 3 100 12176 0.002489
148 58 3 100 37446 0.002490
162 125 3 100 3209 0.002490
317 172 3 100 29185 0.002491
128 50 3 100 19415 0.002491
69 253 3 100 32000 0.002491
121 233 3 100 28955 0.002491
75 128 3 100 54819 0.002491
20 343 3 100 33198 0.002491
52 207 3 100 970 0.002492
203 302 3 100 22797 0.002492
148 50 3 100 270035 0.002492
27 286 3 100 21712 0.002492
73 35 3 100 37508 0.002492
253 358 3 100 35095 0.002492
267 244 3 100 41313 0.002493
150 135 3 100 37625 0.002493
92 325 3 100 127925 0.002493
252 326 3 100 26378 0.002493
166 342 3 100 25444 0.002493
191 240 3 100 343399 0.002493
301 366 3 100 24422 0.002494
52 230 3 100 22374 0.002494
341 218 3 100 3347 0.002494
245 279 3 100 28069 0.002494
333 245 3 100 200508 0.002494
172 250 3 100 406102 0.002495
173 262 3 100 12509 0.002495
390 272 3 100 37418 0.002495
268 262 3 100 24200 0.002495
94 285 3 100 16138 0.002495
53 179 3 100 5386 0.002495
281 157 3 100 17507 0.002496
47 50 3 100 372964 0.002496
313 321 3 100 44515 0.002496
143 374 3 100 320788 0.002496
194 94 3 100 17544 0.002496
114 73 3 100 3752 0.002497
151 359 3 100 325744 0.002497
33 352 3 100 33404 0.002497
297 184 3 100 39265 0.002497
87 222 3 100 449122 0.002498
198 240 3 100 39787 0.002498
115 309 3 100 41678 0.002498
172 193 3 100 19165 0.002498
370 262 3 100 10998 0.002498
185 135 3 100 6345 0.002498
72 216 3 100 239758 0.002498
338 178 3 100 13756 0.002499
380 30 3 100 2604 0.002499
232 47 3 100 20738 0.002499
307 398 3 100 390223 0.002499
244 331 3 100 22704 0.002499
93 267 3 100 17351 0.002500
33 55 3 100 26418 0.002500
221 111 3 100 161200 0.002500
277 162 3 100 290964 0.002501
102 94 3 100 19211 0.002501
33 99 3 100 23062 0.002501
76 251 3 100 13554 0.002501
205 264 3 100 23702 0.002501
70 150 3 100 173508 0.002501
308 162 3 100 383439 0.002501
112 21 3 100 5974 0.002501
74 348 3 100 251885 0.002501
74 327 3 100 35881 0.002501
79 249 3 100 28149 0.002501
300 356 3 100 11599 0.002501
220 21 3 100 327615 0.002502
237 116 3 100 43655 0.002502
76 202 3 100 26776 0.002502
55 100 3 100 54306 0.002502
102 347 3 100 26745 0.002502
402 215 3 100 3008 0.002502
88 403 3 100 41353 0.002503
150 313 3 100 40252 0.002503
244 323 3 100 31857 0.002503
395 94 3 100 19119 0.002503
225 170 3 100 395567 0.002503
173 320 3 100 38820 0.002504
312 326 3 100 42347 0.002504
270 36 3 100 40086 0.002504
158 278 3 100 34042 0.002504
42 390 3 100 165685 0.002504
90 132 3 100 18419 0.002505
259 303 3 100 45606 0.002505
44 42 3 100 36579 0.002505
137 309 3 100 2830 0.002505
189 400 3 100 9447 0.002505
179 215 3 100 402144 0.002505
387 179 3 100 33210 0.002505
358 289 3 100 28003 0.002505
291 331 3 100 35804 0.002505
226 123 3 100 314795 0.002506
177 281 3 100 30079 0.002506
384 123 3 100 20422 0.002506
36 336 3 100 424027 0.002506
309 30 3 100 23846 0.002507
273 106 3 100 190037 0.002507
325 114 3 100 30787 0.002507
78 376 3 100 40550 0.002507
286 391 3 100 35601 0.002507
163 290 3 100 24066 0.002507
61 336 3 100 44269 0.002508
263 70 3 100 160471 0.002508
39 227 3 100 166746 0.002508
373 106 3 100 15159 0.002508
226 28 3 100 31283 0.002508
179 187 3 100 21032 0.002508
151 208 3 100 7368 0.002509
341 42 3 100 125918 0.002509
227 135 3 100 237472 0.002509
162 231 3 100 286702 0.002509
30 113 3 100 39117 0.002509
299 190 3 100 78094 0.002509
373 197 3 100 109486 0.002509
268 328 3 100 9015 0.002509
50 208 3 100 81622 0.002509
235 156 3 100 3279 0.002509
186 177 3 100 38738 0.002509
279 402 3 100 21496 0.002509
334 143 3 100 426952 0.002510
189 101 3 100 11048 0.002510
323 84 3 100 16242 0.002510
60 122 3 100 12266 0.002510
100 125 3 100 29087 0.002510
194 24 3 100 3659 0.002510
283 132 3 100 32312 0.002510
206 136 3 100 1649 0.002510
279 122 3 100 38663 0.002510
272 378 3 100 13496 0.002510
203 267 3 100 33380 0.002511
212 396 3 100 36687 0.002511
370 158 3 100 8117 0.002511
193 329 3 100 3804 0.002511
311 106 3 100 15388 0.002511
103 105 3 100 3316 0.002511
286 140 3 100 41416 0.002511
381 222 3 100 31871 0.002511
233 289 3 100 20080 0.002511
205 256 3 100 27089 0.002512
364 315 3 100 15133 0.002512
257 387 3 100 31405 0.002512
196 337 3 100 22051 0.002512
47 355 3 100 9746 0.002512
289 259 3 100 31126 0.002512
286 257 3 100 30512 0.002513
251 233 3 100 20019 0.002513
88 54 3 100 23205 0.002513
229 195 3 100 44278 0.002514
303 326 3 100 24894 0.002514
145 169 3 100 1193 0.002514
26 79 3 100 15989 0.002514
384 301 3 100 29299 0.002515
145 220 3 100 16336 0.002515
56 279 3 100 126349 0.002515
161 203 3 100 24827 0.002515
144 24 3 100 37331 0.002515
81 333 3 100 12296 0.002515
263 394 3 100 15443 0.002515
258 167 3 100 24051 0.002515
27 96 3 100 40665 0.002515
339 111 3 100 25810 0.002515
363 230 3 100 5960 0.002515
261 61 3 100 7318 0.002515
275 270 3 100 6891 0.002516
150 25 3 100 7777 0.002516
134 118 3 100 41016 0.002516
221 122 3 100 97673 0.002516
250 192 3 100 44364 0.002516
400 302 3 100 77141 0.002516
121 355 3 100 11400 0.002517
109 113 3 100 21210 0.002517
264 148 3 100 4864 0.002517
364 340 3 100 19566 0.002517
251 67 3 100 9478 0.002517
154 226 3 100 4840 0.002518
207 390 3 100 379450 0.002518
329 390 3 100 23120 0.002518
263 355 3 100 66438 0.002518
299 207 3 100 6228 0.002518
39 329 3 100 251673 0.002518
82 184 3 100 21459 0.002519
151 383 3 100 201233 0.002519
260 79 3 100 41639 0.002520
122 169 3 100 35239 0.002520
54 63 3 100 9497 0.002520
77 153 3 100 39766 0.002520
208 234 3 100 32034 0.002520
273 232 3 100 1360 0.002520
98 118 3 100 24754 0.002521
145 174 3 100 8481 0.002521
80 187 3 100 23364 0.002521
201 370 3 100 583 0.002521
298 94 3 100 10191 0.002522
348 185 3 100 4309 0.002522
110 30 3 100 6193 0.002522
364 118 3 100 14280 0.002522
22 345 3 100 37464 0.002522
254 210 3 100 15367 0.002522
294 267 3 100 373 0.002523
225 101 3 100 25886 0.002523
274 65 3 100 26675 0.002523
75 203 3 100 30177 0.002523
65 183 3 100 16865 0.002523
205 82 3 100 18920 0.002523
56 271 3 100 11662 0.002524
339 362 3 100 32858 0.002524
179 394 3 100 38212 0.002524
72 367 3 100 17995 0.002524
149 158 3 100 43851 0.002525
103 244 3 100 58840 0.002525
111 100 3 100 24335 0.002525
360 229 3 100 127594 0.002525
81 378 3 100 54918 0.002525
128 234 3 100 7929 0.002525
25 89 3 100 1293 0.002526
25 181 3 100 8270 0.002526
113 379 3 100 29494 0.002526
215 249 3 100 5911 0.002526
200 388 3 100 2685 0.002526
138 313 3 100 20991 0.002527
324 190 3 100 33392 0.002527
100 242 3 100 7415 0.002527
207 275 3 100 41366 0.002527
388 112 3 100 28785 0.002528
326 285 3 100 32553 0.002528
305 31 3 100 37033 0.002528
238 106 3 100 89624 0.002528
302 141 3 100 6085 0.002528
310 57 3 100 67032 0.002528
200 283 3 100 330124 0.002528
165 272 3 100 12929 0.002528
279 102 3 100 17192 0.002528
248 184 3 100 633 0.002529
118 232 3 100 11475 0.002529
144 112 3 100 37141 0.002529
177 25 3 100 16487 0.002529
254 49 3 100 75782 0.002529
313 370 3 100 211 0.002529
80 367 3 100 77315 0.002529
26 249 3 100 3786 0.002529
366 145 3 100 12413 0.002530
381 116 3 100 186331 0.002530
145 34 3 100 39094 0.002530
63 37 3 100 5416 0.002531
312 194 3 100 219063 0.002531
93 164 3 100 18244 0.002531
361 86 3 100 11053 0.002531
242 224 3 100 31673 0.002531
73 235 3 100 329037 0.002532
138 218 3 100 13751 0.002532
303 213 3 100 28071 0.002532
356 39 3 100 44646 0.002532
157 206 3 100 6466 0.002532
283 42 3 100 34466 0.002532
204 37 3 100 11026 0.002532
347 341 3 100 31558 0.002533
219 260 3 100 27430 0.002533
270 358 3 100 34200 0.002533
91 236 3 100 6248 0.002533
320 241 3 100 20525 0.002534
273 63 3 100 18579 0.002534
213 240 3 100 9783 0.002534
44 31 3 100 337216 0.002534
384 153 3 100 36148 0.002534
200 151 3 100 335353 0.002534
127 60 3 100 31819 0.002534
115 142 3 100 20472 0.002534
138 213 3 100 33866 0.002534
313 149 3 100 730 0.002534
167 86 3 100 28128 0.002534
120 254 3 100 5796 0.002535
243 336 3 100 18853 0.002535
329 206 3 100 88787 0.002535
259 184 3 100 24632 0.002536
281 270 3 100 82992 0.002536
329 380 3 100 19079 0.002536
87 138 3 100 24888 0.002536
236 157 3 100 322178 0.002536
217 256 3 100 23174 0.002536
321 95 3 100 39306 0.002536
307 401 3 100 26072 0.002536
153 277 3 100 21895 0.002536
165 297 3 100 154926 0.002536
173 80 3 100 41966 0.002537
49 176 3 100 27992 0.002537
248 353 3 100 27518 0.002537
268 327 3 100 32164 0.002537
336 280 3 100 21276 0.002537
89 206 3 100 2615 0.002537
213 119 3 100 23718 0.002537
364 265 3 100 217241 0.002537
324 300 3 100 4633 0.002537
264 88 3 100 17882 0.002537
378 300 3 100 13589 0.002538
275 396 3 100 19930 0.002538
399 343 3 100 42027 0.002538
233 357 3 100 370193 0.002538
177 187 3 100 39539 0.002538
348 197 3 100 31983 0.002538
398 74 3 100 32540 0.002538
401 50 3 100 33679 0.002539
129 187 3 100 9451 0.002539
185 158 3 100 4616 0.002539
358 277 3 100 10293 0.002539
361 310 3 100 390346 0.002539
240 93 3 100 20299 0.002539
87 173 3 100 67817 0.002539
243 108 3 100 33582 0.002540
281 200 3 100 54852 0.002540
302 244 3 100 13657 0.002540
54 205 3 100 19028 0.002540
109 269 3 100 11812 0.002540
336 27 3 100 37652 0.002540
44 51 3 100 28010 0.002541
142 180 3 100 32886 0.002541
26 403 3 100 21492 0.002541
63 147 3 100 157162 0.002541
121 183 3 100 39059 0.002541
300 220 3 100 19631 0.002541
246 381 3 100 35502 0.002541
202 287 3 100 447669 0.002542
216 395 3 100 28247 0.002542
266 104 3 100 325550 0.002542
155 333 3 100 34031 0.002542
61 398 3 100 34962 0.002542
256 289 3 100 391374 0.002542
333 384 3 100 202142 0.002542
401 300 3 100 37892 0.002542
57 235 3 100 43958 0.002543
161 200 3 100 22366 0.002543
47 258 3 100 39755 0.002544
206 372 3 100 3822 0.002544
134 108 3 100 89024 0.002544
123 381 3 100 9981 0.002544
174 382 3 100 16547 0.002544
346 225 3 100 44325 0.002545
53 240 3 100 153866 0.002545
140 176 3 100 10429 0.002545
68 101 3 100 17504 0.002545
349 140 3 100 12891 0.002545
299 382 3 100 38587 0.002545
309 319 3 100 33768 0.002546
93 233 3 100 203299 0.002546
351 375 3 100 34691 0.002546
176 267 3 100 19792 0.002546
263 121 3 100 277313 0.002546
103 317 3 100 22394 0.002546
307 401 3 100 27137 0.002546
93 391 3 100 10649 0.002547
65 356 3 100 8240 0.002547
88 160 3 100 32166 0.002547
23 68 3 100 195960 0.002547
376 371 3 100 17054 0.002547
85 108 3 100 12833 0.002548
81 395 3 100 23955 0.002548
200 234 3 100 152714 0.002548
285 252 3 100 20705 0.002548
278 392 3 100 43417 0.002548
129 76 3 100 226404 0.002548
160 231 3 100 24514 0.002549
261 20 3 100 39292 0.002549
251 358 3 100 28463 0.002549
137 220 3 100 44618 0.002550
335 162 3 100 23820 0.002550
228 343 3 100 149302 0.002550
340 228 3 100 44785 0.002550
296 54 3 100 346064 0.002550
107 168 3 100 10760 0.002550
350 63 3 100 23608 0.002550
245 203 3 100 34480 0.002550
243 360 3 100 14027 0.002551
255 369 3 100 22514 0.002551
385 92 3 100 31702 0.002551
316 242 3 100 37390 0.002551
325 46 3 100 22048 0.002551
181 327 3 100 31513 0.002551
145 322 3 100 256631 0.002551
94 202 3 100 21196 0.002552
236 105 3 100 14466 0.002552
33 20 3 100 8914 0.002552
385 93 3 100 29332 0.002552
308 80 3 100 41316 0.002553
152 83 3 100 45704 0.002553
369 127 3 100 43172 0.002553
240 290 3 100 6932 0.002553
303 163 3 100 35180 0.002554
217 231 3 100 18162 0.002555
64 254 3 100 16602 0.002555
166 38 3 100 20396 0.002555
133 138 3 100 12021 0.002555
313 128 3 100 17997 0.002555
104 382 3 100 27694 0.002555
246 270 3 100 9483 0.002555
295 267 3 100 24727 0.002555
128 263 3 100 33614 0.002555
30 315 3 100 37307 0.002556
245 178 3 100 32633 0.002556
66 213 3 100 27764 0.002556
185 122 3 100 300 0.002556
197 234 3 100 38302 0.002556
379 79 3 100 26702 0.002556
271 303 3 100 24710 0.002556
84 220 3 100 11648 0.002556
72 250 3 100 5811 0.002557
154 46 3 100 10673 0.002557
304 46 3 100 35337 0.002557
320 385 3 100 10246 0.002557
45 305 3 100 22919 0.002557
53 261 3 100 8678 0.002557
263 92 3 100 3617 0.002557
312 392 3 100 33945 0.002557
402 334 3 100 11985 0.002558
196 218 3 100 93063 0.002558
355 402 3 100 5845 0.002558
231 53 3 100 18906 0.002558
263 192 3 100 18714 0.002559
282 286 3 100 5973 0.002559
118 392 3 100 359596 0.002559
324 84 3 100 333341 0.002559
116 20 3 100 36264 0.002559
221 368 3 100 92935 0.002559
386 271 3 100 36201 0.002559
29 345 3 100 46750 0.002559
253 85 3 100 5331 0.002560
65 68 3 100 5672 0.002560
89 180 3 100 290310 0.002560
338 356 3 100 37664 0.002560
226 399 3 100 38606 0.002560
182 129 3 100 33078 0.002560
374 358 3 100 411663 0.002560
100 333 3 100 1461 0.002560
262 62 3 100 270228 0.002560
338 325 3 100 395345 0.002561
379 145 3 100 30676 0.002561
189 265 3 100 24399 0.002561
375 42 3 100 260471 0.002561
84 206 3 100 16071 0.002561
214 223 3 100 24012 0.002561
154 353 3 100 340452 0.002561
81 65 3 100 41205 0.002561
56 247 3 100 72006 0.002561
311 77 3 100 21527 0.002561
35 239 3 100 4789 0.002561
20 133 3 100 39138 0.002562
141 197 3 100 39238 0.002562
181 278 3 100 21394 0.002562
204 117 3 100 888 0.002562
83 46 3 100 7174 0.002562
144 119 3 100 16495 0.002562
300 262 3 100 38638 0.002563
341 177 3 100 4305 0.002563
154 243 3 100 588 0.002564
327 238 3 100 287030 0.002564
307 159 3 100 299233 0.002564
49 372 3 100 43316 0.002564
253 297 3 100 6453 0.002565
209 248 3 100 37132 0.002565
61 139 3 100 271752 0.002566
215 24 3 100 25146 0.002566
232 60 3 100 19820 0.002566
206 87 3 100 7452 0.002566
153 119 3 100 15319 0.002566
54 299 3 100 5631 0.002567
175 166 3 100 395282 0.002567
168 126 3 100 22336 0.002567
241 354 3 100 34253 0.002567
381 51 3 100 11084 0.002568
25 152 3 100 40486 0.002568
86 45 3 100 30430 0.002568
233 219 3 100 3124 0.002568
386 127 3 100 43115 0.002568
401 382 3 100 16316 0.002569
32 40 3 100 154415 0.002569
373 67 3 100 38594 0.002569
270 128 3 100 104878 0.002569
134 83 3 100 5779 0.002569
342 187 3 100 13157 0.002569
62 250 3 100 24683 0.002570
26 93 3 100 45139 0.002570
100 131 3 100 44991 0.002570
330 374 3 100 8734 0.002570
397 197 3 100 20351 0.002570
282 284 3 100 35776 0.002570
400 341 3 100 39841 0.002571
215 91 3 100 11410 0.002571
353 310 3 100 30633 0.002571
102 261 3 100 36532 0.002572
46 221 3 100 14808 0.002573
121 389 3 100 18313 0.002573
163 244 3 100 27876 0.002573
235 308 3 100 18043 0.002573
108 282 3 100 11002 0.002573
255 284 3 100 241545 0.002573
372 387 3 100 46366 0.002573
47 385 3 100 17863 0.002574
357 217 3 100 44208 0.002574
348 363 3 100 37335 0.002574
199 276 3 100 367300 0.002574
22 69 3 100 6575 0.002574
38 80 3 100 26318 0.002575
37 273 3 100 2717 0.002576
109 164 3 100 43374 0.002576
344 184 3 100 141507 0.002576
385 379 3 100 8614 0.002576
238 161 3 100 28495 0.002576
134 57 3 100 26889 0.002577
53 192 3 100 10581 0.002577
38 179 3 100 10620 0.002577
270 375 3 100 25146 0.002578
147 341 3 100 324740 0.002578
22 27 3 100 43336 0.002578
89 228 3 100 12195 0.002578
78 68 3 100 50847 0.002578
240 333 3 100 320995 0.002578
173 356 3 100 38756 0.002578
21 236 3 100 34958 0.002578
79 326 3 100 43060 0.002578
68 110 3 100 21974 0.002578
381 204 3 100 133328 0.002579
306 387 3 100 7239 0.002579
337 145 3 100 21357 0.002579
270 72 3 100 36561 0.002579
392 145 3 100 26502 0.002579
307 142 3 100 4182 0.002579
183 395 3 100 11651 0.002579
324 22 3 100 38159 0.002580
43 143 3 100 268363 0.002581
397 59 3 100 250433 0.002581
147 68 3 100 344423 0.002581
27 316 3 100 9245 0.002581
129 363 3 100 41397 0.002581
364 315 3 100 20322 0.002581
338 196 3 100 150410 0.002581
277 291 3 100 344287 0.002582
130 81 3 100 42960 0.002582
304 68 3 100 32021 0.002582
206 357 3 100 37714 0.002582
138 59 3 100 43398 0.002583
345 113 3 100 832 0.002583
70 37 3 100 25847 0.002583
400 24 3 100 1927 0.002583
187 67 3 100 464 0.002583
122 152 3 100 12719 0.002584
195 259 3 100 11726 0.002584
233 56 3 100 42791 0.002584
257 156 3 100 37900 0.002584
84 389 3 100 26516 0.002584
40 68 3 100 156796 0.002584
125 147 3 100 338793 0.002584
76 176 3 100 18388 0.002584
161 32 3 100 3193 0.002584
58 149 3 100 1522 0.002585
316 261 3 100 10079 0.002585
27 273 3 100 2261 0.002585
272 356 3 100 33685 0.002585
123 162 3 100 40682 0.002585
186 164 3 100 28445 0.002585
193 244 3 100 20332 0.002586
123 346 3 100 35461 0.002586
181 33 3 100 28455 0.002586
339 266 3 100 324046 0.002586
270 75 3 100 14111 0.002586
55 349 3 100 38255 0.002586
276 172 3 100 7740 0.002587
129 325 3 100 613 0.002587
63 204 3 100 367210 0.002587
343 276 3 100 2641 0.002588
240 20 3 100 42396 0.002588
283 153 3 100 21556 0.002588
130 319 3 100 70086 0.002589
162 273 3 100 15866 0.002589
247 372 3 100 38596 0.002589
148 313 3 100 459857 0.002589
137 114 3 100 41238 0.002590
400 213 3 100 28883 0.002590
305 20 3 100 24492 0.002590
171 117 3 100 36859 0.002590
113 94 3 100 28915 0.002590
390 113 3 100 1414 0.002590
269 191 3 100 125155 0.002590
378 185 3 100 16072 0.002590
254 351 3 100 27245 0.002590
103 402 3 100 212565 0.002590
79 84 3 100 36175 0.002590
206 324 3 100 35165 0.002590
352 303 3 100 39233 0.002591
309 37 3 100 3062 0.002591
50 89 3 100 30897 0.002591
55 118 3 100 36305 0.002591
217 112 3 100 42413 0.002591
169 223 3 100 23717 0.002591
279 170 3 100 44326 0.002591
247 383 3 100 20081 0.002591
315 251 3 100 9828 0.002592
129 313 3 100 23242 0.002592
372 392 3 100 403046 0.002592
157 119 3 100 454993 0.002592
186 337 3 100 24312 0.002592
199 358 3 100 34190 0.002592
180 34 3 100 9961 0.002593
58 393 3 100 40062 0.002593
291 121 3 100 43915 0.002593
69 262 3 100 18467 0.002593
208 305 3 100 44737 0.002593
170 169 3 100 376202 0.002593
204 256 3 100 4159 0.002593
84 256 3 100 19099 0.002593
269 226 3 100 35099 0.002593
311 225 3 100 32786 0.002594
67 257 3 100 39234 0.002594
36 271 3 100 18803 0.002594
134 246 3 100 22419 0.002594
94 202 3 100 31430 0.002594
262 222 3 100 44535 0.002594
217 267 3 100 36182 0.002594
224 343 3 100 29574 0.002595
207 338 3 100 4363 0.002595
113 100 3 100 45910 0.002596
301 348 3 100 3986 0.002596
324 199 3 100 23639 0.002596
127 239 3 100 44406 0.002596
169 320 3 100 31441 0.002596
161 96 3 100 4792 0.002597
133 246 3 100 78285 0.002597
248 52 3 100 25953 0.002597
114 201 3 100 32107 0.002597
145 171 3 100 8187 0.002597
358 316 3 100 37002 0.002597
233 275 3 100 40297 0.002598
201 178 3 100 4512 0.002598
43 336 3 100 31386 0.002598
329 139 3 100 42826 0.002598
225 376 3 100 40469 0.002599
215 122 3 100 25712 0.002599
344 64 3 100 27362 0.002599
206 154 3 100 40302 0.002599
108 25 3 100 17227 0.002599
196 208 3 100 1577 0.002599
376 395 3 100 31879 0.002599
181 241 3 100 375331 0.002600
90 87 3 100 7759 0.002600
197 29 3 100 35601 0.002600
265 100 3 100 242615 0.002600
89 52 3 100 85394 0.002600
75 271 3 100 23611 0.002600
327 88 3 100 12435 0.002601
60 230 3 100 261646 0.002601
275 278 3 100 17174 0.002601
158 224 3 100 400594 0.002601
323 75 3 100 17620 0.002601
242 72 3 100 1865 0.002601
41 186 3 100 4467 0.002601
25 259 3 100 5093 0.002602
332 69 3 100 41589 0.002602
162 235 3 100 18079 0.002602
259 56 3 100 33133 0.002602
29 169 3 100 30256 0.002603
268 296 3 100 44546 0.002603
286 308 3 100 35634 0.002603
22 388 3 100 39949 0.002603
210 387 3 100 42162 0.002603
211 232 3 100 38444 0.002603
324 368 3 100 9170 0.002604
85 294 3 100 16005 0.002604
217 131 3 100 426325 0.002604
277 252 3 100 379431 0.002604
342 194 3 100 38623 0.002604
337 369 3 100 33387 0.002605
85 352 3 100 341027 0.002605
342 116 3 100 1119 0.002605
119 99 3 100 11974 0.002606
235 127 3 100 108070 0.002607
20 166 3 100 39342 0.002607
279 371 3 100 38077 0.002607
45 46 3 100 38109 0.002607
338 89 3 100 26196 0.002607
390 237 3 100 29618 0.002608
232 21 3 100 29717 0.002608
371 185 3 100 21370 0.002608
27 63 3 100 182176 0.002608
215 201 3 100 35674 0.002609
374 49 3 100 5014 0.002609
370 258 3 100 24421 0.002609
113 108 3 100 31067 0.002609
24 176 3 100 39768 0.002609
87 305 3 100 173 0.002610
143 249 3 100 55774 0.002610
228 304 3 100 45604 0.002610
29 349 3 100 10879 0.002610
63 185 3 100 23057 0.002610
291 26 3 100 28606 0.002610
219 231 3 100 452127 0.002610
376 360 3 100 35088 0.002611
73 87 3 100 34544 0.002611
351 73 3 100 31838 0.002611
321 377 3 100 33345 0.002611
120 158 3 100 44931 0.002611
182 246 3 100 15124 0.002611
228 42 3 100 27698 0.002611
38 286 3 100 3227 0.002611
356 124 3 100 40576 0.002611
339 235 3 100 15360 0.002612
109 42 3 100 12740 0.002612
193 56 3 100 12214 0.002612
366 257 3 100 27625 0.002613
371 338 3 100 37059 0.002613
41 165 3 100 21273 0.002613
299 320 3 100 28867 0.002613
314 92 3 100 19989 0.002614
395 155 3 100 4517 0.002614
220 124 3 100 32126 0.002614
39 45 3 100 28326 0.002614
161 170 3 100 45489 0.002615
375 235 3 100 26204 0.002615
26 160 3 100 10419 0.002615
228 118 3 100 44043 0.002616
395 40 3 100 9725 0.002616
171 309 3 100 9280 0.002616
205 73 3 100 18724 0.002616
395 46 3 100 12256 0.002616
87 247 3 100 344834 0.002616
184 293 3 100 163305 0.002616
193 182 3 100 229336 0.002617
57 401 3 100 2722 0.002617
271 140 3 100 3221 0.002618
269 93 3 100 209226 0.002619
150 331 3 100 21413 0.002619
318 374 3 100 24620 0.002619
157 319 3 100 21782 0.002619
153 370 3 100 32346 0.002619
180 214 3 100 31938 0.002620
205 28 3 100 34674 0.002620
274 233 3 100 17644 0.002620
362 58 3 100 29577 0.002620
349 300 3 100 16552 0.002621
52 80 3 100 10871 0.002621
92 262 3 100 20491 0.002621
392 300 3 100 276806 0.002621
80 99 3 100 12478 0.002622
219 399 3 100 5703 0.002622
246 170 3 100 21217 0.002622
118 143 3 100 16015 0.002622
379 266 3 100 5425 0.002622
308 163 3 100 37568 0.002622
171 165 3 100 17158 0.002622
248 170 3 100 24287 0.002622
369 37 3 100 56249 0.002623
352 59 3 100 39898 0.002623
356 82 3 100 1109 0.002623
284 387 3 100 7482 0.002623
242 182 3 100 29503 0.002624
379 147 3 100 8851 0.002624
344 319 3 100 43527 0.002624
71 123 3 100 39175 0.002624
137 402 3 100 41037 0.002625
266 85 3 100 25695 0.002625
60 111 3 100 9887 0.002625
237 135 3 100 1 0.002625
103 250 3 100 14314 0.002626
283 183 3 100 24503 0.002626
109 40 3 100 291934 0.002626
272 307 3 100 6255 0.002626
129 396 3 100 33166 0.002627
34 31 3 100 443603 0.002627
263 145 3 100 188415 0.002627
115 190 3 100 98709 0.002628
240 211 3 100 15361 0.002628
374 254 3 100 26171 0.002628
375 353 3 100 45787 0.002628
23 358 3 100 11283 0.002628
311 324 3 100 44638 0.002628
294 53 3 100 19186 0.002628
262 80 3 100 8177 0.002628
78 289 3 100 8150 0.002628
146 53 3 100 39870 0.002629
59 132 3 100 23759 0.002629
82 21 3 100 26171 0.002629
215 179 3 100 91135 0.002629
126 399 3 100 25121 0.002629
382 290 3 100 17550 0.002629
321 383 3 100 1522 0.002630
347 280 3 100 334377 0.002630
343 79 3 100 379474 0.002630
306 244 3 100 42719 0.002630
230 253 3 100 21159 0.002630
23 97 3 100 31199 0.002631
315 398 3 100 26853 0.002631
115 38 3 100 30787 0.002631
399 76 3 100 15683 0.002631
229 382 3 100 2250 0.002631
347 202 3 100 27102 0.002631
195 278 3 100 24577 0.002631
378 47 3 100 20671 0.002631
333 298 3 100 25020 0.002631
281 219 3 100 37431 0.002631
389 84 3 100 13717 0.002632
180 204 3 100 39896 0.002632
309 324 3 100 35526 0.002632
152 335 3 100 37620 0.002632
127 137 3 100 15909 0.002633
83 338 3 100 42500 0.002633
174 130 3 100 44891 0.002633
78 272 3 100 4896 0.002633
382 344 3 100 15567 0.002633
184 71 3 100 31917 0.002634
137 196 3 100 3882 0.002634
227 163 3 100 16758 0.002634
208 339 3 100 34337 0.002634
84 300 3 100 123540 0.002634
159 141 3 100 1185 0.002634
345 69 3 100 9172 0.002635
303 349 3 100 28369 0.002635
21 309 3 100 17942 0.002635
351 275 3 100 11292 0.002635
243 261 3 100 20476 0.002635
42 353 3 100 26870 0.002635
46 299 3 100 291333 0.002636
132 22 3 100 9997 0.002636
283 315 3 100 9769 0.002636
66 52 3 100 367322 0.002636
369 375 3 100 1026 0.002636
382 281 3 100 29023 0.002637
359 87 3 100 27133 0.002637
279 296 3 100 2391 0.002637
197 339 3 100 11525 0.002638
339 245 3 100 38900 0.002638
59 237 3 100 31865 0.002638
206 117 3 100 20724 0.002639
87 212 3 100 45917 0.002639
359 124 3 100 4248 0.002639
192 218 3 100 41102 0.002639
190 165 3 100 16179 0.002640
319 392 3 100 40126 0.002640
30 324 3 100 37518 0.002640
352 59 3 100 9450 0.002640
326 311 3 100 36004 0.002640
231 314 3 100 38088 0.002640
359 315 3 100 133387 0.002640
325 39 3 100 152106 0.002641
29 302 3 100 33152 0.002641
398 207 3 100 16120 0.002642
362 46 3 100 8888 0.002642
258 274 3 100 22792 0.002642
40 350 3 100 17823 0.002642
361 166 3 100 369934 0.002642
91 384 3 100 330 0.002643
188 108 3 100 35251 0.002643
167 398 3 100 33463 0.002643
356 287 3 100 31440 0.002643
292 275 3 100 21354 0.002643
212 309 3 100 43040 0.002643
48 225 3 100 15900 0.002644
41 165 3 100 98984 0.002644
318 194 3 100 43053 0.002644
96 318 3 100 21047 0.002645
387 186 3 100 6554 0.002645
79 59 3 100 37798 0.002645
320 266 3 100 113524 0.002645
237 204 3 100 174983 0.002645
216 27 3 100 391096 0.002646
56 81 3 100 24643 0.002646
100 45 3 100 6453 0.002646
216 399 3 100 30037 0.002646
164 146 3 100 24777 0.002646
256 400 3 100 1929 0.002646
184 362 3 100 31673 0.002646
159 316 3 100 4436 0.002647
204 249 3 100 21828 0.002647
339 320 3 100 10681 0.002647
74 220 3 100 12083 0.002647
299 140 3 100 17575 0.002647
140 389 3 100 26948 0.002647
75 285 3 100 36582 0.002648
45 389 3 100 1850 0.002648
195 220 3 100 45493 0.002648
143 58 3 100 30096 0.002648
364 139 3 100 43495 0.002648
80 20 3 100 45908 0.002648
267 402 3 100 7417 0.002648
173 181 3 100 13048 0.002648
148 124 3 100 11678 0.002648
75 372 3 100 35463 0.002648
391 299 3 100 45249 0.002649
39 89 3 100 2001 0.002649
387 284 3 100 5850 0.002649
265 162 3 100 384504 0.002649
141 109 3 100 42770 0.002649
83 143 3 100 28585 0.002649
328 84 3 100 29457 0.002650
119 274 3 100 456984 0.002650
296 285 3 100 44526 0.002650
84 270 3 100 355752 0.002650
346 136 3 100 37639 0.002650
396 329 3 100 9262 0.002650
48 377 3 100 397229 0.002651
33 72 3 100 19205 0.002651
310 198 3 100 38692 0.002651
229 153 3 100 12438 0.002651
121 185 3 100 314996 0.002652
214 182 3 100 16444 0.002652
275 64 3 100 262485 0.002652
289 357 3 100 43759 0.002653
247 386 3 100 16884 0.002653
325 149 3 100 1576 0.002653
254 134 3 100 42759 0.002653
220 373 3 100 9918 0.002653
135 394 3 100 35705 0.002653
182 197 3 100 28185 0.002653
287 256 3 100 9335 0.002653
132 300 3 100 15330 0.002654
76 289 3 100 1721 0.002654
169 138 3 100 19671 0.002654
282 360 3 100 28661 0.002654
312 24 3 100 446106 0.002654
101 120 3 100 4781 0.002654
129 249 3 100 9922 0.002655
315 329 3 100 9472 0.002655
162 300 3 100 527 0.002655
275 369 3 100 10427 0.002655
138 291 3 100 13802 0.002655
396 39 3 100 31668 0.002655
79 331 3 100 23953 0.002655
397 355 3 100 30150 0.002655
392 22 3 100 261127 0.002655
360 145 3 100 25468 0.002656
34 291 3 100 161399 0.002656
121 299 3 100 36734 0.002656
367 120 3 100 36153 0.002656
138 395 3 100 6982 0.002656
192 136 3 100 23393 0.002656
239 286 3 100 37286 0.002657
55 232 3 100 17368 0.002657
363 302 3 100 257514 0.002657
374 348 3 100 10929 0.002658
215 108 3 100 40164 0.002658
165 393 3 100 364918 0.002658
77 67 3 100 8420 0.002658
102 315 3 100 45123 0.002658
292 172 3 100 28520 0.002658
214 273 3 100 76104 0.002658
206 138 3 100 114361 0.002659
224 132 3 100 376725 0.002659
363 253 3 100 39669 0.002659
128 184 3 100 45223 0.002659
214 20 3 100 1380 0.002659
226 85 3 100 199393 0.002660
50 386 3 100 164658 0.002660
208 347 3 100 16484 0.002660
113 293 3 100 7927 0.002660
320 243 3 100 273383 0.002660
188 217 3 100 32744 0.002661
289 365 3 100 5304 0.002661
220 375 3 100 4398 0.002661
359 59 3 100 20489 0.002661
201 336 3 100 19665 0.002662
348 261 3 100 15522 0.002662
39 391 3 100 22086 0.002662
380 238 3 100 6785 0.002662
159 43 3 100 26776 0.002663
34 142 3 100 23615 0.002663
389 351 3 100 25343 0.002664
331 87 3 100 18416 0.002664
338 388 3 100 32075 0.002664
316 228 3 100 36547 0.002664
293 226 3 100 32799 0.002664
164 322 3 100 142126 0.002664
336 367 3 100 16100 0.002665
214 64 3 100 43625 0.002665
308 79 3 100 1560 0.002665
289 55 3 100 174115 0.002666
401 286 3 100 21236 0.002667
214 57 3 100 22008 0.002667
127 89 3 100 144021 0.002667
174 63 3 100 34139 0.002667
356 397 3 100 14282 0.002667
393 76 3 100 2382 0.002667
210 46 3 100 12982 0.002667
370 34 3 100 15937 0.002667
335 154 3 100 24819 0.002667
143 324 3 100 26274 0.002668
385 320 3 100 39398 0.002668
362 402 3 100 15148 0.002668
352 202 3 100 4948 0.002668
328 119 3 100 10021 0.002669
224 248 3 100 5143 0.002669
246 210 3 100 35529 0.002669
386 128 3 100 255160 0.002669
263 152 3 100 42735 0.002669
23 30 3 100 408907 0.002670
309 145 3 100 317 0.002670
323 60 3 100 26946 0.002670
339 141 3 100 19376 0.002671
222 157 3 100 22301 0.002671
284 373 3 100 294674 0.002671
134 233 3 100 18164 0.002671
256 163 3 100 78019 0.002671
376 295 3 100 119723 0.002671
192 270 3 100 7807 0.002671
137 117 3 100 31182 0.002672
295 64 3 100 38467 0.002672
185 90 3 100 43420 0.002672
94 24 3 100 9265 0.002672
401 287 3 100 423668 0.002672
256 103 3 100 1160 0.002672
198 158 3 100 203818 0.002673
343 245 3 100 29384 0.002673
157 165 3 100 352435 0.002673
30 362 3 100 39211 0.002673
144 373 3 100 16311 0.002673
364 32 3 100 6113 0.002673
274 31 3 100 33467 0.002673
241 118 3 100 8898 0.002674
220 335 3 100 11005 0.002674
338 176 3 100 16728 0.002674
186 377 3 100 10470 0.002674
52 353 3 100 18302 0.002674
62 32 3 100 17416 0.002674
84 187 3 100 36568 0.002674
111 298 3 100 224089 0.002674
76 392 3 100 232928 0.002674
292 322 3 100 36909 0.002675
279 307 3 100 41408 0.002675
278 371 3 100 32253 0.002675
48 336 3 100 20024 0.002675
358 254 3 100 142140 0.002675
94 161 3 100 35239 0.002676
309 180 3 100 33447 0.002676
203 288 3 100 30182 0.002676
393 237 3 100 34662 0.002676
99 346 3 100 45621 0.002676
75 362 3 100 1978 0.002677
202 386 3 100 23160 0.002677
169 343 3 100 628 0.002677
280 286 3 100 70310 0.002677
318 316 3 100 33190 0.002677
263 52 3 100 42035 0.002677
275 119 3 100 42144 0.002677
94 170 3 100 3899 0.002677
290 36 3 100 24432 0.002678
290 194 3 100 288456 0.002678
276 27 3 100 21360 0.002678
399 155 3 100 14807 0.002678
174 276 3 100 418481 0.002678
201 200 3 100 17012 0.002679
214 225 3 100 17218 0.002679
64 27 3 100 15653 0.002679
389 260 3 100 3661 0.002679
131 92 3 100 38059 0.002679
188 370 3 100 335675 0.002679
226 68 3 100 188255 0.002679
289 219 3 100 133616 0.002680
200 367 3 100 14123 0.002680
127 136 3 100 44187 0.002680
154 68 3 100 9241 0.002680
235 374 3 100 252061 0.002680
302 369 3 100 16383 0.002681
355 237 3 100 33012 0.002681
302 339 3 100 12923 0.002681
121 202 3 100 310604 0.002681
134 227 3 100 39472 0.002681
140 263 3 100 6833 0.002681
177 127 3 100 31343 0.002681
383 52 3 100 5847 0.002682
99 287 3 100 38161 0.002682
183 131 3 100 26910 0.002682
62 117 3 100 1256 0.002683
161 276 3 100 36703 0.002683
34 363 3 100 34723 0.002683
312 234 3 100 4008 0.002683
268 261 3 100 16168 0.002683
354 360 3 100 454692 0.002683
100 36 3 100 20637 0.002684
121 219 3 100 18511 0.002684
151 250 3 100 15547 0.002684
341 368 3 100 37113 0.002684
265 312 3 100 42221 0.002684
78 327 3 100 337213 0.002685
137 285 3 100 26543 0.002685
311 171 3 100 13496 0.002686
249 143 3 100 31917 0.002686
373 165 3 100 124 0.002686
38 50 3 100 5694 0.002686
381 338 3 100 9129 0.002687
147 370 3 100 22838 0.002687
369 154 3 100 33477 0.002687
171 34 3 100 382986 0.002687
370 227 3 100 2589 0.002687
32 172 3 100 32773 0.002688
124 363 3 100 33802 0.002688
102 394 3 100 26787 0.002688
328 237 3 100 22998 0.002688
291 258 3 100 388616 0.002688
62 142 3 100 29590 0.002688
261 159 3 100 36925 0.002688
317 220 3 100 44938 0.002688
295 381 3 100 949 0.002689
350 387 3 100 42571 0.002689
325 102 3 100 46764 0.002689
275 198 3 100 22258 0.002689
150 207 3 100 15121 0.002689
128 332 3 100 40050 0.002689
93 57 3 100 31597 0.002689
369 246 3 100 794 0.002690
167 150 3 100 21764 0.002690
52 251 3 100 42529 0.002690
396 86 3 100 280021 0.002690
43 290 3 100 38913 0.002691
210 360 3 100 36540 0.002691
322 167 3 100 32090 0.002691
317 93 3 100 178670 0.002692
208 234 3 100 45549 0.002692
160 366 3 100 87360 0.002692
341 301 3 100 43058 0.002692
97 72 3 100 2817 0.002692
255 390 3 100 42972 0.002692
394 211 3 100 400938 0.002692
230 143 3 100 34161 0.002693
87 135 3 100 21526 0.002693
62 292 3 100 240113 0.002693
389 149 3 100 32640 0.002693
384 287 3 100 39994 0.002693
242 331 3 100 15708 0.002693
383 167 3 100 158658 0.002693
399 242 3 100 94510 0.002693
44 76 3 100 43548 0.002693
363 219 3 100 28144 0.002694
232 319 3 100 29734 0.002694
77 72 3 100 22431 0.002694
270 386 3 100 26401 0.002694
178 179 3 100 39739 0.002694
336 63 3 100 16634 0.002694
22 166 3 100 233919 0.002695
360 218 3 100 24595 0.002695
381 113 3 100 29540 0.002695
41 66 3 100 531 0.002695
151 203 3 100 165421 0.002695
125 337 3 100 23103 0.002695
262 264 3 100 42446 0.002695
166 342 3 100 963 0.002696
231 251 3 100 45183 0.002696
127 130 3 100 42434 0.002696
143 220 3 100 8273 0.002696
66 97 3 100 2620 0.002696
142 281 3 100 10961 0.002696
260 163 3 100 7632 0.002696
259 81 3 100 41193 0.002696
349 307 3 100 396247 0.002696
293 251 3 100 41076 0.002697
47 303 3 100 324049 0.002697
119 132 3 100 418924 0.002697
341 181 3 100 34455 0.002697
361 226 3 100 24196 0.002698
148 374 3 100 36920 0.002698
361 351 3 100 13293 0.002699
112 396 3 100 21639 0.002699
278 324 3 100 45832 0.002699
137 279 3 100 45558 0.002699
335 380 3 100 18348 0.002699
347 53 3 100 30942 0.002700
199 334 3 100 15939 0.002700
321 97 3 100 29606 0.002700
374 229 3 100 273362 0.002700
346 229 3 100 45364 0.002700
88 358 3 100 454086 0.002700
109 270 3 100 124376 0.002701
190 75 3 100 41003 0.002701
235 352 3 100 22786 0.002701
193 299 3 100 15624 0.002701
352 402 3 100 32597 0.002701
250 64 3 100 3822 0.002701
317 221 3 100 209373 0.002701
310 90 3 100 4436 0.002701
105 283 3 100 13771 0.002702
62 83 3 100 23667 0.002702
215 247 3 100 7976 0.002702
379 331 3 100 23833 0.002702
32 201 3 100 4920 0.002702
305 53 3 100 18665 0.002702
239 59 3 100 1556 0.002703
187 358 3 100 425 0.002703
157 195 3 100 35184 0.002703
187 292 3 100 19642 0.002703
164 149 3 100 31182 0.002703
90 97 3 100 142595 0.002704
361 192 3 100 11434 0.002704
245 64 3 100 44433 0.002704
340 282 3 100 32873 0.002704
344 331 3 100 31456 0.002704
303 229 3 100 15566 0.002704
30 326 3 100 348 0.002704
58 306 3 100 29367 0.002704
175 300 3 100 4179 0.002704
67 314 3 100 41744 0.002704
381 394 3 100 22998 0.002704
363 311 3 100 14622 0.002705
216 313 3 100 307532 0.002705
159 272 3 100 42895 0.002705
283 140 3 100 199304 0.002705
91 247 3 100 34965 0.002706
309 319 3 100 43311 0.002706
345 204 3 100 40287 0.002706
152 403 3 100 20999 0.002706
391 66 3 100 54837 0.002706
85 117 3 100 32839 0.002707
127 137 3 100 7015 0.002707
252 298 3 100 19383 0.002707
204 347 3 100 45151 0.002707
181 298 3 100 36424 0.002707
70 310 3 100 29724 0.002708
293 250 3 100 6352 0.002708
73 126 3 100 28240 0.002708
246 212 3 100 2120 0.002708
48 72 3 100 38038 0.002709
45 354 3 100 30685 0.002709
293 82 3 100 14374 0.002709
50 375 3 100 12534 0.002709
246 157 3 100 43925 0.002709
260 288 3 100 35253 0.002709
295 377 3 100 41915 0.002709
205 92 3 100 33450 0.002709
372 80 3 100 1574 0.002710
217 335 3 100 24037 0.002710
57 351 3 100 44710 0.002710
236 363 3 100 13057 0.002710
59 318 3 100 434003 0.002711
178 294 3 100 7667 0.002711
145 87 3 100 38773 0.002711
166 165 3 100 3870 0.002711
395 365 3 100 30913 0.002711
96 302 3 100 33425 0.002711
33 220 3 100 7082 0.002711
304 39 3 100 75804 0.002712
32 148 3 100 44337 0.002713
343 269 3 100 19771 0.002713
199 124 3 100 12255 0.002713
230 58 3 100 10958 0.002713
309 275 3 100 18776 0.002713
23 226 3 100 40031 0.002714
338 269 3 100 367157 0.002714
68 50 3 100 5648 0.002714
277 230 3 100 255412 0.002714
285 128 3 100 24316 0.002714
370 389 3 100 6093 0.002715
243 160 3 100 212434 0.002715
179 189 3 100 34643 0.002715
115 358 3 100 4505 0.002715
385 372 3 100 13299 0.002715
388 375 3 100 12916 0.002715
230 343 3 100 57331 0.002715
165 389 3 100 93099 0.002716
62 330 3 100 5320 0.002716
114 232 3 100 13642 0.002716
334 61 3 100 33567 0.002716
87 61 3 100 70778 0.002716
78 47 3 100 29790 0.002716
176 95 3 100 222266 0.002716
114 325 3 100 723 0.002716
65 196 3 100 83657 0.002716
310 348 3 100 19016 0.002717
356 249 3 100 28130 0.002717
227 148 3 100 9825 0.002717
399 186 3 100 200337 0.002717
85 149 3 100 300718 0.002717
293 356 3 100 38875 0.002717
348 292 3 100 2517 0.002717
187 181 3 100 45042 0.002717
76 145 3 100 32973 0.002717
339 110 3 100 13753 0.002717
207 231 3 100 45097 0.002717
387 25 3 100 10358 0.002717
346 390 3 100 14141 0.002717
285 142 3 100 25786 0.002718
369 331 3 100 17596 0.002718
263 172 3 100 13304 0.002718
164 39 3 100 39719 0.002719
32 180 3 100 34595 0.002719
56 224 3 100 247781 0.002719
333 32 3 100 141255 0.002719
246 285 3 100 207879 0.002719
117 224 3 100 40617 0.002719
191 192 3 100 3280 0.002719
244 253 3 100 1504 0.002719
259 212 3 100 8505 0.002719
198 84 3 100 123217 0.002719
294 214 3 100 32762 0.002720
380 236 3 100 44613 0.002720
238 299 3 100 7548 0.002720
342 359 3 100 4857 0.002720
298 129 3 100 6853 0.002720
234 62 3 100 19826 0.002720
158 171 3 100 45312 0.002720
317 229 3 100 31779 0.002720
335 206 3 100 37751 0.002720
202 266 3 100 25649 0.002720
91 332 3 100 384964 0.002721
177 41 3 100 19548 0.002721
116 327 3 100 34528 0.002721
78 397 3 100 41247 0.002721
183 38 3 100 271933 0.002721
173 63 3 100 7896 0.002721
90 155 3 100 29611 0.002722
184 338 3 100 2380 0.002722
339 31 3 100 20585 0.002722
326 113 3 100 42320 0.002722
371 251 3 100 36564 0.002722
284 361 3 100 197179 0.002722
384 367 3 100 22706 0.002723
340 53 3 100 41060 0.002723
128 289 3 100 342 0.002723
253 402 3 100 33431 0.002723
268 67 3 100 25246 0.002724
214 141 3 100 16447 0.002724
341 95 3 100 161748 0.002724
22 211 3 100 3344 0.002725
121 374 3 100 36488 0.002725
226 233 3 100 24922 0.002725
269 249 3 100 141745 0.002725
160 133 3 100 42230 0.002725
225 38 3 100 33242 0.002725
245 364 3 100 9021 0.002725
393 291 3 100 15356 0.002725
115 300 3 100 22512 0.002725
184 140 3 100 33075 0.002725
172 286 3 100 28545 0.002726
368 392 3 100 25219 0.002726
266 28 3 100 20063 0.002726
397 36 3 100 2911 0.002726
227 334 3 100 27691 0.002726
241 172 3 100 23258 0.002726
185 224 3 100 24200 0.002726
328 26 3 100 298675 0.002726
355 154 3 100 37677 0.002726
97 258 3 100 33917 0.002727
295 35 3 100 13566 0.002727
245 367 3 100 11062 0.002727
139 188 3 100 25484 0.002727
313 343 3 100 3021 0.002727
216 97 3 100 344697 0.002727
196 292 3 100 35835 0.002727
37 385 3 100 28663 0.002727
320 125 3 100 43908 0.002728
90 94 3 100 17601 0.002728
393 304 3 100 10878 0.002728
94 136 3 100 25016 0.002728
90 81 3 100 40226 0.002728
73 256 3 100 31555 0.002729
54 392 3 100 40101 0.002729
59 208 3 100 8721 0.002729
121 164 3 100 32642 0.002729
312 215 3 100 33069 0.002730
318 285 3 100 345035 0.002730
396 330 3 100 2457 0.002730
366 323 3 100 13756 0.002730
74 277 3 100 44853 0.002730
157 64 3 100 1179 0.002731
375 270 3 100 29179 0.002731
138 395 3 100 38426 0.002731
218 291 3 100 27889 0.002731
108 168 3 100 40510 0.002731
396 137 3 100 32541 0.002731
122 69 3 100 35466 0.002732
50 73 3 100 293218 0.002732
142 60 3 100 448398 0.002732
402 107 3 100 9370 0.002732
362 217 3 100 12431 0.002732
279 325 3 100 16885 0.002732
338 254 3 100 45171 0.002732
222 341 3 100 21899 0.002733
227 344 3 100 98331 0.002733
286 84 3 100 16675 0.002733
255 283 3 100 45867 0.002733
289 26 3 100 31870 0.002733
219 111 3 100 14480 0.002734
196 334 3 100 13724 0.002734
102 376 3 100 20575 0.002734
217 95 3 100 16363 0.002735
58 214 3 100 458473 0.002735
346 224 3 100 14822 0.002735
331 232 3 100 44150 0.002735
267 304 3 100 110291 0.002735
372 312 3 100 41073 0.002735
282 224 3 100 32404 0.002735
32 138 3 100 24991 0.002735
65 272 3 100 24456 0.002736
320 78 3 100 43217 0.002736
88 235 3 100 1569 0.002736
261 76 3 100 35366 0.002736
156 86 3 100 45246 0.002737
294 119 3 100 5247 0.002737
385 307 3 100 926 0.002737
268 378 3 100 332810 0.002737
237 91 3 100 8841 0.002738
398 395 3 100 42543 0.002738
183 36 3 100 304468 0.002738
115 290 3 100 17824 0.002738
275 316 3 100 35073 0.002738
236 240 3 100 194874 0.002738
296 69 3 100 12421 0.002739
290 215 3 100 16593 0.002739
304 225 3 100 36137 0.002739
34 122 3 100 21377 0.002739
27 63 3 100 364370 0.002739
70 235 3 100 40017 0.002740
218 128 3 100 25772 0.002740
293 94 3 100 32767 0.002740
382 126 3 100 15413 0.002740
42 208 3 100 24460 0.002740
154 70 3 100 13916 0.002741
375 46 3 100 43269 0.002741
241 263 3 100 384909 0.002741
337 139 3 100 23864 0.002741
158 98 3 100 25554 0.002742
163 68 3 100 13203 0.002742
157 103 3 100 32271 0.002742
137 65 3 100 26396 0.002742
112 294 3 100 327831 0.002742
191 378 3 100 30546 0.002742
296 226 3 100 25228 0.002743
299 354 3 100 1921 0.002743
302 374 3 100 31464 0.002744
357 51 3 100 220624 0.002744
377 204 3 100 9203 0.002744
105 283 3 100 19778 0.002744
255 275 3 100 16936 0.002744
227 401 3 100 163521 0.002745
87 41 3 100 18741 0.002745
50 183 3 100 33165 0.002745
338 106 3 100 34549 0.002745
280 136 3 100 2520 0.002745
375 295 3 100 404223 0.002745
200 92 3 100 193348 0.002745
198 120 3 100 7527 0.002745
130 208 3 100 21937 0.002746
364 235 3 100 6744 0.002746
143 178 3 100 32637 0.002746
277 284 3 100 16445 0.002746
388 251 3 100 183824 0.002747
66 59 3 100 349892 0.002747
223 72 3 100 139720 0.002747
35 173 3 100 23001 0.002747
180 243 3 100 16391 0.002747
234 96 3 100 17787 0.002747
30 261 3 100 45456 0.002747
359 387 3 100 6954 0.002748
189 382 3 100 26564 0.002748
222 394 3 100 426747 0.002748
393 295 3 100 148818 0.002748
391 203 3 100 10799 0.002748
61 335 3 100 44484 0.002748
25 208 3 100 44001 0.002749
319 210 3 100 177193 0.002749
217 343 3 100 65613 0.002749
183 267 3 100 2736 0.002749
132 41 3 100 3549 0.002749
54 295 3 100 6186 0.002749
87 301 3 100 30704 0.002749
299 342 3 100 36476 0.002749
233 211 3 100 1065 0.002749
34 308 3 100 22670 0.002750
325 43 3 100 318193 0.002751
112 347 3 100 358387 0.002751
360 110 3 100 60452 0.002751
159 290 3 100 227243 0.002751
260 214 3 100 34726 0.002751
375 38 3 100 194182 0.002751
35 109 3 100 37619 0.002751
363 21 3 100 33033 0.002752
62 392 3 100 145 0.002752
382 392 3 100 22139 0.002752
196 316 3 100 43434 0.002752
211 140 3 100 24740 0.002752
207 299 3 100 18112 0.002753
308 342 3 100 430942 0.002753
397 190 3 100 30296 0.002753
361 307 3 100 39569 0.002753
53 206 3 100 34161 0.002753
400 341 3 100 7013 0.002753
68 153 3 100 35196 0.002754
154 138 3 100 4557 0.002754
37 357 3 100 8569 0.002754
340 38 3 100 133116 0.002754
88 43 3 100 7732 0.002754
162 310 3 100 15038 0.002755
30 296 3 100 1382 0.002755
116 282 3 100 238080 0.002755
52 87 3 100 20684 0.002755
196 366 3 100 17527 0.002755
301 249 3 100 4399 0.002755
318 378 3 100 337234 0.002755
162 302 3 100 3117 0.002755
79 319 3 100 25833 0.002755
386 371 3 100 45893 0.002756
366 337 3 100 16686 0.002756
122 128 3 100 33341 0.002756
143 340 3 100 1302 0.002756
233 133 3 100 185340 0.002756
321 248 3 100 9540 0.002756
203 372 3 100 3615 0.002757
174 382 3 100 389610 0.002757
353 94 3 100 4591 0.002757
323 396 3 100 31225 0.002758
135 336 3 100 33709 0.002758
59 383 3 100 30770 0.002758
303 143 3 100 34151 0.002759
355 125 3 100 11060 0.002759
367 240 3 100 28344 0.002759
347 94 3 100 34929 0.002759
118 282 3 100 8298 0.002759
43 140 3 100 16405 0.002759
209 181 3 100 16112 0.002759
357 398 3 100 431667 0.002759
26 325 3 100 1967 0.002759
356 352 3 100 3421 0.002760
387 245 3 100 38263 0.002760
73 377 3 100 10850 0.002760
246 290 3 100 29769 0.002760
333 169 3 100 10990 0.002760
251 342 3 100 6981 0.002760
223 141 3 100 1010 0.002760
188 268 3 100 223381 0.002760
393 310 3 100 14265 0.002760
303 397 3 100 7144 0.002761
223 387 3 100 24417 0.002761
185 287 3 100 21168 0.002761
374 111 3 100 192844 0.002761
122 312 3 100 187947 0.002761
64 158 3 100 26665 0.002761
34 282 3 100 36358 0.002761
236 285 3 100 68946 0.002762
273 390 3 100 198878 0.002762
286 105 3 100 416880 0.002762
145 363 3 100 18774 0.002762
393 164 3 100 30816 0.002763
400 249 3 100 12664 0.002763
239 63 3 100 176888 0.002763
145 383 3 100 31277 0.002763
395 336 3 100 26264 0.002763
399 249 3 100 19254 0.002763
191 174 3 100 31075 0.002763
26 72 3 100 1406 0.002763
287 392 3 100 54886 0.002763
238 37 3 100 24363 0.002763
313 327 3 100 15887 0.002763
368 99 3 100 6599 0.002764
208 43 3 100 273584 0.002764
33 295 3 100 36984 0.002764
354 132 3 100 38906 0.002764
263 202 3 100 5330 0.002764
263 206 3 100 1982 0.002765
197 129 3 100 273833 0.002765
312 172 3 100 33065 0.002765
388 40 3 100 32204 0.002765
196 252 3 100 370578 0.002765
80 342 3 100 140231 0.002765
84 95 3 100 17278 0.002765
297 212 3 100 36920 0.002766
350 114 3 100 23079 0.002766
54 148 3 100 6999 0.002766
72 46 3 100 15304 0.002766
265 298 3 100 34818 0.002766
178 64 3 100 403042 0.002766
383 68 3 100 1641 0.002767
254 321 3 100 29499 0.002767
51 82 3 100 45645 0.002767
104 371 3 100 21492 0.002768
167 327 3 100 12150 0.002768
399 283 3 100 31312 0.002768
161 87 3 100 6995 0.002769
59 114 3 100 17305 0.002769
305 344 3 100 5827 0.002769
272 242 3 100 27131 0.002769
41 55 3 100 366078 0.002769
363 331 3 100 38553 0.002769
103 125 3 100 385326 0.002769
88 67 3 100 181615 0.002770
365 184 3 100 38050 0.002770
112 296 3 100 434294 0.002770
233 188 3 100 87031 0.002770
21 136 3 100 104266 0.002770
64 278 3 100 245297 0.002770
186 302 3 100 15293 0.002770
138 43 3 100 41800 0.002770
364 87 3 100 17008 0.002770
113 376 3 100 28824 0.002771
156 248 3 100 41528 0.002771
389 358 3 100 18571 0.002772
358 319 3 100 1085 0.002772
231 304 3 100 991 0.002773
116 127 3 100 10146 0.002773
270 301 3 100 409585 0.002773
111 20 3 100 109499 0.002774
335 214 3 100 44501 0.002774
373 81 3 100 41327 0.002774
211 136 3 100 7940 0.002774
279 277 3 100 30899 0.002774
248 329 3 100 43255 0.002774
200 273 3 100 29053 0.002775
273 335 3 100 19876 0.002775
57 374 3 100 30387 0.002775
29 237 3 100 39191 0.002775
21 317 3 100 37582 0.002775
285 97 3 100 31847 0.002775
320 123 3 100 1905 0.002775
59 48 3 100 44395 0.002775
207 379 3 100 41273 0.002775
52 368 3 100 38339 0.002776
332 145 3 100 5421 0.002776
229 311 3 100 17933 0.002776
234 390 3 100 4196 0.002776
255 101 3 100 39917 0.002776
302 43 3 100 6612 0.002776
317 145 3 100 25781 0.002776
289 34 3 100 2999 0.002776
333 181 3 100 62926 0.002777
28 227 3 100 27365 0.002777
312 160 3 100 37456 0.002777
213 303 3 100 327192 0.002777
56 168 3 100 6050 0.002777
394 170 3 100 45917 0.002777
124 120 3 100 451603 0.002777
191 322 3 100 17044 0.002777
124 355 3 100 37085 0.002777
272 137 3 100 15110 0.002777
192 397 3 100 18472 0.002777
373 195 3 100 994 0.002778
84 81 3 100 36099 0.002778
162 208 3 100 260381 0.002778
266 204 3 100 13181 0.002778
195 187 3 100 10381 0.002778
382 187 3 100 335690 0.002778
56 157 3 100 36831 0.002778
344 117 3 100 271192 0.002779
79 268 3 100 30829 0.002779
248 356 3 100 39693 0.002779
221 340 3 100 25752 0.002779
379 68 3 100 38697 0.002779
141 108 3 100 23676 0.002779
146 156 3 100 15670 0.002779
265 236 3 100 6754 0.002779
375 371 3 100 1180 0.002780
280 160 3 100 25812 0.002780
122 237 3 100 24298 0.002780
130 306 3 100 41002 0.002780
223 173 3 100 45644 0.002780
59 155 3 100 3835 0.002780
365 186 3 100 524 0.002780
333 30 3 100 19597 0.002780
159 246 3 100 9797 0.002780
38 222 3 100 138476 0.002780
71 273 3 100 8225 0.002780
350 93 3 100 28977 0.002780
181 342 3 100 1092 0.002781
309 236 3 100 7869 0.002781
250 79 3 100 8710 0.002781
399 170 3 100 32564 0.002781
210 113 3 100 1916 0.002781
77 110 3 100 18751 0.002781
313 291 3 100 36920 0.002781
373 232 3 100 1633 0.002781
226 190 3 100 15109 0.002782
120 100 3 100 8713 0.002782
160 39 3 100 412357 0.002782
40 302 3 100 29088 0.002782
171 202 3 100 5903 0.002782
386 274 3 100 23441 0.002782
289 316 3 100 10518 0.002782
328 350 3 100 34115 0.002782
24 391 3 100 30531 0.002783
42 217 3 100 21900 0.002783
195 381 3 100 22229 0.002783
322 340 3 100 306501 0.002783
85 61 3 100 25473 0.002783
245 354 3 100 19106 0.002783
185 67 3 100 35772 0.002783
74 176 3 100 17921 0.002783
128 155 3 100 44717 0.002783
263 240 3 100 15286 0.002783
298 327 3 100 144903 0.002784
312 96 3 100 260381 0.002784
352 119 3 100 29910 0.002784
183 332 3 100 14090 0.002784
128 96 3 100 39495 0.002784
402 74 3 100 294 0.002784
383 329 3 100 52460 0.002784
246 35 3 100 34748 0.002784
84 21 3 100 45965 0.002784
87 35 3 100 4294 0.002784
403 390 3 100 359489 0.002785
20 239 3 100 21900 0.002785
348 269 3 100 566 0.002785
121 125 3 100 42109 0.002785
392 268 3 100 38983 0.002785
309 334 3 100 7457 0.002785
58 138 3 100 23911 0.002785
20 148 3 100 45469 0.002785
374 393 3 100 33680 0.002786
234 344 3 100 25743 0.002786
130 209 3 100 16764 0.002786
86 307 3 100 15853 0.002786
361 228 3 100 3882 0.002786
231 402 3 100 423209 0.002787
175 55 3 100 35081 0.002787
108 255 3 100 20149 0.002787
291 260 3 100 366 0.002787
196 133 3 100 34402 0.002787
303 335 3 100 44842 0.002788
343 91 3 100 38213 0.002788
389 327 3 100 45026 0.002788
95 46 3 100 346892 0.002788
85 86 3 100 39246 0.002788
170 60 3 100 327419 0.002788
212 168 3 100 91344 0.002788
128 253 3 100 30651 0.002789
385 353 3 100 22857 0.002789
358 390 3 100 32681 0.002789
87 231 3 100 22904 0.002789
73 382 3 100 22781 0.002790
365 53 3 100 36370 0.002790
122 304 3 100 12901 0.002790
36 237 3 100 14784 0.002790
198 322 3 100 27545 0.002790
400 395 3 100 294266 0.002791
391 321 3 100 45316 0.002791
288 318 3 100 16752 0.002792
387 347 3 100 14274 0.002792
166 288 3 100 8012 0.002792
297 347 3 100 31581 0.002792
291 136 3 100 10240 0.002792
389 65 3 100 264346 0.002792
295 325 3 100 29865 0.002792
203 369 3 100 45639 0.002792
89 221 3 100 37598 0.002792
306 221 3 100 388639 0.002792
337 135 3 100 4633 0.002793
148 83 3 100 302386 0.002793
217 138 3 100 42780 0.002793
123 341 3 100 45493 0.002793
206 232 3 100 319033 0.002793
326 29 3 100 20306 0.002794
58 152 3 100 25782 0.002794
229 237 3 100 11038 0.002794
403 176 3 100 40592 0.002794
161 235 3 100 9284 0.002794
249 177 3 100 416174 0.002794
295 289 3 100 21309 0.002794
52 134 3 100 14525 0.002795
353 381 3 100 42153 0.002795
271 387 3 100 28349 0.002795
205 185 3 100 169128 0.002795
403 170 3 100 43443 0.002795
244 192 3 100 12205 0.002796
327 171 3 100 36453 0.002796
377 66 3 100 362080 0.002796
228 70 3 100 13699 0.002796
335 128 3 100 2753 0.002796
286 374 3 100 32311 0.002796
223 141 3 100 1551 0.002796
108 252 3 100 30372 0.002796
296 189 3 100 22558 0.002796
124 349 3 100 133112 0.002796
29 63 3 100 15139 0.002797
331 205 3 100 44941 0.002797
191 56 3 100 1616 0.002797
93 120 3 100 8936 0.002797
151 198 3 100 399943 0.002797
205 144 3 100 12552 0.002797
241 243 3 100 43030 0.002798
293 286 3 100 26141 0.002798
291 175 3 100 45955 0.002798
208 229 3 100 426995 0.002798
295 262 3 100 13359 0.002798
200 116 3 100 34797 0.002798
128 245 3 100 255 0.002798
273 119 3 100 5450 0.002799
318 354 3 100 32139 0.002799
113 313 3 100 12304 0.002799
390 82 3 100 36718 0.002799
397 181 3 100 33942 0.002799
312 295 3 100 21995 0.002799
124 362 3 100 10466 0.002799
345 257 3 100 40428 0.002800
382 265 3 100 25113 0.002800
163 159 3 100 26454 0.002800
343 123 3 100 336899 0.002800
161 250 3 100 41333 0.002800
104 76 3 100 36274 0.002800
278 21 3 100 17635 0.002800
284 371 3 100 2456 0.002800
63 386 3 100 28603 0.002800
64 207 3 100 11644 0.002801
96 176 3 100 289167 0.002801
222 70 3 100 45752 0.002801
164 206 3 100 43802 0.002801
177 398 3 100 19695 0.002801
274 23 3 100 6790 0.002801
105 391 3 100 44162 0.002801
107 390 3 100 31456 0.002802
64 115 3 100 218981 0.002802
258 260 3 100 30315 0.002802
365 232 3 100 14147 0.002802
215 380 3 100 13022 0.002802
323 31 3 100 297548 0.002802
161 219 3 100 5842 0.002802
42 35 3 100 36794 0.002803
399 179 3 100 21353 0.002803
242 226 3 100 34732 0.002803
304 22 3 100 44954 0.002803
38 345 3 100 268887 0.002803
78 311 3 100 11571 0.002803
289 334 3 100 8597 0.002804
225 83 3 100 35263 0.002804
140 346 3 100 34921 0.002804
318 39 3 100 224089 0.002804
369 112 3 100 157076 0.002804
348 184 3 100 33498 0.002805
193 379 3 100 42755 0.002805
373 55 3 100 277558 0.002806
191 265 3 100 11311 0.002806
158 224 3 100 21029 0.002806
145 113 3 100 32345 0.002807
388 374 3 100 387616 0.002807
226 356 3 100 16624 0.002807
323 309 3 100 277430 0.002807
50 237 3 100 186870 0.002807
355 26 3 100 19987 0.002807
321 69 3 100 274928 0.002807
76 171 3 100 4418 0.002807
227 270 3 100 26029 0.002808
220 204 3 100 1668 0.002808
220 289 3 100 144979 0.002808
379 318 3 100 34435 0.002808
402 392 3 100 19524 0.002808
251 291 3 100 13509 0.002809
98 379 3 100 93264 0.002809
399 401 3 100 4522 0.002809
128 123 3 100 18665 0.002809
258 72 3 100 2915 0.002809
344 271 3 100 42217 0.002809
35 115 3 100 23292 0.002809
284 153 3 100 27742 0.002809
385 170 3 100 11720 0.002809
260 209 3 100 5648 0.002810
147 403 3 100 256313 0.002810
389 183 3 100 22117 0.002810
94 226 3 100 458576 0.002811
91 380 3 100 21973 0.002811
367 110 3 100 22236 0.002811
227 118 3 100 26584 0.002812
162 54 3 100 268379 0.002812
92 386 3 100 21385 0.002812
222 145 3 100 30366 0.002812
326 365 3 100 33981 0.002813
142 223 3 100 43575 0.002813
250 271 3 100 380178 0.002813
354 400 3 100 360986 0.002813
115 395 3 100 5328 0.002813
195 175 3 100 44177 0.002813
261 157 3 100 159473 0.002813
67 37 3 100 33142 0.002813
90 160 3 100 11157 0.002813
144 280 3 100 416836 0.002814
38 251 3 100 269 0.002814
94 162 3 100 97658 0.002814
386 272 3 100 36355 0.002814
190 41 3 100 15746 0.002814
249 52 3 100 31528 0.002814
323 249 3 100 400196 0.002815
265 173 3 100 9399 0.002815
216 209 3 100 12959 0.002815
124 359 3 100 27900 0.002816
83 325 3 100 19850 0.002816
246 354 3 100 13379 0.002816
279 343 3 100 13640 0.002816
174 289 3 100 20080 0.002816
74 77 3 100 27105 0.002816
146 332 3 100 22057 0.002817
266 93 3 100 4245 0.002817
328 138 3 100 334762 0.002817
371 384 3 100 45411 0.002817
68 356 3 100 21067 0.002817
292 207 3 100 123188 0.002817
279 76 3 100 21974 0.002817
262 223 3 100 15255 0.002818
133 178 3 100 33787 0.002818
39 20 3 100 11055 0.002818
403 181 3 100 27703 0.002818
254 372 3 100 18925 0.002819
260 109 3 100 9833 0.002819
326 377 3 100 33613 0.002819
232 308 3 100 17282 0.002819
287 116 3 100 10887 0.002819
137 118 3 100 43164 0.002819
398 308 3 100 12611 0.002819
204 186 3 100 27288 0.002819
377 39 3 100 21018 0.002819
275 101 3 100 329982 0.002819
246 241 3 100 31705 0.002819
399 92 3 100 8814 0.002819
183 105 3 100 7814 0.002820
230 200 3 100 256427 0.002820
94 296 3 100 9129 0.002820
334 292 3 100 3703 0.002820
365 375 3 100 19878 0.002820
259 160 3 100 27249 0.002821
30 317 3 100 23270 0.002821
44 220 3 100 3359 0.002821
287 35 3 100 42799 0.002821
328 292 3 100 39901 0.002822
246 30 3 100 20585 0.002822
250 25 3 100 35742 0.002822
74 237 3 100 40025 0.002822
192 108 3 100 46001 0.002822
114 194 3 100 45539 0.002822
304 214 3 100 298311 0.002823
157 93 3 100 34851 0.002823
383 25 3 100 13191 0.002823
180 152 3 100 20589 0.002823
260 252 3 100 26490 0.002823
124 83 3 100 26737 0.002823
253 189 3 100 25904 0.002824
144 288 3 100 13105 0.002824
233 344 3 100 612 0.002824
393 252 3 100 35357 0.002824
47 291 3 100 13438 0.002824
299 217 3 100 758 0.002824
208 244 3 100 20954 0.002825
327 187 3 100 33257 0.002825
100 308 3 100 286083 0.002825
153 44 3 100 39999 0.002825
123 61 3 100 24676 0.002826
151 316 3 100 20691 0.002826
351 119 3 100 33266 0.002826
149 85 3 100 45824 0.002826
183 252 3 100 45209 0.002827
356 345 3 100 30198 0.002827
109 159 3 100 166972 0.002827
39 139 3 100 17656 0.002827
375 367 3 100 27694 0.002827
208 326 3 100 33623 0.002827
301 241 3 100 21643 0.002828
22 131 3 100 403138 0.002828
273 301 3 100 5264 0.002828
237 308 3 100 9236 0.002828
384 170 3 100 42159 0.002828
301 135 3 100 45985 0.002828
100 323 3 100 26302 0.002828
308 210 3 100 22748 0.002828
71 236 3 100 39899 0.002828
357 61 3 100 9260 0.002828
171 316 3 100 384952 0.002829
176 268 3 100 12948 0.002829
239 126 3 100 37916 0.002829
136 357 3 100 14013 0.002830
363 193 3 100 22519 0.002830
200 52 3 100 32059 0.002830
103 46 3 100 24125 0.002830
353 85 3 100 15934 0.002831
73 168 3 100 13106 0.002831
132 152 3 100 4464 0.002831
236 58 3 100 14322 0.002831
187 372 3 100 6940 0.002831
362 330 3 100 16333 0.002831
390 287 3 100 8802 0.002832
246 206 3 100 42022 0.002832
134 289 3 100 21188 0.002832
388 45 3 100 35609 0.002832
145 343 3 100 28096 0.002833
206 224 3 100 24761 0.002834
129 201 3 100 43887 0.002834
137 351 3 100 19506 0.002834
292 138 3 100 22998 0.002834
264 169 3 100 5311 0.002834
389 34 3 100 43768 0.002834
152 315 3 100 1990 0.002834
34 334 3 100 6506 0.002834
112 143 3 100 4333 0.002834
390 285 3 100 10018 0.002834
329 74 3 100 294038 0.002834
115 349 3 100 30686 0.002835
153 131 3 100 38473 0.002835
282 77 3 100 1244 0.002835
129 258 3 100 8429 0.002836
345 341 3 100 1813 0.002836
251 398 3 100 14799 0.002836
216 242 3 100 148232 0.002836
282 257 3 100 19787 0.002836
131 119 3 100 8750 0.002836
343 208 3 100 44501 0.002837
325 86 3 100 40029 0.002837
33 186 3 100 20822 0.002837
398 382 3 100 30994 0.002837
177 352 3 100 27366 0.002837
388 354 3 100 396475 0.002837
292 248 3 100 26015 0.002837
220 396 3 100 276677 0.002837
330 238 3 100 26976 0.002838
105 309 3 100 64201 0.002838
83 335 3 100 25909 0.002838
336 260 3 100 20785 0.002838
182 310 3 100 40867 0.002839
62 398 3 100 116114 0.002839
325 57 3 100 9307 0.002839
242 331 3 100 30826 0.002839
251 333 3 100 22669 0.002839
109 185 3 100 44191 0.002839
334 194 3 100 35393 0.002839
181 252 3 100 10517 0.002839
372 242 3 100 4843 0.002839
336 328 3 100 109061 0.002839
232 63 3 100 1132 0.002840
386 289 3 100 987 0.002840
356 272 3 100 17903 0.002840
332 143 3 100 12845 0.002840
307 272 3 100 43147 0.002840
78 215 3 100 23272 0.002840
60 144 3 100 11852 0.002840
185 175 3 100 42901 0.002840
79 343 3 100 29350 0.002841
340 353 3 100 12782 0.002841
168 35 3 100 444873 0.002841
281 262 3 100 355369 0.002841
291 297 3 100 80836 0.002841
241 214 3 100 10030 0.002841
111 260 3 100 26540 0.002841
57 118 3 100 3329 0.002842
102 94 3 100 28632 0.002842
316 107 3 100 435643 0.002842
152 126 3 100 43984 0.002842
403 155 3 100 18928 0.002843
219 270 3 100 45192 0.002843
101 248 3 100 32174 0.002843
147 268 3 100 22647 0.002843
74 401 3 100 13386 0.002844
201 185 3 100 15105 0.002844
268 146 3 100 32861 0.002844
62 44 3 100 4981 0.002844
167 370 3 100 28412 0.002844
31 283 3 100 387044 0.002845
390 86 3 100 94680 0.002845
244 158 3 100 18909 0.002845
354 205 3 100 175239 0.002845
216 360 3 100 16555 0.002845
64 107 3 100 12306 0.002846
267 71 3 100 3055 0.002846
84 85 3 100 35566 0.002846
350 112 3 100 9238 0.002846
378 140 3 100 4431 0.002846
356 269 3 100 30776 0.002846
145 40 3 100 25304 0.002846
254 367 3 100 371671 0.002846
27 309 3 100 231265 0.002846
57 148 3 100 40480 0.002846
156 130 3 100 39945 0.002847
253 330 3 100 306181 0.002847
352 86 3 100 36171 0.002847
273 256 3 100 13447 0.002847
49 76 3 100 195859 0.002847
363 137 3 100 19034 0.002848
44 64 3 100 197114 0.002848
235 54 3 100 20461 0.002848
401 358 3 100 25517 0.002848
368 399 3 100 18915 0.002848
342 35 3 100 42415 0.002849
162 153 3 100 3289 0.002849
240 370 3 100 26093 0.002849
187 106 3 100 303437 0.002849
109 83 3 100 346 0.002849
208 40 3 100 38763 0.002850
248 53 3 100 31852 0.002850
121 312 3 100 40678 0.002850
29 137 3 100 26466 0.002851
61 374 3 100 40736 0.002851
48 366 3 100 130440 0.002851
231 342 3 100 44260 0.002852
319 174 3 100 5062 0.002852
290 23 3 100 230014 0.002852
58 211 3 100 5423 0.002852
192 289 3 100 14889 0.002853
197 51 3 100 27054 0.002853
312 289 3 100 14039 0.002853
278 314 3 100 32285 0.002853
71 269 3 100 15324 0.002854
333 341 3 100 178675 0.002854
178 76 3 100 3269 0.002854
303 279 3 100 95155 0.002854
32 215 3 100 10375 0.002854
171 210 3 100 30529 0.002854
244 317 3 100 12402 0.002855
158 327 3 100 5655 0.002856
78 133 3 100 35599 0.002856
385 43 3 100 27684 0.002856
348 398 3 100 33738 0.002856
104 165 3 100 26926 0.002857
154 382 3 100 24278 0.002857
165 75 3 100 32331 0.002857
344 235 3 100 4901 0.002857
275 218 3 100 38192 0.002858
124 174 3 100 6129 0.002858
205 255 3 100 435606 0.002858
158 72 3 100 40020 0.002858
152 175 3 100 27362 0.002858
80 76 3 100 165787 0.002858
167 308 3 100 20470 0.002859
244 45 3 100 5704 0.002859
102 180 3 100 373723 0.002860
195 328 3 100 283862 0.002860
57 338 3 100 17054 0.002861
78 362 3 100 97013 0.002861
111 245 3 100 9700 0.002861
366 394 3 100 32780 0.002861
175 64 3 100 10408 0.002861
141 298 3 100 34313 0.002861
136 138 3 100 26244 0.002861
55 114 3 100 197237 0.002861
332 228 3 100 44976 0.002862
223 182 3 100 35984 0.002862
315 337 3 100 32630 0.002862
129 49 3 100 8569 0.002862
81 370 3 100 19268 0.002862
81 103 3 100 23285 0.002862
83 78 3 100 7742 0.002863
136 35 3 100 42500 0.002863
349 286 3 100 27453 0.002863
343 85 3 100 381793 0.002863
401 126 3 100 41140 0.002863
23 21 3 100 187051 0.002864
274 118 3 100 43840 0.002864
63 300 3 100 21254 0.002864
57 371 3 100 15556 0.002864
64 376 3 100 38023 0.002864
361 187 3 100 34076 0.002864
33 174 3 100 11405 0.002864
296 293 3 100 10559 0.002864
235 182 3 100 16177 0.002864
330 225 3 100 26263 0.002864
279 232 3 100 82526 0.002864
53 216 3 100 38041 0.002864
99 112 3 100 22551 0.002865
325 132 3 100 4810 0.002865
108 372 3 100 38983 0.002865
318 237 3 100 22971 0.002865
198 51 3 100 43076 0.002865
65 392 3 100 169141 0.002865
153 402 3 100 19391 0.002866
88 304 3 100 12733 0.002866
343 291 3 100 8847 0.002866
349 105 3 100 26572 0.002867
185 378 3 100 12590 0.002867
348 357 3 100 30736 0.002867
114 61 3 100 65551 0.002867
132 280 3 100 29954 0.002868
159 123 3 100 23601 0.002868
351 64 3 100 1747 0.002868
253 119 3 100 45582 0.002868
259 135 3 100 35022 0.002868
213 367 3 100 333216 0.002869
193 92 3 100 17745 0.002869
305 390 3 100 250530 0.002869
108 370 3 100 10366 0.002869
26 76 3 100 36587 0.002869
189 186 3 100 165577 0.002869
139 29 3 100 41334 0.002869
297 378 3 100 42543 0.002870
122 214 3 100 387092 0.002870
373 249 3 100 11109 0.002870
210 249 3 100 16973 0.002870
158 101 3 100 5878 0.002871
97 131 3 100 2128 0.002871
335 344 3 100 43020 0.002871
251 344 3 100 8643 0.002872
304 92 3 100 45913 0.002872
310 211 3 100 15377 0.002872
326 145 3 100 2141 0.002872
333 225 3 100 7563 0.002872
203 299 3 100 18014 0.002872
26 352 3 100 32908 0.002873
220 98 3 100 21517 0.002873
69 104 3 100 4743 0.002873
312 40 3 100 9026 0.002874
331 293 3 100 24953 0.002874
372 26 3 100 45981 0.002874
190 25 3 100 114359 0.002874
396 53 3 100 27934 0.002874
152 199 3 100 24648 0.002874
60 56 3 100 28174 0.002874
253 313 3 100 45557 0.002874
216 77 3 100 18305 0.002874
259 111 3 100 86918 0.002874
40 45 3 100 53716 0.002875
338 353 3 100 404781 0.002875
344 365 3 100 6675 0.002875
351 377 3 100 14851 0.002875
311 300 3 100 17950 0.002875
144 112 3 100 14971 0.002875
205 123 3 100 33457 0.002875
126 119 3 100 4593 0.002876
162 176 3 100 25599 0.002876
274 211 3 100 16994 0.002876
54 273 3 100 42909 0.002876
203 304 3 100 62714 0.002876
149 236 3 100 15126 0.002877
167 300 3 100 42125 0.002877
264 170 3 100 16753 0.002877
307 371 3 100 6252 0.002877
374 392 3 100 40464 0.002878
165 115 3 100 289298 0.002878
249 116 3 100 5208 0.002878
152 62 3 100 43757 0.002878
385 248 3 100 4424 0.002878
74 294 3 100 42889 0.002878
326 133 3 100 10200 0.002878
87 25 3 100 289688 0.002878
338 305 3 100 9673 0.002878
303 111 3 100 40395 0.002878
119 167 3 100 33877 0.002879
159 361 3 100 20308 0.002879
379 25 3 100 39878 0.002879
101 218 3 100 34107 0.002880
118 122 3 100 17121 0.002880
379 170 3 100 36888 0.002880
327 38 3 100 16723 0.002881
151 301 3 100 22828 0.002881
188 114 3 100 52303 0.002881
295 294 3 100 34714 0.002882
324 331 3 100 211356 0.002882
295 71 3 100 7683 0.002882
206 116 3 100 17012 0.002882
257 314 3 100 27400 0.002882
122 314 3 100 1631 0.002882
52 22 3 100 12777 0.002882
289 211 3 100 10688 0.002882
344 315 3 100 24341 0.002882
382 182 3 100 41639 0.002882
257 277 3 100 42733 0.002882
372 196 3 100 348914 0.002883
269 90 3 100 40172 0.002883
163 176 3 100 34539 0.002883
77 167 3 100 5227 0.002883
356 168 3 100 432543 0.002883
78 192 3 100 22621 0.002883
342 301 3 100 21963 0.002883
82 234 3 100 1192 0.002884
61 300 3 100 29884 0.002884
356 35 3 100 1590 0.002884
186 90 3 100 10824 0.002884
399 151 3 100 40618 0.002885
66 243 3 100 37689 0.002885
234 30 3 100 28309 0.002885
382 231 3 100 15614 0.002885
173 67 3 100 65878 0.002886
177 389 3 100 7972 0.002886
369 70 3 100 85761 0.002886
33 153 3 100 16648 0.002886
203 147 3 100 27630 0.002886
52 261 3 100 3959 0.002886
150 123 3 100 119862 0.002887
81 262 3 100 10641 0.002887
368 87 3 100 106716 0.002887
215 220 3 100 36254 0.002887
35 181 3 100 145088 0.002887
208 370 3 100 2501 0.002887
35 170 3 100 8658 0.002888
258 280 3 100 9146 0.002888
216 401 3 100 13430 0.002888
49 241 3 100 6889 0.002888
240 355 3 100 350515 0.002888
63 254 3 100 7506 0.002888
370 382 3 100 26164 0.002889
346 240 3 100 7761 0.002889
173 386 3 100 25835 0.002889
366 64 3 100 35842 0.002889
142 353 3 100 4190 0.002889
127 246 3 100 21789 0.002890
40 286 3 100 7157 0.002890
184 341 3 100 8711 0.002890
246 122 3 100 6524 0.002890
271 114 3 100 32149 0.002890
331 365 3 100 13679 0.002890
94 90 3 100 6097 0.002890
287 388 3 100 14528 0.002890
139 372 3 100 12055 0.002890
100 83 3 100 384453 0.002891
165 309 3 100 4193 0.002891
155 127 3 100 6333 0.002891
211 323 3 100 8808 0.002891
223 58 3 100 376095 0.002891
394 139 3 100 25688 0.002892
200 337 3 100 18315 0.002892
126 46 3 100 35837 0.002892
306 99 3 100 24742 0.002892
338 336 3 100 13145 0.002892
121 337 3 100 2457 0.002893
139 380 3 100 28344 0.002893
133 185 3 100 396432 0.002893
332 107 3 100 424415 0.002893
243 347 3 100 6361 0.002893
291 55 3 100 3964 0.002893
402 274 3 100 23482 0.002893
231 171 3 100 11427 0.002893
391 396 3 100 18221 0.002893
238 39 3 100 32750 0.002893
285 387 3 100 19589 0.002894
207 107 3 100 300929 0.002894
249 270 3 100 7176 0.002894
352 305 3 100 26622 0.002894
345 208 3 100 33285 0.002894
109 400 3 100 36586 0.002895
298 183 3 100 43012 0.002895
166 32 3 100 258581 0.002895
78 383 3 100 45151 0.002895
153 247 3 100 44855 0.002896
300 84 3 100 20372 0.002896
185 340 3 100 413528 0.002896
302 367 3 100 26388 0.002896
177 317 3 100 205390 0.002896
151 293 3 100 25383 0.002896
255 299 3 100 31890 0.002896
386 232 3 100 387765 0.002896
37 401 3 100 6550 0.002897
397 227 3 100 39944 0.002897
287 128 3 100 2638 0.002897
28 163 3 100 32603 0.002898
84 365 3 100 16315 0.002898
252 46 3 100 41342 0.002898
344 387 3 100 101032 0.002898
310 131 3 100 120849 0.002898
342 129 3 100 29934 0.002898
227 287 3 100 2641 0.002898
123 151 3 100 14418 0.002898
135 83 3 100 11256 0.002898
264 292 3 100 34201 0.002898
206 360 3 100 40062 0.002898
113 111 3 100 39127 0.002898
113 24 3 100 22173 0.002899
49 164 3 100 25737 0.002900
36 43 3 100 34567 0.002900
90 20 3 100 33194 0.002900
99 46 3 100 10930 0.002900
293 132 3 100 29555 0.002900
39 343 3 100 31587 0.002900
69 343 3 100 9097 0.002901
266 200 3 100 28121 0.002901
228 297 3 100 44631 0.002901
62 163 3 100 14577 0.002902
368 367 3 100 15176 0.002902
98 379 3 100 45791 0.002902
326 115 3 100 14980 0.002902
237 307 3 100 30273 0.002902
286 224 3 100 16034 0.002902
362 378 3 100 52966 0.002902
391 254 3 100 33777 0.002903
345 35 3 100 977 0.002903
89 309 3 100 19224 0.002903
266 157 3 100 119180 0.002903
258 91 3 100 17015 0.002904
207 267 3 100 39207 0.002904
86 284 3 100 17732 0.002904
387 39 3 100 23994 0.002904
263 139 3 100 175274 0.002905
40 157 3 100 359645 0.002905
201 218 3 100 44797 0.002905
211 52 3 100 15421 0.002906
137 366 3 100 89222 0.002906
250 44 3 100 12996 0.002906
329 303 3 100 33141 0.002906
314 50 3 100 43373 0.002906
114 387 3 100 429398 0.002907
294 193 3 100 35684 0.002907
371 94 3 100 158778 0.002907
344 168 3 100 321706 0.002907
399 263 3 100 379620 0.002907
323 401 3 100 39482 0.002907
398 160 3 100 107269 0.002907
314 127 3 100 9036 0.002907
150 403 3 100 13528 0.002907
157 259 3 100 10481 0.002907
156 356 3 100 376503 0.002908
74 311 3 100 107289 0.002908
383 118 3 100 11335 0.002908
88 44 3 100 5246 0.002908
260 391 3 100 25638 0.002908
148 264 3 100 213857 0.002909
234 35 3 100 30505 0.002909
89 41 3 100 409 0.002909
169 190 3 100 35035 0.002909
316 99 3 100 33906 0.002909
218 156 3 100 8614 0.002909
172 262 3 100 7853 0.002909
31 341 3 100 40822 0.002909
133 56 3 100 3965 0.002909
209 39 3 100 31735 0.002909
218 39 3 100 4353 0.002910
132 346 3 100 30995 0.002910
293 383 3 100 364290 0.002910
399 37 3 100 19815 0.002911
323 222 3 100 14111 0.002911
172 282 3 100 22575 0.002911
121 364 3 100 43657 0.002912
145 90 3 100 140574 0.002912
341 374 3 100 33516 0.002913
179 197 3 100 5978 0.002913
238 197 3 100 24055 0.002913
168 195 3 100 30920 0.002913
278 94 3 100 26742 0.002913
38 257 3 100 24837 0.002913
291 254 3 100 34358 0.002913
256 48 3 100 12528 0.002913
147 28 3 100 16990 0.002913
100 133 3 100 24952 0.002914
85 189 3 100 16968 0.002914
184 129 3 100 44573 0.002914
65 73 3 100 29988 0.002914
225 276 3 100 28670 0.002914
102 237 3 100 6234 0.002914
221 102 3 100 35371 0.002915
203 64 3 100 1581 0.002915
330 75 3 100 31777 0.002915
111 386 3 100 17047 0.002915
163 337 3 100 22259 0.002916
209 81 3 100 36888 0.002916
295 202 3 100 4480 0.002916
150 75 3 100 22996 0.002916
58 232 3 100 17874 0.002917
202 64 3 100 140198 0.002917
245 136 3 100 11400 0.002917
238 323 3 100 187920 0.002918
279 333 3 100 393055 0.002918
264 85 3 100 5257 0.002918
277 170 3 100 304051 0.002918
226 359 3 100 42065 0.002918
266 317 3 100 11857 0.002918
148 57 3 100 2006 0.002919
63 85 3 100 20572 0.002919
135 189 3 100 25987 0.002919
108 327 3 100 3841 0.002919
278 393 3 100 111228 0.002919
160 386 3 100 29653 0.002920
212 320 3 100 18106 0.002920
177 324 3 100 359831 0.002920
189 47 3 100 38821 0.002920
344 308 3 100 1641 0.002920
76 36 3 100 402652 0.002920
123 153 3 100 34751 0.002920
113 77 3 100 20541 0.002921
367 250 3 100 481 0.002921
211 351 3 100 17397 0.002921
155 235 3 100 44531 0.002921
357 23 3 100 31650 0.002921
293 346 3 100 70836 0.002921
204 145 3 100 34588 0.002921
293 141 3 100 1199 0.002922
301 115 3 100 38459 0.002922
168 292 3 100 12656 0.002922
39 275 3 100 371609 0.002922
131 360 3 100 37526 0.002923
237 168 3 100 17634 0.002923
26 96 3 100 23598 0.002923
167 382 3 100 44954 0.002924
337 219 3 100 49420 0.002924
398 279 3 100 9722 0.002924
378 224 3 100 17458 0.002924
89 265 3 100 39862 0.002924
179 27 3 100 444022 0.002925
289 133 3 100 30982 0.002925
87 262 3 100 32853 0.002925
29 338 3 100 15210 0.002925
178 181 3 100 14916 0.002925
308 238 3 100 40499 0.002925
73 268 3 100 6157 0.002925
368 387 3 100 12128 0.002926
68 83 3 100 33362 0.002926
300 104 3 100 34389 0.002927
323 136 3 100 177270 0.002927
378 88 3 100 6408 0.002928
23 336 3 100 238002 0.002928
288 253 3 100 60340 0.002928
66 29 3 100 1092 0.002928
90 94 3 100 24470 0.002928
208 295 3 100 16763 0.002928
215 316 3 100 20418 0.002928
61 372 3 100 29177 0.002928
383 242 3 100 144056 0.002929
322 224 3 100 136692 0.002929
387 360 3 100 25196 0.002929
202 27 3 100 102541 0.002929
152 377 3 100 68318 0.002930
69 320 3 100 3353 0.002930
184 394 3 100 36173 0.002930
388 301 3 100 22612 0.002930
166 52 3 100 19041 0.002930
48 275 3 100 14430 0.002930
67 325 3 100 50806 0.002930
53 108 3 100 9184 0.002931
163 41 3 100 1338 0.002931
176 59 3 100 22824 0.002931
191 329 3 100 21805 0.002931
90 321 3 100 4968 0.002931
392 45 3 100 2170 0.002931
321 217 3 100 45418 0.002931
267 211 3 100 7400 0.002931
175 376 3 100 41754 0.002931
63 66 3 100 17497 0.002931
57 83 3 100 6908 0.002931
267 199 3 100 15067 0.002932
106 189 3 100 173763 0.002932
287 103 3 100 17121 0.002932
75 289 3 100 44781 0.002932
49 137 3 100 143567 0.002932
183 329 3 100 16267 0.002932
48 250 3 100 374344 0.002933
55 219 3 100 3352 0.002933
200 119 3 100 23475 0.002933
310 249 3 100 31246 0.002933
382 349 3 100 27052 0.002934
233 150 3 100 4697 0.002934
341 156 3 100 2654 0.002934
373 21 3 100 28310 0.002934
297 135 3 100 152149 0.002935
322 340 3 100 189392 0.002935
219 25 3 100 1272 0.002936
354 130 3 100 29705 0.002936
225 52 3 100 29644 0.002936
238 136 3 100 30663 0.002937
258 306 3 100 2941 0.002937
337 31 3 100 17013 0.002937
219 69 3 100 10643 0.002938
103 80 3 100 27400 0.002938
321 282 3 100 25169 0.002938
180 259 3 100 161983 0.002938
276 215 3 100 100876 0.002938
121 363 3 100 8866 0.002938
296 23 3 100 26080 0.002938
106 203 3 100 998 0.002938
98 296 3 100 44835 0.002939
80 89 3 100 38367 0.002939
374 26 3 100 5407 0.002939
124 247 3 100 41932 0.002939
195 229 3 100 1057 0.002939
113 391 3 100 44792 0.002939
71 362 3 100 9420 0.002940
336 182 3 100 43695 0.002940
121 201 3 100 27103 0.002940
230 212 3 100 21050 0.002940
125 397 3 100 35395 0.002940
263 317 3 100 35840 0.002941
344 57 3 100 21520 0.002941
320 394 3 100 35798 0.002941
396 204 3 100 14967 0.002941
89 46 3 100 8226 0.002941
363 65 3 100 39325 0.002941
223 138 3 100 421025 0.002941
395 335 3 100 823 0.002941
88 62 3 100 18812 0.002942
203 43 3 100 4419 0.002942
401 73 3 100 415936 0.002942
182 266 3 100 130235 0.002942
321 37 3 100 411370 0.002943
184 234 3 100 44189 0.002943
247 238 3 100 44134 0.002943
308 182 3 100 28643 0.002943
193 386 3 100 38526 0.002943
181 195 3 100 45219 0.002944
219 317 3 100 42696 0.002944
143 106 3 100 35454 0.002944
275 160 3 100 30679 0.002944
336 21 3 100 28162 0.002945
198 182 3 100 9078 0.002945
66 337 3 100 42214 0.002945
32 175 3 100 16827 0.002945
327 348 3 100 99292 0.002945
189 149 3 100 36301 0.002945
115 39 3 100 9629 0.002945
44 109 3 100 16239 0.002945
377 120 3 100 21706 0.002946
136 393 3 100 363868 0.002946
111 40 3 100 22389 0.002946
268 325 3 100 11276 0.002946
328 99 3 100 387194 0.002946
290 292 3 100 28125 0.002947
290 267 3 100 689 0.002947
365 214 3 100 22711 0.002947
96 236 3 100 44377 0.002948
325 334 3 100 30566 0.002948
379 394 3 100 6412 0.002948
227 272 3 100 23504 0.002949
106 220 3 100 276776 0.002949
269 388 3 100 14723 0.002949
370 178 3 100 24660 0.002949
156 268 3 100 39831 0.002949
275 207 3 100 33820 0.002950
356 388 3 100 45692 0.002950
119 218 3 100 42919 0.002950
235 183 3 100 39340 0.002950
298 165 3 100 3116 0.002950
37 201 3 100 18592 0.002950
165 308 3 100 42803 0.002950
333 325 3 100 16553 0.002951
263 266 3 100 76522 0.002951
340 270 3 100 433861 0.002951
49 123 3 100 336662 0.002951
98 373 3 100 40788 0.002951
325 219 3 100 21115 0.002951
133 204 3 100 30729 0.002951
89 244 3 100 256069 0.002952
308 165 3 100 40064 0.002952
152 103 3 100 16884 0.002952
340 353 3 100 20440 0.002952
367 65 3 100 17096 0.002952
403 64 3 100 198347 0.002952
262 283 3 100 30818 0.002952
231 60 3 100 302432 0.002952
343 102 3 100 30022 0.002952
296 113 3 100 32255 0.002952
54 24 3 100 468 0.002952
134 262 3 100 3271 0.002952
183 367 3 100 29832 0.002953
291 191 3 100 14720 0.002953
187 143 3 100 39095 0.002953
107 178 3 100 8611 0.002953
77 317 3 100 24381 0.002953
85 308 3 100 34923 0.002954
303 84 3 100 35200 0.002954
356 394 3 100 10383 0.002954
267 359 3 100 41388 0.002954
364 28 3 100 13856 0.002954
71 249 3 100 14870 0.002955
189 195 3 100 6586 0.002955
312 187 3 100 455192 0.002955
110 257 3 100 222868 0.002955
317 22 3 100 32113 0.002955
380 101 3 100 2344 0.002955
328 209 3 100 6029 0.002956
136 186 3 100 44607 0.002956
248 303 3 100 280311 0.002956
279 155 3 100 37764 0.002956
335 135 3 100 279468 0.002956
62 167 3 100 245906 0.002956
197 340 3 100 22275 0.002957
246 314 3 100 14574 0.002957
157 167 3 100 179775 0.002957
235 358 3 100 102912 0.002957
311 295 3 100 22921 0.002957
259 63 3 100 16807 0.002957
110 229 3 100 39662 0.002957
96 382 3 100 143342 0.002957
110 314 3 100 408683 0.002958
319 129 3 100 10639 0.002958
337 106 3 100 35950 0.002958
189 338 3 100 5397 0.002958
53 108 3 100 16986 0.002959
374 367 3 100 42992 0.002959
96 301 3 100 25166 0.002959
219 397 3 100 45348 0.002959
384 116 3 100 9434 0.002959
357 208 3 100 15930 0.002959
48 55 3 100 184894 0.002959
79 269 3 100 2378 0.002959
220 262 3 100 290160 0.002960
23 54 3 100 26448 0.002960
391 267 3 100 41041 0.002960
341 106 3 100 15028 0.002960
265 357 3 100 3978 0.002960
291 111 3 100 429168 0.002960
177 126 3 100 229946 0.002960
308 391 3 100 447794 0.002961
278 367 3 100 12502 0.002961
29 305 3 100 9882 0.002961
137 91 3 100 24823 0.002961
102 113 3 100 53435 0.002961
99 335 3 100 36171 0.002961
77 20 3 100 35850 0.002961
57 312 3 100 36455 0.002961
326 301 3 100 38590 0.002962
263 402 3 100 17795 0.002962
39 320 3 100 16719 0.002962
56 154 3 100 401242 0.002963
163 391 3 100 151175 0.002963
312 74 3 100 11835 0.002963
163 265 3 100 22459 0.002963
382 229 3 100 10625 0.002963
190 200 3 100 6616 0.002963
321 257 3 100 44598 0.002964
72 226 3 100 42669 0.002964
48 67 3 100 70526 0.002964
39 215 3 100 3280 0.002964
358 24 3 100 19607 0.002964
306 93 3 100 20092 0.002964
290 224 3 100 23451 0.002965
53 48 3 100 25824 0.002965
55 154 3 100 39926 0.002965
255 87 3 100 29410 0.002965
387 140 3 100 34736 0.002965
403 106 3 100 13024 0.002966
313 96 3 100 377010 0.002966
231 256 3 100 16317 0.002966
352 401 3 100 17821 0.002966
190 123 3 100 333264 0.002967
378 24 3 100 45573 0.002967
77 393 3 100 37954 0.002967
171 133 3 100 42675 0.002967
280 64 3 100 214844 0.002967
215 316 3 100 31060 0.002968
25 216 3 100 17211 0.002968
76 252 3 100 140 0.002969
159 374 3 100 32897 0.002969
46 253 3 100 19045 0.002969
146 303 3 100 39213 0.002969
249 359 3 100 19401 0.002970
384 394 3 100 42104 0.002970
376 227 3 100 310498 0.002970
103 48 3 100 43334 0.002970
260 145 3 100 10838 0.002970
369 232 3 100 45416 0.002970
178 51 3 100 6384 0.002971
98 318 3 100 42546 0.002971
36 78 3 100 6808 0.002971
233 288 3 100 111573 0.002972
133 97 3 100 256999 0.002972
345 257 3 100 34613 0.002972
195 167 3 100 14841 0.002972
28 284 3 100 25482 0.002972
23 385 3 100 43463 0.002973
251 170 3 100 18062 0.002973
325 231 3 100 18884 0.002973
333 186 3 100 29835 0.002973
304 20 3 100 13956 0.002974
212 362 3 100 9880 0.002974
274 327 3 100 1539 0.002974
85 142 3 100 10919 0.002974
373 184 3 100 6086 0.002974
279 222 3 100 26214 0.002974
282 116 3 100 346 0.002975
236 377 3 100 32700 0.002975
182 321 3 100 401902 0.002975
117 390 3 100 20845 0.002975
156 258 3 100 12624 0.002976
241 210 3 100 28185 0.002976
317 20 3 100 36143 0.002976
126 390 3 100 7290 0.002976
352 144 3 100 335749 0.002976
360 247 3 100 36825 0.002977
133 335 3 100 40462 0.002977
265 355 3 100 393282 0.002977
298 348 3 100 38477 0.002978
268 329 3 100 415422 0.002978
400 159 3 100 12258 0.002978
377 390 3 100 42471 0.002978
203 381 3 100 37933 0.002978
144 374 3 100 333283 0.002979
273 383 3 100 261306 0.002979
122 291 3 100 17642 0.002979
272 73 3 100 35843 0.002979
275 267 3 100 17006 0.002979
378 224 3 100 21071 0.002979
97 391 3 100 34734 0.002979
127 108 3 100 12305 0.002980
327 330 3 100 402093 0.002980
63 316 3 100 33008 0.002980
224 373 3 100 21053 0.002980
304 41 3 100 4304 0.002980
236 258 3 100 8931 0.002980
175 27 3 100 334 0.002981
118 291 3 100 128033 0.002981
332 353 3 100 16207 0.002981
390 175 3 100 38430 0.002982
386 296 3 100 337088 0.002982
128 151 3 100 56469 0.002982
163 386 3 100 6314 0.002982
54 402 3 100 36216 0.002982
50 162 3 100 6154 0.002983
164 267 3 100 32654 0.002983
147 110 3 100 12092 0.002983
365 131 3 100 26673 0.002983
175 393 3 100 17319 0.002983
401 300 3 100 30536 0.002983
374 317 3 100 22912 0.002984
261 155 3 100 8456 0.002984
272 241 3 100 33513 0.002984
382 231 3 100 1991 0.002984
173 335 3 100 19518 0.002984
204 29 3 100 30119 0.002985
217 279 3 100 83967 0.002985
392 320 3 100 30296 0.002985
86 30 3 100 29409 0.002986
129 238 3 100 15352 0.002986
138 70 3 100 38422 0.002986
69 191 3 100 9832 0.002986
47 269 3 100 29477 0.002986
30 92 3 100 2328 0.002987
298 183 3 100 5314 0.002987
226 83 3 100 38670 0.002987
211 365 3 100 62352 0.002987
295 372 3 100 6965 0.002988
131 364 3 100 24849 0.002988
203 111 3 100 5481 0.002988
208 134 3 100 72378 0.002988
166 311 3 100 19137 0.002988
364 45 3 100 16757 0.002988
123 62 3 100 5663 0.002988
380 38 3 100 25221 0.002988
125 41 3 100 5982 0.002988
24 301 3 100 20123 0.002988
311 350 3 100 374407 0.002989
221 68 3 100 25303 0.002989
337 48 3 100 39652 0.002989
105 138 3 100 283168 0.002989
282 57 3 100 37198 0.002989
259 205 3 100 42013 0.002989
70 188 3 100 39452 0.002989
61 172 3 100 17421 0.002990
38 371 3 100 29627 0.002990
306 296 3 100 106400 0.002990
347 351 3 100 10259 0.002991
165 292 3 100 415824 0.002991
349 174 3 100 32791 0.002991
376 52 3 100 3741 0.002991
352 284 3 100 36378 0.002991
99 262 3 100 31630 0.002991
134 200 3 100 18371 0.002991
355 248 3 100 27705 0.002991
253 279 3 100 26084 0.002991
382 33 3 100 25664 0.002991
160 197 3 100 11472 0.002991
275 256 3 100 40387 0.002992
124 26 3 100 31202 0.002992
306 147 3 100 293500 0.002992
256 132 3 100 26949 0.002992
49 94 3 100 5645 0.002992
155 305 3 100 1968 0.002992
122 308 3 100 29710 0.002992
127 206 3 100 9943 0.002992
61 261 3 100 26994 0.002992
186 226 3 100 63402 0.002992
142 67 3 100 8934 0.002992
262 288 3 100 454056 0.002993
48 271 3 100 11449 0.002993
101 285 3 100 2 0.002993
376 358 3 100 8008 0.002993
52 182 3 100 30592 0.002994
99 215 3 100 18253 0.002994
395 304 3 100 27453 0.002994
377 125 3 100 436400 0.002994
160 113 3 100 19472 0.002994
108 156 3 100 7679 0.002994
192 282 3 100 5765 0.002994
178 210 3 100 45520 0.002994
321 307 3 100 32208 0.002995
86 128 3 100 8322 0.002995
32 85 3 100 7283 0.002995
314 214 3 100 204085 0.002995
190 183 3 100 23260 0.002995
345 286 3 100 194172 0.002995
198 318 3 100 40236 0.002995
138 381 3 100 36399 0.002996
292 145 3 100 255169 0.002996
47 27 3 100 334050 0.002996
56 254 3 100 40383 0.002996
401 358 3 100 42912 0.002997
303 50 3 100 71805 0.002997
280 384 3 100 22625 0.002997
359 249 3 100 404945 0.002997
26 36 3 100 26028 0.002997
121 282 3 100 20385 0.002997
189 206 3 100 38038 0.002998
357 229 3 100 14993 0.002998
394 316 3 100 12102 0.002998
171 219 3 100 34154 0.002999
357 317 3 100 25621 0.002999
35 96 3 100 147953 0.002999
273 295 3 100 319051 0.002999
205 136 3 100 271860 0.002999
294 289 3 100 14501 0.003000
104 396 3 100 15571 0.003000
284 294 3 100 40847 0.003000
304 281 3 100 2551 0.003000
121 359 3 100 39840 0.003001
59 217 3 100 16825 0.003001
218 249 3 100 3232 0.003001
256 41 3 100 5465 0.003001
23 371 3 100 20704 0.003001
91 169 3 100 425750 0.003001
382 187 3 100 31556 0.003002
27 85 3 100 22486 0.003002
72 287 3 100 41668 0.003002
345 353 3 100 38151 0.003002
221 394 3 100 260339 0.003003
76 327 3 100 17993 0.003003
200 334 3 100 282671 0.003003
205 68 3 100 16741 0.003003
77 264 3 100 126187 0.003004
93 23 3 100 5983 0.003004
142 67 3 100 429352 0.003004
181 265 3 100 23240 0.003004
369 25 3 100 404703 0.003005
266 183 3 100 10114 0.003005
297 265 3 100 41676 0.003005
172 77 3 100 40226 0.003005
345 341 3 100 158975 0.003005
173 274 3 100 8711 0.003005
207 213 3 100 20798 0.003005
183 194 3 100 15716 0.003005
277 319 3 100 16503 0.003006
153 311 3 100 305346 0.003006
205 147 3 100 7764 0.003006
373 88 3 100 25107 0.003006
161 308 3 100 29055 0.003007
308 216 3 100 59418 0.003007
176 349 3 100 11294 0.003007
58 110 3 100 16452 0.003007
104 349 3 100 350891 0.003007
254 320 3 100 6646 0.003007
200 220 3 100 265376 0.003007
26 165 3 100 33855 0.003007
237 394 3 100 133681 0.003008
156 38 3 100 234647 0.003008
329 66 3 100 33608 0.003009
219 340 3 100 17204 0.003009
102 387 3 100 6847 0.003010
245 262 3 100 7805 0.003010
167 352 3 100 25610 0.003010
375 324 3 100 4642 0.003010
196 163 3 100 6977 0.003010
283 347 3 100 17347 0.003010
320 133 3 100 41289 0.003011
278 163 3 100 5835 0.003011
33 151 3 100 8277 0.003011
20 238 3 100 571 0.003011
66 169 3 100 456394 0.003011
39 299 3 100 45735 0.003011
358 339 3 100 17148 0.003012
370 323 3 100 10994 0.003012
109 246 3 100 29857 0.003012
134 129 3 100 32715 0.003012
238 103 3 100 38925 0.003012
291 164 3 100 39643 0.003013
159 259 3 100 27076 0.003013
200 263 3 100 6638 0.003014
125 191 3 100 200000 0.003014
281 276 3 100 39623 0.003014
119 150 3 100 3843 0.003014
230 69 3 100 32533 0.003014
258 296 3 100 22429 0.003014
172 387 3 100 1359 0.003014
328 20 3 100 8855 0.003014
282 54 3 100 26595 0.003014
140 245 3 100 12006 0.003014
308 284 3 100 39566 0.003015
66 118 3 100 3012 0.003015
75 174 3 100 33236 0.003015
362 68 3 100 11516 0.003015
265 248 3 100 45382 0.003015
302 118 3 100 22297 0.003015
189 379 3 100 26884 0.003016
377 48 3 100 32193 0.003016
58 296 3 100 5005 0.003016
252 204 3 100 40783 0.003016
279 124 3 100 20823 0.003016
317 271 3 100 38645 0.003016
94 386 3 100 24959 0.003016
198 222 3 100 422994 0.003017
326 121 3 100 107922 0.003017
114 145 3 100 8382 0.003017
157 350 3 100 370553 0.003018
219 301 3 100 439757 0.003018
113 309 3 100 45107 0.003018
347 241 3 100 65275 0.003018
249 237 3 100 31596 0.003018
127 208 3 100 28242 0.003018
237 145 3 100 384920 0.003018
309 108 3 100 423164 0.003019
335 386 3 100 2561 0.003019
279 170 3 100 4294 0.003019
362 180 3 100 3005 0.003019
388 177 3 100 36798 0.003019
161 262 3 100 3434 0.003020
310 163 3 100 12593 0.003020
120 356 3 100 429755 0.003020
204 63 3 100 27240 0.003020
328 26 3 100 1796 0.003021
123 68 3 100 32716 0.003021
306 298 3 100 30934 0.003021
129 23 3 100 19615 0.003021
186 263 3 100 36171 0.003023
166 296 3 100 37308 0.003023
54 199 3 100 43507 0.003023
237 174 3 100 28326 0.003024
169 185 3 100 3896 0.003024
371 226 3 100 41555 0.003024
210 254 3 100 21293 0.003024
230 293 3 100 23461 0.003024
318 294 3 100 429522 0.003025
103 332 3 100 25022 0.003025
287 59 3 100 17498 0.003025
248 106 3 100 369 0.003025
339 186 3 100 131845 0.003025
104 42 3 100 14399 0.003025
88 373 3 100 33065 0.003025
364 256 3 100 211570 0.003026
88 156 3 100 29764 0.003026
155 130 3 100 34624 0.003026
155 23 3 100 7663 0.003026
342 67 3 100 16657 0.003026
67 152 3 100 81244 0.003026
252 331 3 100 26928 0.003026
24 234 3 100 43113 0.003026
128 322 3 100 20870 0.003027
314 272 3 100 35605 0.003028
286 321 3 100 77337 0.003028
159 287 3 100 26639 0.003028
190 215 3 100 32419 0.003028
41 97 3 100 32534 0.003028
53 182 3 100 16204 0.003028
307 353 3 100 24643 0.003028
142 255 3 100 26395 0.003029
151 313 3 100 322550 0.003029
23 356 3 100 15454 0.003029
87 106 3 100 29227 0.003030
29 331 3 100 16080 0.003030
55 351 3 100 28501 0.003030
207 297 3 100 7605 0.003030
393 283 3 100 34447 0.003030
175 343 3 100 17414 0.003030
263 284 3 100 137749 0.003031
102 235 3 100 8681 0.003031
150 134 3 100 24603 0.003031
397 223 3 100 253982 0.003031
130 54 3 100 29041 0.003032
163 268 3 100 34581 0.003032
107 183 3 100 119704 0.003032
318 39 3 100 19979 0.003032
82 185 3 100 31477 0.003032
356 326 3 100 363079 0.003032
95 382 3 100 414656 0.003032
367 108 3 100 33888 0.003033
244 87 3 100 44058 0.003033
67 227 3 100 20411 0.003033
400 331 3 100 42122 0.003033
59 261 3 100 30377 0.003034
155 123 3 100 12253 0.003034
391 185 3 100 7249 0.003034
113 376 3 100 27999 0.003034
130 120 3 100 12927 0.003034
253 287 3 100 39245 0.003035
288 400 3 100 333427 0.003035
179 174 3 100 16509 0.003035
389 220 3 100 21001 0.003035
374 34 3 100 14174 0.003035
207 77 3 100 26704 0.003035
352 295 3 100 38573 0.003035
144 170 3 100 5076 0.003036
334 214 3 100 28936 0.003036
275 295 3 100 5938 0.003036
139 123 3 100 10950 0.003036
210 58 3 100 434 0.003036
64 253 3 100 38663 0.003036
290 119 3 100 43799 0.003036
96 381 3 100 2247 0.003037
262 323 3 100 310606 0.003037
265 392 3 100 36033 0.003037
385 352 3 100 2164 0.003038
157 345 3 100 40723 0.003038
295 394 3 100 32047 0.003038
228 151 3 100 17714 0.003039
25 167 3 100 176650 0.003039
207 280 3 100 24974 0.003039
342 361 3 100 35081 0.003039
95 402 3 100 39253 0.003039
311 343 3 100 3656 0.003039
236 84 3 100 25774 0.003039
195 70 3 100 1567 0.003040
400 267 3 100 16189 0.003040
100 92 3 100 22785 0.003040
318 340 3 100 23800 0.003040
104 381 3 100 100441 0.003040
267 247 3 100 3598 0.003040
281 380 3 100 31438 0.003040
120 141 3 100 3125 0.003040
206 104 3 100 3945 0.003041
250 118 3 100 32705 0.003041
361 94 3 100 20393 0.003041
229 209 3 100 15052 0.003041
178 221 3 100 25409 0.003041
184 266 3 100 452913 0.003041
335 229 3 100 23271 0.003042
363 196 3 100 30706 0.003042
334 123 3 100 36933 0.003042
265 219 3 100 30766 0.003042
329 302 3 100 40107 0.003042
73 252 3 100 38776 0.003043
238 400 3 100 8443 0.003043
296 182 3 100 17257 0.003043
333 86 3 100 32638 0.003043
291 171 3 100 401671 0.003043
284 183 3 100 447730 0.003043
94 124 3 100 300682 0.003043
389 209 3 100 36860 0.003043
233 198 3 100 61959 0.003043
88 379 3 100 15108 0.003044
144 343 3 100 42618 0.003044
280 361 3 100 35918 0.003045
245 63 3 100 209225 0.003045
392 221 3 100 23243 0.003045
149 188 3 100 18598 0.003045
79 212 3 100 34409 0.003045
274 243 3 100 19666 0.003045
313 200 3 100 24394 0.003046
185 47 3 100 327535 0.003046
115 64 3 100 32235 0.003046
367 57 3 100 35780 0.003046
155 258 3 100 39779 0.003046
258 211 3 100 212661 0.003046
148 288 3 100 41778 0.003046
31 71 3 100 272972 0.003046
127 136 3 100 36796 0.003046
349 148 3 100 12243 0.003047
364 168 3 100 39331 0.003047
354 271 3 100 8783 0.003047
30 213 3 100 19268 0.003047
320 145 3 100 175611 0.003047
215 24 3 100 20883 0.003047
72 343 3 100 10549 0.003047
224 95 3 100 38996 0.003048
65 280 3 100 12725 0.003048
274 183 3 100 42799 0.003048
111 283 3 100 40959 0.003048
177 131 3 100 16058 0.003048
254 287 3 100 20382 0.003049
185 401 3 100 10340 0.003049
288 175 3 100 27467 0.003049
305 148 3 100 2895 0.003049
391 387 3 100 33646 0.003049
226 135 3 100 42652 0.003049
378 339 3 100 11057 0.003049
34 274 3 100 18640 0.003049
361 107 3 100 436717 0.003049
80 239 3 100 1665 0.003049
305 63 3 100 33413 0.003050
185 141 3 100 23849 0.003050
342 55 3 100 10615 0.003050
87 106 3 100 357953 0.003050
397 56 3 100 20841 0.003050
385 42 3 100 21564 0.003050
372 146 3 100 17023 0.003050
85 372 3 100 31908 0.003050
320 246 3 100 18462 0.003051
82 230 3 100 400833 0.003051
335 331 3 100 26349 0.003051
380 101 3 100 6429 0.003051
324 237 3 100 21018 0.003051
239 25 3 100 3876 0.003051
135 80 3 100 17616 0.003052
160 401 3 100 18639 0.003052
224 213 3 100 3635 0.003052
403 339 3 100 8584 0.003052
294 76 3 100 40270 0.003052
40 248 3 100 6723 0.003052
333 286 3 100 37308 0.003052
130 53 3 100 12703 0.003053
68 282 3 100 439437 0.003053
331 202 3 100 193089 0.003053
99 279 3 100 4621 0.003053
283 181 3 100 15693 0.003053
215 395 3 100 36765 0.003053
58 224 3 100 2863 0.003054
363 378 3 100 101139 0.003054
37 184 3 100 32417 0.003054
92 53 3 100 7567 0.003054
54 299 3 100 39802 0.003054
185 266 3 100 29877 0.003054
199 275 3 100 7231 0.003054
235 41 3 100 310300 0.003055
398 285 3 100 893 0.003055
227 176 3 100 45577 0.003055
276 95 3 100 22502 0.003055
227 75 3 100 18251 0.003056
392 79 3 100 32230 0.003056
297 125 3 100 30645 0.003056
275 282 3 100 37402 0.003057
263 360 3 100 22641 0.003057
186 372 3 100 12367 0.003057
357 177 3 100 13000 0.003058
112 76 3 100 21440 0.003058
200 136 3 100 432303 0.003058
338 211 3 100 18010 0.003059
225 239 3 100 8790 0.003059
250 34 3 100 197118 0.003059
184 242 3 100 9762 0.003059
367 173 3 100 17813 0.003060
65 159 3 100 3672 0.003060
340 203 3 100 24605 0.003060
285 126 3 100 25288 0.003060
242 58 3 100 6332 0.003060
280 272 3 100 4476 0.003060
93 151 3 100 32921 0.003060
321 162 3 100 10293 0.003060
141 134 3 100 28770 0.003061
237 71 3 100 17523 0.003061
367 254 3 100 234373 0.003061
403 344 3 100 37531 0.003061
352 154 3 100 35524 0.003061
213 345 3 100 8858 0.003062
246 306 3 100 2241 0.003062
209 385 3 100 31640 0.003062
21 329 3 100 38134 0.003062
261 219 3 100 1494 0.003062
323 166 3 100 36550 0.003062
334 178 3 100 32654 0.003062
330 212 3 100 11152 0.003062
129 182 3 100 42838 0.003063
179 123 3 100 32112 0.003063
287 135 3 100 31533 0.003063
292 58 3 100 44622 0.003063
391 370 3 100 42212 0.003064
47 303 3 100 44252 0.003064
388 205 3 100 31777 0.003064
181 327 3 100 27490 0.003065
253 214 3 100 37622 0.003065
349 91 3 100 37082 0.003065
302 147 3 100 22404 0.003065
23 77 3 100 43591 0.003065
66 384 3 100 26850 0.003065
171 285 3 100 41426 0.003065
394 395 3 100 29516 0.003065
359 140 3 100 42223 0.003065
251 84 3 100 14120 0.003066
292 224 3 100 32145 0.003066
325 172 3 100 30648 0.003066
73 28 3 100 40621 0.003066
349 109 3 100 271967 0.003066
213 361 3 100 13486 0.003067
212 211 3 100 379237 0.003067
106 326 3 100 39588 0.003068
397 197 3 100 10510 0.003068
219 89 3 100 9931 0.003068
314 123 3 100 15441 0.003068
42 197 3 100 44793 0.003068
274 91 3 100 32244 0.003068
363 302 3 100 17997 0.003068
212 162 3 100 7027 0.003068
322 188 3 100 338641 0.003069
306 204 3 100 27484 0.003069
21 149 3 100 13641 0.003069
290 300 3 100 8250 0.003069
390 284 3 100 22387 0.003069
204 35 3 100 209109 0.003069
123 234 3 100 8483 0.003069
98 288 3 100 10534 0.003069
301 312 3 100 26362 0.003069
365 182 3 100 111746 0.003070
335 38 3 100 38529 0.003070
328 338 3 100 34238 0.003070
77 73 3 100 39875 0.003070
289 232 3 100 185306 0.003070
364 344 3 100 374168 0.003071
145 180 3 100 26052 0.003071
307 196 3 100 311604 0.003071
363 20 3 100 20569 0.003071
325 389 3 100 26588 0.003071
296 227 3 100 130426 0.003071
284 381 3 100 98509 0.003072
81 148 3 100 68125 0.003072
287 46 3 100 13833 0.003072
187 78 3 100 28696 0.003072
156 145 3 100 205287 0.003072
347 74 3 100 33891 0.003072
324 332 3 100 15895 0.003073
350 216 3 100 21223 0.003073
173 84 3 100 3871 0.003073
102 27 3 100 5542 0.003073
358 234 3 100 267412 0.003073
336 292 3 100 30988 0.003074
377 397 3 100 12356 0.003074
22 229 3 100 17741 0.003074
251 291 3 100 3902 0.003074
363 333 3 100 18917 0.003074
40 98 3 100 24593 0.003074
209 376 3 100 13654 0.003075
295 28 3 100 23269 0.003075
257 244 3 100 41154 0.003075
383 308 3 100 29472 0.003075
26 314 3 100 19394 0.003075
383 57 3 100 26070 0.003075
129 60 3 100 30208 0.003075
355 43 3 100 16105 0.003075
295 249 3 100 12398 0.003075
290 58 3 100 44570 0.003075
132 85 3 100 8577 0.003075
34 189 3 100 4199 0.003075
288 256 3 100 41289 0.003075
373 70 3 100 7289 0.003075
44 239 3 100 6819 0.003076
165 355 3 100 2748 0.003076
333 325 3 100 15568 0.003076
316 45 3 100 21618 0.003076
223 340 3 100 198392 0.003076
118 286 3 100 22528 0.003076
336 276 3 100 20891 0.003076
383 148 3 100 11108 0.003077
115 239 3 100 15179 0.003077
249 67 3 100 9553 0.003077
70 343 3 100 227311 0.003077
200 382 3 100 9984 0.003077
172 91 3 100 39683 0.003078
86 239 3 100 53587 0.003078
235 293 3 100 6771 0.003079
30 369 3 100 17101 0.003079
395 127 3 100 37429 0.003079
175 402 3 100 182381 0.003079
146 347 3 100 13319 0.003079
385 171 3 100 13128 0.003079
340 95 3 100 42870 0.003079
80 47 3 100 42109 0.003079
187 141 3 100 15122 0.003079
325 102 3 100 12705 0.003080
151 219 3 100 18388 0.003080
348 26 3 100 20336 0.003080
353 52 3 100 3782 0.003081
335 182 3 100 9503 0.003081
298 198 3 100 16777 0.003081
169 154 3 100 12224 0.003082
169 97 3 100 23155 0.003082
150 337 3 100 23694 0.003082
71 110 3 100 40890 0.003082
138 44 3 100 266913 0.003082
397 67 3 100 8703 0.003082
333 393 3 100 43924 0.003083
54 132 3 100 15196 0.003083
227 192 3 100 10192 0.003083
88 188 3 100 25352 0.003083
213 315 3 100 13754 0.003084
402 98 3 100 362082 0.003084
210 133 3 100 24871 0.003084
41 341 3 100 409018 0.003084
373 368 3 100 52694 0.003084
312 60 3 100 34436 0.003084
130 29 3 100 38771 0.003084
246 370 3 100 226713 0.003085
71 46 3 100 238611 0.003085
188 141 3 100 286163 0.003085
105 360 3 100 9589 0.003085
268 27 3 100 439555 0.003085
181 300 3 100 38325 0.003085
214 194 3 100 18490 0.003085
259 179 3 100 268159 0.003086
39 322 3 100 162974 0.003086
151 375 3 100 35220 0.003086
313 276 3 100 269176 0.003086
402 274 3 100 31125 0.003086
177 294 3 100 338191 0.003086
386 250 3 100 14921 0.003087
157 353 3 100 35283 0.003087
34 374 3 100 211612 0.003087
112 251 3 100 12542 0.003087
199 35 3 100 15736 0.003088
192 400 3 100 13625 0.003088
51 277 3 100 4998 0.003088
261 278 3 100 327327 0.003088
262 200 3 100 1869 0.003089
262 268 3 100 15399 0.003089
113 184 3 100 121339 0.003089
378 347 3 100 273008 0.003089
233 120 3 100 31573 0.003089
140 256 3 100 2437 0.003089
210 124 3 100 40052 0.003090
65 93 3 100 2 0.003090
185 366 3 100 8621 0.003090
155 147 3 100 94251 0.003090
142 51 3 100 10412 0.003090
346 398 3 100 7351 0.003090
183 69 3 100 34413 0.003091
192 95 3 100 19759 0.003091
131 133 3 100 24161 0.003091
315 223 3 100 26629 0.003092
122 364 3 100 9522 0.003092
64 118 3 100 33493 0.003092
176 244 3 100 28841 0.003092
357 172 3 100 2492 0.003092
197 374 3 100 22383 0.003092
291 190 3 100 261783 0.003093
117 372 3 100 408158 0.003093
188 261 3 100 42034 0.003093
399 346 3 100 418122 0.003093
90 115 3 100 25608 0.003094
218 206 3 100 201962 0.003094
157 79 3 100 8279 0.003094
281 291 3 100 24333 0.003094
247 275 3 100 36147 0.003094
333 99 3 100 31815 0.003094
226 344 3 100 26476 0.003095
354 131 3 100 7121 0.003095
122 148 3 100 100909 0.003095
74 307 3 100 39930 0.003095
128 50 3 100 60994 0.003095
320 336 3 100 5991 0.003095
64 265 3 100 1476 0.003095
163 218 3 100 31839 0.003095
222 55 3 100 318591 0.003095
173 90 3 100 17179 0.003096
43 138 3 100 33625 0.003096
122 181 3 100 36272 0.003096
87 186 3 100 15126 0.003096
75 132 3 100 341490 0.003096
389 379 3 100 247403 0.003096
265 122 3 100 18810 0.003096
194 163 3 100 34547 0.003097
169 344 3 100 42227 0.003097
257 132 3 100 59829 0.003097
41 280 3 100 40280 0.003097
143 363 3 100 19160 0.003097
34 327 3 100 3790 0.003097
214 207 3 100 3530 0.003098
206 45 3 100 33348 0.003098
123 381 3 100 416469 0.003098
368 79 3 100 35363 0.003098
229 382 3 100 18317 0.003098
120 219 3 100 12989 0.003098
173 371 3 100 41907 0.003098
55 23 3 100 35192 0.003099
82 264 3 100 24036 0.003099
87 271 3 100 89993 0.003099
265 134 3 100 7131 0.003099
305 392 3 100 251659 0.003099
352 107 3 100 34192 0.003099
297 367 3 100 8040 0.003099
43 103 3 100 6273 0.003100
180 297 3 100 8836 0.003100
102 198 3 100 24415 0.003100
310 305 3 100 42130 0.003100
91 328 3 100 29871 0.003100
330 402 3 100 38217 0.003100
125 316 3 100 33479 0.003101
346 59 3 100 12140 0.003101
86 109 3 100 80348 0.003101
394 331 3 100 4286 0.003101
247 288 3 100 7179 0.003102
46 116 3 100 33974 0.003102
271 384 3 100 97763 0.003102
105 104 3 100 191696 0.003102
363 300 3 100 36687 0.003102
234 173 3 100 26219 0.003102
256 288 3 100 36229 0.003102
246 181 3 100 340271 0.003103
210 252 3 100 121066 0.003103
399 299 3 100 14142 0.003103
372 98 3 100 366465 0.003103
154 398 3 100 34373 0.003103
149 159 3 100 164174 0.003104
114 375 3 100 411212 0.003104
340 195 3 100 1094 0.003104
235 310 3 100 1322 0.003105
84 162 3 100 37171 0.003105
27 262 3 100 7404 0.003105
239 321 3 100 10530 0.003105
144 168 3 100 40745 0.003105
295 70 3 100 7506 0.003106
294 295 3 100 29648 0.003106
197 228 3 100 30255 0.003106
154 183 3 100 24998 0.003106
226 182 3 100 229949 0.003106
284 255 3 100 38526 0.003107
175 107 3 100 9403 0.003107
39 293 3 100 6101 0.003107
321 341 3 100 41989 0.003107
198 50 3 100 15931 0.003108
102 33 3 100 39680 0.003108
300 49 3 100 5046 0.003108
134 309 3 100 3952 0.003108
210 143 3 100 39619 0.003108
360 85 3 100 39584 0.003108
355 363 3 100 26761 0.003108
380 323 3 100 81345 0.003108
349 351 3 100 8661 0.003109
62 248 3 100 12952 0.003109
173 165 3 100 30713 0.003109
104 33 3 100 7805 0.003109
353 140 3 100 18194 0.003109
331 371 3 100 1976 0.003109
310 358 3 100 41042 0.003110
56 258 3 100 11385 0.003110
378 343 3 100 41579 0.003110
263 74 3 100 27127 0.003110
274 137 3 100 3492 0.003110
372 312 3 100 21425 0.003110
78 202 3 100 34588 0.003110
147 151 3 100 32043 0.003110
82 368 3 100 13153 0.003110
370 194 3 100 21004 0.003111
25 326 3 100 262163 0.003111
307 140 3 100 37249 0.003111
240 297 3 100 43971 0.003111
29 155 3 100 49176 0.003111
396 399 3 100 25348 0.003111
320 168 3 100 458135 0.003112
26 306 3 100 29006 0.003112
114 334 3 100 36115 0.003112
271 314 3 100 12938 0.003112
96 304 3 100 37896 0.003112
262 68 3 100 6513 0.003112
185 303 3 100 28266 0.003113
310 98 3 100 27180 0.003113
43 183 3 100 17462 0.003113
374 21 3 100 45233 0.003113
52 108 3 100 307859 0.003113
325 91 3 100 36036 0.003113
20 41 3 100 162066 0.003114
351 281 3 100 240442 0.003115
131 286 3 100 269626 0.003115
253 184 3 100 11914 0.003115
196 237 3 100 17376 0.003115
326 315 3 100 24803 0.003115
294 120 3 100 200620 0.003115
351 399 3 100 31090 0.003115
222 57 3 100 36642 0.003116
108 151 3 100 10942 0.003116
34 386 3 100 15893 0.003116
187 218 3 100 254636 0.003116
144 197 3 100 1757 0.003117
374 375 3 100 5464 0.003117
78 123 3 100 37681 0.003117
276 382 3 100 26159 0.003117
321 61 3 100 7630 0.003117
318 51 3 100 27567 0.003117
101 88 3 100 21689 0.003118
297 279 3 100 8129 0.003118
26 287 3 100 264267 0.003118
202 339 3 100 18269 0.003118
115 226 3 100 26825 0.003118
152 282 3 100 19752 0.003118
83 122 3 100 25110 0.003118
285 307 3 100 256088 0.003118
78 354 3 100 40204 0.003119
242 148 3 100 31092 0.003119
79 137 3 100 2298 0.003119
278 47 3 100 9824 0.003119
302 78 3 100 33288 0.003119
180 84 3 100 27284 0.003119
375 343 3 100 31948 0.003119
170 132 3 100 3639 0.003119
126 399 3 100 25729 0.003119
92 124 3 100 238927 0.003120
353 240 3 100 28076 0.003120
89 63 3 100 353814 0.003120
26 175 3 100 4843 0.003120
382 159 3 100 239290 0.003120
201 246 3 100 40094 0.003121
209 183 3 100 32207 0.003121
363 215 3 100 13307 0.003121
112 184 3 100 14222 0.003121
147 223 3 100 1856 0.003121
332 242 3 100 25881 0.003122
137 248 3 100 33295 0.003122
158 28 3 100 332 0.003122
401 197 3 100 5667 0.003122
88 25 3 100 12226 0.003122
359 76 3 100 11138 0.003122
370 271 3 100 43538 0.003123
334 401 3 100 4731 0.003123
282 240 3 100 22390 0.003124
381 287 3 100 111262 0.003124
102 226 3 100 41770 0.003124
280 213 3 100 70880 0.003124
369 100 3 100 13397 0.003124
67 135 3 100 285711 0.003124
100 349 3 100 41187 0.003124
257 278 3 100 114356 0.003124
389 399 3 100 17885 0.003125
187 317 3 100 3277 0.003125
254 67 3 100 24564 0.003125
137 305 3 100 19130 0.003125
168 60 3 100 433210 0.003125
399 71 3 100 1937 0.003125
219 293 3 100 5627 0.003125
400 181 3 100 7257 0.003125
288 403 3 100 11168 0.003125
286 211 3 100 15316 0.003125
266 51 3 100 43299 0.003125
257 43 3 100 13323 0.003126
293 48 3 100 37902 0.003126
149 132 3 100 21651 0.003126
127 166 3 100 25371 0.003126
232 306 3 100 176296 0.003127
398 309 3 100 9540 0.003127
320 206 3 100 2592 0.003127
381 31 3 100 32810 0.003127
338 69 3 100 16823 0.003127
122 151 3 100 16116 0.003127
59 71 3 100 41869 0.003127
123 105 3 100 14872 0.003127
207 297 3 100 12877 0.003127
347 111 3 100 5597 0.003128
361 118 3 100 959 0.003128
400 155 3 100 241013 0.003128
83 93 3 100 40009 0.003128
209 350 3 100 32380 0.003128
162 370 3 100 41127 0.003128
224 142 3 100 40634 0.003128
330 283 3 100 47473 0.003128
172 386 3 100 122792 0.003128
243 248 3 100 4810 0.003128
258 177 3 100 34530 0.003128
264 368 3 100 4275 0.003129
244 188 3 100 59721 0.003129
82 307 3 100 6636 0.003129
173 132 3 100 23965 0.003129
167 332 3 100 36033 0.003129
257 304 3 100 434935 0.003129
103 264 3 100 6882 0.003129
336 100 3 100 41535 0.003129
198 81 3 100 201101 0.003129
239 298 3 100 12691 0.003130
127 296 3 100 20286 0.003130
193 275 3 100 27269 0.003130
28 240 3 100 41330 0.003130
252 262 3 100 24830 0.003130
183 80 3 100 34454 0.003131
390 93 3 100 984 0.003131
104 117 3 100 29770 0.003131
190 146 3 100 26489 0.003131
343 44 3 100 348073 0.003132
304 245 3 100 37847 0.003132
346 172 3 100 11870 0.003132
170 87 3 100 276730 0.003132
369 296 3 100 12311 0.003132
345 220 3 100 333280 0.003132
96 252 3 100 117261 0.003132
227 386 3 100 5288 0.003133
135 40 3 100 1735 0.003133
103 35 3 100 45457 0.003133
238 134 3 100 4388 0.003133
180 145 3 100 17954 0.003133
111 281 3 100 27081 0.003133
251 25 3 100 14399 0.003133
79 365 3 100 33510 0.003133
374 32 3 100 30162 0.003134
51 182 3 100 4146 0.003134
21 284 3 100 35530 0.003134
252 45 3 100 41786 0.003134
305 394 3 100 15789 0.003134
36 327 3 100 38761 0.003134
222 249 3 100 26062 0.003134
118 376 3 100 241652 0.003135
103 295 3 100 40773 0.003135
131 251 3 100 17259 0.003135
133 384 3 100 14396 0.003136
402 364 3 100 64868 0.003136
139 115 3 100 21157 0.003136
292 47 3 100 746 0.003136
184 309 3 100 34389 0.003136
32 199 3 100 24377 0.003136
269 119 3 100 398072 0.003137
346 296 3 100 20540 0.003137
47 244 3 100 34552 0.003137
346 305 3 100 32416 0.003137
154 37 3 100 188790 0.003138
355 57 3 100 9137 0.003138
195 197 3 100 32419 0.003138
266 278 3 100 27403 0.003138
391 242 3 100 3164 0.003139
315 155 3 100 40484 0.003139
366 305 3 100 22557 0.003139
209 122 3 100 124500 0.003139
229 394 3 100 369692 0.003140
245 82 3 100 42784 0.003140
201 109 3 100 76279 0.003140
294 137 3 100 5126 0.003140
159 241 3 100 16455 0.003140
265 305 3 100 689 0.003140
377 305 3 100 37335 0.003141
21 403 3 100 34836 0.003141
103 279 3 100 10602 0.003141
267 148 3 100 15095 0.003141
210 218 3 100 35500 0.003141
200 300 3 100 37111 0.003142
217 202 3 100 384837 0.003142
155 305 3 100 6818 0.003142
375 31 3 100 165773 0.003142
346 44 3 100 8527 0.003142
224 35 3 100 13232 0.003142
71 261 3 100 32778 0.003143
24 53 3 100 32551 0.003143
36 303 3 100 404481 0.003143
346 292 3 100 34609 0.003143
369 217 3 100 40624 0.003143
330 85 3 100 18788 0.003144
231 377 3 100 21945 0.003144
219 65 3 100 38675 0.003144
40 73 3 100 273987 0.003144
86 264 3 100 6504 0.003144
314 25 3 100 142469 0.003144
152 24 3 100 12839 0.003144
80 361 3 100 31581 0.003144
110 157 3 100 28919 0.003144
50 71 3 100 21452 0.003145
84 132 3 100 6106 0.003145
234 77 3 100 18920 0.003145
399 163 3 100 28094 0.003145
291 197 3 100 2141 0.003145
294 162 3 100 31488 0.003145
238 87 3 100 32152 0.003145
58 324 3 100 13628 0.003146
43 129 3 100 45026 0.003146
345 246 3 100 20441 0.003146
220 341 3 100 427991 0.003147
252 296 3 100 29717 0.003147
273 159 3 100 22585 0.003147
90 274 3 100 4873 0.003147
369 394 3 100 312599 0.003147
313 71 3 100 6528 0.003147
48 284 3 100 20131 0.003147
359 262 3 100 34782 0.003147
305 224 3 100 31638 0.003147
177 184 3 100 9873 0.003148
53 211 3 100 6312 0.003148
235 178 3 100 9748 0.003148
56 186 3 100 31832 0.003148
334 81 3 100 23540 0.003148
24 317 3 100 44096 0.003148
93 172 3 100 35012 0.003148
403 327 3 100 24824 0.003149
182 352 3 100 34910 0.003149
127 34 3 100 22779 0.003149
118 401 3 100 3755 0.003149
307 125 3 100 40086 0.003149
375 126 3 100 64287 0.003149
113 273 3 100 17871 0.003149
24 359 3 100 19956 0.003150
241 307 3 100 31814 0.003150
295 180 3 100 39652 0.003150
82 143 3 100 36757 0.003150
328 97 3 100 40955 0.003150
68 374 3 100 239845 0.003151
394 220 3 100 351196 0.003151
386 326 3 100 36025 0.003151
314 277 3 100 117038 0.003151
381 28 3 100 19311 0.003151
200 179 3 100 3092 0.003151
202 87 3 100 15420 0.003152
317 33 3 100 97936 0.003152
278 202 3 100 66877 0.003153
390 270 3 100 24508 0.003153
114 299 3 100 33433 0.003153
227 33 3 100 25781 0.003153
164 282 3 100 424113 0.003153
62 87 3 100 24216 0.003153
244 332 3 100 34790 0.003153
327 246 3 100 6245 0.003153
341 272 3 100 36144 0.003153
156 296 3 100 242057 0.003153
386 300 3 100 5650 0.003154
230 323 3 100 13041 0.003154
46 215 3 100 24952 0.003154
309 301 3 100 3580 0.003154
318 191 3 100 326126 0.003154
254 239 3 100 11838 0.003154
204 103 3 100 2012 0.003155
387 60 3 100 9794 0.003155
198 194 3 100 238314 0.003155
385 295 3 100 28538 0.003155
65 140 3 100 45234 0.003155
272 164 3 100 34942 0.003155
337 55 3 100 30697 0.003155
143 81 3 100 35597 0.003155
50 332 3 100 25355 0.003155
201 329 3 100 9896 0.003156
384 175 3 100 906 0.003156
375 323 3 100 6563 0.003156
245 231 3 100 430296 0.003156
360 153 3 100 42583 0.003156
275 371 3 100 223 0.003156
222 117 3 100 80648 0.003157
189 392 3 100 32315 0.003157
358 302 3 100 6748 0.003157
48 221 3 100 8216 0.003157
78 27 3 100 24574 0.003157
164 128 3 100 24414 0.003158
128 90 3 100 15846 0.003158
121 88 3 100 11033 0.003158
287 382 3 100 16995 0.003158
238 281 3 100 7100 0.003158
379 258 3 100 30655 0.003159
347 358 3 100 39101 0.003159
171 253 3 100 38810 0.003159
27 270 3 100 12626 0.003159
288 351 3 100 41482 0.003159
103 60 3 100 43932 0.003159
369 381 3 100 31427 0.003159
355 98 3 100 43760 0.003159
20 76 3 100 43963 0.003159
383 357 3 100 22025 0.003159
84 205 3 100 17684 0.003160
357 367 3 100 40602 0.003160
227 138 3 100 38027 0.003160
190 76 3 100 40266 0.003161
46 301 3 100 41375 0.003161
102 176 3 100 32886 0.003161
159 186 3 100 35709 0.003161
360 66 3 100 3237 0.003161
318 89 3 100 12499 0.003161
217 176 3 100 34441 0.003161
381 363 3 100 36 0.003162
63 363 3 100 14953 0.003162
121 53 3 100 10883 0.003162
308 171 3 100 189578 0.003162
57 308 3 100 44949 0.003162
45 237 3 100 32836 0.003162
301 142 3 100 2259 0.003163
374 56 3 100 35505 0.003163
174 213 3 100 435154 0.003163
241 142 3 100 38526 0.003163
299 342 3 100 28215 0.003163
291 138 3 100 1199 0.003164
149 208 3 100 8146 0.003164
203 197 3 100 26448 0.003164
393 360 3 100 17971 0.003164
228 104 3 100 40385 0.003164
187 219 3 100 30249 0.003165
113 234 3 100 27843 0.003165
352 325 3 100 10834 0.003165
227 35 3 100 13962 0.003165
49 132 3 100 27471 0.003165
273 371 3 100 19956 0.003165
389 249 3 100 27905 0.003166
351 120 3 100 11336 0.003166
287 384 3 100 13274 0.003166
33 239 3 100 34793 0.003166
313 83 3 100 42361 0.003166
206 261 3 100 1295 0.003166
191 198 3 100 36805 0.003166
131 193 3 100 8011 0.003166
114 333 3 100 296209 0.003166
361 48 3 100 28731 0.003167
71 54 3 100 44300 0.003167
88 27 3 100 37098 0.003167
214 330 3 100 40874 0.003167
167 323 3 100 4309 0.003167
95 100 3 100 246106 0.003167
334 128 3 100 42779 0.003167
30 44 3 100 375077 0.003167
384 76 3 100 55116 0.003168
284 120 3 100 29813 0.003168
127 49 3 100 409253 0.003168
274 133 3 100 87297 0.003168
34 125 3 100 1305 0.003168
150 352 3 100 12649 0.003168
183 66 3 100 1578 0.003169
267 358 3 100 191447 0.003169
111 402 3 100 43807 0.003170
335 109 3 100 323792 0.003170
278 108 3 100 10518 0.003170
295 102 3 100 374695 0.003170
370 388 3 100 37944 0.003171
159 135 3 100 33808 0.003171
108 321 3 100 30793 0.003171
364 116 3 100 35957 0.003171
246 361 3 100 22580 0.003171
180 266 3 100 8413 0.003172
207 228 3 100 38115 0.003172
87 322 3 100 62861 0.003172
91 50 3 100 13380 0.003172
219 126 3 100 37807 0.003172
264 226 3 100 21143 0.003172
151 129 3 100 38065 0.003173
149 367 3 100 30143 0.003173
28 186 3 100 6588 0.003173
238 219 3 100 40222 0.003173
85 358 3 100 29637 0.003173
105 190 3 100 580 0.003173
46 203 3 100 34575 0.003174
161 170 3 100 7286 0.003174
239 159 3 100 15817 0.003174
48 32 3 100 25881 0.003174
186 187 3 100 41431 0.003174
32 361 3 100 2251 0.003174
355 116 3 100 447100 0.003174
316 243 3 100 9483 0.003174
322 35 3 100 13340 0.003175
147 65 3 100 23276 0.003175
317 49 3 100 35094 0.003175
229 66 3 100 374603 0.003175
148 250 3 100 27435 0.003175
299 130 3 100 28414 0.003175
226 150 3 100 3170 0.003175
172 323 3 100 6231 0.003176
132 75 3 100 37653 0.003176
230 123 3 100 3775 0.003176
158 103 3 100 86902 0.003176
345 236 3 100 35207 0.003176
367 320 3 100 19470 0.003176
401 200 3 100 19426 0.003176
234 132 3 100 21647 0.003177
147 50 3 100 29012 0.003177
251 174 3 100 180901 0.003177
33 175 3 100 10924 0.003177
101 84 3 100 373912 0.003178
64 267 3 100 32977 0.003178
219 223 3 100 178632 0.003178
66 395 3 100 25516 0.003179
379 392 3 100 3628 0.003179
158 169 3 100 25685 0.003180
217 193 3 100 35236 0.003180
289 276 3 100 32710 0.003180
335 241 3 100 78317 0.003180
308 223 3 100 18629 0.003180
164 210 3 100 21435 0.003181
149 307 3 100 35090 0.003181
278 336 3 100 6946 0.003181
95 214 3 100 343133 0.003181
87 109 3 100 43731 0.003181
300 28 3 100 334601 0.003181
200 380 3 100 19799 0.003182
135 146 3 100 41864 0.003182
29 220 3 100 9322 0.003182
358 254 3 100 23591 0.003182
209 369 3 100 18573 0.003183
106 342 3 100 456694 0.003183
80 53 3 100 28879 0.003183
330 266 3 100 156402 0.003183
139 164 3 100 458757 0.003183
152 159 3 100 28705 0.003183
299 104 3 100 19505 0.003183
135 170 3 100 41931 0.003183
309 104 3 100 213069 0.003183
221 209 3 100 39976 0.003184
167 182 3 100 30703 0.003184
24 375 3 100 414832 0.003184
218 125 3 100 73231 0.003184
37 125 3 100 34614 0.003184
156 364 3 100 7103 0.003184
215 234 3 100 293020 0.003185
402 148 3 100 315961 0.003185
128 131 3 100 37452 0.003185
287 349 3 100 8559 0.003185
165 232 3 100 20500 0.003186
154 305 3 100 582 0.003186
401 208 3 100 21730 0.003186
324 80 3 100 33538 0.003186
364 66 3 100 392639 0.003186
184 38 3 100 237 0.003186
276 395 3 100 37368 0.003186
193 396 3 100 27050 0.003186
93 125 3 100 44462 0.003187
79 245 3 100 394 0.003187
94 366 3 100 6889 0.003187
50 232 3 100 387500 0.003187
74 319 3 100 138269 0.003188
94 273 3 100 33099 0.003188
403 338 3 100 22888 0.003188
395 346 3 100 211858 0.003188
384 393 3 100 19901 0.003188
109 260 3 100 270942 0.003188
25 273 3 100 8285 0.003188
188 75 3 100 5791 0.003188
234 157 3 100 35963 0.003189
154 243 3 100 21729 0.003189
388 389 3 100 46017 0.003189
168 273 3 100 45905 0.003189
368 242 3 100 45462 0.003189
129 81 3 100 18718 0.003189
80 278 3 100 41609 0.003189
264 135 3 100 5387 0.003190
330 363 3 100 12909 0.003190
88 143 3 100 14074 0.003190
145 133 3 100 45494 0.003190
112 243 3 100 4956 0.003190
146 164 3 100 367440 0.003190
49 144 3 100 3126 0.003190
182 236 3 100 25271 0.003191
284 320 3 100 19598 0.003191
235 283 3 100 22675 0.003191
45 38 3 100 20016 0.003191
187 271 3 100 7011 0.003191
122 257 3 100 39392 0.003193
299 259 3 100 4392 0.003193
247 97 3 100 30199 0.003193
202 402 3 100 11880 0.003193
57 150 3 100 15355 0.003193
130 263 3 100 34646 0.003193
197 98 3 100 39464 0.003193
303 103 3 100 17388 0.003194
171 362 3 100 42461 0.003194
276 148 3 100 7189 0.003194
261 137 3 100 341415 0.003195
58 182 3 100 116302 0.003195
303 402 3 100 26933 0.003195
374 167 3 100 41892 0.003195
166 294 3 100 37354 0.003195
394 273 3 100 13916 0.003195
353 246 3 100 43470 0.003195
56 171 3 100 303593 0.003195
248 94 3 100 41860 0.003196
256 128 3 100 30430 0.003196
374 384 3 100 29243 0.003196
210 199 3 100 1678 0.003196
108 378 3 100 226307 0.003196
280 183 3 100 13683 0.003197
181 167 3 100 9431 0.003197
171 27 3 100 323376 0.003197
145 252 3 100 21453 0.003197
314 263 3 100 438116 0.003197
380 289 3 100 332799 0.003198
107 266 3 100 4518 0.003198
125 275 3 100 24283 0.003198
74 50 3 100 35487 0.003198
329 188 3 100 21079 0.003198
260 161 3 100 31547 0.003198
185 123 3 100 40753 0.003199
147 219 3 100 9401 0.003199
20 385 3 100 40309 0.003199
258 302 3 100 42375 0.003199
102 50 3 100 27467 0.003199
256 357 3 100 3789 0.003199
227 220 3 100 20397 0.003200
227 73 3 100 5367 0.003200
143 258 3 100 4029 0.003200
206 273 3 100 12236 0.003200
195 317 3 100 3934 0.003200
292 294 3 100 4531 0.003200
302 92 3 100 38395 0.003200
178 377 3 100 21754 0.003200
268 104 3 100 12821 0.003200
136 348 3 100 272539 0.003201
122 341 3 100 34294 0.003201
267 147 3 100 18656 0.003201
208 112 3 100 7536 0.003201
75 343 3 100 3004 0.003201
64 321 3 100 36589 0.003201
39 23 3 100 7006 0.003201
220 146 3 100 25177 0.003201
163 23 3 100 36992 0.003201
141 284 3 100 28373 0.003201
154 297 3 100 2512 0.003201
206 175 3 100 250469 0.003202
349 205 3 100 30094 0.003202
259 100 3 100 24189 0.003202
148 162 3 100 23508 0.003202
268 91 3 100 2740 0.003202
20 200 3 100 38472 0.003202
357 310 3 100 16186 0.003202
357 202 3 100 122175 0.003202
389 113 3 100 8536 0.003203
326 345 3 100 18419 0.003203
341 208 3 100 6653 0.003203
142 277 3 100 38545 0.003203
314 146 3 100 26586 0.003203
140 352 3 100 39978 0.003203
214 234 3 100 17206 0.003203
160 366 3 100 65217 0.003203
124 371 3 100 8867 0.003204
377 337 3 100 16378 0.003204
372 36 3 100 44841 0.003204
233 84 3 100 25003 0.003204
357 35 3 100 378241 0.003205
165 401 3 100 35221 0.003205
103 268 3 100 35233 0.003205
106 296 3 100 30769 0.003205
361 41 3 100 34407 0.003205
210 20 3 100 18653 0.003205
48 381 3 100 302644 0.003205
157 241 3 100 88427 0.003205
21 113 3 100 18947 0.003206
47 33 3 100 191734 0.003206
390 317 3 100 15155 0.003206
189 114 3 100 38281 0.003206
178 201 3 100 13470 0.003207
160 249 3 100 405060 0.003207
28 153 3 100 5983 0.003207
98 227 3 100 33097 0.003208
96 105 3 100 386732 0.003208
132 58 3 100 9315 0.003208
354 356 3 100 5399 0.003208
64 204 3 100 30944 0.003208
60 63 3 100 25968 0.003208
55 268 3 100 19400 0.003208
58 162 3 100 31259 0.003208
56 251 3 100 40444 0.003209
42 197 3 100 36364 0.003209
30 57 3 100 23163 0.003209
196 211 3 100 14400 0.003209
95 363 3 100 39603 0.003210
234 221 3 100 33339 0.003210
161 224 3 100 14654 0.003210
128 350 3 100 3178 0.003210
159 85 3 100 35676 0.003211
251 300 3 100 14324 0.003211
243 64 3 100 4561 0.003211
365 87 3 100 33043 0.003211
34 342 3 100 31550 0.003211
224 40 3 100 16512 0.003212
116 356 3 100 268977 0.003212
180 266 3 100 4593 0.003212
323 229 3 100 340677 0.003212
94 255 3 100 7376 0.003212
114 399 3 100 14021 0.003212
27 180 3 100 18003 0.003212
369 44 3 100 39747 0.003213
289 32 3 100 22252 0.003213
320 270 3 100 34289 0.003213
115 327 3 100 41763 0.003213
283 144 3 100 2179 0.003213
240 51 3 100 18301 0.003214
42 319 3 100 25241 0.003214
148 227 3 100 2565 0.003214
212 34 3 100 2573 0.003214
204 192 3 100 8813 0.003214
88 279 3 100 180457 0.003214
321 266 3 100 1437 0.003214
331 219 3 100 9889 0.003214
165 133 3 100 27840 0.003215
211 277 3 100 303361 0.003215
164 209 3 100 213467 0.003215
245 392 3 100 25420 0.003215
171 313 3 100 109436 0.003215
165 362 3 100 19487 0.003215
51 209 3 100 4215 0.003215
193 360 3 100 12149 0.003215
290 366 3 100 5686 0.003215
214 260 3 100 378116 0.003215
294 60 3 100 41088 0.003216
51 59 3 100 42650 0.003216
73 29 3 100 20925 0.003216
212 89 3 100 444051 0.003217
97 204 3 100 151893 0.003217
250 63 3 100 21884 0.003217
264 324 3 100 259439 0.003218
182 306 3 100 43448 0.003218
283 357 3 100 29346 0.003218
55 100 3 100 7049 0.003218
381 227 3 100 25899 0.003218
179 333 3 100 8243 0.003218
252 175 3 100 123613 0.003219
174 386 3 100 24986 0.003219
173 239 3 100 7052 0.003219
349 274 3 100 6986 0.003219
398 102 3 100 166200 0.003219
43 327 3 100 29971 0.003220
156 249 3 100 27779 0.003220
157 185 3 100 36051 0.003220
256 65 3 100 27238 0.003221
202 197 3 100 12739 0.003221
137 260 3 100 21724 0.003221
82 140 3 100 23565 0.003221
120 173 3 100 315298 0.003222
188 72 3 100 8842 0.003222
337 48 3 100 39991 0.003222
98 143 3 100 8698 0.003222
258 166 3 100 27456 0.003222
44 104 3 100 4480 0.003222
49 344 3 100 32490 0.003222
269 193 3 100 7137 0.003223
319 399 3 100 25297 0.003223
352 286 3 100 275322 0.003223
140 115 3 100 304527 0.003223
266 363 3 100 3134 0.003223
135 339 3 100 15573 0.003223
179 397 3 100 24696 0.003223
188 176 3 100 27761 0.003223
396 192 3 100 30188 0.003223
315 128 3 100 213556 0.003223
139 205 3 100 27133 0.003224
199 33 3 100 29540 0.003224
339 223 3 100 15309 0.003225
140 272 3 100 31163 0.003225
217 73 3 100 322315 0.003225
209 123 3 100 43518 0.003225
159 80 3 100 8520 0.003225
364 280 3 100 1380 0.003225
260 203 3 100 9818 0.003225
101 364 3 100 9523 0.003225
398 110 3 100 13728 0.003226
268 300 3 100 293693 0.003226
185 143 3 100 7674 0.003226
230 133 3 100 343 0.003226
309 403 3 100 803 0.003226
108 362 3 100 24519 0.003226
52 29 3 100 19580 0.003226
53 154 3 100 2844 0.003226
326 398 3 100 1368 0.003227
315 309 3 100 12899 0.003227
54 223 3 100 36118 0.003227
221 284 3 100 38263 0.003227
393 322 3 100 12893 0.003228
400 366 3 100 29002 0.003228
369 27 3 100 367844 0.003228
213 380 3 100 25589 0.003228
259 358 3 100 12432 0.003229
165 79 3 100 5192 0.003229
193 188 3 100 9296 0.003229
168 377 3 100 402274 0.003229
386 347 3 100 431381 0.003229
388 383 3 100 39267 0.003229
245 383 3 100 5770 0.003230
129 68 3 100 83500 0.003230
317 403 3 100 24274 0.003230
82 374 3 100 19608 0.003230
365 165 3 100 417981 0.003230
158 183 3 100 34406 0.003230
44 277 3 100 31606 0.003230
212 345 3 100 3101 0.003230
101 236 3 100 5173 0.003231
149 287 3 100 34685 0.003231
273 67 3 100 8008 0.003231
301 276 3 100 9958 0.003231
210 328 3 100 948 0.003231
112 283 3 100 93960 0.003231
345 315 3 100 373889 0.003231
225 66 3 100 24569 0.003231
401 305 3 100 34391 0.003231
73 105 3 100 11744 0.003232
23 192 3 100 23839 0.003232
302 106 3 100 204599 0.003232
402 263 3 100 3280 0.003232
278 251 3 100 13557 0.003232
204 85 3 100 24073 0.003232
227 57 3 100 41466 0.003233
104 371 3 100 15932 0.003233
245 299 3 100 253613 0.003233
247 361 3 100 15361 0.003233
369 137 3 100 36009 0.003233
54 44 3 100 258798 0.003234
158 216 3 100 4164 0.003234
288 132 3 100 1049 0.003234
299 397 3 100 15384 0.003235
75 334 3 100 16318 0.003235
348 346 3 100 18497 0.003235
261 219 3 100 39920 0.003235
135 113 3 100 22795 0.003235
314 385 3 100 30182 0.003235
246 351 3 100 1099 0.003236
181 105 3 100 9165 0.003236
108 82 3 100 7751 0.003236
359 211 3 100 19055 0.003236
247 359 3 100 237547 0.003236
173 325 3 100 98327 0.003236
357 268 3 100 13973 0.003236
238 179 3 100 9769 0.003237
173 269 3 100 266233 0.003237
320 335 3 100 27492 0.003237
358 279 3 100 13786 0.003237
357 371 3 100 34192 0.003237
337 27 3 100 44995 0.003238
46 233 3 100 132495 0.003238
131 178 3 100 18211 0.003238
257 352 3 100 19222 0.003238
69 91 3 100 9724 0.003238
22 215 3 100 5267 0.003238
265 397 3 100 355561 0.003238
157 191 3 100 28637 0.003238
20 247 3 100 40527 0.003239
43 258 3 100 11965 0.003239
194 217 3 100 405814 0.003239
378 164 3 100 34759 0.003239
267 124 3 100 194593 0.003239
96 56 3 100 37905 0.003239
351 188 3 100 443086 0.003239
338 156 3 100 15157 0.003239
312 353 3 100 27954 0.003240
261 47 3 100 1674 0.003240
208 256 3 100 5823 0.003240
42 52 3 100 22544 0.003240
72 354 3 100 24554 0.003241
252 330 3 100 19735 0.003241
212 274 3 100 20836 0.003241
209 159 3 100 13065 0.003242
43 213 3 100 31810 0.003242
224 266 3 100 17790 0.003242
373 365 3 100 42353 0.003242
152 376 3 100 23859 0.003242
355 174 3 100 7954 0.003242
37 183 3 100 25017 0.003243
311 235 3 100 2236 0.003244
55 238 3 100 27721 0.003244
249 329 3 100 16723 0.003245
234 184 3 100 10231 0.003245
140 39 3 100 111487 0.003245
180 250 3 100 42939 0.003245
141 40 3 100 7175 0.003245
192 274 3 100 37512 0.003245
166 285 3 100 301789 0.003245
74 298 3 100 3795 0.003245
307 223 3 100 287382 0.003245
225 117 3 100 206369 0.003246
364 252 3 100 30148 0.003246
180 165 3 100 45476 0.003246
55 395 3 100 33766 0.003247
244 60 3 100 30277 0.003247
398 198 3 100 4149 0.003247
30 67 3 100 61681 0.003247
119 60 3 100 16010 0.003247
210 348 3 100 31196 0.003247
28 47 3 100 12330 0.003247
252 49 3 100 39637 0.003248
144 204 3 100 22528 0.003248
188 92 3 100 32984 0.003248
211 281 3 100 12929 0.003248
107 274 3 100 17885 0.003248
322 85 3 100 40468 0.003249
379 116 3 100 5990 0.003249
239 62 3 100 29781 0.003249
342 80 3 100 43546 0.003249
372 310 3 100 2331 0.003249
287 331 3 100 296859 0.003250
84 272 3 100 1885 0.003250
326 133 3 100 2462 0.003250
365 348 3 100 413820 0.003250
344 241 3 100 7889 0.003251
185 219 3 100 139438 0.003251
213 198 3 100 41770 0.003251
58 200 3 100 2562 0.003252
268 330 3 100 19901 0.003252
393 162 3 100 24668 0.003252
183 61 3 100 21644 0.003253
31 392 3 100 40275 0.003253
398 69 3 100 30722 0.003253
227 168 3 100 43556 0.003253
63 279 3 100 318573 0.003253
101 54 3 100 14815 0.003254
162 378 3 100 5312 0.003254
50 241 3 100 17609 0.003254
60 29 3 100 10655 0.003254
31 166 3 100 43577 0.003254
91 258 3 100 18022 0.003254
380 287 3 100 262179 0.003254
262 252 3 100 7544 0.003254
197 315 3 100 35311 0.003254
369 37 3 100 19364 0.003255
286 170 3 100 36868 0.003255
254 42 3 100 18725 0.003255
249 400 3 100 30558 0.003255
94 102 3 100 40899 0.003255
394 181 3 100 44918 0.003256
396 135 3 100 7305 0.003256
124 185 3 100 29303 0.003256
349 33 3 100 83355 0.003257
145 151 3 100 6018 0.003257
143 328 3 100 36683 0.003257
195 197 3 100 18855 0.003257
396 21 3 100 9200 0.003258
111 311 3 100 38159 0.003258
27 133 3 100 40801 0.003258
45 330 3 100 37646 0.003258
44 299 3 100 12526 0.003258
208 309 3 100 41289 0.003258
263 388 3 100 36132 0.003258
368 96 3 100 30841 0.003258
27 199 3 100 3964 0.003259
251 213 3 100 45302 0.003259
371 319 3 100 24400 0.003259
26 369 3 100 30153 0.003259
189 87 3 100 38521 0.003259
147 73 3 100 453013 0.003259
221 88 3 100 19751 0.003260
294 70 3 100 31300 0.003260
257 281 3 100 27572 0.003260
144 222 3 100 18328 0.003260
314 272 3 100 23009 0.003260
297 29 3 100 32560 0.003260
288 70 3 100 24738 0.003260
113 61 3 100 7045 0.003260
215 391 3 100 20616 0.003260
371 239 3 100 9108 0.003260
24 258 3 100 10443 0.003260
192 123 3 100 37958 0.003261
154 70 3 100 10764 0.003261
79 368 3 100 45990 0.003261
47 72 3 100 152046 0.003262
278 374 3 100 30007 0.003262
294 329 3 100 40588 0.003262
382 240 3 100 162870 0.003262
362 166 3 100 25326 0.003263
230 336 3 100 36575 0.003263
181 35 3 100 4942 0.003263
55 187 3 100 12733 0.003263
317 96 3 100 43453 0.003263
239 150 3 100 44816 0.003264
33 85 3 100 29199 0.003264
383 395 3 100 43912 0.003264
393 137 3 100 317382 0.003264
24 115 3 100 31646 0.003264
353 251 3 100 14006 0.003264
344 380 3 100 10286 0.003264
43 24 3 100 44606 0.003265
313 235 3 100 43513 0.003265
313 98 3 100 15244 0.003265
381 167 3 100 318941 0.003265
221 297 3 100 40002 0.003265
153 125 3 100 31617 0.003265
132 176 3 100 18459 0.003265
384 108 3 100 8109 0.003265
105 70 3 100 26023 0.003266
126 139 3 100 13872 0.003266
294 396 3 100 35605 0.003266
104 103 3 100 2238 0.003266
153 28 3 100 27719 0.003266
129 298 3 100 38949 0.003266
237 261 3 100 378763 0.003267
163 54 3 100 184341 0.003267
88 377 3 100 20287 0.003267
240 362 3 100 1020 0.003268
208 281 3 100 15057 0.003268
120 312 3 100 20852 0.003268
312 98 3 100 18406 0.003268
264 246 3 100 10716 0.003268
352 117 3 100 23896 0.003268
192 303 3 100 27892 0.003268
366 140 3 100 336328 0.003268
185 174 3 100 26942 0.003268
99 71 3 100 281713 0.003269
156 51 3 100 32172 0.003269
296 36 3 100 3156 0.003269
225 238 3 100 5797 0.003270
328 172 3 100 5387 0.003270
252 22 3 100 42820 0.003270
252 100 3 100 455957 0.003270
215 396 3 100 31726 0.003270
303 40 3 100 34894 0.003271
97 235 3 100 42865 0.003271
114 188 3 100 21673 0.003271
171 246 3 100 35103 0.003272
349 224 3 100 36451 0.003272
101 318 3 100 16627 0.003272
52 169 3 100 10395 0.003272
310 321 3 100 358142 0.003272
302 307 3 100 28387 0.003272
80 28 3 100 27553 0.003272
209 163 3 100 6164 0.003272
261 184 3 100 23038 0.003272
201 393 3 100 27518 0.003273
403 285 3 100 382007 0.003273
55 254 3 100 20721 0.003273
110 291 3 100 258177 0.003273
308 166 3 100 27421 0.003273
388 316 3 100 40274 0.003273
144 89 3 100 32181 0.003273
140 303 3 100 45427 0.003274
173 120 3 100 33016 0.003274
160 358 3 100 44531 0.003274
302 131 3 100 253103 0.003274
368 396 3 100 33671 0.003274
40 84 3 100 456 0.003274
58 186 3 100 41069 0.003274
59 269 3 100 8400 0.003274
216 141 3 100 165300 0.003275
153 397 3 100 1268 0.003275
112 182 3 100 294 0.003275
402 329 3 100 23943 0.003275
146 360 3 100 1085 0.003275
111 309 3 100 5052 0.003275
316 126 3 100 19460 0.003275
359 386 3 100 11885 0.003275
36 281 3 100 37902 0.003276
90 176 3 100 3248 0.003276
162 211 3 100 8504 0.003276
150 327 3 100 176632 0.003276
231 43 3 100 345557 0.003277
390 400 3 100 11607 0.003277
202 314 3 100 17289 0.003277
102 205 3 100 44449 0.003277
187 341 3 100 148420 0.003277
146 157 3 100 28534 0.003277
219 264 3 100 33119 0.003277
284 206 3 100 196215 0.003277
264 330 3 100 12139 0.003278
219 386 3 100 104043 0.003278
251 89 3 100 39662 0.003278
152 226 3 100 18180 0.003278
105 234 3 100 1388 0.003278
348 72 3 100 16944 0.003278
327 183 3 100 28012 0.003279
290 370 3 100 19225 0.003280
331 139 3 100 269598 0.003280
219 339 3 100 26613 0.003280
28 229 3 100 9247 0.003280
191 79 3 100 232035 0.003280
49 168 3 100 34983 0.003280
341 352 3 100 27536 0.003281
111 237 3 100 6669 0.003281
107 318 3 100 2766 0.003281
184 219 3 100 128364 0.003281
95 202 3 100 6149 0.003281
138 137 3 100 53225 0.003281
195 196 3 100 350711 0.003281
324 337 3 100 45739 0.003281
222 304 3 100 117986 0.003281
153 335 3 100 11258 0.003282
121 297 3 100 20680 0.003282
87 398 3 100 14192 0.003282
33 367 3 100 427398 0.003282
310 233 3 100 44509 0.003283
149 151 3 100 4647 0.003284
135 119 3 100 35713 0.003284
401 212 3 100 13253 0.003284
389 31 3 100 2104 0.003284
32 84 3 100 30233 0.003284
52 192 3 100 300808 0.003285
263 109 3 100 21245 0.003285
85 217 3 100 25779 0.003285
217 23 3 100 30784 0.003285
27 130 3 100 44042 0.003285
341 401 3 100 39321 0.003285
229 237 3 100 235449 0.003286
153 298 3 100 42399 0.003286
250 210 3 100 10884 0.003286
135 181 3 100 19757 0.003286
203 135 3 100 42571 0.003286
372 283 3 100 984 0.003286
78 286 3 100 19725 0.003286
389 332 3 100 444362 0.003287
369 382 3 100 18598 0.003287
76 195 3 100 474 0.003287
177 270 3 100 19888 0.003287
46 218 3 100 16226 0.003287
372 110 3 100 340952 0.003287
339 285 3 100 275694 0.003288
334 307 3 100 5736 0.003288
256 219 3 100 3759 0.003289
120 129 3 100 35941 0.003289
302 165 3 100 10752 0.003289
340 174 3 100 1338 0.003289
253 236 3 100 824 0.003290
238 213 3 100 8822 0.003290
315 42 3 100 24865 0.003290
245 28 3 100 35172 0.003291
236 194 3 100 370083 0.003291
257 366 3 100 42992 0.003292
341 356 3 100 9493 0.003292
183 245 3 100 15035 0.003292
21 368 3 100 5032 0.003293
182 315 3 100 37554 0.003293
146 228 3 100 25192 0.003293
34 362 3 100 33072 0.003293
231 181 3 100 344216 0.003294
323 371 3 100 8471 0.003294
249 314 3 100 8151 0.003294
281 100 3 100 199841 0.003294
75 314 3 100 30151 0.003294
374 43 3 100 302036 0.003294
390 54 3 100 24895 0.003294
181 180 3 100 13512 0.003295
54 371 3 100 36615 0.003295
203 102 3 100 361326 0.003295
183 140 3 100 258525 0.003295
100 65 3 100 25972 0.003295
24 152 3 100 7569 0.003295
54 127 3 100 16786 0.003296
366 398 3 100 2211 0.003296
117 85 3 100 35125 0.003296
291 336 3 100 423705 0.003296
344 312 3 100 19399 0.003297
159 382 3 100 444742 0.003297
290 217 3 100 27785 0.003297
338 317 3 100 3956 0.003297
236 89 3 100 9282 0.003297
68 299 3 100 16068 0.003297
382 334 3 100 295324 0.003298
253 133 3 100 3384 0.003299
343 275 3 100 313875 0.003299
137 353 3 100 13193 0.003299
323 289 3 100 273882 0.003299
318 336 3 100 42375 0.003299
166 247 3 100 727 0.003300
136 298 3 100 18638 0.003300
318 164 3 100 5006 0.003300
333 135 3 100 13421 0.003300
374 232 3 100 15649 0.003301
141 87 3 100 7159 0.003301
396 168 3 100 8428 0.003301
170 31 3 100 36428 0.003301
403 401 3 100 695 0.003301
115 328 3 100 21082 0.003302
322 310 3 100 22243 0.003302
85 262 3 100 4133 0.003302
323 37 3 100 13132 0.003302
125 70 3 100 20066 0.003302
157 238 3 100 40057 0.003303
118 287 3 100 26605 0.003303
32 286 3 100 26528 0.003303
149 352 3 100 148403 0.003303
218 289 3 100 33472 0.003304
318 225 3 100 23515 0.003304
215 54 3 100 26799 0.003304
114 286 3 100 43394 0.003304
100 134 3 100 39114 0.003304
64 182 3 100 36154 0.003304
307 89 3 100 450460 0.003305
332 243 3 100 33234 0.003306
275 113 3 100 42360 0.003306
131 204 3 100 1259 0.003306
284 26 3 100 41008 0.003306
281 222 3 100 34344 0.003306
32 90 3 100 41135 0.003306
199 255 3 100 28547 0.003306
32 166 3 100 15301 0.003306
258 34 3 100 54644 0.003307
192 349 3 100 45985 0.003307
303 233 3 100 398029 0.003307
185 209 3 100 34014 0.003307
89 302 3 100 16268 0.003308
317 82 3 100 368743 0.003308
366 355 3 100 22137 0.003308
156 42 3 100 18408 0.003308
94 237 3 100 24684 0.003308
297 217 3 100 35616 0.003308
162 248 3 100 14579 0.003308
243 225 3 100 16603 0.003309
216 162 3 100 25747 0.003309
371 235 3 100 69319 0.003309
59 98 3 100 14572 0.003309
303 98 3 100 29898 0.003309
264 205 3 100 24168 0.003309
286 372 3 100 40348 0.003309
399 244 3 100 2286 0.003310
381 263 3 100 8876 0.003310
365 103 3 100 1710 0.003310
129 169 3 100 2811 0.003310
90 302 3 100 2719 0.003310
382 236 3 100 24186 0.003311
269 383 3 100 28326 0.003311
115 168 3 100 194218 0.003311
319 350 3 100 13988 0.003311
85 72 3 100 257988 0.003312
157 238 3 100 98589 0.003312
46 48 3 100 7126 0.003312
269 177 3 100 443533 0.003312
391 207 3 100 27474 0.003312
167 131 3 100 22909 0.003312
69 375 3 100 40232 0.003312
339 87 3 100 9529 0.003312
54 135 3 100 13878 0.003313
382 111 3 100 15219 0.003313
325 213 3 100 1995 0.003313
106 270 3 100 10470 0.003313
317 36 3 100 15340 0.003313
90 59 3 100 849 0.003313
396 91 3 100 19317 0.003313
351 40 3 100 24787 0.003314
115 225 3 100 40235 0.003314
378 239 3 100 1712 0.003314
133 155 3 100 443457 0.003314
125 359 3 100 192994 0.003314
59 143 3 100 82438 0.003314
150 383 3 100 14249 0.003314
319 177 3 100 35605 0.003315
112 144 3 100 45180 0.003315
250 330 3 100 11019 0.003315
384 261 3 100 24533 0.003316
167 225 3 100 32706 0.003316
170 270 3 100 338816 0.003316
289 218 3 100 70328 0.003316
383 81 3 100 11281 0.003316
164 247 3 100 96024 0.003316
113 316 3 100 66640 0.003316
307 88 3 100 74838 0.003317
351 120 3 100 43501 0.003317
313 133 3 100 34538 0.003317
117 278 3 100 89286 0.003317
401 203 3 100 29501 0.003317
43 276 3 100 121853 0.003317
292 158 3 100 19508 0.003317
79 301 3 100 20886 0.003317
141 94 3 100 43790 0.003317
318 194 3 100 40680 0.003317
173 152 3 100 33061 0.003318
298 186 3 100 4745 0.003318
221 194 3 100 16803 0.003318
334 159 3 100 5964 0.003318
83 167 3 100 133645 0.003318
296 52 3 100 38111 0.003318
386 96 3 100 41302 0.003319
91 89 3 100 26504 0.003319
312 177 3 100 38900 0.003319
56 120 3 100 322389 0.003319
256 363 3 100 277224 0.003319
262 73 3 100 32310 0.003319
232 267 3 100 114 0.003320
195 125 3 100 23598 0.003320
377 109 3 100 38829 0.003320
356 240 3 100 9384 0.003321
323 162 3 100 7826 0.003321
62 401 3 100 34974 0.003321
368 300 3 100 53350 0.003321
76 293 3 100 131815 0.003321
206 140 3 100 253373 0.003322
194 232 3 100 187463 0.003322
169 299 3 100 12342 0.003322
147 348 3 100 17575 0.003322
111 159 3 100 4787 0.003323
136 303 3 100 405833 0.003323
242 219 3 100 39773 0.003323
312 249 3 100 91274 0.003323
163 118 3 100 19469 0.003323
93 245 3 100 95953 0.003324
390 400 3 100 534 0.003324
153 249 3 100 158548 0.003324
104 255 3 100 349413 0.003324
63 255 3 100 460152 0.003324
116 141 3 100 24688 0.003324
258 166 3 100 1311 0.003324
280 324 3 100 408042 0.003325
335 291 3 100 41443 0.003325
392 274 3 100 44958 0.003325
160 286 3 100 27616 0.003325
294 241 3 100 11773 0.003325
30 323 3 100 34816 0.003326
268 67 3 100 21406 0.003326
242 116 3 100 2117 0.003326
336 99 3 100 245764 0.003326
291 72 3 100 25721 0.003327
289 351 3 100 2622 0.003327
226 202 3 100 42950 0.003327
266 51 3 100 13997 0.003328
149 304 3 100 333935 0.003328
223 284 3 100 25216 0.003328
215 224 3 100 61916 0.003328
66 236 3 100 3124 0.003329
35 28 3 100 410070 0.003329
399 258 3 100 45553 0.003329
38 131 3 100 28561 0.003329
368 96 3 100 284305 0.003329
139 234 3 100 36404 0.003329
228 274 3 100 8188 0.003330
54 92 3 100 45800 0.003330
98 54 3 100 35929 0.003330
23 311 3 100 39535 0.003330
368 126 3 100 25882 0.003330
245 237 3 100 45061 0.003330
48 143 3 100 27926 0.003331
387 194 3 100 15123 0.003331
67 235 3 100 2946 0.003331
228 377 3 100 28125 0.003331
148 262 3 100 10206 0.003331
73 367 3 100 28753 0.003331
382 216 3 100 45532 0.003331
98 223 3 100 15233 0.003331
314 341 3 100 20584 0.003331
84 391 3 100 15517 0.003332
382 269 3 100 37414 0.003332
306 198 3 100 23350 0.003332
210 160 3 100 36486 0.003332
128 356 3 100 37021 0.003332
256 112 3 100 16487 0.003332
300 71 3 100 14768 0.003332
123 84 3 100 26391 0.003333
26 25 3 100 11155 0.003333
374 337 3 100 25889 0.003333
304 275 3 100 18702 0.003333
396 382 3 100 4782 0.003333
122 172 3 100 690 0.003333
252 288 3 100 24450 0.003333
154 21 3 100 24524 0.003334
77 210 3 100 83810 0.003334
389 286 3 100 29966 0.003334
323 249 3 100 30306 0.003335
42 107 3 100 21415 0.003335
239 184 3 100 26885 0.003335
122 55 3 100 4796 0.003335
139 70 3 100 35119 0.003335
347 220 3 100 30496 0.003335
24 396 3 100 44822 0.003336
368 222 3 100 18459 0.003336
27 266 3 100 41471 0.003336
146 139 3 100 25180 0.003336
160 208 3 100 7636 0.003336
278 156 3 100 400799 0.003337
278 145 3 100 169074 0.003337
388 232 3 100 412874 0.003337
225 270 3 100 9046 0.003337
334 270 3 100 4511 0.003337
33 296 3 100 8704 0.003337
36 35 3 100 301383 0.003338
50 53 3 100 899 0.003338
323 180 3 100 14644 0.003338
168 308 3 100 21130 0.003338
365 234 3 100 40750 0.003338
363 368 3 100 38328 0.003339
162 63 3 100 17967 0.003339
54 24 3 100 25583 0.003339
311 126 3 100 10135 0.003339
219 143 3 100 39949 0.003339
215 266 3 100 25735 0.003340
22 132 3 100 260698 0.003340
37 52 3 100 121222 0.003340
67 296 3 100 188185 0.003340
42 329 3 100 26893 0.003340
385 102 3 100 25290 0.003340
37 178 3 100 441204 0.003341
116 131 3 100 29095 0.003341
173 168 3 100 17674 0.003341
235 191 3 100 144453 0.003341
148 139 3 100 20641 0.003341
229 127 3 100 27951 0.003342
120 76 3 100 43822 0.003342
126 193 3 100 315734 0.003342
361 257 3 100 13293 0.003342
321 400 3 100 120871 0.003342
386 58 3 100 38067 0.003343
94 189 3 100 36437 0.003343
358 78 3 100 9468 0.003343
177 174 3 100 4784 0.003343
183 227 3 100 7678 0.003343
337 111 3 100 7265 0.003343
268 334 3 100 8669 0.003343
115 231 3 100 29009 0.003343
212 55 3 100 43406 0.003344
386 302 3 100 22060 0.003344
113 117 3 100 42063 0.003344
253 325 3 100 14565 0.003344
229 305 3 100 39203 0.003344
148 29 3 100 2444 0.003345
327 365 3 100 33144 0.003345
21 360 3 100 25074 0.003345
53 320 3 100 14039 0.003345
325 89 3 100 345639 0.003345
314 327 3 100 23206 0.003346
394 141 3 100 4189 0.003346
309 77 3 100 5599 0.003346
294 148 3 100 6704 0.003346
234 39 3 100 21903 0.003346
394 291 3 100 23559 0.003346
195 101 3 100 1891 0.003346
162 266 3 100 27555 0.003346
376 264 3 100 30537 0.003346
49 75 3 100 23408 0.003346
221 395 3 100 15670 0.003347
366 197 3 100 33182 0.003347
122 123 3 100 31172 0.003347
97 35 3 100 18278 0.003347
65 149 3 100 40486 0.003348
283 111 3 100 4308 0.003348
21 66 3 100 40226 0.003348
66 368 3 100 39640 0.003348
306 158 3 100 2257 0.003348
231 200 3 100 41101 0.003349
308 322 3 100 24915 0.003349
52 68 3 100 35724 0.003349
167 176 3 100 19823 0.003349
213 129 3 100 25868 0.003349
204 71 3 100 142811 0.003350
224 128 3 100 326503 0.003350
88 87 3 100 37440 0.003350
365 29 3 100 46020 0.003350
338 391 3 100 4286 0.003350
125 276 3 100 34452 0.003350
345 377 3 100 7329 0.003350
131 303 3 100 24889 0.003351
194 106 3 100 12118 0.003351
176 129 3 100 30661 0.003351
99 231 3 100 27474 0.003351
190 116 3 100 9411 0.003351
71 302 3 100 4293 0.003351
133 293 3 100 225035 0.003351
161 229 3 100 387328 0.003351
397 117 3 100 13359 0.003351
74 117 3 100 8887 0.003352
97 52 3 100 30992 0.003352
128 50 3 100 15394 0.003352
172 372 3 100 183486 0.003352
94 110 3 100 41749 0.003353
377 180 3 100 226076 0.003353
383 104 3 100 6337 0.003353
241 142 3 100 32825 0.003353
254 322 3 100 2022 0.003354
289 309 3 100 65760 0.003354
115 39 3 100 7231 0.003354
82 315 3 100 340760 0.003354
400 370 3 100 37499 0.003354
167 294 3 100 267748 0.003355
192 297 3 100 80642 0.003355
147 28 3 100 26961 0.003355
308 320 3 100 20750 0.003355
230 227 3 100 22502 0.003356
176 44 3 100 11437 0.003356
364 149 3 100 22115 0.003356
158 265 3 100 24501 0.003356
41 247 3 100 45664 0.003356
149 377 3 100 10832 0.003357
281 68 3 100 264666 0.003357
360 379 3 100 14148 0.003357
299 137 3 100 10121 0.003358
59 183 3 100 253276 0.003358
30 285 3 100 41609 0.003358
152 309 3 100 37316 0.003358
91 274 3 100 19480 0.003358
179 210 3 100 43838 0.003358
250 171 3 100 18643 0.003358
102 163 3 100 195664 0.003358
240 82 3 100 33185 0.003358
53 392 3 100 37022 0.003358
201 172 3 100 41169 0.003358
285 183 3 100 1451 0.003359
286 274 3 100 345 0.003359
165 147 3 100 29228 0.003359
194 301 3 100 32627 0.003359
158 358 3 100 26884 0.003359
401 78 3 100 301855 0.003360
231 292 3 100 408083 0.003360
53 367 3 100 7818 0.003360
347 102 3 100 281442 0.003360
186 102 3 100 20381 0.003360
66 95 3 100 20972 0.003361
377 35 3 100 30151 0.003361
247 305 3 100 39288 0.003361
390 388 3 100 15104 0.003361
237 335 3 100 25839 0.003361
111 146 3 100 33308 0.003361
349 101 3 100 13665 0.003362
131 311 3 100 26619 0.003362
54 177 3 100 15989 0.003362
107 33 3 100 3603 0.003362
348 382 3 100 17389 0.003362
169 287 3 100 31871 0.003362
113 79 3 100 24192 0.003363
130 103 3 100 36745 0.003363
49 177 3 100 39073 0.003363
43 42 3 100 15705 0.003364
173 282 3 100 3903 0.003364
268 396 3 100 8896 0.003364
195 382 3 100 17738 0.003364
139 86 3 100 34713 0.003364
294 70 3 100 8984 0.003364
215 344 3 100 19474 0.003364
20 77 3 100 29312 0.003364
138 327 3 100 43588 0.003365
167 375 3 100 251184 0.003365
321 396 3 100 20428 0.003365
345 171 3 100 19147 0.003365
68 25 3 100 44282 0.003365
394 326 3 100 29890 0.003366
378 347 3 100 5062 0.003366
352 197 3 100 9708 0.003366
246 95 3 100 1059 0.003366
360 101 3 100 24244 0.003366
379 324 3 100 23243 0.003366
45 89 3 100 38969 0.003366
388 190 3 100 45790 0.003367
63 36 3 100 376368 0.003367
89 56 3 100 38200 0.003368
343 149 3 100 41478 0.003368
211 393 3 100 5344 0.003368
190 187 3 100 272750 0.003368
146 41 3 100 17932 0.003368
49 268 3 100 8739 0.003368
223 197 3 100 18122 0.003369
339 56 3 100 14265 0.003369
65 393 3 100 14290 0.003369
266 144 3 100 27744 0.003369
97 24 3 100 30126 0.003369
207 216 3 100 32181 0.003369
324 145 3 100 9601 0.003369
145 159 3 100 13187 0.003370
186 168 3 100 17192 0.003370
384 84 3 100 16103 0.003370
291 210 3 100 127462 0.003370
89 117 3 100 6542 0.003370
189 344 3 100 388802 0.003370
210 28 3 100 9731 0.003370
192 343 3 100 31280 0.003370
327 42 3 100 7648 0.003370
342 137 3 100 326793 0.003370
264 229 3 100 40386 0.003370
302 99 3 100 11501 0.003370
112 204 3 100 5860 0.003371
330 186 3 100 44559 0.003371
36 385 3 100 30097 0.003371
301 172 3 100 10059 0.003371
35 215 3 100 263734 0.003371
375 301 3 100 7346 0.003371
162 254 3 100 12876 0.003371
119 280 3 100 30907 0.003371
224 321 3 100 325721 0.003372
364 275 3 100 36233 0.003372
341 142 3 100 36805 0.003373
345 296 3 100 26971 0.003373
141 358 3 100 859 0.003373
136 293 3 100 481 0.003373
294 240 3 100 12094 0.003374
357 74 3 100 41405 0.003374
197 59 3 100 22191 0.003374
162 231 3 100 24478 0.003374
228 316 3 100 260475 0.003374
168 341 3 100 9652 0.003374
237 105 3 100 15540 0.003375
56 248 3 100 36985 0.003375
392 367 3 100 36550 0.003376
68 232 3 100 11062 0.003376
120 207 3 100 37446 0.003376
304 228 3 100 34201 0.003376
24 393 3 100 17579 0.003376
355 217 3 100 41097 0.003376
323 359 3 100 24071 0.003376
347 195 3 100 37371 0.003376
55 95 3 100 32781 0.003376
295 70 3 100 4954 0.003377
69 274 3 100 20685 0.003377
287 391 3 100 30763 0.003377
338 320 3 100 32756 0.003377
151 157 3 100 23456 0.003378
326 329 3 100 12111 0.003378
115 142 3 100 27725 0.003378
228 215 3 100 404227 0.003378
394 199 3 100 23500 0.003379
21 268 3 100 17760 0.003379
215 207 3 100 42482 0.003379
74 370 3 100 18316 0.003380
270 321 3 100 18729 0.003380
114 80 3 100 28738 0.003381
105 70 3 100 20869 0.003381
70 199 3 100 4228 0.003381
369 103 3 100 26227 0.003381
46 385 3 100 32870 0.003381
320 100 3 100 17984 0.003381
323 287 3 100 11698 0.003381
343 34 3 100 40686 0.003381
401 403 3 100 43505 0.003381
146 108 3 100 18366 0.003382
250 199 3 100 8478 0.003382
368 109 3 100 4119 0.003382
287 154 3 100 32847 0.003382
164 107 3 100 10221 0.003382
76 264 3 100 42563 0.003382
29 144 3 100 32925 0.003383
204 393 3 100 233524 0.003383
189 62 3 100 23883 0.003383
389 54 3 100 300058 0.003383
83 26 3 100 33069 0.003384
174 55 3 100 330737 0.003384
163 303 3 100 43786 0.003384
314 254 3 100 315908 0.003384
241 74 3 100 35131 0.003384
228 384 3 100 427868 0.003384
378 34 3 100 39528 0.003384
219 336 3 100 104908 0.003385
400 157 3 100 30702 0.003385
104 112 3 100 13779 0.003385
181 83 3 100 22611 0.003385
400 336 3 100 29311 0.003385
366 396 3 100 38465 0.003386
296 243 3 100 251389 0.003386
397 62 3 100 347989 0.003386
70 379 3 100 32876 0.003387
121 361 3 100 77561 0.003387
212 289 3 100 32914 0.003387
92 123 3 100 23052 0.003387
325 384 3 100 5070 0.003387
137 230 3 100 7954 0.003387
190 335 3 100 42590 0.003387
175 304 3 100 62451 0.003387
85 395 3 100 21764 0.003387
130 67 3 100 357024 0.003388
170 245 3 100 29627 0.003388
105 299 3 100 23799 0.003388
272 219 3 100 3076 0.003388
202 261 3 100 36155 0.003389
260 297 3 100 20533 0.003389
240 29 3 100 169300 0.003389
220 396 3 100 12281 0.003389
344 120 3 100 29411 0.003389
259 72 3 100 8286 0.003389
264 299 3 100 36070 0.003389
31 27 3 100 20788 0.003390
381 168 3 100 32954 0.003390
153 400 3 100 14901 0.003390
263 381 3 100 42432 0.003391
364 195 3 100 43832 0.003391
149 345 3 100 23640 0.003391
320 150 3 100 39877 0.003391
208 183 3 100 29489 0.003392
128 226 3 100 230173 0.003392
183 265 3 100 23551 0.003392
395 295 3 100 8330 0.003392
364 342 3 100 25191 0.003392
214 44 3 100 418917 0.003392
365 22 3 100 89076 0.003393
154 298 3 100 279589 0.003393
334 319 3 100 45649 0.003393
131 272 3 100 33475 0.003393
144 230 3 100 127640 0.003393
142 56 3 100 280153 0.003393
41 214 3 100 205700 0.003393
156 346 3 100 417937 0.003393
269 379 3 100 40589 0.003393
247 176 3 100 35163 0.003394
74 37 3 100 297003 0.003394
307 188 3 100 214081 0.003394
210 263 3 100 187938 0.003395
203 247 3 100 10551 0.003395
240 111 3 100 33517 0.003395
217 72 3 100 338226 0.003395
284 197 3 100 96088 0.003395
156 345 3 100 27473 0.003395
83 266 3 100 450212 0.003395
122 261 3 100 5057 0.003395
81 87 3 100 30778 0.003395
381 59 3 100 8360 0.003396
238 344 3 100 251701 0.003396
302 237 3 100 30966 0.003396
336 164 3 100 410872 0.003396
314 44 3 100 429582 0.003396
333 159 3 100 174696 0.003397
100 162 3 100 20864 0.003397
209 364 3 100 33656 0.003397
134 90 3 100 87105 0.003397
67 163 3 100 223178 0.003397
246 373 3 100 113536 0.003397
165 284 3 100 66310 0.003397
394 96 3 100 211860 0.003398
31 117 3 100 6233 0.003398
81 39 3 100 4828 0.003398
231 22 3 100 7387 0.003398
93 206 3 100 358205 0.003398
242 114 3 100 22449 0.003398
222 103 3 100 17650 0.003398
119 152 3 100 42140 0.003398
280 43 3 100 36475 0.003399
381 87 3 100 159208 0.003399
289 348 3 100 29358 0.003399
104 164 3 100 31432 0.003399
160 295 3 100 13810 0.003399
47 120 3 100 232363 0.003399
264 170 3 100 10631 0.003400
238 360 3 100 1023 0.003400
224 360 3 100 3438 0.003400
139 215 3 100 7211 0.003400
142 367 3 100 7768 0.003400
364 256 3 100 23944 0.003400
236 401 3 100 44859 0.003400
378 142 3 100 27955 0.003400
130 244 3 100 243976 0.003400
76 356 3 100 319162 0.003400
373 351 3 100 33105 0.003400
65 352 3 100 38575 0.003401
116 392 3 100 19995 0.003401
257 236 3 100 247690 0.003402
24 268 3 100 28298 0.003402
225 20 3 100 443215 0.003402
206 294 3 100 860 0.003402
160 312 3 100 33776 0.003402
312 117 3 100 5940 0.003402
78 94 3 100 934 0.003402
154 322 3 100 13872 0.003403
77 245 3 100 5543 0.003403
293 160 3 100 20481 0.003403
309 280 3 100 44565 0.003403
275 39 3 100 11975 0.003404
64 295 3 100 8162 0.003404
62 172 3 100 24013 0.003404
136 302 3 100 125972 0.003404
178 37 3 100 28960 0.003404
206 254 3 100 263880 0.003404
213 122 3 100 17528 0.003405
135 234 3 100 26096 0.003405
253 44 3 100 44183 0.003405
24 348 3 100 373386 0.003405
202 368 3 100 248530 0.003405
335 336 3 100 388624 0.003405
174 75 3 100 15158 0.003405
26 294 3 100 260055 0.003406
245 349 3 100 32155 0.003406
317 109 3 100 26555 0.003407
91 263 3 100 11858 0.003407
112 244 3 100 23085 0.003407
31 65 3 100 37833 0.003407
110 173 3 100 7425 0.003408
35 351 3 100 30442 0.003408
296 206 3 100 6399 0.003408
64 245 3 100 7797 0.003408
187 20 3 100 342978 0.003408
299 23 3 100 45208 0.003408
132 210 3 100 29570 0.003408
43 107 3 100 23124 0.003408
332 107 3 100 289221 0.003409
284 386 3 100 14547 0.003409
348 163 3 100 315816 0.003409
81 302 3 100 8544 0.003409
290 54 3 100 38586 0.003409
211 287 3 100 263306 0.003410
58 35 3 100 37556 0.003410
186 135 3 100 39470 0.003410
265 135 3 100 5921 0.003410
319 166 3 100 34461 0.003410
166 154 3 100 40930 0.003410
205 127 3 100 22256 0.003411
212 384 3 100 40410 0.003411
149 235 3 100 9831 0.003411
174 308 3 100 8696 0.003411
69 104 3 100 26007 0.003411
318 172 3 100 112198 0.003411
290 250 3 100 26756 0.003412
24 128 3 100 36300 0.003412
70 78 3 100 1409 0.003412
278 333 3 100 6256 0.003412
398 309 3 100 32755 0.003413
68 124 3 100 41933 0.003413
278 257 3 100 3416 0.003413
365 316 3 100 26162 0.003413
66 162 3 100 42965 0.003413
304 264 3 100 29330 0.003413
55 59 3 100 99748 0.003413
135 290 3 100 36587 0.003413
343 149 3 100 28859 0.003414
341 190 3 100 453789 0.003414
239 97 3 100 36450 0.003414
35 250 3 100 33394 0.003414
48 308 3 100 29175 0.003414
89 230 3 100 23545 0.003415
150 66 3 100 19348 0.003415
268 124 3 100 17665 0.003415
278 219 3 100 24588 0.003415
385 51 3 100 227099 0.003415
327 363 3 100 42679 0.003415
26 321 3 100 116482 0.003416
378 386 3 100 19741 0.003416
308 343 3 100 2015 0.003416
82 360 3 100 41707 0.003416
111 67 3 100 15309 0.003416
244 201 3 100 35135 0.003416
175 247 3 100 17511 0.003417
180 68 3 100 38158 0.003417
143 403 3 100 44503 0.003417
198 97 3 100 72678 0.003417
235 157 3 100 331718 0.003417
349 34 3 100 136965 0.003417
121 381 3 100 17096 0.003417
130 78 3 100 427546 0.003417
270 384 3 100 30815 0.003417
175 373 3 100 45930 0.003418
125 49 3 100 63118 0.003418
28 189 3 100 298534 0.003418
105 96 3 100 6894 0.003418
360 344 3 100 30776 0.003418
354 254 3 100 43000 0.003418
282 340 3 100 6792 0.003419
364 391 3 100 4846 0.003419
320 402 3 100 34957 0.003419
184 79 3 100 22434 0.003419
130 163 3 100 32217 0.003419
129 260 3 100 34324 0.003419
100 119 3 100 26869 0.003420
101 282 3 100 42949 0.003420
340 227 3 100 45723 0.003420
151 120 3 100 11080 0.003420
392 284 3 100 9188 0.003421
396 121 3 100 41604 0.003421
266 374 3 100 9721 0.003421
254 185 3 100 1566 0.003421
292 84 3 100 205621 0.003421
136 230 3 100 38507 0.003421
398 31 3 100 39446 0.003421
238 137 3 100 6218 0.003421
53 187 3 100 175394 0.003422
121 375 3 100 321881 0.003422
116 176 3 100 20131 0.003422
78 364 3 100 30592 0.003422
374 291 3 100 35432 0.003422
282 288 3 100 28215 0.003422
288 360 3 100 16423 0.003422
252 29 3 100 31720 0.003422
220 187 3 100 38069 0.003422
166 386 3 100 31623 0.003422
168 35 3 100 4052 0.003423
91 388 3 100 35689 0.003423
134 68 3 100 420700 0.003423
324 164 3 100 31661 0.003424
190 366 3 100 31837 0.003424
251 200 3 100 23713 0.003424
234 163 3 100 8701 0.003424
89 352 3 100 21177 0.003424
164 55 3 100 3606 0.003425
362 62 3 100 377436 0.003425
93 261 3 100 22423 0.003425
35 23 3 100 8382 0.003425
247 290 3 100 30239 0.003425
284 85 3 100 18927 0.003425
324 377 3 100 34039 0.003425
133 324 3 100 7321 0.003426
183 278 3 100 45638 0.003426
314 284 3 100 35245 0.003426
25 278 3 100 7188 0.003426
345 388 3 100 11109 0.003426
92 317 3 100 42642 0.003426
100 278 3 100 22674 0.003427
78 190 3 100 33575 0.003427
282 39 3 100 17453 0.003428
102 375 3 100 3652 0.003428
181 397 3 100 36808 0.003428
130 381 3 100 182861 0.003428
163 41 3 100 7691 0.003428
161 187 3 100 9809 0.003428
109 234 3 100 36382 0.003429
99 123 3 100 39312 0.003430
400 394 3 100 21517 0.003430
113 84 3 100 36427 0.003430
151 69 3 100 14544 0.003430
271 235 3 100 19323 0.003430
229 400 3 100 366206 0.003431
375 250 3 100 24645 0.003431
287 388 3 100 7577 0.003431
269 91 3 100 19807 0.003431
213 99 3 100 419567 0.003431
324 152 3 100 34004 0.003431
353 259 3 100 13008 0.003431
38 163 3 100 17214 0.003432
347 223 3 100 9153 0.003432
132 233 3 100 43000 0.003432
312 255 3 100 302581 0.003432
69 322 3 100 5554 0.003432
335 54 3 100 987 0.003433
289 362 3 100 4181 0.003433
168 317 3 100 252446 0.003433
87 39 3 100 37042 0.003433
27 340 3 100 28761 0.003433
118 72 3 100 237053 0.003433
183 118 3 100 41707 0.003433
52 296 3 100 761 0.003434
330 324 3 100 273491 0.003434
399 376 3 100 22036 0.003434
306 105 3 100 36182 0.003434
283 376 3 100 43638 0.003434
383 262 3 100 270423 0.003434
71 198 3 100 35993 0.003435
237 234 3 100 454795 0.003435
135 77 3 100 17408 0.003435
336 44 3 100 3670 0.003435
227 241 3 100 395534 0.003435
150 203 3 100 16006 0.003436
373 322 3 100 23958 0.003436
196 283 3 100 22440 0.003436
202 28 3 100 287 0.003436
68 300 3 100 6785 0.003437
252 256 3 100 3143 0.003437
128 271 3 100 8681 0.003437
324 21 3 100 20055 0.003437
49 76 3 100 13392 0.003437
34 391 3 100 45371 0.003437
106 298 3 100 656 0.003438
90 267 3 100 30811 0.003438
260 162 3 100 36000 0.003438
162 211 3 100 10942 0.003439
108 237 3 100 40755 0.003439
386 254 3 100 35411 0.003439
297 190 3 100 33736 0.003439
108 76 3 100 286232 0.003440
217 273 3 100 6916 0.003440
264 191 3 100 40937 0.003440
272 389 3 100 356083 0.003440
248 141 3 100 32136 0.003441
318 393 3 100 40114 0.003441
249 372 3 100 15474 0.003441
245 297 3 100 4667 0.003442
223 179 3 100 38122 0.003442
394 172 3 100 13664 0.003442
352 288 3 100 303738 0.003442
77 226 3 100 37884 0.003442
164 367 3 100 31440 0.003443
121 393 3 100 32055 0.003443
232 399 3 100 37069 0.003443
136 315 3 100 59 0.003443
295 213 3 100 20755 0.003444
188 183 3 100 406575 0.003444
277 118 3 100 7464 0.003444
176 355 3 100 23738 0.003444
63 43 3 100 3343 0.003444
335 390 3 100 15634 0.003445
61 338 3 100 13651 0.003445
43 41 3 100 423649 0.003445
203 42 3 100 21524 0.003445
335 193 3 100 14739 0.003445
84 280 3 100 41433 0.003445
403 292 3 100 25340 0.003445
232 223 3 100 18873 0.003445
153 346 3 100 40919 0.003446
322 245 3 100 283465 0.003446
118 207 3 100 12820 0.003446
213 33 3 100 18058 0.003446
62 261 3 100 70053 0.003446
76 248 3 100 10075 0.003446
170 219 3 100 5454 0.003446
367 23 3 100 28947 0.003446
99 165 3 100 2997 0.003447
390 100 3 100 7028 0.003447
187 217 3 100 23237 0.003447
249 317 3 100 18073 0.003447
164 315 3 100 86532 0.003447
97 95 3 100 7024 0.003447
355 84 3 100 15443 0.003447
51 152 3 100 148357 0.003448
350 47 3 100 38702 0.003448
345 315 3 100 37379 0.003448
240 348 3 100 388155 0.003448
51 207 3 100 13554 0.003448
322 184 3 100 41972 0.003448
92 314 3 100 40034 0.003449
269 309 3 100 1815 0.003449
86 51 3 100 409585 0.003449
143 165 3 100 21307 0.003449
263 110 3 100 29061 0.003449
189 258 3 100 26505 0.003449
324 142 3 100 233865 0.003450
241 135 3 100 20804 0.003450
156 273 3 100 17066 0.003450
105 30 3 100 400796 0.003450
156 318 3 100 21912 0.003450
112 145 3 100 17790 0.003450
116 315 3 100 33942 0.003450
32 209 3 100 485 0.003451
28 229 3 100 400239 0.003451
201 194 3 100 43503 0.003451
24 314 3 100 37465 0.003451
99 394 3 100 227196 0.003451
267 390 3 100 39932 0.003451
293 112 3 100 5921 0.003451
149 193 3 100 14900 0.003451
173 306 3 100 21101 0.003452
138 148 3 100 4324 0.003452
204 271 3 100 19114 0.003452
225 358 3 100 20743 0.003452
296 90 3 100 28648 0.003453
236 395 3 100 417439 0.003453
96 41 3 100 167544 0.003453
307 286 3 100 26426 0.003453
52 397 3 100 10168 0.003453
150 111 3 100 40608 0.003454
338 389 3 100 3189 0.003454
184 138 3 100 42181 0.003454
319 144 3 100 23691 0.003454
91 304 3 100 22557 0.003455
377 194 3 100 25650 0.003455
378 31 3 100 1599 0.003455
395 183 3 100 30054 0.003455
231 397 3 100 25730 0.003456
59 82 3 100 31635 0.003456
343 285 3 100 16503 0.003456
355 249 3 100 10190 0.003456
281 343 3 100 880 0.003456
89 142 3 100 16988 0.003456
210 244 3 100 200257 0.003456
271 69 3 100 14580 0.003456
318 114 3 100 34072 0.003456
267 307 3 100 128986 0.003456
323 120 3 100 41122 0.003457
69 245 3 100 44638 0.003457
259 293 3 100 41001 0.003457
342 363 3 100 2001 0.003457
289 220 3 100 215527 0.003457
146 159 3 100 3621 0.003458
334 209 3 100 3739 0.003458
337 355 3 100 27845 0.003458
293 58 3 100 292566 0.003458
54 246 3 100 45357 0.003458
264 353 3 100 21224 0.003459
296 63 3 100 396893 0.003459
189 338 3 100 2400 0.003459
198 229 3 100 48117 0.003459
252 305 3 100 42211 0.003460
319 58 3 100 25649 0.003460
364 346 3 100 10744 0.003460
344 348 3 100 38301 0.003460
325 118 3 100 1478 0.003460
148 315 3 100 20290 0.003461
177 207 3 100 84343 0.003461
330 304 3 100 17316 0.003461
217 216 3 100 8340 0.003462
147 121 3 100 15145 0.003462
83 41 3 100 32375 0.003462
122 250 3 100 454992 0.003462
184 203 3 100 44519 0.003462
41 389 3 100 2391 0.003463
246 343 3 100 45658 0.003464
283 64 3 100 45008 0.003464
148 335 3 100 26323 0.003464
232 204 3 100 16015 0.003464
192 306 3 100 39949 0.003464
23 357 3 100 221136 0.003464
118 22 3 100 49588 0.003465
177 373 3 100 26097 0.003465
189 42 3 100 245325 0.003465
394 322 3 100 203419 0.003465
59 297 3 100 360545 0.003465
401 101 3 100 20700 0.003465
155 306 3 100 40421 0.003466
36 242 3 100 37166 0.003466
108 187 3 100 44111 0.003466
294 135 3 100 41920 0.003466
283 137 3 100 36073 0.003466
195 259 3 100 21152 0.003467
200 360 3 100 44488 0.003467
104 285 3 100 37039 0.003467
153 45 3 100 34741 0.003467
233 277 3 100 32161 0.003467
257 191 3 100 27671 0.003467
315 52 3 100 86606 0.003467
210 240 3 100 294722 0.003467
213 336 3 100 7045 0.003467
44 225 3 100 41763 0.003468
286 350 3 100 18034 0.003468
168 22 3 100 33926 0.003468
254 267 3 100 14036 0.003469
138 282 3 100 40744 0.003469
80 357 3 100 236278 0.003469
206 302 3 100 388242 0.003469
313 178 3 100 41781 0.003469
202 143 3 100 5807 0.003469
395 295 3 100 37483 0.003469
206 196 3 100 19771 0.003469
295 76 3 100 292689 0.003470
165 234 3 100 16992 0.003470
377 57 3 100 30989 0.003470
103 207 3 100 70 0.003470
193 265 3 100 173565 0.003470
392 359 3 100 32728 0.003471
143 277 3 100 2 0.003471
338 239 3 100 10356 0.003471
361 334 3 100 329745 0.003472
137 173 3 100 17457 0.003472
162 300 3 100 13405 0.003472
50 73 3 100 13532 0.003472
376 289 3 100 39901 0.003472
293 294 3 100 38601 0.003472
276 291 3 100 14593 0.003472
235 131 3 100 454029 0.003473
192 152 3 100 26137 0.003473
162 68 3 100 24223 0.003473
265 331 3 100 6907 0.003473
174 74 3 100 168 0.003473
232 320 3 100 4676 0.003473
309 174 3 100 18852 0.003473
304 151 3 100 23912 0.003473
170 58 3 100 13089 0.003474
381 323 3 100 211618 0.003474
205 271 3 100 41688 0.003474
103 168 3 100 32363 0.003474
187 210 3 100 22372 0.003474
145 118 3 100 7185 0.003474
139 33 3 100 26791 0.003474
166 242 3 100 30239 0.003474
343 92 3 100 26057 0.003475
333 185 3 100 45110 0.003475
332 214 3 100 2636 0.003475
287 47 3 100 20853 0.003475
325 59 3 100 34971 0.003475
110 141 3 100 25623 0.003476
95 342 3 100 34558 0.003476
52 362 3 100 5196 0.003477
77 49 3 100 214764 0.003477
235 329 3 100 23461 0.003477
199 73 3 100 5984 0.003477
230 33 3 100 3540 0.003477
39 64 3 100 36852 0.003477
185 293 3 100 27589 0.003477
281 23 3 100 50965 0.003477
110 276 3 100 37265 0.003477
146 178 3 100 19581 0.003477
379 303 3 100 45529 0.003477
386 211 3 100 44780 0.003478
290 333 3 100 41446 0.003478
103 81 3 100 15072 0.003478
140 285 3 100 15636 0.003479
96 229 3 100 30904 0.003479
392 20 3 100 2328 0.003479
31 231 3 100 32727 0.003479
350 44 3 100 197619 0.003479
53 380 3 100 282805 0.003479
75 142 3 100 26745 0.003479
398 306 3 100 210934 0.003479
39 28 3 100 44532 0.003479
116 155 3 100 268609 0.003480
175 55 3 100 7154 0.003480
134 326 3 100 10903 0.003480
194 223 3 100 33970 0.003480
139 38 3 100 21011 0.003480
120 320 3 100 30823 0.003480
319 272 3 100 395634 0.003480
206 55 3 100 417316 0.003481
91 87 3 100 429474 0.003481
23 293 3 100 12863 0.003482
363 277 3 100 23792 0.003482
311 191 3 100 9234 0.003482
126 393 3 100 27811 0.003482
115 343 3 100 11655 0.003483
99 173 3 100 24987 0.003483
362 274 3 100 28491 0.003483
274 309 3 100 399 0.003483
177 74 3 100 402193 0.003483
181 65 3 100 23302 0.003483
171 398 3 100 32366 0.003483
287 22 3 100 27198 0.003483
293 58 3 100 39208 0.003483
343 134 3 100 402411 0.003483
257 224 3 100 153795 0.003483
320 195 3 100 245281 0.003484
380 232 3 100 8826 0.003484
168 62 3 100 40519 0.003484
167 164 3 100 8949 0.003484
250 80 3 100 21397 0.003484
151 233 3 100 11075 0.003485
235 386 3 100 1249 0.003485
232 21 3 100 26362 0.003485
263 54 3 100 26912 0.003485
265 343 3 100 1905 0.003485
91 90 3 100 35038 0.003486
236 400 3 100 37789 0.003486
270 296 3 100 138433 0.003486
239 350 3 100 17163 0.003486
281 330 3 100 31392 0.003486
352 337 3 100 11657 0.003486
386 127 3 100 616 0.003486
388 120 3 100 16231 0.003487
325 343 3 100 266226 0.003487
326 100 3 100 222496 0.003487
223 345 3 100 45355 0.003487
348 23 3 100 32300 0.003487
169 73 3 100 4415 0.003487
281 98 3 100 346669 0.003487
380 169 3 100 110749 0.003487
337 214 3 100 2418 0.003487
132 215 3 100 55840 0.003487
336 46 3 100 110716 0.003488
195 166 3 100 8050 0.003488
70 281 3 100 407704 0.003489
88 52 3 100 138227 0.003489
209 44 3 100 274185 0.003489
340 79 3 100 323812 0.003490
259 101 3 100 115559 0.003490
61 147 3 100 27787 0.003490
128 54 3 100 21410 0.003490
201 337 3 100 23233 0.003490
391 152 3 100 12606 0.003490
111 175 3 100 405 0.003491
262 122 3 100 39873 0.003491
149 312 3 100 26456 0.003491
171 225 3 100 18115 0.003491
31 325 3 100 32337 0.003492
119 301 3 100 37805 0.003492
262 301 3 100 27517 0.003492
392 110 3 100 2358 0.003492
316 203 3 100 39796 0.003493
293 50 3 100 245725 0.003493
92 333 3 100 31532 0.003493
258 353 3 100 4897 0.003493
283 392 3 100 8712 0.003493
363 36 3 100 1187 0.003494
236 273 3 100 234882 0.003494
301 340 3 100 26698 0.003494
180 124 3 100 12421 0.003494
293 396 3 100 19898 0.003495
183 295 3 100 6839 0.003495
380 95 3 100 458676 0.003495
275 364 3 100 7380 0.003495
187 221 3 100 10330 0.003495
25 365 3 100 8191 0.003496
374 348 3 100 169634 0.003496
201 317 3 100 33451 0.003496
22 182 3 100 192761 0.003496
346 284 3 100 24660 0.003496
310 246 3 100 19838 0.003496
270 269 3 100 40224 0.003497
109 83 3 100 23089 0.003497
285 50 3 100 403037 0.003497
49 104 3 100 27090 0.003497
352 293 3 100 35918 0.003497
98 376 3 100 41248 0.003497
334 268 3 100 358798 0.003497
376 337 3 100 41518 0.003497
231 96 3 100 34332 0.003498
144 184 3 100 205408 0.003498
155 64 3 100 303786 0.003498
191 268 3 100 27716 0.003498
318 164 3 100 10829 0.003498
191 325 3 100 306943 0.003498
393 377 3 100 11055 0.003499
233 109 3 100 269927 0.003499
233 240 3 100 19998 0.003499
317 353 3 100 24292 0.003499
355 248 3 100 23569 0.003499
202 117 3 100 3980 0.003499
191 213 3 100 233 0.003500
80 83 3 100 28014 0.003501
81 301 3 100 27740 0.003501
319 342 3 100 41757 0.003501
158 377 3 100 27447 0.003501
242 192 3 100 6545 0.003501
268 65 3 100 37551 0.003501
306 204 3 100 42590 0.003501
202 220 3 100 411807 0.003502
399 192 3 100 39005 0.003502
324 298 3 100 6601 0.003502
98 300 3 100 32628 0.003502
29 151 3 100 25294 0.003502
313 216 3 100 18294 0.003502
170 243 3 100 21993 0.003502
212 70 3 100 24564 0.003502
191 79 3 100 17992 0.003503
360 97 3 100 332572 0.003503
368 72 3 100 29116 0.003503
223 366 3 100 22817 0.003503
260 261 3 100 10665 0.003503
255 242 3 100 225993 0.003504
22 264 3 100 24835 0.003504
236 399 3 100 15524 0.003504
196 38 3 100 10183 0.003504
172 310 3 100 246 0.003505
115 113 3 100 25576 0.003505
84 337 3 100 396071 0.003505
23 46 3 100 37315 0.003505
333 368 3 100 31994 0.003506
286 114 3 100 86998 0.003506
63 138 3 100 44805 0.003506
252 366 3 100 202026 0.003506
196 134 3 100 4142 0.003506
146 204 3 100 8986 0.003506
148 328 3 100 357141 0.003506
119 66 3 100 25722 0.003506
86 180 3 100 159046 0.003506
232 298 3 100 33151 0.003507
334 310 3 100 8173 0.003507
299 62 3 100 6497 0.003507
78 273 3 100 4625 0.003507
150 63 3 100 17288 0.003507
83 395 3 100 40587 0.003507
275 380 3 100 9302 0.003508
176 137 3 100 42027 0.003508
49 373 3 100 23608 0.003508
232 396 3 100 380827 0.003508
380 391 3 100 21010 0.003508
341 78 3 100 110884 0.003508
318 388 3 100 14398 0.003508
91 321 3 100 1582 0.003509
28 224 3 100 9347 0.003509
355 268 3 100 31757 0.003509
79 63 3 100 20991 0.003509
325 338 3 100 2419 0.003509
111 251 3 100 30942 0.003509
162 117 3 100 43951 0.003509
214 268 3 100 13179 0.003509
338 62 3 100 281796 0.003510
223 400 3 100 4592 0.003510
343 195 3 100 29428 0.003510
157 32 3 100 403127 0.003510
198 340 3 100 32460 0.003510
191 40 3 100 19863 0.003510
197 220 3 100 27180 0.003510
314 123 3 100 8522 0.003511
133 381 3 100 23480 0.003512
40 362 3 100 41141 0.003512
300 83 3 100 21034 0.003513
339 104 3 100 1073 0.003513
64 223 3 100 55254 0.003513
376 59 3 100 37796 0.003514
89 402 3 100 15633 0.003514
351 122 3 100 5865 0.003514
275 139 3 100 2393 0.003515
297 227 3 100 35662 0.003515
280 218 3 100 83452 0.003515
403 332 3 100 358740 0.003516
387 391 3 100 543 0.003516
112 345 3 100 25684 0.003516
280 356 3 100 22417 0.003516
146 358 3 100 29605 0.003516
345 223 3 100 6820 0.003516
262 225 3 100 5755 0.003516
86 95 3 100 45863 0.003517
119 189 3 100 40640 0.003517
218 41 3 100 39381 0.003517
143 55 3 100 16807 0.003518
27 45 3 100 36260 0.003518
157 210 3 100 29737 0.003518
192 57 3 100 34610 0.003518
331 282 3 100 181114 0.003518
251 339 3 100 6105 0.003519
187 330 3 100 42356 0.003519
104 186 3 100 338061 0.003519
50 55 3 100 35838 0.003519
207 310 3 100 43940 0.003520
190 321 3 100 15945 0.003520
307 231 3 100 31459 0.003520
134 324 3 100 210137 0.003520
402 142 3 100 31681 0.003520
188 227 3 100 38388 0.003520
259 386 3 100 26675 0.003520
322 70 3 100 39552 0.003520
74 174 3 100 37867 0.003520
114 139 3 100 7832 0.003521
276 83 3 100 391297 0.003521
185 228 3 100 41906 0.003521
225 31 3 100 30238 0.003521
226 397 3 100 26084 0.003521
72 265 3 100 604 0.003521
51 343 3 100 234192 0.003521
317 156 3 100 30980 0.003521
265 67 3 100 6008 0.003522
53 152 3 100 24710 0.003522
207 25 3 100 22827 0.003522
149 201 3 100 248948 0.003522
257 210 3 100 13520 0.003522
156 344 3 100 26358 0.003522
100 183 3 100 23270 0.003523
173 119 3 100 363885 0.003523
378 64 3 100 8437 0.003523
238 144 3 100 41081 0.003523
361 108 3 100 25215 0.003523
325 33 3 100 22453 0.003523
337 379 3 100 20194 0.003523
179 225 3 100 12902 0.003524
181 297 3 100 104827 0.003524
94 54 3 100 38523 0.003524
80 27 3 100 37039 0.003524
219 346 3 100 182224 0.003524
107 103 3 100 45396 0.003524
261 215 3 100 43904 0.003525
304 401 3 100 23298 0.003525
366 136 3 100 31959 0.003525
188 104 3 100 408176 0.003525
33 350 3 100 240605 0.003525
241 401 3 100 26422 0.003526
28 400 3 100 37354 0.003526
271 315 3 100 33449 0.003526
328 40 3 100 21474 0.003526
372 386 3 100 30501 0.003527
133 213 3 100 3608 0.003527
46 328 3 100 19841 0.003527
34 324 3 100 4042 0.003527
373 98 3 100 204143 0.003527
271 121 3 100 36862 0.003527
358 109 3 100 2740 0.003527
216 163 3 100 41182 0.003528
303 75 3 100 226 0.003528
104 265 3 100 190315 0.003528
366 50 3 100 37479 0.003528
335 248 3 100 17271 0.003528
325 312 3 100 41790 0.003528
57 263 3 100 40834 0.003529
108 85 3 100 19480 0.003529
241 236 3 100 135679 0.003529
67 343 3 100 29599 0.003529
266 190 3 100 835 0.003530
400 316 3 100 430737 0.003530
365 24 3 100 455273 0.003530
311 117 3 100 186988 0.003530
158 176 3 100 21624 0.003530
43 161 3 100 23593 0.003531
339 129 3 100 213461 0.003531
355 34 3 100 24770 0.003531
144 167 3 100 30401 0.003531
138 130 3 100 29739 0.003531
138 76 3 100 22508 0.003531
208 131 3 100 13146 0.003531
225 88 3 100 41384 0.003531
35 44 3 100 28126 0.003531
316 208 3 100 36043 0.003531
226 283 3 100 30228 0.003532
402 112 3 100 13758 0.003532
237 362 3 100 21741 0.003532
252 297 3 100 41063 0.003532
145 221 3 100 18343 0.003532
206 207 3 100 36429 0.003532
272 167 3 100 34811 0.003533
347 353 3 100 218703 0.003533
236 62 3 100 246568 0.003533
325 99 3 100 4643 0.003533
164 59 3 100 47002 0.003533
388 337 3 100 10733 0.003534
26 51 3 100 28036 0.003534
44 213 3 100 344020 0.003534
77 232 3 100 448789 0.003534
252 155 3 100 6042 0.003535
43 325 3 100 36667 0.003535
129 173 3 100 19999 0.003535
302 55 3 100 314364 0.003536
250 73 3 100 932 0.003536
370 47 3 100 21727 0.003536
347 310 3 100 20865 0.003537
76 189 3 100 15292 0.003537
290 347 3 100 10789 0.003537
203 91 3 100 30615 0.003537
213 264 3 100 3337 0.003537
49 196 3 100 22515 0.003537
63 88 3 100 15246 0.003538
349 379 3 100 18156 0.003538
351 41 3 100 282446 0.003538
395 103 3 100 42951 0.003538
66 217 3 100 16073 0.003539
379 331 3 100 29625 0.003539
294 139 3 100 11463 0.003539
310 353 3 100 336404 0.003539
20 368 3 100 13096 0.003540
177 51 3 100 5132 0.003540
267 149 3 100 41118 0.003540
65 74 3 100 31610 0.003541
90 210 3 100 4371 0.003541
283 113 3 100 39485 0.003541
241 33 3 100 21742 0.003541
20 299 3 100 40317 0.003541
379 310 3 100 17527 0.003541
283 35 3 100 19445 0.003541
89 349 3 100 34520 0.003542
74 199 3 100 13279 0.003542
88 63 3 100 15211 0.003542
39 154 3 100 33712 0.003542
402 70 3 100 10976 0.003542
325 225 3 100 25961 0.003543
323 190 3 100 8099 0.003543
81 259 3 100 239511 0.003543
284 180 3 100 27949 0.003543
321 204 3 100 20536 0.003543
97 308 3 100 21252 0.003544
86 258 3 100 398714 0.003544
349 149 3 100 166558 0.003544
290 372 3 100 8210 0.003545
382 271 3 100 13379 0.003545
194 219 3 100 4389 0.003545
244 252 3 100 424120 0.003545
353 227 3 100 11837 0.003545
275 373 3 100 14905 0.003546
261 388 3 100 3732 0.003546
50 81 3 100 1187 0.003546
42 67 3 100 31525 0.003546
170 148 3 100 40371 0.003546
190 205 3 100 148266 0.003546
233 262 3 100 39263 0.003546
188 238 3 100 31447 0.003547
286 380 3 100 43850 0.003547
254 152 3 100 24794 0.003547
176 54 3 100 19022 0.003547
379 93 3 100 42407 0.003547
31 29 3 100 62914 0.003547
47 325 3 100 91985 0.003548
326 77 3 100 35437 0.003548
274 309 3 100 21360 0.003548
38 20 3 100 286114 0.003548
380 323 3 100 38735 0.003548
332 311 3 100 5378 0.003549
171 199 3 100 37181 0.003549
385 178 3 100 25706 0.003549
92 110 3 100 17311 0.003549
347 176 3 100 31835 0.003549
221 394 3 100 230969 0.003549
256 27 3 100 37955 0.003549
82 146 3 100 1600 0.003549
403 307 3 100 243252 0.003549
56 105 3 100 37755 0.003550
38 118 3 100 23767 0.003551
71 189 3 100 45582 0.003551
346 70 3 100 234532 0.003551
196 150 3 100 33106 0.003551
127 261 3 100 9722 0.003551
167 359 3 100 388193 0.003552
214 402 3 100 43348 0.003552
150 82 3 100 27043 0.003552
316 58 3 100 34 0.003552
276 323 3 100 7259 0.003552
312 44 3 100 11968 0.003552
344 40 3 100 1943 0.003553
99 268 3 100 17572 0.003553
340 36 3 100 9079 0.003553
27 265 3 100 3965 0.003553
89 50 3 100 30541 0.003553
116 139 3 100 8138 0.003554
231 236 3 100 7056 0.003554
311 287 3 100 9760 0.003554
265 402 3 100 3326 0.003555
53 119 3 100 9908 0.003555
214 131 3 100 25809 0.003555
349 321 3 100 38264 0.003555
64 236 3 100 24622 0.003556
192 94 3 100 326432 0.003556
314 67 3 100 27828 0.003556
130 236 3 100 31813 0.003556
185 392 3 100 229367 0.003556
396 65 3 100 12634 0.003556
340 366 3 100 35256 0.003557
66 163 3 100 51681 0.003557
302 150 3 100 34870 0.003557
107 70 3 100 93 0.003557
42 67 3 100 20102 0.003558
183 20 3 100 7282 0.003558
38 262 3 100 22621 0.003558
266 307 3 100 26761 0.003558
29 49 3 100 26804 0.003558
160 105 3 100 44140 0.003559
386 77 3 100 28516 0.003559
175 369 3 100 34251 0.003559
371 206 3 100 37792 0.003559
30 361 3 100 24904 0.003559
335 83 3 100 23923 0.003559
34 386 3 100 36446 0.003560
130 124 3 100 9276 0.003560
387 35 3 100 24306 0.003560
171 264 3 100 9453 0.003561
103 377 3 100 9557 0.003561
257 392 3 100 6520 0.003561
198 54 3 100 4306 0.003561
111 114 3 100 23400 0.003562
321 128 3 100 17198 0.003562
136 245 3 100 7922 0.003562
107 253 3 100 241173 0.003562
310 308 3 100 43590 0.003562
397 335 3 100 45087 0.003562
130 341 3 100 24237 0.003563
252 331 3 100 6668 0.003563
195 357 3 100 40831 0.003563
195 296 3 100 45952 0.003563
25 207 3 100 28584 0.003563
321 224 3 100 166048 0.003563
252 304 3 100 156374 0.003563
200 343 3 100 23198 0.003564
360 306 3 100 32312 0.003564
204 215 3 100 12556 0.003564
122 68 3 100 22483 0.003564
265 245 3 100 15847 0.003564
279 338 3 100 1353 0.003564
36 52 3 100 17963 0.003564
202 361 3 100 243025 0.003564
116 324 3 100 60928 0.003565
306 102 3 100 44538 0.003565
46 337 3 100 148768 0.003565
131 385 3 100 30628 0.003565
357 322 3 100 285916 0.003565
384 77 3 100 45516 0.003565
212 343 3 100 2752 0.003566
182 124 3 100 413449 0.003566
44 108 3 100 4894 0.003566
187 147 3 100 31009 0.003566
396 318 3 100 21348 0.003566
57 375 3 100 20898 0.003566
224 202 3 100 20702 0.003567
215 151 3 100 243657 0.003567
145 298 3 100 413092 0.003567
173 284 3 100 249815 0.003567
363 71 3 100 242949 0.003567
67 207 3 100 31504 0.003568
397 182 3 100 22370 0.003568
227 54 3 100 45101 0.003568
163 251 3 100 27741 0.003568
225 372 3 100 19182 0.003569
210 95 3 100 19703 0.003569
179 259 3 100 249572 0.003569
403 30 3 100 4402 0.003570
166 261 3 100 43086 0.003570
290 375 3 100 24203 0.003570
127 199 3 100 11866 0.003570
248 389 3 100 25780 0.003570
160 250 3 100 19255 0.003570
257 339 3 100 39805 0.003571
48 123 3 100 34464 0.003571
272 90 3 100 279068 0.003571
113 196 3 100 239707 0.003571
343 258 3 100 24802 0.003572
107 101 3 100 269945 0.003572
49 298 3 100 186480 0.003572
244 261 3 100 31494 0.003572
107 187 3 100 9994 0.003572
42 389 3 100 116950 0.003573
345 120 3 100 6585 0.003573
308 98 3 100 310671 0.003573
122 314 3 100 375062 0.003574
159 305 3 100 6367 0.003574
194 62 3 100 18829 0.003574
284 393 3 100 19541 0.003574
328 345 3 100 8331 0.003574
195 104 3 100 31114 0.003574
384 323 3 100 15076 0.003574
357 313 3 100 28648 0.003574
377 48 3 100 16631 0.003574
171 75 3 100 17356 0.003574
331 342 3 100 45496 0.003575
316 322 3 100 12884 0.003575
279 77 3 100 39694 0.003575
76 35 3 100 302288 0.003575
50 390 3 100 9432 0.003575
147 178 3 100 39752 0.003575
233 277 3 100 15887 0.003575
397 387 3 100 188707 0.003575
256 386 3 100 29436 0.003575
401 348 3 100 44158 0.003576
173 367 3 100 18617 0.003576
340 323 3 100 25193 0.003576
201 274 3 100 15396 0.003576
380 247 3 100 19683 0.003576
42 332 3 100 39586 0.003576
277 30 3 100 5616 0.003577
261 87 3 100 38763 0.003577
272 302 3 100 34421 0.003577
399 70 3 100 12185 0.003577
156 229 3 100 18940 0.003578
332 49 3 100 23694 0.003578
324 97 3 100 14283 0.003578
107 144 3 100 14392 0.003578
373 221 3 100 25151 0.003579
281 401 3 100 42338 0.003579
196 157 3 100 302342 0.003579
57 265 3 100 1845 0.003579
290 315 3 100 35904 0.003580
28 285 3 100 24980 0.003580
353 285 3 100 11950 0.003580
317 347 3 100 15530 0.003580
41 323 3 100 32586 0.003580
242 225 3 100 34108 0.003580
121 213 3 100 302786 0.003581
292 88 3 100 386824 0.003581
205 398 3 100 19304 0.003581
258 194 3 100 17097 0.003582
345 261 3 100 24029 0.003582
397 235 3 100 142465 0.003582
96 56 3 100 179618 0.003582
190 375 3 100 28796 0.003582
150 60 3 100 9525 0.003582
261 170 3 100 250109 0.003582
387 273 3 100 30065 0.003583
310 84 3 100 145947 0.003583
268 112 3 100 13468 0.003583
235 367 3 100 12072 0.003583
136 262 3 100 17216 0.003583
71 351 3 100 21468 0.003583
344 308 3 100 26864 0.003583
382 296 3 100 37098 0.003583
321 121 3 100 14955 0.003583
279 168 3 100 9441 0.003584
309 395 3 100 4758 0.003584
361 111 3 100 3474 0.003584
245 294 3 100 40177 0.003584
328 227 3 100 9326 0.003584
115 145 3 100 44285 0.003584
372 301 3 100 25517 0.003584
143 34 3 100 32341 0.003584
73 137 3 100 333 0.003584
225 281 3 100 664 0.003585
287 214 3 100 394015 0.003585
281 55 3 100 35782 0.003585
48 82 3 100 11626 0.003585
236 87 3 100 5274 0.003585
187 271 3 100 4006 0.003586
351 80 3 100 43743 0.003586
195 123 3 100 43077 0.003586
358 167 3 100 14364 0.003586
330 39 3 100 10516 0.003586
274 150 3 100 10463 0.003586
201 143 3 100 8809 0.003586
287 225 3 100 22652 0.003587
389 141 3 100 100640 0.003587
73 377 3 100 18987 0.003587
400 113 3 100 44037 0.003587
20 230 3 100 21158 0.003587
263 166 3 100 906 0.003587
324 273 3 100 37428 0.003587
86 299 3 100 44828 0.003587
358 395 3 100 15660 0.003587
64 128 3 100 18754 0.003587
353 218 3 100 20179 0.003587
103 252 3 100 7370 0.003588
130 242 3 100 43463 0.003588
258 276 3 100 5705 0.003588
177 24 3 100 35031 0.003588
221 308 3 100 12700 0.003588
381 323 3 100 17056 0.003589
299 332 3 100 39747 0.003589
67 66 3 100 32432 0.003589
325 47 3 100 20899 0.003590
203 169 3 100 30526 0.003590
275 250 3 100 37785 0.003590
153 294 3 100 16017 0.003590
88 174 3 100 21429 0.003590
390 66 3 100 25297 0.003590
162 143 3 100 21770 0.003590
389 239 3 100 34301 0.003590
243 333 3 100 24979 0.003591
43 84 3 100 349960 0.003591
349 219 3 100 17454 0.003591
85 121 3 100 5303 0.003591
347 274 3 100 6707 0.003591
354 50 3 100 31522 0.003592
24 226 3 100 13105 0.003592
47 92 3 100 29210 0.003592
180 260 3 100 22104 0.003592
388 91 3 100 451218 0.003592
232 338 3 100 18120 0.003592
300 362 3 100 41232 0.003592
25 367 3 100 24380 0.003592
389 97 3 100 26943 0.003592
303 227 3 100 2841 0.003592
376 283 3 100 1871 0.003592
130 90 3 100 19672 0.003592
197 323 3 100 3094 0.003593
385 302 3 100 21136 0.003593
51 376 3 100 346426 0.003593
248 155 3 100 6060 0.003593
150 122 3 100 193383 0.003593
33 99 3 100 29472 0.003594
121 292 3 100 24879 0.003594
121 118 3 100 21243 0.003594
59 188 3 100 255958 0.003594
203 38 3 100 14980 0.003594
210 288 3 100 193330 0.003594
131 159 3 100 36427 0.003594
348 249 3 100 41917 0.003594
385 103 3 100 4030 0.003594
190 252 3 100 43237 0.003595
226 178 3 100 254224 0.003595
258 307 3 100 3626 0.003595
159 116 3 100 351857 0.003595
104 269 3 100 419428 0.003596
215 315 3 100 333828 0.003596
98 392 3 100 36335 0.003596
304 358 3 100 9095 0.003596
89 228 3 100 256543 0.003596
96 41 3 100 40382 0.003597
190 138 3 100 45642 0.003597
278 93 3 100 13641 0.003597
287 225 3 100 19264 0.003597
395 116 3 100 19326 0.003597
297 92 3 100 438129 0.003597
284 131 3 100 15680 0.003598
81 140 3 100 33967 0.003598
58 99 3 100 16508 0.003598
402 272 3 100 207133 0.003598
350 378 3 100 115906 0.003599
122 124 3 100 12991 0.003599
247 123 3 100 8142 0.003600
347 385 3 100 36867 0.003600
91 397 3 100 326919 0.003600
209 292 3 100 33758 0.003600
373 354 3 100 22691 0.003600
361 282 3 100 22326 0.003600
182 64 3 100 29080 0.003600
394 102 3 100 97919 0.003601
61 28 3 100 8878 0.003601
343 316 3 100 12668 0.003601
203 300 3 100 13801 0.003601
45 144 3 100 11855 0.003601
52 401 3 100 42126 0.003601
241 79 3 100 15951 0.003601
308 49 3 100 17153 0.003601
25 142 3 100 5964 0.003601
64 229 3 100 39734 0.003601
375 343 3 100 24866 0.003602
158 267 3 100 23816 0.003602
321 77 3 100 33062 0.003602
107 259 3 100 25479 0.003603
199 312 3 100 12044 0.003603
51 266 3 100 4484 0.003603
221 50 3 100 31924 0.003603
384 190 3 100 121576 0.003603
104 285 3 100 41234 0.003604
286 128 3 100 433513 0.003604
106 367 3 100 5893 0.003604
77 367 3 100 32597 0.003604
31 311 3 100 6458 0.003604
374 68 3 100 14988 0.003604
287 256 3 100 23977 0.003605
289 229 3 100 45690 0.003605
39 68 3 100 21088 0.003605
344 383 3 100 22408 0.003606
216 65 3 100 355837 0.003606
156 223 3 100 38438 0.003606
181 48 3 100 4425 0.003607
374 268 3 100 12806 0.003607
154 63 3 100 26806 0.003607
33 169 3 100 13526 0.003607
387 27 3 100 40405 0.003607
159 303 3 100 9585 0.003608
327 124 3 100 25305 0.003608
81 287 3 100 45209 0.003608
400 194 3 100 17242 0.003608
216 278 3 100 11626 0.003608
321 39 3 100 31663 0.003608
21 244 3 100 31815 0.003608
82 302 3 100 28729 0.003609
58 127 3 100 17631 0.003609
373 318 3 100 10431 0.003609
207 269 3 100 536 0.003610
25 107 3 100 220941 0.003610
395 322 3 100 23306 0.003610
234 340 3 100 2383 0.003610
402 246 3 100 1423 0.003610
113 181 3 100 38727 0.003611
353 330 3 100 32995 0.003611
262 77 3 100 437241 0.003611
45 109 3 100 17157 0.003611
342 195 3 100 2483 0.003611
100 155 3 100 44966 0.003611
57 384 3 100 20982 0.003611
338 185 3 100 252098 0.003611
74 366 3 100 40673 0.003612
31 343 3 100 27647 0.003612
385 85 3 100 35459 0.003613
339 227 3 100 33212 0.003613
243 66 3 100 32206 0.003613
356 352 3 100 361784 0.003613
32 282 3 100 3052 0.003613
20 182 3 100 34544 0.003613
333 230 3 100 31490 0.003613
394 29 3 100 394964 0.003613
330 357 3 100 21466 0.003613
351 138 3 100 39383 0.003614
131 155 3 100 29177 0.003614
342 151 3 100 15735 0.003614
156 34 3 100 40956 0.003614
174 401 3 100 35176 0.003614
237 78 3 100 20653 0.003614
227 280 3 100 25249 0.003614
135 369 3 100 24362 0.003614
285 396 3 100 12039 0.003614
24 136 3 100 40244 0.003615
177 65 3 100 30287 0.003615
164 297 3 100 23277 0.003616
23 26 3 100 45647 0.003616
357 149 3 100 149396 0.003616
85 20 3 100 4824 0.003616
259 171 3 100 36687 0.003616
73 380 3 100 711 0.003616
357 336 3 100 18914 0.003616
266 396 3 100 26506 0.003617
94 88 3 100 17727 0.003617
310 367 3 100 2855 0.003617
168 137 3 100 20946 0.003617
48 114 3 100 24452 0.003617
329 322 3 100 249553 0.003617
158 135 3 100 8058 0.003618
246 141 3 100 26448 0.003618
143 92 3 100 357062 0.003618
118 347 3 100 443737 0.003618
301 296 3 100 34654 0.003618
212 101 3 100 18543 0.003618
337 277 3 100 19289 0.003618
220 168 3 100 33122 0.003618
240 247 3 100 36220 0.003619
393 295 3 100 38668 0.003619
145 237 3 100 6730 0.003619
221 29 3 100 25123 0.003619
177 108 3 100 34048 0.003620
114 185 3 100 3873 0.003620
62 38 3 100 14191 0.003620
65 92 3 100 13579 0.003620
224 222 3 100 359959 0.003620
303 169 3 100 54516 0.003620
280 204 3 100 22495 0.003621
120 102 3 100 39786 0.003621
222 262 3 100 25371 0.003621
234 258 3 100 38685 0.003621
61 142 3 100 29057 0.003621
230 286 3 100 29203 0.003621
377 321 3 100 4218 0.003621
113 279 3 100 319297 0.003621
142 359 3 100 91830 0.003621
252 154 3 100 3971 0.003621
286 116 3 100 40012 0.003622
138 41 3 100 6995 0.003622
371 239 3 100 3968 0.003622
152 106 3 100 438763 0.003622
75 252 3 100 32580 0.003622
183 49 3 100 28995 0.003622
68 101 3 100 26052 0.003622
85 126 3 100 405495 0.003622
234 311 3 100 31941 0.003623
379 121 3 100 104 0.003623
111 57 3 100 34485 0.003624
394 391 3 100 38457 0.003624
223 360 3 100 28142 0.003624
374 233 3 100 18604 0.003624
258 313 3 100 454108 0.003625
357 101 3 100 19854 0.003625
377 171 3 100 31399 0.003625
278 65 3 100 26818 0.003625
361 248 3 100 416711 0.003626
81 156 3 100 20986 0.003626
41 196 3 100 3363 0.003626
206 343 3 100 5273 0.003627
139 108 3 100 785 0.003627
142 63 3 100 73845 0.003627
168 190 3 100 33016 0.003627
337 186 3 100 28994 0.003627
165 398 3 100 135056 0.003627
126 175 3 100 112836 0.003627
197 125 3 100 15126 0.003628
198 166 3 100 336359 0.003628
238 35 3 100 44292 0.003628
114 207 3 100 11278 0.003628
320 303 3 100 16296 0.003628
211 134 3 100 24625 0.003629
252 273 3 100 13011 0.003629
172 197 3 100 150937 0.003629
113 107 3 100 31545 0.003629
153 253 3 100 323453 0.003629
227 295 3 100 36525 0.003629
61 183 3 100 8129 0.003629
72 151 3 100 34746 0.003629
194 291 3 100 44993 0.003629
152 187 3 100 9316 0.003630
123 79 3 100 15112 0.003630
92 192 3 100 34333 0.003630
169 365 3 100 3977 0.003630
355 216 3 100 456876 0.003630
204 187 3 100 22172 0.003630
77 142 3 100 422937 0.003631
124 301 3 100 42995 0.003631
223 309 3 100 13451 0.003631
354 166 3 100 20984 0.003631
73 374 3 100 31689 0.003631
22 364 3 100 19660 0.003631
126 200 3 100 19295 0.003631
385 104 3 100 36251 0.003631
274 205 3 100 11026 0.003632
281 191 3 100 16178 0.003632
263 158 3 100 165279 0.003632
242 293 3 100 3739 0.003632
118 378 3 100 42679 0.003632
137 238 3 100 33123 0.003632
27 274 3 100 36440 0.003632
264 334 3 100 42050 0.003632
190 69 3 100 13409 0.003632
279 30 3 100 14015 0.003633
268 282 3 100 368534 0.003633
145 398 3 100 25933 0.003633
104 197 3 100 5048 0.003633
142 286 3 100 17705 0.003633
274 234 3 100 29872 0.003633
93 274 3 100 22588 0.003634
49 148 3 100 224222 0.003634
206 367 3 100 27513 0.003635
182 367 3 100 41447 0.003635
58 298 3 100 8105 0.003635
140 118 3 100 36169 0.003635
284 265 3 100 379961 0.003635
384 290 3 100 663 0.003636
174 134 3 100 286 0.003636
36 132 3 100 22894 0.003636
143 31 3 100 18904 0.003636
200 225 3 100 134319 0.003637
143 196 3 100 293996 0.003637
343 190 3 100 7634 0.003637
83 293 3 100 11762 0.003637
176 227 3 100 10681 0.003637
41 295 3 100 34203 0.003638
202 21 3 100 38938 0.003638
374 272 3 100 6664 0.003639
213 172 3 100 27977 0.003639
62 211 3 100 21984 0.003639
50 52 3 100 445199 0.003639
75 361 3 100 24413 0.003639
106 328 3 100 24530 0.003639
57 47 3 100 37532 0.003639
204 374 3 100 30372 0.003639
179 268 3 100 3433 0.003639
133 177 3 100 19620 0.003640
327 190 3 100 20508 0.003640
147 164 3 100 30664 0.003640
206 381 3 100 17577 0.003640
257 87 3 100 31093 0.003640
53 268 3 100 39806 0.003641
33 55 3 100 25545 0.003641
368 275 3 100 21256 0.003641
246 351 3 100 45414 0.003641
313 317 3 100 31050 0.003641
45 402 3 100 10727 0.003642
348 291 3 100 12558 0.003642
342 187 3 100 42948 0.003642
291 230 3 100 36171 0.003643
163 165 3 100 45355 0.003643
277 176 3 100 34672 0.003643
161 280 3 100 13187 0.003643
120 163 3 100 327120 0.003643
399 255 3 100 22759 0.003643
76 226 3 100 27413 0.003643
272 243 3 100 28990 0.003644
328 396 3 100 406118 0.003644
212 208 3 100 24011 0.003644
164 360 3 100 6484 0.003644
323 163 3 100 39987 0.003644
269 179 3 100 9917 0.003644
365 116 3 100 431508 0.003644
106 124 3 100 42389 0.003644
134 79 3 100 332530 0.003644
191 132 3 100 420045 0.003644
350 173 3 100 32154 0.003644
303 278 3 100 30691 0.003644
302 172 3 100 42657 0.003645
247 54 3 100 9816 0.003645
278 51 3 100 30255 0.003645
260 71 3 100 23468 0.003645
213 205 3 100 28187 0.003646
100 221 3 100 29420 0.003646
92 275 3 100 3143 0.003646
209 331 3 100 37702 0.003646
191 387 3 100 123857 0.003646
51 62 3 100 117026 0.003646
119 272 3 100 19790 0.003646
50 207 3 100 23541 0.003646
315 65 3 100 27284 0.003646
251 371 3 100 13422 0.003646
23 224 3 100 7742 0.003646
385 258 3 100 27651 0.003646
124 197 3 100 28212 0.003646
281 351 3 100 5501 0.003647
255 247 3 100 10589 0.003647
380 386 3 100 27396 0.003647
142 282 3 100 169801 0.003648
193 383 3 100 22578 0.003648
158 45 3 100 13488 0.003648
396 114 3 100 613 0.003648
386 276 3 100 40390 0.003648
275 309 3 100 15898 0.003648
330 29 3 100 12577 0.003649
230 341 3 100 8788 0.003649
38 186 3 100 2716 0.003649
116 210 3 100 47026 0.003649
139 160 3 100 914 0.003649
59 146 3 100 395316 0.003649
122 32 3 100 261284 0.003649
250 299 3 100 47534 0.003649
121 56 3 100 14141 0.003649
327 349 3 100 170 0.003650
84 116 3 100 25272 0.003650
291 360 3 100 12464 0.003650
208 67 3 100 44024 0.003650
82 195 3 100 2257 0.003650
304 210 3 100 36663 0.003650
223 325 3 100 13028 0.003651
259 343 3 100 23753 0.003651
26 93 3 100 20072 0.003651
104 285 3 100 5293 0.003652
312 306 3 100 34602 0.003652
192 256 3 100 24345 0.003652
330 173 3 100 37691 0.003652
260 179 3 100 38419 0.003652
86 119 3 100 41924 0.003652
75 45 3 100 40429 0.003653
96 169 3 100 11905 0.003653
102 116 3 100 387461 0.003653
119 400 3 100 243643 0.003653
80 152 3 100 12475 0.003654
43 327 3 100 28408 0.003654
400 163 3 100 25762 0.003654
190 208 3 100 5217 0.003654
356 331 3 100 10223 0.003654
318 344 3 100 32523 0.003654
88 282 3 100 25291 0.003654
20 351 3 100 14946 0.003654
124 46 3 100 19956 0.003655
242 97 3 100 16691 0.003655
20 365 3 100 14794 0.003655
78 178 3 100 34763 0.003655
294 161 3 100 6664 0.003655
101 51 3 100 104701 0.003655
113 325 3 100 11012 0.003656
41 64 3 100 27529 0.003656
266 77 3 100 13192 0.003656
231 50 3 100 10401 0.003657
335 28 3 100 24880 0.003657
327 42 3 100 3614 0.003657
223 64 3 100 16542 0.003657
296 246 3 100 2196 0.003657
316 230 3 100 1329 0.003657
155 357 3 100 32075 0.003657
354 373 3 100 90742 0.003657
353 202 3 100 39103 0.003658
341 58 3 100 44752 0.003658
249 306 3 100 419202 0.003658
208 166 3 100 4076 0.003658
114 70 3 100 10490 0.003659
277 355 3 100 254470 0.003659
94 142 3 100 3041 0.003659
334 350 3 100 29437 0.003659
203 179 3 100 30322 0.003659
219 277 3 100 239745 0.003659
105 52 3 100 233496 0.003659
104 40 3 100 5198 0.003659
233 291 3 100 420894 0.003660
224 373 3 100 1929 0.003660
357 268 3 100 30056 0.003660
100 239 3 100 21996 0.003661
75 119 3 100 291938 0.003661
167 175 3 100 43943 0.003661
254 77 3 100 34425 0.003661
392 109 3 100 404626 0.003661
251 382 3 100 10222 0.003661
63 296 3 100 39548 0.003661
243 75 3 100 23987 0.003661
203 40 3 100 34340 0.003661
384 219 3 100 43428 0.003662
39 73 3 100 18020 0.003662
197 161 3 100 4007 0.003662
124 105 3 100 35593 0.003662
330 206 3 100 298882 0.003662
269 245 3 100 8636 0.003663
182 295 3 100 5347 0.003663
391 69 3 100 37443 0.003663
78 259 3 100 19773 0.003663
135 390 3 100 6456 0.003663
210 157 3 100 15652 0.003663
380 178 3 100 155895 0.003663
294 235 3 100 17871 0.003663
166 53 3 100 43671 0.003663
373 268 3 100 8889 0.003663
100 316 3 100 43886 0.003664
332 224 3 100 69758 0.003664
233 316 3 100 38775 0.003664
138 328 3 100 40266 0.003664
81 243 3 100 39510 0.003664
220 81 3 100 8608 0.003664
39 234 3 100 44811 0.003664
69 182 3 100 6424 0.003664
137 78 3 100 5152 0.003664
268 136 3 100 32660 0.003664
294 158 3 100 31928 0.003665
43 235 3 100 33241 0.003665
356 55 3 100 22970 0.003665
390 116 3 100 42457 0.003665
260 227 3 100 29230 0.003665
44 279 3 100 41529 0.003665
183 200 3 100 10247 0.003666
114 74 3 100 30332 0.003666
92 197 3 100 43566 0.003666
212 302 3 100 27413 0.003666
246 259 3 100 39863 0.003666
157 191 3 100 112445 0.003666
388 114 3 100 35602 0.003666
125 397 3 100 346496 0.003666
348 333 3 100 39204 0.003667
120 125 3 100 131099 0.003667
300 29 3 100 28155 0.003667
62 25 3 100 13656 0.003667
23 341 3 100 33299 0.003667
146 132 3 100 2859 0.003668
331 276 3 100 36821 0.003668
96 363 3 100 44240 0.003669
318 92 3 100 195242 0.003669
270 335 3 100 20963 0.003669
145 353 3 100 44925 0.003669
52 328 3 100 7936 0.003669
83 349 3 100 95519 0.003670
392 105 3 100 40173 0.003670
159 31 3 100 26106 0.003670
370 380 3 100 9108 0.003670
241 354 3 100 10072 0.003670
248 364 3 100 5270 0.003670
256 384 3 100 31410 0.003670
191 323 3 100 39009 0.003670
386 378 3 100 22710 0.003670
160 397 3 100 37909 0.003670
227 175 3 100 11512 0.003671
257 36 3 100 31345 0.003671
130 247 3 100 6293 0.003671
382 331 3 100 21439 0.003671
132 235 3 100 37631 0.003671
395 371 3 100 36664 0.003671
93 346 3 100 6659 0.003671
151 197 3 100 11037 0.003672
135 250 3 100 30280 0.003672
174 204 3 100 23108 0.003672
215 314 3 100 15565 0.003672
158 189 3 100 31620 0.003673
214 75 3 100 96 0.003673
158 119 3 100 39451 0.003673
150 231 3 100 30416 0.003674
223 300 3 100 5325 0.003674
362 146 3 100 20035 0.003674
306 46 3 100 378287 0.003675
274 152 3 100 14506 0.003675
160 235 3 100 96446 0.003675
291 130 3 100 261914 0.003675
51 302 3 100 98296 0.003675
131 88 3 100 7668 0.003675
131 236 3 100 41160 0.003676
204 282 3 100 30101 0.003676
148 353 3 100 323143 0.003676
148 22 3 100 40751 0.003676
398 379 3 100 180655 0.003677
368 253 3 100 38280 0.003677
228 351 3 100 2108 0.003677
28 315 3 100 19418 0.003677
360 87 3 100 14270 0.003677
125 94 3 100 281282 0.003677
203 95 3 100 34547 0.003678
291 306 3 100 27652 0.003678
310 196 3 100 20513 0.003678
69 88 3 100 22327 0.003678
95 147 3 100 10252 0.003678
146 381 3 100 436416 0.003678
38 254 3 100 13096 0.003678
63 281 3 100 42466 0.003679
304 258 3 100 26994 0.003679
291 401 3 100 3231 0.003679
173 186 3 100 22656 0.003680
185 109 3 100 10716 0.003680
325 390 3 100 32012 0.003680
335 129 3 100 37946 0.003680
144 378 3 100 3309 0.003680
271 277 3 100 131651 0.003680
107 96 3 100 166937 0.003680
59 218 3 100 38540 0.003680
29 229 3 100 43039 0.003680
401 371 3 100 39571 0.003681
174 218 3 100 20827 0.003681
280 104 3 100 15094 0.003681
89 61 3 100 9780 0.003681
156 143 3 100 18923 0.003681
177 69 3 100 37240 0.003681
225 216 3 100 2481 0.003681
143 338 3 100 38754 0.003681
255 168 3 100 15079 0.003681
111 211 3 100 42173 0.003681
118 233 3 100 439839 0.003681
319 258 3 100 44929 0.003681
183 380 3 100 28852 0.003681
220 83 3 100 15549 0.003681
321 377 3 100 32976 0.003681
374 162 3 100 42809 0.003682
175 156 3 100 8487 0.003682
384 80 3 100 44482 0.003682
353 390 3 100 1300 0.003683
174 339 3 100 28236 0.003684
116 100 3 100 7389 0.003684
182 286 3 100 40624 0.003684
25 306 3 100 43701 0.003684
110 209 3 100 39316 0.003684
340 274 3 100 6190 0.003684
322 200 3 100 6266 0.003685
121 384 3 100 6778 0.003685
401 93 3 100 41002 0.003685
345 206 3 100 21044 0.003686
21 305 3 100 30154 0.003686
111 371 3 100 13387 0.003686
26 211 3 100 355 0.003686
282 299 3 100 14738 0.003686
360 38 3 100 435172 0.003686
208 59 3 100 45620 0.003686
254 144 3 100 16193 0.003686
100 53 3 100 22277 0.003686
272 97 3 100 19426 0.003687
308 350 3 100 20116 0.003687
238 219 3 100 32361 0.003687
71 291 3 100 20925 0.003687
228 342 3 100 44239 0.003687
279 248 3 100 243071 0.003687
402 362 3 100 11632 0.003687
27 205 3 100 6943 0.003687
67 147 3 100 16443 0.003687
38 312 3 100 38750 0.003687
329 112 3 100 16487 0.003687
98 109 3 100 13718 0.003687
218 244 3 100 30711 0.003687
327 159 3 100 33588 0.003688
393 70 3 100 42549 0.003688
57 103 3 100 43288 0.003688
59 170 3 100 41854 0.003688
51 396 3 100 40823 0.003688
375 147 3 100 41898 0.003689
313 108 3 100 3082 0.003689
169 182 3 100 26549 0.003689
253 399 3 100 933 0.003690
214 355 3 100 23486 0.003690
171 238 3 100 43844 0.003690
341 149 3 100 2323 0.003690
275 103 3 100 113824 0.003690
179 253 3 100 425315 0.003690
127 128 3 100 121987 0.003691
388 368 3 100 22054 0.003691
378 250 3 100 300012 0.003691
342 387 3 100 6869 0.003691
245 62 3 100 15001 0.003691
31 192 3 100 421081 0.003692
258 369 3 100 25257 0.003692
90 312 3 100 38353 0.003692
260 302 3 100 28348 0.003692
61 294 3 100 7951 0.003693
265 292 3 100 4128 0.003693
74 295 3 100 13117 0.003693
387 264 3 100 445151 0.003693
319 53 3 100 34222 0.003693
79 391 3 100 37416 0.003694
41 191 3 100 24737 0.003694
323 268 3 100 60512 0.003694
297 235 3 100 9913 0.003694
36 267 3 100 14436 0.003694
158 267 3 100 363 0.003694
196 389 3 100 4309 0.003695
93 240 3 100 43734 0.003695
175 131 3 100 448287 0.003695
218 102 3 100 906 0.003695
348 245 3 100 13933 0.003695
244 218 3 100 34390 0.003695
36 160 3 100 43345 0.003695
63 276 3 100 15091 0.003695
57 169 3 100 329411 0.003696
192 386 3 100 11113 0.003696
40 314 3 100 406992 0.003696
47 302 3 100 20612 0.003696
128 335 3 100 39761 0.003696
92 385 3 100 115819 0.003697
56 320 3 100 27535 0.003697
113 266 3 100 43 0.003697
333 307 3 100 21024 0.003697
144 45 3 100 229857 0.003697
371 396 3 100 419701 0.003697
94 172 3 100 12851 0.003697
146 235 3 100 18653 0.003697
87 55 3 100 18192 0.003697
251 373 3 100 43338 0.003697
293 51 3 100 32987 0.003698
260 118 3 100 15973 0.003698
309 52 3 100 26643 0.003698
252 274 3 100 84361 0.003698
267 210 3 100 43869 0.003698
30 245 3 100 1728 0.003698
245 92 3 100 8714 0.003698
59 343 3 100 12430 0.003698
133 92 3 100 34096 0.003699
303 311 3 100 25907 0.003699
262 134 3 100 16214 0.003699
97 178 3 100 174204 0.003699
137 331 3 100 2677 0.003699
346 179 3 100 12923 0.003699
228 83 3 100 33061 0.003699
385 226 3 100 14360 0.003699
161 252 3 100 199315 0.003699
74 372 3 100 40867 0.003700
112 27 3 100 24703 0.003700
285 334 3 100 102544 0.003700
127 347 3 100 29656 0.003700
122 334 3 100 1225 0.003700
37 401 3 100 9875 0.003700
382 257 3 100 39629 0.003700
86 388 3 100 25812 0.003700
21 173 3 100 10552 0.003701
318 377 3 100 39777 0.003701
373 217 3 100 360957 0.003701
106 178 3 100 391863 0.003701
332 320 3 100 107012 0.003702
25 101 3 100 33720 0.003702
287 96 3 100 70012 0.003702
107 320 3 100 81722 0.003702
249 147 3 100 12844 0.003702
222 45 3 100 43175 0.003702
21 110 3 100 369056 0.003702
165 371 3 100 31360 0.003702
369 103 3 100 6126 0.003703
395 42 3 100 29291 0.003703
373 230 3 100 7917 0.003703
274 147 3 100 22720 0.003703
289 170 3 100 27489 0.003704
80 139 3 100 144554 0.003704
364 324 3 100 1032 0.003704
225 301 3 100 21591 0.003704
26 388 3 100 38216 0.003704
178 387 3 100 329619 0.003705
145 367 3 100 9865 0.003705
296 106 3 100 356767 0.003705
65 341 3 100 372916 0.003705
51 22 3 100 29826 0.003706
259 32 3 100 16327 0.003706
381 207 3 100 36927 0.003706
149 290 3 100 23825 0.003706
135 198 3 100 458752 0.003706
119 37 3 100 6759 0.003706
245 152 3 100 29508 0.003707
132 377 3 100 24701 0.003707
385 142 3 100 5792 0.003707
158 136 3 100 15232 0.003707
94 240 3 100 31700 0.003707
171 290 3 100 186842 0.003707
106 310 3 100 64941 0.003707
198 47 3 100 13122 0.003707
351 84 3 100 15286 0.003707
284 65 3 100 41672 0.003708
133 93 3 100 36825 0.003708
315 386 3 100 13425 0.003708
182 332 3 100 258290 0.003708
60 371 3 100 13662 0.003708
138 402 3 100 277774 0.003708
388 345 3 100 8842 0.003708
123 389 3 100 38936 0.003709
299 42 3 100 35134 0.003709
224 387 3 100 152463 0.003709
316 282 3 100 12347 0.003709
273 348 3 100 45427 0.003709
399 360 3 100 6383 0.003709
376 368 3 100 23819 0.003710
370 77 3 100 41210 0.003710
130 255 3 100 15583 0.003711
269 57 3 100 211347 0.003711
169 20 3 100 4930 0.003711
220 221 3 100 27440 0.003711
42 376 3 100 30168 0.003711
358 313 3 100 42225 0.003711
140 331 3 100 29945 0.003711
334 305 3 100 66212 0.003711
20 280 3 100 33393 0.003712
139 360 3 100 13579 0.003712
157 273 3 100 23267 0.003712
195 190 3 100 11163 0.003712
84 109 3 100 403399 0.003712
118 238 3 100 22950 0.003712
68 226 3 100 19566 0.003713
75 256 3 100 10362 0.003713
359 31 3 100 7008 0.003713
202 22 3 100 297950 0.003713
327 355 3 100 43636 0.003713
402 47 3 100 290408 0.003713
45 53 3 100 16248 0.003713
273 129 3 100 3510 0.003714
331 24 3 100 42484 0.003714
95 146 3 100 348098 0.003714
316 370 3 100 7676 0.003714
296 39 3 100 13634 0.003714
49 225 3 100 8353 0.003715
33 24 3 100 34595 0.003715
323 107 3 100 44973 0.003715
300 136 3 100 4565 0.003715
372 321 3 100 2740 0.003715
96 312 3 100 39831 0.003715
55 148 3 100 393473 0.003715
355 181 3 100 18630 0.003715
318 40 3 100 20764 0.003716
348 260 3 100 5666 0.003716
169 286 3 100 6441 0.003716
325 255 3 100 9751 0.003716
377 400 3 100 15243 0.003716
107 295 3 100 10611 0.003717
179 35 3 100 33321 0.003717
25 335 3 100 9387 0.003717
42 282 3 100 915 0.003717
214 260 3 100 415227 0.003717
39 87 3 100 16646 0.003718
324 192 3 100 396883 0.003718
241 321 3 100 40847 0.003718
59 187 3 100 5449 0.003719
313 118 3 100 32706 0.003719
64 396 3 100 33165 0.003719
68 387 3 100 33033 0.003719
90 292 3 100 9759 0.003719
372 54 3 100 133836 0.003719
281 232 3 100 27433 0.003719
124 40 3 100 4678 0.003720
211 199 3 100 43569 0.003720
354 22 3 100 8799 0.003720
373 351 3 100 277591 0.003720
154 400 3 100 183823 0.003720
102 306 3 100 373629 0.003720
195 201 3 100 27370 0.003721
281 71 3 100 23868 0.003721
340 38 3 100 6096 0.003721
288 227 3 100 7213 0.003721
337 286 3 100 35827 0.003722
80 121 3 100 12101 0.003722
394 220 3 100 13053 0.003722
190 101 3 100 13977 0.003722
332 73 3 100 39500 0.003723
163 397 3 100 29489 0.003723
196 378 3 100 2917 0.003723
39 121 3 100 32513 0.003723
126 258 3 100 9735 0.003723
178 118 3 100 38138 0.003723
173 308 3 100 29020 0.003724
65 106 3 100 31497 0.003724
272 194 3 100 13212 0.003724
284 100 3 100 8367 0.003724
122 351 3 100 37622 0.003724
349 124 3 100 17701 0.003725
389 392 3 100 38164 0.003725
62 373 3 100 43405 0.003725
109 114 3 100 22235 0.003725
63 377 3 100 119784 0.003725
367 228 3 100 18330 0.003725
325 76 3 100 39049 0.003726
95 337 3 100 38871 0.003726
237 377 3 100 9073 0.003726
274 246 3 100 99777 0.003726
76 360 3 100 18531 0.003726
234 239 3 100 33847 0.003726
376 119 3 100 354310 0.003727
206 318 3 100 3740 0.003727
101 116 3 100 16068 0.003727
128 351 3 100 5984 0.003727
399 217 3 100 142357 0.003727
376 91 3 100 6749 0.003727
296 234 3 100 8881 0.003727
116 391 3 100 25205 0.003727
111 226 3 100 5078 0.003728
191 82 3 100 10171 0.003728
81 206 3 100 13468 0.003728
79 346 3 100 19025 0.003728
333 221 3 100 11638 0.003728
368 90 3 100 39976 0.003728
370 209 3 100 12723 0.003729
373 40 3 100 38278 0.003729
129 295 3 100 28760 0.003729
236 330 3 100 23980 0.003729
223 67 3 100 886 0.003729
376 90 3 100 27279 0.003729
171 271 3 100 11005 0.003729
37 334 3 100 38447 0.003730
116 146 3 100 13605 0.003730
128 328 3 100 40961 0.003730
385 21 3 100 31626 0.003730
289 375 3 100 30034 0.003730
312 84 3 100 406681 0.003731
35 71 3 100 33968 0.003731
123 103 3 100 1788 0.003731
146 353 3 100 927 0.003731
235 376 3 100 41184 0.003731
104 101 3 100 353605 0.003731
51 121 3 100 42593 0.003731
118 215 3 100 25463 0.003731
155 300 3 100 45304 0.003731
221 293 3 100 9021 0.003731
101 33 3 100 36758 0.003731
381 23 3 100 5776 0.003731
359 103 3 100 230312 0.003732
245 41 3 100 8814 0.003732
298 138 3 100 28399 0.003732
23 288 3 100 8101 0.003732
379 158 3 100 21877 0.003732
378 401 3 100 15951 0.003733
84 386 3 100 25182 0.003733
270 375 3 100 1982 0.003733
380 182 3 100 2806 0.003733
370 137 3 100 28998 0.003734
56 81 3 100 42317 0.003734
153 205 3 100 27897 0.003734
369 335 3 100 3703 0.003735
185 187 3 100 37754 0.003735
265 20 3 100 84446 0.003735
374 297 3 100 85177 0.003735
240 306 3 100 19707 0.003736
177 65 3 100 1607 0.003736
284 224 3 100 15983 0.003736
377 275 3 100 20372 0.003736
239 175 3 100 26676 0.003737
67 361 3 100 18927 0.003737
53 194 3 100 192334 0.003737
339 238 3 100 403 0.003737
235 372 3 100 11682 0.003737
21 172 3 100 27248 0.003737
359 173 3 100 42996 0.003737
36 33 3 100 292839 0.003738
378 263 3 100 43928 0.003738
40 336 3 100 23629 0.003738
208 127 3 100 14429 0.003738
111 164 3 100 36647 0.003739
235 145 3 100 43470 0.003739
220 47 3 100 314074 0.003739
217 210 3 100 135299 0.003739
236 265 3 100 14754 0.003739
193 50 3 100 108739 0.003740
90 132 3 100 20236 0.003740
310 165 3 100 13115 0.003740
92 165 3 100 10296 0.003740
78 336 3 100 1889 0.003740
49 274 3 100 299 0.003740
88 384 3 100 20479 0.003740
257 291 3 100 45949 0.003740
187 119 3 100 240315 0.003740
321 236 3 100 7523 0.003740
181 85 3 100 10343 0.003741
368 154 3 100 42126 0.003741
329 74 3 100 28035 0.003741
79 99 3 100 4782 0.003741
392 323 3 100 37271 0.003741
99 374 3 100 32465 0.003741
261 312 3 100 23706 0.003742
221 210 3 100 36612 0.003742
40 236 3 100 411271 0.003742
166 70 3 100 26670 0.003742
124 274 3 100 302752 0.003742
287 68 3 100 27386 0.003742
231 357 3 100 45473 0.003742
376 201 3 100 19747 0.003743
103 200 3 100 15870 0.003743
386 187 3 100 15244 0.003743
47 367 3 100 21970 0.003743
35 349 3 100 35544 0.003744
37 259 3 100 3660 0.003744
272 311 3 100 41725 0.003744
108 114 3 100 31236 0.003744
243 323 3 100 10296 0.003744
206 198 3 100 301395 0.003744
64 326 3 100 38781 0.003744
41 397 3 100 40667 0.003744
206 195 3 100 23738 0.003745
291 253 3 100 24430 0.003745
333 272 3 100 31770 0.003745
144 80 3 100 12696 0.003745
184 171 3 100 8158 0.003745
222 248 3 100 28295 0.003745
290 314 3 100 11277 0.003745
246 67 3 100 12273 0.003746
387 248 3 100 15219 0.003746
352 251 3 100 33795 0.003746
111 227 3 100 35077 0.003746
48 233 3 100 22261 0.003746
322 140 3 100 19933 0.003746
344 383 3 100 28529 0.003746
176 179 3 100 28271 0.003746
90 236 3 100 13455 0.003746
142 252 3 100 6450 0.003746
305 371 3 100 27626 0.003747
298 398 3 100 27411 0.003747
159 401 3 100 12091 0.003747
46 380 3 100 5084 0.003748
338 83 3 100 525 0.003748
20 333 3 100 450159 0.003748
401 318 3 100 8933 0.003748
47 144 3 100 27730 0.003749
233 277 3 100 9102 0.003749
116 56 3 100 23048 0.003749
359 366 3 100 29322 0.003749
174 332 3 100 30510 0.003750
387 105 3 100 37167 0.003750
247 214 3 100 37937 0.003750
307 335 3 100 22438 0.003750
252 43 3 100 9996 0.003750
349 141 3 100 11537 0.003750
373 292 3 100 39013 0.003751
275 277 3 100 11350 0.003751
284 246 3 100 20359 0.003751
211 20 3 100 26058 0.003752
244 238 3 100 387740 0.003752
79 218 3 100 39878 0.003752
185 168 3 100 12968 0.003752
255 257 3 100 220339 0.003753
151 306 3 100 45388 0.003753
370 378 3 100 26156 0.003753
203 356 3 100 8439 0.003753
214 391 3 100 247082 0.003753
349 339 3 100 6965 0.003753
60 324 3 100 33301 0.003754
72 120 3 100 2370 0.003754
185 84 3 100 23270 0.003754
141 113 3 100 52368 0.003754
403 151 3 100 217736 0.003755
319 298 3 100 44224 0.003755
246 378 3 100 17432 0.003755
160 280 3 100 30255 0.003755
366 73 3 100 20719 0.003755
201 176 3 100 42374 0.003755
310 344 3 100 105786 0.003757
185 114 3 100 44497 0.003757
242 288 3 100 263094 0.003757
328 255 3 100 44389 0.003757
372 296 3 100 39130 0.003757
278 110 3 100 110388 0.003758
93 231 3 100 44853 0.003758
326 64 3 100 36437 0.003758
20 65 3 100 2252 0.003758
293 43 3 100 38911 0.003759
215 206 3 100 3815 0.003759
127 231 3 100 28991 0.003759
145 85 3 100 31498 0.003759
286 186 3 100 34602 0.003760
133 163 3 100 382912 0.003760
268 231 3 100 7194 0.003760
345 95 3 100 23867 0.003760
299 401 3 100 5935 0.003760
320 279 3 100 210531 0.003760
219 264 3 100 45807 0.003760
267 150 3 100 300298 0.003760
227 126 3 100 45819 0.003761
138 56 3 100 3049 0.003761
172 309 3 100 39051 0.003761
273 212 3 100 18083 0.003761
114 403 3 100 45115 0.003761
198 352 3 100 16880 0.003762
107 264 3 100 5939 0.003762
64 32 3 100 34717 0.003762
43 339 3 100 322799 0.003762
290 60 3 100 29253 0.003762
72 223 3 100 32206 0.003763
36 390 3 100 657 0.003763
186 225 3 100 307660 0.003763
350 137 3 100 240893 0.003763
36 238 3 100 6293 0.003763
358 250 3 100 293642 0.003763
269 76 3 100 5240 0.003763
85 136 3 100 39411 0.003764
40 183 3 100 27096 0.003764
391 241 3 100 142087 0.003764
200 83 3 100 40600 0.003764
97 247 3 100 13958 0.003764
197 245 3 100 12334 0.003764
42 369 3 100 30365 0.003765
84 299 3 100 344 0.003765
298 98 3 100 34211 0.003765
52 267 3 100 16673 0.003765
91 153 3 100 41815 0.003766
145 27 3 100 1779 0.003766
128 72 3 100 27380 0.003766
271 283 3 100 15444 0.003766
394 253 3 100 34477 0.003766
120 271 3 100 136227 0.003766
80 325 3 100 9606 0.003766
129 109 3 100 6688 0.003767
192 85 3 100 150833 0.003767
355 39 3 100 30028 0.003767
164 236 3 100 73726 0.003768
78 214 3 100 7012 0.003768
400 110 3 100 15021 0.003768
203 287 3 100 61761 0.003768
230 347 3 100 16846 0.003768
147 194 3 100 40721 0.003768
291 327 3 100 15542 0.003768
273 55 3 100 40320 0.003770
320 125 3 100 20855 0.003770
92 63 3 100 10957 0.003770
30 34 3 100 25764 0.003770
284 108 3 100 27474 0.003770
38 238 3 100 52686 0.003771
229 301 3 100 27721 0.003771
40 298 3 100 351664 0.003771
231 172 3 100 24853 0.003772
268 47 3 100 7186 0.003772
182 210 3 100 14023 0.003772
276 322 3 100 1404 0.003772
26 393 3 100 31708 0.003773
31 344 3 100 24741 0.003773
336 248 3 100 361434 0.003773
52 322 3 100 371684 0.003773
98 340 3 100 62698 0.003773
150 310 3 100 18219 0.003773
366 66 3 100 25996 0.003773
39 398 3 100 6890 0.003773
301 330 3 100 14806 0.003773
309 38 3 100 22605 0.003773
386 94 3 100 435039 0.003774
290 274 3 100 10153 0.003774
122 307 3 100 2074 0.003774
165 119 3 100 28607 0.003774
130 293 3 100 22852 0.003774
380 328 3 100 12811 0.003774
364 192 3 100 19760 0.003774
356 241 3 100 26548 0.003774
197 169 3 100 7202 0.003775
120 78 3 100 3871 0.003775
136 87 3 100 2188 0.003775
188 398 3 100 20936 0.003775
21 238 3 100 44575 0.003775
162 115 3 100 15645 0.003775
243 332 3 100 35875 0.003776
317 326 3 100 44334 0.003776
220 391 3 100 5571 0.003776
94 232 3 100 42896 0.003776
330 194 3 100 4287 0.003777
34 243 3 100 28303 0.003777
263 131 3 100 43586 0.003777
134 339 3 100 404908 0.003777
239 99 3 100 35692 0.003777
313 153 3 100 411737 0.003777
125 224 3 100 3030 0.003777
58 349 3 100 1085 0.003777
370 390 3 100 41324 0.003777
208 234 3 100 9682 0.003778
235 143 3 100 42669 0.003778
213 130 3 100 42827 0.003778
207 223 3 100 34498 0.003778
353 35 3 100 420423 0.003779
148 89 3 100 5583 0.003779
320 261 3 100 96697 0.003779
245 304 3 100 113060 0.003779
169 124 3 100 45012 0.003779
189 220 3 100 16136 0.003779
296 38 3 100 27330 0.003779
354 306 3 100 18068 0.003779
77 339 3 100 21707 0.003779
297 393 3 100 42567 0.003779
103 143 3 100 34448 0.003779
109 366 3 100 265971 0.003780
183 215 3 100 40283 0.003780
232 156 3 100 17840 0.003780
199 110 3 100 99820 0.003780
145 342 3 100 21441 0.003780
196 381 3 100 35226 0.003780
42 399 3 100 32210 0.003780
25 300 3 100 12912 0.003780
300 269 3 100 36969 0.003781
139 26 3 100 9455 0.003781
264 270 3 100 12720 0.003781
370 269 3 100 43465 0.003781
226 64 3 100 38477 0.003781
230 78 3 100 36837 0.003782
322 334 3 100 28343 0.003782
252 185 3 100 29095 0.003782
231 153 3 100 339027 0.003782
126 146 3 100 45546 0.003782
133 313 3 100 43198 0.003782
282 73 3 100 364122 0.003782
300 209 3 100 35451 0.003783
115 186 3 100 29713 0.003783
250 276 3 100 25180 0.003783
346 331 3 100 8152 0.003783
230 122 3 100 14730 0.003784
53 81 3 100 30538 0.003784
384 354 3 100 41293 0.003784
215 367 3 100 30989 0.003784
55 145 3 100 17567 0.003784
289 147 3 100 9281 0.003784
42 384 3 100 10104 0.003784
286 196 3 100 27981 0.003785
49 179 3 100 43266 0.003785
339 343 3 100 67605 0.003785
274 60 3 100 5666 0.003785
97 66 3 100 974 0.003785
103 271 3 100 70200 0.003786
255 331 3 100 176776 0.003786
236 274 3 100 38617 0.003786
361 140 3 100 89659 0.003786
384 365 3 100 26535 0.003786
280 191 3 100 7948 0.003786
253 302 3 100 289771 0.003786
255 111 3 100 212244 0.003786
291 218 3 100 18736 0.003787
351 372 3 100 171600 0.003787
251 224 3 100 82726 0.003787
333 162 3 100 44249 0.003787
131 339 3 100 18052 0.003787
64 377 3 100 44407 0.003787
145 243 3 100 12438 0.003787
160 84 3 100 42781 0.003787
295 287 3 100 3991 0.003787
288 36 3 100 8742 0.003787
130 197 3 100 39855 0.003788
305 172 3 100 16575 0.003788
212 139 3 100 13153 0.003788
368 137 3 100 39646 0.003788
283 102 3 100 40491 0.003788
159 109 3 100 244450 0.003789
287 213 3 100 227360 0.003789
48 341 3 100 3316 0.003789
272 115 3 100 56302 0.003789
139 343 3 100 34952 0.003789
207 233 3 100 26399 0.003789
323 200 3 100 44843 0.003790
385 268 3 100 28001 0.003790
241 61 3 100 11530 0.003790
180 227 3 100 2146 0.003790
73 374 3 100 278667 0.003790
303 83 3 100 44009 0.003790
249 299 3 100 1212 0.003790
307 397 3 100 28858 0.003790
282 45 3 100 24013 0.003790
41 42 3 100 35212 0.003790
257 202 3 100 23429 0.003791
333 277 3 100 27381 0.003791
302 383 3 100 26832 0.003791
351 65 3 100 330246 0.003792
231 27 3 100 42804 0.003792
376 392 3 100 18413 0.003792
281 369 3 100 45205 0.003792
352 349 3 100 23073 0.003792
202 348 3 100 26612 0.003792
316 253 3 100 430771 0.003792
38 162 3 100 19351 0.003793
393 191 3 100 20661 0.003793
171 201 3 100 27627 0.003793
313 337 3 100 18558 0.003793
44 31 3 100 1017 0.003793
46 42 3 100 36280 0.003793
336 384 3 100 5964 0.003794
350 150 3 100 23924 0.003794
365 147 3 100 12970 0.003794
220 185 3 100 18139 0.003794
200 266 3 100 24578 0.003795
38 112 3 100 15158 0.003795
295 211 3 100 63264 0.003795
343 279 3 100 403973 0.003795
364 203 3 100 139104 0.003795
386 158 3 100 17298 0.003795
268 248 3 100 14819 0.003796
33 71 3 100 15826 0.003796
224 187 3 100 14881 0.003796
356 385 3 100 31455 0.003797
307 399 3 100 386543 0.003797
141 391 3 100 9789 0.003797
161 89 3 100 244954 0.003797
59 290 3 100 14058 0.003797
370 290 3 100 9763 0.003797
297 153 3 100 36564 0.003797
288 329 3 100 38727 0.003798
224 21 3 100 146960 0.003798
50 336 3 100 16589 0.003798
366 181 3 100 7460 0.003798
153 111 3 100 106615 0.003798
270 224 3 100 451710 0.003798
55 89 3 100 3900 0.003798
212 348 3 100 74310 0.003799
40 181 3 100 15255 0.003799
191 127 3 100 36728 0.003799
192 306 3 100 18629 0.003799
59 338 3 100 33424 0.003799
61 286 3 100 18224 0.003800
257 359 3 100 8830 0.003800
360 190 3 100 9878 0.003801
179 221 3 100 15965 0.003801
239 145 3 100 20497 0.003801
85 282 3 100 414274 0.003801
96 117 3 100 37226 0.003801
309 234 3 100 7548 0.003801
246 167 3 100 22201 0.003801
58 107 3 100 41315 0.003802
165 299 3 100 28039 0.003802
270 168 3 100 42606 0.003802
117 364 3 100 39883 0.003802
367 147 3 100 27643 0.003802
53 392 3 100 276 0.003802
349 36 3 100 13899 0.003803
343 341 3 100 144358 0.003803
231 151 3 100 45192 0.003803
276 34 3 100 14418 0.003803
382 73 3 100 36714 0.003803
383 190 3 100 24716 0.003804
226 137 3 100 274735 0.003804
239 348 3 100 14857 0.003804
370 50 3 100 14630 0.003804
219 314 3 100 352274 0.003805
328 167 3 100 5766 0.003805
145 81 3 100 22495 0.003805
162 366 3 100 18969 0.003805
311 265 3 100 408 0.003805
99 162 3 100 39988 0.003806
156 76 3 100 173082 0.003806
292 131 3 100 3643 0.003806
238 388 3 100 2224 0.003806
345 58 3 100 127369 0.003807
367 259 3 100 10119 0.003807
194 362 3 100 11130 0.003807
336 324 3 100 39473 0.003807
223 398 3 100 37332 0.003808
158 359 3 100 6349 0.003808
317 85 3 100 43813 0.003808
105 67 3 100 4683 0.003808
29 311 3 100 15426 0.003809
211 259 3 100 5112 0.003809
146 241 3 100 12858 0.003809
91 298 3 100 386177 0.003809
124 249 3 100 8679 0.003809
144 145 3 100 15462 0.003809
180 352 3 100 30253 0.003809
393 231 3 100 42370 0.003809
29 154 3 100 19923 0.003809
251 249 3 100 25020 0.003810
344 358 3 100 3011 0.003810
56 86 3 100 8889 0.003810
266 324 3 100 16960 0.003810
182 303 3 100 10139 0.003810
195 260 3 100 16642 0.003811
112 98 3 100 11749 0.003811
138 361 3 100 15220 0.003811
402 305 3 100 39518 0.003811
326 379 3 100 43145 0.003811
139 87 3 100 18818 0.003811
62 296 3 100 10385 0.003812
293 383 3 100 2828 0.003812
244 78 3 100 25275 0.003812
328 322 3 100 29215 0.003812
293 347 3 100 40023 0.003812
387 83 3 100 7892 0.003812
387 303 3 100 15902 0.003812
279 271 3 100 6079 0.003812
276 151 3 100 45833 0.003813
370 354 3 100 40267 0.003813
201 293 3 100 32974 0.003813
292 196 3 100 3871 0.003813
231 270 3 100 16357 0.003814
30 332 3 100 17519 0.003814
318 253 3 100 14336 0.003814
255 401 3 100 3720 0.003814
278 300 3 100 42205 0.003815
334 199 3 100 44548 0.003815
152 216 3 100 16539 0.003815
67 32 3 100 98151 0.003815
365 360 3 100 39956 0.003815
96 71 3 100 6686 0.003815
239 250 3 100 45282 0.003815
48 195 3 100 33182 0.003815
252 238 3 100 105652 0.003816
374 353 3 100 10868 0.003816
171 97 3 100 32469 0.003816
118 396 3 100 23040 0.003816
84 238 3 100 146178 0.003817
205 27 3 100 23407 0.003817
177 23 3 100 9546 0.003817
95 303 3 100 293885 0.003817
195 369 3 100 19007 0.003817
267 157 3 100 11455 0.003817
237 186 3 100 28129 0.003817
221 203 3 100 109338 0.003818
25 347 3 100 40517 0.003818
306 73 3 100 45565 0.003818
387 363 3 100 4415 0.003818
387 32 3 100 8492 0.003818
122 344 3 100 18489 0.003818
298 239 3 100 32397 0.003818
259 250 3 100 29632 0.003819
306 336 3 100 16854 0.003819
375 391 3 100 132872 0.003819
233 49 3 100 14702 0.003819
390 193 3 100 24383 0.003819
390 290 3 100 21116 0.003819
238 267 3 100 267477 0.003819
238 79 3 100 8334 0.003819
132 234 3 100 1389 0.003820
285 242 3 100 22175 0.003820
400 183 3 100 429988 0.003820
39 31 3 100 12503 0.003820
365 32 3 100 31762 0.003820
214 39 3 100 13875 0.003820
354 86 3 100 355715 0.003821
190 318 3 100 45985 0.003821
383 323 3 100 38341 0.003821
256 247 3 100 28749 0.003821
395 29 3 100 22165 0.003821
398 65 3 100 1103 0.003821
287 169 3 100 208116 0.003822
329 175 3 100 168481 0.003822
188 130 3 100 43843 0.003822
158 383 3 100 26019 0.003822
185 289 3 100 2800 0.003822
395 78 3 100 31616 0.003822
364 188 3 100 321768 0.003822
147 206 3 100 19119 0.003823
343 213 3 100 2734 0.003823
69 133 3 100 45236 0.003823
346 179 3 100 263189 0.003823
252 200 3 100 195834 0.003823
282 323 3 100 20123 0.003823
162 48 3 100 2336 0.003824
344 224 3 100 9779 0.003824
391 158 3 100 255773 0.003824
154 280 3 100 24201 0.003824
295 118 3 100 27328 0.003824
177 212 3 100 19292 0.003824
221 81 3 100 4270 0.003825
80 45 3 100 12197 0.003825
402 58 3 100 12247 0.003825
72 48 3 100 44131 0.003825
175 144 3 100 21088 0.003825
80 370 3 100 28876 0.003825
77 159 3 100 34568 0.003825
372 153 3 100 35193 0.003825
102 117 3 100 26460 0.003826
300 290 3 100 55973 0.003826
107 391 3 100 49462 0.003826
231 372 3 100 226545 0.003826
385 192 3 100 5033 0.003827
122 164 3 100 35943 0.003827
312 344 3 100 265083 0.003827
264 22 3 100 9549 0.003827
87 257 3 100 59724 0.003827
33 354 3 100 2987 0.003827
26 268 3 100 21862 0.003827
149 147 3 100 158948 0.003827
288 149 3 100 8451 0.003827
89 344 3 100 1470 0.003827
216 23 3 100 938 0.003827
128 168 3 100 50790 0.003827
304 348 3 100 41896 0.003828
364 215 3 100 382811 0.003828
210 185 3 100 1104 0.003828
180 175 3 100 13886 0.003828
389 259 3 100 4117 0.003829
332 106 3 100 8041 0.003829
367 143 3 100 371829 0.003829
110 334 3 100 20414 0.003829
209 296 3 100 22125 0.003829
52 156 3 100 6866 0.003830
221 50 3 100 17991 0.003830
102 89 3 100 45296 0.003830
175 366 3 100 2329 0.003830
58 186 3 100 45135 0.003830
74 250 3 100 667 0.003830
310 378 3 100 17281 0.003830
372 391 3 100 20495 0.003830
142 341 3 100 977 0.003830
367 226 3 100 26623 0.003831
230 99 3 100 22916 0.003831
304 352 3 100 422053 0.003831
39 141 3 100 33473 0.003831
217 174 3 100 17319 0.003831
169 253 3 100 41843 0.003831
53 121 3 100 99 0.003831
21 359 3 100 27143 0.003831
297 27 3 100 31164 0.003832
278 98 3 100 153833 0.003832
189 297 3 100 5637 0.003832
115 363 3 100 1903 0.003832
332 38 3 100 151981 0.003832
390 394 3 100 426523 0.003832
178 161 3 100 249012 0.003833
317 347 3 100 37605 0.003833
403 158 3 100 273478 0.003833
305 107 3 100 36935 0.003833
137 31 3 100 12063 0.003833
358 220 3 100 239206 0.003833
351 141 3 100 34704 0.003833
394 210 3 100 13971 0.003834
150 36 3 100 45289 0.003834
185 201 3 100 41419 0.003834
277 167 3 100 44969 0.003834
315 222 3 100 417750 0.003834
35 70 3 100 34197 0.003834
340 104 3 100 6353 0.003834
159 179 3 100 34031 0.003834
207 279 3 100 23866 0.003835
223 309 3 100 41386 0.003835
134 42 3 100 209994 0.003835
385 45 3 100 1990 0.003835
146 110 3 100 64574 0.003835
104 73 3 100 9468 0.003835
181 63 3 100 270767 0.003835
291 88 3 100 7320 0.003835
192 39 3 100 247956 0.003836
260 386 3 100 36320 0.003836
62 194 3 100 32137 0.003836
98 74 3 100 428235 0.003836
37 205 3 100 167946 0.003836
66 202 3 100 166270 0.003836
250 125 3 100 390266 0.003836
271 92 3 100 29322 0.003836
126 336 3 100 25159 0.003836
213 84 3 100 21683 0.003836
169 244 3 100 26119 0.003837
279 208 3 100 37999 0.003837
148 297 3 100 758 0.003837
313 308 3 100 10208 0.003837
208 274 3 100 24826 0.003838
358 206 3 100 9819 0.003838
213 131 3 100 318086 0.003838
234 394 3 100 34641 0.003838
271 124 3 100 182923 0.003838
171 220 3 100 170636 0.003838
255 69 3 100 102988 0.003838
167 188 3 100 27816 0.003839
98 403 3 100 26859 0.003839
298 182 3 100 4178 0.003839
310 76 3 100 2550 0.003840
152 376 3 100 156330 0.003840
260 292 3 100 20645 0.003840
336 53 3 100 37296 0.003840
179 271 3 100 45188 0.003840
144 198 3 100 22199 0.003840
73 387 3 100 1211 0.003841
354 72 3 100 43651 0.003841
95 82 3 100 253923 0.003841
282 195 3 100 378037 0.003841
396 303 3 100 185 0.003841
309 356 3 100 11215 0.003842
230 257 3 100 2110 0.003842
286 231 3 100 9499 0.003842
233 350 3 100 44356 0.003842
321 82 3 100 20171 0.003842
386 163 3 100 8369 0.003842
191 232 3 100 408059 0.003842
187 119 3 100 8360 0.003843
398 355 3 100 8033 0.003843
233 154 3 100 41816 0.003843
379 178 3 100 5057 0.003843
58 261 3 100 6765 0.003843
232 66 3 100 190330 0.003843
383 129 3 100 412429 0.003844
357 384 3 100 6461 0.003844
100 203 3 100 9884 0.003844
78 265 3 100 10516 0.003844
248 100 3 100 352 0.003844
125 311 3 100 9591 0.003845
50 304 3 100 395018 0.003845
290 160 3 100 15968 0.003845
176 141 3 100 3316 0.003846
280 181 3 100 39590 0.003846
168 211 3 100 39374 0.003846
276 93 3 100 266444 0.003846
190 312 3 100 12125 0.003846
263 204 3 100 18898 0.003846
98 293 3 100 45507 0.003846
59 181 3 100 15729 0.003846
197 54 3 100 448851 0.003846
20 68 3 100 20457 0.003847
368 311 3 100 19261 0.003847
70 117 3 100 5498 0.003847
273 344 3 100 25812 0.003847
267 82 3 100 36349 0.003848
298 184 3 100 17386 0.003848
220 47 3 100 19862 0.003848
20 48 3 100 8097 0.003848
218 128 3 100 43316 0.003848
238 48 3 100 43813 0.003848
64 65 3 100 766 0.003849
212 208 3 100 10550 0.003849
201 108 3 100 27176 0.003849
282 285 3 100 109165 0.003849
130 299 3 100 45911 0.003849
153 222 3 100 6351 0.003849
216 356 3 100 6842 0.003850
36 63 3 100 200003 0.003850
135 41 3 100 1201 0.003850
144 73 3 100 33754 0.003850
354 278 3 100 39403 0.003850
98 144 3 100 402 0.003850
109 198 3 100 41042 0.003851
320 278 3 100 25301 0.003851
400 71 3 100 35925 0.003851
374 280 3 100 29427 0.003851
363 194 3 100 127222 0.003851
360 345 3 100 20859 0.003851
290 229 3 100 40325 0.003851
344 288 3 100 29787 0.003852
297 359 3 100 1056 0.003852
314 257 3 100 30055 0.003852
218 316 3 100 242075 0.003852
216 153 3 100 13872 0.003852
159 95 3 100 36489 0.003852
175 187 3 100 8017 0.003852
316 131 3 100 455033 0.003852
244 283 3 100 11105 0.003853
56 299 3 100 120643 0.003853
321 297 3 100 327911 0.003853
61 211 3 100 18887 0.003853
79 124 3 100 7846 0.003853
379 269 3 100 409372 0.003853
373 325 3 100 40467 0.003853
303 394 3 100 24654 0.003854
245 125 3 100 22462 0.003854
227 139 3 100 1060 0.003854
42 119 3 100 269871 0.003854
20 75 3 100 24982 0.003855
238 379 3 100 6399 0.003855
208 135 3 100 919 0.003855
97 338 3 100 276026 0.003855
289 366 3 100 7435 0.003855
262 211 3 100 9909 0.003855
335 269 3 100 28982 0.003856
38 136 3 100 44229 0.003856
110 194 3 100 22283 0.003856
384 194 3 100 17317 0.003856
267 397 3 100 21172 0.003856
258 120 3 100 13912 0.003857
140 49 3 100 192073 0.003857
248 179 3 100 3183 0.003858
136 131 3 100 29543 0.003858
247 99 3 100 39741 0.003859
46 151 3 100 19703 0.003859
54 55 3 100 365387 0.003859
69 401 3 100 19186 0.003859
53 307 3 100 44446 0.003859
229 112 3 100 1506 0.003859
221 135 3 100 12917 0.003860
207 201 3 100 34993 0.003860
214 198 3 100 201058 0.003860
279 155 3 100 50823 0.003861
268 95 3 100 16816 0.003861
314 142 3 100 24532 0.003861
317 243 3 100 42359 0.003862
141 32 3 100 6772 0.003862
59 40 3 100 16105 0.003862
334 175 3 100 24135 0.003862
207 246 3 100 316732 0.003863
87 51 3 100 113505 0.003863
400 309 3 100 39076 0.003863
248 69 3 100 18024 0.003863
260 106 3 100 223961 0.003863
29 402 3 100 14866 0.003863
169 380 3 100 17638 0.003863
119 315 3 100 42540 0.003864
179 280 3 100 7862 0.003864
80 54 3 100 15515 0.003864
240 168 3 100 120 0.003864
373 232 3 100 40625 0.003864
187 252 3 100 23080 0.003864
305 241 3 100 3212 0.003864
370 346 3 100 175934 0.003865
156 46 3 100 43181 0.003865
82 164 3 100 44446 0.003865
104 320 3 100 20633 0.003865
69 235 3 100 31401 0.003865
244 298 3 100 23246 0.003865
403 365 3 100 368416 0.003865
244 334 3 100 6398 0.003865
43 134 3 100 25477 0.003866
155 69 3 100 152838 0.003866
144 169 3 100 17771 0.003866
161 84 3 100 3350 0.003866
87 397 3 100 3177 0.003866
117 296 3 100 230527 0.003866
169 199 3 100 42547 0.003866
343 144 3 100 29649 0.003866
224 394 3 100 14000 0.003867
380 197 3 100 35804 0.003867
234 125 3 100 39370 0.003867
118 60 3 100 40683 0.003867
395 135 3 100 27241 0.003867
232 196 3 100 1680 0.003868
143 290 3 100 21887 0.003868
175 380 3 100 2904 0.003868
59 27 3 100 8610 0.003869
213 142 3 100 10627 0.003869
48 219 3 100 44507 0.003869
268 94 3 100 11103 0.003869
99 177 3 100 34671 0.003870
305 259 3 100 45853 0.003870
30 211 3 100 20996 0.003870
249 361 3 100 36949 0.003870
106 35 3 100 35271 0.003870
237 72 3 100 13368 0.003871
359 380 3 100 40594 0.003871
278 329 3 100 18672 0.003871
122 400 3 100 19430 0.003871
177 73 3 100 44557 0.003871
311 203 3 100 36294 0.003871
111 310 3 100 9491 0.003871
24 229 3 100 247175 0.003871
145 268 3 100 43507 0.003871
256 56 3 100 42351 0.003872
250 167 3 100 3763 0.003872
161 281 3 100 42367 0.003872
303 32 3 100 32904 0.003872
22 307 3 100 13083 0.003872
206 253 3 100 6706 0.003872
260 150 3 100 283411 0.003872
238 373 3 100 8365 0.003873
339 360 3 100 343322 0.003873
195 238 3 100 34415 0.003873
368 55 3 100 14541 0.003874
398 401 3 100 3247 0.003875
392 389 3 100 11567 0.003875
229 143 3 100 440166 0.003875
239 113 3 100 8119 0.003875
211 391 3 100 23451 0.003875
98 319 3 100 36004 0.003876
299 209 3 100 339405 0.003876
168 387 3 100 17170 0.003876
20 157 3 100 38754 0.003876
21 168 3 100 24688 0.003876
350 71 3 100 22150 0.003876
219 241 3 100 6126 0.003876
317 298 3 100 36082 0.003877
37 20 3 100 148810 0.003877
87 69 3 100 157073 0.003877
112 89 3 100 12417 0.003877
317 122 3 100 31809 0.003877
120 308 3 100 6312 0.003877
51 209 3 100 34535 0.003878
348 57 3 100 7928 0.003878
336 362 3 100 384063 0.003878
135 21 3 100 34902 0.003878
144 250 3 100 8274 0.003878
104 69 3 100 207094 0.003878
194 252 3 100 34818 0.003879
118 218 3 100 22196 0.003879
245 25 3 100 411853 0.003879
126 99 3 100 245 0.003879
53 48 3 100 33021 0.003879
384 365 3 100 144311 0.003879
174 201 3 100 449886 0.003879
39 325 3 100 450485 0.003880
204 302 3 100 29665 0.003880
293 276 3 100 13636 0.003881
97 319 3 100 34972 0.003881
198 99 3 100 24407 0.003881
318 203 3 100 4954 0.003881
112 116 3 100 30086 0.003881
58 252 3 100 15367 0.003881
101 26 3 100 67779 0.003882
292 77 3 100 4779 0.003882
166 286 3 100 45655 0.003882
151 204 3 100 44139 0.003882
150 222 3 100 360918 0.003882
280 191 3 100 30710 0.003882
93 213 3 100 255 0.003882
399 94 3 100 42697 0.003882
348 355 3 100 17200 0.003882
230 48 3 100 1292 0.003883
81 146 3 100 7857 0.003883
342 275 3 100 9412 0.003883
225 353 3 100 6909 0.003884
103 178 3 100 19505 0.003884
159 403 3 100 15249 0.003884
283 347 3 100 399181 0.003884
297 200 3 100 5651 0.003884
144 24 3 100 28514 0.003884
123 313 3 100 118883 0.003885
128 193 3 100 444038 0.003885
224 114 3 100 42343 0.003885
225 289 3 100 169579 0.003885
194 117 3 100 9557 0.003886
202 274 3 100 43067 0.003886
75 308 3 100 33801 0.003886
281 248 3 100 21268 0.003886
224 111 3 100 5033 0.003886
241 43 3 100 23050 0.003886
167 272 3 100 404473 0.003887
138 42 3 100 20630 0.003887
71 172 3 100 19401 0.003887
250 365 3 100 21708 0.003887
20 308 3 100 32522 0.003888
177 394 3 100 8060 0.003888
140 118 3 100 29724 0.003888
341 36 3 100 14836 0.003888
382 188 3 100 16397 0.003889
340 58 3 100 30489 0.003889
163 135 3 100 2984 0.003889
284 323 3 100 38261 0.003890
20 23 3 100 34664 0.003890
122 126 3 100 42543 0.003891
256 275 3 100 84638 0.003891
356 99 3 100 3585 0.003891
195 25 3 100 26001 0.003891
397 273 3 100 269194 0.003891
20 42 3 100 277955 0.003891
373 178 3 100 6989 0.003892
255 358 3 100 427532 0.003892
306 157 3 100 1821 0.003892
339 147 3 100 10567 0.003892
382 129 3 100 5235 0.003892
264 34 3 100 41908 0.003892
80 114 3 100 42183 0.003892
73 217 3 100 5652 0.003893
54 155 3 100 27151 0.003893
52 80 3 100 15553 0.003893
149 342 3 100 379979 0.003893
244 222 3 100 7475 0.003893
199 165 3 100 234570 0.003893
385 85 3 100 367860 0.003893
88 273 3 100 33011 0.003894
76 100 3 100 26494 0.003894
258 301 3 100 8217 0.003894
139 270 3 100 10773 0.003894
62 103 3 100 21374 0.003894
164 66 3 100 16235 0.003895
117 198 3 100 34803 0.003895
362 335 3 100 9766 0.003895
169 397 3 100 224955 0.003895
182 126 3 100 21458 0.003896
398 392 3 100 353015 0.003896
196 207 3 100 16815 0.003897
210 342 3 100 31568 0.003897
316 174 3 100 1175 0.003897
255 148 3 100 43557 0.003897
261 42 3 100 45105 0.003897
344 160 3 100 30198 0.003897
108 324 3 100 35295 0.003897
43 167 3 100 41159 0.003897
62 25 3 100 16279 0.003897
323 284 3 100 11057 0.003897
326 194 3 100 44160 0.003897
22 183 3 100 4521 0.003898
212 397 3 100 39720 0.003898
343 150 3 100 35509 0.003898
68 374 3 100 23347 0.003898
397 261 3 100 28252 0.003898
328 325 3 100 43380 0.003898
179 59 3 100 218880 0.003898
230 176 3 100 2990 0.003898
207 76 3 100 1566 0.003898
123 231 3 100 5997 0.003899
110 210 3 100 39760 0.003899
33 392 3 100 20237 0.003899
251 144 3 100 8545 0.003899
177 59 3 100 240479 0.003899
261 283 3 100 9705 0.003899
331 124 3 100 26410 0.003900
69 32 3 100 283275 0.003901
71 370 3 100 8923 0.003901
158 26 3 100 454868 0.003901
344 341 3 100 20835 0.003901
106 51 3 100 42698 0.003901
288 98 3 100 36518 0.003902
34 302 3 100 42909 0.003902
312 246 3 100 32233 0.003902
378 193 3 100 276026 0.003903
363 214 3 100 13316 0.003903
366 189 3 100 19209 0.003903
49 261 3 100 43389 0.003903
92 333 3 100 44916 0.003904
287 201 3 100 43582 0.003904
261 310 3 100 41944 0.003904
250 278 3 100 26897 0.003905
47 303 3 100 6131 0.003905
278 33 3 100 38233 0.003905
84 206 3 100 394192 0.003905
374 85 3 100 29791 0.003905
45 303 3 100 388621 0.003905
241 372 3 100 5382 0.003905
55 268 3 100 352061 0.003906
127 224 3 100 41771 0.003906
372 244 3 100 29315 0.003906
169 62 3 100 87115 0.003906
201 224 3 100 261184 0.003906
145 176 3 100 1637 0.003906
106 70 3 100 13218 0.003906
160 227 3 100 37402 0.003906
301 160 3 100 19423 0.003906
306 180 3 100 12165 0.003906
276 126 3 100 15208 0.003906
395 279 3 100 31458 0.003906
127 263 3 100 20998 0.003907
211 236 3 100 11713 0.003907
215 256 3 100 28509 0.003907
369 280 3 100 32321 0.003907
253 107 3 100 9474 0.003908
218 53 3 100 26545 0.003908
232 101 3 100 12113 0.003908
107 145 3 100 2018 0.003909
262 281 3 100 3865 0.003909
223 234 3 100 26109 0.003909
155 202 3 100 37653 0.003909
131 61 3 100 29210 0.003909
97 226 3 100 748 0.003909
30 373 3 100 45630 0.003909
296 67 3 100 20262 0.003910
216 118 3 100 44502 0.003910
122 235 3 100 39495 0.003910
181 110 3 100 18065 0.003910
187 217 3 100 3201 0.003911
71 270 3 100 44492 0.003911
127 223 3 100 306981 0.003911
367 375 3 100 18635 0.003912
402 142 3 100 40247 0.003912
336 344 3 100 36036 0.003912
112 125 3 100 32533 0.003912
360 71 3 100 97006 0.003912
202 157 3 100 30974 0.003912
290 89 3 100 7056 0.003912
34 195 3 100 3607 0.003912
317 402 3 100 15133 0.003912
137 250 3 100 10258 0.003913
28 114 3 100 23841 0.003913
337 300 3 100 17525 0.003913
252 80 3 100 42538 0.003913
122 175 3 100 10282 0.003913
368 341 3 100 26515 0.003913
365 292 3 100 70934 0.003913
325 379 3 100 89674 0.003913
203 263 3 100 5818 0.003914
383 79 3 100 38005 0.003914
198 30 3 100 359862 0.003914
178 268 3 100 23008 0.003915
249 331 3 100 357739 0.003915
140 167 3 100 19043 0.003916
181 87 3 100 39886 0.003916
358 343 3 100 43172 0.003916
176 376 3 100 19776 0.003916
368 31 3 100 298045 0.003916
348 389 3 100 40066 0.003916
236 251 3 100 251678 0.003916
282 287 3 100 45006 0.003916
308 143 3 100 34253 0.003916
103 321 3 100 13886 0.003916
241 108 3 100 15259 0.003917
103 166 3 100 20785 0.003917
342 130 3 100 14098 0.003917
274 399 3 100 2462 0.003917
402 72 3 100 11491 0.003918
354 298 3 100 173415 0.003918
206 402 3 100 40077 0.003918
133 98 3 100 19279 0.003918
262 340 3 100 27686 0.003918
113 230 3 100 31726 0.003918
44 188 3 100 37690 0.003918
73 156 3 100 5229 0.003918
244 146 3 100 18227 0.003919
400 75 3 100 406576 0.003919
352 274 3 100 203523 0.003919
217 51 3 100 615 0.003919
356 341 3 100 26846 0.003919
32 241 3 100 24681 0.003919
158 172 3 100 3589 0.003919
296 361 3 100 303624 0.003919
104 293 3 100 20704 0.003919
285 66 3 100 99131 0.003920
98 138 3 100 42262 0.003920
157 96 3 100 24756 0.003921
391 27 3 100 27532 0.003921
27 302 3 100 21257 0.003921
63 195 3 100 22614 0.003921
346 391 3 100 42297 0.003921
387 241 3 100 14762 0.003921
241 83 3 100 30831 0.003921
154 284 3 100 46522 0.003921
261 327 3 100 41468 0.003922
342 300 3 100 17131 0.003922
229 201 3 100 29766 0.003922
385 194 3 100 42750 0.003922
176 101 3 100 36848 0.003922
111 350 3 100 29726 0.003922
248 277 3 100 28933 0.003922
33 238 3 100 21065 0.003922
388 74 3 100 36979 0.003923
48 286 3 100 25461 0.003923
108 241 3 100 31503 0.003923
329 104 3 100 19789 0.003923
320 174 3 100 20783 0.003923
265 275 3 100 24721 0.003923
216 203 3 100 7888 0.003923
341 209 3 100 17921 0.003923
243 120 3 100 30000 0.003923
352 305 3 100 35333 0.003923
176 205 3 100 385244 0.003924
398 254 3 100 438903 0.003924
394 33 3 100 36891 0.003924
394 330 3 100 33675 0.003924
272 396 3 100 23875 0.003924
68 228 3 100 33695 0.003924
113 292 3 100 23126 0.003924
61 298 3 100 860 0.003924
169 288 3 100 38677 0.003925
185 115 3 100 29346 0.003925
347 344 3 100 4832 0.003925
95 86 3 100 31641 0.003925
27 168 3 100 25532 0.003925
242 323 3 100 168581 0.003926
76 385 3 100 15054 0.003926
35 380 3 100 17468 0.003926
187 325 3 100 6692 0.003927
172 380 3 100 21161 0.003927
311 232 3 100 19247 0.003927
272 148 3 100 293398 0.003927
154 261 3 100 45749 0.003927
226 219 3 100 6179 0.003928
190 266 3 100 44060 0.003928
321 281 3 100 42487 0.003928
102 108 3 100 21390 0.003928
308 95 3 100 81354 0.003928
108 60 3 100 15065 0.003928
40 257 3 100 12381 0.003928
102 261 3 100 9294 0.003929
33 179 3 100 28142 0.003929
234 280 3 100 39237 0.003929
244 333 3 100 25668 0.003930
256 227 3 100 379283 0.003930
281 290 3 100 33443 0.003930
164 37 3 100 35009 0.003930
322 58 3 100 38701 0.003930
297 218 3 100 99587 0.003931
351 184 3 100 44161 0.003931
366 81 3 100 32470 0.003931
61 328 3 100 212351 0.003931
28 311 3 100 43002 0.003932
391 103 3 100 24262 0.003932
67 30 3 100 373043 0.003933
89 223 3 100 25750 0.003933
246 26 3 100 36579 0.003933
293 155 3 100 35188 0.003933
175 194 3 100 36443 0.003933
230 198 3 100 239794 0.003934
388 144 3 100 17364 0.003934
282 364 3 100 286520 0.003934
187 256 3 100 3869 0.003934
287 33 3 100 14048 0.003934
209 116 3 100 26237 0.003934
277 387 3 100 36200 0.003934
134 95 3 100 31618 0.003935
200 400 3 100 100708 0.003935
202 351 3 100 11321 0.003935
63 266 3 100 14146 0.003935
101 151 3 100 45231 0.003936
156 234 3 100 36995 0.003936
379 220 3 100 344530 0.003936
38 305 3 100 20625 0.003936
111 301 3 100 32619 0.003936
402 276 3 100 21842 0.003937
395 216 3 100 237160 0.003937
206 221 3 100 10193 0.003937
175 291 3 100 17881 0.003937
386 282 3 100 14326 0.003938
209 254 3 100 29545 0.003938
205 196 3 100 13305 0.003938
211 387 3 100 127462 0.003938
385 333 3 100 27138 0.003938
58 359 3 100 11173 0.003939
190 192 3 100 45491 0.003939
314 147 3 100 3612 0.003939
87 360 3 100 23336 0.003939
391 176 3 100 12514 0.003939
137 383 3 100 18446 0.003939
353 42 3 100 383064 0.003939
93 125 3 100 66334 0.003940
184 298 3 100 16343 0.003940
66 119 3 100 38512 0.003940
179 392 3 100 17897 0.003940
53 23 3 100 24658 0.003940
168 140 3 100 393480 0.003940
399 165 3 100 42937 0.003940
68 339 3 100 9607 0.003940
395 338 3 100 11882 0.003940
130 353 3 100 442176 0.003941
360 254 3 100 15427 0.003941
60 82 3 100 14615 0.003941
226 148 3 100 9688 0.003941
243 45 3 100 41385 0.003941
385 85 3 100 433140 0.003941
334 212 3 100 29561 0.003941
184 117 3 100 43728 0.003941
213 201 3 100 45843 0.003942
151 254 3 100 23226 0.003942
126 266 3 100 258649 0.003942
164 377 3 100 45561 0.003942
124 194 3 100 12836 0.003942
302 247 3 100 29380 0.003942
209 263 3 100 262671 0.003942
301 312 3 100 319525 0.003942
234 359 3 100 358651 0.003943
29 114 3 100 268918 0.003943
287 382 3 100 30829 0.003943
246 104 3 100 28703 0.003943
321 45 3 100 21148 0.003943
282 401 3 100 69885 0.003943
327 275 3 100 18235 0.003943
270 229 3 100 3046 0.003943
125 324 3 100 41569 0.003944
351 177 3 100 9805 0.003944
252 382 3 100 2224 0.003944
120 343 3 100 44805 0.003944
212 103 3 100 11 0.003944
61 182 3 100 14195 0.003944
264 259 3 100 5288 0.003944
233 143 3 100 21055 0.003944
132 78 3 100 16318 0.003945
280 42 3 100 39266 0.003945
37 109 3 100 5060 0.003945
351 384 3 100 46016 0.003945
129 23 3 100 314704 0.003945
181 172 3 100 6832 0.003946
277 147 3 100 2955 0.003946
143 170 3 100 33374 0.003946
212 341 3 100 26230 0.003946
375 60 3 100 33611 0.003946
221 26 3 100 19376 0.003946
124 128 3 100 301721 0.003947
118 64 3 100 32635 0.003948
85 325 3 100 5141 0.003948
311 36 3 100 22394 0.003948
62 227 3 100 19049 0.003948
118 399 3 100 30554 0.003949
255 246 3 100 4294 0.003949
183 279 3 100 10808 0.003949
97 297 3 100 2338 0.003949
24 206 3 100 88616 0.003949
62 158 3 100 20028 0.003950
294 335 3 100 31958 0.003950
62 260 3 100 416152 0.003950
198 212 3 100 40808 0.003950
22 266 3 100 17182 0.003950
148 289 3 100 22879 0.003950
396 59 3 100 14820 0.003950
288 316 3 100 4887 0.003951
200 243 3 100 23800 0.003951
315 266 3 100 37326 0.003951
184 335 3 100 29357 0.003951
31 329 3 100 25946 0.003951
352 208 3 100 351171 0.003952
260 383 3 100 2250 0.003952
220 171 3 100 4901 0.003952
48 312 3 100 22153 0.003952
297 120 3 100 38368 0.003952
286 207 3 100 40846 0.003952
179 115 3 100 6293 0.003952
141 177 3 100 319445 0.003952
282 165 3 100 11796 0.003952
339 41 3 100 32033 0.003952
125 258 3 100 5016 0.003952
95 223 3 100 52819 0.003952
218 71 3 100 14897 0.003952
306 400 3 100 36800 0.003952
258 222 3 100 31439 0.003953
190 294 3 100 6453 0.003953
212 119 3 100 20283 0.003953
245 358 3 100 17424 0.003953
223 163 3 100 2647 0.003953
338 240 3 100 27420 0.003953
150 51 3 100 2786 0.003953
389 150 3 100 12422 0.003954
201 377 3 100 9239 0.003954
134 245 3 100 42274 0.003954
198 101 3 100 34188 0.003954
175 103 3 100 372299 0.003954
112 200 3 100 5242 0.003954
367 121 3 100 21675 0.003954
98 133 3 100 18199 0.003954
310 21 3 100 169407 0.003955
294 351 3 100 175783 0.003955
329 210 3 100 391950 0.003955
278 311 3 100 312668 0.003955
157 402 3 100 450657 0.003955
206 247 3 100 206221 0.003955
27 224 3 100 316380 0.003955
365 259 3 100 45232 0.003956
257 280 3 100 332429 0.003956
125 317 3 100 34866 0.003956
102 58 3 100 11250 0.003956
318 47 3 100 10835 0.003956
168 103 3 100 26115 0.003957
83 338 3 100 26046 0.003957
253 335 3 100 271695 0.003957
367 22 3 100 14343 0.003957
143 338 3 100 45433 0.003957
324 242 3 100 46018 0.003958
125 80 3 100 317969 0.003958
238 227 3 100 28797 0.003958
238 228 3 100 314092 0.003958
198 193 3 100 14478 0.003958
342 87 3 100 115500 0.003958
67 363 3 100 12790 0.003958
371 190 3 100 305891 0.003959
316 232 3 100 19355 0.003959
186 114 3 100 19252 0.003959
244 249 3 100 11798 0.003959
223 161 3 100 20524 0.003959
35 311 3 100 7484 0.003959
120 306 3 100 409198 0.003959
214 208 3 100 7640 0.003959
21 262 3 100 4052 0.003959
33 113 3 100 45675 0.003959
325 135 3 100 41846 0.003959
308 298 3 100 218779 0.003960
215 144 3 100 127368 0.003960
86 322 3 100 7156 0.003960
341 33 3 100 396128 0.003960
105 391 3 100 34362 0.003960
345 161 3 100 12404 0.003960
274 277 3 100 43509 0.003961
285 22 3 100 23138 0.003961
109 287 3 100 43485 0.003961
89 325 3 100 44614 0.003961
334 390 3 100 30994 0.003961
379 343 3 100 3962 0.003961
242 322 3 100 12611 0.003962
184 364 3 100 27265 0.003962
316 347 3 100 10466 0.003962
56 228 3 100 364504 0.003962
200 390 3 100 16349 0.003962
85 168 3 100 2004 0.003962
21 320 3 100 44263 0.003962
36 84 3 100 40560 0.003962
205 59 3 100 12384 0.003962
96 330 3 100 80153 0.003962
344 299 3 100 60132 0.003963
322 202 3 100 7258 0.003963
348 228 3 100 25022 0.003963
187 260 3 100 43427 0.003963
378 241 3 100 4469 0.003963
377 90 3 100 377059 0.003963
198 66 3 100 26323 0.003963
46 128 3 100 144122 0.003963
289 155 3 100 3236 0.003963
120 180 3 100 19689 0.003963
183 224 3 100 30697 0.003963
61 365 3 100 1571 0.003964
124 278 3 100 27553 0.003964
104 304 3 100 32779 0.003964
88 121 3 100 350862 0.003964
111 333 3 100 34265 0.003965
89 238 3 100 31347 0.003965
211 353 3 100 34024 0.003965
76 33 3 100 30248 0.003965
250 62 3 100 36335 0.003965
391 299 3 100 10580 0.003966
132 120 3 100 220471 0.003966
275 28 3 100 33417 0.003966
387 150 3 100 39600 0.003966
290 263 3 100 31123 0.003966
33 189 3 100 35828 0.003967
328 54 3 100 12103 0.003967
169 400 3 100 38720 0.003967
145 390 3 100 254126 0.003967
320 111 3 100 11842 0.003967
67 125 3 100 45215 0.003967
245 270 3 100 14951 0.003968
223 122 3 100 9143 0.003968
111 51 3 100 13421 0.003968
25 401 3 100 17143 0.003968
200 364 3 100 7501 0.003968
370 172 3 100 33245 0.003968
400 64 3 100 17673 0.003968
165 287 3 100 17289 0.003968
186 370 3 100 36603 0.003969
185 330 3 100 33404 0.003969
392 41 3 100 22146 0.003969
198 291 3 100 120555 0.003969
96 86 3 100 39622 0.003969
220 335 3 100 38134 0.003970
93 76 3 100 39998 0.003970
122 59 3 100 28724 0.003970
363 231 3 100 12736 0.003970
311 198 3 100 39414 0.003970
277 142 3 100 29711 0.003970
236 340 3 100 18809 0.003970
367 336 3 100 3014 0.003970
170 206 3 100 412824 0.003971
112 202 3 100 253591 0.003971
136 363 3 100 7398 0.003971
281 123 3 100 16782 0.003971
353 53 3 100 22587 0.003971
157 231 3 100 32578 0.003971
367 34 3 100 111225 0.003971
397 298 3 100 29082 0.003972
358 220 3 100 8798 0.003972
125 219 3 100 30473 0.003973
98 201 3 100 299371 0.003973
187 75 3 100 457686 0.003973
231 20 3 100 45964 0.003973
303 136 3 100 7236 0.003974
234 100 3 100 44871 0.003974
180 237 3 100 13850 0.003974
98 116 3 100 223244 0.003974
201 279 3 100 7489 0.003974
162 182 3 100 315313 0.003974
107 157 3 100 243018 0.003974
285 148 3 100 37283 0.003974
25 92 3 100 14340 0.003975
92 128 3 100 205507 0.003975
249 292 3 100 13871 0.003975
301 403 3 100 30780 0.003975
69 364 3 100 403 0.003975
369 289 3 100 308 0.003976
229 143 3 100 18375 0.003976
209 195 3 100 35497 0.003976
268 223 3 100 24046 0.003976
227 251 3 100 13038 0.003976
135 241 3 100 27488 0.003976
55 383 3 100 139627 0.003977
316 361 3 100 39552 0.003977
75 36 3 100 35595 0.003977
399 122 3 100 18348 0.003977
165 134 3 100 28835 0.003977
159 311 3 100 13683 0.003977
93 303 3 100 33421 0.003978
279 167 3 100 3868 0.003978
83 44 3 100 29842 0.003978
62 401 3 100 45818 0.003978
120 339 3 100 3506 0.003978
49 139 3 100 8969 0.003978
312 263 3 100 22100 0.003978
125 200 3 100 115367 0.003978
247 138 3 100 22811 0.003979
305 128 3 100 23819 0.003979
294 371 3 100 36298 0.003979
389 357 3 100 23010 0.003979
177 202 3 100 17141 0.003979
88 61 3 100 17803 0.003979
355 370 3 100 43826 0.003979
319 241 3 100 364108 0.003979
94 71 3 100 22155 0.003979
60 23 3 100 7040 0.003980
285 69 3 100 24826 0.003980
284 125 3 100 1184 0.003980
274 216 3 100 12883 0.003980
230 168 3 100 40187 0.003980
84 173 3 100 31409 0.003980
30 284 3 100 24695 0.003980
79 76 3 100 25574 0.003980
320 233 3 100 42391 0.003981
78 110 3 100 8534 0.003981
34 332 3 100 33604 0.003981
250 364 3 100 3158 0.003981
195 250 3 100 24673 0.003981
199 56 3 100 21923 0.003982
263 333 3 100 6445 0.003982
273 361 3 100 10087 0.003982
25 174 3 100 43582 0.003982
251 92 3 100 23397 0.003982
259 305 3 100 5537 0.003982
171 335 3 100 26869 0.003982
132 378 3 100 21726 0.003983
68 292 3 100 13983 0.003983
248 350 3 100 134326 0.003983
403 53 3 100 22688 0.003984
49 358 3 100 13753 0.003984
60 112 3 100 13551 0.003984
329 319 3 100 37432 0.003984
171 61 3 100 13161 0.003985
197 209 3 100 171663 0.003985
379 58 3 100 16625 0.003985
368 217 3 100 233471 0.003985
359 41 3 100 39338 0.003985
279 278 3 100 22087 0.003985
178 149 3 100 16406 0.003986
172 373 3 100 30342 0.003986
122 183 3 100 18281 0.003986
369 317 3 100 45685 0.003986
24 221 3 100 26747 0.003986
249 59 3 100 5529 0.003986
394 71 3 100 265942 0.003986
324 125 3 100 9391 0.003986
279 249 3 100 251197 0.003986
20 84 3 100 131512 0.003987
181 291 3 100 4714 0.003987
160 276 3 100 9228 0.003987
218 159 3 100 33683 0.003988
56 132 3 100 426040 0.003988
63 223 3 100 33817 0.003989
297 47 3 100 340341 0.003989
126 222 3 100 213639 0.003989
402 233 3 100 22755 0.003989
360 51 3 100 42968 0.003989
287 338 3 100 83637 0.003989
389 355 3 100 18291 0.003990
235 395 3 100 223 0.003990
156 46 3 100 2493 0.003990
156 246 3 100 40253 0.003990
76 31 3 100 35203 0.003991
374 70 3 100 256 0.003991
267 211 3 100 164069 0.003991
119 260 3 100 11853 0.003991
80 134 3 100 8792 0.003991
52 32 3 100 21984 0.003992
183 344 3 100 205748 0.003992
110 180 3 100 42447 0.003992
397 26 3 100 19026 0.003992
312 41 3 100 29783 0.003992
226 53 3 100 38745 0.003992
294 327 3 100 37546 0.003992
296 21 3 100 23786 0.003993
33 245 3 100 29246 0.003993
163 200 3 100 32229 0.003993
309 278 3 100 388275 0.003993
399 72 3 100 26274 0.003993
376 168 3 100 316491 0.003994
53 160 3 100 38037 0.003995
118 210 3 100 34563 0.003995
30 108 3 100 19393 0.003996
373 378 3 100 21218 0.003996
229 350 3 100 1664 0.003996
375 226 3 100 24624 0.003996
308 343 3 100 8469 0.003997
260 364 3 100 12038 0.003997
78 163 3 100 43187 0.003997
191 62 3 100 224740 0.003997
163 319 3 100 21988 0.003997
72 318 3 100 8267 0.003998
104 397 3 100 10985 0.003998
278 302 3 100 40207 0.003998
310 173 3 100 20352 0.003998
263 72 3 100 22953 0.003999
247 188 3 100 232971 0.003999
368 203 3 100 20157 0.003999
378 67 3 100 34046 0.003999
89 301 3 100 20166 0.003999
240 223 3 100 390931 0.003999
110 166 3 100 33072 0.003999
231 26 3 100 13549 0.003999
192 383 3 100 147411 0.004000
187 322 3 100 16115 0.004000
300 206 3 100 1652 0.004000
369 303 3 100 41184 0.004000
32 318 3 100 22703 0.004000
358 228 3 100 300 0.004000
172 353 3 100 7949 0.004000
224 301 3 100 137128 0.004000
170 397 3 100 22292 0.004001
132 123 3 100 431291 0.004001
358 298 3 100 28261 0.004001
37 378 3 100 11834 0.004001
355 20 3 100 18311 0.004001
103 305 3 100 31516 0.004002
391 53 3 100 20188 0.004002
373 52 3 100 19405 0.004002
370 127 3 100 28240 0.004002
142 341 3 100 39430 0.004003
157 270 3 100 351295 0.004003
140 40 3 100 6208 0.004003
47 115 3 100 40921 0.004003
371 214 3 100 15803 0.004003
40 52 3 100 436296 0.004004
80 344 3 100 418609 0.004004
280 351 3 100 5293 0.004004
226 392 3 100 354760 0.004004
94 322 3 100 45511 0.004004
275 163 3 100 15378 0.004004
30 152 3 100 446675 0.004005
199 402 3 100 30460 0.004005
270 136 3 100 37282 0.004005
203 243 3 100 195112 0.004005
360 278 3 100 30539 0.004006
163 26 3 100 22993 0.004006
90 43 3 100 42662 0.004006
203 201 3 100 18444 0.004007
97 110 3 100 32710 0.004007
168 165 3 100 1431 0.004007
224 183 3 100 10141 0.004007
371 158 3 100 41214 0.004007
220 286 3 100 5989 0.004007
38 314 3 100 53 0.004007
339 45 3 100 27422 0.004008
395 44 3 100 36942 0.004008
39 320 3 100 17345 0.004008
386 317 3 100 34134 0.004008
314 284 3 100 10077 0.004009
204 109 3 100 41862 0.004009
144 221 3 100 10549 0.004009
403 254 3 100 9332 0.004009
146 149 3 100 49872 0.004009
33 252 3 100 146542 0.004009
204 175 3 100 89335 0.004010
36 207 3 100 4412 0.004010
123 248 3 100 26593 0.004010
128 229 3 100 26353 0.004010
20 287 3 100 41145 0.004010
385 336 3 100 23702 0.004010
113 242 3 100 30373 0.004010
395 297 3 100 256439 0.004010
282 402 3 100 267011 0.004011
212 109 3 100 3810 0.004011
259 262 3 100 43319 0.004011
282 382 3 100 74474 0.004011
304 298 3 100 1029 0.004011
229 69 3 100 27200 0.004012
123 401 3 100 40169 0.004012
193 97 3 100 19573 0.004012
398 165 3 100 19331 0.004012
336 250 3 100 294756 0.004012
214 163 3 100 41585 0.004012
207 130 3 100 45697 0.004012
257 317 3 100 2289 0.004012
54 274 3 100 2699 0.004012
56 235 3 100 45844 0.004013
68 166 3 100 35117 0.004013
266 69 3 100 283545 0.004013
143 156 3 100 25868 0.004013
39 27 3 100 45077 0.004013
282 315 3 100 310984 0.004013
213 41 3 100 35247 0.004013
94 209 3 100 434 0.004013
349 137 3 100 2416 0.004013
318 121 3 100 32775 0.004014
358 157 3 100 10010 0.004014
301 215 3 100 57719 0.004014
156 379 3 100 12679 0.004014
360 135 3 100 19430 0.004014
243 250 3 100 22485 0.004014
79 30 3 100 39455 0.004014
318 272 3 100 41489 0.004015
293 123 3 100 31822 0.004015
146 201 3 100 86871 0.004015
71 67 3 100 317467 0.004015
391 96 3 100 3853 0.004015
377 365 3 100 40072 0.004015
42 300 3 100 22206 0.004015
50 307 3 100 41681 0.004016
327 336 3 100 407921 0.004016
68 290 3 100 158803 0.004016
253 56 3 100 20841 0.004016
272 346 3 100 13830 0.004016
395 391 3 100 42650 0.004017
44 266 3 100 2159 0.004017
282 174 3 100 36640 0.004017
237 58 3 100 36697 0.004017
232 314 3 100 29229 0.004017
184 53 3 100 35067 0.004017
204 227 3 100 10867 0.004018
251 331 3 100 10003 0.004018
317 258 3 100 7223 0.004018
252 199 3 100 22404 0.004018
311 313 3 100 3997 0.004018
52 158 3 100 34841 0.004018
218 60 3 100 22294 0.004018
233 100 3 100 8597 0.004019
317 327 3 100 33327 0.004019
353 208 3 100 29802 0.004019
178 21 3 100 285980 0.004019
322 358 3 100 36708 0.004019
396 99 3 100 15224 0.004019
88 292 3 100 169735 0.004019
300 160 3 100 43855 0.004020
48 51 3 100 18747 0.004020
27 187 3 100 197491 0.004020
377 82 3 100 6170 0.004020
67 222 3 100 14251 0.004020
180 249 3 100 25475 0.004020
338 401 3 100 79300 0.004020
61 254 3 100 3368 0.004020
97 380 3 100 104051 0.004021
359 199 3 100 25270 0.004021
347 244 3 100 29418 0.004021
37 82 3 100 25596 0.004021
298 293 3 100 25820 0.004022
126 266 3 100 39324 0.004022
146 266 3 100 16447 0.004022
310 170 3 100 40547 0.004022
148 153 3 100 15923 0.004022
87 355 3 100 10168 0.004022
102 392 3 100 127643 0.004022
323 58 3 100 19999 0.004023
310 303 3 100 19056 0.004023
312 276 3 100 13108 0.004023
170 35 3 100 4367 0.004023
295 364 3 100 182497 0.004024
357 293 3 100 251210 0.004024
375 213 3 100 33818 0.004024
65 21 3 100 34936 0.004024
382 368 3 100 31581 0.004024
391 83 3 100 33104 0.004024
147 44 3 100 102352 0.004025
287 180 3 100 356725 0.004025
161 104 3 100 43118 0.004025
236 58 3 100 3122 0.004026
296 131 3 100 13691 0.004026
192 311 3 100 2499 0.004026
56 203 3 100 5854 0.004026
23 177 3 100 7042 0.004026
233 153 3 100 28399 0.004026
388 140 3 100 23665 0.004026
126 74 3 100 82967 0.004026
296 207 3 100 42775 0.004027
344 310 3 100 170705 0.004027
173 317 3 100 151455 0.004027
93 374 3 100 16822 0.004027
154 256 3 100 1444 0.004028
351 158 3 100 28071 0.004028
154 280 3 100 35225 0.004028
313 310 3 100 228866 0.004028
170 343 3 100 6524 0.004028
233 63 3 100 40278 0.004028
340 197 3 100 39590 0.004028
251 368 3 100 33522 0.004028
53 397 3 100 5066 0.004029
402 284 3 100 295929 0.004029
317 206 3 100 3811 0.004029
381 335 3 100 16176 0.004029
394 157 3 100 24408 0.004030
241 385 3 100 6786 0.004030
343 199 3 100 30726 0.004030
284 181 3 100 162250 0.004030
63 277 3 100 34342 0.004030
26 301 3 100 8923 0.004030
201 144 3 100 4545 0.004030
208 126 3 100 9035 0.004031
222 331 3 100 17508 0.004031
89 351 3 100 14048 0.004031
175 207 3 100 30313 0.004031
353 168 3 100 20975 0.004032
369 42 3 100 27814 0.004032
208 173 3 100 44237 0.004032
194 319 3 100 13735 0.004032
277 70 3 100 23693 0.004032
132 221 3 100 4147 0.004032
38 384 3 100 459627 0.004032
350 307 3 100 19375 0.004032
46 227 3 100 9635 0.004032
315 143 3 100 30365 0.004033
88 236 3 100 131895 0.004033
158 364 3 100 560 0.004033
267 378 3 100 7965 0.004033
286 167 3 100 208322 0.004033
31 109 3 100 12295 0.004033
264 330 3 100 36270 0.004033
69 249 3 100 33468 0.004034
182 265 3 100 44412 0.004034
80 258 3 100 26225 0.004034
154 156 3 100 16631 0.004034
375 371 3 100 25373 0.004034
121 233 3 100 181593 0.004035
355 278 3 100 18249 0.004035
152 301 3 100 159622 0.004035
163 316 3 100 2150 0.004035
84 32 3 100 5900 0.004035
366 352 3 100 36909 0.004035
363 78 3 100 164998 0.004036
305 50 3 100 118596 0.004036
219 221 3 100 12511 0.004037
147 76 3 100 3881 0.004037
32 200 3 100 11020 0.004037
292 143 3 100 192 0.004037
384 247 3 100 2841 0.004037
284 193 3 100 20422 0.004037
87 141 3 100 25217 0.004037
114 77 3 100 44938 0.004037
391 316 3 100 44008 0.004037
299 354 3 100 30259 0.004038
388 221 3 100 4556 0.004038
377 180 3 100 35087 0.004038
390 247 3 100 41400 0.004038
225 330 3 100 4812 0.004039
335 82 3 100 45436 0.004039
22 26 3 100 31044 0.004040
101 268 3 100 27351 0.004040
104 332 3 100 13889 0.004040
24 66 3 100 3110 0.004040
308 231 3 100 12650 0.004040
66 169 3 100 61972 0.004040
157 149 3 100 35479 0.004041
45 337 3 100 39420 0.004041
78 92 3 100 8735 0.004042
230 118 3 100 87851 0.004042
385 329 3 100 11368 0.004042
360 81 3 100 958 0.004042
58 314 3 100 41656 0.004043
324 59 3 100 18809 0.004043
80 191 3 100 39950 0.004043
62 243 3 100 36363 0.004043
102 258 3 100 335123 0.004043
182 124 3 100 70891 0.004043
104 93 3 100 7588 0.004044
116 201 3 100 6926 0.004044
43 385 3 100 30160 0.004044
138 106 3 100 44001 0.004044
241 157 3 100 23928 0.004044
134 258 3 100 3483 0.004045
84 186 3 100 27110 0.004045
127 125 3 100 410271 0.004045
386 214 3 100 84200 0.004045
74 203 3 100 7710 0.004046
254 145 3 100 44402 0.004046
146 206 3 100 156240 0.004046
304 393 3 100 39815 0.004046
74 142 3 100 359524 0.004046
78 152 3 100 6010 0.004046
246 319 3 100 27621 0.004047
243 129 3 100 383079 0.004047
367 373 3 100 453180 0.004047
150 53 3 100 39334 0.004047
120 333 3 100 31372 0.004047
300 247 3 100 28741 0.004047
169 344 3 100 251427 0.004047
75 384 3 100 28014 0.004047
140 274 3 100 1811 0.004048
273 139 3 100 38167 0.004048
46 117 3 100 17412 0.004048
185 388 3 100 3043 0.004048
71 367 3 100 7741 0.004048
93 255 3 100 259046 0.004048
91 139 3 100 32536 0.004048
280 173 3 100 377793 0.004048
399 35 3 100 421611 0.004048
60 56 3 100 34150 0.004049
311 103 3 100 34747 0.004049
38 36 3 100 346169 0.004049
87 364 3 100 21393 0.004049
274 323 3 100 26070 0.004049
22 238 3 100 359675 0.004050
284 228 3 100 9022 0.004050
314 87 3 100 288237 0.004050
130 351 3 100 260111 0.004050
222 90 3 100 6861 0.004051
308 383 3 100 17905 0.004051
287 385 3 100 18675 0.004051
369 270 3 100 40987 0.004051
272 307 3 100 14554 0.004051
388 190 3 100 24570 0.004051
32 23 3 100 9425 0.004052
288 279 3 100 24438 0.004052
84 55 3 100 6798 0.004052
93 275 3 100 337269 0.004052
306 364 3 100 25305 0.004052
302 299 3 100 38430 0.004052
106 161 3 100 13563 0.004053
283 282 3 100 418630 0.004053
308 305 3 100 273432 0.004053
327 156 3 100 23652 0.004053
129 49 3 100 32859 0.004053
293 263 3 100 18097 0.004054
348 158 3 100 41731 0.004054
324 304 3 100 33847 0.004054
174 364 3 100 1058 0.004054
207 245 3 100 8224 0.004054
84 118 3 100 6528 0.004054
280 287 3 100 17967 0.004055
315 294 3 100 32214 0.004055
245 122 3 100 200338 0.004055
257 146 3 100 8944 0.004056
310 66 3 100 209731 0.004056
251 311 3 100 146634 0.004056
229 126 3 100 27804 0.004056
246 267 3 100 39817 0.004056
180 262 3 100 16521 0.004056
246 154 3 100 43304 0.004057
308 198 3 100 38275 0.004057
24 275 3 100 36661 0.004057
97 178 3 100 1440 0.004057
242 331 3 100 33234 0.004057
312 156 3 100 270485 0.004057
141 332 3 100 293065 0.004057
237 257 3 100 5728 0.004057
196 279 3 100 31711 0.004058
387 226 3 100 55326 0.004058
389 118 3 100 9896 0.004058
354 257 3 100 22459 0.004058
171 53 3 100 18628 0.004058
189 326 3 100 70371 0.004058
400 75 3 100 218919 0.004058
295 186 3 100 119623 0.004058
55 198 3 100 372639 0.004058
403 293 3 100 39500 0.004059
380 239 3 100 21080 0.004059
107 217 3 100 32706 0.004059
156 314 3 100 372767 0.004060
59 60 3 100 34240 0.004060
319 294 3 100 40647 0.004060
33 399 3 100 38177 0.004060
184 314 3 100 19156 0.004060
387 249 3 100 32389 0.004060
326 332 3 100 40241 0.004061
97 214 3 100 9120 0.004062
400 21 3 100 189176 0.004062
177 154 3 100 13577 0.004062
88 361 3 100 297369 0.004062
155 78 3 100 34299 0.004062
77 249 3 100 274850 0.004062
43 257 3 100 24502 0.004062
180 293 3 100 9882 0.004062
204 319 3 100 272827 0.004063
385 68 3 100 106868 0.004063
231 399 3 100 5827 0.004063
350 141 3 100 41436 0.004063
328 113 3 100 34143 0.004063
35 145 3 100 21463 0.004064
240 312 3 100 267378 0.004064
22 92 3 100 5686 0.004064
344 83 3 100 14648 0.004064
30 208 3 100 19536 0.004064
196 114 3 100 436175 0.004064
67 54 3 100 36731 0.004064
375 141 3 100 161236 0.004065
347 113 3 100 23652 0.004065
212 88 3 100 261749 0.004065
184 221 3 100 12496 0.004065
245 53 3 100 34289 0.004065
301 308 3 100 212999 0.004066
316 289 3 100 40050 0.004066
134 66 3 100 14103 0.004066
300 21 3 100 331869 0.004067
131 274 3 100 28884 0.004067
48 178 3 100 31703 0.004068
42 124 3 100 413665 0.004068
180 22 3 100 39676 0.004068
289 347 3 100 1796 0.004068
401 74 3 100 8125 0.004068
298 346 3 100 28154 0.004069
392 116 3 100 14733 0.004069
158 323 3 100 344671 0.004069
74 106 3 100 28053 0.004069
21 52 3 100 17770 0.004069
286 334 3 100 42913 0.004070
352 346 3 100 22286 0.004070
81 207 3 100 37705 0.004070
38 183 3 100 4678 0.004070
91 398 3 100 40848 0.004070
176 375 3 100 15643 0.004070
148 280 3 100 42930 0.004070
150 120 3 100 2812 0.004071
383 178 3 100 14536 0.004071
284 183 3 100 4190 0.004071
157 402 3 100 45176 0.004072
330 74 3 100 15651 0.004072
245 363 3 100 15090 0.004072
99 22 3 100 17134 0.004072
30 48 3 100 6764 0.004072
382 401 3 100 36568 0.004072
161 148 3 100 33883 0.004073
33 373 3 100 38661 0.004073
246 314 3 100 2127 0.004073
172 147 3 100 26123 0.004074
259 311 3 100 299798 0.004074
202 294 3 100 24823 0.004074
188 302 3 100 408273 0.004074
260 111 3 100 11620 0.004074
62 229 3 100 22771 0.004074
165 82 3 100 155659 0.004074
47 145 3 100 24273 0.004074
67 276 3 100 6675 0.004074
152 268 3 100 81982 0.004075
77 38 3 100 6262 0.004075
101 123 3 100 12336 0.004075
152 243 3 100 106071 0.004075
339 200 3 100 15173 0.004075
308 288 3 100 18934 0.004075
375 274 3 100 3791 0.004076
203 183 3 100 43057 0.004076
257 338 3 100 70822 0.004076
88 375 3 100 29483 0.004076
244 169 3 100 96332 0.004076
262 23 3 100 36335 0.004076
185 117 3 100 368275 0.004076
140 141 3 100 124927 0.004076
192 381 3 100 24650 0.004076
196 192 3 100 3366 0.004076
215 206 3 100 43603 0.004077
53 28 3 100 17673 0.004077
277 338 3 100 5244 0.004077
391 403 3 100 39572 0.004077
383 51 3 100 32494 0.004077
192 36 3 100 21671 0.004077
121 374 3 100 248289 0.004078
208 305 3 100 27888 0.004078
343 157 3 100 43675 0.004078
376 186 3 100 19997 0.004078
127 193 3 100 2769 0.004078
295 217 3 100 32979 0.004078
68 236 3 100 189367 0.004078
42 320 3 100 21756 0.004079
342 302 3 100 7098 0.004079
308 304 3 100 33141 0.004079
141 156 3 100 70446 0.004079
135 148 3 100 32372 0.004079
210 134 3 100 33201 0.004079
280 397 3 100 11875 0.004080
322 253 3 100 41365 0.004080
93 81 3 100 44807 0.004080
116 32 3 100 238203 0.004080
297 260 3 100 21708 0.004080
240 192 3 100 24981 0.004081
176 269 3 100 1204 0.004081
367 98 3 100 4495 0.004081
35 102 3 100 44132 0.004082
381 265 3 100 29164 0.004083
81 221 3 100 36326 0.004083
33 210 3 100 36259 0.004083
185 393 3 100 15406 0.004083
61 334 3 100 276523 0.004083
88 259 3 100 3891 0.004083
327 360 3 100 8551 0.004084
297 302 3 100 42557 0.004084
287 264 3 100 452902 0.004084
27 396 3 100 159 0.004084
65 309 3 100 30193 0.004085
81 123 3 100 41070 0.004085
371 265 3 100 15300 0.004086
392 160 3 100 148762 0.004086
195 286 3 100 32469 0.004086
347 245 3 100 3883 0.004086
82 86 3 100 15368 0.004086
53 41 3 100 26240 0.004086
25 269 3 100 11486 0.004086
73 109 3 100 12640 0.004087
263 265 3 100 8126 0.004087
394 141 3 100 22189 0.004087
141 243 3 100 10666 0.004087
21 242 3 100 20373 0.004087
130 76 3 100 311191 0.004087
268 62 3 100 458677 0.004088
155 320 3 100 42785 0.004088
362 160 3 100 25917 0.004088
88 161 3 100 4003 0.004088
331 137 3 100 5323 0.004088
378 36 3 100 10578 0.004088
73 21 3 100 40732 0.004088
94 376 3 100 80864 0.004089
162 221 3 100 16516 0.004089
188 147 3 100 362042 0.004089
191 243 3 100 43436 0.004089
311 96 3 100 172631 0.004090
256 349 3 100 19061 0.004090
171 162 3 100 34579 0.004090
149 361 3 100 97 0.004090
43 58 3 100 37667 0.004090
98 167 3 100 31199 0.004090
372 385 3 100 40302 0.004091
336 101 3 100 789 0.004091
356 135 3 100 2407 0.004091
306 283 3 100 16054 0.004091
167 255 3 100 40994 0.004091
128 20 3 100 458574 0.004091
43 214 3 100 41592 0.004092
132 83 3 100 29034 0.004092
278 299 3 100 429919 0.004092
339 48 3 100 41645 0.004092
291 326 3 100 36850 0.004092
279 217 3 100 5441 0.004092
115 100 3 100 73076 0.004092
199 28 3 100 45945 0.004093
200 171 3 100 22221 0.004093
267 392 3 100 30213 0.004093
208 267 3 100 34472 0.004093
374 43 3 100 6516 0.004093
91 25 3 100 409662 0.004094
69 196 3 100 23329 0.004094
132 244 3 100 4376 0.004094
22 387 3 100 31966 0.004094
379 206 3 100 44753 0.004094
40 183 3 100 40822 0.004094
72 277 3 100 7157 0.004094
144 119 3 100 17335 0.004095
123 148 3 100 3170 0.004095
82 323 3 100 33485 0.004095
129 382 3 100 42737 0.004095
360 93 3 100 315894 0.004095
320 87 3 100 31884 0.004095
279 374 3 100 26522 0.004095
238 276 3 100 13946 0.004095
85 292 3 100 24790 0.004095
132 293 3 100 426135 0.004095
200 328 3 100 41499 0.004096
298 305 3 100 34051 0.004096
90 274 3 100 24858 0.004097
385 112 3 100 30693 0.004097
376 87 3 100 33069 0.004097
242 141 3 100 216414 0.004097
349 178 3 100 23566 0.004098
163 207 3 100 26179 0.004098
222 62 3 100 63536 0.004098
311 349 3 100 18945 0.004098
95 188 3 100 39620 0.004098
31 326 3 100 3034 0.004099
349 297 3 100 18214 0.004099
221 116 3 100 41700 0.004099
280 46 3 100 10200 0.004099
383 158 3 100 6985 0.004099
347 298 3 100 123102 0.004099
247 199 3 100 39163 0.004099
104 245 3 100 5469 0.004100
110 338 3 100 29233 0.004100
300 67 3 100 319359 0.004100
86 110 3 100 28689 0.004100
219 365 3 100 14111 0.004100
239 196 3 100 16705 0.004100
253 317 3 100 35077 0.004101
294 178 3 100 18650 0.004101
361 165 3 100 53542 0.004101
270 276 3 100 325899 0.004101
345 134 3 100 31416 0.004101
352 41 3 100 25214 0.004101
242 302 3 100 41384 0.004102
317 284 3 100 24255 0.004102
227 101 3 100 12240 0.004102
263 119 3 100 8739 0.004103
61 45 3 100 14281 0.004103
187 178 3 100 18571 0.004103
55 401 3 100 184703 0.004104
34 94 3 100 88723 0.004104
270 132 3 100 11407 0.004104
380 257 3 100 41329 0.004104
399 28 3 100 27720 0.004104
328 396 3 100 6513 0.004104
276 40 3 100 36359 0.004104
299 337 3 100 17387 0.004105
170 168 3 100 180385 0.004105
279 97 3 100 40739 0.004105
226 292 3 100 39136 0.004105
289 342 3 100 43171 0.004106
368 305 3 100 16486 0.004106
124 82 3 100 27001 0.004107
403 319 3 100 6025 0.004107
298 31 3 100 365036 0.004107
187 307 3 100 41767 0.004107
141 215 3 100 1825 0.004107
392 131 3 100 16369 0.004107
20 316 3 100 244030 0.004108
340 24 3 100 272927 0.004108
208 340 3 100 15796 0.004108
270 364 3 100 27727 0.004108
146 162 3 100 20770 0.004108
376 211 3 100 456459 0.004108
83 20 3 100 60617 0.004108
321 230 3 100 154667 0.004109
33 358 3 100 42894 0.004109
239 161 3 100 33391 0.004109
300 145 3 100 41548 0.004109
312 321 3 100 130060 0.004109
108 230 3 100 1343 0.004110
136 141 3 100 45385 0.004110
332 262 3 100 6020 0.004110
166 127 3 100 36255 0.004111
90 174 3 100 8084 0.004111
235 232 3 100 10600 0.004111
323 41 3 100 27791 0.004111
391 101 3 100 21042 0.004112
186 236 3 100 321065 0.004112
398 116 3 100 45884 0.004112
86 261 3 100 10103 0.004112
371 91 3 100 352636 0.004112
120 87 3 100 31543 0.004112
236 145 3 100 27265 0.004113
127 92 3 100 45133 0.004113
145 131 3 100 292688 0.004113
107 378 3 100 19029 0.004113
154 328 3 100 14633 0.004113
376 291 3 100 4605 0.004113
263 185 3 100 383156 0.004113
328 208 3 100 16816 0.004114
288 243 3 100 43916 0.004114
103 38 3 100 14291 0.004114
312 336 3 100 397691 0.004114
217 149 3 100 2280 0.004114
30 366 3 100 28860 0.004114
78 131 3 100 23958 0.004114
133 123 3 100 28395 0.004115
125 266 3 100 20613 0.004115
112 98 3 100 21409 0.004115
66 377 3 100 74263 0.004115
24 371 3 100 14864 0.004115
80 284 3 100 43108 0.004115
61 279 3 100 40703 0.004115
381 379 3 100 26655 0.004116
356 236 3 100 285495 0.004116
377 86 3 100 38699 0.004116
40 214 3 100 20860 0.004116
97 207 3 100 25780 0.004117
149 291 3 100 18134 0.004117
306 236 3 100 30658 0.004117
283 60 3 100 8993 0.004117
307 278 3 100 283852 0.004118
336 70 3 100 12705 0.004118
363 116 3 100 98838 0.004118
243 382 3 100 324 0.004118
342 400 3 100 22984 0.004118
57 51 3 100 34913 0.004118
232 340 3 100 16128 0.004118
275 34 3 100 44064 0.004119
130 153 3 100 14608 0.004119
168 36 3 100 43659 0.004119
156 356 3 100 27679 0.004119
266 156 3 100 4825 0.004119
205 296 3 100 398919 0.004119
344 169 3 100 2067 0.004119
56 167 3 100 3352 0.004119
288 278 3 100 8304 0.004120
289 110 3 100 24010 0.004120
119 52 3 100 122343 0.004120
25 147 3 100 14740 0.004121
311 368 3 100 40839 0.004121
164 277 3 100 46003 0.004121
114 352 3 100 36838 0.004121
292 385 3 100 44557 0.004121
392 366 3 100 12061 0.004122
112 329 3 100 14757 0.004122
98 202 3 100 8422 0.004122
395 264 3 100 218978 0.004122
226 283 3 100 22263 0.004123
295 211 3 100 24576 0.004123
55 267 3 100 310213 0.004123
170 374 3 100 34323 0.004123
278 348 3 100 27944 0.004123
192 261 3 100 28143 0.004124
20 401 3 100 18111 0.004124
211 402 3 100 32360 0.004124
345 24 3 100 28175 0.004124
378 326 3 100 122864 0.004124
345 346 3 100 42344 0.004124
359 187 3 100 20802 0.004125
59 152 3 100 13053 0.004125
273 239 3 100 40081 0.004125
390 71 3 100 222174 0.004125
111 237 3 100 39403 0.004125
113 190 3 100 17941 0.004126
281 176 3 100 22381 0.004126
312 390 3 100 10602 0.004126
354 188 3 100 10844 0.004126
289 101 3 100 1947 0.004127
222 324 3 100 36828 0.004127
157 326 3 100 17554 0.004128
182 40 3 100 17557 0.004128
336 380 3 100 16177 0.004128
96 285 3 100 263681 0.004128
184 145 3 100 248612 0.004128
155 260 3 100 4546 0.004128
188 322 3 100 1930 0.004128
154 245 3 100 36190 0.004128
305 43 3 100 82512 0.004128
403 34 3 100 31994 0.004129
357 131 3 100 29425 0.004129
55 26 3 100 3247 0.004129
58 368 3 100 453091 0.004129
376 343 3 100 324252 0.004129
350 304 3 100 9680 0.004129
332 147 3 100 244827 0.004129
356 191 3 100 15879 0.004129
325 277 3 100 41054 0.004129
127 223 3 100 42751 0.004129
177 255 3 100 16317 0.004130
243 120 3 100 193683 0.004130
70 61 3 100 32967 0.004130
176 94 3 100 19287 0.004130
218 396 3 100 988 0.004130
141 313 3 100 31311 0.004131
62 248 3 100 22653 0.004131
380 244 3 100 20581 0.004131
212 288 3 100 41086 0.004131
347 141 3 100 14504 0.004132
360 41 3 100 13098 0.004132
303 346 3 100 7933 0.004132
201 94 3 100 21703 0.004132
349 390 3 100 21468 0.004132
376 299 3 100 8832 0.004133
232 291 3 100 34621 0.004133
117 183 3 100 8719 0.004133
84 162 3 100 19231 0.004133
171 179 3 100 32907 0.004133
375 73 3 100 19824 0.004133
361 401 3 100 45829 0.004133
223 136 3 100 3207 0.004133
175 80 3 100 1180 0.004134
23 313 3 100 7894 0.004134
359 355 3 100 25379 0.004134
263 182 3 100 22491 0.004135
232 70 3 100 22052 0.004135
326 172 3 100 25284 0.004135
44 28 3 100 217145 0.004136
301 39 3 100 41741 0.004136
143 308 3 100 8188 0.004136
382 222 3 100 239835 0.004136
379 91 3 100 14607 0.004136
253 179 3 100 747 0.004136
77 208 3 100 10008 0.004136
376 238 3 100 11285 0.004136
181 275 3 100 9330 0.004136
211 156 3 100 38263 0.004136
105 347 3 100 40283 0.004136
54 248 3 100 19605 0.004137
162 32 3 100 2194 0.004137
159 326 3 100 23302 0.004137
200 38 3 100 157185 0.004137
188 345 3 100 33672 0.004137
34 227 3 100 37361 0.004137
386 145 3 100 13833 0.004137
181 403 3 100 10333 0.004137
74 236 3 100 139173 0.004138
337 353 3 100 331432 0.004138
144 361 3 100 41963 0.004138
61 329 3 100 43560 0.004138
264 204 3 100 38901 0.004138
120 240 3 100 11313 0.004138
88 235 3 100 30350 0.004138
278 92 3 100 20165 0.004138
342 241 3 100 41466 0.004138
218 364 3 100 36125 0.004138
346 355 3 100 33691 0.004139
56 370 3 100 231354 0.004139
144 212 3 100 12197 0.004139
223 256 3 100 22072 0.004139
243 72 3 100 304495 0.004139
118 149 3 100 3680 0.004139
301 81 3 100 5529 0.004139
53 46 3 100 24266 0.004139
254 165 3 100 33744 0.004139
258 311 3 100 40497 0.004140
83 283 3 100 11820 0.004140
61 76 3 100 40338 0.004140
153 144 3 100 40911 0.004140
356 95 3 100 31188 0.004140
129 80 3 100 37429 0.004140
238 69 3 100 18654 0.004140
297 250 3 100 18878 0.004140
288 106 3 100 28348 0.004140
29 325 3 100 252420 0.004141
307 364 3 100 11806 0.004141
55 276 3 100 3383 0.004141
226 229 3 100 3158 0.004141
106 65 3 100 19451 0.004141
205 70 3 100 39680 0.004142
26 245 3 100 40122 0.004142
395 172 3 100 20794 0.004142
67 275 3 100 14099 0.004142
224 398 3 100 294214 0.004143
366 164 3 100 40611 0.004143
382 24 3 100 29151 0.004143
178 278 3 100 13381 0.004143
146 120 3 100 18058 0.004143
240 275 3 100 6800 0.004143
59 323 3 100 45885 0.004143
63 148 3 100 12928 0.004143
136 381 3 100 20648 0.004144
68 57 3 100 45494 0.004144
344 223 3 100 45796 0.004144
294 31 3 100 440720 0.004144
300 248 3 100 42474 0.004144
156 87 3 100 39615 0.004145
157 289 3 100 13308 0.004145
86 242 3 100 7672 0.004145
210 59 3 100 20775 0.004145
343 281 3 100 45370 0.004145
176 216 3 100 23617 0.004146
97 66 3 100 18571 0.004146
302 283 3 100 163421 0.004146
273 146 3 100 32498 0.004146
84 387 3 100 31103 0.004146
277 305 3 100 14569 0.004146
33 103 3 100 38618 0.004147
365 223 3 100 23741 0.004147
94 378 3 100 3837 0.004147
29 356 3 100 12804 0.004147
138 389 3 100 24337 0.004148
127 265 3 100 18646 0.004148
85 208 3 100 30815 0.004148
365 339 3 100 18644 0.004148
63 249 3 100 358985 0.004149
392 296 3 100 40881 0.004149
334 86 3 100 308990 0.004149
174 57 3 100 201037 0.004149
215 81 3 100 297753 0.004149
177 118 3 100 439242 0.004149
198 27 3 100 27643 0.004150
371 325 3 100 45139 0.004150
398 225 3 100 43980 0.004150
397 26 3 100 27988 0.004150
196 22 3 100 16892 0.004150
259 328 3 100 14104 0.004150
118 45 3 100 1296 0.004151
141 135 3 100 132631 0.004151
180 152 3 100 23221 0.004151
245 321 3 100 239014 0.004151
348 105 3 100 257849 0.004151
185 221 3 100 41406 0.004152
201 58 3 100 11487 0.004152
403 180 3 100 535 0.004152
130 269 3 100 8326 0.004152
87 93 3 100 41675 0.004152
383 66 3 100 11443 0.004152
127 20 3 100 328436 0.004152
250 219 3 100 19946 0.004153
44 80 3 100 44392 0.004153
170 178 3 100 18211 0.004153
163 44 3 100 403306 0.004153
231 401 3 100 42245 0.004154
274 113 3 100 91139 0.004154
33 352 3 100 14963 0.004154
136 355 3 100 37487 0.004154
184 97 3 100 32634 0.004155
90 29 3 100 11921 0.004155
293 21 3 100 422220 0.004155
337 91 3 100 440390 0.004155
180 245 3 100 30776 0.004155
93 147 3 100 34375 0.004156
328 78 3 100 160554 0.004156
247 217 3 100 40311 0.004156
368 318 3 100 46002 0.004156
301 315 3 100 30227 0.004156
96 269 3 100 2321 0.004157
241 60 3 100 1965 0.004157
366 342 3 100 45825 0.004157
112 156 3 100 15268 0.004157
236 246 3 100 22856 0.004157
76 73 3 100 36090 0.004157
74 54 3 100 30647 0.004157
243 65 3 100 41037 0.004158
225 301 3 100 23055 0.004158
343 354 3 100 34840 0.004158
52 391 3 100 19317 0.004159
308 390 3 100 585 0.004159
176 109 3 100 29719 0.004159
221 262 3 100 220623 0.004159
159 64 3 100 45195 0.004159
166 338 3 100 10002 0.004159
306 97 3 100 19330 0.004160
365 201 3 100 339247 0.004160
283 63 3 100 28148 0.004160
183 37 3 100 16497 0.004160
171 284 3 100 406030 0.004160
142 319 3 100 32410 0.004160
223 346 3 100 33927 0.004160
42 266 3 100 45989 0.004160
321 130 3 100 33845 0.004160
369 63 3 100 31162 0.004160
279 115 3 100 34802 0.004161
287 374 3 100 19048 0.004161
338 20 3 100 1895 0.004161
233 269 3 100 41647 0.004161
77 40 3 100 20432 0.004161
313 158 3 100 37052 0.004161
272 80 3 100 18627 0.004162
319 355 3 100 772 0.004162
373 254 3 100 313947 0.004162
150 62 3 100 17259 0.004162
40 323 3 100 15285 0.004162
287 32 3 100 337494 0.004162
108 140 3 100 2504 0.004162
279 383 3 100 5958 0.004163
120 353 3 100 35864 0.004163
369 254 3 100 36176 0.004163
225 83 3 100 54 0.004163
176 246 3 100 8208 0.004163
194 35 3 100 12596 0.004163
147 146 3 100 22986 0.004163
302 263 3 100 12632 0.004164
379 101 3 100 30336 0.004165
55 34 3 100 40639 0.004165
345 22 3 100 24781 0.004165
149 179 3 100 28567 0.004165
331 154 3 100 272 0.004165
231 331 3 100 80337 0.004165
32 105 3 100 8111 0.004165
160 211 3 100 116818 0.004165
180 161 3 100 32917 0.004165
258 85 3 100 9370 0.004166
227 246 3 100 267550 0.004166
315 138 3 100 18855 0.004166
57 71 3 100 419855 0.004166
78 243 3 100 28250 0.004166
201 192 3 100 31488 0.004166
32 268 3 100 38714 0.004166
328 373 3 100 32358 0.004167
214 290 3 100 43252 0.004167
64 337 3 100 38594 0.004167
85 134 3 100 425098 0.004168
245 372 3 100 15828 0.004169
255 28 3 100 22211 0.004169
89 121 3 100 149639 0.004169
75 393 3 100 41235 0.004169
347 24 3 100 15706 0.004169
198 400 3 100 8407 0.004169
157 279 3 100 14148 0.004169
50 381 3 100 1634 0.004170
384 397 3 100 16618 0.004170
101 198 3 100 384520 0.004170
329 216 3 100 40367 0.004170
375 117 3 100 785 0.004171
55 283 3 100 391861 0.004171
328 238 3 100 20511 0.004171
63 360 3 100 35703 0.004171
110 250 3 100 18022 0.004172
379 218 3 100 13001 0.004172
87 299 3 100 14796 0.004172
92 208 3 100 17541 0.004172
308 72 3 100 15639 0.004172
82 68 3 100 2289 0.004172
167 250 3 100 3986 0.004173
338 202 3 100 30918 0.004173
380 188 3 100 43321 0.004173
96 278 3 100 1810 0.004173
356 109 3 100 34552 0.004173
302 234 3 100 13403 0.004174
140 387 3 100 32399 0.004174
261 90 3 100 28752 0.004174
227 137 3 100 332762 0.004174
28 328 3 100 17400 0.004174
283 82 3 100 44034 0.004174
321 52 3 100 3264 0.004175
335 101 3 100 249008 0.004175
143 365 3 100 7394 0.004175
227 121 3 100 20640 0.004175
339 27 3 100 10749 0.004175
251 121 3 100 37367 0.004176
90 49 3 100 6752 0.004176
325 87 3 100 398207 0.004176
201 218 3 100 12310 0.004176
257 343 3 100 25913 0.004176
186 384 3 100 352696 0.004176
354 158 3 100 45021 0.004177
41 374 3 100 17183 0.004177
131 296 3 100 4122 0.004177
338 268 3 100 92377 0.004177
356 338 3 100 31429 0.004177
246 115 3 100 13800 0.004177
214 157 3 100 254205 0.004177
100 182 3 100 4940 0.004178
113 258 3 100 40656 0.004178
147 199 3 100 341096 0.004178
162 215 3 100 7856 0.004178
234 140 3 100 19438 0.004179
376 368 3 100 196633 0.004179
114 95 3 100 11246 0.004179
256 187 3 100 32308 0.004179
241 134 3 100 117256 0.004179
188 38 3 100 3503 0.004179
291 106 3 100 35880 0.004179
176 104 3 100 283454 0.004180
131 376 3 100 45916 0.004180
68 220 3 100 17470 0.004180
395 370 3 100 25890 0.004180
402 301 3 100 91096 0.004181
402 335 3 100 24498 0.004181
307 40 3 100 7406 0.004181
103 138 3 100 31732 0.004181
137 114 3 100 1839 0.004181
124 251 3 100 367189 0.004182
122 229 3 100 136409 0.004182
333 109 3 100 17880 0.004182
347 26 3 100 33377 0.004182
156 273 3 100 42095 0.004183
219 58 3 100 44223 0.004183
233 283 3 100 12212 0.004183
261 169 3 100 39597 0.004183
286 35 3 100 251285 0.004183
105 207 3 100 16617 0.004184
244 163 3 100 41824 0.004184
403 68 3 100 283284 0.004184
204 371 3 100 2987 0.004184
304 63 3 100 291685 0.004184
79 265 3 100 285215 0.004184
401 325 3 100 366352 0.004185
371 127 3 100 42593 0.004185
184 49 3 100 14573 0.004185
154 243 3 100 19025 0.004185
321 247 3 100 24392 0.004185
303 146 3 100 14578 0.004185
342 117 3 100 37188 0.004185
347 49 3 100 123569 0.004186
23 247 3 100 9161 0.004186
390 280 3 100 74828 0.004186
344 364 3 100 34031 0.004186
291 40 3 100 33739 0.004186
243 139 3 100 33077 0.004186
363 132 3 100 24135 0.004186
352 70 3 100 206612 0.004187
63 370 3 100 196075 0.004187
175 242 3 100 142764 0.004187
140 113 3 100 32410 0.004187
320 32 3 100 413677 0.004188
241 46 3 100 44815 0.004188
82 215 3 100 22735 0.004189
234 276 3 100 28731 0.004190
305 57 3 100 40862 0.004190
145 251 3 100 1252 0.004190
211 241 3 100 42319 0.004190
318 356 3 100 42332 0.004191
322 306 3 100 29999 0.004191
129 313 3 100 45918 0.004192
217 309 3 100 1599 0.004192
99 353 3 100 7632 0.004192
399 48 3 100 7656 0.004192
299 203 3 100 14601 0.004192
36 264 3 100 187696 0.004192
235 307 3 100 44843 0.004193
254 267 3 100 43483 0.004193
162 145 3 100 37775 0.004193
33 248 3 100 12949 0.004194
315 112 3 100 20779 0.004194
315 224 3 100 17495 0.004194
252 378 3 100 43777 0.004194
393 303 3 100 30969 0.004195
142 312 3 100 14320 0.004195
56 304 3 100 29467 0.004195
233 250 3 100 6052 0.004196
180 343 3 100 6094 0.004196
133 138 3 100 340210 0.004196
95 41 3 100 453959 0.004196
112 173 3 100 24416 0.004196
205 304 3 100 35833 0.004196
134 92 3 100 26156 0.004197
366 120 3 100 144310 0.004197
299 318 3 100 41268 0.004197
171 25 3 100 18492 0.004198
95 259 3 100 28750 0.004198
130 122 3 100 2459 0.004198
257 366 3 100 66734 0.004198
39 136 3 100 44252 0.004198
223 243 3 100 37784 0.004199
389 181 3 100 277 0.004199
290 214 3 100 31430 0.004199
320 359 3 100 125801 0.004199
335 208 3 100 18623 0.004199
197 294 3 100 278366 0.004199
269 307 3 100 13151 0.004199
65 252 3 100 19463 0.004199
144 311 3 100 4986 0.004199
112 188 3 100 23176 0.004199
60 70 3 100 11112 0.004200
236 44 3 100 16813 0.004200
224 21 3 100 411176 0.004200
271 344 3 100 43711 0.004200
312 300 3 100 407999 0.004200
203 224 3 100 37867 0.004201
60 376 3 100 23920 0.004201
51 190 3 100 40603 0.004201
316 347 3 100 18950 0.004201
233 36 3 100 27462 0.004201
136 225 3 100 15648 0.004201
37 116 3 100 19149 0.004202
42 305 3 100 393991 0.004202
73 135 3 100 34362 0.004202
34 234 3 100 3671 0.004202
321 224 3 100 39241 0.004203
76 356 3 100 19041 0.004203
359 371 3 100 30842 0.004203
20 341 3 100 163568 0.004203
135 125 3 100 30050 0.004203
392 333 3 100 65092 0.004204
165 279 3 100 42952 0.004204
155 369 3 100 199544 0.004204
59 106 3 100 40082 0.004204
343 386 3 100 260447 0.004204
122 380 3 100 14754 0.004204
96 377 3 100 391558 0.004205
135 298 3 100 40134 0.004205
123 255 3 100 35140 0.004205
81 337 3 100 25703 0.004205
248 131 3 100 6619 0.004205
128 299 3 100 30217 0.004206
109 157 3 100 16825 0.004206
228 195 3 100 446227 0.004206
269 206 3 100 21445 0.004206
119 71 3 100 30724 0.004206
368 237 3 100 235983 0.004206
340 22 3 100 318758 0.004206
83 111 3 100 415370 0.004206
314 339 3 100 8704 0.004206
363 325 3 100 183166 0.004206
37 158 3 100 24512 0.004206
382 102 3 100 159024 0.004207
250 184 3 100 2278 0.004207
389 90 3 100 12743 0.004207
270 207 3 100 23417 0.004208
155 354 3 100 22333 0.004208
153 361 3 100 3911 0.004208
201 339 3 100 20438 0.004208
186 188 3 100 42310 0.004209
358 54 3 100 98548 0.004209
266 308 3 100 15698 0.004209
38 20 3 100 20928 0.004209
270 217 3 100 13190 0.004209
219 119 3 100 7737 0.004209
365 254 3 100 11974 0.004210
112 197 3 100 11329 0.004210
257 236 3 100 286013 0.004210
219 115 3 100 448217 0.004210
77 392 3 100 27714 0.004210
80 28 3 100 140981 0.004210
156 248 3 100 32773 0.004210
90 328 3 100 351239 0.004211
182 197 3 100 15645 0.004211
165 90 3 100 41371 0.004211
365 391 3 100 10534 0.004211
42 212 3 100 21762 0.004211
331 295 3 100 24410 0.004211
205 390 3 100 3199 0.004212
67 284 3 100 35164 0.004212
49 147 3 100 7444 0.004212
180 117 3 100 31878 0.004212
275 122 3 100 11062 0.004212
380 403 3 100 5188 0.004213
284 186 3 100 285657 0.004213
212 56 3 100 13448 0.004213
400 394 3 100 34318 0.004213
116 228 3 100 17367 0.004213
279 72 3 100 271446 0.004213
90 120 3 100 42966 0.004214
201 279 3 100 173368 0.004214
305 212 3 100 34658 0.004214
258 136 3 100 9072 0.004214
239 199 3 100 39121 0.004216
160 72 3 100 13706 0.004216
392 62 3 100 25155 0.004217
212 27 3 100 178142 0.004217
399 199 3 100 38305 0.004217
188 230 3 100 340402 0.004218
370 151 3 100 89217 0.004218
62 371 3 100 39755 0.004218
384 382 3 100 2548 0.004218
193 58 3 100 25151 0.004218
132 274 3 100 19820 0.004219
131 126 3 100 318624 0.004220
58 108 3 100 34708 0.004220
221 206 3 100 459924 0.004220
89 277 3 100 8266 0.004220
183 396 3 100 39226 0.004220
189 330 3 100 253062 0.004220
207 130 3 100 37585 0.004220
91 335 3 100 3889 0.004220
144 26 3 100 22554 0.004221
81 119 3 100 34785 0.004221
308 253 3 100 283449 0.004221
238 206 3 100 19929 0.004221
232 258 3 100 5292 0.004221
191 106 3 100 24214 0.004221
47 227 3 100 10474 0.004221
346 306 3 100 126567 0.004222
125 247 3 100 40941 0.004222
296 202 3 100 15716 0.004222
69 161 3 100 12587 0.004222
36 110 3 100 201413 0.004222
49 279 3 100 2150 0.004222
225 399 3 100 8143 0.004223
20 93 3 100 23081 0.004223
259 113 3 100 42733 0.004223
199 125 3 100 319935 0.004223
165 393 3 100 22454 0.004223
255 57 3 100 236930 0.004223
159 152 3 100 26524 0.004223
392 396 3 100 304884 0.004223
64 156 3 100 402969 0.004223
354 255 3 100 2315 0.004224
273 394 3 100 18630 0.004224
123 367 3 100 43157 0.004224
284 173 3 100 132713 0.004225
321 300 3 100 443019 0.004225
372 121 3 100 20877 0.004225
154 258 3 100 10245 0.004225
200 180 3 100 24242 0.004225
275 301 3 100 3072 0.004225
209 86 3 100 43794 0.004225
346 40 3 100 41977 0.004226
99 32 3 100 1001 0.004226
132 161 3 100 1591 0.004226
390 389 3 100 9271 0.004226
368 180 3 100 37714 0.004226
371 91 3 100 28043 0.004226
230 237 3 100 1325 0.004226
238 60 3 100 44219 0.004227
373 384 3 100 36690 0.004227
40 53 3 100 41297 0.004227
262 158 3 100 41516 0.004227
54 226 3 100 43385 0.004227
143 194 3 100 16492 0.004228
366 236 3 100 450842 0.004228
210 329 3 100 44593 0.004228
340 328 3 100 9289 0.004228
177 269 3 100 24834 0.004228
359 275 3 100 43791 0.004228
256 187 3 100 36968 0.004229
365 51 3 100 4953 0.004229
196 145 3 100 9776 0.004229
355 154 3 100 1439 0.004229
102 359 3 100 32640 0.004229
182 63 3 100 5179 0.004229
116 155 3 100 32589 0.004230
310 351 3 100 20933 0.004230
334 235 3 100 71326 0.004230
177 314 3 100 21615 0.004230
141 118 3 100 26904 0.004231
390 279 3 100 19074 0.004231
26 228 3 100 45677 0.004231
100 78 3 100 39127 0.004232
49 42 3 100 12323 0.004232
165 86 3 100 398610 0.004232
174 73 3 100 23979 0.004232
273 366 3 100 37974 0.004232
105 71 3 100 34345 0.004233
40 275 3 100 42209 0.004233
202 284 3 100 3572 0.004233
328 342 3 100 280481 0.004233
245 166 3 100 34757 0.004233
248 330 3 100 4032 0.004233
79 401 3 100 14694 0.004233
241 378 3 100 40383 0.004234
73 386 3 100 40902 0.004234
275 344 3 100 28067 0.004234
263 353 3 100 5877 0.004235
213 365 3 100 14453 0.004235
335 22 3 100 4342 0.004235
178 303 3 100 15097 0.004235
104 306 3 100 23011 0.004235
331 390 3 100 8345 0.004236
368 341 3 100 422920 0.004236
96 20 3 100 436782 0.004236
290 64 3 100 238686 0.004236
402 400 3 100 357641 0.004236
296 174 3 100 28815 0.004236
225 395 3 100 792 0.004236
293 37 3 100 33826 0.004236
68 217 3 100 28944 0.004237
245 43 3 100 8781 0.004237
263 22 3 100 33473 0.004237
221 279 3 100 259955 0.004237
162 347 3 100 413737 0.004238
372 167 3 100 20781 0.004238
22 273 3 100 11182 0.004238
348 35 3 100 36763 0.004238
222 112 3 100 7800 0.004238
198 185 3 100 6432 0.004238
366 245 3 100 25071 0.004238
182 155 3 100 25607 0.004238
362 67 3 100 7999 0.004238
197 117 3 100 163692 0.004238
379 184 3 100 29846 0.004238
120 53 3 100 38587 0.004238
296 61 3 100 14355 0.004239
40 48 3 100 15482 0.004239
283 247 3 100 26888 0.004239
163 307 3 100 40427 0.004239
360 107 3 100 6628 0.004239
66 193 3 100 41303 0.004239
87 216 3 100 20915 0.004240
231 158 3 100 191950 0.004240
316 391 3 100 7143 0.004240
211 282 3 100 34231 0.004240
58 34 3 100 7933 0.004240
33 80 3 100 15562 0.004241
130 59 3 100 40327 0.004241
107 253 3 100 17942 0.004241
401 182 3 100 51073 0.004241
116 381 3 100 24628 0.004242
42 104 3 100 39548 0.004242
395 339 3 100 19765 0.004242
309 89 3 100 31727 0.004242
217 395 3 100 37623 0.004242
147 252 3 100 14308 0.004242
269 275 3 100 200384 0.004242
118 53 3 100 85777 0.004242
222 359 3 100 12693 0.004242
388 154 3 100 31945 0.004243
229 193 3 100 361467 0.004243
221 149 3 100 147143 0.004243
401 165 3 100 21437 0.004243
89 283 3 100 42751 0.004243
125 370 3 100 10230 0.004243
310 229 3 100 44854 0.004243
79 204 3 100 19773 0.004243
359 374 3 100 45635 0.004243
307 100 3 100 21054 0.004244
372 374 3 100 12426 0.004244
200 54 3 100 3761 0.004244
268 143 3 100 36090 0.004244
290 248 3 100 38094 0.004244
124 164 3 100 45013 0.004244
392 23 3 100 25433 0.004244
239 93 3 100 18004 0.004245
169 217 3 100 100839 0.004245
182 231 3 100 17801 0.004245
208 147 3 100 287375 0.004245
274 307 3 100 24320 0.004246
305 36 3 100 41973 0.004246
157 59 3 100 41996 0.004246
184 272 3 100 14453 0.004246
188 117 3 100 43427 0.004246
150 335 3 100 185 0.004246
80 43 3 100 9725 0.004247
40 229 3 100 30758 0.004247
180 38 3 100 23227 0.004248
369 382 3 100 355334 0.004248
150 138 3 100 32402 0.004248
234 217 3 100 35982 0.004248
256 367 3 100 32173 0.004248
53 322 3 100 312239 0.004248
106 76 3 100 26891 0.004249
293 245 3 100 20416 0.004249
143 228 3 100 21082 0.004249
282 137 3 100 53839 0.004249
348 334 3 100 37403 0.004249
257 80 3 100 30263 0.004250
68 97 3 100 40739 0.004250
147 60 3 100 437694 0.004250
382 347 3 100 44008 0.004250
254 182 3 100 28318 0.004250
294 185 3 100 6900 0.004250
45 375 3 100 22196 0.004251
126 103 3 100 33702 0.004251
142 199 3 100 31319 0.004251
105 231 3 100 36715 0.004251
154 296 3 100 28708 0.004251
371 150 3 100 44452 0.004251
123 247 3 100 98591 0.004251
251 330 3 100 28931 0.004252
119 394 3 100 322041 0.004252
80 311 3 100 10584 0.004252
391 79 3 100 43844 0.004252
228 335 3 100 44279 0.004253
324 392 3 100 34208 0.004253
290 46 3 100 40088 0.004253
301 107 3 100 27798 0.004253
236 395 3 100 9855 0.004254
262 347 3 100 6756 0.004254
108 256 3 100 3352 0.004254
150 344 3 100 16717 0.004254
259 356 3 100 39498 0.004254
227 93 3 100 39533 0.004254
106 167 3 100 380810 0.004254
386 252 3 100 26470 0.004255
287 153 3 100 45999 0.004255
71 57 3 100 33050 0.004255
275 397 3 100 6388 0.004255
390 370 3 100 5648 0.004255
257 352 3 100 28074 0.004255
150 131 3 100 2688 0.004255
253 207 3 100 372686 0.004255
286 154 3 100 36027 0.004256
173 237 3 100 1649 0.004256
319 241 3 100 29192 0.004256
138 258 3 100 5974 0.004256
184 396 3 100 15766 0.004256
22 280 3 100 22478 0.004256
49 135 3 100 931 0.004256
24 89 3 100 5060 0.004256
207 394 3 100 338377 0.004256
114 360 3 100 387366 0.004257
357 63 3 100 11510 0.004257
386 178 3 100 6269 0.004257
110 393 3 100 34326 0.004257
20 234 3 100 332557 0.004258
205 215 3 100 16746 0.004258
304 216 3 100 36704 0.004258
44 189 3 100 455 0.004258
322 339 3 100 42706 0.004259
285 338 3 100 79615 0.004259
251 335 3 100 15715 0.004259
308 368 3 100 2184 0.004259
23 28 3 100 196878 0.004259
109 110 3 100 17533 0.004259
376 270 3 100 27234 0.004259
286 240 3 100 373641 0.004259
210 173 3 100 41625 0.004260
36 321 3 100 21308 0.004260
107 117 3 100 24547 0.004260
80 374 3 100 299987 0.004260
124 145 3 100 20756 0.004260
341 272 3 100 418942 0.004260
324 305 3 100 13068 0.004261
79 56 3 100 26186 0.004261
182 211 3 100 26591 0.004261
364 195 3 100 37461 0.004261
264 41 3 100 8723 0.004262
65 331 3 100 24011 0.004262
356 328 3 100 44632 0.004262
287 48 3 100 39814 0.004262
364 355 3 100 404357 0.004262
132 106 3 100 31718 0.004262
275 158 3 100 33206 0.004262
377 314 3 100 45337 0.004263
252 186 3 100 17236 0.004263
322 143 3 100 425231 0.004263
84 368 3 100 104998 0.004263
334 220 3 100 7662 0.004263
205 336 3 100 33936 0.004263
311 114 3 100 32465 0.004264
81 314 3 100 2065 0.004264
138 386 3 100 16210 0.004264
279 61 3 100 26724 0.004264
295 94 3 100 23874 0.004264
306 257 3 100 24386 0.004265
58 76 3 100 16507 0.004265
117 112 3 100 37165 0.004265
105 208 3 100 44562 0.004265
263 311 3 100 45967 0.004265
375 287 3 100 35352 0.004265
33 326 3 100 28463 0.004265
333 351 3 100 22044 0.004265
250 114 3 100 9245 0.004265
346 97 3 100 1067 0.004266
21 193 3 100 33733 0.004266
244 107 3 100 23728 0.004266
368 231 3 100 146746 0.004266
167 123 3 100 10538 0.004266
102 39 3 100 8305 0.004267
35 382 3 100 20704 0.004267
376 309 3 100 119929 0.004267
144 21 3 100 21953 0.004267
205 64 3 100 19704 0.004268
98 49 3 100 10370 0.004268
56 130 3 100 3709 0.004268
248 101 3 100 11969 0.004268
66 342 3 100 28609 0.004268
52 223 3 100 44160 0.004268
22 314 3 100 33470 0.004269
395 124 3 100 7131 0.004269
345 35 3 100 38163 0.004269
283 143 3 100 529 0.004269
197 75 3 100 19544 0.004270
381 319 3 100 28185 0.004270
204 399 3 100 404162 0.004270
265 333 3 100 261390 0.004270
145 342 3 100 44451 0.004270
363 241 3 100 32663 0.004270
40 400 3 100 2798 0.004270
91 381 3 100 18398 0.004270
246 329 3 100 39773 0.004270
304 232 3 100 30744 0.004271
321 332 3 100 12208 0.004271
158 224 3 100 270655 0.004271
296 197 3 100 36690 0.004271
258 357 3 100 43963 0.004271
163 81 3 100 40675 0.004271
167 254 3 100 3414 0.004272
195 336 3 100 1478 0.004272
257 81 3 100 13293 0.004272
381 29 3 100 14557 0.004272
284 217 3 100 1991 0.004272
151 368 3 100 34209 0.004272
388 89 3 100 39195 0.004272
215 316 3 100 269211 0.004273
232 197 3 100 333182 0.004273
133 226 3 100 15707 0.004273
43 205 3 100 37548 0.004274
306 168 3 100 34256 0.004274
182 372 3 100 36117 0.004274
294 230 3 100 31263 0.004274
329 316 3 100 15136 0.004275
140 284 3 100 9622 0.004275
189 255 3 100 45607 0.004276
308 148 3 100 28988 0.004276
391 180 3 100 33161 0.004276
105 348 3 100 39318 0.004276
386 371 3 100 39867 0.004277
356 357 3 100 135247 0.004277
238 40 3 100 18794 0.004277
169 274 3 100 31496 0.004278
202 350 3 100 36842 0.004278
39 397 3 100 43637 0.004278
354 63 3 100 42370 0.004278
139 364 3 100 4569 0.004279
150 297 3 100 161406 0.004279
35 78 3 100 17740 0.004279
196 312 3 100 22126 0.004279
228 337 3 100 23814 0.004279
36 247 3 100 301 0.004279
142 311 3 100 37644 0.004279
182 58 3 100 247989 0.004280
62 349 3 100 12513 0.004280
329 70 3 100 45907 0.004280
275 364 3 100 54711 0.004280
75 243 3 100 420427 0.004280
126 57 3 100 17456 0.004281
178 175 3 100 21499 0.004281
100 301 3 100 13349 0.004281
229 150 3 100 14118 0.004281
294 21 3 100 3971 0.004281
193 375 3 100 24903 0.004281
56 104 3 100 122050 0.004281
196 42 3 100 14858 0.004282
170 243 3 100 92945 0.004282
94 313 3 100 20041 0.004282
208 205 3 100 45098 0.004282
113 245 3 100 261732 0.004282
81 75 3 100 24719 0.004282
199 131 3 100 27919 0.004283
82 291 3 100 4971 0.004283
301 111 3 100 237027 0.004283
117 80 3 100 295227 0.004283
247 43 3 100 14878 0.004284
260 392 3 100 9846 0.004284
129 39 3 100 19949 0.004284
227 56 3 100 19929 0.004284
71 24 3 100 10788 0.004285
102 221 3 100 381446 0.004285
245 274 3 100 14217 0.004285
283 76 3 100 26562 0.004285
285 31 3 100 45156 0.004285
183 322 3 100 6257 0.004286
255 303 3 100 22602 0.004286
354 238 3 100 33069 0.004286
219 37 3 100 32429 0.004286
370 323 3 100 2817 0.004286
81 396 3 100 41244 0.004287
270 257 3 100 891 0.004288
292 111 3 100 28581 0.004288
249 396 3 100 34729 0.004288
308 387 3 100 4117 0.004288
216 96 3 100 10383 0.004289
100 21 3 100 25698 0.004289
40 137 3 100 46011 0.004289
393 227 3 100 385424 0.004290
398 213 3 100 324540 0.004290
21 25 3 100 23530 0.004290
278 145 3 100 33157 0.004291
363 171 3 100 40021 0.004291
96 324 3 100 37193 0.004291
30 85 3 100 22153 0.004291
320 34 3 100 16090 0.004291
378 224 3 100 42822 0.004292
399 378 3 100 22212 0.004292
230 259 3 100 355148 0.004292
37 272 3 100 28199 0.004292
250 62 3 100 24658 0.004292
328 223 3 100 40458 0.004292
291 62 3 100 6702 0.004292
75 372 3 100 416669 0.004292
69 254 3 100 33427 0.004292
284 297 3 100 3344 0.004292
246 28 3 100 11993 0.004293
362 23 3 100 20488 0.004293
359 342 3 100 20269 0.004293
268 274 3 100 15538 0.004293
178 317 3 100 39000 0.004294
339 184 3 100 10099 0.004294
275 104 3 100 39923 0.004294
197 330 3 100 19487 0.004295
287 240 3 100 16081 0.004295
25 310 3 100 269248 0.004295
66 183 3 100 32673 0.004295
143 84 3 100 36899 0.004295
177 236 3 100 44200 0.004296
243 57 3 100 178180 0.004296
219 326 3 100 36971 0.004296
362 56 3 100 38797 0.004296
250 193 3 100 24728 0.004296
357 103 3 100 25973 0.004297
334 137 3 100 29195 0.004297
197 116 3 100 45866 0.004297
146 163 3 100 9675 0.004297
209 261 3 100 31833 0.004297
387 142 3 100 22922 0.004298
124 361 3 100 33812 0.004299
291 339 3 100 6958 0.004299
201 392 3 100 29200 0.004299
182 107 3 100 4756 0.004299
55 202 3 100 1427 0.004299
129 135 3 100 34544 0.004300
389 286 3 100 28954 0.004300
170 140 3 100 229721 0.004300
216 356 3 100 8702 0.004300
313 81 3 100 154317 0.004300
318 103 3 100 10147 0.004301
86 306 3 100 417463 0.004301
193 323 3 100 38295 0.004301
38 141 3 100 355226 0.004301
349 49 3 100 35314 0.004301
343 70 3 100 44381 0.004301
293 103 3 100 292365 0.004301
337 251 3 100 43778 0.004302
67 255 3 100 305 0.004302
305 391 3 100 23562 0.004302
266 91 3 100 28597 0.004302
146 39 3 100 303590 0.004303
63 170 3 100 24520 0.004303
256 115 3 100 2846 0.004303
111 246 3 100 5117 0.004303
39 73 3 100 40371 0.004303
180 74 3 100 39716 0.004304
83 173 3 100 28830 0.004304
264 292 3 100 29878 0.004304
184 207 3 100 37577 0.004304
276 139 3 100 17527 0.004305
78 236 3 100 34330 0.004305
95 382 3 100 29201 0.004305
352 316 3 100 30485 0.004305
174 103 3 100 7866 0.004305
80 305 3 100 7952 0.004305
285 248 3 100 390386 0.004305
129 76 3 100 19002 0.004305
68 69 3 100 30975 0.004306
80 166 3 100 9940 0.004306
361 182 3 100 434433 0.004306
65 391 3 100 27247 0.004306
267 330 3 100 7086 0.004306
214 168 3 100 14518 0.004306
132 366 3 100 45919 0.004306
306 299 3 100 13568 0.004307
253 87 3 100 7757 0.004307
397 349 3 100 8275 0.004307
157 196 3 100 14916 0.004308
338 208 3 100 17497 0.004308
347 122 3 100 40411 0.004308
70 52 3 100 38333 0.004308
297 378 3 100 33227 0.004308
309 28 3 100 7176 0.004309
283 314 3 100 42234 0.004309
131 335 3 100 279606 0.004309
209 230 3 100 3146 0.004309
308 305 3 100 5222 0.004309
177 190 3 100 33644 0.004309
67 82 3 100 14359 0.004309
334 347 3 100 28410 0.004309
79 118 3 100 292522 0.004309
76 66 3 100 179493 0.004309
42 188 3 100 29406 0.004310
31 102 3 100 42465 0.004310
39 138 3 100 36259 0.004310
69 195 3 100 22358 0.004310
182 237 3 100 10546 0.004310
129 41 3 100 38022 0.004310
117 383 3 100 5776 0.004310
45 373 3 100 14664 0.004310
106 209 3 100 31999 0.004311
203 332 3 100 16344 0.004311
289 311 3 100 33644 0.004311
39 56 3 100 43462 0.004311
123 360 3 100 419756 0.004311
49 163 3 100 9374 0.004311
317 385 3 100 31315 0.004311
185 277 3 100 774 0.004311
137 353 3 100 338603 0.004312
320 166 3 100 24940 0.004312
177 265 3 100 414138 0.004312
305 105 3 100 26362 0.004312
301 192 3 100 26095 0.004312
211 286 3 100 16548 0.004312
305 213 3 100 24026 0.004312
214 401 3 100 28206 0.004312
89 199 3 100 24339 0.004313
94 188 3 100 28055 0.004313
255 307 3 100 19488 0.004313
283 224 3 100 446751 0.004313
199 367 3 100 18251 0.004313
247 156 3 100 35419 0.004314
372 270 3 100 3379 0.004314
320 364 3 100 37103 0.004314
365 141 3 100 17185 0.004314
361 130 3 100 47621 0.004314
226 277 3 100 403676 0.004314
366 151 3 100 336705 0.004314
48 278 3 100 41246 0.004315
209 270 3 100 9314 0.004315
268 281 3 100 25685 0.004315
384 210 3 100 22582 0.004315
90 397 3 100 417986 0.004315
289 74 3 100 18338 0.004315
47 299 3 100 28018 0.004315
200 373 3 100 15583 0.004315
262 302 3 100 30644 0.004315
168 279 3 100 29214 0.004315
237 200 3 100 9285 0.004316
257 360 3 100 19774 0.004316
264 111 3 100 358703 0.004316
105 231 3 100 317272 0.004316
150 131 3 100 44300 0.004316
78 169 3 100 10065 0.004317
120 37 3 100 9866 0.004317
112 124 3 100 30349 0.004317
154 41 3 100 40954 0.004318
68 347 3 100 387475 0.004318
63 113 3 100 38092 0.004318
281 169 3 100 47964 0.004318
253 388 3 100 7767 0.004318
20 263 3 100 154160 0.004318
52 346 3 100 3973 0.004318
363 72 3 100 36440 0.004318
112 350 3 100 41651 0.004318
49 397 3 100 2283 0.004318
131 342 3 100 45155 0.004319
207 213 3 100 13429 0.004319
116 304 3 100 40610 0.004319
88 240 3 100 14879 0.004319
269 217 3 100 393208 0.004319
391 257 3 100 16926 0.004319
57 281 3 100 17753 0.004319
104 318 3 100 33636 0.004319
273 59 3 100 37327 0.004319
24 76 3 100 21665 0.004319
375 288 3 100 316255 0.004319
115 189 3 100 9998 0.004320
35 361 3 100 352575 0.004320
371 246 3 100 25203 0.004320
290 224 3 100 238928 0.004320
380 271 3 100 35560 0.004321
204 305 3 100 34926 0.004321
376 143 3 100 2844 0.004321
117 270 3 100 40931 0.004321
375 107 3 100 456082 0.004321
383 289 3 100 26092 0.004322
186 357 3 100 321706 0.004322
127 58 3 100 3039 0.004322
315 259 3 100 18377 0.004322
194 235 3 100 21325 0.004322
236 355 3 100 108672 0.004322
380 306 3 100 17096 0.004323
308 309 3 100 7852 0.004323
189 385 3 100 3760 0.004324
160 147 3 100 27722 0.004324
135 63 3 100 30198 0.004324
258 384 3 100 33697 0.004324
282 92 3 100 18013 0.004324
285 354 3 100 27209 0.004324
95 143 3 100 6838 0.004324
305 309 3 100 35272 0.004325
34 385 3 100 17055 0.004325
61 170 3 100 42197 0.004325
129 69 3 100 387265 0.004325
253 270 3 100 21791 0.004325
285 346 3 100 45989 0.004325
322 386 3 100 27238 0.004325
143 248 3 100 26223 0.004326
30 47 3 100 27155 0.004326
342 50 3 100 5724 0.004326
255 196 3 100 42083 0.004326
301 308 3 100 31590 0.004326
316 271 3 100 7805 0.004326
248 206 3 100 5977 0.004327
309 159 3 100 20798 0.004327
374 29 3 100 40094 0.004327
177 144 3 100 278193 0.004327
367 389 3 100 38790 0.004327
348 228 3 100 26952 0.004327
372 95 3 100 408975 0.004327
376 224 3 100 153502 0.004327
228 339 3 100 249759 0.004328
35 117 3 100 98435 0.004328
337 215 3 100 8996 0.004328
71 111 3 100 43258 0.004328
326 36 3 100 14820 0.004328
103 244 3 100 31624 0.004328
326 379 3 100 470 0.004329
26 290 3 100 37396 0.004329
298 228 3 100 25627 0.004329
349 398 3 100 44228 0.004329
124 151 3 100 409777 0.004329
185 400 3 100 22671 0.004329
48 383 3 100 4493 0.004329
216 129 3 100 17553 0.004330
346 211 3 100 28184 0.004330
85 203 3 100 1666 0.004330
68 141 3 100 2014 0.004330
197 110 3 100 288170 0.004330
366 239 3 100 31888 0.004330
154 351 3 100 140949 0.004330
106 279 3 100 23773 0.004331
20 403 3 100 30468 0.004331
77 189 3 100 38340 0.004331
29 260 3 100 6688 0.004331
333 360 3 100 451128 0.004331
50 283 3 100 328494 0.004331
107 58 3 100 149626 0.004331
284 359 3 100 11033 0.004332
186 226 3 100 33598 0.004332
22 71 3 100 8012 0.004332
281 305 3 100 44832 0.004332
263 75 3 100 18345 0.004332
197 98 3 100 31092 0.004332
59 211 3 100 332310 0.004332
332 115 3 100 42277 0.004332
382 263 3 100 453384 0.004333
124 96 3 100 34679 0.004333
181 264 3 100 34360 0.004333
67 220 3 100 2535 0.004333
222 314 3 100 40204 0.004333
326 21 3 100 36390 0.004333
101 353 3 100 35938 0.004333
341 402 3 100 44941 0.004333
322 97 3 100 180 0.004334
334 367 3 100 5273 0.004334
380 261 3 100 16318 0.004334
219 117 3 100 2184 0.004335
236 170 3 100 305685 0.004335
41 378 3 100 4812 0.004335
324 295 3 100 21661 0.004335
273 198 3 100 23665 0.004335
41 185 3 100 32053 0.004335
183 290 3 100 37426 0.004335
90 143 3 100 16359 0.004335
75 287 3 100 35283 0.004336
20 297 3 100 22012 0.004336
110 60 3 100 436691 0.004336
232 46 3 100 7845 0.004336
256 72 3 100 3301 0.004336
201 222 3 100 158673 0.004336
27 211 3 100 29943 0.004336
91 196 3 100 21352 0.004336
375 351 3 100 14604 0.004336
131 347 3 100 40872 0.004336
246 243 3 100 45657 0.004337
85 137 3 100 42023 0.004337
393 71 3 100 11309 0.004337
242 208 3 100 2325 0.004337
216 310 3 100 4988 0.004337
207 31 3 100 28810 0.004337
341 234 3 100 301566 0.004338
33 364 3 100 9299 0.004338
293 212 3 100 35960 0.004338
225 402 3 100 29519 0.004338
28 130 3 100 1504 0.004338
258 234 3 100 18445 0.004338
368 173 3 100 25345 0.004338
263 252 3 100 33873 0.004338
147 200 3 100 317 0.004338
59 320 3 100 276360 0.004338
334 264 3 100 38764 0.004338
179 109 3 100 16026 0.004338
274 349 3 100 26867 0.004338
49 281 3 100 2156 0.004339
141 82 3 100 7074 0.004339
331 72 3 100 133769 0.004339
152 131 3 100 238734 0.004339
114 251 3 100 38616 0.004339
87 130 3 100 36763 0.004339
378 324 3 100 42322 0.004340
206 78 3 100 6863 0.004340
402 318 3 100 43736 0.004340
180 170 3 100 39938 0.004341
78 160 3 100 31266 0.004341
330 44 3 100 415403 0.004341
307 68 3 100 11766 0.004341
313 91 3 100 15059 0.004341
330 79 3 100 9474 0.004341
86 33 3 100 368238 0.004342
149 331 3 100 13764 0.004342
286 391 3 100 197 0.004342
212 127 3 100 425857 0.004342
294 264 3 100 26414 0.004342
149 258 3 100 71195 0.004342
354 375 3 100 111933 0.004342
162 136 3 100 312860 0.004343
361 120 3 100 25715 0.004343
186 159 3 100 23126 0.004343
341 63 3 100 32034 0.004343
245 198 3 100 24289 0.004343
213 196 3 100 26324 0.004343
178 115 3 100 28678 0.004343
322 321 3 100 29743 0.004343
327 139 3 100 15479 0.004344
239 363 3 100 39183 0.004344
153 169 3 100 10640 0.004344
99 337 3 100 36985 0.004345
26 247 3 100 32385 0.004345
69 189 3 100 74898 0.004345
72 158 3 100 270228 0.004345
275 87 3 100 11186 0.004345
261 94 3 100 37321 0.004345
338 134 3 100 448478 0.004345
180 78 3 100 73719 0.004345
229 147 3 100 16238 0.004346
103 348 3 100 34701 0.004346
372 363 3 100 7690 0.004346
107 73 3 100 42434 0.004347
35 389 3 100 28540 0.004347
198 175 3 100 435504 0.004347
299 254 3 100 89888 0.004348
196 303 3 100 43106 0.004349
376 263 3 100 22421 0.004349
58 309 3 100 7822 0.004349
267 54 3 100 24144 0.004349
162 245 3 100 42310 0.004349
155 397 3 100 41109 0.004349
93 137 3 100 37102 0.004349
127 295 3 100 43856 0.004349
357 103 3 100 50257 0.004349
264 391 3 100 39897 0.004350
189 372 3 100 44608 0.004350
162 287 3 100 193470 0.004350
186 36 3 100 22346 0.004350
309 92 3 100 18476 0.004351
289 270 3 100 18845 0.004351
50 293 3 100 33330 0.004351
310 385 3 100 18787 0.004351
91 70 3 100 12298 0.004351
300 62 3 100 34502 0.004351
333 38 3 100 32265 0.004351
67 108 3 100 37620 0.004352
315 149 3 100 2362 0.004352
306 311 3 100 28711 0.004352
157 187 3 100 439193 0.004352
193 174 3 100 27008 0.004352
258 241 3 100 58359 0.004352
336 84 3 100 29228 0.004352
310 101 3 100 454328 0.004353
340 248 3 100 8248 0.004353
256 369 3 100 8788 0.004353
173 373 3 100 44237 0.004353
226 135 3 100 186876 0.004353
268 134 3 100 12283 0.004354
299 213 3 100 421551 0.004354
269 317 3 100 299683 0.004354
263 216 3 100 36137 0.004354
292 312 3 100 9193 0.004354
349 105 3 100 3596 0.004354
104 216 3 100 13338 0.004354
391 115 3 100 3320 0.004354
57 202 3 100 44925 0.004354
348 73 3 100 21367 0.004355
56 46 3 100 9023 0.004355
214 111 3 100 8252 0.004355
133 256 3 100 12413 0.004355
225 393 3 100 45954 0.004356
155 288 3 100 26677 0.004356
360 20 3 100 15238 0.004356
146 362 3 100 36705 0.004356
278 171 3 100 142198 0.004356
178 255 3 100 30248 0.004357
253 259 3 100 155716 0.004357
374 27 3 100 10369 0.004357
222 86 3 100 24014 0.004357
347 332 3 100 3542 0.004357
71 265 3 100 36323 0.004357
163 399 3 100 32555 0.004358
63 383 3 100 8278 0.004358
40 142 3 100 21431 0.004358
208 255 3 100 34193 0.004358
364 73 3 100 7424 0.004358
87 365 3 100 40875 0.004358
47 224 3 100 11312 0.004358
164 134 3 100 25254 0.004358
372 136 3 100 15280 0.004359
251 286 3 100 21388 0.004359
154 234 3 100 186834 0.004359
103 107 3 100 24147 0.004359
352 77 3 100 29368 0.004359
259 176 3 100 22780 0.004359
210 389 3 100 2098 0.004360
289 221 3 100 14473 0.004360
66 318 3 100 33790 0.004360
101 112 3 100 22006 0.004360
298 403 3 100 8165 0.004360
26 308 3 100 10636 0.004361
191 354 3 100 31175 0.004361
259 243 3 100 11222 0.004361
285 95 3 100 1904 0.004361
353 112 3 100 29715 0.004361
331 69 3 100 45767 0.004362
376 167 3 100 13627 0.004362
175 177 3 100 2635 0.004362
293 95 3 100 24745 0.004362
62 243 3 100 257800 0.004363
236 171 3 100 14682 0.004363
333 194 3 100 327173 0.004363
209 50 3 100 13195 0.004363
273 69 3 100 4802 0.004363
79 68 3 100 33343 0.004364
293 176 3 100 32141 0.004364
236 304 3 100 44183 0.004364
297 391 3 100 25347 0.004365
201 309 3 100 34025 0.004365
343 295 3 100 255538 0.004365
285 362 3 100 201913 0.004365
44 46 3 100 30826 0.004366
330 389 3 100 213354 0.004366
161 202 3 100 43354 0.004366
137 351 3 100 43783 0.004367
166 147 3 100 37638 0.004367
396 397 3 100 42689 0.004367
390 200 3 100 1112 0.004367
161 381 3 100 350815 0.004367
196 163 3 100 38722 0.004367
109 67 3 100 19995 0.004367
240 280 3 100 203063 0.004367
276 189 3 100 35692 0.004367
326 156 3 100 24298 0.004368
325 50 3 100 4024 0.004368
224 287 3 100 5105 0.004368
402 283 3 100 35050 0.004368
84 299 3 100 15736 0.004369
52 266 3 100 40156 0.004369
348 50 3 100 37841 0.004369
256 195 3 100 329545 0.004369
91 119 3 100 6166 0.004370
217 52 3 100 39778 0.004370
65 141 3 100 28933 0.004370
384 355 3 100 23222 0.004370
276 154 3 100 19385 0.004370
44 368 3 100 7998 0.004370
364 119 3 100 39827 0.004370
402 295 3 100 25167 0.004370
301 207 3 100 337 0.004370
59 296 3 100 79704 0.004371
320 36 3 100 297219 0.004371
266 373 3 100 4215 0.004371
284 205 3 100 18912 0.004371
26 48 3 100 32853 0.004371
324 27 3 100 19256 0.004371
382 304 3 100 396976 0.004371
201 281 3 100 20312 0.004371
221 216 3 100 194251 0.004372
264 135 3 100 34704 0.004372
239 298 3 100 33212 0.004372
394 294 3 100 15251 0.004372
139 168 3 100 9126 0.004372
81 237 3 100 54514 0.004372
371 130 3 100 25412 0.004374
252 167 3 100 72028 0.004374
60 143 3 100 3433 0.004374
170 155 3 100 349209 0.004374
29 353 3 100 22465 0.004374
140 331 3 100 20688 0.004374
228 360 3 100 215606 0.004374
289 22 3 100 34363 0.004374
301 227 3 100 40418 0.004374
23 113 3 100 39559 0.004375
43 80 3 100 2383 0.004375
129 261 3 100 21307 0.004375
316 51 3 100 4191 0.004375
94 314 3 100 39189 0.004376
386 151 3 100 15605 0.004376
129 47 3 100 6545 0.004376
71 44 3 100 38095 0.004376
304 46 3 100 29511 0.004376
194 363 3 100 5703 0.004376
343 302 3 100 223781 0.004376
331 105 3 100 37538 0.004377
401 395 3 100 24542 0.004377
288 218 3 100 29780 0.004377
34 190 3 100 25156 0.004377
243 176 3 100 23870 0.004377
38 232 3 100 41904 0.004377
154 162 3 100 1616 0.004377
188 45 3 100 356983 0.004378
184 225 3 100 20118 0.004378
44 277 3 100 36745 0.004378
69 334 3 100 27414 0.004379
354 348 3 100 33970 0.004379
287 111 3 100 224507 0.004379
312 276 3 100 30775 0.004379
194 39 3 100 65 0.004380
142 74 3 100 35540 0.004380
317 275 3 100 1081 0.004380
31 235 3 100 786 0.004380
181 207 3 100 34727 0.004380
174 101 3 100 44009 0.004381
257 229 3 100 7762 0.004381
284 65 3 100 86 0.004381
57 47 3 100 43796 0.004381
255 333 3 100 43988 0.004381
44 274 3 100 18186 0.004381
232 200 3 100 4906 0.004382
28 179 3 100 34668 0.004382
278 206 3 100 35068 0.004382
383 354 3 100 37736 0.004382
138 40 3 100 3197 0.004383
242 269 3 100 15510 0.004383
144 330 3 100 33470 0.004383
179 193 3 100 35573 0.004383
138 385 3 100 44061 0.004383
333 318 3 100 4154 0.004384
260 341 3 100 31600 0.004384
105 121 3 100 44350 0.004384
338 355 3 100 39715 0.004386
344 306 3 100 364557 0.004386
185 359 3 100 458146 0.004386
122 26 3 100 25225 0.004386
365 245 3 100 13931 0.004387
392 235 3 100 29365 0.004387
38 398 3 100 30719 0.004387
99 345 3 100 25254 0.004387
187 204 3 100 22501 0.004388
157 211 3 100 39143 0.004388
300 396 3 100 16158 0.004388
263 290 3 100 3611 0.004388
293 132 3 100 45566 0.004388
171 78 3 100 191678 0.004388
28 44 3 100 31363 0.004389
342 368 3 100 33640 0.004389
22 60 3 100 19630 0.004389
191 311 3 100 2095 0.004389
44 169 3 100 10334 0.004389
209 108 3 100 43608 0.004389
65 74 3 100 36840 0.004389
368 267 3 100 5694 0.004389
167 351 3 100 16358 0.004389
186 376 3 100 36504 0.004390
101 140 3 100 297221 0.004390
135 237 3 100 6880 0.004390
326 160 3 100 41241 0.004390
156 65 3 100 54583 0.004390
287 341 3 100 10843 0.004390
91 148 3 100 35487 0.004391
224 77 3 100 6557 0.004391
52 29 3 100 34742 0.004391
282 168 3 100 212749 0.004391
168 112 3 100 38443 0.004392
318 181 3 100 333135 0.004392
243 177 3 100 17279 0.004392
255 332 3 100 962 0.004392
239 254 3 100 6690 0.004392
281 258 3 100 11003 0.004393
215 110 3 100 39670 0.004393
191 74 3 100 354327 0.004394
309 400 3 100 9929 0.004395
84 259 3 100 43125 0.004395
58 242 3 100 32242 0.004395
292 199 3 100 11587 0.004395
270 35 3 100 15911 0.004395
399 321 3 100 32778 0.004396
170 268 3 100 44141 0.004396
349 326 3 100 16358 0.004396
199 102 3 100 26227 0.004396
324 281 3 100 281654 0.004397
350 362 3 100 28786 0.004397
47 294 3 100 440 0.004397
350 222 3 100 72752 0.004398
294 122 3 100 41615 0.004398
342 186 3 100 10356 0.004398
85 281 3 100 26416 0.004398
310 115 3 100 26892 0.004398
51 301 3 100 21750 0.004399
290 138 3 100 5093 0.004399
316 330 3 100 6447 0.004399
374 387 3 100 386767 0.004400
379 127 3 100 19890 0.004400
319 65 3 100 31410 0.004400
120 199 3 100 27746 0.004400
115 301 3 100 19040 0.004400
158 271 3 100 4926 0.004400
304 361 3 100 31694 0.004400
261 249 3 100 42725 0.004400
237 340 3 100 28744 0.004401
69 257 3 100 11590 0.004401
113 317 3 100 33875 0.004401
183 315 3 100 28094 0.004401
185 167 3 100 39462 0.004401
161 183 3 100 14190 0.004401
397 81 3 100 26296 0.004401
142 375 3 100 17499 0.004401
63 398 3 100 45799 0.004401
374 273 3 100 419016 0.004401
119 233 3 100 22398 0.004402
247 295 3 100 4649 0.004402
232 221 3 100 24251 0.004402
334 329 3 100 125644 0.004402
100 124 3 100 29535 0.004402
63 108 3 100 34665 0.004402
55 386 3 100 8236 0.004403
209 30 3 100 35102 0.004403
367 139 3 100 7174 0.004403
232 259 3 100 43951 0.004404
31 195 3 100 24426 0.004404
127 108 3 100 29164 0.004404
140 116 3 100 407751 0.004404
111 357 3 100 56203 0.004405
186 377 3 100 23605 0.004405
196 334 3 100 32099 0.004405
316 162 3 100 8124 0.004405
93 80 3 100 45523 0.004405
331 295 3 100 10239 0.004405
329 380 3 100 125706 0.004405
71 47 3 100 13913 0.004405
204 327 3 100 193813 0.004405
399 69 3 100 24153 0.004405
146 108 3 100 25519 0.004405
365 106 3 100 43367 0.004405
158 31 3 100 27487 0.004406
234 94 3 100 19532 0.004406
281 38 3 100 20522 0.004406
345 246 3 100 21283 0.004406
388 127 3 100 16621 0.004406
141 138 3 100 21504 0.004406
370 301 3 100 299786 0.004407
384 169 3 100 43764 0.004407
96 204 3 100 13985 0.004408
43 347 3 100 27416 0.004408
200 268 3 100 20432 0.004408
80 258 3 100 43538 0.004408
123 399 3 100 75618 0.004408
213 315 3 100 35587 0.004408
384 310 3 100 32300 0.004408
384 295 3 100 219395 0.004408
302 344 3 100 206447 0.004408
282 158 3 100 22148 0.004408
206 370 3 100 37139 0.004408
64 28 3 100 33187 0.004408
296 67 3 100 8855 0.004408
24 23 3 100 27403 0.004409
100 328 3 100 38723 0.004409
183 133 3 100 401479 0.004409
217 229 3 100 17668 0.004409
247 366 3 100 27585 0.004409
184 55 3 100 3981 0.004409
299 61 3 100 10700 0.004410
369 387 3 100 29228 0.004410
329 261 3 100 18487 0.004410
69 249 3 100 6393 0.004410
299 233 3 100 61069 0.004410
45 302 3 100 41016 0.004410
316 240 3 100 9145 0.004411
377 167 3 100 41711 0.004411
302 203 3 100 32076 0.004411
244 199 3 100 25202 0.004411
352 131 3 100 30246 0.004411
391 40 3 100 23832 0.004411
247 373 3 100 14094 0.004412
208 314 3 100 9898 0.004412
109 336 3 100 21827 0.004412
205 236 3 100 39432 0.004412
235 59 3 100 387713 0.004412
28 310 3 100 22825 0.004412
182 245 3 100 119211 0.004412
359 140 3 100 84289 0.004412
356 340 3 100 39636 0.004413
64 231 3 100 22539 0.004413
206 183 3 100 17478 0.004413
71 360 3 100 20224 0.004413
90 241 3 100 12193 0.004413
178 355 3 100 45770 0.004413
144 333 3 100 114995 0.004413
241 201 3 100 23034 0.004413
113 142 3 100 1892 0.004414
291 383 3 100 110661 0.004414
265 327 3 100 15332 0.004414
370 76 3 100 18390 0.004414
116 290 3 100 29859 0.004414
351 149 3 100 42454 0.004414
151 85 3 100 388513 0.004414
154 375 3 100 30348 0.004414
279 359 3 100 311140 0.004415
178 116 3 100 37069 0.004415
402 214 3 100 1671 0.004415
344 70 3 100 36424 0.004415
393 178 3 100 28547 0.004415
204 33 3 100 20287 0.004415
127 139 3 100 17650 0.004415
186 296 3 100 6125 0.004416
130 177 3 100 403032 0.004416
396 72 3 100 5295 0.004416
337 269 3 100 8066 0.004416
380 186 3 100 31548 0.004416
352 246 3 100 27692 0.004416
228 348 3 100 3705 0.004417
299 227 3 100 324543 0.004417
229 144 3 100 22851 0.004417
185 127 3 100 31339 0.004417
341 267 3 100 33993 0.004417
228 217 3 100 8601 0.004418
190 208 3 100 21339 0.004418
335 229 3 100 86003 0.004418
253 245 3 100 41212 0.004418
71 316 3 100 290641 0.004419
66 283 3 100 18009 0.004419
363 157 3 100 24625 0.004419
153 209 3 100 439667 0.004419
355 277 3 100 34475 0.004419
206 283 3 100 32051 0.004420
117 260 3 100 116534 0.004420
155 253 3 100 28337 0.004420
297 277 3 100 45912 0.004420
216 85 3 100 3684 0.004421
325 285 3 100 32393 0.004421
137 338 3 100 5401 0.004421
239 285 3 100 12334 0.004421
47 277 3 100 4391 0.004422
356 72 3 100 30740 0.004422
272 214 3 100 39297 0.004422
335 33 3 100 5351 0.004422
67 252 3 100 4963 0.004422
369 304 3 100 17127 0.004423
230 160 3 100 23763 0.004423
346 389 3 100 18673 0.004423
301 254 3 100 12648 0.004424
329 234 3 100 22855 0.004424
329 66 3 100 27651 0.004424
29 184 3 100 9523 0.004424
285 316 3 100 248952 0.004424
114 217 3 100 41945 0.004425
278 36 3 100 11909 0.004425
75 118 3 100 413457 0.004425
347 108 3 100 40101 0.004425
107 351 3 100 12453 0.004425
193 50 3 100 31222 0.004426
303 68 3 100 11455 0.004426
277 145 3 100 29652 0.004426
43 278 3 100 25303 0.004427
71 185 3 100 22996 0.004427
23 259 3 100 4409 0.004427
266 192 3 100 6826 0.004427
236 384 3 100 8127 0.004427
51 212 3 100 29776 0.004427
105 197 3 100 45801 0.004428
178 313 3 100 13318 0.004428
317 386 3 100 11071 0.004428
233 108 3 100 222444 0.004428
345 391 3 100 32360 0.004428
86 341 3 100 32079 0.004428
292 95 3 100 271360 0.004428
394 374 3 100 3189 0.004429
40 280 3 100 35617 0.004429
137 313 3 100 43235 0.004429
78 51 3 100 22298 0.004430
275 232 3 100 2448 0.004430
376 91 3 100 43735 0.004430
131 213 3 100 20880 0.004430
283 188 3 100 16198 0.004430
217 294 3 100 28604 0.004431
374 159 3 100 28701 0.004431
124 135 3 100 16236 0.004431
250 353 3 100 20504 0.004431
143 42 3 100 31153 0.004431
236 374 3 100 24456 0.004432
75 328 3 100 32497 0.004432
215 31 3 100 6345 0.004432
321 252 3 100 25717 0.004432
119 169 3 100 22061 0.004432
52 401 3 100 35202 0.004432
41 115 3 100 5532 0.004433
353 130 3 100 19419 0.004433
242 154 3 100 13341 0.004433
215 78 3 100 411830 0.004433
374 341 3 100 129082 0.004433
323 103 3 100 29134 0.004433
220 270 3 100 28220 0.004433
341 340 3 100 310641 0.004433
355 292 3 100 24929 0.004433
380 65 3 100 36204 0.004433
217 121 3 100 4493 0.004434
329 267 3 100 8452 0.004434
75 257 3 100 37771 0.004434
162 188 3 100 40368 0.004434
332 48 3 100 22134 0.004434
142 334 3 100 38874 0.004434
290 67 3 100 1965 0.004434
129 320 3 100 394048 0.004436
105 106 3 100 40536 0.004436
210 120 3 100 12715 0.004436
247 76 3 100 26417 0.004436
307 163 3 100 35651 0.004436
64 238 3 100 38575 0.004436
158 183 3 100 4315 0.004436
339 90 3 100 11653 0.004436
139 281 3 100 41517 0.004436
22 398 3 100 36488 0.004436
363 297 3 100 41366 0.004436
54 145 3 100 21337 0.004437
270 198 3 100 23498 0.004437
194 276 3 100 21520 0.004437
29 188 3 100 17210 0.004437
168 45 3 100 18576 0.004437
282 116 3 100 402492 0.004437
273 116 3 100 21342 0.004437
112 29 3 100 29403 0.004437
69 255 3 100 132517 0.004438
34 135 3 100 38938 0.004438
52 327 3 100 31426 0.004438
103 217 3 100 45217 0.004438
213 287 3 100 15896 0.004438
402 198 3 100 35354 0.004438
223 324 3 100 195077 0.004439
161 45 3 100 37150 0.004439
131 229 3 100 38080 0.004439
141 108 3 100 40258 0.004439
395 315 3 100 45538 0.004439
159 153 3 100 12532 0.004439
300 357 3 100 20391 0.004440
397 324 3 100 29253 0.004441
150 272 3 100 25140 0.004441
299 175 3 100 34894 0.004441
238 84 3 100 15366 0.004441
138 88 3 100 6624 0.004441
153 348 3 100 29575 0.004441
313 186 3 100 31699 0.004441
296 65 3 100 222504 0.004442
89 317 3 100 27390 0.004442
169 318 3 100 10814 0.004442
53 154 3 100 28229 0.004442
191 194 3 100 9603 0.004442
151 81 3 100 18269 0.004442
351 208 3 100 225835 0.004443
397 286 3 100 36119 0.004443
258 345 3 100 347162 0.004443
189 149 3 100 35311 0.004443
361 150 3 100 6480 0.004443
150 303 3 100 38602 0.004443
150 210 3 100 26548 0.004444
317 171 3 100 17199 0.004444
337 50 3 100 543 0.004444
186 168 3 100 207001 0.004444
391 243 3 100 27580 0.004444
47 300 3 100 23982 0.004444
131 384 3 100 37033 0.004444
116 224 3 100 23688 0.004444
54 251 3 100 24963 0.004444
316 178 3 100 24007 0.004445
36 232 3 100 264803 0.004445
251 311 3 100 40660 0.004445
94 30 3 100 21332 0.004446
401 316 3 100 8507 0.004446
351 282 3 100 13056 0.004446
382 37 3 100 5261 0.004446
310 87 3 100 40922 0.004446
384 242 3 100 26866 0.004447
295 300 3 100 15026 0.004447
235 317 3 100 39613 0.004447
128 280 3 100 28840 0.004447
349 283 3 100 418 0.004447
258 117 3 100 36518 0.004447
401 317 3 100 29274 0.004447
194 108 3 100 7910 0.004447
220 244 3 100 8966 0.004448
351 159 3 100 26964 0.004448
158 74 3 100 31549 0.004449
213 157 3 100 21939 0.004450
229 115 3 100 20356 0.004450
284 352 3 100 11276 0.004450
304 314 3 100 102 0.004450
328 104 3 100 36575 0.004451
217 374 3 100 73434 0.004451
97 333 3 100 12157 0.004451
165 87 3 100 28850 0.004452
383 391 3 100 40244 0.004452
257 397 3 100 21387 0.004452
111 26 3 100 13479 0.004452
92 366 3 100 28319 0.004452
105 127 3 100 982 0.004452
273 353 3 100 41735 0.004452
309 296 3 100 20380 0.004453
324 299 3 100 20141 0.004453
222 318 3 100 138201 0.004453
190 272 3 100 5273 0.004453
137 119 3 100 81604 0.004453
267 222 3 100 4151 0.004453
343 177 3 100 10114 0.004453
60 382 3 100 31952 0.004454
32 68 3 100 22567 0.004454
239 178 3 100 28675 0.004454
230 269 3 100 14183 0.004454
291 25 3 100 20526 0.004454
322 108 3 100 42629 0.004454
191 325 3 100 41877 0.004454
130 303 3 100 26012 0.004454
72 140 3 100 33296 0.004454
319 179 3 100 9486 0.004454
102 183 3 100 361579 0.004454
338 70 3 100 9799 0.004455
318 389 3 100 21205 0.004455
38 362 3 100 45137 0.004455
204 362 3 100 24615 0.004455
108 292 3 100 7863 0.004455
328 310 3 100 33576 0.004455
397 353 3 100 1713 0.004455
335 148 3 100 64571 0.004455
332 94 3 100 31831 0.004455
204 273 3 100 9266 0.004455
322 57 3 100 42919 0.004455
353 336 3 100 2569 0.004455
330 272 3 100 15885 0.004456
307 63 3 100 29801 0.004457
317 218 3 100 17733 0.004458
212 382 3 100 11955 0.004458
397 178 3 100 43587 0.004458
304 244 3 100 20814 0.004458
328 133 3 100 42522 0.004458
290 361 3 100 6909 0.004459
135 152 3 100 40908 0.004459
194 173 3 100 42174 0.004459
117 21 3 100 38002 0.004459
328 304 3 100 444254 0.004459
323 163 3 100 41447 0.004459
209 139 3 100 188376 0.004459
225 233 3 100 109091 0.004460
55 340 3 100 427788 0.004460
270 152 3 100 13336 0.004460
225 380 3 100 3612 0.004461
115 34 3 100 12209 0.004461
308 166 3 100 18123 0.004461
24 135 3 100 13624 0.004461
211 78 3 100 27124 0.004461
368 383 3 100 25674 0.004461
186 164 3 100 26809 0.004461
138 297 3 100 5960 0.004461
318 103 3 100 18573 0.004462
330 299 3 100 43272 0.004462
192 200 3 100 219575 0.004462
173 336 3 100 24969 0.004462
269 169 3 100 282980 0.004463
320 245 3 100 33304 0.004463
213 251 3 100 4516 0.004463
373 310 3 100 16585 0.004463
260 351 3 100 39697 0.004463
170 210 3 100 3717 0.004463
107 150 3 100 6829 0.004464
88 169 3 100 1544 0.004464
192 29 3 100 145239 0.004464
306 267 3 100 6119 0.004464
262 206 3 100 32434 0.004464
317 202 3 100 6244 0.004464
225 281 3 100 167470 0.004464
108 350 3 100 152481 0.004464
100 34 3 100 402770 0.004465
191 331 3 100 13313 0.004465
317 144 3 100 26211 0.004465
164 36 3 100 32961 0.004466
306 62 3 100 42972 0.004466
66 289 3 100 24928 0.004466
305 32 3 100 8719 0.004466
93 302 3 100 340959 0.004466
232 111 3 100 36495 0.004466
141 94 3 100 25585 0.004467
327 394 3 100 319445 0.004467
203 256 3 100 19384 0.004467
227 78 3 100 65567 0.004467
194 217 3 100 39034 0.004467
192 162 3 100 25225 0.004467
119 180 3 100 13488 0.004468
42 272 3 100 211089 0.004468
244 299 3 100 42864 0.004468
322 40 3 100 8443 0.004468
383 327 3 100 22678 0.004469
113 149 3 100 9681 0.004469
383 326 3 100 32370 0.004469
130 398 3 100 248439 0.004470
263 177 3 100 37324 0.004470
41 385 3 100 25450 0.004470
347 143 3 100 43164 0.004471
312 346 3 100 41017 0.004471
310 204 3 100 34171 0.004471
164 25 3 100 35593 0.004471
41 223 3 100 4590 0.004471
26 23 3 100 22073 0.004471
133 167 3 100 32229 0.004471
86 164 3 100 43581 0.004471
367 379 3 100 23044 0.004471
130 354 3 100 259380 0.004471
342 392 3 100 38792 0.004471
157 263 3 100 38800 0.004471
232 84 3 100 45325 0.004472
345 361 3 100 12211 0.004472
20 148 3 100 44001 0.004472
218 310 3 100 24647 0.004472
79 151 3 100 26468 0.004472
150 77 3 100 250749 0.004472
374 401 3 100 4536 0.004472
263 29 3 100 14008 0.004472
203 365 3 100 16091 0.004473
376 81 3 100 322199 0.004473
250 375 3 100 39222 0.004473
377 50 3 100 32693 0.004473
121 193 3 100 28248 0.004474
122 295 3 100 977 0.004474
94 138 3 100 252958 0.004474
245 133 3 100 15560 0.004474
95 24 3 100 9261 0.004474
195 238 3 100 43907 0.004474
206 75 3 100 40683 0.004474
139 348 3 100 42050 0.004474
213 352 3 100 41602 0.004474
111 85 3 100 45349 0.004475
142 152 3 100 25221 0.004475
165 339 3 100 40688 0.004475
78 349 3 100 3230 0.004475
285 188 3 100 11714 0.004475
344 307 3 100 5851 0.004475
381 96 3 100 6280 0.004475
165 81 3 100 3399 0.004475
274 323 3 100 17620 0.004476
109 342 3 100 8472 0.004476
304 196 3 100 10184 0.004476
295 333 3 100 19567 0.004476
132 394 3 100 6339 0.004477
94 159 3 100 13939 0.004477
232 257 3 100 25844 0.004477
367 131 3 100 41756 0.004477
87 78 3 100 11080 0.004477
270 365 3 100 34298 0.004477
88 279 3 100 41074 0.004478
371 274 3 100 32933 0.004478
225 87 3 100 35932 0.004478
228 135 3 100 36383 0.004478
346 213 3 100 403159 0.004478
329 193 3 100 35867 0.004478
102 289 3 100 15909 0.004479
218 208 3 100 39227 0.004479
159 191 3 100 6537 0.004479
23 266 3 100 167228 0.004479
279 174 3 100 98234 0.004479
78 148 3 100 26242 0.004479
292 391 3 100 508 0.004479
183 232 3 100 29080 0.004479
222 368 3 100 2365 0.004479
230 35 3 100 5268 0.004479
189 97 3 100 15739 0.004480
265 352 3 100 43040 0.004480
215 144 3 100 12801 0.004480
300 262 3 100 36595 0.004480
328 181 3 100 29536 0.004480
94 23 3 100 36528 0.004480
166 219 3 100 23766 0.004480
48 175 3 100 30233 0.004481
288 307 3 100 382375 0.004481
137 99 3 100 256352 0.004481
401 392 3 100 20301 0.004481
276 364 3 100 35392 0.004481
245 36 3 100 41668 0.004481
89 71 3 100 24932 0.004481
218 403 3 100 444699 0.004482
44 147 3 100 14280 0.004482
97 370 3 100 43992 0.004482
387 254 3 100 41436 0.004482
121 301 3 100 37950 0.004482
244 103 3 100 121720 0.004482
104 305 3 100 28338 0.004483
91 383 3 100 26697 0.004483
326 344 3 100 331571 0.004483
171 369 3 100 84589 0.004483
129 254 3 100 27547 0.004483
135 69 3 100 28876 0.004484
206 65 3 100 40638 0.004484
327 320 3 100 26605 0.004484
318 245 3 100 41699 0.004484
261 96 3 100 996 0.004485
138 174 3 100 28632 0.004485
349 42 3 100 33478 0.004485
115 160 3 100 38084 0.004485
122 133 3 100 381874 0.004485
223 238 3 100 35449 0.004485
69 62 3 100 8721 0.004485
375 377 3 100 1918 0.004485
62 276 3 100 26300 0.004486
152 314 3 100 39819 0.004486
343 44 3 100 9075 0.004486
250 369 3 100 109160 0.004486
148 268 3 100 28974 0.004486
53 77 3 100 45924 0.004486
264 143 3 100 136027 0.004486
224 188 3 100 232947 0.004486
358 158 3 100 35085 0.004487
265 255 3 100 35486 0.004487
382 298 3 100 155648 0.004487
193 278 3 100 21776 0.004487
221 356 3 100 35846 0.004487
141 163 3 100 23759 0.004488
123 313 3 100 19312 0.004488
178 327 3 100 7457 0.004489
65 340 3 100 13361 0.004489
287 140 3 100 44074 0.004490
368 224 3 100 11872 0.004490
192 143 3 100 2259 0.004491
25 207 3 100 16561 0.004491
182 331 3 100 27905 0.004491
138 321 3 100 222725 0.004491
28 375 3 100 29645 0.004491
338 250 3 100 16395 0.004491
278 147 3 100 1033 0.004492
161 373 3 100 19930 0.004492
354 361 3 100 2420 0.004492
98 42 3 100 42583 0.004492
389 381 3 100 9873 0.004493
214 348 3 100 13758 0.004493
399 258 3 100 9631 0.004493
107 385 3 100 41679 0.004494
348 124 3 100 23062 0.004494
170 77 3 100 44766 0.004494
209 228 3 100 46017 0.004494
134 149 3 100 11777 0.004494
309 343 3 100 45069 0.004494
292 136 3 100 24758 0.004494
107 160 3 100 425991 0.004494
380 323 3 100 48892 0.004494
307 73 3 100 2390 0.004494
77 101 3 100 36567 0.004494
278 332 3 100 40172 0.004495
112 357 3 100 33187 0.004495
33 160 3 100 24462 0.004495
115 148 3 100 41812 0.004495
83 37 3 100 2616 0.004496
298 59 3 100 25784 0.004496
219 272 3 100 1374 0.004496
173 71 3 100 426 0.004497
92 43 3 100 65374 0.004497
96 270 3 100 34464 0.004497
68 264 3 100 30576 0.004497
45 65 3 100 36031 0.004497
114 395 3 100 17137 0.004497
333 126 3 100 22096 0.004498
334 155 3 100 38332 0.004498
169 217 3 100 34858 0.004498
160 203 3 100 209679 0.004498
134 252 3 100 16538 0.004498
237 243 3 100 22219 0.004499
371 281 3 100 80205 0.004499
370 126 3 100 320510 0.004499
221 197 3 100 215934 0.004499
352 213 3 100 43922 0.004500
279 194 3 100 8942 0.004500
384 108 3 100 22657 0.004500
209 71 3 100 2544 0.004500
319 394 3 100 300206 0.004500
373 320 3 100 21936 0.004500
188 70 3 100 3296 0.004500
192 81 3 100 23926 0.004501
314 262 3 100 92985 0.004501
361 106 3 100 34943 0.004501
152 298 3 100 39083 0.004501
142 97 3 100 44443 0.004501
353 147 3 100 21694 0.004501
195 269 3 100 19207 0.004501
170 289 3 100 56297 0.004502
137 224 3 100 245102 0.004502
165 328 3 100 5186 0.004502
359 51 3 100 24733 0.004502
76 155 3 100 24747 0.004502
34 113 3 100 26462 0.004502
43 39 3 100 44143 0.004502
147 200 3 100 33808 0.004502
98 177 3 100 330715 0.004503
99 229 3 100 20218 0.004503
32 221 3 100 240688 0.004503
102 260 3 100 1062 0.004503
200 68 3 100 181550 0.004504
292 55 3 100 4290 0.004504
230 46 3 100 44304 0.004504
29 363 3 100 44381 0.004504
298 308 3 100 1192 0.004504
94 53 3 100 3573 0.004504
318 306 3 100 24604 0.004504
320 401 3 100 10065 0.004505
375 52 3 100 714 0.004505
230 380 3 100 36859 0.004505
195 299 3 100 42246 0.004505
296 396 3 100 32326 0.004505
159 234 3 100 412290 0.004505
316 282 3 100 9644 0.004505
380 26 3 100 14770 0.004505
384 302 3 100 39505 0.004505
181 153 3 100 31461 0.004505
96 397 3 100 29853 0.004505
311 382 3 100 3795 0.004506
399 79 3 100 10881 0.004506
396 114 3 100 24912 0.004506
201 311 3 100 42370 0.004506
217 113 3 100 31441 0.004506
376 187 3 100 14465 0.004506
186 275 3 100 10771 0.004506
29 216 3 100 5276 0.004506
141 303 3 100 10225 0.004507
260 255 3 100 45412 0.004507
98 281 3 100 24320 0.004507
89 234 3 100 37247 0.004507
28 66 3 100 33398 0.004507
196 254 3 100 212110 0.004507
248 259 3 100 14820 0.004507
48 76 3 100 22842 0.004507
107 195 3 100 38781 0.004508
210 389 3 100 298690 0.004508
48 279 3 100 36087 0.004508
391 235 3 100 38032 0.004508
249 93 3 100 22491 0.004508
39 33 3 100 10698 0.004508
322 285 3 100 16171 0.004509
394 333 3 100 40333 0.004509
224 388 3 100 326084 0.004509
220 348 3 100 6613 0.004509
339 212 3 100 13486 0.004509
100 221 3 100 4620 0.004509
301 264 3 100 41932 0.004509
80 114 3 100 37508 0.004510
294 278 3 100 495 0.004510
254 295 3 100 448052 0.004510
374 296 3 100 317260 0.004510
114 368 3 100 382757 0.004510
207 168 3 100 22285 0.004511
46 289 3 100 27747 0.004511
80 226 3 100 22593 0.004511
160 97 3 100 27026 0.004511
159 332 3 100 8358 0.004511
49 215 3 100 9491 0.004512
22 157 3 100 31589 0.004512
118 262 3 100 188400 0.004512
137 158 3 100 18950 0.004512
321 297 3 100 22658 0.004512
202 334 3 100 10153 0.004512
381 97 3 100 38155 0.004512
350 384 3 100 133890 0.004512
294 176 3 100 34458 0.004512
42 154 3 100 20288 0.004512
104 123 3 100 31628 0.004513
20 70 3 100 35905 0.004513
127 181 3 100 4898 0.004513
78 312 3 100 9784 0.004514
93 392 3 100 39390 0.004514
52 298 3 100 10623 0.004514
366 133 3 100 11416 0.004514
59 218 3 100 32730 0.004514
178 232 3 100 14169 0.004515
310 221 3 100 31404 0.004515
403 152 3 100 100440 0.004515
339 119 3 100 11039 0.004515
50 55 3 100 21541 0.004515
186 240 3 100 25997 0.004515
403 365 3 100 26535 0.004515
372 250 3 100 24640 0.004515
155 52 3 100 7601 0.004516
302 292 3 100 22833 0.004516
367 375 3 100 37853 0.004516
316 297 3 100 302414 0.004516
83 178 3 100 284060 0.004516
172 313 3 100 30997 0.004517
344 185 3 100 179364 0.004517
367 178 3 100 17183 0.004517
304 64 3 100 12103 0.004517
145 137 3 100 415163 0.004517
158 27 3 100 19810 0.004518
285 282 3 100 20623 0.004518
354 333 3 100 316736 0.004518
31 388 3 100 27506 0.004518
255 187 3 100 19862 0.004518
198 292 3 100 22021 0.004518
146 87 3 100 25832 0.004518
80 257 3 100 253662 0.004518
95 285 3 100 18858 0.004519
364 76 3 100 53915 0.004519
358 90 3 100 41679 0.004519
358 248 3 100 6506 0.004519
72 375 3 100 12054 0.004520
328 344 3 100 379994 0.004520
239 86 3 100 20566 0.004521
352 348 3 100 16751 0.004521
339 334 3 100 19099 0.004521
292 297 3 100 42940 0.004521
46 70 3 100 38201 0.004521
237 122 3 100 25937 0.004521
176 214 3 100 2200 0.004521
398 237 3 100 10440 0.004522
67 174 3 100 93805 0.004522
364 37 3 100 357618 0.004522
147 264 3 100 44833 0.004522
202 196 3 100 19341 0.004522
54 357 3 100 45881 0.004522
371 242 3 100 26437 0.004523
202 41 3 100 3558 0.004523
348 278 3 100 24133 0.004523
330 56 3 100 75805 0.004523
289 384 3 100 35592 0.004523
321 332 3 100 33896 0.004523
108 206 3 100 34987 0.004524
86 349 3 100 432215 0.004524
342 341 3 100 23904 0.004524
55 111 3 100 15682 0.004524
401 323 3 100 144126 0.004524
362 150 3 100 1514 0.004524
170 152 3 100 376597 0.004524
139 71 3 100 38215 0.004524
194 73 3 100 12276 0.004525
169 184 3 100 87620 0.004525
166 305 3 100 7011 0.004525
290 51 3 100 7381 0.004525
58 201 3 100 42246 0.004526
130 82 3 100 13834 0.004526
263 373 3 100 41320 0.004526
71 341 3 100 43887 0.004526
305 232 3 100 37013 0.004527
222 202 3 100 213821 0.004527
159 177 3 100 153009 0.004527
213 305 3 100 300278 0.004527
134 184 3 100 32927 0.004527
238 113 3 100 4771 0.004527
378 107 3 100 24652 0.004527
386 148 3 100 8073 0.004528
187 165 3 100 9094 0.004528
364 257 3 100 9314 0.004528
257 286 3 100 3145 0.004528
327 154 3 100 27457 0.004528
373 359 3 100 27214 0.004528
203 43 3 100 344791 0.004529
177 107 3 100 18897 0.004529
189 383 3 100 8066 0.004529
403 64 3 100 25988 0.004529
213 308 3 100 9673 0.004529
49 392 3 100 41720 0.004529
389 178 3 100 35789 0.004529
297 370 3 100 10182 0.004530
112 92 3 100 42312 0.004530
299 61 3 100 407267 0.004530
96 166 3 100 35379 0.004530
229 64 3 100 316786 0.004530
20 99 3 100 12 0.004530
171 170 3 100 327482 0.004530
128 366 3 100 22642 0.004531
241 81 3 100 11917 0.004531
192 165 3 100 23009 0.004531
392 31 3 100 389820 0.004531
351 230 3 100 29605 0.004531
148 323 3 100 33130 0.004531
204 62 3 100 27162 0.004531
134 279 3 100 43558 0.004532
138 88 3 100 397506 0.004532
138 65 3 100 23350 0.004532
371 281 3 100 23035 0.004533
381 306 3 100 826 0.004533
227 83 3 100 44846 0.004533
167 95 3 100 15118 0.004533
103 330 3 100 714 0.004533
36 313 3 100 321682 0.004533
39 371 3 100 22427 0.004533
209 300 3 100 36697 0.004533
108 244 3 100 42890 0.004533
167 21 3 100 18128 0.004534
340 343 3 100 44784 0.004534
244 248 3 100 36915 0.004534
142 311 3 100 43362 0.004534
319 76 3 100 385148 0.004534
285 326 3 100 422554 0.004535
280 251 3 100 44256 0.004535
128 122 3 100 25729 0.004535
346 287 3 100 39626 0.004535
124 112 3 100 41449 0.004535
279 304 3 100 11126 0.004535
377 299 3 100 29230 0.004535
116 152 3 100 964 0.004536
106 197 3 100 63785 0.004536
66 275 3 100 36725 0.004537
113 186 3 100 45422 0.004537
280 57 3 100 21333 0.004537
259 38 3 100 12438 0.004537
147 52 3 100 12491 0.004537
329 323 3 100 334364 0.004537
380 362 3 100 368847 0.004537
124 227 3 100 34207 0.004538
108 137 3 100 45396 0.004538
24 212 3 100 24115 0.004538
372 395 3 100 37742 0.004538
270 385 3 100 37905 0.004538
232 219 3 100 26776 0.004538
222 230 3 100 41284 0.004539
227 242 3 100 3475 0.004539
122 26 3 100 28253 0.004539
116 67 3 100 357732 0.004539
66 107 3 100 9205 0.004539
358 289 3 100 15180 0.004539
68 342 3 100 41118 0.004540
355 94 3 100 24286 0.004540
193 234 3 100 33826 0.004540
178 55 3 100 185007 0.004540
398 332 3 100 1098 0.004541
272 243 3 100 21007 0.004541
247 56 3 100 36204 0.004541
346 393 3 100 28504 0.004541
211 321 3 100 10679 0.004541
350 356 3 100 7160 0.004541
239 353 3 100 12068 0.004541
112 128 3 100 28994 0.004542
369 21 3 100 40514 0.004542
61 223 3 100 18554 0.004542
155 132 3 100 44513 0.004542
108 222 3 100 14591 0.004542
48 68 3 100 39912 0.004542
83 328 3 100 23597 0.004542
66 402 3 100 16398 0.004542
337 136 3 100 45433 0.004543
364 246 3 100 36479 0.004543
182 351 3 100 309317 0.004543
109 43 3 100 20789 0.004543
173 142 3 100 31792 0.004543
226 403 3 100 26261 0.004543
170 139 3 100 22704 0.004543
183 374 3 100 4392 0.004543
53 189 3 100 21196 0.004543
30 262 3 100 22389 0.004544
138 354 3 100 397160 0.004544
402 173 3 100 2030 0.004544
293 63 3 100 9699 0.004544
72 307 3 100 36290 0.004544
217 60 3 100 17721 0.004544
208 263 3 100 442285 0.004544
317 225 3 100 139599 0.004545
138 226 3 100 309850 0.004545
164 287 3 100 22347 0.004545
162 380 3 100 439398 0.004545
342 150 3 100 38616 0.004546
56 261 3 100 35881 0.004546
282 168 3 100 6920 0.004546
51 274 3 100 61695 0.004546
278 101 3 100 31398 0.004546
225 162 3 100 2107 0.004546
353 66 3 100 37094 0.004546
252 403 3 100 341656 0.004546
253 26 3 100 23893 0.004547
111 102 3 100 34007 0.004547
264 144 3 100 42489 0.004547
345 154 3 100 265612 0.004547
290 148 3 100 150465 0.004547
52 346 3 100 28836 0.004547
81 220 3 100 381038 0.004548
54 281 3 100 29738 0.004548
348 250 3 100 25444 0.004548
362 212 3 100 23157 0.004548
172 189 3 100 23114 0.004548
222 281 3 100 35392 0.004549
199 231 3 100 35770 0.004549
180 82 3 100 19590 0.004550
324 376 3 100 412685 0.004550
86 253 3 100 409692 0.004550
50 149 3 100 33497 0.004550
20 320 3 100 30954 0.004550
251 135 3 100 45760 0.004550
370 279 3 100 200524 0.004550
399 99 3 100 8336 0.004550
154 286 3 100 43239 0.004551
342 36 3 100 11098 0.004551
161 36 3 100 31049 0.004551
384 403 3 100 25891 0.004551
149 151 3 100 17651 0.004551
196 264 3 100 411091 0.004552
288 358 3 100 69497 0.004552
27 403 3 100 45212 0.004552
208 25 3 100 26590 0.004552
157 339 3 100 44904 0.004552
38 203 3 100 17377 0.004552
204 380 3 100 289222 0.004553
214 400 3 100 15146 0.004553
304 230 3 100 33320 0.004553
227 232 3 100 234567 0.004553
234 236 3 100 44562 0.004553
107 164 3 100 30835 0.004554
204 102 3 100 27280 0.004554
314 273 3 100 45217 0.004554
320 38 3 100 3895 0.004555
152 90 3 100 13082 0.004555
269 350 3 100 36127 0.004555
43 268 3 100 327865 0.004555
343 111 3 100 40275 0.004555
25 336 3 100 234941 0.004556
23 401 3 100 137713 0.004556
374 326 3 100 235757 0.004556
192 77 3 100 26338 0.004556
305 382 3 100 34843 0.004556
176 132 3 100 232720 0.004556
208 101 3 100 4520 0.004557
173 303 3 100 24003 0.004557
325 276 3 100 27249 0.004557
227 253 3 100 10795 0.004557
61 269 3 100 161880 0.004557
294 329 3 100 20435 0.004557
90 168 3 100 22015 0.004558
329 96 3 100 3894 0.004558
223 83 3 100 292114 0.004558
245 40 3 100 17942 0.004558
388 208 3 100 42287 0.004558
25 46 3 100 9046 0.004559
205 244 3 100 24356 0.004559
176 349 3 100 38345 0.004559
357 29 3 100 37976 0.004559
219 257 3 100 37843 0.004559
92 334 3 100 7147 0.004559
35 237 3 100 16294 0.004559
222 142 3 100 21726 0.004559
111 73 3 100 13356 0.004560
66 173 3 100 118791 0.004560
55 389 3 100 66511 0.004560
142 324 3 100 32025 0.004560
110 322 3 100 22241 0.004560
161 224 3 100 27324 0.004560
112 188 3 100 36871 0.004560
37 104 3 100 15471 0.004560
115 129 3 100 21901 0.004560
97 375 3 100 40546 0.004560
201 44 3 100 35143 0.004561
397 232 3 100 15790 0.004561
103 260 3 100 14664 0.004562
216 68 3 100 139102 0.004562
248 321 3 100 34556 0.004562
69 45 3 100 3069 0.004562
304 282 3 100 34630 0.004562
292 335 3 100 41470 0.004562
378 382 3 100 32294 0.004562
322 59 3 100 5320 0.004563
250 92 3 100 22249 0.004563
124 369 3 100 40032 0.004563
354 236 3 100 435976 0.004563
225 25 3 100 18762 0.004563
255 319 3 100 402203 0.004563
119 212 3 100 31705 0.004563
297 143 3 100 28392 0.004564
145 55 3 100 16037 0.004564
51 216 3 100 1627 0.004564
64 179 3 100 5051 0.004564
141 223 3 100 14449 0.004564
391 239 3 100 16843 0.004565
178 52 3 100 11730 0.004565
351 108 3 100 299176 0.004565
165 73 3 100 31697 0.004565
184 402 3 100 44876 0.004565
189 366 3 100 18650 0.004565
168 214 3 100 44752 0.004566
278 369 3 100 33558 0.004566
230 292 3 100 395170 0.004566
260 171 3 100 15229 0.004566
357 388 3 100 16944 0.004566
125 43 3 100 11978 0.004567
322 95 3 100 5689 0.004567
270 242 3 100 20778 0.004567
239 101 3 100 28830 0.004567
73 345 3 100 274021 0.004567
333 97 3 100 45053 0.004567
186 366 3 100 29815 0.004568
238 57 3 100 18564 0.004568
187 315 3 100 33006 0.004568
66 361 3 100 25574 0.004568
159 285 3 100 5940 0.004568
216 183 3 100 34425 0.004568
213 335 3 100 43876 0.004569
166 219 3 100 357217 0.004569
168 96 3 100 39710 0.004569
132 269 3 100 39544 0.004569
29 372 3 100 60946 0.004569
295 368 3 100 23770 0.004569
357 322 3 100 35542 0.004569
381 367 3 100 454146 0.004569
196 86 3 100 3822 0.004570
367 71 3 100 394 0.004570
390 36 3 100 45855 0.004570
345 98 3 100 32831 0.004570
112 235 3 100 5386 0.004570
372 133 3 100 35600 0.004570
193 108 3 100 24817 0.004570
189 258 3 100 38466 0.004570
270 146 3 100 217165 0.004571
380 26 3 100 26345 0.004571
71 175 3 100 8443 0.004571
26 269 3 100 455836 0.004572
40 218 3 100 33054 0.004572
397 393 3 100 104867 0.004572
335 167 3 100 345011 0.004572
344 299 3 100 7008 0.004572
380 162 3 100 38135 0.004573
93 256 3 100 255449 0.004573
362 108 3 100 360736 0.004573
44 377 3 100 227728 0.004573
301 278 3 100 40258 0.004573
154 368 3 100 192465 0.004573
129 397 3 100 25444 0.004574
140 117 3 100 11314 0.004574
389 341 3 100 25091 0.004575
101 327 3 100 13322 0.004575
217 329 3 100 33169 0.004575
212 342 3 100 198790 0.004575
223 78 3 100 269673 0.004575
370 151 3 100 36107 0.004576
157 371 3 100 18219 0.004576
385 391 3 100 8806 0.004576
270 133 3 100 283112 0.004576
40 358 3 100 17759 0.004576
214 310 3 100 30994 0.004577
364 65 3 100 20247 0.004577
286 256 3 100 320403 0.004578
126 43 3 100 42614 0.004578
345 65 3 100 149733 0.004578
200 120 3 100 27386 0.004578
319 225 3 100 28583 0.004578
157 51 3 100 338714 0.004579
119 393 3 100 30729 0.004579
242 398 3 100 128396 0.004579
329 283 3 100 4207 0.004579
328 40 3 100 15776 0.004580
102 162 3 100 33288 0.004580
233 144 3 100 42969 0.004580
78 306 3 100 523 0.004581
220 93 3 100 151182 0.004581
53 46 3 100 15507 0.004581
107 246 3 100 7945 0.004581
325 129 3 100 21639 0.004581
213 379 3 100 5189 0.004581
79 360 3 100 2376 0.004581
67 315 3 100 204980 0.004581
369 114 3 100 382398 0.004581
107 171 3 100 16908 0.004582
38 142 3 100 35485 0.004582
80 303 3 100 8328 0.004582
348 149 3 100 281 0.004582
312 311 3 100 5556 0.004583
182 228 3 100 38577 0.004583
146 213 3 100 11682 0.004583
131 324 3 100 3312 0.004583
273 293 3 100 42672 0.004584
142 72 3 100 56468 0.004584
57 79 3 100 11971 0.004584
146 22 3 100 758 0.004585
316 338 3 100 13383 0.004586
153 385 3 100 32390 0.004586
32 340 3 100 10840 0.004586
115 270 3 100 154241 0.004586
131 218 3 100 293914 0.004586
142 340 3 100 44059 0.004587
118 329 3 100 26248 0.004587
128 244 3 100 9894 0.004587
307 200 3 100 11568 0.004588
223 163 3 100 40049 0.004588
402 81 3 100 13614 0.004588
302 400 3 100 24267 0.004588
68 234 3 100 6448 0.004588
78 397 3 100 29526 0.004588
345 227 3 100 45443 0.004589
391 232 3 100 37499 0.004589
209 79 3 100 33334 0.004589
100 209 3 100 30985 0.004589
399 294 3 100 37357 0.004590
162 247 3 100 44652 0.004590
122 103 3 100 3434 0.004590
362 247 3 100 200376 0.004590
186 339 3 100 17702 0.004590
163 330 3 100 13739 0.004590
264 60 3 100 14048 0.004590
394 193 3 100 27812 0.004591
232 83 3 100 31922 0.004591
69 75 3 100 30108 0.004591
183 20 3 100 7239 0.004591
183 126 3 100 42193 0.004591
225 304 3 100 43554 0.004591
375 390 3 100 25448 0.004592
93 190 3 100 23711 0.004592
159 351 3 100 38955 0.004592
168 112 3 100 169545 0.004592
399 182 3 100 129437 0.004592
37 174 3 100 38722 0.004592
247 339 3 100 42720 0.004593
212 260 3 100 24468 0.004593
26 121 3 100 27926 0.004593
233 47 3 100 376969 0.004593
384 316 3 100 37274 0.004593
341 289 3 100 22346 0.004594
34 212 3 100 339576 0.004594
332 82 3 100 3059 0.004594
86 273 3 100 295184 0.004595
358 179 3 100 26077 0.004595
52 116 3 100 38190 0.004595
108 403 3 100 293954 0.004595
283 392 3 100 4530 0.004596
126 192 3 100 2386 0.004596
280 342 3 100 32580 0.004596
344 345 3 100 135 0.004596
349 273 3 100 11894 0.004596
256 137 3 100 19161 0.004596
157 258 3 100 8434 0.004596
105 202 3 100 396065 0.004596
61 156 3 100 218797 0.004596
231 113 3 100 42550 0.004596
337 290 3 100 413576 0.004596
341 54 3 100 9109 0.004597
157 194 3 100 25866 0.004597
220 214 3 100 10946 0.004597
21 295 3 100 33632 0.004597
335 251 3 100 43173 0.004597
52 333 3 100 6982 0.004598
170 320 3 100 29759 0.004598
56 377 3 100 38786 0.004598
137 280 3 100 30170 0.004598
105 240 3 100 14127 0.004598
320 35 3 100 228544 0.004598
291 251 3 100 38865 0.004598
296 288 3 100 30322 0.004598
181 156 3 100 3130 0.004598
37 381 3 100 12074 0.004598
395 207 3 100 38447 0.004598
138 218 3 100 238675 0.004599
60 23 3 100 27473 0.004599
270 103 3 100 13401 0.004599
139 401 3 100 29605 0.004599
232 274 3 100 42679 0.004600
202 274 3 100 426268 0.004600
104 370 3 100 203933 0.004600
223 247 3 100 36761 0.004600
214 163 3 100 459911 0.004600
403 244 3 100 441127 0.004601
379 278 3 100 5392 0.004601
115 94 3 100 30707 0.004601
231 255 3 100 42770 0.004601
327 300 3 100 123025 0.004601
20 99 3 100 13175 0.004601
27 193 3 100 7884 0.004601
248 80 3 100 278917 0.004601
314 293 3 100 17978 0.004602
180 286 3 100 39849 0.004602
373 380 3 100 11597 0.004602
60 31 3 100 33762 0.004602
40 321 3 100 44844 0.004602
331 118 3 100 34881 0.004602
376 148 3 100 290486 0.004602
292 159 3 100 39031 0.004602
278 250 3 100 454766 0.004602
274 128 3 100 34021 0.004602
245 358 3 100 35516 0.004602
97 258 3 100 8658 0.004602
20 250 3 100 348859 0.004603
331 130 3 100 350329 0.004603
349 129 3 100 5846 0.004603
177 91 3 100 45259 0.004603
156 138 3 100 27059 0.004603
216 325 3 100 44838 0.004603
40 342 3 100 20822 0.004603
129 254 3 100 14520 0.004603
402 194 3 100 65312 0.004603
201 335 3 100 10170 0.004603
336 78 3 100 2661 0.004604
121 225 3 100 42421 0.004604
228 128 3 100 6747 0.004604
293 391 3 100 7366 0.004604
266 258 3 100 28702 0.004604
229 76 3 100 25767 0.004604
311 226 3 100 31921 0.004605
97 372 3 100 32113 0.004605
101 254 3 100 42238 0.004605
220 113 3 100 15391 0.004605
191 253 3 100 37294 0.004605
327 159 3 100 32552 0.004605
383 220 3 100 3594 0.004606
191 268 3 100 1738 0.004606
323 69 3 100 41457 0.004606
259 366 3 100 37136 0.004606
143 58 3 100 16004 0.004606
125 91 3 100 108820 0.004606
334 199 3 100 22804 0.004606
84 316 3 100 10167 0.004606
114 400 3 100 37567 0.004606
76 298 3 100 21840 0.004607
161 387 3 100 12702 0.004607
167 372 3 100 33201 0.004607
87 27 3 100 44473 0.004607
284 190 3 100 2242 0.004607
208 171 3 100 23480 0.004607
195 375 3 100 42488 0.004607
378 32 3 100 2079 0.004608
373 230 3 100 22873 0.004608
145 233 3 100 386952 0.004608
101 263 3 100 17069 0.004608
175 204 3 100 42594 0.004608
164 148 3 100 27618 0.004609
95 262 3 100 1927 0.004609
330 305 3 100 28187 0.004609
53 34 3 100 40286 0.004609
354 186 3 100 18328 0.004609
398 118 3 100 35925 0.004609
284 167 3 100 8934 0.004610
388 32 3 100 26851 0.004610
53 162 3 100 38314 0.004610
133 93 3 100 36131 0.004610
283 138 3 100 416790 0.004610
52 379 3 100 41502 0.004611
360 92 3 100 15786 0.004611
178 72 3 100 7479 0.004611
20 41 3 100 37545 0.004611
52 383 3 100 14281 0.004611
218 140 3 100 44605 0.004612
102 140 3 100 41671 0.004612
259 136 3 100 245280 0.004612
197 124 3 100 240555 0.004612
322 65 3 100 29509 0.004612
121 355 3 100 48346 0.004613
258 216 3 100 28768 0.004613
183 174 3 100 8593 0.004613
102 226 3 100 11459 0.004613
128 82 3 100 361176 0.004613
43 25 3 100 19858 0.004614
158 41 3 100 7067 0.004614
56 157 3 100 18967 0.004614
22 234 3 100 35843 0.004614
149 351 3 100 207563 0.004614
332 62 3 100 29925 0.004614
143 83 3 100 37858 0.004614
125 317 3 100 331668 0.004615
55 148 3 100 30289 0.004615
196 262 3 100 417444 0.004615
139 120 3 100 36129 0.004615
390 391 3 100 25418 0.004615
287 174 3 100 9218 0.004615
174 192 3 100 8745 0.004615
214 282 3 100 43164 0.004615
189 318 3 100 43438 0.004615
85 198 3 100 13745 0.004615
338 294 3 100 382272 0.004616
325 70 3 100 38902 0.004616
314 179 3 100 3743 0.004616
104 128 3 100 148521 0.004616
309 238 3 100 38021 0.004617
28 68 3 100 38165 0.004617
303 88 3 100 4587 0.004617
135 261 3 100 17411 0.004617
206 267 3 100 437291 0.004617
305 159 3 100 228392 0.004617
141 277 3 100 31410 0.004618
372 314 3 100 38428 0.004618
136 25 3 100 16531 0.004618
310 277 3 100 7719 0.004618
21 153 3 100 1632 0.004618
387 279 3 100 5421 0.004618
76 325 3 100 38049 0.004618
327 110 3 100 9544 0.004618
335 301 3 100 39958 0.004618
164 281 3 100 14726 0.004619
295 276 3 100 12689 0.004619
349 215 3 100 35202 0.004619
255 105 3 100 18321 0.004619
328 268 3 100 10434 0.004619
40 119 3 100 7957 0.004619
351 306 3 100 5866 0.004620
100 297 3 100 1187 0.004620
356 35 3 100 31903 0.004620
352 207 3 100 23560 0.004620
152 396 3 100 333349 0.004620
287 86 3 100 33392 0.004620
43 178 3 100 2174 0.004620
82 222 3 100 104849 0.004621
294 211 3 100 38871 0.004621
211 80 3 100 29508 0.004622
225 353 3 100 24515 0.004622
385 350 3 100 25741 0.004622
364 41 3 100 14704 0.004622
212 186 3 100 175513 0.004622
59 29 3 100 26983 0.004622
43 338 3 100 4803 0.004622
57 136 3 100 389021 0.004622
214 167 3 100 13597 0.004623
309 238 3 100 18839 0.004623
378 276 3 100 41215 0.004623
161 218 3 100 43979 0.004623
403 325 3 100 8885 0.004623
167 52 3 100 49574 0.004623
38 200 3 100 16541 0.004623
228 107 3 100 333088 0.004623
356 358 3 100 2649 0.004624
246 61 3 100 111629 0.004624
276 72 3 100 415041 0.004624
158 107 3 100 327745 0.004624
363 210 3 100 14432 0.004624
262 59 3 100 348270 0.004624
227 334 3 100 307437 0.004624
43 332 3 100 37462 0.004624
299 139 3 100 21366 0.004624
71 166 3 100 44921 0.004625
91 393 3 100 115869 0.004626
79 314 3 100 37840 0.004626
190 236 3 100 9049 0.004626
128 83 3 100 4343 0.004626
353 24 3 100 17913 0.004626
155 173 3 100 31042 0.004627
314 297 3 100 365769 0.004627
198 89 3 100 393262 0.004627
114 382 3 100 379493 0.004627
164 84 3 100 146189 0.004627
301 186 3 100 36007 0.004628
258 401 3 100 777 0.004628
213 76 3 100 6028 0.004628
106 32 3 100 30593 0.004628
171 310 3 100 413396 0.004629
191 41 3 100 11911 0.004629
221 180 3 100 42349 0.004629
245 154 3 100 450531 0.004629
80 137 3 100 36378 0.004629
238 47 3 100 32224 0.004629
28 293 3 100 9446 0.004630
357 125 3 100 270104 0.004630
137 153 3 100 23077 0.004630
36 287 3 100 7367 0.004630
311 32 3 100 4731 0.004630
121 59 3 100 67652 0.004630
372 117 3 100 22128 0.004630
212 340 3 100 3159 0.004630
376 122 3 100 354249 0.004630
110 48 3 100 4044 0.004631
231 220 3 100 14900 0.004631
171 86 3 100 402402 0.004631
305 136 3 100 11273 0.004631
332 311 3 100 22710 0.004631
272 166 3 100 170288 0.004631
388 242 3 100 78010 0.004632
79 381 3 100 10879 0.004632
256 172 3 100 36199 0.004632
48 233 3 100 12421 0.004632
217 219 3 100 13717 0.004632
351 220 3 100 22436 0.004632
396 205 3 100 15590 0.004632
294 171 3 100 11522 0.004632
204 383 3 100 268508 0.004632
84 389 3 100 23453 0.004632
402 395 3 100 34165 0.004632
231 151 3 100 42147 0.004632
63 397 3 100 1315 0.004633
243 362 3 100 33166 0.004633
176 396 3 100 27720 0.004633
117 254 3 100 3446 0.004633
385 166 3 100 29293 0.004633
368 112 3 100 23896 0.004633
76 170 3 100 58 0.004633
222 381 3 100 24611 0.004633
107 92 3 100 33045 0.004634
312 44 3 100 41015 0.004634
20 309 3 100 10142 0.004634
197 356 3 100 438610 0.004634
333 59 3 100 278724 0.004634
94 209 3 100 15444 0.004635
34 127 3 100 17031 0.004635
375 298 3 100 4216 0.004635
48 277 3 100 1970 0.004635
269 82 3 100 45 0.004635
190 133 3 100 15690 0.004635
311 209 3 100 14545 0.004635
79 356 3 100 21244 0.004635
282 96 3 100 27804 0.004636
181 240 3 100 28247 0.004636
53 216 3 100 17830 0.004636
262 367 3 100 4621 0.004636
279 220 3 100 28998 0.004636
111 203 3 100 277836 0.004636
200 362 3 100 1952 0.004637
137 87 3 100 26188 0.004637
359 299 3 100 1202 0.004637
197 104 3 100 4848 0.004638
142 160 3 100 25714 0.004638
155 169 3 100 34435 0.004638
199 218 3 100 15399 0.004638
78 112 3 100 42924 0.004638
335 277 3 100 5918 0.004639
195 228 3 100 45139 0.004639
369 263 3 100 5953 0.004639
65 26 3 100 41179 0.004639
238 94 3 100 403218 0.004639
144 256 3 100 169098 0.004640
25 197 3 100 34004 0.004640
248 397 3 100 17941 0.004640
373 331 3 100 4372 0.004640
46 253 3 100 182183 0.004640
225 366 3 100 13204 0.004640
36 54 3 100 3102 0.004641
385 177 3 100 323605 0.004641
206 403 3 100 6306 0.004641
224 154 3 100 34776 0.004641
167 182 3 100 4467 0.004642
132 64 3 100 1934 0.004642
368 202 3 100 24372 0.004643
401 235 3 100 45601 0.004643
320 181 3 100 24074 0.004643
152 312 3 100 1025 0.004643
191 386 3 100 26152 0.004643
261 274 3 100 31451 0.004644
178 301 3 100 21196 0.004644
73 394 3 100 39306 0.004645
359 206 3 100 30320 0.004645
131 91 3 100 394453 0.004645
238 257 3 100 249175 0.004645
380 392 3 100 7201 0.004645
326 144 3 100 25046 0.004645
107 141 3 100 27433 0.004646
152 242 3 100 22858 0.004646
369 46 3 100 2466 0.004646
32 225 3 100 16855 0.004646
171 311 3 100 7262 0.004646
214 378 3 100 6718 0.004646
187 145 3 100 32985 0.004646
42 361 3 100 42687 0.004647
96 20 3 100 5624 0.004647
398 112 3 100 1743 0.004648
184 344 3 100 5028 0.004648
222 269 3 100 20561 0.004648
221 38 3 100 41771 0.004648
95 384 3 100 8922 0.004648
236 338 3 100 24780 0.004648
112 402 3 100 342747 0.004648
230 175 3 100 1613 0.004649
151 385 3 100 436603 0.004649
204 58 3 100 27526 0.004649
51 142 3 100 40400 0.004649
92 391 3 100 37142 0.004649
229 235 3 100 15982 0.004649
25 97 3 100 19865 0.004649
233 278 3 100 17397 0.004649
389 233 3 100 904 0.004649
171 239 3 100 23577 0.004649
84 187 3 100 4965 0.004649
30 138 3 100 261204 0.004649
53 253 3 100 144496 0.004649
255 189 3 100 13119 0.004650
327 30 3 100 259667 0.004650
348 312 3 100 16503 0.004650
368 365 3 100 34312 0.004650
401 80 3 100 1553 0.004650
262 376 3 100 7980 0.004651
54 154 3 100 6638 0.004651
72 277 3 100 21453 0.004651
400 396 3 100 192850 0.004651
320 146 3 100 38311 0.004651
195 148 3 100 451370 0.004652
122 366 3 100 41157 0.004652
155 156 3 100 14452 0.004652
207 316 3 100 44973 0.004652
112 289 3 100 247255 0.004652
260 162 3 100 29666 0.004652
172 240 3 100 8681 0.004653
129 236 3 100 6655 0.004653
82 50 3 100 13922 0.004653
293 312 3 100 384295 0.004653
227 170 3 100 418260 0.004653
314 294 3 100 45492 0.004653
331 247 3 100 249814 0.004653
230 42 3 100 18600 0.004653
389 339 3 100 30566 0.004653
378 219 3 100 35481 0.004653
56 218 3 100 43605 0.004654
325 119 3 100 246708 0.004654
136 102 3 100 18381 0.004654
403 101 3 100 11741 0.004654
173 73 3 100 4494 0.004654
295 204 3 100 38261 0.004654
137 358 3 100 393396 0.004655
216 234 3 100 15989 0.004656
258 328 3 100 740 0.004656
250 41 3 100 11633 0.004656
22 106 3 100 248142 0.004656
338 197 3 100 44706 0.004656
153 399 3 100 32928 0.004657
397 166 3 100 31551 0.004657
294 323 3 100 89807 0.004658
161 65 3 100 41605 0.004658
231 297 3 100 33698 0.004658
257 398 3 100 17158 0.004658
368 322 3 100 9773 0.004658
116 364 3 100 45806 0.004658
241 292 3 100 34918 0.004659
229 245 3 100 27934 0.004659
79 329 3 100 33946 0.004659
210 20 3 100 3501 0.004659
350 28 3 100 15924 0.004659
48 399 3 100 22549 0.004659
379 316 3 100 35282 0.004659
329 77 3 100 14308 0.004659
398 240 3 100 37182 0.004659
202 377 3 100 40457 0.004659
336 58 3 100 25046 0.004659
35 42 3 100 41561 0.004659
292 311 3 100 8291 0.004659
51 66 3 100 25692 0.004660
67 287 3 100 16229 0.004660
210 107 3 100 3318 0.004660
337 206 3 100 4131 0.004660
96 255 3 100 65124 0.004660
52 320 3 100 19052 0.004661
378 325 3 100 249369 0.004661
98 331 3 100 43407 0.004661
315 87 3 100 35550 0.004661
56 261 3 100 16881 0.004661
66 96 3 100 40395 0.004661
52 66 3 100 12381 0.004661
293 191 3 100 7163 0.004661
344 239 3 100 44174 0.004661
37 346 3 100 36959 0.004662
34 395 3 100 19472 0.004662
225 316 3 100 12824 0.004662
184 199 3 100 133092 0.004662
169 62 3 100 35494 0.004662
105 351 3 100 16035 0.004662
216 402 3 100 15662 0.004662
351 228 3 100 134095 0.004663
151 188 3 100 206671 0.004663
224 274 3 100 24986 0.004663
81 133 3 100 12861 0.004663
403 91 3 100 37708 0.004663
224 322 3 100 10349 0.004663
388 129 3 100 2626 0.004663
150 332 3 100 11530 0.004663
392 372 3 100 23548 0.004664
363 40 3 100 7609 0.004664
400 318 3 100 26033 0.004664
41 184 3 100 24275 0.004665
24 237 3 100 72691 0.004665
186 389 3 100 34484 0.004665
83 124 3 100 8953 0.004665
245 314 3 100 43455 0.004666
303 309 3 100 6583 0.004666
147 95 3 100 24198 0.004666
153 58 3 100 29989 0.004666
377 133 3 100 11303 0.004667
108 51 3 100 1567 0.004667
278 402 3 100 33092 0.004667
28 184 3 100 8 0.004667
220 382 3 100 6027 0.004668
378 80 3 100 36929 0.004668
295 368 3 100 39606 0.004668
211 246 3 100 296205 0.004668
193 177 3 100 27949 0.004668
108 310 3 100 41742 0.004669
278 261 3 100 36476 0.004669
203 312 3 100 121071 0.004669
320 139 3 100 37789 0.004669
271 230 3 100 14977 0.004669
388 277 3 100 17560 0.004669
389 323 3 100 37873 0.004669
335 354 3 100 228 0.004669
163 101 3 100 26109 0.004670
202 228 3 100 29251 0.004670
249 380 3 100 18812 0.004670
85 403 3 100 2569 0.004670
168 161 3 100 34983 0.004670
143 165 3 100 26917 0.004670
74 209 3 100 3386 0.004670
308 255 3 100 174007 0.004670
132 360 3 100 16922 0.004670
73 92 3 100 37276 0.004671
67 203 3 100 417 0.004671
194 154 3 100 337396 0.004671
76 380 3 100 32871 0.004671
51 76 3 100 21581 0.004671
342 369 3 100 424881 0.004671
198 225 3 100 27803 0.004671
173 370 3 100 22305 0.004671
170 128 3 100 16335 0.004672
128 210 3 100 43799 0.004672
80 251 3 100 34720 0.004672
304 215 3 100 369744 0.004672
68 179 3 100 20141 0.004672
76 312 3 100 34799 0.004672
37 356 3 100 237532 0.004672
284 162 3 100 12037 0.004672
91 100 3 100 22288 0.004672
121 154 3 100 19413 0.004673
375 354 3 100 34460 0.004673
399 378 3 100 264277 0.004673
113 36 3 100 6645 0.004673
31 383 3 100 19520 0.004673
129 122 3 100 43460 0.004673
387 128 3 100 338853 0.004674
185 299 3 100 30830 0.004674
303 236 3 100 13491 0.004674
142 131 3 100 44684 0.004674
168 219 3 100 35444 0.004674
255 282 3 100 24711 0.004674
39 168 3 100 455809 0.004674
390 326 3 100 29404 0.004674
338 168 3 100 197745 0.004674
225 68 3 100 37642 0.004674
364 284 3 100 99097 0.004675
390 27 3 100 41976 0.004675
272 80 3 100 33259 0.004675
65 230 3 100 40752 0.004675
58 368 3 100 21703 0.004675
117 213 3 100 2303 0.004675
104 38 3 100 368614 0.004676
235 265 3 100 5213 0.004676
200 358 3 100 286 0.004676
225 258 3 100 23621 0.004676
314 134 3 100 24491 0.004676
271 216 3 100 17770 0.004676
200 47 3 100 350590 0.004676
353 260 3 100 7458 0.004676
284 379 3 100 1552 0.004676
188 252 3 100 79957 0.004676
93 148 3 100 18222 0.004677
40 116 3 100 4267 0.004677
266 215 3 100 377834 0.004677
245 82 3 100 57240 0.004677
346 35 3 100 4171 0.004677
206 247 3 100 32956 0.004677
317 324 3 100 460080 0.004677
393 330 3 100 39341 0.004677
76 44 3 100 35942 0.004677
115 387 3 100 281132 0.004678
76 392 3 100 15409 0.004678
217 303 3 100 10824 0.004678
269 332 3 100 32891 0.004678
258 367 3 100 1440 0.004678
374 122 3 100 44123 0.004678
305 88 3 100 17655 0.004678
134 353 3 100 3737 0.004679
277 400 3 100 35627 0.004679
160 145 3 100 331244 0.004679
364 185 3 100 9417 0.004680
344 206 3 100 22552 0.004680
37 214 3 100 2311 0.004680
287 85 3 100 195795 0.004680
170 273 3 100 347357 0.004680
309 398 3 100 11811 0.004680
185 289 3 100 27272 0.004680
339 171 3 100 18043 0.004680
191 189 3 100 13441 0.004681
277 315 3 100 163199 0.004681
386 126 3 100 288890 0.004681
89 373 3 100 20000 0.004681
212 310 3 100 33926 0.004681
230 185 3 100 403013 0.004681
45 143 3 100 928 0.004682
27 85 3 100 137826 0.004682
91 67 3 100 2361 0.004682
236 348 3 100 22486 0.004682
259 339 3 100 1005 0.004682
293 402 3 100 597 0.004682
270 274 3 100 4002 0.004682
393 135 3 100 27073 0.004683
315 354 3 100 447165 0.004683
389 110 3 100 2265 0.004683
290 179 3 100 40702 0.004683
343 49 3 100 20533 0.004683
365 75 3 100 16515 0.004683
119 361 3 100 25881 0.004684
311 229 3 100 44160 0.004684
385 73 3 100 10248 0.004684
241 277 3 100 43796 0.004684
156 200 3 100 38685 0.004684
81 24 3 100 23611 0.004684
95 208 3 100 17175 0.004684
265 382 3 100 43478 0.004684
44 344 3 100 26994 0.004684
27 298 3 100 22216 0.004684
117 109 3 100 21719 0.004685
312 34 3 100 181091 0.004685
105 146 3 100 13634 0.004685
175 113 3 100 27558 0.004685
403 319 3 100 5925 0.004685
313 174 3 100 16893 0.004685
309 72 3 100 29049 0.004685
324 213 3 100 17638 0.004686
30 298 3 100 37042 0.004687
349 296 3 100 19617 0.004687
47 292 3 100 13759 0.004687
93 249 3 100 35787 0.004687
368 217 3 100 33090 0.004687
198 280 3 100 35492 0.004687
372 304 3 100 12493 0.004688
371 117 3 100 414233 0.004688
83 126 3 100 7997 0.004688
20 136 3 100 43902 0.004688
167 397 3 100 18267 0.004689
88 164 3 100 45787 0.004689
129 267 3 100 39074 0.004689
355 185 3 100 3457 0.004689
180 400 3 100 15732 0.004689
50 20 3 100 16043 0.004689
245 300 3 100 353270 0.004689
340 255 3 100 33561 0.004689
67 61 3 100 44316 0.004689
397 70 3 100 5032 0.004689
110 108 3 100 13083 0.004690
155 65 3 100 3726 0.004690
117 32 3 100 225926 0.004690
219 93 3 100 15332 0.004691
311 217 3 100 14330 0.004691
293 401 3 100 29026 0.004691
74 317 3 100 38210 0.004691
193 153 3 100 26498 0.004692
86 296 3 100 31181 0.004692
106 369 3 100 33465 0.004692
45 367 3 100 35967 0.004692
384 172 3 100 8317 0.004692
245 265 3 100 30888 0.004693
166 370 3 100 7553 0.004693
29 351 3 100 334506 0.004693
150 104 3 100 17981 0.004693
295 93 3 100 2296 0.004694
366 229 3 100 41685 0.004694
313 350 3 100 362532 0.004694
310 204 3 100 114778 0.004694
120 134 3 100 361560 0.004694
321 333 3 100 24671 0.004694
41 224 3 100 35882 0.004695
325 177 3 100 27122 0.004695
225 140 3 100 24788 0.004695
375 138 3 100 84509 0.004695
54 237 3 100 40694 0.004696
154 187 3 100 310649 0.004696
391 315 3 100 26852 0.004696
338 133 3 100 9677 0.004696
399 274 3 100 21174 0.004696
268 294 3 100 36655 0.004696
76 56 3 100 9779 0.004697
225 59 3 100 25695 0.004697
267 36 3 100 268003 0.004697
202 152 3 100 30580 0.004697
207 317 3 100 425279 0.004697
278 310 3 100 9779 0.004698
288 269 3 100 17583 0.004698
93 363 3 100 26998 0.004698
210 168 3 100 340340 0.004698
44 175 3 100 28010 0.004698
45 251 3 100 20031 0.004699
146 330 3 100 19746 0.004699
250 216 3 100 24054 0.004699
348 292 3 100 39484 0.004699
398 228 3 100 22925 0.004699
134 265 3 100 41938 0.004699
128 196 3 100 12259 0.004699
64 216 3 100 2532 0.004699
32 299 3 100 10306 0.004700
119 346 3 100 34921 0.004700
99 35 3 100 221370 0.004700
397 222 3 100 32490 0.004701
208 165 3 100 36145 0.004701
90 362 3 100 12080 0.004702
291 57 3 100 96377 0.004703
62 264 3 100 6709 0.004703
162 121 3 100 35083 0.004703
253 398 3 100 10203 0.004703
146 295 3 100 25392 0.004703
263 234 3 100 23075 0.004704
256 386 3 100 126566 0.004704
204 212 3 100 37027 0.004704
101 336 3 100 33777 0.004704
71 162 3 100 23577 0.004704
236 329 3 100 32905 0.004705
80 385 3 100 18462 0.004705
95 184 3 100 19593 0.004705
63 123 3 100 119457 0.004705
66 308 3 100 38138 0.004705
161 400 3 100 22674 0.004706
145 110 3 100 18780 0.004706
283 127 3 100 12838 0.004706
378 86 3 100 32088 0.004706
300 328 3 100 40157 0.004707
367 129 3 100 8286 0.004707
281 369 3 100 26443 0.004707
311 297 3 100 6311 0.004707
242 397 3 100 9341 0.004707
57 144 3 100 25542 0.004708
308 199 3 100 10722 0.004708
319 218 3 100 16109 0.004708
281 271 3 100 326069 0.004708
74 377 3 100 21246 0.004708
291 345 3 100 55282 0.004708
181 68 3 100 35403 0.004708
338 105 3 100 39726 0.004708
67 236 3 100 17045 0.004709
171 367 3 100 32334 0.004709
58 162 3 100 282835 0.004709
114 258 3 100 23716 0.004709
225 74 3 100 8141 0.004709
276 325 3 100 35164 0.004710
48 147 3 100 650 0.004710
343 233 3 100 35911 0.004710
124 32 3 100 34897 0.004710
350 379 3 100 35459 0.004710
339 179 3 100 48147 0.004710
200 269 3 100 18575 0.004710
396 56 3 100 5437 0.004710
129 237 3 100 32849 0.004710
327 356 3 100 88216 0.004711
269 246 3 100 29518 0.004711
352 100 3 100 23213 0.004711
135 342 3 100 21752 0.004711
255 86 3 100 40825 0.004712
137 230 3 100 362304 0.004712
228 289 3 100 22818 0.004712
169 167 3 100 3804 0.004712
385 365 3 100 395271 0.004713
41 220 3 100 23306 0.004713
169 324 3 100 229 0.004713
116 174 3 100 127209 0.004713
343 286 3 100 180376 0.004713
354 310 3 100 24421 0.004714
340 338 3 100 12719 0.004714
55 309 3 100 29124 0.004714
135 389 3 100 31459 0.004714
33 336 3 100 13174 0.004714
20 306 3 100 14912 0.004715
249 37 3 100 40040 0.004716
268 76 3 100 7777 0.004716
396 230 3 100 340201 0.004716
221 54 3 100 140209 0.004716
186 340 3 100 29147 0.004716
38 180 3 100 5610 0.004717
77 109 3 100 33433 0.004717
153 142 3 100 75467 0.004717
259 68 3 100 21359 0.004717
223 68 3 100 43243 0.004717
129 327 3 100 24402 0.004717
150 171 3 100 32835 0.004717
301 157 3 100 33939 0.004718
78 303 3 100 10149 0.004718
58 60 3 100 19246 0.004718
127 154 3 100 4145 0.004718
145 48 3 100 35753 0.004718
33 84 3 100 151291 0.004718
332 200 3 100 179551 0.004718
29 329 3 100 23 0.004718
152 194 3 100 132739 0.004719
356 231 3 100 3668 0.004719
352 288 3 100 15154 0.004719
212 301 3 100 11430 0.004719
279 175 3 100 257344 0.004719
359 102 3 100 44420 0.004719
145 326 3 100 26709 0.004720
218 390 3 100 26047 0.004720
58 213 3 100 16747 0.004720
133 376 3 100 9998 0.004720
91 299 3 100 215735 0.004721
241 21 3 100 27329 0.004721
247 226 3 100 247066 0.004721
332 121 3 100 28152 0.004721
205 242 3 100 37177 0.004721
50 296 3 100 12575 0.004721
340 339 3 100 31150 0.004721
245 221 3 100 21950 0.004721
123 211 3 100 119464 0.004721
161 191 3 100 25274 0.004721
171 48 3 100 137629 0.004722
311 166 3 100 2334 0.004722
114 345 3 100 18320 0.004722
240 249 3 100 44598 0.004722
208 149 3 100 36684 0.004722
216 220 3 100 5613 0.004722
355 305 3 100 14069 0.004723
175 140 3 100 37779 0.004723
124 251 3 100 2843 0.004723
106 337 3 100 15497 0.004723
50 313 3 100 9112 0.004723
304 217 3 100 31455 0.004723
21 247 3 100 31483 0.004724
125 304 3 100 24355 0.004724
362 182 3 100 15557 0.004724
366 274 3 100 376 0.004724
228 53 3 100 10570 0.004724
274 384 3 100 41630 0.004724
62 40 3 100 328111 0.004724
91 174 3 100 10189 0.004724
385 357 3 100 188347 0.004725
300 180 3 100 825 0.004725
32 119 3 100 7925 0.004725
136 87 3 100 11238 0.004725
35 32 3 100 27317 0.004725
326 191 3 100 339531 0.004725
324 356 3 100 30297 0.004725
199 300 3 100 43512 0.004725
185 208 3 100 41126 0.004725
287 332 3 100 436 0.004725
235 230 3 100 323069 0.004726
231 380 3 100 43678 0.004726
248 170 3 100 9091 0.004726
228 324 3 100 37237 0.004727
52 352 3 100 4110 0.004727
290 183 3 100 38941 0.004727
63 142 3 100 26661 0.004727
125 152 3 100 2404 0.004727
385 74 3 100 28996 0.004727
118 302 3 100 374138 0.004727
168 336 3 100 20711 0.004728
153 79 3 100 45183 0.004728
355 402 3 100 35749 0.004728
390 219 3 100 40465 0.004728
399 84 3 100 5311 0.004728
77 289 3 100 33726 0.004728
87 38 3 100 27054 0.004728
133 37 3 100 14798 0.004728
189 293 3 100 13498 0.004728
317 38 3 100 15828 0.004729
135 216 3 100 38996 0.004729
212 163 3 100 76224 0.004729
67 164 3 100 22397 0.004729
205 245 3 100 8207 0.004729
196 126 3 100 11365 0.004729
122 326 3 100 33257 0.004729
69 214 3 100 37944 0.004729
266 283 3 100 31362 0.004729
390 374 3 100 369858 0.004730
179 224 3 100 26607 0.004730
83 362 3 100 23310 0.004730
305 269 3 100 34796 0.004730
387 209 3 100 242257 0.004730
271 372 3 100 3661 0.004730
189 200 3 100 13686 0.004731
126 47 3 100 100503 0.004731
27 38 3 100 18399 0.004731
268 260 3 100 413234 0.004731
360 242 3 100 47505 0.004731
36 58 3 100 31888 0.004731
327 150 3 100 29486 0.004732
94 391 3 100 27110 0.004732
187 145 3 100 249580 0.004732
319 266 3 100 34104 0.004732
167 243 3 100 14440 0.004732
365 282 3 100 107057 0.004732
157 100 3 100 18624 0.004732
150 336 3 100 7698 0.004733
105 85 3 100 31793 0.004733
276 57 3 100 31754 0.004734
73 184 3 100 30374 0.004734
227 59 3 100 224049 0.004734
393 290 3 100 44780 0.004734
291 289 3 100 13508 0.004734
106 320 3 100 27312 0.004734
37 267 3 100 241258 0.004734
344 69 3 100 36600 0.004735
334 329 3 100 404597 0.004735
259 273 3 100 4699 0.004735
209 271 3 100 7699 0.004735
54 344 3 100 5669 0.004735
113 334 3 100 14040 0.004736
257 295 3 100 10142 0.004736
329 272 3 100 444098 0.004736
403 338 3 100 32595 0.004736
60 256 3 100 173872 0.004737
250 226 3 100 2174 0.004737
221 320 3 100 35043 0.004737
293 391 3 100 5863 0.004737
166 383 3 100 13161 0.004737
295 109 3 100 14068 0.004738
331 304 3 100 240062 0.004738
146 44 3 100 231178 0.004738
71 268 3 100 21872 0.004738
125 185 3 100 239439 0.004738
73 270 3 100 427893 0.004738
320 271 3 100 41783 0.004738
152 241 3 100 18170 0.004738
381 177 3 100 42668 0.004739
300 130 3 100 2161 0.004739
290 134 3 100 93405 0.004739
146 171 3 100 7850 0.004739
97 362 3 100 32359 0.004739
158 371 3 100 28912 0.004740
92 179 3 100 13397 0.004740
344 326 3 100 7117 0.004740
276 120 3 100 26004 0.004740
260 397 3 100 29907 0.004740
27 127 3 100 377506 0.004740
307 22 3 100 44952 0.004741
227 107 3 100 293052 0.004741
83 315 3 100 1437 0.004741
180 378 3 100 39296 0.004741
398 335 3 100 39058 0.004741
66 103 3 100 116332 0.004741
300 30 3 100 21140 0.004741
36 101 3 100 165173 0.004741
192 168 3 100 179087 0.004742
326 176 3 100 6179 0.004742
157 288 3 100 283291 0.004742
61 176 3 100 64 0.004742
172 60 3 100 33785 0.004742
32 330 3 100 15740 0.004742
372 130 3 100 244394 0.004742
133 283 3 100 223173 0.004742
50 371 3 100 20128 0.004742
362 222 3 100 29595 0.004743
65 379 3 100 14776 0.004743
207 364 3 100 23717 0.004743
275 149 3 100 3608 0.004743
249 373 3 100 36683 0.004743
134 23 3 100 26037 0.004743
364 294 3 100 325280 0.004744
363 221 3 100 10983 0.004744
280 170 3 100 36296 0.004744
297 126 3 100 289365 0.004745
343 247 3 100 446827 0.004745
248 298 3 100 19583 0.004745
402 161 3 100 3809 0.004745
311 224 3 100 34697 0.004745
310 22 3 100 18975 0.004745
263 112 3 100 47873 0.004745
35 253 3 100 20710 0.004745
174 260 3 100 45884 0.004745
292 208 3 100 40558 0.004745
32 56 3 100 14004 0.004745
152 58 3 100 377097 0.004746
328 214 3 100 386259 0.004746
229 331 3 100 220317 0.004746
369 398 3 100 36384 0.004746
52 306 3 100 407365 0.004747
135 379 3 100 19931 0.004747
210 193 3 100 7681 0.004747
62 61 3 100 33676 0.004747
168 352 3 100 569 0.004748
55 357 3 100 60270 0.004748
362 337 3 100 37173 0.004748
201 297 3 100 416755 0.004748
199 84 3 100 991 0.004748
112 74 3 100 18857 0.004749
49 337 3 100 349640 0.004749
31 79 3 100 42137 0.004749
347 92 3 100 16674 0.004749
242 215 3 100 10833 0.004750
344 218 3 100 4882 0.004750
342 381 3 100 8805 0.004750
83 314 3 100 201802 0.004750
151 143 3 100 35437 0.004750
67 37 3 100 258264 0.004750
77 22 3 100 13184 0.004750
333 128 3 100 17432 0.004750
303 323 3 100 71982 0.004751
311 364 3 100 11257 0.004751
89 47 3 100 317986 0.004752
299 258 3 100 45030 0.004752
241 254 3 100 21502 0.004752
58 36 3 100 1318 0.004752
236 24 3 100 954 0.004752
229 278 3 100 33017 0.004752
318 385 3 100 10888 0.004752
252 364 3 100 45707 0.004752
154 97 3 100 3252 0.004752
228 199 3 100 7391 0.004752
280 58 3 100 35290 0.004752
240 310 3 100 14399 0.004752
351 24 3 100 9542 0.004753
321 339 3 100 15227 0.004753
259 196 3 100 447154 0.004753
228 208 3 100 40053 0.004753
338 261 3 100 6707 0.004753
345 186 3 100 16351 0.004754
86 319 3 100 37338 0.004754
299 181 3 100 318184 0.004754
339 353 3 100 43117 0.004754
37 154 3 100 16776 0.004754
106 192 3 100 33013 0.004755
223 357 3 100 161039 0.004755
256 299 3 100 18765 0.004755
228 226 3 100 29995 0.004755
349 188 3 100 20269 0.004755
177 147 3 100 458732 0.004756
158 107 3 100 13663 0.004756
379 226 3 100 21774 0.004756
313 236 3 100 8549 0.004756
361 279 3 100 45888 0.004756
45 96 3 100 284227 0.004756
132 403 3 100 36517 0.004757
219 248 3 100 17285 0.004757
91 231 3 100 2486 0.004757
392 158 3 100 5534 0.004757
43 186 3 100 254752 0.004757
111 35 3 100 86222 0.004758
290 295 3 100 11114 0.004758
100 288 3 100 331042 0.004758
126 199 3 100 15294 0.004758
159 374 3 100 17583 0.004758
293 277 3 100 181579 0.004759
79 29 3 100 25361 0.004759
36 402 3 100 83872 0.004759
234 127 3 100 371886 0.004759
322 212 3 100 373132 0.004759
401 266 3 100 40156 0.004759
367 403 3 100 89152 0.004759
269 287 3 100 24699 0.004760
307 263 3 100 40281 0.004760
362 308 3 100 750 0.004760
341 20 3 100 1368 0.004760
279 386 3 100 432211 0.004760
370 161 3 100 30129 0.004760
338 271 3 100 9329 0.004760
128 251 3 100 26335 0.004760
305 153 3 100 6738 0.004761
117 295 3 100 350 0.004761
379 171 3 100 16585 0.004761
237 41 3 100 20660 0.004761
217 305 3 100 33031 0.004761
58 92 3 100 11866 0.004761
53 115 3 100 42262 0.004761
90 207 3 100 27909 0.004762
38 369 3 100 4801 0.004762
368 41 3 100 45956 0.004762
120 183 3 100 19996 0.004762
400 300 3 100 44223 0.004762
127 42 3 100 8898 0.004763
170 255 3 100 355964 0.004763
174 115 3 100 33849 0.004763
130 301 3 100 43671 0.004763
148 94 3 100 36780 0.004763
266 218 3 100 19792 0.004763
27 219 3 100 9557 0.004763
37 148 3 100 18125 0.004764
160 347 3 100 37772 0.004764
142 72 3 100 32292 0.004764
308 296 3 100 29005 0.004764
149 230 3 100 17619 0.004764
261 381 3 100 36354 0.004764
164 295 3 100 36782 0.004764
74 252 3 100 37036 0.004765
381 293 3 100 37696 0.004766
328 270 3 100 34233 0.004766
281 311 3 100 216510 0.004766
266 325 3 100 43528 0.004766
140 225 3 100 31534 0.004766
150 37 3 100 31881 0.004766
143 210 3 100 36710 0.004766
403 348 3 100 43783 0.004766
135 118 3 100 10216 0.004766
31 347 3 100 444839 0.004767
114 283 3 100 39023 0.004767
290 84 3 100 18748 0.004767
252 87 3 100 25326 0.004767
113 357 3 100 2171 0.004767
369 82 3 100 19331 0.004767
25 140 3 100 86100 0.004767
216 317 3 100 357060 0.004767
376 220 3 100 28085 0.004768
381 69 3 100 29336 0.004768
341 202 3 100 25143 0.004768
139 144 3 100 28323 0.004769
356 121 3 100 41111 0.004769
178 354 3 100 8385 0.004769
303 97 3 100 71526 0.004770
24 259 3 100 136987 0.004770
356 239 3 100 44928 0.004770
63 378 3 100 18454 0.004770
333 338 3 100 26049 0.004771
340 27 3 100 39654 0.004771
263 391 3 100 42838 0.004772
335 185 3 100 15778 0.004772
347 80 3 100 189831 0.004772
117 26 3 100 14536 0.004772
260 81 3 100 36963 0.004772
251 135 3 100 368421 0.004772
374 388 3 100 71714 0.004772
50 359 3 100 137903 0.004773
371 235 3 100 43311 0.004773
251 399 3 100 43829 0.004773
324 60 3 100 3566 0.004773
357 317 3 100 80452 0.004773
195 311 3 100 453157 0.004773
351 294 3 100 246413 0.004773
305 40 3 100 44498 0.004773
122 282 3 100 34467 0.004773
355 243 3 100 42836 0.004773
319 348 3 100 15008 0.004774
160 320 3 100 34353 0.004774
62 337 3 100 14144 0.004774
139 78 3 100 39712 0.004774
140 44 3 100 12627 0.004775
223 366 3 100 5581 0.004775
330 167 3 100 137154 0.004775
267 359 3 100 23969 0.004776
242 85 3 100 19292 0.004776
307 142 3 100 24279 0.004776
77 307 3 100 16298 0.004776
168 62 3 100 27866 0.004776
172 156 3 100 20380 0.004776
78 400 3 100 41597 0.004776
192 37 3 100 43124 0.004776
180 102 3 100 27174 0.004777
30 110 3 100 39231 0.004777
164 317 3 100 33286 0.004777
293 268 3 100 37759 0.004777
252 285 3 100 77452 0.004777
238 397 3 100 32196 0.004777
106 219 3 100 25359 0.004777
232 141 3 100 2663 0.004777
37 24 3 100 34429 0.004778
226 150 3 100 40702 0.004778
83 247 3 100 31780 0.004778
135 348 3 100 120386 0.004778
360 112 3 100 20732 0.004779
299 350 3 100 8032 0.004779
220 208 3 100 23205 0.004779
331 69 3 100 430648 0.004779
231 87 3 100 38135 0.004779
137 370 3 100 253470 0.004779
89 181 3 100 19631 0.004780
249 361 3 100 6637 0.004780
79 366 3 100 18342 0.004780
24 310 3 100 377607 0.004780
313 163 3 100 226931 0.004780
170 56 3 100 20708 0.004780
395 68 3 100 88373 0.004780
308 192 3 100 13308 0.004780
138 257 3 100 38063 0.004780
94 84 3 100 31547 0.004781
85 23 3 100 4034 0.004781
199 248 3 100 16102 0.004781
312 57 3 100 10767 0.004782
32 218 3 100 25430 0.004782
34 113 3 100 30683 0.004782
277 330 3 100 13753 0.004782
164 349 3 100 7042 0.004782
372 214 3 100 9483 0.004782
316 22 3 100 304933 0.004782
356 178 3 100 15892 0.004783
343 160 3 100 66 0.004783
300 97 3 100 6502 0.004783
68 357 3 100 340713 0.004783
209 130 3 100 6889 0.004783
44 177 3 100 34972 0.004783
228 274 3 100 30973 0.004783
279 196 3 100 420774 0.004784
354 58 3 100 16645 0.004784
346 211 3 100 36633 0.004784
272 49 3 100 33776 0.004784
241 318 3 100 39749 0.004785
231 162 3 100 3148 0.004785
159 224 3 100 20652 0.004785
86 288 3 100 28200 0.004785
85 92 3 100 9480 0.004785
44 384 3 100 30464 0.004785
255 364 3 100 30136 0.004785
41 85 3 100 45180 0.004787
161 21 3 100 41905 0.004787
342 62 3 100 45575 0.004787
144 62 3 100 293828 0.004788
164 192 3 100 45760 0.004788
109 365 3 100 2810 0.004788
200 40 3 100 3843 0.004788
391 295 3 100 25516 0.004788
98 20 3 100 5244 0.004788
150 286 3 100 257798 0.004788
135 198 3 100 245869 0.004789
135 141 3 100 328187 0.004790
328 71 3 100 8300 0.004790
283 102 3 100 11972 0.004790
56 211 3 100 33625 0.004790
284 218 3 100 5539 0.004790
193 153 3 100 302438 0.004791
209 188 3 100 31473 0.004791
183 250 3 100 39611 0.004791
378 203 3 100 31904 0.004792
82 391 3 100 11487 0.004792
349 382 3 100 632 0.004792
195 249 3 100 1279 0.004792
257 91 3 100 17820 0.004793
367 347 3 100 8787 0.004793
125 55 3 100 30957 0.004793
306 380 3 100 33855 0.004793
148 401 3 100 4237 0.004793
95 39 3 100 34619 0.004793
160 20 3 100 3391 0.004793
111 285 3 100 11989 0.004794
90 344 3 100 424924 0.004794
190 297 3 100 13884 0.004794
186 270 3 100 40367 0.004794
327 156 3 100 24547 0.004794
367 333 3 100 5457 0.004794
168 274 3 100 12195 0.004794
320 218 3 100 21747 0.004794
306 66 3 100 39855 0.004794
29 213 3 100 29192 0.004795
196 45 3 100 779 0.004795
388 221 3 100 31696 0.004795
185 337 3 100 385220 0.004795
360 52 3 100 34694 0.004795
41 139 3 100 12794 0.004796
272 267 3 100 8051 0.004796
157 38 3 100 3043 0.004796
273 117 3 100 30879 0.004796
403 260 3 100 32862 0.004796
286 218 3 100 40275 0.004797
346 250 3 100 20630 0.004797
304 207 3 100 32221 0.004797
174 178 3 100 18922 0.004797
181 243 3 100 29806 0.004797
59 320 3 100 33316 0.004798
383 21 3 100 2215 0.004798
134 346 3 100 294411 0.004799
131 222 3 100 32197 0.004799
43 124 3 100 31407 0.004799
398 96 3 100 39237 0.004799
91 192 3 100 31267 0.004799
205 361 3 100 2003 0.004799
221 244 3 100 221286 0.004799
273 82 3 100 199546 0.004799
341 129 3 100 13080 0.004800
122 257 3 100 33424 0.004800
375 118 3 100 6415 0.004800
361 297 3 100 23745 0.004800
138 332 3 100 37363 0.004800
389 328 3 100 41527 0.004800
400 215 3 100 40243 0.004800
126 388 3 100 16716 0.004800
371 341 3 100 42055 0.004800
179 199 3 100 13112 0.004801
283 304 3 100 27455 0.004801
393 212 3 100 13214 0.004802
361 388 3 100 25256 0.004802
152 237 3 100 25987 0.004802
257 121 3 100 8670 0.004802
141 319 3 100 43510 0.004802
299 35 3 100 15071 0.004803
196 27 3 100 199535 0.004803
235 28 3 100 26318 0.004803
297 169 3 100 30385 0.004803
365 113 3 100 2044 0.004803
20 129 3 100 6039 0.004803
29 367 3 100 35220 0.004804
106 188 3 100 17353 0.004804
95 342 3 100 99710 0.004804
288 388 3 100 20715 0.004805
322 184 3 100 14328 0.004805
83 272 3 100 20147 0.004805
83 109 3 100 4612 0.004805
276 363 3 100 8348 0.004805
197 37 3 100 28454 0.004805
224 97 3 100 36659 0.004805
62 207 3 100 39710 0.004806
229 84 3 100 171672 0.004806
173 344 3 100 15129 0.004806
105 363 3 100 24463 0.004806
335 252 3 100 33785 0.004806
101 297 3 100 263995 0.004807
309 109 3 100 18029 0.004807
224 284 3 100 38495 0.004807
143 30 3 100 73597 0.004807
20 211 3 100 43054 0.004807
300 174 3 100 409954 0.004807
150 249 3 100 36546 0.004808
328 68 3 100 995 0.004808
245 97 3 100 31950 0.004808
64 57 3 100 14514 0.004808
187 96 3 100 2771 0.004808
191 160 3 100 32598 0.004808
175 56 3 100 8257 0.004808
34 351 3 100 29320 0.004809
49 302 3 100 43182 0.004809
172 64 3 100 1785 0.004809
25 213 3 100 35372 0.004809
184 90 3 100 1324 0.004809
191 325 3 100 1530 0.004809
305 332 3 100 23923 0.004809
208 214 3 100 6566 0.004810
40 373 3 100 17766 0.004810
236 348 3 100 166471 0.004810
305 95 3 100 22567 0.004810
229 226 3 100 41198 0.004810
387 31 3 100 14209 0.004810
134 313 3 100 41427 0.004810
376 114 3 100 5008 0.004811
176 32 3 100 39483 0.004811
49 304 3 100 40420 0.004812
372 86 3 100 5442 0.004812
273 368 3 100 18467 0.004812
313 390 3 100 33065 0.004812
94 101 3 100 215982 0.004812
81 341 3 100 30062 0.004812
197 281 3 100 13200 0.004813
392 302 3 100 13972 0.004813
213 79 3 100 44720 0.004813
192 228 3 100 44656 0.004814
125 176 3 100 24334 0.004814
65 171 3 100 37240 0.004814
152 70 3 100 3229 0.004814
360 292 3 100 300621 0.004814
282 376 3 100 264382 0.004814
301 114 3 100 4595 0.004815
27 33 3 100 22812 0.004815
377 242 3 100 274063 0.004815
164 115 3 100 7654 0.004815
208 262 3 100 24471 0.004815
272 265 3 100 12839 0.004816
305 353 3 100 396625 0.004816
347 367 3 100 10971 0.004816
48 393 3 100 15198 0.004816
70 83 3 100 32142 0.004816
235 86 3 100 30343 0.004817
41 370 3 100 358524 0.004817
137 33 3 100 11220 0.004817
390 107 3 100 24961 0.004818
318 90 3 100 39774 0.004818
346 190 3 100 2337 0.004818
218 271 3 100 394926 0.004818
333 331 3 100 421156 0.004818
160 245 3 100 45840 0.004818
20 387 3 100 1444 0.004818
240 242 3 100 32400 0.004818
298 164 3 100 37617 0.004819
372 361 3 100 91492 0.004819
218 237 3 100 23472 0.004819
189 207 3 100 44799 0.004819
329 259 3 100 21640 0.004820
352 347 3 100 39020 0.004820
403 117 3 100 33523 0.004820
30 114 3 100 20247 0.004820
86 72 3 100 2661 0.004821
224 53 3 100 34960 0.004821
126 255 3 100 36744 0.004821
335 312 3 100 163170 0.004821
89 159 3 100 8791 0.004821
51 135 3 100 36163 0.004821
169 325 3 100 39719 0.004821
370 351 3 100 43631 0.004821
381 210 3 100 33008 0.004821
333 221 3 100 4449 0.004821
390 127 3 100 4588 0.004821
42 377 3 100 278838 0.004821
376 291 3 100 265828 0.004821
383 255 3 100 13396 0.004822
259 76 3 100 22697 0.004822
259 397 3 100 14474 0.004822
52 199 3 100 36197 0.004822
391 377 3 100 5054 0.004822
202 26 3 100 19252 0.004822
313 398 3 100 25364 0.004823
333 271 3 100 38397 0.004823
75 118 3 100 16512 0.004823
104 348 3 100 18575 0.004823
234 344 3 100 45795 0.004824
231 344 3 100 13838 0.004824
105 346 3 100 325156 0.004824
362 309 3 100 94267 0.004824
178 159 3 100 16342 0.004824
61 26 3 100 44123 0.004824
359 145 3 100 35643 0.004824
214 47 3 100 408482 0.004824
204 177 3 100 199375 0.004825
281 299 3 100 5467 0.004825
189 305 3 100 7054 0.004825
318 223 3 100 31807 0.004825
338 140 3 100 421788 0.004825
32 149 3 100 33408 0.004825
121 95 3 100 40231 0.004825
280 335 3 100 36890 0.004827
206 29 3 100 274473 0.004827
258 219 3 100 19327 0.004827
185 234 3 100 24533 0.004827
175 71 3 100 413247 0.004827
314 86 3 100 348094 0.004828
297 280 3 100 43366 0.004828
109 120 3 100 11350 0.004828
403 255 3 100 30180 0.004828
133 390 3 100 3375 0.004828
341 87 3 100 26077 0.004828
389 301 3 100 36708 0.004828
137 132 3 100 15923 0.004828
82 312 3 100 23698 0.004829
71 69 3 100 34975 0.004829
164 329 3 100 44940 0.004829
320 346 3 100 37546 0.004829
292 323 3 100 34376 0.004830
348 245 3 100 33358 0.004830
28 154 3 100 14601 0.004830
216 107 3 100 8902 0.004830
217 106 3 100 34348 0.004830
97 377 3 100 38778 0.004830
33 354 3 100 43448 0.004830
374 32 3 100 1439 0.004830
228 245 3 100 402711 0.004831
302 74 3 100 19386 0.004831
274 58 3 100 31814 0.004831
299 137 3 100 9253 0.004831
77 322 3 100 25839 0.004831
270 349 3 100 3034 0.004832
280 217 3 100 18266 0.004832
351 358 3 100 313826 0.004832
45 169 3 100 9136 0.004832
145 400 3 100 7293 0.004832
368 304 3 100 12451 0.004832
261 382 3 100 39997 0.004832
62 309 3 100 443600 0.004833
244 24 3 100 20709 0.004833
339 121 3 100 45662 0.004833
344 378 3 100 293418 0.004833
40 103 3 100 206183 0.004833
370 41 3 100 27345 0.004834
178 333 3 100 19718 0.004834
272 29 3 100 44440 0.004834
376 184 3 100 17986 0.004834
231 401 3 100 20551 0.004834
378 200 3 100 18191 0.004834
265 215 3 100 33605 0.004835
125 282 3 100 12723 0.004835
147 118 3 100 58841 0.004835
22 273 3 100 25792 0.004835
213 320 3 100 5499 0.004836
85 30 3 100 4036 0.004836
232 287 3 100 39137 0.004836
249 269 3 100 43283 0.004837
135 277 3 100 14265 0.004837
340 201 3 100 22624 0.004838
344 331 3 100 27 0.004838
153 251 3 100 12084 0.004838
331 269 3 100 24412 0.004838
108 332 3 100 33475 0.004838
93 329 3 100 37916 0.004838
78 196 3 100 1328 0.004838
80 210 3 100 30288 0.004838
62 175 3 100 34799 0.004838
352 398 3 100 6708 0.004838
278 166 3 100 15157 0.004839
260 169 3 100 8033 0.004839
173 249 3 100 61 0.004839
89 373 3 100 3295 0.004839
330 200 3 100 12684 0.004839
393 189 3 100 39744 0.004839
164 27 3 100 446764 0.004839
309 217 3 100 38293 0.004840
61 366 3 100 23346 0.004841
391 144 3 100 318623 0.004841
341 302 3 100 156960 0.004841
296 265 3 100 9843 0.004841
50 298 3 100 6535 0.004841
145 42 3 100 39434 0.004842
119 66 3 100 170675 0.004842
217 306 3 100 25448 0.004842
181 34 3 100 5478 0.004842
331 346 3 100 129973 0.004842
398 178 3 100 27851 0.004842
47 161 3 100 42171 0.004842
153 242 3 100 42158 0.004843
81 117 3 100 44602 0.004843
238 148 3 100 6546 0.004843
378 59 3 100 19755 0.004844
190 249 3 100 12012 0.004844
330 26 3 100 306837 0.004844
152 360 3 100 48931 0.004844
178 254 3 100 11456 0.004844
46 274 3 100 43289 0.004844
211 369 3 100 34405 0.004845
114 292 3 100 16346 0.004845
95 336 3 100 38354 0.004845
253 392 3 100 21467 0.004845
263 198 3 100 44652 0.004845
33 281 3 100 38332 0.004845
188 394 3 100 11243 0.004845
32 330 3 100 8358 0.004845
344 118 3 100 37262 0.004845
134 309 3 100 234935 0.004845
183 96 3 100 364129 0.004845
113 141 3 100 19963 0.004845
139 238 3 100 37203 0.004846
278 174 3 100 407711 0.004846
195 241 3 100 13387 0.004846
104 23 3 100 1211 0.004846
348 47 3 100 37021 0.004846
276 383 3 100 1143 0.004847
176 263 3 100 307353 0.004847
118 120 3 100 12611 0.004847
38 255 3 100 35484 0.004847
52 224 3 100 18322 0.004847
363 297 3 100 41659 0.004848
232 262 3 100 183468 0.004848
78 313 3 100 39495 0.004848
238 342 3 100 38274 0.004849
205 295 3 100 19729 0.004849
306 64 3 100 36957 0.004849
106 94 3 100 38706 0.004849
357 254 3 100 16453 0.004849
159 109 3 100 209210 0.004850
302 307 3 100 35663 0.004850
208 115 3 100 39249 0.004850
343 374 3 100 15690 0.004850
154 189 3 100 27167 0.004850
97 108 3 100 24290 0.004851
74 78 3 100 28943 0.004851
25 36 3 100 34479 0.004851
336 120 3 100 33807 0.004851
395 43 3 100 220956 0.004851
246 212 3 100 9743 0.004852
213 327 3 100 4265 0.004852
235 175 3 100 202429 0.004853
176 43 3 100 297928 0.004853
104 376 3 100 22253 0.004853
387 252 3 100 14445 0.004854
153 214 3 100 6240 0.004854
284 207 3 100 12232 0.004855
218 329 3 100 44081 0.004855
64 367 3 100 14235 0.004855
301 314 3 100 3447 0.004855
132 24 3 100 4026 0.004856
282 135 3 100 37158 0.004856
351 109 3 100 40919 0.004856
203 282 3 100 18499 0.004856
357 202 3 100 226537 0.004856
249 290 3 100 37911 0.004856
169 353 3 100 402796 0.004856
400 22 3 100 35390 0.004856
143 126 3 100 1045 0.004857
183 358 3 100 17382 0.004857
348 89 3 100 29565 0.004857
329 268 3 100 118278 0.004858
386 44 3 100 514 0.004858
261 275 3 100 25633 0.004858
97 112 3 100 27317 0.004859
24 293 3 100 30778 0.004859
244 175 3 100 24494 0.004860
103 265 3 100 252308 0.004860
315 291 3 100 39717 0.004860
121 91 3 100 34168 0.004860
333 32 3 100 43090 0.004861
201 304 3 100 232349 0.004861
130 40 3 100 5840 0.004861
144 364 3 100 2271 0.004861
201 204 3 100 16013 0.004861
349 206 3 100 28924 0.004862
302 269 3 100 40966 0.004862
256 352 3 100 10735 0.004862
168 159 3 100 24468 0.004862
371 193 3 100 28550 0.004862
94 116 3 100 33439 0.004862
397 364 3 100 16877 0.004862
239 88 3 100 12184 0.004862
280 244 3 100 35193 0.004862
29 270 3 100 3848 0.004863
75 106 3 100 29145 0.004863
130 244 3 100 9025 0.004863
92 181 3 100 450477 0.004863
170 124 3 100 21114 0.004864
266 101 3 100 254727 0.004864
228 294 3 100 42625 0.004864
308 207 3 100 335936 0.004864
265 35 3 100 7285 0.004864
352 235 3 100 9810 0.004865
45 107 3 100 23067 0.004865
109 37 3 100 29367 0.004865
31 371 3 100 20325 0.004865
95 61 3 100 20380 0.004866
361 136 3 100 26110 0.004866
353 296 3 100 24195 0.004866
84 325 3 100 24679 0.004866
33 277 3 100 39948 0.004866
258 243 3 100 19014 0.004866
74 97 3 100 1483 0.004867
320 71 3 100 8872 0.004867
397 310 3 100 45879 0.004868
232 392 3 100 8969 0.004868
98 256 3 100 30199 0.004868
257 399 3 100 21635 0.004868
288 139 3 100 38476 0.004868
262 152 3 100 40396 0.004868
229 64 3 100 24377 0.004868
101 282 3 100 9866 0.004869
389 157 3 100 440450 0.004869
61 271 3 100 8739 0.004870
231 158 3 100 837 0.004871
313 114 3 100 56621 0.004871
178 153 3 100 45693 0.004871
42 335 3 100 16571 0.004871
99 131 3 100 45652 0.004871
87 389 3 100 22718 0.004872
134 250 3 100 38686 0.004872
82 110 3 100 15608 0.004872
360 235 3 100 22326 0.004872
133 264 3 100 25683 0.004872
101 45 3 100 7818 0.004872
138 329 3 100 40805 0.004872
395 268 3 100 14602 0.004872
141 232 3 100 40980 0.004872
395 91 3 100 7544 0.004872
86 241 3 100 7627 0.004873
165 356 3 100 27901 0.004873
302 149 3 100 9355 0.004873
54 340 3 100 4948 0.004873
127 237 3 100 144175 0.004874
353 156 3 100 41260 0.004874
304 119 3 100 20417 0.004874
287 96 3 100 26902 0.004874
387 313 3 100 282734 0.004874
134 112 3 100 3074 0.004875
164 340 3 100 2719 0.004875
211 248 3 100 12548 0.004875
75 304 3 100 29110 0.004876
265 298 3 100 50045 0.004876
28 369 3 100 15833 0.004876
89 80 3 100 41060 0.004876
162 327 3 100 317148 0.004877
206 207 3 100 13641 0.004877
166 292 3 100 12271 0.004877
124 356 3 100 442448 0.004877
259 248 3 100 27703 0.004877
193 192 3 100 17204 0.004877
108 221 3 100 22963 0.004877
252 52 3 100 11865 0.004878
397 176 3 100 301216 0.004878
93 149 3 100 232893 0.004878
137 205 3 100 1162 0.004879
363 34 3 100 43114 0.004879
57 186 3 100 15026 0.004879
395 229 3 100 41145 0.004879
50 312 3 100 18787 0.004879
69 30 3 100 33801 0.004880
155 320 3 100 19830 0.004880
282 168 3 100 18221 0.004880
76 106 3 100 422759 0.004880
307 125 3 100 224504 0.004880
382 343 3 100 8142 0.004880
202 142 3 100 28579 0.004880
305 82 3 100 424475 0.004881
163 237 3 100 13014 0.004881
255 215 3 100 172 0.004881
333 90 3 100 18397 0.004881
401 35 3 100 367270 0.004881
403 268 3 100 44089 0.004881
88 82 3 100 13636 0.004881
38 279 3 100 45543 0.004881
86 236 3 100 28121 0.004881
180 63 3 100 7697 0.004882
358 161 3 100 214286 0.004882
88 72 3 100 43955 0.004882
49 125 3 100 30381 0.004882
233 32 3 100 27601 0.004882
327 168 3 100 44067 0.004883
365 196 3 100 19282 0.004883
210 256 3 100 27146 0.004883
169 398 3 100 30373 0.004883
55 135 3 100 18948 0.004884
398 196 3 100 27138 0.004884
261 308 3 100 397373 0.004884
260 398 3 100 4928 0.004885
349 235 3 100 20980 0.004885
124 140 3 100 39910 0.004885
172 338 3 100 20192 0.004885
301 86 3 100 144466 0.004885
401 372 3 100 44680 0.004885
87 133 3 100 8435 0.004885
209 354 3 100 453521 0.004886
258 320 3 100 6368 0.004886
67 201 3 100 437579 0.004887
161 49 3 100 33537 0.004887
150 65 3 100 27578 0.004887
215 245 3 100 22232 0.004887
242 334 3 100 37265 0.004887
321 127 3 100 184948 0.004887
149 196 3 100 35057 0.004888
243 215 3 100 5188 0.004888
217 336 3 100 24334 0.004888
37 26 3 100 2722 0.004888
76 388 3 100 378344 0.004889
249 283 3 100 402592 0.004889
49 274 3 100 224103 0.004889
299 325 3 100 36410 0.004889
369 300 3 100 3901 0.004889
216 87 3 100 10351 0.004889
349 148 3 100 5399 0.004889
98 367 3 100 239406 0.004890
315 126 3 100 43943 0.004890
235 313 3 100 32882 0.004890
36 287 3 100 29737 0.004890
105 40 3 100 9955 0.004891
208 181 3 100 13822 0.004891
280 252 3 100 30607 0.004891
205 309 3 100 34149 0.004891
162 232 3 100 6348 0.004891
354 320 3 100 21597 0.004891
393 254 3 100 43973 0.004891
318 119 3 100 10529 0.004892
339 95 3 100 254140 0.004892
24 319 3 100 23601 0.004892
224 267 3 100 8500 0.004892
209 317 3 100 183636 0.004892
402 251 3 100 395509 0.004892
108 391 3 100 35565 0.004892
48 238 3 100 7634 0.004892
195 172 3 100 17375 0.004892
363 321 3 100 45836 0.004892
381 390 3 100 24536 0.004892
183 262 3 100 227232 0.004892
221 361 3 100 25092 0.004893
159 89 3 100 37744 0.004893
77 311 3 100 34275 0.004893
199 161 3 100 424035 0.004893
262 250 3 100 27512 0.004894
351 393 3 100 19965 0.004894
333 193 3 100 13274 0.004894
212 301 3 100 21448 0.004894
33 270 3 100 12142 0.004895
382 268 3 100 16664 0.004895
250 67 3 100 1455 0.004895
269 21 3 100 3473 0.004896
364 296 3 100 113671 0.004896
142 82 3 100 19103 0.004896
50 142 3 100 448171 0.004896
242 32 3 100 31031 0.004897
357 305 3 100 26193 0.004897
209 221 3 100 29306 0.004897
49 235 3 100 32461 0.004897
283 146 3 100 36361 0.004897
193 262 3 100 309117 0.004897
214 193 3 100 45178 0.004897
167 42 3 100 36485 0.004898
83 262 3 100 27445 0.004898
307 85 3 100 21789 0.004898
145 155 3 100 189288 0.004898
195 295 3 100 420944 0.004899
389 283 3 100 43801 0.004899
250 56 3 100 19647 0.004900
28 203 3 100 338188 0.004900
21 385 3 100 43054 0.004900
244 361 3 100 37520 0.004900
104 134 3 100 41284 0.004900
255 114 3 100 12972 0.004900
318 25 3 100 17128 0.004901
188 128 3 100 14741 0.004901
91 285 3 100 106996 0.004901
313 164 3 100 24470 0.004901
106 31 3 100 7477 0.004902
134 289 3 100 5258 0.004902
185 129 3 100 44828 0.004902
358 214 3 100 28309 0.004902
295 110 3 100 275971 0.004902
174 320 3 100 45392 0.004902
274 24 3 100 17788 0.004902
337 151 3 100 30959 0.004902
268 362 3 100 24676 0.004902
214 355 3 100 1592 0.004902
33 143 3 100 32705 0.004903
139 31 3 100 7167 0.004903
342 205 3 100 15297 0.004903
32 232 3 100 28261 0.004904
247 170 3 100 2851 0.004904
50 250 3 100 1408 0.004904
384 125 3 100 21299 0.004904
193 62 3 100 40959 0.004904
202 278 3 100 1565 0.004905
102 133 3 100 407022 0.004905
58 44 3 100 34170 0.004905
309 104 3 100 13570 0.004905
308 201 3 100 203286 0.004906
101 132 3 100 42997 0.004906
180 285 3 100 33726 0.004906
33 261 3 100 156603 0.004906
317 209 3 100 7647 0.004906
36 311 3 100 13241 0.004906
305 337 3 100 137427 0.004906
248 355 3 100 1850 0.004906
140 212 3 100 16585 0.004907
249 121 3 100 39016 0.004907
180 262 3 100 14227 0.004907
52 374 3 100 45728 0.004907
401 26 3 100 28020 0.004908
170 62 3 100 41832 0.004908
299 239 3 100 27492 0.004908
302 318 3 100 149562 0.004908
107 285 3 100 41452 0.004908
160 394 3 100 20843 0.004909
234 34 3 100 80458 0.004909
242 316 3 100 45291 0.004909
174 26 3 100 43758 0.004909
85 186 3 100 44973 0.004910
128 180 3 100 31570 0.004910
316 369 3 100 6802 0.004910
26 70 3 100 29765 0.004910
145 374 3 100 338253 0.004910
322 328 3 100 7862 0.004910
99 98 3 100 26540 0.004910
163 157 3 100 8439 0.004910
305 50 3 100 16576 0.004911
322 399 3 100 1795 0.004911
38 185 3 100 38475 0.004911
106 173 3 100 14546 0.004911
359 367 3 100 5378 0.004911
30 347 3 100 36482 0.004911
156 114 3 100 30379 0.004911
181 150 3 100 42671 0.004912
95 29 3 100 45152 0.004912
112 211 3 100 40514 0.004912
160 123 3 100 377255 0.004912
33 31 3 100 42039 0.004912
346 257 3 100 29641 0.004912
357 203 3 100 44419 0.004912
333 372 3 100 44280 0.004912
176 105 3 100 937 0.004912
190 276 3 100 42617 0.004912
276 56 3 100 439 0.004913
120 398 3 100 28965 0.004913
238 152 3 100 305261 0.004913
239 123 3 100 14795 0.004913
273 26 3 100 2414 0.004913
316 390 3 100 18893 0.004913
209 357 3 100 33649 0.004913
223 351 3 100 31487 0.004914
275 25 3 100 13196 0.004914
59 197 3 100 105149 0.004914
99 392 3 100 30627 0.004914
119 55 3 100 43228 0.004914
166 261 3 100 20655 0.004914
32 403 3 100 27040 0.004914
109 229 3 100 41825 0.004914
177 196 3 100 6320 0.004915
170 101 3 100 35672 0.004915
134 23 3 100 19716 0.004916
20 200 3 100 33750 0.004916
211 76 3 100 448155 0.004916
340 331 3 100 8263 0.004916
214 339 3 100 327870 0.004916
396 366 3 100 10649 0.004916
64 236 3 100 9530 0.004916
61 55 3 100 16239 0.004917
313 398 3 100 8632 0.004917
273 21 3 100 28251 0.004917
199 251 3 100 1074 0.004917
269 283 3 100 44634 0.004917
28 284 3 100 33784 0.004917
222 50 3 100 37234 0.004917
89 233 3 100 25273 0.004918
44 145 3 100 192375 0.004918
236 220 3 100 3122 0.004918
341 382 3 100 22086 0.004918
151 270 3 100 41189 0.004918
199 325 3 100 19251 0.004918
319 280 3 100 6269 0.004919
272 44 3 100 8144 0.004919
353 217 3 100 392088 0.004919
55 101 3 100 32134 0.004919
256 374 3 100 22181 0.004919
77 139 3 100 7512 0.004919
316 82 3 100 55207 0.004920
321 158 3 100 38723 0.004920
370 330 3 100 25789 0.004920
31 123 3 100 11681 0.004920
264 182 3 100 6911 0.004920
357 33 3 100 39322 0.004920
249 132 3 100 18920 0.004920
130 358 3 100 37574 0.004920
192 62 3 100 375168 0.004920
63 262 3 100 18779 0.004920
111 69 3 100 17572 0.004920
49 108 3 100 43777 0.004920
379 289 3 100 7987 0.004920
55 341 3 100 26848 0.004921
242 53 3 100 33793 0.004921
82 198 3 100 307088 0.004921
176 34 3 100 18593 0.004921
346 237 3 100 421441 0.004921
280 384 3 100 20215 0.004921
61 366 3 100 2896 0.004921
113 219 3 100 7088 0.004921
247 72 3 100 14000 0.004922
109 362 3 100 385470 0.004922
85 204 3 100 6408 0.004922
302 173 3 100 34818 0.004922
159 218 3 100 39353 0.004923
221 219 3 100 179718 0.004923
179 178 3 100 8595 0.004923
148 389 3 100 11403 0.004923
21 205 3 100 14886 0.004923
88 123 3 100 32613 0.004923
220 290 3 100 42877 0.004923
243 364 3 100 7684 0.004924
160 54 3 100 122138 0.004924
216 213 3 100 17737 0.004924
24 68 3 100 45432 0.004925
87 99 3 100 36526 0.004925
390 266 3 100 176374 0.004925
300 344 3 100 9115 0.004925
395 252 3 100 23445 0.004926
73 265 3 100 23105 0.004926
353 93 3 100 2094 0.004926
45 179 3 100 103822 0.004927
53 105 3 100 85762 0.004927
25 393 3 100 66940 0.004927
257 290 3 100 124402 0.004927
278 164 3 100 16826 0.004927
329 114 3 100 15989 0.004927
346 226 3 100 30348 0.004927
77 84 3 100 38707 0.004927
364 288 3 100 9404 0.004928
268 245 3 100 236372 0.004928
164 190 3 100 14287 0.004928
375 328 3 100 37781 0.004928
217 78 3 100 248675 0.004928
321 181 3 100 355079 0.004928
112 109 3 100 131992 0.004928
97 369 3 100 16403 0.004929
109 157 3 100 23989 0.004929
378 95 3 100 454347 0.004929
82 30 3 100 231594 0.004929
139 223 3 100 8117 0.004929
338 197 3 100 177029 0.004929
287 32 3 100 41900 0.004930
225 358 3 100 45992 0.004931
80 168 3 100 239971 0.004931
121 403 3 100 245145 0.004931
178 285 3 100 22607 0.004931
77 318 3 100 32077 0.004931
220 277 3 100 2861 0.004931
170 252 3 100 401902 0.004932
304 360 3 100 4182 0.004932
131 221 3 100 393318 0.004932
59 296 3 100 6715 0.004932
245 304 3 100 111852 0.004932
153 372 3 100 217522 0.004932
295 355 3 100 7742 0.004933
338 215 3 100 289893 0.004933
45 353 3 100 21115 0.004933
352 208 3 100 10525 0.004933
40 223 3 100 31956 0.004933
313 199 3 100 2696 0.004934
278 342 3 100 6175 0.004934
94 296 3 100 24045 0.004934
348 210 3 100 257654 0.004934
74 87 3 100 21897 0.004934
138 31 3 100 21894 0.004934
308 397 3 100 43549 0.004935
320 239 3 100 456822 0.004935
343 48 3 100 15992 0.004935
148 115 3 100 23768 0.004936
49 47 3 100 3725 0.004936
317 288 3 100 8076 0.004936
328 128 3 100 307405 0.004936
193 304 3 100 41115 0.004936
391 202 3 100 266186 0.004937
335 44 3 100 38642 0.004937
301 275 3 100 4156 0.004937
143 111 3 100 18795 0.004937
226 49 3 100 359774 0.004937
50 142 3 100 228462 0.004937
169 381 3 100 177475 0.004937
376 41 3 100 41117 0.004937
399 396 3 100 5403 0.004938
86 357 3 100 38328 0.004938
114 401 3 100 223740 0.004938
329 258 3 100 7280 0.004939
329 103 3 100 25982 0.004939
51 65 3 100 11258 0.004939
220 368 3 100 11572 0.004939
290 402 3 100 11565 0.004939
343 113 3 100 311170 0.004939
314 403 3 100 42069 0.004939
152 145 3 100 1454 0.004939
195 289 3 100 21553 0.004940
320 62 3 100 18851 0.004940
285 252 3 100 32845 0.004940
401 173 3 100 36366 0.004940
389 304 3 100 5749 0.004940
227 382 3 100 21925 0.004940
206 387 3 100 39105 0.004940
172 176 3 100 28930 0.004940
90 275 3 100 28448 0.004940
309 278 3 100 182556 0.004940
115 242 3 100 21948 0.004941
73 226 3 100 37345 0.004941
47 179 3 100 27937 0.004941
59 20 3 100 21922 0.004941
125 95 3 100 25197 0.004941
129 328 3 100 22876 0.004941
89 364 3 100 185394 0.004942
217 25 3 100 21297 0.004942
67 272 3 100 38975 0.004942
263 92 3 100 44883 0.004942
367 234 3 100 40298 0.004942
316 354 3 100 139024 0.004943
174 128 3 100 19782 0.004943
143 58 3 100 36087 0.004943
355 258 3 100 29297 0.004943
61 254 3 100 33905 0.004944
104 358 3 100 27337 0.004944
329 232 3 100 36266 0.004944
136 324 3 100 5707 0.004944
84 119 3 100 26652 0.004944
72 187 3 100 3407 0.004944
250 216 3 100 30510 0.004944
108 383 3 100 341834 0.004944
199 315 3 100 15536 0.004944
21 171 3 100 391896 0.004945
77 338 3 100 22382 0.004945
386 130 3 100 1932 0.004945
175 94 3 100 39938 0.004945
215 117 3 100 32959 0.004945
284 244 3 100 35646 0.004945
346 259 3 100 45515 0.004945
190 70 3 100 1041 0.004946
104 98 3 100 23378 0.004947
190 248 3 100 150113 0.004947
353 162 3 100 45535 0.004947
296 371 3 100 11877 0.004947
144 42 3 100 21495 0.004947
101 235 3 100 17910 0.004948
273 102 3 100 33988 0.004948
86 184 3 100 387122 0.004948
87 400 3 100 7862 0.004948
31 124 3 100 28634 0.004948
261 109 3 100 43164 0.004949
304 175 3 100 7174 0.004949
393 59 3 100 423476 0.004949
237 118 3 100 43681 0.004949
86 120 3 100 301778 0.004949
397 312 3 100 20684 0.004949
375 268 3 100 33085 0.004950
184 305 3 100 23878 0.004950
201 186 3 100 1090 0.004950
346 202 3 100 39748 0.004951
50 211 3 100 39402 0.004951
106 353 3 100 39762 0.004952
143 120 3 100 103281 0.004952
239 161 3 100 36411 0.004952
250 63 3 100 11009 0.004952
212 120 3 100 15641 0.004952
356 272 3 100 3135 0.004952
285 209 3 100 203092 0.004953
141 221 3 100 15442 0.004953
235 392 3 100 1796 0.004953
172 27 3 100 41286 0.004953
78 245 3 100 19646 0.004953
379 312 3 100 48873 0.004953
210 184 3 100 32719 0.004954
305 217 3 100 792 0.004954
374 116 3 100 11714 0.004955
106 230 3 100 219176 0.004955
158 154 3 100 21650 0.004955
223 341 3 100 128499 0.004955
82 398 3 100 11460 0.004955
279 177 3 100 33921 0.004956
67 63 3 100 26231 0.004956
182 79 3 100 28865 0.004956
251 196 3 100 3369 0.004956
55 265 3 100 35464 0.004956
133 336 3 100 22193 0.004956
262 151 3 100 147889 0.004956
52 323 3 100 17488 0.004956
340 288 3 100 40083 0.004956
368 168 3 100 18676 0.004956
149 276 3 100 26383 0.004956
119 58 3 100 23951 0.004957
271 287 3 100 373706 0.004957
355 388 3 100 38410 0.004957
291 162 3 100 20765 0.004957
402 185 3 100 6483 0.004957
257 54 3 100 438125 0.004957
191 196 3 100 43612 0.004957
85 400 3 100 31986 0.004958
30 219 3 100 43993 0.004958
137 169 3 100 22212 0.004958
324 171 3 100 74322 0.004958
368 261 3 100 33870 0.004958
24 307 3 100 115208 0.004958
364 45 3 100 18951 0.004958
57 27 3 100 39057 0.004958
104 327 3 100 35184 0.004959
178 99 3 100 452170 0.004959
395 403 3 100 18243 0.004959
136 107 3 100 267432 0.004959
247 271 3 100 346891 0.004959
56 343 3 100 26106 0.004960
173 289 3 100 78716 0.004960
34 400 3 100 37291 0.004960
316 309 3 100 22907 0.004960
204 53 3 100 27509 0.004960
373 267 3 100 36199 0.004960
74 334 3 100 285545 0.004961
32 41 3 100 42077 0.004961
61 78 3 100 181977 0.004961
361 86 3 100 3851 0.004961
396 139 3 100 11659 0.004961
327 120 3 100 4008 0.004961
94 391 3 100 363623 0.004961
72 286 3 100 34385 0.004961
212 59 3 100 2874 0.004961
77 402 3 100 1769 0.004962
21 316 3 100 10348 0.004962
312 126 3 100 19389 0.004962
179 267 3 100 302431 0.004962
166 127 3 100 27701 0.004962
312 30 3 100 140123 0.004962
394 287 3 100 24853 0.004962
229 98 3 100 44617 0.004963
53 365 3 100 15266 0.004963
138 361 3 100 34947 0.004963
145 95 3 100 3816 0.004963
261 297 3 100 315164 0.004963
69 52 3 100 83481 0.004963
110 62 3 100 403118 0.004963
219 93 3 100 44554 0.004963
81 195 3 100 18068 0.004964
77 37 3 100 40613 0.004964
397 237 3 100 30256 0.004964
383 348 3 100 8014 0.004964
339 64 3 100 33228 0.004965
101 162 3 100 28406 0.004965
202 157 3 100 344730 0.004965
253 355 3 100 9776 0.004965
337 83 3 100 5248 0.004965
146 243 3 100 37687 0.004965
365 29 3 100 42741 0.004965
222 228 3 100 18729 0.004966
268 189 3 100 26249 0.004966
372 198 3 100 28947 0.004966
324 27 3 100 42879 0.004966
367 80 3 100 14608 0.004966
24 364 3 100 37494 0.004966
179 204 3 100 23430 0.004966
243 114 3 100 31515 0.004966
374 169 3 100 16853 0.004967
101 273 3 100 36335 0.004967
111 38 3 100 1591 0.004967
336 99 3 100 408796 0.004967
251 170 3 100 35659 0.004967
275 138 3 100 29456 0.004967
72 149 3 100 21997 0.004967
362 276 3 100 47741 0.004967
76 82 3 100 21507 0.004967
145 380 3 100 419101 0.004968
391 189 3 100 34279 0.004968
43 246 3 100 360544 0.004968
271 157 3 100 38720 0.004968
258 305 3 100 14184 0.004968
24 259 3 100 18690 0.004968
285 296 3 100 40121 0.004969
277 86 3 100 15580 0.004969
96 370 3 100 32213 0.004970
270 210 3 100 10730 0.004970
255 168 3 100 411976 0.004970
163 165 3 100 11508 0.004970
122 248 3 100 617 0.004970
54 296 3 100 8511 0.004971
253 82 3 100 23512 0.004971
72 75 3 100 29290 0.004971
281 131 3 100 36312 0.004971
148 238 3 100 44602 0.004971
143 342 3 100 22977 0.004971
87 116 3 100 88466 0.004971
38 381 3 100 34112 0.004971
68 243 3 100 54706 0.004971
389 118 3 100 18683 0.004971
381 193 3 100 42189 0.004971
382 50 3 100 329622 0.004972
288 367 3 100 18789 0.004972
353 373 3 100 1543 0.004972
314 328 3 100 210124 0.004972
309 234 3 100 38095 0.004973
170 363 3 100 20095 0.004973
251 236 3 100 1465 0.004973
398 75 3 100 4955 0.004973
197 196 3 100 2378 0.004973
246 78 3 100 7071 0.004973
149 183 3 100 11081 0.004973
65 129 3 100 39796 0.004973
250 186 3 100 28323 0.004973
161 335 3 100 374811 0.004974
171 56 3 100 13490 0.004974
61 289 3 100 9188 0.004974
41 21 3 100 242066 0.004975
262 46 3 100 275561 0.004975
82 343 3 100 12346 0.004975
338 224 3 100 29874 0.004975
305 171 3 100 7473 0.004975
340 226 3 100 322541 0.004976
237 86 3 100 320852 0.004976
86 305 3 100 26891 0.004976
53 403 3 100 24789 0.004976
159 91 3 100 428846 0.004977
51 257 3 100 255261 0.004977
346 161 3 100 31079 0.004977
364 382 3 100 19386 0.004978
114 244 3 100 37821 0.004978
213 395 3 100 20593 0.004978
294 211 3 100 45910 0.004978
312 234 3 100 43760 0.004978
45 306 3 100 43763 0.004978
396 204 3 100 7588 0.004978
277 86 3 100 24819 0.004978
329 365 3 100 16413 0.004979
36 221 3 100 27709 0.004979
97 339 3 100 28551 0.004980
368 271 3 100 33960 0.004980
61 205 3 100 195088 0.004980
76 285 3 100 2730 0.004981
61 169 3 100 4145 0.004981
400 245 3 100 187635 0.004981
220 260 3 100 174410 0.004981
273 215 3 100 1743 0.004981
397 160 3 100 34688 0.004981
397 306 3 100 17088 0.004982
294 138 3 100 245528 0.004982
242 58 3 100 29508 0.004982
296 225 3 100 25570 0.004982
224 195 3 100 324035 0.004982
47 289 3 100 1163 0.004983
355 190 3 100 28752 0.004983
392 179 3 100 400637 0.004983
77 220 3 100 424007 0.004983
341 277 3 100 141045 0.004983
96 279 3 100 24269 0.004983
297 172 3 100 7287 0.004984
108 366 3 100 3394 0.004984
162 53 3 100 2696 0.004984
95 72 3 100 28036 0.004984
277 360 3 100 37306 0.004984
271 285 3 100 16741 0.004985
250 77 3 100 45152 0.004985
47 366 3 100 34021 0.004985
229 385 3 100 403297 0.004985
210 192 3 100 14022 0.004985
361 210 3 100 15584 0.004986
226 386 3 100 89 0.004986
227 363 3 100 32713 0.004986
353 175 3 100 16168 0.004986
286 316 3 100 40197 0.004987
54 322 3 100 8223 0.004987
357 340 3 100 31588 0.004987
335 38 3 100 263592 0.004987
381 361 3 100 30572 0.004987
168 376 3 100 34093 0.004987
318 256 3 100 25679 0.004987
326 378 3 100 11308 0.004988
71 241 3 100 5048 0.004988
149 56 3 100 41059 0.004988
153 149 3 100 45382 0.004988
251 328 3 100 289968 0.004988
147 195 3 100 3873 0.004988
177 132 3 100 26842 0.004988
140 61 3 100 310105 0.004989
61 104 3 100 7718 0.004989
104 261 3 100 47559 0.004989
279 178 3 100 9300 0.004989
150 217 3 100 252595 0.004989
309 401 3 100 36364 0.004989
291 302 3 100 14281 0.004989
117 214 3 100 33334 0.004989
41 151 3 100 40683 0.004989
372 209 3 100 9015 0.004989
145 149 3 100 12188 0.004989
228 284 3 100 11518 0.004990
341 119 3 100 195849 0.004990
124 270 3 100 19957 0.004990
158 340 3 100 236599 0.004990
206 372 3 100 19162 0.004991
400 294 3 100 33989 0.004991
109 396 3 100 19144 0.004991
250 36 3 100 22512 0.004991
281 207 3 100 34493 0.004991
244 354 3 100 43098 0.004991
197 176 3 100 265348 0.004991
328 155 3 100 12496 0.004991
393 244 3 100 34921 0.004992
164 60 3 100 23832 0.004992
286 361 3 100 663 0.004992
322 314 3 100 43312 0.004992
208 197 3 100 24968 0.004992
257 82 3 100 24513 0.004992
348 186 3 100 27986 0.004992
154 241 3 100 39902 0.004993
131 155 3 100 39555 0.004993
352 360 3 100 22593 0.004993
294 44 3 100 1183 0.004993
220 147 3 100 26785 0.004993
350 223 3 100 312783 0.004993
56 133 3 100 40288 0.004994
57 65 3 100 20105 0.004994
48 304 3 100 156743 0.004995
402 378 3 100 105624 0.004995
251 300 3 100 183191 0.004995
392 249 3 100 38347 0.004995
67 357 3 100 43835 0.004995
319 159 3 100 35695 0.004995
141 303 3 100 271806 0.004996
111 276 3 100 191771 0.004996
144 122 3 100 414314 0.004996
338 253 3 100 3320 0.004997
347 98 3 100 7268 0.004997
304 400 3 100 18341 0.004997
102 58 3 100 26849 0.004998
161 66 3 100 43590 0.004998
37 185 3 100 88256 0.004998
251 379 3 100 20952 0.004998
105 215 3 100 41095 0.004998
134 370 3 100 42041 0.004999
358 250 3 100 12683 0.004999
250 108 3 100 320294 0.004999
76 32 3 100 125913 0.004999
30 203 3 100 12420 0.004999
178 63 3 100 31525 0.004999
393 332 3 100 364788 0.005000
53 138 3 100 9255 0.005000
43 400 3 100 17663 0.005000
110 232 3 100 294763 0.005000
